id_tramo,lon_mid,lat_mid,dist_ingemmet_km,ingemmet_c5km,dist_peajes_km,dist_cinemometros_km,cinemometros_c2km,cinemometros_c10km
0,-76.66109511449991,-7.882852206499933,1.487118597245455,9.0,179.6043307401032,232.21456071976027,0.0,0.0
1,-76.67319372849991,-7.65069434849994,0.6128576807973033,18.0,154.99579949640693,241.8743882737437,0.0,0.0
2,-71.05011674199994,-17.551660157999947,6.50131081165792,0.0,21.827626227688498,3.6246851594308205,0.0,563.0
3,-75.5114726299999,-13.588795006499936,0.2649382718938132,13.0,6.464977529906885,70.12766120695635,0.0,0.0
4,-76.06320821849994,-13.407511873999937,5.6928138968273645,0.0,15.185862982852337,22.344494569840847,0.0,0.0
5,-71.40997596049993,-16.05403083749991,2.552282815728548,2.0,0.4554456784294429,36.400434074024254,0.0,0.0
6,-71.20252877399992,-16.342717940499938,5.975824734404207,0.0,38.95099486165241,51.991336214445866,0.0,0.0
7,-71.37130999999994,-16.39707999999993,0.7574899790717335,5.0,32.35578920949712,36.69019650997426,0.0,0.0
8,-71.27987826699993,-16.374498315999944,0.9248200458900337,8.0,38.09258701910232,44.84983503160326,0.0,0.0
9,-71.34853766499992,-16.386273997499927,0.7485959839665568,11.0,34.90628164388989,38.412292709434425,0.0,0.0
10,-69.80812562149993,-15.224683115499943,2.1187897711907486,5.0,87.4941849438433,48.870067102390564,0.0,0.0
11,-69.61710548799994,-15.297152062999913,6.00574621578816,0.0,86.96379005251585,59.804191886211456,0.0,0.0
12,-76.34424882199994,-8.327706289499929,2.566660376365791,4.0,202.35972104567819,250.18949489458947,0.0,0.0
13,-73.77096858299993,-15.031204008499941,1.8869854741451488,13.0,70.45066552085204,149.10483820038883,0.0,0.0
14,-78.80013343849993,-7.453233139999924,1.067645898987116,5.0,59.591191405764945,60.680284125807646,0.0,0.0
15,-76.05033225149992,-9.846076023999927,0.6479427328178549,28.0,36.53582079207274,193.3440479159562,0.0,0.0
16,-69.32983135749993,-15.470666073499928,3.16880333074775,1.0,76.11713393578147,74.91389205824227,0.0,0.0
17,-69.33068752449992,-15.449935912999933,4.5049875769805645,1.0,78.13011714084404,76.65788315782333,0.0,0.0
18,-79.94532489649993,-4.447196960499923,1.0996746131367283,11.0,84.78212086405392,98.5105476107871,0.0,0.0
19,-75.04533940049993,-11.685350682499944,0.5894716828193163,26.0,56.66460496993863,40.387725446185044,0.0,0.0
20,-77.90864624999992,-6.208560188499945,0.14458619509500722,44.0,31.840748839894104,208.0611885061976,0.0,0.0
21,-75.68867476999992,-12.282393509499911,0.6252199941834662,16.0,53.70284025974798,52.151110229030294,0.0,0.0
22,-76.08205604549994,-9.773228644999932,1.0154049264469154,22.0,42.82820775323928,201.64118099491154,0.0,0.0
23,-76.07846940499991,-9.685662630999929,0.9706257166040912,6.0,52.31541536676614,211.3310641650205,0.0,0.0
24,-76.07974275299992,-9.679218887499928,0.3695791255448257,6.0,52.976518381025784,212.0550022197735,0.0,0.0
25,-69.58629541599993,-14.691686021999914,2.8915139361619735,3.0,77.94439141403396,111.28688026131778,0.0,0.0
26,-75.17348028149993,-12.126134821999926,0.6809707525519436,8.0,6.1151372156621795,25.527289340944368,0.0,0.0
27,-70.2520804259999,-18.024461597499936,1.5463324641032183,8.0,37.11888987370556,102.77077726314971,0.0,0.0
28,-70.22434435899993,-18.000502439999934,1.5054468193701747,14.0,38.18375031624682,103.99107528929584,0.0,0.0
29,-76.19300394099992,-10.23192799249992,2.93605924012127,24.0,10.040563301671343,150.94899823563574,0.0,0.0
30,-75.07668970599994,-13.266111050499944,2.100062843031187,3.0,19.207516503452688,122.88791596650998,0.0,0.0
31,-75.22660741049992,-11.822958623499943,5.570926508263439,1.0,38.57293654486077,16.358279703463236,0.0,0.0
32,-76.13330685749992,-9.846468713499917,0.0633592337482932,53.0,33.53615289317083,193.48395677625967,0.0,0.0
33,-76.06582053449992,-9.664606408499935,0.7188349286473157,9.0,54.93116996443449,213.58528640561804,0.0,0.0
34,-76.0818519524999,-9.689623547999929,1.4906532230968488,6.0,51.79794069303223,210.91538905815867,0.0,0.0
35,-76.06094261049992,-9.658776382999946,0.4417172248007779,9.0,55.69703907248832,214.20319988005934,0.0,0.0
36,-71.67168452999991,-14.707243479499937,6.681473583513024,0.0,73.26246414773203,171.881714182676,0.0,0.0
37,-78.89272729799993,-6.096009093999953,0.5981771414668031,9.0,44.279139006612425,128.5213327377268,0.0,0.0
38,-78.83658081449991,-6.291070238999936,0.6639395436519615,10.0,61.0466288088072,116.78813772920019,0.0,0.0
39,-78.82364732449994,-6.39165420799992,0.9445948076440731,8.0,69.71752027601538,110.63513684707173,0.0,0.0
40,-78.86899206299995,-6.469277222499926,0.8270779968007759,17.0,71.87863485209378,101.44533798603476,0.0,0.0
41,-78.86316895699994,-6.459165395999946,0.9904521424340017,17.0,72.57299260714079,102.62657632238161,0.0,0.0
42,-78.84428861799992,-6.27215770549995,0.45024506913099055,10.0,59.05738083166833,117.60750576931436,0.0,0.0
43,-78.81464261449992,-6.38370510799993,1.1180508688561326,13.0,69.78460799112368,111.9633871454204,0.0,0.0
44,-78.81917060099991,-6.34931244449993,0.3981245201968101,9.0,66.77010739937525,113.97118873922325,0.0,0.0
45,-78.85082169999993,-6.25470960049995,0.2844229792094336,11.0,57.29117476411875,118.44234618662368,0.0,0.0
46,-78.85093866749995,-6.423756622499923,4.853183317910648,3.0,70.34778258917923,106.06639713073135,0.0,0.0
47,-78.89851526549992,-6.061905698499942,2.19215254615391,21.0,42.33105851268319,131.13156215313478,0.0,0.0
48,-78.87100412949991,-6.18121452449995,1.1239074298529919,9.0,50.794462893488564,122.81983971156069,0.0,0.0
49,-78.8307886094999,-6.31489143649992,1.6218823805240445,10.0,63.25242515027465,115.48665257235272,0.0,0.0
50,-72.37735076949991,-13.091161451999909,1.3938334845655,6.0,116.11226270825466,344.5029452435513,0.0,0.0
51,-71.14752237449994,-15.178408614999938,1.6157461123025416,3.0,69.27307605489048,98.83787071540164,0.0,0.0
52,-71.15013860049993,-15.216344493499946,0.9062909588075279,3.0,71.36289999431371,96.8646943077528,0.0,0.0
53,-77.70708688149992,-7.466801321499929,15.857696852059933,0.0,139.330920104285,157.20841058146345,0.0,0.0
54,-77.72357179699992,-7.50670269099993,13.332603448391785,0.0,135.75824618655028,152.79519414949075,0.0,0.0
55,-78.01013778949994,-8.15998864349993,1.611942896129279,6.0,92.45918237286367,84.81558404252551,0.0,0.0
56,-79.4023738514999,-7.30117922249994,2.5227904588138497,9.0,6.302369705367005,40.58229705583622,0.0,0.0
57,-71.79309377949991,-13.48540176949993,1.1634508992689274,5.0,111.25736468979738,285.74686998861625,0.0,0.0
58,-72.31818398849992,-13.129717641999918,1.2475844901867335,4.0,117.01396588197912,353.9956988771365,0.0,0.0
59,-72.29733848899991,-13.191545506999915,0.6576662914319598,7.0,113.630776555114,346.8160943444209,0.0,0.0
60,-71.97289947599992,-13.32430850749995,1.9908821141473239,5.0,128.54052036070576,311.39178806629604,0.0,0.0
61,-71.86239825999994,-13.420701994499922,0.5267243473787423,31.0,117.4754942650485,295.8574567920182,0.0,0.0
62,-74.99262359049993,-11.663309159499931,3.0613830829532396,12.0,60.96648019539336,46.61043952757518,0.0,0.0
63,-71.94077951999992,-13.487706953999918,0.26412274847868733,71.0,126.99025770996832,294.45563902352757,0.0,0.0
64,-77.16910594049992,-9.341445663999934,0.8355562310259657,15.0,64.91651836935604,122.87363470918199,0.0,0.0
65,-78.65318460249992,-8.751911867499928,8.048179134860654,0.0,36.31377479632694,2.1202832322527834,0.0,8133.0
66,-72.20351447299993,-16.39200251649993,4.062355624373101,8.0,43.874421307922994,30.699586638101856,0.0,0.0
67,-72.4225440399999,-16.50496748699993,3.548908006523239,1.0,26.877563585235865,23.0954159429346,0.0,0.0
68,-71.90787746049992,-16.475042047499926,0.7452688719575111,14.0,25.618775739516554,1.575678832548607,491.0,6715.0
69,-72.16357976499992,-16.367732624999945,1.0330299712405038,12.0,48.26833630736267,27.615008577310544,0.0,0.0
70,-72.22898129749993,-16.40747379599992,6.168442807215397,0.0,41.15061917091968,32.91964184598959,0.0,0.0
71,-72.13820002349993,-16.372978151999945,1.7456253216876905,13.0,49.17642539497381,24.910252741597624,0.0,0.0
72,-72.10580999899992,-16.38807149699994,3.143719024720931,5.0,46.34354778435072,21.069109636943026,0.0,0.0
73,-72.63210847599993,-16.646453955499936,3.0377391436395746,1.0,0.7038326991472666,6.872106572932664,0.0,104.0
74,-72.63016876999993,-16.595762704999913,6.135244563864345,0.0,5.557637650721421,1.2439516968497395,43.0,104.0
75,-72.62903591549991,-16.620671065999915,5.192255512375125,1.0,2.7908501486984263,3.9925366066694505,0.0,104.0
76,-72.4641157449999,-16.522861304999935,5.209478565821668,0.0,21.958124283297508,18.262522564870537,0.0,0.0
77,-72.02277332399993,-16.42461232949995,2.24630020972482,2.0,37.29047783374852,11.324953966138713,0.0,0.0
78,-72.18335701799992,-16.379756200999935,2.6271715616205276,8.0,46.07530052934992,29.074264968760993,0.0,0.0
79,-78.90617264599993,-8.291776746999915,2.8357390209335676,1.0,10.829894720596428,7.70014870160573,0.0,2876.0
80,-78.71196507599993,-7.251287867999935,1.4573895898821987,35.0,82.65552776029331,84.74314823407295,0.0,0.0
81,-75.78245120999995,-13.964645954999924,0.9895948143142976,1.0,13.885585430284069,47.96521727078151,0.0,0.0
82,-77.72014849999991,-10.667848499999934,2.814234388055242,3.0,11.422264028143246,7.313220966118081,0.0,568.0
83,-69.61570771049995,-14.60646801799993,3.619298417911967,2.0,73.50290131351,118.15444215329443,0.0,0.0
84,-72.81180016899995,-13.82179429699994,2.6311257066282128,4.0,27.250309657890043,266.34080867290754,0.0,0.0
85,-75.53602029699991,-10.21671640349993,4.716094992104255,5.0,72.71157807300698,158.61075007847052,0.0,0.0
86,-76.77585034449993,-10.632994111499954,0.4660700539887694,26.0,83.70579392714191,96.33784711677022,0.0,0.0
87,-76.86467595599993,-10.561129567999927,0.7277801849116793,11.0,86.74826505566645,95.37018727013954,0.0,0.0
88,-76.78489452299993,-10.613272573499955,0.4356090289489693,23.0,83.05763294071254,98.61319446353606,0.0,0.0
89,-81.01323078399992,-5.850059488499909,7.166918868690948,0.0,76.31597640127896,72.42295961494172,0.0,0.0
90,-79.00862206349993,-8.15300950449992,3.3734740232542237,2.0,23.444022404650365,1.1177475439132782,326.0,6589.0
91,-78.71132440349993,-8.489475954499937,3.400821546466049,2.0,20.54439528968913,2.4602094843040834,0.0,8036.0
92,-78.62870066749994,-8.948070393499933,3.8959039609690382,1.0,16.730511084318373,14.918019468562065,0.0,0.0
93,-76.73230131749992,-7.1667584969999325,0.9472471067364772,12.0,107.31262909173317,262.0148399302944,0.0,0.0
94,-76.74418756899993,-7.144116133499921,1.69808788265936,16.0,105.72099818151713,262.3328075722178,0.0,0.0
95,-69.27529777749993,-14.174646767999917,0.7333963152048021,11.0,117.80377733238933,177.82129545164355,0.0,0.0
96,-76.53357179949992,-7.046729609999943,1.658038697882785,3.0,86.30765225238953,287.6659748796198,0.0,0.0
97,-76.6206405449999,-7.072021475499923,0.7248351763408996,25.0,92.44859574167992,278.1146206327365,0.0,0.0
98,-76.30457155399992,-6.765919283499926,0.26649372413764366,24.0,50.49173668732869,326.19769013236936,0.0,0.0
99,-76.33575264699991,-6.548175311999927,1.054039780893788,31.0,26.91775176714775,338.1898243003568,0.0,0.0
100,-76.31679684199992,-6.5835518164999485,0.9162904982981757,36.0,30.41187803458869,337.348569729474,0.0,0.0
101,-76.31485566549992,-6.625827469999933,2.456804696334372,19.0,35.05236563712719,334.60913283131725,0.0,0.0
102,-79.81420388299995,-4.637459797999952,0.5088014035131406,12.0,72.75122589769708,102.43956077224476,0.0,0.0
103,-78.50495805049991,-7.207805109999924,1.6013008004018507,35.0,98.10109896440125,102.38955396089219,0.0,0.0
104,-72.18723825699993,-13.284763082999945,3.046775212615486,9.0,115.94925071961285,328.40326843957786,0.0,0.0
105,-71.92669124549994,-13.358871604999933,0.8139421609723829,8.0,123.73582514470668,305.42183837119563,0.0,0.0
106,-72.35215011999992,-13.112516190999912,1.3591967303159072,6.0,116.01687124017687,346.04980562891404,0.0,0.0
107,-72.26648387349994,-13.257460190499927,2.1067297848203084,9.0,111.13972959206194,338.9909335692032,0.0,0.0
108,-72.38920074949993,-13.07337508099991,0.5161240223414991,6.0,116.87761824022402,342.5904672902072,0.0,0.0
109,-71.88721597099993,-13.402395122499911,1.7009429909198033,18.0,119.90107956117974,299.0308469189086,0.0,0.0
110,-72.01350292849992,-13.31702877899994,2.4576201938574394,3.0,129.65037473981417,314.5269146238983,0.0,0.0
111,-71.73126651249993,-13.576777553999932,1.5303606574111337,13.0,107.33599194791856,273.58582957773376,0.0,0.0
112,-70.21326990849991,-14.325580592499932,0.9510655694480892,8.0,26.899341193077376,137.5702741006591,0.0,0.0
113,-69.36250070799991,-14.911104444499927,13.889439369242304,0.0,108.02450384575636,107.34271345284223,0.0,0.0
114,-69.68329481349994,-15.216098285499925,0.7024104678754083,5.0,95.90905765834637,59.08126891658955,0.0,0.0
115,-69.50234330499993,-15.100360089999924,2.672146637167432,2.0,104.80299659093666,82.2667615012797,0.0,0.0
116,-69.42205632949992,-15.06647079499993,9.047698677464671,0.0,109.95048428129314,91.3968517969534,0.0,0.0
117,-80.01852558449994,-4.589692148499921,3.5499373637496556,5.0,67.17458222965368,83.54792478595611,0.0,0.0
118,-79.2930546874999,-6.803301907499957,0.3927069520533865,22.0,23.121206854846157,41.818709087295176,0.0,0.0
119,-79.22983848299992,-6.808424937499922,0.45209036037433625,19.0,29.639383620029495,47.616152799690255,0.0,0.0
120,-77.19793288799991,-11.629053931999948,2.4731182705732557,10.0,13.279563998533845,1.3959000495355263,2.0,13090.0
121,-79.1594252109999,-6.852672092499944,3.758133577424528,2.0,38.75573776001248,52.901539082359186,0.0,0.0
122,-74.00076224049991,-13.814559562999932,3.6516060379401734,5.0,73.35414420326313,154.71391668147933,0.0,0.0
123,-71.14105600499991,-17.597723273999947,6.9512188942737225,0.0,11.03265013557482,3.7011518599086233,0.0,563.0
124,-78.51636454399994,-6.760999015999943,1.492362832061303,6.0,106.17345716743665,124.139908405237,0.0,0.0
125,-73.92770811249991,-13.890722472499931,0.38933044394388616,9.0,84.36543155581643,155.8827453237045,0.0,0.0
126,-78.52115344949993,-6.685499190999934,0.7612510701070404,10.0,102.80537188085009,125.72619854860785,0.0,0.0
127,-79.37656974749993,-7.348168372999908,1.4649498715330964,9.0,10.34053906327938,46.49762207962985,0.0,0.0
128,-73.85229751749992,-14.088150623499928,2.309920400013289,1.0,76.88252448728736,151.6265983655321,0.0,0.0
129,-77.19206719649992,-9.41933808549993,0.8176326058788306,15.0,55.97891371489605,118.62573231796388,0.0,0.0
130,-77.17344927249994,-9.379154792999941,1.0382765730246333,17.0,60.891765694046946,121.47855465353746,0.0,0.0
131,-78.57735977849993,-6.861663849999928,5.965108153587705,0.0,100.79824320616785,115.51859872798296,0.0,0.0
132,-77.07728172449993,-11.865263631999937,0.7513043904874532,49.0,14.949005212835951,13.845364078709594,0.0,0.0
133,-73.04531732599992,-13.694444594999936,0.06700223463096833,5.0,23.536659987793694,249.116211363567,0.0,0.0
134,-77.26047614949994,-11.591318466999923,2.4174663297673997,6.0,19.915449533579373,0.9230378385944028,7852.0,18454.0
135,-77.17979183499995,-9.402546215499939,0.2689727724126533,17.0,58.23868741705961,120.28604727515572,0.0,0.0
136,-78.7912603204999,-7.420545620499922,0.10241863021290075,5.0,63.079058397059704,64.21417723028607,0.0,0.0
137,-75.05558109299994,-12.284183501999934,1.3427127741918825,5.0,20.930964988308048,47.21067705395475,0.0,0.0
138,-79.12953937749992,-6.86960893199992,7.546252083560844,0.0,42.54565488622031,55.50873866509389,0.0,0.0
139,-77.18796399599992,-9.406107118999927,0.5515664437277624,16.0,57.50441804992437,119.33168877411218,0.0,0.0
140,-73.32192618499994,-15.340152229999944,0.7981561591845273,6.0,103.5174533378438,155.65097235560063,0.0,0.0
141,-73.33532800549995,-15.320695083499942,1.8623742790467244,9.0,105.21220062626837,158.2376646340329,0.0,0.0
142,-73.3992034179999,-15.262968593499949,1.6504074295265836,5.0,109.93081205921621,167.17040617785042,0.0,0.0
143,-80.47724724949992,-3.6035859239999297,0.4144514585147557,41.0,60.94007420835041,149.31188140791855,0.0,0.0
144,-78.78394160199994,-6.432605709999933,2.18145039780124,1.0,76.0408916020592,111.47264712105196,0.0,0.0
145,-79.88125562999991,-6.788765505499924,1.821251085524024,2.0,13.6488218989611,13.931203331878038,0.0,0.0
146,-79.19491680849993,-6.823666612999915,1.1874963522390152,9.0,33.85105949095952,50.38665915080866,0.0,0.0
147,-78.71094004099993,-6.510988643499928,4.019135139304334,2.0,85.38710818399001,113.74785275789408,0.0,0.0
148,-79.08141783349993,-7.743948631499933,2.9303789882281497,3.0,15.746581383578668,17.466344495424398,0.0,0.0
149,-74.0482931809999,-14.60357717949995,4.736786203165518,1.0,25.749722215489946,115.05248896884336,0.0,0.0
150,-73.87137057399994,-13.971795402499936,0.5701411547408286,17.0,86.45407827882238,156.06008159323184,0.0,0.0
151,-73.93159509749992,-14.216598904499932,2.4668552997235698,2.0,60.36706653907204,137.89253857337218,0.0,0.0
152,-77.15540599399992,-9.367132317999932,0.8173233977110871,24.0,62.94294533125724,123.69425252711927,0.0,0.0
153,-72.07221885049992,-13.313446007999943,2.656885769638054,11.0,124.42680928756867,318.48541842019534,0.0,0.0
154,-71.18448538399991,-17.625515328499944,4.572203690198463,3.0,5.552145400611827,9.231160196572812,0.0,50.0
155,-73.17352249999993,-3.593411499999945,1.6790634644471307,1.0,458.07454270237736,807.520634036092,0.0,0.0
156,-74.00160650249992,-13.33766243249994,2.671377946935267,4.0,32.60991929898915,192.65432240712795,0.0,0.0
157,-75.10565624649993,-15.297544317499927,7.578991022794676,0.0,3.5097526680971556,67.13791880175542,0.0,0.0
158,-79.69284349999992,-4.6135109999999315,0.5316003093015299,27.0,83.35784823784158,116.05290955295156,0.0,0.0
159,-79.93114963399992,-4.629687305499914,0.6428323813544747,14.0,66.70666304292686,90.55700203188937,0.0,0.0
160,-74.1643224844999,-13.18204398249992,0.6364482303127383,31.0,12.181980069137142,186.06412399714313,0.0,0.0
161,-77.11579456249993,-12.043058533999925,0.9197852666197683,12.0,32.98959812844327,30.735718878922036,0.0,0.0
162,-77.11551201899994,-12.047825095999912,1.4475500857263341,12.0,33.52019180765424,31.264221206969566,0.0,0.0
163,-77.69819413399992,-10.828046691499935,4.499975947636411,2.0,29.199533086947152,3.400285882708263,0.0,748.0
164,-78.80859938249992,-6.369616058999924,0.6581912920497044,13.0,69.16849540179687,113.45695482668388,0.0,0.0
165,-78.69837562999993,-6.2935033574999295,0.21770132575336024,11.0,61.16500671614501,128.26381667934496,0.0,0.0
166,-78.69440353649995,-6.2848639024999216,0.843368017966857,9.0,60.1779015096827,129.20210742800194,0.0,0.0
167,-78.69485314399992,-6.265404168499941,2.9325253056438165,2.0,58.02156044814636,130.51306767645653,0.0,0.0
168,-78.68954571999993,-6.273888434999947,2.1756620699856155,8.0,58.92847250910541,130.38042617235783,0.0,0.0
169,-78.69727180399991,-6.2570070404999285,3.8473922183149787,1.0,57.108092468396805,130.8955490549741,0.0,0.0
170,-78.71193560899991,-6.246936919499916,5.2029175527246725,1.0,56.13121893550882,130.36635452265438,0.0,0.0
171,-78.70865306349992,-6.253756991999921,4.372546729919244,1.0,56.850854033428796,130.15660772424047,0.0,0.0
172,-78.69735581049991,-6.2553263254999365,4.034098567018809,1.0,56.922331812752,131.00698947387042,0.0,0.0
173,-78.71811371299992,-6.202670599499925,3.420969569942746,2.0,51.31632444810453,133.08770941248062,0.0,0.0
174,-78.72280140399991,-6.159706507499948,0.8533800761472189,4.0,46.65258767078663,135.9553177211704,0.0,0.0
175,-78.71918187949993,-6.151548782999953,0.6472595078364289,4.0,45.69728578717942,136.87147383760217,0.0,0.0
176,-78.73186419599992,-6.09672180499993,1.3499835721056492,5.0,39.92348736242253,140.1822983299369,0.0,0.0
177,-78.81234497999992,-6.031522299499926,1.3027565246307355,16.0,36.028019361873355,139.68015563810934,0.0,0.0
178,-73.34565042449995,-15.293271101499926,1.0974933389825479,8.0,107.8827147286057,161.44704733929882,0.0,0.0
179,-73.24759653149991,-3.7278422679999323,0.5577939453040227,26.0,442.05879353033015,793.2564429226661,0.0,0.0
180,-72.90881097549993,-13.502514572999928,0.8755027053471688,4.0,47.35564683296782,272.18048986810527,0.0,0.0
181,-72.91564249549992,-13.484064342499948,0.4355744592890706,4.0,49.08290961964017,272.55189398176424,0.0,0.0
182,-72.89386767549993,-13.452055503499935,2.3017238362174273,4.0,53.189367328712045,276.3718657371814,0.0,0.0
183,-76.97119903949994,-9.203735455999919,1.1386209191522618,26.0,88.68321323965841,147.60295412165075,0.0,0.0
184,-77.01531018549994,-11.864853707999913,0.7490544615165063,55.0,19.116827990764175,18.601927113528173,0.0,0.0
185,-74.93096432449994,-15.259239256999933,11.611882074876283,0.0,22.64808193369187,65.86545749203955,0.0,0.0
186,-78.60710106449994,-6.897439316499941,4.476565964854864,1.0,98.36465785642943,111.77615946434143,0.0,0.0
187,-79.33750550849993,-7.31712444899992,0.7093349110975063,24.0,13.516832729876889,46.40491495824952,0.0,0.0
188,-80.65712808749993,-5.252699010999919,4.249440501786246,2.0,6.057725159610457,8.973718857884828,0.0,8.0
189,-77.2609602359999,-11.546784076499932,2.126450151854325,4.0,24.29865122767316,1.3285319296659899,1717.0,19386.0
190,-77.09694691549993,-9.366459479999918,1.750200003632279,23.0,66.0418195178711,129.98290016585523,0.0,0.0
191,-71.40806001349992,-15.524993117499918,0.5736754347918946,29.0,59.12939430259406,86.03766009151781,0.0,0.0
192,-79.69733497399992,-6.753423925499959,3.036029620261972,4.0,21.542938999678526,18.904145197777257,0.0,0.0
193,-78.52654822799994,-6.837564726999915,0.8619013605632095,1.0,105.91434630560828,121.45710199757384,0.0,0.0
194,-75.14952735849991,-15.336469728499935,4.642280883959552,1.0,3.194099524825897,71.56428350280969,0.0,0.0
195,-79.43427214599993,-6.661561646999928,0.8645036662454698,41.0,6.452409685994207,42.81754618262348,0.0,0.0
196,-69.57799525549993,-17.316373680499908,10.770959046325078,0.0,75.19904573385462,148.58591691962712,0.0,0.0
197,-69.54316192449991,-17.372174151499905,3.8834254059761433,1.0,82.32665268773034,155.277690460765,0.0,0.0
198,-71.36730612349993,-14.375288185999949,1.000531162370693,2.0,37.13438444715441,178.26912647833947,0.0,0.0
199,-80.96874378649991,-4.020587078499915,0.35319660647451045,5.0,11.385680709139036,105.6338992079743,0.0,0.0
200,-81.14252182199994,-4.331573255999928,1.3296432823723248,1.0,30.18555902556065,83.11461661734853,0.0,0.0
201,-80.4224026599999,-3.552618874999922,0.1784083192346887,17.0,69.2153754032557,155.95661997518903,0.0,0.0
202,-72.13598827849992,-14.286372677999935,2.281697350360478,2.0,107.14298104654253,224.06631217824943,0.0,0.0
203,-78.82012830099993,-7.293397668999916,0.6956144073644667,24.0,70.519981109369,74.80264172927724,0.0,0.0
204,-78.54816019999993,-6.842582138999944,2.1058476938248694,1.0,103.63480408781886,119.01406268979157,0.0,0.0
205,-78.55205409549993,-8.809511563499939,0.38837313350998215,10.0,26.91315531129781,10.877749945505663,0.0,2848.0
206,-79.81955860599993,-6.833883318499943,1.6012138203446706,16.0,20.471892184791503,6.261418682338912,0.0,994.0
207,-72.96807832499991,-13.69166881749993,0.22139600538837054,34.0,25.386500078022912,256.730327816182,0.0,0.0
208,-80.76880385849992,-5.419113517999932,2.579396119084215,2.0,22.249085295768737,19.242730452039112,0.0,0.0
209,-75.67402167749992,-13.331459836999954,0.27404665296824465,10.0,32.443124389741165,60.39804716885619,0.0,0.0
210,-75.78393931399992,-13.370728053499931,0.8523307990919718,8.0,34.89161593328093,47.94277178243253,0.0,0.0
211,-75.56486946949991,-13.827120054499915,0.7952395914067275,19.0,24.728853361556297,65.47066225970212,0.0,0.0
212,-79.46359215849992,-5.2719203374999495,0.7074364904174579,26.0,29.647660938854997,128.19250479593003,0.0,0.0
213,-79.51407867749992,-5.339907390499917,1.3889582778942868,7.0,20.97634716953107,122.44319318647793,0.0,0.0
214,-71.27023677349993,-15.022531246499938,6.549806569762155,0.0,66.39216394901783,119.52516401687917,0.0,0.0
215,-76.51614001649992,-11.398655306999927,0.9837794810839913,13.0,55.5961530576618,22.499878123622185,0.0,0.0
216,-76.61729456199993,-11.467978123999927,0.35044448121577226,46.0,45.845157075053784,9.242412707985807,0.0,1.0
217,-76.92444049699992,-11.699727575499935,1.2279049327921132,22.0,24.4702052845619,23.45144309404072,0.0,0.0
218,-76.65951151499993,-11.50255341399992,0.28825649749550036,75.0,42.59841891775631,4.168884268147398,0.0,1.0
219,-76.41922047699993,-11.124562310999949,1.228733746644852,5.0,62.79167158534968,51.222197133862096,0.0,0.0
220,-76.39186215349994,-11.065735902999933,2.0537623736030546,6.0,64.48662744725708,58.28091990074332,0.0,0.0
221,-71.64646716849992,-14.634783665999947,11.440205182800542,0.0,68.15290607209808,179.9734363459331,0.0,0.0
222,-76.77014558199991,-11.628585431499943,0.6584527206260271,35.0,37.46104096254188,16.756183722118813,0.0,0.0
223,-77.19006944699993,-11.492550092499954,2.1277212763406945,3.0,22.747435325960982,11.12765998891066,0.0,3619.0
224,-74.13383578249992,-13.036781392999927,0.7197159324699853,5.0,24.486519456309903,177.01642800224798,0.0,0.0
225,-76.57330921949992,-8.59784293049995,10.323782718077878,0.0,168.9900086146595,214.13293194869206,0.0,0.0
226,-77.12453054299993,-11.997542624999937,4.055004953972275,8.0,27.866423018523037,25.589269914653375,0.0,0.0
227,-77.1168069819999,-11.999761280999905,3.9125933672349698,10.0,28.187588727601167,25.96896348578334,0.0,0.0
228,-76.39993549449991,-8.402219379999934,6.205253712762614,0.0,194.7094963960256,241.0438718433001,0.0,0.0
229,-80.63650704499992,-4.823219569999907,1.7960860083861716,6.0,15.879447485073891,13.258253760250772,0.0,0.0
230,-71.38272599349995,-15.838112213499926,11.36093992105711,0.0,24.526663491893405,56.049647119295706,0.0,0.0
231,-77.11403950249993,-11.833019562999937,0.6370918092461417,41.0,10.03083489054398,8.560734435892641,0.0,996.0
232,-80.67381208849994,-4.859008192499942,0.30777283791830246,11.0,16.39549263765781,8.05104725215137,0.0,295.0
233,-77.11648522449991,-11.999673974999922,3.9230603708134892,11.0,28.181605187116066,25.965637033963166,0.0,0.0
234,-79.5696132244999,-6.737139555499937,1.64783075678592,11.0,11.044192750103715,27.804999379565988,0.0,0.0
235,-69.53290778399992,-17.524030608499913,13.042093818156202,0.0,96.52898627624123,155.54015590620338,0.0,0.0
236,-73.46415799999991,-15.241656999999947,3.0077723584921316,2.0,111.18694318529013,172.72772698697065,0.0,0.0
237,-80.54420274199992,-4.660834455999918,1.8200891661908052,5.0,30.433462605978352,34.00337160460834,0.0,0.0
238,-76.38414906399993,-10.347694120999932,0.9471796944720192,17.0,30.79967418269936,132.17304790990386,0.0,0.0
239,-77.76027324249992,-8.60623010699993,1.214159104450133,3.0,96.48833561479027,94.70320372282289,0.0,0.0
240,-71.40383372999992,-15.707917874999936,6.551642197627136,0.0,38.79942675457023,67.44550842420006,0.0,0.0
241,-80.53120339349994,-4.612275554999911,3.530763108085553,1.0,35.8728385671957,39.456098786923896,0.0,0.0
242,-79.13632668999995,-6.9144118814999445,10.654757816063587,0.0,44.311969192060594,53.65268246776762,0.0,0.0
243,-79.55578765099992,-5.362417849999929,1.328283529113033,13.0,15.729214774975638,117.87532072105869,0.0,0.0
244,-77.2318717949999,-11.516533645999942,4.985689493634005,3.0,26.325490595471027,5.940586443417322,0.0,17439.0
245,-75.3826862544999,-12.040194596999925,0.5283047026756745,19.0,23.793971797200527,10.928766012122429,0.0,2.0
246,-76.58434019049994,-10.58453560399991,0.9454398259480328,8.0,65.03231232750518,102.08816101412734,0.0,0.0
247,-77.26714109099993,-11.574566191499912,0.4966713090958011,6.0,21.885932693907233,0.48219172582816316,1968.0,19335.0
248,-77.12077346249993,-11.99907670649992,4.004671906937493,10.0,28.070064408178666,25.820859778319523,0.0,0.0
249,-78.18720157549993,-6.953227406999929,1.8038852998916668,5.0,115.81159837915612,147.0258819212408,0.0,0.0
250,-79.12300143199994,-6.883870916499944,9.060791358002243,0.0,43.90226458503809,55.8068580850551,0.0,0.0
251,-75.83305306599993,-9.865053780999943,2.1607207795715087,6.0,50.256786624745885,191.42434653477042,0.0,0.0
252,-76.35329393849992,-13.182724141499932,0.8853511647497232,1.0,14.198235398562021,1.0591335949749578,2207.0,7331.0
253,-76.49978052899993,-12.929060711499915,1.9321509938180874,2.0,28.001546851965724,3.487885199088421,0.0,963.0
254,-76.60096094199992,-11.455347396499945,0.8091511336309913,38.0,47.263201496113766,11.414160923543482,0.0,0.0
255,-76.37792278949993,-11.032891151999934,0.5771113800288283,10.0,65.86014385124277,62.15362385223098,0.0,0.0
256,-75.4666386019999,-13.320955141499923,1.1348819045307161,20.0,33.44277167520009,81.11825350395763,0.0,0.0
257,-76.66618994599992,-9.321736521499929,0.9024983478790233,4.0,101.81988544451718,177.32974884539965,0.0,0.0
258,-71.41348692549991,-15.57638377549992,1.8987473864028097,2.0,53.4124878309387,80.47531401858826,0.0,0.0
259,-78.81566884999992,-7.569862570499936,1.2889923391062104,10.0,48.74575834010441,49.550496877141946,0.0,0.0
260,-78.9637839369999,-7.679012982999922,1.0580340229265093,8.0,28.72161679235085,29.76630311408265,0.0,0.0
261,-80.27724042799991,-3.496469847999947,3.0429630105457126,6.0,85.92731725285218,165.80508375307144,0.0,0.0
262,-80.2508423189999,-3.4826902139999447,0.2575403399070383,3.0,89.21161142198137,168.10472962357215,0.0,0.0
263,-76.8573813484999,-8.660597488499945,12.517326782385807,0.0,147.99931757856152,183.32327160307184,0.0,0.0
264,-76.54271411899992,-8.564413070499938,5.953089542295401,1.0,173.9360760657014,218.8991521321838,0.0,0.0
265,-76.13257562499993,-12.949752549999943,0.9694007367862308,15.0,21.6083710406429,34.62725131517754,0.0,0.0
266,-77.15946477149993,-11.778251997999945,0.9190445611972116,16.0,3.806589910681773,0.9283665468704718,546.0,2424.0
267,-77.17115662349991,-9.349519728499928,0.7199566259220385,15.0,64.00341764376715,122.444399168561,0.0,0.0
268,-76.48791565549993,-8.497649316499917,3.4623969393679603,6.0,183.44478679199372,227.85530929085039,0.0,0.0
269,-79.91404529899992,-6.818972773999917,3.0017536982063535,6.0,16.96783274947442,14.339732390354095,0.0,0.0
270,-80.70527586999992,-5.324317993499932,2.027115994834509,6.0,10.617305016377188,9.405092961792963,0.0,7.0
271,-78.91140163199992,-7.6070455499999525,1.0334103649467499,15.0,38.568007636418635,39.633648497113214,0.0,0.0
272,-76.78183347699994,-8.640339247499924,14.895440171234577,0.0,153.56757516960133,191.99649840688664,0.0,0.0
273,-80.87057718999992,-5.721216718499932,5.798861153250295,0.0,55.709617390489726,51.64559064515782,0.0,0.0
274,-78.85766670949994,-7.585307154999924,0.34150247798271344,13.0,44.282199273600455,45.19166633721453,0.0,0.0
275,-79.54907240849994,-7.073541217499923,2.896397757559643,1.0,7.360989817127376,10.654295203378863,0.0,423.0
276,-71.16072798299993,-15.225075034999946,2.0415643974872824,1.0,72.81859901246676,97.3604232802992,0.0,0.0
277,-77.38447087449993,-11.40275670899993,2.259014310863475,3.0,31.329872977877454,1.1968157782389761,801.0,10562.0
278,-74.16376435049995,-13.58578121149992,0.6127592953530896,15.0,43.3902893502936,160.17756959227114,0.0,0.0
279,-74.98670737399993,-14.883515793999948,8.136506972385318,0.0,8.823792914135138,25.126602680689338,0.0,0.0
280,-76.73746637999992,-12.496776176499935,0.6819704653244146,2.0,4.418472986738246,1.3200032318039039,3180.0,5150.0
281,-75.00676949849992,-15.04142322249993,17.757785795178815,0.0,26.305032756564014,40.32478242031222,0.0,0.0
282,-75.12825226649991,-14.44513899699993,5.7559915558880475,3.0,42.377588444837954,25.53866744538844,0.0,0.0
283,-75.3281908159999,-12.054108162499944,0.10066908917540313,16.0,18.287305147680097,10.922636214128445,0.0,0.0
284,-75.90550469499993,-13.933083059999944,4.287074294311709,2.0,0.16315312501465634,34.93273063996498,0.0,0.0
285,-74.64477923199993,-11.260443391499933,0.9137796943261898,7.0,84.33548052834665,103.30909828149879,0.0,0.0
286,-74.64059902049993,-11.257050502499936,0.6402628932347869,7.0,84.73298590167865,103.90083015243484,0.0,0.0
287,-77.15348749349994,-11.785798312499935,1.705301601480163,20.0,4.371547334387913,1.8688410941570903,526.0,2424.0
288,-74.63815788849993,-11.253561727499942,0.43845814530539007,7.0,84.94339495097712,104.35394350392397,0.0,0.0
289,-78.98666303999991,-7.712277869499928,2.142140133759047,7.0,24.272990814950198,25.292206071533197,0.0,0.0
290,-71.12768151549994,-15.14414042249993,2.044345907738422,2.0,65.81492457870668,99.20146563074894,0.0,0.0
291,-71.12157144499994,-15.085268954499924,8.359564714956425,0.0,63.018308635960935,102.60180780524203,0.0,0.0
292,-71.37841381149991,-14.759572633499914,3.673592507359985,1.0,48.89267791849457,147.1625014932526,0.0,0.0
293,-77.08556933249992,-11.855805769499938,0.9260168150094434,45.0,13.594961349557266,12.460033273606024,0.0,526.0
294,-77.06803862199993,-11.893934249999916,1.0223323352056681,61.0,18.23731088335016,16.981672535775335,0.0,0.0
295,-71.1547325754999,-15.006570753499943,8.966378046118088,0.0,61.017347120536535,110.92781094691517,0.0,0.0
296,-69.65476244599992,-16.419217003999933,0.39137646350759286,4.0,37.9126243469579,49.05087734234794,0.0,0.0
297,-76.88431028199992,-12.278648340999922,0.9372746476910077,21.0,33.390874455833895,2.170884811432347,10.0,458.0
298,-76.81221194899993,-12.339763744999914,0.7453869486189759,12.0,23.67099814173346,3.456033044365195,0.0,4155.0
299,-76.97502674399993,-12.202257167999932,1.8914373078648243,13.0,45.98117101498012,10.536209527499446,0.0,241.0
300,-76.97868550599992,-12.145776936999937,0.8820849936675724,36.0,47.77561857345462,15.747900598221666,0.0,0.0
301,-76.93705052549993,-12.24720080949993,0.612517940765074,26.0,39.50844887818466,4.17244173636779,0.0,458.0
302,-77.15741859999991,-11.781934967999945,1.1604764612974494,16.0,4.090896507690752,1.3492982280050145,526.0,2424.0
303,-80.1852964599999,-6.396800479999939,2.515874322744988,1.0,23.148025415492413,68.9539583711148,0.0,0.0
304,-71.4229335114999,-15.624950335999927,2.984333703845363,3.0,48.02346148981541,75.07314165696216,0.0,0.0
305,-80.68983181449991,-5.169266242499958,7.813244086875114,0.0,14.681756081782876,0.8170522280044684,925.0,4436.0
306,-78.80924638399992,-6.372892442999927,0.9738193572811488,13.0,69.36888418640783,113.17486937367289,0.0,0.0
307,-76.30370902349995,-9.921211292499947,0.9679115255748058,100.0,27.204223604432244,180.30062650911475,0.0,0.0
308,-78.1468974974999,-7.914935506499916,4.829320542228113,4.0,77.19745358731979,87.70791945692936,0.0,0.0
309,-74.26166697699992,-11.756535974999935,7.275999545637296,0.0,112.73630279432678,117.8125201410651,0.0,0.0
310,-78.60248141399993,-6.928301606499929,5.104195972199744,1.0,99.66914203872018,111.97356896220317,0.0,0.0
311,-80.48384085449993,-6.132377430499929,24.08167934528174,0.0,67.34512199785152,90.56262790326159,0.0,0.0
312,-79.22282688749993,-5.97567085849991,1.1027918567352215,12.0,5.798350965635908,120.04022411509285,0.0,0.0
313,-78.9425671189999,-6.032143365999929,0.7282641705773314,17.0,36.691749706985014,130.96916542091,0.0,0.0
314,-79.5001850459999,-7.3318615139999395,2.4911286164689606,10.0,5.422349317117285,38.69116810593703,0.0,0.0
315,-71.57920999999993,-16.362474999999932,3.0203722323221385,15.0,12.262072293944513,16.289290605839618,0.0,0.0
316,-78.57076975199993,-6.9747599514999195,6.037055923729173,0.0,103.19251077522163,115.20335403498241,0.0,0.0
317,-76.24403191799993,-10.747558180499936,3.2550345030926064,2.0,67.57510293491126,96.7942855629552,0.0,0.0
318,-70.89219623899993,-15.749704310999931,14.91072513200363,0.0,30.617022263296768,56.73819451426835,0.0,0.0
319,-78.09577296899991,-7.605850240999928,0.924203766359378,6.0,94.23980053622846,116.01871786836271,0.0,0.0
320,-71.38171590449994,-16.065536769999937,3.6473113002030084,2.0,3.50151332500667,38.125655231912276,0.0,0.0
321,-80.59698443499991,-5.493734463999942,5.273340736556058,0.0,22.877846959794,18.46374039746972,0.0,0.0
322,-70.64320171699993,-16.923199002999922,4.643220143575292,1.0,12.763666835547518,59.32671252810552,0.0,0.0
323,-77.00155989649991,-10.909871383999956,0.2908926093720034,45.0,50.91482826944632,66.08809134627992,0.0,0.0
324,-79.32564281899994,-6.871162174499915,0.785052793215504,22.0,25.074927108218684,35.052886015571175,0.0,0.0
325,-71.05570086999992,-15.804610286999946,5.1061153828153545,2.0,47.40203634508532,75.09960529752419,0.0,0.0
326,-71.18343696099993,-14.950897956999938,11.052459258238787,0.0,55.77235742286993,117.33899075696418,0.0,0.0
327,-76.6097517629999,-10.612680360499922,2.8267685348205815,10.0,69.21624168116848,98.6754984568493,0.0,0.0
328,-78.67674432849992,-6.852642376499915,3.355243417784497,3.0,89.82497953584932,104.81674808928865,0.0,0.0
329,-77.90170659099991,-10.503807570499959,4.986002614767268,1.0,11.512527447661107,19.73516585217752,0.0,0.0
330,-75.94159670149995,-11.474770161999913,1.9856249662619143,8.0,3.030304247222274,12.059733915828113,0.0,0.0
331,-78.57631874899994,-6.9601865769999165,7.4362820966820395,0.0,102.84371227426463,114.64846671449902,0.0,0.0
332,-78.62958013649992,-6.898917406499919,2.1919291922924806,1.0,95.98265877848083,109.29128284900817,0.0,0.0
333,-71.59081831549994,-16.089411735499937,2.94555378947485,3.0,19.325197871626635,20.562405216261425,0.0,0.0
334,-77.92225713549993,-10.449833619999936,1.4240585119402918,1.0,17.912928672476557,26.103621124953595,0.0,0.0
335,-78.15313601549994,-7.343322549499931,0.5831575152751902,10.0,107.08360819351255,123.22975452734256,0.0,0.0
336,-76.23769053699993,-10.705695692999939,1.1001114316851979,6.0,62.88127615292228,101.16703487699981,0.0,0.0
337,-71.80618081849991,-16.544688968999935,3.728053003813474,5.0,19.37228490660298,0.7650750827522264,91.0,6362.0
338,-70.49538495249993,-16.82414208949993,11.682839143870853,0.0,31.82248857345387,77.90247796638279,0.0,0.0
339,-70.32907822399994,-18.129343962499917,0.7347728910930124,2.0,39.79429630451936,102.7540225715868,0.0,0.0
340,-74.08247413149994,-15.938479574499922,1.0795309453326685,2.0,57.47748875562393,170.40413006955274,0.0,0.0
341,-71.61444670099993,-17.054661344999943,3.740096414622878,1.0,1.5753084067586367,51.7573710975026,0.0,0.0
342,-74.14713003349993,-15.900982377999924,3.565478026005519,2.0,49.403903142782795,169.6016491868181,0.0,0.0
343,-74.63188416899993,-15.62898777649994,0.44848643710934766,3.0,10.698557692884297,116.13399826212968,0.0,0.0
344,-72.07131237699991,-16.40333473049995,0.8899792542086926,3.0,42.54442226417143,17.01672732386275,0.0,0.0
345,-74.03344222149994,-15.98770153849992,5.913067952006324,0.0,54.46423040269979,163.38474792416196,0.0,0.0
346,-73.83591152799991,-16.15030103299995,12.049811735678299,0.0,27.585018079878687,137.05253372628647,0.0,0.0
347,-74.86664745949992,-15.458308059999922,7.726354101320431,0.0,33.09518458744756,89.05028129117038,0.0,0.0
348,-74.3142722094999,-15.820061694999936,1.5965797295504403,2.0,29.498720296058703,151.7813620520775,0.0,0.0
349,-74.47100693149991,-15.719910888999948,1.4056582985702633,2.0,9.374623079276116,133.31764804459354,0.0,0.0
350,-74.45478243649993,-15.737089464499945,1.4941400844996977,1.0,11.917710857205092,135.8523183652961,0.0,0.0
351,-74.1941830929999,-15.865914178499935,3.1298373330618943,1.0,43.08382387187669,163.44383482210725,0.0,0.0
352,-76.29130829299993,-13.263805868999924,4.992430673105689,2.0,16.770537130141072,1.99383092086211,1525.0,4983.0
353,-71.8693166724999,-16.76551784149993,6.662691047074427,0.0,32.83768652793994,12.743696780004857,0.0,0.0
354,-73.64877841799992,-16.224816662999928,3.0283244563584426,2.0,6.072142037133627,115.44237614952206,0.0,0.0
355,-73.76015542899992,-16.186965118499927,14.14200134518431,0.0,18.626421900099228,128.05761965495088,0.0,0.0
356,-74.50351116149992,-15.691559943999948,1.0652827094217459,6.0,4.724513588960733,128.82501506048362,0.0,0.0
357,-71.03383525999993,-17.44075909399993,1.4250928954837914,1.0,25.98819308451933,3.940200218683608,0.0,482.0
358,-74.94381018099995,-15.230465378499929,14.83320288865725,0.0,22.402463338360022,62.401538199455985,0.0,0.0
359,-74.90818346349994,-15.31780513499993,6.391113308261693,0.0,24.345077856846295,72.81117925382888,0.0,0.0
360,-74.11709981399994,-15.922459749999916,5.187904511461536,1.0,53.389878973588864,173.46042765145705,0.0,0.0
361,-74.96672504499995,-15.176428441499922,21.031853601861947,0.0,23.480002866420623,55.939450528977595,0.0,0.0
362,-71.72994236499991,-17.008272874999932,2.3518704762485108,5.0,14.583444137583891,43.11178133419338,0.0,0.0
363,-71.87082018049992,-16.687519423499936,3.9744716978172345,1.0,35.90702141695504,4.460957357860225,0.0,27.0
364,-70.31777227599991,-18.280408925499927,6.318390827586811,0.0,51.10844444061063,110.6084624580697,0.0,0.0
365,-76.42325990199993,-13.092026090499928,4.44242438569059,1.0,14.888224577876313,0.5901587932020989,3065.0,5951.0
366,-71.81816892549992,-16.88780087099994,8.347097107780597,0.0,29.573089641594148,27.269712987079497,0.0,0.0
367,-71.07288840649994,-17.241100523999933,8.777914729802538,0.0,10.810523892937942,14.344819813262296,0.0,0.0
368,-74.88897438999993,-15.389843684999931,7.063629753561103,0.0,27.796035560865437,81.07008982510054,0.0,0.0
369,-73.93365695499992,-16.082378753999933,0.8370754426067494,1.0,40.124251346456916,149.49733406654622,0.0,0.0
370,-71.51657894649992,-17.119172824999936,9.914775230087987,0.0,11.251096128700759,40.746800452173346,0.0,0.0
371,-70.26904947999992,-18.031357865999922,3.1935769033014028,4.0,36.12976319154391,101.63635371056567,0.0,0.0
372,-74.44076794299994,-15.758141789499945,4.233699341606782,1.0,14.58220322262031,138.63190442393946,0.0,0.0
373,-74.22059756799993,-15.865758578499936,2.969441359182933,1.0,40.66241952984027,161.73600844717416,0.0,0.0
374,-70.5137177579999,-17.845186605499947,0.5322015764098939,3.0,3.034005722747468,68.84355528625723,0.0,0.0
375,-74.37800232499993,-15.795255863999955,2.048125958471431,1.0,22.373885529120997,145.70264579230997,0.0,0.0
376,-70.77588323349991,-17.758461865499925,6.368592092440148,0.0,26.390261440891717,40.14593333749588,0.0,0.0
377,-71.65784461899995,-17.025323438999948,1.1369946927092789,8.0,7.0993168158499955,48.330904957481124,0.0,0.0
378,-70.33076787049993,-18.184605542499924,5.858176070971073,1.0,44.934874451695144,104.190031412089,0.0,0.0
379,-74.74613931649992,-15.561404298499923,9.776392343861382,0.0,25.019294151707804,104.2276780143254,0.0,0.0
380,-73.68863148599993,-16.216529070499917,6.857676927519464,0.0,10.423174838309425,119.7610168866173,0.0,0.0
381,-70.82481306599993,-17.72128320099992,3.7915054905597745,2.0,32.68535319877296,33.52830510119382,0.0,0.0
382,-74.81694236649992,-15.517534344999916,4.007415476443725,1.0,34.021959983222686,96.97571567373082,0.0,0.0
383,-70.32312786099993,-18.236226144999932,3.0504819703285646,1.0,48.66005375188922,107.6215102964967,0.0,0.0
384,-70.97466395099994,-17.214332180999918,6.096132641648533,0.0,0.07694786696762539,14.300106662315685,0.0,0.0
385,-74.55530985399992,-15.664594086499932,3.610203074765968,4.0,1.5987271400924847,123.46265708133704,0.0,0.0
386,-78.03675663849992,-10.337807023999943,6.063629585160188,1.0,34.59736121476448,43.18491630797622,0.0,0.0
387,-79.14460114549993,-6.023493381999913,1.8618847755378332,8.0,15.879999883582293,119.92245890326627,0.0,0.0
388,-76.21830275499994,-13.363829640499944,5.268764451610623,1.0,3.128945862542712,6.193020843537473,0.0,698.0
389,-71.42571065299992,-15.661976556499923,1.0168106151895855,3.0,43.91545785913239,71.14408483697606,0.0,0.0
390,-79.45113707849993,-6.88446018749994,1.0952682641251814,6.0,17.93635909274095,22.295398194554185,0.0,0.0
391,-77.98489711149992,-7.737297605999913,4.611669997142631,1.0,99.38227196000491,114.29004029940737,0.0,0.0
392,-77.22104612299992,-11.136923263499938,1.3050852622411997,31.0,33.34554216098724,34.77791737318734,0.0,0.0
393,-78.21842162949991,-8.660817180499919,0.17878783478106605,17.0,54.10805020488683,44.14763554464588,0.0,0.0
394,-80.66907683649993,-5.1774358209999605,5.342483003594186,0.0,13.704584443173822,2.2821474303845624,2.0,2698.0
395,-70.40637756749993,-16.62146875299993,1.298879525821775,2.0,44.150560199131846,95.54613479040655,0.0,0.0
396,-79.48160627799993,-7.272767635499946,0.997079635035771,14.0,4.305005925795731,33.39338739322712,0.0,0.0
397,-71.63740768299994,-16.161625735999934,2.4015505612956165,3.0,26.642776936041933,11.157796698976773,0.0,0.0
398,-77.87410157499994,-8.80434887249993,0.9336048618014411,11.0,75.52877820922785,78.41117763921893,0.0,0.0
399,-76.59118613199993,-10.547095206999927,1.0501634346221227,19.0,62.457309425143514,106.1381960878118,0.0,0.0
400,-79.61104877249994,-5.379737946499944,0.7268760518457057,23.0,9.420794076621231,111.83903832644793,0.0,0.0
401,-77.86514889549994,-10.616041152999912,5.374513823409962,1.0,1.6010366182500089,7.215557562600049,0.0,157.0
402,-76.2694319119999,-10.232282354999938,0.424566213727883,23.0,12.887346864943261,148.07165309132472,0.0,0.0
403,-78.67396561899992,-6.811597229499938,3.2776150753842472,5.0,89.39545434221664,105.94478138432773,0.0,0.0
404,-75.51209552899994,-13.54535197149994,1.2387394370799225,12.0,9.025573061711897,70.30919915583353,0.0,0.0
405,-78.27250735599992,-9.696537535999937,19.529657276924656,0.0,25.91644124795837,10.558101197853007,0.0,0.0
406,-70.51135464499993,-16.857225477999947,12.110631640864263,0.0,28.227857714141592,74.0458817231692,0.0,0.0
407,-75.66046292899992,-13.899071446499931,0.5367227285542728,11.0,26.830195030049822,57.11866151673596,0.0,0.0
408,-79.95737441749992,-6.615077099999922,0.9048016446646635,2.0,8.729762480222954,34.74545746303298,0.0,0.0
409,-80.45853635349991,-6.169974861999947,19.382904883393348,0.0,62.489852733975006,95.17298291765586,0.0,0.0
410,-78.36876980949992,-9.406225987499937,4.298767034709501,3.0,13.143259614005657,1.172591527428094,360.0,2349.0
411,-71.36298928149992,-16.066831929499955,4.289547122672311,2.0,5.479210075184561,39.74004630934799,0.0,0.0
412,-78.58825390349992,-7.038473491999952,3.3245105430940867,3.0,100.4479642637976,112.04518870954466,0.0,0.0
413,-78.40183250949994,-9.32503658899995,3.745710272551247,3.0,3.4147499381023274,0.38044954065710235,1090.0,4146.0
414,-77.11477948949991,-11.042845156499908,0.11606484874324671,39.0,37.3654083968956,49.80964844479204,0.0,0.0
415,-69.66826632549993,-15.255933197499957,0.6815540179702518,6.0,91.4470436591831,57.62722931822929,0.0,0.0
416,-80.04030368149992,-6.525244599499928,0.5889044398285495,8.0,1.6902761508170987,48.030641335825386,0.0,0.0
417,-75.67405264649994,-13.926591945999917,0.5940837856565497,15.0,25.115838724846192,56.72828695492159,0.0,0.0
418,-74.53377242999991,-15.669431714999945,1.242625219871218,5.0,0.8113668897412459,125.06674699663431,0.0,0.0
419,-70.05710422249993,-16.138727495999944,1.6719000263777155,1.0,43.219259917963115,30.299832583227673,0.0,0.0
420,-80.56469150749993,-5.689760360499946,15.519952589127977,0.0,44.93904168881571,40.548917685573876,0.0,0.0
421,-78.80869545549993,-6.3720500259999255,0.9019005760515785,13.0,69.34788921628697,113.2806983164221,0.0,0.0
422,-80.52772550849991,-5.978254392999929,11.884677738192758,0.0,77.27768354784165,72.88203267072106,0.0,0.0
423,-70.81111634799993,-15.69527645249994,4.779367809116004,2.0,21.183739687451197,47.31833349786429,0.0,0.0
424,-78.18189440349991,-9.817022127999934,3.0948903284372657,1.0,12.588832334818981,6.0267514374898115,0.0,87.0
425,-80.53376809999992,-5.911160706499942,13.371671158346947,0.0,69.79326041070708,65.40265139082744,0.0,0.0
426,-79.6166850079999,-7.007245664999914,2.933168871542032,8.0,9.107866551354396,0.5073303827463062,423.0,2626.0
427,-78.88489901199992,-6.4740794104999395,1.268723459582166,14.0,70.04699054215195,99.70964194831237,0.0,0.0
428,-77.89017230199994,-8.659232643999928,0.9614274372454652,15.0,81.23151289923626,80.23110759227541,0.0,0.0
429,-78.21276173949991,-9.779218979499916,8.272674910862353,0.0,16.097521243296303,9.71667077091016,0.0,5.0
430,-77.06958950549992,-11.404805423999932,0.4274989752191612,16.0,6.4013440945890325,26.015070756140705,0.0,0.0
431,-78.01021190849994,-10.368720082499948,1.5715784274312785,2.0,30.15604273184495,38.716956736805976,0.0,0.0
432,-78.31151798549993,-9.46593902999993,2.3181153825105083,3.0,21.89038053482101,1.5894988688067422,2.0,669.0
433,-80.40874895149992,-6.216593778499941,11.887019534087996,0.0,54.93968346804111,100.16408897781317,0.0,0.0
434,-77.87893475549993,-10.566544081499956,0.5967441948399673,1.0,4.128654227948877,12.450801142147682,0.0,0.0
435,-79.41490595949995,-5.784474408499932,1.4365394746184406,36.0,24.262450212509265,130.05435344068016,0.0,0.0
436,-76.16362488199994,-10.836690607499946,11.004860509642404,0.0,71.96584545427926,85.9569228323612,0.0,0.0
437,-79.47660945449994,-5.30903329049994,1.9315072987187003,15.0,26.244747437916224,126.60886917605343,0.0,0.0
438,-78.8989249704999,-6.049061758999926,1.5549618367396358,19.0,41.853157283956186,132.2470503656737,0.0,0.0
439,-71.13315909899993,-15.865752732499942,5.643533287520929,2.0,36.70362054412861,72.63738895234135,0.0,0.0
440,-75.62109787999992,-13.85010276649993,1.7040787198393426,8.0,27.855030912999194,59.90335459238214,0.0,0.0
441,-71.68661227099992,-16.44669092099994,2.6142931241451737,5.0,2.7090858882377167,9.911347097979183,0.0,20.0
442,-78.98767817449993,-8.20007170349993,2.675443098246413,3.0,24.24335552119625,2.1164547453472418,0.0,6583.0
443,-75.65387581099992,-13.32018021649995,0.5469277523423984,11.0,32.948831111774744,62.912880428855004,0.0,0.0
444,-70.85751706849993,-17.059696332499925,0.5029168808893056,32.0,15.162922650055364,34.37744013089269,0.0,0.0
445,-78.61996676299992,-6.771006876999934,2.823777394245388,6.0,94.83954317273022,112.74079700147145,0.0,0.0
446,-78.57356306399993,-7.006566897499937,5.566841157970217,1.0,102.41590759956308,114.84970291754772,0.0,0.0
447,-76.27471351799994,-6.390968959499929,1.1946062525245371,26.0,8.747932134104861,354.59832002811186,0.0,0.0
448,-76.59180018999993,-10.528042421999942,0.7101285566543327,18.0,60.994416051687615,108.23729359104671,0.0,0.0
449,-70.68803241649994,-16.967747793999905,3.0909480926823547,2.0,5.887852805679956,52.489972802884225,0.0,0.0
450,-75.71280785849993,-14.072721952999927,2.880587760061663,3.0,26.111591121324594,51.33108339556762,0.0,0.0
451,-71.34404031799991,-16.056366466499952,3.682955144802815,3.0,7.388005312097198,42.07460758434134,0.0,0.0
452,-80.12069667049991,-6.459088623999946,2.751785940294003,1.0,13.221836591261347,59.1292201720295,0.0,0.0
453,-75.75185252999992,-13.365458718999946,0.3302048404697107,6.0,33.15167591610945,51.21514375977656,0.0,0.0
454,-78.00171184549993,-7.721405028999925,2.0581915101466195,6.0,98.22709755132479,114.26913811681861,0.0,0.0
455,-78.84634744549993,-5.951321403999941,0.11949310349083767,15.0,30.805400226209876,144.44836794574766,0.0,0.0
456,-78.7876964754999,-5.858791145499936,1.14003165301229,15.0,18.918486527852636,156.58813700467655,0.0,0.0
457,-70.96611835549993,-15.765682188499937,15.421351655844491,0.0,38.72489449566043,64.8402356734336,0.0,0.0
458,-72.30804354199992,-13.679619821999921,0.9045492430622686,8.0,83.86525624994495,293.97464503311124,0.0,0.0
459,-70.22646776199994,-15.554414104499926,12.214184958145344,0.0,44.02410337238598,13.02968143730642,0.0,0.0
460,-73.94328625299994,-14.426583919999928,1.7494208885293392,5.0,43.650722186327975,129.41614716774473,0.0,0.0
461,-77.94529218499991,-10.41902231049994,4.208058032593087,2.0,21.994482087634847,30.297822390900347,0.0,0.0
462,-78.27734544049991,-9.529142634999943,5.831221990783199,0.0,29.84996460048671,1.7928129403183828,180.0,188.0
463,-78.07707379249993,-7.610887292499939,1.6300076356819289,5.0,95.76340142364621,117.82261131928027,0.0,0.0
464,-79.4780105209999,-7.450091455999939,1.271190819258365,2.0,16.305830695620745,51.95539598310137,0.0,0.0
465,-77.10402902999991,-11.439199931999923,0.9726401731001006,9.0,11.75022825317302,20.772652900214215,0.0,0.0
466,-78.43964452549994,-9.23972486349993,3.4098922305549486,1.0,6.947297942432143,0.6658555511176222,1225.0,3979.0
467,-74.26745342999993,-15.84845331999992,2.4358705056686114,1.0,35.41528449910055,157.23795713768735,0.0,0.0
468,-71.68450479699993,-17.028745882499948,0.733684463556739,8.0,9.24538986393049,47.26551683366642,0.0,0.0
469,-80.57293302599993,-5.645291834999938,15.625839954377767,0.0,39.919556468039964,35.523582040011874,0.0,0.0
470,-72.22652508299993,-13.62948047599994,1.844167046422182,5.0,93.98318911559326,297.556869683619,0.0,0.0
471,-76.23854089799994,-13.79283211349994,8.053809666588723,0.0,39.0319505895149,9.382322756269515,0.0,139.0
472,-79.14011689999992,-7.8621011269999315,3.7196771711103884,3.0,1.833988474122851,4.205448235119767,0.0,755.0
473,-79.05602807749992,-8.099673021499939,4.901331369939855,2.0,25.27823713214328,4.036177678433397,0.0,343.0
474,-77.16856994399993,-11.698877849999946,1.9621089384640156,15.0,5.034817403222443,2.1465826149456144,10.0,4332.0
475,-78.19014549949995,-9.989887410499932,3.0053270937223555,2.0,8.04512350547093,1.3251554759199733,344.0,846.0
476,-69.71848915449993,-15.223973795499944,2.79447547211412,5.0,95.21790565711547,55.65828703228365,0.0,0.0
477,-71.49452296799993,-16.06945891099994,6.731374188407929,0.0,8.806384067994474,28.486753343897934,0.0,0.0
478,-77.7038375939999,-9.20411526549995,0.15334679064779022,28.0,78.46740187601729,72.884760188208,0.0,0.0
479,-77.31664953449993,-10.044906338999937,0.4429836996691939,4.0,20.99722168017316,86.96716613437941,0.0,0.0
480,-71.66193137349993,-16.226357150499922,1.8443318274972786,6.0,22.235138283729366,3.570690364893058,0.0,5.0
481,-72.35663384899993,-13.770610134499918,0.565239488051319,12.0,76.23672310554375,285.41505423697197,0.0,0.0
482,-80.55669614949991,-5.734278060999941,16.949418295347304,0.0,49.96206582626772,45.576053813292035,0.0,0.0
483,-78.08173788949992,-8.68131666599993,2.2518319731479868,12.0,62.786806453505804,59.22039049196926,0.0,0.0
484,-77.38450961199993,-9.914468564499913,5.691610896169086,1.0,4.7004872287732775,89.36749613544119,0.0,0.0
485,-77.04377648399992,-10.962951254999922,0.4780232374217817,18.0,44.99344953280489,60.369901651455336,0.0,0.0
486,-79.37231579899995,-5.820409329999933,0.3195329229029768,25.0,18.118951689058544,127.96989291396596,0.0,0.0
487,-79.46906755749993,-7.242687289999935,2.9971232350988832,4.0,6.967863596358885,31.11108964979455,0.0,0.0
488,-80.53620881349994,-5.868197190999922,16.285454683537868,0.0,65.02265579216069,60.63860531656961,0.0,0.0
489,-76.91309968349992,-10.853589361999951,0.4314080834314049,45.0,58.402000825515735,75.2091814471145,0.0,0.0
490,-77.18284514099992,-11.114083278499919,0.27430197674799883,48.0,32.98167361203059,39.095841106026086,0.0,0.0
491,-70.62079908899995,-15.690839745499915,1.269880561350497,4.0,0.8457673469725033,27.012170551937793,0.0,0.0
492,-78.65372509149992,-6.789227183999941,1.8527339492834123,1.0,91.31516508302803,108.65344538734685,0.0,0.0
493,-74.6355017969999,-11.244293990499926,1.1651785761320586,8.0,85.09800303264629,105.23948386807851,0.0,0.0
494,-79.06246498249993,-6.02921295099992,2.609188125476068,14.0,24.1062754484865,124.22722413399786,0.0,0.0
495,-77.58956929849992,-9.397902924999954,1.0345931684528018,25.0,57.01341232902156,76.54877085309792,0.0,0.0
496,-70.44961525749994,-15.65028583399993,1.229233198796967,3.0,18.032949593610642,8.469049764348089,0.0,12.0
497,-74.17612378449991,-15.876241247999928,1.371313436680793,1.0,45.33089949933015,165.52907657418967,0.0,0.0
498,-80.64186957699994,-5.236203891999935,5.12471404391655,1.0,6.509416639942743,9.321674186847401,0.0,931.0
499,-75.60227975199993,-13.223460283999941,0.3474388919877069,31.0,42.551675568123116,70.5075468831243,0.0,0.0
500,-75.63769769449993,-13.295953668499948,0.7252329020317507,13.0,35.13290041940886,65.7811698222484,0.0,0.0
501,-71.19265864049993,-15.13234651299993,2.438516339495552,2.0,71.88941062365917,105.69574594164598,0.0,0.0
502,-75.63423406849992,-13.865777430999913,0.5609193568835331,10.0,29.8667165816034,58.88173695606552,0.0,0.0
503,-79.85046734749992,-6.814273026999928,3.4761043883507523,5.0,17.185650920766616,9.660334429227927,0.0,582.0
504,-79.88865823349991,-6.730350244999926,1.7305025560003326,4.0,7.1031413580100695,19.859012141555617,0.0,0.0
505,-77.83368025849992,-10.64800092799993,0.640731736373481,2.0,6.469870579108241,2.2852599189855236,42.0,194.0
506,-77.98169472799992,-10.397960118499952,0.7143482131881197,2.0,25.7966972182753,34.301615663218236,0.0,0.0
507,-80.50740126749992,-6.068685174999928,17.447388404400673,0.0,74.08249846867598,83.1572336824724,0.0,0.0
508,-71.31972062049994,-17.224231902499923,3.7607382781918544,1.0,35.202926077554416,26.713326316182076,0.0,0.0
509,-71.58078079449993,-16.39376079449994,3.1264203248065665,16.0,10.485382252484756,18.93486293075367,0.0,0.0
510,-78.51689572099994,-9.14370598599993,4.840711418663329,1.0,10.548338561456339,2.1228741831952918,326.0,1233.0
511,-78.61941494399994,-8.975394390999924,4.248224414723077,1.0,14.026301209186027,18.101173634342157,0.0,0.0
512,-79.32614520649994,-5.893926823999919,0.8413406281180608,21.0,8.831960133766843,122.53210863914872,0.0,0.0
513,-71.76661942049992,-16.52587620999995,0.4775953002858922,3.0,14.91966823199462,2.2738290209181575,0.0,6356.0
514,-71.66440612199992,-16.425449714499933,0.36675784226150315,8.0,0.9344580010104515,13.24562637443075,0.0,13.0
515,-75.62692671749994,-12.184702553999927,1.5236744782040272,3.0,45.541941944250944,40.78211369243574,0.0,0.0
516,-75.45078755249995,-12.013653944499936,0.4995047152643425,14.0,31.550389942830314,14.526362547521915,0.0,0.0
517,-71.26785913849994,-16.00324847299993,0.743287776838709,7.0,16.630259374121163,52.10692878385849,0.0,0.0
518,-78.23587983299993,-7.9803232294999304,8.073762742459959,0.0,66.59704374158372,75.63755561506981,0.0,0.0
519,-79.24993927449992,-7.767350550999936,8.272601811370032,0.0,17.783665031770962,20.014263824407745,0.0,0.0
520,-78.10915284849992,-7.531012904499931,1.8108842835462273,7.0,97.41212300839337,117.95289248192496,0.0,0.0
521,-78.81747867349995,-6.388785844999916,1.019218326621703,9.0,69.96470308506726,111.36895133154069,0.0,0.0
522,-79.43774319449992,-7.217063509499923,2.4043612448184555,2.0,10.02429345303493,30.768003421799023,0.0,0.0
523,-77.14146467049994,-11.799333703999935,1.1178386426469107,21.0,5.75320688390649,3.792620937987227,0.0,2424.0
524,-78.27891687849993,-9.497576724499936,2.5896425412091917,3.0,26.767223370222407,5.253249290371858,0.0,182.0
525,-78.15450315499993,-10.064374906499921,4.139098248824769,2.0,17.200244398152226,10.41203533416408,0.0,344.0
526,-71.67049137349991,-16.241632150499925,0.5975810254101613,8.0,20.506362687693613,1.6624425254755877,5.0,5.0
527,-70.83911623149993,-15.721277974999936,8.79510408408348,0.0,24.442497052431186,50.62502906386218,0.0,0.0
528,-69.29910183649991,-11.894736700999943,10.81455303657703,0.0,47.203058664301444,416.56367534367735,0.0,0.0
529,-78.12528891399992,-7.3858518379999225,1.0860961586971578,22.0,106.03945957569285,123.51802127972579,0.0,0.0
530,-78.11879151199994,-7.433938977999929,1.4424261467082662,23.0,103.07593218549174,121.58038777509171,0.0,0.0
531,-78.18338589349992,-9.83381425899995,1.4089267309760234,2.0,10.783409267267887,4.308830464681445,0.0,87.0
532,-79.1369409264999,-6.0311194024999395,0.9888244560388506,7.0,17.063844207108215,119.65458202505403,0.0,0.0
533,-76.50742650849992,-10.487003339999916,0.6556798412172704,28.0,51.33373548956132,114.08363971555575,0.0,0.0
534,-79.14448437099992,-6.023580866499913,1.8740047007931706,8.0,15.896162987772778,119.92100747533541,0.0,0.0
535,-70.72809829549993,-17.00405435849993,2.8777074390852073,1.0,0.2614921138849344,46.703840270533945,0.0,0.0
536,-72.3288830189999,-13.690978690999941,1.4216287434074306,10.0,81.33934662038718,293.2683464263818,0.0,0.0
537,-77.92207367149993,-8.744441249499943,0.6321787789949386,19.0,73.46419312784704,77.29365446225847,0.0,0.0
538,-71.72157692649992,-17.05911612649993,1.2480096396452744,10.0,12.175864958099574,48.66917348447981,0.0,0.0
539,-79.19376341049994,-6.530538412499936,0.45122427820329136,25.0,36.55273088872103,70.08984654919402,0.0,0.0
540,-79.14394816599992,-6.4969655249999505,0.2499937860734663,26.0,43.19680850579984,76.54984628726316,0.0,0.0
541,-78.89221008749993,-6.48000657749995,0.49147178155839116,14.0,69.05595914788466,98.66859835385982,0.0,0.0
542,-73.99458192599991,-12.22436634999994,0.36614907090289395,2.0,113.71724262962185,148.0904612136538,0.0,0.0
543,-73.99601477949992,-12.20318517599992,2.6416425398189194,2.0,115.94952761978362,147.4703003829822,0.0,0.0
544,-74.35698477049993,-11.622889263999923,11.662716073543764,0.0,110.77552814465028,111.52557389167671,0.0,0.0
545,-77.11329690449995,-12.00496829499994,3.3631863115967406,9.0,28.805002792331024,26.607858040153737,0.0,0.0
546,-77.10890058199993,-12.016759607999916,2.224510129294655,11.0,30.164261153267613,27.986254019333032,0.0,0.0
547,-74.07909898449992,-13.239979982499932,2.2011131366649708,13.0,21.250413909106786,195.15550682118675,0.0,0.0
548,-72.60853636349992,-16.66118714549995,0.3097811463144704,2.0,2.513243343666943,8.744060790179935,0.0,77.0
549,-72.57328930549991,-16.66668174499995,0.8336229264087417,4.0,6.044837522077423,10.809636605317982,0.0,43.0
550,-71.34145570949991,-17.671595911999958,5.111914616068609,0.0,12.832874036968395,5.483370595679391,0.0,13.0
551,-71.88612368649993,-17.122782994999938,7.225747138781738,0.0,25.579702218352924,52.23840851841155,0.0,0.0
552,-72.54372960249992,-16.674855031999925,0.9707526783400742,3.0,9.307306031433027,13.447085217144384,0.0,0.0
553,-72.50653815649994,-16.68687565399992,5.0643708740449185,0.0,13.486720363448574,17.210026528686818,0.0,0.0
554,-72.45420830099991,-16.70547418399994,0.509178258145751,2.0,8.229076348393557,22.862546498789822,0.0,0.0
555,-76.24854532499992,-11.394976731999947,3.4668807296716273,2.0,33.364986627721265,28.337621902692796,0.0,0.0
556,-76.25501727799994,-11.591673279999952,0.24654602501405884,14.0,37.13884708851735,6.67969724141771,0.0,904.0
557,-80.82095335799994,-5.522524625999921,3.21453339699714,2.0,34.47551575333281,30.91047939615625,0.0,0.0
558,-74.03687890049991,-12.147631807999915,5.323063823450761,0.0,120.91078406911379,142.02618218759648,0.0,0.0
559,-70.31870133149991,-13.407828436499955,0.9981531117149928,4.0,11.195040365153414,240.23135052894295,0.0,0.0
560,-70.25874265299993,-14.46471170299995,1.6997826571081627,4.0,10.694477335168374,122.7237215463162,0.0,0.0
561,-70.4590191309999,-13.702777577499916,0.4623053565572263,10.0,27.935817276219154,209.81770628146862,0.0,0.0
562,-70.23533223449991,-14.848634498999928,2.1535935094493546,1.0,33.454645465722486,80.14788070357525,0.0,0.0
563,-70.31432671349992,-14.775839660999935,1.2348667863420844,8.0,24.779876997044084,89.8673852469146,0.0,0.0
564,-70.28021666399991,-14.786710296499933,0.3928275007465152,7.0,25.974191110090857,87.84098250282997,0.0,0.0
565,-70.34707760399994,-13.436030248999913,1.682603186075723,8.0,7.111744140377253,237.42599024838773,0.0,0.0
566,-70.45909488499993,-13.738350403499936,1.0933444409578414,15.0,31.828340927042582,205.93016703244544,0.0,0.0
567,-70.19353459149994,-14.954570790499929,1.958018120895197,3.0,39.54249662207167,67.8065840324729,0.0,0.0
568,-70.38977180949993,-13.431939367499922,1.5224450277252146,6.0,3.43835590374682,238.4257421661517,0.0,0.0
569,-70.51080007249993,-13.86373868049995,0.7795444697438662,6.0,24.290644721159858,193.42246662526904,0.0,0.0
570,-70.46457767499993,-13.638441085999943,0.5202482004332883,13.0,21.12115949295502,216.96339065880684,0.0,0.0
571,-70.33068328349992,-13.427355270499959,1.0745240321931409,6.0,9.105597480870582,238.19824937500798,0.0,0.0
572,-70.43511116399992,-14.062666338499923,1.4160054077758126,2.0,0.8040318248583227,170.05826956586193,0.0,0.0
573,-70.47599411049993,-13.662244796999943,0.665729685978139,13.0,24.012488669369063,214.5843496209764,0.0,0.0
574,-70.20924279749991,-15.112768410499939,0.9944396845167445,3.0,43.27310846597898,50.79415565761859,0.0,0.0
575,-70.36327986849992,-13.282102219499933,4.418923771105563,3.0,19.993878993192375,254.63108251597095,0.0,0.0
576,-70.26207723899992,-14.266824783499914,2.3788932584620737,9.0,28.58980978428629,144.5999133735129,0.0,0.0
577,-70.51026808549992,-13.86863778299994,0.3843929196468628,8.0,23.762306705558807,192.87875977069157,0.0,0.0
578,-70.47186650599991,-13.765177809499932,0.4253627497853791,16.0,33.92083733567679,203.26132031116543,0.0,0.0
579,-70.28564401449992,-14.533636647999913,0.11222173735267271,4.0,2.5162184602630924,115.58371346605082,0.0,0.0
580,-70.37361310249992,-13.427168664999925,0.19220685999121825,7.0,5.046784825124429,238.7348082193764,0.0,0.0
581,-70.47395999699992,-13.786082108499926,0.784547117737247,12.0,31.652542184598797,201.02563883571224,0.0,0.0
582,-70.42997213799993,-13.537490759999912,0.8391729207404496,8.0,9.306406939412225,227.41596869643794,0.0,0.0
583,-70.35184020749992,-14.641607277999924,1.4079573371028231,5.0,11.447646331883572,105.32812514890716,0.0,0.0
584,-70.30622066499993,-14.186282259499933,3.9733648408078763,1.0,18.744966122781726,154.0928047708856,0.0,0.0
585,-70.35898717049992,-14.134236166499932,6.534102765353996,0.0,10.630666614627122,160.6914426119196,0.0,0.0
586,-70.19995716499992,-14.918159641499926,1.2481468947458596,4.0,38.68259154050124,71.91215585289747,0.0,0.0
587,-70.46565982949994,-13.99010940699992,1.4354108927079288,7.0,9.442535145676192,178.64194218981305,0.0,0.0
588,-70.36191654249993,-13.431735992499938,0.42414137742442876,8.0,5.81912896408945,238.08102104087882,0.0,0.0
589,-70.44123110049992,-14.047983776499933,3.174694202904251,2.0,2.5063062969242047,171.7927850843529,0.0,0.0
590,-69.86249422899994,-14.938460525999943,0.5554830801403432,8.0,63.31976520147225,73.66714420841605,0.0,0.0
591,-69.35669521549991,-14.807358513499935,8.56136922534939,0.0,104.95723740442658,115.83932403869568,0.0,0.0
592,-77.64578389199991,-8.573218734499932,0.7044095150598212,34.0,109.23323599701682,107.53791759237484,0.0,0.0
593,-76.83134634249993,-8.654560189499932,12.83862691875841,0.0,149.79063079361546,186.21052724927742,0.0,0.0
594,-80.35174677999993,-4.949758485999951,1.7111311256429835,2.0,21.66381290023566,37.65740956727258,0.0,0.0
595,-80.34293835749992,-4.930441709999911,0.7197275288405958,2.0,22.578115661592523,38.56616648332279,0.0,0.0
596,-80.23334950849994,-3.4974429494999413,0.8088163188057181,4.0,89.93254926972389,167.11444622255422,0.0,0.0
597,-79.82005753449994,-6.865995553499943,1.3900530507520426,17.0,23.733150660538552,3.0078778612732395,0.0,994.0
598,-78.61802639399994,-8.999530933999921,1.5694728383744727,3.0,12.515335704643848,20.758946459332687,0.0,0.0
599,-78.21583337599995,-9.93737672599994,4.547425446909169,1.0,1.5782515307300498,0.9282927861782437,502.0,933.0
600,-76.6329516209999,-12.70475642699995,2.1863356928801623,4.0,21.344513406524275,0.6134687592069682,459.0,3535.0
601,-76.5813501099999,-12.767811449999925,2.7628325363517923,4.0,30.178990213482535,0.9432490843557132,731.0,3372.0
602,-76.53545490999991,-12.820010184999916,1.1333660901555693,3.0,37.72412790427482,0.44732386307572797,963.0,1854.0
603,-76.16590102049992,-13.65029824499993,1.2790471498164717,4.0,29.5272093614058,0.8906293458181217,923.0,1678.0
604,-70.98295216699992,-17.293022051999912,0.9694204789678513,4.0,8.842361886017464,5.506473125369216,0.0,275.0
605,-76.13341788699992,-13.851194927499932,2.176498588297612,1.0,26.077086383521543,12.192833096724673,0.0,0.0
606,-76.05848488849992,-13.900033096999948,0.5158455134189617,2.0,16.768115727762144,20.654214621093747,0.0,0.0
607,-77.14082623249993,-12.049364534499944,2.0806874024889153,7.0,33.55129860223422,31.137267131075575,0.0,0.0
608,-75.61118252849991,-13.841935499499925,0.91300070886225,11.0,26.763190549555237,60.788382850512185,0.0,0.0
609,-78.80572049699992,-6.367337421999935,0.7100234857253455,12.0,69.2250449752772,113.86366272865384,0.0,0.0
610,-78.77441825049993,-6.36595885649993,0.5733935482059853,10.0,70.21312107256202,116.68724624221738,0.0,0.0
611,-78.70142294599992,-6.25672263149994,3.897795448627362,1.0,57.110794166354715,130.56124749479466,0.0,0.0
612,-78.69184951649993,-6.148110435499916,2.9206357563720706,2.0,44.98797187705227,139.32871938615267,0.0,0.0
613,-75.01912597949993,-9.879230141499932,3.188565147414146,1.0,132.13296713401957,215.2430261620334,0.0,0.0
614,-75.0161627084999,-9.850861382499943,0.017454342406704387,1.0,133.1854843314411,218.1778870343572,0.0,0.0
615,-76.02393421599993,-9.107059923999941,5.124452798016991,2.0,116.58061691265986,251.19439015117928,0.0,0.0
616,-76.10615509799993,-8.826240050999928,4.231124267856133,2.0,146.60167577463218,250.74808672364503,0.0,0.0
617,-75.67063091599994,-9.066536300499934,0.4517973164175177,11.0,132.70234758112454,281.47765574188367,0.0,0.0
618,-76.2809026484999,-8.591338892999943,5.076014144882596,1.0,172.6414354740466,242.92178167476442,0.0,0.0
619,-76.14144759699994,-8.745578990999917,4.1153566892860765,1.0,155.35453389574846,250.14784073020255,0.0,0.0
620,-76.20230924799992,-8.748730407499949,3.0227775006604882,5.0,154.8903847712922,243.7854323770607,0.0,0.0
621,-76.32687095699993,-8.381622258999926,2.7104141733946228,2.0,196.2356580885154,249.28749007121894,0.0,0.0
622,-76.42877865449992,-8.231364099999922,2.3058193982634854,5.0,212.05884890793146,245.67128509486952,0.0,0.0
623,-76.40533081199993,-8.251775060999933,1.7832692801319938,5.0,211.40005445081383,247.7701983598462,0.0,0.0
624,-76.46870246549992,-8.219484304999924,0.7400603181579803,2.0,211.03148114233224,241.63249826708423,0.0,0.0
625,-76.37307297899994,-8.297493671999945,0.6333994218666138,4.0,205.98293303950274,248.9002800977899,0.0,0.0
626,-76.61341184599993,-8.139287248499926,6.200869703916395,0.0,206.43047970131275,228.18710125752645,0.0,0.0
627,-76.64021345899991,-8.044200105499954,1.8299651503259313,6.0,196.61198447616837,228.30488307342281,0.0,0.0
628,-76.49388757849991,-8.202315125999917,1.778971147953516,3.0,211.45769877449868,239.3238101232953,0.0,0.0
629,-76.55814418149993,-8.19123284999992,4.024609445534919,3.0,209.23842923097635,232.69809178804863,0.0,0.0
630,-76.67083295299992,-7.72564400649992,0.5731831129396734,12.0,162.94339608881103,238.33967855738877,0.0,0.0
631,-76.67965974849992,-7.599613199999936,0.9567443429294347,14.0,149.7605325335173,243.948820185195,0.0,0.0
632,-76.66845428449992,-7.537168379499917,1.6770473350602133,14.0,142.76410518008595,248.01536255763003,0.0,0.0
633,-76.69562032649992,-7.375579401999914,2.1607824930418382,20.0,126.79716057687376,253.4395154897732,0.0,0.0
634,-76.73568569199992,-7.232017381499929,1.0782581398581585,20.0,113.94893967097525,257.7504368107343,0.0,0.0
635,-76.64994488049993,-6.285209981999941,1.1988611326298708,5.0,40.93407095943911,326.3416603416721,0.0,0.0
636,-77.11515644499994,-6.046114173499944,2.6273798680117997,7.0,19.62219978252091,295.86285287621456,0.0,0.0
637,-76.97254767349995,-6.061481699999945,0.06854847498285241,14.0,3.930122807065119,310.0301665394479,0.0,0.0
638,-76.86845387549994,-6.093804735999953,0.25057202173635884,32.0,8.874205903378488,319.4129542909083,0.0,0.0
639,-78.7684405999999,-5.8184495649999235,2.5095258810134333,10.0,14.455862006917847,161.47721650184843,0.0,0.0
640,-78.31153814599992,-5.806940937499917,1.9413603905561188,15.0,38.95783844691171,195.96228428368937,0.0,0.0
641,-78.2636018234999,-5.828084117499941,0.7722983416287763,20.0,33.16669664104818,198.32687741151355,0.0,0.0
642,-78.17175483849991,-5.8922575449999215,0.9064619675834998,13.0,21.39384001071865,201.61668234409098,0.0,0.0
643,-78.2178469804999,-5.863118398499921,0.712299865191833,22.0,27.13250996659741,199.65965219825824,0.0,0.0
644,-77.96524386849993,-5.915637808499923,0.4781096684591539,37.0,2.6155281501468295,218.64610641435604,0.0,0.0
645,-77.4524313924999,-5.829648490499949,0.8187146444151547,5.0,22.67198978955081,272.1656737186173,0.0,0.0
646,-78.77081985849992,-5.671776234999953,1.1124681168684438,7.0,14.623814516003625,174.8969086414152,0.0,0.0
647,-78.79103983149992,-5.7583345879999115,6.834599229057986,0.0,14.485311922247222,165.59010232001182,0.0,0.0
648,-78.80097908099992,-5.699085042499945,1.5714332493184668,4.0,16.31476351062477,170.55401932039467,0.0,0.0
649,-78.70328101599992,-5.769068367499955,1.9552779562416913,5.0,5.422017622362713,170.14677003764362,0.0,0.0
650,-78.7756098964999,-5.611206107499953,3.105914588964264,4.0,19.535712022669944,180.36093871550025,0.0,0.0
651,-78.7462587949999,-5.822937041499927,1.2544375115624857,15.0,12.845144164193364,162.50519510165765,0.0,0.0
652,-78.7240241154999,-5.79393181599994,1.2099750290754911,10.0,8.87939393189178,166.56046384810085,0.0,0.0
653,-78.43723933049992,-5.756255212499923,0.4007723740362389,15.0,24.770378667140317,190.07267623765551,0.0,0.0
654,-78.65508070999991,-5.735599703999952,0.749100961134411,9.0,1.1954131840541395,176.3130883665146,0.0,0.0
655,-78.53591736049992,-5.730933677499934,6.360640111026646,1.0,13.904611206591781,184.92823669690947,0.0,0.0
656,-78.3860719294999,-5.776647982499924,0.5867405405881492,14.0,30.604274026228467,192.37021236114953,0.0,0.0
657,-77.91272404199992,-5.775277849999924,0.7519161043247036,24.0,19.03422623734456,232.33739760281713,0.0,0.0
658,-77.77189715249992,-5.676418927999919,0.5991701683131105,28.0,18.228918396276253,251.4038632071213,0.0,0.0
659,-77.80384008999991,-5.693119746499917,0.5714187400153748,26.0,21.61675366467179,247.45374590338565,0.0,0.0
660,-77.90693529699993,-5.73685434199993,0.449780890006493,16.0,23.22809821566491,235.39071752199666,0.0,0.0
661,-77.90286700649992,-5.75527225299993,0.41194849548775,21.0,21.5100266457957,234.53145523547587,0.0,0.0
662,-77.90117521299993,-5.721686120499925,1.2447842049142521,13.0,25.031076793351186,236.91365834600865,0.0,0.0
663,-77.87948013199991,-5.701900642999931,0.7928420166612923,22.0,27.983962153216147,240.1552254766636,0.0,0.0
664,-77.73840760549993,-5.672971589999918,0.4094572377660723,29.0,14.628806470195716,254.63329800531173,0.0,0.0
665,-77.75418177099993,-5.6690931239999145,0.19608754094201922,28.0,16.42435864391532,253.4688321661887,0.0,0.0
666,-77.62119007699991,-5.692648801999951,0.012319850599888903,9.0,1.5032536045854874,264.06915757695435,0.0,0.0
667,-77.75815482249993,-5.667431923499919,0.23660880388770728,28.0,16.89161051370328,253.22141709581288,0.0,0.0
668,-77.6666086374999,-5.6750921144999324,1.2389258013081432,11.0,6.894600668718062,260.99981506510136,0.0,0.0
669,-78.8175377789999,-5.5268410454999355,4.487829976384591,4.0,29.79190246018185,185.93256111327818,0.0,0.0
670,-78.8244078079999,-5.487448901999926,4.746456716620769,1.0,33.85159658203757,189.2518704021215,0.0,0.0
671,-78.85350376549994,-5.238562213499932,2.3974295696956287,4.0,60.18515596907479,195.84753257115312,0.0,0.0
672,-78.81807276649994,-5.287302943999919,0.7208748028137386,9.0,53.755648848221014,199.55748964848698,0.0,0.0
673,-78.93190530999993,-5.1833962759999395,1.9357928744256543,15.0,69.25212331079943,187.61329342528884,0.0,0.0
674,-76.42613374699994,-6.472235714499931,0.9256116103819431,24.0,23.99404026964129,336.0509479844613,0.0,0.0
675,-75.00016669599995,-10.09126206849993,5.163359443891129,2.0,125.89480352873501,195.67969243637373,0.0,0.0
676,-78.13852693799993,-5.903229780999936,0.7991305497060728,10.0,17.551812504066476,203.79550957978716,0.0,0.0
677,-69.56869983149994,-14.667466521999927,0.6879786666136131,2.0,79.33168997980515,114.56557869238272,0.0,0.0
678,-73.99401089799991,-12.21894465099993,0.9348378465992871,2.0,114.3150344747649,148.0281959306491,0.0,0.0
679,-76.46494219599992,-10.448695940999926,0.7618163004953452,25.0,45.06876311247224,119.17484848716445,0.0,0.0
680,-77.46063772199992,-9.717526426499916,0.882225861797991,27.0,18.777363691910285,83.21164900962924,0.0,0.0
681,-75.32856655149993,-11.945466041499913,0.40123333658655774,10.0,28.128350981554284,0.14837498544978264,2623.0,3180.0
682,-74.31002724149994,-11.13677822899993,0.6467797005314058,4.0,119.97567363952164,140.729287541887,0.0,0.0
683,-76.84250827649993,-11.682422062999933,1.3228927984903052,24.0,33.59662643228541,26.089076778491822,0.0,0.0
684,-77.00787618549995,-11.862617738499921,0.14324132512298132,51.0,19.55307795173983,19.109568657812527,0.0,0.0
685,-76.71807432549991,-11.556847258499943,0.23022317010611154,39.0,39.5558166926052,7.145993163219045,0.0,1.0
686,-78.13960929299992,-7.3542059314999335,1.4084595056885905,13.0,107.29455181331093,123.95929980086657,0.0,0.0
687,-71.56781512699993,-16.410861294999933,1.992752198706538,20.0,11.360659120798475,21.285129789832034,0.0,0.0
688,-80.56523568849994,-4.700046746999931,0.6716949787148201,8.0,26.152745784174375,29.059389603405055,0.0,0.0
689,-73.73560901049993,-12.618715848499932,1.44994941464312,11.0,87.86465787249557,188.3172360079608,0.0,0.0
690,-80.18720274099994,-4.687493962499929,3.5102531561266788,3.0,48.38591466712497,61.968394247309185,0.0,0.0
691,-73.65942395149992,-12.718763135499927,6.7913323019276355,0.0,86.07340693067557,200.4150367839928,0.0,0.0
692,-73.61808954049994,-12.780291280999933,2.342214657094561,3.0,85.56858043974563,207.40001835621254,0.0,0.0
693,-73.38405822699991,-12.763856938499941,2.8329808408722075,1.0,108.36194460133645,229.72701753924335,0.0,0.0
694,-76.16407880649993,-13.753993542999922,5.423150416407661,0.0,34.12864512855907,0.8956565012642864,139.0,605.0
695,-80.2907304384999,-4.94683074449992,3.7795331561308583,1.0,26.22957897170322,44.39180836520953,0.0,0.0
696,-80.22454664849991,-4.996038219499923,1.085302667121714,4.0,19.0097581180228,52.188797409349036,0.0,0.0
697,-80.13549601149992,-5.118912176999942,1.1408086018182833,7.0,8.998557210461744,58.35596110661201,0.0,0.0
698,-80.10527177399993,-5.138817305999936,2.891306361420506,6.0,11.108225248513378,60.65915052132612,0.0,0.0
699,-80.05482153049994,-5.163478447999921,2.2457526038372464,4.0,16.292853847384936,65.1308725811835,0.0,0.0
700,-79.42445463799993,-5.192973372999944,2.539411034160312,13.0,38.49612626781988,133.22173669815857,0.0,0.0
701,-77.80757608749994,-9.050865676499939,1.4046337322879572,35.0,71.81080329229357,70.36361894803672,0.0,0.0
702,-78.19065352399991,-8.146387534999946,2.5230359386250596,3.0,72.6250805662969,67.90336249031668,0.0,0.0
703,-79.47295415549993,-5.1245642364999355,4.690219799711357,1.0,40.61619524904067,128.98438586344463,0.0,0.0
704,-79.53821096699991,-5.018377149999935,4.749858852176927,1.0,47.83325046378545,124.57971140571846,0.0,0.0
705,-79.5888806264999,-4.80773492849994,1.5979528823999067,20.0,69.2540126677667,122.86077325641106,0.0,0.0
706,-79.63182405749993,-4.642888178999954,2.162910909469921,16.0,85.82725619549946,121.61599408224131,0.0,0.0
707,-75.27404978499993,-9.630278605499939,2.3350678127184343,1.0,115.90230967577651,229.4839173407073,0.0,0.0
708,-75.96497950249992,-12.715443098999941,0.22256056879765262,13.0,52.87604962398523,61.83235935364466,0.0,0.0
709,-76.03879871749993,-9.318913503999937,0.8405796920299016,5.0,93.09541083496411,244.1868655305037,0.0,0.0
710,-76.15311119099994,-13.80612295049994,3.26842856974896,1.0,30.068240166218843,6.811532324838917,0.0,139.0
711,-76.16407384149991,-13.777463613499918,6.667134997082482,0.0,32.681045820269,3.4959761638396696,0.0,605.0
712,-77.95612876649994,-8.191919706499931,0.5266740552457737,9.0,98.9295197694772,88.9980312937222,0.0,0.0
713,-76.69352792499993,-9.298826492999922,1.5464494649360587,3.0,101.05699137458043,174.85845589707966,0.0,0.0
714,-70.84164047249993,-14.931380271999927,2.232955193396095,7.0,30.28564594768409,95.04257959026002,0.0,0.0
715,-77.88760143499994,-6.744174186499919,0.7463563768417324,20.0,90.94090943015445,186.92809542037622,0.0,0.0
716,-77.91111381099992,-6.296320115999947,1.7004531126408433,38.0,41.29586450099153,203.84366949676806,0.0,0.0
717,-77.05621170899994,-9.344562445499946,0.5365740120059909,32.0,70.46431043686972,134.86233780044216,0.0,0.0
718,-70.34173403999992,-15.02994312249993,1.8195168449384946,2.0,26.37713206039581,64.01338654500637,0.0,0.0
719,-79.8745168184999,-6.778661602999932,1.1501426183355057,3.0,12.669764623803998,14.425905260287312,0.0,0.0
720,-78.29238998449992,-8.125160842999918,13.079855750968727,0.0,61.183722510466914,60.14491832170475,0.0,0.0
721,-77.94829006299992,-6.829087780499947,0.6658662735080343,28.0,99.84812748702694,175.59031016401207,0.0,0.0
722,-78.30428283199993,-7.066870337999944,3.9453587247950814,4.0,121.81158395119638,128.95665514041357,0.0,0.0
723,-77.82594087399991,-6.580827869999922,0.22720357541281389,16.0,74.21584833913592,202.94705460221897,0.0,0.0
724,-76.24312438999993,-9.290797649999945,6.680840516540189,0.0,94.75457424068631,223.67412942356884,0.0,0.0
725,-72.65156518599991,-12.988969016499937,1.1935955970601868,10.0,110.65875627059194,312.69975173746167,0.0,0.0
726,-70.35944874549992,-15.121493611499943,3.065701503216345,2.0,30.980765578219643,55.72174674551834,0.0,0.0
727,-70.29287065049994,-15.253414118499933,2.2420614983376983,2.0,46.7652185064764,39.44464672134242,0.0,0.0
728,-71.64767886249993,-13.687211078999923,0.8901092723312057,22.0,103.44913461118378,258.3753783397628,0.0,0.0
729,-71.41551971449994,-14.78687572499993,4.761397850592182,1.0,53.895535876650456,148.1041673040979,0.0,0.0
730,-73.4347878769999,-13.92938979549993,13.046267610157209,0.0,41.738168398222896,199.85744390231903,0.0,0.0
731,-80.55050277399994,-4.904606818999923,8.442937611101836,0.0,3.352501993331462,15.8126364901109,0.0,0.0
732,-81.17603222149992,-4.5993703364999305,3.0801543458097096,1.0,1.6051210967938352,64.76325743906182,0.0,0.0
733,-81.11365497849994,-4.661584876499944,6.237188569608532,1.0,8.480956219486067,55.159970882373344,0.0,0.0
734,-80.69838097799993,-4.900635608499925,0.9820755390395561,13.0,15.247163667871968,3.2937446254999623,0.0,998.0
735,-80.88899842099991,-4.836563822499926,1.4574885988313986,5.0,30.539812341075624,23.80963485847052,0.0,0.0
736,-80.72062013299993,-4.870167358999936,2.369608552716384,14.0,18.75407356315799,7.350188298485758,0.0,998.0
737,-80.47065486749992,-3.5825066774999357,0.8753392433685461,32.0,62.948178722436,151.7425736767373,0.0,0.0
738,-80.93971839249991,-4.797471539999947,0.4523967959851969,6.0,32.81439464847621,30.820441744178634,0.0,0.0
739,-81.02775448599994,-4.731516587999948,0.4351163132674583,8.0,20.66827927551504,42.952179312187916,0.0,0.0
740,-71.3059113859999,-14.535447539499927,0.26289502858435676,2.0,29.89577409612577,160.13616139601822,0.0,0.0
741,-80.36162698599992,-3.531455154999918,4.018147835727692,3.0,76.02828009441197,159.67310685847372,0.0,0.0
742,-80.9718461914999,-4.050125205499938,1.982906481487091,4.0,14.455981596764982,102.6000592827332,0.0,0.0
743,-80.55287332199993,-3.6281524689999287,0.48042643677708624,27.0,52.664334463594564,145.49500424693642,0.0,0.0
744,-81.20703313699991,-4.550371941999941,2.042065569652967,2.0,7.646929468482944,70.74383510470204,0.0,0.0
745,-81.17231170799991,-4.460713240999951,2.5188433582971532,2.0,15.792134854237387,74.3742657551682,0.0,0.0
746,-80.81235558899994,-4.843141971999927,0.7070214990407321,3.0,24.88957788637306,16.222446291342255,0.0,0.0
747,-80.76296050399992,-4.85490131149993,0.44981864206164257,5.0,21.44582411193928,11.338437559580926,0.0,295.0
748,-80.31116160949992,-3.512670161999921,1.894406855304711,2.0,81.8051702827024,163.06265837314865,0.0,0.0
749,-81.00309764849993,-4.074355010999938,4.225692455341508,1.0,18.472673058304572,101.16744930549702,0.0,0.0
750,-80.26616152649993,-3.503303588999927,2.8020990577869616,7.0,86.52369240114666,165.42070098600632,0.0,0.0
751,-75.30984916699992,-10.828116461499917,0.1342742302413335,44.0,37.36135798068437,108.50263112823178,0.0,0.0
752,-75.37573497299994,-10.687795595999944,1.3656118991355943,12.0,51.47417903590752,117.88047063956064,0.0,0.0
753,-71.40490454049993,-14.789370331499953,5.002203341099966,1.0,53.22147909312956,147.0614137023944,0.0,0.0
754,-73.86527557149992,-12.668337554999937,1.9420949713505868,7.0,74.73059643238837,177.84722686968266,0.0,0.0
755,-77.51480825149994,-6.351985713499943,0.43904016327782547,28.0,69.68673042067766,242.8871566168864,0.0,0.0
756,-79.81407361549992,-6.383789278999927,2.713777000351948,8.0,28.985814965745067,56.09278063442758,0.0,0.0
757,-80.45624163249994,-4.530257028499932,2.085595739715052,1.0,46.05592977219911,51.44307110568255,0.0,0.0
758,-76.74411869049993,-11.966403961499935,0.14287592686692757,91.0,18.584957898799875,10.907447980599985,0.0,0.0
759,-75.08194065099994,-11.720578594999921,0.26715623220088536,16.0,51.76159412314659,35.06829077794789,0.0,0.0
760,-78.26343333899993,-7.9873977689999265,5.015540652783878,1.0,63.51418141117557,72.9723246198374,0.0,0.0
761,-77.32908495649994,-8.514080921499925,3.9061299543723655,5.0,143.30531952815036,142.85627183041,0.0,0.0
762,-73.88597221149993,-12.71992656699993,1.2145131643415437,9.0,68.79382803257212,178.48115086886187,0.0,0.0
763,-80.58624553349992,-4.748578071499935,1.696065805726076,10.0,21.13468717775592,23.213927532694072,0.0,0.0
764,-80.57812547499992,-4.730264283499935,0.7592027753728348,11.0,22.97728028520189,25.42848681070681,0.0,0.0
765,-79.89694819149992,-6.6589773839999395,1.871557838630192,4.0,0.924013785152983,27.4546321335601,0.0,0.0
766,-77.15095905499993,-8.603859760499944,0.10842179291860249,27.0,144.2885668828568,157.57870454252082,0.0,0.0
767,-70.44756823199992,-16.882664637999937,13.433068508615497,0.0,32.6774391238393,76.93265699272082,0.0,0.0
768,-80.69572513549991,-5.146720930499953,8.335988788721082,0.0,12.135477803603283,0.41669828144831084,1023.0,4445.0
769,-80.55111115899993,-4.687976980499911,0.8129530557402447,8.0,27.418444738304853,30.99643181602963,0.0,0.0
770,-80.60976407799993,-4.784396899999933,1.4427423170375986,7.0,18.095958977357114,18.4634371173788,0.0,0.0
771,-77.09459858749995,-11.848574448999926,0.591157830375394,48.0,12.435282034028653,11.215113315280943,0.0,902.0
772,-78.30603359149993,-8.012686136999946,1.3866928139873056,1.0,58.69704725882606,67.73148355752676,0.0,0.0
773,-75.08168411249991,-11.718941135999927,0.17106037609986893,16.0,51.944563642486614,35.17172721334173,0.0,0.0
774,-76.97416295899993,-12.056164665999916,1.3289285896630094,46.0,38.95603655925904,24.69177813157324,0.0,0.0
775,-79.84261929999994,-6.468562729999945,2.372155759054736,3.0,21.767657313480278,46.846551515637486,0.0,0.0
776,-70.93912442599992,-14.965430346499915,5.983221321446418,0.0,41.031162634158804,98.16524866074342,0.0,0.0
777,-72.70532798749991,-12.849383354499935,0.17922809413397223,8.0,123.23542850933049,301.8508559432289,0.0,0.0
778,-69.95789276649992,-17.77652336299994,0.20370108490712932,4.0,61.83498925827796,119.13977278843463,0.0,0.0
779,-75.99463847699991,-9.897762351999944,2.320561229881888,7.0,34.95385991945347,187.36787140543467,0.0,0.0
780,-77.07076933399992,-11.908888680499956,0.19893808925320677,70.0,19.61240390808909,18.198895014472633,0.0,0.0
781,-77.11879253399994,-11.999451636999936,3.9492191144477466,10.0,28.131622741448986,25.897625095320922,0.0,0.0
782,-78.34264628149992,-7.0993642624999325,1.3293842810551313,5.0,116.61882155712475,123.41487295854226,0.0,0.0
783,-72.24321567199993,-14.117292252999931,0.4581216618081518,5.0,90.03075901902717,245.03174297009753,0.0,0.0
784,-72.69118404399993,-12.88137054449993,0.6602667426756889,8.0,120.33129078449062,304.47805539226283,0.0,0.0
785,-72.41588849599992,-13.06069406599994,2.0391092068229923,7.0,116.27744430139248,339.38598623177813,0.0,0.0
786,-74.02407134949993,-12.948431925999927,1.1005823770092535,15.0,39.68811758798991,179.76670142183772,0.0,0.0
787,-77.36561737749992,-6.489006302499945,1.246419406873447,19.0,67.65920480164836,249.05439727757445,0.0,0.0
788,-78.43525547949994,-7.153924230999934,3.462134380135282,1.0,106.64973918415495,111.98994209409985,0.0,0.0
789,-74.94329216799991,-12.77484733399993,1.1625064270646688,22.0,66.77518483237142,100.32595635622313,0.0,0.0
790,-72.11384457949993,-14.337810554499953,2.0090561362948094,4.0,111.66756561825571,217.96791131358944,0.0,0.0
791,-77.48075119899994,-8.54509781899992,2.0792080937922313,13.0,126.76210433549183,125.90181489564274,0.0,0.0
792,-77.21724011899994,-6.416377482999934,2.7475126243543135,1.0,50.78972167360106,266.906788845883,0.0,0.0
793,-77.09166305899993,-8.642860142499956,2.1614194050995743,10.0,141.47278589830174,161.09079865965816,0.0,0.0
794,-77.13474350599992,-11.905169933499934,2.494061347975525,33.0,17.543753225983313,15.2716851511828,0.0,0.0
795,-76.15675039699991,-13.72408574949992,3.071760882740066,3.0,35.557758853944186,2.5461697191184878,0.0,1519.0
796,-79.75068580099992,-6.188014198999923,3.546814489284449,10.0,28.720979507657447,78.07790309310548,0.0,0.0
797,-71.30558540899995,-14.529663400999937,0.8413235410462887,2.0,29.711567146789974,160.61676033889572,0.0,0.0
798,-71.30613213749993,-14.533084767499929,0.46303433229262264,2.0,29.85601029909299,160.35613060936402,0.0,0.0
799,-70.89919985699993,-13.505179978999934,0.14453728630443718,11.0,27.542868537907886,243.78480688248453,0.0,0.0
800,-73.51819392199994,-12.79471760599992,9.119311698517631,0.0,93.9360641173376,217.8716887568488,0.0,0.0
801,-69.57724117449993,-10.942395775999927,0.09842584999961271,8.0,61.496718271359484,516.4339577069239,0.0,0.0
802,-70.73916608149992,-13.223041078499932,0.2530820930391335,5.0,8.397257345922712,268.50893871826423,0.0,0.0
803,-69.38341168949992,-12.682348635999915,6.444187696883836,0.0,48.38903588909652,329.11930937108366,0.0,0.0
804,-76.66959803749992,-9.71126516849995,0.7190818501555446,11.0,70.57899988587235,163.0077779184464,0.0,0.0
805,-80.31003258499993,-4.869612073999946,7.5730596625371085,0.0,27.195311780987428,42.73265112473743,0.0,0.0
806,-79.97054968949993,-4.423612271499934,0.6598345991647716,7.0,85.4657756567126,97.66457320800451,0.0,0.0
807,-79.96631435549995,-4.401800434499933,0.9251633029487768,8.0,87.44220468475876,99.46058647916473,0.0,0.0
808,-78.09908734349995,-8.485537745499954,0.06989670028105034,21.0,77.57887392040158,60.45963763470995,0.0,0.0
809,-77.12541203149993,-11.997151967499946,4.046899018376876,8.0,27.816042079897365,25.532361172440943,0.0,0.0
810,-71.32334167249991,-16.045483328499927,1.196805948288064,3.0,9.681118502908502,44.59328561791144,0.0,0.0
811,-71.45961994899992,-14.13881604149995,2.7242537712079127,4.0,58.5873576689105,205.34533899551593,0.0,0.0
812,-71.30010114899991,-14.83130550349992,7.235709916949921,0.0,49.18294480976126,135.56555377471872,0.0,0.0
813,-71.33225082599995,-14.735734702999935,8.293990775706433,0.0,43.42992834530906,145.42318162087818,0.0,0.0
814,-73.42702269299991,-12.789467956499948,7.323113278982329,0.0,102.91591624528832,226.60040499699366,0.0,0.0
815,-71.43363536649991,-14.211670104499945,3.5441158620190993,2.0,51.514406575476244,197.19014744374476,0.0,0.0
816,-69.25728997799993,-12.626324238499905,4.685620464104115,3.0,37.479936122172774,338.59294262044125,0.0,0.0
817,-78.47490297649992,-7.186837796999924,1.7641199792743192,13.0,101.5292841044545,106.33882914906552,0.0,0.0
818,-71.42329708749992,-13.638544730499916,0.7006811074810819,21.0,79.4503298928872,251.0121246801512,0.0,0.0
819,-71.5166121254999,-13.634264887999933,1.849655597102528,7.0,88.13818819616363,256.1875777729379,0.0,0.0
820,-75.48820495599992,-11.80390184999996,1.526794441310058,16.0,42.04428988037779,2.86987058394956,0.0,7752.0
821,-70.45530503549995,-16.724919065499932,11.458201684566728,0.0,42.52643737557643,89.0431292872505,0.0,0.0
822,-70.69348800599991,-13.204232925499923,0.3567801062065569,5.0,13.315171387449297,269.33242679626744,0.0,0.0
823,-78.66424125199993,-6.553446499499927,2.5069819825467974,6.0,89.92908118231193,116.1841427390644,0.0,0.0
824,-78.51967568449993,-6.689177926999946,0.6331798053343145,11.0,103.0448033723431,125.76831789835124,0.0,0.0
825,-70.08774323399993,-12.900322271499931,2.005720503788152,2.0,33.86186121854219,295.5633944930281,0.0,0.0
826,-69.85044210749993,-12.885823655999957,2.4719325224303743,4.0,8.089971321559933,298.4319317066955,0.0,0.0
827,-70.90069133549994,-13.389940356999915,0.3554934701367234,18.0,17.17281891705202,255.8853905261097,0.0,0.0
828,-76.19240205349993,-10.412643146499931,0.6574667505339398,38.0,30.132387619848878,132.6119335731979,0.0,0.0
829,-72.76346077849993,-12.603712239999936,7.8035491779022434,0.0,148.07418332133204,287.9174156811993,0.0,0.0
830,-76.78344296449993,-10.664771750999932,0.4795684138986073,34.0,82.43862678968145,92.89918845496975,0.0,0.0
831,-80.33851377199994,-4.91978184599995,1.4224807530412107,2.0,23.122052739573835,39.0709296840167,0.0,0.0
832,-80.19410951299992,-5.033125185499927,1.5354483817390447,2.0,14.74556684033178,55.698314828242125,0.0,0.0
833,-80.17514749899993,-5.069120032999933,3.420432741209156,5.0,11.120547629776638,56.89775889665006,0.0,0.0
834,-70.98078723349994,-13.585387075999932,0.11045874334066984,10.0,39.65229343990765,238.71583688497964,0.0,0.0
835,-77.16139830149993,-9.428357637999937,0.9485910852457187,18.0,56.57268449041731,121.77549801382919,0.0,0.0
836,-76.16544737549992,-13.008797517499914,0.7296082182661041,9.0,14.973611947015703,27.60486684774511,0.0,0.0
837,-78.04867407499992,-7.6170515089999355,3.9100240711964194,4.0,98.19736653697345,119.69454794932362,0.0,0.0
838,-78.99495159799994,-6.020602947999919,0.34529692697629083,15.0,30.773260073855194,128.86407825510713,0.0,0.0
839,-76.19085898799995,-10.572173983499937,1.1050174406901718,21.0,47.87213877011952,115.22421548895602,0.0,0.0
840,-70.01833770949992,-16.092546534499945,3.6619792558168442,2.0,38.58899087834306,23.705361779838118,0.0,0.0
841,-69.78765147499993,-12.882113324499926,2.1283643717445946,4.0,1.2716640173239193,299.5394648156803,0.0,0.0
842,-70.12946471199993,-12.910195117499939,1.0339519406626827,2.0,38.45220071741064,294.47180550405847,0.0,0.0
843,-69.21716140949994,-12.596369974499908,1.3689707315600692,11.0,33.330389642997744,342.9853474361418,0.0,0.0
844,-78.99668540949995,-8.17553722349993,2.087792907864591,3.0,24.07294409997258,0.16818455820395992,337.0,6583.0
845,-76.19289021599994,-10.563053751999945,0.6873242760857013,16.0,46.85594713588882,116.26233214103593,0.0,0.0
846,-78.15308080299994,-8.090908330999923,0.4969494791836215,9.0,75.86208506432406,74.73060518575898,0.0,0.0
847,-79.1438468394999,-6.024286422499927,1.9658723341909738,8.0,15.999214123549717,119.89160190620805,0.0,0.0
848,-70.52994154199993,-13.199171415499933,1.1498652606184452,3.0,29.232208219269282,266.2926882565352,0.0,0.0
849,-70.01055131049992,-16.07861183749992,2.41745628561665,2.0,37.7257567891425,21.990987387329252,0.0,0.0
850,-76.04966437799993,-9.312761926999912,2.215126077028468,4.0,93.55625953637806,243.67144099723217,0.0,0.0
851,-70.94651405099992,-17.20281346549993,3.651650973508868,3.0,3.282872868233822,16.14230901245727,0.0,0.0
852,-70.47016526199994,-16.77970651949994,13.611444837570799,0.0,37.094991334234024,83.37650326165681,0.0,0.0
853,-71.58825050649992,-13.651870179999946,0.21850267233214107,20.0,95.96318761792318,258.35684389407373,0.0,0.0
854,-70.3376674969999,-18.156671291499947,3.8818134323569327,2.0,41.87997336663814,102.15836863131327,0.0,0.0
855,-76.19368086249992,-13.403859289999929,5.826173229266912,0.0,2.0717529870272053,11.37974922948658,0.0,565.0
856,-76.05757588249992,-9.660206264999943,0.3658429948802293,10.0,55.643123282783684,214.02494545550059,0.0,0.0
857,-76.07934542499993,-9.67851399549994,0.2866663693441269,6.0,53.06307062241801,212.1304488094224,0.0,0.0
858,-76.08603418799993,-9.69519179599996,1.0825911145320368,6.0,51.087340861518975,210.32804715064782,0.0,0.0
859,-76.23030567149993,-9.919278144999936,0.627019825748139,60.0,25.01352185231504,182.58548772434855,0.0,0.0
860,-76.07961332899993,-9.676871388999928,0.26367557535669484,6.0,53.23333593772493,212.31459682534197,0.0,0.0
861,-76.05871866149994,-9.662229891999914,0.11300455300370484,9.0,55.39252979739189,213.80678345530328,0.0,0.0
862,-77.46238579199994,-8.340192008999935,3.258430530537864,1.0,140.0379663526142,132.17057863219856,0.0,0.0
863,-70.56543269249991,-13.18748761449993,2.032196800621251,6.0,26.126367022638803,268.25335969438044,0.0,0.0
864,-76.74184063649992,-10.68455191149991,0.039871411991501814,34.0,81.96050941543196,90.35307299990993,0.0,0.0
865,-70.89229921749993,-13.551905047499929,0.16682005396705435,13.0,32.00083841161363,238.6583017627492,0.0,0.0
866,-76.76861165849994,-10.669044956499931,0.7502351668256386,33.0,82.52362276658627,92.2756853200799,0.0,0.0
867,-76.77503723299992,-9.169010062999945,5.436709890060469,0.0,104.71624711052465,169.41088991216577,0.0,0.0
868,-76.89199073199993,-9.063495034499937,3.1541241493188754,1.0,106.51456103693286,160.5500699500425,0.0,0.0
869,-76.94492836949993,-9.05556715949993,1.3509958301862914,15.0,104.33869775612749,155.39332779304158,0.0,0.0
870,-70.72607267799992,-13.21689162599995,0.3478780285135435,4.0,9.821843252889133,268.8160746199812,0.0,0.0
871,-70.75092818749994,-14.853132351999932,0.8244264670304806,1.0,21.872523923007716,97.80016452244419,0.0,0.0
872,-69.83912067599991,-16.75461285949993,2.3574705985032436,2.0,21.71536764588803,84.9009206180025,0.0,0.0
873,-80.85894550149993,-4.847084927499907,4.485075685466263,2.0,27.465227455084083,20.317928615391363,0.0,0.0
874,-78.03586737349994,-7.820060094499951,2.8592159639530266,7.0,91.35229504272549,103.8304233034702,0.0,0.0
875,-80.62578470799994,-5.214945610499939,2.3614802575580915,1.0,8.28927682007955,8.636633341825103,0.0,1023.0
876,-70.59485714149992,-14.893401913499929,0.21876401910315527,4.0,4.858510366163633,87.45294543400831,0.0,0.0
877,-80.60356239499993,-5.19029816199992,2.2661577662229533,2.0,11.051506979609714,9.445356605266188,0.0,2.0
878,-74.61470660799992,-14.765362718499944,6.138578994139433,0.0,38.187572623295765,54.24724513730915,0.0,0.0
879,-74.2249064204999,-14.679670478999952,2.6985295336548996,4.0,7.945429989523268,95.61160118640608,0.0,0.0
880,-76.08449816999993,-12.89808464999993,0.290395236880956,18.0,29.299669979218052,42.36821037733393,0.0,0.0
881,-70.87989640299992,-14.94695140649992,0.2642723591445865,7.0,34.49269359558594,95.95557935834942,0.0,0.0
882,-70.90048265199994,-13.404853098499956,0.6137695947196051,19.0,18.340334501278914,254.3149855365019,0.0,0.0
883,-72.28457509749992,-16.429329505499936,10.988265094377242,0.0,36.7523657886718,38.38769995124234,0.0,0.0
884,-73.32679139149994,-16.330514471499924,1.5253296104321552,3.0,30.346557553221402,79.12415199901868,0.0,0.0
885,-72.85282910449993,-16.546475197499944,1.5098705229957066,1.0,26.605369077671934,24.06321827614717,0.0,0.0
886,-72.66229807799994,-16.64964717099994,2.694850853629926,3.0,3.939267592906748,8.08626352733484,0.0,104.0
887,-72.62164590599991,-16.57104239049994,3.286061103880089,4.0,8.29530993457181,0.6382887393439612,104.0,104.0
888,-73.29977015649993,-16.346938620999907,1.8907931193330734,7.0,33.69620786646021,75.7955843925649,0.0,0.0
889,-73.55267092049993,-16.248338126999954,2.112217318962413,2.0,4.564603663224073,104.90390212785945,0.0,0.0
890,-73.35447383749994,-16.31669165099993,1.6094007105137975,4.0,27.04276582300984,82.42589391754336,0.0,0.0
891,-73.49813677549992,-16.271625347499935,3.5984444839260745,2.0,10.931209365491648,98.54793109483704,0.0,0.0
892,-73.22398986849993,-16.39650145999994,1.9378874872429808,7.0,43.30250304053093,66.39280328345502,0.0,0.0
893,-71.87567712049992,-16.487003397499933,2.706665600143262,5.0,22.63692041379362,2.5809417109631445,0.0,6815.0
894,-72.88294846449995,-16.53101533699993,2.393375077363965,1.0,30.240622519649854,27.482016249217214,0.0,0.0
895,-72.95236157549994,-16.499429629999923,10.531323200518324,0.0,38.431571690634904,35.42745090031634,0.0,0.0
896,-72.34548902249995,-16.45672673699994,11.72141115619925,0.0,32.323463286181216,32.69858034575266,0.0,0.0
897,-72.79540765249993,-16.58563104849992,5.576324303663717,0.0,19.2840730649299,17.838030509640582,0.0,0.0
898,-73.12363518399994,-16.426909159999923,0.7362985950323968,14.0,54.46001996839878,55.167644412091434,0.0,0.0
899,-71.94409843299994,-16.459099073499914,0.9054407141093466,7.0,29.129337514205158,2.1065481597224016,4.0,495.0
900,-76.14099684299993,-13.829688715999936,0.41177623812978387,1.0,27.741191668901276,9.668115667534622,0.0,139.0
901,-71.83362413499992,-16.50299226249993,1.5206912057164406,8.0,19.13302246424765,1.0430538999539352,6210.0,6352.0
902,-73.39982207999992,-16.300869909999932,1.822287375773184,2.0,21.89332782121123,87.57531172269664,0.0,0.0
903,-73.15785308349993,-16.422435075499948,0.24661212694856657,13.0,50.91804335493199,58.806490462140246,0.0,0.0
904,-73.08101850399993,-16.44842916299993,2.369119612758819,14.0,53.2650592594512,50.13150246588925,0.0,0.0
905,-72.70057783849992,-16.607814749999932,1.3204562192183904,9.0,9.02630111314079,8.145219036762517,0.0,104.0
906,-78.63369937049993,-6.556257594499925,0.7122161953675923,8.0,90.29070302242238,119.10659559315138,0.0,0.0
907,-77.53285503349991,-9.525868772499933,1.0793168740714043,41.0,41.509210647377785,79.93469443179538,0.0,0.0
908,-76.00938841399991,-9.311147196499945,1.4688612637444387,7.0,94.58844031031978,247.26529825158357,0.0,0.0
909,-72.90924674149991,-2.9438701734999313,53.12471519297682,0.0,529.0045100271642,868.9858747919645,0.0,0.0
910,-71.35247560349993,-17.550553304499914,1.9109334694940778,1.0,18.627825129031724,0.9843792233476546,25.0,25.0
911,-71.42418414549991,-17.345831823499935,1.7586454754784977,1.0,27.417971310562773,13.706353729546695,0.0,0.0
912,-71.4079028104999,-17.370442719999943,1.57418884689029,1.0,30.321307407453425,10.52128634717563,0.0,18.0
913,-71.38899790799991,-17.39350905349994,4.311888304893586,2.0,33.41556175857971,7.478799661372564,0.0,18.0
914,-71.47356724649993,-17.278051525999928,0.6740151011225639,4.0,19.498996383927015,22.77631717589627,0.0,0.0
915,-71.44965153699991,-17.304749215499925,1.528926368063283,4.0,22.938040443641928,18.983463688336176,0.0,0.0
916,-71.61988196649992,-17.222046534499924,17.292049905625,0.0,2.9475347189960797,37.15628403349374,0.0,0.0
917,-71.84232792799995,-17.13982378499992,2.4678353382926814,2.0,22.621849777545883,54.38878094726991,0.0,0.0
918,-71.78781423099991,-17.156680177499936,2.2155089879287613,4.0,16.579274994941326,55.39143448800875,0.0,0.0
919,-72.07316549349991,-16.99768687899993,3.2156304053768476,2.0,1.652074550356869,42.89180651298505,0.0,0.0
920,-72.03433784999993,-17.00965761449993,3.1391050829910174,3.0,5.444725119859003,42.44266502935715,0.0,0.0
921,-70.1149498174999,-15.47481398949995,2.1119819727074955,2.0,58.42284192756465,9.350238141486589,0.0,5.0
922,-69.83857354449992,-15.241595168499941,1.388198497493786,6.0,85.25317100488311,45.33437928027386,0.0,0.0
923,-69.86681608149993,-15.25737411749995,0.7038949934890616,6.0,83.27831352292678,42.08288205839123,0.0,0.0
924,-70.07305118099993,-15.399532671999935,7.988510166375023,0.0,66.19037862853563,17.98364505473788,0.0,0.0
925,-69.00536850099991,-14.085600029999938,1.4232515052626082,12.0,148.52825563101842,201.95260412920513,0.0,0.0
926,-69.92876110299994,-15.282723984499938,2.907551896600082,4.0,78.78981406584266,35.992201935872174,0.0,0.0
927,-70.00651013299995,-15.316464949499931,2.799506415393543,8.0,73.90188542220717,28.885997261366978,0.0,0.0
928,-68.96229951649991,-14.03074343049991,1.175273431467933,5.0,155.18935898111022,209.6170552735575,0.0,0.0
929,-72.67480399049992,-12.629128409499941,0.743214381938866,2.0,147.64820651111387,297.93843961347056,0.0,0.0
930,-80.38262471499993,-4.992272371499951,7.544906426719823,0.0,19.277297162234497,34.84367768527346,0.0,0.0
931,-75.02862615899991,-12.441986156999917,0.5127017850318691,14.0,36.04850902172934,63.25457650888576,0.0,0.0
932,-74.13830971749991,-13.347436523499937,3.823829003248642,1.0,21.09616180445378,182.93836044907312,0.0,0.0
933,-73.87985796799992,-13.410285270999935,2.01486401508746,17.0,48.00497764856384,195.1064673479015,0.0,0.0
934,-74.20748644149992,-13.17289594299993,0.7616499445286627,93.0,8.226619558231771,182.15309164189125,0.0,0.0
935,-74.34521796549993,-12.840162527499928,1.2180303675512945,30.0,41.89587145779616,145.35599356184113,0.0,0.0
936,-74.26625124999993,-12.925053038499954,1.2539246711250218,6.0,31.72876415982255,158.0474349542697,0.0,0.0
937,-73.59442281549991,-13.603302824499906,1.5655007779995211,3.0,67.86819022751274,203.78384607478802,0.0,0.0
938,-73.23394275249993,-13.684612844999947,3.5350818575377194,3.0,31.719352873681633,231.62659621276111,0.0,0.0
939,-71.97543725149993,-13.53082434299992,0.7452933710418945,105.0,123.22933805591633,292.7964902353489,0.0,0.0
940,-74.54401688399994,-11.30550424349994,3.1836059952272935,3.0,95.99198256354052,109.07099394413206,0.0,0.0
941,-74.49507362649993,-11.319372097999945,1.7407928655112377,11.0,101.5199701577182,112.70073628939421,0.0,0.0
942,-75.19690515849993,-10.936901947499933,0.5678371269592127,29.0,33.136097934986424,99.31264722200838,0.0,0.0
943,-68.74656168049992,-12.488571528499932,6.388770045265361,0.0,50.56590848720047,371.45656221845104,0.0,0.0
944,-73.02563476599991,-11.642991542999937,63.79984511152752,0.0,220.72592000297502,252.7271877806105,0.0,0.0
945,-75.65274241449993,-9.059926796999946,0.9313630611991999,12.0,134.22376046738316,282.4309012989319,0.0,0.0
946,-75.13330114699994,-8.827432848999933,5.272462923042944,1.0,186.92176637560294,319.2734924751473,0.0,0.0
947,-78.80348970249995,-5.706353036499934,1.3706846061856401,4.0,16.349757553586773,169.72077949270266,0.0,0.0
948,-71.53498469149994,-14.75249944199993,5.118558657921714,0.0,62.15726209134853,160.40461408689814,0.0,0.0
949,-75.05102563949993,-8.837180321499915,4.828925000530923,1.0,191.8552311719926,320.8947836472196,0.0,0.0
950,-77.79586376199993,-7.515746243499933,5.3191466108455225,0.0,128.14403219855149,146.4753357739924,0.0,0.0
951,-72.69686246949993,-12.860211598499944,1.3190124870726456,11.0,122.36951897648102,303.11353399519436,0.0,0.0
952,-72.69254093849995,-12.872690546999934,0.4476955142592432,8.0,121.19908937135004,304.01606816267525,0.0,0.0
953,-74.18181593999992,-13.064242810499934,2.4371481092502356,23.0,19.010721095743794,175.35602668415964,0.0,0.0
954,-73.78844771899992,-12.623119506999956,0.2665498427523448,16.0,83.79515169015686,183.2599038575254,0.0,0.0
955,-77.58557350049995,-6.27520037499994,4.41083574087276,3.0,58.17012496924607,238.21752099395425,0.0,0.0
956,-79.88434409899992,-6.614665984999931,1.2946273730460955,4.0,6.038609745464121,31.664864178696163,0.0,0.0
957,-71.89388493749993,-13.46103536399994,0.6495182838636876,20.0,121.49199765572762,294.0078000847416,0.0,0.0
958,-71.9707891429999,-14.535318035999921,6.1611741989099125,1.0,100.83076261545652,193.51275579538148,0.0,0.0
959,-72.16108778849994,-14.23593335149991,1.0786797108602568,4.0,102.53363683459955,230.1325493921182,0.0,0.0
960,-79.87156545499994,-6.570483411499936,2.773426778404009,4.0,11.149537898804523,36.0928849518663,0.0,0.0
961,-72.11332607299991,-14.336782455499929,2.092477757759163,4.0,111.66918191804223,218.06778685736086,0.0,0.0
962,-71.82912077549992,-14.522630540499932,0.8048987597928957,2.0,85.5208615320198,193.0645589401348,0.0,0.0
963,-76.7026520679999,-11.944014088499955,0.304158493615526,115.0,13.532719522613395,5.784401659295624,0.0,377.0
964,-72.20845861899991,-14.177571601499949,6.159647078466893,0.0,95.54582587967727,237.62295706303902,0.0,0.0
965,-69.67952800799992,-16.52664181949993,1.6676013053919512,5.0,49.91219909976724,60.15269984986354,0.0,0.0
966,-72.12629733949993,-14.325666697999935,1.9215534698683239,3.0,109.87893971446181,219.57455614489825,0.0,0.0
967,-69.66831398049993,-16.320307731499923,11.394615477523116,0.0,26.93824341507507,38.0882457451002,0.0,0.0
968,-76.94727962049993,-12.025246414499946,0.7514012159802888,67.0,37.55121311332699,27.32036847168554,0.0,0.0
969,-72.06932718199991,-14.504880291499944,4.882510183665189,2.0,111.25127595850637,198.79766162514753,0.0,0.0
970,-71.18061585799992,-14.911571210999938,8.819669985361031,0.0,51.50162241454106,120.09790261071335,0.0,0.0
971,-70.77999401099993,-14.885149955499912,3.9308473268083843,1.0,23.98065598814139,96.05471464773366,0.0,0.0
972,-72.09770647249994,-14.391877223999927,0.5216805093261097,3.0,114.59590174465527,211.72440480907034,0.0,0.0
973,-76.50778744349992,-9.277132245499928,1.7159269679214368,2.0,102.0261706796106,195.32603742093147,0.0,0.0
974,-74.02228653899994,-12.913836091499945,1.9492120305556848,11.0,42.71484926111633,177.5937148938906,0.0,0.0
975,-72.45693761699991,-13.038879417499942,0.7354337762041004,8.0,115.73635247555617,334.3652081106818,0.0,0.0
976,-74.10835558049993,-12.997510195999922,1.7944208766738907,4.0,29.63169085653372,176.16348054532497,0.0,0.0
977,-77.44024149599994,-6.430889447499936,0.8125833823379791,44.0,69.58659956663998,246.9259663998837,0.0,0.0
978,-77.87175886449992,-6.241243664999928,0.7559753089108231,51.0,36.52314587998443,210.26194145527302,0.0,0.0
979,-77.61413548649992,-8.567742289999927,0.246569972844299,39.0,112.57739868778538,111.05900648779429,0.0,0.0
980,-78.8117664044999,-7.525286271499937,0.5132136342762733,8.0,52.620719833702346,53.55688031140338,0.0,0.0
981,-76.27986009849994,-6.425503379499929,0.6790755458165261,33.0,12.567238735344338,351.66868032527304,0.0,0.0
982,-77.14170395899993,-12.053657523499936,2.4934791780455616,7.0,34.027860438774624,31.60780796964418,0.0,0.0
983,-76.01694846149994,-9.908126183999912,0.7951364448359464,9.0,32.539468774708105,186.28762216316906,0.0,0.0
984,-78.94707153049993,-6.620620656499938,1.3968265726439884,26.0,59.1174754641065,85.03685435848922,0.0,0.0
985,-78.60483398449992,-6.76400850899995,1.0343836254382672,7.0,96.44734705757324,114.54641684904372,0.0,0.0
986,-77.07213827149991,-11.932884343999945,0.9999072071551866,70.0,22.02482892624672,20.443480639941246,0.0,0.0
987,-78.05274356099991,-7.820721586499928,1.4733886890807744,10.0,89.5351583785779,102.44796625173406,0.0,0.0
988,-75.54645674499992,-10.058656444499945,0.13800648725060577,18.0,71.70335537471955,175.2198163931185,0.0,0.0
989,-72.13843935049991,-14.312205081999934,0.11659630440281402,3.0,108.06350666613037,221.32137700548387,0.0,0.0
990,-75.42394449349993,-12.024939606499942,0.15966317429619256,19.0,28.426898961983884,12.693756796754252,0.0,3.0
991,-69.17315506199992,-12.579581905499936,1.5719342751054326,17.0,31.074652761184876,346.12700664038744,0.0,0.0
992,-79.43411192349993,-5.157767154999931,2.4454307324169324,6.0,40.46630959203035,132.6532218768225,0.0,0.0
993,-79.43548109449992,-5.157422177499939,2.3085239932401196,6.0,40.39086789008821,132.5085169485269,0.0,0.0
994,-79.48177261549992,-5.422990597499933,1.1238538243842375,9.0,22.39055200912864,126.43616148766867,0.0,0.0
995,-78.17301434849992,-7.331874116999927,0.6114675269418115,8.0,106.46837916087895,121.9858298610958,0.0,0.0
996,-79.43314651149993,-5.158235108499923,2.5379606477818246,6.0,40.501592395979586,132.75176266016925,0.0,0.0
997,-77.24724450649992,-11.138892197999951,0.4197949717695524,18.0,35.085633930702144,32.22441011261104,0.0,0.0
998,-80.54791149749994,-4.63965139599992,2.333117600396374,3.0,32.78792545000961,35.90588672960587,0.0,0.0
999,-70.38434295549993,-13.185594999499955,0.15477583498259856,26.0,30.212883174022814,265.54872455588963,0.0,0.0
1000,-76.25661790199993,-6.0547745964999535,13.336640371613953,0.0,28.773983789773844,376.7548237272674,0.0,0.0
1001,-77.33222130099995,-11.342128679999945,0.5309848988514387,2.0,31.208216537217073,8.956043404550854,0.0,2746.0
1002,-78.06616878849994,-7.61044805049994,2.653821593018777,4.0,96.84130784305385,119.10483109102684,0.0,0.0
1003,-78.06086603149993,-7.611291998499922,3.234178427072257,3.0,97.31069472625357,119.38258741977474,0.0,0.0
1004,-77.03823113299993,-9.331149015999927,0.006324901131846349,42.0,72.7915655397,137.11293390610945,0.0,0.0
1005,-78.0490731209999,-7.61580535549993,3.8110587167887826,4.0,98.22271356845484,119.77687327653183,0.0,0.0
1006,-77.07107592549991,-11.943822114999932,1.5046317168239105,79.0,23.205375608725667,21.579921489346987,0.0,0.0
1007,-78.47724991449991,-7.185159502999909,1.4934992251126404,17.0,101.5989893037071,106.30404736682785,0.0,0.0
1008,-76.78275515049992,-10.676831011999951,0.21375156242395754,32.0,81.19360089416976,91.55755800011194,0.0,0.0
1009,-78.55262831149994,-5.506366294499941,0.1487092829646542,16.0,29.081032677411812,203.5988176292206,0.0,0.0
1010,-78.44828739299993,-7.203722863499905,2.279915159773411,16.0,101.02203155048375,106.97084749160663,0.0,0.0
1011,-77.28665581949994,-10.113462743499923,0.35717675832372353,4.0,29.28296761733579,83.2194059027518,0.0,0.0
1012,-76.87596652099992,-10.794779574999922,0.542069497457372,39.0,65.69620658977256,80.36785014782936,0.0,0.0
1013,-77.13495119599992,-10.022612805999927,0.37363260050929886,14.0,33.67228736871496,102.02159571926144,0.0,0.0
1014,-78.01097504049991,-8.396902790999945,2.6447148583858766,5.0,91.2754259883136,73.06637954148545,0.0,0.0
1015,-76.14410223949994,-13.821324568499932,1.3611045974377673,1.0,28.438186590264277,8.682096896933786,0.0,139.0
1016,-76.72252080199993,-12.530277056499926,2.80938208082284,4.0,0.35538521469356293,2.237432145020044,0.0,6583.0
1017,-76.47535851199993,-13.023346107999913,1.3678844452844336,3.0,21.090494440240604,1.0402683698904416,2804.0,6665.0
1018,-76.36882259749993,-13.161498673999944,2.0470507636482833,6.0,13.27132173494518,0.7316475438624446,82.0,7432.0
1019,-76.97655782299992,-12.078736643999946,2.1577115423067856,28.0,41.067036536958774,22.403893177239162,0.0,0.0
1020,-76.97786375949991,-12.113271930999929,1.3938349537002068,31.0,44.48383879431697,18.910019863074215,0.0,0.0
1021,-76.97407672799994,-12.073274973999958,2.4739098809272133,30.0,40.64550108999509,22.884157264612778,0.0,0.0
1022,-76.9772754089999,-12.120198611999939,0.7433424953788833,32.0,45.21436948588789,18.185979432171436,0.0,0.0
1023,-70.33780060599992,-18.152931647999935,3.482675308183071,2.0,41.5153398538968,101.96629408884525,0.0,0.0
1024,-76.39305827049992,-11.07258777149994,1.280956495616159,7.0,64.08534398297982,57.581774024725284,0.0,0.0
1025,-76.00340356899991,-9.303776771999935,0.6072006976217282,8.0,95.53160160976421,248.28616288525228,0.0,0.0
1026,-79.57664562799994,-5.9354077319999305,0.14481056848144297,19.0,8.894852717938223,108.88927799348386,0.0,0.0
1027,-76.32423616399993,-10.268036859999938,0.11730513801642584,36.0,19.85836630610301,142.4791414953573,0.0,0.0
1028,-74.32377694299993,-13.770546677999931,4.157543678318183,1.0,62.53548395494554,133.32749036623895,0.0,0.0
1029,-76.99815407349993,-9.274939045499934,2.0412854742473225,25.0,80.43099298730367,142.87909164426802,0.0,0.0
1030,-75.28827789349992,-12.058042786499925,1.0703343102548357,13.0,15.133925116590538,12.269303582380198,0.0,0.0
1031,-75.29995211999992,-12.054968657499955,0.5998271862626707,17.0,16.165446269002942,11.519762103875857,0.0,0.0
1032,-73.05039926799995,-12.649057311499945,0.1395161321215653,4.0,139.77548697043562,259.3355127810246,0.0,0.0
1033,-73.45569540999992,-16.283580659999927,1.1638526175034851,2.0,15.63308552253782,93.83611650789126,0.0,0.0
1034,-77.1161267169999,-6.255043290499941,0.861322282545449,25.0,29.8228781892804,286.8683473739604,0.0,0.0
1035,-76.71510771249993,-9.264845727999926,3.345856504017322,1.0,101.7347929365321,173.32372691105607,0.0,0.0
1036,-73.30942686299991,-14.184174155999926,1.921117277225415,6.0,41.79033448090112,202.37744416166515,0.0,0.0
1037,-75.48888354349992,-11.209646387999925,0.11877087932441327,22.0,10.9275228654901,64.48308710660098,0.0,0.0
1038,-79.82349586249993,-5.833433151499946,1.2569900567735908,2.0,22.433537866619016,104.46201735692803,0.0,0.0
1039,-73.01785235599993,-16.481815376999947,5.19122726833969,0.0,45.60181729341174,42.673364723661514,0.0,0.0
1040,-73.27673481749991,-16.36901292549993,1.2622297075913105,6.0,36.916250399800106,72.68056777954928,0.0,0.0
1041,-73.60299293749995,-16.23494163649994,1.76471508186672,3.0,1.1053104642275748,110.46145476525767,0.0,0.0
1042,-77.15598607899992,-9.458241650499929,1.0418869790891785,12.0,53.961180414819836,121.87471612442961,0.0,0.0
1043,-79.36523501949992,-6.622745557499911,1.1954880237572103,41.0,15.088739024038025,50.40534212286293,0.0,0.0
1044,-79.78680522899992,-5.026992512999925,4.076681349123404,3.0,45.51258740529447,98.05828748812574,0.0,0.0
1045,-76.59789541049992,-11.448497864499927,0.12252150303687638,35.0,47.439613770687515,12.03563842319761,0.0,0.0
1046,-77.51160662299992,-6.373940401999931,0.1029875423886199,33.0,71.6027174997521,242.50464380139564,0.0,0.0
1047,-75.24395939099992,-12.15421217699992,1.9406227588216014,8.0,4.235074934703575,23.994632948419653,0.0,0.0
1048,-76.53243543999992,-11.887409152999936,0.11287864561484767,88.0,6.092419021774204,2.2969555211482184,0.0,2685.0
1049,-77.08034642449991,-6.0880007989999285,4.008965331760588,3.0,16.208114835713115,297.82094664167965,0.0,0.0
1050,-79.43671654799994,-5.156804336999926,2.1977144280284917,6.0,40.34822571479552,132.38279872363537,0.0,0.0
1051,-74.53731188249995,-8.380278197999928,1.3414152031257212,21.0,267.3837435739654,388.4460452100262,0.0,0.0
1052,-77.08705607399992,-9.363243484499947,1.1764508750102938,26.0,66.90730340781296,131.1181867353623,0.0,0.0
1053,-69.55907422649994,-11.000241274999922,3.3932911867858304,2.0,54.84901994846772,510.2647289098671,0.0,0.0
1054,-70.54946028849992,-13.19657176149994,1.839645095373831,3.0,27.340240970560696,266.9465971224576,0.0,0.0
1055,-77.36536465499995,-9.964813463499922,7.299891441947489,0.0,10.656744204265891,91.3140240237315,0.0,0.0
1056,-75.35103289399993,-13.617356688499939,1.6190377272830412,16.0,23.596600771626818,87.47841075535322,0.0,0.0
1057,-70.60180307699994,-13.183849193999919,0.1912125129231694,6.0,22.78386056914146,269.40192018480604,0.0,0.0
1058,-73.53453280549991,-14.555317083499915,4.4429692912992005,2.0,81.27156087384233,170.59960406113134,0.0,0.0
1059,-70.84445671849991,-17.110049066499926,0.779662427213446,28.0,17.074159217933282,30.03128335663101,0.0,0.0
1060,-78.66633653949995,-6.55304391699994,2.740042470576465,6.0,89.88558680484009,115.99464932971716,0.0,0.0
1061,-76.99964465049993,-9.275757891499921,1.9045257028718732,26.0,80.26466023938873,142.69763350252683,0.0,0.0
1062,-75.02133136649991,-13.321607534499918,2.335198930752328,6.0,10.710062577367776,126.95915404394742,0.0,0.0
1063,-77.5327603124999,-9.52674481099993,1.0888677942099716,41.0,41.41404143278571,79.93460066266768,0.0,0.0
1064,-70.75478874249993,-14.855849609499927,0.3116009441311827,1.0,22.161223556733635,97.7102004063726,0.0,0.0
1065,-75.14439520149992,-12.171083576499939,0.40117144711582975,12.0,6.94049187459411,31.37060344950981,0.0,0.0
1066,-76.80234610199992,-9.824544033499933,1.037045523141052,19.0,66.23625027507315,143.76539114457202,0.0,0.0
1067,-71.21145952799992,-13.602409025499952,0.7682667038412788,13.0,58.117101023894186,245.1311396310551,0.0,0.0
1068,-78.04865976999992,-7.616627123999933,3.8679347639718102,4.0,98.22064113316272,119.73274261794269,0.0,0.0
1069,-70.3793004204999,-16.88173917699993,6.172514556389517,0.0,37.49300187567966,82.558817022846,0.0,0.0
1070,-71.39115342849993,-13.625175043499922,0.19464127428353634,27.0,75.69802011544864,250.77680603167727,0.0,0.0
1071,-78.99178063299993,-6.021697547999935,0.7159777218911061,12.0,31.144150233789855,128.9474769181217,0.0,0.0
1072,-76.28561006899992,-10.239569329499943,0.19192591955685054,25.0,14.651207340529586,146.75217884969177,0.0,0.0
1073,-77.29342831899993,-10.121629372999934,1.4756205777263585,4.0,29.789955868278735,82.04892142049093,0.0,0.0
1074,-77.14658209899991,-8.60769579199993,0.19451059344250124,27.0,143.96373431477775,157.7729535907043,0.0,0.0
1075,-75.77870529349994,-11.418950616999922,3.960132762062178,1.0,18.653844508079903,26.483593859955565,0.0,0.0
1076,-73.26975259099993,-14.510449253499928,0.3378089517017846,5.0,71.29694288251152,199.45607198275877,0.0,0.0
1077,-70.90156174049994,-13.38208203049993,0.2717852708232493,19.0,16.653073089082206,256.74070684775603,0.0,0.0
1078,-70.00863069699994,-16.054110223499947,3.3929621785863566,2.0,37.618888747237065,19.886996661618646,0.0,0.0
1079,-72.74391827999995,-16.59527600499993,0.8362813492637605,7.0,13.793483780152718,12.405490966616638,0.0,0.0
1080,-76.07806980499993,-10.896195116499939,18.732482631151946,0.0,63.00502924866615,77.46018782236708,0.0,0.0
1081,-70.53654491049991,-13.204610017499931,1.9318896691821412,2.0,28.36316485133998,265.8203508528374,0.0,0.0
1082,-77.07817545899994,-9.359233283999941,0.2972446714640405,27.0,67.79740920789787,132.1633324501569,0.0,0.0
1083,-76.24460483049992,-11.678679051999922,1.3536694458086933,22.0,41.3121805196406,2.9860043092653745,0.0,991.0
1084,-69.50142474299992,-11.350475218499952,5.539033793160947,2.0,20.928259536964223,472.418889436998,0.0,0.0
1085,-73.2656184729999,-14.281731001499935,1.3350503369745585,12.0,47.86837667504389,204.16471114814382,0.0,0.0
1086,-73.3060274284999,-14.247245179999936,0.8625900966828602,8.0,46.996185193696036,200.8554152516385,0.0,0.0
1087,-73.26523389899992,-14.089177130999929,1.090645530399698,2.0,30.97860817878381,210.12753151307743,0.0,0.0
1088,-73.20140558299991,-14.015784779999933,2.109287268146413,7.0,20.491442535007998,219.35264450822783,0.0,0.0
1089,-74.88582796899993,-14.829574022999935,2.246397347986475,6.0,12.420741462879707,28.77798659021113,0.0,0.0
1090,-78.01550025349991,-6.848406926499933,0.8457604097376008,25.0,101.99034493978257,168.70660849088347,0.0,0.0
1091,-75.38867191299994,-10.621088843999928,1.1865180388760073,13.0,58.802902590219155,123.49399696062596,0.0,0.0
1092,-77.06088385149991,-6.039922899999937,2.6801644868942907,7.0,13.689231922003026,301.7104627056888,0.0,0.0
1093,-76.18678385549993,-10.541550957999931,0.46241493446572624,10.0,44.47513821105426,118.45254043518291,0.0,0.0
1094,-70.18032458549993,-12.913953622499946,0.9642931901083542,1.0,43.9802345935062,294.1544354314492,0.0,0.0
1095,-75.75952075649994,-11.423971178499926,2.0179530682673636,1.0,20.63601225515985,27.6824114278852,0.0,0.0
1096,-71.01884481899992,-13.57987212899991,3.7591596613635048,8.0,41.49795127036727,240.49189497661575,0.0,0.0
1097,-70.44113405799993,-13.183997701999914,0.08584194134036612,12.0,30.46096565650234,266.4874921731654,0.0,0.0
1098,-70.87350545299992,-13.349324429499944,0.9689160558643842,12.0,11.993031106746564,259.19850305169206,0.0,0.0
1099,-70.56285987699994,-13.18798321749992,2.315798644162479,6.0,26.35857231786369,268.14807423383155,0.0,0.0
1100,-70.5183911359999,-13.189810185999931,0.6733905684437087,3.0,30.756141196829923,267.10806290055433,0.0,0.0
1101,-69.33927632949994,-12.666503659999933,2.9131667260852323,2.0,44.67796788818211,331.98332397928147,0.0,0.0
1102,-77.44506002999992,-9.505600489499926,1.3926567094237328,40.0,41.54694700828248,89.75754147592303,0.0,0.0
1103,-78.03156480649994,-8.463491002999945,0.7279270736269183,15.0,84.06017547200621,68.27979142569681,0.0,0.0
1104,-70.39428273149991,-13.19195300049995,0.12796671023847414,29.0,29.42919916814728,264.9700909160125,0.0,0.0
1105,-76.18601352749994,-11.595827499499933,0.6519950779859629,17.0,30.766334941971596,8.266303223885586,0.0,904.0
1106,-70.61452648149995,-16.890449111499947,3.3197643277789393,3.0,17.505926705099604,64.07515172975847,0.0,0.0
1107,-78.29052436949993,-8.002907602499931,1.8477888950753212,1.0,60.44054678303651,69.68248098859927,0.0,0.0
1108,-78.83395827849992,-5.89387946599993,0.5843862401627488,16.0,25.336625310497972,150.44720108456556,0.0,0.0
1109,-78.66232839549991,-6.555006958499916,2.2508857037470666,6.0,90.1019578371663,116.30031502344235,0.0,0.0
1110,-70.76849400099994,-13.243879698999933,0.9515155722550104,4.0,4.777410401259722,267.0956468494302,0.0,0.0
1111,-70.80478664099994,-17.03643563549994,1.8508235836036828,19.0,8.992922217325903,39.226984432356616,0.0,0.0
1112,-70.61500103049991,-16.89286403099993,3.510882009892395,4.0,17.275340089203286,63.83320887823378,0.0,0.0
1113,-70.78624133149995,-13.275231262999938,0.7364797909590797,3.0,0.9115834204209584,264.2612332505836,0.0,0.0
1114,-80.61954358449995,-5.201247972499914,0.9478185534258597,2.0,9.751487768551444,8.315818670776034,0.0,1023.0
1115,-70.58142904899992,-13.185853902999924,0.2999220719077758,6.0,24.635483052897968,268.75566412239806,0.0,0.0
1116,-70.46481068999992,-16.750233571999928,14.430340700598721,0.0,39.78829150915295,86.23257948844937,0.0,0.0
1117,-76.25649310999992,-9.937162927999935,0.7200227123776113,69.0,23.686114192074694,179.88966710143288,0.0,0.0
1118,-70.15579088399994,-16.84976413949994,6.7473549690588825,0.0,13.716937563766004,103.49697782931798,0.0,0.0
1119,-75.33860479999993,-10.802378982999926,0.24941204210216628,25.0,39.37111778959369,109.77486790114025,0.0,0.0
1120,-70.37543824149992,-13.111067241499939,0.4422859246598381,16.0,38.55372863988826,273.6807207568203,0.0,0.0
1121,-70.82213611199992,-13.314898390999929,1.9040178840994146,7.0,5.266906462698055,261.1418922785803,0.0,0.0
1122,-70.92681905249992,-13.573769732499926,0.36861062817059637,17.0,35.70840084513671,237.7426452022554,0.0,0.0
1123,-70.88012002399995,-17.16341776899995,1.5804896862422162,9.0,11.550720638055484,22.99552513860864,0.0,0.0
1124,-69.97492373699993,-16.802289228499916,8.70496419745747,0.0,6.6129914082172885,92.41594715492619,0.0,0.0
1125,-70.61387375549992,-16.892356326499936,3.5321012025179837,3.0,17.39877891304493,63.95197294610096,0.0,0.0
1126,-75.80549171599992,-11.40919278149994,7.032379142285666,0.0,16.045078271421676,25.25964287677071,0.0,0.0
1127,-77.10795959499993,-6.197650816499959,1.018885634252913,38.0,24.692167355006145,290.9477667152049,0.0,0.0
1128,-78.05092866549992,-10.32269415099995,7.463209183883235,0.0,36.843429187815076,41.24614877714223,0.0,0.0
1129,-69.66454335549994,-12.82809851299993,6.675215197959769,1.0,13.4404471043901,307.27565232914196,0.0,0.0
1130,-70.88996299799993,-13.481988321999921,0.2554389376329967,13.0,24.790542023257146,245.85947357851794,0.0,0.0
1131,-69.90990931549993,-12.89131459099994,2.7033375675228632,1.0,14.56308039309927,297.3024275764906,0.0,0.0
1132,-75.56407612799993,-11.309165086499945,0.6693779428498152,21.0,24.470755586087773,52.73732697965497,0.0,0.0
1133,-69.56583174099993,-11.038306747999911,1.1924468504144012,2.0,51.46234896267219,505.9754388258185,0.0,0.0
1134,-75.49000424199991,-11.804123262999951,1.4018998397618452,15.0,41.8826356284641,2.6900091981671364,0.0,7752.0
1135,-70.29966388099993,-12.972251588499944,3.7770661503708065,4.0,55.11031391225865,288.3248002712845,0.0,0.0
1136,-69.71172273549993,-12.862796350999929,0.6876224640289694,3.0,7.255474022683195,302.71024680197587,0.0,0.0
1137,-78.23451549649994,-7.031793431999944,0.2275365970496413,7.0,125.44680248658231,137.15495286636192,0.0,0.0
1138,-78.32532315549992,-8.013466386499942,2.487373246808236,1.0,56.57159080335378,66.26489727878905,0.0,0.0
1139,-78.79649080799993,-8.419033326499914,1.9194058426848681,1.0,8.368594603527605,7.394140407973198,0.0,10991.0
1140,-70.3908419464999,-13.137057541499928,0.582131112616584,15.0,35.54458814803063,270.9907843873347,0.0,0.0
1141,-69.18491326949993,-12.590257673999929,0.28432808852953495,16.0,32.299157803419675,344.6233826206534,0.0,0.0
1142,-77.06797065599991,-11.902208975999912,0.6020572458978491,70.0,19.065683150025407,17.74106544879009,0.0,0.0
1143,-69.29522869949994,-12.650929542999933,4.663288618331476,2.0,41.29715733077223,334.8683431182533,0.0,0.0
1144,-70.89330898449992,-13.530409751499917,0.3974090173341496,15.0,29.826039029810318,240.9338654707178,0.0,0.0
1145,-79.39596787799994,-7.362104977499911,2.4829002630240917,5.0,9.477445231977969,46.64558840364692,0.0,0.0
1146,-76.80773255199992,-9.840694646999935,0.3255102705289642,20.0,65.51140574587536,142.1504600333683,0.0,0.0
1147,-75.41858408299993,-11.155878476499907,0.14165531460207303,10.0,1.2044005576513708,71.00894335258516,0.0,0.0
1148,-70.70239365199993,-13.207205193999926,0.6624536931177875,5.0,12.379618021037126,269.23878409330916,0.0,0.0
1149,-70.39099880599991,-13.169854073999943,0.34606127403337195,28.0,31.90325047855436,267.3696363791772,0.0,0.0
1150,-75.90962667599993,-11.522809478499937,0.32791811289036515,25.0,9.265391180479153,8.297922633916233,0.0,658.0
1151,-70.71236066199992,-13.211451080999922,1.412483253833934,4.0,11.276860685602983,269.0392756339476,0.0,0.0
1152,-71.40179981499992,-14.78877954649991,4.976481473258427,1.0,52.92924276146988,146.85359818060206,0.0,0.0
1153,-77.03175021399991,-10.944207844999937,0.13433091537613043,20.0,47.03722128107126,62.03757605964133,0.0,0.0
1154,-70.90166312649993,-13.41353199799994,0.32971699175337316,20.0,19.145298807517584,253.4489606683715,0.0,0.0
1155,-70.46870658399993,-16.870097172499953,15.569224576712173,0.0,31.30073218724008,76.22628280498816,0.0,0.0
1156,-70.38713169149992,-13.186470031499937,0.005991330123596339,25.0,30.090227275515534,265.4862777919501,0.0,0.0
1157,-70.90291995299995,-13.42396244449992,0.14057112844138175,19.0,20.12137743548644,252.403255555075,0.0,0.0
1158,-70.33640414899992,-16.429621505499938,1.3149769624334178,1.0,52.25202840830102,74.2725860779919,0.0,0.0
1159,-75.35766475199992,-10.755118326999934,0.7269272688107942,8.0,44.220560862271654,112.76034599213335,0.0,0.0
1160,-70.75345493799992,-13.230716742999931,1.590802672704936,4.0,6.824372103860764,268.0801782051563,0.0,0.0
1161,-70.89705653699991,-13.369846681499922,0.41918686296490965,15.0,15.406305012264061,257.86336245205086,0.0,0.0
1162,-76.18011312999994,-10.516032057999922,1.6663014538958716,21.0,41.662401981826136,121.07739603646345,0.0,0.0
1163,-74.77080188049993,-14.827133380999953,3.701391991990543,3.0,24.604832692746182,39.73774154069892,0.0,0.0
1164,-77.15952789649992,-9.428576142499935,1.142647349043342,18.0,56.64819056618439,121.97411957739787,0.0,0.0
1165,-77.13353360549993,-10.01861125049993,0.8437775516511618,13.0,33.598020282068404,102.44468892430079,0.0,0.0
1166,-79.60759035049992,-5.377552209499925,0.5519021498052779,23.0,9.874145948949934,112.20973679432278,0.0,0.0
1167,-75.85067192449992,-11.404329822999927,11.672957158456052,0.0,11.597187324673513,22.856926302081956,0.0,0.0
1168,-76.80594132199994,-9.838707403499939,0.5145669296358494,20.0,65.72144840193604,142.44305418299152,0.0,0.0
1169,-77.24958914749993,-9.446683395999912,4.207134025404544,1.0,50.78664783780206,111.90119275540145,0.0,0.0
1170,-70.85573185899995,-13.340940400999926,0.308968355350253,11.0,9.910750299457867,259.48000140841447,0.0,0.0
1171,-75.98336878199993,-11.557368252999936,3.0036531767544896,6.0,12.772470653731125,3.975072764063563,0.0,902.0
1172,-69.54807852399992,-11.176199250499934,4.177941727913665,1.0,37.62923729362574,490.9777547203261,0.0,0.0
1173,-69.11065222749991,-16.617976630499925,10.539999470392916,0.0,13.241439287106155,99.14108807935818,0.0,0.0
1174,-75.68936048649994,-11.416390749499925,0.7811889658833916,11.0,28.019829340871453,34.376144009274896,0.0,0.0
1175,-69.60973378549994,-12.78642866699991,7.337883243192876,0.0,20.871939601691597,312.8087218759065,0.0,0.0
1176,-79.12992651999991,-6.03765144299993,0.4213130812349188,6.0,18.119512623150964,119.46140234160967,0.0,0.0
1177,-78.48912697099993,-7.176359169999927,0.9787179016478685,17.0,101.9979168519269,106.16827218807111,0.0,0.0
1178,-74.10397751749991,-14.681963368499936,4.209690667213559,2.0,20.070741935237486,108.61339405957483,0.0,0.0
1179,-77.19211152649993,-9.431004772999927,1.7098732636817835,18.0,54.79973203687116,118.40318646102905,0.0,0.0
1180,-77.29337304799995,-10.12180449999991,1.4844463347798915,4.0,29.810201204775005,82.03862903141392,0.0,0.0
1181,-79.62331656799992,-5.394651515999925,0.30487863265655646,25.0,7.438632205755383,110.57796775587099,0.0,0.0
1182,-70.35570591149994,-13.058202102499934,1.0404503346570857,10.0,44.63670864794318,279.3129472545054,0.0,0.0
1183,-73.77314999999993,-15.593040499999944,1.4502843229122733,3.0,73.82694318002925,163.65543744218715,0.0,0.0
1184,-70.26640962699992,-16.86892955199994,5.219822315376976,0.0,25.52609044131074,93.06829394079,0.0,0.0
1185,-75.26424025699993,-12.053541712499936,1.435362104108477,14.0,14.248499550198002,13.059267420389855,0.0,0.0
1186,-74.12584196799992,-14.69291195349993,4.751716671290814,3.0,18.169812488582608,106.25103183115428,0.0,0.0
1187,-70.00837077049991,-12.894273273999914,2.2173211926964074,3.0,25.233814174161388,296.4126493308803,0.0,0.0
1188,-78.48668019999991,-7.178140472999928,0.8876772003626535,16.0,101.91697350475565,106.1968471672994,0.0,0.0
1189,-70.90384994849992,-13.428369589999932,0.2259377829040305,20.0,20.566589690433275,251.97639429166122,0.0,0.0
1190,-76.34157353899991,-11.801825309499918,0.3221030016203094,63.0,28.938683704278105,5.056870307562195,0.0,1824.0
1191,-76.09954443349991,-11.594043706499917,1.6549148506641913,8.0,23.209860472594002,9.610546332591209,0.0,244.0
1192,-76.20757818499993,-10.114279233499929,1.0468904056586026,36.0,3.2998249214761213,162.6729540562617,0.0,0.0
1193,-77.53260227049992,-9.528146577499939,0.9325318034335338,42.0,41.261545103885446,79.93540664484362,0.0,0.0
1194,-76.25941334749993,-9.937266818499921,0.5742459868637854,73.0,23.76645957177197,179.79340522143605,0.0,0.0
1195,-69.15899543499992,-12.479592553499941,1.6215789302548067,5.0,19.992600922540554,357.2202966495712,0.0,0.0
1196,-77.10087759049992,-6.137759120499936,0.9850706485572007,16.0,20.300765044281178,293.82006514642205,0.0,0.0
1197,-73.21068997299992,-14.432489580999913,0.6507019359213305,10.0,61.079392839985935,206.85305021484288,0.0,0.0
1198,-74.01879889849991,-14.653477742499945,4.7288396671319255,1.0,28.68414526319042,117.85998941831453,0.0,0.0
1199,-73.39599258899992,-14.560493392499922,14.599177750343932,0.0,81.82374768969476,185.40050720307534,0.0,0.0
1200,-73.33177310399992,-14.537707736499925,7.239183820015923,0.0,76.56908153114338,192.510176183082,0.0,0.0
1201,-78.59677183699992,-7.049386012499923,2.5284220097499412,3.0,99.31089027295627,110.5190332034511,0.0,0.0
1202,-70.5643980584999,-13.187430105999937,2.1422633071894897,6.0,26.231241769370563,268.23905997509866,0.0,0.0
1203,-77.96806788099991,-8.614932268499928,1.7828993471962957,10.0,77.11785972150545,71.84421965786156,0.0,0.0
1204,-70.65899480199991,-13.19311339099994,0.3556705967828792,5.0,17.003705086947313,269.6881888792855,0.0,0.0
1205,-76.25497470849993,-9.93768006749994,0.7194321452837668,67.0,23.5848497246331,179.878733536395,0.0,0.0
1206,-80.99518602999993,-5.864706632499946,4.733986738949516,1.0,76.54086264998783,72.57162989855676,0.0,0.0
1207,-76.94146341849995,-9.09139145149993,0.9353505357724295,12.0,101.05860601288606,154.39644257345486,0.0,0.0
1208,-75.93436344199992,-11.504907329499929,1.0681819157332193,22.0,6.472305448551645,8.916000922386848,0.0,658.0
1209,-77.15610528849993,-9.458067128499948,1.0190298713234487,12.0,53.97133914444565,121.8643431260127,0.0,0.0
1210,-78.73531618649994,-6.5606325754999375,1.499757607969898,11.0,83.31008944524594,108.7871382012938,0.0,0.0
1211,-79.55943891649991,-6.896187071999918,3.2723813814626443,7.0,6.3084200922272355,13.294530805958226,0.0,0.0
1212,-77.91172599799992,-6.225330352999947,0.7640968050821095,38.0,33.565620038065035,206.96456683671798,0.0,0.0
1213,-70.87898445149992,-14.947636604499934,0.16767278384115505,7.0,34.401429306352775,95.83638406632694,0.0,0.0
1214,-77.03811682199992,-9.329963986999928,0.1260413230640328,42.0,72.90843992878645,137.1544388620944,0.0,0.0
1215,-79.34921596599992,-6.630055976999927,0.5863646214324199,41.0,16.136585811823885,50.726286265322116,0.0,0.0
1216,-79.35430723999991,-6.628617874999918,1.0607733288177152,41.0,15.733667013098552,50.535349469615475,0.0,0.0
1217,-79.37411483249991,-6.620074547999934,1.6525849700629898,41.0,14.490348783351763,50.12862813270406,0.0,0.0
1218,-78.17315006249993,-7.333393096999913,0.7790505151124142,8.0,106.335663534281,121.88611593205574,0.0,0.0
1219,-74.28997528499994,-11.131329294999944,2.3186651275137313,2.0,122.17283065264262,142.87480307178603,0.0,0.0
1220,-74.29982351599992,-11.031038178999921,11.504085266913508,0.0,121.8169078687097,148.6124062236871,0.0,0.0
1221,-79.23421254049993,-6.580676188999945,0.3443174331270211,34.0,29.928428948577242,62.9544580861346,0.0,0.0
1222,-78.89882607799993,-6.483676641999949,0.7739903544802675,17.0,68.2274169196068,97.83766404338864,0.0,0.0
1223,-74.86789509699994,-12.392382927999932,1.0572295310480382,6.0,44.52111260915102,69.92208966054828,0.0,0.0
1224,-76.63760851099994,-12.654320544999933,0.9503089451758027,11.0,16.237811655900686,2.3905972365563177,1061.0,4596.0
1225,-76.24311349599992,-12.253016057999929,0.7775770830737839,13.0,53.0011418566622,46.531885819001246,0.0,0.0
1226,-77.33144012549994,-6.493659829499933,1.4085382412126055,4.0,65.46126287615559,251.67793127835043,0.0,0.0
1227,-70.38046500399992,-18.109453875999918,4.970577730412088,1.0,35.08026120968989,95.84813560445274,0.0,0.0
1228,-70.30184073099991,-18.060056837999923,5.857356341058388,0.0,35.64481129979909,100.47124018144132,0.0,0.0
1229,-71.34554446099992,-17.653196227499933,3.42763317998357,2.0,13.249965373149477,7.312920012572601,0.0,13.0
1230,-71.34185702399992,-17.618093693999924,0.5462219679834704,2.0,13.706590663204175,7.227053789343987,0.0,38.0
1231,-71.33652356649992,-17.63355929149995,1.2640294087427886,3.0,12.650280884428755,8.737553580208415,0.0,38.0
1232,-71.33693928899993,-17.63780087999993,1.7081257620938066,3.0,12.58566426545625,8.324058205781114,0.0,38.0
1233,-71.36946412999993,-17.46396649749994,3.7940856303138277,2.0,27.035018517944724,0.5389187106142008,18.0,18.0
1234,-71.7899027844999,-17.164864075499935,1.7617002921422806,3.0,16.403705151711147,55.020571620162244,0.0,0.0
1235,-72.33456916049991,-16.783976000499933,13.762365399311495,0.0,7.232222671483002,38.30232384762261,0.0,0.0
1236,-77.08664250599992,-11.962172042999953,1.1590696359795931,41.0,24.652050145198935,22.78569011169811,0.0,0.0
1237,-76.19736860149993,-9.879146555499915,0.7389600791885367,68.0,29.192682850627815,187.8895449733724,0.0,0.0
1238,-79.71436158749992,-4.634673110999955,0.129400350648639,15.0,80.01171864920482,113.0768674253282,0.0,0.0
1239,-76.87576821499994,-10.813594659499927,0.43990186114096863,45.0,63.67682472922333,78.33437271288612,0.0,0.0
1240,-77.17024318349993,-9.342910415499915,0.6544793461169779,15.0,64.7174926909423,122.71378246879232,0.0,0.0
1241,-80.03233452249992,-4.494538613499941,3.7698141890631205,3.0,75.11765741109696,87.55800531835007,0.0,0.0
1242,-80.15436645349993,-5.10865261999993,0.993400971722667,7.0,8.228784711523954,56.911740838164505,0.0,0.0
1243,-70.38072327299992,-13.430386983999938,0.5751357306018875,6.0,4.232364672759892,238.47367532548182,0.0,0.0
1244,-70.37077992599993,-13.426579504999921,0.12118481195701414,6.0,5.326199102469647,238.76308012737258,0.0,0.0
1245,-70.48966441049993,-13.939721329499946,0.7250684288552047,13.0,15.615117372295929,184.67723316779453,0.0,0.0
1246,-70.33042439599993,-13.390054504499943,0.9023035034934003,6.0,11.27887371860599,242.3220182381129,0.0,0.0
1247,-70.51251967449994,-13.869678472499942,0.4933290389436583,8.0,23.745241795380434,192.820929368353,0.0,0.0
1248,-70.46908295999992,-13.681790944499937,2.8528142565068033,13.0,25.89837819122962,212.31043923731372,0.0,0.0
1249,-70.47529691999992,-13.772028289499929,0.28576150827338137,14.0,33.2192319538763,202.5862862113975,0.0,0.0
1250,-70.51233387049993,-13.869722365999934,0.49564505286155286,8.0,23.73316528023749,192.81163284227358,0.0,0.0
1251,-70.35633391499994,-13.434867626999932,1.1125428768196086,8.0,6.21805956817669,237.6659351187589,0.0,0.0
1252,-70.4547796084999,-13.719411623999946,0.0960945732963375,11.0,29.674190230190703,207.91578858140244,0.0,0.0
1253,-70.49920717549992,-13.847594710499948,0.6034529080110699,7.0,25.577550613477978,194.89691130898734,0.0,0.0
1254,-70.48818340699992,-13.835016254499948,1.1196583925701615,8.0,26.60979243338255,196.0097293882561,0.0,0.0
1255,-70.25779381099994,-14.48199854449993,0.2080967251442196,5.0,8.993680326865313,120.80531625065355,0.0,0.0
1256,-70.42990186899993,-14.068501264499929,0.6228087657935611,4.0,0.12333749632070103,169.307249802153,0.0,0.0
1257,-70.35751048999992,-13.434945614999947,1.0172143806833247,8.0,6.0972664339920195,237.67178057982505,0.0,0.0
1258,-70.44383957649993,-14.03810982099992,4.2963637786625055,3.0,3.6098316714499536,172.92532198355093,0.0,0.0
1259,-70.47748462549993,-13.804581316499906,0.22515482873154993,11.0,29.68483598042404,199.08520843144328,0.0,0.0
1260,-70.47599315699992,-13.802516937499917,0.3284995113808842,11.0,29.883465726049167,199.27789955651562,0.0,0.0
1261,-70.48822545199991,-13.94116930249993,0.5015669807897368,13.0,15.404329124717922,184.48565677414356,0.0,0.0
1262,-70.85942144349994,-17.053748280499917,0.2913793290214087,31.0,15.103567189714989,34.902686582623254,0.0,0.0
1263,-70.04474234449992,-14.358998808499933,4.275196832949022,1.0,34.69294143459797,133.51637766566168,0.0,0.0
1264,-77.88919687499993,-9.559200529499947,0.6249437314382215,13.0,54.392084781968066,40.6904238632873,0.0,0.0
1265,-77.53864042549992,-9.516933593499914,0.7970636262006809,44.0,42.65966777588028,79.417844193695,0.0,0.0
1266,-77.55424425849995,-9.535719536499926,0.13874765928213764,38.0,41.352929195288006,77.48945683022336,0.0,0.0
1267,-77.64011076649993,-9.558031322999938,0.9436610762026804,6.0,43.87653864176272,67.89594590103674,0.0,0.0
1268,-73.70312849549993,-12.657388252499914,1.5193444411927393,8.0,87.14832388463967,193.26663540826058,0.0,0.0
1269,-80.34485194599992,-4.93463881349993,0.30832457579768,2.0,22.36150589890042,38.358375982450255,0.0,0.0
1270,-75.07111574599995,-12.257577462499938,2.243171845244575,2.0,17.83799674479104,43.85683630238534,0.0,0.0
1271,-69.35488896599995,-15.48884662799992,0.872544530796023,5.0,73.10147491258523,71.65484766523811,0.0,0.0
1272,-80.65585234949992,-4.915574030499926,3.5241423290025007,6.0,12.274264838346694,4.190085830838381,0.0,1068.0
1273,-80.40111732199992,-4.9015636439999355,7.519480111426288,0.0,16.539688440482955,32.26959233004368,0.0,0.0
1274,-80.54941714849991,-5.17355310149992,7.6509181243636455,0.0,14.805105614427879,14.935094829053025,0.0,0.0
1275,-78.75906195249993,-8.437961854499918,3.020507835615089,2.0,12.975776044259064,5.4979319980238115,0.0,8036.0
1276,-78.6765553454999,-8.55297445149995,3.8879838208033615,1.0,28.052377376090067,4.706771334350173,0.0,12167.0
1277,-79.74994455649991,-5.962570393499931,1.126585351389532,13.0,10.50810549113689,103.09598380588761,0.0,0.0
1278,-79.92801684999995,-5.653734128999929,3.434630214667849,1.0,37.224728920420766,84.66211920767455,0.0,0.0
1279,-77.73439357149991,-10.759889543499924,2.871493332737045,5.0,21.03827231326848,1.569623273412065,416.0,554.0
1280,-72.16360549949991,-16.92249450099993,10.415748764077978,0.0,11.386096717993905,41.62376199312338,0.0,0.0
1281,-73.84002561599993,-12.614538377999935,2.0331321665305935,8.0,81.18673571069006,177.76577393031948,0.0,0.0
1282,-78.0503575779999,-7.8101319094999155,1.209528555668188,10.0,90.096318128194,103.46277283824853,0.0,0.0
1283,-78.04550913749992,-7.812901698999923,1.6543603245742928,10.0,90.52996344393912,103.62600389989066,0.0,0.0
1284,-78.5064029529999,-7.1540440109999395,2.0679357832737857,38.0,103.61086120571485,106.83040552057385,0.0,0.0
1285,-78.51051834799995,-7.145305907499932,1.2074352505105377,42.0,104.36214120186392,107.29681521469566,0.0,0.0
1286,-75.07599883099991,-12.319456475999942,0.9632853240552947,2.0,22.02050989233892,49.01493933437246,0.0,0.0
1287,-75.06376072249992,-12.35543527449994,2.080171787924278,6.0,25.968756839397713,53.078475263517916,0.0,0.0
1288,-75.05602464449993,-12.38539821449993,0.6986858993489906,10.0,29.16149294112305,56.33742537823417,0.0,0.0
1289,-75.09255005849991,-12.294379327499911,3.661590234469204,3.0,18.739862215989646,45.698477420097774,0.0,0.0
1290,-75.21912509949993,-12.123379945999943,1.9497859214605815,8.0,5.2512054681292115,22.24259728159503,0.0,0.0
1291,-75.23651227599993,-12.027518254499938,2.3267715128205984,15.0,16.072115617499673,12.99949137050823,0.0,0.0
1292,-75.65064800099992,-11.758810093499932,3.269368493088179,5.0,24.36320399472106,6.788346834141714,0.0,468.0
1293,-75.75167122499991,-11.72323452799995,0.9427553229719182,10.0,13.624406745574092,17.353522581265743,0.0,0.0
1294,-75.51967890849994,-11.807937400999919,0.7723879054324955,17.0,39.27306206252875,1.287035951413888,154.0,5753.0
1295,-75.48979041799993,-11.81337038749993,0.528784030514591,14.0,42.39428998017623,2.320115853765498,0.0,7752.0
1296,-75.83350172099995,-11.610313058999935,1.0207821731789564,18.0,1.954746483584013,13.603893545669699,0.0,0.0
1297,-74.89355450199994,-12.480645968999937,3.185894414780506,6.0,48.64535554932255,75.26160704831854,0.0,0.0
1298,-74.74091918449994,-12.492560597499931,1.2735441817189554,14.0,62.195135796094974,87.59422033121338,0.0,0.0
1299,-74.20623176249993,-13.174148093999918,0.7635075000916094,91.0,8.27550031273702,182.34747745853952,0.0,0.0
1300,-74.22593789349992,-13.079596131499926,0.7171593951351667,68.0,15.404533984526367,173.20668986540574,0.0,0.0
1301,-74.21254528399993,-13.168555866999952,0.9804363134310046,105.0,8.028341048570812,181.4277661263667,0.0,0.0
1302,-74.26013024149992,-12.931661303499936,0.5743518831644538,7.0,31.016963502649322,159.03355994926133,0.0,0.0
1303,-74.38479746149991,-12.81404821849992,0.31120470848127124,42.0,45.6967399321311,140.23195848765863,0.0,0.0
1304,-73.81670942999992,-13.466512705999946,1.8146567331414936,13.0,57.001429255266665,195.39030743705675,0.0,0.0
1305,-70.13757787299994,-15.471625971499947,2.639120927131691,2.0,56.36776614152437,10.260084601763468,0.0,5.0
1306,-70.48038729699994,-14.968164209499946,8.536561741312523,0.0,10.018525451304995,76.4356511123449,0.0,0.0
1307,-70.8672159269999,-14.57185825849993,4.557348766148069,2.0,21.472569115315544,131.42294417134357,0.0,0.0
1308,-72.91295010049993,-13.69982229899992,0.1652840705913031,18.0,27.22691214455678,261.7090208953845,0.0,0.0
1309,-72.91033123899993,-13.665472058999939,1.8347681598682797,22.0,30.65148593112146,263.6149640960636,0.0,0.0
1310,-72.82768820849992,-13.588242323499912,1.2301972433680621,10.0,42.65646334474532,275.43132787871446,0.0,0.0
1311,-72.79009891099992,-13.567617455499914,3.6557615272180244,11.0,46.87680908315417,280.09189205983455,0.0,0.0
1312,-72.71243684649991,-13.550803756999926,1.6921477902855424,9.0,53.67467856318331,288.43430516410183,0.0,0.0
1313,-72.66167625399993,-13.547141050499931,0.2549347501747167,15.0,57.808878956028664,293.53643720984127,0.0,0.0
1314,-72.86062799549993,-13.616058751499935,0.23507937775154789,21.0,38.12039361396611,270.8620913750045,0.0,0.0
1315,-72.61754772899994,-13.555169402499928,0.975219000778472,23.0,60.767806199811844,297.4445841049512,0.0,0.0
1316,-72.84414824099991,-13.602463944499931,0.3554201107729861,13.0,40.354684355443105,273.1313405236152,0.0,0.0
1317,-72.42571467049993,-13.46277894399995,2.1165577508439166,3.0,83.43701541505055,320.42299878706393,0.0,0.0
1318,-71.93694661799995,-13.53462999249993,0.8818665821349588,124.0,127.01019497567441,290.02830485315945,0.0,0.0
1319,-72.02908069799992,-13.498811445999934,1.5536795500282559,35.0,119.1077336796511,299.0934697409225,0.0,0.0
1320,-71.86505980299992,-13.552748968999936,0.20752664372520016,107.0,120.51568633870562,283.83505770638294,0.0,0.0
1321,-71.91697306549995,-13.535316475499911,0.5750171372174572,139.0,125.51977718100625,288.6486342619136,0.0,0.0
1322,-71.96031012299994,-13.532600178499933,1.0602230216413209,135.0,124.70178198395011,291.67930770907225,0.0,0.0
1323,-71.60984173299991,-13.686052386499938,0.5680991781196999,27.0,99.72138596196372,256.3154763585344,0.0,0.0
1324,-71.63141290799993,-13.679643942999945,0.8829890391173818,25.0,101.50072501661683,258.1501567743847,0.0,0.0
1325,-71.78764503549993,-13.583444634499926,0.9428458250532659,13.0,113.37479605411767,276.3023627939925,0.0,0.0
1326,-71.69165211749993,-13.644434476499924,0.8693221866324663,7.0,105.86694130560392,264.94206097619673,0.0,0.0
1327,-72.38321244349993,-13.445529044999944,1.1830319673315821,6.0,88.28486311217327,321.1769663445341,0.0,0.0
1328,-72.10091810949993,-13.476063589499915,2.353655599760541,6.0,113.02009515525461,305.7769138677975,0.0,0.0
1329,-70.11760808949992,-15.515723305499932,5.221238592132,0.0,56.45449332635739,4.931931258454872,0.0,1225.0
1330,-70.07485195249993,-15.686663981999942,3.9260009731121017,2.0,57.649754710634674,0.4468113598557488,51.0,1800.0
1331,-70.02547368549992,-15.848015075999939,0.15417633898768707,10.0,46.94020244788462,8.735916531826192,0.0,5.0
1332,-69.85465425849992,-15.937490597999926,2.7658532395288526,2.0,26.253745463025613,2.19652097130042,0.0,664.0
1333,-69.78155337549993,-15.988355096999925,6.91918482025309,0.0,16.608033715775687,0.8848700379732157,6.0,270.0
1334,-69.67688141949992,-16.062816831999925,10.127621109141378,0.0,2.6939444151203427,12.880970508529574,0.0,0.0
1335,-75.28068393799992,-10.95339008849993,0.6477767599446127,19.0,25.95539559317018,95.3248155304142,0.0,0.0
1336,-74.36989641299994,-11.188848722499927,0.2279836109699894,6.0,113.50981017930319,132.06788627602543,0.0,0.0
1337,-73.92268255649992,-11.197529160499926,2.1080044207249875,2.0,162.29685231589667,174.0325767052758,0.0,0.0
1338,-75.22974788249994,-10.944927582499929,0.5028254564237766,23.0,30.04989092459929,97.49476182232821,0.0,0.0
1339,-75.13505133299992,-10.916922925999927,1.2231257011258505,18.0,39.58629893379938,103.51780470323992,0.0,0.0
1340,-75.08787055449991,-10.886108873999945,1.4045553967427757,13.0,45.73112670844813,108.51281724919193,0.0,0.0
1341,-75.00237606549993,-10.872991708999933,1.42449603112323,10.0,54.05100477719867,113.46237250894796,0.0,0.0
1342,-74.92488855599993,-10.903236821499945,1.2365776108864208,12.0,59.57498918087812,114.31243870072267,0.0,0.0
1343,-74.97342953949993,-10.881453511499956,1.7458387180646762,8.0,56.17246333503977,113.97817371173521,0.0,0.0
1344,-69.86042074099993,-12.372535626499939,43.85622549505293,0.0,57.28819213644582,355.22501564937033,0.0,0.0
1345,-71.79737854049992,-12.043170451999941,30.38414047360685,0.0,176.2478444125549,384.0173267240669,0.0,0.0
1346,-78.70263838249991,-6.312893254999949,0.24785486985067198,13.0,63.348911291534996,126.57307187101881,0.0,0.0
1347,-78.69872459199993,-6.317369000999946,0.2978960664914733,14.0,63.81539485060448,126.61659631662388,0.0,0.0
1348,-78.69085743499991,-6.2694884709999315,2.579383962455553,6.0,58.44799774559189,130.57229882029955,0.0,0.0
1349,-78.69809379999992,-6.316936049999953,0.371439773515859,14.0,63.76281134053217,126.70124194287663,0.0,0.0
1350,-78.69134378349992,-6.150592404999912,3.012561847389184,2.0,45.25895009297901,139.18134454382607,0.0,0.0
1351,-69.46662512899991,-11.404850959499953,0.8561834958444272,2.0,15.102782641646993,466.97124989357354,0.0,0.0
1352,-75.28710762699993,-10.888604565999941,0.1371671670031372,30.0,31.946479730568324,102.26714429845903,0.0,0.0
1353,-75.27338243799991,-10.739046024499942,0.9414427571017362,12.0,48.00532193657639,118.90711376617024,0.0,0.0
1354,-75.21105893999993,-10.743201691999957,0.8238718138887655,4.0,50.11260421999436,119.77464156477126,0.0,0.0
1355,-75.2961472824999,-10.797000988499946,0.7998261926861829,31.0,41.10935667356339,112.14766983705849,0.0,0.0
1356,-75.27274231849992,-10.738650823999933,0.8707386443061012,12.0,48.06879158709866,118.96208214359673,0.0,0.0
1357,-75.28807444599991,-10.745314907499932,2.6498474450365346,12.0,46.86375304700024,117.96214416902525,0.0,0.0
1358,-75.27373808349992,-10.739270533499933,0.9815634180905082,12.0,47.969561552828644,118.87604597573188,0.0,0.0
1359,-75.27304150349991,-10.73883420599995,0.9035315258437345,12.0,48.03925996856807,118.93653243018967,0.0,0.0
1360,-75.75040515549992,-9.143225150999939,0.3359526324260586,36.0,121.29370060908617,272.1461194240098,0.0,0.0
1361,-75.79203679199995,-9.164752913499939,0.09219872768373892,26.0,117.30820048238677,269.4200612829829,0.0,0.0
1362,-75.69904709799991,-9.07796959649994,0.2623511515655664,19.0,130.22394710609672,279.885500640288,0.0,0.0
1363,-76.23635120699993,-8.734033314999948,0.6889646105654366,3.0,156.5856452632126,240.91813272749462,0.0,0.0
1364,-76.16558970549994,-8.747297250999935,1.7249037039570811,1.0,155.0840731397417,247.60318079603996,0.0,0.0
1365,-76.3174092969999,-8.465723480499918,1.5526044188709864,2.0,186.83333538664394,245.85948469606424,0.0,0.0
1366,-76.3275743879999,-8.441718324999925,0.8600621118929229,3.0,189.57760457269242,246.21038040345346,0.0,0.0
1367,-76.32534275749993,-8.418550625499932,1.8838823961260456,3.0,192.1281420718116,247.7208882692345,0.0,0.0
1368,-76.32306262649993,-8.416295589999947,1.544197161354471,3.0,192.35991105519756,248.06429067281724,0.0,0.0
1369,-76.70425764299992,-7.109996475999935,2.5328859568349578,18.0,100.28642631956197,268.1106099892481,0.0,0.0
1370,-76.30803769449992,-6.70507572899993,2.2783996904312787,11.0,43.76266831231449,329.8751812606167,0.0,0.0
1371,-76.34903463399993,-6.50845961649992,2.1625885805636638,35.0,23.081984600251545,339.87754648063,0.0,0.0
1372,-76.34766260699993,-6.5081259494999415,2.101424476974776,35.0,22.99734736355717,340.0175079638956,0.0,0.0
1373,-78.28438056399992,-5.819414621499931,0.8156094661429754,17.0,35.65720179362045,197.2477259809054,0.0,0.0
1374,-78.69371962949992,-5.755649633999951,3.775170401139968,5.0,3.8369746328817937,171.97556320353462,0.0,0.0
1375,-78.45254274749993,-5.746713291999924,1.6323036931663681,13.0,23.045222515788335,189.6997417158261,0.0,0.0
1376,-78.3372019219999,-5.7944884009999384,0.04138231965234166,11.0,36.22897609659343,194.84226684419698,0.0,0.0
1377,-77.75601815499994,-5.673730714499925,0.09847117037300278,28.0,16.533382333747628,253.00198910966142,0.0,0.0
1378,-78.79659783199992,-5.341781045499943,3.3093310075401963,9.0,47.255366753395236,201.87657949459935,0.0,0.0
1379,-78.79695719599994,-5.335125533499934,2.57626240315369,7.0,47.97009607984171,201.83412765861044,0.0,0.0
1380,-78.99827074299992,-5.132358612499928,0.7699709340887765,11.0,77.6620440361929,180.88150402182697,0.0,0.0
1381,-76.40500811949994,-6.479584953999932,1.6198373070567689,25.0,23.142019301113766,337.26607924541327,0.0,0.0
1382,-74.98403309149992,-10.313788697499916,1.014566322122801,1.0,103.91244324452137,172.37128789486977,0.0,0.0
1383,-75.27076516199992,-10.737429962499931,0.6697640929144322,12.0,48.26521757908921,119.1320865527665,0.0,0.0
1384,-79.00275260049992,-5.132706418499936,1.2367444015638476,11.0,77.86806515499799,180.38407781303965,0.0,0.0
1385,-75.78678451799993,-9.139529647999922,0.3796170421926904,36.0,120.12449780941255,272.257023413025,0.0,0.0
1386,-78.15246670199991,-5.888697702999934,1.0643510489230679,13.0,19.404913116804064,203.54661206791263,0.0,0.0
1387,-73.75560371999993,-10.732571531999923,0.2207377595899163,15.0,186.4343752555799,216.0958099875583,0.0,0.0
1388,-76.95290763749992,-9.138023485999952,0.661524040477057,20.0,95.95536603376857,151.5738827255563,0.0,0.0
1389,-79.96935670949992,-5.168703264999948,2.794147986652673,2.0,25.758315184304177,74.13660384054586,0.0,0.0
1390,-79.88420769499993,-5.097367067499931,2.633366155625373,3.0,35.99398281156343,85.3407989918564,0.0,0.0
1391,-79.87302429849993,-5.075363043999943,5.375612373442544,2.0,37.78058509420322,87.27170141614604,0.0,0.0
1392,-79.84956381999993,-5.036072491999931,6.8016174456341405,0.0,41.595437628580804,91.18541889063683,0.0,0.0
1393,-79.81184523399992,-5.029641535499934,5.148949913704173,0.0,45.76908825635503,95.3506976337846,0.0,0.0
1394,-79.69750662149991,-5.010494735499947,1.3539742478048806,37.0,45.925739393190426,107.99952745456541,0.0,0.0
1395,-79.62173409749994,-4.965284487499929,1.099539761315238,12.0,51.39393199055022,117.58706281405502,0.0,0.0
1396,-79.75875221999993,-5.02458179249993,1.0006221598003477,10.0,45.10039002001545,101.07642863538706,0.0,0.0
1397,-80.00916706749993,-5.17224599599993,3.545306281771555,3.0,21.360232261586084,69.7613550116934,0.0,0.0
1398,-75.02534609449992,-15.165193703499938,22.31290923489884,0.0,20.06804641606067,53.26806900098986,0.0,0.0
1399,-73.93203454499994,-12.733088750499917,1.3129400428019407,7.0,64.66271606657409,174.81253778393713,0.0,0.0
1400,-72.63581500499993,-12.778503056999938,3.939394961902924,4.0,133.10595850426637,306.550663776381,0.0,0.0
1401,-72.68472676899992,-12.815912686499956,0.7874383187181633,8.0,127.46071237764855,302.77215218162513,0.0,0.0
1402,-81.13285556649993,-4.369464812499928,5.5853837705379314,0.0,26.0948465055739,79.10606653447302,0.0,0.0
1403,-81.19360426299991,-4.268858560999945,4.557986519414362,1.0,37.24945711153198,92.09011899642276,0.0,0.0
1404,-81.18312160549993,-4.239910751499934,2.384567536242726,3.0,40.37057510979903,94.01902665603964,0.0,0.0
1405,-81.09938851349995,-4.164952099499942,1.3816971601819843,3.0,32.85829166113129,96.29626563189706,0.0,0.0
1406,-71.29283058449991,-14.348835176499932,8.228698798853944,0.0,30.701974463131464,175.9038196143754,0.0,0.0
1407,-80.80012298949993,-3.832246254999916,2.541532376127752,2.0,17.061987724292884,122.58955813186316,0.0,0.0
1408,-81.17409257799991,-4.300276735499949,3.6180130480385713,1.0,33.61668040576528,87.99688566356342,0.0,0.0
1409,-80.45713870999992,-3.5653857924999386,0.7346368909370793,26.0,65.3065655776842,153.86737679356315,0.0,0.0
1410,-80.44439707249992,-3.5571618319999345,1.2319710171272953,24.0,66.98217879806397,155.0119042485774,0.0,0.0
1411,-73.99499422849993,-12.82211094449994,1.4366352581202815,5.0,52.63784059765413,174.15319194568409,0.0,0.0
1412,-71.00860208399993,-14.97682556199993,13.398963137943634,0.0,48.5936170557426,102.01214114423036,0.0,0.0
1413,-71.13951155899991,-14.926858232999933,13.550326456712332,0.0,52.0081802860052,115.74757899565559,0.0,0.0
1414,-76.98100505699992,-12.090729627999934,2.0220537077748175,29.0,42.06047206928712,21.341493241484212,0.0,0.0
1415,-74.02327971949993,-12.947648656499922,0.9784271201508744,15.0,39.8103077903433,179.78129295558165,0.0,0.0
1416,-74.02338996549992,-12.946252190999928,0.878677876698687,13.0,39.91633382293125,179.6769357885072,0.0,0.0
1417,-72.66796616599993,-12.96331292399995,2.2463958068975995,8.0,112.63339527321122,310.0089521033812,0.0,0.0
1418,-76.17741924549992,-13.756876819999917,5.484113415027513,0.0,35.13222848157155,1.7169695909131555,139.0,605.0
1419,-77.22362311349991,-8.560052168499936,2.416854429856366,10.0,147.79011699521237,153.45883409883314,0.0,0.0
1420,-77.62111611699993,-10.31808536999992,0.5046866852640363,17.0,31.971750779673652,43.34093100452042,0.0,0.0
1421,-77.49664962649993,-6.38568773399993,0.616236243585229,33.0,71.95603979521442,243.71310169933608,0.0,0.0
1422,-77.33616425999995,-6.504867140499925,2.5503017547838467,4.0,66.74060299253163,250.49587971748167,0.0,0.0
1423,-77.38990694999993,-6.468515792499943,0.48160760527430474,29.0,67.99688940435698,248.4273751458651,0.0,0.0
1424,-75.76239940949992,-14.01676483849991,4.529638878860952,2.0,18.190465819382073,52.908091298721104,0.0,0.0
1425,-75.75104105149993,-14.043486552499928,5.127105084987683,1.0,20.86263590659789,55.63224736495698,0.0,0.0
1426,-75.73913486249992,-14.068596751999934,2.7275502387500334,5.0,23.599267232913967,53.34739920349433,0.0,0.0
1427,-75.77371202799992,-13.985368120999908,1.683598093967981,3.0,15.52147369672499,49.967405667180984,0.0,0.0
1428,-76.99507381599992,-8.667654891999945,1.9553262065415118,1.0,141.79432061342519,169.2752770912654,0.0,0.0
1429,-73.60345511149993,-12.799232563499913,3.5526990927966566,4.0,85.74463417169626,209.75390342950058,0.0,0.0
1430,-73.57587808099993,-12.791088546499935,4.022826572233371,2.0,88.76009489172328,212.06243406477017,0.0,0.0
1431,-70.50210963299992,-13.182819775499922,1.8598689678296054,3.0,32.00846371693432,267.58861350692797,0.0,0.0
1432,-78.0467261169999,-7.624478948499927,4.568920874680581,3.0,98.00839230173978,119.17697938635499,0.0,0.0
1433,-73.7721028624999,-12.609057109999952,0.3258585340462215,12.0,86.12575317282638,184.255153983604,0.0,0.0
1434,-73.08635242149992,-12.637323947999931,2.819328154249092,5.0,141.13853284677185,255.22317227392153,0.0,0.0
1435,-72.59858374799992,-12.771896265499919,1.4042483604505944,3.0,135.19699718966888,310.1940082320438,0.0,0.0
1436,-73.2927171899999,-12.694855177999926,11.06044389159639,0.0,120.70868401487917,236.09056131276682,0.0,0.0
1437,-72.86738776049992,-12.607329686499952,4.591115454189204,2.0,145.74415082840827,277.11450405136594,0.0,0.0
1438,-79.43749314649992,-5.156385716999921,2.1319044570068955,6.0,40.32417139445775,132.30428100909882,0.0,0.0
1439,-72.57104526899991,-13.012016005999925,1.6424079941991352,5.0,112.04022338545214,321.7577358114007,0.0,0.0
1440,-74.05777883149992,-12.965768594499934,1.8040998189170574,6.0,35.818777161335625,178.09744385448485,0.0,0.0
1441,-75.70457529949994,-11.419875746999935,1.4279252661795556,11.0,26.815917589067762,32.774124149906164,0.0,0.0
1442,-76.22512252749993,-10.052322319999945,0.10554413802321373,57.0,10.434982467212276,168.6003318058501,0.0,0.0
1443,-76.18042468999994,-10.483804702999919,0.10532269849152863,32.0,38.0807599005262,124.59578940197548,0.0,0.0
1444,-73.05902304749995,-12.650804791999946,1.0659837211260013,4.0,139.5854385919282,258.50024038349494,0.0,0.0
1445,-72.08332651549992,-14.449263080999941,0.7398499523112104,1.0,112.72760910329454,205.16047814695264,0.0,0.0
1446,-77.1137488679999,-11.99770482349993,3.8922587235282053,11.0,27.997094954454255,25.805493072897484,0.0,0.0
1447,-77.94337432599991,-6.8000444494999215,0.5810607969397902,22.0,96.64379505616311,178.185757369724,0.0,0.0
1448,-76.24717857299993,-9.966457981999952,0.8777857687005081,53.0,20.27345835699145,177.03243715564605,0.0,0.0
1449,-76.86141397249992,-9.856999164999934,0.8950829612113272,11.0,59.54574648255491,136.51348394671828,0.0,0.0
1450,-76.78230625749993,-10.665792384499923,0.4524794838111013,33.0,82.37093660251438,92.77377950778589,0.0,0.0
1451,-77.45903971599992,-8.34217991749992,2.851159987840367,1.0,140.21791045191168,132.4656848401314,0.0,0.0
1452,-79.4746722324999,-5.401349992499917,0.01417926057347266,13.0,23.305060040616084,127.04724024891935,0.0,0.0
1453,-79.42394401899992,-5.19305787299993,2.5945292168051957,13.0,38.532107975801445,133.27689336251473,0.0,0.0
1454,-76.76926686099995,-10.671269374999923,0.622040335001716,32.0,82.26665378468343,92.03530932878897,0.0,0.0
1455,-75.73506766099993,-11.422032564999938,2.315201042271496,4.0,23.30695902751121,29.914332332117763,0.0,0.0
1456,-70.23093591399993,-12.917840569999953,5.662287327989812,0.0,49.48254087670799,293.92402972629446,0.0,0.0
1457,-76.25345301999991,-10.224671195499951,0.4831952949192803,19.0,11.166842263599502,149.43183461095154,0.0,0.0
1458,-75.93241167599993,-11.506248801499936,0.8187341849942402,24.0,6.666390604987586,8.8302610320502,0.0,658.0
1459,-78.9883364149999,-6.022501040999941,0.7797074601142641,11.0,31.534543511934377,129.07540384442143,0.0,0.0
1460,-78.47269319849991,-7.188438767499946,2.0322760082153257,13.0,101.46240645355367,106.37073324551707,0.0,0.0
1461,-78.15288085699993,-8.090083651499953,0.48118091447692735,9.0,75.87535098137131,74.80029559286159,0.0,0.0
1462,-78.15296291199994,-8.09040274049994,0.48568782266413674,9.0,75.86969030963908,74.77289687657334,0.0,0.0
1463,-76.24295198399992,-9.988807592999933,0.23832598156501136,41.0,17.758801391363967,174.7764030394966,0.0,0.0
1464,-76.95451019649994,-12.237083301999945,0.7344595427720418,17.0,41.54833461656016,6.377001659111772,0.0,249.0
1465,-76.08147181749993,-9.815982626999926,0.7227257473587971,40.0,38.326144906370196,196.89407488241486,0.0,0.0
1466,-76.14322450849994,-13.823361427999913,1.1216499926666097,1.0,28.25499630831145,8.925683856938024,0.0,139.0
1467,-76.09647750849993,-9.737922668499948,0.34270176849734263,12.0,46.199973905538954,205.67001967484583,0.0,0.0
1468,-76.15918713599993,-13.679701638999944,0.9728538496629155,4.0,32.865208067274565,1.950894999979394,329.0,1817.0
1469,-76.16614815199992,-13.761874213499908,6.206544683932491,0.0,33.811944672162035,1.760789724241312,139.0,605.0
1470,-74.32775785699994,-13.833251596499935,0.6089399674437734,13.0,69.51900512549176,127.7481909189005,0.0,0.0
1471,-74.35950720649993,-13.802767431499944,1.4177671235979628,8.0,66.53723377786191,128.10903073464195,0.0,0.0
1472,-74.32420339299995,-13.774411638999936,3.79002312310756,1.0,62.96763283244919,132.96725481360818,0.0,0.0
1473,-74.33700029849993,-13.821479186999937,0.8533390804724242,11.0,68.3087426659009,128.0786944401173,0.0,0.0
1474,-75.29166073249993,-12.057030446499937,1.0504095478488218,14.0,15.439337078043662,12.02950710648619,0.0,0.0
1475,-69.17471364449992,-12.595741990999926,0.34877995897365965,15.0,32.873514685428745,344.35786891724393,0.0,0.0
1476,-70.25182583699993,-17.99253137799994,0.47316515972456774,9.0,35.22117779656553,101.01886624946198,0.0,0.0
1477,-78.46439380499993,-7.16333637449992,3.494096032561972,5.0,104.38798530457252,109.0583782588369,0.0,0.0
1478,-71.42864820649993,-14.101366169999949,0.9525950776256719,9.0,58.85243762007804,206.88426259284213,0.0,0.0
1479,-80.04033817299992,-5.412796385499917,1.4822912719763133,2.0,32.80577086563822,64.8390089170944,0.0,0.0
1480,-78.49515701199991,-7.2317433864999145,2.396495684522998,38.0,96.0595407210727,101.15088752219891,0.0,0.0
1481,-75.53731722749993,-11.252966703499936,0.68516835791188,34.0,18.062265950064457,59.118189720758394,0.0,0.0
1482,-78.52547327499994,-6.679252500999922,1.0912962125787757,10.0,102.51887667245444,125.46667097839659,0.0,0.0
1483,-72.59644629399992,-12.639930678499923,2.008459261194103,8.0,149.05923456154977,306.47254174629967,0.0,0.0
1484,-74.41729485749991,-14.677976445999946,10.952561074639032,0.0,14.913227492896622,74.92595141175929,0.0,0.0
1485,-72.72093137899992,-12.61415964099993,3.4443137732164004,2.0,147.97397803028528,292.6763248532468,0.0,0.0
1486,-79.11988157299993,-7.251555823499956,0.906181180069805,20.0,37.91163564130926,61.15303921883913,0.0,0.0
1487,-72.56431473949993,-12.733004821499918,2.6497970462788145,8.0,140.58135770838686,312.535956525573,0.0,0.0
1488,-72.57832837499993,-12.754490602499914,0.5158812822677364,5.0,137.79928233526766,311.7428026853023,0.0,0.0
1489,-75.35860559699992,-11.110599468999908,1.300369729440961,25.0,7.052676652284642,76.654890121434,0.0,0.0
1490,-78.50800379099991,-7.197798386999921,1.0361690895987827,31.0,99.00936230920762,103.00283580039024,0.0,0.0
1491,-78.90078348649993,-7.21076738149992,0.42327566665069444,19.0,62.49622336069607,79.98217729324936,0.0,0.0
1492,-72.96558966099991,-12.619635934999934,1.5774986699978346,2.0,143.3302215993407,267.215541696655,0.0,0.0
1493,-75.55067223449993,-10.075583436499926,0.6686989577382924,14.0,71.02453510797216,173.2821361800112,0.0,0.0
1494,-78.17013890949994,-7.335021884499923,0.6354286817937763,8.0,106.43405262694527,122.07836085642153,0.0,0.0
1495,-72.54526002499992,-12.68795463199993,1.573129136409292,11.0,146.00008612925922,313.19356032114564,0.0,0.0
1496,-76.60464602449994,-9.297175757999923,7.417563647045189,0.0,104.03798842380769,184.46775340829936,0.0,0.0
1497,-75.64613795399993,-14.315429662999946,5.5423692279345875,1.0,51.044128828194474,26.622094899753613,0.0,0.0
1498,-75.71768777449992,-14.120989952999935,3.545751088060771,2.0,29.266593929509472,47.3138315347405,0.0,0.0
1499,-75.71610843449992,-14.143612161999926,1.349923046412978,1.0,31.231701751468115,45.258786255974975,0.0,0.0
1500,-74.97936092749993,-14.81569566199994,3.5951960732346575,1.0,2.38070774763737,19.806881258983758,0.0,0.0
1501,-75.71423879949995,-14.188286862499922,3.6543955213771997,1.0,35.24092718061617,41.446473022707856,0.0,0.0
1502,-75.58470655649992,-14.397232492999933,12.412990148886994,0.0,62.28320919788962,16.346004867343897,0.0,0.0
1503,-73.26055807199992,-16.38468444199995,0.523137105228394,5.0,39.211244749604234,70.50773816628059,0.0,0.0
1504,-75.71465512049994,-14.167246914999907,1.321854842713929,1.0,33.35152928293196,43.178873167051925,0.0,0.0
1505,-75.42572404749993,-14.459120739499923,1.955438787295192,1.0,59.92845375500596,2.082445452139796,0.0,45.0
1506,-75.71405173299993,-14.199083363999932,4.854147191630374,1.0,36.229238180375965,40.58322848218768,0.0,0.0
1507,-73.18959369949994,-16.408869601999953,0.6510261175772788,5.0,47.21172025412837,62.48212364259424,0.0,0.0
1508,-73.51813275049992,-16.261798162499957,1.9566711494211986,1.0,8.543012128353908,100.92717975778247,0.0,0.0
1509,-75.71156472549993,-14.211122094999922,6.194776065188513,0.0,37.48337373620353,39.46230111530448,0.0,0.0
1510,-72.82870577499992,-16.56363814249994,4.659205071269096,1.0,23.483969733297176,21.351071133864753,0.0,0.0
1511,-72.57582084649991,-16.548130880999935,3.1387820622031373,4.0,12.060079533652862,6.132421682664199,0.0,104.0
1512,-75.70149367449994,-14.22712737349994,8.072168098209639,0.0,39.56565833638819,37.45574109600098,0.0,0.0
1513,-75.51259931499993,-14.428131340999926,11.922554078166067,0.0,69.61531560096701,7.85685554215985,0.0,12.0
1514,-75.00946736049994,-14.796517250999926,7.321811796823281,0.0,1.505907145901482,16.00088786093096,0.0,0.0
1515,-74.94402617099993,-14.83187203749992,1.1787967462862288,3.0,6.578353232483945,23.84269573178371,0.0,0.0
1516,-75.08306899199994,-14.725044262999944,16.304064546394457,0.0,12.713454551164284,4.7861028049100485,0.0,21.0
1517,-71.97828525549994,-16.443923797499934,1.876949389864957,6.0,32.60431486412751,6.118928876524612,0.0,495.0
1518,-75.55100746049993,-14.410631704999929,16.32437819825648,0.0,65.5810811112441,12.42296327990305,0.0,0.0
1519,-73.01309006349993,-12.639674246499936,2.3236040351881844,5.0,140.87181163275199,262.90021381939357,0.0,0.0
1520,-76.43555985299994,-9.286628197999931,9.708275261890677,0.0,98.63598624763956,202.9287315890297,0.0,0.0
1521,-76.06932543099992,-9.306779972499925,4.444742290894776,3.0,93.8688756646476,242.39710928303938,0.0,0.0
1522,-72.50255792899992,-16.53323535249993,7.987998376463306,0.0,18.105585509371732,14.008308891030792,0.0,0.0
1523,-78.30861928999991,-8.011927645499924,1.3083270345188642,1.0,58.41461323061124,67.60511179947771,0.0,0.0
1524,-75.39074173699993,-14.468158086499926,1.9461778233941853,1.0,56.42045025119057,2.9485976200384516,0.0,45.0
1525,-70.30068155599994,-18.081181774499925,4.61014445784026,2.0,37.43145646364105,101.91523851441804,0.0,0.0
1526,-75.72378622749994,-14.095631188499937,0.8774677948247444,1.0,26.827812778280673,49.9478525992236,0.0,0.0
1527,-77.15876616049994,-9.44320062549994,1.051107103056351,15.0,55.26225244080678,121.80703140046897,0.0,0.0
1528,-77.15852136049992,-11.780083484999949,1.0117408583159546,16.0,3.9469157655072484,1.1328023181101803,527.0,2424.0
1529,-77.06778399349992,-11.89824540199993,0.9582846975303952,65.0,18.67837831716093,17.389001802347018,0.0,0.0
1530,-79.66315540449992,-4.99670603149994,0.19287365744473878,35.0,47.491107439384145,112.0963954700297,0.0,0.0
1531,-79.85492527049993,-5.034599799499944,6.89193187955814,0.0,41.096582120418574,90.68808400636563,0.0,0.0
1532,-79.87992301099993,-5.089188919999941,3.6591083606621355,3.0,36.658014189639516,86.06681901007563,0.0,0.0
1533,-78.36177127499994,-5.23440640499993,0.7581241833145801,9.0,65.69151456043976,240.48945940613,0.0,0.0
1534,-79.40859986699991,-7.502376864499922,4.658943805893681,1.0,22.69273288728808,53.90904200820366,0.0,0.0
1535,-78.51713557949992,-7.283987888499922,0.25557496925668594,73.0,89.76497583090962,95.27750243761804,0.0,0.0
1536,-69.48723412249993,-12.726691968999916,8.974744122217396,0.0,35.70642593914311,321.827823965059,0.0,0.0
1537,-77.0686592209999,-11.90532096499993,0.2887595649562454,74.0,19.346380121930707,17.98789716641218,0.0,0.0
1538,-77.07137347199992,-11.940903871499927,1.491282622930998,75.0,22.889449814779585,21.275101459553877,0.0,0.0
1539,-79.60450052799993,-6.928793952999939,2.1502605815194764,11.0,0.5291432853254219,8.265767595329178,0.0,2626.0
1540,-78.4856591859999,-7.165378259999926,2.254579345697937,18.0,103.27305737488345,107.34133536679819,0.0,0.0
1541,-80.30773681499991,-5.201982941499921,14.255942570447798,0.0,12.399242071919694,37.200719599738065,0.0,0.0
1542,-79.58442288999993,-6.917233302999932,1.0445069345451328,13.0,2.7912753212779444,10.045599151616772,0.0,699.0
1543,-77.12205859299993,-9.380447452499936,1.007429345043098,16.0,63.3178726096665,126.97267988345168,0.0,0.0
1544,-77.80338769699992,-6.712665994499957,0.16339208028273652,23.0,89.05779931544922,196.13532639241348,0.0,0.0
1545,-75.68467769699993,-11.408668424499922,1.1265887397605558,13.0,29.017944524719333,35.27083797422309,0.0,0.0
1546,-77.06796165649993,-11.89512678199992,0.9887974616057396,61.0,18.359440291137087,17.094380193800482,0.0,0.0
1547,-71.06841479249994,-14.952023293999929,20.02698968668578,0.0,53.723886881545376,108.40106763699329,0.0,0.0
1548,-78.11341630399991,-6.874999897999942,2.525772799187796,14.0,105.87564458796315,158.93928501051292,0.0,0.0
1549,-78.50518628249992,-7.272294817499926,0.5207031365587889,65.0,91.48253500854045,97.12863050045134,0.0,0.0
1550,-76.60034625999992,-8.606218353999935,10.824534941730079,0.0,166.61552267493545,211.0890814697646,0.0,0.0
1551,-70.90136448449994,-13.412481009499942,0.27941460711136284,20.0,19.035912558597666,253.5481236441938,0.0,0.0
1552,-69.0719533079999,-16.593137964999926,5.757096529428767,1.0,16.82333080376029,100.26801500306617,0.0,0.0
1553,-78.01544713349992,-7.7097170174999405,0.1328531444590657,7.0,97.27100152711938,114.18834899869458,0.0,0.0
1554,-78.57941449499992,-7.027749883999945,4.501881330915128,3.0,101.52552564765492,113.57241024794101,0.0,0.0
1555,-77.47246721999991,-11.328078081999934,0.05126068281800018,1.0,18.8600314388968,1.681741920910158,379.0,7589.0
1556,-77.30376201249993,-6.482700262499918,1.4819109886845543,2.0,62.53536660869291,254.8333931944816,0.0,0.0
1557,-73.79759586199992,-14.620200625499933,22.36887460986461,0.0,52.47184595674478,141.81577478169075,0.0,0.0
1558,-71.58811884899993,-14.703371318499933,4.453997431994078,1.0,64.78150679285932,168.28458274368066,0.0,0.0
1559,-78.05797830099993,-6.861516687499943,0.1938097348076966,16.0,103.71900626181494,164.32427274871102,0.0,0.0
1560,-77.97785614799992,-6.846262340499948,0.315623041794543,34.0,101.68773611469037,171.89617589321503,0.0,0.0
1561,-71.39813918049992,-14.784239434499938,4.561226641146355,1.0,52.299042215290676,146.89212466338387,0.0,0.0
1562,-77.69959687899993,-6.222209223499931,1.5393645745227718,46.0,44.956577611927464,228.59492972795894,0.0,0.0
1563,-74.69745371549993,-11.303566039499913,0.40510612073829166,28.0,79.54362966307448,95.82677258103523,0.0,0.0
1564,-78.25104514799992,-7.039451675499947,2.224741105448288,5.0,126.69247343226893,135.2588018782084,0.0,0.0
1565,-76.64937823149992,-8.608845558999946,9.834716614848956,0.0,163.57636218392585,206.2782260771013,0.0,0.0
1566,-78.47856449249991,-7.184222673999926,1.3511833565864007,18.0,101.63811889443319,106.28471090585631,0.0,0.0
1567,-80.69741487399992,-4.941179271999914,2.6262590388356504,4.0,10.74412198743812,0.7928888214648833,998.0,2809.0
1568,-79.72764492599993,-6.930839067999926,3.612104303566694,2.0,13.196461996451356,1.3830937867911988,860.0,4057.0
1569,-75.10516147599992,-13.219620996999907,1.0971108263134646,3.0,24.949360214256707,121.65873964019023,0.0,0.0
1570,-71.40866374999993,-14.790910720999932,5.1556024706112,0.0,53.63704197379327,147.25347441370292,0.0,0.0
1571,-77.58488105549992,-10.249325104999912,1.2266609787419487,10.0,40.58396709309563,51.95299970406837,0.0,0.0
1572,-77.86790159849991,-6.234513618999927,0.32727801261750317,53.0,35.966933002320815,210.95509870237797,0.0,0.0
1573,-77.87893168049993,-6.44295516899993,1.0866398506348176,23.0,57.98128180217107,201.4826937133629,0.0,0.0
1574,-76.86105908599993,-12.00773926699992,0.4367964437656941,101.0,32.10910707285657,24.41315286777881,0.0,0.0
1575,-78.73890617999993,-6.561781729499927,1.2310277168472086,11.0,82.89649441243726,108.37570508862343,0.0,0.0
1576,-71.73091602299993,-14.569886207499934,3.0323345578289396,1.0,75.56224390402214,187.2301192478099,0.0,0.0
1577,-70.55779039399991,-16.86516813849994,7.370444469402132,0.0,23.80544904713589,70.08560207172339,0.0,0.0
1578,-70.46774039649992,-13.179756097999928,0.25359031803612897,8.0,31.379183660123857,267.35871947650884,0.0,0.0
1579,-78.57782240649993,-8.940038400999924,3.0664824342173587,3.0,13.896631833171638,16.149944450640657,0.0,0.0
1580,-76.69278376699992,-9.700330062499944,0.38479821751094345,14.0,73.27534893510038,161.89604591793378,0.0,0.0
1581,-78.50489294599993,-7.2856079494999335,0.35983621494682727,69.0,90.14205330003068,96.09993275524829,0.0,0.0
1582,-78.55542415399992,-7.280629186999931,0.564602170272992,68.0,88.53244482060508,92.64685943660565,0.0,0.0
1583,-76.31069560899994,-6.452135416999937,0.5308711077730592,25.0,15.890751731031873,347.1547495370064,0.0,0.0
1584,-79.29710143149993,-7.286443274999925,0.14973175287274262,22.0,18.01554553714199,47.10290979776268,0.0,0.0
1585,-77.14749801999994,-8.607301465999939,0.18683084439671735,27.0,143.98699725581326,157.70886112032923,0.0,0.0
1586,-77.12379323499994,-11.997903973999911,4.060562409731277,9.0,27.91263309162693,25.640908200531538,0.0,0.0
1587,-74.14548167049992,-13.624328578999922,0.22144235388466,41.0,48.05848167649285,158.19561024136462,0.0,0.0
1588,-79.20727441649993,-7.251066397499926,1.8515751350760281,17.0,28.44069063138057,52.705389257044416,0.0,0.0
1589,-77.31447023849995,-10.149033706499921,0.9294869548142822,8.0,31.806350597441245,78.24654424499487,0.0,0.0
1590,-69.04802579249994,-16.578785638499937,3.206636371888131,1.0,19.343051751828355,101.15301791626524,0.0,0.0
1591,-69.44406511949992,-16.674743277999937,2.920693795641338,1.0,25.030686275150117,83.57707242463111,0.0,0.0
1592,-70.89719818499992,-13.456921085499943,0.38846635139831565,20.0,22.74908146541197,248.74638592647042,0.0,0.0
1593,-76.28253292199992,-6.2778908349999085,5.275524212497543,0.0,3.8554447019057205,361.34103298275676,0.0,0.0
1594,-71.40163436699993,-14.788829960499925,4.984755595869693,1.0,52.91978343458119,146.83653091344053,0.0,0.0
1595,-72.05534528499993,-13.487445279499923,1.6026321059027013,3.0,116.98798041484815,301.80040163411934,0.0,0.0
1596,-77.49588557649992,-10.171402609499921,2.286288297338002,10.0,34.21766818752364,64.26216736970494,0.0,0.0
1597,-76.72874104099992,-9.653188958999948,0.03573776822436122,13.0,78.13404958803349,162.56478598914057,0.0,0.0
1598,-78.02144360599993,-8.42996941949994,2.585574686993408,7.0,87.66453436113781,70.59881041166294,0.0,0.0
1599,-78.73557048899994,-6.560938583999928,1.4564444644795518,11.0,83.27605914159771,108.74668613205716,0.0,0.0
1600,-78.03170340599993,-8.46461217649994,0.6088345949591512,15.0,83.95398041112654,68.22554619939274,0.0,0.0
1601,-77.84861635949994,-6.7254695319999485,0.830828309715084,24.0,89.48575516610698,191.49269056420997,0.0,0.0
1602,-77.28625861949993,-10.116764545499933,0.5478377670145826,3.0,29.63189112835245,82.9779491792205,0.0,0.0
1603,-78.97446519149992,-7.19331615899992,0.20252311064176665,21.0,54.905438922899535,73.69934124986621,0.0,0.0
1604,-78.43150723149992,-7.2033524274999365,0.977030202135457,15.0,101.86100559795527,108.29335217334513,0.0,0.0
1605,-76.87539117599991,-10.792743487499934,0.6575994197551254,37.0,65.9311195386294,80.57234791469237,0.0,0.0
1606,-78.10012061399993,-8.484953205499949,0.11818855885808438,21.0,77.56448844092958,60.37292691921306,0.0,0.0
1607,-70.62029339899993,-13.184723474499918,0.43166985749285575,8.0,21.006108389619293,269.70951199644094,0.0,0.0
1608,-71.03216478799993,-13.579190544999932,2.3201918739738305,4.0,42.32959893613456,240.99485397429726,0.0,0.0
1609,-70.45255355349994,-16.71853869749995,10.693284596731827,0.0,43.247389165986355,89.7773700585887,0.0,0.0
1610,-78.01042378899993,-8.398829694499938,2.857968807134701,4.0,91.1421557978412,73.03647832384839,0.0,0.0
1611,-77.89363809649993,-6.234641811499927,0.8438223129814315,48.0,35.079832896541866,208.35327186509963,0.0,0.0
1612,-78.58190881199994,-7.928724555499912,0.7550641681777523,16.0,30.28612869996159,51.95806037696749,0.0,0.0
1613,-78.15856647449993,-8.094694137499914,0.29003919468202394,10.0,75.3023736876978,73.99452475045871,0.0,0.0
1614,-80.47518931799993,-6.153104370499932,21.988097456412284,0.0,65.10834258293868,92.99609689609167,0.0,0.0
1615,-78.26095726999992,-8.661017404499916,0.6738211374232752,15.0,51.40462462340068,39.471912294066186,0.0,0.0
1616,-73.04278765949991,-13.845800852499934,2.666771736676375,10.0,6.735129229441089,242.26223995985126,0.0,0.0
1617,-75.46722756649993,-14.445890744999929,6.660105467050278,0.0,64.32169679897356,2.5871608216925392,0.0,12.0
1618,-77.12201408649992,-11.99861448349992,4.070175547462289,10.0,28.007122167984353,25.748644171864054,0.0,0.0
1619,-77.35006611749992,-6.506561035499942,3.803988396563145,6.0,67.90345758627852,249.1741768858519,0.0,0.0
1620,-77.80109120849991,-6.702152340499936,0.18741103701958656,23.0,87.97586995159638,197.1097291700261,0.0,0.0
1621,-80.82343284449993,-5.490587206499924,6.77625233734657,0.0,32.08105972353044,28.77000705602496,0.0,0.0
1622,-76.80624077549993,-9.839292959499943,0.5500390913523518,20.0,65.68445377730833,142.37591702411936,0.0,0.0
1623,-79.30412988299992,-6.84955846099993,0.5398828571479533,22.0,25.075382766772293,38.23295241279343,0.0,0.0
1624,-79.72056792999993,-5.987805911999914,0.9514035051065081,7.0,8.42001579466732,100.54188382314223,0.0,0.0
1625,-76.80948874199993,-10.688357058499946,0.4934854336785288,27.0,79.06572172098399,90.63087589159339,0.0,0.0
1626,-80.69939929499992,-5.045075500999928,9.81108419596355,0.0,0.8441361003239825,2.2155236347892173,0.0,5303.0
1627,-78.47339182199991,-7.187926169499946,1.9463117605751945,13.0,101.4841161235391,106.36108636956288,0.0,0.0
1628,-69.56842371949995,-10.962390839999927,0.7290318267669913,8.0,59.075858109278734,514.3308271532594,0.0,0.0
1629,-80.64776150899993,-5.225727564999943,4.436740573861983,1.0,7.842644111507725,7.986910079915119,0.0,930.0
1630,-75.32749967449993,-11.069895773499923,1.0215725275965284,34.0,12.598616244575378,81.64841900765593,0.0,0.0
1631,-76.87303217649995,-9.862125409999948,0.49961927856825733,9.0,58.25435225562896,135.18168387503488,0.0,0.0
1632,-75.93643112449993,-11.503558777499933,1.3335023696250672,21.0,6.279808872110101,9.006256240349229,0.0,658.0
1633,-77.15544687399992,-11.783875856999941,1.4276762854112703,20.0,4.223453712465809,1.6026189782548965,526.0,2424.0
1634,-76.89956956549995,-12.016270273499941,0.18245013308434077,78.0,36.37746493205229,27.904157761294194,0.0,0.0
1635,-77.11564221099994,-11.999264124499945,3.9720494144941108,11.0,28.14612601120515,25.93736004200179,0.0,0.0
1636,-76.10819282249992,-5.8930020699999375,0.9866224197001884,9.0,50.37093656733346,400.3738642492149,0.0,0.0
1637,-73.46265715449991,-14.559532685499931,11.503622474127855,0.0,85.25808841444183,178.2611661204348,0.0,0.0
1638,-71.24999528099994,-15.977213575999912,0.7502917199387376,5.0,19.554139879832725,55.28545419652333,0.0,0.0
1639,-70.42054545649992,-13.18920771449993,0.5076308605589255,25.0,29.71260735911704,265.62052987676486,0.0,0.0
1640,-79.0376291764999,-7.2215088374999254,1.7281069163715332,21.0,47.43253998666414,68.10726214950725,0.0,0.0
1641,-77.32597201699994,-11.119795644999954,1.0624664819754097,16.0,28.002298786073126,26.394547879988657,0.0,0.0
1642,-76.8063039779999,-9.839443206499936,0.5329824643371637,20.0,65.67646167583864,142.35983059413965,0.0,0.0
1643,-70.67101279099992,-14.871953581499923,2.261669533826903,1.0,13.129154791764407,92.42612059532601,0.0,0.0
1644,-77.51569397199992,-6.370643141499954,0.18075641122570618,33.0,71.02259038221995,242.17935557158026,0.0,0.0
1645,-77.91118279099993,-6.767730610999905,1.3622044441270473,24.0,93.2872006442628,183.2366532144057,0.0,0.0
1646,-77.34579190299993,-6.510917488999922,3.7903879260677464,6.0,67.9489214835615,249.24406741223208,0.0,0.0
1647,-77.94662873649992,-6.8139678429999435,0.29651034969005935,31.0,98.17532291943168,176.86607982014243,0.0,0.0
1648,-77.79914917499991,-6.675957543499919,0.4029218207179296,21.0,85.19323698755778,199.2423930051258,0.0,0.0
1649,-79.14272957649993,-7.238699530999924,0.5037056093693136,19.0,35.690821212216825,58.25891284336048,0.0,0.0
1650,-77.15957010149992,-11.777718760499937,0.9191189456746104,16.0,3.758893715463766,0.8697499802978551,546.0,2424.0
1651,-79.09312472949992,-7.253238740499938,0.8190870341868225,27.0,40.80282158767618,63.88125406609653,0.0,0.0
1652,-76.71369383399994,-8.618844081999924,11.763822422017162,0.0,159.13670581176265,199.6348149877807,0.0,0.0
1653,-77.90810591599993,-6.37357093199995,0.652822050431946,33.0,49.80839491562365,200.98760076538437,0.0,0.0
1654,-78.49737205249991,-7.25837641149991,0.341840313782675,53.0,93.24622557986568,98.8383379834101,0.0,0.0
1655,-78.17405176749992,-8.143472352499941,0.8094689279552988,5.0,74.36442480824522,69.63106126495273,0.0,0.0
1656,-70.26505705199995,-17.996096625499916,0.1868024942979384,5.0,34.22978315080981,99.99482660065729,0.0,0.0
1657,-70.38525851749992,-13.185826831999947,0.21786419000854043,25.0,30.178444111262163,265.5343088876452,0.0,0.0
1658,-77.79994750499992,-6.229995960999929,0.9400052411710923,36.0,38.81799014954826,218.0373386420457,0.0,0.0
1659,-76.69186192849992,-9.700586520999934,0.47628819324120564,13.0,73.18126906112067,161.95262792024508,0.0,0.0
1660,-77.11456560899992,-11.99850651549994,3.9126655694768853,11.0,28.075420334136584,25.876211197367883,0.0,0.0
1661,-78.59652342499993,-7.048784092499943,2.568274760400445,3.0,99.35635574411197,110.59040538056779,0.0,0.0
1662,-76.78203868849994,-11.97857284549994,0.6467158097093227,70.0,22.925377471081717,15.230307581721265,0.0,0.0
1663,-77.43962892799993,-11.093436908499939,1.0579499001043464,15.0,18.02759532894232,16.873226781395022,0.0,0.0
1664,-73.20331954199992,-14.334542103999922,2.593868245933321,10.0,50.47105554640023,209.48405023037873,0.0,0.0
1665,-73.60262332449992,-14.586195633999921,2.614233964320449,2.0,73.64317395915158,163.00584781016855,0.0,0.0
1666,-74.95664163049992,-14.824471561499934,1.14141996088219,2.0,4.997836956192817,22.27653501573398,0.0,0.0
1667,-70.89633972099995,-13.489975705499944,0.4343882225434972,14.0,25.89598107798668,245.26267272813803,0.0,0.0
1668,-75.62886977949992,-11.375318040999929,0.840831566873709,11.0,34.669129075718885,42.392204038044504,0.0,0.0
1669,-78.37596571049994,-7.12867918099991,3.038061181096708,4.0,112.02952644376217,118.51607913901309,0.0,0.0
1670,-77.15077140299994,-9.410845516499933,1.7357214910732044,22.0,58.83957326596262,123.2509414341481,0.0,0.0
1671,-77.09214509499992,-9.36544095599993,1.7615158084919296,24.0,66.40922381073142,130.52174408211198,0.0,0.0
1672,-72.66251413599991,-12.967405371999945,1.6379949508067246,8.0,112.4276295765939,310.7239450411397,0.0,0.0
1673,-72.67047262799991,-12.962188864999916,2.47579146844058,7.0,112.65102462230445,309.71056962368806,0.0,0.0
1674,-72.6821638989999,-12.91571541749994,1.6135319759068638,7.0,117.04755903020396,306.7008078373178,0.0,0.0
1675,-75.9876840359999,-9.356281792499942,1.64753052580116,8.0,90.26669740760872,247.55400769078457,0.0,0.0
1676,-76.90348339099992,-12.014633178499935,0.17535791945294338,79.0,36.723613459105366,28.08291391731889,0.0,0.0
1677,-77.10633033199991,-12.022213782499932,1.8602420576594754,11.0,30.80177442628459,28.63605579131557,0.0,0.0
1678,-77.11146890299995,-12.011275362999925,2.710373924697756,10.0,29.524793015197144,27.33407675791819,0.0,0.0
1679,-76.63654499049994,-12.648737560999933,0.8539082249215808,10.0,15.793630777892453,2.896907887762411,0.0,4596.0
1680,-71.3794138529999,-17.424332611999944,0.7632810793982905,1.0,31.27856103118524,3.915990690102298,0.0,18.0
1681,-71.50941419999992,-17.26004137399994,4.826735794174422,2.0,15.268954002625039,26.439356909390483,0.0,0.0
1682,-71.78982163649991,-17.162662203499934,1.889176157994422,3.0,16.492642000303043,55.15993118954931,0.0,0.0
1683,-71.76518154649992,-17.176032859999935,1.1585378360651435,1.0,13.501631172290942,52.17449185437959,0.0,0.0
1684,-71.71863141349993,-17.193352218999934,6.463919512528726,0.0,8.196397073112157,47.09349253381061,0.0,0.0
1685,-71.80529065899992,-17.12978803349992,1.5816637286593302,4.0,19.651527181316375,53.81388394948564,0.0,0.0
1686,-77.0787749479999,-11.940467444999939,1.0230870723518033,61.0,22.57862690159317,20.882025495441358,0.0,0.0
1687,-76.83005619049993,-11.995909690499929,0.6922196509977082,95.0,28.49165357028359,20.793911742265582,0.0,0.0
1688,-76.15882492049991,-11.598040580999907,0.6436568145651244,13.0,28.449339329682022,10.355175281034292,0.0,904.0
1689,-79.40908144599993,-5.316402760499926,0.1160606799214633,20.0,32.678239463833336,134.07217057893456,0.0,0.0
1690,-73.1547736414999,-12.629903135499916,5.468568158214223,0.0,137.30950258710575,247.89319991029146,0.0,0.0
1691,-70.40289207249992,-13.440120359999923,0.838315165034248,7.0,1.9250077869735658,237.71008082303695,0.0,0.0
1692,-70.34796008149993,-14.727545145999926,4.12263679450983,3.0,20.11142558547116,95.99465732535907,0.0,0.0
1693,-69.8654775629999,-14.915719985499948,0.38430315501218215,6.0,61.39849308086013,75.92994094396212,0.0,0.0
1694,-69.86629772299992,-14.91604328099993,0.331473775312439,6.0,61.35550768787185,75.86637797223139,0.0,0.0
1695,-69.86725285049994,-14.91642794449993,0.2968984715425603,5.0,61.30619405762446,75.7915828307106,0.0,0.0
1696,-74.03128988149993,-12.140413090999942,6.200896919570758,0.0,121.82452041238275,142.50481792658476,0.0,0.0
1697,-73.47844645199993,-12.801105087499934,12.355013533552405,0.0,97.37335230626648,222.0724035326513,0.0,0.0
1698,-73.55469931399992,-12.789306524999915,5.796454448302664,1.0,90.82297706744323,214.04158537812077,0.0,0.0
1699,-73.59442910549993,-12.795426284999934,3.405683629650397,4.0,86.7982452679969,210.4444084046724,0.0,0.0
1700,-72.23348632549991,-14.130360226499931,1.991419074113271,3.0,91.42767992074135,243.36666977148042,0.0,0.0
1701,-74.12651756049993,-13.017726186999909,0.6327038791305025,4.0,26.653180760838836,176.17718555858838,0.0,0.0
1702,-71.50976964699993,-14.80424503599994,2.3103489785601594,5.0,63.040188384200654,154.70122356650145,0.0,0.0
1703,-78.5068135944999,-7.150229024499936,1.7947642375737043,38.0,103.99185767051912,107.12970289700858,0.0,0.0
1704,-75.21939776849993,-12.066701499499942,0.3815457215881912,18.0,11.482545542394776,17.293067495790456,0.0,0.0
1705,-75.30665686099991,-11.939034552999942,0.13929678450788513,11.0,27.76060941390344,2.340580539216267,0.0,3168.0
1706,-75.16218841099993,-12.21412658299991,0.8526215696730306,11.0,7.055744032897353,34.07665579309527,0.0,0.0
1707,-75.27272229699992,-11.980502721999954,2.140374563194158,8.0,22.142941844724675,6.902579951368365,0.0,2695.0
1708,-75.41169697349991,-11.836965948999932,1.0170280611414142,5.0,43.082012076232346,1.5461419616232048,1500.0,8111.0
1709,-74.02820261749991,-13.371320763999933,5.7457586568107715,0.0,31.97635801723645,187.93397807032153,0.0,0.0
1710,-73.93354546649994,-13.392297198499932,0.8443183602863323,12.0,41.9411139684618,192.70188072011453,0.0,0.0
1711,-74.21963202749993,-13.114145639999919,0.49993991493014756,119.0,12.157261248913676,176.45975569519626,0.0,0.0
1712,-74.22056509749993,-13.05613523799994,0.9320875507233973,22.0,18.061586547650926,171.74706120446967,0.0,0.0
1713,-74.19722095199992,-13.262911243999923,3.29817445711068,4.0,10.076773843583569,184.4353256244881,0.0,0.0
1714,-74.21634834549994,-13.161845379499937,0.1794463162992551,121.0,8.168188591949088,180.5982298048214,0.0,0.0
1715,-74.22463483799993,-12.959508893999924,0.6913374801280413,5.0,28.377351160477097,163.95960175669723,0.0,0.0
1716,-74.21843185799992,-13.000064914999939,3.9439687009636404,2.0,24.115617469638472,167.53961320135508,0.0,0.0
1717,-74.43837137149993,-12.79887642649993,0.8482964208747188,22.0,49.13220368143278,134.84981672857805,0.0,0.0
1718,-74.49225209499994,-12.788743015499932,0.3882781417309222,17.0,52.55074214372069,129.90161834119303,0.0,0.0
1719,-74.52126381249994,-12.752119618499933,0.6787905186950473,20.0,57.61303113061734,124.79465142032586,0.0,0.0
1720,-74.30126602399991,-12.881776397999943,1.567763815548925,20.0,36.660154691501,151.99494122987716,0.0,0.0
1721,-74.37159032149992,-12.82516271499992,0.29909503913673025,43.0,44.1383953665885,142.12238045546158,0.0,0.0
1722,-74.24891695799991,-12.936225589499912,0.749769161648307,7.0,30.589679861806662,160.26989430155913,0.0,0.0
1723,-74.65611179699994,-12.590036068999922,1.7922497902242456,18.0,76.04962127388295,101.72852590027613,0.0,0.0
1724,-74.58364143949993,-12.687109105499928,0.6035904894225216,18.0,67.21365976289138,114.89871942788444,0.0,0.0
1725,-73.76734183249994,-13.508263164499937,1.5321426005873333,25.0,63.95823848876162,196.07962055181648,0.0,0.0
1726,-73.63938952799992,-13.569232703499921,2.752510724722256,5.0,73.97370663930195,202.23440075839682,0.0,0.0
1727,-73.69589859149991,-13.52863679899994,1.7404863390552092,14.0,71.7705540530415,200.3763885225742,0.0,0.0
1728,-73.47563436149991,-13.636646571499938,0.7743355183027398,10.0,54.97633581887434,212.13123168486737,0.0,0.0
1729,-73.8366871714999,-13.430118010499939,0.4185156996124363,18.0,53.165228366678704,196.7288055179335,0.0,0.0
1730,-70.18590890599995,-15.384977174499937,0.8124297271236909,4.0,56.871823391048885,21.1442497057603,0.0,0.0
1731,-70.67076827899993,-14.775949466999947,5.9716106572830405,0.0,20.066224871801698,102.4177365936304,0.0,0.0
1732,-73.15076286749994,-13.701088485999946,0.9121930345975979,4.0,25.313711657528607,238.65110070487145,0.0,0.0
1733,-73.34722933199993,-13.649507237999927,1.995750185288068,7.0,43.04127848111804,223.03834408103967,0.0,0.0
1734,-73.31171829299993,-13.649970112499943,2.38348543444256,5.0,40.2137039464798,226.2901117325812,0.0,0.0
1735,-72.94436926199992,-13.689504412499929,0.9902374989114311,36.0,26.593417772331716,259.13987791622446,0.0,0.0
1736,-73.11642321099993,-13.634596019999918,3.2203113921654634,1.0,31.058805146401248,245.42755985374322,0.0,0.0
1737,-73.09096735299991,-13.645390105499928,2.7901878085874463,2.0,29.34341109561356,247.26638143305135,0.0,0.0
1738,-73.00709086549992,-13.681027044499928,0.4482310416486973,21.0,25.428062766103924,253.47624406326295,0.0,0.0
1739,-73.12717269599992,-13.649855788999929,3.8770339994101657,5.0,29.721633478383488,243.5921431016529,0.0,0.0
1740,-73.11463560549993,-13.683686835999936,1.3949076099794568,5.0,25.730860950826933,243.0061151358196,0.0,0.0
1741,-72.91334107099993,-13.700342935499918,0.17249189139075405,18.0,27.155385761840915,261.64613044581546,0.0,0.0
1742,-73.12419134299992,-13.687658385999953,0.5066471910246059,5.0,25.615652461927418,241.88688896533887,0.0,0.0
1743,-73.05175932649993,-13.672532909499921,2.0102877158620305,4.0,25.972027883880752,249.60320891217498,0.0,0.0
1744,-72.85391923899991,-13.613489341999951,0.36822862466891115,20.0,38.751229971647824,271.6383910987683,0.0,0.0
1745,-72.8800092964999,-13.627794481499933,0.32326208000898193,21.0,35.91617930521542,268.4053993226788,0.0,0.0
1746,-72.50755909749992,-13.519187391999935,0.1467705683035064,39.0,72.59174423460047,316.70497131105753,0.0,0.0
1747,-71.96610436149993,-13.532023306999918,1.0190282514166151,127.0,124.13339549292738,292.09732427903276,0.0,0.0
1748,-71.99050577749992,-13.521950021999942,0.4584474564522375,81.0,122.04288187623762,294.55243337083203,0.0,0.0
1749,-71.99638091349993,-13.512500251499915,0.24129089594453884,66.0,121.82422250640825,295.77575704544347,0.0,0.0
1750,-72.27369307749993,-13.470216388999944,2.513227525313038,1.0,96.75605498828857,315.92554651794063,0.0,0.0
1751,-70.1217055914999,-15.492454861499937,4.042968229290527,1.0,56.98236789292299,7.545319061724612,0.0,954.0
1752,-73.07555308449992,-13.65431579649993,4.112938508294597,6.0,28.144202422332647,248.26586461471373,0.0,0.0
1753,-74.52919496899992,-11.33405187699995,0.06286673756572057,5.0,98.19166702359398,108.68245552522414,0.0,0.0
1754,-74.59225356449994,-11.254413780999926,4.087188565003312,8.0,89.91851613695201,108.18045387909062,0.0,0.0
1755,-74.63422426449992,-11.240488457499936,1.5794066468929877,8.0,85.18555006517029,105.61962034804607,0.0,0.0
1756,-74.44276341999992,-11.28164960749993,1.0186003401027182,12.0,106.47820883119516,119.7619729892296,0.0,0.0
1757,-74.69075018799992,-11.137242779999923,1.346012969227656,6.0,78.44282555927765,109.01346969021589,0.0,0.0
1758,-74.71749153549993,-11.074501209999937,3.2739002111520668,7.0,75.98087103203166,112.14839419314187,0.0,0.0
1759,-74.71692455149991,-11.075544217499925,3.1439538742546453,7.0,76.02959281960194,112.10161908507735,0.0,0.0
1760,-74.66489769199993,-11.198701626999934,2.2861243365748867,5.0,81.42671732720774,106.2372010538846,0.0,0.0
1761,-74.65241671449994,-11.217137687999923,3.52046319384944,7.0,82.94324853052092,105.84208731077435,0.0,0.0
1762,-75.18062842799992,-10.936868375999921,0.12924529811340577,30.0,34.406705499050126,99.8331629670462,0.0,0.0
1763,-74.80939505799992,-10.985888419999924,2.8642376898231383,5.0,67.98383963539149,113.52806348391343,0.0,0.0
1764,-74.73205450349994,-11.05939211349994,1.9731958779544772,7.0,74.6106350195829,112.39545526751861,0.0,0.0
1765,-75.03971933749992,-10.870528548999943,0.5813858881312793,16.0,50.91837468111662,112.0682630645418,0.0,0.0
1766,-73.50411987349992,-11.361245631999935,22.93690217164004,0.0,206.12388538601877,208.88473594263127,0.0,0.0
1767,-74.24366485999994,-11.138793658499935,1.450537117614679,4.0,127.21249042214144,146.61723721343623,0.0,0.0
1768,-75.28857506799991,-10.865468606499945,1.4751128127424398,47.0,34.2377391885871,104.77159805717321,0.0,0.0
1769,-75.29084664049992,-10.925917181499955,0.7647262440888779,23.0,28.040709338738367,98.11254387044426,0.0,0.0
1770,-75.11323521899993,-10.637227598999942,0.31128084575150416,9.0,65.51651150530479,133.8609525840926,0.0,0.0
1771,-75.05236503149993,-8.825553783499942,5.2878399185156475,1.0,192.74025714709822,322.08034220291637,0.0,0.0
1772,-78.79768144099992,-5.691711455499956,2.2071583316500716,5.0,16.24753972986704,171.44323679715293,0.0,0.0
1773,-78.34763779449992,-5.790109501999922,0.5149397917882088,8.0,35.015053215005345,194.34669870673466,0.0,0.0
1774,-75.26763414149991,-10.735453104999948,0.47754729849271166,12.0,48.581976620494196,119.40668924265869,0.0,0.0
1775,-77.37513647449993,-9.483982206999912,1.3979634001679735,8.0,43.83214447585585,97.67193390783945,0.0,0.0
1776,-79.92467528899991,-5.145387661499939,0.725825111132623,8.0,30.785970899001587,79.5662686700185,0.0,0.0
1777,-79.84044991499994,-5.034240910999927,6.305213849847097,0.0,42.61331036608262,92.20208366111383,0.0,0.0
1778,-71.90976671949994,-13.537594511999913,0.6044989408463015,143.0,124.81664330049439,287.9908250927239,0.0,0.0
1779,-76.27136358599992,-6.164054635499923,4.341489664149707,1.0,16.53324862716817,368.874088385923,0.0,0.0
1780,-77.95261667899993,-8.609013613999934,1.3202340567653434,10.0,78.85630078296428,73.58679808331529,0.0,0.0
1781,-79.61894139449993,-5.387588481499932,0.6313833014884176,25.0,8.22799813983001,111.01325451697467,0.0,0.0
1782,-77.0608750694999,-12.01008362549993,1.227737380306011,69.0,30.54519562092887,28.76475593363256,0.0,0.0
1783,-74.42303049149993,-12.687424840999938,1.1470018151138857,18.0,60.37257999097597,127.84696505369237,0.0,0.0
1784,-74.69050369149994,-12.450809523499942,0.16419630142486769,20.0,64.3633942544404,88.73380123005693,0.0,0.0
1785,-80.81820857499991,-5.5540297944999395,0.31125242027647826,3.0,37.00206540080211,33.23980533278466,0.0,0.0
1786,-80.81838415949991,-5.551707084999919,0.08732518233363977,3.0,36.80844585470391,33.05894389076681,0.0,0.0
1787,-76.89755207649992,-10.845872871499921,0.34781341259740284,57.0,59.61454184902347,75.51633979766339,0.0,0.0
1788,-76.90031967449991,-10.847233948499934,0.6798289574237845,57.0,59.39741298150386,75.45958478540446,0.0,0.0
1789,-76.88799162349994,-10.831283249499933,0.17359843645238804,55.0,61.43896765868197,76.78146422969525,0.0,0.0
1790,-79.24195040849992,-5.312109167499926,1.1656169878882885,8.0,50.480082014097036,152.58096767669696,0.0,0.0
1791,-75.03702128199993,-14.346306431499926,7.682867772109871,0.0,51.1711432146433,37.95786919562147,0.0,0.0
1792,-76.81624262449992,-11.271883493499928,0.0594253434872484,42.0,25.121338247177285,28.091680745653726,0.0,0.0
1793,-75.0401970714999,-15.22038578799993,17.255604483227202,0.0,14.349593592710294,59.08257019879329,0.0,0.0
1794,-75.06489342149993,-15.278035400499931,12.253769385608672,0.0,8.390488745790385,65.1741521104468,0.0,0.0
1795,-71.03806986449993,-17.58251687799992,3.040602039662288,1.0,21.26398497434716,6.174612388166345,0.0,563.0
1796,-78.14189996649992,-6.871791259999924,3.819348021746517,11.0,105.99974157942307,157.0152166458035,0.0,0.0
1797,-75.53992872499992,-10.044874481499932,0.5098568496603054,19.0,72.62490005168405,176.88394566923083,0.0,0.0
1798,-77.95315147999995,-8.188356355499934,0.6254936053343544,10.0,99.17886012205518,89.4427364195109,0.0,0.0
1799,-76.91638995949992,-9.14830440849994,3.3783618650176597,13.0,97.1263745239483,155.07174974938226,0.0,0.0
1800,-78.29789542799992,-5.11176416999993,4.466684666132761,6.0,81.03903238377157,255.722567377968,0.0,0.0
1801,-73.98368194999995,-12.751385505499911,2.7331620299911754,7.0,59.89289119731832,170.99752389173338,0.0,0.0
1802,-77.06737074299991,-11.966768138999925,1.4668599215460418,84.0,25.745966102124232,24.05747501134426,0.0,0.0
1803,-78.1317745419999,-7.361744551499925,1.4687722277582453,17.0,107.33765305898591,124.26093388900533,0.0,0.0
1804,-74.40954377449992,-11.577315358999925,4.360817339218899,2.0,109.0293764186016,107.90825529818697,0.0,0.0
1805,-77.98157775599992,-8.608656534499914,1.9074115997018752,6.0,76.41106117643287,70.41591587649361,0.0,0.0
1806,-71.02855777749994,-15.69030779749994,17.536649775138457,0.0,44.447769114198906,70.5059007971639,0.0,0.0
1807,-73.49001704999992,-14.059154346499923,2.1777875755210503,1.0,50.55631058577423,188.583783421812,0.0,0.0
1808,-73.54069328299994,-14.200448989499932,2.1600361436207147,3.0,62.34075057482189,178.03442349729042,0.0,0.0
1809,-69.63848298349993,-16.132834170999928,9.014761553296314,0.0,6.397094959732431,21.192627098910634,0.0,0.0
1810,-69.66650075349992,-16.201034767999943,13.796311930545272,0.0,13.684852819958506,25.81687054169371,0.0,0.0
1811,-72.08794639849992,-13.371297977999944,2.555168575196717,7.0,119.65394150962727,314.30025011308317,0.0,0.0
1812,-72.05388230449992,-13.488731532499912,1.3919369880031822,3.0,117.07595972869595,301.5911872438039,0.0,0.0
1813,-76.77599986649994,-7.309776365999937,0.11754089202050542,29.0,123.67042025913706,249.41697476842168,0.0,0.0
1814,-79.08528012999992,-8.049317110499942,2.052461533264088,4.0,19.896515395653935,7.417768037397681,0.0,12.0
1815,-77.91722505349992,-8.674420899499921,0.9695407307016566,17.0,77.81554532035372,77.27331565114653,0.0,0.0
1816,-77.90680837599993,-8.666033646499926,1.3165684541661902,14.0,79.28223296313979,78.40491053626566,0.0,0.0
1817,-71.09840416999992,-15.379961751499934,2.2913492129336497,1.0,62.25308480111635,83.83577699813786,0.0,0.0
1818,-77.93550425549992,-8.591389131499938,1.3060484566831874,15.0,81.54872954105933,75.63571252951418,0.0,0.0
1819,-77.91706362899993,-8.619596947999952,1.6854951334220696,10.0,81.25894598624876,77.40687401594262,0.0,0.0
1820,-71.13178960549993,-15.306681018999939,0.22988334931826607,8.0,69.90082237912057,90.39126420894368,0.0,0.0
1821,-76.22689454349992,-13.741133428999944,6.327447111444887,0.0,39.4599925609441,6.537829952857408,0.0,829.0
1822,-71.05163034749992,-15.594486048499931,13.36984339046922,0.0,48.07271707879354,73.23496451446563,0.0,0.0
1823,-71.06197657999991,-15.506063395499922,3.475448645629038,1.0,52.14315214213054,75.91427147871379,0.0,0.0
1824,-76.66384194449992,-12.622026913499923,0.9461391269005504,10.0,11.674764287389646,1.6763213368079717,1648.0,5000.0
1825,-71.15229038799993,-15.23672574999992,2.1538262145603557,2.0,72.6326679609642,95.93460029119446,0.0,0.0
1826,-75.39781856549993,-10.580320358499932,0.6405526514867826,6.0,63.30470222467488,126.9585510746209,0.0,0.0
1827,-76.50330734249991,-8.190747260999927,1.3140925507273027,4.0,210.29858008101513,238.59257804296075,0.0,0.0
1828,-72.10664484999992,-13.345936457999926,1.3870373065916026,9.0,119.35666662461196,317.77082852453105,0.0,0.0
1829,-72.06912077649994,-13.365161656499907,0.8501412524963604,6.0,121.7602164692769,313.66864478791206,0.0,0.0
1830,-72.06031288149993,-13.469540936999948,1.435176355781259,4.0,117.30924501110319,303.718509045932,0.0,0.0
1831,-72.05648578649993,-13.424574238999952,1.2847193910498356,5.0,119.84384890956325,307.5057911978261,0.0,0.0
1832,-72.11003927999991,-13.313835338499928,0.5971781435791321,12.0,120.95551576793092,320.8856591326404,0.0,0.0
1833,-72.06007104349993,-13.379940611499933,2.6758430494452963,5.0,121.81078284404016,311.76213842696296,0.0,0.0
1834,-74.55143933299993,-12.565102446499935,1.362558236835457,11.0,77.83305497326589,108.4588826708268,0.0,0.0
1835,-74.47268874349993,-12.627551084499942,0.32042973208539294,10.0,68.31821749357339,119.46985084763607,0.0,0.0
1836,-74.37910995849992,-12.75419430249994,0.6324548506987517,18.0,52.00481523142672,136.26806456354953,0.0,0.0
1837,-74.76668210149992,-12.384442233499954,1.6609932032641237,27.0,53.603884392090706,77.67122265134068,0.0,0.0
1838,-72.07054311349992,-13.366460123999929,1.0075766049347594,6.0,121.55501668870164,313.6403007692594,0.0,0.0
1839,-72.05730685999993,-13.485828072499942,1.8792004340709136,3.0,116.8657221412141,302.07135338598954,0.0,0.0
1840,-78.91420732249992,-5.457201435999934,1.0964650485211818,10.0,42.52313921976525,187.04179758847934,0.0,0.0
1841,-79.13961566699993,-5.332236866499926,2.516644351457721,2.0,61.11545997853479,163.89681958761372,0.0,0.0
1842,-79.31285190499992,-5.334251403499934,0.23026543498009347,8.0,42.26864554820892,144.71765243058076,0.0,0.0
1843,-79.07778500749993,-5.424092832999946,4.458127035099778,1.0,58.31056468348717,171.05470672567597,0.0,0.0
1844,-79.03487648049992,-5.44651638849993,1.4137085717598563,1.0,53.035994063497924,175.96010291843882,0.0,0.0
1845,-79.09391265999992,-5.372094817999937,4.739389422620566,1.0,63.35537567085964,169.01816580284785,0.0,0.0
1846,-79.08691054899992,-5.397485040499959,7.322233377212155,0.0,60.94380540072203,169.89223409017154,0.0,0.0
1847,-79.39990212149993,-5.329892536999921,0.7125721480552273,19.0,33.126076338505804,135.07941642447233,0.0,0.0
1848,-79.35864724499993,-5.341424196499929,1.5705293677614378,11.0,37.1551673671414,139.65216856922294,0.0,0.0
1849,-79.45384636549991,-5.243141687999923,0.4834782962726854,28.0,32.41625246428208,129.47042087256239,0.0,0.0
1850,-79.56626678549992,-5.366789251499938,0.4195547389331466,15.0,14.472966966095543,116.73170127787454,0.0,0.0
1851,-79.58805115149991,-5.372846025499939,0.3824046770904958,21.0,12.016145046942961,114.34753265162936,0.0,0.0
1852,-75.54273437199993,-10.39140153349993,1.0513958508758603,10.0,76.68101026914816,139.88443935496375,0.0,0.0
1853,-77.66943416199993,-7.392493094999935,10.430679070158071,0.0,146.84340453196228,166.01562377122295,0.0,0.0
1854,-77.48156311499991,-7.3375162494999415,1.3869416567771302,12.0,154.8625930714149,185.09376660781334,0.0,0.0
1855,-77.06407341099992,-7.335963647499938,3.8943000046139176,3.0,143.25608998952953,221.1700518147275,0.0,0.0
1856,-76.79273715599993,-7.330089999999927,1.0529153064389558,19.0,126.51500648331512,246.6698003485822,0.0,0.0
1857,-76.75496127549994,-7.2837295914999345,0.8673186679032389,26.0,120.04844192528431,252.90547449875658,0.0,0.0
1858,-74.45304692149992,-13.981114955999942,4.15031001106475,1.0,75.26045795423654,106.47574660555506,0.0,0.0
1859,-74.19834123299992,-13.557494776499937,4.290515235148915,4.0,39.44061602361717,160.28814948991467,0.0,0.0
1860,-74.77468815849994,-14.166529144999942,13.825484857736889,0.0,74.97258988005095,69.01169054799182,0.0,0.0
1861,-71.83087336199992,-16.570231620499925,0.1799858062847474,2.0,23.235428639632463,3.1497794567208754,0.0,6367.0
1862,-71.42738539249993,-17.17588871649994,11.772076015199044,0.0,22.628437533856985,32.00708228642735,0.0,0.0
1863,-70.84554444199995,-17.692169621499914,1.5826299822349592,2.0,36.00867656001526,29.90740256937114,0.0,0.0
1864,-71.76225894299992,-16.98317200449992,5.427901213316904,0.0,18.931033167663138,39.229646885295196,0.0,0.0
1865,-70.96202597699994,-17.620087397999953,5.943499335889988,0.0,27.80520231398125,15.193578019040528,0.0,0.0
1866,-74.98672283049993,-14.918736773999939,11.641904268972942,0.0,12.711657499836022,28.492760799659546,0.0,0.0
1867,-70.87328323499995,-17.668183368999934,4.016115328789196,2.0,36.82729944651229,26.008014579970542,0.0,0.0
1868,-71.20331903299993,-17.261553742999922,9.291094095864619,0.0,24.802235731204597,23.736025279108322,0.0,0.0
1869,-71.85321602199994,-16.59910964699992,3.382832258875142,2.0,27.182836748117975,0.2547240279563522,22.0,127.0
1870,-74.9914270324999,-14.97991664199995,15.706207475954432,0.0,19.46595750620654,34.421091216756324,0.0,0.0
1871,-74.98717886749992,-14.96019906199993,16.02723497757523,0.0,17.30158091892124,32.593589928254204,0.0,0.0
1872,-75.0016493464999,-15.006427776499947,15.915120943383235,0.0,22.40134251775694,36.78832050111476,0.0,0.0
1873,-74.94749906099992,-14.845307262499915,2.6454983147445175,3.0,7.085181903690204,24.55750223807107,0.0,0.0
1874,-75.00191193649994,-15.082013056499932,21.367564615751974,0.0,29.23193833223663,44.80639504518854,0.0,0.0
1875,-74.98456140449994,-15.134164165999948,25.975381011977195,0.0,25.475355524345517,50.89302620746585,0.0,0.0
1876,-74.96989032599993,-14.859993003999932,4.9622977628818665,1.0,6.847581336816939,24.093513254769334,0.0,0.0
1877,-75.31011228999992,-11.009414052999944,0.679336474289896,21.0,18.99128219090327,88.60121350404319,0.0,0.0
1878,-76.74189186099991,-11.580967903499953,0.4429495486396498,31.0,38.960610985943944,10.636944658156064,0.0,1.0
1879,-78.20410873199992,-8.14569678549995,3.916263353624962,2.0,71.15549316654959,66.68993089191876,0.0,0.0
1880,-74.2452864354999,-13.609999352999921,1.5564421351657278,16.0,44.543546277458766,152.56476948132368,0.0,0.0
1881,-75.13942320949991,-14.477280773499956,3.4484979965961684,2.0,39.46611991511215,23.131093120298882,0.0,0.0
1882,-75.62457029899991,-13.26351751599995,0.5295303940279118,14.0,38.41808735958019,67.59006829476198,0.0,0.0
1883,-76.93746399999995,-10.51365649999994,0.16106173173921734,12.0,87.3114715381337,90.74258753064255,0.0,0.0
1884,-74.27705579299993,-13.634661302999916,0.5646312428468419,19.0,47.18659023750001,148.29772749867834,0.0,0.0
1885,-76.79867860349992,-11.677142376999939,0.45975763527311014,27.0,35.06138813522461,22.984032903702968,0.0,0.0
1886,-76.62484306499994,-11.471135714999917,0.18531144047531795,50.0,45.13624082693461,8.349818871393014,0.0,1.0
1887,-74.31344233799993,-11.135871745999907,0.31290940267642997,4.0,119.60454031793552,140.48063257076245,0.0,0.0
1888,-70.56608521799993,-18.155964217999923,5.198905417490615,1.0,21.5082586585262,81.04568647866496,0.0,0.0
1889,-76.92326861549992,-10.854478633499951,0.23647006349574234,39.0,58.082790091998966,75.47047392805382,0.0,0.0
1890,-80.54500124149993,-5.801020957999924,21.224126506788966,0.0,57.490165783320386,53.10838667305301,0.0,0.0
1891,-80.62908652649992,-5.300377590499949,7.413934979290246,0.0,1.91316738757415,2.8629567152305944,0.0,7.0
1892,-76.13287398199992,-13.417037901999947,5.193011715260963,1.0,8.187254901130139,16.714586953781147,0.0,0.0
1893,-75.9394236334999,-13.403133678499927,0.46644292132698817,9.0,28.4609549171399,32.298197595966606,0.0,0.0
1894,-75.61576553649991,-13.238782361499943,0.592891368334779,20.0,41.008589281136324,68.82969462279678,0.0,0.0
1895,-75.87237082749994,-13.37820120899994,2.3059273522377093,10.0,35.673587291326996,39.627215799132046,0.0,0.0
1896,-75.99734949849991,-13.403648732499931,3.8885278803477745,3.0,22.21557097611786,27.943609905298555,0.0,0.0
1897,-75.71073770549992,-13.349823769499949,1.0880109159930855,6.0,32.22653810300526,55.9354598318271,0.0,0.0
1898,-75.76872524249993,-13.368203712499934,0.490474202003121,8.0,34.03460677378369,49.49164177107813,0.0,0.0
1899,-75.90906291399992,-13.394794240999943,0.3209130252854366,7.0,31.70121602823267,35.38255864080547,0.0,0.0
1900,-75.55475561949993,-13.123639367999914,1.427208638856953,11.0,53.520791866362835,77.89866429733742,0.0,0.0
1901,-76.10452605049994,-13.41526035499993,6.665963880402474,1.0,11.001086920220489,18.97350155903372,0.0,0.0
1902,-76.12579902249993,-13.417745746999941,5.580859669567466,1.0,8.921570273177762,17.33842397964644,0.0,0.0
1903,-75.58076205199993,-13.206700245499917,0.31745128393310174,22.0,44.28100006790542,73.10026539017785,0.0,0.0
1904,-75.82649416949994,-13.370667018499944,0.14582429540641895,11.0,38.11616774466964,44.108599605555824,0.0,0.0
1905,-75.31934492099992,-12.968142754499922,1.0512465604023356,5.0,61.19149646353986,107.60646415286733,0.0,0.0
1906,-75.15398729749992,-12.892403119499932,2.116968785618814,5.0,58.522957253038435,105.89152348076395,0.0,0.0
1907,-69.5469955694999,-16.158128242999936,8.529121628809904,0.0,14.768427002034413,30.34089831230219,0.0,0.0
1908,-77.30630191399993,-8.253378188999932,0.3120476429189745,17.0,159.6735472872492,151.38614404124525,0.0,0.0
1909,-73.90617847449994,-12.373606681499922,1.578978869368202,5.0,101.18577743250023,161.5364122985841,0.0,0.0
1910,-76.65036398549992,-12.676611300999923,0.7316012254504076,9.0,17.7023841288088,0.6912757812317359,2724.0,4453.0
1911,-69.93026158299992,-15.896867547499909,4.661229051694972,3.0,35.45705967492968,3.9028467432711604,0.0,394.0
1912,-74.93634007049994,-14.25398047099992,2.356169514684775,3.0,61.63417883039769,52.38015070432398,0.0,0.0
1913,-74.22330056349992,-13.600902852999951,0.535413690289863,11.0,43.76273557868474,154.8247931001693,0.0,0.0
1914,-74.31602112699994,-13.722894952999923,5.378577900641153,1.0,57.184950104333716,137.97070576311168,0.0,0.0
1915,-75.16206302349991,-14.505570378999948,3.4691315548477095,5.0,37.65559296361971,20.22926877066421,0.0,0.0
1916,-71.86438172599995,-13.437954942499942,0.6483265554835127,28.0,117.94831391523141,294.3701255892277,0.0,0.0
1917,-76.28875190199992,-13.836177221999918,2.0242104052247667,3.0,42.600541167718234,16.600421455075022,0.0,0.0
1918,-75.10752415699994,-12.858130957999947,1.1523266545196849,9.0,60.33299463138755,103.21505630308002,0.0,0.0
1919,-75.49335688049993,-13.036533191999922,5.893883270955716,0.0,63.71217050146812,87.28008047314518,0.0,0.0
1920,-69.41264717449991,-16.208678420999917,2.6219384177715543,7.0,29.90047677954194,45.354786331239104,0.0,0.0
1921,-77.43412846849995,-8.064729086499938,1.8054749676444757,11.0,154.7341757266838,146.2725601406244,0.0,0.0
1922,-77.42159988249995,-8.07988453899992,2.7347019954361214,7.0,156.16619305525387,146.75299831425545,0.0,0.0
1923,-77.30168330199993,-8.459205564499939,0.425900110543049,5.0,148.64799641235584,146.66267211853375,0.0,0.0
1924,-77.30116229149994,-8.475452826999941,1.43003405405104,6.0,147.90908985057746,146.45277353952847,0.0,0.0
1925,-77.29750325799995,-8.503566206999949,1.6743236567073645,9.0,146.9503173577241,146.44271055568345,0.0,0.0
1926,-77.30622355149993,-8.456505935499933,0.3163160702962396,5.0,148.33382813375022,146.21582073493613,0.0,0.0
1927,-77.40348771199993,-8.108950663499911,1.0568080018534545,10.0,158.30950314228076,147.16749554766227,0.0,0.0
1928,-77.35486542049992,-8.178402338999916,1.9429518213502865,15.0,160.16340385241222,149.09414169018004,0.0,0.0
1929,-73.79613378849993,-12.597627689499916,0.9219934978750672,11.0,85.51773860656239,181.35727413811435,0.0,0.0
1930,-73.81002902949993,-12.55367660549993,0.6974281518225254,5.0,88.60070058808655,178.07920437205004,0.0,0.0
1931,-73.83347647849993,-12.49872468299992,2.8239043313451346,7.0,92.36644892576052,173.4868812601709,0.0,0.0
1932,-73.82571070849994,-12.517668469499938,2.872023472328813,5.0,91.01326275108309,175.02331359711548,0.0,0.0
1933,-73.86105346649992,-12.44556426999992,2.9313698134714796,6.0,96.05413237677413,168.66958982593334,0.0,0.0
1934,-75.82908059349992,-12.366319457999936,0.7688332731250397,24.0,70.92472214396842,65.00639046911601,0.0,0.0
1935,-73.66415323799993,-15.157732812999939,10.133436243893593,0.0,88.25629465887319,164.06280978056154,0.0,0.0
1936,-74.85550178999992,-8.523369624499935,12.445882870232294,0.0,232.4074835058515,360.83260099939855,0.0,0.0
1937,-75.69316778649994,-11.428445178499942,1.882145913331425,14.0,26.672953821742805,33.31838908707843,0.0,0.0
1938,-75.50304982149993,-11.766469899499924,0.9765570367583506,13.0,38.78579409839343,5.6545203458791855,0.0,7739.0
1939,-77.06940056499991,-11.955513389999936,1.0450242660711848,86.0,24.49107375935568,22.829450859589357,0.0,0.0
1940,-77.06911002999993,-11.874750217499923,0.4557201694735449,53.0,16.304784080572553,15.225015856720319,0.0,0.0
1941,-72.06189275749992,-13.393460916999913,3.3540895694301907,6.0,120.91957930898974,310.6538018658161,0.0,0.0
1942,-74.56782289349991,-13.070207954999944,2.6577657687218683,2.0,35.51965849076272,149.04710725906455,0.0,0.0
1943,-75.57104820399991,-11.346561072499952,0.11956328746320877,10.0,28.105134131848207,48.56681279209892,0.0,0.0
1944,-74.4684969294999,-13.038808410999934,4.225772816892111,5.0,28.49090510104231,152.53123555202214,0.0,0.0
1945,-77.9271526334999,-4.818269729499946,3.59811015895641,6.0,103.94057339580031,303.5607166797854,0.0,0.0
1946,-69.71102320149993,-16.677159576499918,6.108511575291649,0.0,37.38094349456789,76.32339931708387,0.0,0.0
1947,-69.18189297199993,-16.40818535999992,13.14160488141437,0.0,20.102735062831382,78.20356299672679,0.0,0.0
1948,-73.94910402799994,-12.293757878499918,1.5449784011808876,1.0,107.8019467619821,154.65333269304182,0.0,0.0
1949,-73.93234634399994,-12.338277816499925,3.660189357457855,2.0,103.76639845084559,157.70005856487245,0.0,0.0
1950,-73.97881294849992,-12.233312667499945,2.068489522974548,2.0,113.22846441220683,149.97357017059343,0.0,0.0
1951,-73.95929523249993,-12.246391737999943,4.604068827016076,2.0,112.45597938000256,152.3557497764545,0.0,0.0
1952,-73.95571008949992,-12.255758213499917,3.7169595355007683,2.0,111.58287907883967,152.96414013737888,0.0,0.0
1953,-76.64250317849994,-12.665248916999928,1.2584816835166097,10.0,16.985836105258183,1.3493466612689062,1138.0,4565.0
1954,-76.64940336049992,-12.675400120999939,0.6756980137132567,9.0,17.626990308566334,0.8147641365199431,2724.0,4453.0
1955,-77.50161499999993,-10.63323449999993,0.5595972305775144,5.0,28.840716099341854,29.11356419513158,0.0,0.0
1956,-76.77444066049995,-10.667449338499921,0.6621823364455087,35.0,82.4773187072963,92.5082838079373,0.0,0.0
1957,-77.38537249999993,-10.607273999999933,0.4128102874896328,11.0,40.92246051532611,41.90999656240461,0.0,0.0
1958,-77.26612049999991,-10.575189499999937,1.7237451065130156,16.0,53.77363744808147,55.35779483944135,0.0,0.0
1959,-76.82100513449993,-10.588154029999941,0.7317713930525562,15.0,84.48796565001692,97.9944318435791,0.0,0.0
1960,-77.13948949999991,-10.513582499999927,3.284399150089073,21.0,67.93354017281763,70.73518433628271,0.0,0.0
1961,-77.04137249999994,-10.478084999999936,1.2236216264018516,21.0,77.75510849190414,82.16294030602643,0.0,0.0
1962,-71.16246237149991,-15.274420245999949,3.267521069718138,5.0,74.69867797844579,94.92774684840407,0.0,0.0
1963,-71.40260185249991,-16.409594946499936,1.7649714952489064,9.0,28.914397827123615,34.39999426543327,0.0,0.0
1964,-70.68162999999993,-15.782109999999932,3.8281501242930287,2.0,12.738711488432479,36.031755733626945,0.0,0.0
1965,-71.32353776349993,-16.382708105499944,0.899731057124351,12.0,37.48898289636965,40.74481002038857,0.0,0.0
1966,-71.29016771599993,-15.391334270999948,0.8149847168958739,13.0,75.15136440746086,104.5211413396134,0.0,0.0
1967,-71.42948836999992,-15.647813800499932,0.3935527390551882,3.0,45.50327810571314,72.4510126169217,0.0,0.0
1968,-71.35037982749992,-15.454052142499933,1.3002337363964573,5.0,67.35126773788294,95.60290052852342,0.0,0.0
1969,-70.78705575599992,-15.918717504499938,2.6271029308857194,5.0,31.654381672452025,53.1656358278679,0.0,0.0
1970,-71.25549167799994,-15.378062340499952,0.7179984935748313,12.0,77.32925120607459,99.74304492248565,0.0,0.0
1971,-71.1730114579999,-15.310814476999951,1.7938998052833095,9.0,73.19494736903275,94.20546194548899,0.0,0.0
1972,-71.38924232099993,-15.991023535999915,4.706513401164122,2.0,7.741520983188122,42.629842649716906,0.0,0.0
1973,-71.38628277749993,-15.884047565499941,15.005923618383266,0.0,19.415895545217783,51.69240351841743,0.0,0.0
1974,-71.38337794999993,-15.93120854749992,11.290624196140403,0.0,14.3166276550465,47.84053553325338,0.0,0.0
1975,-71.40867291899994,-16.036638922499918,0.9327604123481865,2.0,2.2857230438200014,37.715224347942474,0.0,0.0
1976,-71.20187409099992,-15.343629355499957,0.016436394937806093,5.0,73.78599829221868,95.63816714673493,0.0,0.0
1977,-70.89391334699994,-16.01786141349993,7.704942865162124,0.0,47.36801739124232,68.81864885037994,0.0,0.0
1978,-71.05876819649993,-16.18737764149992,3.752771681640941,4.0,40.550177041747204,66.79394525093056,0.0,0.0
1979,-76.08478198249992,-8.985120785999953,7.460696974118731,0.0,129.18031763484586,247.90894784449964,0.0,0.0
1980,-76.51871024049993,-8.186468884999925,2.917395695330446,3.0,210.03220066041683,237.0459359196004,0.0,0.0
1981,-76.63022193799992,-8.081065377999948,1.7836924636310867,2.0,200.41277949777916,228.1545883841474,0.0,0.0
1982,-76.57958066799992,-7.057553884499953,0.8540855670029539,13.0,89.20308530513789,282.77199823443294,0.0,0.0
1983,-76.5882166239999,-7.0576969279999275,1.26449611774146,13.0,89.57571782808196,281.97180471665735,0.0,0.0
1984,-76.33222833749991,-6.917692912999939,0.27523455983030853,14.0,67.5413990662969,314.1164778640184,0.0,0.0
1985,-76.39202614199993,-6.927241963999933,2.520508629691328,10.0,69.46553973721123,308.0347560231332,0.0,0.0
1986,-76.31724939549991,-6.785110428499934,0.14293582777457095,20.0,52.71307829645465,323.8184255324306,0.0,0.0
1987,-76.32297283049994,-6.792352745499954,0.8995505678622,19.0,53.568091284103055,322.8367121409246,0.0,0.0
1988,-76.32004486949992,-6.788634756999954,0.3779996936302271,20.0,53.128501739635645,323.33973558099626,0.0,0.0
1989,-71.48453392449991,-16.420292214499938,0.8395481300861557,37.0,20.127177875466526,27.997685998005135,0.0,0.0
1990,-71.53878404749992,-16.424190941499944,0.7907153477877302,34.0,14.332156030571426,24.319777091306573,0.0,0.0
1991,-71.51388093199992,-16.42597993149994,1.6619766649863839,43.0,16.986708953592053,26.202211654010622,0.0,0.0
1992,-71.44213318849992,-16.410843533999923,1.4964340699673813,15.0,24.69785281750329,30.91465626554675,0.0,0.0
1993,-71.5032594864999,-16.42703431299995,0.7799799595953536,38.0,18.119848096240634,27.06826484851051,0.0,0.0
1994,-79.91539526899993,-4.633670312999925,0.5669434124671985,19.0,67.11901629503302,92.02309111127002,0.0,0.0
1995,-80.33909501949992,-4.928277119999933,0.5434545365749808,2.0,23.009846712271937,38.99199631972957,0.0,0.0
1996,-76.11149151249992,-10.360997319999939,1.0671240560152484,4.0,26.081295869061798,136.87276680981566,0.0,0.0
1997,-80.16820459049993,-5.105715165999953,0.5736414034588604,7.0,7.625781787184895,55.66836099948106,0.0,0.0
1998,-80.16459995999995,-5.103281794499935,0.4214640342848802,6.0,8.060096700492599,56.14577643252279,0.0,0.0
1999,-69.88914178549993,-17.35704236899994,11.194213423392203,0.0,63.708034796794365,116.54958615581864,0.0,0.0
2000,-75.83588104599991,-10.215076185499925,12.800613866629355,0.0,40.2493343265211,152.59565778422586,0.0,0.0
2001,-75.60995810849994,-10.06558566499993,4.41096191127292,7.0,64.70986129807658,172.8290352465617,0.0,0.0
2002,-80.64945309349991,-5.20557189449994,3.1354391901473657,1.0,9.96752928859237,6.0464893463765845,0.0,1023.0
2003,-78.64141838649991,-7.066214767499929,2.8517882565314636,7.0,94.05517309220163,106.39231320677433,0.0,0.0
2004,-73.96506372649992,-14.279082300999931,0.3445682837112151,4.0,52.72206024262003,131.97294882441227,0.0,0.0
2005,-74.73046302799995,-8.443080901999934,18.163930187217904,0.0,248.0635432106987,373.95412041065254,0.0,0.0
2006,-74.53385461799994,-8.375534763999951,0.9813488602253573,20.0,268.0292041279727,389.0812974694617,0.0,0.0
2007,-78.26141983349993,-7.984221838999929,5.335872698404629,0.0,63.760142390716894,73.38175930849471,0.0,0.0
2008,-69.24770397849994,-14.194590889999915,0.057216837954131156,6.0,119.82233021163361,177.42514041324168,0.0,0.0
2009,-78.64056847249992,-6.5571431364999455,0.5165619410576751,8.0,90.36710428480022,118.37625899868743,0.0,0.0
2010,-74.15668354549993,-13.598444591999908,1.075657986754718,26.0,44.95507865587284,159.58876599001553,0.0,0.0
2011,-73.91349167549993,-13.939682180999938,1.3170090692080074,14.0,87.36415029347359,154.1042951475973,0.0,0.0
2012,-72.70223851549991,-12.852808832499932,0.47006363780459753,9.0,122.97371237573245,302.2921868644528,0.0,0.0
2013,-74.67908608149992,-13.05488877299996,1.3260523164597917,11.0,45.415591355441514,141.21217338567743,0.0,0.0
2014,-74.34955924999991,-13.042118076499946,1.2237521883307712,48.0,20.456742321303224,161.05577157120848,0.0,0.0
2015,-71.96226043099992,-13.522707372499951,1.7706133080411943,137.0,124.87670223473147,292.6960234863866,0.0,0.0
2016,-77.06788598849991,-11.896287280499934,0.9725348333181186,62.0,18.478468795889793,17.204384905933612,0.0,0.0
2017,-81.06826438699991,-5.0968288329999325,3.0167600296442854,5.0,4.248309873591967,39.77380390054067,0.0,0.0
2018,-78.04364778049992,-8.535136934999912,0.9211278600276366,14.0,77.15227930502222,64.86359140871866,0.0,0.0
2019,-73.95640406099994,-14.507278204999949,9.901031490673004,0.0,38.230831733280354,126.24101782928363,0.0,0.0
2020,-74.30236555949995,-13.669326422999944,1.3519595373910407,10.0,51.13764098161734,143.57458335315476,0.0,0.0
2021,-78.29838303499992,-8.665001184999937,0.4917693024446615,15.0,48.90046323860015,35.362428268053186,0.0,0.0
2022,-74.33199966349994,-13.827456744999921,0.11464332662723171,13.0,68.91791775624252,127.93019295376021,0.0,0.0
2023,-77.8628278274999,-4.773350815499953,2.420685506424379,3.0,106.55270186558712,311.51889823485374,0.0,0.0
2024,-69.83758735699993,-17.282146453499934,7.106502944159848,0.0,57.46528569699125,122.24949021535392,0.0,0.0
2025,-69.92789720199994,-17.409252223499948,4.164304482017801,1.0,68.53221750465636,112.63102903238061,0.0,0.0
2026,-78.55298383949994,-5.585129619999918,1.6945392334533826,8.0,21.383222956991514,196.47863537260443,0.0,0.0
2027,-71.52443357999994,-16.42549257199994,1.4088342825928766,45.0,15.861332208542443,25.410145310751016,0.0,0.0
2028,-71.37034288549992,-14.851345541499938,6.69856389408818,1.0,55.57388433779889,139.75574406816636,0.0,0.0
2029,-71.32576909549994,-14.950628786999943,3.7277863970159917,3.0,61.848128493293515,129.10014866757817,0.0,0.0
2030,-71.38574257449991,-15.88452406299993,15.007498646703514,0.0,19.372155889069482,51.68550781326585,0.0,0.0
2031,-71.30140069799992,-14.481645387499924,2.594263341703728,1.0,28.540417731290386,164.5531805349574,0.0,0.0
2032,-74.04866072249993,-12.027078437999933,12.598056039590015,0.0,127.06286491118246,139.2955191064402,0.0,0.0
2033,-77.85962315399993,-7.801281837499914,4.539147005936006,7.0,110.70651406645973,119.85628115630387,0.0,0.0
2034,-77.30502410849994,-8.367161589999938,0.9369940636492787,10.0,153.13251946120047,148.22086991128026,0.0,0.0
2035,-77.54439785199992,-7.955523400499942,1.301421484137124,16.0,142.76405475522765,140.9065008910063,0.0,0.0
2036,-77.62036800799993,-7.869018180999944,0.33378747080441573,25.0,135.32451369502832,137.69585158966692,0.0,0.0
2037,-77.64860507249995,-7.8260451679999505,0.8132052391034331,23.0,132.9614920461199,137.40752019483043,0.0,0.0
2038,-77.45971622749994,-8.034274022999938,0.5510550781701873,13.0,151.86448934736094,145.3608671965053,0.0,0.0
2039,-77.73622934749994,-7.810003095499951,7.546347614503888,0.0,123.79234593534096,130.255504503806,0.0,0.0
2040,-73.81282619799993,-12.611588644999955,0.17734780264575384,13.0,83.18815803049348,180.32174414669058,0.0,0.0
2041,-73.99849930649992,-11.967902285499918,4.254886301203302,1.0,133.4362614171092,144.49998312234484,0.0,0.0
2042,-74.02970486749993,-11.850271671999934,7.228349792294123,0.0,132.9977032612904,141.52420572448693,0.0,0.0
2043,-74.20996167699994,-11.722574215499947,11.87185274280559,0.0,119.42288423525129,124.06277629263406,0.0,0.0
2044,-74.00318696649992,-12.888968197499935,1.571163309458655,11.0,46.165720980945665,177.63403672824452,0.0,0.0
2045,-73.88672654699994,-12.719762779499916,1.2026643740864578,9.0,68.75847920072603,178.40046466815218,0.0,0.0
2046,-73.99001134549994,-12.755509939499916,2.0183846825088625,5.0,59.14399841684227,170.64702993396105,0.0,0.0
2047,-73.83323072799993,-12.606054657999948,0.8634991100193414,10.0,82.38269442593487,178.0491676981462,0.0,0.0
2048,-74.01447327149992,-12.885610523499935,1.7844353545317315,7.0,45.69602742156054,176.42240473790872,0.0,0.0
2049,-74.0072595144999,-12.88931398549991,1.6958125229574266,12.0,45.85771883094353,177.29768591229976,0.0,0.0
2050,-69.64057113749993,-15.281174613999951,4.271685848804189,4.0,88.65146101604054,58.53563244667931,0.0,0.0
2051,-69.76718090149993,-15.204539234999942,3.34967789910034,3.0,92.05705909724229,53.46171500007084,0.0,0.0
2052,-69.44555262699993,-15.453663273999922,3.727187723088037,3.0,73.06148019504269,67.57692161771661,0.0,0.0
2053,-69.50501041699994,-15.381802154999946,2.453646238553663,7.0,79.14404644082882,67.11850574463908,0.0,0.0
2054,-69.41577495549993,-15.469184609499933,2.6119495943867332,4.0,72.49721234110692,68.68628111179432,0.0,0.0
2055,-69.57078934899994,-15.307684052499923,2.2090804771420265,1.0,86.1861924471205,63.66672187984553,0.0,0.0
2056,-69.37555510149991,-15.481686930999928,1.552091569345617,5.0,72.87352742187045,70.93237785951806,0.0,0.0
2057,-69.52342729799994,-15.33111761999993,3.658537902294666,3.0,84.30941170348125,67.2596870431308,0.0,0.0
2058,-69.47934246199995,-15.424138068999923,1.6340071209874687,5.0,75.19260746388902,67.5347568992103,0.0,0.0
2059,-69.61599967499993,-14.741160109999925,0.6430282364550749,6.0,76.12493575147494,104.92535793940374,0.0,0.0
2060,-69.83083932249991,-15.215681510499934,0.6527838217012293,7.0,84.8596127708883,48.11036121346807,0.0,0.0
2061,-69.86078453149992,-14.91386794999994,0.8442473266338664,6.0,61.646564712574325,76.29513519934665,0.0,0.0
2062,-69.80192991249993,-15.052886548499913,1.9184481567569611,2.0,76.86999654912721,64.91703683020461,0.0,0.0
2063,-69.82954046699993,-15.004628024999931,3.163925884349553,3.0,70.96292140364285,68.28446811624303,0.0,0.0
2064,-69.74123501499992,-14.838887929999942,2.4939461291608698,4.0,67.6264859437322,89.00616042984903,0.0,0.0
2065,-69.80460929999992,-15.06095027899994,0.9882045312152729,2.0,77.32202526524631,63.99693873447197,0.0,0.0
2066,-69.61217407499993,-14.49149295299992,4.281613996333263,2.0,73.99092212107169,129.89121313574336,0.0,0.0
2067,-69.46529007149994,-14.323535918999909,0.31773308847960324,11.0,93.09753744755214,153.53534413265197,0.0,0.0
2068,-69.35939097749991,-14.220622839499924,4.37661826989253,2.0,107.51722199810804,168.94481115979627,0.0,0.0
2069,-69.49977814649992,-14.389968982999932,0.7342353185813822,10.0,87.69507797971978,145.26675952398503,0.0,0.0
2070,-69.82024113949993,-15.131065802999927,1.5375569822983273,2.0,82.11755300780051,56.46710199187848,0.0,0.0
2071,-75.08320792349991,-12.299969383999922,2.5823671639155714,3.0,19.884592525265887,46.78882137789282,0.0,0.0
2072,-71.28613239799992,-14.344138631999925,8.191989226537931,0.0,30.292915188120197,175.92199155413044,0.0,0.0
2073,-69.10126412149992,-14.167575348999947,2.8518663522349557,10.0,135.7244016063865,188.54172810319068,0.0,0.0
2074,-69.67669855149992,-14.52406040799994,1.2038851049138337,3.0,66.7980149118153,123.85524767070419,0.0,0.0
2075,-69.44791293449993,-14.299472631999919,0.5929022492831191,11.0,95.65896117783761,156.76608766600393,0.0,0.0
2076,-69.04727071249991,-14.112999996499951,0.17991939987936167,8.0,143.23033844744313,196.85102596738668,0.0,0.0
2077,-77.98975888149991,-4.862478912999933,2.286050777755974,5.0,101.99823783593344,295.84662046329487,0.0,0.0
2078,-76.07826995849993,-9.67225074749993,0.5001817408909666,8.0,53.76744125631903,212.81804496342207,0.0,0.0
2079,-76.09161407549993,-9.714041882999936,1.103353387260856,10.0,48.906323889615976,208.2795037833423,0.0,0.0
2080,-69.73062116949993,-17.15131023549992,5.882107959738657,0.0,50.716876009225736,128.82591960644095,0.0,0.0
2081,-76.24421341799993,-9.947312702499943,0.3758870758103348,64.0,22.247922132033874,179.1681618881132,0.0,0.0
2082,-78.54997092799994,-5.520974081499929,0.3924624022010974,12.0,27.73761784635999,202.4433593619811,0.0,0.0
2083,-76.38839586199992,-11.846196599999928,0.2313043281985483,83.0,22.36203333223135,1.6060164832220152,1810.0,2825.0
2084,-80.2120048429999,-6.360110352999925,1.2911575425943738,2.0,28.08199894652821,73.98734611778269,0.0,0.0
2085,-76.07431681899993,-9.66660817099995,0.5693879545672463,8.0,54.48110504637395,213.41752021178914,0.0,0.0
2086,-76.06287235449992,-9.652070665499934,0.33525182293564726,9.0,56.361221016971335,214.95917919083365,0.0,0.0
2087,-76.06366012849992,-9.64447168849992,1.1768273760550187,10.0,57.15592824291451,215.80759757173706,0.0,0.0
2088,-75.99474009699992,-9.55530176399995,2.0271032758738365,3.0,68.8294482403714,225.43977588678456,0.0,0.0
2089,-75.96182712099991,-9.452047465499959,3.4190130382688806,2.0,80.8625283066136,236.88138042358926,0.0,0.0
2090,-76.08039698499991,-9.680656900999935,0.5340393196988121,6.0,52.804083723862696,211.90002080568323,0.0,0.0
2091,-76.05813424399992,-9.66112983149992,0.24679774326074527,9.0,55.52764999324164,213.92557814857642,0.0,0.0
2092,-76.05942391849993,-9.663037244499918,0.017474253923228475,9.0,55.28517334858974,213.72121504604257,0.0,0.0
2093,-79.95522180349994,-4.428807356999926,1.9997987711868603,9.0,86.35799570660353,98.73121248538752,0.0,0.0
2094,-79.96065247499993,-4.4420226074999505,1.3983675640774602,10.0,84.7735977655222,97.40903359161902,0.0,0.0
2095,-77.18384730849994,-9.404579752499927,0.6717470160431388,17.0,57.84648061687234,119.80689945865102,0.0,0.0
2096,-75.14952400099992,-12.163382318999936,0.4258049281765338,11.0,6.415380620301957,30.357239754188758,0.0,0.0
2097,-76.00604858999992,-9.90332193799992,1.3615983328954144,9.0,33.69092944811968,186.78250991253108,0.0,0.0
2098,-79.4640716744999,-6.692198401499951,0.2692435313945059,40.0,1.7224236382958171,38.29487954400296,0.0,0.0
2099,-71.96467948199992,-16.781337554499913,12.054316213610184,0.0,25.48255549904095,16.221087902193585,0.0,0.0
2100,-77.66796083249992,-10.915645349999949,6.492436891138816,0.0,32.20890543689409,4.570606678469063,0.0,3850.0
2101,-71.45458654149994,-14.105244444999926,0.4071886123053727,7.0,60.60025555365009,208.09805343412862,0.0,0.0
2102,-70.08027398049992,-17.625567240999914,1.450952531223862,5.0,53.75270564524653,101.07034827588478,0.0,0.0
2103,-71.2991946679999,-14.558181051499929,2.541171456620656,1.0,29.925503421815694,157.7145977392564,0.0,0.0
2104,-70.25500106049992,-17.989065594499948,0.13824810620099548,7.0,34.73709653729228,100.53808949804005,0.0,0.0
2105,-69.57228044149994,-14.665687383499915,0.26299241514668253,2.0,78.92021998870247,114.54447520216812,0.0,0.0
2106,-71.24970750099993,-14.315682184499934,4.218622617829108,3.0,28.648565008019105,176.37107368326573,0.0,0.0
2107,-71.45963554199992,-14.143957949499935,3.0477543549636636,4.0,58.23073902081992,204.87949366528287,0.0,0.0
2108,-71.3496173254999,-14.740405852999913,6.384954294114983,0.0,45.16090073069926,146.38786971026695,0.0,0.0
2109,-76.05142975999993,-9.627422028999945,0.3036886731615009,8.0,59.33527772753007,217.63216178831178,0.0,0.0
2110,-79.3887641389999,-6.626846584999953,1.648929308068603,42.0,12.766800347673348,48.64319042092967,0.0,0.0
2111,-72.74831019649992,-14.066968063999951,4.408809289313894,1.0,37.031991172868224,268.7268534593974,0.0,0.0
2112,-74.11555409749991,-15.864340938499936,1.9126067564952054,1.0,50.44402471830357,168.53237383574884,0.0,0.0
2113,-73.89803773599994,-15.759408156499944,3.063639207891859,4.0,62.04003655006576,162.87402702102108,0.0,0.0
2114,-73.94453508099994,-15.787141005499933,2.8527266245303906,1.0,62.30566953153716,165.37609197442092,0.0,0.0
2115,-73.85736680099993,-15.735099335999934,0.5805022892059667,3.0,62.263384254317444,160.83015537309873,0.0,0.0
2116,-73.65806829549993,-15.562300539999939,3.876902980772555,1.0,75.00518732927485,157.1093816935247,0.0,0.0
2117,-74.01939199549992,-15.829902678999929,4.147312907723153,1.0,58.63166688503526,169.8497414607637,0.0,0.0
2118,-79.75421867299994,-6.767186911499948,1.7918203910778518,5.0,19.40756698850644,14.546833069155388,0.0,0.0
2119,-79.40935420949992,-6.636934280499929,0.22549526565512684,34.0,10.33475401091896,46.53552124140481,0.0,0.0
2120,-73.87490613399993,-14.168579608499925,1.6634663415744857,1.0,68.37712800819276,145.6167675375115,0.0,0.0
2121,-77.97188341899991,-5.975986149499931,0.2523698243339926,26.0,5.053166207828953,214.3785242213901,0.0,0.0
2122,-76.03068913199994,-9.886619510999935,2.7956082577812422,9.0,33.645743688374935,188.73687854724193,0.0,0.0
2123,-79.27861769999993,-6.795149449499945,1.5556758045634704,20.0,24.124374504231184,43.65089374998354,0.0,0.0
2124,-73.90521728699994,-13.958714002999955,0.6818949671668825,17.0,85.90882022000983,153.71428141796628,0.0,0.0
2125,-79.80637765899993,-6.812579760499943,2.5342036415987352,18.0,19.086943020728857,8.406092962102933,0.0,582.0
2126,-77.28370300799992,-11.530505573999932,3.1894548907136127,4.0,27.038220077062757,0.7050938658206928,5372.0,26564.0
2127,-69.91318746999991,-17.762080024499937,2.6157270240227337,3.0,66.7173320576472,122.8864037931127,0.0,0.0
2128,-77.10490266849993,-11.840329467999936,1.1715812500192275,46.0,11.141974426334734,9.80282807681485,0.0,996.0
2129,-69.78430912599993,-17.610620318999935,1.4238194218825437,4.0,83.65265818044905,130.91915239876832,0.0,0.0
2130,-69.69286087049991,-17.58190519799996,0.5709312951359898,1.0,94.13192837318087,139.76522398932337,0.0,0.0
2131,-70.14779444349992,-17.896261786499934,5.170209710530804,2.0,42.00940530083651,106.44643799309624,0.0,0.0
2132,-69.90190374349993,-17.771258408999927,2.0067786911805556,3.0,67.79231897946987,124.37694340400247,0.0,0.0
2133,-69.89008719799995,-17.77064428399993,2.502143047298889,2.0,69.04403276994209,125.51120106689558,0.0,0.0
2134,-69.58090921099995,-17.530660318999935,12.595523336971906,0.0,94.42677431500907,150.58630431478264,0.0,0.0
2135,-69.55528062849993,-17.352309545499907,6.2425896386878925,0.0,79.80662824447414,152.8944846180653,0.0,0.0
2136,-70.07919537749993,-17.855991296499923,3.3177569738330424,4.0,48.74047972414784,111.67950093544691,0.0,0.0
2137,-69.55441073699993,-17.451077205499928,5.0538637409034965,1.0,88.55672815408134,152.47542277067748,0.0,0.0
2138,-69.74387360249992,-17.59326871099995,2.4124656326299574,2.0,88.31971705835458,134.70168072498768,0.0,0.0
2139,-70.17271911399993,-17.933368925499934,2.0479464326761763,4.0,40.35676627487866,105.58559524889522,0.0,0.0
2140,-69.82451256699991,-17.66975671399993,5.405601120176189,1.0,77.79600718976182,128.4312414662529,0.0,0.0
2141,-70.01835727699992,-17.82459068299994,4.148687257982543,2.0,55.12059917606345,115.6434421966615,0.0,0.0
2142,-69.98476821299991,-17.79650187599995,0.4654476222011415,3.0,58.80928548848805,117.45962430126215,0.0,0.0
2143,-69.62240601249994,-17.55940258399994,7.3154419329738465,0.0,95.06052562898097,146.6968533557655,0.0,0.0
2144,-72.08049616199992,-16.96774194449992,3.675206528608372,5.0,1.773135208007398,40.327440691026496,0.0,0.0
2145,-69.93911170599992,-17.77008344199993,0.27682093351158166,5.0,63.888365739376106,120.68652163666862,0.0,0.0
2146,-76.07436044249991,-9.829855728999945,1.1038666604390666,37.0,37.14395200269664,195.30204806858214,0.0,0.0
2147,-69.85900509499993,-17.736977964499943,6.824495584860835,0.0,72.77654107651803,127.25553520361609,0.0,0.0
2148,-74.18255860999994,-13.501226499999916,1.661163224446372,7.0,33.795928946225935,166.29147460540213,0.0,0.0
2149,-77.49903645049991,-11.291353240499916,4.956357721749816,1.0,13.853186883724716,3.2367700074353323,0.0,9545.0
2150,-69.31618627099994,-15.453986569499932,5.349311179669306,1.0,78.43782060478625,77.27543233868445,0.0,0.0
2151,-75.00098473999995,-15.152391248999947,25.2000776169299,0.0,22.790560569392674,52.410154090864694,0.0,0.0
2152,-71.29610795999994,-17.693228388499932,3.022887491683362,1.0,8.72339014207341,1.6412236972350887,13.0,122.0
2153,-69.34072491649994,-15.491752862499936,2.115935365550031,3.0,73.49821441785004,72.36118123860595,0.0,0.0
2154,-77.9575676044999,-6.0122589469999355,0.20240093534834078,29.0,9.363037099920861,213.60592320604613,0.0,0.0
2155,-75.55369137299991,-13.272409643499913,2.0185267781858207,8.0,36.99315184445964,74.96712763310508,0.0,0.0
2156,-79.77755172699995,-6.7875784729999395,4.217563108900957,9.0,18.89132460818832,11.57029762414504,0.0,0.0
2157,-75.08033210599993,-13.161518874499933,0.3120420130030042,4.0,28.26180214034622,126.53371220263615,0.0,0.0
2158,-78.7983184284999,-7.4120555269999215,1.1305249501228303,5.0,63.38616477935908,64.55967045760008,0.0,0.0
2159,-73.39530854949993,-13.861541687499937,6.878089685372495,0.0,37.728684291009834,207.00090283137123,0.0,0.0
2160,-72.37569764199992,-13.083583642999912,0.6259604356373512,6.0,116.88296257078272,344.36411640229625,0.0,0.0
2161,-73.91576028499992,-13.912593481499925,1.1424228525448301,14.0,87.11707383566839,155.56555577232353,0.0,0.0
2162,-71.10234838449992,-17.567307966999948,8.33259214439609,0.0,16.349720104696488,1.5867715046069344,50.0,563.0
2163,-74.60405826599992,-8.398091316499944,5.286970354078749,1.0,260.9744416525265,383.7527686720809,0.0,0.0
2164,-79.40730778999992,-7.422648407499935,2.521564994609651,2.0,14.327406440028195,51.96461371111535,0.0,0.0
2165,-74.14967899349992,-13.612831832499921,0.8405441541263211,38.0,46.7037258413462,158.8632588716049,0.0,0.0
2166,-73.36918636549993,-13.666405406499905,0.3804569723277582,9.0,43.67193702845766,220.03363594822827,0.0,0.0
2167,-77.33432552699992,-8.330911890499948,4.293098008877765,3.0,152.41991635393043,146.04147667834488,0.0,0.0
2168,-72.42884168299992,-14.130444584999935,1.2682132857893977,2.0,71.38638749051538,249.29777404393377,0.0,0.0
2169,-75.06627737449992,-13.119397836999923,1.012650431412475,8.0,31.611301542156863,132.52531521634774,0.0,0.0
2170,-78.80231286299991,-7.390061826999926,0.6313919880435693,5.0,65.14789622400455,66.37592332543421,0.0,0.0
2171,-76.23039755049993,-13.045435094499936,1.1836696019190411,8.0,6.852638551126671,19.616434624536407,0.0,0.0
2172,-76.04023070549994,-12.862404583999933,0.548031142651229,16.0,35.523184888793295,48.57391577967855,0.0,0.0
2173,-71.85131460549994,-13.423623084499923,0.4349757108461254,31.0,116.32902892831828,294.93178504021137,0.0,0.0
2174,-79.50439897699994,-5.862532699499923,2.3353816791813533,16.0,19.257804563931742,118.76541813398525,0.0,0.0
2175,-75.94814001949993,-9.871375665999949,1.7892435719403859,8.0,40.49748746440322,190.2549206899099,0.0,0.0
2176,-79.43959874649991,-7.176798969999936,4.370907211676468,2.0,9.403704379324864,27.303500557878156,0.0,0.0
2177,-72.34249996799991,-14.142247149999946,3.7137244309286417,2.0,80.59612475259028,245.21327008283424,0.0,0.0
2178,-77.88171281199993,-7.750440907499922,0.1393379114649627,17.0,109.78318225477402,121.58900017972114,0.0,0.0
2179,-72.17749778449993,-13.892291766999932,5.608228646505767,1.0,94.06224225054214,267.86310924723534,0.0,0.0
2180,-72.4000494679999,-14.138114312499937,2.0488517649305287,1.0,74.5942198743784,247.50919260802027,0.0,0.0
2181,-74.96485377349993,-12.785436948999944,2.025956405853151,23.0,65.65507412498852,100.44561802713685,0.0,0.0
2182,-79.13330031299995,-6.900065097999942,9.538830070527808,0.0,43.772314156242544,54.295020971822304,0.0,0.0
2183,-75.54462198449994,-12.075347688999926,0.2597462537548735,10.0,38.03718681782969,26.761947577775,0.0,0.0
2184,-75.37867362199992,-13.271498856499932,0.9824543375457792,14.0,42.38986318828225,92.02785734607768,0.0,0.0
2185,-77.91285387349993,-6.126272773999915,1.854991634203262,24.0,22.955766711700353,211.70777859068968,0.0,0.0
2186,-78.97380556649992,-6.611526458999947,1.2070968134487314,34.0,56.374116033397975,83.0193891909019,0.0,0.0
2187,-77.91931084949994,-8.689991494499935,0.8352420238283028,20.0,76.70611407312018,77.09900120964602,0.0,0.0
2188,-77.33611749599993,-11.459750219499938,3.0417020184862666,2.0,35.42309558820371,1.4232934120263825,7181.0,16234.0
2189,-73.53506315749993,-14.218816164999936,1.8182653170275926,2.0,62.928068823498016,177.98814557754224,0.0,0.0
2190,-74.95227153549993,-12.792664665499956,0.6402028002398583,27.0,64.80800424908338,101.72875036736373,0.0,0.0
2191,-74.10570998799992,-13.688227782499922,0.7277086797312817,30.0,56.13737632559584,155.8793498745459,0.0,0.0
2192,-75.89605802649993,-9.851197192499939,1.5454075018754532,7.0,46.06663753347888,192.60655739974155,0.0,0.0
2193,-75.89439051049993,-9.889714552499925,0.4230074526366433,9.0,43.30935291263858,188.3324730855248,0.0,0.0
2194,-75.89655051399993,-9.91638970899993,2.063148212004204,4.0,41.263024021023725,185.3598652212724,0.0,0.0
2195,-75.89297959049992,-9.91293959099994,1.737676274009961,4.0,41.806823082306835,185.75720980627344,0.0,0.0
2196,-76.10988182349993,-13.879642206999932,5.907955300978702,0.0,22.695731998121747,16.021325627541827,0.0,0.0
2197,-76.44025793249995,-11.260229642999946,1.2669258008202928,3.0,57.662809280997614,38.35677737330853,0.0,0.0
2198,-77.00203091449993,-11.846452572499942,1.0738440591908884,42.0,18.943024105534906,18.689025279501703,0.0,0.0
2199,-75.0609874129999,-12.30550570099993,0.5749063386955958,5.0,22.024712676488974,48.709691507996276,0.0,0.0
2200,-74.95612761949991,-12.351644841999928,2.0569491605140295,7.0,34.07439801530202,59.972369435011395,0.0,0.0
2201,-77.45765106399992,-8.342292678499916,2.747060317123114,1.0,140.3373179674138,132.60953168931272,0.0,0.0
2202,-74.35196458899995,-13.799512575499932,0.5988790378672693,6.0,66.06865434726122,128.90568321466424,0.0,0.0
2203,-74.34214332399995,-13.792725006499921,1.0056858639216366,6.0,65.19009252942176,130.1630310862694,0.0,0.0
2204,-74.32463878049992,-13.75468389799994,5.460276726109222,0.0,60.78712146969304,134.63231680259275,0.0,0.0
2205,-70.19083007749992,-17.965398418499916,0.40276219216866105,10.0,39.701555234545964,105.34503072727344,0.0,0.0
2206,-73.81919860849993,-14.98167324049993,0.17269348126439732,15.0,62.98195524326774,142.77473483979813,0.0,0.0
2207,-74.09312013949994,-14.716635359499918,1.0743980853345425,6.0,22.40794915576663,109.79386987725069,0.0,0.0
2208,-74.92038459999995,-11.52126362249993,1.2920215571632996,3.0,67.48438775034364,61.7342698299819,0.0,0.0
2209,-75.24630945999994,-12.145414197499946,1.9303762009577432,8.0,4.923896009936205,22.99541240583451,0.0,0.0
2210,-75.07025611749992,-11.694827606499956,1.8049975809192027,28.0,54.86181769208779,37.498539009835376,0.0,0.0
2211,-69.06990494549993,-16.594435717999914,5.755686641532078,1.0,17.051127507861324,100.52701284025025,0.0,0.0
2212,-69.77698058799993,-16.750121725999946,6.004060712897869,0.0,28.277702554745655,84.12806061039174,0.0,0.0
2213,-75.67791938799994,-11.465777822499945,0.9437293557401606,12.0,24.435259000455055,32.907188939543225,0.0,0.0
2214,-75.57441803899991,-11.671302738999941,1.68132970087646,4.0,28.23192036078166,12.45532251424707,0.0,0.0
2215,-72.79224571849994,-13.907650824999934,0.7436852033898024,5.0,27.694056034243154,264.9601716459773,0.0,0.0
2216,-70.36054836549994,-14.800242791499926,4.281764923966792,3.0,25.302024163731623,88.6503300266366,0.0,0.0
2217,-75.24755191799994,-12.122387885999927,1.8149521373922013,8.0,6.751951324000862,20.615045873352365,0.0,0.0
2218,-70.35351154899993,-14.919730727499939,6.297223699890276,0.0,22.182790808893223,75.85606643468068,0.0,0.0
2219,-71.5004049174999,-16.424697726999938,0.40604485934856666,39.0,18.42467228075855,27.09848771758642,0.0,0.0
2220,-74.2737166039999,-13.068092468499941,0.2663045826932658,28.0,15.815163799845198,168.71810799844224,0.0,0.0
2221,-77.15883166299992,-11.779317122999913,0.9766969561110033,16.0,3.8833039434767307,1.046275667862059,527.0,2424.0
2222,-74.41670709499991,-13.023430048499932,0.6012662580650345,30.0,25.960166569316456,154.73177548475536,0.0,0.0
2223,-77.59077397399994,-11.09163087199994,1.9530339835105794,10.0,11.090388216283818,4.0490160430791375,0.0,1589.0
2224,-76.36633407949995,-13.069904170499939,5.36711638958656,1.0,8.56669347024842,6.895930361627663,0.0,3065.0
2225,-74.95330091049993,-11.591825344499938,6.513941027903226,0.0,69.95639587384044,54.30171677155466,0.0,0.0
2226,-72.78121108349993,-13.849830789499947,0.5093196311099708,6.0,29.557666461646562,268.293330311488,0.0,0.0
2227,-80.67876281499991,-4.912038021499939,1.0110334191715906,9.0,14.19719915126546,2.357698575305284,1.0,998.0
2228,-80.71314326449993,-5.347923352499947,3.2951469191314238,8.0,12.579001114882615,10.49046320164155,0.0,0.0
2229,-75.00861032049991,-8.734700009999926,15.96716555366577,0.0,203.5655644664148,333.17214154371356,0.0,0.0
2230,-71.23039309499993,-17.66503270249993,1.983130974246073,2.0,1.089433759421058,9.036802699725042,0.0,13.0
2231,-73.71376849999993,-15.57863649999996,1.98708064986825,5.0,74.00355627475142,160.07225272250523,0.0,0.0
2232,-78.41659210699993,-5.354827563499953,2.2491583645972604,19.0,51.088723535279115,226.0606473619905,0.0,0.0
2233,-79.4875428249999,-6.719073627999933,0.8344578012781183,41.0,2.2706623863159234,34.493245966765144,0.0,0.0
2234,-75.30786100549992,-11.894464748499928,1.8832057742623354,16.0,32.43355369402078,5.358925489056714,0.0,3268.0
2235,-78.73963035299994,-6.478242457499931,4.95396735831253,2.0,82.02995913477689,112.82194273581885,0.0,0.0
2236,-75.24470555049993,-12.091366758999925,1.3236823034155352,19.0,9.539003019380207,17.745424054543157,0.0,0.0
2237,-73.52332049999993,-15.25595199999995,5.0036189735478045,1.0,108.99625929749236,174.7504313110635,0.0,0.0
2238,-73.30479165099993,-15.366536018499943,0.9389642531703888,6.0,101.24638249316418,152.19679102488988,0.0,0.0
2239,-72.08269390949994,-14.448130951499934,0.7083269420697202,1.0,112.66242447048737,205.269314739443,0.0,0.0
2240,-73.34462991799992,-15.280096093499935,1.1291639541930625,7.0,109.33030203011678,162.6874677180294,0.0,0.0
2241,-71.97040445899992,-13.508765989999944,0.719051549826569,104.0,124.59461543881635,294.46908830510114,0.0,0.0
2242,-77.42799351699992,-11.368184750999944,3.8530826519176453,2.0,25.34043588506537,2.0042352456823394,1.0,10624.0
2243,-74.54683698249994,-8.383784579999912,1.5469551370781027,21.0,266.3864261870523,387.6722338192422,0.0,0.0
2244,-78.95278274999993,-6.615849107999935,0.5748373123849227,23.0,58.57912008702016,84.75966856877918,0.0,0.0
2245,-75.2333788864999,-12.146862640999927,1.6015175683395209,8.0,3.7080590463317424,23.737636857749873,0.0,0.0
2246,-75.07470035549991,-13.058042525999923,1.5513602218847158,6.0,38.21173355366318,125.66908922146169,0.0,0.0
2247,-75.97358191199993,-12.844321229999935,0.4693604754556134,16.0,42.41177795971629,55.28693715110305,0.0,0.0
2248,-75.33054835199994,-13.254163785999935,0.6555438817155823,17.0,44.44017472372631,97.57408520746006,0.0,0.0
2249,-73.78725744449991,-12.621464507999946,0.3840179922725588,16.0,84.01951143774218,183.30300880015213,0.0,0.0
2250,-71.85110969099992,-13.42382748049991,0.4428076846755124,31.0,116.3100598494692,294.90065904959175,0.0,0.0
2251,-71.08021862849995,-17.579140226999925,7.1585854423792545,0.0,17.48860956413141,3.4217036136748664,0.0,563.0
2252,-74.38436878799993,-13.030683065499915,0.45444287637031694,49.0,23.331242767157192,157.61655293295888,0.0,0.0
2253,-77.62714894149994,-4.611702879999939,15.539194947914257,0.0,120.75651557985108,340.9175659778652,0.0,0.0
2254,-74.71973274399991,-13.013143885499943,1.1965663833112485,15.0,46.7613493495718,134.9949924359415,0.0,0.0
2255,-74.99180097049992,-13.330172278999925,0.4696911018083846,5.0,7.592525432724336,129.83482913376207,0.0,0.0
2256,-79.89033794299993,-6.800591468999926,1.1903213948445666,2.0,14.859837892826862,13.59251323039931,0.0,46.0
2257,-77.77258859049991,-4.66002504699992,5.294473948021292,1.0,116.78762070696321,323.9908828690703,0.0,0.0
2258,-75.51987491249994,-10.00652718549992,0.3985908009586712,12.0,75.53264953113258,181.57087496934875,0.0,0.0
2259,-73.83039952949991,-15.708482556499916,3.111506940117655,3.0,63.71091429574032,160.24920247776208,0.0,0.0
2260,-75.4249399629999,-13.393849506499919,0.14425089576263603,32.0,28.15329773057957,82.70421953622937,0.0,0.0
2261,-75.35627543699991,-13.378129686499932,0.2559579370023811,13.0,34.11847541994141,90.32624680336554,0.0,0.0
2262,-74.19182952749992,-13.394965017499914,5.708494499408201,0.0,22.33306818507168,175.29608897707922,0.0,0.0
2263,-75.24146571449992,-12.064334480499923,0.11567783410947052,17.0,12.227577570936392,15.496360919797151,0.0,0.0
2264,-75.50782097249993,-9.71413234049993,11.127350297097426,0.0,89.1161131340723,213.42085127273626,0.0,0.0
2265,-69.75369672149992,-15.207468331999934,2.197916583748614,4.0,93.21309168586238,54.21598156585275,0.0,0.0
2266,-76.14194357249994,-13.499406672999953,1.4678917109370977,10.0,14.07833248238868,11.13975124680961,0.0,0.0
2267,-76.16890043499993,-13.410616318999956,5.058692956242341,2.0,4.436158698516596,13.52210933574616,0.0,0.0
2268,-76.15547655299991,-13.692135300999922,0.5460118666445198,5.0,34.291072539532166,1.0710787843342753,466.0,1528.0
2269,-79.29773478199994,-6.615690591499941,0.6158242308532854,29.0,21.911981108097496,55.43731772582191,0.0,0.0
2270,-77.07295084849994,-11.915382125499946,0.216870243178943,67.0,20.182665866008556,18.695658743519477,0.0,0.0
2271,-76.32907215149993,-10.945330874999911,7.101957539548134,0.0,69.71218105210619,73.2138577184186,0.0,0.0
2272,-76.36180469799993,-10.999754982499923,0.0899947967953161,7.0,67.30189749462853,66.19443036397863,0.0,0.0
2273,-76.60789378699994,-11.464626749499928,0.5240092222171947,43.0,46.751845369724485,10.332526187673183,0.0,1.0
2274,-76.29959597849992,-10.893562091999911,4.551446965129192,3.0,72.6589929001971,79.79402659261461,0.0,0.0
2275,-74.81860512149993,-12.384223475999931,1.8638487270189645,13.0,48.60805969383337,73.28029151559724,0.0,0.0
2276,-74.38012930599993,-12.78544919649994,0.7665567712503597,34.0,48.6474872699469,138.46974730923554,0.0,0.0
2277,-77.16413442099991,-10.053239655499937,0.7645935479664139,25.0,32.81772732328949,97.35544172453578,0.0,0.0
2278,-73.78139273349993,-15.016871532499948,0.685278879664488,18.0,68.58674248881468,147.62957085287027,0.0,0.0
2279,-74.23088063499992,-13.605145513999929,1.4671264818049126,11.0,44.13873493764633,153.9476342173081,0.0,0.0
2280,-74.60475897499992,-14.086392540999952,12.129813408574584,0.0,70.35385735764399,86.94114863055474,0.0,0.0
2281,-74.32076039149993,-13.741369210499926,5.212482397491043,0.0,59.27503343171848,136.04680692989137,0.0,0.0
2282,-74.32676444999993,-13.856908319999917,0.755333643251619,14.0,72.13156618271583,125.86095235234153,0.0,0.0
2283,-77.94193375499992,-7.7948664339999425,0.8857178649707564,18.0,102.07237867455115,113.34294831214699,0.0,0.0
2284,-75.08029104649995,-12.249213738999941,3.605154048535687,2.0,16.49554709428715,42.503476804090795,0.0,0.0
2285,-72.27834516699991,-13.251648400999926,3.132961281165944,6.0,110.592386557484,339.8649196326551,0.0,0.0
2286,-73.78790560449991,-12.619178397999946,0.6463011518110237,16.0,84.17401792973328,183.13557073344703,0.0,0.0
2287,-71.29955291749991,-14.430688857999911,0.6687047377781761,1.0,28.647544033738672,168.98015681627132,0.0,0.0
2288,-70.35304927849992,-14.787784576499945,2.7047292655116526,3.0,26.734225460085824,89.72664286183873,0.0,0.0
2289,-71.43127487699991,-14.21795614499996,3.2542343381852117,2.0,50.915118834941545,196.47257652904707,0.0,0.0
2290,-72.37407008349993,-13.082558271999915,0.6480126607681015,6.0,117.08187069135943,344.4872775274847,0.0,0.0
2291,-71.30421352399992,-14.418050765999908,2.1607701502037346,1.0,29.387318280525403,170.41223967146587,0.0,0.0
2292,-72.40987874949994,-13.063158557999913,2.004093317113182,7.0,116.44018897736326,340.09194853405273,0.0,0.0
2293,-75.1235761474999,-11.747033262999935,2.0818574891887898,8.0,47.85779657374841,29.721651447091155,0.0,0.0
2294,-75.4071102554999,-13.399174772999913,0.29529425307818896,29.0,28.79140269353653,84.40061042240482,0.0,0.0
2295,-75.19573865899994,-12.092095235499926,1.118177821501565,17.0,8.700970495173598,21.11045461481492,0.0,0.0
2296,-74.57331740599992,-11.04175412099994,2.931341789863495,2.0,92.04092251237152,125.63038461940874,0.0,0.0
2297,-80.62751512599993,-5.985719270499914,1.318371064315653,1.0,77.4947135056594,72.99833904943216,0.0,0.0
2298,-75.08364012549993,-11.722597485999927,0.5564920682543076,16.0,51.496209450959505,34.805256003926374,0.0,0.0
2299,-76.97927371299991,-12.084893486999931,2.00786364985349,25.0,41.553646505787164,21.870800361146667,0.0,0.0
2300,-80.95770526599992,-5.876063037499932,0.41792809000923714,1.0,75.43916506713778,71.35546766513517,0.0,0.0
2301,-74.93160860999993,-8.608658625999936,8.82716848041238,0.0,219.77004307363288,349.1390265091391,0.0,0.0
2302,-74.95200809249994,-13.355837175499943,1.1483091879386937,11.0,2.575913517829905,132.1224937748654,0.0,0.0
2303,-80.68556768199991,-5.28631842899992,1.504778447507322,4.0,7.682586438112193,8.384381869412218,0.0,7.0
2304,-72.87489572549993,-13.747118963999924,1.2869417384937631,4.0,25.789805431354978,263.26419377729445,0.0,0.0
2305,-80.8447227604999,-5.9115678709999315,8.064724822180331,0.0,73.71208843070511,69.35276131269335,0.0,0.0
2306,-78.04378548699995,-8.490015474999922,0.37558812182001505,16.0,80.92959657935188,66.10488943419568,0.0,0.0
2307,-72.78739445499994,-14.024505759499931,7.33633648931551,0.0,31.131763661696255,261.40163552212226,0.0,0.0
2308,-77.06371495249991,-11.990171774999936,0.8475415743568102,79.0,28.340999456265212,26.599872347461524,0.0,0.0
2309,-72.79750156399993,-13.989030837999934,3.264134807060188,1.0,28.646707595833682,261.53142999684775,0.0,0.0
2310,-72.79736790299992,-13.933898802999948,2.9178758530678746,4.0,27.31472826076859,263.47532420462824,0.0,0.0
2311,-78.22383837649991,-4.974283498499915,0.2629073186691362,10.0,98.38315657384653,268.2448201620791,0.0,0.0
2312,-76.59721983149993,-11.11999528849995,1.4605545563301843,13.0,54.1620946001877,43.199666674388986,0.0,0.0
2313,-78.37010306099995,-5.261186652499958,1.017718993785839,13.0,62.65826242495523,237.52457314028172,0.0,0.0
2314,-78.50389630499993,-5.463069991499935,0.21084697408231934,30.0,35.80923425846385,210.6468323957659,0.0,0.0
2315,-76.33282223499992,-13.069485624999942,4.364520007057628,1.0,4.9430341997542495,10.1342432296003,0.0,2813.0
2316,-76.15419124499994,-12.984581414999923,1.5052980452383358,12.0,17.413781661108185,30.278385211528338,0.0,0.0
2317,-75.40518487849991,-10.572930237999941,0.7827010548923177,6.0,64.11511359454339,127.29952975087707,0.0,0.0
2318,-75.11892604799993,-12.208609580999934,0.1888490289337609,12.0,10.640522069324746,36.347981940065736,0.0,0.0
2319,-76.4769028389999,-11.037486684499925,1.0735973188984829,5.0,70.14290691493326,56.3527569824189,0.0,0.0
2320,-77.76034959699993,-4.575403817999927,6.084137183068685,0.0,125.90300311183618,327.1348614838129,0.0,0.0
2321,-79.13261491299991,-7.799355179999935,5.018657847917354,2.0,8.571770239287806,10.766994512389186,0.0,0.0
2322,-78.9426009709999,-7.6391727299999275,1.062293130214468,17.0,33.630226720589924,34.7302503580836,0.0,0.0
2323,-76.73243904099994,-11.236631393499948,2.4207722218242127,15.0,35.062461251364205,29.088278922877574,0.0,0.0
2324,-77.06857663899993,-11.884288378499917,0.802973271998089,59.0,17.259654039478896,16.0869790945596,0.0,0.0
2325,-76.91400245149993,-8.656871364999944,8.861203659246044,0.0,145.97411535862426,177.83551196025584,0.0,0.0
2326,-70.1770741144999,-17.766836394499933,1.088006205119544,5.0,39.00539076723792,97.78394517156532,0.0,0.0
2327,-70.25749074199993,-17.959442215499934,3.424976353295748,3.0,32.971217432603936,98.7477294455393,0.0,0.0
2328,-70.35269634449992,-15.03843839399994,0.34537176642108974,2.0,25.80023222307736,63.629550741515985,0.0,0.0
2329,-75.09706439299993,-13.235585844499923,2.81383068702935,4.0,23.095725261994954,121.8774462260402,0.0,0.0
2330,-77.53782304649994,-4.56016577099993,13.604240102438705,0.0,126.71169889558034,351.82439332784827,0.0,0.0
2331,-78.82638542099991,-5.885836730999927,0.6419512184727258,12.0,24.118331614365562,151.6601092530251,0.0,0.0
2332,-77.01759955649993,-12.038756613999936,0.17020869091558974,63.0,35.16238265346689,28.2474706372958,0.0,0.0
2333,-76.26396265599993,-13.84571516899993,4.8825496920909215,1.0,39.74507821397881,15.315411120266253,0.0,0.0
2334,-74.63747480549992,-11.250208897999926,0.6144550500888672,8.0,84.96776224723226,104.65072492694505,0.0,0.0
2335,-77.92332675399993,-4.609877703999928,2.067400350444433,2.0,125.86633552842727,308.74177219247855,0.0,0.0
2336,-81.04733443199993,-5.818776451499929,12.135746970900714,0.0,75.81640546532321,72.0895456176476,0.0,0.0
2337,-76.25786177099991,-6.087777139499934,10.440652242253424,0.0,25.107628882346802,374.64881648875115,0.0,0.0
2338,-79.34790105299993,-7.629267789999915,6.115784694717171,0.0,36.356869291932185,38.65287656885319,0.0,0.0
2339,-76.39415555799991,-11.017899550999914,1.5526281024511752,11.0,68.29218286504123,62.58947167916932,0.0,0.0
2340,-77.15485311849994,-11.480792427999944,0.6297027792424691,4.0,18.959446276693004,14.150902196595684,0.0,0.0
2341,-77.79647729349992,-4.679901032499913,1.8492261252268425,3.0,115.05391776706037,320.9095482623129,0.0,0.0
2342,-75.54363327849993,-10.33004067099995,0.28728403651330425,20.0,74.39455780963502,146.33153711281702,0.0,0.0
2343,-78.78334132249992,-6.55292206449991,1.210710546207376,24.0,78.28544860727222,104.4928212109857,0.0,0.0
2344,-76.53627901999991,-11.037486120499949,2.033805600105355,7.0,64.70995395467395,53.911938787755595,0.0,0.0
2345,-78.03597363749992,-4.6987317824999195,2.130690203390618,2.0,120.72799589951798,294.6047571625162,0.0,0.0
2346,-76.21301926699994,-13.726324838999943,4.170328267807795,3.0,37.740371678557295,5.459374354634109,0.0,1109.0
2347,-76.85273365949993,-11.299513963499919,0.198710485497222,47.0,20.247469366677254,27.650560547005185,0.0,0.0
2348,-70.24579946949993,-17.895834724499935,6.078268153938347,0.0,31.824525093834048,96.82951956508647,0.0,0.0
2349,-78.02086814499992,-8.577990174999911,2.3200006884514823,9.0,75.47422024976272,66.49302004023349,0.0,0.0
2350,-75.95080288999995,-12.638044134999944,2.1381600240684273,21.0,60.52504930033702,66.50916266694554,0.0,0.0
2351,-72.77987282149994,-13.888712661999932,0.5396971954369597,7.0,29.09439045523971,266.92768259887316,0.0,0.0
2352,-75.4676933284999,-10.494258862999914,1.7109380699231391,6.0,73.13636758619771,132.18736096716393,0.0,0.0
2353,-74.64587211649993,-8.408579826499931,8.5574156076513,0.0,257.0482359648997,380.9291473751797,0.0,0.0
2354,-75.04422116349991,-13.301077034999935,2.164901848107679,4.0,14.048754678381005,125.14865017803541,0.0,0.0
2355,-78.20471335649992,-4.946720899999917,0.764577021466484,14.0,102.09408394499945,270.8048095021623,0.0,0.0
2356,-80.75350292849993,-5.939827025999932,13.711156981827425,0.0,73.95855111466722,69.47697750984867,0.0,0.0
2357,-79.01744565199994,-7.725760059999914,2.0976191038562186,9.0,20.96846025496482,22.154488810309207,0.0,0.0
2358,-77.0426858614999,-12.030460790499916,0.9675099346721423,62.0,33.316870133806816,30.331747707735236,0.0,0.0
2359,-77.07229383299992,-11.93122800699993,0.9733330855459721,69.0,21.8466557154068,20.27251996063407,0.0,0.0
2360,-76.33306107499993,-6.486398301999941,1.383778779455323,26.0,20.202362011496493,342.8071987809822,0.0,0.0
2361,-76.13447717149992,-5.923842756499937,3.087564697144765,8.0,46.1192980453355,396.04870889148197,0.0,0.0
2362,-80.48227607799993,-3.59578141399993,0.9703831066223206,32.0,61.02304936875665,150.08174869541824,0.0,0.0
2363,-69.77100223349993,-17.208260757999938,1.8075368376862744,2.0,53.31784980788624,135.0713672364932,0.0,0.0
2364,-71.3046415279999,-14.376875422499921,6.110040533742622,0.0,30.661635853683297,174.16789597235265,0.0,0.0
2365,-69.65353824449994,-16.17588665899993,13.717115545209749,0.0,10.862524940373401,24.040575445617396,0.0,0.0
2366,-71.2942393429999,-14.350606162999924,8.005490847470078,0.0,30.752896521821476,175.82917419574648,0.0,0.0
2367,-69.70510142199993,-16.998030922499908,0.8999061930330062,1.0,41.512237526992315,111.94440214135656,0.0,0.0
2368,-71.44524312099992,-14.10079318499993,0.7702375581082244,10.0,60.192417165811634,207.93802250722973,0.0,0.0
2369,-78.56177386949994,-8.874246289499922,1.8245688308285262,7.0,20.067032812984742,12.096116933868842,0.0,0.0
2370,-70.03219639699995,-17.50537566649993,0.9401452805084846,10.0,64.8477507215458,102.84908290725306,0.0,0.0
2371,-76.76432980749993,-12.421976238499923,1.4200842195486838,5.0,13.224397465596768,1.1412799302536158,216.0,8347.0
2372,-78.80975176949991,-6.3734520979999445,1.0226418983418741,13.0,69.37184167627527,113.09247660494512,0.0,0.0
2373,-78.33983015249993,-7.10274323999991,0.8465719760235454,5.0,116.43339319880265,123.36229326084309,0.0,0.0
2374,-70.34043877649992,-15.032129113999929,1.8229465990529077,2.0,26.61255212297297,63.735095971913495,0.0,0.0
2375,-70.84647644949993,-13.33381552049994,0.21833321364830185,7.0,8.634612114982442,259.925440737646,0.0,0.0
2376,-78.45812320649992,-7.158437728999928,3.461568607143806,4.0,105.16254716921065,109.92527915748387,0.0,0.0
2377,-70.86602984049992,-13.346845061999915,0.5775309495796181,11.0,11.187699192901464,259.2043079809706,0.0,0.0
2378,-77.08922972899992,-11.852873064999926,0.5681305744241185,46.0,13.122264166590861,11.95462399944938,0.0,527.0
2379,-77.07012218049991,-11.950813904499938,1.0671140923455733,85.0,23.972162070331002,22.32403835335341,0.0,0.0
2380,-78.83461812999994,-7.145406654499936,1.6574709898275786,18.0,71.15939369613433,87.47394704337715,0.0,0.0
2381,-78.77323787199992,-7.092469481499933,1.228095553312771,29.0,79.2879222163901,93.33732034616305,0.0,0.0
2382,-80.68880183799993,-4.91488145349993,0.15126303267041266,10.0,13.72971354754057,1.6275244220178713,12.0,1005.0
2383,-77.07170407599992,-11.937445269499932,1.2243730569720166,70.0,22.516236622737292,20.915760562617592,0.0,0.0
2384,-73.89410969749994,-14.172394489999931,3.7567425501514524,1.0,66.73005095491344,143.55189309995075,0.0,0.0
2385,-73.96232882749993,-14.324372694499942,3.7906891887765672,1.0,49.22462487424717,130.566846455138,0.0,0.0
2386,-73.95794211449993,-14.369958214499917,1.5406718659538507,4.0,46.129476811251806,129.50376610799938,0.0,0.0
2387,-69.67886941549992,-16.23109598499994,12.66209076635213,0.0,17.14651977528714,28.351493540369518,0.0,0.0
2388,-71.31123359449992,-14.658798144999935,7.30795079254489,0.0,36.263288386443044,150.06085343904513,0.0,0.0
2389,-73.84418341399993,-13.998932964499915,0.3016060553987035,9.0,85.47328856483112,157.06855878351567,0.0,0.0
2390,-71.15300986349993,-15.22678189599992,1.3682206434313982,2.0,72.17449896555635,96.54739616606504,0.0,0.0
2391,-70.02786171149995,-17.470358986499946,0.41975303886809334,15.0,67.4805447359559,102.71741732562393,0.0,0.0
2392,-80.31419755849993,-6.276617109499938,0.4721985538899462,4.0,42.67578161647352,88.2879177930392,0.0,0.0
2393,-71.19499504049995,-14.919200353499917,7.850696637258985,0.0,52.78985641705631,120.63791101326343,0.0,0.0
2394,-74.31129819799995,-13.694966924999932,2.4969341366380435,3.0,54.04888499257796,140.72771294769728,0.0,0.0
2395,-71.43419757499993,-14.103084678499954,1.0839983060791372,8.0,59.15111906931956,207.0593563180039,0.0,0.0
2396,-73.93217541399994,-14.482863220999945,7.669168426800499,0.0,41.70449590335152,129.28490418047784,0.0,0.0
2397,-73.99119418199993,-14.52343344649995,10.073937489822463,0.0,34.084685232717504,122.25447060689731,0.0,0.0
2398,-79.94371319699991,-5.158824307499941,1.770054621761538,7.0,28.605576857217947,77.15585684701854,0.0,0.0
2399,-79.86097950799993,-5.048128383999938,8.537813650314868,0.0,39.953438860333,89.53332326444512,0.0,0.0
2400,-80.16318188749995,-5.103174400999933,0.40103984753795785,6.0,8.151918855481838,56.292186048232914,0.0,0.0
2401,-77.16072891849993,-9.428575493499949,1.0138828148945653,18.0,56.58594150446959,121.84408848393903,0.0,0.0
2402,-76.18039660199992,-10.518065027499915,1.4601669433043183,18.0,41.886986838174124,120.86228957921504,0.0,0.0
2403,-78.89855977499994,-6.048058245499931,1.5879200063582386,19.0,41.859724587586975,132.36067373190497,0.0,0.0
2404,-80.63040255849992,-4.816003844999926,0.9415544408135134,4.0,16.113967288145954,14.282670212915018,0.0,0.0
2405,-80.57170112499992,-4.711468524499935,0.7953968448539073,9.0,24.956148708357315,27.601313952257826,0.0,0.0
2406,-74.96146086199994,-8.644920348999932,11.934666735458963,0.0,214.57114621402042,344.2742314877068,0.0,0.0
2407,-71.38805058349993,-15.759176244999935,9.006021895947661,0.0,33.19581526840298,63.18951907969583,0.0,0.0
2408,-79.44186170599991,-5.3589133569999206,0.62319586050268,19.0,27.74937473913544,130.47255034093556,0.0,0.0
2409,-75.61756859649992,-13.601807680499917,0.5039106718665982,9.0,5.260502955180366,58.65145164762374,0.0,0.0
2410,-76.04443549199993,-9.86420450299994,0.43172473625080204,19.0,35.034497327646164,191.29736951435606,0.0,0.0
2411,-75.79365610749994,-13.681998684999911,0.7100679591645984,11.0,25.751148167550582,40.05306440825671,0.0,0.0
2412,-79.43495032149991,-5.158086729999951,2.3468145444904676,6.0,40.37692091631008,132.55629769857768,0.0,0.0
2413,-78.66947752749994,-6.552463399999937,3.089381132992907,4.0,89.82406241646373,115.7097937162084,0.0,0.0
2414,-78.64527225499992,-6.558385848999933,0.40361106612205366,8.0,90.49386792975427,117.8466465068964,0.0,0.0
2415,-74.24585654199993,-13.167062071499942,0.5586055337811083,98.0,5.638743464267465,178.90426303909592,0.0,0.0
2416,-75.11220491649993,-13.487930402499956,6.03130329451528,0.0,22.51324621538863,113.043260553587,0.0,0.0
2417,-77.32464981099994,-11.31752872499996,1.717938711734299,3.0,30.541212939781143,11.735781828942699,0.0,1039.0
2418,-75.75566177699994,-13.658836401499912,0.5455089510551617,7.0,21.049284147141833,44.22802582584427,0.0,0.0
2419,-75.26301815099993,-13.57842405249994,0.4634948703270288,7.0,33.199120676072106,99.33966757748392,0.0,0.0
2420,-75.56578892499994,-13.581088201999933,1.7118417006975992,15.0,2.655274132969404,64.27948257153079,0.0,0.0
2421,-74.95406047199992,-13.382510191999927,0.6287168704035877,10.0,1.7948253576634934,129.25643688492607,0.0,0.0
2422,-74.87396438649992,-13.37390822699993,0.2726545424320297,10.0,7.057544067483645,133.3406842378773,0.0,0.0
2423,-79.90246412649992,-5.123894196499947,0.5209803159129782,5.0,33.48614015987893,82.56469014616845,0.0,0.0
2424,-79.52350168649994,-5.616869622499934,4.094769119582556,1.0,27.9107321164427,125.50968710424972,0.0,0.0
2425,-76.77326636099994,-10.670777795999925,0.3903925402191904,34.0,82.17100619846505,92.12808087998485,0.0,0.0
2426,-78.52680866649993,-7.990368214999933,0.6844807528396827,2.0,34.593765040799894,53.746168376140126,0.0,0.0
2427,-77.07286367599994,-11.925217442499928,0.5886306236949104,67.0,21.20085862020855,19.653982804868356,0.0,0.0
2428,-79.1852793219999,-6.8319840359999375,0.21449424682883464,9.0,35.19821727178558,51.0136586418338,0.0,0.0
2429,-78.37830800799995,-5.28718088949995,0.9332873315442561,9.0,59.71553973436888,234.64294411248267,0.0,0.0
2430,-74.56045712149992,-8.387359167499909,2.5549194854918964,17.0,265.07999447466574,386.7157850426077,0.0,0.0
2431,-76.14821355949991,-13.680090174499924,1.4740603207620342,5.0,33.09575499045274,2.529169805401,329.0,1817.0
2432,-75.4111251354999,-13.611017007999948,0.390132610175282,12.0,17.07511629173891,80.97214898395693,0.0,0.0
2433,-74.6877773944999,-13.354498428999932,1.5052835725026328,5.0,27.297066487772913,144.36561906546837,0.0,0.0
2434,-74.93269449949992,-13.389433962499936,0.2985370204148062,15.0,1.7155526412006414,129.3443706506934,0.0,0.0
2435,-74.73145655149995,-13.356348219999944,2.2145801704261,7.0,22.572085342007853,141.8609339154456,0.0,0.0
2436,-75.0397541879999,-13.464770838999925,0.9529209244671148,4.0,14.736466372032687,117.62735550915812,0.0,0.0
2437,-75.01944796399991,-13.457755792499938,1.380098935841908,4.0,12.621721388319896,119.03810121453279,0.0,0.0
2438,-75.32143882349993,-13.606596157499922,0.4197142366411237,14.0,26.754695544231524,90.65853254478827,0.0,0.0
2439,-74.97961042999992,-13.436767590499926,2.3473940039672385,3.0,8.108396271435534,122.6435117391892,0.0,0.0
2440,-77.11954445649994,-12.061718561999925,1.4043798211460519,13.0,35.023033627698,32.73150335761962,0.0,0.0
2441,-74.89528447199993,-13.400714016499933,0.6012481768927568,13.0,5.522955472484457,129.69426961415422,0.0,0.0
2442,-75.00193333499993,-13.450390501999948,3.4389787668270775,3.0,10.755027914171501,120.41608515086612,0.0,0.0
2443,-74.21728399499995,-13.142029744999917,0.31907531193925887,135.0,9.700380612321696,178.902881445583,0.0,0.0
2444,-74.94728829399995,-13.370648893499947,0.6209196791488361,12.0,1.0209122411173022,130.74640438014524,0.0,0.0
2445,-80.9188314994999,-5.888214211999923,4.111835912777304,1.0,74.58326940827997,70.39133119398994,0.0,0.0
2446,-75.23584198449993,-13.562489740499956,0.7483260791389336,4.0,36.313639478699095,101.68610159182003,0.0,0.0
2447,-78.59194889099993,-6.759527193499935,0.2536088111644891,8.0,97.83335598339484,116.04622821443041,0.0,0.0
2448,-74.7260406334999,-12.993005239499922,0.15292669991090949,15.0,48.374405086107934,132.710526724091,0.0,0.0
2449,-72.24881563099993,-14.11942322099992,0.08225138220093055,6.0,89.50977405821232,244.95090425791963,0.0,0.0
2450,-78.13792228699992,-7.909596442999913,4.490584168636218,4.0,78.26946290730609,88.82961783029205,0.0,0.0
2451,-76.15816782199994,-13.682809127499922,0.6302656743150268,4.0,33.22287446685326,1.6650550295660658,466.0,1817.0
2452,-78.26306331349991,-7.98559055599992,5.115107662271074,1.0,63.56871540415938,73.14702828116505,0.0,0.0
2453,-78.49764427599993,-8.001101974499932,3.681870885040956,2.0,37.68071801453961,56.187781278555235,0.0,0.0
2454,-76.99256841499994,-12.032100967999952,0.605643718563913,76.0,35.654628132995555,27.871856601651753,0.0,0.0
2455,-78.83224195449992,-7.118409201499929,1.2093796405015824,21.0,72.21803656896734,87.24171730026279,0.0,0.0
2456,-78.05850658399993,-7.826428982999943,0.9089620377017322,7.0,88.76045819356607,101.55032169121769,0.0,0.0
2457,-77.12627919399992,-11.997337467499932,3.9850235323208367,8.0,27.829990794861803,25.539413524231804,0.0,0.0
2458,-78.28900022299993,-7.995872515999935,2.050872146734376,1.0,60.64632317293825,70.37551343884869,0.0,0.0
2459,-74.05566785299993,-8.30848919549993,36.33845362757279,0.0,311.0169825325918,416.64772680458464,0.0,0.0
2460,-80.17767204499992,-5.139233515499939,2.64474962701997,8.0,3.968824363658166,53.17354648522544,0.0,0.0
2461,-80.00622145749992,-5.206974317999936,1.143804551880034,7.0,22.157778999761174,69.24385742547146,0.0,0.0
2462,-79.99144901399993,-5.18337559899993,4.037759810978126,3.0,23.393559098552615,71.38308263194114,0.0,0.0
2463,-79.13476733599992,-7.249860805499935,0.5525552738974006,20.0,36.321837245090435,59.60582818619436,0.0,0.0
2464,-70.47481332149994,-16.78641151249994,13.09578489319615,0.0,36.22630527013534,82.48987385788367,0.0,0.0
2465,-74.16902899099995,-13.570169076499923,2.1735807564610194,9.0,41.564990738778356,161.1583675363188,0.0,0.0
2466,-72.98904710999994,-16.483039176499943,8.215317707321578,0.0,42.74677175563858,39.659419117060196,0.0,0.0
2467,-74.99212990449993,-15.117708671999935,25.141000163632746,0.0,26.43651726826524,48.91182255821431,0.0,0.0
2468,-75.03626854049995,-14.773601094499952,11.028034422127137,0.0,5.3512218001222145,12.166926752333675,0.0,17.0
2469,-74.98710343149992,-14.942591949999922,14.151412196602774,0.0,15.349912537513902,30.82895473582626,0.0,0.0
2470,-76.97807939099994,-12.174437877999935,2.4496189071276313,27.0,48.682409743674285,13.066368378651417,0.0,0.0
2471,-76.96180205499994,-12.233100534499954,0.8764831366204295,11.0,42.383928079154,7.283679142119264,0.0,241.0
2472,-76.97955842349992,-12.101079131999938,2.029167669436961,28.0,43.17176149966738,20.221979203326097,0.0,0.0
2473,-77.17619337799994,-6.2556902889999435,2.2648739011172307,14.0,34.618834218358735,281.73807986837903,0.0,0.0
2474,-76.07954943249993,-9.677633374999942,0.26500912261135257,6.0,53.15275204228663,212.22959382132126,0.0,0.0
2475,-77.94510729149991,-6.028858634499926,0.8673612793418034,21.0,11.558284178435883,213.84333151435456,0.0,0.0
2476,-76.21096451199992,-13.757448150499926,6.497883072541161,0.0,38.165791292567526,4.975103401288966,0.0,605.0
2477,-74.67220875299992,-11.281897701499929,0.7796642425206642,16.0,81.76961166067132,99.48411391129143,0.0,0.0
2478,-79.3217461019999,-7.298174882999916,0.8067232232101005,21.0,15.200378884474384,46.04111258797751,0.0,0.0
2479,-80.4333709334999,-3.5778756624999346,2.413662327990053,27.0,66.55375282420955,152.9689106431467,0.0,0.0
2480,-71.38271975049994,-15.780252190499908,9.571192857702412,0.0,30.915384878387506,61.45645545078712,0.0,0.0
2481,-76.84795562749994,-10.73790226199992,0.3506465838526783,27.0,72.59471469190154,85.87976560182885,0.0,0.0
2482,-75.90160434899994,-9.840236045999944,1.706646534511108,7.0,46.506585082874956,193.80533083700146,0.0,0.0
2483,-75.45934332899992,-11.18434178499993,1.19548351221459,17.0,6.662125341196302,67.73550851979205,0.0,0.0
2484,-74.32420889749991,-13.76426203899993,4.714992460398501,1.0,61.84355676002224,133.83697600754323,0.0,0.0
2485,-74.29758963799995,-13.656238700499927,0.5207783911126924,10.0,49.6549418347805,145.0444512989795,0.0,0.0
2486,-75.1362687909999,-14.466797555999932,4.510089597477846,2.0,40.41937101923273,24.287651976036138,0.0,0.0
2487,-74.34258083349991,-13.816882553499937,1.6429527668252315,11.0,67.86446714532896,128.0751732895462,0.0,0.0
2488,-74.35202277149992,-13.810172035499932,1.2083987697254424,11.0,67.24495187957521,127.98913606611734,0.0,0.0
2489,-75.18616323499992,-14.52995422999993,0.5138979920678404,4.0,36.642103984058345,18.211553521218693,0.0,0.0
2490,-74.32992687599992,-13.780981018999938,2.8332108223794403,1.0,63.75204727732141,132.0103914074401,0.0,0.0
2491,-74.32558702449992,-13.778107836999936,3.38114927965344,1.0,63.39028308052458,132.55570233662132,0.0,0.0
2492,-74.33636059299994,-13.784226932999928,2.1361417903070485,2.0,64.18177601788965,131.2891642905181,0.0,0.0
2493,-74.21207856649991,-13.590074875499937,1.0569637993765022,10.0,42.73849798481598,156.52127610846637,0.0,0.0
2494,-74.35836916699992,-13.805756008999936,1.3947074898182517,9.0,66.84916712489719,127.93013622596838,0.0,0.0
2495,-77.12780095749991,-12.01058652249992,2.648919547512999,6.0,29.28961724954538,26.97755526123261,0.0,0.0
2496,-77.78747349999992,-10.67924599999995,4.701649640330014,3.0,12.337611292068566,1.9826748687660747,14.0,610.0
2497,-76.77846468099992,-10.658304949999916,0.3944304170317687,33.0,83.29434875193687,93.56153126363587,0.0,0.0
2498,-76.77767263249993,-10.65366802549994,0.169527239820579,35.0,83.81032608589098,94.0667191873927,0.0,0.0
2499,-76.77711259349994,-10.649224017999956,0.6315505085446269,33.0,84.29793599077088,94.55307006329828,0.0,0.0
2500,-76.80414792099992,-9.831613266499943,0.8077864800358546,20.0,65.97400191763231,143.10399383633742,0.0,0.0
2501,-70.38624477449991,-13.186223983499929,0.10305304727397943,25.0,30.12535573917658,265.5025368975686,0.0,0.0
2502,-76.81355759449994,-9.844786863499934,0.3327001047946644,20.0,64.84728015373692,141.3694358142089,0.0,0.0
2503,-71.20362876499993,-14.899304299999926,6.017771074423236,0.0,51.020761910153,122.8290492522244,0.0,0.0
2504,-71.39348032899991,-14.77616256649992,3.8841973296052306,1.0,51.327515408060506,147.11574248149213,0.0,0.0
2505,-77.46055327149995,-8.341427575499921,3.0222223917358604,1.0,140.1271947868786,132.32771684475406,0.0,0.0
2506,-69.17101517999993,-12.583099472999919,1.2308889942095975,13.0,31.46434518694117,345.8196506064756,0.0,0.0
2507,-81.02558388199995,-4.092765851499934,1.0775473212333,2.0,21.543376336218323,100.14193160866185,0.0,0.0
2508,-78.81818267049991,-7.481897021499918,1.3831791579431414,5.0,55.85454994894857,56.93175436078297,0.0,0.0
2509,-71.46342254199993,-14.772631157499944,2.2759895964473977,4.0,56.942954283079494,153.0473298326415,0.0,0.0
2510,-76.95326851499993,-11.346852168499936,0.10359846845482955,35.0,8.155481537045448,32.46429925245492,0.0,0.0
2511,-78.61127621599991,-7.064179498499925,3.079529742643482,4.0,97.31234517597562,108.28047655045833,0.0,0.0
2512,-80.61531587899995,-5.196582814999914,0.9805371124243003,2.0,10.263818723678757,8.491142197277975,0.0,2692.0
2513,-70.52537432899993,-13.193562254499938,0.3793831347817498,3.0,29.903790561978518,266.82328527705283,0.0,0.0
2514,-77.32542260149992,-11.278716412499932,0.8588442654134051,2.0,28.710686798742053,15.636076035167216,0.0,0.0
2515,-70.34805938699995,-16.490251729999954,4.015861792480448,2.0,47.93860388116694,80.20951030966216,0.0,0.0
2516,-77.4440216774999,-9.505642450999915,1.4643821514543982,41.0,41.53030589594856,89.87001322492334,0.0,0.0
2517,-70.61432227149993,-16.879992950999934,2.5028077166514753,3.0,18.389408658246438,65.00509398632927,0.0,0.0
2518,-70.56624092699991,-13.188154828999927,1.9580768016760879,6.0,26.016205806053996,268.1965521749898,0.0,0.0
2519,-76.25221998799992,-6.06369596199994,12.838331249336719,0.0,27.835945038000723,376.62250851880157,0.0,0.0
2520,-75.31951196949993,-13.290159130499944,0.5320953622592379,17.0,42.226814521062195,97.18237369707239,0.0,0.0
2521,-75.93086264299993,-11.510221583499941,0.6509755914091684,25.0,7.136124097331845,8.459863211292562,0.0,658.0
2522,-70.34671966999994,-16.471756856999946,3.4979444380002764,2.0,49.35081078210421,78.53451375854193,0.0,0.0
2523,-70.89210527599994,-13.483489786499945,0.16950303696628027,13.0,25.044929223745214,245.78200541590763,0.0,0.0
2524,-70.51024466149994,-13.187154363499928,1.591013861168639,4.0,31.841610475534182,267.25453303970744,0.0,0.0
2525,-79.57415331949991,-5.936394067999942,0.41311561279146336,23.0,9.152098005757987,108.84661906654509,0.0,0.0
2526,-76.78323860249992,-10.67019419549996,0.34654138050188055,34.0,81.87472474048101,92.29708368319439,0.0,0.0
2527,-77.29005726449992,-10.119453823999947,1.0426292859485506,4.0,29.72319922805516,82.47649669542855,0.0,0.0
2528,-70.45947500549994,-16.737035424499908,12.861829961404988,0.0,41.23929102638801,87.7222781778498,0.0,0.0
2529,-70.88258790049994,-13.352936453999916,0.09387824783125948,14.0,13.019400432750757,259.1320545458867,0.0,0.0
2530,-70.79730364449995,-13.299244385999941,1.7477314552918857,2.0,2.1575880364297935,262.03254147360406,0.0,0.0
2531,-75.5440874409999,-10.093301615999934,0.4415486256691108,11.0,71.56457905124817,171.56451596626738,0.0,0.0
2532,-78.89642781649994,-6.0467622229999165,1.4319788402877538,21.0,42.044827706854875,132.617060640465,0.0,0.0
2533,-76.39602969099991,-11.850049984499918,0.34318585085315617,90.0,21.43774605253398,2.532539285308878,0.0,2811.0
2534,-70.84532449599993,-13.330006577499944,0.49566276474068227,7.0,8.268456755107394,260.29071022004814,0.0,0.0
2535,-69.17151771749991,-12.589662978499916,0.4990901465776549,13.0,32.194347773131476,345.10530455565936,0.0,0.0
2536,-78.18682767349992,-8.515070485999956,0.18030428694522838,22.0,69.48431284534409,50.26704914442572,0.0,0.0
2537,-77.18654918649992,-10.110540389999926,1.7947284874176943,30.0,35.26782837038263,91.1848010529729,0.0,0.0
2538,-79.43344298799991,-5.165648889999915,2.4391465388742968,9.0,39.88273094577083,132.60609112193262,0.0,0.0
2539,-78.12843483599991,-8.105560495499958,2.219285814511603,10.0,78.72943906615671,76.11676929858811,0.0,0.0
2540,-79.30563311749992,-6.864504634999918,1.2127415375469446,21.0,26.071590246486405,37.369967267454,0.0,0.0
2541,-70.90275305049994,-13.420376925499937,0.3912818778294869,20.0,19.80182524012889,252.77229976321476,0.0,0.0
2542,-77.99400801549993,-8.245395207999934,2.405852074276299,6.0,96.1670514155374,82.83624665933411,0.0,0.0
2543,-77.66390683549994,-6.214695985999953,0.41008702023253285,22.0,47.225628747558765,232.5616406671384,0.0,0.0
2544,-78.95954434049992,-6.611011224999942,0.3468943211914796,31.0,57.934532423212985,84.39406104146417,0.0,0.0
2545,-78.03374912199993,-8.466318940499946,0.5437756249712389,15.0,83.66465992910416,67.95191433407409,0.0,0.0
2546,-76.02045009649993,-10.99707748399993,13.238418196870812,0.0,50.78155996908274,65.46481270841144,0.0,0.0
2547,-75.96731027299992,-12.71170721799993,0.2657688408268353,13.0,53.02316553393004,61.72909861796432,0.0,0.0
2548,-69.72765068299992,-16.750885857499924,0.9975030589060769,2.0,33.42230358012441,84.36596196826667,0.0,0.0
2549,-80.40288922249991,-3.5484072764999155,0.9340957319654939,6.0,71.22314355779375,156.84284414647772,0.0,0.0
2550,-77.24090930099993,-11.605422432999944,0.5151453148831434,8.0,17.49309691850322,0.5259752203942558,7513.0,18461.0
2551,-75.88485430749992,-11.399563647499917,10.943657508174763,0.0,8.681883182660718,21.73628042804623,0.0,0.0
2552,-77.25953451899991,-11.577504268999917,1.3816092598431702,6.0,21.190267223170256,0.30521037981613885,1973.0,19106.0
2553,-79.69708651349993,-5.9947163849999185,2.0542678850995895,4.0,6.937820725631496,100.05105943838775,0.0,0.0
2554,-75.58953942599993,-13.216023143999934,0.24159180593639484,26.0,43.2831385761064,71.99559991104226,0.0,0.0
2555,-71.40544534249995,-16.059544657499913,3.0137508589482396,2.0,0.8834603145184357,36.42011341230277,0.0,0.0
2556,-79.58271314599992,-7.043845010999917,2.09278641173588,1.0,12.31738305249864,5.73548953604533,0.0,699.0
2557,-77.14924199099994,-8.605784801999931,0.07567571586274462,27.0,144.11504891874995,157.63064490396744,0.0,0.0
2558,-69.15050676049992,-16.618520270499943,13.898593067131646,0.0,9.289714642309331,96.20021702290524,0.0,0.0
2559,-75.2051395439999,-12.084287346999929,1.2748309229210437,17.0,9.468589120200114,19.77588037765163,0.0,0.0
2560,-70.00937628349993,-16.068433438999932,2.489974144269619,2.0,37.61706040013283,21.071766900756728,0.0,0.0
2561,-77.21351163399993,-11.607346026999949,0.37613737131894864,6.0,16.092551391107143,0.5027007265459225,2315.0,17762.0
2562,-78.01961947199993,-8.427209823999931,2.735784202938985,5.0,88.02973885827679,70.89732443075808,0.0,0.0
2563,-70.50763988549991,-13.18799114199993,1.8525679614958983,4.0,31.658534121239235,267.117016376263,0.0,0.0
2564,-75.39162258149994,-10.585935454999913,0.37700313683108716,6.0,62.69805950494097,126.73753771257016,0.0,0.0
2565,-76.72485051249993,-9.650980782499943,0.5061045253728514,12.0,78.61669874074418,163.04230524626144,0.0,0.0
2566,-76.51188686099991,-9.86903644499992,1.7736797502070867,11.0,45.99577976796033,166.22079611297147,0.0,0.0
2567,-76.94261832599992,-9.897761463999927,0.6305585840965521,18.0,50.65678916886684,126.86264389978028,0.0,0.0
2568,-78.04078651349994,-8.466612827499944,1.1980401319247904,15.0,83.15185912445335,67.20780450778811,0.0,0.0
2569,-76.38399404449993,-11.843051334499933,0.3939624330501726,86.0,22.92915998363468,1.0129675663189384,1810.0,2825.0
2570,-78.01520538299994,-8.423353803499936,3.2134649288000974,4.0,88.66706292994586,71.50623371172053,0.0,0.0
2571,-76.86742123199994,-9.859771162999948,0.168503953317991,11.0,58.876976537631606,135.8157836048017,0.0,0.0
2572,-70.32428180549991,-16.40445027249993,4.382365945588186,1.0,53.75103481915363,71.32894886694494,0.0,0.0
2573,-76.39675349149991,-13.07583465199994,4.666139515344931,2.0,11.863055306146695,3.875523802590388,0.0,5906.0
2574,-76.87734453999994,-10.815175906499945,0.5322822435827771,47.0,63.462931126556484,78.20711401023931,0.0,0.0
2575,-70.36519340699994,-13.094901664499929,0.45613219058746235,14.0,40.45972839051195,275.35359462335146,0.0,0.0
2576,-76.71549931599995,-9.674413686999912,1.1073873208048766,13.0,77.05612517873925,161.9948624789913,0.0,0.0
2577,-70.85026340549993,-17.138190210999937,0.6508921620382871,14.0,15.712652260396405,27.04480807864767,0.0,0.0
2578,-77.87068211399995,-10.595621078499931,3.2402890197961676,1.0,0.8046353211138539,9.297868698065246,0.0,56.0
2579,-78.0087512899999,-8.384172175499941,1.2398701338562215,6.0,92.55118502512431,73.86712680007741,0.0,0.0
2580,-70.53530264199992,-13.204216220499944,1.9391253131637518,2.0,28.504596045646327,265.8401050644007,0.0,0.0
2581,-71.40341538499993,-14.789046412999937,4.982508412730675,1.0,53.07822616349297,146.96464666918084,0.0,0.0
2582,-75.55162191599993,-10.068292206499933,0.9123629905084625,17.0,71.01052337838965,174.03998707142696,0.0,0.0
2583,-78.01497364049993,-8.34653758999994,0.3254916253347778,14.0,93.05066922051462,75.09370358962433,0.0,0.0
2584,-75.13398471449992,-15.311884914499927,4.607591868105414,1.0,0.13239244263583602,68.7615510575503,0.0,0.0
2585,-77.53293514249992,-9.524096808499934,1.0579159165212526,40.0,41.69762489639097,79.94740218200366,0.0,0.0
2586,-80.84221156299992,-4.84644767349991,2.6380185700661962,1.0,26.38251338729773,18.744983451674123,0.0,0.0
2587,-76.82757467349992,-11.279001199999925,0.19919124675234168,47.0,23.667814302429047,27.998602788342325,0.0,0.0
2588,-75.54956075249993,-10.06248420749995,0.231642636686563,18.0,71.312169979144,174.72188785351386,0.0,0.0
2589,-76.93778425049993,-9.897800321999938,0.49865176319449267,18.0,51.1859818866308,127.25127114890005,0.0,0.0
2590,-70.46820874149992,-16.758039090999944,14.156635326697547,0.0,38.91643896193183,85.33628390379519,0.0,0.0
2591,-69.50383531999992,-15.362958811499936,0.5167018749379403,5.0,81.22098643716453,67.91794528003565,0.0,0.0
2592,-76.46161685949991,-8.457051012999926,0.659528689718089,2.0,188.80596892771666,232.30877197162314,0.0,0.0
2593,-69.43601947299993,-15.461429982499936,5.022567927447584,3.0,72.56756012163237,67.69610260397513,0.0,0.0
2594,-78.9811651249999,-6.021237267999936,0.04426141169330115,12.0,32.25470757739159,129.6200279187883,0.0,0.0
2595,-78.13955879199992,-8.497759818999953,0.5391266403612017,24.0,73.90977447621786,55.80816989141545,0.0,0.0
2596,-70.89157758999991,-13.357067737999927,0.06185351894730957,12.0,14.076314242893709,259.0120309803598,0.0,0.0
2597,-71.30350063749992,-16.03680860949993,1.014223955183722,5.0,11.927993796197205,46.90735496805591,0.0,0.0
2598,-71.20749950399991,-14.892401694999933,5.393533054927381,0.0,50.45342693714762,123.65918344912022,0.0,0.0
2599,-78.81095339399991,-6.376005230499942,1.1163845067658797,13.0,69.47399879068752,112.81246658380535,0.0,0.0
2600,-78.5058853434999,-7.184773394499928,0.34051022771978184,31.0,100.442520943988,104.25106582270374,0.0,0.0
2601,-78.73695648399993,-6.561736561999936,1.3088889001343795,11.0,83.10894427335042,108.56999991200472,0.0,0.0
2602,-78.43963863949992,-7.203892407999916,1.8480681333626419,15.0,101.41498466993286,107.62187040501229,0.0,0.0
2603,-70.01447582349991,-16.085387134999934,2.972192254573346,2.0,38.1526110373471,22.8334550616156,0.0,0.0
2604,-69.71361507499992,-16.822674678499908,2.4618433774099153,3.0,34.50470652482121,92.42967801028843,0.0,0.0
2605,-78.63678968399992,-6.556170602499947,0.7224773365344387,8.0,90.27033058749073,118.80057450054086,0.0,0.0
2606,-78.03125912199994,-7.820314624499957,2.354608169565466,7.0,91.83670327661227,104.17699227707878,0.0,0.0
2607,-78.02646587849995,-7.681616754999936,3.3579353397749587,6.0,97.3279275880865,115.70975442788856,0.0,0.0
2608,-77.96503645699994,-8.22256032699994,2.68106983193402,9.0,98.66280367767912,86.89894769984997,0.0,0.0
2609,-80.83110516449992,-4.84466202999991,1.39154743168772,1.0,25.838446912255858,17.815285143589943,0.0,0.0
2610,-78.01130355599992,-8.365570017499948,0.8475783160977869,6.0,93.39684633516033,74.49747420941077,0.0,0.0
2611,-78.56538486449992,-7.09754276299995,2.718547191299381,25.0,101.2790384573553,107.92598681806646,0.0,0.0
2612,-76.68704598099993,-9.702746631499934,1.0073085112206766,11.0,72.62887681412626,162.1886430959386,0.0,0.0
2613,-70.38773109749991,-13.188038565499937,0.01483721224822831,25.0,29.91120826161334,265.320407457316,0.0,0.0
2614,-75.14678764499993,-12.174895997999926,0.8911616837065978,13.0,6.705868336112368,31.5291049792389,0.0,0.0
2615,-76.19187948699994,-10.567576443499945,1.1917834379676806,16.0,47.359757482383735,115.74745004562783,0.0,0.0
2616,-78.03086416999994,-8.459427071999926,1.1699498086140356,15.0,84.45928919617327,68.498602363896,0.0,0.0
2617,-77.29273260799994,-10.121860283999922,1.4386048221641936,4.0,29.844575129082205,82.08137126122122,0.0,0.0
2618,-77.03829515899992,-9.330566708999925,0.058978820246494916,42.0,72.8417235290096,137.12045564771466,0.0,0.0
2619,-78.26620719449994,-8.143236057999957,10.444609940081882,0.0,64.3974391748018,61.195555607011556,0.0,0.0
2620,-76.46939583999992,-9.878042745499926,1.411702425407455,11.0,41.90014190201248,169.43001043322752,0.0,0.0
2621,-77.11478872499993,-9.98181168049993,5.410812653025214,1.0,33.80853278369791,106.79200096839351,0.0,0.0
2622,-78.67460867999992,-6.824756609999923,2.819468982262192,6.0,89.5349723763465,105.5897188623678,0.0,0.0
2623,-78.09319352049991,-8.123060843499957,5.606781872473813,0.0,82.81604401769452,78.46510365306303,0.0,0.0
2624,-78.72498289099994,-6.5538626924999335,1.3387656876482452,8.0,84.5752464695691,110.14586696407451,0.0,0.0
2625,-75.41930645799991,-12.025284719499922,0.29009518834784376,20.0,27.990286170852006,12.319708336742359,0.0,2506.0
2626,-74.56835449849993,-8.38916256549993,3.3412849154984556,13.0,264.3457967962987,386.190502811322,0.0,0.0
2627,-77.24502859699993,-11.142717413999947,0.20984056359017642,18.0,34.611170014583976,32.16123033961148,0.0,0.0
2628,-79.45215251949995,-5.236163723499942,0.4633570887014799,26.0,33.046990854491696,129.71718791140856,0.0,0.0
2629,-70.36692798399994,-13.100036031999934,0.14539649663954782,15.0,39.87076621159027,274.80475834800274,0.0,0.0
2630,-75.99452940549992,-11.105051089499938,6.551072063059469,0.0,38.49079475021023,53.24483869407149,0.0,0.0
2631,-78.58653380449991,-7.0706745879999175,0.4350571129057005,2.0,99.7483131841531,109.11687436268588,0.0,0.0
2632,-76.29454306249991,-10.245581642499957,0.6052373728331152,27.0,15.804670818358698,145.81869841246257,0.0,0.0
2633,-69.43697737749991,-15.457477344499921,4.578079716303338,3.0,72.94997762665021,67.92947122418754,0.0,0.0
2634,-70.02943356099993,-17.46689807249993,0.16637894519795804,14.0,67.57806410071017,102.50211289130306,0.0,0.0
2635,-75.24312257649993,-12.053489188999919,0.8024063135663898,16.0,13.434168716900096,14.458286806767124,0.0,0.0
2636,-75.2844728064999,-12.05631621449993,0.6342407243077819,14.0,15.059785565110063,12.256781845734274,0.0,0.0
2637,-75.92193979349994,-12.530387366499951,0.737285215204658,12.0,72.12249164516743,73.8835773652685,0.0,0.0
2638,-75.47646757099994,-12.00956413499992,1.497436096480583,9.0,34.15361526606231,16.911071323463077,0.0,0.0
2639,-71.45884846449994,-14.123555063499936,1.025567006878466,7.0,59.6058328766336,206.68629028611642,0.0,0.0
2640,-78.18404791599991,-8.146815640999932,1.8949889459025069,5.0,73.34855972729862,68.49779116744655,0.0,0.0
2641,-75.65864311649995,-12.258400359499916,1.806536038390556,13.0,49.94128018230446,49.1370370530289,0.0,0.0
2642,-76.11788677499993,-12.934287814999948,0.6447553873520894,18.0,23.930774210030233,36.966710126962006,0.0,0.0
2643,-78.23477492999993,-7.269834265499924,1.7940627374915026,5.0,107.21668549699392,120.0674113435981,0.0,0.0
2644,-77.81218608849994,-7.807648356499925,5.983829049288516,1.0,115.65145417242557,123.58076179980652,0.0,0.0
2645,-76.29046620299994,-9.925137307499938,0.4542209075842965,106.0,26.206021893837658,180.22786963910679,0.0,0.0
2646,-76.41427705699994,-9.894223786499936,2.6955531926199265,5.0,36.44704355987342,173.42340717958623,0.0,0.0
2647,-78.58122306349992,-6.952581786999929,7.526148475835976,0.0,102.4545179055389,114.1468083039075,0.0,0.0
2648,-76.75516213199992,-10.676680274499915,0.3705868156777751,36.0,82.23983696266554,91.31630722704496,0.0,0.0
2649,-77.05791408349992,-10.985504810499918,0.041461244414017724,30.0,42.589941049250655,58.60666623690887,0.0,0.0
2650,-79.29857253349991,-6.835195123499915,1.474961450827804,25.0,24.549028346839837,39.5113085500503,0.0,0.0
2651,-78.88429819699991,-6.475201885499956,1.1974458442771654,15.0,70.06373361573755,99.68965847405016,0.0,0.0
2652,-79.10345430149994,-7.957450616999921,7.045624565127081,0.0,9.536825925861919,2.2609085949095773,0.0,761.0
2653,-72.33703534549991,-13.689770637499919,1.1193944170219714,9.0,80.53855743904137,293.60792054324224,0.0,0.0
2654,-77.41409561749992,-9.838689950499912,1.1778196379514179,12.0,4.39687935657921,86.6898404720235,0.0,0.0
2655,-77.83650112149994,-4.643287896999908,5.28763474311753,5.0,119.91461431739795,317.5444740796675,0.0,0.0
2656,-77.86404558999993,-4.594488417999912,0.416636051688521,7.0,125.875124757804,315.4688060284903,0.0,0.0
2657,-77.81162500449994,-4.694993139499928,0.6287804740062736,3.0,113.72361917145686,318.89821268550475,0.0,0.0
2658,-69.99533271799993,-17.451366424499923,2.021216677919853,12.0,72.36215554995377,105.89061281944207,0.0,0.0
2659,-78.1756768509999,-8.145486726999934,1.0961164143491122,5.0,74.22805371631294,69.36208837495984,0.0,0.0
2660,-71.40059350749993,-16.00989854699992,2.54599740913227,2.0,5.378698558345705,40.315482929620515,0.0,0.0
2661,-78.60656261449992,-6.765984534999944,1.325410489338778,6.0,96.27269496919052,114.30975353859094,0.0,0.0
2662,-70.25980682449992,-17.999928621999914,0.6402741775586903,6.0,34.926614346129895,100.68830986327511,0.0,0.0
2663,-73.79355430599992,-12.622784614999944,0.4952327973516703,13.0,83.47853967470105,182.73880658189898,0.0,0.0
2664,-78.85288914949993,-8.050514750999923,1.5518940124287377,6.0,3.168239522000954,20.680729313162924,0.0,0.0
2665,-73.79085636149992,-12.623521804999939,0.25213279941608036,16.0,83.59683518639179,183.03950946430493,0.0,0.0
2666,-79.43315287699991,-5.157549306499931,2.554352433126176,6.0,40.55664757808757,132.76178396597624,0.0,0.0
2667,-79.47809869949992,-5.397888580499938,0.5136263809878929,12.0,22.972092669845264,126.64523578765521,0.0,0.0
2668,-79.48031242449994,-5.4067524849999415,0.8677753160442384,11.0,22.627377787182237,126.46304804029361,0.0,0.0
2669,-79.48062415299992,-5.4209536449999405,0.8677677185552936,9.0,22.5192033241185,126.54462411730266,0.0,0.0
2670,-79.42898678299991,-5.179317276999939,1.9770592607983806,9.0,39.159450881285636,132.90041174241935,0.0,0.0
2671,-79.52406652249994,-5.562694103999917,10.035441985194671,0.0,23.532587330303368,124.05583103145213,0.0,0.0
2672,-79.47985177749993,-5.423357477499934,1.0439580881098345,9.0,22.603151594449788,126.65141313993595,0.0,0.0
2673,-79.48474920799993,-5.4608717759999195,4.460046116484169,1.0,22.45250287102798,126.52175390475253,0.0,0.0
2674,-79.47700827099993,-5.4244480834999536,1.0629218659025472,8.0,22.918255374769103,126.97507283333115,0.0,0.0
2675,-79.43302653249992,-5.161243184499938,2.5026546589862617,6.0,40.26795973825492,132.71841335373347,0.0,0.0
2676,-79.47761777349993,-5.432562364999939,1.7364873292202083,7.0,22.87348793085216,126.98545017200125,0.0,0.0
2677,-79.51739034799994,-5.539423049999925,10.932481394214896,0.0,22.516412243321053,124.26843468285354,0.0,0.0
2678,-79.50378948999992,-5.708239070499928,4.242469372760597,1.0,31.487922826681395,130.52865396249044,0.0,0.0
2679,-79.44878680999994,-5.218468389999941,0.5531690958028583,26.0,34.59989684911422,130.2541358626498,0.0,0.0
2680,-79.52023156549993,-5.666094873999924,2.045718277637497,2.0,32.520228052850484,127.35573673420139,0.0,0.0
2681,-79.44020648599994,-5.2075894789999495,1.5408171404748554,23.0,36.11262034132046,131.31578219239944,0.0,0.0
2682,-78.49606580149992,-7.178094639999927,0.9642243740435086,28.0,101.5321149686578,105.52076455812782,0.0,0.0
2683,-76.15250916099993,-13.681123532499925,1.0609225222291927,5.0,33.130688913539636,2.1399747705528926,331.0,1817.0
2684,-75.93767538299991,-11.277646873999942,7.909398734585885,0.0,18.98105205012939,33.93878930813605,0.0,0.0
2685,-74.22583678249993,-13.139730771499927,0.4961575540013618,135.0,9.366103164399599,178.0883215587979,0.0,0.0
2686,-78.25824976299992,-7.984481991999928,5.657034559062806,0.0,64.10621008201021,73.59922573006506,0.0,0.0
2687,-78.07607474699992,-8.129633613499948,5.390474318022889,2.0,84.78080682554257,79.76694313505054,0.0,0.0
2688,-78.09673720549992,-7.8578172399999175,1.791709419850952,9.0,83.84172994552733,96.10112471841818,0.0,0.0
2689,-75.09203258699992,-13.481126365999955,3.7373023298788524,1.0,20.287803223138113,114.31673072194218,0.0,0.0
2690,-77.32364762749992,-11.299871955999947,2.837672367022961,4.0,29.779134529482484,13.540173017226035,0.0,0.0
2691,-77.99293307749991,-7.780877458999925,4.942262908041085,4.0,97.07208717491083,110.25963719337544,0.0,0.0
2692,-78.07182311999995,-8.476029395999944,1.5704795120117376,19.0,80.22074893079976,63.638836549916746,0.0,0.0
2693,-77.32900857249993,-11.330989213499947,0.4141535151730986,2.0,30.854945370343245,10.197648198824195,0.0,2181.0
2694,-77.51431745249991,-9.526744032999915,0.6870846639210564,48.0,40.77274578862802,81.94588060788891,0.0,0.0
2695,-76.33176165799995,-10.276097751499918,0.11806755818178157,36.0,21.074470071132854,141.3861908985008,0.0,0.0
2696,-69.71173206249992,-17.114411729999915,10.44075557738492,0.0,49.044302897442606,124.81894119711154,0.0,0.0
2697,-70.31310880149991,-16.392204666499936,6.11753918860915,0.0,54.221299293225115,69.51981901280365,0.0,0.0
2698,-76.3169693264999,-10.262063201499956,0.3656556694296454,34.0,18.826722550588496,143.34371381234507,0.0,0.0
2699,-76.78220674349993,-10.682921064999931,0.675815748964826,30.0,80.57326385578666,90.87779385939419,0.0,0.0
2700,-78.65724768399991,-6.557724106499933,1.6285689318607715,8.0,90.40480616165705,116.67880369409593,0.0,0.0
2701,-76.87648556499994,-10.801290839499927,0.18858646410337965,40.0,64.98080673845905,79.6795042562586,0.0,0.0
2702,-76.77131480449995,-10.668469797499938,0.705871823395237,33.0,82.4842331851856,92.36478251557,0.0,0.0
2703,-76.3071972354999,-10.254900328499957,0.35209759475672303,30.0,17.509661629115733,144.41740876796536,0.0,0.0
2704,-76.96009050049992,-10.862915237499948,0.17747757286816448,55.0,56.51856129478464,71.85134455036065,0.0,0.0
2705,-75.43205205849992,-13.611158024999952,0.7385639129278703,13.0,14.816371659950935,78.7110562185323,0.0,0.0
2706,-74.69417749199991,-13.357209153999946,0.7570651190217667,3.0,26.58252247801698,143.75690860803547,0.0,0.0
2707,-75.82626966699993,-13.70333796749992,0.30537463969137685,8.0,26.887269210113555,36.500490830281116,0.0,0.0
2708,-76.87615708549993,-10.809806584999933,0.043469331289049076,42.0,64.07334269839431,78.75295885526333,0.0,0.0
2709,-75.21045699949994,-13.544970362999948,1.6519307094364326,3.0,34.874961817589714,104.21643067881166,0.0,0.0
2710,-72.55683275999993,-12.72763345699994,2.939608366821996,8.0,141.43864352013694,313.15318176811803,0.0,0.0
2711,-76.94977777299991,-10.861716010499947,0.02084248012432661,53.0,56.80281831714559,72.96714666547079,0.0,0.0
2712,-76.79553264999993,-10.687730276499934,0.12257896987468524,26.0,79.59861212010219,90.50673648780374,0.0,0.0
2713,-78.01090760349993,-8.339516266999937,1.0973218873279313,16.0,93.53088294736621,75.85388564462718,0.0,0.0
2714,-78.34840351749992,-7.219600051999947,0.8966027311170637,5.0,104.66600906778699,113.71735892123552,0.0,0.0
2715,-70.25424213949992,-17.99574333849992,0.6331659884859012,7.0,35.183717242859935,100.97043680525356,0.0,0.0
2716,-70.91297070549993,-17.186271550999948,0.8287005024048801,6.0,7.28491778845811,19.12544584783188,0.0,0.0
2717,-77.9916963634999,-7.770097065499925,5.004912790432099,3.0,97.54634885910001,111.19127419447696,0.0,0.0
2718,-71.42114057499992,-16.06251326799992,3.94868346313168,2.0,1.0662443008078204,34.879792754614876,0.0,0.0
2719,-78.07021737099993,-7.833607218499935,0.6646290804042836,7.0,87.31281845323814,100.07200122152894,0.0,0.0
2720,-78.57625233999991,-7.927894647999921,0.28950004824142844,16.0,30.901438088456196,52.521248060842716,0.0,0.0
2721,-77.83402390749993,-8.961130222499918,1.0155664615483517,19.0,73.65209263793139,72.90923976801314,0.0,0.0
2722,-71.45921677249993,-14.147384261999917,3.3490954277293032,4.0,57.95868227866806,204.54258973494862,0.0,0.0
2723,-75.99871069999992,-11.042181073499933,9.370068586819167,0.0,45.48236448855559,60.24987128380544,0.0,0.0
2724,-70.23078626799992,-17.83979365899995,0.6681088666056166,1.0,32.63628131389161,96.0260810240071,0.0,0.0
2725,-78.02957105999994,-7.677254180999938,3.1813750097818323,7.0,97.20619177851005,115.85213793045155,0.0,0.0
2726,-77.99598979949991,-8.251593589999914,1.7201757196661502,5.0,96.13326124456057,82.27267120774103,0.0,0.0
2727,-78.84311567399993,-7.222566882999928,0.10220624568292803,33.0,68.58841879521925,80.93258674265472,0.0,0.0
2728,-78.50442560249991,-7.160788195499947,2.095470406399559,34.0,102.98750714893923,106.39171702057229,0.0,0.0
2729,-78.52411333549995,-6.681412572999932,0.919686698160783,9.0,102.62587947284727,125.54167242604983,0.0,0.0
2730,-78.77770020299991,-6.543935164999937,0.779572183990928,24.0,79.111388344561,105.52041619469387,0.0,0.0
2731,-77.98564414249992,-7.792922683999933,3.945681553960396,2.0,97.47765620377935,109.92085465905733,0.0,0.0
2732,-78.48266481149992,-7.18116462699993,0.9926072521254481,19.0,101.77603120383004,106.23761273085712,0.0,0.0
2733,-78.05432280249991,-7.613498748999916,3.9319911109115018,3.0,97.83084219753067,119.62572864246815,0.0,0.0
2734,-78.03962135049994,-7.8189277019999395,2.5512105076565383,8.0,90.9838976703844,103.62070296239783,0.0,0.0
2735,-76.94056139899993,-10.859484680999941,0.08992267940938029,54.0,57.20194709065416,74.0022240001361,0.0,0.0
2736,-76.71903733199994,-9.659402885999924,1.0723656003641622,13.0,78.4747342539315,162.85594432107143,0.0,0.0
2737,-78.51819507949995,-7.1464901234999445,0.5477597122432745,44.0,103.9478039584786,106.6638431197423,0.0,0.0
2738,-78.08537418249992,-7.6124700149999285,1.2543949497777338,6.0,94.8775584134727,116.96432981434901,0.0,0.0
2739,-78.11410562899994,-7.463045496499944,0.35727992141242004,9.0,101.44481980703102,120.58432752326829,0.0,0.0
2740,-78.94271622749994,-8.100411167499914,1.7169000042228721,5.0,14.132058345926474,10.187443670835233,0.0,337.0
2741,-75.14448887749992,-12.17244152449993,0.5497182392197884,13.0,6.936048627820199,31.479319546193338,0.0,0.0
2742,-78.01853296099992,-7.7087981534999415,0.26588329469835187,8.0,96.99126498639649,114.03454459849925,0.0,0.0
2743,-78.66921195799992,-7.981359760499942,0.9845629235234545,13.0,19.327522196003077,40.734454645168825,0.0,0.0
2744,-76.73276307499992,-9.657232451499937,0.2509853707708432,13.0,77.57310562015661,161.93532287276588,0.0,0.0
2745,-78.52646779099993,-6.678129101499934,1.227873238813315,10.0,102.48211545024378,125.39752876221374,0.0,0.0
2746,-77.98613305199993,-8.327028855499947,0.2611793642593439,15.0,96.32675206430147,78.9124253368878,0.0,0.0
2747,-70.88777750799991,-13.35521324149994,0.520421365479393,13.0,13.62213561179179,259.073610953695,0.0,0.0
2748,-71.44655799849991,-14.18032646149993,5.989307056743897,0.0,54.65618865814144,200.76811439222902,0.0,0.0
2749,-75.54899928749992,-10.375371852499939,0.15770516985797092,12.0,75.41154150220443,141.3572367499078,0.0,0.0
2750,-77.29213902349991,-10.121759483999938,1.3855018820651703,4.0,29.86109855715402,82.13352203287945,0.0,0.0
2751,-78.68230438199993,-6.546828269999935,3.6227549561956764,2.0,89.22396762506649,114.71073434468137,0.0,0.0
2752,-77.35553244299993,-9.972056959999946,6.036484188529273,0.0,11.846353630053068,91.19583470006616,0.0,0.0
2753,-76.60938291099993,-9.860955308999934,2.820883865167052,9.0,54.98662536611613,158.052545611578,0.0,0.0
2754,-78.15578710299994,-8.092979573999912,0.4383270553528248,10.0,75.58779955815267,74.35477318115274,0.0,0.0
2755,-78.24981673849993,-8.14319133899994,8.665911416616472,0.0,66.16426946934601,62.66449541210149,0.0,0.0
2756,-78.2964484199999,-8.066671478499956,7.47708138722934,0.0,59.90545272687049,64.13840868183827,0.0,0.0
2757,-71.40607772099995,-16.017633508499927,1.7736428008922163,2.0,4.413469676147462,39.304527935255834,0.0,0.0
2758,-78.87654016799993,-6.026718365999926,0.3534736135534279,22.0,39.40361502185408,135.71896027641765,0.0,0.0
2759,-78.29964232399993,-8.008745103999928,1.250203549957908,1.0,59.41304782216524,68.52763559659239,0.0,0.0
2760,-77.15830661299992,-10.147730445499917,0.5599236947310348,31.0,40.40754471103069,90.79858246851852,0.0,0.0
2761,-76.15929175049993,-13.71297038399993,2.270351019117282,3.0,36.52986796930006,1.5674807670372344,466.0,1528.0
2762,-78.20980118749992,-8.149317253499959,4.623970919484429,2.0,70.61707636372353,65.94517172346686,0.0,0.0
2763,-71.86928692199993,-16.62086532199993,3.9551575453922014,1.0,30.108780867744233,2.4191921841356154,0.0,28.0
2764,-78.01179513399993,-8.39340137499994,2.26031997764343,6.0,91.53055565514582,73.14067760226123,0.0,0.0
2765,-78.0096506374999,-8.387458448999922,1.5951168900777597,6.0,92.19983911499239,73.62595750889429,0.0,0.0
2766,-78.01128989799992,-8.388625040999926,1.726662124171594,6.0,91.98767649809123,73.40823113396381,0.0,0.0
2767,-76.25210419749993,-9.945225985499945,0.4616628342608089,69.0,22.69188813577361,179.15533672217654,0.0,0.0
2768,-70.47036110049993,-16.77043759649993,13.686474410367472,0.0,37.786659924374355,84.14002547578879,0.0,0.0
2769,-70.50061164449991,-16.857410819999956,13.01338789668599,0.0,29.150350842089374,74.81759209158334,0.0,0.0
2770,-75.73110250999994,-14.085071984499933,0.7469584274309294,1.0,25.454243843363447,51.36052598572965,0.0,0.0
2771,-74.98725643499992,-14.946134214999915,14.53151928728267,0.0,15.74128546216291,31.175655745714657,0.0,0.0
2772,-72.32627231249992,-16.443210121999954,14.209740251653331,0.0,34.15007224298119,35.179203779876104,0.0,0.0
2773,-75.26402526449994,-14.487694512999923,6.698304992760822,0.0,45.3932296592662,10.790451743539917,0.0,0.0
2774,-70.32663754949994,-18.207087595499928,3.9831462007337346,1.0,47.33488468882887,105.73398215474211,0.0,0.0
2775,-70.6572675324999,-17.794190083499927,6.296483092911037,0.0,13.218639100282326,52.835042266375126,0.0,0.0
2776,-70.27980262599993,-18.051698784499933,4.933502787230227,2.0,36.69882419216736,101.89147344092629,0.0,0.0
2777,-72.36568173749993,-16.470915436999945,9.13952739401018,0.0,30.515940362947674,30.103703220719872,0.0,0.0
2778,-70.36483306399992,-17.929790484499932,12.949588536355417,0.0,21.380827818451973,87.18158035439637,0.0,0.0
2779,-76.69275878199994,-12.560712125499919,0.885182999233786,4.0,4.345659320754265,1.1404667259148673,127.0,5762.0
2780,-73.66805229099992,-16.220862978499923,4.770646133095818,1.0,8.174946502033452,117.52862221274181,0.0,0.0
2781,-71.78681919649992,-16.528239133499937,2.490369701999488,7.0,16.615423674208543,0.3437700646886316,99.0,6362.0
2782,-75.14552031599993,-14.672625488499932,7.887926359921858,0.0,21.597421928702182,1.996042745567201,4.0,21.0
2783,-72.53181003949993,-16.540362677999923,6.420669012777609,1.0,15.382787840751618,10.800729763963547,0.0,0.0
2784,-75.03150872849994,-14.778775410999941,10.305065533193082,0.0,4.5891590516236,12.936691680728906,0.0,17.0
2785,-71.79690725399993,-16.519578365999934,1.6516937295079885,7.0,16.803307475558967,0.5642558364871447,99.0,6362.0
2786,-74.69871308949993,-15.594977338499945,7.047006059175131,0.0,18.787649673170694,109.658201178229,0.0,0.0
2787,-70.25843553299993,-18.009727692499922,1.5230238026378264,6.0,35.63996199665414,101.35900211257648,0.0,0.0
2788,-75.35525303999992,-14.477297826499921,2.5480292792580825,1.0,52.919515673073406,0.9101812133455781,33.0,45.0
2789,-72.63046532049992,-16.605821695999907,6.187306304052939,0.0,4.448172228722319,2.355038877062974,0.0,104.0
2790,-76.19269541849991,-13.40603667849993,5.566886337167528,0.0,2.336142546501173,11.642569694813394,0.0,0.0
2791,-70.31459203799992,-18.30653813299992,9.002236531944165,0.0,52.722525059804475,112.44098234939202,0.0,0.0
2792,-70.33581957099992,-18.163271702999936,4.563812337347982,1.0,42.611614378204955,102.65378755854526,0.0,0.0
2793,-75.33623595899994,-14.482172770499915,0.4301312673694957,1.0,51.07239874363472,3.0281399490469103,0.0,33.0
2794,-75.20570301649991,-14.546464517999937,2.2807275347511733,4.0,36.37237475804398,17.333221840076714,0.0,0.0
2795,-76.6570926409999,-12.666404322499943,0.626777046877822,10.0,16.36384850555197,0.1657147681895953,1479.0,4556.0
2796,-72.91343806849994,-16.51802091649992,5.9172462824313365,0.0,33.797120689953125,30.937165753434098,0.0,0.0
2797,-74.98964798949993,-15.123636263999941,25.831077951404698,0.0,26.060962876854003,49.61823857537494,0.0,0.0
2798,-75.31845512749993,-14.48674012999993,1.5505175304022103,1.0,49.364244764777474,5.008657842451069,0.0,33.0
2799,-73.04618084299992,-16.47791482349993,2.2014446415448368,1.0,48.55031433563914,45.71256766471539,0.0,0.0
2800,-73.37494835499993,-16.30951653999992,1.0202899325564305,3.0,24.71666778049409,84.75200086329984,0.0,0.0
2801,-75.04400373699994,-14.765192666499956,12.215220213581997,0.0,6.593596244829091,10.91606785023238,0.0,21.0
2802,-72.3834892424999,-16.483425678999936,6.918188857218262,0.0,29.03251965766984,27.82731898417844,0.0,0.0
2803,-73.24829535949993,-16.38968065049994,1.054009184964864,5.0,40.63142121362955,69.09399233693672,0.0,0.0
2804,-75.18558087149992,-14.629181403499928,4.495400346120791,1.0,28.050054441135014,8.466670860772027,0.0,21.0
2805,-71.78642192399994,-16.525603663499936,2.4746442443009142,8.0,16.38518016461977,0.5854465475438534,99.0,6362.0
2806,-76.43571997399991,-11.347459268999927,0.16691126857720912,9.0,54.406378522969966,32.93322893867789,0.0,0.0
2807,-76.98206138599994,-11.78703117349994,1.1624211989076265,21.0,18.143338721352645,17.65171142191639,0.0,0.0
2808,-76.62366665949992,-11.46920576249994,0.19295134972617883,49.0,45.20600586286154,8.543215338905384,0.0,1.0
2809,-76.99461478699993,-11.822701232499952,0.6432270002503423,23.0,18.258333797663227,17.969217951206712,0.0,0.0
2810,-76.0794455724999,-9.682488782499945,0.6553078711997704,6.0,52.631527188255625,211.6900689928857,0.0,0.0
2811,-76.00272711249991,-9.30104673799994,0.3824673692594307,8.0,95.8440645794627,248.53076404148322,0.0,0.0
2812,-79.45066588649993,-5.237874059999939,0.38000733569644657,27.0,33.05603659576514,129.8666583279877,0.0,0.0
2813,-77.95386562049993,-8.209912399999922,0.8448257685306506,9.0,99.5646627468471,88.70627908611202,0.0,0.0
2814,-76.08462216299992,-9.695199855499936,1.1279443771433484,6.0,51.12315632620669,210.3167464151391,0.0,0.0
2815,-76.08617209249991,-9.69709129349991,0.8743640558052331,9.0,50.87852336536595,210.11833977041334,0.0,0.0
2816,-75.99885049249991,-9.294573291999939,0.8270432512042816,7.0,96.6403610451698,249.30821283901756,0.0,0.0
2817,-76.08717047899992,-9.701478362499927,0.37614423784671974,8.0,50.37866118173865,209.63910160980987,0.0,0.0
2818,-75.97763681749993,-9.238809337999925,2.6911055620848066,1.0,103.20809024621566,253.35984119817874,0.0,0.0
2819,-78.11965573549992,-7.884648173499926,1.0807068277569851,3.0,80.74879103608583,92.20894653153255,0.0,0.0
2820,-74.7303000549999,-12.994297427999925,0.18324215716531897,16.0,48.02929701449866,132.6072848200949,0.0,0.0
2821,-79.52448270249994,-5.570908606499927,9.12189919908001,0.0,24.110157039774936,124.20435486868413,0.0,0.0
2822,-74.45938920499992,-15.727231798499957,0.3489237406458229,1.0,10.858695382802305,134.6600384672227,0.0,0.0
2823,-77.95108306349994,-8.206444922999935,0.3968307608371875,10.0,99.78642032359444,88.97796279825066,0.0,0.0
2824,-77.95298137999993,-8.208395842499925,0.6524550855400493,10.0,99.6255530422034,88.88182398214718,0.0,0.0
2825,-75.7238197099999,-12.26164242099992,0.9871074045490281,21.0,56.96482817393608,50.5666163622793,0.0,0.0
2826,-79.66852807799992,-4.601688157999945,1.2362240410289187,29.0,86.1559059791583,119.02050648706597,0.0,0.0
2827,-76.30674256999993,-13.078353401999948,4.023098278758098,2.0,2.2091333588965316,11.444481197343539,0.0,82.0
2828,-78.62124134499993,-8.967420273999949,5.139787129957253,0.0,14.71820951226894,17.19209270491136,0.0,0.0
2829,-79.43091650049993,-5.278324480999913,0.281214142607686,21.0,32.3291981650766,131.77279447488385,0.0,0.0
2830,-79.44409672499992,-5.152016345999925,1.7627250222468616,8.0,40.19621178427548,131.65084451909942,0.0,0.0
2831,-79.6356884484999,-4.526980633499932,2.681105628880856,11.0,94.74777095867589,125.21801292940545,0.0,0.0
2832,-77.61626299999992,-10.657796999999931,1.153648932059084,5.0,18.191407639263687,16.910854476499523,0.0,0.0
2833,-76.77722284199993,-10.663424617999908,0.4847971243354812,32.0,82.79995628629129,92.98199434491804,0.0,0.0
2834,-73.32223730649994,-15.35151386949994,1.5053995621542413,6.0,102.29554750598523,154.55630070642732,0.0,0.0
2835,-70.59825432949995,-15.69181581199993,0.38234911284879164,4.0,1.6651916600750503,24.640074144430862,0.0,0.0
2836,-70.37986499149991,-16.54603632699994,0.26119314727941945,6.0,46.28629192682715,87.16896482274817,0.0,0.0
2837,-78.90446270749993,-6.04607301799993,0.9763560848429539,19.0,41.17112902943663,132.14973623628703,0.0,0.0
2838,-75.41085617649992,-10.564157556499936,1.7062834922138697,7.0,65.0888697632908,127.87205219153613,0.0,0.0
2839,-75.20016289799992,-12.085086553999929,1.3116716997862765,16.0,9.414657551540646,20.217287813750733,0.0,0.0
2840,-70.49584961399992,-13.176287776499947,1.1101139525381554,4.0,32.49786593240878,268.1990097559956,0.0,0.0
2841,-69.75734851949991,-15.204506809999941,2.5478958599869888,3.0,92.7109471906447,54.18368536306637,0.0,0.0
2842,-69.71803944699991,-16.74371635499992,1.5438765649959778,2.0,34.57188340425493,83.63882064013109,0.0,0.0
2843,-75.67511857999992,-13.938180290999924,0.44743992138587546,14.0,25.001381966298425,57.08901578048201,0.0,0.0
2844,-75.31605912299992,-13.277374628499956,0.04501685359177453,19.0,42.20829584165668,98.043258217516,0.0,0.0
2845,-75.13823615199993,-9.562286684499924,18.868791510136447,0.0,132.587663703661,241.7335955594428,0.0,0.0
2846,-78.29451776649992,-8.11860233099992,13.231747787866745,0.0,60.82558206370811,60.42977027741018,0.0,0.0
2847,-78.15872938599992,-8.087536203999917,0.5459575561948715,8.0,75.20811223118166,74.4290808148565,0.0,0.0
2848,-78.17799159299992,-7.323533996999942,0.7516977243190888,7.0,106.76773068925274,121.99746384556613,0.0,0.0
2849,-79.47615072449992,-7.297845383499947,1.6446800560156978,11.0,1.9938154289597891,36.17001316779156,0.0,0.0
2850,-74.99554842899994,-15.110763144499941,24.301315702177547,0.0,26.863233406879488,48.069750150705055,0.0,0.0
2851,-73.13715091999993,-16.430093541999923,1.78729096367491,15.0,53.28115498153113,56.44821312815342,0.0,0.0
2852,-75.21285264299993,-14.50411636499993,1.667972765396888,5.0,40.630331297315784,16.525652378790767,0.0,0.0
2853,-72.69228715799991,-16.630162196499924,1.1635222187701924,4.0,7.31106299002571,8.507164218469327,0.0,104.0
2854,-76.14190218749994,-13.82711103099993,0.6924866454012153,1.0,27.949048021105842,9.36569819578604,0.0,139.0
2855,-71.67706240999993,-16.248897409999927,0.5086408917830663,8.0,19.700977511361224,0.5925950731478851,5.0,5.0
2856,-76.18021715249992,-11.597917200499921,1.3246949206110108,17.0,30.361043413096006,8.547381725890485,0.0,904.0
2857,-80.63665650699994,-5.232107188999919,4.493130219331507,1.0,6.706145039175846,9.251684421828333,0.0,930.0
2858,-70.61585598099992,-16.896412682999937,3.80178650340489,4.0,16.927143909153614,63.46769066470117,0.0,0.0
2859,-75.55078309149994,-10.072902227999919,0.9641027564781184,15.0,71.04423230546668,173.5673865016475,0.0,0.0
2860,-75.31866625399991,-13.284871795999948,0.773096305875431,17.0,42.2741457252688,97.4778426430442,0.0,0.0
2861,-75.04884996499993,-12.806368011999922,0.7635837495958436,7.0,64.37391227858056,99.40656482420005,0.0,0.0
2862,-77.81846472449993,-9.004853226499932,1.1393608000610789,30.0,72.83793810279744,71.74484944291378,0.0,0.0
2863,-78.01676035649993,-8.424767463999927,3.037978418751147,4.0,88.43770615964063,71.28939541893902,0.0,0.0
2864,-76.67675429949992,-9.707881023499937,0.1542923854817551,10.0,71.41090966781846,162.66093301883313,0.0,0.0
2865,-77.14894186449993,-11.759380180499932,0.6407002812723405,18.0,1.4198312217674243,0.4593179137839336,1998.0,2436.0
2866,-79.15448383249995,-6.951912540499933,11.80456626592462,0.0,41.66908223739801,51.053190059878006,0.0,0.0
2867,-77.13585042149992,-6.246371766999943,0.7084323358578505,27.0,30.624750825489766,285.81135602310314,0.0,0.0
2868,-80.64599033149992,-4.833068638999947,1.253166251165333,6.0,15.756236649264594,11.812569772239936,0.0,0.0
2869,-76.38743758249993,-13.077201717999941,4.5047686958976705,2.0,10.860979957463304,4.551289358176464,0.0,5870.0
2870,-75.90268483549994,-9.843758267499936,1.4209917803658247,7.0,46.1425397199569,193.41029859295335,0.0,0.0
2871,-78.81494729349993,-7.476481512999925,1.4091918406806136,5.0,56.548408124088624,57.628551392606326,0.0,0.0
2872,-78.04128749799995,-8.514931447999942,1.5530526977708257,21.0,79.00200605794495,65.63294816186207,0.0,0.0
2873,-80.64271255249992,-4.830544262999922,1.4493843854356028,6.0,15.71029912470413,12.222277648271781,0.0,0.0
2874,-75.32199793599992,-11.912197297499944,2.871307745347908,16.0,31.15992902194269,3.062582224420955,0.0,3276.0
2875,-79.9353572974999,-6.836039629499908,0.7075537729741802,6.0,19.217544577534746,15.572689467780398,0.0,0.0
2876,-71.53074308749993,-16.425329690999945,0.9362973746726279,38.0,15.188474698209466,24.95985119889491,0.0,0.0
2877,-72.18956463149993,-14.21086082599993,2.497603606982099,4.0,98.68440174224743,233.546450452349,0.0,0.0
2878,-69.78155606299993,-15.209955132499942,2.118961562883355,3.0,89.53532225325505,51.97975228925356,0.0,0.0
2879,-77.17878115299993,-6.316335438999943,5.522270318108996,1.0,39.520483605482276,277.189474174076,0.0,0.0
2880,-76.29858910199991,-10.887616890499913,3.9209015775594964,3.0,73.16344321760567,80.40931935906175,0.0,0.0
2881,-76.36440788049993,-11.003797612999932,0.26373942785754906,8.0,67.16140585746588,65.66275686894109,0.0,0.0
2882,-76.26790588449992,-10.838387038499917,0.5755620493788588,3.0,76.28895211945671,86.82614591275546,0.0,0.0
2883,-76.97291232399994,-12.063923567499955,1.8648727697273375,44.0,39.781198274701204,23.829039184353444,0.0,0.0
2884,-76.97074833899993,-12.226531779999931,1.8030834612698294,10.0,43.559405210511,8.495569029807863,0.0,241.0
2885,-75.68799738799993,-10.101827796499919,6.422689697013885,0.0,55.7844467101447,167.20040257868817,0.0,0.0
2886,-71.54618558099992,-16.41973675099993,1.1976699120358347,29.0,13.55950661824928,23.44274776967691,0.0,0.0
2887,-71.36408995999994,-14.890193966499936,3.8012712865895533,1.0,58.52806404674495,136.4931916056313,0.0,0.0
2888,-71.47004904149992,-16.41701997499993,0.33869967885549807,30.0,21.68533608094206,28.940307787363697,0.0,0.0
2889,-79.39552155249993,-7.363536568999933,2.649488146544201,5.0,9.621518977044174,46.80734423032338,0.0,0.0
2890,-78.02928862899992,-6.8471394204999285,0.28375828872906667,23.0,101.91550606890348,167.70778185791306,0.0,0.0
2891,-73.65470328699993,-14.540710013999927,9.888978622811047,0.0,68.67872400447541,157.89907776469704,0.0,0.0
2892,-77.83967382599994,-8.833890132999926,2.1033240705839256,16.0,77.99749788668593,79.72682228476539,0.0,0.0
2893,-77.00816189849994,-11.370216103999951,0.9484469984932066,18.0,1.8823912204160098,33.11293428778133,0.0,0.0
2894,-71.63036240999995,-16.297337409999926,1.8124684367862731,3.0,15.020655839465567,7.286607185208078,0.0,5.0
2895,-78.42865086549992,-8.728120395999952,1.4737230928249596,9.0,36.920350590361274,22.343657764461465,0.0,0.0
2896,-78.08399446149994,-10.230944959999931,5.0609655550175034,0.0,37.25953452410424,30.450193929095484,0.0,0.0
2897,-75.54685602799992,-10.34531434449994,0.4843065798511071,17.0,74.55273780848788,144.60701734884842,0.0,0.0
2898,-77.83828537749991,-4.748019743999947,1.4055209830686548,5.0,108.60332955045834,314.7520247509654,0.0,0.0
2899,-77.74408145349992,-10.523233457499941,1.6548082909216444,8.0,5.647006126084983,17.003038984373095,0.0,0.0
2900,-75.03902772049994,-12.794106628999913,0.4504367510917821,9.0,65.53052065205816,98.44909309001989,0.0,0.0
2901,-72.18534253149994,-13.988179603999953,0.7023807958012784,7.0,93.629667831609,257.59655263946877,0.0,0.0
2902,-75.68817492699992,-13.95898462349993,1.098697827904659,12.0,23.769939214101722,56.7084054040968,0.0,0.0
2903,-77.17706812399993,-9.453284779999933,0.8170032510698697,13.0,53.31849298854767,119.65935912131617,0.0,0.0
2904,-72.50543897399993,-14.093205555499935,4.129281568151358,4.0,62.209181404561626,255.94870908340857,0.0,0.0
2905,-71.21367580499992,-15.935919765999927,2.583445369406943,2.0,25.20342273360833,61.087618958699984,0.0,0.0
2906,-77.14059257499991,-10.049267768999925,0.1709674754315331,24.0,34.674781636066555,99.51536451021457,0.0,0.0
2907,-78.28104752549993,-8.134343752499944,11.968340934899016,0.0,62.60076374645505,60.4850057094989,0.0,0.0
2908,-76.62540074549992,-9.824509088499923,0.12776838055942286,10.0,58.779962615242226,158.96824725728064,0.0,0.0
2909,-75.54796317349991,-10.084154925499917,0.3377562190290626,15.0,71.22665716158383,172.43672206567913,0.0,0.0
2910,-76.04939506549994,-10.945457000499943,16.22686689207874,0.0,56.989679656170935,71.55682415046597,0.0,0.0
2911,-77.94123946599993,-8.689750530499936,1.2217091518805974,22.0,74.67343788176383,74.68975494692249,0.0,0.0
2912,-77.53220966399994,-9.533825828499943,0.31537969828192963,46.0,40.65337863673995,79.91478312818727,0.0,0.0
2913,-76.88269483699995,-9.863206023999936,1.1603521666144652,8.0,57.19278912881789,134.31033987696767,0.0,0.0
2914,-70.39231824749993,-16.580904981999936,1.47490354457806,3.0,45.11410692258177,91.0431375233336,0.0,0.0
2915,-74.52806894099993,-8.373905364499933,0.44089122771344585,20.0,268.5945511867811,389.50128873703517,0.0,0.0
2916,-76.6449262074999,-10.60869199949994,0.8777308865375198,9.0,71.46798087734375,98.82134207784881,0.0,0.0
2917,-79.57100145649991,-6.906887793999914,2.1111237878179065,5.0,4.612111486240781,11.667118886629758,0.0,0.0
2918,-69.49054184049993,-17.50693690199992,12.39101716208584,0.0,97.56490501653845,159.78317860234853,0.0,0.0
2919,-75.54787415899992,-10.359135684499932,0.6389257785709284,14.0,74.92687966664981,143.11098663583113,0.0,0.0
2920,-77.42240321849991,-10.147413930499937,0.9111806118671332,5.0,30.120367876178307,70.91697263659381,0.0,0.0
2921,-77.52550977149991,-9.526434188499934,0.548258195532299,47.0,41.18394422794149,80.72888325163466,0.0,0.0
2922,-78.29375974749993,-8.105488499499927,11.79264421959642,0.0,60.67817243367294,61.439750081371585,0.0,0.0
2923,-77.15559322149991,-10.118313238999946,0.5574376626237683,33.0,38.24636009255799,93.13571492666468,0.0,0.0
2924,-76.54937486799992,-10.503976924999932,1.4899257157405346,35.0,55.83305494541807,111.47395685794854,0.0,0.0
2925,-76.7068802979999,-10.64614688149993,1.0001297049285063,23.0,79.17430993591078,94.49788295954559,0.0,0.0
2926,-77.81227684349992,-9.047775927999936,1.194047745718126,37.0,71.46614760059391,70.0555314752331,0.0,0.0
2927,-78.75722619299992,-6.553647568499912,1.2047583788169625,20.0,81.09013402729198,106.99563457543277,0.0,0.0
2928,-77.42020363799992,-8.343789100499919,3.196752443500122,4.0,143.67531568904798,136.5405953563309,0.0,0.0
2929,-79.48771500449993,-7.1216264054999385,2.267274149324387,2.0,1.2908333520232727,19.218908424671287,0.0,0.0
2930,-78.01115512799993,-8.41595996649994,2.7707615917434634,4.0,89.58854863138136,72.22556090179619,0.0,0.0
2931,-72.24725437149993,-14.11881065399993,0.10869706129721708,6.0,89.65431672102649,244.9752624106968,0.0,0.0
2932,-78.19188287499992,-4.900174087999915,1.7500759573408486,10.0,107.30411299254297,273.0649919553522,0.0,0.0
2933,-77.92681951349994,-10.430049646499924,3.6661819435858054,1.0,20.15964947169006,28.303510412580188,0.0,0.0
2934,-75.57270372499991,-11.346394532499943,0.2818414733460218,11.0,28.20418778047534,48.58386366492059,0.0,0.0
2935,-76.60360190399993,-9.846806557499946,1.134646796823802,10.0,55.38409032955727,159.46999261869001,0.0,0.0
2936,-78.00238012349993,-4.656048051499937,8.08778558873362,0.0,123.74899816715967,299.37397830162905,0.0,0.0
2937,-77.79344450799991,-10.681391986999927,4.837223500173441,6.0,12.171456924865646,1.799216238658037,14.0,610.0
2938,-78.24918741249991,-7.986022748999915,6.56959455913452,0.0,65.08965337924926,74.1625766432851,0.0,0.0
2939,-78.60226152449994,-8.972764649999931,4.906338331646308,1.0,12.735296136648875,18.32243316841109,0.0,0.0
2940,-76.86137323799991,-10.761358043999934,0.1379022627759017,41.0,69.6942386687193,83.62262829339913,0.0,0.0
2941,-78.11908575299992,-8.491386475999946,0.20456912645134856,23.0,75.76969448929853,58.16794286700486,0.0,0.0
2942,-73.37533238999993,-13.818827062499935,1.675729761993478,2.0,36.5600811367393,211.09067961875172,0.0,0.0
2943,-78.55698366049992,-6.841531766999935,2.9259964007866097,1.0,102.65416503677838,118.06896730795614,0.0,0.0
2944,-69.35361475749994,-15.490648189999916,1.106238790417571,5.0,72.98249511222362,71.58363328170371,0.0,0.0
2945,-75.29996218449992,-13.256976219499933,0.3419186822231781,13.0,41.19740471343573,100.5056273259408,0.0,0.0
2946,-75.46116425999992,-13.455846310999931,1.0956898611766581,10.0,20.25042541679497,77.22982121618908,0.0,0.0
2947,-77.50591056599993,-9.605077557499925,0.5352599368166443,39.0,32.222115027864234,81.92415773423063,0.0,0.0
2948,-72.27669830599993,-13.789129099999911,3.352750360871128,5.0,84.3690248453709,281.3470322765307,0.0,0.0
2949,-75.09499753899993,-13.19577944349993,1.773565498487347,4.0,26.135122646943113,123.6318721708932,0.0,0.0
2950,-75.00156000199993,-12.78708693099992,0.821257855693532,13.0,65.76064270032303,99.10604702354448,0.0,0.0
2951,-71.65407176049993,-16.214344643499942,3.3438683707530155,6.0,23.626486859896694,5.147589808735107,0.0,5.0
2952,-78.99419558199992,-6.6262254049999285,0.4282895641456542,37.0,53.87890136043101,80.24486050884472,0.0,0.0
2953,-69.56793901749992,-17.53784533849992,13.555998597892545,0.0,95.82225872683055,152.05637137728462,0.0,0.0
2954,-78.08367462649991,-4.727899879499915,4.080811769964339,5.0,119.97159951461205,288.7046272513833,0.0,0.0
2955,-77.53183746299993,-9.539699727499936,0.13797703668822517,49.0,40.02647085506949,79.89502216255006,0.0,0.0
2956,-73.36198023549991,-13.769769008499935,3.9516607087366746,2.0,37.053408930134765,214.93995130346113,0.0,0.0
2957,-79.26678134349993,-7.274818924499925,0.22084289910048513,20.0,21.50306932540127,48.827424409570625,0.0,0.0
2958,-70.72001301699993,-15.685980367499923,4.130886319996393,4.0,11.419785753082238,37.51288273496074,0.0,0.0
2959,-77.98442549599994,-8.238203549999952,3.4008925508080043,8.0,96.99038159271736,84.15746123091087,0.0,0.0
2960,-77.24293948999991,-10.104208544499926,3.0014539310991877,2.0,30.838741797681067,87.25103249340833,0.0,0.0
2961,-77.06785875499992,-9.898918835499927,1.5451329714329036,3.0,36.965039775446144,117.00189604122527,0.0,0.0
2962,-76.20840200299992,-5.9992650304999415,7.540325312973457,0.0,35.72060897801841,384.59786607072533,0.0,0.0
2963,-76.08422428849991,-9.693321646499925,1.338896906477842,6.0,51.33637856660415,210.52221752492892,0.0,0.0
2964,-76.98220707249993,-12.04450653899994,0.5596004493926372,55.0,37.40027009729396,26.196807646359293,0.0,0.0
2965,-75.70057662949992,-13.991864192999941,3.1711646174367494,9.0,23.211356088319757,57.14707547689258,0.0,0.0
2966,-70.33859798399993,-14.775424191999946,1.4244237793386405,5.0,25.071214000590874,90.59856916278635,0.0,0.0
2967,-69.50602163199994,-15.355421601499927,0.8524468263933281,5.0,81.995382215739,67.98630968908762,0.0,0.0
2968,-76.1984632029999,-13.735109979999919,3.677256410593643,1.0,38.70040794631839,3.6404866081100686,0.0,829.0
2969,-75.3820010739999,-13.393547619999936,1.4483085379643452,13.0,30.989650941755627,87.18550560073193,0.0,0.0
2970,-78.8318729014999,-6.508887451499959,1.1631601837992016,24.0,74.32415419553105,102.36586355157866,0.0,0.0
2971,-78.3122412669999,-8.030918228499957,3.455960762639425,1.0,57.99775409586819,65.77001077725372,0.0,0.0
2972,-76.92173548499994,-9.883305445999952,0.6470429783764752,15.0,52.8979185327913,129.63627868912403,0.0,0.0
2973,-73.85196929949993,-14.962964873999937,1.8054402069654991,9.0,58.92296189602513,138.88686876334205,0.0,0.0
2974,-73.92703001899991,-14.865203833499919,12.061547459718705,0.0,46.03455787182083,128.9999150799109,0.0,0.0
2975,-74.03995699049995,-14.762969611999921,2.737305867877645,3.0,29.786667467260195,115.7258874659741,0.0,0.0
2976,-73.8967696194999,-14.90781599549993,6.790764354691151,0.0,51.39741568543674,132.97154841805522,0.0,0.0
2977,-73.86768263399992,-14.944742560499947,3.3818965298354184,5.0,56.35045892433312,136.81593827755214,0.0,0.0
2978,-73.78608671149993,-15.003684188499932,0.74617357149561,15.0,67.29462498513908,146.79342624781395,0.0,0.0
2979,-73.98225875299994,-14.810582569999923,10.302252235707487,0.0,37.78451338882526,122.35263736858694,0.0,0.0
2980,-74.05912592099995,-14.749911960999924,1.7517490819480068,5.0,27.288336752578452,113.58348136457681,0.0,0.0
2981,-79.49262239699993,-5.491643673999931,6.960266626785702,0.0,22.509995409680194,126.09732129496648,0.0,0.0
2982,-79.48840761049993,-5.747730795499933,2.0037180686714824,10.0,28.93808882319495,131.53087328954615,0.0,0.0
2983,-79.45067050799994,-5.228555313999948,0.8172373258247235,23.0,33.71183353374351,129.94839310546917,0.0,0.0
2984,-79.43315541649991,-5.164612471499936,2.48687451070481,7.0,39.98772323718834,132.6531635173935,0.0,0.0
2985,-79.50319003699994,-5.511709368499936,8.359817030184105,0.0,22.301945558468542,125.27959720560875,0.0,0.0
2986,-79.45044450949993,-5.7755896354999265,1.393129449527477,25.0,27.802480652275225,129.7494122458122,0.0,0.0
2987,-75.09011163049993,-13.011121734999932,0.9850453823770867,2.0,43.67278789542148,120.21229661874617,0.0,0.0
2988,-74.93805155549992,-12.806003833499943,0.336150707678733,20.0,63.3093790212147,103.71254907608498,0.0,0.0
2989,-77.84183920199993,-8.895640294999936,0.2830345861978768,14.0,75.93630193493024,75.98651729651728,0.0,0.0
2990,-75.90754106999992,-12.817823959999942,0.32418502423853385,29.0,49.94821208002072,62.61178428174028,0.0,0.0
2991,-76.18924155599993,-10.57574072549994,0.6714417897770646,22.0,48.27110049708701,114.79837042576821,0.0,0.0
2992,-78.02550911999992,-8.438935865499928,2.598457736179882,9.0,86.60508594026957,69.8249862932511,0.0,0.0
2993,-75.40793615849992,-10.567996950999941,1.2560387564344178,8.0,64.66208646665488,127.64288267017207,0.0,0.0
2994,-78.83617252749994,-7.2062465014999475,0.22341414963964162,30.0,69.61075915636441,82.9022593756967,0.0,0.0
2995,-72.28653778799992,-14.134287963999924,0.3690843786681807,7.0,86.06260262985246,244.39535220031308,0.0,0.0
2996,-74.7325327014999,-12.98395881649995,1.040576069651968,18.0,48.935707836426694,131.48823435201786,0.0,0.0
2997,-76.89151960049995,-12.016694658499944,0.49659965690757907,79.0,35.564784425446106,27.884146532473736,0.0,0.0
2998,-77.48745407499993,-8.395673919499927,0.9165284624900029,6.0,134.32865447772988,127.95451638245919,0.0,0.0
2999,-77.7704766434999,-10.71156392249992,1.3774218875477044,7.0,15.564369874205152,0.9056868264557645,138.0,610.0
3000,-70.34554856399993,-14.782172978499943,1.959515263446224,4.0,25.95115313280233,90.08866777768645,0.0,0.0
3001,-77.86042735049995,-8.817583404999937,0.566612561648724,16.0,76.42319047781977,78.8510929228225,0.0,0.0
3002,-75.52356059399992,-13.57740378549994,1.1918689469937631,16.0,5.776154411335214,68.8550414761719,0.0,0.0
3003,-78.81731837649994,-6.388839259999912,1.0369325791768753,9.0,69.98136152348519,111.37929311849962,0.0,0.0
3004,-72.25940020249993,-14.122003822999915,1.1768234045552415,6.0,88.48616312365104,244.95839368786397,0.0,0.0
3005,-77.84458873149993,-8.914047238999927,0.8901429296961496,11.0,75.20567746638424,74.62841563695127,0.0,0.0
3006,-76.29106060199993,-6.352205702999925,0.9136561793953799,8.0,4.577977106755066,356.0732346910758,0.0,0.0
3007,-77.65351623149994,-10.354150718999932,0.6473381411858841,11.0,26.798033963594747,38.18747502599893,0.0,0.0
3008,-76.00727670749993,-12.849658008999938,0.5643518431976082,16.0,39.16736870475438,52.15028575957912,0.0,0.0
3009,-74.71876335799993,-11.33905018899992,1.3785176190258703,18.0,78.24041499650637,91.52707188727973,0.0,0.0
3010,-74.41323411449991,-13.292645645499931,4.815780854651529,1.0,17.721588723233847,166.75268559361842,0.0,0.0
3011,-74.8209074259999,-13.355649586999931,2.704256329859458,6.0,12.982143217085923,137.54770309796737,0.0,0.0
3012,-74.71406498299993,-13.357553604499941,0.3923695311844233,4.0,24.434640622631683,142.65657012574943,0.0,0.0
3013,-75.47386916949992,-13.59928436949994,1.3732418687081034,12.0,10.298282297726454,74.18147786896427,0.0,0.0
3014,-74.9572571409999,-13.411653655999913,0.8605131964896182,9.0,4.484361229412545,126.09480694245751,0.0,0.0
3015,-75.0649366584999,-13.473570155499942,0.9600146612555467,3.0,17.442509831285772,115.90822318204992,0.0,0.0
3016,-75.94894856149992,-13.696874869999931,3.639517110150535,3.0,26.55962047216109,23.24070222729648,0.0,0.0
3017,-74.91172673499992,-13.409149613999944,1.0890403870212555,16.0,4.789774841536279,128.1447147181416,0.0,0.0
3018,-75.17800883649994,-13.525657521999932,5.758401819179615,0.0,30.763041777770518,107.18709518188648,0.0,0.0
3019,-77.81997954999994,-4.716625759999943,0.9921694054854059,5.0,111.55714407249341,317.4696034099366,0.0,0.0
3020,-70.60616999999993,-15.69948999999994,0.8336393657289676,3.0,1.4668272246598284,25.61881018718336,0.0,0.0
3021,-74.9392948119999,-12.641377559499915,0.9473715514127203,18.0,60.06171017252908,87.29458099202382,0.0,0.0
3022,-75.18721017349992,-13.236044536999913,1.9645152698716633,2.0,30.98837017022629,112.70601922758443,0.0,0.0
3023,-74.84669605699995,-11.492705203999918,2.002613270674295,7.0,72.27529357108085,70.09387750231738,0.0,0.0
3024,-75.42578080699994,-11.854805357999936,1.6106025849923113,8.0,42.23100566641606,0.6279250674137956,1412.0,8266.0
3025,-79.1773789369999,-7.819193183499948,0.5269884975273087,2.0,8.10120292772733,10.43152164533126,0.0,321.0
3026,-78.20116103999993,-9.881881297499945,1.1054809358286195,4.0,5.101216836068849,1.1602906572019058,87.0,589.0
3027,-78.57234287249992,-7.094738006499938,2.8131755326443395,18.0,100.60387940508387,107.74907447473691,0.0,0.0
3028,-75.15530404549995,-13.229687343999927,1.575005429205556,3.0,28.448024802983635,116.18416775611689,0.0,0.0
3029,-77.30871609949992,-8.298561728999942,1.8410630222531787,10.0,156.7147435379323,149.69997782950497,0.0,0.0
3030,-78.80030369149992,-6.564166881499915,0.16404686619202188,34.0,76.19307619373468,102.24914641567467,0.0,0.0
3031,-78.87743447549991,-6.595359497499942,0.9715090749803381,48.0,67.16895568818241,93.11277795287639,0.0,0.0
3032,-76.94515109399993,-9.111342387499946,0.09975158924270099,12.0,98.93966855924354,153.2983152209275,0.0,0.0
3033,-74.74591975999991,-12.966533496499949,1.7118754504510045,23.0,50.04388209287695,129.08694104960003,0.0,0.0
3034,-77.53260517149994,-9.516935311499935,1.370623079057688,44.0,42.43618049339904,80.07486806813951,0.0,0.0
3035,-78.00318669749993,-7.809011068499956,1.8743610403173159,1.0,95.14606461717884,107.28740441632966,0.0,0.0
3036,-77.00267951649994,-12.031751290499955,0.2939513658192128,82.0,35.125441637339556,28.30282142423055,0.0,0.0
3037,-75.2796955684999,-13.236319642999945,0.030400886537455856,10.0,39.958485249880376,103.41523356681182,0.0,0.0
3038,-75.22879298599992,-13.24389299899994,1.6761801523944548,3.0,34.57958721385266,108.19536576455361,0.0,0.0
3039,-76.86828901399991,-10.783995946999937,0.1961691399867814,43.0,67.067543860497,81.33535311893195,0.0,0.0
3040,-77.82511490149992,-8.86479184749993,0.5442569751138094,14.0,78.55372818649485,79.28456034613654,0.0,0.0
3041,-75.65780975649992,-11.499002272999945,2.3163456253111225,10.0,23.56052467930792,32.8599561931303,0.0,0.0
3042,-74.30004080599991,-15.824341024499915,3.1825863899473013,2.0,31.02656421272433,153.03922250429662,0.0,0.0
3043,-74.79886128699991,-12.924271874999931,0.4091949386250291,5.0,52.409321302408486,122.19933090668545,0.0,0.0
3044,-79.16893971649992,-6.62890837899991,0.5459588612033818,19.0,34.87822363238603,64.38304507671754,0.0,0.0
3045,-75.32023511299991,-13.305946148999908,0.30713568127509916,15.0,41.94352505584424,96.50008453928967,0.0,0.0
3046,-77.97911897149993,-5.946905603499943,0.6391816804889919,36.0,1.7224306763080346,215.4516067650751,0.0,0.0
3047,-76.91899877599994,-9.192025198999943,2.883081233266504,13.0,92.94251764381411,153.47468412923837,0.0,0.0
3048,-77.89182536749993,-6.735800821499936,1.7533093828744741,19.0,89.96294891306594,187.2300112995138,0.0,0.0
3049,-78.31817252949992,-8.012185818499916,1.8021214251457665,1.0,57.36231912910982,66.8874829204017,0.0,0.0
3050,-77.13456145799992,-11.467074043499935,1.285550161892018,6.0,16.29759598868937,16.448422635432816,0.0,0.0
3051,-77.71600547549991,-4.629285337499937,11.772979011593403,0.0,119.37870405531153,330.8857217772996,0.0,0.0
3052,-70.42827460999993,-16.671088311499943,4.820689946571409,1.0,44.123197588945104,95.5072330112141,0.0,0.0
3053,-78.59646159849993,-7.938906264499934,0.6599057186329843,11.0,28.38962490527196,49.99580756424366,0.0,0.0
3054,-75.91965110099991,-11.518142394999927,0.844388021278913,26.0,8.350326497653597,8.14060962419534,0.0,658.0
3055,-77.81745148049993,-9.026105586499938,0.18871061756334587,34.0,71.9171478816894,70.67494373091785,0.0,0.0
3056,-76.39959974199994,-9.902558022999926,2.1094427638121775,5.0,34.69857089629201,174.26716138979046,0.0,0.0
3057,-70.60861006199991,-16.872121299499923,2.736964359344752,3.0,19.450128906247418,66.06939683452858,0.0,0.0
3058,-70.19518306799992,-16.28108613999993,8.472859438325212,0.0,60.30659789887549,51.917920718520705,0.0,0.0
3059,-77.81885000899993,-9.002155281999933,1.1231668635170171,30.0,72.93430014382997,71.8608510754639,0.0,0.0
3060,-77.98136997199992,-8.28649616249993,1.8836107222383627,14.0,97.22223594612119,81.57581099277714,0.0,0.0
3061,-75.09087444199994,-12.918159502499947,3.6352960220056856,3.0,53.42553273289908,110.12736412459196,0.0,0.0
3062,-76.82804282999993,-10.712258075499932,0.17487439169041788,31.0,75.93405624267136,88.30298642473846,0.0,0.0
3063,-78.04771885499991,-7.620746358999952,4.229753645040416,4.0,98.10112645169839,119.43565862698269,0.0,0.0
3064,-78.16637210949992,-8.111907136499923,1.5154902008397464,11.0,74.66782357615368,72.21806998135652,0.0,0.0
3065,-74.91946382399993,-12.817330749499916,1.5218936055600647,18.0,62.08651942611601,105.69901509376511,0.0,0.0
3066,-76.66231679449993,-9.733906614999938,0.9363390695453222,8.0,68.29689547868176,161.987805912524,0.0,0.0
3067,-78.19116508649992,-7.944519829499939,2.7281294552377853,1.0,71.90060559751342,81.92971859245353,0.0,0.0
3068,-76.1900246939999,-10.64004385949994,1.968669910059505,24.0,55.41947515720052,107.85557990415009,0.0,0.0
3069,-77.27844952149991,-11.182245679999909,3.31760731778098,14.0,32.0919732082884,26.64849214347618,0.0,0.0
3070,-78.79547414649994,-7.100315793499931,1.0710713442121491,28.0,76.68582860315944,90.9969320249815,0.0,0.0
3071,-70.3306316979999,-16.419644311999946,2.5621803933741107,1.0,52.76861109000607,73.03541902483462,0.0,0.0
3072,-78.12859915849992,-10.119957483999912,5.742658230149008,0.0,24.00027979972877,17.206177918117522,0.0,0.0
3073,-79.00480611049991,-6.643927053499937,0.5801504026951225,40.0,52.44163803951263,78.22461757434012,0.0,0.0
3074,-78.27714237399994,-7.989168663499925,3.5207975738316217,1.0,61.99481853863359,71.80410176309348,0.0,0.0
3075,-75.07358954949993,-12.827102685999932,0.29746109378724916,7.0,62.676798910665084,100.82425686709249,0.0,0.0
3076,-75.2536324889999,-13.232812406999955,1.0830448109915514,6.0,37.537012662091264,106.16655176221443,0.0,0.0
3077,-78.98919699649991,-6.022612041999935,0.8753079399829018,11.0,31.447081632234706,129.01404941737582,0.0,0.0
3078,-75.25859037499993,-12.03844401349994,1.7056744026928992,13.0,15.555887883912371,12.092075626107414,0.0,2.0
3079,-78.06011927449993,-4.912207177999932,4.688768815562003,2.0,100.62567218613081,287.2303045323919,0.0,0.0
3080,-78.16376366399993,-4.8038262874999305,0.7362922894592834,4.0,116.85620616643449,278.1839233973013,0.0,0.0
3081,-78.13742948399994,-4.928073296499917,0.9648824940338275,6.0,103.68055460495766,278.4932043940923,0.0,0.0
3082,-70.90228542749992,-13.415689638999936,0.08286692708094605,21.0,19.370954551046836,253.2457782127142,0.0,0.0
3083,-75.39906306899991,-13.683610396499944,1.0365061980213641,12.0,20.347443635967554,82.66191466448504,0.0,0.0
3084,-74.97851284499993,-12.50939737649992,0.12275156242049816,17.0,45.29938498638868,72.4903591472916,0.0,0.0
3085,-78.49689182149993,-7.170259569999928,1.7726282901641208,30.0,102.30778399439964,106.12228413753387,0.0,0.0
3086,-78.19732648999991,-7.300994446499942,1.3275843419723672,7.0,107.19769157745871,121.5317916979236,0.0,0.0
3087,-78.46166767849994,-7.196217696999923,2.623195256917846,11.0,101.16268798010549,106.55949421171303,0.0,0.0
3088,-75.93287597249994,-11.433728286499928,4.483630940908897,3.0,2.237584078847396,16.710752616656976,0.0,0.0
3089,-78.55541588099993,-7.100498568499944,1.9682883492277723,32.0,102.27654802175834,108.28649232538496,0.0,0.0
3090,-76.99732577749992,-9.274687014499932,2.12476381352938,25.0,80.50467211018514,142.97413765202577,0.0,0.0
3091,-76.9247242934999,-9.146769165999928,2.5494509283527127,14.0,96.76886563898512,154.24446908359553,0.0,0.0
3092,-77.55548723399994,-8.515282224499913,1.182443184109012,7.0,121.04386344961736,118.13911126919402,0.0,0.0
3093,-75.35145441799992,-13.61702290249994,1.5794423623691032,16.0,23.548965250995263,87.43205936859592,0.0,0.0
3094,-73.53293398049993,-14.273232338499923,7.328793551399585,0.0,66.27732526515263,176.4890082346788,0.0,0.0
3095,-80.23934034699991,-6.323971888499926,0.7596172085415275,4.0,33.05212557955868,79.01446883893897,0.0,0.0
3096,-78.62428065449993,-6.566715151999915,0.7083653098411994,8.0,91.49296513585298,119.57535663406257,0.0,0.0
3097,-77.35564604849995,-10.162362244499917,0.726845672439301,11.0,32.16860386655365,74.13744769911787,0.0,0.0
3098,-75.32021676999992,-13.328565544999918,1.0385335908285518,13.0,40.82792858386574,95.67860727690677,0.0,0.0
3099,-71.08098813299992,-17.534708649999942,10.016911524664748,0.0,20.454702976221288,0.37953201365244776,64.0,563.0
3100,-71.72112890449992,-16.497213051499955,5.728164855470125,1.0,9.424770768071863,3.3305905996376692,0.0,119.0
3101,-79.07361050149993,-6.657648090999913,0.6748761343586492,28.0,44.71560717630265,70.95818665318359,0.0,0.0
3102,-77.95318794249994,-8.199118614499923,0.48436873396237834,10.0,99.39899620334987,89.02961047349316,0.0,0.0
3103,-79.2931426504999,-6.81812469749994,0.3520922144758776,23.0,23.9577062380352,40.959334083808166,0.0,0.0
3104,-79.43329132449992,-5.15750825549992,2.5405613370095637,6.0,40.5494771732656,132.7472475699445,0.0,0.0
3105,-77.16662566149995,-10.141310461499927,0.7993617073363912,28.0,39.26865761055062,90.55609305569625,0.0,0.0
3106,-78.18189285699992,-4.838034465999925,1.1819508572902255,7.0,113.91219460471157,275.44100697786087,0.0,0.0
3107,-78.88408205199994,-6.4734896019999155,1.370593136420485,15.0,70.15489749570428,99.82121453529234,0.0,0.0
3108,-79.70295723499993,-5.41180689199993,5.006064199946512,1.0,2.453013818844107,101.93451465884625,0.0,0.0
3109,-75.50757999149994,-9.973910833999923,2.9297657006354685,8.0,77.64665763842041,185.42382160033523,0.0,0.0
3110,-78.22407344649992,-8.147182995999941,6.042308331597168,0.0,69.02994595510073,64.75587631154542,0.0,0.0
3111,-78.82648985249995,-7.17949878999994,0.27778798733067994,26.0,71.18879389575625,86.05933831988276,0.0,0.0
3112,-78.74654289399993,-8.008620151999935,1.807298499820766,4.0,10.349454376657942,32.17669453712952,0.0,0.0
3113,-76.83954232399992,-9.852298115999929,0.5153196293140313,18.0,61.96167376279767,138.66366851128353,0.0,0.0
3114,-77.17710330099993,-10.134127192999927,0.3670750973126173,26.0,37.911390857294116,90.2049000316848,0.0,0.0
3115,-79.87352562849992,-5.346500998999915,2.0928773364489563,7.0,22.6482819964036,82.6637536997681,0.0,0.0
3116,-79.6452808969999,-5.96663734349994,0.7432496593169191,13.0,2.451038566734499,103.96579794649767,0.0,0.0
3117,-75.90158788299993,-11.412653646999928,8.618750190781112,0.0,6.348366360584022,19.764938761788777,0.0,0.0
3118,-76.18150919299993,-10.450513243499927,0.12523055014815287,35.0,34.37735359593684,128.25013567674432,0.0,0.0
3119,-79.03851985399993,-6.671859647499929,0.18243061496122748,51.0,48.43283775295051,73.44115259873668,0.0,0.0
3120,-77.55138584499991,-11.217416215999918,7.284031490024855,0.0,3.8458356211113105,0.35675416434945656,3451.0,9174.0
3121,-77.39165982649993,-10.144089883999925,1.1842973329277278,8.0,29.721131207815528,73.21844064317624,0.0,0.0
3122,-76.60583012249992,-9.854015718999932,1.9568047985653028,11.0,55.111433553966755,158.81164533228986,0.0,0.0
3123,-77.53278776799993,-11.075194727999929,0.56870681184117,9.0,13.456719823022125,6.551559362246683,0.0,1589.0
3124,-78.00880432099993,-8.404688834999945,2.583448067943007,4.0,90.73524540650686,72.9439067535478,0.0,0.0
3125,-78.89862300899992,-6.048218499999933,1.5868439522306548,19.0,41.85813270541775,132.34220379157898,0.0,0.0
3126,-76.22854925599992,-10.175168923499939,1.2259884960004734,33.0,5.15356948662635,155.52400734195623,0.0,0.0
3127,-78.04504278899992,-7.626691491999907,4.737800290335709,4.0,98.06182005131753,119.09901650334794,0.0,0.0
3128,-77.78407468399993,-9.087386549999934,0.8115816956736149,33.0,72.80495520165609,71.03538821028096,0.0,0.0
3129,-78.60165290549992,-7.055982298999936,2.396439414509846,3.0,98.58611886462421,109.61210286779684,0.0,0.0
3130,-72.20629299299992,-13.56398965699995,4.069137430429163,2.0,98.63578217926626,304.2903826756793,0.0,0.0
3131,-78.40728566449994,-8.008285228999938,3.4407638236798244,1.0,47.570059846783316,61.2531348104686,0.0,0.0
3132,-78.58473491699993,-6.752694129999924,0.9873279283268586,8.0,98.58277827842758,116.9998785221875,0.0,0.0
3133,-70.35517482849994,-16.515491476499932,1.5655924059119986,4.0,46.49925050849561,82.87235230007708,0.0,0.0
3134,-78.34431295999994,-7.0889804754999375,0.881563830456519,4.0,117.55473916248273,124.11949908687404,0.0,0.0
3135,-78.02995491049992,-8.451692580999918,2.0296532732663803,14.0,85.1913211748053,68.87761230247008,0.0,0.0
3136,-79.04359163449993,-7.72678210199993,1.6352500975652786,8.0,19.275565663310726,20.692588573915934,0.0,0.0
3137,-75.5372857234999,-10.106558866999933,0.8458282603948529,9.0,72.2108585498771,170.33967529689087,0.0,0.0
3138,-78.6755381184999,-7.072822079999952,1.4431335371564709,6.0,90.23666115994976,103.92043654059599,0.0,0.0
3139,-76.99558440049992,-9.87052880999994,1.0531716722148017,10.0,44.81042581690293,124.7709089315411,0.0,0.0
3140,-71.61643079449993,-16.416440794499948,2.5151749596798965,6.0,6.142545173980887,17.657968209274774,0.0,0.0
3141,-77.90089353699992,-8.661679287999931,0.8572852334465436,15.0,80.09079564278956,79.05262769917897,0.0,0.0
3142,-70.01317514299993,-15.951952785999936,8.707557424138287,0.0,40.52982977857595,14.51809286045748,0.0,0.0
3143,-78.02169519599991,-4.888146089999935,6.814171618357024,0.0,100.95894138423076,291.87021832891037,0.0,0.0
3144,-78.55958345999991,-6.643799806999937,5.172327421239566,1.0,100.5996589678669,123.0892393846041,0.0,0.0
3145,-75.32570309299993,-13.341138882499934,0.09434058869952246,14.0,39.38773664521299,94.68094889389046,0.0,0.0
3146,-73.42423851349992,-13.908913463999937,12.967711199282585,0.0,40.52207837253061,201.86790255181393,0.0,0.0
3147,-73.63414818749993,-14.44430384599994,16.628505848909317,0.0,73.28586048262106,161.62294103838036,0.0,0.0
3148,-75.45814586299991,-13.744796210999937,1.6628360743442263,13.0,19.643644526552638,76.3777172157676,0.0,0.0
3149,-78.03752310799993,-7.651279879499924,4.668778110872357,3.0,97.60214431681557,117.49437580031686,0.0,0.0
3150,-79.0201659889999,-6.661860898999947,0.7011802263518064,51.0,50.542048946222366,75.75246224143658,0.0,0.0
3151,-78.7234268979999,-7.088451065499953,2.0701196659251,12.0,84.67605641468045,98.76082525976196,0.0,0.0
3152,-73.35559823049991,-13.703832179499926,3.905780099500372,4.0,40.039626004720965,219.15723074385798,0.0,0.0
3153,-78.26275836849993,-7.245181638499929,0.38733837724767434,5.0,107.53005271202967,119.212686125041,0.0,0.0
3154,-77.66629054849992,-4.607793792499933,12.080709575765267,0.0,121.3423312870737,336.8054831241372,0.0,0.0
3155,-73.56874985549993,-14.37011887549994,18.6945308334674,0.0,76.19259774836253,170.13977858029546,0.0,0.0
3156,-72.66422694899993,-14.090397116999952,2.031979920464282,6.0,46.279972508402906,262.61521850770174,0.0,0.0
3157,-78.85419821199994,-6.465284511999954,0.4998167901218876,15.0,73.7161154121815,103.03213852923444,0.0,0.0
3158,-76.78662459449993,-9.765548603499923,0.8132442710633115,15.0,68.83323721260298,149.39811242010194,0.0,0.0
3159,-78.14930031999992,-8.498977084499955,0.5355824202535132,24.0,73.20348535613556,54.75098339621278,0.0,0.0
3160,-75.34958888499992,-13.613172985999938,1.1656939846030097,16.0,23.72971438178808,87.62545309196257,0.0,0.0
3161,-78.52929954249993,-6.675456872999945,1.6230997719687508,10.0,102.42609471696828,125.18455595242419,0.0,0.0
3162,-75.31151952299993,-13.26983217299994,0.3815861249351126,17.0,41.96130941424858,98.80930198778303,0.0,0.0
3163,-72.24355968599994,-13.828261611499926,2.255492779626228,1.0,87.36075354655057,276.3100940209287,0.0,0.0
3164,-76.88782126049992,-11.325342736999943,0.31241909626459097,39.0,15.677563839523069,28.136129260710906,0.0,0.0
3165,-70.34276762849993,-16.449179110499927,0.9677937328213064,1.0,50.976499888999136,76.35288901337286,0.0,0.0
3166,-76.27145661299994,-9.93292596549992,0.6097900537220126,97.0,24.638811245526085,179.91420769361403,0.0,0.0
3167,-80.33557600899991,-4.912443806499937,2.2227741775410177,2.0,23.517943848028768,39.42694617937241,0.0,0.0
3168,-78.59914627299992,-6.59836285399993,1.6352513209571322,8.0,95.16738340650234,120.75979154428717,0.0,0.0
3169,-79.63204056499993,-6.960068101999923,1.672595996651327,14.0,4.633341170246681,4.28779139629657,0.0,3486.0
3170,-78.12852010999993,-7.896888882499923,2.742864883501048,3.0,79.53411906433116,90.55808360338351,0.0,0.0
3171,-72.23400291149994,-14.098722311999921,1.0736062611750048,4.0,90.4831532234693,246.79438776932432,0.0,0.0
3172,-72.34585207699993,-13.717843147999929,0.29356424384930724,15.0,78.73939411380391,290.80881965764837,0.0,0.0
3173,-78.21890480449991,-8.595850401499945,2.158452165153887,14.0,59.999841875926904,44.66391631555791,0.0,0.0
3174,-77.01912619449993,-9.302848960499915,0.19772976086396005,34.0,76.57269954278851,139.87913744610552,0.0,0.0
3175,-77.20302095549991,-11.549157596999947,1.2015333111388724,4.0,22.06130022985283,5.566391511425251,0.0,13242.0
3176,-76.5947804569999,-10.615885454999926,1.518316738695295,11.0,68.4309811773315,98.49273076771797,0.0,0.0
3177,-77.50329739299994,-4.591471293499922,10.172489760690064,0.0,123.5393754758604,354.79085305982125,0.0,0.0
3178,-80.28360956249995,-4.825220945499922,10.935003729887702,0.0,31.580628693268945,46.60328847639218,0.0,0.0
3179,-77.9856165674999,-7.754276701999913,5.021128118480219,3.0,98.71218637940669,112.90143097431324,0.0,0.0
3180,-80.89527701799992,-5.13122653949992,21.11218160738521,0.0,15.330777084909581,21.129597591566565,0.0,0.0
3181,-74.87224239649993,-12.855254894499922,1.492634441158219,2.0,58.28541493722533,111.72407696146549,0.0,0.0
3182,-76.92874679749994,-11.339565417499955,0.40458613869348486,41.0,10.948811152667384,30.649707501477547,0.0,0.0
3183,-75.37608963399992,-13.648502465999911,3.730177641005702,14.0,21.40553994022445,84.92077281279896,0.0,0.0
3184,-75.51092486899992,-9.852637571999935,2.786772024549572,2.0,81.61493788554701,198.3753082712335,0.0,0.0
3185,-76.56177012549992,-9.86582764499994,0.8605408004942171,8.0,50.44922328244596,162.05201885832363,0.0,0.0
3186,-72.31106384599991,-13.766010057999921,0.24107483745141628,11.0,81.16299218287797,284.70668066416886,0.0,0.0
3187,-75.70648006349992,-14.03344717449994,0.8043983245303274,6.0,24.36188170035564,54.64289495638074,0.0,0.0
3188,-79.47580739649993,-5.756877640999932,0.4171914436658003,19.0,29.10222224330976,130.92991461758197,0.0,0.0
3189,-75.12338076999993,-13.224368848499921,1.4103485328001275,3.0,26.06080954399979,119.62635434630076,0.0,0.0
3190,-77.14924640849992,-10.082146674999933,0.7258581203951079,28.0,36.07910701767372,96.32815729633333,0.0,0.0
3191,-75.45341592899993,-11.179009289999925,1.9369442225381206,17.0,5.792318414140535,68.32688990472651,0.0,0.0
3192,-74.94033367049994,-13.373645328999942,0.7355316702773411,14.0,0.22726013350852478,130.69402463186657,0.0,0.0
3193,-75.93891724999995,-12.839559024999943,0.32457263446975987,19.0,45.77577823053093,58.52143703255674,0.0,0.0
3194,-74.75950218449992,-13.354519858999936,0.20826046686462826,6.0,19.576513658989672,140.61006543588522,0.0,0.0
3195,-75.68843321999992,-13.628764896999911,0.5940459022482106,9.0,13.181219217524406,51.09782413165906,0.0,0.0
3196,-75.37139826749993,-9.661058535999956,8.959952615404365,0.0,104.95143530867115,222.97262850810887,0.0,0.0
3197,-76.94853028549991,-9.893165489999944,0.5122619342856167,17.0,49.98933144066382,126.73162067230382,0.0,0.0
3198,-72.71240728799992,-14.103425935499956,3.1266486316673023,5.0,42.41295017900823,263.4189969496089,0.0,0.0
3199,-69.58638000399995,-17.543197409499925,11.515607936511133,0.0,95.331879413192,150.20299306479902,0.0,0.0
3200,-75.33928494349993,-13.356339721499921,0.16826122687172104,13.0,37.148329416013446,92.77435836390086,0.0,0.0
3201,-78.14277501149991,-6.8729843459999245,3.930287599188545,10.0,106.14665513682573,156.8524761673712,0.0,0.0
3202,-79.42776382199992,-5.196182856499945,2.1566211450177057,16.0,37.98511246893249,132.8183658479965,0.0,0.0
3203,-72.35852433499994,-13.753596458999937,0.7051195408333002,16.0,76.43660708660948,287.29715822380444,0.0,0.0
3204,-79.24127623449994,-6.606359965499934,0.5535642034097575,28.0,28.02867536901572,60.320070273957505,0.0,0.0
3205,-80.03859188549993,-5.255023691999924,5.372581573053309,3.0,20.64534946907368,64.87358362188378,0.0,0.0
3206,-77.84649649899993,-7.580538492499954,2.6033199971535255,4.0,120.0127654393934,137.41453262811052,0.0,0.0
3207,-76.41812038449993,-11.866724967999943,0.4970049106505636,83.0,18.59602900443692,4.4325617723297075,0.0,2811.0
3208,-70.84962344349992,-17.07586367549993,0.6456111964577835,32.0,15.231130485555306,33.10880129699406,0.0,0.0
3209,-74.77314989549993,-11.435808249499928,0.06746467523991201,10.0,76.35788949437043,80.2916736800002,0.0,0.0
3210,-78.34421282399992,-7.0949037469999325,1.4308075449248119,5.0,116.97660597571274,123.65160978457278,0.0,0.0
3211,-71.88350090499992,-14.510023351999934,0.5040882971346157,4.0,91.2854911407159,195.02557600314614,0.0,0.0
3212,-74.6045305449999,-13.34907309399992,2.010961187540981,12.0,36.32246661868659,149.61287444815827,0.0,0.0
3213,-75.14112889449993,-13.502636814499937,9.556529709502128,0.0,26.024799124448823,110.73772228079135,0.0,0.0
3214,-75.31187015949993,-13.599243795499945,0.24103961120178669,15.0,27.795259144663063,91.68991760892332,0.0,0.0
3215,-74.28226269799993,-13.21607914349994,0.31342405067217266,26.0,1.1864179828950219,180.51850494402456,0.0,0.0
3216,-75.21134237749993,-13.243884576499937,0.6848425728856177,2.0,32.87842403349244,109.95528244687591,0.0,0.0
3217,-71.38881685249993,-16.40999494649995,0.4107264126210117,9.0,30.379247481532705,35.69804830029371,0.0,0.0
3218,-77.17131876749991,-9.356425764999926,0.6503525201347354,17.0,63.293011070194986,122.25179357716411,0.0,0.0
3219,-77.12216582749994,-11.822589257999937,0.4974661838674632,28.0,8.659886181067519,7.103714288953239,0.0,2421.0
3220,-69.17372312649994,-12.575770234499942,1.4216354548539665,18.0,30.651519527302444,346.5150905139631,0.0,0.0
3221,-75.41467886099991,-13.710800407499931,0.3068793075090435,13.0,20.421106875250008,82.73408044995476,0.0,0.0
3222,-76.90034918299995,-9.86772666449994,0.3215788558756945,8.0,55.24735084958959,132.53553428149846,0.0,0.0
3223,-78.80314425699993,-8.017300194499938,2.5670721362444002,9.0,4.04991701503754,27.0353130943848,0.0,0.0
3224,-76.65155245499992,-9.780315674999912,1.266292512810439,4.0,64.06037734199624,159.65419600716172,0.0,0.0
3225,-77.16549147149993,-9.45722822299993,0.6743366761461204,12.0,53.54083979212531,120.8566776033423,0.0,0.0
3226,-76.70340541649995,-9.689645595999934,0.27027310977595176,11.0,74.93571951447103,161.82396228230368,0.0,0.0
3227,-78.25883714399993,-9.734528829999931,15.200479644604322,0.0,21.471392301892717,14.65884572144602,0.0,0.0
3228,-76.75399474049993,-9.684052176999927,1.1626989146086175,10.0,74.45194129463377,158.1911129108978,0.0,0.0
3229,-79.4191879249999,-7.481464201999927,2.0596105785771064,1.0,20.158807913673765,56.479647761242525,0.0,0.0
3230,-70.3005294239999,-16.38377444349993,7.153500426449007,0.0,54.306378982041174,67.92311347482915,0.0,0.0
3231,-78.70400935699993,-6.544468879499931,1.2543992779220818,5.0,87.05369270483251,112.68453984147884,0.0,0.0
3232,-75.33604956699992,-13.608510673499921,0.1461770848004278,15.0,25.17821570182683,89.08151826161769,0.0,0.0
3233,-75.29363648649993,-11.877785468499923,0.2969080368581224,14.0,33.728951690658796,7.694435730510473,0.0,3168.0
3234,-71.87164695049992,-16.630183278499942,3.1184102586301146,1.0,31.033338757115185,3.2889102663736662,0.0,28.0
3235,-76.00785189399991,-11.018152101999931,11.137778034961173,0.0,48.261394709707915,62.9964047699262,0.0,0.0
3236,-79.26068396699995,-6.796734443999924,0.45505797072282667,24.0,25.998256979160704,45.25349224017244,0.0,0.0
3237,-77.18558537549993,-9.44067182449993,1.4836367827078267,16.0,54.14188925576431,118.94062452156182,0.0,0.0
3238,-77.13216614649991,-12.03546853949993,0.5848726946983388,8.0,32.029606431035326,29.67357972534028,0.0,0.0
3239,-72.34072619449992,-13.774149068499923,0.6234194046929233,13.0,77.84541393211087,284.60405375253623,0.0,0.0
3240,-77.63196320649993,-8.554386588999932,0.43909370571414374,37.0,111.58341244392331,109.25837742239065,0.0,0.0
3241,-77.83343238299992,-8.885804543499944,0.7999599343075573,17.0,77.08725508473087,77.35944490644708,0.0,0.0
3242,-78.62209075099994,-8.965982304499931,5.304323493907704,0.0,14.890296840909315,17.015906594284246,0.0,0.0
3243,-78.13481302699992,-4.7693017719999204,1.8483818288896192,6.0,118.53016639565067,282.14331389265817,0.0,0.0
3244,-75.3543157574999,-13.623405456999933,2.2015853473794516,14.0,23.29235164937097,87.14117179099479,0.0,0.0
3245,-78.19503947399991,-8.145275419499939,2.938248734390185,3.0,72.1277959793986,67.55895764615455,0.0,0.0
3246,-77.31860322399993,-11.244274267499918,2.8066540894350247,4.0,28.353784798395345,19.493384617389875,0.0,0.0
3247,-76.21463073299992,-10.694819583999958,0.3878485295197659,11.0,61.54014226924864,102.6482702283845,0.0,0.0
3248,-79.5288799139999,-7.388773458499941,0.8310762915905963,6.0,12.094097084594813,43.933263859246445,0.0,0.0
3249,-72.59591718949991,-14.069417837999936,1.963956712305869,14.0,52.132917043281736,261.91850776509574,0.0,0.0
3250,-79.5870910399999,-5.934776006999954,0.43325233613374936,17.0,7.767107839121076,108.69680311004306,0.0,0.0
3251,-77.43295897849993,-9.789203079999908,0.41775717346942604,16.0,10.256830590596767,85.00828224813537,0.0,0.0
3252,-76.43807606649992,-13.052856280999947,2.5105052978466644,1.0,16.477336168990856,4.001941147250169,0.0,6640.0
3253,-77.47390087199994,-9.516007948499947,0.6690897513393108,42.0,40.864668139119274,86.48117270125894,0.0,0.0
3254,-75.29062124749993,-13.58807936249994,0.7330711097403892,16.0,30.14284001976138,93.99613649985909,0.0,0.0
3255,-75.92978562949992,-12.76024674599995,1.998379750945994,18.0,52.01951175206496,64.11173224149316,0.0,0.0
3256,-75.3716233449999,-13.608920601499932,0.5936498243462477,14.0,21.335153364238327,85.2376872905798,0.0,0.0
3257,-76.10362133699991,-13.681608927999918,1.455555647549461,2.0,34.433749812819556,6.749738228199603,0.0,1817.0
3258,-74.30175218999992,-13.24128042749993,2.6444976185185296,11.0,4.638271115963094,178.7664436919401,0.0,0.0
3259,-78.65734291649991,-6.8824468404999095,3.4386068690569553,1.0,92.58841861726133,106.46107554897429,0.0,0.0
3260,-77.82091569749994,-8.99671626299994,1.1686519877104244,29.0,73.00604545583495,71.97683220260056,0.0,0.0
3261,-78.27196185749992,-9.611827191499941,14.940571010031004,0.0,35.1538307075495,1.854914361244046,6.0,186.0
3262,-74.38625469149991,-12.74269356849993,0.3292894523562993,17.0,53.425260549182234,134.84876363075782,0.0,0.0
3263,-78.55904511999992,-7.9545175094999365,2.287734843285851,9.0,31.820003469418857,52.50202294224309,0.0,0.0
3264,-78.02358797799994,-7.695222556999937,1.8341707025078546,5.0,97.03539235442535,114.78466142814693,0.0,0.0
3265,-77.35241539599994,-11.380350074999939,5.305448977379125,1.0,32.02148741788163,4.204982516475693,0.0,10296.0
3266,-78.58581520799993,-6.745638948999925,0.4267048231390883,8.0,98.4227453735222,117.07399371429801,0.0,0.0
3267,-78.29219919649992,-8.091918053499938,10.323020729351091,0.0,60.647168871982466,62.56697532758461,0.0,0.0
3268,-76.1533773244999,-13.834036535999928,1.2668887187817752,1.0,28.777832790700085,9.870109601480376,0.0,139.0
3269,-78.55484319499993,-6.709562308499926,1.011321301701917,15.0,101.73132067514086,121.41210244597433,0.0,0.0
3270,-73.80203199999991,-15.648423499999922,2.292826743053244,2.0,68.8421822883516,161.99223680499296,0.0,0.0
3271,-70.14153935999994,-15.490108140499927,4.485746518201362,1.0,55.129310025229664,8.54502436082198,0.0,954.0
3272,-75.47938823649994,-9.682949065999935,15.038486975752758,0.0,93.61169478604447,217.52020125958302,0.0,0.0
3273,-76.94463624149992,-9.153826466499936,0.42173162069885317,21.0,94.9329630241513,151.92510949038126,0.0,0.0
3274,-76.85545533849992,-10.74350283499993,0.18985630942486315,29.0,71.7791022259943,85.4302467196288,0.0,0.0
3275,-76.35338467799994,-9.911967023499926,1.0765739067907345,89.0,30.812575453161486,177.9967750013027,0.0,0.0
3276,-72.26359017299993,-13.648839813999928,2.204241812715719,5.0,89.49572629887481,296.262187881165,0.0,0.0
3277,-77.18725086749993,-11.707304293999925,0.3061311014566721,10.0,4.752577216268702,2.41596465102414,0.0,2438.0
3278,-72.20464907299993,-13.858904202999923,5.115425465643782,1.0,91.27652385600403,272.0909089689692,0.0,0.0
3279,-78.16347417949993,-8.498733091999952,0.9124990092534212,23.0,72.38163177451894,53.28930529757353,0.0,0.0
3280,-72.27104512949992,-13.254604710999928,2.43110139641524,11.0,110.97248993229204,339.3943779789977,0.0,0.0
3281,-71.77354690599992,-17.10346990049993,2.215573761232326,6.0,18.12301807596854,51.6537968465989,0.0,0.0
3282,-74.29844900299992,-11.134515510499938,1.4003378651374048,4.0,121.24242555104851,141.91200421438572,0.0,0.0
3283,-74.30353966449994,-11.104343067999935,3.46356029496358,2.0,120.7863010077693,143.38715405148838,0.0,0.0
3284,-74.31804099949991,-11.075137257999927,6.491744863372411,0.0,119.3924107899834,144.04243533844667,0.0,0.0
3285,-74.31711164349991,-11.053316430499933,8.912266982564374,0.0,119.69041466934041,145.6001021898234,0.0,0.0
3286,-74.17279011699992,-10.968400069999916,21.498213970050706,0.0,136.47263282530528,163.84593355845425,0.0,0.0
3287,-74.30849829849993,-11.032753063999934,11.217113091839408,0.0,120.85494270198957,147.7509598838834,0.0,0.0
3288,-73.93030569599992,-10.897243307499934,25.437611702875085,0.0,163.87889863267642,189.97263386767938,0.0,0.0
3289,-73.77609446799994,-10.814148807999914,7.716743704846222,0.0,182.17390791333952,209.10078787604442,0.0,0.0
3290,-79.24133900549992,-6.591343740499923,0.624725982577273,33.0,28.69900259112026,61.54586596697899,0.0,0.0
3291,-79.23142567149995,-6.570596739499933,0.8377916270869967,29.0,30.721319770414993,63.997189864031526,0.0,0.0
3292,-79.15396122499993,-6.498126314999951,0.2513365933253684,29.0,42.19213452276325,75.70802142066785,0.0,0.0
3293,-79.13033459199991,-6.506222989999941,0.8669665404933384,26.0,43.961244815145974,76.83472731186563,0.0,0.0
3294,-79.08063586449992,-6.491689578999939,1.0385264041279452,13.0,49.54816411532221,81.86143274446128,0.0,0.0
3295,-78.90709504049991,-6.489803254999941,0.5092594687870707,21.0,67.13167603054215,96.69809282019587,0.0,0.0
3296,-79.02879409499994,-6.461609711999955,2.446721003844135,2.0,56.17717015013422,88.31902512177247,0.0,0.0
3297,-78.97383195349994,-6.463267438999935,1.0518536088856782,6.0,61.50393554066341,92.7341077853436,0.0,0.0
3298,-78.92218274049992,-6.4846567464999225,1.2591647305751192,17.0,65.78277519937394,95.70161551502034,0.0,0.0
3299,-73.79189756749992,-12.61358266049993,1.3568415782549088,13.0,84.39313861592976,182.48780958858796,0.0,0.0
3300,-73.93803977949995,-12.332818030999931,3.74549656429266,3.0,104.11705158543307,156.93964144413215,0.0,0.0
3301,-74.44763687849994,-11.50657531999994,4.2319511538253565,2.0,110.83067922902661,107.38460371239613,0.0,0.0
3302,-74.50844618499994,-11.383106588499913,4.476548486343795,2.0,101.65265223693278,107.83541791742871,0.0,0.0
3303,-74.48642372849994,-11.434368690499923,0.27248039035780397,2.0,105.53607444112906,107.32338965894779,0.0,0.0
3304,-74.94238986249994,-14.838434378499926,1.9293601634960258,3.0,7.089491991749975,24.450996779602644,0.0,0.0
3305,-76.22015311699994,-13.71849855499994,4.246919954741661,3.0,36.90349108865458,6.2607845080860764,0.0,1528.0
3306,-76.1865198879999,-10.582588662999939,0.14708008896915928,20.0,49.03786011609238,113.9901412937314,0.0,0.0
3307,-76.24035066349992,-9.999586478499936,0.15408758179655874,43.0,16.52925877646053,173.7086740398106,0.0,0.0
3308,-76.09659141199992,-9.727161413499942,1.5393135944414589,10.0,47.36080188312364,206.8642227690434,0.0,0.0
3309,-76.88307751849993,-12.01389046649993,0.5780692672662302,92.0,34.59516346508191,26.89134982555279,0.0,0.0
3310,-77.92977315999994,-6.047805914499918,0.6618916946120814,20.0,14.156334701782962,214.25080626126916,0.0,0.0
3311,-77.5969650774999,-8.647832310999945,2.358858814457003,13.0,110.3416638436339,112.47187612655031,0.0,0.0
3312,-77.19691604649992,-9.256372849999934,3.3798916645283716,1.0,72.6809806339464,122.16054252690223,0.0,0.0
3313,-77.26846743699994,-9.141185001499935,1.927174188484804,17.0,83.18075864277694,118.8435796586127,0.0,0.0
3314,-77.33396044849994,-9.089196731999948,0.3767192961867348,38.0,87.9529925547835,114.66276180418903,0.0,0.0
3315,-77.36590588549993,-9.02753073249994,0.6767882961443236,50.0,94.56345164007563,114.81261230221034,0.0,0.0
3316,-77.37139790349991,-8.948337098999929,2.5137767932876325,31.0,103.3383191276384,118.97464209969948,0.0,0.0
3317,-77.37422486949993,-8.854095011499936,0.7608674662932018,37.0,113.80217478525365,122.73790822065675,0.0,0.0
3318,-77.41221876099993,-8.839206210499924,1.170344551174494,32.0,115.41204278196143,119.73903614269315,0.0,0.0
3319,-77.49633110799991,-8.776591993999943,0.962549592389189,12.0,116.03984876027936,115.18367679478175,0.0,0.0
3320,-77.5341910594999,-8.717967200999936,0.6173700501036826,17.0,113.9219361886625,115.10757974771471,0.0,0.0
3321,-75.00106024399992,-9.381231378999956,3.6483812416556143,1.0,155.87499740635016,266.0724423456149,0.0,0.0
3322,-77.11952337049993,-11.915407040999952,2.4399842550652058,35.0,18.840554947470274,16.741600540833193,0.0,0.0
3323,-77.11665297449991,-12.030242807499945,0.5294019159134187,8.0,31.562049737713043,29.313485011384866,0.0,0.0
3324,-73.84528328399992,-12.555759846999933,2.615381392000689,9.0,86.2978489425438,174.62865753690463,0.0,0.0
3325,-73.88400283599992,-12.460625880499919,0.06273439087862674,9.0,93.42471514062157,166.87607955093566,0.0,0.0
3326,-73.92385420049993,-12.396300784499942,1.6256784007064489,9.0,98.11436669487595,160.46269648209451,0.0,0.0
3327,-73.96031858649994,-12.357704649999931,0.07106908458635544,2.0,100.68854752054597,155.39591249108918,0.0,0.0
3328,-74.00202555249993,-12.307576856499907,4.806809053029582,1.0,104.59467119531558,149.49018435476617,0.0,0.0
3329,-74.92478658149992,-12.534788386999935,0.9978055610483128,16.0,50.977548799340774,78.04811113870963,0.0,0.0
3330,-74.45038105449993,-12.903300965999932,2.5452928962574672,5.0,39.172595565946544,142.2713339757318,0.0,0.0
3331,-74.41803777549993,-12.902463650499925,2.362222004859821,7.0,37.66339647559384,144.58754270076602,0.0,0.0
3332,-74.37287017399993,-12.864847117999915,1.0383314766238212,28.0,39.90815366100319,145.05396369713026,0.0,0.0
3333,-74.56837058449992,-12.841790424999942,1.049868161168721,6.0,51.98941760665562,128.6950089812472,0.0,0.0
3334,-74.55612707999992,-12.846646087999943,0.3292303787785031,9.0,50.75241210706823,129.96516956117426,0.0,0.0
3335,-74.50391713049993,-12.87082889149994,2.1715615593429023,11.0,45.28323732149395,135.70730886363523,0.0,0.0
3336,-74.6063122619999,-12.788599480999949,4.161799555935799,4.0,59.18457321638745,121.52325652097556,0.0,0.0
3337,-74.66937271549992,-12.71156419399992,1.752222226531812,6.0,70.14424339678973,110.56820343438149,0.0,0.0
3338,-74.64858413999991,-12.726549839499938,1.2954362053488186,5.0,67.45106416232285,113.30270893035302,0.0,0.0
3339,-74.75929770799993,-12.640002191499917,4.358570827438014,1.0,71.52109539648855,98.20294274316264,0.0,0.0
3340,-74.71226970999993,-12.676311792999911,1.7783277507892932,5.0,76.10235055848578,104.5681269424563,0.0,0.0
3341,-74.79776819399993,-12.606763040499914,5.247475730543871,2.0,65.97308468110748,92.70331206617962,0.0,0.0
3342,-74.90735689749991,-12.538967167999942,0.8888453028020925,15.0,52.50549059744303,79.51286251576357,0.0,0.0
3343,-74.85554031899991,-12.559870510499934,1.626385632061439,11.0,57.90247612955592,84.72875678846906,0.0,0.0
3344,-72.84894738049994,-13.533512750999932,2.962460641226875,10.0,46.71692706068566,276.1971814407295,0.0,0.0
3345,-76.63214778899993,-12.639448165999937,1.3960681219236724,9.0,15.26312258888721,2.166967928986484,0.0,4528.0
3346,-76.58727253349991,-12.579277658499933,2.3345354907912155,2.0,15.411804873003614,7.023129645939131,0.0,2789.0
3347,-76.53194105149993,-12.525206958999917,0.3152796109851309,7.0,20.561956972684982,15.231978115106843,0.0,0.0
3348,-76.49865055099994,-12.523538589499935,0.6130994849667164,12.0,24.180273638646412,17.684134157695283,0.0,0.0
3349,-76.50925134249994,-12.524588358499926,1.7690632295962765,10.0,23.025584044581695,16.81469329633792,0.0,0.0
3350,-76.48247051249993,-12.519299506999943,0.08361461791934947,11.0,25.958963128175714,19.268932494484062,0.0,0.0
3351,-76.41656494149993,-12.436799049499939,0.4528170942413396,13.0,34.765858819609356,30.813612563385348,0.0,0.0
3352,-76.34810447699994,-12.351198196499922,0.17992603533701607,15.0,45.28484478636148,42.850836583333106,0.0,0.0
3353,-76.28999992649992,-12.32124287049993,1.2311051398907484,20.0,52.42015708949582,49.60975216563411,0.0,0.0
3354,-76.23238660249993,-12.184290887499913,1.0693720308229642,27.0,48.72942099237978,40.71888141234212,0.0,0.0
3355,-76.20573816749993,-12.137295726499929,0.3270301532561097,17.0,48.10521068700207,37.99240543107291,0.0,0.0
3356,-76.15060005349994,-12.058661052499929,8.767588221552915,0.0,49.794119547033205,34.574197994443885,0.0,0.0
3357,-76.10820327149995,-11.965358134999917,0.6493574168595109,6.0,48.26790189086654,30.888634881978614,0.0,0.0
3358,-76.10253250449995,-11.923168869999927,0.39367239181415226,7.0,44.29930923808684,28.184642236426775,0.0,0.0
3359,-76.18223119799993,-11.827122612999943,1.5681643278655493,11.0,44.33094505812166,15.04381006921535,0.0,0.0
3360,-80.64726109199992,-5.190217004499942,2.6372430672200826,2.0,11.496688794124521,5.0644960931763405,0.0,2698.0
3361,-70.2848408239999,-18.047532689499945,5.220799958238872,0.0,35.992947041229634,101.19218733243017,0.0,0.0
3362,-70.91936918999994,-17.97829790849994,3.2844264491390534,1.0,20.926164629427184,39.15908507112316,0.0,0.0
3363,-71.34152218749992,-17.64642016499991,2.6320626922245136,2.0,12.901317974322028,7.701583826922935,0.0,13.0
3364,-71.23943883299992,-17.754068790499957,3.0881222555690524,1.0,10.479644829391138,3.317782375570718,0.0,122.0
3365,-71.33928358749992,-17.626809787999946,0.4612007732713908,2.0,13.134769278300897,8.233879975050252,0.0,38.0
3366,-71.86732425599993,-17.132599558999914,5.0944819386955205,0.0,25.37778307860071,53.39163306870201,0.0,0.0
3367,-71.78743557099992,-17.13356714799994,2.4300185236181644,4.0,17.82620679365735,54.58395566539501,0.0,0.0
3368,-71.82327126999994,-17.144909596999923,1.0873496108042116,3.0,20.54385162991411,55.18433434817726,0.0,0.0
3369,-72.00745281349992,-17.020421342999953,3.350014282712289,3.0,8.515860980065641,42.65380590204392,0.0,0.0
3370,-71.95171402949993,-17.068035104499955,4.607167016142715,1.0,16.357672087927416,46.57914321430437,0.0,0.0
3371,-72.48163283649993,-16.693612584999926,2.308024187943104,2.0,11.414090632374043,19.73396984771741,0.0,0.0
3372,-75.99433512899992,-11.294793362499945,11.126706698866398,0.0,17.801460606030272,32.25492313248013,0.0,0.0
3373,-76.12470118149992,-11.264019519499925,3.58236188895548,1.0,28.162557966185286,39.86921977049789,0.0,0.0
3374,-76.19772748299991,-11.23069389099993,2.6147720173339906,3.0,36.46956043046568,46.802040756890555,0.0,0.0
3375,-77.03203857449992,-11.877103955499933,1.3232029785387605,77.0,18.846625297063948,18.103864009212916,0.0,0.0
3376,-75.20229304299991,-14.587483363999922,5.715277749662208,0.0,32.637671540747526,13.222049611507924,0.0,0.0
3377,-70.20745091999993,-17.984610583499915,1.2965226487161774,12.0,38.95327834316665,104.73459942473212,0.0,0.0
3378,-76.96287672599993,-11.733267413999926,0.6892901295632282,21.0,19.761909331224558,18.89229303901903,0.0,0.0
3379,-76.87577130099993,-10.813551661999924,0.43511852305467125,45.0,63.68136066001632,78.33908765997178,0.0,0.0
3380,-74.87070014349993,-12.392500019999943,0.7789480170525966,6.0,44.27560058370921,69.711983902448,0.0,0.0
3381,-72.20982318049994,-14.072629173499934,1.5707744119569853,3.0,92.39989157277117,249.00778592293693,0.0,0.0
3382,-77.85038055549992,-7.674845931499931,0.39251326661371033,6.0,115.66808944485366,129.7756090467078,0.0,0.0
3383,-77.36636369099992,-8.344505563999945,1.6268543660943275,2.0,148.62745650456367,142.25078535005272,0.0,0.0
3384,-78.81539501749992,-7.115147848999925,0.19608461090048968,29.0,74.1029387763637,89.02963329731618,0.0,0.0
3385,-76.86855984649992,-8.658729636999936,12.097280070895161,0.0,147.69638695997543,182.28790067880567,0.0,0.0
3386,-77.44978542049992,-8.82638149549993,0.5307069172756721,27.0,116.940272712992,116.76565473558298,0.0,0.0
3387,-73.97416898449993,-15.806390231999927,6.6349355038371725,0.0,62.625894416936475,166.96757590673386,0.0,0.0
3388,-71.01403086999991,-15.770310286999944,10.968603197537497,0.0,43.8433295851699,69.97590657510057,0.0,0.0
3389,-73.25122399999992,-3.697721999999942,0.6658696645173887,19.0,443.94517592868476,794.4573396616981,0.0,0.0
3390,-70.27163564749995,-14.392000020999944,0.3316258724638518,6.0,18.174069653144954,130.9224368550599,0.0,0.0
3391,-70.26498122799993,-14.429060318999944,1.6667594383228719,7.0,14.26485069221432,126.74235343767013,0.0,0.0
3392,-70.19623239199993,-15.036548720499951,6.857514429853864,0.0,41.122452735597946,58.8423814656187,0.0,0.0
3393,-70.4831901359999,-13.820156014999952,1.434187031854952,6.0,28.1015423259737,197.51438695541663,0.0,0.0
3394,-70.33210569499994,-14.590878152499954,1.251979813174281,10.0,5.637063653022332,110.30913735423034,0.0,0.0
3395,-70.22438911499992,-15.218049077499927,7.604825409859888,0.0,48.86553858257628,39.9500496401994,0.0,0.0
3396,-70.49902936599992,-13.903562512499946,1.769796410619429,13.0,19.7066579854652,188.8221007490796,0.0,0.0
3397,-70.25776853849993,-14.355327666999926,2.1377508146737725,6.0,22.444660434921456,134.7735146455869,0.0,0.0
3398,-70.47119808199992,-13.79313278199993,0.13527389738619205,11.0,30.832922633252334,200.19833172701837,0.0,0.0
3399,-70.47532322249992,-13.778166380499925,0.39456682462977954,12.0,32.5448762022813,201.91759144895735,0.0,0.0
3400,-70.46681058999991,-13.761373432999932,0.4017850226356273,16.0,34.27170657432096,203.5716472180163,0.0,0.0
3401,-70.35278534499994,-13.432621816999927,1.3490424986141316,8.0,6.668634933777424,237.87088304556,0.0,0.0
3402,-70.47301716299992,-13.798533332499943,0.620431558944221,10.0,30.268772808147116,199.64822652184117,0.0,0.0
3403,-70.40658586649994,-14.080446628999937,2.0684981826452056,4.0,2.8650609377778586,167.504291702807,0.0,0.0
3404,-70.34015982399993,-13.439945326999947,0.987690815954976,7.0,7.711692878504473,236.91248715404564,0.0,0.0
3405,-70.31617325399992,-13.401281330999922,0.5500773806044831,5.0,11.795644319514256,240.93019292960471,0.0,0.0
3406,-70.37830047699993,-13.429114130499926,0.2877645368687115,6.0,4.521510291988276,238.5817980406492,0.0,0.0
3407,-70.35458636649992,-13.433685111999921,1.2096331229632016,8.0,6.4431261583345245,237.77523340993758,0.0,0.0
3408,-70.31692420599992,-14.583607793499937,0.1960198216346223,9.0,3.9878445154665796,110.75116945955101,0.0,0.0
3409,-70.42666194299994,-14.069797129999927,0.5516478570280186,4.0,0.4040293518901812,169.09464321430647,0.0,0.0
3410,-70.38780307849993,-14.091346740999938,0.9960907155865066,3.0,5.225643967202707,165.93327989190297,0.0,0.0
3411,-70.51219754399995,-13.869458833999943,0.52830184640954,8.0,23.75478854714273,192.83684405343237,0.0,0.0
3412,-70.47779996549991,-13.805794939499947,0.24076610654591582,11.0,29.55794096511513,198.95983889343256,0.0,0.0
3413,-70.51126515099992,-13.868710427999957,0.4869215119992851,8.0,23.79446347475072,192.89515856747724,0.0,0.0
3414,-70.47070374049994,-13.794829255499934,0.2782070083172063,10.0,30.638526822591135,200.00288790885404,0.0,0.0
3415,-70.46535795449992,-13.75686798749993,0.49277821211031014,14.0,33.9734779416234,204.0337184993758,0.0,0.0
3416,-70.46387046549992,-13.75291398099992,0.1725286509614721,14.0,33.51234308213406,204.43516075991866,0.0,0.0
3417,-70.40793493049992,-13.448632402499925,1.127369642476164,9.0,0.8582154351855504,236.84636704950836,0.0,0.0
3418,-70.36796951349993,-13.427698135499924,0.3837370442628739,8.0,5.495545831831234,238.6034783170193,0.0,0.0
3419,-69.71167567299992,-14.498495060999943,3.0166582118932492,2.0,63.25388146074112,125.18396777708895,0.0,0.0
3420,-70.12497498499991,-14.33518269299995,4.915329746199061,2.0,30.519920849872605,136.02566128920216,0.0,0.0
3421,-69.84273023199992,-14.43008875299995,3.9535317466503836,2.0,50.75183981248333,128.57521542201485,0.0,0.0
3422,-69.53576978249993,-14.460421689999947,0.5747098717111429,16.0,82.55095975658331,136.52643823230574,0.0,0.0
3423,-69.80280157099992,-15.05798298399992,1.3710126239472706,2.0,77.21535788733492,64.37974322833321,0.0,0.0
3424,-69.66152709749994,-14.541646103499943,1.4429305890245285,3.0,68.36019979865749,122.66393809717634,0.0,0.0
3425,-69.53480119999992,-14.454271555499957,0.6865109335418026,16.0,82.74408493250691,137.18507284161916,0.0,0.0
3426,-69.80625534149993,-15.063653945499937,0.6394680801721689,2.0,77.4208191177452,63.64820391478357,0.0,0.0
3427,-69.53624439399994,-14.46733093249992,0.22277581240333297,16.0,82.40599019163973,135.81651716537556,0.0,0.0
3428,-69.82831362499991,-15.234515768499932,1.5252030411350643,7.0,85.93419053589543,46.64016884784977,0.0,0.0
3429,-69.85441326799992,-14.912091016999938,1.5154350619489054,6.0,62.04201940646837,76.71749209572404,0.0,0.0
3430,-69.3557314649999,-14.802553709999927,8.466072314998229,0.0,104.91596375197348,116.29714351385674,0.0,0.0
3431,-69.49149635749993,-14.682424487999924,5.658022928568985,0.0,87.79531454321264,117.56212041876509,0.0,0.0
3432,-69.40338407599992,-14.74499060699992,4.293300989879553,1.0,98.41383049504815,117.6745911554171,0.0,0.0
3433,-69.37952485399992,-15.031407133499926,7.188789138255867,0.0,111.99009978611582,97.39048664479073,0.0,0.0
3434,-69.63238595749993,-15.197679332499916,4.446438544077228,2.0,97.95407843186952,64.60651599481244,0.0,0.0
3435,-80.46142390149993,-5.979539720999952,19.218323074857967,0.0,78.10991628741341,74.40466034362078,0.0,0.0
3436,-79.93360574299993,-5.9661114314999395,2.4944781212766842,4.0,30.7545058222557,103.51511479806625,0.0,0.0
3437,-70.37163846649992,-16.53720919199992,1.1017810893126743,5.0,46.21737109371519,85.85516023856131,0.0,0.0
3438,-75.48343074899992,-11.77900646799992,0.7496879949268341,15.0,41.301973194960176,3.416242294934573,0.0,7720.0
3439,-75.6434607729999,-11.542062575499955,5.562588467383217,0.0,22.408325156166644,27.82771908184988,0.0,0.0
3440,-72.77183075999992,-13.866173226499939,1.4419800522349342,9.0,30.227296870362306,268.60417473489565,0.0,0.0
3441,-69.54935924399993,-14.672686768999938,2.8212091268813877,1.0,81.47808007310897,115.12519456981634,0.0,0.0
3442,-75.64420398349992,-9.780509323499928,6.887161392980282,0.0,72.5593381884396,203.22412921432394,0.0,0.0
3443,-77.57391872449995,-9.550272978499919,0.719945482907216,29.0,40.80691630379792,75.19863526309196,0.0,0.0
3444,-77.55047709449994,-9.530413118999945,0.08305113581577278,39.0,41.73533350625519,77.95965685703945,0.0,0.0
3445,-77.79700983149993,-9.547353463499917,0.6652620492231246,9.0,56.5188028603662,50.88402799685039,0.0,0.0
3446,-77.93161621449991,-9.538952815999949,2.1232878611848536,8.0,53.204001788514304,36.445849672336905,0.0,0.0
3447,-77.89274993099991,-9.559603051999943,0.708211760896481,12.0,54.099754542365226,40.29826986938998,0.0,0.0
3448,-78.17444013649992,-9.441615494499928,1.6901187924960426,7.0,30.73235576839931,15.62664111332659,0.0,0.0
3449,-77.53543270299991,-9.524346744499923,0.7836110229066635,40.0,41.764674499925775,79.67211935481289,0.0,0.0
3450,-77.54424242849993,-9.522735006499943,0.12342690021177526,37.0,42.27304725180964,78.73212876295985,0.0,0.0
3451,-77.54426830149993,-9.516259694499922,0.5973908255507984,42.0,42.946057512924426,78.81437436481174,0.0,0.0
3452,-77.54190848899992,-9.512942457499918,0.9963330057757219,44.0,43.200105156886075,79.11715664543038,0.0,0.0
3453,-78.21334910199991,-9.450425680499933,3.25795226971437,4.0,27.78770698999062,12.24442108574157,0.0,0.0
3454,-78.14222152999994,-9.462598723499923,0.8396262808497964,12.0,34.9653405760118,16.858561339083675,0.0,0.0
3455,-77.81595554549992,-9.548288062999916,0.6608088589439395,9.0,58.04905253793538,48.80946839120449,0.0,0.0
3456,-77.6760838909999,-9.556334105999952,0.7966895080087208,17.0,46.45081026766703,63.9778186286324,0.0,0.0
3457,-78.03369599199993,-9.508332610499934,1.4888838422588682,2.0,47.798080302372696,26.383930663064245,0.0,0.0
3458,-77.63203257099991,-9.552592494999942,1.5563896700344713,4.0,43.85788475934522,68.82598786097995,0.0,0.0
3459,-77.73658855399992,-9.551959359499932,1.3891415636212867,15.0,51.295802954326795,57.413549192475976,0.0,0.0
3460,-77.85542233849992,-9.552933637499933,0.7995824111377592,12.0,57.42512647058607,44.4511410752687,0.0,0.0
3461,-77.90284430799991,-9.550396002499951,0.3603954766440548,12.0,54.153905145683204,39.33758997838896,0.0,0.0
3462,-77.97370184149992,-9.525436786499938,1.8171693866377838,4.0,51.877203450075676,32.29752501874827,0.0,0.0
3463,-77.60951330249992,-9.554856814499942,2.855737489196769,6.0,42.2899493708962,71.26798227665599,0.0,0.0
3464,-78.10960425849993,-9.48680375649991,0.9209530375872156,9.0,39.42678185017099,18.881232366312172,0.0,0.0
3465,-78.25430384399993,-9.473639079999941,2.4397346586224273,3.0,26.286103989638313,7.914863382323357,0.0,182.0
3466,-77.65163251099992,-9.555191819499953,0.21947421202730608,10.0,44.88262931635978,66.66049780016131,0.0,0.0
3467,-74.05372395299995,-12.065602513999949,11.46769509774437,0.0,126.04356171869087,139.07748082329755,0.0,0.0
3468,-80.79174205949994,-4.848048931499932,3.048976493956894,5.0,23.349627354280138,14.117216212680347,0.0,0.0
3469,-76.1798759024999,-13.496467450999916,3.887852640767434,10.0,12.396181640959385,11.289008375626253,0.0,0.0
3470,-76.16591835549994,-13.738083529499932,3.6963177839607786,1.0,35.34302966733195,0.8004049822215906,139.0,829.0
3471,-73.12229724149992,-3.469502173499933,2.248819318315904,1.0,471.49936332671456,819.1070435260558,0.0,0.0
3472,-80.42764424999993,-5.084094368499933,17.716408499541735,0.0,21.226230617159306,29.620796600122645,0.0,0.0
3473,-80.34602746849993,-4.936867364999955,0.30762897672720946,2.0,22.232771916873155,38.23271806764883,0.0,0.0
3474,-75.52900033199992,-10.41655561749991,0.3969181082350361,13.0,79.11879212068376,137.73827474946344,0.0,0.0
3475,-77.35777235799992,-8.864846949499935,0.814218899707608,33.0,112.67495435433706,123.86254060149778,0.0,0.0
3476,-77.35967979849991,-8.887101224999924,0.2980645553918526,34.0,110.19346104913959,122.65218439120444,0.0,0.0
3477,-80.72388702849992,-5.161797594499944,11.649628821222056,0.0,14.021005737307348,2.9233963409665167,0.0,4445.0
3478,-80.25839010949994,-5.9874692059999575,30.356149498476416,0.0,65.93343961325631,83.41104913531461,0.0,0.0
3479,-77.61680255599993,-11.018133568499934,6.552256852593114,0.0,19.684642477946053,1.2088396783812303,143.0,5076.0
3480,-77.22245769099993,-11.625094073499952,1.841256496717629,9.0,14.633694023705793,1.3401502428528491,1878.0,13090.0
3481,-76.14864725949994,-13.62988389499995,2.3615052492622155,1.0,27.607699169177735,2.556421727229713,0.0,1678.0
3482,-78.59463448249994,-9.05357899449993,2.577239117671887,3.0,8.696162444731556,15.252541052672884,0.0,0.0
3483,-76.20595736349992,-13.828333921499933,6.963845952181119,0.0,34.30630167494368,10.124729216505166,0.0,139.0
3484,-76.21366028499992,-13.716764236499927,3.893722401156425,3.0,36.68013686379987,5.535307319580831,0.0,1528.0
3485,-79.30392866899993,-6.859888336999944,0.7600732802862209,25.0,25.856909016253958,37.75484023707031,0.0,0.0
3486,-71.87778245599992,-14.509628890999949,1.071855899974318,4.0,90.66852822928928,195.0017621099337,0.0,0.0
3487,-78.16476535449993,-7.335707196499925,0.2560718279878018,8.0,106.79015693469977,122.54912238478465,0.0,0.0
3488,-78.65131138599992,-6.559123169499941,0.9546108510170005,8.0,90.56562131365733,117.20701100926193,0.0,0.0
3489,-79.45096267399992,-5.239912627999928,0.18410110837615432,27.0,32.88930640188386,129.81614788600106,0.0,0.0
3490,-69.57065394599994,-15.155576890999924,0.9583532448673118,7.0,103.0191474603558,72.7074358019844,0.0,0.0
3491,-69.98669957249993,-14.368960800499934,6.197821266960214,0.0,39.17626253881014,132.85996961017312,0.0,0.0
3492,-76.96886553499994,-11.748168725999932,0.8546018331537205,19.0,19.044721363088232,18.272564811723164,0.0,0.0
3493,-76.89184859799991,-11.683687487999919,0.296063369796373,27.0,28.339186217036623,27.285698445253086,0.0,0.0
3494,-76.95477798299993,-11.72167572199993,0.9913334254494974,22.0,20.78087254202158,19.846656129311828,0.0,0.0
3495,-74.13412690349992,-11.92937587949993,16.062716021606604,0.0,119.81276938859241,129.75068584174898,0.0,0.0
3496,-71.75169278999991,-14.639242422499933,8.94290497158173,0.0,79.23468854931316,179.6020231415411,0.0,0.0
3497,-71.84177947399994,-14.530796688999914,1.4419640407336027,2.0,86.94492977919006,192.27678676391258,0.0,0.0
3498,-78.05259319149991,-7.816505112499925,1.174392011481494,10.0,89.67200969692524,102.7895906464043,0.0,0.0
3499,-78.5076377634999,-7.147581723999934,1.5883359396290186,38.0,104.2356097778594,107.30034022738006,0.0,0.0
3500,-78.50826496249991,-7.146565576999933,1.4855833115827444,39.0,104.31728606923396,107.3443829637353,0.0,0.0
3501,-78.50865519749993,-7.1459612059999245,1.4249706198754497,40.0,104.36525257087742,107.369452200701,0.0,0.0
3502,-75.50669382149991,-13.79111087499993,0.1542616088777117,10.0,21.786326280557212,71.30731667605609,0.0,0.0
3503,-75.90524983249995,-11.522011469999939,0.30543696216774896,24.0,9.408500017086187,8.66224868676791,0.0,658.0
3504,-75.0819443174999,-12.306229136499923,2.5558549409103644,3.0,20.49000673732926,47.437729859698514,0.0,0.0
3505,-75.23963682249993,-12.022855339499955,2.710752977568349,13.0,16.647689585410806,12.414988454389754,0.0,117.0
3506,-75.22170429649995,-12.133000676499933,1.3861838551973433,8.0,4.3031596593276396,22.999297129849218,0.0,0.0
3507,-75.21534244449992,-12.105435918999945,1.532107102898669,16.0,7.1530175071399915,20.84691545185777,0.0,0.0
3508,-75.23238116849993,-12.039027858499935,1.637950773084792,12.0,14.731298741338769,14.157522719756285,0.0,0.0
3509,-75.21046325499992,-12.088438864499949,0.9868423903360599,19.0,9.004313284058794,19.722082953093054,0.0,0.0
3510,-75.75830683949994,-11.711044314999953,1.0563812424759815,11.0,12.117755711184959,18.73440562129707,0.0,0.0
3511,-75.76518918699995,-11.699587091999945,0.8514008959387301,10.0,10.662768696083356,20.107747844974874,0.0,0.0
3512,-75.48262701449991,-11.79562095399993,1.947888681864411,16.0,42.166712601132026,2.833641089488664,0.0,7720.0
3513,-75.31654456149991,-11.926853275999946,1.4000628049402117,12.0,29.42880734116839,2.0284045859376807,2493.0,3168.0
3514,-75.33647450249993,-11.901039181499954,0.9638322709025888,9.0,32.93765325798428,2.5618310851977726,0.0,4766.0
3515,-74.99842821849992,-12.498624505499919,0.2425076311143876,19.0,43.12344106911664,70.34049650352765,0.0,0.0
3516,-74.18097564899992,-13.346570091999922,0.4365001348478146,2.0,18.132663391395912,178.98165157543178,0.0,0.0
3517,-74.21257293699995,-13.15187602249992,0.5944083584101625,138.0,9.224121798832323,180.05427458394342,0.0,0.0
3518,-74.21490736949994,-13.157485534499926,0.042395280340320536,133.0,8.60932348149789,180.34427436348096,0.0,0.0
3519,-74.38699939549991,-12.810217484999924,0.3558188528680185,41.0,46.17085679879013,139.76751302973224,0.0,0.0
3520,-74.23444561849993,-12.946549808999919,0.24283546977328965,7.0,29.62625268447302,162.20098238287156,0.0,0.0
3521,-73.72518611049992,-13.51729560399994,0.31320662268679933,22.0,68.39516333416277,198.80620228329272,0.0,0.0
3522,-73.57382469999993,-13.609451021999917,0.6966196842544518,5.0,65.59871673483538,205.1697356547388,0.0,0.0
3523,-73.57691295849992,-13.606634767999907,0.27542611321497407,4.0,66.04486615610581,205.08543232535578,0.0,0.0
3524,-71.10376288049991,-14.388560134499926,5.783517054227426,1.0,11.577149227420518,161.25482395952142,0.0,0.0
3525,-71.22769350099992,-14.28015771199992,0.8024429003984286,3.0,29.472411636520015,178.4429117097421,0.0,0.0
3526,-71.31166214049992,-14.213899429999913,1.1209026957600474,9.0,41.086797942553225,189.5005667729873,0.0,0.0
3527,-71.40035171049993,-14.142592560499935,3.2215985440248947,4.0,53.482238666464504,201.37745070176396,0.0,0.0
3528,-71.42060630999993,-14.113394345499927,0.7202061946498567,9.0,57.29953595988356,205.29040249698522,0.0,0.0
3529,-71.45921850049993,-14.041021122499927,1.7870772567243396,5.0,65.9412181805628,214.2966923379082,0.0,0.0
3530,-73.3720257409999,-13.654578397499932,0.5125449391668778,10.0,44.72626283861457,220.4620630965495,0.0,0.0
3531,-73.11552558299994,-13.692064025499946,1.1993209590576934,5.0,24.864566397162353,242.4883226353886,0.0,0.0
3532,-72.91364584249993,-13.69389236899994,0.7960696642478644,21.0,27.745135638654478,261.92299330275694,0.0,0.0
3533,-72.89219714649991,-13.635496187499939,0.8568169323186353,18.0,34.51710597882459,266.8447535222243,0.0,0.0
3534,-72.90093243549993,-13.639357980499938,1.8769373902512194,21.0,33.68597429423037,265.80834910826854,0.0,0.0
3535,-72.86826336549993,-13.617377531499926,1.0637683355577088,23.0,37.56172517348899,270.05841807671027,0.0,0.0
3536,-72.17067540799994,-13.480946717499933,1.4302019948663818,1.0,105.99528008765571,312.7031845930738,0.0,0.0
3537,-71.85522539049992,-13.556716022999922,0.16286633068835288,97.0,119.5960605235396,282.8671226098443,0.0,0.0
3538,-71.87207514149992,-13.55109316499994,0.7051903532792971,123.0,121.20585421543882,284.4192355939333,0.0,0.0
3539,-71.98343076499992,-13.52960041299994,0.668800663299776,91.0,122.46395608293719,293.41449095084016,0.0,0.0
3540,-72.00167093349992,-13.507743845999926,0.5026268055977229,55.0,121.48398114918045,296.5399990935558,0.0,0.0
3541,-71.96843327649992,-13.53037108299992,1.256582949195653,125.0,123.9585760908125,292.3936142624351,0.0,0.0
3542,-71.8826493839999,-13.548261341999932,0.32893896916379756,139.0,122.23929994556786,285.3321167020543,0.0,0.0
3543,-71.62702470149992,-13.679248456999943,0.5484167822478133,27.0,101.05437507013411,257.9364829341856,0.0,0.0
3544,-71.63480026199994,-13.688870071499935,0.5243772236815889,27.0,102.27727081139665,257.4756412606315,0.0,0.0
3545,-71.54413666649992,-13.834201061999948,1.5782508698146693,10.0,89.38934645594155,238.58349618588827,0.0,0.0
3546,-70.13575313199993,-15.480778481999948,3.278108119236446,1.0,56.11748123421894,9.238294678280248,0.0,252.0
3547,-70.12995623549992,-15.483234751999959,3.232744274368069,1.0,56.57314453019202,8.773872595574328,0.0,254.0
3548,-69.05007856449993,-16.577487558999934,3.127869131409558,1.0,19.128602706898146,100.89267127171665,0.0,0.0
3549,-69.04160239749993,-16.579388915999942,3.183634208010042,1.0,20.02586045367567,101.72108361175486,0.0,0.0
3550,-74.63137419749992,-11.233958764499931,2.2396993441283084,10.0,85.4123268333157,106.32754533785048,0.0,0.0
3551,-74.53093943749994,-11.33188161849995,0.24440024007877637,5.0,97.95573400964624,108.65113435645381,0.0,0.0
3552,-74.52836293849992,-11.334476229499955,0.1614519659313452,5.0,98.29020086567498,108.73393572850443,0.0,0.0
3553,-74.63720703649994,-11.238185686499918,1.8648847512372677,8.0,84.83269490139303,105.53867530635307,0.0,0.0
3554,-74.42481155549993,-11.250440059499937,0.18617331747721577,14.0,108.00806788815785,123.2847867122091,0.0,0.0
3555,-75.15772366649992,-10.932288219999919,0.20164466300507575,22.0,36.597607654816926,101.09149953061242,0.0,0.0
3556,-75.16426153749993,-10.932123383499942,0.10524838519206473,22.0,36.07692307158778,100.88277938856615,0.0,0.0
3557,-75.26024612799995,-10.948179703499932,0.23057029507103982,28.0,27.695704849309585,96.35860769183378,0.0,0.0
3558,-75.16862359199993,-10.93547184749994,0.14458147782254233,24.0,35.473968519495095,100.38045136774126,0.0,0.0
3559,-75.20470046299994,-10.938759940999944,0.23175170822875105,28.0,32.395834613609566,98.87673972374878,0.0,0.0
3560,-74.87353863199993,-10.927565316999932,0.5591879393802285,7.0,63.50196767250822,114.86499355688561,0.0,0.0
3561,-74.74729123249992,-11.043276583999926,0.3077520052711828,5.0,73.23311180499961,112.73069121212049,0.0,0.0
3562,-74.97907557499994,-10.87919175999994,2.41118900976169,10.0,55.78635419175748,113.93133676580322,0.0,0.0
3563,-78.80733741649993,-6.367823600999941,0.5905526977654668,12.0,69.13228729241241,113.69007514792132,0.0,0.0
3564,-78.75475795049991,-6.362590871499918,1.9300204829271432,7.0,69.48668303337578,118.64487874837536,0.0,0.0
3565,-78.79955711099993,-6.3667927434999285,1.3385236296770622,12.0,69.68102260501124,114.4356512011798,0.0,0.0
3566,-78.79241813499993,-6.363239394999937,2.0756578796523146,12.0,69.99507634135091,115.3000586681686,0.0,0.0
3567,-78.79401450399993,-6.365734868999937,1.9301486482216403,12.0,70.05157566355291,114.99001076246138,0.0,0.0
3568,-78.74250714899992,-6.35225430649993,1.172233405262777,13.0,68.15776198947891,120.417723339412,0.0,0.0
3569,-78.73045633199993,-6.3451864319999345,0.3686192752477649,15.0,67.21322791850268,121.95450416510057,0.0,0.0
3570,-78.72133239749994,-6.333572088999915,0.562509951302471,12.0,65.82026017735069,123.5369484510733,0.0,0.0
3571,-78.72634179399992,-6.338925917499921,0.6707391164947751,12.0,66.47060447923262,122.73639582764424,0.0,0.0
3572,-78.71212385749993,-6.328399680499928,0.4458456565261999,12.0,65.15158955472435,124.69570042960461,0.0,0.0
3573,-78.70134112049993,-6.3213603964999265,0.2446725418374032,13.0,64.2777814565018,126.11848453669931,0.0,0.0
3574,-78.70341947199992,-6.313045459999927,0.20048879984346762,13.0,63.372150790326515,126.49419148742109,0.0,0.0
3575,-78.70177269599995,-6.314732619999916,0.4599508324571088,13.0,63.54600324063663,126.52520256367605,0.0,0.0
3576,-78.70454179199993,-6.311468314999928,0.015556996058455319,13.0,63.20663669784423,126.50226273281103,0.0,0.0
3577,-78.70499991799991,-6.308861661999941,0.0400497464129533,13.0,62.9215558794984,126.63868948986251,0.0,0.0
3578,-78.70623254499992,-6.309268489999937,0.183566253285043,12.0,62.977376172122106,126.50315511731145,0.0,0.0
3579,-78.7028872194999,-6.303736023499937,0.5892607304134183,13.0,62.33548288995005,127.1717696728499,0.0,0.0
3580,-78.7009755329999,-6.2969858389999445,0.6880685411603327,11.0,61.57141349351503,127.79904502693269,0.0,0.0
3581,-78.69008147449992,-6.270783019999925,2.4712450732777653,6.0,58.58691252623255,130.54934593213696,0.0,0.0
3582,-78.69043113949994,-6.277776468999946,1.745293216722731,10.0,59.36549628763814,130.03505242857847,0.0,0.0
3583,-78.69890028049991,-6.261049235499939,3.3990526346256926,1.0,57.56934041521881,130.47151857557066,0.0,0.0
3584,-78.71033620149993,-6.240174418499947,5.881157473290189,0.0,55.36537008928173,130.98751128688605,0.0,0.0
3585,-78.72262356749991,-6.1655536859999245,1.4869322002636636,4.0,47.29295478150455,135.5216688529975,0.0,0.0
3586,-78.69898302099992,-6.149826848999908,2.167203512228391,2.0,45.24502215302679,138.62276791466607,0.0,0.0
3587,-78.71093413699992,-6.148275864999931,0.8450483985275739,4.0,45.216205679506885,137.78195282624574,0.0,0.0
3588,-78.7069097179999,-6.14841953699991,1.2777088723612071,4.0,45.179693377637655,138.09321404931214,0.0,0.0
3589,-78.69755479449992,-6.138280920499938,2.4278993939790134,2.0,43.95205774249551,139.61953242383925,0.0,0.0
3590,-78.70396770799991,-6.13059068599992,2.308757449463583,2.0,43.17328974526916,139.69949307755016,0.0,0.0
3591,-78.75888553199991,-6.06146605999993,0.6571619311503107,8.0,36.85447527645796,141.00953812959096,0.0,0.0
3592,-78.75770391799992,-6.062685734499922,0.835080520077935,8.0,36.94599588117124,140.99644033836694,0.0,0.0
3593,-78.7749157829999,-6.047361377999948,1.5269537883757474,9.0,35.942098225029476,141.00707975289836,0.0,0.0
3594,-78.83836068149992,-6.020300083499933,1.1607697005966615,22.0,36.396653471635275,138.85466494698485,0.0,0.0
3595,-78.83565580149994,-6.027340895499918,1.6325950170131582,21.0,36.90052072351325,138.42487225968307,0.0,0.0
3596,-78.8481869874999,-6.010389241999945,0.3188977438557865,23.0,36.08685390675885,139.06013002878692,0.0,0.0
3597,-78.8386311669999,-6.013906783999943,0.48457130501412926,22.0,35.816626690639616,139.39648690652405,0.0,0.0
3598,-78.70529400999993,-6.32599681949992,0.7601851874318578,13.0,64.8237706043192,125.45946500721172,0.0,0.0
3599,-78.70917829949991,-6.242073616999932,5.646421786546291,0.0,55.56305139667861,130.94835139444814,0.0,0.0
3600,-78.69894608299992,-6.316493162499938,0.3837898353687172,14.0,63.71983216872778,126.65578992139183,0.0,0.0
3601,-78.70296216599993,-6.312550546999944,0.1964920745600149,13.0,63.31353024938728,126.5677629716265,0.0,0.0
3602,-78.75677092499993,-6.063958277999944,0.9968383970970852,8.0,37.05174798413041,140.96077360394747,0.0,0.0
3603,-78.69347037849994,-6.144891761999929,2.7322185813970328,2.0,44.64526001009202,139.44268347730565,0.0,0.0
3604,-77.59222544099993,-11.14010139149994,1.601464903735497,3.0,5.923608134262169,6.746617700670474,0.0,2369.0
3605,-75.29436128899991,-10.961620356499935,0.3237686760983471,18.0,24.388752393103754,94.13963168761181,0.0,0.0
3606,-75.1470750494999,-10.695897176999921,0.9431141680615118,8.0,58.01763590655131,126.57854585881651,0.0,0.0
3607,-75.23815908049994,-10.735539710999944,1.2221779309911374,13.0,49.69364832991981,119.98869565948083,0.0,0.0
3608,-75.17442334349991,-10.713680781499932,1.3461334983042317,8.0,54.846592764955965,123.90302182317498,0.0,0.0
3609,-75.19545463549991,-10.729732916499955,2.665524862710884,5.0,52.207650612736586,121.62006105351139,0.0,0.0
3610,-75.11576808949994,-10.655078268999915,0.3270201702303235,8.0,63.65791974977294,131.87759923198763,0.0,0.0
3611,-75.12182229299992,-10.67128807249992,0.9492442040747482,10.0,61.768492432828246,129.96208612600012,0.0,0.0
3612,-75.02935078999991,-10.417652352999937,1.8652198113851293,11.0,91.36849371429295,159.87580158139522,0.0,0.0
3613,-75.09231626699992,-10.566881648499958,0.3625553485869776,12.0,73.47181388838388,142.010334481139,0.0,0.0
3614,-75.01268889249994,-9.686240157999947,7.6696674374384655,0.0,139.15523735175765,234.66779818047726,0.0,0.0
3615,-75.01356609049992,-9.826150949499947,2.744920173852606,1.0,134.15830790363,220.7404105969006,0.0,0.0
3616,-75.01739526249992,-9.520650356499942,12.976536076246907,0.0,146.43456022046155,251.1414755396977,0.0,0.0
3617,-75.02891736349994,-9.407996250999929,7.522531624018852,0.0,151.69411887304156,262.14372580703747,0.0,0.0
3618,-75.03222285599992,-9.37676677999994,7.032318075599431,0.0,153.293018686412,265.2140165272149,0.0,0.0
3619,-75.03186514249992,-9.19138636249994,17.75948625554313,0.0,165.67753914560996,284.4081989902163,0.0,0.0
3620,-75.02440503399993,-9.45651312399994,10.810811896076283,0.0,149.27930094003742,257.3681292489829,0.0,0.0
3621,-75.87363821299994,-9.196876906499938,2.583080136336705,4.0,110.84045108888209,265.4051811301277,0.0,0.0
3622,-75.96217571199992,-9.178120798499947,1.7609469107599336,2.0,110.16593777551803,256.2124134524953,0.0,0.0
3623,-75.96055817549993,-9.183411270999954,2.3691537101735136,2.0,109.63544929223563,256.2773411655564,0.0,0.0
3624,-75.96760969999994,-9.164831586499929,0.4602906133406719,3.0,111.4684268410397,255.90807449136545,0.0,0.0
3625,-75.88882395799993,-9.195638969499953,0.9143286683232188,3.0,110.4521887543843,265.49193508692076,0.0,0.0
3626,-75.89840966299994,-9.193764161499928,0.15831088773111698,3.0,110.3355849483561,265.6736116218573,0.0,0.0
3627,-75.95737338149993,-9.187261517499934,2.8631983698438375,2.0,109.30238245592724,256.5421455811167,0.0,0.0
3628,-75.92860257399994,-9.189494160999914,2.960254234134346,4.0,109.86038504839912,259.6026348617621,0.0,0.0
3629,-75.76370302549992,-9.146759781499924,0.601737079689564,33.0,120.35253720119546,271.63821680816744,0.0,0.0
3630,-75.78891985099995,-9.152571551499932,1.0953160011624155,30.0,118.6919293791888,270.79434316469377,0.0,0.0
3631,-75.82933202599992,-9.19278656149993,3.522510029446695,5.0,112.90793059249687,266.0670453463638,0.0,0.0
3632,-75.79362624499993,-9.176876832999938,0.9525536929870144,23.0,115.99427498990944,268.0633696770133,0.0,0.0
3633,-75.78196570999992,-9.143454229999918,0.33757129215690596,36.0,119.91862676310805,271.857920111812,0.0,0.0
3634,-75.74732043949993,-9.123175445999948,0.3061316361986278,40.0,123.47250081402734,274.39586922455624,0.0,0.0
3635,-75.72856303249992,-9.09233256549993,0.43211214675241,27.0,127.43933316188345,277.989549904443,0.0,0.0
3636,-75.69161616149992,-9.074476673999925,0.14239570672720922,16.0,130.91894735926797,280.3544852645781,0.0,0.0
3637,-75.70636340199991,-9.08041449749993,0.7049095641490936,24.0,129.6428209520027,279.5358411362645,0.0,0.0
3638,-75.64909608249991,-9.059813370499938,1.329203317698026,10.0,134.41292327467306,282.4904763533584,0.0,0.0
3639,-75.46043220399994,-8.991793902999945,0.3051853117739643,27.0,151.17325841931302,293.10586682267365,0.0,0.0
3640,-75.47842576849993,-9.01588054849995,1.1035680652659006,42.0,147.85412186040548,290.1131665317076,0.0,0.0
3641,-75.49507521149991,-9.033672626499936,0.36561247194343116,35.0,145.2074921075264,287.842739267171,0.0,0.0
3642,-75.41796797149993,-8.962186062999933,0.37041764946877226,21.0,156.4590566749917,297.2266918606434,0.0,0.0
3643,-75.5781147589999,-9.048853281999925,5.700529567743298,1.0,139.12394693810583,284.7224714391401,0.0,0.0
3644,-75.35384887449993,-8.913592782499933,0.8599064317866281,9.0,164.8520437296712,303.9676665290249,0.0,0.0
3645,-75.04716720199991,-8.87061318949992,5.37055416930469,0.0,189.33751813492782,317.49089223240327,0.0,0.0
3646,-75.03666519449993,-8.959470913999922,13.41476241562381,0.0,182.86822188858136,308.4907109662902,0.0,0.0
3647,-76.23767548249992,-8.730781214499928,0.35349338930214114,3.0,156.95128224739017,240.91986987040494,0.0,0.0
3648,-76.24205753899992,-8.721526410499933,0.8638583015673527,3.0,157.99457655352379,240.86595462902096,0.0,0.0
3649,-76.17242859349992,-8.74894223049995,1.1429857708247293,1.0,154.8868649733179,246.83622912767797,0.0,0.0
3650,-76.23249283849992,-8.738933319999944,0.26799966592629104,3.0,156.0295766923811,241.10656897900822,0.0,0.0
3651,-76.22760832949993,-8.74498707899994,0.882745396205506,4.0,155.34377063472922,241.35388789386735,0.0,0.0
3652,-75.22472606599993,-8.82866939899995,0.15372500992543384,13.0,180.7287004826101,316.4668016425418,0.0,0.0
3653,-75.27699159699992,-8.855993140499947,0.7495942288725169,14.0,174.91658103696636,312.11765926497947,0.0,0.0
3654,-75.05170407849994,-8.831371943499931,5.020514098524687,1.0,192.2961153635901,321.4866396521113,0.0,0.0
3655,-76.3207116339999,-8.460069995499907,0.831910847684153,2.0,187.4864869418723,245.8521830760764,0.0,0.0
3656,-76.3250461419999,-8.449864896999912,0.14963580001370624,2.0,188.65335180233987,245.99961223918964,0.0,0.0
3657,-76.32851509749992,-8.438074106499926,1.273606112334504,3.0,189.98952705854168,246.32388221253845,0.0,0.0
3658,-76.32852054199992,-8.433079029499936,1.8024265673476954,3.0,190.54338307189005,246.60253475280976,0.0,0.0
3659,-76.32702889649991,-8.425161782999936,2.6216207401625566,3.0,191.40883173864944,247.18845479155897,0.0,0.0
3660,-76.34064210199995,-8.34105852299993,1.9497578251155832,3.0,200.8481668764251,249.88297569809384,0.0,0.0
3661,-76.33684766299993,-8.356878401499927,0.1419723517281786,1.0,199.06183246838222,249.4841394057494,0.0,0.0
3662,-76.31972800099993,-8.408386833999941,0.5969754163198009,2.0,193.21097298697532,248.82765973252594,0.0,0.0
3663,-76.51629839799995,-8.185282513999937,2.65486669324543,4.0,209.86814546073074,237.33423988666706,0.0,0.0
3664,-76.5084121639999,-8.186621202499936,1.7841251710771415,4.0,209.90974379744404,238.14677062990043,0.0,0.0
3665,-76.51141146999993,-8.185281290499944,2.1177533555788335,4.0,209.80179612647564,237.85839786588178,0.0,0.0
3666,-76.73497336999992,-7.190241670999939,0.7372534255665677,16.0,109.76487111485014,260.3307406363338,0.0,0.0
3667,-76.73598498399991,-7.182110434999942,0.5871328499935967,14.0,109.01342008931837,260.7336399649578,0.0,0.0
3668,-76.45731106799991,-7.0109970544999385,2.225043959724951,12.0,80.09722114439178,296.88091905728595,0.0,0.0
3669,-76.33258107749992,-6.912587096499948,0.40176528298086234,15.0,66.97909592654017,314.39712642498085,0.0,0.0
3670,-76.38529034549993,-6.925469469499916,2.8818066584818887,10.0,69.14278197035982,308.76177859270877,0.0,0.0
3671,-76.40299539299994,-6.935401648499948,1.8670438399855174,9.0,70.58138781640336,306.52368605078607,0.0,0.0
3672,-76.36357218699993,-6.923900834999927,1.8017379528021262,14.0,68.60776331292058,310.8514415006305,0.0,0.0
3673,-76.41696759999994,-6.94982414349991,1.9930811689326877,10.0,72.46181843752433,304.34938563869883,0.0,0.0
3674,-76.33381040599991,-6.920206545999946,0.6043301809638252,13.0,67.83493009310273,313.8167864374817,0.0,0.0
3675,-76.42055684649995,-6.955919256499925,2.1809629003504125,10.0,73.2077238327854,303.64319034576226,0.0,0.0
3676,-76.34129405599992,-6.922424841999941,0.6698666919227084,12.0,68.1575654779649,312.9914579087043,0.0,0.0
3677,-76.42389133149993,-6.973917674499944,1.8568642354898397,15.0,75.24162134362152,302.22856008304996,0.0,0.0
3678,-76.41507174099993,-6.946578271999925,2.0157039485632584,10.0,72.06529102726269,304.72419571772883,0.0,0.0
3679,-76.32860465999994,-6.851014244999959,1.1930474726745446,12.0,60.12039485129904,318.59059540853167,0.0,0.0
3680,-76.34544804349994,-6.512369597499941,2.212443700479463,31.0,23.367510479696886,339.9020334114529,0.0,0.0
3681,-76.36557309749995,-6.518982359999939,1.0735851397025786,27.0,24.825268299218052,337.72593257235036,0.0,0.0
3682,-76.34389806849993,-6.517224566999914,1.7701221835368757,30.0,23.83039164317859,339.6874239890977,0.0,0.0
3683,-77.23339731899992,-6.0069751404999465,2.501948303569983,5.0,33.09076911095906,285.3824092004782,0.0,0.0
3684,-78.07099380849994,-5.9175681699999245,0.4063735397073303,15.0,9.919570303917519,208.88587183311404,0.0,0.0
3685,-77.97222967749994,-5.93778083299992,0.5612086532589678,38.0,1.3129855269979438,216.64450632507143,0.0,0.0
3686,-77.97971608349994,-5.93993821299992,0.5289917273397294,40.0,0.9568668252943666,215.82058782991638,0.0,0.0
3687,-77.97369587049991,-5.878496973499921,0.348363135653197,53.0,6.002741086509827,220.19222161644373,0.0,0.0
3688,-77.99893589549993,-5.9267616414999225,0.5883233783955399,44.0,1.9065839494534706,214.86128191132934,0.0,0.0
3689,-78.80260250399994,-5.712623231499919,1.8306526796484215,4.0,16.08610593312069,169.18078980001198,0.0,0.0
3690,-78.34244403149992,-5.792399736999926,0.4042573082153285,9.0,35.62069764434469,194.5839452990262,0.0,0.0
3691,-78.3365133934999,-5.794956590999931,0.13206591480340624,11.0,36.31221685742368,194.861442765032,0.0,0.0
3692,-77.84586766149991,-5.700051803999941,0.8514005220880646,15.0,26.262698557551744,243.25323961087403,0.0,0.0
3693,-77.95454936899992,-5.817432144499918,1.0478802474675453,40.0,13.083423663074319,225.84017359251573,0.0,0.0
3694,-77.70975889449991,-5.667115620499914,0.9110123344520921,19.0,11.701235296204596,257.593187200875,0.0,0.0
3695,-78.82925166599992,-5.459547576999938,3.7891274687479024,3.0,36.77989192406152,191.631753522183,0.0,0.0
3696,-78.81511460049992,-5.396895578499937,1.7243025861035761,6.0,42.27580705320496,198.4301600070108,0.0,0.0
3697,-78.8087650084999,-5.559318736499961,0.7741643098213501,4.0,26.322774373760264,183.41970942876972,0.0,0.0
3698,-79.04640189549991,-5.069747722999949,3.5537548534457963,6.0,80.81198470581262,176.58166368991857,0.0,0.0
3699,-79.10197588999992,-4.9915111344999445,1.9546355153469854,9.0,80.37217809990355,172.1799190449827,0.0,0.0
3700,-76.39850299949993,-6.489665616499934,1.1757445886743936,30.0,23.64624813964606,337.07349242184546,0.0,0.0
3701,-76.38952213349992,-6.50452289699993,1.1275421947423423,30.0,24.535643138202296,336.7480591728103,0.0,0.0
3702,-76.38420287249994,-6.519881738999942,1.1765706876383997,24.0,25.767962655794225,336.0884920366843,0.0,0.0
3703,-74.98080269199994,-10.294758562999931,1.1308034675964889,2.0,105.96526730732785,174.49696014013742,0.0,0.0
3704,-75.26504135649992,-10.73014108399994,0.06915280103993336,12.0,49.23220473055593,120.03717282295545,0.0,0.0
3705,-78.15279342999992,-5.8916697784999315,1.167078382073737,13.0,19.3611067903245,203.3166081979215,0.0,0.0
3706,-73.80529101049993,-10.890067633999934,16.740468181753954,0.0,177.46742171234263,201.8260273765314,0.0,0.0
3707,-78.08249927649993,-9.497934583999921,1.0681947989553051,7.0,42.60269117765084,21.36378370698217,0.0,0.0
3708,-77.50646992699993,-9.526438284499932,1.0044169777031318,46.0,40.56002953213077,82.80534878861164,0.0,0.0
3709,-76.96142870199992,-9.255267377999928,1.446150203584774,10.0,84.5108743224596,147.27120058709,0.0,0.0
3710,-76.54667536349993,-9.264297583999934,1.173730677767234,2.0,104.85840672834105,191.41454242034027,0.0,0.0
3711,-76.02175609149992,-9.321926678499949,0.9324878157858333,6.0,93.13111649892481,245.45860885928002,0.0,0.0
3712,-71.80049345799992,-14.57431098549992,5.009059373589762,1.0,83.04409225561072,187.1022087394776,0.0,0.0
3713,-71.56723479499993,-14.768553316499947,4.92664035186368,1.0,66.05220767379596,165.5081425583608,0.0,0.0
3714,-77.05859547849991,-11.911444217499934,1.366827628197888,88.0,20.43853876300383,19.164710032223205,0.0,0.0
3715,-69.74281933849991,-17.17845381999993,2.662115735936912,1.0,52.27702236679685,131.80160770408187,0.0,0.0
3716,-76.14000552749991,-13.832516852499936,0.2010034284357159,1.0,27.51536694410684,9.99988610599476,0.0,139.0
3717,-76.9976224744999,-11.83019386549995,0.3120589023872419,27.0,18.369396775027322,18.124921787638648,0.0,0.0
3718,-71.45494762299992,-14.799790195499924,3.6204933614600603,5.0,58.067161590973974,150.4134932979718,0.0,0.0
3719,-76.58743389449992,-10.614770643499924,0.9645759945271905,11.0,67.82550533017628,98.70995055581646,0.0,0.0
3720,-78.58735179899995,-5.676645278999928,6.350929267238926,1.0,11.106871151586079,186.0664572899757,0.0,0.0
3721,-75.28175062949992,-12.004469481999934,1.9688325139335738,6.0,20.004862773826748,7.604726506197153,0.0,2695.0
3722,-71.31043425099992,-14.405579657499914,3.6948718727488705,1.0,30.34167258545284,171.9285712968299,0.0,0.0
3723,-73.57867535749995,-15.503574849999922,14.231584386539128,0.0,81.22252447871232,156.20199304024717,0.0,0.0
3724,-73.56109216849993,-15.448369985999932,19.20242435961155,0.0,87.41258077083938,159.74491676822646,0.0,0.0
3725,-73.58127484949992,-15.339481313999926,7.295539306997789,0.0,99.46255592865273,170.66933202370512,0.0,0.0
3726,-73.64071403749995,-15.54597550099993,6.169357795841109,0.0,76.66611874054351,157.13114342157982,0.0,0.0
3727,-73.55899451599993,-15.407126259499933,14.626474565296638,0.0,92.0039472333614,163.2229690794361,0.0,0.0
3728,-73.61128785699995,-15.528676794999939,9.835125193629317,0.0,78.44267353858392,156.4063033434705,0.0,0.0
3729,-73.57547269499992,-15.288071592499932,1.7590365711178297,1.0,105.18769763804049,174.93662600998826,0.0,0.0
3730,-73.57166694049994,-15.390060257499925,12.732353250287249,0.0,93.8578955314209,165.5556180094721,0.0,0.0
3731,-79.9352733794999,-5.150884258999923,0.4844197118785819,8.0,29.575494178086338,78.2773021138606,0.0,0.0
3732,-71.90006105999993,-13.542686607499917,0.49395453326971156,158.0,123.9236008663785,286.92235841115547,0.0,0.0
3733,-71.8921908984999,-13.545631287999925,0.36968733506989626,153.0,123.17224971678394,286.1643364388999,0.0,0.0
3734,-76.96943422849992,-10.870807554499947,0.42943390165982204,59.0,55.52718846746623,70.61990490499254,0.0,0.0
3735,-76.93075190949995,-10.855824024999947,0.14031895549611773,40.0,57.78485196209606,75.60029795527242,0.0,0.0
3736,-76.90367930599993,-10.850324760499944,0.31468492344066945,49.0,58.9794692953471,75.24000715282395,0.0,0.0
3737,-71.14890111499994,-15.199855170499944,2.3236124075440916,3.0,70.42131479300417,97.69561760711953,0.0,0.0
3738,-71.00525053799993,-15.767173013999951,11.905103494499919,0.0,42.85210696085494,68.98950006450934,0.0,0.0
3739,-71.14540174649991,-15.268209979499915,2.6851183138478967,7.0,73.70355277739,93.61584408029807,0.0,0.0
3740,-76.19203280649992,-10.35692436699992,0.6813112829411326,63.0,23.93810675649215,138.13830684109195,0.0,0.0
3741,-69.19367771849994,-14.211746146499934,2.231765257468232,4.0,124.7251965070776,178.90590854526798,0.0,0.0
3742,-69.32899539149992,-16.26657904399991,3.6022187884388397,2.0,36.76377771058073,56.34434639745783,0.0,0.0
3743,-69.07207177549992,-16.526710522999934,4.264611102368947,1.0,17.911026775383814,95.506594764502,0.0,0.0
3744,-70.00199915699991,-15.858915713499925,1.5773628972884837,10.0,44.1762413529493,10.757597552937636,0.0,5.0
3745,-69.4481697569999,-16.21369843599993,0.2519199554351525,3.0,26.953556257876794,42.505252200266106,0.0,0.0
3746,-75.99349711099993,-10.321336797499924,14.65100683579343,0.0,29.83474294085053,140.2810755283751,0.0,0.0
3747,-70.68617090049995,-18.14679283299992,2.1122472814090325,4.0,10.187604470645082,70.11703432521006,0.0,0.0
3748,-69.04661602749991,-16.567164877999943,1.9222210953987695,1.0,19.568483843492082,100.44283120627763,0.0,0.0
3749,-76.06552411249993,-9.64129608299993,1.5662353812543985,10.0,57.446439564615,216.171415898132,0.0,0.0
