FECHA_CORTE,FECHA,HORA,DEPARTAMENTO,CODIGO_VÍA,KILOMETRO,MODALIDAD,FALLECIDOS,HERIDOS,KM,FECHA_DT,CODIGO_VIA,LATITUD_GEO,LONGITUD_GEO,GEOCODIFICADO
20211222,20200101,05:40,LIMA,PE-1S,24,DESPISTE,0,0,24.0,2020-01-01,PE-1S,-12.246584742503304,-76.93618987426358,True
20211222,20200101,16:30,CAJAMARCA,PE-3N,74,DESPISTE,0,0,74.0,2020-01-01,PE-3N,-10.988632664696011,-76.0298140159235,True
20211222,20200101,07:45,PASCO,PE-3N,103,DESPISTE,0,1,103.0,2020-01-01,PE-3N,-10.823349830810802,-76.20216703331738,True
20211222,20200101,18:30,CAJAMARCA,PE-08,111,DESPISTE,0,2,111.0,2020-01-01,PE-08,-7.242517912305455,-78.68808618826748,True
20211222,20200101,18:40,LIMA,PE-1N,174,DESPISTE,0,5,174.0,2020-01-01,PE-1N,-10.91694193899242,-77.66010963900744,True
20211222,20200101,16:30,ICA,PE-1S,199,CHOQUE,0,1,199.0,2020-01-01,PE-1S,-13.48239984615401,-76.13863094744637,True
20211222,20200101,16:35,ICA,PE-1S,201,CHOQUE,1,1,201.0,2020-01-01,PE-1S,-13.500408491038863,-76.14055886983967,True
20211222,20200101,21:45,HUANUCO,PE-3N,226,ATROPELLO,0,1,226.0,2020-01-01,PE-3N,-9.990094944479155,-76.24346845917172,True
20211222,20200101,23:50,PIURA,PE-1N,232,CHOQUE,0,6,232.0,2020-01-01,PE-1N,-10.487248649741053,-77.91427631135876,True
20211222,20200101,02:30,AMAZONAS,PE-5N,263,DESPISTE,0,2,263.0,2020-01-01,PE-5N,-9.37826343089786,-75.03360779740137,True
20211222,20200101,23:40,AREQUIPA,PE-1S,521,CHOQUE,0,0,521.0,2020-01-01,PE-1S,-15.456069300049853,-74.86692085264636,True
20211222,20200101,17:45,LA LIBERTAD,PE-1N,732,DESPISTE,0,5,732.0,2020-01-01,PE-1N,-7.058083264723555,-79.57042450172128,True
20211222,20200101,10:30,LA LIBERTAD,PE-1N,734,DESPISTE,0,2,734.0,2020-01-01,PE-1N,-7.044212393211083,-79.58239900161708,True
20211222,20200101,20:50,MOQUEGUA,PE-1S,1166,CHOQUE,0,0,1166.0,2020-01-01,PE-1S,-17.42178984359225,-71.0482073842232,True
20211222,20200101,16:50,TACNA,PE-1S,1245,DESPISTE,1,0,1245.0,2020-01-01,PE-1S,-17.802868682966253,-70.60293300424055,True
20211222,20200101,18:15,PUNO,PE-1S,1351,CHOQUE,0,0,1351.0,2020-01-01,PE-1S,,,True
20211222,20200102,12:50,AREQUIPA,PE-1SJ,6,DESPISTE,2,16,6.0,2020-01-02,PE-1SJ,-17.06408890182033,-71.72011740343434,True
20211222,20200102,05:45,TACNA,PE-1SD,8,DESPISTE,2,1,8.0,2020-01-02,PE-1SD,-16.670198169885573,-72.57000946314521,True
20211222,20200102,16:30,AREQUIPA,PE-34J,14,CHOQUE,0,0,14.0,2020-01-02,PE-34J,-15.664075233750124,-71.05258296025437,True
20211222,20200102,16:30,AREQUIPA,PE-34E,18,CHOQUE,0,3,18.0,2020-01-02,PE-34E,-15.927779149849798,-71.37374471241274,True
20211222,20200102,11:00,AREQUIPA,PE-34A,34,ESPECIAL,0,0,34.0,2020-01-02,PE-34A,-16.406894455496545,-71.60232009946931,True
20211222,20200102,10:10,LIMA,PE-1N,39,ATROPELLO,1,0,39.0,2020-01-02,PE-1N,-11.81153439569187,-77.13042173959337,True
20211222,20200102,08:00,CAJAMARCA,PE-3N,43,CHOQUE,0,0,43.0,2020-01-02,PE-3N,-11.234375670203802,-75.93904290138659,True
20211222,20200102,00:40,LIMA,PE-22,81,CHOQUE,0,1,81.0,2020-01-02,PE-22,-11.816446982929918,-76.35813220106184,True
20211222,20200102,08:25,LIMA,PE-1S,81,DESPISTE,0,0,81.0,2020-01-02,PE-1S,-12.639890900342413,-76.66894619223838,True
20211222,20200102,11:20,LIMA,PE-1S,91,DESPISTE,0,1,91.0,2020-01-02,PE-1S,-12.88030885021823,-76.51103105481899,True
20211222,20200102,16:00,AREQUIPA,PE-34A,131,CHOQUE,4,3,131.0,2020-01-02,PE-34A,-16.019366874726785,-71.28883625054624,True
20211222,20200102,13:00,JUNIN,PE-22,148,CHOQUE,0,3,148.0,2020-01-02,PE-22,-11.592219175547797,-76.07674353256293,True
20211222,20200102,21:52,ANCASH,PE-16,162,CHOQUE,0,0,162.0,2020-01-02,PE-16,,,True
20211222,20200102,17:45,LIMA,PE-1N,191,DESPISTE,0,0,191.0,2020-01-02,PE-1N,-10.82439974547155,-77.7007471042943,True
20211222,20200102,23:50,PUNO,PE-34H,226,DESPISTE,3,41,226.0,2020-01-02,PE-34H,-14.32900856180956,-69.46626222165477,True
20211222,20200102,00:40,ANCASH,PE-1N,276,CHOQUE,2,6,276.0,2020-01-02,PE-1N,-10.191202477969616,-78.06106609234054,True
20211222,20200102,15:45,AMAZONAS,PE-08B,294,DESPISTE,0,1,294.0,2020-01-02,PE-08B,-6.363163547451908,-77.92105094244381,True
20211222,20200102,06:00,APURIMAC,PE-3S,370,DESPISTE,0,2,370.0,2020-01-02,PE-3S,-13.08493734413944,-74.22723005372004,True
20211222,20200102,09:30,SAN MARTIN,PE-5N,579,DESPISTE,0,2,579.0,2020-01-02,PE-5N,-8.565237243197382,-76.27963533872723,True
20211222,20200102,16:45,MADRE DE DIOS,PE-30C,587,DESPISTE,0,4,587.0,2020-01-02,PE-30C,-11.402825930720095,-69.42688948219995,True
20211222,20200102,21:20,AREQUIPA,PE-1S,951,CHOQUE,0,0,951.0,2020-01-02,PE-1S,-16.481515495271488,-71.90513785084899,True
20211222,20200102,20:15,TACNA,PE-34B,1018,DESPISTE,0,6,1018.0,2020-01-02,PE-34B,,,True
20211222,20200103,18:30,LIMA,LM-108,2,DESPISTE,0,2,2.0,2020-01-03,LM-108,,,True
20211222,20200103,06:50,LIMA,PE-1S,71,CHOQUE,0,2,71.0,2020-01-03,PE-1S,-12.570198805780505,-76.69642422185582,True
20211222,20200103,02:25,LIMA,PE-1S,81,CHOQUE,0,4,81.0,2020-01-03,PE-1S,-12.639890900342413,-76.66894619223838,True
20211222,20200103,11:40,LIMA,PE-1S,81,CHOQUE,0,0,81.0,2020-01-03,PE-1S,-12.639890900342413,-76.66894619223838,True
20211222,20200103,19:00,LAMBAYEQUE,PE-1N,105,CHOQUE,0,3,105.0,2020-01-03,PE-1N,-11.410001373372921,-77.3830893537015,True
20211222,20200103,23:45,LIMA,PE-1N,123,CHOQUE,0,1,123.0,2020-01-03,PE-1N,-11.311270458500552,-77.48462579699292,True
20211222,20200103,11:29,JUNIN,PE-22,141,CHOQUE,0,0,141.0,2020-01-03,PE-22,-11.600943513530941,-76.1305608728843,True
20211222,20200103,16:00,LIMA,PE-1N,158,CHOQUE,0,2,158.0,2020-01-03,PE-1N,-11.033520215114203,-77.59178721245048,True
20211222,20200103,07:30,ICA,PE-1S,192,DESPISTE,0,2,192.0,2020-01-03,PE-1S,-13.420166072049675,-76.13733472259989,True
20211222,20200103,01:00,AYACUCHO,PE-28A,233,DESPISTE,0,0,233.0,2020-01-03,PE-28A,-13.355416214838,-74.766465279269,True
20211222,20200103,06:50,PUNO,PE-34A,244,CHOQUE,0,1,244.0,2020-01-03,PE-34A,-15.681300394043749,-70.55643294570511,True
20211222,20200103,10:10,ANCASH,PE-3N,388,DESPISTE,0,1,388.0,2020-01-03,PE-3N,-9.899706390295293,-76.9405823657208,True
20211222,20200103,01:20,AREQUIPA,PE-1S,953,CHOQUE,0,2,953.0,2020-01-03,PE-1S,-16.482850876228902,-71.88891831664078,True
20211222,20200103,23:50,PIURA,PE-1N,1009,DESPISTE,1,0,1009.0,2020-01-03,PE-1N,-5.098478603892822,-80.70459295668626,True
20211222,20200103,21:30,PUNO,PE-3S,1207,CHOQUE,0,4,1207.0,2020-01-03,PE-3S,-14.801578213679624,-70.71132555520762,True
20211222,20200104,11:10,ANCASH,PE-16,2,DESPISTE,0,0,2.0,2020-01-04,PE-16,-10.646153155420205,-77.80414823706126,True
20211222,20200104,12:30,AREQUIPA,PE-34,32,CHOQUE,0,0,32.0,2020-01-04,PE-34,-16.872387772538268,-72.02530603700922,True
20211222,20200104,21:40,LIMA,PE-1S,34,DESPISTE,0,2,34.0,2020-01-04,PE-1S,-12.295573558164342,-76.85896771526333,True
20211222,20200104,21:00,TACNA,PE-1SD,34,CHOQUE,2,0,34.0,2020-01-04,PE-1SD,-16.73264423454568,-72.40985333076307,True
20211222,20200104,23:50,JUNIN,PE-3S,37,DESPISTE,0,4,37.0,2020-01-04,PE-3S,-11.735716764101268,-75.7455294827613,True
20211222,20200104,17:30,UCAYALI,PE-5N,41,CHOQUE,0,2,41.0,2020-01-04,PE-5N,-10.733377902461903,-75.26545126281104,True
20211222,20200104,16:50,CAJAMARCA,PE-08B,45,CHOQUE,0,2,45.0,2020-01-04,PE-08B,-7.061731878739455,-78.29948696076289,True
20211222,20200104,01:50,JUNIN,PE-22,54,CHOQUE,0,0,54.0,2020-01-04,PE-22,-11.913917815241849,-76.546914318066,True
20211222,20200104,16:30,CAJAMARCA,PE-08A,62,DESPISTE,0,1,62.0,2020-01-04,PE-08A,-7.0651890380293265,-78.6137163851645,True
20211222,20200104,11:25,LIMA,PE-1N,111,DESPISTE,0,0,111.0,2020-01-04,PE-1N,-11.397662136794214,-77.41903008400746,True
20211222,20200104,09:30,LIMA,PE-1N,117,DESPISTE,0,1,117.0,2020-01-04,PE-1N,-11.355413761616138,-77.45269330688566,True
20211222,20200104,12:45,LIMA,PE-1S,120,DESPISTE,0,2,120.0,2020-01-04,PE-1S,-12.786263390694227,-76.5725835672223,True
20211222,20200104,12:05,HUANUCO,PE-3N,207,CHOQUE,0,1,207.0,2020-01-04,PE-3N,-10.147352180149273,-76.19254743407808,True
20211222,20200104,16:00,LAMBAYEQUE,PE-1N,829,DESPISTE,0,2,829.0,2020-01-04,PE-1N,-6.472558792443885,-80.10962815221993,True
20211222,20200105,19:50,ICA,PE-28A,4,CHOQUE,0,6,4.0,2020-01-05,PE-28A,-13.67995800703454,-76.12353796613705,True
20211222,20200105,19:50,LIMA,PE-1S,21,CHOQUE,0,2,21.0,2020-01-05,PE-1S,-12.233941721727907,-76.96055560500984,True
20211222,20200105,13:30,LIMA,PE-20A,25,CHOQUE,0,2,25.0,2020-01-05,PE-20A,-11.78617811740354,-76.98312056734912,True
20211222,20200105,13:40,JUNIN,PE-5S,45,CHOQUE,0,0,45.0,2020-01-05,PE-5S,-10.876895327888365,-74.98477749092497,True
20211222,20200105,10:54,LIMA,PE-1S,54,DESPISTE,0,2,54.0,2020-01-05,PE-1S,-12.433065910990313,-76.75429624325714,True
20211222,20200105,14:30,LIMA,PE-1N,83,CHOQUE,0,5,83.0,2020-01-05,PE-1N,-11.555918348742413,-77.26964221100262,True
20211222,20200105,16:50,LAMBAYEQUE,PE-1N,91,CHOQUE,0,1,91.0,2020-01-05,PE-1N,-11.493239872762386,-77.30375846221524,True
20211222,20200105,04:55,LIMA,PE-22,96,CHOQUE,0,3,96.0,2020-01-05,PE-22,-11.756422594262663,-76.2974607318637,True
20211222,20200105,14:10,LIMA,PE-1N,106,CHOQUE,0,2,106.0,2020-01-05,PE-1N,-11.40837388842147,-77.39117391690948,True
20211222,20200105,07:20,LIMA,PE-22,129,CHOQUE,0,0,129.0,2020-01-05,PE-22,-11.609960132545957,-76.20242925515117,True
20211222,20200105,15:45,PASCO,PE-3N,137,CHOQUE,0,2,137.0,2020-01-05,PE-3N,-10.661611148591415,-76.17476146280698,True
20211222,20200105,23:30,AREQUIPA,PE-34A,158,DESPISTE,0,0,158.0,2020-01-05,PE-34A,-15.876313756886848,-71.14759094840421,True
20211222,20200105,13:40,ANCASH,PE-1N,309,CHOQUE,3,4,309.0,2020-01-05,PE-1N,-9.949463682453223,-78.21179772134653,True
20211222,20200105,18:30,MOQUEGUA,PE-1S,1136,DESPISTE,0,0,1136.0,2020-01-05,PE-1S,-17.204020565936073,-70.99276299809735,True
20211222,20200105,17:00,PUNO,PE-3S,1258,DESPISTE,0,5,1258.0,2020-01-05,PE-3S,-15.067204219928973,-70.35604412309293,True
20211222,20200105,10:20,AREQUIPA,PE-34E,1300,CHOQUE,0,0,1300.0,2020-01-05,PE-34E,,,True
20211222,20200106,15:40,LIMA,PE-22,10,CHOQUE,0,0,10.0,2020-01-06,PE-22,-12.014765915292111,-76.90390513720499,True
20211222,20200106,06:00,LA LIBERTAD,PE-5N,20,DESPISTE,0,7,20.0,2020-01-06,PE-5N,-10.831369800683277,-75.29146856804354,True
20211222,20200106,23:40,AYACUCHO,PE-28B,28,DESPISTE,0,0,28.0,2020-01-06,PE-28B,-13.011556240357441,-74.12240369045043,True
20211222,20200106,22:30,PUNO,PE-30A,75,CHOQUE,1,0,75.0,2020-01-06,PE-30A,-14.698596110321049,-74.52210657670899,True
20211222,20200106,16:00,ICA,PE-30A,118,DESPISTE,0,0,118.0,2020-01-06,PE-30A,-14.602414330056641,-74.27675927216632,True
20211222,20200106,13:45,HUANCAVELICA,PE-3S,135,ATROPELLO,1,0,135.0,2020-01-06,PE-3S,-12.154452673197264,-75.21737414495493,True
20211222,20200106,02:30,ICA,PE-1S,196,ATROPELLO,1,0,196.0,2020-01-06,PE-1S,-13.455371411323036,-76.13624321271496,True
20211222,20200106,11:20,ICA,PE-1S,273,ATROPELLO,1,0,273.0,2020-01-06,PE-1S,-13.933963768986363,-75.87989196932685,True
20211222,20200106,00:20,AREQUIPA,PE-1S,571,CHOQUE,16,46,571.0,2020-01-06,PE-1S,-15.69636854946354,-74.51150743383263,True
20211222,20200106,12:30,AREQUIPA,PE-1S,902,DESPISTE,0,1,902.0,2020-01-06,PE-1S,-16.414877375664208,-72.24116631900135,True
20211222,20200106,14:20,AREQUIPA,PE-1S,988,CHOQUE,2,5,988.0,2020-01-06,PE-1S,-16.692018099290703,-71.87064469727024,True
20211222,20200107,15:00,LIMA,PE-1S,29,CHOQUE,0,1,29.0,2020-01-07,PE-1S,-12.271264375020683,-76.89771906411094,True
20211222,20200107,11:30,HUANUCO,PE-18A,111,DESPISTE,0,0,111.0,2020-01-07,PE-18A,-9.397053301313404,-75.9720273394189,True
20211222,20200107,04:30,HUANCAVELICA,PE-28A,124,ESPECIAL,0,2,124.0,2020-01-07,PE-28A,-13.604602004186292,-75.31187792953601,True
20211222,20200107,16:30,AREQUIPA,PE-34A,151,DESPISTE,0,1,151.0,2020-01-07,PE-34A,-15.917317650936367,-71.19002941273403,True
20211222,20200107,05:00,CUSCO,PE-3S,155,CHOQUE,1,0,155.0,2020-01-07,PE-3S,-12.286136022260148,-75.10549425421279,True
20211222,20200107,06:15,ANCASH,PE-1N,246,DESPISTE,0,3,246.0,2020-01-07,PE-1N,-10.40379926547519,-77.97357161774444,True
20211222,20200107,19:30,APURIMAC,PE-30A,283,DESPISTE,0,6,283.0,2020-01-07,PE-30A,-14.560207151436073,-73.39365471532108,True
20211222,20200107,17:15,ANCASH,PE-1N,287,DESPISTE,0,1,287.0,2020-01-07,PE-1N,-10.11942413504733,-78.12951313843973,True
20211222,20200107,03:15,ICA,PE-1S,315,DESPISTE,0,1,315.0,2020-01-07,PE-1S,-14.21472439876255,-75.70960798522643,True
20211222,20200107,08:10,ANCASH,PE-3N,629,CHOQUE,0,2,629.0,2020-01-07,PE-3N,-9.187671502929181,-77.71499974696863,True
20211222,20200107,13:00,CUSCO,PE-3S,870,CHOQUE,0,1,870.0,2020-01-07,PE-3S,-13.56358383888369,-72.59481818730627,True
20211222,20200107,16:30,AREQUIPA,PE-1S,872,DESPISTE,0,0,872.0,2020-01-07,PE-1S,-16.5292352858772,-72.4834219545551,True
20211222,20200107,06:00,CUSCO,PE-3S,1063,CHOQUE,0,0,1063.0,2020-01-07,PE-3S,-13.96216670533886,-71.49567831900252,True
20211222,20200108,11:35,JUNIN,PE-22,15,DESPISTE,0,1,15.0,2020-01-08,PE-22,-12.009110258062895,-76.86462725519605,True
20211222,20200108,16:30,AREQUIPA,PE-34E,23,DESPISTE,2,4,23.0,2020-01-08,PE-34E,-15.890242652728162,-71.38016854582028,True
20211222,20200108,07:35,JUNIN,PE-22,37,DESPISTE,0,1,37.0,2020-01-08,PE-22,-11.927261784218167,-76.68757733716595,True
20211222,20200108,21:00,LIMA,PE-1N,48,CHOQUE,0,0,48.0,2020-01-08,PE-1N,-11.746533717388017,-77.1427832539304,True
20211222,20200108,15:20,CAJAMARCA,PE-3N,50,DESPISTE,0,0,50.0,2020-01-08,PE-3N,-11.182230842609718,-75.9751351276583,True
20211222,20200108,03:30,PIURA,PE-1N,61,CHOQUE,0,0,61.0,2020-01-08,PE-1N,-11.674581230537576,-77.18383697596562,True
20211222,20200108,21:00,HUANCAVELICA,PE-28A,80,CHOQUE,1,0,80.0,2020-01-08,PE-28A,-13.566242965586543,-75.53622479550833,True
20211222,20200108,14:40,AREQUIPA,PE-34A,141,DESPISTE,0,2,141.0,2020-01-08,PE-34A,-15.97540547340345,-71.23018207092383,True
20211222,20200108,10:00,PUNO,PE-34A,205,DESPISTE,0,2,205.0,2020-01-08,PE-34A,-15.710261864557383,-70.81635288482103,True
20211222,20200108,11:30,HUANUCO,PE-3N,272,DESPISTE,0,2,272.0,2020-01-08,PE-3N,-9.891619153917302,-76.47723163554225,True
20211222,20200108,04:20,ICA,PE-1S,331,CHOQUE,2,5,331.0,2020-01-08,PE-1S,-14.343781627394188,-75.65228696457535,True
20211222,20200108,05:30,ANCASH,PE-1N,416,ATROPELLO,1,0,416.0,2020-01-08,PE-1N,-9.073902877744615,-78.58621019890153,True
20211222,20200109,12:20,ANCASH,PE-12B,8,DESPISTE,0,25,8.0,2020-01-09,PE-12B,-8.577755353189174,-77.58023197024873,True
20211222,20200109,05:30,LA LIBERTAD,PE-1NF,9,DESPISTE,0,0,9.0,2020-01-09,PE-1NF,-7.7728592273258865,-79.12734620919049,True
20211222,20200109,15:25,CAJAMARCA,PE-06B,11,CHOQUE,0,3,11.0,2020-01-09,PE-06B,-6.62417385432131,-79.17266339362733,True
20211222,20200109,18:20,AREQUIPA,PE-34A,88,CHOQUE,0,1,88.0,2020-01-09,PE-34A,-16.08524756822264,-71.59753155397208,True
20211222,20200109,21:30,LAMBAYEQUE,PE-1N,89,CHOQUE,0,1,89.0,2020-01-09,PE-1N,-11.510274217605199,-77.29781520138859,True
20211222,20200109,22:15,AREQUIPA,PE-34A,120,CHOQUE,0,4,120.0,2020-01-09,PE-34A,-16.060452023281886,-71.35842202328186,True
20211222,20200109,07:20,JUNIN,PE-22,135,CHOQUE,0,0,135.0,2020-01-09,PE-22,-11.599456452505919,-76.17882190241232,True
20211222,20200109,23:00,ANCASH,PE-1N,432,ESPECIAL,0,1,432.0,2020-01-09,PE-1N,-9.145095154630145,-78.51315023859239,True
20211222,20200109,06:30,SAN MARTIN,PE-5N,634,ESPECIAL,0,1,634.0,2020-01-09,PE-5N,-8.20931834186022,-76.48985248844635,True
20211222,20200109,09:40,LA LIBERTAD,PE-1N,655,DESPISTE,0,5,655.0,2020-01-09,PE-1N,-7.493190150768722,-79.41364949232052,True
20211222,20200109,10:30,AREQUIPA,PE-1S,823,ATROPELLO,1,0,823.0,2020-01-09,PE-1S,-16.60366685061711,-72.77022937218591,True
20211222,20200109,20:10,CUSCO,PE-3S,1067,DESPISTE,0,2,1067.0,2020-01-09,PE-3S,-13.992638377354945,-71.47912408495708,True
20211222,20200110,23:50,TACNA,PE-1SD,28,CHOQUE,0,0,28.0,2020-01-10,PE-1SD,-16.709830377680348,-72.43667432194448,True
20211222,20200110,23:15,LIMA,PE-1S,70,DESPISTE,0,5,70.0,2020-01-10,PE-1S,-12.564491612551635,-76.70353879228901,True
20211222,20200110,12:00,ICA,PE-30A,71,DESPISTE,2,0,71.0,2020-01-10,PE-30A,-14.717836438035924,-74.54806963121756,True
20211222,20200110,20:30,CAJAMARCA,PE-06B,79,CHOQUE,0,2,79.0,2020-01-10,PE-06B,-6.571844436044437,-78.8797826134629,True
20211222,20200110,23:30,LIMA,PE-1S,91,ATROPELLO,1,0,91.0,2020-01-10,PE-1S,-12.88030885021823,-76.51103105481899,True
20211222,20200110,19:50,JUNIN,PE-3N,94,CHOQUE,0,0,94.0,2020-01-10,PE-3N,-10.858704243616158,-76.13280503957236,True
20211222,20200110,16:40,LIMA,PE-1S,101,CHOQUE,0,0,101.0,2020-01-10,PE-1S,-12.965579224110076,-76.49906866679817,True
20211222,20200110,17:25,LIMA,PE-1S,129,DESPISTE,0,1,129.0,2020-01-10,PE-1S,-12.718464192723818,-76.62264499159544,True
20211222,20200110,17:00,LAMBAYEQUE,PE-06A,167,DESPISTE,0,2,167.0,2020-01-10,PE-06A,-6.453156285516313,-78.94884951773302,True
20211222,20200110,05:00,AREQUIPA,PE-34A,179,DESPISTE,1,4,179.0,2020-01-10,PE-34A,-15.764218560835296,-70.99473497219276,True
20211222,20200110,06:45,ICA,PE-1S,195,CHOQUE,0,1,195.0,2020-01-10,PE-1S,-13.44633654971133,-76.13571373010595,True
20211222,20200110,02:30,AMAZONAS,PE-5N,264,DESPISTE,0,6,264.0,2020-01-10,PE-5N,-9.37090110094311,-75.03480394668844,True
20211222,20200110,17:40,LA LIBERTAD,PE-1N,506,ESPECIAL,0,0,506.0,2020-01-10,PE-1N,-8.474150440212366,-78.70879689335314,True
20211222,20200110,06:30,LA LIBERTAD,PE-1N,620,CHOQUE,0,4,620.0,2020-01-10,PE-1N,-7.760332885175515,-79.26757204082433,True
20211222,20200111,17:40,ANCASH,AN-110,3,CHOQUE,0,0,3.0,2020-01-11,AN-110,,,True
20211222,20200111,17:30,AREQUIPA,PE-34E,20,CHOQUE,0,10,20.0,2020-01-11,PE-34E,-15.913223014238339,-71.3771122315171,True
20211222,20200111,11:00,LIMA,PE-1N,22,ATROPELLO,0,2,22.0,2020-01-11,PE-1N,-11.9378101158105,-77.071652940994,True
20211222,20200111,10:45,LIMA,PE-1N,75,ESPECIAL,0,2,75.0,2020-01-11,PE-1N,-11.613182867318377,-77.23179150617773,True
20211222,20200111,03:20,LIMA,PE-22,87,CHOQUE,0,0,87.0,2020-01-11,PE-22,-11.78573755939325,-76.33445596411033,True
20211222,20200111,07:40,CAJAMARCA,PE-3N,94,CHOQUE,0,2,94.0,2020-01-11,PE-3N,-10.858704243616158,-76.13280503957236,True
20211222,20200111,07:46,LIMA,PE-22,100,CHOQUE,0,5,100.0,2020-01-11,PE-22,-11.737069789934658,-76.27081716074291,True
20211222,20200111,03:45,CUSCO,PE-28B,101,DESPISTE,0,0,101.0,2020-01-11,PE-28B,-12.804869817217103,-73.99282586851385,True
20211222,20200111,23:40,JUNIN,PE-3S,124,CHOQUE,0,0,124.0,2020-01-11,PE-3S,-12.065672229476357,-75.21746714620619,True
20211222,20200111,14:20,PUNO,PE-34H,131,CHOQUE,0,0,131.0,2020-01-11,PE-34H,-14.736741610912185,-69.62088822986983,True
20211222,20200111,22:10,JUNIN,PE-22,160,DESPISTE,0,0,160.0,2020-01-11,PE-22,-11.622936231693409,-75.98611727057623,True
20211222,20200111,06:45,ICA,PE-1S,187,CHOQUE,0,1,187.0,2020-01-11,PE-1S,-13.412506419483764,-76.17985460496799,True
20211222,20200111,20:30,LA LIBERTAD,PE-1N,518,CHOQUE,0,0,518.0,2020-01-11,PE-1N,-8.413170543522254,-78.79639097254264,True
20211222,20200111,17:05,AREQUIPA,PE-1S,587,DESPISTE,0,0,587.0,2020-01-11,PE-1S,-15.784378471336861,-74.41680271843428,True
20211222,20200111,20:30,LAMBAYEQUE,PE-1N,768,CHOQUE,0,1,768.0,2020-01-11,PE-1N,-6.867067652913684,-79.81683900592715,True
20211222,20200111,00:30,PIURA,PE-1N,971,CHOQUE,0,1,971.0,2020-01-11,PE-1N,-5.381777936434147,-80.61494650627013,True
20211222,20200111,05:00,AREQUIPA,PE-1S,987,CHOQUE,0,0,987.0,2020-01-11,PE-1S,-16.682993038047282,-71.87082728244027,True
20211222,20200111,01:30,CUSCO,PE-3S,993,CHOQUE,1,0,993.0,2020-01-11,PE-3S,-13.587120180094713,-71.80363067310361,True
20211222,20200111,04:30,CUSCO,PE-3S,1106,CHOQUE,0,2,1106.0,2020-01-11,PE-3S,-14.231036187759857,-71.2767983893995,True
20211222,20200111,11:40,MOQUEGUA,PE-1S,1261,CHOQUE,0,1,1261.0,2020-01-11,PE-1S,-17.86799125519044,-70.46875736147983,True
20211222,20200112,19:45,PUNO,PE-34H,6,CHOQUE,1,0,6.0,2020-01-12,PE-34H,-15.446356435787227,-70.0918643947271,True
20211222,20200112,04:10,LAMBAYEQUE,PE-08,9,CHOQUE,1,1,9.0,2020-01-12,PE-08,-7.305209032771205,-79.40063895535793,True
20211222,20200112,15:30,ANCASH,AN-111,20,DESPISTE,0,1,20.0,2020-01-12,AN-111,,,True
20211222,20200112,00:30,LIMA,PE-1N,43,CHOQUE,0,1,43.0,2020-01-12,PE-1N,-11.784974397177368,-77.15432990082249,True
20211222,20200112,01:10,LIMA,PE-22,60,CHOQUE,0,2,60.0,2020-01-12,PE-22,-11.897486623435295,-76.50174954295629,True
20211222,20200112,16:30,LIMA,PE-1N,63,DESPISTE,0,5,63.0,2020-01-12,PE-1N,-11.660382751403565,-77.19309849631924,True
20211222,20200112,06:40,LIMA,PE-1S,66,DESPISTE,0,0,66.0,2020-01-12,PE-1S,-12.533231153707273,-76.72128827591987,True
20211222,20200112,23:20,UCAYALI,PE-18C,96,CHOQUE,2,0,96.0,2020-01-12,PE-18C,-8.433669736941066,-74.52413021166365,True
20211222,20200112,07:30,LIMA,PE-22,98,DESPISTE,0,0,98.0,2020-01-12,PE-22,-11.742844841375657,-76.28697679623323,True
20211222,20200112,16:50,AREQUIPA,PE-1SD,119,DESPISTE,0,2,119.0,2020-01-12,PE-1SD,-17.074223557548933,-71.92981939578927,True
20211222,20200112,14:30,JUNIN,PE-3S,137,CHOQUE,0,3,137.0,2020-01-12,PE-3S,-12.16987811971258,-75.2078416418391,True
20211222,20200112,01:55,LIMA,PE-1N,159,CHOQUE,1,27,159.0,2020-01-12,PE-1N,-11.02528560117257,-77.59539687942902,True
20211222,20200112,08:55,ICA,PE-1S,199,DESPISTE,0,2,199.0,2020-01-12,PE-1S,-13.48239984615401,-76.13863094744637,True
20211222,20200112,21:30,ICA,PE-1S,225,CHOQUE,0,0,225.0,2020-01-12,PE-1S,-13.70614189786825,-76.15149745123108,True
20211222,20200112,17:20,AMAZONAS,PE-08B,277,DESPISTE,0,0,277.0,2020-01-12,PE-08B,-6.471003218438617,-77.86123925003886,True
20211222,20200112,14:50,ANCASH,PE-1N,320,ESPECIAL,0,0,320.0,2020-01-12,PE-1N,-9.929232190782535,-78.2200854209799,True
20211222,20200112,03:45,MADRE DE DIOS,PE-30C,329,DESPISTE,0,1,329.0,2020-01-12,PE-30C,-12.896000526247652,-69.95817281545405,True
20211222,20200112,04:20,ICA,PE-1S,357,CHOQUE,5,6,357.0,2020-01-12,PE-1S,-14.453621816275781,-75.44695691025612,True
20211222,20200112,06:20,SAN MARTIN,PE-5N,390,DESPISTE,0,0,390.0,2020-01-12,PE-5N,-8.97754357113893,-75.44424124285464,True
20211222,20200112,17:30,MADRE DE DIOS,PE-30C,460,DESPISTE,1,3,460.0,2020-01-12,PE-30C,-12.339030560872645,-69.16122977511868,True
20211222,20200112,13:10,LA LIBERTAD,PE-1N,521,CHOQUE,0,3,521.0,2020-01-12,PE-1N,-8.406576634477572,-78.82284018698138,True
20211222,20200112,15:00,AREQUIPA,PE-1S,576,CHOQUE,0,1,576.0,2020-01-12,PE-1S,-15.717539303462578,-74.47261015738457,True
20211222,20200112,18:35,LA LIBERTAD,PE-1N,656,DESPISTE,0,6,656.0,2020-01-12,PE-1N,-7.484918114469372,-79.41757040974797,True
20211222,20200112,18:10,AREQUIPA,PE-1S,688,DESPISTE,0,0,688.0,2020-01-12,PE-1S,-16.194226333086153,-73.72762121356185,True
20211222,20200112,09:00,PUNO,PE-3S,1300,CHOQUE,0,1,1300.0,2020-01-12,PE-3S,-15.347307717438202,-70.17990620884851,True
20211222,20200112,04:25,CAJAMARCA,PE-3N,1814,CHOQUE,0,2,1814.0,2020-01-12,PE-3N,-5.112729291620844,-79.4727368968245,True
20211222,20200113,15:20,AMAZONAS,PE-5N,12,CHOQUE,0,0,12.0,2020-01-13,PE-5N,-10.88113799290691,-75.2769649114965,True
20211222,20200113,19:00,JUNIN,PE-5S,12,DESPISTE,0,0,12.0,2020-01-13,PE-5S,-10.943693276175674,-75.21270161931544,True
20211222,20200113,17:40,JUNIN,PE-3S,46,CHOQUE,0,0,46.0,2020-01-13,PE-3S,-11.788247952985962,-75.69078798946322,True
20211222,20200113,13:20,JUNIN,PE-3S,46,CHOQUE,0,1,46.0,2020-01-13,PE-3S,-11.788247952985962,-75.69078798946322,True
20211222,20200113,20:20,HUANUCO,PE-18A,50,DESPISTE,0,0,50.0,2020-01-13,PE-18A,-9.703497429080056,-76.08785883365138,True
20211222,20200113,15:35,PUNO,PE-34H,55,DESPISTE,0,0,55.0,2020-01-13,PE-34H,-15.18054179264034,-69.83202872009144,True
20211222,20200113,22:00,AREQUIPA,PE-34A,76,DESPISTE,0,0,76.0,2020-01-13,PE-34A,-16.154933917739758,-71.64488708409979,True
20211222,20200113,18:50,LAMBAYEQUE,PE-06A,92,CHOQUE,1,0,92.0,2020-01-13,PE-06A,-6.555646452844876,-79.22320977591751,True
20211222,20200113,16:20,AMAZONAS,PE-5N,135,DESPISTE,0,3,135.0,2020-01-13,PE-5N,-10.410842249890758,-74.9766566579266,True
20211222,20200113,15:50,LA LIBERTAD,PE-1N,561,ATROPELLO,0,1,561.0,2020-01-13,PE-1N,-8.135919603030302,-79.0264438826703,True
20211222,20200113,13:10,TACNA,PE-1S,1235,DESPISTE,0,1,1235.0,2020-01-13,PE-1S,-17.78283434016084,-70.69458978736056,True
20211222,20200114,11:40,LIMA,PE-1S,24,CHOQUE,1,0,24.0,2020-01-14,PE-1S,-12.246584742503304,-76.93618987426358,True
20211222,20200114,16:30,LIMA,PE-1SJ,32,CHOQUE,0,2,32.0,2020-01-14,PE-1SJ,,,True
20211222,20200114,13:35,LIMA,PE-1N,75,CHOQUE,0,1,75.0,2020-01-14,PE-1N,-11.613182867318377,-77.23179150617773,True
20211222,20200114,13:55,PUNO,PE-34H,86,CHOQUE,0,2,86.0,2020-01-14,PE-34H,-14.935168507790745,-69.86844706220911,True
20211222,20200114,18:00,HUANCAVELICA,PE-28A,114,DESPISTE,0,1,114.0,2020-01-14,PE-28A,-13.608221384673639,-75.34842628061585,True
20211222,20200114,16:30,LIMA,PE-1S,125,DESPISTE,0,0,125.0,2020-01-14,PE-1S,-12.691485723558252,-76.64630842914163,True
20211222,20200114,13:30,JUNIN,PE-22,145,DESPISTE,0,0,145.0,2020-01-14,PE-22,-11.598390373717042,-76.09986900609309,True
20211222,20200114,02:40,LIMA,PE-1N,201,DESPISTE,0,0,201.0,2020-01-14,PE-1N,-10.706244079386234,-77.77229231229641,True
20211222,20200114,15:00,ANCASH,PE-1N,331,DESPISTE,1,5,331.0,2020-01-14,PE-1N,-9.794747917765644,-78.21003300553888,True
20211222,20200114,12:30,APURIMAC,PE-3S,828,DESPISTE,0,3,828.0,2020-01-14,PE-3S,-13.537129098235747,-72.76090244440785,True
20211222,20200114,02:30,CUSCO,PE-3S,970,DESPISTE,0,3,970.0,2020-01-14,PE-3S,-13.527142714320881,-71.98387139884275,True
20211222,20200114,19:10,CUSCO,PE-3S,1009,CHOQUE,0,2,1009.0,2020-01-14,PE-3S,-13.649496668963742,-71.68790685625908,True
20211222,20200115,18:00,LIMA,PE-20A,6,CHOQUE,0,0,6.0,2020-01-15,PE-20A,-11.887597222291026,-77.04226389677784,True
20211222,20200115,21:30,AMAZONAS,PE-5N,7,DESPISTE,0,1,7.0,2020-01-15,PE-5N,-10.91481897962098,-75.28636583995102,True
20211222,20200115,21:35,PIURA,PE-02A,8,DESPISTE,1,0,8.0,2020-01-15,PE-02A,-5.228394255237369,-80.04303165507042,True
20211222,20200115,07:50,LIMA,PE-1S,32,DESPISTE,0,1,32.0,2020-01-15,PE-1S,-12.285857745341351,-76.87447302295651,True
20211222,20200115,03:00,JUNIN,PE-3S,37,CHOQUE,0,8,37.0,2020-01-15,PE-3S,-11.735716764101268,-75.7455294827613,True
20211222,20200115,17:40,JUNIN,PE-3S,62,DESPISTE,0,1,62.0,2020-01-15,PE-3S,-11.787848655787,-75.57757554886017,True
20211222,20200115,17:40,JUNIN,PE-3S,62,DESPISTE,0,1,62.0,2020-01-15,PE-3S,-11.787848655787,-75.57757554886017,True
20211222,20200115,20:15,LIMA,PE-1N,81,ATROPELLO,1,1,81.0,2020-01-15,PE-1N,-11.571969039919333,-77.26346688953588,True
20211222,20200115,03:30,JUNIN,PE-22,152,DESPISTE,0,0,152.0,2020-01-15,PE-22,-11.601612405995992,-76.0485109417629,True
20211222,20200115,16:00,PIURA,PE-1NJ,154,DESPISTE,0,6,154.0,2020-01-15,PE-1NJ,-5.549928070559667,-79.97229089240781,True
20211222,20200115,07:30,CAJAMARCA,PE-06B,155,DESPISTE,1,1,155.0,2020-01-15,PE-06B,,,True
20211222,20200115,09:30,HUANUCO,PE-14A,203,DESPISTE,0,0,203.0,2020-01-15,PE-14A,-9.029602178160983,-76.96195165268485,True
20211222,20200115,11:55,ICA,PE-1S,208,DESPISTE,0,2,208.0,2020-01-15,PE-1S,-13.561667758468053,-76.13377963684293,True
20211222,20200115,06:50,LIMA,PE-1N,217,DESPISTE,0,2,217.0,2020-01-15,PE-1N,-10.610319450820022,-77.86933038311314,True
20211222,20200115,18:00,ICA,PE-1S,268,DESPISTE,0,3,268.0,2020-01-15,PE-1S,-13.930876827655267,-75.9260155745409,True
20211222,20200115,08:30,AMAZONAS,PE-5N,273,DESPISTE,0,0,273.0,2020-01-15,PE-5N,-9.302564940829868,-75.01362100643227,True
20211222,20200115,15:47,ICA,PE-1S,283,ATROPELLO,0,1,283.0,2020-01-15,PE-1S,-13.954064295140578,-75.79204991262891,True
20211222,20200115,17:00,AYACUCHO,PE-28A,313,DESPISTE,0,0,313.0,2020-01-15,PE-28A,-13.231889604183896,-74.29151341644457,True
20211222,20200115,07:45,ANCASH,PE-1N,342,CHOQUE,0,0,342.0,2020-01-15,PE-1N,-9.72577111744347,-78.26773926152077,True
20211222,20200115,22:10,ANCASH,PE-1N,343,DESPISTE,0,2,343.0,2020-01-15,PE-1N,-9.717491844434532,-78.27142207246986,True
20211222,20200115,14:20,CUSCO,PE-3S,985,ATROPELLO,1,0,985.0,2020-01-15,PE-3S,-13.552073205324803,-71.8683391356709,True
20211222,20200115,12:50,Puno,PE-3S,1280,DESPISTE,0,1,1280.0,2020-01-15,PE-3S,-15.247670855829647,-70.31868233551553,True
20211222,20200116,18:20,LORETO,LO-103,11,CHOQUE,0,2,11.0,2020-01-16,LO-103,,,True
20211222,20200116,16:30,Cusco,PE-28B,14,ATROPELLO,0,1,14.0,2020-01-16,PE-28B,-13.064916090332591,-74.15754942573916,True
20211222,20200116,21:45,LIMA,PE-1NA,20,CHOQUE,0,0,20.0,2020-01-16,PE-1NA,-11.632460547867879,-77.21787541527529,True
20211222,20200116,03:44,CAJAMARCA,PE-06B,32,DESPISTE,0,7,32.0,2020-01-16,PE-06B,-6.67031799035681,-79.03682158343476,True
20211222,20200116,17:15,Arequipa,PE-34F,38,DESPISTE,0,0,38.0,2020-01-16,PE-34F,-14.547186098695677,-71.29783838037906,True
20211222,20200116,05:30,LIMA,PE-22,40,CHOQUE,0,0,40.0,2020-01-16,PE-22,-11.922662421178064,-76.66276017330814,True
20211222,20200116,04:00,LIMA,PE-20A,45,DESPISTE,1,3,45.0,2020-01-16,PE-20A,-11.690828925075904,-76.87872558991549,True
20211222,20200116,19:00,HUANUCO,PE-18A,49,DESPISTE,0,0,49.0,2020-01-16,PE-18A,-9.705607667047861,-76.09386480760455,True
20211222,20200116,15:00,AREQUIPA,PE-34A,53,CHOQUE,0,3,53.0,2020-01-16,PE-34A,-16.29736151775616,-71.64496526803876,True
20211222,20200116,14:00,LIMA,PE-1N,64,DESPISTE,0,1,64.0,2020-01-16,PE-1N,-11.654955855429053,-77.19964217875955,True
20211222,20200116,15:55,LIMA,PE-1S,77,CHOQUE,0,0,77.0,2020-01-16,PE-1S,-12.605222066120604,-76.66434305860507,True
20211222,20200116,23:50,AMAZONAS,PE-5N,81,CHOQUE,0,0,81.0,2020-01-16,PE-5N,-10.627815749918597,-75.11428185580851,True
20211222,20200116,00:38,LIMA,PE-22,92,DESPISTE,0,0,92.0,2020-01-16,PE-22,-11.773893554183966,-76.30487128337059,True
20211222,20200116,21:00,LIMA,PE-22,112,DESPISTE,0,0,112.0,2020-01-16,PE-22,-11.67094606237875,-76.25628872745061,True
20211222,20200116,21:50,Arequipa,PE-34A,124,CHOQUE,0,0,124.0,2020-01-16,PE-34A,-16.0460542491689,-71.325716288481,True
20211222,20200116,17:45,CAJAMARCA,PE-08B,130,DESPISTE,0,2,130.0,2020-01-16,PE-08B,-6.88441292444013,-78.09453806177392,True
20211222,20200116,09:00,HUANCAVELICA,PE-28A,137,DESPISTE,0,2,137.0,2020-01-16,PE-28A,-13.571233627228215,-75.24390390275661,True
20211222,20200116,18:30,JUNIN,PE-22,139,DESPISTE,0,0,139.0,2020-01-16,PE-22,-11.594107364437981,-76.1417273617344,True
20211222,20200116,19:30,ICA,PE-1S,299,ATROPELLO,0,2,299.0,2020-01-16,PE-1S,-14.083551454285402,-75.73300948109221,True
20211222,20200116,08:00,ANCASH,PE-1N,383,DESPISTE,0,0,383.0,2020-01-16,PE-1N,-9.432551725582474,-78.35903894261155,True
20211222,20200116,13:00,AYACUCHO,PE-3S,464,DESPISTE,0,4,464.0,2020-01-16,PE-3S,-13.424600571434432,-73.9806703106111,True
20211222,20200116,00:05,AREQUIPA,PE-1S,935,CHOQUE,2,0,935.0,2020-01-16,PE-1S,-16.426686366465475,-72.01811267502168,True
20211222,20200117,09:58,CUSCO,PE-34G,4,CHOQUE,0,2,4.0,2020-01-17,PE-34G,-14.502270246898446,-71.29010762809139,True
20211222,20200117,12:50,JUNIN,PE-3S,6,DESPISTE,0,0,6.0,2020-01-17,PE-3S,-11.551835706045312,-75.88094023259885,True
20211222,20200117,05:50,ANCASH,PE-16,49,DESPISTE,1,0,49.0,2020-01-17,PE-16,-10.312369794145322,-77.61639092678499,True
20211222,20200117,15:40,AREQUIPA,PE-34A,78,DESPISTE,1,9,78.0,2020-01-17,PE-34A,-16.142113182044103,-71.63598696282011,True
20211222,20200117,N.I.,LIMA,PE-1N,80,DESPISTE,0,0,80.0,2020-01-17,PE-1N,-11.580768556486749,-77.26134269665921,True
20211222,20200117,15:30,TACNA,PE-36A,124,DESPISTE,1,3,124.0,2020-01-17,PE-36A,-16.88389642101476,-70.45388953078617,True
20211222,20200117,12:30,CAJAMARCA,PE-08B,126,DESPISTE,1,1,126.0,2020-01-17,PE-08B,-6.8945044167030645,-78.08803455006132,True
20211222,20200117,05:00,AMAZONAS,PE-5N,285,DESPISTE,0,1,285.0,2020-01-17,PE-5N,-9.196734631521778,-75.00162308860433,True
20211222,20200117,19:50,APURIMAC,PE-3S,759,DESPISTE,2,2,759.0,2020-01-17,PE-3S,-13.680650394646301,-72.92208175738112,True
20211222,20200118,09:00,JUNIN,PE-3SA,19,DESPISTE,0,0,19.0,2020-01-18,PE-3SA,-11.671215847157283,-75.57354122416632,True
20211222,20200118,18:00,HUANUCO,PE-18A,20,DESPISTE,0,0,20.0,2020-01-18,PE-18A,-9.840868487207922,-76.13645475806253,True
20211222,20200118,09:30,LAMBAYEQUE,PE-1NJ,35,CHOQUE,0,1,35.0,2020-01-18,PE-1NJ,-6.384062643163248,-79.81831109467599,True
20211222,20200118,08:45,LIMA,PE-22,57,DESPISTE,0,0,57.0,2020-01-18,PE-22,-11.904877866652985,-76.52442776507175,True
20211222,20200118,17:50,JUNIN,PE-22,62,DESPISTE,0,4,62.0,2020-01-18,PE-22,-11.887771605999944,-76.48866801474028,True
20211222,20200118,09:30,AREQUIPA,PE-34E,63,DESPISTE,0,0,63.0,2020-01-18,PE-34E,-15.594237845408614,-71.41330518375867,True
20211222,20200118,20:00,CAJAMARCA,PE-06B,78,DESPISTE,0,0,78.0,2020-01-18,PE-06B,-6.5709388972732965,-78.88537849359874,True
20211222,20200118,15:30,LIMA,PE-1N,82,CHOQUE,0,1,82.0,2020-01-18,PE-1N,-11.563139040290405,-77.26547950067437,True
20211222,20200118,11:00,LA LIBERTAD,PE-1N,89,CHOQUE,0,1,89.0,2020-01-18,PE-1N,-11.510274217605199,-77.29781520138859,True
20211222,20200118,02:00,LIMA,PE-22,103,DESPISTE,0,0,103.0,2020-01-18,PE-22,-11.73365941660597,-76.26027361787592,True
20211222,20200118,19:00,LIMA,PE-1S,173,ESPECIAL,0,0,173.0,2020-01-18,PE-1S,-13.31228939314837,-76.2488838534249,True
20211222,20200118,10:30,AMAZONAS,PE-5N,233,DESPISTE,0,0,233.0,2020-01-18,PE-5N,-9.63070993265429,-75.01565915945017,True
20211222,20200118,12:30,PUNO,PE-34A,272,DESPISTE,0,0,272.0,2020-01-18,PE-34A,-15.636058105576884,-70.34378519322647,True
20211222,20200118,12:30,PUNO,PE-34A,272,DESPISTE,0,0,272.0,2020-01-18,PE-34A,-15.636058105576884,-70.34378519322647,True
20211222,20200118,19:40,CUSCO,PE-3S,1101,CHOQUE,0,14,1101.0,2020-01-18,PE-3S,-14.201569030939101,-71.311853979084,True
20211222,20200119,10:20,LA LIBERTAD,N.I.,0,CHOQUE,0,14,0.0,2020-01-19,N.I.,,,True
20211222,20200119,13:55,PUNO,PE-34H,36,CHOQUE,0,3,36.0,2020-01-19,PE-34H,-15.279722487965383,-69.92026169088594,True
20211222,20200119,21:30,CUSCO,CU-117,43,CHOQUE,0,1,43.0,2020-01-19,CU-117,,,True
20211222,20200119,17:45,PIURA,PE-1N,64,DESPISTE,0,1,64.0,2020-01-19,PE-1N,-11.654955855429053,-77.19964217875955,True
20211222,20200119,16:45,HUANCAVELICA,PE-28A,93,DESPISTE,0,1,93.0,2020-01-19,PE-28A,-13.60628533833686,-75.44957471521117,True
20211222,20200119,10:00,HUANUCO,PE-18A,110,CHOQUE,0,0,110.0,2020-01-19,PE-18A,-9.405851065045077,-75.97125275087122,True
20211222,20200119,17:00,AREQUIPA,PE-34A,117,CHOQUE,0,4,117.0,2020-01-19,PE-34A,-16.07585301286567,-71.37835088947384,True
20211222,20200119,07:00,ICA,PE-1S,202,DESPISTE,0,1,202.0,2020-01-19,PE-1S,-13.509412893205932,-76.14150131641694,True
20211222,20200119,10:50,LIMA,PE-1N,215,DESPISTE,0,0,215.0,2020-01-19,PE-1N,-10.627010220428128,-77.86229435880638,True
20211222,20200119,23:10,SAN MARTIN,PE-5N,572,CHOQUE,0,1,572.0,2020-01-19,PE-5N,-8.623896650143568,-76.25907236478307,True
20211222,20200119,04:00,LA LIBERTAD,PE-1N,713,CHOQUE,0,1,713.0,2020-01-19,PE-1N,-7.168776425926034,-79.44034730019166,True
20211222,20200120,10:45,JUNIN,PE-3N,1,DESPISTE,0,3,1.0,2020-01-20,PE-3N,-11.517927126735032,-75.91694947616219,True
20211222,20200120,21:30,ANCASH,PE-14,2,CHOQUE,0,0,2.0,2020-01-20,PE-14,-9.477382705238599,-78.25740456657272,True
20211222,20200120,10:00,HUANCAVELICA,PE-3SD,8,DESPISTE,1,2,8.0,2020-01-20,PE-3SD,-12.315261943649174,-75.03760123765551,True
20211222,20200120,22:45,LAMBAYEQUE,PE-1N,10,ATROPELLO,0,1,10.0,2020-01-20,PE-1N,-12.03649302662419,-77.04350242791477,True
20211222,20200120,14:00,LA LIBERTAD,PE-1S,14,CHOQUE,1,0,14.0,2020-01-20,PE-1S,-12.179162609331884,-76.97661622827881,True
20211222,20200120,06:00,LIMA,PE-1N,106,CHOQUE,0,0,106.0,2020-01-20,PE-1N,-11.40837388842147,-77.39117391690948,True
20211222,20200120,13:10,AREQUIPA,PE-34A,109,DESPISTE,0,0,109.0,2020-01-20,PE-34A,-16.070976544999027,-71.43778707997863,True
20211222,20200120,02:30,LIMA,PE-1N,137,DESPISTE,0,0,137.0,2020-01-20,PE-1N,-11.20835159335499,-77.55910968041177,True
20211222,20200120,13:20,AREQUIPA,PE-34A,146,DESPISTE,1,5,146.0,2020-01-20,PE-34A,-15.960645694918849,-71.19795227796749,True
20211222,20200120,03:10,LIMA,PE-1N,159,DESPISTE,0,7,159.0,2020-01-20,PE-1N,-11.02528560117257,-77.59539687942902,True
20211222,20200120,15:30,JUNIN,PE-3S,162,DESPISTE,0,0,162.0,2020-01-20,PE-3S,-12.326837152254068,-75.07310018760478,True
20211222,20200120,21:00,PIURA,PE-1N,234,ATROPELLO,0,1,234.0,2020-01-20,PE-1N,-10.469262528792807,-77.91553945399994,True
20211222,20200120,00:36,ICA,PE-1S,324,ATROPELLO,1,0,324.0,2020-01-20,PE-1S,-14.289236934885837,-75.67940116151505,True
20211222,20200120,13:45,SAN MARTIN,PE-5N,397,DESPISTE,0,0,397.0,2020-01-20,PE-5N,-9.007292714962619,-75.48452302490864,True
20211222,20200120,21:20,ICA,PE-1S,461,ATROPELLO,1,0,461.0,2020-01-20,PE-1S,-14.953953076976926,-74.98685684299669,True
20211222,20200120,21:40,AREQUIPA,PE-1S,668,DESPISTE,0,0,668.0,2020-01-20,PE-1S,-16.10943271251275,-73.88700785564222,True
20211222,20200121,07:40,JUNIN,N.I.,30,DESPISTE,0,1,30.0,2020-01-21,N.I.,,,True
20211222,20200121,06:36,TACNA,PE-36,34,DESPISTE,0,0,34.0,2020-01-21,PE-36,-17.68707888060677,-71.28782873458876,True
20211222,20200121,10:25,TACNA,N.I.,44,DESPISTE,0,2,44.0,2020-01-21,N.I.,,,True
20211222,20200121,23:50,LIMA,PE-1N,48,CHOQUE,0,0,48.0,2020-01-21,PE-1N,-11.746533717388017,-77.1427832539304,True
20211222,20200121,06:45,LIMA,PE-22,57,CHOQUE,0,2,57.0,2020-01-21,PE-22,-11.904877866652985,-76.52442776507175,True
20211222,20200121,20:30,HUANCAVELICA,PE-28A,66,DESPISTE,0,0,66.0,2020-01-21,PE-28A,-13.605997574680439,-75.62466955710113,True
20211222,20200121,04:30,ANCASH,PE-16,82,DESPISTE,0,1,82.0,2020-01-21,PE-16,-10.156596448568033,-77.4623308667949,True
20211222,20200121,08:30,AYACUCHO,PE-30A,100,CHOQUE,0,0,100.0,2020-01-21,PE-30A,-14.656894728569501,-74.30981481088891,True
20211222,20200121,21:00,TACNA,N.I.,108,CHOQUE,0,0,108.0,2020-01-21,N.I.,,,True
20211222,20200121,19:30,JUNIN,PE-3S,111,ATROPELLO,0,1,111.0,2020-01-21,PE-3S,-11.965443507157802,-75.27185177840758,True
20211222,20200121,06:10,AMAZONAS,PE-5N,230,DESPISTE,0,0,230.0,2020-01-21,PE-5N,-9.656551473568951,-75.02170702401928,True
20211222,20200121,09:15,ANCASH,PE-1N,252,CHOQUE,0,0,252.0,2020-01-21,PE-1N,-10.368553675775402,-78.01457666703017,True
20211222,20200121,02:40,ICA,PE-1S,271,ATROPELLO,0,1,271.0,2020-01-21,PE-1S,-13.932722924064585,-75.89834219492161,True
20211222,20200121,02:30,ICA,PE-1S,271,ATROPELLO,0,1,271.0,2020-01-21,PE-1S,-13.932722924064585,-75.89834219492161,True
20211222,20200121,11:10,MADRE DE DIOS,PE-30C,274,DESPISTE,0,0,274.0,2020-01-21,PE-30C,-12.976325973843206,-70.34440806128812,True
20211222,20200121,11:40,ANCASH,PE-1N,275,DESPISTE,0,3,275.0,2020-01-21,PE-1N,-10.197055700807145,-78.05411288437452,True
20211222,20200121,01:25,ANCASH,PE-1N,323,DESPISTE,0,4,323.0,2020-01-21,PE-1N,-9.840055976561358,-78.18228852344514,True
20211222,20200121,07:00,ANCASH,N.I.,622,DESPISTE,0,1,622.0,2020-01-21,N.I.,,,True
20211222,20200121,00:00,LAMBAYEQUE,PE-1N,920,CHOQUE,0,9,920.0,2020-01-21,PE-1N,-5.834835075707951,-80.53810491044655,True
20211222,20200122,02:48,JUNIN,N.I.,10,DESPISTE,0,1,10.0,2020-01-22,N.I.,,,True
20211222,20200122,10:50,JUNIN,PE-3S,22,CHOQUE,2,8,22.0,2020-01-22,PE-3S,-11.646044336534958,-75.81339646544654,True
20211222,20200122,03:30,JUNIN,PE-22,27,DESPISTE,0,1,27.0,2020-01-22,PE-22,-11.97322028669272,-76.75903242350141,True
20211222,20200122,19:00,AYACUCHO,N.I.,45,DESPISTE,0,5,45.0,2020-01-22,N.I.,,,True
20211222,20200122,07:00,LIMA,PE-1N,70,DESPISTE,0,0,70.0,2020-01-22,PE-1N,-11.608566565769253,-77.19744637726484,True
20211222,20200122,04:30,LIMA,PE-22,80,ESPECIAL,0,2,80.0,2020-01-22,PE-22,-11.8234288326603,-76.36366885539607,True
20211222,20200122,07:20,CAJAMARCA,PE-08,85,DESPISTE,0,0,85.0,2020-01-22,PE-08,-7.2295221312555045,-78.89234718790661,True
20211222,20200122,11:20,LIMA,PE-22,111,CHOQUE,0,0,111.0,2020-01-22,PE-22,-11.678630463904785,-76.25802822208564,True
20211222,20200122,02:00,AREQUIPA,PE-34A,136,DESPISTE,0,2,136.0,2020-01-22,PE-34A,-15.996477473793243,-71.25509810275335,True
20211222,20200122,00:30,ICA,PE-1S,200,CHOQUE,0,5,200.0,2020-01-22,PE-1S,-13.491406913312126,-76.1395671272503,True
20211222,20200122,10:45,ICA,PE-1S,222,DESPISTE,0,0,222.0,2020-01-22,PE-1S,-13.680600273229356,-76.1593868913839,True
20211222,20200122,18:22,ANCASH,PE-1N,419,CHOQUE,1,2,419.0,2020-01-22,PE-1N,-9.050080607133513,-78.59435372965768,True
20211222,20200122,06:20,HUANUCO,N.I.,459,DESPISTE,0,0,459.0,2020-01-22,N.I.,,,True
20211222,20200122,18:15,LA LIBERTAD,PE-1N,512,ESPECIAL,0,0,512.0,2020-01-22,PE-1N,-8.441581073666342,-78.75152594486185,True
20211222,20200122,20:25,ANCASH,N.I.,639,DESPISTE,0,1,639.0,2020-01-22,N.I.,,,True
20211222,20200122,00:50,AREQUIPA,PE-1S,649,DESPISTE,0,0,649.0,2020-01-22,PE-1S,-16.00810666410131,-74.0243726853094,True
20211222,20200122,03:00,AREQUIPA,PE-1S,922,DESPISTE,4,18,922.0,2020-01-22,PE-1S,-16.37792638331484,-72.12859524706015,True
20211222,20200122,07:15,MOQUEGUA,PE-1S,1131,CHOQUE,0,1,1131.0,2020-01-22,PE-1S,-17.196387949597874,-71.0249074853694,True
20211222,20200122,16:00,CAJAMARCA,PE-3N,1200,DESPISTE,0,3,1200.0,2020-01-22,PE-3N,-7.403443568860052,-78.12439614205483,True
20211222,20200122,13:10,CAJAMARCA,PE-3N,1382,DESPISTE,0,1,1382.0,2020-01-22,PE-3N,-6.71895114068008,-78.55618287623481,True
20211222,20200123,19:00,LIMA,PE-1N,4,CHOQUE,0,2,4.0,2020-01-23,PE-1N,-12.029881894044047,-76.99429512668502,True
20211222,20200123,16:30,LORETO,LO-103,9,CHOQUE,0,2,9.0,2020-01-23,LO-103,,,True
20211222,20200123,21:00,AREQUIPA,PE-34E,16,CHOQUE,0,0,16.0,2020-01-23,PE-34E,-15.941999106639202,-71.37230087098655,True
20211222,20200123,06:00,AREQUIPA,PE-34E,33,CHOQUE,0,2,33.0,2020-01-23,PE-34E,-15.804671631085437,-71.3776362168279,True
20211222,20200123,08:45,CUSCO,N.I.,68,DESPISTE,0,0,68.0,2020-01-23,N.I.,,,True
20211222,20200123,08:48,TACNA,PE-1SD,69,DESPISTE,0,0,69.0,2020-01-23,PE-1SD,-16.864811229645518,-72.21297233731023,True
20211222,20200123,05:00,LIMA,PE-22,70,DESPISTE,0,0,70.0,2020-01-23,PE-22,-11.875756205625285,-76.43000257756621,True
20211222,20200123,22:15,LIMA,PE-1N,73,CHOQUE,0,3,73.0,2020-01-23,PE-1N,-11.607070047077743,-77.2146132156668,True
20211222,20200123,23:10,LIMA,PE-1S,93,CHOQUE,0,0,93.0,2020-01-23,PE-1S,-12.89743053079929,-76.5058393241351,True
20211222,20200123,22:45,AREQUIPA,PE-34A,122,CHOQUE,0,1,122.0,2020-01-23,PE-34A,-16.05432313808616,-71.3415513808625,True
20211222,20200123,14:10,LIMA,PE-1S,141,DESPISTE,0,1,141.0,2020-01-23,PE-1S,-13.097805878041688,-76.42495767818772,True
20211222,20200123,17:50,JUNIN,N.I.,142,DESPISTE,0,0,142.0,2020-01-23,N.I.,,,True
20211222,20200123,15:50,PUNO,N.I.,215,DESPISTE,0,0,215.0,2020-01-23,N.I.,,,True
20211222,20200123,00:00,PUNO,PE-34B,270,DESPISTE,0,1,270.0,2020-01-23,PE-34B,-13.57239640378865,-70.4451552692328,True
20211222,20200123,12:50,MADRE DE DIOS,PE-34B,406,DESPISTE,0,1,406.0,2020-01-23,PE-34B,,,True
20211222,20200123,21:30,ANCASH,PE-1N,425,CHOQUE,0,3,425.0,2020-01-23,PE-1N,-9.18980780862752,-78.4677134845769,True
20211222,20200123,01:40,SAN MARTIN,PE-5N,463,CHOQUE,0,1,463.0,2020-01-23,PE-5N,-9.215218061031333,-75.82926498939217,True
20211222,20200123,12:05,AREQUIPA,PE-1S,752,DESPISTE,0,0,752.0,2020-01-23,PE-1S,-16.390628305599048,-73.2448201603744,True
20211222,20200123,15:00,PIURA,PE-1N,920,DESPISTE,3,16,920.0,2020-01-23,PE-1N,-5.834835075707951,-80.53810491044655,True
20211222,20200123,19:40,LIMA,PE-1N,N.I.,ESPECIAL,0,1,,2020-01-23,PE-1N,-8.930614221999917,-78.63504476299994,True
20211222,20200124,17:35,CAJAMARCA,PE-3N,18,DESPISTE,0,0,18.0,2020-01-24,PE-3N,-11.414684620671022,-75.91301363032001,True
20211222,20200124,13:58,JUNIN,PE-3SA,22,DESPISTE,0,1,22.0,2020-01-24,PE-3SA,-11.649223393411342,-75.58924273148679,True
20211222,20200124,12:00,LIMA,PE-1NE,28,DESPISTE,1,0,28.0,2020-01-24,PE-1NE,-11.11224469431654,-77.34168509326452,True
20211222,20200124,09:00,LIMA,PE-20A,29,CHOQUE,0,1,29.0,2020-01-24,PE-20A,-11.754698381423792,-76.97121271482305,True
20211222,20200124,06:40,JUNIN,PE-3S,37,DESPISTE,0,0,37.0,2020-01-24,PE-3S,-11.735716764101268,-75.7455294827613,True
20211222,20200124,00:10,CAJAMARCA,PE-06B,39,DESPISTE,0,1,39.0,2020-01-24,PE-06B,-6.651900265735377,-79.0134414192381,True
20211222,20200124,10:00,JUNIN,PE-22,42,CHOQUE,0,1,42.0,2020-01-24,PE-22,-11.926045629736292,-76.64564268664563,True
20211222,20200124,17:50,JUNIN,PE-3S,59,DESPISTE,0,4,59.0,2020-01-24,PE-3S,-11.804062145470466,-75.59654688084296,True
20211222,20200124,02:00,AREQUIPA,PE-34A,122,CHOQUE,0,5,122.0,2020-01-24,PE-34A,-16.05432313808616,-71.3415513808625,True
20211222,20200124,12:30,AYACUCHO,PE-3S,133,DESPISTE,0,1,133.0,2020-01-24,PE-3S,-12.13816406247263,-75.22351011291738,True
20211222,20200124,17:00,AMAZONAS,PE-5N,290,DESPISTE,0,0,290.0,2020-01-24,PE-5N,-9.154357751385932,-75.00835476667118,True
20211222,20200124,20:30,ICA,PE-1S,422,CHOQUE,0,1,422.0,2020-01-24,PE-1S,-14.70948476221127,-75.09806914272544,True
20211222,20200124,22:50,ICA,PE-1S,424,CHOQUE,0,0,424.0,2020-01-24,PE-1S,-14.722428002718035,-75.0850995367212,True
20211222,20200124,14:50,LA LIBERTAD,PE-1N,468,CHOQUE,1,0,468.0,2020-01-24,PE-1N,-8.778540964336866,-78.63797557989793,True
20211222,20200124,11:30,PUNO,PE-3S,1326,CHOQUE,0,1,1326.0,2020-01-24,PE-3S,-15.548816785004153,-70.10908988790538,True
20211222,20200125,18:30,LIMA,LM-108,3,DESPISTE,0,0,3.0,2020-01-25,LM-108,,,True
20211222,20200125,10:30,LIMA,PE-20A,24,CHOQUE,0,1,24.0,2020-01-25,PE-20A,-11.794568590428844,-76.98218870247845,True
20211222,20200125,05:30,JUNIN,PE-22,55,DESPISTE,0,0,55.0,2020-01-25,PE-22,-11.909414656945225,-76.53915242226567,True
20211222,20200125,19:30,JUNIN,PE-3S,64,DESPISTE,0,0,64.0,2020-01-25,PE-3S,-11.784354545355463,-75.56332605162096,True
20211222,20200125,15:30,CUSCO,PE-28B,75,CHOQUE,0,3,75.0,2020-01-25,PE-28B,-12.897994414625632,-74.00788738917889,True
20211222,20200125,05:15,LIMA,PE-1S,84,DESPISTE,0,0,84.0,2020-01-25,PE-1S,-12.664674078988309,-76.6582442876618,True
20211222,20200125,21:00,LA LIBERTAD,PE-10A,104,CHOQUE,0,1,104.0,2020-01-25,PE-10A,-7.9939541123763584,-78.44354011537251,True
20211222,20200125,17:30,LAMBAYEQUE,PE-06A,108,DESPISTE,0,1,108.0,2020-01-25,PE-06A,-6.498584356779435,-79.15141794817757,True
20211222,20200125,06:00,LIMA,PE-22,123,CHOQUE,0,4,123.0,2020-01-25,PE-22,-11.628131262245393,-76.22187852450774,True
20211222,20200125,06:40,JUNIN,PE-22,156,CHOQUE,0,0,156.0,2020-01-25,PE-22,-11.615685053977664,-76.01899980956006,True
20211222,20200125,07:50,PUNO,PE-5N,156,CHOQUE,0,0,156.0,2020-01-25,PE-5N,-10.263069964765352,-74.97523427662267,True
20211222,20200125,22:15,ANCASH,PE-3N,208,CHOQUE,0,0,208.0,2020-01-25,PE-3N,-10.13945923136187,-76.19685189985053,True
20211222,20200125,03:00,ANCASH,PE-1N,443,CHOQUE,0,0,443.0,2020-01-25,PE-1N,-8.992411612131425,-78.61754992044506,True
20211222,20200125,09:30,LAMBAYEQUE,PE-1N,775,ATROPELLO,0,1,775.0,2020-01-25,PE-1N,-6.808528493314965,-79.82940358799993,True
20211222,20200125,10:15,TACNA,PE-1S,1261,ESPECIAL,0,5,1261.0,2020-01-25,PE-1S,-17.86799125519044,-70.46875736147983,True
20211222,20200125,10:48,TACNA,PE-1S,1333,CHOQUE,0,1,1333.0,2020-01-25,PE-1S,,,True
20211222,20200126,05:40,JUNIN,PE-3N,2,CHOQUE,0,1,2.0,2020-01-26,PE-3N,-11.516979329170939,-75.92525230461979,True
20211222,20200126,13:30,JUNIN,PE-3S,8,CHOQUE,0,5,8.0,2020-01-26,PE-3S,-11.562452109731616,-75.87145015420676,True
20211222,20200126,19:00,AREQUIPA,PE-1SD,23,DESPISTE,0,0,23.0,2020-01-26,PE-1SD,-16.696312986938654,-72.46594737546697,True
20211222,20200126,05:50,PUNO,PE-30A,24,DESPISTE,0,2,24.0,2020-01-26,PE-30A,-14.86041157865543,-74.78979369861463,True
20211222,20200126,12:45,CAJAMARCA,PE-06B,32,DESPISTE,0,2,32.0,2020-01-26,PE-06B,-6.67031799035681,-79.03682158343476,True
20211222,20200126,15:00,LIMA,PE-22,34,CHOQUE,0,1,34.0,2020-01-26,PE-22,-11.943607976705199,-76.70798178876893,True
20211222,20200126,16:15,AREQUIPA,PE-34A,63,CHOQUE,0,0,63.0,2020-01-26,PE-34A,-16.24108744454076,-71.66959297781624,True
20211222,20200126,18:45,LIMA,PE-1S,88,CHOQUE,0,2,88.0,2020-01-26,PE-1S,-12.85343704982726,-76.51281313599274,True
20211222,20200126,16:30,LIMA,PE-1S,131,ATROPELLO,1,0,131.0,2020-01-26,PE-1S,-13.02463008299992,-76.47484911599992,True
20211222,20200126,04:40,ANCASH,PE-3N,150,DESPISTE,0,0,150.0,2020-01-26,PE-3N,-10.572519302062434,-76.19077011845928,True
20211222,20200126,17:45,UCAYALI,PE-18C,169,DESPISTE,0,5,169.0,2020-01-26,PE-18C,-8.408889195633865,-74.02562947964988,True
20211222,20200126,13:40,AMAZONAS,PE-5N,243,CHOQUE,0,4,243.0,2020-01-26,PE-5N,-9.546265169548452,-75.01390731446371,True
20211222,20200126,15:00,ANCASH,PE-1N,286,DESPISTE,0,1,286.0,2020-01-26,PE-1N,-10.127116850567086,-78.12465946733163,True
20211222,20200126,13:15,ANCASH,PE-14,396,DESPISTE,0,2,396.0,2020-01-26,PE-14,,,True
20211222,20200126,04:30,ANCASH,PE-3N,530,DESPISTE,0,0,530.0,2020-01-26,PE-3N,-9.939805440845868,-77.38226101822987,True
20211222,20200126,14:55,ANCASH,PE-3N,640,DESPISTE,0,0,640.0,2020-01-26,PE-3N,-9.110353706639744,-77.76739501999992,True
20211222,20200126,07:30,AREQUIPA,PE-1S,975,CHOQUE,0,0,975.0,2020-01-26,PE-1S,-16.583764202714498,-71.84211431810736,True
20211222,20200126,10:45,PIURA,PE-1N,1003,CHOQUE,0,0,1003.0,2020-01-26,PE-1N,-5.147696505986928,-80.69696315081971,True
20211222,20200126,16:40,CUSCO,PE-3S,1074,DESPISTE,0,4,1074.0,2020-01-26,PE-3S,-14.034566225308884,-71.45035338054737,True
20211222,20200127,07:30,AREQUIPA,PE-34,47,DESPISTE,0,0,47.0,2020-01-27,PE-34,-16.965130364158476,-72.05702947572506,True
20211222,20200127,14:55,JUNIN,PE-3N,47,DESPISTE,0,0,47.0,2020-01-27,PE-3N,-11.20261058650003,-75.95686522977036,True
20211222,20200127,14:45,JUNIN,PE-3N,58,DESPISTE,0,0,58.0,2020-01-27,PE-3N,-11.115865908236632,-75.99390697089224,True
20211222,20200127,03:35,LIMA,PE-22,97,CHOQUE,0,1,97.0,2020-01-27,PE-22,-11.749547458497183,-76.29229812539438,True
20211222,20200127,12:15,LIMA,PE-22,109,DESPISTE,0,0,109.0,2020-01-27,PE-22,-11.691899155185,-76.26522503909958,True
20211222,20200127,03:10,LIMA,PE-22,117,CHOQUE,0,1,117.0,2020-01-27,PE-22,-11.652992464739166,-76.24041091487405,True
20211222,20200127,00:40,LIMA,PE-1S,121,DESPISTE,0,4,121.0,2020-01-27,PE-1S,-12.790608866315146,-76.56459083327856,True
20211222,20200127,10:30,LIMA,PE-1S,135,DESPISTE,0,1,135.0,2020-01-27,PE-1S,-13.05669968665426,-76.46048075215074,True
20211222,20200127,19:40,LIMA,PE-1N,182,CHOQUE,0,0,182.0,2020-01-27,PE-1N,-10.856911507689238,-77.69077024117122,True
20211222,20200127,19:15,ANCASH,PE-1N,340,DESPISTE,1,3,340.0,2020-01-27,PE-1N,-9.73497983478255,-78.2534406390236,True
20211222,20200127,10:45,APURIMAC,PE-3S,397,DESPISTE,0,0,397.0,2020-01-27,PE-3S,-13.201174479838656,-74.20997287045596,True
20211222,20200127,16:30,SAN MARTIN,PE-5N,542,DESPISTE,0,1,542.0,2020-01-27,PE-5N,-8.761343616030125,-76.12481731621209,True
20211222,20200127,06:50,SAN MARTIN,PE-5N,591,DESPISTE,0,1,591.0,2020-01-27,PE-5N,-8.464751012091991,-76.3176710101812,True
20211222,20200127,18:10,AREQUIPA,PE-1S,778,DESPISTE,0,0,778.0,2020-01-27,PE-1S,-16.431755684165132,-73.10412206118059,True
20211222,20200127,14:25,PUNO,PE-3S,1407,CHOQUE,0,1,1407.0,2020-01-27,PE-3S,-16.03493431062075,-69.72440022714157,True
20211222,20200128,07:00,AREQUIPA,PE-34E,3,DESPISTE,0,2,3.0,2020-01-28,PE-34E,-16.032064447258865,-71.40493145496897,True
20211222,20200128,17:11,AREQUIPA,PE-34E,8,DESPISTE,0,1,8.0,2020-01-28,PE-34E,-15.995529398956128,-71.39123335547323,True
20211222,20200128,05:00,LORETO,LO-103,10,ATROPELLO,1,1,10.0,2020-01-28,LO-103,,,True
20211222,20200128,07:00,LIMA,PE-1S,17,CHOQUE,0,2,17.0,2020-01-28,PE-1S,-12.205526681414192,-76.97483066750652,True
20211222,20200128,16:00,JUNIN,PE-3SA,30,DESPISTE,0,2,30.0,2020-01-28,PE-3SA,-11.623639807909912,-75.62414638567093,True
20211222,20200128,04:30,LIMA,PE-1S,46,DESPISTE,0,0,46.0,2020-01-28,PE-1S,-12.372193009712289,-76.78383275323904,True
20211222,20200128,04:00,JUNIN,PE-3S,74,DESPISTE,0,0,74.0,2020-01-28,PE-3S,-11.82511127072053,-75.49715399401276,True
20211222,20200128,04:00,JUNIN,PE-3S,74,DESPISTE,0,0,74.0,2020-01-28,PE-3S,-11.82511127072053,-75.49715399401276,True
20211222,20200128,06:50,UCAYALI,PE-18C,77,DESPISTE,0,0,77.0,2020-01-28,PE-18C,-8.398473677740864,-74.6053806324423,True
20211222,20200128,06:05,LIMA,PE-1S,91,CHOQUE,0,2,91.0,2020-01-28,PE-1S,-12.88030885021823,-76.51103105481899,True
20211222,20200128,07:10,LIMA,PE-1S,92,CHOQUE,0,1,92.0,2020-01-28,PE-1S,-12.889123464538072,-76.50939767097918,True
20211222,20200128,21:30,HUANUCO,PE-18A,116,ESPECIAL,0,1,116.0,2020-01-28,PE-18A,-9.354680072654643,-75.97874799245224,True
20211222,20200128,07:35,LIMA,PE-1N,119,CHOQUE,0,6,119.0,2020-01-28,PE-1N,-11.34068519664422,-77.46334435318555,True
20211222,20200128,06:00,LIMA,PE-1N,119,DESPISTE,0,0,119.0,2020-01-28,PE-1N,-11.34068519664422,-77.46334435318555,True
20211222,20200128,01:20,JUNIN,PE-3S,143,DESPISTE,0,1,143.0,2020-01-28,PE-3S,-12.209848912525723,-75.17450343041682,True
20211222,20200128,16:30,JUNIN,PE-22,161,DESPISTE,0,0,161.0,2020-01-28,PE-22,-11.614820939246561,-75.98319017965146,True
20211222,20200128,13:25,HUANCAVELICA,PE-3S,198,DESPISTE,0,2,198.0,2020-01-28,PE-3S,-12.520212736043828,-74.94737379262202,True
20211222,20200128,18:50,ICA,PE-1S,276,CHOQUE,0,4,276.0,2020-01-28,PE-1S,-13.935787056106248,-75.85221400587224,True
20211222,20200128,23:45,SAN MARTIN,PE-5N,462,CHOQUE,1,1,462.0,2020-01-28,PE-5N,-9.211686872413043,-75.82648518633553,True
20211222,20200128,06:40,MADRE DE DIOS,PE-30C,557,ATROPELLO,1,0,557.0,2020-01-28,PE-30C,-11.577073418886156,-69.28843997394193,True
20211222,20200128,06:45,AREQUIPA,PE-1S,860,DESPISTE,0,0,860.0,2020-01-28,PE-1S,-16.545892162153308,-72.59250543612465,True
20211222,20200128,16:00,AREQUIPA,PE-1S,860,CHOQUE,0,3,860.0,2020-01-28,PE-1S,-16.545892162153308,-72.59250543612465,True
20211222,20200128,19:30,CUSCO,N.I.,935,CHOQUE,0,1,935.0,2020-01-28,N.I.,,,True
20211222,20200128,11:30,PUNO,PE-3S,1290,CHOQUE,1,7,1290.0,2020-01-28,PE-3S,-15.28795843721869,-70.24473504208184,True
20211222,20200129,17:40,LORETO,LO-103,5,CHOQUE,0,2,5.0,2020-01-29,LO-103,,,True
20211222,20200129,00:10,AREQUIPA,PE-34A,15,VOLCADURA,0,0,15.0,2020-01-29,PE-34A,-16.468313949726124,-71.69514563016422,True
20211222,20200129,18:00,CUSCO,N.I.,18,DESPISTE,0,0,18.0,2020-01-29,N.I.,,,True
20211222,20200129,19:00,UCAYALI,PE-5N,56,DESPISTE,1,1,56.0,2020-01-29,PE-5N,-10.73108775704873,-75.19010554871481,True
20211222,20200129,22:00,LIMA,PE-22,81,CHOQUE,0,0,81.0,2020-01-29,PE-22,-11.816446982929918,-76.35813220106184,True
20211222,20200129,09:30,CUSCO,N.I.,101,DESPISTE,0,4,101.0,2020-01-29,N.I.,,,True
20211222,20200129,19:00,LIMA,PE-22,132,CHOQUE,0,0,132.0,2020-01-29,PE-22,-11.599434301998855,-76.19350382354745,True
20211222,20200129,19:50,JUNIN,PE-22,132,CHOQUE,0,0,132.0,2020-01-29,PE-22,-11.599434301998855,-76.19350382354745,True
20211222,20200129,16:30,ICA,PE-1S,184,CHOQUE,0,1,184.0,2020-01-29,PE-1S,-13.397333355183989,-76.19679180371396,True
20211222,20200129,14:30,PIURA,PE-1NJ,223,CHOQUE,0,2,223.0,2020-01-29,PE-1NJ,-5.159487087419942,-80.24236222597958,True
20211222,20200129,21:40,SAN MARTIN,PE-5N,659,CHOQUE,0,2,659.0,2020-01-29,PE-5N,-8.121817986589466,-76.59964156232078,True
20211222,20200129,19:00,TACNA,PE-1S,1307,DESPISTE,0,0,1307.0,2020-01-29,PE-1S,-18.128497547125704,-70.33041409987622,True
20211222,20200129,17:00,PUNO,PE-5N,1492,CHOQUE,0,1,1492.0,2020-01-29,PE-5N,-5.128551944148559,-78.98185344561615,True
20211222,20200130,05:40,LIMA,PE-1S,11,CHOQUE,1,2,11.0,2020-01-30,PE-1S,-12.153075790887454,-76.98391263986915,True
20211222,20200130,15:30,PUNO,PE-36B,23,DESPISTE,1,2,23.0,2020-01-30,PE-36B,-16.70719908682849,-70.44523837919773,True
20211222,20200130,11:17,CUSCO,PE-34J,25,CHOQUE,0,0,25.0,2020-01-30,PE-34J,-15.566280801507668,-71.05082023203477,True
20211222,20200130,10:20,PIURA,PE-1NJ,28,DESPISTE,0,2,28.0,2020-01-30,PE-1NJ,-6.438953814857054,-79.84864319912319,True
20211222,20200130,06:45,PUNO,PE-5N,75,DESPISTE,0,2,75.0,2020-01-30,PE-5N,-10.675391365010226,-75.11501467786587,True
20211222,20200130,21:30,ICA,PE-1S,206,CHOQUE,0,0,206.0,2020-01-30,PE-1S,-13.54359092380097,-76.1326873825764,True
20211222,20200130,17:27,ICA,PE-1S,246,CHOQUE,0,0,246.0,2020-01-30,PE-1S,-13.880902643964635,-76.11850251883895,True
20211222,20200130,22:00,MADRE DE DIOS,PE-30C,264,CHOQUE,0,13,264.0,2020-01-30,PE-30C,-13.049122010386501,-70.34932923706963,True
20211222,20200130,14:30,AYACUCHO,PE-28A,328,CHOQUE,1,12,328.0,2020-01-30,PE-28A,-13.165265430220781,-74.23954770947718,True
20211222,20200130,04:20,AREQUIPA,PE-1S,792,CHOQUE,0,0,792.0,2020-01-30,PE-1S,-16.484648755243562,-73.00475853184379,True
20211222,20200130,22:50,LAMBAYEQUE,PE-1N,820,CHOQUE,0,0,820.0,2020-01-30,PE-1N,-6.521774952706644,-80.04482377334166,True
20211222,20200130,10:45,MOQUEGUA,PE-1S,1176,DESPISTE,0,3,1176.0,2020-01-30,PE-1S,-17.505730215170466,-71.07376168826309,True
20211222,20200130,15:45,PUNO,PE-3S,1234,DESPISTE,0,0,1234.0,2020-01-30,PE-3S,-14.948838473133067,-70.52070498843908,True
20211222,20200130,14:55,PUNO,PE-1S,1380,DESPISTE,0,11,1380.0,2020-01-30,PE-1S,,,True
20211222,20200131,07:24,LIMA,PE-1N,8,CHOQUE,0,0,8.0,2020-01-31,PE-1N,-12.043113972270572,-77.02681831289995,True
20211222,20200131,23:40,CAJAMARCA,PE-06B,40,DESPISTE,0,3,40.0,2020-01-31,PE-06B,-6.650667593402063,-79.00907724077122,True
20211222,20200131,22:00,LIMA,PE-1S,58,CHOQUE,0,2,58.0,2020-01-31,PE-1S,-12.468115135051345,-76.75072225651505,True
20211222,20200131,09:30,JUNIN,PE-3N,64,CHOQUE,0,1,64.0,2020-01-31,PE-3N,-11.062355624420986,-76.0013581981683,True
20211222,20200131,06:30,LIMA,PE-22,85,DESPISTE,0,0,85.0,2020-01-31,PE-22,-11.797678584749768,-76.33832511331053,True
20211222,20200131,06:48,LIMA,PE-1N,93,CHOQUE,0,2,93.0,2020-01-31,PE-1N,-11.47609107102693,-77.30907165078001,True
20211222,20200131,18:45,AYACUCHO,PE-22,126,CHOQUE,0,1,126.0,2020-01-31,PE-22,-11.614467954103207,-76.20780232462717,True
20211222,20200131,08:24,PUNO,PE-5N,128,DESPISTE,0,N.I.,128.0,2020-01-31,PE-5N,-10.417672066574264,-75.00088813013447,True
20211222,20200131,14:10,PUNO,PE-30A,167,DESPISTE,0,N.I.,167.0,2020-01-31,PE-30A,-14.67666225841634,-74.08891284292174,True
20211222,20200131,02:10,LIMA,PE-1N,180,DESPISTE,0,1,180.0,2020-01-31,PE-1N,-10.870072542326746,-77.68685728939744,True
20211222,20200131,17:10,LIMA,PE-1N,212,CHOQUE,0,0,212.0,2020-01-31,PE-1N,-10.64959579125828,-77.8481143075102,True
20211222,20200131,20:15,LIMA,PE-1N,220,ESPECIAL,0,0,220.0,2020-01-31,PE-1N,-10.583791155044143,-77.86865459760094,True
20211222,20200131,20:45,ICA,PE-1S,227,CHOQUE,0,4,227.0,2020-01-31,PE-1S,-13.723654760849929,-76.15610069161116,True
20211222,20200131,11:30,PUNO,PE-36A,245,DESPISTE,0,0,245.0,2020-01-31,PE-36A,-16.661980091767894,-69.49403968530098,True
20211222,20200131,02:35,AMAZONAS,PE-5N,266,DESPISTE,0,1,266.0,2020-01-31,PE-5N,-9.354980472611425,-75.02889572075821,True
20211222,20200131,23:40,AREQUIPA,PE-1S,580,CHOQUE,0,0,580.0,2020-01-31,PE-1S,-15.745021421162004,-74.45494319739856,True
20211222,20200131,12:05,PIURA,PE-1N,1078,ESPECIAL,0,0,1078.0,2020-01-31,PE-1N,-4.718610027217033,-81.04369161090612,True
20211222,20200201,05:30,JUNIN,PE-3S,9,DESPISTE,0,1,9.0,2020-02-01,PE-3S,-11.56613102554731,-75.87020563381581,True
20211222,20200201,17:00,CUSCO,PE-28G,12,DESPISTE,0,3,12.0,2020-02-01,PE-28G,-13.481739652210697,-71.95810436666822,True
20211222,20200201,14:15,TACNA,PE-36A,24,DESPISTE,0,3,24.0,2020-02-01,PE-36A,-17.115762123611287,-70.84032560330085,True
20211222,20200201,17:00,CAJAMARCA,PE-06B,76,DESPISTE,0,1,76.0,2020-02-01,PE-06B,-6.574580060775116,-78.89761114546822,True
20211222,20200201,19:13,JUNIN,PE-3S,91,ATROPELLO,1,2,91.0,2020-02-01,PE-3S,-11.838497994056606,-75.39211699984368,True
20211222,20200201,22:00,LIMA,PE-22,105,DESPISTE,0,0,105.0,2020-02-01,PE-22,-11.720225792577718,-76.26848091926574,True
20211222,20200201,09:20,MOQUEGUA,PE-1S,110,CHOQUE,0,1,110.0,2020-02-01,PE-1S,-12.820828948306561,-76.53619599490834,True
20211222,20200201,18:20,AYACUCHO,PE-28A,298,CHOQUE,0,8,298.0,2020-02-01,PE-28A,-13.28636146307019,-74.33213107500735,True
20211222,20200201,14:30,ICA,PE-1S,370,CHOQUE,1,6,370.0,2020-02-01,PE-1S,-14.48367374254584,-75.33035036461084,True
20211222,20200201,04:20,ICA,PE-1S,478,DESPISTE,0,2,478.0,2020-02-01,PE-1S,-15.099529546434997,-75.00184091569328,True
20211222,20200201,08:30,AREQUIPA,PE-1S,608,DESPISTE,0,1,608.0,2020-02-01,PE-1S,-15.835866688819555,-74.29254396340731,True
20211222,20200202,13:00,CUSCO,PE-28B,2,CHOQUE,0,0,2.0,2020-02-02,PE-28B,-13.062231151693672,-74.21761300242869,True
20211222,20200202,23:50,LA LIBERTAD,PE-10A,6,CHOQUE,0,6,6.0,2020-02-02,PE-10A,-8.098620071977837,-78.98089941239279,True
20211222,20200202,16:54,LIMA,PE-1S,47,CHOQUE,0,1,47.0,2020-02-02,PE-1S,-12.378518356179672,-76.7772802818308,True
20211222,20200202,12:40,JUNIN,PE-3N,48,DESPISTE,0,2,48.0,2020-02-02,PE-3N,-11.195627548029286,-75.96281699813696,True
20211222,20200202,07:30,AREQUIPA,PE-1SD,51,CHOQUE,2,2,51.0,2020-02-02,PE-1SD,-16.7951230959713,-72.29759663555174,True
20211222,20200202,08:10,LIMA,PE-1S,56,DESPISTE,0,1,56.0,2020-02-02,PE-1S,-12.450608204528976,-76.75544581549669,True
20211222,20200202,02:40,LIMA,PE-1S,70,CHOQUE,0,3,70.0,2020-02-02,PE-1S,-12.564491612551635,-76.70353879228901,True
20211222,20200202,20:30,LIMA,PE-1S,70,CHOQUE,0,12,70.0,2020-02-02,PE-1S,-12.564491612551635,-76.70353879228901,True
20211222,20200202,00:40,LIMA,PE-22,81,CHOQUE,0,1,81.0,2020-02-02,PE-22,-11.816446982929918,-76.35813220106184,True
20211222,20200202,19:30,CAJAMARCA,PE-08B,96,CHOQUE,0,4,96.0,2020-02-02,PE-08B,-6.901487341121088,-78.16186400979707,True
20211222,20200202,16:45,JUNIN,PE-22B,97,CHOQUE,0,5,97.0,2020-02-02,PE-22B,-11.125019313764941,-75.35143731904401,True
20211222,20200202,15:30,LIMA,PE-22,100,CHOQUE,0,2,100.0,2020-02-02,PE-22,-11.737069789934658,-76.27081716074291,True
20211222,20200202,06:00,JUNIN,PE-3S,106,ATROPELLO,1,0,106.0,2020-02-02,PE-3S,-11.938716626497254,-75.30774548505063,True
20211222,20200202,11:30,LIMA,PE-1S,107,DESPISTE,0,0,107.0,2020-02-02,PE-1S,-13.015745195784534,-76.47864426839998,True
20211222,20200202,05:30,JUNIN,PE-22,138,CHOQUE,0,4,138.0,2020-02-02,PE-22,-11.601619508043797,-76.14842591009425,True
20211222,20200202,19:30,MOQUEGUA,PE-1SD,187,DESPISTE,0,0,187.0,2020-02-02,PE-1SD,-17.277832373432762,-71.46989164578018,True
20211222,20200202,05:00,HUANCAVELICA,PE-28A,189,DESPISTE,0,7,189.0,2020-02-02,PE-28A,-13.392685996223822,-74.9567832421313,True
20211222,20200202,11:50,AMAZONAS,PE-08B,305,DESPISTE,0,0,305.0,2020-02-02,PE-08B,-6.2792644219623535,-77.93727910047527,True
20211222,20200202,18:38,ANCASH,N.I.,447,CHOQUE,0,0,447.0,2020-02-02,N.I.,,,True
20211222,20200202,14:15,SAN MARTIN,PE-5N,535,DESPISTE,0,0,535.0,2020-02-02,PE-5N,-8.818953147749998,-76.11787996588521,True
20211222,20200202,11:30,AREQUIPA,PE-1S,633,DESPISTE,0,1,633.0,2020-02-02,PE-1S,-15.918975935138107,-74.12471145695262,True
20211222,20200202,14:10,AREQUIPA,PE-1S,861,DESPISTE,0,1,861.0,2020-02-02,PE-1S,-16.54410049302803,-72.58353975782344,True
20211222,20200203,08:25,JUNIN,PE-3S,15,DESPISTE,0,0,15.0,2020-02-03,PE-3S,-11.602331416856957,-75.84396782229281,True
20211222,20200203,19:30,PIURA,PE-02,20,DESPISTE,0,2,20.0,2020-02-03,PE-02,-5.1109738301749,-80.85675557541845,True
20211222,20200203,18:30,LIMA,PE-1S,36,DESPISTE,0,1,36.0,2020-02-03,PE-1S,-12.303207528105474,-76.84237635381942,True
20211222,20200203,10:40,LIMA,PE-1S,76,DESPISTE,1,20,76.0,2020-02-03,PE-1S,-12.596453139550976,-76.66242440206133,True
20211222,20200203,08:40,LIMA,PE-22,100,DESPISTE,1,0,100.0,2020-02-03,PE-22,-11.737069789934658,-76.27081716074291,True
20211222,20200203,22:15,CUSCO,PE-28B,108,DESPISTE,0,0,108.0,2020-02-03,PE-28B,-12.77576546096302,-73.99885545198995,True
20211222,20200203,07:55,LIMA,PE-22,129,CHOQUE,0,1,129.0,2020-02-03,PE-22,-11.609960132545957,-76.20242925515117,True
20211222,20200203,16:20,ICA,PE-1S,188,DESPISTE,0,0,188.0,2020-02-03,PE-1S,-13.410086716776267,-76.17097828641086,True
20211222,20200203,05:30,AYACUCHO,PE-28A,265,CHOQUE,0,0,265.0,2020-02-03,PE-28A,-13.342708781903301,-74.52144969437143,True
20211222,20200203,04:30,ANCASH,PE-1N,379,DESPISTE,0,0,379.0,2020-02-03,PE-1N,-9.457496929505323,-78.3339850435922,True
20211222,20200203,12:30,HUANUCO,PE-5N,499,CHOQUE,0,1,499.0,2020-02-03,PE-5N,-9.102165493279648,-76.05415701126603,True
20211222,20200203,07:30,LA LIBERTAD,PE-1N,600,CHOQUE,0,2,600.0,2020-02-03,PE-1N,-7.87178743419206,-79.13419108223329,True
20211222,20200203,00:20,AREQUIPA,PE-1S,1046,CHOQUE,0,7,1046.0,2020-02-03,PE-1S,-17.02736974420072,-71.64793535092281,True
20211222,20200203,08:30,PIURA,PE-1NL,1057,CHOQUE,0,1,1057.0,2020-02-03,PE-1NL,,,True
20211222,20200204,17:00,HUANUCO,PE-18A,8,ATROPELLO,0,1,8.0,2020-02-04,PE-18A,-9.891993434675955,-76.21828130927095,True
20211222,20200204,07:40,MOQUEGUA,PE-36,18,CHOQUE,0,8,18.0,2020-02-04,PE-36,-17.623336786407602,-71.18016848640599,True
20211222,20200204,18:15,SAN MARTIN,PE-5NB,40,CHOQUE,0,0,40.0,2020-02-04,PE-5NB,-6.411882524791469,-76.25703169056965,True
20211222,20200204,09:50,CUSCO,PE-28F,46,DESPISTE,0,0,46.0,2020-02-04,PE-28F,-13.310668060999944,-72.11075461899992,True
20211222,20200204,15:30,LIMA,PE-1N,68,DESPISTE,0,2,68.0,2020-02-04,PE-1N,-11.620236408031433,-77.2074018657356,True
20211222,20200204,00:45,LIMA,PE-22,101,ESPECIAL,0,0,101.0,2020-02-04,PE-22,-11.731220896376545,-76.26787178022856,True
20211222,20200204,05:50,HUANCAVELICA,PE-28D,136,CHOQUE,0,0,136.0,2020-02-04,PE-28D,-13.050629263271485,-75.06956367651964,True
20211222,20200204,06:30,ICA,PE-1S,236,ATROPELLO,1,0,236.0,2020-02-04,PE-1S,-13.800013000383947,-76.15674959966383,True
20211222,20200204,10:20,PUNO,PE-36A,270,ATROPELLO,0,1,270.0,2020-02-04,PE-36A,-16.58268324621457,-69.32846920111328,True
20211222,20200204,11:20,PUNO,PE-36A,278,DESPISTE,0,1,278.0,2020-02-04,PE-36A,-16.56551339015564,-69.26603358187148,True
20211222,20200204,17:00,ANCASH,PE-1N,291,DESPISTE,1,2,291.0,2020-02-04,PE-1N,-10.08733117939755,-78.14636882984088,True
20211222,20200204,20:30,PUNO,PE-30A,340,ATROPELLO,1,0,340.0,2020-02-04,PE-30A,-14.303125401175645,-73.2267929795455,True
20211222,20200204,04:35,ICA,PE-1S,475,ATROPELLO,1,1,475.0,2020-02-04,PE-1S,-15.0739035147338,-75.00878559994159,True
20211222,20200204,18:45,LAMBAYEQUE,PE-1N,834,DESPISTE,0,2,834.0,2020-02-04,PE-1N,-6.445863110784685,-80.14614603590736,True
20211222,20200204,15:15,CUSCO,PE-3S,1022,CHOQUE,0,6,1022.0,2020-02-04,PE-3S,-13.684039417949508,-71.62029925064967,True
20211222,20200204,07:50,PIURA,PE-1NL,1039,CHOQUE,0,1,1039.0,2020-02-04,PE-1NL,,,True
20211222,20200204,04:10,PUNO,PE-1S,1394,ATROPELLO,1,0,1394.0,2020-02-04,PE-1S,,,True
20211222,20200205,10:00,CUSCO,N.I.,0,CHOQUE,0,0,0.0,2020-02-05,N.I.,,,True
20211222,20200205,08:00,LIMA,PE-22,16,ATROPELLO,1,0,16.0,2020-02-05,PE-22,-12.007587262482158,-76.85629405964173,True
20211222,20200205,18:15,LIMA,PE-22,22,CHOQUE,0,1,22.0,2020-02-05,PE-22,-11.9819573786392,-76.7966649627832,True
20211222,20200205,21:10,UCAYALI,PE-18C,86,CHOQUE,0,1,86.0,2020-02-05,PE-18C,-8.371930276872318,-74.530844933389,True
20211222,20200205,02:20,JUNIN,PE-3S,92,DESPISTE,0,0,92.0,2020-02-05,PE-3S,-11.84572011875066,-75.38654046529302,True
20211222,20200205,07:50,LIMA,PE-1S,126,DESPISTE,0,2,126.0,2020-02-05,PE-1S,-12.69908931679153,-76.64136256995023,True
20211222,20200205,21:45,AMAZONAS,PE-5N,212,VOLCADURA,2,2,212.0,2020-02-05,PE-5N,-9.813173448978326,-75.01220788502818,True
20211222,20200205,02:50,SAN MARTIN,PE-5N,483,DESPISTE,0,1,483.0,2020-02-05,PE-5N,-9.189602453154416,-75.95893758903397,True
20211222,20200205,19:15,LAMBAYEQUE,PE-1N,754,DESPISTE,0,6,754.0,2020-02-05,PE-1N,-6.940818416111369,-79.72005947592885,True
20211222,20200205,06:30,CUSCO,N.I.,940,DESPISTE,0,0,940.0,2020-02-05,N.I.,,,True
20211222,20200205,06:30,AREQUIPA,PE-1S,957,CHOQUE,7,5,957.0,2020-02-05,PE-1S,-16.491711269230503,-71.85650671800254,True
20211222,20200205,08:50,PIURA,PE-1NL,1049,DESPISTE,0,1,1049.0,2020-02-05,PE-1NL,,,True
20211222,20200205,11:00,CUSCO,PE-3S,1071,DESPISTE,0,1,1071.0,2020-02-05,PE-3S,-14.010208640381308,-71.45850158833069,True
20211222,20200205,11:00,PUNO,PE-3S,1214,DESPISTE,0,2,1214.0,2020-02-05,PE-3S,-14.837130458034922,-70.65778216477223,True
20211222,20200206,19:00,PIURA,PE-1N,66,DESPISTE,0,1,66.0,2020-02-06,PE-1N,-11.638210024014256,-77.20622260981537,True
20211222,20200206,06:20,LIMA,PE-22,97,DESPISTE,1,0,97.0,2020-02-06,PE-22,-11.749547458497183,-76.29229812539438,True
20211222,20200206,23:45,JUNIN,PE-22,136,CHOQUE,0,2,136.0,2020-02-06,PE-22,-11.599908121029797,-76.16793860148483,True
20211222,20200206,08:15,JUNIN,PE-22,155,CHOQUE,0,9,155.0,2020-02-06,PE-22,-11.612978504752132,-76.02648007538045,True
20211222,20200206,12:20,AREQUIPA,PE-34A,157,CHOQUE,0,1,157.0,2020-02-06,PE-34A,-15.881214234580765,-71.15533024313672,True
20211222,20200206,08:40,HUANCAVELICA,PE-28A,165,DESPISTE,0,0,165.0,2020-02-06,PE-28A,-13.477089710359145,-75.06982606465472,True
20211222,20200206,02:30,ICA,PE-1S,219,CHOQUE,0,1,219.0,2020-02-06,PE-1S,-13.656993641462583,-76.15074951237402,True
20211222,20200206,10:40,PUNO,PE-34A,235,DESPISTE,0,1,235.0,2020-02-06,PE-34A,-15.689058166052188,-70.62794524170549,True
20211222,20200206,16:45,MADRE DE DIOS,PE-30C,450,CHOQUE,1,0,450.0,2020-02-06,PE-30C,-12.425899719526619,-69.1351452276533,True
20211222,20200206,20:30,AREQUIPA,N.I.,587,CHOQUE,0,0,587.0,2020-02-06,N.I.,,,True
20211222,20200206,17:00,APURIMAC,PE-3S,782,CHOQUE,0,4,782.0,2020-02-06,PE-3S,-13.623377360099774,-72.87182272885309,True
20211222,20200206,15:00,SAN MARTIN,PE-5N,N.I.,DESPISTE,0,1,,2020-02-06,PE-5N,-8.008693788999949,-76.6497463529999,True
20211222,20200207,15:45,LA LIBERTAD,PE-10A,1,CHOQUE,2,2,1.0,2020-02-07,PE-10A,-8.129144783840584,-79.01203461721234,True
20211222,20200207,11:20,ANCASH,PE-1N,6,CHOQUE,1,0,6.0,2020-02-07,PE-1N,-12.03545225132201,-77.0108682967523,True
20211222,20200207,00:15,JUNIN,PE-3SA,9,CHOQUE,0,0,9.0,2020-02-07,PE-3SA,-11.755302128330479,-75.53343421466938,True
20211222,20200207,19:20,ANCASH,AN-110,28,DESPISTE,0,0,28.0,2020-02-07,AN-110,,,True
20211222,20200207,10:38,TACNA,PE-1SD,29,DESPISTE,0,2,29.0,2020-02-07,PE-1SD,-16.713139303083043,-72.43010949043538,True
20211222,20200207,07:30,AREQUIPA,PE-1SE,29,DESPISTE,0,3,29.0,2020-02-07,PE-1SE,-13.660079383927526,-76.1738928528842,True
20211222,20200207,06:00,LIMA,PE-1S,44,DESPISTE,0,0,44.0,2020-02-07,PE-1S,-12.359545116875237,-76.79694017026631,True
20211222,20200207,05:50,AREQUIPA,PE-1SD,44,CHOQUE,0,0,44.0,2020-02-07,PE-1SD,-16.765227079757405,-72.34334704878746,True
20211222,20200207,12:20,LIMA,PE-1S,85,DESPISTE,0,0,85.0,2020-02-07,PE-1S,-12.671948159155681,-76.65281196833061,True
20211222,20200207,11:00,JUNIN,PE-3S,98,ATROPELLO,1,0,98.0,2020-02-07,PE-3S,-11.885573572813746,-75.35023971883079,True
20211222,20200207,10:50,ANCASH,PE-12,118,CHOQUE,0,4,118.0,2020-02-07,PE-12,,,True
20211222,20200207,19:30,MOQUEGUA,PE-1SD,138,CHOQUE,0,0,138.0,2020-02-07,PE-1SD,-17.121052972910643,-71.79646829801933,True
20211222,20200207,N.I.,LIMA,PE-1N,146,ATROPELLO,1,0,146.0,2020-02-07,PE-1N,-11.13781431527506,-77.59688273058707,True
20211222,20200207,02:15,ICA,PE-1S,224,CHOQUE,0,2,224.0,2020-02-07,PE-1S,-13.69740138175931,-76.15285818896685,True
20211222,20200207,19:40,HUANUCO,PE-5N,258,DESPISTE,1,1,258.0,2020-02-07,PE-5N,-9.421019838138536,-75.02602408655862,True
20211222,20200207,09:10,ANCASH,N.I.,440,CHOQUE,0,1,440.0,2020-02-07,N.I.,,,True
20211222,20200207,12:45,CUSCO,N.I.,865,DESPISTE,0,5,865.0,2020-02-07,N.I.,,,True
20211222,20200207,05:00,TACNA,PE-1S,1261,CHOQUE,0,2,1261.0,2020-02-07,PE-1S,-17.86799125519044,-70.46875736147983,True
20211222,20200208,16:00,PIURA,PE-1N,24,CHOQUE,0,2,24.0,2020-02-08,PE-1N,-11.919834396518379,-77.07337307414295,True
20211222,20200208,07:00,AREQUIPA,PE-34A,28,CHOQUE,0,0,28.0,2020-02-08,PE-34A,-16.427401981563996,-71.64898405530771,True
20211222,20200208,23:20,LIMA,PE-1NE,33,DESPISTE,0,0,33.0,2020-02-08,PE-1NE,-11.128191204475486,-77.29924902874481,True
20211222,20200208,11:15,LIMA,PE-1S,39,CHOQUE,0,1,39.0,2020-02-08,PE-1S,-12.324686043235044,-76.82584432079277,True
20211222,20200208,20:30,CUSCO,CU-117,44,CHOQUE,0,0,44.0,2020-02-08,CU-117,,,True
20211222,20200208,09:30,LIMA,PE-22,45,DESPISTE,0,0,45.0,2020-02-08,PE-22,-11.918755397602297,-76.62008477334118,True
20211222,20200208,10:00,HUANCAVELICA,PE-26B,59,CHOQUE,0,5,59.0,2020-02-08,PE-26B,-12.96085365362912,-74.75349264610995,True
20211222,20200208,17:40,JUNIN,PE-3N,60,CHOQUE,0,0,60.0,2020-02-08,PE-3N,-11.097933383894608,-75.99604647012842,True
20211222,20200208,20:50,LIMA,PE-1S,90,ATROPELLO,0,1,90.0,2020-02-08,PE-1S,-12.871275950392498,-76.51130822956922,True
20211222,20200208,03:55,LIMA,PE-1S,103,CHOQUE,0,0,103.0,2020-02-08,PE-1S,-12.98243006689661,-76.49267372206725,True
20211222,20200208,14:40,LIMA,PE-22,111,CHOQUE,0,0,111.0,2020-02-08,PE-22,-11.678630463904785,-76.25802822208564,True
20211222,20200208,01:45,JUNIN,PE-22,135,DESPISTE,0,4,135.0,2020-02-08,PE-22,-11.599456452505919,-76.17882190241232,True
20211222,20200208,13:30,JUNIN,PE-22,152,CHOQUE,1,2,152.0,2020-02-08,PE-22,-11.601612405995992,-76.0485109417629,True
20211222,20200208,13:15,TACNA,PE-36A,157,DESPISTE,0,1,157.0,2020-02-08,PE-36A,-16.86761231525803,-70.17635091627908,True
20211222,20200208,14:10,APURIMAC,PE-30A,182,DESPISTE,0,1,182.0,2020-02-08,PE-30A,-14.643464176731374,-74.04731502621571,True
20211222,20200208,02:40,LIMA,N.I.,195,DESPISTE,0,0,195.0,2020-02-08,N.I.,,,True
20211222,20200208,11:55,PUNO,PE-34A,203,DESPISTE,0,0,203.0,2020-02-08,PE-34A,-15.718389570429435,-70.81267785214743,True
20211222,20200208,06:40,APURIMAC,PE-30A,308,DESPISTE,0,0,308.0,2020-02-08,PE-30A,-14.501246739128385,-73.25786902833073,True
20211222,20200208,05:30,ANCASH,PE-1N,374,CHOQUE,0,0,374.0,2020-02-08,PE-1N,-9.475505262774279,-78.29542450229184,True
20211222,20200208,06:40,HUANUCO,PE-1S,516,CHOQUE,1,0,516.0,2020-02-08,PE-1S,-15.418915137777429,-74.89014647789462,True
20211222,20200208,04:45,AREQUIPA,PE-1S,668,DESPISTE,0,0,668.0,2020-02-08,PE-1S,-16.10943271251275,-73.88700785564222,True
20211222,20200208,13:20,AREQUIPA,PE-1S,716,CHOQUE,0,3,716.0,2020-02-08,PE-1S,-16.26998313949332,-73.50276256404061,True
20211222,20200208,22:08,LAMBAYEQUE,PE-1N,819,CHOQUE,0,1,819.0,2020-02-08,PE-1N,-6.527239572099199,-80.03763136860998,True
20211222,20200208,17:10,CUSCO,PE-3S,879,DESPISTE,0,3,879.0,2020-02-08,PE-3S,-13.542266019621499,-72.53043670053607,True
20211222,20200208,20:00,AREQUIPA,PE-1S,931,DESPISTE,0,1,931.0,2020-02-08,PE-1S,-16.41177141595335,-72.05219206222363,True
20211222,20200209,05:20,PIURA,PE-02A,3,DESPISTE,0,2,3.0,2020-02-09,PE-02A,-5.24027182745151,-80.08626181248266,True
20211222,20200209,18:40,CUSCO,PE-30,3,CHOQUE,0,2,3.0,2020-02-09,PE-30,-15.15476705687872,-75.00420002275747,True
20211222,20200209,17:30,LORETO,LO-103,5,CHOQUE,0,1,5.0,2020-02-09,LO-103,,,True
20211222,20200209,17:10,LORETO,LO-103,12,DESPISTE,0,1,12.0,2020-02-09,LO-103,,,True
20211222,20200209,16:00,TACNA,MO-108,14,DESPISTE,0,6,14.0,2020-02-09,MO-108,,,True
20211222,20200209,17:30,LIMA,PE-1S,24,CHOQUE,0,1,24.0,2020-02-09,PE-1S,-12.246584742503304,-76.93618987426358,True
20211222,20200209,12:00,LIMA,PE-20A,27,DESPISTE,0,2,27.0,2020-02-09,PE-20A,-11.76981547733537,-76.97765542200179,True
20211222,20200209,01:30,LIMA,PE-1N,47,ATROPELLO,0,1,47.0,2020-02-09,PE-1N,-11.753335009070232,-77.14879196867817,True
20211222,20200209,22:30,LIMA,PE-1S,56,ATROPELLO,1,N.I.,56.0,2020-02-09,PE-1S,-12.450608204528976,-76.75544581549669,True
20211222,20200209,23:00,LIMA,PE-22,65,CHOQUE,0,3,65.0,2020-02-09,PE-22,-11.884264278557733,-76.46441541038381,True
20211222,20200209,02:00,CAJAMARCA,PE-06B,67,DESPISTE,0,0,67.0,2020-02-09,PE-06B,-6.6018123338201775,-78.93070761863318,True
20211222,20200209,16:30,CUSCO,PE-28B,68,CHOQUE,0,0,68.0,2020-02-09,PE-28B,-12.934174901267552,-74.0205396788682,True
20211222,20200209,14:00,CUSCO,PE-28B,68,CHOQUE,0,0,68.0,2020-02-09,PE-28B,-12.934174901267552,-74.0205396788682,True
20211222,20200209,17:50,CAJAMARCA,PE-3N,77,DESPISTE,0,1,77.0,2020-02-09,PE-3N,-10.971262273649119,-76.03770901198922,True
20211222,20200209,18:20,AREQUIPA,PE-34A,88,CHOQUE,0,1,88.0,2020-02-09,PE-34A,-16.08524756822264,-71.59753155397208,True
20211222,20200209,10:30,LIMA,PE-22,92,DESPISTE,0,1,92.0,2020-02-09,PE-22,-11.773893554183966,-76.30487128337059,True
20211222,20200209,09:40,LIMA,PE-1S,113,CHOQUE,1,0,113.0,2020-02-09,PE-1S,-12.739440151424326,-76.61355016748098,True
20211222,20200209,22:15,AREQUIPA,PE-34A,120,CHOQUE,0,4,120.0,2020-02-09,PE-34A,-16.060452023281886,-71.35842202328186,True
20211222,20200209,15:35,MOQUEGUA,PE-36A,123,DESPISTE,0,2,123.0,2020-02-09,PE-36A,-16.875438789677467,-70.45213926124079,True
20211222,20200209,16:30,CAJAMARCA,PE-08B,132,CHOQUE,0,2,132.0,2020-02-09,PE-08B,-6.8799514718179156,-78.08252172676316,True
20211222,20200209,08:10,AYACUCHO,PE-28A,228,DESPISTE,0,0,228.0,2020-02-09,PE-28A,-13.360172824445407,-74.85597888052057,True
20211222,20200209,07:30,LIMA,PE-1N,236,CHOQUE,0,2,236.0,2020-02-09,PE-1N,-10.452843299167286,-77.92232893887284,True
20211222,20200209,16:20,ICA,PE-1S,269,ESPECIAL,0,0,269.0,2020-02-09,PE-1S,-13.931493928579354,-75.91679042915996,True
20211222,20200209,02:10,AMAZONAS,PE-5N,280,DESPISTE,0,8,280.0,2020-02-09,PE-5N,-9.2410429488918,-75.00665120645921,True
20211222,20200209,00:30,AMAZONAS,PE-08B,321,DESPISTE,0,1,321.0,2020-02-09,PE-08B,-6.25009530689146,-77.89079435903031,True
20211222,20200209,14:15,MADRE DE DIOS,PE-30C,386,CHOQUE,0,1,386.0,2020-02-09,PE-30C,-12.73070613895509,-69.51379171837883,True
20211222,20200209,03:10,HUANUCO,PE-5N,453,CHOQUE,0,1,453.0,2020-02-09,PE-5N,-9.17842646587896,-75.79215233788739,True
20211222,20200209,14:55,ANCASH,PE-3N,638,DESPISTE,1,1,638.0,2020-02-09,PE-3N,-9.126032369717846,-77.75944246423461,True
20211222,20200209,23:08,LAMBAYEQUE,PE-1S,815,CHOQUE,0,0,815.0,2020-02-09,PE-1S,-16.56302734715726,-72.83158334761804,True
20211222,20200209,04:40,CUSCO,PE-3S,N.I.,VOLCADURA,0,1,,2020-02-09,PE-3S,-15.04301470699994,-70.36600238199992,True
20211222,20200210,15:45,CAJAMARCA,PE-08,9,DESPISTE,0,0,9.0,2020-02-10,PE-08,-7.305209032771205,-79.40063895535793,True
20211222,20200210,15:15,AREQUIPA,PE-34E,36,CHOQUE,0,0,36.0,2020-02-10,PE-34E,-15.776840227412393,-71.38465286165663,True
20211222,20200210,20:10,LIMA,PE-1N,43,CHOQUE,1,16,43.0,2020-02-10,PE-1N,-11.784974397177368,-77.15432990082249,True
20211222,20200210,13:10,LIMA,PE-22,46,ATROPELLO,0,1,46.0,2020-02-10,PE-22,-11.91365373931334,-76.61270763466702,True
20211222,20200210,17:30,LIMA,PE-22,50,DESPISTE,0,1,50.0,2020-02-10,PE-22,-11.909969467764844,-76.57877813951714,True
20211222,20200210,08:15,LIMA,PE-22,69,DESPISTE,0,3,69.0,2020-02-10,PE-22,-11.881085223984249,-76.43701008219021,True
20211222,20200210,10:30,LIMA,PE-1N,82,CHOQUE,0,3,82.0,2020-02-10,PE-1N,-11.563139040290405,-77.26547950067437,True
20211222,20200210,07:00,HUANCAVELICA,PE-28A,114,DESPISTE,1,3,114.0,2020-02-10,PE-28A,-13.608221384673639,-75.34842628061585,True
20211222,20200210,07:00,HUANCAVELICA,PE-28A,114,DESPISTE,1,3,114.0,2020-02-10,PE-28A,-13.608221384673639,-75.34842628061585,True
20211222,20200210,21:30,AREQUIPA,PE-34A,156,DESPISTE,0,3,156.0,2020-02-10,PE-34A,-15.886122430567605,-71.16306524803484,True
20211222,20200210,00:30,PUNO,PE-34A,206,DESPISTE,1,2,206.0,2020-02-10,PE-34A,-15.706487736472099,-70.82050145058845,True
20211222,20200210,10:10,SAN MARTIN,PE-5N,515,DESPISTE,0,3,515.0,2020-02-10,PE-5N,-8.980096092373813,-76.08614564217095,True
20211222,20200210,13:00,CAJAMARCA,PE-08,693,DESPISTE,1,2,693.0,2020-02-10,PE-08,,,True
20211222,20200210,19:30,AREQUIPA,PE-1S,791,CHOQUE,0,2,791.0,2020-02-10,PE-1S,-16.487134875455386,-73.01347453406848,True
20211222,20200210,16:20,APURIMAC,PE-3S,833,DESPISTE,0,2,833.0,2020-02-10,PE-3S,-13.539307558945822,-72.74816478409973,True
20211222,20200210,19:30,APURIMAC,PE-3S,833,CHOQUE,0,0,833.0,2020-02-10,PE-3S,-13.539307558945822,-72.74816478409973,True
20211222,20200211,05:20,LIMA,PE-22,29,CHOQUE,0,0,29.0,2020-02-11,PE-22,-11.967022009184616,-76.74510503291192,True
20211222,20200211,16:30,AREQUIPA,PE-34E,31,DESPISTE,0,0,31.0,2020-02-11,PE-34E,-15.824124945006092,-71.37869135833482,True
20211222,20200211,00:10,LIMA,PE-1S,53,CHOQUE,0,1,53.0,2020-02-11,PE-1S,-12.424112563376994,-76.75390574014192,True
20211222,20200211,16:50,AREQUIPA,PE-34A,147,CHOQUE,0,2,147.0,2020-02-11,PE-34A,-15.95219976894417,-71.19440685606264,True
20211222,20200211,11:20,LIMA,PE-1N,186,CHOQUE,0,3,186.0,2020-02-11,PE-1N,-10.842528911279159,-77.69548245175244,True
20211222,20200211,23:40,ICA,PE-1S,187,CHOQUE,0,4,187.0,2020-02-11,PE-1S,-13.412506419483764,-76.17985460496799,True
20211222,20200211,13:15,ANCASH,PE-1N,392,DESPISTE,0,0,392.0,2020-02-11,PE-1N,-9.358004440901443,-78.38973326099492,True
20211222,20200211,19:25,SAN MARTIN,PE-5N,512,CHOQUE,0,2,512.0,2020-02-11,PE-5N,-9.002967335017512,-76.07190023096925,True
20211222,20200211,10:30,LAMBAYEQUE,PE-1N,779,CHOQUE,0,1,779.0,2020-02-11,PE-1N,-6.800062370680251,-79.85630646191849,True
20211222,20200211,20:00,PUNO,PE-3S,1227,CHOQUE,0,1,1227.0,2020-02-11,PE-3S,-14.91252963313317,-70.57368294085205,True
20211222,20200212,07:45,CAJAMARCA,PE-06B,47,DESPISTE,0,2,47.0,2020-02-12,PE-06B,-6.630792591070388,-78.99579437574137,True
20211222,20200212,04:30,TACNA,PE-36A,75,DESPISTE,0,0,75.0,2020-02-12,PE-36A,-16.98208224872868,-70.69948940241194,True
20211222,20200212,00:20,AREQUIPA,PE-34A,100,DESPISTE,0,N.I.,100.0,2020-02-12,PE-34A,-16.071195845980238,-71.5146810618334,True
20211222,20200212,13:40,JUNIN,PE-22,137,DESPISTE,0,3,137.0,2020-02-12,PE-22,-11.598333234186347,-76.15669596477372,True
20211222,20200212,12:35,ICA,PE-1S,187,DESPISTE,0,1,187.0,2020-02-12,PE-1S,-13.412506419483764,-76.17985460496799,True
20211222,20200212,05:00,PUNO,PE-34A,205,DESPISTE,0,0,205.0,2020-02-12,PE-34A,-15.710261864557383,-70.81635288482103,True
20211222,20200212,06:20,ICA,PE-1S,226,DESPISTE,0,2,226.0,2020-02-12,PE-1S,-13.714898314129082,-76.15379871750926,True
20211222,20200212,10:40,PUNO,PE-34A,246,DESPISTE,0,0,246.0,2020-02-12,PE-34A,-15.689304318681092,-70.54350698626436,True
20211222,20200212,07:45,AREQUIPA,PE-1S,811,DESPISTE,0,0,811.0,2020-02-12,PE-1S,-16.538795119821234,-72.85820528799506,True
20211222,20200212,18:30,CUSCO,PE-3S,1007,CHOQUE,0,0,1007.0,2020-02-12,PE-3S,-13.634519593447394,-71.69607954891927,True
20211222,20200212,22:20,CUSCO,PE-3S,1026,DESPISTE,0,1,1026.0,2020-02-12,PE-3S,-13.69104729911723,-71.59573463845395,True
20211222,20200212,02:40,CUSCO,PE-3S,1045,VOLCADURA,0,3,1045.0,2020-02-12,PE-3S,-13.822332936723779,-71.54152030364116,True
20211222,20200213,23:30,CUSCO,PE-28G,18,ATROPELLO,1,0,18.0,2020-02-13,PE-28G,-13.48442196466523,-71.92040745986216,True
20211222,20200213,17:30,JUNIN,PE-3SA,20,DESPISTE,0,1,20.0,2020-02-13,PE-3SA,-11.663271179761406,-75.578372596142,True
20211222,20200213,09:20,UCAYALI,PE-18C,24,CHOQUE,0,0,24.0,2020-02-13,PE-18C,-8.6493283723101,-74.97389277960824,True
20211222,20200213,15:30,CAJAMARCA,PE-06B,35,CHOQUE,0,10,35.0,2020-02-13,PE-06B,-6.667604458881753,-79.02699436979935,True
20211222,20200213,00:30,PIURA,PE-36A,65,DESPISTE,0,0,65.0,2020-02-13,PE-36A,-17.00621707153635,-70.72796672980421,True
20211222,20200213,17:30,ANCASH,PE-3N,93,CHOQUE,0,2,93.0,2020-02-13,PE-3N,-10.86293642085882,-76.1247387405099,True
20211222,20200213,21:00,LIMA,PE-1S,96,CHOQUE,0,0,96.0,2020-02-13,PE-1S,-12.923382832474228,-76.5002848851446,True
20211222,20200213,21:35,LIMA,PE-1S,131,ATROPELLO,1,0,131.0,2020-02-13,PE-1S,-13.02463008299992,-76.47484911599992,True
20211222,20200213,17:50,JUNIN,PE-22,136,CHOQUE,3,3,136.0,2020-02-13,PE-22,-11.599908121029797,-76.16793860148483,True
20211222,20200213,04:45,MOQUEGUA,PE-1SD,226,DESPISTE,0,1,226.0,2020-02-13,PE-1SD,-17.521655681180214,-71.36644906595829,True
20211222,20200213,17:30,APURIMAC,PE-3S,251,CHOQUE,0,1,251.0,2020-02-13,PE-3S,-12.573452024358442,-74.68846227472149,True
20211222,20200213,12:30,ICA,PE-1S,328,CHOQUE,0,1,328.0,2020-02-13,PE-1S,-14.323963854140157,-75.67093460995093,True
20211222,20200213,07:00,ANCASH,PE-1N,345,DESPISTE,0,1,345.0,2020-02-13,PE-1N,-9.700923495690866,-78.27877617707549,True
20211222,20200213,10:30,ICA,PE-1S,362,DESPISTE,1,3,362.0,2020-02-13,PE-1S,-14.465216525789007,-75.40212774808717,True
20211222,20200213,19:40,LAMBAYEQUE,PE-1N,761,CHOQUE,0,1,761.0,2020-02-13,PE-1N,-6.907505543014613,-79.77361931983968,True
20211222,20200213,17:30,PIURA,PE-1N,1027,CHOQUE,0,1,1027.0,2020-02-13,PE-1N,-4.936443739090644,-80.69652618274172,True
20211222,20200214,19:30,ICA,PE-28A,37,DESPISTE,0,N.I.,37.0,2020-02-14,PE-28A,-13.710591671784371,-75.83816914193231,True
20211222,20200214,02:25,LIMA,PE-1N,38,DESPISTE,0,0,38.0,2020-02-14,PE-1N,-11.82004517489469,-77.12611353949512,True
20211222,20200214,08:20,CAJAMARCA,PE-08B,42,DESPISTE,0,0,42.0,2020-02-14,PE-08B,-7.053413290385502,-78.32101206039076,True
20211222,20200214,15:00,ANCASH,AN-107,46,CHOQUE,0,9,46.0,2020-02-14,AN-107,,,True
20211222,20200214,15:30,LIMA,PE-1S,59,CHOQUE,0,4,59.0,2020-02-14,PE-1S,-12.47686383468592,-76.74833994640858,True
20211222,20200214,06:45,ANCASH,PE-12A,64,DESPISTE,0,1,64.0,2020-02-14,PE-12A,-8.577611094193275,-77.67208988612448,True
20211222,20200214,18:00,LIMA,PE-1S,86,ATROPELLO,1,0,86.0,2020-02-14,PE-1S,-12.838459513346551,-76.5226660253649,True
20211222,20200214,23:02,LIMA,PE-1S,88,DESPISTE,0,0,88.0,2020-02-14,PE-1S,-12.85343704982726,-76.51281313599274,True
20211222,20200214,19:00,AMAZONAS,PE-5N,94,ATROPELLO,0,1,94.0,2020-02-14,PE-5N,-10.541749314106012,-75.08000136004563,True
20211222,20200214,15:20,LIMA,PE-22,114,CHOQUE,0,3,114.0,2020-02-14,PE-22,-11.66284415344652,-76.24576919106707,True
20211222,20200214,19:10,ANCASH,PE-16,117,DESPISTE,0,0,117.0,2020-02-14,PE-16,-10.151549151453212,-77.31508234917384,True
20211222,20200214,13:40,LIMA,PE-1S,126,CHOQUE,0,0,126.0,2020-02-14,PE-1S,-12.69908931679153,-76.64136256995023,True
20211222,20200214,03:50,JUNIN,PE-22,143,CHOQUE,0,0,143.0,2020-02-14,PE-22,-11.599821445816865,-76.11559081630975,True
20211222,20200214,12:30,HUANCAVELICA,PE-28A,160,DESPISTE,0,1,160.0,2020-02-14,PE-28A,-13.4828840569456,-75.11164903377977,True
20211222,20200214,N.I.,JUNIN,PE-22,165,ATROPELLO,0,1,165.0,2020-02-14,PE-22,-11.590949044221269,-75.95780461613008,True
20211222,20200214,05:20,ICA,PE-1S,410,CHOQUE,0,0,410.0,2020-02-14,PE-1S,-14.647107503005005,-75.17888041128387,True
20211222,20200214,17:00,ANCASH,PE-3N,603,CHOQUE,0,2,603.0,2020-02-14,PE-3N,-9.35000212340298,-77.5992312517136,True
20211222,20200214,14:50,APURIMAC,PE-3S,755,ATROPELLO,0,1,755.0,2020-02-14,PE-3S,-13.669030888802336,-72.94124108550534,True
20211222,20200214,09:30,AREQUIPA,PE-1S,926,CHOQUE,0,0,926.0,2020-02-14,PE-1S,-16.393000341439365,-72.09472770457789,True
20211222,20200214,12:30,AREQUIPA,PE-1S,975,CHOQUE,0,1,975.0,2020-02-14,PE-1S,-16.583764202714498,-71.84211431810736,True
20211222,20200214,20:00,PIURA,PE-1N,1029,CHOQUE,0,1,1029.0,2020-02-14,PE-1N,-4.918446397161104,-80.69702026023185,True
20211222,20200214,04:30,CUSCO,PE-3S,1096,CHOQUE,0,6,1096.0,2020-02-14,PE-3S,-14.184124678108097,-71.35363662405376,True
20211222,20200214,09:00,MOQUEGUA,PE-1S,1147,CHOQUE,0,0,1147.0,2020-02-14,PE-1S,-17.287254980296343,-70.98509298499943,True
20211222,20200215,17:40,MOQUEGUA,PE-36A,0,DESPISTE,0,0,0.0,2020-02-15,PE-36A,-17.21736858999992,-70.97171353999994,True
20211222,20200215,18:00,LIMA,PE-1S,58,ATROPELLO,0,1,58.0,2020-02-15,PE-1S,-12.468115135051345,-76.75072225651505,True
20211222,20200215,18:00,LIMA,PE-1S,62,DESPISTE,1,1,62.0,2020-02-15,PE-1S,-12.502971764565988,-76.74078328237132,True
20211222,20200215,10:20,LIMA,PE-22,67,CHOQUE,0,0,67.0,2020-02-15,PE-22,-11.888509325304351,-76.45184834376,True
20211222,20200215,19:10,CAJAMARCA,PE-08B,89,DESPISTE,0,1,89.0,2020-02-15,PE-08B,-6.91461960155099,-78.18467297860396,True
20211222,20200215,16:30,LIMA,PE-1S,101,CHOQUE,0,N.I.,101.0,2020-02-15,PE-1S,-12.965579224110076,-76.49906866679817,True
20211222,20200215,05:30,PIURA,PE-1N,125,DESPISTE,6,42,125.0,2020-02-15,PE-1N,-11.296567991820828,-77.49527333968987,True
20211222,20200215,23:50,ANCASH,PE-16,128,DESPISTE,0,4,128.0,2020-02-15,PE-16,-10.121931600999915,-77.29332721199995,True
20211222,20200215,02:50,ICA,PE-1S,184,DESPISTE,0,15,184.0,2020-02-15,PE-1S,-13.397333355183989,-76.19679180371396,True
20211222,20200215,13:00,CUSCO,PE-28B,212,DESPISTE,0,1,212.0,2020-02-15,PE-28B,-12.78210617057914,-73.6218350828524,True
20211222,20200215,22:40,ANCASH,PE-1N,263,DESPISTE,0,1,263.0,2020-02-15,PE-1N,-10.29915226138829,-78.04816560647436,True
20211222,20200215,07:40,AYACUCHO,PE-28A,307,DESPISTE,0,1,307.0,2020-02-15,PE-28A,-13.262317631475065,-74.31856215023767,True
20211222,20200215,10:00,AYACUCHO,PE-3S,411,CHOQUE,0,2,411.0,2020-02-15,PE-3S,-13.257006424689488,-74.23247758822606,True
20211222,20200215,07:00,LA LIBERTAD,PE-1N,702,CHOQUE,1,9,702.0,2020-02-15,PE-1N,-7.245963299347794,-79.46770965455104,True
20211222,20200215,00:50,LA LIBERTAD,PE-1N,727,ESPECIAL,0,1,727.0,2020-02-15,PE-1N,-7.087068490137629,-79.53373368526661,True
20211222,20200216,15:15,LIMA,PE-1S,4,CHOQUE,1,0,4.0,2020-02-16,PE-1S,-12.091052265394318,-76.98095805023392,True
20211222,20200216,05:00,LORETO,LO-103,4,DESPISTE,0,2,4.0,2020-02-16,LO-103,,,True
20211222,20200216,12:30,AREQUIPA,PE-34E,11,DESPISTE,0,0,11.0,2020-02-16,PE-34E,-15.97133553076573,-71.38102395474326,True
20211222,20200216,14:02,LAMBAYEQUE,PE-5N,22,DESPISTE,2,3,22.0,2020-02-16,PE-5N,-10.828908419112334,-75.29588137592044,True
20211222,20200216,12:50,LIMA,PE-1S,27,CHOQUE,0,1,27.0,2020-02-16,PE-1S,-12.261527902956091,-76.9132123532612,True
20211222,20200216,18:00,AREQUIPA,PE-1SD,37,DESPISTE,0,1,37.0,2020-02-16,PE-1SD,-16.744522678351423,-72.38876726177334,True
20211222,20200216,14:00,HUANCAVELICA,PE-28A,60,DESPISTE,0,1,60.0,2020-02-16,PE-28A,-13.62648759946312,-75.67253932824352,True
20211222,20200216,06:23,LIMA,PE-22,67,DESPISTE,0,0,67.0,2020-02-16,PE-22,-11.888509325304351,-76.45184834376,True
20211222,20200216,17:00,HUANCAVELICA,PE-28A,71,CHOQUE,0,2,71.0,2020-02-16,PE-28A,-13.594618951953091,-75.58510823800871,True
20211222,20200216,18:30,LIMA,PE-1N,92,DESPISTE,0,8,92.0,2020-02-16,PE-1N,-11.484606749528458,-77.30619866485189,True
20211222,20200216,08:40,LIMA,PE-1S,103,CHOQUE,0,2,103.0,2020-02-16,PE-1S,-12.98243006689661,-76.49267372206725,True
20211222,20200216,20:15,LIMA,PE-1S,104,ATROPELLO,0,1,104.0,2020-02-16,PE-1S,-12.99075830634379,-76.4891650496388,True
20211222,20200216,08:00,HUANUCO,PE-18A,111,DESPISTE,0,2,111.0,2020-02-16,PE-18A,-9.397053301313404,-75.9720273394189,True
20211222,20200216,04:20,HUANCAVELICA,PE-28A,121,CHOQUE,0,0,121.0,2020-02-16,PE-28A,-13.605728897202848,-75.32064603297756,True
20211222,20200216,17:50,ICA,PE-1S,192,CHOQUE,0,1,192.0,2020-02-16,PE-1S,-13.420166072049675,-76.13733472259989,True
20211222,20200216,04:00,MADRE DE DIOS,PE-30C,291,DESPISTE,0,0,291.0,2020-02-16,PE-30C,-12.930321263454543,-70.26509835453278,True
20211222,20200216,23:30,ICA,PE-1S,379,DESPISTE,0,1,379.0,2020-02-16,PE-1S,-14.50137012408486,-75.25241378003477,True
20211222,20200216,07:30,ICA,PE-1S,423,CHOQUE,0,1,423.0,2020-02-16,PE-1S,-14.715954984230008,-75.09158291576988,True
20211222,20200216,05:45,ANCASH,PE-1N,446,ATROPELLO,1,0,446.0,2020-02-16,PE-1N,-8.966499906712313,-78.62178955347525,True
20211222,20200216,14:24,ANCASH,PE-16,563,CHOQUE,0,1,563.0,2020-02-16,PE-16,,,True
20211222,20200216,11:00,LA LIBERTAD,PE-1N,640,DESPISTE,0,4,640.0,2020-02-16,PE-1N,-7.616154429436836,-79.3664979206595,True
20211222,20200216,22:30,SAN MARTIN,PE-5N,648,ATROPELLO,1,0,648.0,2020-02-16,PE-5N,-8.198078432004689,-76.59608063128248,True
20211222,20200216,19:00,LAMBAYEQUE,PE-1N,805,CHOQUE,0,6,805.0,2020-02-16,PE-1N,-6.62417858816496,-79.95889859664007,True
20211222,20200216,15:25,PUNO,PE-1S,1347,CHOQUE,0,1,1347.0,2020-02-16,PE-1S,,,True
20211222,20200216,17:00,PUNO,PE-1S,1375,DESPISTE,0,2,1375.0,2020-02-16,PE-1S,,,True
20211222,20200217,23:30,AMAZONAS,AM-108,4,CHOQUE,0,9,4.0,2020-02-17,AM-108,,,True
20211222,20200217,21:45,TACNA,PE-1SD,6,ATROPELLO,1,0,6.0,2020-02-17,PE-1SD,-16.667769781548632,-72.58009474177919,True
20211222,20200217,18:20,LIMA,PE-1N,8,CHOQUE,0,0,8.0,2020-02-17,PE-1N,-12.043113972270572,-77.02681831289995,True
20211222,20200217,00:20,AREQUIPA,PE-34E,8,CHOQUE,0,0,8.0,2020-02-17,PE-34E,-15.995529398956128,-71.39123335547323,True
20211222,20200217,06:30,LIMA,PE-22,61,DESPISTE,0,0,61.0,2020-02-17,PE-22,-11.891414302164128,-76.49631996288396,True
20211222,20200217,08:55,JUNIN,PE-3S,64,DESPISTE,0,0,64.0,2020-02-17,PE-3S,-11.784354545355463,-75.56332605162096,True
20211222,20200217,15:40,PUNO,PE-34H,68,CHOQUE,0,0,68.0,2020-02-17,PE-34H,-15.069631440214062,-69.80987878736076,True
20211222,20200217,05:40,JUNIN,PE-3S,94,DESPISTE,0,5,94.0,2020-02-17,PE-3S,-11.860337322129707,-75.37565239701588,True
20211222,20200217,15:30,ANCASH,AN-107,110,CHOQUE,0,2,110.0,2020-02-17,AN-107,,,True
20211222,20200217,07:05,MOQUEGUA,PE-1SD,114,CHOQUE,0,6,114.0,2020-02-17,PE-1SD,-17.05067275441754,-71.96946619449116,True
20211222,20200217,06:30,JUNIN,PE-22,156,DESPISTE,0,0,156.0,2020-02-17,PE-22,-11.615685053977664,-76.01899980956006,True
20211222,20200217,20:40,PUNO,PE-30A,279,DESPISTE,0,4,279.0,2020-02-17,PE-30A,-14.567380333584786,-73.42101518720675,True
20211222,20200217,16:45,ANCASH,PE-1N,315,DESPISTE,0,0,315.0,2020-02-17,PE-1N,-9.93913120027727,-78.21777602167599,True
20211222,20200217,09:00,AREQUIPA,PE-1S,599,DESPISTE,0,1,599.0,2020-02-17,PE-1S,-15.81945797209469,-74.34752138872642,True
20211222,20200217,19:00,AREQUIPA,PE-1S,747,CHOQUE,1,4,747.0,2020-02-17,PE-1S,-16.370376255706987,-73.27035692973524,True
20211222,20200217,16:30,PUNO,PE-3S,1149,CHOQUE,0,4,1149.0,2020-02-17,PE-3S,-14.477523754592792,-71.023099322616,True
20211222,20200218,12:40,ANCASH,PE-14,3,CHOQUE,0,0,3.0,2020-02-18,PE-14,-9.47320767614406,-78.24941584819085,True
20211222,20200218,11:00,LIMA,PE-1N,63,DESPISTE,0,1,63.0,2020-02-18,PE-1N,-11.660382751403565,-77.19309849631924,True
20211222,20200218,10:40,CUSCO,PE-28B,93,DESPISTE,0,4,93.0,2020-02-18,PE-28B,-12.826592193963085,-74.00913294879939,True
20211222,20200218,11:30,LIMA,PE-1S,126,CHOQUE,0,0,126.0,2020-02-18,PE-1S,-12.69908931679153,-76.64136256995023,True
20211222,20200218,06:00,AREQUIPA,PE-1S,633,DESPISTE,0,1,633.0,2020-02-18,PE-1S,-15.918975935138107,-74.12471145695262,True
20211222,20200218,10:30,AREQUIPA,PE-1S,706,CHOQUE,0,3,706.0,2020-02-18,PE-1S,-16.23662397540117,-73.58609703007662,True
20211222,20200219,18:40,AYACUCHO,PE-30A,41,CHOQUE,0,0,41.0,2020-02-19,PE-30A,-14.837995738281979,-74.72274295013283,True
20211222,20200219,11:50,TACNA,PE-1SD,44,DESPISTE,0,1,44.0,2020-02-19,PE-1SD,-16.765227079757405,-72.34334704878746,True
20211222,20200219,03:30,LAMBAYEQUE,PE-1N,73,DESPISTE,0,4,73.0,2020-02-19,PE-1N,-11.607070047077743,-77.2146132156668,True
20211222,20200219,19:10,ANCASH,PE-3N,74,DESPISTE,0,0,74.0,2020-02-19,PE-3N,-10.988632664696011,-76.0298140159235,True
20211222,20200219,10:00,LIMA,PE-1N,78,CHOQUE,0,2,78.0,2020-02-19,PE-1N,-11.59677375920734,-77.25349743581087,True
20211222,20200219,06:15,HUANCAVELICA,PE-28A,114,DESPISTE,0,3,114.0,2020-02-19,PE-28A,-13.608221384673639,-75.34842628061585,True
20211222,20200219,21:40,AMAZONAS,PE-5N,233,CHOQUE,0,4,233.0,2020-02-19,PE-5N,-9.63070993265429,-75.01565915945017,True
20211222,20200219,14:30,JUNIN,PE-24,251,CHOQUE,0,11,251.0,2020-02-19,PE-24,-12.03242354361938,-75.50293294186653,True
20211222,20200219,20:30,MADRE DE DIOS,PE-30C,329,DESPISTE,1,1,329.0,2020-02-19,PE-30C,-12.896000526247652,-69.95817281545405,True
20211222,20200219,18:10,ANCASH,AN-111,401,DESPISTE,0,1,401.0,2020-02-19,AN-111,,,True
20211222,20200219,22:10,ANCASH,PE-16,553,CHOQUE,0,2,553.0,2020-02-19,PE-16,,,True
20211222,20200219,03:40,AREQUIPA,PE-1S,560,CHOQUE,0,2,560.0,2020-02-19,PE-1S,-15.652497903502072,-74.58833742739077,True
20211222,20200219,22:10,AREQUIPA,PE-1S,605,CHOQUE,0,1,605.0,2020-02-19,PE-1S,-15.81836151471904,-74.3040003140425,True
20211222,20200220,12:30,AREQUIPA,PE-34F,0,DESPISTE,0,0,0.0,2020-02-20,PE-34F,-14.77268409699991,-71.39229366799992,True
20211222,20200220,12:30,AREQUIPA,PE-1SD,5,DESPISTE,0,3,5.0,2020-02-20,PE-1SD,-16.666213218757562,-72.58616599548773,True
20211222,20200220,16:05,AREQUIPA,PE-1SE,7,DESPISTE,0,0,7.0,2020-02-20,PE-1SE,-13.465259032912055,-76.18031801281556,True
20211222,20200220,18:58,CAJAMARCA,PE-08B,22,CHOQUE,0,5,22.0,2020-02-20,PE-08B,-7.141786102288534,-78.35848001229822,True
20211222,20200220,21:15,CUSCO,PE-34F,60,DESPISTE,0,0,60.0,2020-02-20,PE-34F,-14.42384466053489,-71.34112116968677,True
20211222,20200220,20:35,LIMA,PE-1S,86,CHOQUE,0,1,86.0,2020-02-20,PE-1S,-12.838459513346551,-76.5226660253649,True
20211222,20200220,00:10,CAJAMARCA,PE-08,101,DESPISTE,0,2,101.0,2020-02-20,PE-08,-7.215180092985987,-78.7662890776291,True
20211222,20200220,15:00,LIMA,PE-22,119,CHOQUE,0,0,119.0,2020-02-20,PE-22,-11.637866230003475,-76.23299827749263,True
20211222,20200220,05:10,LIMA,PE-1S,152,ATROPELLO,1,0,152.0,2020-02-20,PE-1S,-13.169338708045828,-76.35893261831309,True
20211222,20200220,17:30,ANCASH,PE-1N,418,DESPISTE,0,4,418.0,2020-02-20,PE-1N,-9.058068068236896,-78.59017083827591,True
20211222,20200220,07:00,SAN MARTIN,PE-5N,504,DESPISTE,0,0,504.0,2020-02-20,PE-5N,-9.065990726791641,-76.072059601239,True
20211222,20200220,06:30,AREQUIPA,PE-1S,602,DESPISTE,0,0,602.0,2020-02-20,PE-1S,-15.817182781727784,-74.32506628789872,True
20211222,20200220,13:15,AREQUIPA,PE-1S,746,DESPISTE,0,0,746.0,2020-02-20,PE-1S,-16.364255992228767,-73.27386443753133,True
20211222,20200220,22:10,CUSCO,PE-3S,1048,CHOQUE,0,3,1048.0,2020-02-20,PE-3S,-13.845550272545049,-71.53581947312838,True
20211222,20200221,05:05,AREQUIPA,PE-1SE,23,CHOQUE,0,0,23.0,2020-02-21,PE-1SE,-13.60565862984984,-76.16679961225879,True
20211222,20200221,13:15,LIMA,PE-1S,36,DESPISTE,0,0,36.0,2020-02-21,PE-1S,-12.303207528105474,-76.84237635381942,True
20211222,20200221,12:45,LAMBAYEQUE,PE-08,37,DESPISTE,0,1,37.0,2020-02-21,PE-08,-7.225457719138045,-79.20821819591296,True
20211222,20200221,05:55,JUNIN,PE-3N,54,CHOQUE,0,0,54.0,2020-02-21,PE-3N,-11.151720054915572,-75.98961299328315,True
20211222,20200221,15:00,AREQUIPA,PE-34E,63,CHOQUE,0,0,63.0,2020-02-21,PE-34E,-15.594237845408614,-71.41330518375867,True
20211222,20200221,18:30,JUNIN,PE-22B,67,CHOQUE,0,1,67.0,2020-02-21,PE-22B,-11.261703136518243,-75.5517913739704,True
20211222,20200221,14:00,ICA,PE-30A,74,DESPISTE,2,1,74.0,2020-02-21,PE-30A,-14.702462771011922,-74.5298670176227,True
20211222,20200221,07:30,CAJAMARCA,PE-3N,79,CHOQUE,0,4,79.0,2020-02-21,PE-3N,-10.954478413826575,-76.04132556200179,True
20211222,20200221,20:50,AREQUIPA,PE-34A,87,CHOQUE,0,1,87.0,2020-02-21,PE-34A,-16.092195359752303,-71.60190822315788,True
20211222,20200221,14:30,CAJAMARCA,PE-08,99,CHOQUE,0,7,99.0,2020-02-21,PE-08,-7.2143174173935245,-78.7829585494077,True
20211222,20200221,07:15,CAJAMARCA,PE-08,167,DESPISTE,0,2,167.0,2020-02-21,PE-08,-7.232182856563961,-78.48728493790028,True
20211222,20200221,06:45,ANCASH,PE-1N,286,DESPISTE,1,2,286.0,2020-02-21,PE-1N,-10.127116850567086,-78.12465946733163,True
20211222,20200221,21:30,SAN MARTIN,PE-5N,403,DESPISTE,0,2,403.0,2020-02-21,PE-5N,-9.036684493556086,-75.50133196325082,True
20211222,20200221,21:00,AREQUIPA,PE-1S,602,DESPISTE,0,0,602.0,2020-02-21,PE-1S,-15.817182781727784,-74.32506628789872,True
20211222,20200221,06:30,PIURA,PE-1N,1014,DESPISTE,0,0,1014.0,2020-02-21,PE-1N,-5.053634901070404,-80.7033773050368,True
20211222,20200222,21:20,PUNO,PE-34H,14,DESPISTE,0,1,14.0,2020-02-22,PE-34H,-15.38362504113308,-70.05878953582561,True
20211222,20200222,06:20,LIMA,PE-1S,23,DESPISTE,0,0,23.0,2020-02-22,PE-1S,-12.24236550164664,-76.94430819131811,True
20211222,20200222,20:30,CAJAMARCA,PE-08B,25,CHOQUE,0,3,25.0,2020-02-22,PE-08B,-7.127633102319021,-78.347053168694,True
20211222,20200222,23:45,ANCASH,AN-110,29,DESPISTE,0,1,29.0,2020-02-22,AN-110,,,True
20211222,20200222,N.I.,JUNIN,PE-22B,57,CHOQUE,0,8,57.0,2020-02-22,PE-22B,-11.319607145277118,-75.55268746940435,True
20211222,20200222,08:25,CAJAMARCA,PE-08,61,CHOQUE,0,9,61.0,2020-02-22,PE-08,-7.225817170347027,-79.0534495553326,True
20211222,20200222,23:50,LAMBAYEQUE,PE-1N,62,CHOQUE,1,3,62.0,2020-02-22,PE-1N,-11.665974506954708,-77.18595646581765,True
20211222,20200222,13:30,CAJAMARCA,PE-08,75,DESPISTE,0,4,75.0,2020-02-22,PE-08,-7.19314905920946,-78.9626946145172,True
20211222,20200222,N.I.,JUNIN,PE-5S,78,ATROPELLO,1,1,78.0,2020-02-22,PE-5S,-11.017606037425463,-74.7517984778365,True
20211222,20200222,16:30,JUNIN,PE-22B,84,CHOQUE,0,0,84.0,2020-02-22,PE-22B,-11.176400822936204,-75.45030024330721,True
20211222,20200222,08:00,CUSCO,PE-28B,89,DESPISTE,0,2,89.0,2020-02-22,PE-28B,-12.839757352279552,-73.99938758046522,True
20211222,20200222,15:55,JUNIN,PE-22B,91,CHOQUE,0,1,91.0,2020-02-22,PE-22B,-11.14623537083567,-75.39982066223845,True
20211222,20200222,04:40,AREQUIPA,PE-34A,106,CHOQUE,0,2,106.0,2020-02-22,PE-34A,-16.070785205946926,-71.4651958810603,True
20211222,20200222,11:20,LIMA,PE-22,111,CHOQUE,0,0,111.0,2020-02-22,PE-22,-11.678630463904785,-76.25802822208564,True
20211222,20200222,19:40,LIMA,PE-22,121,ESPECIAL,0,0,121.0,2020-02-22,PE-22,-11.626055487658348,-76.23358335132001,True
20211222,20200222,17:00,PUNO,PE-36A,139,DESPISTE,0,0,139.0,2020-02-22,PE-36A,-16.88352449792192,-70.32719932701981,True
20211222,20200222,13:30,JUNIN,PE-22,152,CHOQUE,2,9,152.0,2020-02-22,PE-22,-11.601612405995992,-76.0485109417629,True
20211222,20200222,06:35,JUNIN,PE-22,154,DESPISTE,0,0,154.0,2020-02-22,PE-22,-11.609307054351873,-76.03421073631003,True
20211222,20200222,11:50,ANCASH,PE-16,182,DESPISTE,0,3,182.0,2020-02-22,PE-16,,,True
20211222,20200222,20:15,ICA,PE-1S,239,DESPISTE,0,1,239.0,2020-02-22,PE-1S,-13.823612346817631,-76.14313075824752,True
20211222,20200222,16:10,AMAZONAS,PE-5N,272,DESPISTE,1,4,272.0,2020-02-22,PE-5N,-9.310253489297356,-75.01274387297124,True
20211222,20200222,09:50,SAN MARTIN,PE-5N,509,CHOQUE,0,6,509.0,2020-02-22,PE-5N,-9.02665736508174,-76.06555946510477,True
20211222,20200222,07:20,ANCASH,PE-16,563,DESPISTE,0,0,563.0,2020-02-22,PE-16,,,True
20211222,20200222,04:40,SAN MARTIN,PE-5N,592,DESPISTE,0,1,592.0,2020-02-22,PE-5N,-8.457215782894517,-76.32274123197493,True
20211222,20200222,23:00,PUNO,PE-3S,1302,DESPISTE,0,2,1302.0,2020-02-22,PE-3S,-15.36443054246879,-70.1710127465804,True
20211222,20200223,07:45,ICA,PE-1S,2,DESPISTE,0,8,2.0,2020-02-23,PE-1S,-12.075665935348814,-76.97505800602154,True
20211222,20200223,23:00,CUSCO,N.I.,2,DESPISTE,0,1,2.0,2020-02-23,N.I.,,,True
20211222,20200223,23:00,SAN MARTIN,PE-5N,26,ATROPELLO,1,0,26.0,2020-02-23,PE-5N,-10.800887286389818,-75.30522640945928,True
20211222,20200223,20:50,CAJAMARCA,PE-08B,29,CHOQUE,0,0,29.0,2020-02-23,PE-08B,-7.105473828078307,-78.3347094582988,True
20211222,20200223,20:00,LIMA,PE-20A,44,DESPISTE,0,2,44.0,2020-02-23,PE-20A,-11.686580089289432,-76.88616368035287,True
20211222,20200223,13:45,JUNIN,PE-3S,52,DESPISTE,0,0,52.0,2020-02-23,PE-3S,-11.804334479789928,-75.64565501927746,True
20211222,20200223,17:42,CUSCO,PE-28F,57,DESPISTE,0,1,57.0,2020-02-23,PE-28F,,,True
20211222,20200223,19:30,AREQUIPA,PE-34A,74,DESPISTE,0,0,74.0,2020-02-23,PE-34A,-16.171363083630286,-71.64401155053457,True
20211222,20200223,04:00,MOQUEGUA,PE-36A,77,CHOQUE,0,2,77.0,2020-02-23,PE-36A,-16.97602763825442,-70.68357330792595,True
20211222,20200223,09:35,JUNIN,PE-3N,87,CHOQUE,0,3,87.0,2020-02-23,PE-3N,-10.894060145693265,-76.08004026975293,True
20211222,20200223,07:25,LIMA,PE-1N,97,DESPISTE,0,3,97.0,2020-02-23,PE-1N,-11.45304438043922,-77.33160444977595,True
20211222,20200223,06:00,AREQUIPA,PE-34A,110,DESPISTE,0,0,110.0,2020-02-23,PE-34A,-16.06838706496484,-71.42930690677025,True
20211222,20200223,18:05,LIMA,PE-1S,148,DESPISTE,0,2,148.0,2020-02-23,PE-1S,-13.144421709528807,-76.38437346365887,True
20211222,20200223,19:50,JUNIN,PE-22,154,DESPISTE,0,3,154.0,2020-02-23,PE-22,-11.609307054351873,-76.03421073631003,True
20211222,20200223,14:40,AREQUIPA,PE-34A,161,CHOQUE,0,1,161.0,2020-02-23,PE-34A,-15.860570730706641,-71.12516170622544,True
20211222,20200223,11:45,ICA,PE-1S,247,DESPISTE,2,0,247.0,2020-02-23,PE-1S,-13.884517650077715,-76.11003824514367,True
20211222,20200223,21:48,SAN MARTIN,PE-5N,457,CHOQUE,0,1,457.0,2020-02-23,PE-5N,-9.206175829186018,-75.8025559582114,True
20211222,20200223,22:30,ICA,PE-1S,478,CHOQUE,0,2,478.0,2020-02-23,PE-1S,-15.099529546434997,-75.00184091569328,True
20211222,20200223,00:30,LIMA,PE-1S,515,DESPISTE,0,2,515.0,2020-02-23,PE-1S,-15.410162105157006,-74.88785565437115,True
20211222,20200223,07:22,LA LIBERTAD,PE-1N,526,CHOQUE,0,0,526.0,2020-02-23,PE-1N,-8.380820061911551,-78.8578007898985,True
20211222,20200223,11:09,SAN MARTIN,PE-5N,593,DESPISTE,0,1,593.0,2020-02-23,PE-5N,-8.448582312025609,-76.3254228720336,True
20211222,20200223,14:30,ANCASH,PE-3N,610,CHOQUE,0,1,610.0,2020-02-23,PE-3N,-9.299618588335052,-77.62408323468098,True
20211222,20200223,13:30,AREQUIPA,PE-1S,833,CHOQUE,0,1,833.0,2020-02-23,PE-1S,-16.60630795882485,-72.69981119192862,True
20211222,20200223,12:40,PUNO,PE-3S,1210,DESPISTE,0,1,1210.0,2020-02-23,PE-3S,-14.816966920369934,-70.68848271349691,True
20211222,20200223,19:00,PUNO,PE-1S,1353,CHOQUE,0,2,1353.0,2020-02-23,PE-1S,,,True
20211222,20200223,18:50,PUNO,PE-1S,1417,CHOQUE,2,20,1417.0,2020-02-23,PE-1S,,,True
20211222,20200224,15:30,APURIMAC,PE-30A,2,ATROPELLO,1,0,2.0,2020-02-24,PE-30A,-14.836555858469378,-74.92648233026485,True
20211222,20200224,16:40,AMAZONAS,PE-5N,2,CHOQUE,0,2,2.0,2020-02-24,PE-5N,-10.950227213342961,-75.29050080578948,True
20211222,20200224,14:00,AREQUIPA,PE-34E,8,CHOQUE,9,71,8.0,2020-02-24,PE-34E,-15.995529398956128,-71.39123335547323,True
20211222,20200224,18:40,CAJAMARCA,PE-06B,22,ATROPELLO,0,0,22.0,2020-02-24,PE-06B,-6.648909208671543,-79.0937066188102,True
20211222,20200224,21:10,TACNA,PE-1SD,48,DESPISTE,0,0,48.0,2020-02-24,PE-1SD,-16.78178236379192,-72.31367629939157,True
20211222,20200224,19:30,LIMA,PE-22,60,DESPISTE,0,0,60.0,2020-02-24,PE-22,-11.897486623435295,-76.50174954295629,True
20211222,20200224,00:00,HUANUCO,N.I.,72,DESPISTE,0,0,72.0,2020-02-24,N.I.,,,True
20211222,20200224,09:45,JUNIN,PE-5S,81,CHOQUE,0,3,81.0,2020-02-24,PE-5S,-11.042287374984864,-74.74787423538879,True
20211222,20200224,06:00,JUNIN,PE-3S,82,CHOQUE,1,0,82.0,2020-02-24,PE-3S,-11.793532600144376,-75.45905087621513,True
20211222,20200224,12:50,PUNO,PE-34H,85,DESPISTE,0,11,85.0,2020-02-24,PE-34H,-14.943579378937207,-69.86798728465246,True
20211222,20200224,18:50,JUNIN,PE-3N,100,CHOQUE,0,0,100.0,2020-02-24,PE-3N,-10.839114088891874,-76.18088677579682,True
20211222,20200224,09:30,CAJAMARCA,PE-06A,176,DESPISTE,0,4,176.0,2020-02-24,PE-06A,-6.494623347962843,-78.91593796798308,True
20211222,20200224,08:54,PIURA,PE-1N,181,DESPISTE,0,0,181.0,2020-02-24,PE-1N,-10.861414836959838,-77.68947261271943,True
20211222,20200224,01:15,PUNO,PE-34A,216,DESPISTE,0,0,216.0,2020-02-24,PE-34A,-15.663232813440876,-70.76637171263387,True
20211222,20200224,06:50,HUANUCO,PE-3N,229,N.I.,0,3,229.0,2020-02-24,PE-3N,-9.968186399539963,-76.24358192726321,True
20211222,20200225,06:45,JUNIN,PE-3N,38,DESPISTE,0,0,38.0,2020-02-25,PE-3N,-11.275576855331497,-75.92515139189797,True
20211222,20200225,11:26,LIMA,PE-22,42,DESPISTE,0,2,42.0,2020-02-25,PE-22,-11.926045629736292,-76.64564268664563,True
20211222,20200225,06:45,LIMA,PE-22,62,DESPISTE,0,0,62.0,2020-02-25,PE-22,-11.887771605999944,-76.48866801474028,True
20211222,20200225,11:00,PIURA,PE-1N,72,DESPISTE,1,1,72.0,2020-02-25,PE-1N,-11.603811379412052,-77.20606249487899,True
20211222,20200225,N.I.,LIMA,PE-1N,82,CHOQUE,0,2,82.0,2020-02-25,PE-1N,-11.563139040290405,-77.26547950067437,True
20211222,20200225,14:30,HUANCAVELICA,PE-28A,102,DESPISTE,0,5,102.0,2020-02-25,PE-28A,-13.607254777253434,-75.39050916588022,True
20211222,20200225,07:30,JUNIN,PE-22,138,DESPISTE,0,0,138.0,2020-02-25,PE-22,-11.601619508043797,-76.14842591009425,True
20211222,20200225,18:00,JUNIN,PE-22,143,DESPISTE,0,0,143.0,2020-02-25,PE-22,-11.599821445816865,-76.11559081630975,True
20211222,20200225,06:00,HUANCAVELICA,PE-26B,209,CHOQUE,0,2,209.0,2020-02-25,PE-26B,,,True
20211222,20200225,19:55,ICA,PE-1S,212,DESPISTE,0,1,212.0,2020-02-25,PE-1S,-13.594946994637784,-76.14582798668553,True
20211222,20200225,04:00,UCAYALI,PE-18C,364,DESPISTE,0,0,364.0,2020-02-25,PE-18C,,,True
20211222,20200225,07:00,AREQUIPA,PE-1S,585,CHOQUE,2,2,585.0,2020-02-25,PE-1S,-15.771371815992216,-74.4289093360771,True
20211222,20200225,22:50,MOQUEGUA,PE-1S,1136,DESPISTE,0,2,1136.0,2020-02-25,PE-1S,-17.204020565936073,-70.99276299809735,True
20211222,20200225,19:00,MOQUEGUA,PE-1S,1297,CHOQUE,0,0,1297.0,2020-02-25,PE-1S,-18.05289659951314,-70.28064206794792,True
20211222,20200225,05:30,PUNO,PE-3S,1305,DESPISTE,0,0,1305.0,2020-02-25,PE-3S,-15.390105530609008,-70.15765500824284,True
20211222,20200225,04:55,PUNO,PE-1S,1399,ATROPELLO,1,0,1399.0,2020-02-25,PE-1S,,,True
20211222,20200226,20:30,LA LIBERTAD,PE-10A,19,CHOQUE,0,12,19.0,2020-02-26,PE-10A,-8.077025480477028,-78.87214415539479,True
20211222,20200226,16:40,AREQUIPA,PE-34E,24,DESPISTE,0,2,24.0,2020-02-26,PE-34E,-15.883955648271087,-71.38637689292277,True
20211222,20200226,21:45,AREQUIPA,PE-34,27,CHOQUE,0,0,27.0,2020-02-26,PE-34,-16.828841804754607,-72.01055999380942,True
20211222,20200226,23:30,PIURA,PE-1N,27,CHOQUE,0,6,27.0,2020-02-26,PE-1N,-11.894443937996057,-77.06801083456445,True
20211222,20200226,09:20,MOQUEGUA,PE-36A,33,DESPISTE,0,2,33.0,2020-02-26,PE-36A,-17.077954741015162,-70.84226849116956,True
20211222,20200226,17:30,HUANUCO,PE-3N,34,CHOQUE,0,5,34.0,2020-02-26,PE-3N,-11.306646779731226,-75.90991528294643,True
20211222,20200226,02:15,MADRE DE DIOS,PE-34B,47,CHOQUE,0,0,47.0,2020-02-26,PE-34B,-14.919391447058956,-70.20512350196351,True
20211222,20200226,07:07,LIMA,PE-1N,48,DESPISTE,0,0,48.0,2020-02-26,PE-1N,-11.746533717388017,-77.1427832539304,True
20211222,20200226,03:20,JUNIN,PE-22B,65,DESPISTE,0,5,65.0,2020-02-26,PE-22B,-11.265214899910776,-75.55348273694865,True
20211222,20200226,N.I.,LIMA,PE-22,107,DESPISTE,0,0,107.0,2020-02-26,PE-22,-11.705646773117046,-76.26740401394007,True
20211222,20200226,15:30,LIMA,PE-1N,113,DESPISTE,0,3,113.0,2020-02-26,PE-1N,-11.38488806789341,-77.43136409875238,True
20211222,20200226,22:30,ANCASH,PE-16,117,DESPISTE,0,0,117.0,2020-02-26,PE-16,-10.151549151453212,-77.31508234917384,True
20211222,20200226,17:10,CUSCO,PE-28B,165,CHOQUE,0,3,165.0,2020-02-26,PE-28B,-12.598478533996571,-73.82662692565175,True
20211222,20200226,18:00,LIMA,PE-22,166,CHOQUE,0,0,166.0,2020-02-26,PE-22,-11.581972905849751,-75.95699050085464,True
20211222,20200226,23:15,AMAZONAS,PE-5N,196,DESPISTE,0,0,196.0,2020-02-26,PE-5N,-9.942813236206902,-75.0523055058707,True
20211222,20200226,18:20,AYACUCHO,PE-28A,288,CHOQUE,0,1,288.0,2020-02-26,PE-28A,-13.334576150790435,-74.35170966674751,True
20211222,20200226,14:42,SAN MARTIN,PE-5N,635,CHOQUE,0,0,635.0,2020-02-26,PE-5N,-8.202750239742064,-76.49583085877693,True
20211222,20200226,17:00,LAMBAYEQUE,PE-1N,768,CHOQUE,0,3,768.0,2020-02-26,PE-1N,-6.867067652913684,-79.81683900592715,True
20211222,20200226,04:50,LA LIBERTAD,PE-1N,853,CHOQUE,0,0,853.0,2020-02-26,PE-1N,-6.309218846051016,-80.24986551250313,True
20211222,20200226,02:30,LA LIBERTAD,PE-1N,897,ATROPELLO,1,0,897.0,2020-02-26,PE-1N,-6.041308065343499,-80.51708577047555,True
20211222,20200226,09:45,AREQUIPA,PE-1S,951,CHOQUE,0,11,951.0,2020-02-26,PE-1S,-16.481515495271488,-71.90513785084899,True
20211222,20200227,15:00,LORETO,LO-103,2,CHOQUE,0,3,2.0,2020-02-27,LO-103,,,True
20211222,20200227,21:40,ANCASH,PE-16,11,CHOQUE,0,1,11.0,2020-02-27,PE-16,-10.57899889794476,-77.76238699544122,True
20211222,20200227,22:30,LA LIBERTAD,PE-1NF,29,DESPISTE,0,0,29.0,2020-02-27,PE-1NF,-7.7071622170916045,-78.98198263780063,True
20211222,20200227,18:50,CAJAMARCA,PE-08A,41,CHOQUE,0,2,41.0,2020-02-27,PE-08A,-7.102114217768771,-78.75424759965772,True
20211222,20200227,16:10,LIMA,PE-1N,48,CHOQUE,0,3,48.0,2020-02-27,PE-1N,-11.746533717388017,-77.1427832539304,True
20211222,20200227,13:35,JUNIN,PE-3N,56,DESPISTE,0,0,56.0,2020-02-27,PE-3N,-11.133794755497352,-75.99175209312435,True
20211222,20200227,10:35,AREQUIPA,PE-1SE,60,DESPISTE,0,2,60.0,2020-02-27,PE-1SE,,,True
20211222,20200227,07:30,JUNIN,PE-3S,109,CHOQUE,0,1,109.0,2020-02-27,PE-3S,-11.951795049689368,-75.28363289659774,True
20211222,20200227,18:35,CAJAMARCA,PE-08,166,DESPISTE,0,1,166.0,2020-02-27,PE-08,-7.2359633393330896,-78.480405422264,True
20211222,20200227,08:15,AYACUCHO,PE-28A,243,CHOQUE,0,1,243.0,2020-02-27,PE-28A,-13.352761070930658,-74.69199264269375,True
20211222,20200227,01:15,ICA,PE-1S,306,CHOQUE,0,3,306.0,2020-02-27,PE-1S,-14.137026371012245,-75.71751477440608,True
20211222,20200227,20:30,APURIMAC,PE-3S,578,CHOQUE,1,1,578.0,2020-02-27,PE-3S,-13.59664373460785,-73.61290259424388,True
20211222,20200227,18:45,LAMBAYEQUE,PE-1N,812,CHOQUE,0,2,812.0,2020-02-27,PE-1N,-6.570621610626422,-79.99241551797556,True
20211222,20200228,17:00,CUSCO,PE-3SF,12,DESPISTE,0,2,12.0,2020-02-28,PE-3SF,-13.742790555297747,-72.89748084659533,True
20211222,20200228,17:15,LIMA,PE-1S,22,CHOQUE,0,1,22.0,2020-02-28,PE-1S,-12.23816144054279,-76.95243432758777,True
20211222,20200228,20:40,LAMBAYEQUE,PE-5N,33,DESPISTE,3,15,33.0,2020-02-28,PE-5N,-10.763227247154697,-75.3113664328082,True
20211222,20200228,19:50,CAJAMARCA,PE-3N,35,CHOQUE,0,6,35.0,2020-02-28,PE-3N,-11.298305615096039,-75.91111630500308,True
20211222,20200228,21:50,PUNO,PE-34B,62,CHOQUE,0,0,62.0,2020-02-28,PE-34B,-14.81270400087202,-70.24851110341773,True
20211222,20200228,17:00,LIMA,PE-22,112,CHOQUE,0,0,112.0,2020-02-28,PE-22,-11.67094606237875,-76.25628872745061,True
20211222,20200228,14:00,AREQUIPA,PE-34A,134,DESPISTE,0,2,134.0,2020-02-28,PE-34A,-16.003616353971104,-71.2687063539711,True
20211222,20200228,19:00,JUNIN,PE-3S,137,DESPISTE,0,0,137.0,2020-02-28,PE-3S,-12.16987811971258,-75.2078416418391,True
20211222,20200228,10:30,JUNIN,PE-3S,137,CHOQUE,0,0,137.0,2020-02-28,PE-3S,-12.16987811971258,-75.2078416418391,True
20211222,20200228,19:50,ICA,PE-1S,178,CHOQUE,0,0,178.0,2020-02-28,PE-1S,-13.350167062582752,-76.22395556254911,True
20211222,20200228,17:00,HUANCAVELICA,PE-28A,179,DESPISTE,0,0,179.0,2020-02-28,PE-28A,-13.44784711712512,-74.97071767921294,True
20211222,20200228,10:35,PUNO,PE-38,187,DESPISTE,0,6,187.0,2020-02-28,PE-38,-17.084312333823153,-69.69658839006959,True
20211222,20200228,00:10,LIMA,PE-1N,212,CHOQUE,0,0,212.0,2020-02-28,PE-1N,-10.64959579125828,-77.8481143075102,True
20211222,20200228,08:35,ANCASH,PE-1N,240,DESPISTE,0,1,240.0,2020-02-28,PE-1N,-10.422093052498472,-77.926735641405,True
20211222,20200228,06:20,APURIMAC,PE-30A,262,DESPISTE,0,1,262.0,2020-02-28,PE-30A,-14.562671723392397,-73.55788397399506,True
20211222,20200228,23:02,ANCASH,PE-1N,331,CHOQUE,0,2,331.0,2020-02-28,PE-1N,-9.794747917765644,-78.21003300553888,True
20211222,20200228,09:30,ANCASH,PE-1N,399,DESPISTE,1,3,399.0,2020-02-28,PE-1N,-9.30252999562906,-78.4091081848515,True
20211222,20200228,01:50,LA LIBERTAD,PE-1N,681,CHOQUE,0,2,681.0,2020-02-28,PE-1N,-7.378742556730164,-79.5415453213291,True
20211222,20200228,20:50,PUNO,PE-3S,1330,CHOQUE,1,0,1330.0,2020-02-28,PE-3S,-15.583336038741162,-70.09970943477232,True
20211222,20200229,15:05,PUNO,PE-34H,6,CHOQUE,0,5,6.0,2020-02-29,PE-34H,-15.446356435787227,-70.0918643947271,True
20211222,20200229,20:40,LIMA,PE-1NE,20,ATROPELLO,0,1,20.0,2020-02-29,PE-1NE,-11.099504887403373,-77.41293315506036,True
20211222,20200229,21:30,LIMA,PE-1S,25,CHOQUE,0,0,25.0,2020-02-29,PE-1S,-12.25190569528972,-76.92876477852737,True
20211222,20200229,12:35,LIMA,PE-1S,31,CHOQUE,0,0,31.0,2020-02-29,PE-1S,-12.280991225376972,-76.88222016434416,True
20211222,20200229,20:15,AREQUIPA,PE-1SE,31,DESPISTE,0,0,31.0,2020-02-29,PE-1SE,-13.675904525683999,-76.16477753264418,True
20211222,20200229,12:25,LIMA,PE-1S,32,DESPISTE,0,2,32.0,2020-02-29,PE-1S,-12.285857745341351,-76.87447302295651,True
20211222,20200229,16:00,PIURA,PE-3N,36,CHOQUE,0,2,36.0,2020-02-29,PE-3N,-11.290414933328238,-75.91486057811836,True
20211222,20200229,20:40,ANCASH,PE-16,47,DESPISTE,0,2,47.0,2020-02-29,PE-16,-10.325022808073472,-77.626989442993,True
20211222,20200229,07:20,LIMA,PE-1S,80,DESPISTE,0,2,80.0,2020-02-29,PE-1S,-12.631048191835124,-76.66948524888161,True
20211222,20200229,23:00,LIMA,PE-1S,81,CHOQUE,0,1,81.0,2020-02-29,PE-1S,-12.639890900342413,-76.66894619223838,True
20211222,20200229,05:00,JUNIN,PE-3S,105,ATROPELLO,1,0,105.0,2020-02-29,PE-3S,-11.93443240408108,-75.3141973628857,True
20211222,20200229,19:00,AYACUCHO,PE-30A,110,CHOQUE,1,2,110.0,2020-02-29,PE-30A,-14.613725585444323,-74.28724336367242,True
20211222,20200229,23:20,LIMA,PE-1N,115,ESPECIAL,0,0,115.0,2020-02-29,PE-1N,-11.370151284322256,-77.44202915357737,True
20211222,20200229,15:30,JUNIN,PE-3S,115,CHOQUE,0,2,115.0,2020-02-29,PE-3S,-11.997702574661915,-75.25380198661381,True
20211222,20200229,15:40,LIMA,PE-1N,119,DESPISTE,0,1,119.0,2020-02-29,PE-1N,-11.34068519664422,-77.46334435318555,True
20211222,20200229,10:30,CAJAMARCA,PE-08,138,CHOQUE,0,0,138.0,2020-02-29,PE-08,-7.285333818856897,-78.5193786817098,True
20211222,20200229,22:40,JUNIN,PE-22,150,ATROPELLO,1,0,150.0,2020-02-29,PE-22,-11.590230141894692,-76.0612087546155,True
20211222,20200229,21:50,HUANUCO,PE-3N,209,CHOQUE,0,2,209.0,2020-02-29,PE-3N,-10.131497689526853,-76.19998617851664,True
20211222,20200229,23:30,LIMA,PE-1N,214,DESPISTE,4,1,214.0,2020-02-29,PE-1N,-10.634856971999191,-77.85753313557,True
20211222,20200229,09:10,ANCASH,PE-3N,571,DESPISTE,0,0,571.0,2020-02-29,PE-3N,-9.595240892638133,-77.51375418400615,True
20211222,20200229,08:00,AREQUIPA,PE-1S,1040,DESPISTE,0,8,1040.0,2020-02-29,PE-1S,-17.030336733195576,-71.69309277924192,True
20211222,20200301,00:55,PUNO,PE-34H,4,DESPISTE,0,0,4.0,2020-03-01,PE-34H,-15.460467646829755,-70.1007756903007,True
20211222,20200301,19:30,LIMA,PE-1S,23,ATROPELLO,0,1,23.0,2020-03-01,PE-1S,-12.24236550164664,-76.94430819131811,True
20211222,20200301,07:20,LIMA,PE-1S,24,DESPISTE,0,0,24.0,2020-03-01,PE-1S,-12.246584742503304,-76.93618987426358,True
20211222,20200301,17:00,CUSCO,PE-3S,37,VOLCADURA,0,0,37.0,2020-03-01,PE-3S,-11.735716764101268,-75.7455294827613,True
20211222,20200301,22:40,LIMA,PE-1N,40,CHOQUE,0,0,40.0,2020-03-01,PE-1N,-11.80397223380406,-77.135597364995,True
20211222,20200301,11:15,JUNIN,PE-3N,47,CHOQUE,0,0,47.0,2020-03-01,PE-3N,-11.20261058650003,-75.95686522977036,True
20211222,20200301,16:00,HUANCAVELICA,PE-3SD,57,DESPISTE,5,4,57.0,2020-03-01,PE-3SD,-12.363581841283137,-74.79138450371865,True
20211222,20200301,16:35,CUSCO,PE-34J,58,CHOQUE,0,0,58.0,2020-03-01,PE-34J,-15.30721744343726,-71.13349172551888,True
20211222,20200301,18:00,LIMA,PE-1S,61,CHOQUE,0,0,61.0,2020-03-01,PE-1S,-12.494357250569998,-76.74355432888902,True
20211222,20200301,22:10,ANCASH,PE-3N,82,DESPISTE,0,0,82.0,2020-03-01,PE-3N,-10.931483906799105,-76.05530468484757,True
20211222,20200301,16:00,ANCASH,PE-3N,85,CHOQUE,0,7,85.0,2020-03-01,PE-3N,-10.907790640607981,-76.06832783631152,True
20211222,20200301,13:20,CAJAMARCA,PE-08,97,DESPISTE,0,0,97.0,2020-03-01,PE-08,-7.22265816767506,-78.79672106043493,True
20211222,20200301,07:00,HUANUCO,PE-18A,106,DESPISTE,0,0,106.0,2020-03-01,PE-18A,-9.44005497415777,-75.96659862682719,True
20211222,20200301,06:50,HUANUCO,PE-18A,109,DESPISTE,0,2,109.0,2020-03-01,PE-18A,-9.414693426157289,-75.97130372462136,True
20211222,20200301,17:30,JUNIN,PE-22,133,CHOQUE,0,1,133.0,2020-03-01,PE-22,-11.592798704452209,-76.19205574645032,True
20211222,20200301,06:10,ANCASH,PE-3N,217,DESPISTE,0,4,217.0,2020-03-01,PE-3N,-10.065396500524846,-76.21962219223252,True
20211222,20200301,01:00,TUMBES,PE-1N,226,ESPECIAL,0,0,226.0,2020-03-01,PE-1N,-10.535119795121814,-77.88973174390323,True
20211222,20200301,06:30,TUMBES,PE-1N,259,DESPISTE,1,0,259.0,2020-03-01,PE-1N,-10.324954099781438,-78.04946569075572,True
20211222,20200301,21:35,HUANUCO,PE-3N,274,CHOQUE,0,1,274.0,2020-03-01,PE-3N,-9.899988986728566,-76.4744887752652,True
20211222,20200301,16:25,MADRE DE DIOS,PE-30C,419,CHOQUE,0,0,419.0,2020-03-01,PE-30C,-12.613084881067943,-69.24346030278708,True
20211222,20200301,19:30,MADRE DE DIOS,PE-30C,444,CHOQUE,1,N.I.,444.0,2020-03-01,PE-30C,-12.473964189161602,-69.14017566197755,True
20211222,20200301,05:00,LAMBAYEQUE,PE-1N,752,DESPISTE,4,30,752.0,2020-03-01,PE-1N,-6.950295751179843,-79.70473157726038,True
20211222,20200301,03:30,AREQUIPA,PE-1S,813,DESPISTE,0,4,813.0,2020-03-01,PE-1S,-16.552670851314932,-72.84695640974618,True
20211222,20200301,20:10,PUNO,PE-1S,1380,CHOQUE,0,2,1380.0,2020-03-01,PE-1S,,,True
20211222,20200302,03:30,JUNIN,PE-3SA,1,DESPISTE,0,2,1.0,2020-03-02,PE-3SA,-11.780595541280357,-75.48126977100398,True
20211222,20200302,19:30,LORETO,LO-103,4,CHOQUE,0,2,4.0,2020-03-02,LO-103,,,True
20211222,20200302,05:05,PUNO,PE-36B,8,DESPISTE,1,N.I.,8.0,2020-03-02,PE-36B,-16.814248537402175,-70.49649247669919,True
20211222,20200302,21:50,PIURA,PE-1N,18,CHOQUE,0,1,18.0,2020-03-02,PE-1N,-11.973388404368107,-77.06659650425499,True
20211222,20200302,04:55,SAN MARTIN,PE-5NB,19,DESPISTE,0,0,19.0,2020-03-02,PE-5NB,-6.447954039928187,-76.29476280219336,True
20211222,20200302,07:30,LIMA,PE-1S,20,DESPISTE,0,0,20.0,2020-03-02,PE-1S,-12.229112605266383,-76.96824697333902,True
20211222,20200302,02:55,LIMA,PE-1S,49,CHOQUE,0,0,49.0,2020-03-02,PE-1S,-12.391104672876615,-76.76423036916493,True
20211222,20200302,09:05,AREQUIPA,PE-1SD,50,DESPISTE,N.I.,N.I.,50.0,2020-03-02,PE-1SD,-16.789052060474447,-72.30361412317122,True
20211222,20200302,18:00,AREQUIPA,PE-34A,57,CHOQUE,0,0,57.0,2020-03-02,PE-34A,-16.273978975739077,-71.66397575594458,True
20211222,20200302,23:30,JUNIN,PE-3S,60,DESPISTE,0,0,60.0,2020-03-02,PE-3S,-11.797049741454138,-75.59196639716265,True
20211222,20200302,01:25,LIMA,PE-1S,104,CHOQUE,0,0,104.0,2020-03-02,PE-1S,-12.99075830634379,-76.4891650496388,True
20211222,20200302,02:22,LIMA,PE-1S,113,DESPISTE,0,1,113.0,2020-03-02,PE-1S,-12.739440151424326,-76.61355016748098,True
20211222,20200302,15:00,HUANCAVELICA,PE-28A,131,DESPISTE,0,4,131.0,2020-03-02,PE-28A,-13.58160449808144,-75.27847832607395,True
20211222,20200302,02:00,CAJAMARCA,PE-06A,137,DESPISTE,0,3,137.0,2020-03-02,PE-06A,-6.529192591112035,-79.07200589398536,True
20211222,20200302,17:05,PASCO,PE-3N,165,DESPISTE,0,0,165.0,2020-03-02,PE-3N,-10.456634854729383,-76.1783294679999,True
20211222,20200302,09:45,LIMA,PE-1N,224,DESPISTE,1,4,224.0,2020-03-02,PE-1N,-10.552281029952097,-77.88384094168254,True
20211222,20200302,21:50,HUANUCO,PE-3N,228,CHOQUE,0,0,228.0,2020-03-02,PE-3N,-9.974908793105813,-76.24310756015986,True
20211222,20200302,05:00,PUNO,PE-34A,283,CHOQUE,1,0,283.0,2020-03-02,PE-34A,-15.57831955375608,-70.2620373752585,True
20211222,20200302,10:50,ICA,PE-1S,451,CHOQUE,0,4,451.0,2020-03-02,PE-1S,-14.870837959740731,-74.98757764919407,True
20211222,20200302,18:00,PUNO,PE-3S,1220,CHOQUE,0,1,1220.0,2020-03-02,PE-3S,-14.86943442547243,-70.61316657906106,True
20211222,20200302,08:10,PUNO,PE-1S,1348,DESPISTE,0,0,1348.0,2020-03-02,PE-1S,,,True
20211222,20200303,06:55,LIMA,PE-1S,0,CHOQUE,0,0,0.0,2020-03-03,PE-1S,-12.058600714999955,-76.97339732799992,True
20211222,20200303,06:15,CAJAMARCA,PE-06B,12,CHOQUE,0,4,12.0,2020-03-03,PE-06B,-6.626058232888813,-79.16456552621791,True
20211222,20200303,05:50,JUNIN,PE-3N,13,DESPISTE,0,1,13.0,2020-03-03,PE-3N,-11.44352369654096,-75.94265242053045,True
20211222,20200303,15:30,JUNIN,PE-3S,59,DESPISTE,0,0,59.0,2020-03-03,PE-3S,-11.804062145470466,-75.59654688084296,True
20211222,20200303,09:30,CAJAMARCA,PE-08,86,DESPISTE,1,2,86.0,2020-03-03,PE-08,-7.226590964271003,-78.8839720735845,True
20211222,20200303,10:14,LIMA,PE-22,98,CHOQUE,0,0,98.0,2020-03-03,PE-22,-11.742844841375657,-76.28697679623323,True
20211222,20200303,12:35,CAJAMARCA,PE-08,111,ESPECIAL,0,0,111.0,2020-03-03,PE-08,-7.242517912305455,-78.68808618826748,True
20211222,20200303,23:40,TACNA,PE-1SD,117,CHOQUE,1,1,117.0,2020-03-03,PE-1SD,-17.065338066680066,-71.9459946903155,True
20211222,20200303,15:30,ICA,PE-1S,362,DESPISTE,0,0,362.0,2020-03-03,PE-1S,-14.465216525789007,-75.40212774808717,True
20211222,20200303,09:10,LA LIBERTAD,PE-1N,665,CHOQUE,0,1,665.0,2020-03-03,PE-1N,-7.453419158582243,-79.48929535934454,True
20211222,20200303,09:50,CUSCO,PE-3S,1071,CHOQUE,0,11,1071.0,2020-03-03,PE-3S,-14.010208640381308,-71.45850158833069,True
20211222,20200304,07:00,AREQUIPA,AR-115,15,DESPISTE,0,8,15.0,2020-03-04,AR-115,,,True
20211222,20200304,10:10,LIMA,PE-1S,29,DESPISTE,0,0,29.0,2020-03-04,PE-1S,-12.271264375020683,-76.89771906411094,True
20211222,20200304,09:30,UCAYALI,PE-18C,31,CHOQUE,0,1,31.0,2020-03-04,PE-18C,-8.612020396412989,-74.93921047845775,True
20211222,20200304,05:35,LAMBAYEQUE,PE-08,41,DESPISTE,0,2,41.0,2020-03-04,PE-08,-7.221124970355,-79.18796327228418,True
20211222,20200304,10:00,AREQUIPA,PE-34A,66,CHOQUE,0,0,66.0,2020-03-04,PE-34A,-16.225063455802612,-71.66063313432053,True
20211222,20200304,00:30,LIMA,PE-22,85,CHOQUE,0,0,85.0,2020-03-04,PE-22,-11.797678584749768,-76.33832511331053,True
20211222,20200304,15:15,JUNIN,PE-3S,104,CHOQUE,0,0,104.0,2020-03-04,PE-3S,-11.92632266826794,-75.31591734974911,True
20211222,20200304,11:28,CUSCO,CU-117,125,ESPECIAL,0,0,125.0,2020-03-04,CU-117,,,True
20211222,20200304,17:00,AREQUIPA,PE-34A,169,DESPISTE,0,3,169.0,2020-03-04,PE-34A,-15.816279445616775,-71.06799497037329,True
20211222,20200304,16:40,AMAZONAS,PE-5N,308,DESPISTE,0,1,308.0,2020-03-04,PE-5N,-9.007688493299387,-75.03104494374008,True
20211222,20200304,10:30,AREQUIPA,PE-1S,632,CHOQUE,0,0,632.0,2020-03-04,PE-1S,-15.914877351146801,-74.13299331907628,True
20211222,20200304,07:16,LAMBAYEQUE,PE-1N,776,DESPISTE,0,2,776.0,2020-03-04,PE-1N,-6.799577781687308,-79.83013836691347,True
20211222,20200304,22:00,CUSCO,PE-3S,1001,CHOQUE,0,3,1001.0,2020-03-04,PE-3S,-13.610501063262618,-71.73516238350135,True
20211222,20200304,21:00,AREQUIPA,PE-1S,1018,DESPISTE,N.I.,N.I.,1018.0,2020-03-04,PE-1S,-16.949206232621865,-71.80653260810345,True
20211222,20200305,11:00,HUANUCO,PE-3N,12,VOLCADURA,1,0,12.0,2020-03-05,PE-3N,-11.450098215863449,-75.94880097496149,True
20211222,20200305,14:50,LIMA,PE-1S,52,ESPECIAL,0,0,52.0,2020-03-05,PE-1S,-12.415186934417585,-76.75539200264268,True
20211222,20200305,15:00,PUNO,PE-34H,61,DESPISTE,0,0,61.0,2020-03-05,PE-34H,-15.130360900730635,-69.8141271937238,True
20211222,20200305,19:50,LIMA,PE-1N,85,DESPISTE,0,0,85.0,2020-03-05,PE-1N,-11.542148320798743,-77.28069405572357,True
20211222,20200305,05:10,JUNIN,PE-22,149,CHOQUE,1,4,149.0,2020-03-05,PE-22,-11.58940209672629,-76.06908350055834,True
20211222,20200305,18:30,APURIMAC,PE-3S,772,CHOQUE,0,2,772.0,2020-03-05,PE-3S,-13.653627974906577,-72.9045995655944,True
20211222,20200305,06:00,PIURA,PE-1N,958,CHOQUE,1,0,958.0,2020-03-05,PE-1N,-5.49801000469602,-80.59779507813312,True
20211222,20200306,07:45,LIMA,PE-1S,53,CHOQUE,0,9,53.0,2020-03-06,PE-1S,-12.424112563376994,-76.75390574014192,True
20211222,20200306,23:35,LIMA,PE-22,97,CHOQUE,0,1,97.0,2020-03-06,PE-22,-11.749547458497183,-76.29229812539438,True
20211222,20200306,21:50,JUNIN,PE-3N,109,ATROPELLO,0,2,109.0,2020-03-06,PE-3N,-10.789098391841293,-76.24156850587269,True
20211222,20200306,08:50,LIMA,PE-1N,113,DESPISTE,0,2,113.0,2020-03-06,PE-1N,-11.38488806789341,-77.43136409875238,True
20211222,20200306,22:05,LIMA,PE-1S,114,CHOQUE,0,0,114.0,2020-03-06,PE-1S,-12.74787469425717,-76.61030959292296,True
20211222,20200306,03:00,HUANCAVELICA,PE-28A,131,CHOQUE,0,0,131.0,2020-03-06,PE-28A,-13.58160449808144,-75.27847832607395,True
20211222,20200306,07:20,TACNA,PE-1SD,189,DESPISTE,0,0,189.0,2020-03-06,PE-1SD,-17.276640690751645,-71.45927575136297,True
20211222,20200306,16:10,APURIMAC,PE-30A,190,DESPISTE,0,1,190.0,2020-03-06,PE-30A,-14.619280234137836,-74.01639382005033,True
20211222,20200306,18:30,JUNIN,PE-24,256,DESPISTE,0,7,256.0,2020-03-06,PE-24,-12.004036278756661,-75.47709353640509,True
20211222,20200306,06:55,ANCASH,PE-1N,331,DESPISTE,0,1,331.0,2020-03-06,PE-1N,-9.794747917765644,-78.21003300553888,True
20211222,20200306,10:20,MADRE DE DIOS,PE-30C,333,ATROPELLO,0,2,333.0,2020-03-06,PE-30C,-12.910761937577357,-69.92729340610535,True
20211222,20200306,15:40,ANCASH,PE-1N,392,DESPISTE,0,0,392.0,2020-03-06,PE-1N,-9.358004440901443,-78.38973326099492,True
20211222,20200306,18:45,AREQUIPA,PE-1S,746,DESPISTE,0,0,746.0,2020-03-06,PE-1S,-16.364255992228767,-73.27386443753133,True
20211222,20200306,07:00,PIURA,PE-1N,956,CHOQUE,0,4,956.0,2020-03-06,PE-1N,-5.515536096174326,-80.59329145671717,True
20211222,20200307,18:15,ICA,PE-28,1,CHOQUE,0,2,1.0,2020-03-07,PE-28,-13.83527095705574,-76.14775746943094,True
20211222,20200307,19:50,CAJAMARCA,PE-06B,15,ATROPELLO,0,0,15.0,2020-03-07,PE-06B,-6.631294510586305,-79.14032625168377,True
20211222,20200307,23:00,AMAZONAS,AM-108,32,VOLCADURA,0,2,32.0,2020-03-07,AM-108,,,True
20211222,20200307,05:00,LIMA,PE-22,41,CHOQUE,0,0,41.0,2020-03-07,PE-22,-11.925039776491657,-76.65433900407028,True
20211222,20200307,10:48,TACNA,PE-30A,46,DESPISTE,0,0,46.0,2020-03-07,PE-30A,-14.828141920144898,-74.6845002860217,True
20211222,20200307,12:35,JUNIN,PE-3S,74,DESPISTE,0,0,74.0,2020-03-07,PE-3S,-11.82511127072053,-75.49715399401276,True
20211222,20200307,18:35,LIMA,PE-1S,96,ATROPELLO,0,1,96.0,2020-03-07,PE-1S,-12.923382832474228,-76.5002848851446,True
20211222,20200307,23:20,LAMBAYEQUE,PE-1N,111,CHOQUE,0,0,111.0,2020-03-07,PE-1N,-11.397662136794214,-77.41903008400746,True
20211222,20200307,22:50,CUSCO,PE-28B,153,CHOQUE,0,0,153.0,2020-03-07,PE-28B,-12.645030078298053,-73.84978204629803,True
20211222,20200307,01:53,PUNO,PE-34A,198,ESPECIAL,0,0,198.0,2020-03-07,PE-34A,-15.729296174309686,-70.8475624787815,True
20211222,20200307,22:10,PIURA,PE-1NJ,214,DESPISTE,0,1,214.0,2020-03-07,PE-1NJ,-5.172289111087634,-80.16399912776015,True
20211222,20200307,06:54,SAN MARTIN,PE-5N,438,DESPISTE,0,2,438.0,2020-03-07,PE-5N,-9.132332826370037,-75.75094676425667,True
20211222,20200307,23:45,SAN MARTIN,PE-5N,459,CHOQUE,0,3,459.0,2020-03-07,PE-5N,-9.201470642472104,-75.81888730325751,True
20211222,20200307,20:45,CUSCO,PE-3S,885,DESPISTE,0,1,885.0,2020-03-07,PE-3S,-13.505817126137188,-72.505576007551,True
20211222,20200307,19:30,AREQUIPA,PE-1S,989,CHOQUE,0,2,989.0,2020-03-07,PE-1S,-16.70104336301476,-71.87046980645803,True
20211222,20200307,07:15,TACNA,PE-1S,1121,CHOQUE,0,0,1121.0,2020-03-07,PE-1S,-17.233466585601334,-71.09779887409142,True
20211222,20200307,00:30,PUNO,PE-3S,1190,CHOQUE,1,0,1190.0,2020-03-07,PE-3S,-14.664923332503909,-70.74544781398865,True
20211222,20200308,21:15,TACNA,PE-1S,4,ATROPELLO,1,0,4.0,2020-03-08,PE-1S,-12.091052265394318,-76.98095805023392,True
20211222,20200308,21:15,ANCASH,PE-14,19,CHOQUE,0,3,19.0,2020-03-08,PE-14,-9.467664184553277,-78.13568753799714,True
20211222,20200308,03:00,HUANUCO,PE-18A,20,ESPECIAL,0,3,20.0,2020-03-08,PE-18A,-9.840868487207922,-76.13645475806253,True
20211222,20200308,16:30,JUNIN,PE-3S,30,CHOQUE,0,3,30.0,2020-03-08,PE-3S,-11.689773911327778,-75.76956519914653,True
20211222,20200308,05:38,JUNIN,PE-3N,36,ATROPELLO,1,0,36.0,2020-03-08,PE-3N,-11.290414933328238,-75.91486057811836,True
20211222,20200308,00:30,JUNIN,PE-3S,41,DESPISTE,0,0,41.0,2020-03-08,PE-3S,-11.758633476081783,-75.71914476203087,True
20211222,20200308,09:25,LIMA,PE-1NE,72,DESPISTE,0,1,72.0,2020-03-08,PE-1NE,,,True
20211222,20200308,09:35,LIMA,PE-1S,94,CHOQUE,0,1,94.0,2020-03-08,PE-1S,-12.90573463201209,-76.50227407742604,True
20211222,20200308,15:00,LIMA,PE-1S,97,DESPISTE,0,4,97.0,2020-03-08,PE-1S,-12.932281797664176,-76.4989866965431,True
20211222,20200308,15:30,JUNIN,PE-22B,98,CHOQUE,1,0,98.0,2020-03-08,PE-22B,-11.119004301705825,-75.34529434700563,True
20211222,20200308,23:30,AMAZONAS,PE-5N,111,CHOQUE,0,1,111.0,2020-03-08,PE-5N,-10.47614891655486,-75.03090147222228,True
20211222,20200308,16:40,LIMA,PE-1N,147,CHOQUE,0,3,147.0,2020-03-08,PE-1N,-11.129011170801359,-77.59467110718857,True
20211222,20200308,06:50,AREQUIPA,PE-34A,151,DESPISTE,0,2,151.0,2020-03-08,PE-34A,-15.917317650936367,-71.19002941273403,True
20211222,20200308,07:30,AMAZONAS,PE-5N,189,DESPISTE,0,0,189.0,2020-03-08,PE-5N,-9.99997655429468,-75.04182082744634,True
20211222,20200308,17:20,AMAZONAS,PE-5N,194,DESPISTE,0,0,194.0,2020-03-08,PE-5N,-9.959160489508147,-75.0510896854249,True
20211222,20200308,05:50,APURIMAC,PE-30A,268,DESPISTE,0,0,268.0,2020-03-08,PE-30A,-14.549779143128106,-73.51673664981398,True
20211222,20200308,13:00,ICA,PE-1S,271,DESPISTE,0,1,271.0,2020-03-08,PE-1S,-13.932722924064585,-75.89834219492161,True
20211222,20200308,23:00,LAMBAYEQUE,PE-1N,820,CHOQUE,0,4,820.0,2020-03-08,PE-1N,-6.521774952706644,-80.04482377334166,True
20211222,20200309,06:44,LIMA,PE-20A,10,CHOQUE,0,0,10.0,2020-03-09,PE-20A,-11.862843251888421,-77.01868103434728,True
20211222,20200309,17:20,SAN MARTIN,PE-5NB,11,CHOQUE,0,2,11.0,2020-03-09,PE-5NB,-6.464618050377658,-76.3103790953858,True
20211222,20200309,20:30,PIURA,PE-36A,13,CHOQUE,0,1,13.0,2020-03-09,PE-36A,-17.17415129102688,-70.89438100702247,True
20211222,20200309,21:20,LIMA,PE-1S,21,DESPISTE,0,1,21.0,2020-03-09,PE-1S,-12.233941721727907,-76.96055560500984,True
20211222,20200309,05:10,ANCASH,PE-16,29,CHOQUE,0,2,29.0,2020-03-09,PE-16,-10.43171024595881,-77.72656754957787,True
20211222,20200309,07:00,UCAYALI,PE-18C,40,CHOQUE,0,2,40.0,2020-03-09,PE-18C,-8.55535286883535,-74.88813185313542,True
20211222,20200309,06:20,PIURA,PE-1N,80,DESPISTE,0,0,80.0,2020-03-09,PE-1N,-11.580768556486749,-77.26134269665921,True
20211222,20200309,14:50,LIMA,PE-1N,82,DESPISTE,0,1,82.0,2020-03-09,PE-1N,-11.563139040290405,-77.26547950067437,True
20211222,20200309,23:30,CAJAMARCA,PE-3N,111,CHOQUE,0,1,111.0,2020-03-09,PE-3N,-10.773118813828408,-76.25001686840695,True
20211222,20200309,02:30,LIMA,PE-1S,129,DESPISTE,0,0,129.0,2020-03-09,PE-1S,-12.718464192723818,-76.62264499159544,True
20211222,20200309,23:10,UCAYALI,PE-18C,146,CHOQUE,0,1,146.0,2020-03-09,PE-18C,-8.445714829337017,-74.22812592811945,True
20211222,20200309,03:30,ICA,PE-1S,175,ATROPELLO,1,1,175.0,2020-03-09,PE-1S,-13.328214280512649,-76.24013623626685,True
20211222,20200309,12:00,HUANUCO,PE-3N,199,DESPISTE,0,1,199.0,2020-03-09,PE-3N,-10.201118324408915,-76.16366264057555,True
20211222,20200309,16:00,AYACUCHO,PE-28A,280,DESPISTE,0,0,280.0,2020-03-09,PE-28A,-13.356914172796111,-74.4126013946178,True
20211222,20200309,19:30,ANCASH,PE-1N,382,ATROPELLO,1,0,382.0,2020-03-09,PE-1N,-9.440096389946127,-78.35406043108884,True
20211222,20200309,11:30,SAN MARTIN,PE-5N,383,DESPISTE,2,3,383.0,2020-03-09,PE-5N,-8.955800554621462,-75.40129605739006,True
20211222,20200309,00:05,LA LIBERTAD,PE-1N,624,CHOQUE,0,15,624.0,2020-03-09,PE-1N,-7.7372234885958,-79.29499998928826,True
20211222,20200309,00:25,LAMBAYEQUE,PE-1N,696,CHOQUE,0,1,696.0,2020-03-09,PE-1N,-7.276623755521006,-79.4759643906095,True
20211222,20200309,01:30,AREQUIPA,PE-1S,961,CHOQUE,1,1,961.0,2020-03-09,PE-1S,-16.50496720319223,-71.82248611400202,True
20211222,20200310,15:30,JUNIN,PE-22,13,DESPISTE,0,3,13.0,2020-03-10,PE-22,-12.013257349825778,-76.88105631001828,True
20211222,20200310,22:10,LIMA,PE-20A,25,CHOQUE,0,1,25.0,2020-03-10,PE-20A,-11.78617811740354,-76.98312056734912,True
20211222,20200310,10:30,JUNIN,PE-3S,52,CHOQUE,0,4,52.0,2020-03-10,PE-3S,-11.804334479789928,-75.64565501927746,True
20211222,20200310,15:15,LIMA,PE-1S,57,DESPISTE,0,3,57.0,2020-03-10,PE-1S,-12.459353853415445,-76.75305506986528,True
20211222,20200310,08:30,PIURA,PE-1N,57,CHOQUE,0,1,57.0,2020-03-10,PE-1N,-11.709796925946536,-77.17694984543039,True
20211222,20200310,21:00,LAMBAYEQUE,PE-1N,64,ATROPELLO,0,1,64.0,2020-03-10,PE-1N,-11.654955855429053,-77.19964217875955,True
20211222,20200310,13:00,LAMBAYEQUE,PE-1N,79,CHOQUE,0,0,79.0,2020-03-10,PE-1N,-11.589223576515923,-77.258097374508,True
20211222,20200310,14:00,MOQUEGUA,PE-36A,83,DESPISTE,0,0,83.0,2020-03-10,PE-36A,-16.94646322425668,-70.67076451224318,True
20211222,20200310,09:45,LIMA,PE-1N,88,ATROPELLO,0,1,88.0,2020-03-10,PE-1N,-11.518387873127558,-77.29388354143688,True
20211222,20200310,07:20,HUANUCO,PE-3N,189,DESPISTE,0,0,189.0,2020-03-10,PE-3N,-10.277844660383051,-76.15856137482658,True
20211222,20200310,07:10,APURIMAC,PE-30A,223,DESPISTE,0,0,223.0,2020-03-10,PE-30A,-14.63561896712929,-73.80247520641076,True
20211222,20200310,13:30,AREQUIPA,PE-1S,800,DESPISTE,0,4,800.0,2020-03-10,PE-1S,-16.49263349679572,-72.93597966200858,True
20211222,20200310,02:05,PIURA,PE-1N,925,CHOQUE,0,1,925.0,2020-03-10,PE-1N,-5.7899723711671065,-80.54276322093605,True
20211222,20200311,12:15,CAJAMARCA,PE-08,2,DESPISTE,0,1,2.0,2020-03-11,PE-08,-7.30444818487886,-79.46172386652239,True
20211222,20200311,16:17,JUNIN,PE-3S,3,DESPISTE,0,10,3.0,2020-03-11,PE-3S,-11.535229916448978,-75.89523133590757,True
20211222,20200311,12:05,PUNO,PE-36B,58,DESPISTE,0,3,58.0,2020-03-11,PE-36B,-16.491618526339273,-70.34755633900465,True
20211222,20200311,15:00,CAJAMARCA,PE-08,110,DESPISTE,0,0,110.0,2020-03-11,PE-08,-7.2382607755901,-78.69587356338602,True
20211222,20200311,20:10,JUNIN,PE-3S,135,CHOQUE,0,0,135.0,2020-03-11,PE-3S,-12.154452673197264,-75.21737414495493,True
20211222,20200311,15:45,ANCASH,PE-16,152,CHOQUE,0,1,152.0,2020-03-11,PE-16,,,True
20211222,20200311,01:30,LA LIBERTAD,PE-10C,337,DESPISTE,0,2,337.0,2020-03-11,PE-10C,-8.501193488996542,-77.28255649777117,True
20211222,20200311,18:00,AREQUIPA,PE-1S,631,DESPISTE,0,0,631.0,2020-03-11,PE-1S,-15.910802580094856,-74.1412781551842,True
20211222,20200311,13:40,LAMBAYEQUE,PE-1N,891,DESPISTE,0,6,891.0,2020-03-11,PE-1N,-6.092235359001849,-80.49907306417292,True
20211222,20200311,18:50,TACNA,PE-1S,1263,CHOQUE,0,1,1263.0,2020-03-11,PE-1S,-17.876419918688306,-70.45213736872313,True
20211222,20200312,17:35,CAJAMARCA,PE-08,4,ATROPELLO,0,1,4.0,2020-03-12,PE-08,-7.305320695622958,-79.4436841351599,True
20211222,20200312,19:00,LORETO,LO-103,8,CHOQUE,0,2,8.0,2020-03-12,LO-103,,,True
20211222,20200312,05:10,AYACUCHO,AY-102,16,DESPISTE,4,11,16.0,2020-03-12,AY-102,,,True
20211222,20200312,13:00,JUNIN,PE-3SA,21,DESPISTE,0,0,21.0,2020-03-12,PE-3SA,-11.654769388578707,-75.58199709455806,True
20211222,20200312,15:45,TACNA,PE-1SD,39,DESPISTE,0,2,39.0,2020-03-12,PE-1SD,-16.7428373843575,-72.37637597725241,True
20211222,20200312,15:40,LIMA,PE-22,65,CHOQUE,0,0,65.0,2020-03-12,PE-22,-11.884264278557733,-76.46441541038381,True
20211222,20200312,04:35,LAMBAYEQUE,PE-1N,74,DESPISTE,0,3,74.0,2020-03-12,PE-1N,-11.61032449534697,-77.223165537099,True
20211222,20200312,12:35,LIMA,PE-1S,78,CHOQUE,0,0,78.0,2020-03-12,PE-1S,-12.613650317878966,-76.66764922509587,True
20211222,20200312,00:55,LIMA,PE-1S,95,DESPISTE,0,2,95.0,2020-03-12,PE-1S,-12.914600733782802,-76.50191243214053,True
20211222,20200312,04:50,ANCASH,PE-16,138,DESPISTE,0,3,138.0,2020-03-12,PE-16,,,True
20211222,20200312,12:00,PIURA,PE-1N,224,DESPISTE,0,2,224.0,2020-03-12,PE-1N,-10.552281029952097,-77.88384094168254,True
20211222,20200312,11:20,AMAZONAS,PE-5N,235,CHOQUE,0,2,235.0,2020-03-12,PE-5N,-9.613116054210554,-75.01191537772615,True
20211222,20200312,09:20,AMAZONAS,PE-5N,241,CHOQUE,0,3,241.0,2020-03-12,PE-5N,-9.563538291562228,-75.01116943097958,True
20211222,20200312,17:00,ANCASH,PE-1N,380,ESPECIAL,0,0,380.0,2020-03-12,PE-1N,-9.452961273971308,-78.34184430665518,True
20211222,20200312,16:30,ANCASH,PE-1N,419,CHOQUE,0,1,419.0,2020-03-12,PE-1N,-9.050080607133513,-78.59435372965768,True
20211222,20200312,13:50,SAN MARTIN,PE-5N,660,DESPISTE,0,3,660.0,2020-03-12,PE-5N,-8.11522849427605,-76.60463608930178,True
20211222,20200312,14:00,CUSCO,PE-3S,1102,DESPISTE,0,2,1102.0,2020-03-12,PE-3S,-14.207237734610832,-71.3046667795356,True
20211222,20200313,03:15,LIMA,PE-1S,6,CHOQUE,1,0,6.0,2020-03-13,PE-1S,-12.108955635494583,-76.97845600840584,True
20211222,20200313,22:32,AREQUIPA,PE-1SE,11,CHOQUE,0,1,11.0,2020-03-13,PE-1SE,-13.500771584780338,-76.18531481512183,True
20211222,20200313,21:45,SAN MARTIN,PE-5NB,12,DESPISTE,0,0,12.0,2020-03-13,PE-5NB,-6.461448473894179,-76.3074457795189,True
20211222,20200313,06:00,CUSCO,PE-28F,52,CHOQUE,0,4,52.0,2020-03-13,PE-28F,,,True
20211222,20200313,14:30,JUNIN,PE-3S,139,CHOQUE,0,0,139.0,2020-03-13,PE-3S,-12.18428581464654,-75.19681797441855,True
20211222,20200313,04:40,PUNO,PE-36A,183,ESPECIAL,1,0,183.0,2020-03-13,PE-36A,-16.769569780780632,-69.96999748978388,True
20211222,20200313,13:00,ICA,PE-1S,235,DESPISTE,0,0,235.0,2020-03-13,PE-1S,-13.792203686559892,-76.16140886717535,True
20211222,20200313,14:50,ANCASH,PE-1N,292,DESPISTE,0,1,292.0,2020-03-13,PE-1N,-10.079413907454422,-78.1506975550275,True
20211222,20200313,12:10,AYACUCHO,PE-3S,416,CHOQUE,0,0,416.0,2020-03-13,PE-3S,-13.289967181942153,-74.22903399433304,True
20211222,20200313,17:50,AREQUIPA,PE-1S,852,CHOQUE,0,0,852.0,2020-03-13,PE-1S,-16.594036466593664,-72.63173033645545,True
20211222,20200313,21:05,CUSCO,PE-3S,949,DESPISTE,0,0,949.0,2020-03-13,PE-3S,-13.476089114610652,-72.12661479564431,True
20211222,20200313,23:24,TACNA,PE-1S,1271,CHOQUE,0,4,1271.0,2020-03-13,PE-1S,-17.91001013146207,-70.38578214772092,True
20211222,20200314,06:13,JUNIN,PE-3S,6,DESPISTE,0,0,6.0,2020-03-14,PE-3S,-11.551835706045312,-75.88094023259885,True
20211222,20200314,22:05,LIMA,PE-1N,34,ESPECIAL,0,0,34.0,2020-03-14,PE-1N,-11.844958355753205,-77.09912151097649,True
20211222,20200314,19:10,LIMA,PE-22,54,ESPECIAL,0,1,54.0,2020-03-14,PE-22,-11.913917815241849,-76.546914318066,True
20211222,20200314,18:00,JUNIN,PE-3S,56,CHOQUE,0,6,56.0,2020-03-14,PE-3S,-11.817344434049984,-75.61565164504763,True
20211222,20200314,00:10,ANCASH,PE-16,96,DESPISTE,0,0,96.0,2020-03-14,PE-16,-10.139838778802059,-77.4082172433998,True
20211222,20200314,06:30,JUNIN,PE-3S,118,DESPISTE,0,0,118.0,2020-03-14,PE-3S,-12.021911643411773,-75.24027455505913,True
20211222,20200314,03:55,AREQUIPA,PE-34A,133,CHOQUE,0,0,133.0,2020-03-14,PE-34A,-16.009659113890738,-71.27526253149041,True
20211222,20200314,14:30,CUSCO,PE-28B,135,CHOQUE,0,0,135.0,2020-03-14,PE-28B,-12.719361939107511,-73.90268395270151,True
20211222,20200314,16:13,JUNIN,PE-22,152,DESPISTE,0,0,152.0,2020-03-14,PE-22,-11.601612405995992,-76.0485109417629,True
20211222,20200314,00:20,AREQUIPA,PE-34A,160,DESPISTE,0,0,160.0,2020-03-14,PE-34A,-15.866509623715539,-71.13211339794492,True
20211222,20200314,06:30,ICA,PE-1S,177,DESPISTE,0,6,177.0,2020-03-14,PE-1S,-13.34272410556727,-76.22917316802659,True
20211222,20200314,12:00,PUNO,PE-34A,230,DESPISTE,0,0,230.0,2020-03-14,PE-34A,-15.66406821740003,-70.65748030419819,True
20211222,20200314,14:20,ANCASH,PE-1N,351,DESPISTE,0,0,351.0,2020-03-14,PE-1N,-9.653244571299862,-78.26164262457861,True
20211222,20200314,16:30,LA LIBERTAD,PE-1N,659,DESPISTE,0,2,659.0,2020-03-14,PE-1N,-7.4673266137467325,-79.43693888706345,True
20211222,20200314,04:30,AREQUIPA,PE-1S,962,CHOQUE,0,1,962.0,2020-03-14,PE-1S,-16.509573362979104,-71.81441144582587,True
20211222,20200314,08:15,MOQUEGUA,PE-1S,1141,DESPISTE,0,2,1141.0,2020-03-14,PE-1S,-17.234106799401474,-70.98220154094663,True
20211222,20200314,17:50,PUNO,PE-3S,1219,ATROPELLO,0,1,1219.0,2020-03-14,PE-3S,-14.864292822725776,-70.62077542034824,True
20211222,20200314,14:30,PUNO,PE-3S,1243,CHOQUE,0,1,1243.0,2020-03-14,PE-3S,-14.976874295921267,-70.44576379812017,True
20211222,20200314,21:00,PUNO,PE-3S,1320,CHOQUE,0,2,1320.0,2020-03-14,PE-3S,-15.510814186839612,-70.1144791375005,True
20211222,20200315,16:30,LIMA,PE-1N,5,DESPISTE,1,1,5.0,2020-03-15,PE-1N,-12.030899527517434,-77.00296103022148,True
20211222,20200315,18:20,TACNA,PE-1SD,8,DESPISTE,0,0,8.0,2020-03-15,PE-1SD,-16.670198169885573,-72.57000946314521,True
20211222,20200315,21:00,LORETO,LO-103,15,ATROPELLO,0,1,15.0,2020-03-15,LO-103,,,True
20211222,20200315,18:27,LAMBAYEQUE,PE-5N,20,DESPISTE,0,0,20.0,2020-03-15,PE-5N,-10.831369800683277,-75.29146856804354,True
20211222,20200315,23:00,ICA,PE-3SA,26,DESPISTE,0,0,26.0,2020-03-15,PE-3SA,-11.637061225098675,-75.59811834425413,True
20211222,20200315,15:45,LIMA,PE-1S,32,DESPISTE,0,1,32.0,2020-03-15,PE-1S,-12.285857745341351,-76.87447302295651,True
20211222,20200315,04:47,LAMBAYEQUE,PE-06A,33,DESPISTE,0,0,33.0,2020-03-15,PE-06A,-6.729406201337519,-79.61283113307903,True
20211222,20200315,05:55,JUNIN,PE-3N,38,DESPISTE,0,0,38.0,2020-03-15,PE-3N,-11.275576855331497,-75.92515139189797,True
20211222,20200315,08:25,LIMA,PE-1S,43,DESPISTE,0,1,43.0,2020-03-15,PE-1S,-12.353222472272423,-76.80349525974161,True
20211222,20200315,22:00,LIMA,PE-22,49,CHOQUE,0,1,49.0,2020-03-15,PE-22,-11.911327083082414,-76.58746626230996,True
20211222,20200315,15:30,CUSCO,N.I.,99,DESPISTE,0,7,99.0,2020-03-15,N.I.,,,True
20211222,20200315,18:20,ANCASH,PE-14,132,DESPISTE,0,3,132.0,2020-03-15,PE-14,-9.54488476074986,-77.55401170274463,True
20211222,20200315,03:30,ICA,PE-1S,208,CHOQUE,0,3,208.0,2020-03-15,PE-1S,-13.561667758468053,-76.13377963684293,True
20211222,20200315,12:40,SAN MARTIN,PE-5N,465,CHOQUE,2,1,465.0,2020-03-15,PE-5N,-9.223265439112184,-75.83680695580057,True
20211222,20200315,09:00,APURIMAC,PE-3S,765,CHOQUE,0,2,765.0,2020-03-15,PE-3S,-13.674722401943475,-72.92416373451053,True
20211222,20200315,20:20,AREQUIPA,PE-1S,953,CHOQUE,0,1,953.0,2020-03-15,PE-1S,-16.482850876228902,-71.88891831664078,True
20211222,20200315,18:00,PUNO,PE-3S,1216,DESPISTE,0,1,1216.0,2020-03-15,PE-3S,-14.848177204487582,-70.64310947518206,True
20211222,20200315,09:30,PUNO,PE-3S,1348,DESPISTE,0,1,1348.0,2020-03-15,PE-3S,-15.740729544573629,-70.05578564678292,True
20211222,20200316,17:30,LIMA,PE-1S,70,DESPISTE,0,1,70.0,2020-03-16,PE-1S,-12.564491612551635,-76.70353879228901,True
20211222,20200316,17:50,LAMBAYEQUE,PE-06A,155,DESPISTE,0,0,155.0,2020-03-16,PE-06A,-6.452141694151097,-79.0276512051765,True
20211222,20200316,13:08,APURIMAC,PE-30A,167,CHOQUE,0,0,167.0,2020-03-16,PE-30A,-14.67666225841634,-74.08891284292174,True
20211222,20200316,17:05,MOQUEGUA,PE-1SD,203,DESPISTE,0,2,203.0,2020-03-16,PE-1SD,-17.36593895670284,-71.41336978909911,True
20211222,20200316,21:30,PUNO,PE-36A,295,DESPISTE,0,0,295.0,2020-03-16,PE-36A,-16.629172847871157,-69.12172485226729,True
20211222,20200316,21:20,MADRE DE DIOS,PE-30C,324,CHOQUE,0,0,324.0,2020-03-16,PE-30C,-12.89176091055515,-69.99921662303102,True
20211222,20200316,13:30,ANCASH,PE-1N,337,DESPISTE,0,1,337.0,2020-03-16,PE-1N,-9.759928558186639,-78.24262736307116,True
20211222,20200316,01:20,MADRE DE DIOS,PE-30C,375,CHOQUE,0,0,375.0,2020-03-16,PE-30C,-12.781519484959684,-69.59957070103191,True
20211222,20200316,15:10,HUANUCO,PE-5N,462,CHOQUE,0,2,462.0,2020-03-16,PE-5N,-9.211686872413043,-75.82648518633553,True
20211222,20200316,16:30,AREQUIPA,PE-1S,733,CHOQUE,2,8,733.0,2020-03-16,PE-1S,-16.314819523211042,-73.36374756498316,True
20211222,20200316,06:30,AREQUIPA,PE-1S,859,DESPISTE,0,0,859.0,2020-03-16,PE-1S,-16.54653139149595,-72.60164701515205,True
20211222,20200316,23:30,CUSCO,PE-3S,999,CHOQUE,0,0,999.0,2020-03-16,PE-3S,-13.606093830015233,-71.75283357958989,True
20211222,20200316,21:15,PUNO,PE-3S,1355,CHOQUE,0,1,1355.0,2020-03-16,PE-3S,-15.792105439008804,-70.03393856072516,True
20211222,20200317,13:10,ANCASH,PE-16,4,CHOQUE,0,2,4.0,2020-03-17,PE-16,-10.631567489590012,-77.7937129407255,True
20211222,20200317,23:00,LAMBAYEQUE,PE-5N,17,CHOQUE,0,0,17.0,2020-03-17,PE-5N,-10.847871978857354,-75.28609595225333,True
20211222,20200317,10:15,ANCASH,AN-107,74,DESPISTE,0,7,74.0,2020-03-17,AN-107,,,True
20211222,20200317,15:30,AREQUIPA,PE-34A,96,CHOQUE,0,0,96.0,2020-03-17,PE-34A,-16.068510947081993,-71.5488904457217,True
20211222,20200317,09:30,ICA,PE-28A,163,DESPISTE,1,0,163.0,2020-03-17,PE-28A,-13.479840235108549,-75.08527386084437,True
20211222,20200318,15:30,JUNIN,PE-3S,25,DESPISTE,0,0,25.0,2020-03-18,PE-3S,-11.656496786383626,-75.79175169628455,True
20211222,20200318,15:30,AREQUIPA,PE-34A,87,DESPISTE,0,0,87.0,2020-03-18,PE-34A,-16.092195359752303,-71.60190822315788,True
20211222,20200318,17:20,AYACUCHO,PE-3N,162,CHOQUE,0,2,162.0,2020-03-18,PE-3N,-10.480445182181336,-76.18196327868787,True
20211222,20200318,09:20,AYACUCHO,PE-3S,416,DESPISTE,0,4,416.0,2020-03-18,PE-3S,-13.289967181942153,-74.22903399433304,True
20211222,20200318,15:35,SAN MARTIN,PE-5N,575,DESPISTE,0,0,575.0,2020-03-18,PE-5N,-8.599369427048298,-76.26889401929157,True
20211222,20200319,19:40,LIMA,PE-24,22,DESPISTE,0,5,22.0,2020-03-19,PE-24,-13.081439290870463,-76.29577241847738,True
20211222,20200319,13:35,JUNIN,PE-3N,56,DESPISTE,0,0,56.0,2020-03-19,PE-3N,-11.133794755497352,-75.99175209312435,True
20211222,20200320,17:45,TACNA,PE-1SD,9,ESPECIAL,1,0,9.0,2020-03-20,PE-1SD,-16.670102191012404,-72.56288839283012,True
20211222,20200320,18:00,AREQUIPA,PE-34A,87,DESPISTE,0,0,87.0,2020-03-20,PE-34A,-16.092195359752303,-71.60190822315788,True
20211222,20200320,10:40,PASCO,PE-3N,143,CHOQUE,0,0,143.0,2020-03-20,PE-3N,-10.62903144145084,-76.17582985819983,True
20211222,20200320,00:53,LIMA,PE-1N,154,DESPISTE,0,1,154.0,2020-03-20,PE-1N,-11.068789182839408,-77.5860174419725,True
20211222,20200320,18:30,PUNO,PE-3S,1400,CHOQUE,1,0,1400.0,2020-03-20,PE-3S,-15.993490452343298,-69.77417596882702,True
20211222,20200321,07:00,ICA,PE-1S,203,CHOQUE,0,2,203.0,2020-03-21,PE-1S,-13.518373190124834,-76.1415493375124,True
20211222,20200322,10:45,TACNA,PE-36A,23,DESPISTE,0,1,23.0,2020-03-22,PE-36A,-17.124172511162822,-70.84009767375495,True
20211222,20200322,15:55,ANCASH,PE-1N,279,DESPISTE,0,1,279.0,2020-03-22,PE-1N,-10.171920777299315,-78.0803557309261,True
20211222,20200322,10:40,HUANUCO,PE-5N,478,DESPISTE,0,0,478.0,2020-03-22,PE-5N,-9.18903863436397,-75.92133353093904,True
20211222,20200323,00:20,CUSCO,PE-34G,29,DESPISTE,0,8,29.0,2020-03-23,PE-34G,-14.352100951989451,-71.29549603028293,True
20211222,20200323,04:00,HUANCAVELICA,PE-28A,95,DESPISTE,0,0,95.0,2020-03-23,PE-28A,-13.609747550984196,-75.43306320316309,True
20211222,20200323,06:25,LIMA,PE-1S,126,ATROPELLO,1,0,126.0,2020-03-23,PE-1S,-12.69908931679153,-76.64136256995023,True
20211222,20200323,07:40,AREQUIPA,PE-1S,863,DESPISTE,0,1,863.0,2020-03-23,PE-1S,-16.5449020350311,-72.56488914570333,True
20211222,20200324,06:35,LIMA,PE-1S,102,DESPISTE,0,0,102.0,2020-03-24,PE-1S,-12.974100301361208,-76.49617875052988,True
20211222,20200324,22:20,LIMA,PE-1N,202,ESPECIAL,0,0,202.0,2020-03-24,PE-1N,-10.699701388263668,-77.77841621621211,True
20211222,20200324,06:10,ANCASH,PE-1N,263,DESPISTE,0,0,263.0,2020-03-24,PE-1N,-10.29915226138829,-78.04816560647436,True
20211222,20200324,04:50,AREQUIPA,PE-1S,686,DESPISTE,0,2,686.0,2020-03-24,PE-1S,-16.18654831085638,-73.74429986783994,True
20211222,20200324,19:50,LA LIBERTAD,PE-1N,698,CHOQUE,0,3,698.0,2020-03-24,PE-1N,-7.262807683712659,-79.48659798087361,True
20211222,20200325,11:50,LIMA,PE-22,107,DESPISTE,0,0,107.0,2020-03-25,PE-22,-11.705646773117046,-76.26740401394007,True
20211222,20200326,06:50,LIMA,PE-1S,41,DESPISTE,0,2,41.0,2020-03-26,PE-1S,-12.339832093802427,-76.81572625312138,True
20211222,20200326,02:40,LIMA,PE-1S,98,DESPISTE,0,0,98.0,2020-03-26,PE-1S,-12.940814856339193,-76.4963256343087,True
20211222,20200326,06:05,LIMA,PE-1S,135,DESPISTE,0,1,135.0,2020-03-26,PE-1S,-13.05669968665426,-76.46048075215074,True
20211222,20200326,20:30,CUSCO,PE-28B,204,DESPISTE,0,0,204.0,2020-03-26,PE-28B,-12.738948879236847,-73.64883455395334,True
20211222,20200326,11:40,AREQUIPA,PE-1S,860,DESPISTE,0,2,860.0,2020-03-26,PE-1S,-16.545892162153308,-72.59250543612465,True
20211222,20200326,16:00,PUNO,PE-1S,1354,ESPECIAL,0,1,1354.0,2020-03-26,PE-1S,,,True
20211222,20200327,19:35,LORETO,LO-103,3,DESPISTE,0,1,3.0,2020-03-27,LO-103,,,True
20211222,20200327,09:40,TACNA,PE-36A,70,CHOQUE,1,0,70.0,2020-03-27,PE-36A,-16.9922137364534,-70.70042917218305,True
20211222,20200327,00:05,JUNIN,PE-3S,75,DESPISTE,0,0,75.0,2020-03-27,PE-3S,-11.822061788232357,-75.48923941032317,True
20211222,20200327,19:50,LIMA,PE-1S,90,CHOQUE,0,1,90.0,2020-03-27,PE-1S,-12.871275950392498,-76.51130822956922,True
20211222,20200327,14:45,HUANCAVELICA,PE-28A,168,DESPISTE,0,3,168.0,2020-03-27,PE-28A,-13.468054476746552,-75.0467453874875,True
20211222,20200328,16:00,PIURA,PE-1N,6,CHOQUE,0,2,6.0,2020-03-28,PE-1N,-12.03545225132201,-77.0108682967523,True
20211222,20200328,16:30,JUNIN,PE-22,29,DESPISTE,0,1,29.0,2020-03-28,PE-22,-11.967022009184616,-76.74510503291192,True
20211222,20200328,18:10,PASCO,PE-3N,138,CHOQUE,0,1,138.0,2020-03-28,PE-3N,-10.653887841777696,-76.17181416768078,True
20211222,20200328,12:00,PUNO,PE-34A,227,DESPISTE,1,6,227.0,2020-03-28,PE-34A,-15.651005973307054,-70.68147283203136,True
20211222,20200328,00:10,LAMBAYEQUE,PE-1N,828,DESPISTE,0,0,828.0,2020-03-28,PE-1N,-6.4779969252610305,-80.10239838586294,True
20211222,20200329,05:30,AREQUIPA,PE-1SE,24,DESPISTE,0,0,24.0,2020-03-29,PE-1SE,-13.614516042698163,-76.1692924718569,True
20211222,20200329,19:00,HUANCAVELICA,PE-28A,144,DESPISTE,0,0,144.0,2020-03-29,PE-28A,-13.549179295890836,-75.21553885996676,True
20211222,20200329,22:50,JUNIN,PE-22,154,DESPISTE,0,0,154.0,2020-03-29,PE-22,-11.609307054351873,-76.03421073631003,True
20211222,20200329,06:50,LIMA,PE-1N,199,DESPISTE,0,0,199.0,2020-03-29,PE-1N,-10.72197831263506,-77.76328729525757,True
20211222,20200329,08:15,APURIMAC,PE-3S,771,CHOQUE,0,1,771.0,2020-03-29,PE-3S,-13.655021012384394,-72.9079822201429,True
20211222,20200329,12:30,SAN MARTIN,PE-5N,810,DESPISTE,0,0,810.0,2020-03-29,PE-5N,-7.187116723145825,-76.73433858036607,True
20211222,20200329,11:00,PUNO,PE-3S,1308,CHOQUE,0,2,1308.0,2020-03-29,PE-3S,-15.417107691595813,-70.14731783916184,True
20211222,20200330,18:30,CUSCO,PE-3SY,60,DESPISTE,0,0,60.0,2020-03-30,PE-3SY,,,True
20211222,20200330,08:10,APURIMAC,PE-30A,141,DESPISTE,0,2,141.0,2020-03-30,PE-30A,-14.650117519162894,-74.18667489392952,True
20211222,20200331,18:20,LIMA,PE-1N,4,DESPISTE,0,0,4.0,2020-03-31,PE-1N,-12.029881894044047,-76.99429512668502,True
20211222,20200331,10:30,HUANUCO,PE-5N,521,DESPISTE,0,1,521.0,2020-03-31,PE-5N,-8.93321170955978,-76.1087442956977,True
20211222,20200331,14:30,ANCASH,PE-3N,589,CHOQUE,0,0,589.0,2020-03-31,PE-3N,-9.451372375600984,-77.54282821739503,True
20211222,20200331,21:35,LAMBAYEQUE,PE-1N,766,CHOQUE,0,1,766.0,2020-03-31,PE-1N,-6.8832797038227,-79.81153870472622,True
20211222,20200331,15:45,JUNIN,PE-3S,N.I.,DESPISTE,0,2,,2020-03-31,PE-3S,-15.04301470699994,-70.36600238199992,True
20211222,20200401,11:50,JUNIN,PE-3N,8,DESPISTE,0,0,8.0,2020-04-01,PE-3N,-11.481597150923148,-75.95672083384216,True
20211222,20200401,N.I.,LIMA,PE-1N,22,DESPISTE,0,0,22.0,2020-04-01,PE-1N,-11.9378101158105,-77.071652940994,True
20211222,20200401,18:50,JUNIN,PE-3N,27,DESPISTE,0,2,27.0,2020-04-01,PE-3N,-11.3603266541558,-75.88755735269815,True
20211222,20200401,10:45,LAMBAYEQUE,PE-5N,33,DESPISTE,0,0,33.0,2020-04-01,PE-5N,-10.763227247154697,-75.3113664328082,True
20211222,20200401,21:46,CAJAMARCA,PE-08B,37,DESPISTE,0,0,37.0,2020-04-01,PE-08B,-7.0790414274804325,-78.33084116319077,True
20211222,20200401,17:30,JUNIN,PE-22,133,CHOQUE,0,1,133.0,2020-04-01,PE-22,-11.592798704452209,-76.19205574645032,True
20211222,20200401,06:00,ANCASH,PE-1N,384,CHOQUE,0,2,384.0,2020-04-01,PE-1N,-9.425005747470816,-78.36401682461295,True
20211222,20200401,16:30,APURIMAC,PE-3S,752,DESPISTE,2,0,752.0,2020-04-01,PE-3S,-13.676229646686044,-72.94995206280956,True
20211222,20200402,19:00,TACNA,PE-1SD,69,DESPISTE,0,0,69.0,2020-04-02,PE-1SD,-16.864811229645518,-72.21297233731023,True
20211222,20200402,09:30,JUNIN,PE-1N,126,DESPISTE,0,2,126.0,2020-04-02,PE-1N,-11.289213183828368,-77.50059226951073,True
20211222,20200402,07:00,LIMA,PE-1N,185,CHOQUE,0,3,185.0,2020-04-02,PE-1N,-10.846124321356712,-77.69430229662987,True
20211222,20200402,22:10,ANCASH,PE-1N,247,CHOQUE,2,1,247.0,2020-04-02,PE-1N,-10.399434406647748,-77.98151947870417,True
20211222,20200403,18:00,LIMA,PE-1N,64,CHOQUE,0,0,64.0,2020-04-03,PE-1N,-11.654955855429053,-77.19964217875955,True
20211222,20200403,17:00,TACNA,PE-1SD,197,DESPISTE,0,0,197.0,2020-04-03,PE-1SD,-17.330322793139175,-71.42837883649645,True
20211222,20200403,21:30,ICA,PE-1S,225,DESPISTE,0,1,225.0,2020-04-03,PE-1S,-13.70614189786825,-76.15149745123108,True
20211222,20200403,21:30,ICA,PE-1S,225,DESPISTE,0,1,225.0,2020-04-03,PE-1S,-13.70614189786825,-76.15149745123108,True
20211222,20200403,12:30,PUNO,PE-36A,254,DESPISTE,0,0,254.0,2020-04-03,PE-36A,-16.625566103628547,-69.42904960885113,True
20211222,20200403,09:30,LAMBAYEQUE,PE-1N,844,DESPISTE,0,2,844.0,2020-04-03,PE-1N,-6.374611092211538,-80.2014480993048,True
20211222,20200403,09:30,AREQUIPA,PE-1S,908,DESPISTE,0,0,908.0,2020-04-03,PE-1S,-16.38602035755557,-72.19366075660545,True
20211222,20200404,N.I.,LIMA,PE-1S,16,DESPISTE,0,1,16.0,2020-04-04,PE-1S,-12.196626875601712,-76.97318968245784,True
20211222,20200404,09:30,LORETO,LO-103,57,DESPISTE,0,3,57.0,2020-04-04,LO-103,,,True
20211222,20200405,18:40,APURIMAC,PE-3S,398,DESPISTE,0,0,398.0,2020-04-05,PE-3S,-13.205133010595322,-74.21621204739432,True
20211222,20200406,07:45,LORETO,LO-103,3,CHOQUE,0,2,3.0,2020-04-06,LO-103,,,True
20211222,20200406,01:45,PIURA,PE-1N,21,DESPISTE,0,0,21.0,2020-04-06,PE-1N,-11.946756431235963,-77.07076344998089,True
20211222,20200406,18:50,ANCASH,AN-110,34,DESPISTE,0,0,34.0,2020-04-06,AN-110,,,True
20211222,20200406,17:30,JUNIN,PE-3SB,82,DESPISTE,0,0,82.0,2020-04-06,PE-3SB,,,True
20211222,20200406,14:20,LIMA,PE-1S,147,DESPISTE,0,1,147.0,2020-04-06,PE-1S,-13.13628024563834,-76.38844964610855,True
20211222,20200406,16:15,PIURA,PE-1N,920,DESPISTE,0,1,920.0,2020-04-06,PE-1N,-5.834835075707951,-80.53810491044655,True
20211222,20200406,08:30,MOQUEGUA,PE-1S,1121,DESPISTE,0,2,1121.0,2020-04-06,PE-1S,-17.233466585601334,-71.09779887409142,True
20211222,20200407,23:00,LIMA,PE-1N,123,CHOQUE,0,0,123.0,2020-04-07,PE-1N,-11.311270458500552,-77.48462579699292,True
20211222,20200407,17:50,ANCASH,PE-1N,264,DESPISTE,0,0,264.0,2020-04-07,PE-1N,-10.290958238394552,-78.04454491368759,True
20211222,20200407,16:40,LAMBAYEQUE,PE-1N,755,DESPISTE,0,4,755.0,2020-04-07,PE-1N,-6.936081057595697,-79.72772429975228,True
20211222,20200408,14:00,LIMA,PE-22,69,CHOQUE,0,5,69.0,2020-04-08,PE-22,-11.881085223984249,-76.43701008219021,True
20211222,20200408,16:20,ICA,PE-1S,199,CHOQUE,0,1,199.0,2020-04-08,PE-1S,-13.48239984615401,-76.13863094744637,True
20211222,20200408,12:15,PUNO,PE-34H,N.I.,CHOQUE,0,2,,2020-04-08,PE-34H,-14.716609389999917,-69.60200018799992,True
20211222,20200409,13:10,JUNIN,PE-3S,0,DESPISTE,0,0,0.0,2020-04-09,PE-3S,-11.522661727999946,-75.90924094699994,True
20211222,20200409,10:30,AYACUCHO,PE-3N,116,DESPISTE,0,0,116.0,2020-04-09,PE-3N,-10.733171966811332,-76.25302738234421,True
20211222,20200410,04:40,LIMA,PE-1S,20,DESPISTE,0,0,20.0,2020-04-10,PE-1S,-12.229112605266383,-76.96824697333902,True
20211222,20200410,23:00,LIMA,PE-1N,149,CHOQUE,0,0,149.0,2020-04-10,PE-1N,-11.111281897165103,-77.59217896675015,True
20211222,20200410,06:45,ICA,N.I.,253,DESPISTE,0,1,253.0,2020-04-10,N.I.,,,True
20211222,20200410,04:25,ANCASH,PE-1N,256,DESPISTE,0,0,256.0,2020-04-10,PE-1N,-10.346092630894898,-78.03597738659838,True
20211222,20200410,21:30,CUSCO,PE-28B,N.I.,ESPECIAL,0,0,,2020-04-10,PE-28B,-13.083779910999908,-72.37596231599991,True
20211222,20200411,13:19,AYACUCHO,PE-30A,200,DESPISTE,0,0,200.0,2020-04-11,PE-30A,-14.638974618149415,-73.97880781696455,True
20211222,20200412,07:40,UCAYALI,PE-18C,12,DESPISTE,0,0,12.0,2020-04-12,PE-18C,-8.742524951854836,-75.01428027190188,True
20211222,20200412,16:45,LIMA,PE-1N,108,DESPISTE,0,2,108.0,2020-04-12,PE-1N,-11.391435633881196,-77.39513312660809,True
20211222,20200412,14:40,LIMA,PE-1N,129,DESPISTE,0,1,129.0,2020-04-12,PE-1N,-11.267150367908592,-77.5165467780469,True
20211222,20200413,22:00,LIMA,PE-1N,186,ATROPELLO,1,0,186.0,2020-04-13,PE-1N,-10.842528911279159,-77.69548245175244,True
20211222,20200413,06:30,LA LIBERTAD,PE-1N,585,CHOQUE,0,1,585.0,2020-04-13,PE-1N,-7.992685696485048,-79.074840704942,True
20211222,20200414,17:20,PUNO,PE-34H,53,CHOQUE,0,2,53.0,2020-04-14,PE-34H,-15.19818396438146,-69.83326606372056,True
20211222,20200414,08:00,APURIMAC,PE-30A,173,DESPISTE,0,0,173.0,2020-04-14,PE-30A,-14.692997213405702,-74.063111384583,True
20211222,20200414,11:05,ICA,PE-1S,314,DESPISTE,0,1,314.0,2020-04-14,PE-1S,-14.206902294117894,-75.71396825124924,True
20211222,20200415,23:30,JUNIN,PE-3N,15,CHOQUE,1,1,15.0,2020-04-15,PE-3N,-11.430433706385607,-75.93105274231849,True
20211222,20200415,14:00,AREQUIPA,PE-34A,52,DESPISTE,0,0,52.0,2020-04-15,PE-34A,-16.294228058226057,-71.6378719417738,True
20211222,20200415,09:30,AREQUIPA,PE-34E,80,DESPISTE,0,2,80.0,2020-04-15,PE-34E,-15.49272689981166,-71.38330731474916,True
20211222,20200415,19:30,ANCASH,PE-1N,264,DESPISTE,0,1,264.0,2020-04-15,PE-1N,-10.290958238394552,-78.04454491368759,True
20211222,20200415,05:20,AYACUCHO,PE-28A,295,DESPISTE,0,0,295.0,2020-04-15,PE-28A,-13.30170279448811,-74.3302291152115,True
20211222,20200416,19:00,LIMA,PE-1S,67,DESPISTE,0,0,67.0,2020-04-16,PE-1S,-12.541498764666107,-76.71744604357072,True
20211222,20200416,04:30,PUNO,PE-34A,227,DESPISTE,0,0,227.0,2020-04-16,PE-34A,-15.651005973307054,-70.68147283203136,True
20211222,20200417,19:50,JUNIN,PE-3N,48,ATROPELLO,0,0,48.0,2020-04-17,PE-3N,-11.195627548029286,-75.96281699813696,True
20211222,20200417,01:15,PIURA,PE-1N,1084,DESPISTE,0,1,1084.0,2020-04-17,PE-1N,-4.689378550948635,-81.08908210015464,True
20211222,20200418,05:50,JUNIN,PE-22B,48,DESPISTE,0,0,48.0,2020-04-18,PE-22B,-11.356512216015435,-75.61216882973123,True
20211222,20200418,21:10,LIMA,PE-1S,59,DESPISTE,0,0,59.0,2020-04-18,PE-1S,-12.47686383468592,-76.74833994640858,True
20211222,20200418,17:20,LIMA,PE-22,102,DESPISTE,0,1,102.0,2020-04-18,PE-22,-11.734384890987917,-76.2611372332661,True
20211222,20200418,04:20,LIMA,PE-1S,117,DESPISTE,0,0,117.0,2020-04-18,PE-1S,-12.769361428999463,-76.59351243043692,True
20211222,20200418,05:50,LIMA,PE-1S,118,DESPISTE,0,0,118.0,2020-04-18,PE-1S,-12.77632224362402,-76.58765456955089,True
20211222,20200418,12:00,LA LIBERTAD,PE-1N,572,DESPISTE,0,0,572.0,2020-04-18,PE-1N,-8.107498638773887,-79.09738358340803,True
20211222,20200418,00:40,AREQUIPA,PE-1S,807,DESPISTE,0,0,807.0,2020-04-18,PE-1S,-16.53049670170525,-72.89260774114283,True
20211222,20200419,05:40,LIMA,PE-1S,28,DESPISTE,0,0,28.0,2020-04-19,PE-1S,-12.266400334700116,-76.90546819335519,True
20211222,20200419,04:50,JUNIN,PE-3S,57,VOLCADURA,0,0,57.0,2020-04-19,PE-3S,-11.812447088772611,-75.60885308812534,True
20211222,20200419,16:40,AREQUIPA,PE-1S,630,DESPISTE,0,0,630.0,2020-04-19,PE-1S,-15.906761663484442,-74.1495787332843,True
20211222,20200420,19:00,JUNIN,PE-3SA,539,DESPISTE,0,1,539.0,2020-04-20,PE-3SA,,,True
20211222,20200421,00:10,ICA,PE-30,9,DESPISTE,0,0,9.0,2020-04-21,PE-30,-15.16429274386472,-75.02351294708467,True
20211222,20200421,15:20,CAJAMARCA,PE-3NB,71,DESPISTE,0,0,71.0,2020-04-21,PE-3NB,,,True
20211222,20200422,18:00,ANCASH,PE-1N,371,DESPISTE,0,1,371.0,2020-04-22,PE-1N,-9.486043543365328,-78.27292896472373,True
20211222,20200422,20:25,ICA,PE-1S,458,ESPECIAL,0,0,458.0,2020-04-22,PE-1S,-14.9270097152922,-74.98785201293383,True
20211222,20200422,13:00,CUSCO,PE-3S,925,DESPISTE,0,0,925.0,2020-04-22,PE-3S,-13.4512751752473,-72.31537984689834,True
20211222,20200423,06:10,LIMA,PE-1S,29,DESPISTE,0,0,29.0,2020-04-23,PE-1S,-12.271264375020683,-76.89771906411094,True
20211222,20200423,17:38,CUSCO,PE-3S,913,DESPISTE,1,0,913.0,2020-04-23,PE-3S,-13.457739732101517,-72.3933423452367,True
20211222,20200423,17:00,CUSCO,PE-3S,934,DESPISTE,0,0,934.0,2020-04-23,PE-3S,-13.488264589505789,-72.2441929625984,True
20211222,20200424,19:15,LIMA,PE-22,58,DESPISTE,0,0,58.0,2020-04-24,PE-22,-11.904989716442891,-76.5166785683434,True
20211222,20200424,22:20,PUNO,PE-3S,65,DESPISTE,0,0,65.0,2020-04-24,PE-3S,-11.786354935469548,-75.55525400495185,True
20211222,20200424,14:30,LIMA,PE-1S,153,CHOQUE,1,4,153.0,2020-04-24,PE-1S,-13.177776254385332,-76.35656675114566,True
20211222,20200424,06:25,ANCASH,PE-1N,247,CHOQUE,0,1,247.0,2020-04-24,PE-1N,-10.399434406647748,-77.98151947870417,True
20211222,20200424,01:30,ICA,PE-1S,450,DESPISTE,0,0,450.0,2020-04-24,PE-1S,-14.86506517535312,-74.98040355108859,True
20211222,20200424,12:30,AREQUIPA,PE-1S,603,DESPISTE,0,0,603.0,2020-04-24,PE-1S,-15.814402711349496,-74.31709692140151,True
20211222,20200424,06:40,AREQUIPA,PE-1S,620,DESPISTE,0,1,620.0,2020-04-24,PE-1S,-15.86297365709067,-74.20565025624802,True
20211222,20200425,09:30,LIMA,PE-1N,16,DESPISTE,0,0,16.0,2020-04-25,PE-1N,-11.990980640651676,-77.06385549826958,True
20211222,20200425,06:00,PIURA,PE-1N,76,DESPISTE,0,1,76.0,2020-04-25,PE-1N,-11.60799034412872,-77.23917995125622,True
20211222,20200425,10:50,ICA,PE-1S,183,DESPISTE,0,0,183.0,2020-04-25,PE-1S,-13.389281095080594,-76.20101489842929,True
20211222,20200425,05:50,ANCASH,PE-1N,386,ATROPELLO,1,0,386.0,2020-04-25,PE-1N,-9.408836820856319,-78.37205673906638,True
20211222,20200425,17:30,PUNO,PE-3S,N.I.,CHOQUE,0,1,,2020-04-25,PE-3S,-15.04301470699994,-70.36600238199992,True
20211222,20200426,15:00,APURIMAC,PE-3S,837,DESPISTE,0,1,837.0,2020-04-26,PE-3S,-13.549897422208058,-72.76099299100225,True
20211222,20200427,17:00,JUNIN,PE-3S,20,DESPISTE,0,0,20.0,2020-04-27,PE-3S,-11.630879924691047,-75.81802739244355,True
20211222,20200427,11:40,JUNIN,PE-22,138,DESPISTE,0,0,138.0,2020-04-27,PE-22,-11.601619508043797,-76.14842591009425,True
20211222,20200427,18:30,HUANUCO,PE-3N,250,CHOQUE,0,0,250.0,2020-04-27,PE-3N,-9.908904785500056,-76.38277104477882,True
20211222,20200428,06:30,JUNIN,PE-22,0,DESPISTE,0,0,0.0,2020-04-28,PE-22,-12.035062378999953,-76.98928008099995,True
20211222,20200428,20:38,LIMA,PE-1NA,16,DESPISTE,0,0,16.0,2020-04-28,PE-1NA,-11.660116702360725,-77.20311612153633,True
20211222,20200428,N.I.,LIMA,PE-1N,79,CHOQUE,0,5,79.0,2020-04-28,PE-1N,-11.589223576515923,-77.258097374508,True
20211222,20200428,07:00,LIMA,PE-1N,83,ESPECIAL,0,0,83.0,2020-04-28,PE-1N,-11.555918348742413,-77.26964221100262,True
20211222,20200428,18:00,LIMA,PE-22,100,CHOQUE,0,0,100.0,2020-04-28,PE-22,-11.737069789934658,-76.27081716074291,True
20211222,20200429,05:55,MOQUEGUA,PE-36A,28,DESPISTE,0,0,28.0,2020-04-29,PE-36A,-17.103916951400404,-70.85144953902359,True
20211222,20200429,05:30,AMAZONAS,PE-5N,266,DESPISTE,0,1,266.0,2020-04-29,PE-5N,-9.354980472611425,-75.02889572075821,True
20211222,20200430,19:15,LIMA,PE-1N,16,DESPISTE,0,0,16.0,2020-04-30,PE-1N,-11.990980640651676,-77.06385549826958,True
20211222,20200430,06:50,LIMA,PE-1S,55,DESPISTE,0,0,55.0,2020-04-30,PE-1S,-12.441772274700178,-76.75682644294388,True
20211222,20200430,13:25,LIMA,PE-1N,76,DESPISTE,0,1,76.0,2020-04-30,PE-1N,-11.60799034412872,-77.23917995125622,True
20211222,20200430,00:40,LIMA,PE-22,114,DESPISTE,0,1,114.0,2020-04-30,PE-22,-11.66284415344652,-76.24576919106707,True
20211222,20200430,06:05,LIMA,PE-1N,115,ESPECIAL,0,0,115.0,2020-04-30,PE-1N,-11.370151284322256,-77.44202915357737,True
20211222,20200430,16:00,HUANUCO,PE-3N,126,DESPISTE,0,0,126.0,2020-04-30,PE-3N,-10.692530530970686,-76.21531282562151,True
20211222,20200430,07:10,MOQUEGUA,PE-1S,1202,DESPISTE,0,0,1202.0,2020-04-30,PE-1S,-17.647062118698138,-70.90803708484177,True
20211222,20200501,02:45,JUNIN,PE-3N,15,DESPISTE,0,0,15.0,2020-05-01,PE-3N,-11.430433706385607,-75.93105274231849,True
20211222,20200501,05:30,LIMA,PE-1N,215,ATROPELLO,2,6,215.0,2020-05-01,PE-1N,-10.627010220428128,-77.86229435880638,True
20211222,20200501,13:10,ICA,PE-1S,252,ATROPELLO,1,0,252.0,2020-05-01,PE-1S,-13.902562006225265,-76.06770530424643,True
20211222,20200502,22:30,SAN MARTIN,PE-5N,81,DESPISTE,0,2,81.0,2020-05-02,PE-5N,-10.627815749918597,-75.11428185580851,True
20211222,20200502,10:20,LIMA,PE-1S,93,DESPISTE,0,1,93.0,2020-05-02,PE-1S,-12.89743053079929,-76.5058393241351,True
20211222,20200502,11:45,ICA,PE-1S,175,DESPISTE,0,0,175.0,2020-05-02,PE-1S,-13.328214280512649,-76.24013623626685,True
20211222,20200503,01:00,LIMA,PE-1S,30,CHOQUE,0,1,30.0,2020-05-03,PE-1S,-12.276137808704581,-76.88997544513248,True
20211222,20200504,04:30,LIMA,PE-1NA,16,DESPISTE,0,0,16.0,2020-05-04,PE-1NA,-11.660116702360725,-77.20311612153633,True
20211222,20200504,20:41,JUNIN,PE-3SA,19,DESPISTE,0,0,19.0,2020-05-04,PE-3SA,-11.671215847157283,-75.57354122416632,True
20211222,20200504,07:30,LIMA,PE-1S,73,DESPISTE,0,0,73.0,2020-05-04,PE-1S,-12.579240170785853,-76.68065669000386,True
20211222,20200504,17:10,ANCASH,PE-16,141,DESPISTE,0,3,141.0,2020-05-04,PE-16,,,True
20211222,20200504,20:52,MADRE DE DIOS,PE-30C,300,DESPISTE,0,3,300.0,2020-05-04,PE-30C,-12.914637159166665,-70.19643541001209,True
20211222,20200504,15:00,MADRE DE DIOS,PE-30C,419,DESPISTE,0,0,419.0,2020-05-04,PE-30C,-12.613084881067943,-69.24346030278708,True
20211222,20200504,07:00,PIURA,PE-1N,985,CHOQUE,1,0,985.0,2020-05-04,PE-1N,-5.25673021939697,-80.61568881536436,True
20211222,20200505,07:00,CUSCO,PE-28B,104,DESPISTE,0,0,104.0,2020-05-05,PE-28B,-12.788085054663762,-74.00035946355617,True
20211222,20200505,19:47,LIMA,PE-22,105,DESPISTE,0,0,105.0,2020-05-05,PE-22,-11.720225792577718,-76.26848091926574,True
20211222,20200505,05:45,ANCASH,PE-1N,235,CHOQUE,0,2,235.0,2020-05-05,PE-1N,-10.460677402880597,-77.91776596406712,True
20211222,20200506,07:05,LIMA,PE-1N,98,DESPISTE,0,0,98.0,2020-05-06,PE-1N,-11.449431098653706,-77.33984367253781,True
20211222,20200506,21:05,ANCASH,PE-12A,100,DESPISTE,1,2,100.0,2020-05-06,PE-12A,-8.587051331938055,-77.59255952297308,True
20211222,20200506,12:03,AREQUIPA,PE-1S,671,DESPISTE,0,0,671.0,2020-05-06,PE-1S,-16.13026996320173,-73.86893944498497,True
20211222,20200506,07:15,TACNA,PE-1S,1246,DESPISTE,0,0,1246.0,2020-05-06,PE-1S,-17.80496537535092,-70.59379047462065,True
20211222,20200507,14:29,AREQUIPA,PE-34A,38,CHOQUE,0,1,38.0,2020-05-07,PE-34A,-16.387419495391896,-71.58148291282657,True
20211222,20200507,17:40,JUNIN,PE-3N,56,DESPISTE,0,3,56.0,2020-05-07,PE-3N,-11.133794755497352,-75.99175209312435,True
20211222,20200507,07:30,TUMBES,PE-1N,193,CHOQUE,1,0,193.0,2020-05-07,PE-1N,-10.816843708211005,-77.700359089537,True
20211222,20200508,07:40,LA LIBERTAD,PE-08,34,DESPISTE,0,0,34.0,2020-05-08,PE-08,-7.239378715486836,-79.22222602034336,True
20211222,20200508,18:30,PIURA,PE-1N,126,DESPISTE,0,1,126.0,2020-05-08,PE-1N,-11.289213183828368,-77.50059226951073,True
20211222,20200508,11:30,AYACUCHO,PE-3N,144,DESPISTE,0,0,144.0,2020-05-08,PE-3N,-10.622460162551553,-76.17568696489387,True
20211222,20200509,17:10,UCAYALI,PE-18C,17,CHOQUE,0,3,17.0,2020-05-09,PE-18C,-8.704896522742061,-74.99580171198913,True
20211222,20200509,09:00,JUNIN,PE-3S,62,DESPISTE,1,0,62.0,2020-05-09,PE-3S,-11.787848655787,-75.57757554886017,True
20211222,20200509,23:55,ANCASH,PE-1N,274,VOLCADURA,0,0,274.0,2020-05-09,PE-1N,-10.204822671102246,-78.0497228466984,True
20211222,20200509,08:35,SAN MARTIN,PE-5N,585,DESPISTE,0,0,585.0,2020-05-09,PE-5N,-8.514822276907504,-76.2988033288086,True
20211222,20200509,14:30,APURIMAC,PE-3S,766,ATROPELLO,0,1,766.0,2020-05-09,PE-3S,-13.66722250101104,-72.92623833094451,True
20211222,20200510,02:30,MOQUEGUA,PE-36A,62,DESPISTE,0,0,62.0,2020-05-10,PE-36A,-17.019431880108264,-70.75075304759447,True
20211222,20200510,05:30,LIMA,PE-1N,108,DESPISTE,0,3,108.0,2020-05-10,PE-1N,-11.391435633881196,-77.39513312660809,True
20211222,20200510,20:15,ANCASH,PE-1N,403,ESPECIAL,0,0,403.0,2020-05-10,PE-1N,-9.269798884101284,-78.42180622931913,True
20211222,20200511,14:00,PIURA,PE-1N,42,DESPISTE,0,0,42.0,2020-05-11,PE-1N,-11.790854054126543,-77.14835534687332,True
20211222,20200511,07:25,ICA,PE-1SJ,198,CHOQUE,0,1,198.0,2020-05-11,PE-1SJ,,,True
20211222,20200511,19:00,APURIMAC,PE-3S,753,VOLCADURA,0,2,753.0,2020-05-11,PE-3S,-13.67291196447343,-72.94451941529509,True
20211222,20200511,20:00,ANCASH,PE-3N,845,DESPISTE,0,0,845.0,2020-05-11,PE-3N,-8.41544985708066,-78.01235610844248,True
20211222,20200512,06:50,LIMA,PE-1NA,20,DESPISTE,0,0,20.0,2020-05-12,PE-1NA,-11.632460547867879,-77.21787541527529,True
20211222,20200512,17:50,JUNIN,PE-22B,46,DESPISTE,0,2,46.0,2020-05-12,PE-22B,-11.357238899749076,-75.62954169601785,True
20211222,20200512,16:10,JUNIN,PE-5S,55,DESPISTE,1,1,55.0,2020-05-12,PE-5S,-10.902544314352754,-74.90205295919081,True
20211222,20200512,12:00,AMAZONAS,PE-5N,220,CHOQUE,0,1,220.0,2020-05-12,PE-5N,-9.74276982744297,-75.00493118859492,True
20211222,20200512,23:45,AREQUIPA,PE-1S,578,DESPISTE,0,0,578.0,2020-05-12,PE-1S,-15.727523806075137,-74.45806620565845,True
20211222,20200512,05:20,PIURA,PE-1NL,1048,DESPISTE,0,0,1048.0,2020-05-12,PE-1NL,,,True
20211222,20200513,06:15,LIMA,PE-1S,73,CHOQUE,2,3,73.0,2020-05-13,PE-1S,-12.579240170785853,-76.68065669000386,True
20211222,20200513,08:42,AYACUCHO,PE-30A,102,DESPISTE,0,0,102.0,2020-05-13,PE-30A,-14.643801159223239,-74.30586069646586,True
20211222,20200513,21:50,APURIMAC,PE-30A,391,VOLCADURA,0,0,391.0,2020-05-13,PE-30A,-13.997678690090227,-73.17869767839967,True
20211222,20200513,18:30,AREQUIPA,PE-1S,569,DESPISTE,0,1,569.0,2020-05-13,PE-1S,-15.68282776951608,-74.52141769325044,True
20211222,20200513,17:10,APURIMAC,PE-3S,766,DESPISTE,N.I.,0,766.0,2020-05-13,PE-3S,-13.66722250101104,-72.92623833094451,True
20211222,20200513,10:20,AREQUIPA,PE-1S,862,DESPISTE,0,1,862.0,2020-05-13,PE-1S,-16.5445018702583,-72.57421449140094,True
20211222,20200514,07:50,LIMA,PE-1N,111,CHOQUE,2,3,111.0,2020-05-14,PE-1N,-11.397662136794214,-77.41903008400746,True
20211222,20200514,12:30,LAMBAYEQUE,PE-06A,181,DESPISTE,0,2,181.0,2020-05-14,PE-06A,-6.486975771402018,-78.897484784287,True
20211222,20200514,01:16,LA LIBERTAD,PE-1N,476,CHOQUE,0,0,476.0,2020-05-14,PE-1N,-8.708048741554583,-78.63948328496087,True
20211222,20200514,13:30,AREQUIPA,PE-1S,603,DESPISTE,0,0,603.0,2020-05-14,PE-1S,-15.814402711349496,-74.31709692140151,True
20211222,20200514,19:10,AREQUIPA,PE-1S,729,CHOQUE,0,1,729.0,2020-05-14,PE-1S,-16.302815332893697,-73.39532502885187,True
20211222,20200515,22:00,TACNA,PE-36A,30,DESPISTE,0,0,30.0,2020-05-15,PE-36A,-17.091358384397914,-70.84946206142422,True
20211222,20200515,15:19,JUNIN,PE-3S,31,DESPISTE,0,0,31.0,2020-05-15,PE-3S,-11.69792777212196,-75.76739923144835,True
20211222,20200515,09:00,LIMA,PE-1N,52,CHOQUE,0,0,52.0,2020-05-15,PE-1N,-11.726303210231407,-77.14402216054684,True
20211222,20200515,04:20,JUNIN,PE-22,70,DESPISTE,0,0,70.0,2020-05-15,PE-22,-11.875756205625285,-76.43000257756621,True
20211222,20200515,18:00,ICA,PE-1S,275,CHOQUE,1,0,275.0,2020-05-15,PE-1S,-13.935182679050225,-75.86144017949889,True
20211222,20200516,09:20,JUNIN,PE-22,38,DESPISTE,0,2,38.0,2020-05-16,PE-22,-11.923569882182347,-76.67966703517845,True
20211222,20200516,10:45,HUANUCO,PE-18A,49,DESPISTE,0,0,49.0,2020-05-16,PE-18A,-9.705607667047861,-76.09386480760455,True
20211222,20200517,01:45,JUNIN,PE-3N,47,DESPISTE,0,0,47.0,2020-05-17,PE-3N,-11.20261058650003,-75.95686522977036,True
20211222,20200517,14:00,JUNIN,PE-22B,65,DESPISTE,0,0,65.0,2020-05-17,PE-22B,-11.265214899910776,-75.55348273694865,True
20211222,20200517,16:00,PUNO,PE-34A,204,DESPISTE,0,0,204.0,2020-05-17,PE-34A,-15.71604676765672,-70.8101632323431,True
20211222,20200518,11:20,AREQUIPA,AR-115,3,DESPISTE,0,0,3.0,2020-05-18,AR-115,,,True
20211222,20200518,09:45,LIMA,PE-1S,50,DESPISTE,0,3,50.0,2020-05-18,PE-1S,-12.397418732435678,-76.75772911113009,True
20211222,20200519,04:50,CAJAMARCA,PE-08,89,DESPISTE,0,0,89.0,2020-05-19,PE-08,-7.224322689743297,-78.85873459621294,True
20211222,20200519,18:55,JUNIN,PE-3S,106,CHOQUE,0,0,106.0,2020-05-19,PE-3S,-11.938716626497254,-75.30774548505063,True
20211222,20200520,06:40,JUNIN,PE-5S,76,CHOQUE,0,2,76.0,2020-05-20,PE-5S,-11.00089809730371,-74.7517146169679,True
20211222,20200520,06:00,LIMA,PE-1S,149,CHOQUE,0,1,149.0,2020-05-20,PE-1S,-13.152438439240983,-76.38029930762555,True
20211222,20200520,16:00,ICA,PE-1S,184,DESPISTE,0,3,184.0,2020-05-20,PE-1S,-13.397333355183989,-76.19679180371396,True
20211222,20200520,04:50,MADRE DE DIOS,PE-30A,416,DESPISTE,0,0,416.0,2020-05-20,PE-30A,-13.884330529773774,-73.03083658429881,True
20211222,20200521,10:50,AREQUIPA,AR-109,3,DESPISTE,0,0,3.0,2020-05-21,AR-109,,,True
20211222,20200521,05:30,LAMBAYEQUE,PE-1NJ,126,DESPISTE,0,8,126.0,2020-05-21,PE-1NJ,-5.715776927785035,-79.8899663028331,True
20211222,20200521,11:30,HUANCAVELICA,PE-3S,156,CHOQUE,1,1,156.0,2020-05-21,PE-3S,-12.290868955718068,-75.09781068709165,True
20211222,20200521,04:45,LIMA,PE-1N,169,DESPISTE,0,0,169.0,2020-05-21,PE-1N,-10.958343688855178,-77.6465415857082,True
20211222,20200521,09:00,PUNO,PE-30A,247,DESPISTE,0,1,247.0,2020-05-21,PE-30A,-14.610098638937044,-73.63766100211492,True
20211222,20200521,07:05,ANCASH,PE-1N,417,CHOQUE,1,1,417.0,2020-05-21,PE-1N,-9.066825957534151,-78.58792399570814,True
20211222,20200522,14:35,LIMA,PE-1S,68,DESPISTE,0,0,68.0,2020-05-22,PE-1S,-12.549808822349231,-76.71368663357143,True
20211222,20200522,06:00,LIMA,PE-1N,90,DESPISTE,0,0,90.0,2020-05-22,PE-1N,-11.501753474099624,-77.30087629138163,True
20211222,20200522,06:00,AREQUIPA,PE-34A,137,DESPISTE,0,0,137.0,2020-05-22,PE-34A,-15.990752802149116,-71.25191779027641,True
20211222,20200522,21:00,CUSCO,PE-28B,170,DESPISTE,0,2,170.0,2020-05-22,PE-28B,-12.613996439781525,-73.80673442858253,True
20211222,20200523,12:30,PIURA,PE-1N,3,CHOQUE,0,0,3.0,2020-05-23,PE-1N,-12.036785672029502,-76.98870889454524,True
20211222,20200523,17:20,LORETO,LO-103,14,ATROPELLO,0,1,14.0,2020-05-23,LO-103,,,True
20211222,20200523,04:40,LA LIBERTAD,PE-08,32,ATROPELLO,0,0,32.0,2020-05-23,PE-08,-7.249849120496885,-79.2328797855461,True
20211222,20200523,11:00,LIMA,PE-22,111,DESPISTE,0,0,111.0,2020-05-23,PE-22,-11.678630463904785,-76.25802822208564,True
20211222,20200523,21:20,LIMA,PE-1N,192,DESPISTE,0,0,192.0,2020-05-23,PE-1N,-10.820619821698443,-77.70062298645144,True
20211222,20200523,07:40,AREQUIPA,PE-1S,776,DESPISTE,0,3,776.0,2020-05-23,PE-1S,-16.421321924317134,-73.11339377253465,True
20211222,20200523,07:30,PUNO,PE-3S,1352,CHOQUE,0,1,1352.0,2020-05-23,PE-3S,-15.774034769116392,-70.04341792500374,True
20211222,20200524,15:40,LIMA,PE-22,107,CHOQUE,0,2,107.0,2020-05-24,PE-22,-11.705646773117046,-76.26740401394007,True
20211222,20200524,07:20,JUNIN,PE-3N,135,DESPISTE,0,1,135.0,2020-05-24,PE-3N,-10.672179466714756,-76.18285345106842,True
20211222,20200524,23:10,AREQUIPA,PE-1S,770,CHOQUE,0,0,770.0,2020-05-24,PE-1S,-16.441049601183764,-73.12932111139439,True
20211222,20200524,22:40,PUNO,PE-3S,1289,DESPISTE,0,1,1289.0,2020-05-24,PE-3S,-15.281597973068125,-70.2507726272908,True
20211222,20200525,03:25,LIMA,PE-1N,7,DESPISTE,0,0,7.0,2020-05-25,PE-1N,-12.040980189582212,-77.01812115130421,True
20211222,20200525,07:00,LIMA,PE-1N,53,CHOQUE,0,1,53.0,2020-05-25,PE-1N,-11.729776355606665,-77.15238199050455,True
20211222,20200525,11:30,LIMA,PE-22,96,DESPISTE,0,0,96.0,2020-05-25,PE-22,-11.756422594262663,-76.2974607318637,True
20211222,20200525,08:05,LIMA,PE-22,128,DESPISTE,0,1,128.0,2020-05-25,PE-22,-11.610939453003805,-76.20389438244929,True
20211222,20200525,08:30,AREQUIPA,PE-34A,151,DESPISTE,0,0,151.0,2020-05-25,PE-34A,-15.917317650936367,-71.19002941273403,True
20211222,20200525,09:15,PUNO,PE-34A,187,DESPISTE,0,0,187.0,2020-05-25,PE-34A,-15.758761857926299,-70.93437972682179,True
20211222,20200526,10:00,UCAYALI,PE-18C,8,CHOQUE,0,2,8.0,2020-05-26,PE-18C,-8.772995029042447,-75.0125331518004,True
20211222,20200526,10:30,LIMA,PE-1N,46,DESPISTE,0,0,46.0,2020-05-26,PE-1N,-11.760137973165365,-77.15480179734976,True
20211222,20200526,07:15,LIMA,PE-22,111,DESPISTE,0,0,111.0,2020-05-26,PE-22,-11.678630463904785,-76.25802822208564,True
20211222,20200526,07:30,JUNIN,PE-22B,113,DESPISTE,0,0,113.0,2020-05-26,PE-22B,-11.012422538464852,-75.31563859225655,True
20211222,20200526,17:00,LIMA,PE-1S,133,CHOQUE,2,2,133.0,2020-05-26,PE-1S,-13.042360826582176,-76.47154836661794,True
20211222,20200526,00:45,ANCASH,PE-1N,301,DESPISTE,0,0,301.0,2020-05-26,PE-1N,-10.00602304331578,-78.18115294897198,True
20211222,20200526,21:50,ANCASH,PE-1N,336,DESPISTE,1,0,336.0,2020-05-26,PE-1N,-9.76760274917532,-78.23795864059362,True
20211222,20200526,06:30,SAN MARTIN,PE-5N,485,CHOQUE,0,3,485.0,2020-05-26,PE-5N,-9.17230041978716,-75.96533386174761,True
20211222,20200527,07:00,ICA,PE-1S,194,CHOQUE,0,0,194.0,2020-05-27,PE-1S,-13.437325559342614,-76.13482392821079,True
20211222,20200527,12:30,APURIMAC,PE-30A,282,DESPISTE,0,2,282.0,2020-05-27,PE-30A,-14.567947269068016,-73.39723282463623,True
20211222,20200527,23:10,ANCASH,PE-1N,371,ATROPELLO,1,0,371.0,2020-05-27,PE-1N,-9.486043543365328,-78.27292896472373,True
20211222,20200527,12:55,LA LIBERTAD,PE-1N,486,VOLCADURA,0,1,486.0,2020-05-27,PE-1N,-8.630076609496,-78.6380208975206,True
20211222,20200527,01:40,AREQUIPA,PE-1S,777,DESPISTE,0,0,777.0,2020-05-27,PE-1S,-16.423414908447345,-73.10660489450521,True
20211222,20200528,14:00,HUANCAVELICA,HV-101,3,DESPISTE,1,1,3.0,2020-05-28,HV-101,,,True
20211222,20200528,14:55,PUNO,PE-34H,6,CHOQUE,1,0,6.0,2020-05-28,PE-34H,-15.446356435787227,-70.0918643947271,True
20211222,20200528,11:15,LIMA,PE-1S,90,DESPISTE,0,0,90.0,2020-05-28,PE-1S,-12.871275950392498,-76.51130822956922,True
20211222,20200528,21:30,LIMA,PE-22,94,ESPECIAL,0,0,94.0,2020-05-28,PE-22,-11.770567838886798,-76.30616328310128,True
20211222,20200528,04:30,HUANUCO,PE-3N,270,DESPISTE,0,2,270.0,2020-05-28,PE-3N,-9.88192205270046,-76.47257785782888,True
20211222,20200528,20:30,APURIMAC,PE-30A,432,DESPISTE,4,0,432.0,2020-05-28,PE-30A,-13.79479566839969,-72.95694707548427,True
20211222,20200529,04:40,LIMA,PE-1S,24,DESPISTE,0,2,24.0,2020-05-29,PE-1S,-12.246584742503304,-76.93618987426358,True
20211222,20200529,12:50,JUNIN,PE-3S,101,DESPISTE,0,1,101.0,2020-05-29,PE-3S,-11.905670120790454,-75.33221304157603,True
20211222,20200529,17:40,ANCASH,PE-1N,335,DESPISTE,0,0,335.0,2020-05-29,PE-1N,-9.774642108760688,-78.23231748969565,True
20211222,20200529,10:30,ANCASH,PE-1N,337,ESPECIAL,0,0,337.0,2020-05-29,PE-1N,-9.759928558186639,-78.24262736307116,True
20211222,20200529,18:40,LA LIBERTAD,PE-1N,600,ESPECIAL,0,1,600.0,2020-05-29,PE-1N,-7.87178743419206,-79.13419108223329,True
20211222,20200529,21:30,LA LIBERTAD,PE-1N,656,ATROPELLO,1,0,656.0,2020-05-29,PE-1N,-7.484918114469372,-79.41757040974797,True
20211222,20200530,20:20,CUSCO,PE-34G,10,CHOQUE,0,1,10.0,2020-05-30,PE-34G,-14.468414708804717,-71.29605848165919,True
20211222,20200530,10:30,PIURA,PE-1N,66,CHOQUE,0,0,66.0,2020-05-30,PE-1N,-11.638210024014256,-77.20622260981537,True
20211222,20200530,04:20,ANCASH,PE-14,113,DESPISTE,0,0,113.0,2020-05-30,PE-14,-9.545965506050262,-77.6233488465213,True
20211222,20200530,17:15,JUNIN,PE-22,155,ATROPELLO,0,1,155.0,2020-05-30,PE-22,-11.612978504752132,-76.02648007538045,True
20211222,20200530,23:00,LIMA,PE-1N,178,DESPISTE,0,0,178.0,2020-05-30,PE-1N,-10.88647242178643,-77.67955858516763,True
20211222,20200530,16:20,ICA,PE-1S,281,ATROPELLO,0,5,281.0,2020-05-30,PE-1S,-13.944310689767319,-75.80776044560797,True
20211222,20200530,11:30,ICA,PE-1S,434,DESPISTE,0,2,434.0,2020-05-30,PE-1S,-14.788392841249042,-75.0216291456214,True
20211222,20200530,20:15,MADRE DE DIOS,PE-30C,454,DESPISTE,3,0,454.0,2020-05-30,PE-30C,-12.390441946219761,-69.14302457856341,True
20211222,20200530,15:45,PUNO,PE-3S,N.I.,DESPISTE,0,1,,2020-05-30,PE-3S,-15.04301470699994,-70.36600238199992,True
20211222,20200531,22:35,ANCASH,PE-1N,335,ESPECIAL,0,0,335.0,2020-05-31,PE-1N,-9.774642108760688,-78.23231748969565,True
20211222,20200531,21:30,APURIMAC,PE-30,370,DESPISTE,0,0,370.0,2020-05-31,PE-30,,,True
20211222,20200531,04:50,AYACUCHO,PE-3S,411,DESPISTE,1,0,411.0,2020-05-31,PE-3S,-13.257006424689488,-74.23247758822606,True
20211222,20200531,18:14,SAN MARTIN,PE-5N,471,DESPISTE,0,0,471.0,2020-05-31,PE-5N,-9.19369648902883,-75.87266161750564,True
20211222,20200601,13:40,MOQUEGUA,PE-36A,55,DESPISTE,0,0,55.0,2020-06-01,PE-36A,-17.034236991344944,-70.80969706144819,True
20211222,20200601,04:50,JUNIN,PE-22,141,CHOQUE,0,2,141.0,2020-06-01,PE-22,-11.600943513530941,-76.1305608728843,True
20211222,20200601,13:55,LIMA,PE-1S,153,DESPISTE,0,1,153.0,2020-06-01,PE-1S,-13.177776254385332,-76.35656675114566,True
20211222,20200602,17:50,JUNIN,PE-3S,46,DESPISTE,0,0,46.0,2020-06-02,PE-3S,-11.788247952985962,-75.69078798946322,True
20211222,20200602,15:30,LAMBAYEQUE,PE-1NJ,150,DESPISTE,0,0,150.0,2020-06-02,PE-1NJ,-5.583305189649593,-79.96708727797308,True
20211222,20200602,09:40,ANCASH,PE-1N,237,DESPISTE,0,2,237.0,2020-06-02,PE-1N,-10.445919152267779,-77.9280881394662,True
20211222,20200602,16:55,APURIMAC,PE-30A,254,DESPISTE,0,2,254.0,2020-06-02,PE-30A,-14.601193349263104,-73.58469604185419,True
20211222,20200602,11:20,ANCASH,PE-1N,343,DESPISTE,0,0,343.0,2020-06-02,PE-1N,-9.717491844434532,-78.27142207246986,True
20211222,20200602,11:45,CUSCO,PE-3S,1083,CHOQUE,0,1,1083.0,2020-06-02,PE-3S,-14.100708954811676,-71.42869427408748,True
20211222,20200603,07:00,LA LIBERTAD,PE-10A,18,DESPISTE,0,1,18.0,2020-06-03,PE-10A,-8.081457306705294,-78.87978124952662,True
20211222,20200603,20:00,PUNO,PE-34H,38,CHOQUE,1,1,38.0,2020-06-03,PE-34H,-15.273661041255501,-69.90272451320892,True
20211222,20200603,08:00,LAMBAYEQUE,PE-1NJ,40,CHOQUE,0,0,40.0,2020-06-03,PE-1NJ,-6.358027260492148,-79.7818878345151,True
20211222,20200603,06:30,UCAYALI,PE-18C,54,CHOQUE,1,4,54.0,2020-06-03,PE-18C,-8.469262502458976,-74.79826026045471,True
20211222,20200603,21:45,CAJAMARCA,PE-08,60,DESPISTE,0,0,60.0,2020-06-03,PE-08,-7.232619868706299,-79.05786075717273,True
20211222,20200603,00:45,LIMA,PE-1N,103,DESPISTE,0,0,103.0,2020-06-03,PE-1N,-11.418707756071143,-77.37091265285507,True
20211222,20200603,09:40,PIURA,PE-1NJ,196,CHOQUE,0,0,196.0,2020-06-03,PE-1NJ,-5.17115015183347,-80.54214013990696,True
20211222,20200603,18:15,ICA,PE-1S,379,CHOQUE,0,7,379.0,2020-06-03,PE-1S,-14.50137012408486,-75.25241378003477,True
20211222,20200603,23:45,AREQUIPA,PE-1S,522,DESPISTE,0,0,522.0,2020-06-03,PE-1S,-15.464594558835861,-74.86372862876911,True
20211222,20200603,16:00,LAMBAYEQUE,PE-1N,704,CHOQUE,0,1,704.0,2020-06-03,PE-1N,-7.234386112848887,-79.45389048743962,True
20211222,20200604,21:00,PUNO,PE-3S,7,DESPISTE,0,1,7.0,2020-06-04,PE-3S,-11.55664519301765,-75.87806022487203,True
20211222,20200604,03:50,AREQUIPA,PE-1SD,32,DESPISTE,1,0,32.0,2020-06-04,PE-1SD,-16.7219304958195,-72.4165471521079,True
20211222,20200604,05:30,TACNA,PE-36A,47,CHOQUE,1,1,47.0,2020-06-04,PE-36A,-17.046467471498826,-70.83800475372954,True
20211222,20200604,17:40,JUNIN,PE-22B,74,CHOQUE,0,0,74.0,2020-06-04,PE-22B,-11.22724168087572,-75.5116386245923,True
20211222,20200604,11:00,LIMA,PE-1S,99,CHOQUE,0,1,99.0,2020-06-04,PE-1S,-12.947738271549607,-76.50162231777215,True
20211222,20200604,13:25,MADRE DE DIOS,PE-30C,324,DESPISTE,0,1,324.0,2020-06-04,PE-30C,-12.89176091055515,-69.99921662303102,True
20211222,20200604,12:40,ANCASH,PE-1N,404,DESPISTE,0,1,404.0,2020-06-04,PE-1N,-9.263207585088862,-78.42792913475635,True
20211222,20200604,17:30,AREQUIPA,PE-1S,775,DESPISTE,0,0,775.0,2020-06-04,PE-1S,-16.428630654329847,-73.1164343231522,True
20211222,20200604,11:40,AREQUIPA,PE-1S,811,DESPISTE,0,3,811.0,2020-06-04,PE-1S,-16.538795119821234,-72.85820528799506,True
20211222,20200605,09:40,PIURA,PI-102,18,CHOQUE,0,0,18.0,2020-06-05,PI-102,,,True
20211222,20200605,06:50,LIMA,PE-1NE,27,DESPISTE,1,0,27.0,2020-06-05,PE-1NE,-11.109195083014946,-77.35021941862398,True
20211222,20200605,07:30,LIMA,PE-1S,56,DESPISTE,0,0,56.0,2020-06-05,PE-1S,-12.450608204528976,-76.75544581549669,True
20211222,20200605,15:55,LIMA,PE-22,97,CHOQUE,0,0,97.0,2020-06-05,PE-22,-11.749547458497183,-76.29229812539438,True
20211222,20200605,07:40,JUNIN,PE-22B,101,CHOQUE,0,2,101.0,2020-06-05,PE-22B,-11.097692766778987,-75.33288939530661,True
20211222,20200605,11:45,JUNIN,PE-3N,138,CHOQUE,0,0,138.0,2020-06-05,PE-3N,-10.653887841777696,-76.17181416768078,True
20211222,20200605,15:30,LAMBAYEQUE,PE-1NJ,148,CHOQUE,0,0,148.0,2020-06-05,PE-1NJ,-5.591037821873805,-79.96046114438312,True
20211222,20200605,07:00,LIMA,PE-1N,157,CHOQUE,0,1,157.0,2020-06-05,PE-1N,-11.042284072766828,-77.58947607895409,True
20211222,20200605,17:20,AMAZONAS,PE-5N,304,CHOQUE,0,2,304.0,2020-06-05,PE-5N,-9.041806411310532,-75.02988124883916,True
20211222,20200605,04:40,ANCASH,PE-1N,402,CHOQUE,0,1,402.0,2020-06-05,PE-1N,-9.277361354222892,-78.41726462063085,True
20211222,20200605,04:30,LA LIBERTAD,PE-1N,530,DESPISTE,0,1,530.0,2020-06-05,PE-1N,-8.351903885675238,-78.87942247942685,True
20211222,20200605,02:30,LAMBAYEQUE,PE-1N,817,CHOQUE,0,3,817.0,2020-06-05,PE-1N,-6.53816901905422,-80.02324885332074,True
20211222,20200606,17:40,CAJAMARCA,PE-08,126,DESPISTE,0,0,126.0,2020-06-06,PE-08,-7.282521555520629,-78.58465507906531,True
20211222,20200606,23:45,CUSCO,PE-28B,204,DESPISTE,0,1,204.0,2020-06-06,PE-28B,-12.738948879236847,-73.64883455395334,True
20211222,20200606,04:20,PUNO,PE-34A,245,DESPISTE,0,1,245.0,2020-06-06,PE-34A,-15.682389401268011,-70.54783801470174,True
20211222,20200606,08:30,AYACUCHO,PE-3S,444,DESPISTE,0,0,444.0,2020-06-06,PE-3S,-13.367562454032749,-74.08089025806099,True
20211222,20200606,21:30,AREQUIPA,PE-1S,541,DESPISTE,0,0,541.0,2020-06-06,PE-1S,-15.560205796820174,-74.73058027656812,True
20211222,20200606,18:40,AREQUIPA,PE-1S,633,DESPISTE,0,1,633.0,2020-06-06,PE-1S,-15.918975935138107,-74.12471145695262,True
20211222,20200607,19:20,LIMA,PE-22,121,DESPISTE,0,0,121.0,2020-06-07,PE-22,-11.626055487658348,-76.23358335132001,True
20211222,20200607,03:50,LIMA,PE-1S,124,ESPECIAL,0,0,124.0,2020-06-07,PE-1S,-12.683025484064796,-76.64937375428354,True
20211222,20200607,14:50,LIMA,PE-1S,125,DESPISTE,0,1,125.0,2020-06-07,PE-1S,-12.691485723558252,-76.64630842914163,True
20211222,20200607,01:00,JUNIN,PE-22,141,DESPISTE,0,0,141.0,2020-06-07,PE-22,-11.600943513530941,-76.1305608728843,True
20211222,20200607,22:30,AREQUIPA,PE-1S,763,DESPISTE,0,0,763.0,2020-06-07,PE-1S,-16.41612457153041,-73.16700179774958,True
20211222,20200608,01:45,PIURA,PE-1N,47,DESPISTE,0,2,47.0,2020-06-08,PE-1N,-11.753335009070232,-77.14879196867817,True
20211222,20200608,19:20,PUNO,PE-34H,48,CHOQUE,0,1,48.0,2020-06-08,PE-34H,-15.232774550262324,-69.82782635972444,True
20211222,20200608,23:30,LIMA,PE-1S,131,DESPISTE,0,0,131.0,2020-06-08,PE-1S,-13.02463008299992,-76.47484911599992,True
20211222,20200608,05:20,LIMA,PE-1N,168,CHOQUE,0,2,168.0,2020-06-08,PE-1N,-10.967382712409657,-77.64619613041687,True
20211222,20200608,11:00,LIMA,PE-1N,204,CHOQUE,0,0,204.0,2020-06-08,PE-1N,-10.685718605387349,-77.78893555869494,True
20211222,20200608,14:15,ANCASH,PE-1N,246,DESPISTE,0,1,246.0,2020-06-08,PE-1N,-10.40379926547519,-77.97357161774444,True
20211222,20200608,05:50,AYACUCHO,PE-3S,441,ESPECIAL,0,0,441.0,2020-06-08,PE-3S,-13.354080002983576,-74.09878172833156,True
20211222,20200608,00:10,PIURA,PE-1N,928,CHOQUE,0,1,928.0,2020-06-08,PE-1N,-5.763892774824895,-80.55035232461778,True
20211222,20200608,17:30,PUNO,PE-3S,1230,DESPISTE,1,1,1230.0,2020-06-08,PE-3S,-14.927279252896785,-70.5504241274033,True
20211222,20200608,19:30,PUNO,PE-3S,1284,CHOQUE,0,0,1284.0,2020-06-08,PE-3S,-15.273896679605706,-70.2945871595719,True
20211222,20200609,14:40,CUSCO,PE-34F,8,CHOQUE,0,1,8.0,2020-06-09,PE-34F,-14.735190850275147,-71.34316753664393,True
20211222,20200609,05:40,JUNIN,PE-3N,25,DESPISTE,0,2,25.0,2020-06-09,PE-3N,-11.376746566374933,-75.88144329759365,True
20211222,20200609,19:00,LAMBAYEQUE,PE-1NJ,64,DESPISTE,0,1,64.0,2020-06-09,PE-1NJ,-6.164759545988507,-79.69936660210942,True
20211222,20200609,15:10,JUNIN,PE-3S,73,DESPISTE,0,0,73.0,2020-06-09,PE-3S,-11.821985425523053,-75.50537376348963,True
20211222,20200609,09:11,LIMA,PE-22,99,ESPECIAL,0,0,99.0,2020-06-09,PE-22,-11.74017894661236,-76.27916507852545,True
20211222,20200609,20:11,PASCO,PE-3N,139,CHOQUE,0,2,139.0,2020-06-09,PE-3N,-10.648549611513406,-76.16548078471018,True
20211222,20200609,15:00,AYACUCHO,PE-3N,139,CHOQUE,0,2,139.0,2020-06-09,PE-3N,-10.648549611513406,-76.16548078471018,True
20211222,20200609,16:30,AREQUIPA,PE-34A,145,CHOQUE,0,0,145.0,2020-06-09,PE-34A,-15.969089414751997,-71.20150334249084,True
20211222,20200609,18:50,ICA,PE-1S,209,ATROPELLO,1,0,209.0,2020-06-09,PE-1S,-13.570709646363875,-76.13427295381477,True
20211222,20200609,05:15,ANCASH,PE-1N,313,CHOQUE,0,0,313.0,2020-06-09,PE-1N,-9.943073156259494,-78.21675380877198,True
20211222,20200609,14:45,MADRE DE DIOS,PE-30C,314,ATROPELLO,0,1,314.0,2020-06-09,PE-30C,-12.897970907331011,-70.07575664485404,True
20211222,20200609,03:57,APURIMAC,PE-3S,797,DESPISTE,0,0,797.0,2020-06-09,PE-3S,-13.588555311534535,-72.84855143847108,True
20211222,20200610,20:10,LA LIBERTAD,PE-10A,20,ATROPELLO,0,1,20.0,2020-06-10,PE-10A,-8.0712939758048,-78.86580403703148,True
20211222,20200610,04:00,LIMA,PE-1S,57,DESPISTE,0,0,57.0,2020-06-10,PE-1S,-12.459353853415445,-76.75305506986528,True
20211222,20200610,15:35,LIMA,PE-22,65,ESPECIAL,0,0,65.0,2020-06-10,PE-22,-11.884264278557733,-76.46441541038381,True
20211222,20200610,11:00,HUANUCO,PE-18A,90,DESPISTE,0,0,90.0,2020-06-10,PE-18A,-9.530960181474148,-75.97085858819224,True
20211222,20200610,17:30,AYACUCHO,PE-30A,102,DESPISTE,0,1,102.0,2020-06-10,PE-30A,-14.643801159223239,-74.30586069646586,True
20211222,20200610,04:50,JUNIN,PE-22,149,CHOQUE,0,0,149.0,2020-06-10,PE-22,-11.58940209672629,-76.06908350055834,True
20211222,20200610,07:00,JUNIN,PE-22,166,DESPISTE,0,0,166.0,2020-06-10,PE-22,-11.581972905849751,-75.95699050085464,True
20211222,20200610,16:30,APURIMAC,PE-30A,182,DESPISTE,0,0,182.0,2020-06-10,PE-30A,-14.643464176731374,-74.04731502621571,True
20211222,20200610,16:30,ICA,PE-1S,207,CHOQUE,0,2,207.0,2020-06-10,PE-1S,-13.552627969484073,-76.13325384226037,True
20211222,20200610,16:38,ANCASH,PE-3N,221,CHOQUE,0,1,221.0,2020-06-10,PE-3N,-10.033062916860453,-76.23466929300437,True
20211222,20200610,07:00,LA LIBERTAD,PE-1N,515,CHOQUE,2,0,515.0,2020-06-10,PE-1N,-8.430474275042485,-78.77638533012926,True
20211222,20200610,06:10,PUNO,PE-3S,1284,DESPISTE,0,0,1284.0,2020-06-10,PE-3S,-15.273896679605706,-70.2945871595719,True
20211222,20200611,14:30,LIMA,PE-1N,16,DESPISTE,0,0,16.0,2020-06-11,PE-1N,-11.990980640651676,-77.06385549826958,True
20211222,20200611,03:50,LIMA,PE-1NE,27,DESPISTE,0,1,27.0,2020-06-11,PE-1NE,-11.109195083014946,-77.35021941862398,True
20211222,20200611,21:30,JUNIN,PE-5S,34,CHOQUE,1,1,34.0,2020-06-11,PE-5S,-10.872251619182123,-75.06879986369911,True
20211222,20200611,05:30,LIMA,PE-1S,48,CHOQUE,0,1,48.0,2020-06-11,PE-1S,-12.384814162531237,-76.77075501133196,True
20211222,20200611,16:30,LIMA,PE-1N,62,DESPISTE,0,2,62.0,2020-06-11,PE-1N,-11.665974506954708,-77.18595646581765,True
20211222,20200611,16:30,APURIMAC,PE-30A,306,DESPISTE,1,0,306.0,2020-06-11,PE-30A,-14.502291063413425,-73.25993180201417,True
20211222,20200611,14:00,AYACUCHO,PE-3S,450,DESPISTE,0,4,450.0,2020-06-11,PE-3S,-13.392318794459475,-74.06352118525216,True
20211222,20200611,16:40,LAMBAYEQUE,PE-1N,787,CHOQUE,0,1,787.0,2020-06-11,PE-1N,-6.749532378563839,-79.8695782844146,True
20211222,20200611,06:30,LAMBAYEQUE,PE-1N,829,DESPISTE,0,0,829.0,2020-06-11,PE-1N,-6.472558792443885,-80.10962815221993,True
20211222,20200612,18:40,JUNIN,PE-3N,13,CHOQUE,0,0,13.0,2020-06-12,PE-3N,-11.44352369654096,-75.94265242053045,True
20211222,20200612,20:00,LIMA,PE-1S,32,ATROPELLO,1,0,32.0,2020-06-12,PE-1S,-12.285857745341351,-76.87447302295651,True
20211222,20200612,11:00,LIMA,PE-22,65,DESPISTE,0,0,65.0,2020-06-12,PE-22,-11.884264278557733,-76.46441541038381,True
20211222,20200612,11:30,LIMA,PE-1S,141,CHOQUE,0,1,141.0,2020-06-12,PE-1S,-13.097805878041688,-76.42495767818772,True
20211222,20200612,15:25,LIMA,PE-1N,158,CHOQUE,1,1,158.0,2020-06-12,PE-1N,-11.033520215114203,-77.59178721245048,True
20211222,20200612,05:45,AMAZONAS,PE-5N,286,DESPISTE,0,0,286.0,2020-06-12,PE-5N,-9.187806712772272,-75.0017860229956,True
20211222,20200612,16:40,PUNO,PE-3S,1284,DESPISTE,0,1,1284.0,2020-06-12,PE-3S,-15.273896679605706,-70.2945871595719,True
20211222,20200613,10:30,ANCASH,PE-16,12,ESPECIAL,0,0,12.0,2020-06-13,PE-16,-10.571631722411453,-77.7576274656211,True
20211222,20200613,14:30,LIMA,PE-1N,16,DESPISTE,0,1,16.0,2020-06-13,PE-1N,-11.990980640651676,-77.06385549826958,True
20211222,20200613,09:45,LIMA,PE-1N,104,ATROPELLO,1,0,104.0,2020-06-13,PE-1N,-11.411127109563516,-77.37555094068351,True
20211222,20200613,11:45,LIMA,PE-1N,155,ATROPELLO,1,0,155.0,2020-06-13,PE-1N,-11.060319941286282,-77.58911940957199,True
20211222,20200613,20:40,ICA,PE-1S,243,CHOQUE,0,1,243.0,2020-06-13,PE-1S,-13.857619701763033,-76.13115379592705,True
20211222,20200613,08:30,ICA,PE-1S,385,CHOQUE,0,7,385.0,2020-06-13,PE-1S,-14.483465027569665,-75.21713342227397,True
20211222,20200613,21:20,SAN MARTIN,PE-5N,471,DESPISTE,0,1,471.0,2020-06-13,PE-5N,-9.19369648902883,-75.87266161750564,True
20211222,20200613,21:30,AREQUIPA,PE-1S,608,DESPISTE,0,0,608.0,2020-06-13,PE-1S,-15.835866688819555,-74.29254396340731,True
20211222,20200614,12:45,ANCASH,PE-16,52,DESPISTE,0,1,52.0,2020-06-14,PE-16,-10.294217989231239,-77.59936877278474,True
20211222,20200614,17:50,LIMA,PE-22,125,DESPISTE,1,0,125.0,2020-06-14,PE-22,-11.614614791244527,-76.21136387393304,True
20211222,20200614,11:15,CUSCO,PE-28B,175,DESPISTE,0,2,175.0,2020-06-14,PE-28B,-12.61689655883712,-73.78319385800575,True
20211222,20200615,17:30,AREQUIPA,PE-34E,2,CHOQUE,0,0,2.0,2020-06-15,PE-34E,-16.040062000779763,-71.40141269523801,True
20211222,20200615,07:35,CUSCO,PE-34G,8,DESPISTE,0,0,8.0,2020-06-15,PE-34G,-14.484618144599965,-71.29732154333712,True
20211222,20200615,01:40,JUNIN,PE-3N,49,DESPISTE,0,3,49.0,2020-06-15,PE-3N,-11.189428938946243,-75.96965729234499,True
20211222,20200615,13:00,CAJAMARCA,PE-3NB,51,DESPISTE,0,0,51.0,2020-06-15,PE-3NB,-6.700023148277466,-78.52383454863158,True
20211222,20200615,08:40,PUNO,PE-34A,245,DESPISTE,0,0,245.0,2020-06-15,PE-34A,-15.682389401268011,-70.54783801470174,True
20211222,20200615,10:30,PUNO,PE-34A,290,CHOQUE,1,2,290.0,2020-06-15,PE-34A,-15.540643466071051,-70.21000693214215,True
20211222,20200615,08:10,ANCASH,PE-1N,398,CHOQUE,0,1,398.0,2020-06-15,PE-1N,-9.309742941699835,-78.4038196665283,True
20211222,20200615,05:30,PIURA,PE-1N,997,CHOQUE,0,4,997.0,2020-06-15,PE-1N,-5.181235447504872,-80.65904842702366,True
20211222,20200615,07:10,PUNO,PE-3S,1353,DESPISTE,0,0,1353.0,2020-06-15,PE-3S,-15.776646547946847,-70.03498394777884,True
20211222,20200616,16:40,TACNA,PE-38,68,DESPISTE,1,10,68.0,2020-06-16,PE-38,-17.55899523083727,-70.0302982094691,True
20211222,20200616,00:30,LIMA,PE-22,91,CHOQUE,0,3,91.0,2020-06-16,PE-22,-11.782406433929982,-76.30815189962169,True
20211222,20200616,03:40,LIMA,PE-22,107,DESPISTE,0,0,107.0,2020-06-16,PE-22,-11.705646773117046,-76.26740401394007,True
20211222,20200616,21:10,AREQUIPA,PE-34A,181,DESPISTE,0,0,181.0,2020-06-16,PE-34A,-15.766109999999912,-70.97783042100791,True
20211222,20200616,14:30,LIMA,PE-1N,182,CHOQUE,0,1,182.0,2020-06-16,PE-1N,-10.856911507689238,-77.69077024117122,True
20211222,20200616,07:15,ANCASH,PE-1N,237,DESPISTE,0,0,237.0,2020-06-16,PE-1N,-10.445919152267779,-77.9280881394662,True
20211222,20200616,05:10,SAN MARTIN,PE-5N,608,ATROPELLO,1,0,608.0,2020-06-16,PE-5N,-8.32477531071688,-76.34526481753608,True
20211222,20200617,13:30,HUANUCO,PE-18A,19,CHOQUE,1,0,19.0,2020-06-17,PE-18A,-9.843523939549494,-76.14213229329039,True
20211222,20200617,03:00,LIMA,PE-1S,84,DESPISTE,0,0,84.0,2020-06-17,PE-1S,-12.664674078988309,-76.6582442876618,True
20211222,20200617,09:00,LIMA,PE-1S,164,CHOQUE,0,1,164.0,2020-06-17,PE-1S,-13.241272615019648,-76.2876294357777,True
20211222,20200617,08:30,LIMA,PE-1N,203,DESPISTE,0,0,203.0,2020-06-17,PE-1N,-10.693887907265005,-77.78498879822675,True
20211222,20200618,04:30,LIMA,PE-1N,16,CHOQUE,0,0,16.0,2020-06-18,PE-1N,-11.990980640651676,-77.06385549826958,True
20211222,20200618,06:55,JUNIN,PE-22B,83,DESPISTE,0,0,83.0,2020-06-18,PE-22B,-11.182905354208211,-75.45633818343671,True
20211222,20200618,05:15,LIMA,PE-1S,125,DESPISTE,0,1,125.0,2020-06-18,PE-1S,-12.691485723558252,-76.64630842914163,True
20211222,20200618,14:25,LIMA,PE-1N,186,CHOQUE,0,0,186.0,2020-06-18,PE-1N,-10.842528911279159,-77.69548245175244,True
20211222,20200618,08:00,AMAZONAS,PE-5N,333,DESPISTE,0,1,333.0,2020-06-18,PE-5N,-8.833891246937664,-75.08294067319692,True
20211222,20200618,06:30,AYACUCHO,PE-3S,481,DESPISTE,0,0,481.0,2020-06-18,PE-3S,-13.381960234903323,-73.94442219420384,True
20211222,20200618,09:30,PUNO,PE-3S,1332,DESPISTE,0,2,1332.0,2020-06-18,PE-3S,-15.60084539213421,-70.09490482262753,True
20211222,20200619,N.I.,LIMA,PE-1N,78,CHOQUE,1,2,78.0,2020-06-19,PE-1N,-11.59677375920734,-77.25349743581087,True
20211222,20200619,21:40,LIMA,PE-1S,126,ESPECIAL,0,0,126.0,2020-06-19,PE-1S,-12.69908931679153,-76.64136256995023,True
20211222,20200619,10:57,APURIMAC,PE-30A,335,DESPISTE,0,0,335.0,2020-06-19,PE-30A,-14.321698095607951,-73.19177818962511,True
20211222,20200619,22:45,AREQUIPA,PE-1S,730,DESPISTE,0,0,730.0,2020-06-19,PE-1S,-16.307206390891754,-73.38782585933771,True
20211222,20200619,16:45,PIURA,PE-1NL,1059,DESPISTE,0,2,1059.0,2020-06-19,PE-1NL,,,True
20211222,20200619,03:45,MOQUEGUA,PE-1S,1143,DESPISTE,0,0,1143.0,2020-06-19,PE-1S,-17.251187720737885,-70.98721732647464,True
20211222,20200619,15:40,PUNO,PE-3S,1300,CHOQUE,1,0,1300.0,2020-06-19,PE-3S,-15.347307717438202,-70.17990620884851,True
20211222,20200619,17:40,PUNO,PE-3S,1353,ATROPELLO,0,1,1353.0,2020-06-19,PE-3S,-15.776646547946847,-70.03498394777884,True
20211222,20200620,06:00,JUNIN,PE-3S,5,DESPISTE,0,0,5.0,2020-06-20,PE-3S,-11.543649050368941,-75.88276250284709,True
20211222,20200620,N.I.,LIMA,PE-1N,10,CHOQUE,0,0,10.0,2020-06-20,PE-1N,-12.03649302662419,-77.04350242791477,True
20211222,20200620,00:00,CAJAMARCA,PE-3NB,37,DESPISTE,0,1,37.0,2020-06-20,PE-3NB,-6.751526737762929,-78.5373501132004,True
20211222,20200620,07:25,LIMA,PE-1S,108,DESPISTE,0,2,108.0,2020-06-20,PE-1S,-12.80540376186029,-76.54555704667551,True
20211222,20200620,14:37,CAJAMARCA,PE-08,170,CHOQUE,0,0,170.0,2020-06-20,PE-08,-7.216473721056227,-78.50409362612596,True
20211222,20200620,13:10,APURIMAC,PE-30A,367,DESPISTE,0,0,367.0,2020-06-20,PE-30A,-14.15316523551476,-73.31360536975626,True
20211222,20200620,13:00,AREQUIPA,PE-1S,865,CHOQUE,0,1,865.0,2020-06-20,PE-1S,-16.545411295927323,-72.54626016640586,True
20211222,20200621,22:00,PIURA,PE-1N,199,DESPISTE,0,0,199.0,2020-06-21,PE-1N,-10.72197831263506,-77.76328729525757,True
20211222,20200621,06:15,ANCASH,PE-1N,357,DESPISTE,0,0,357.0,2020-06-21,PE-1N,-9.599326990752271,-78.2579456822353,True
20211222,20200621,08:30,ANCASH,PE-1N,367,DESPISTE,0,1,367.0,2020-06-21,PE-1N,-9.51866588134371,-78.28758786841156,True
20211222,20200621,13:00,AREQUIPA,PE-1S,833,CHOQUE,0,1,833.0,2020-06-21,PE-1S,-16.60630795882485,-72.69981119192862,True
20211222,20200621,06:50,PIURA,PE-1N,987,DESPISTE,0,0,987.0,2020-06-21,PE-1N,-5.244963139464744,-80.62923953981158,True
20211222,20200622,21:30,TACNA,PE-1SD,12,CHOQUE,0,4,12.0,2020-06-22,PE-1SD,-16.66973641760522,-72.54793528958956,True
20211222,20200622,12:30,UCAYALI,PE-18C,15,DESPISTE,0,5,15.0,2020-06-22,PE-18C,-8.718091544267,-75.00655789342348,True
20211222,20200622,14:45,TACNA,PE-36,20,VOLCADURA,0,1,20.0,2020-06-22,PE-36,-17.633527474055224,-71.19420162930064,True
20211222,20200622,23:55,ANCASH,PE-16,51,DESPISTE,0,0,51.0,2020-06-22,PE-16,-10.302506859855644,-77.60270107642557,True
20211222,20200622,17:00,CAJAMARCA,PE-08,101,DESPISTE,0,1,101.0,2020-06-22,PE-08,-7.215180092985987,-78.7662890776291,True
20211222,20200622,20:45,LIMA,PE-1S,116,DESPISTE,0,0,116.0,2020-06-22,PE-1S,-12.762402122203678,-76.59937204571224,True
20211222,20200622,16:30,CUSCO,PE-3S,1103,CHOQUE,0,1,1103.0,2020-06-22,PE-3S,-14.213187304234966,-71.29769966387647,True
20211222,20200623,16:00,UCAYALI,PE-18C,24,CHOQUE,1,0,24.0,2020-06-23,PE-18C,-8.6493283723101,-74.97389277960824,True
20211222,20200623,08:20,LIMA,PE-1S,83,DESPISTE,0,0,83.0,2020-06-23,PE-1S,-12.657015005785903,-76.66304641592922,True
20211222,20200623,10:45,ICA,PE-1S,277,ESPECIAL,0,0,277.0,2020-06-23,PE-1S,-13.936397548705559,-75.84298836536622,True
20211222,20200623,22:45,ANCASH,PE-1N,293,CHOQUE,1,0,293.0,2020-06-23,PE-1N,-10.07184128512923,-78.15565461130579,True
20211222,20200623,16:45,LA LIBERTAD,PE-1N,516,CHOQUE,0,0,516.0,2020-06-23,PE-1N,-8.423588201386583,-78.78231024806428,True
20211222,20200624,22:00,CUSCO,PE-28G,38,ATROPELLO,0,2,38.0,2020-06-24,PE-28G,-13.423995182999931,-71.85140645099995,True
20211222,20200624,17:05,PIURA,PI-102,39,DESPISTE,0,1,39.0,2020-06-24,PI-102,,,True
20211222,20200624,20:15,UCAYALI,PE-18C,42,DESPISTE,0,1,42.0,2020-06-24,PE-18C,-8.541267207985626,-74.87666836077328,True
20211222,20200624,15:00,LIMA,PE-1N,44,DESPISTE,0,0,44.0,2020-06-24,PE-1N,-11.777083903231906,-77.15962972973583,True
20211222,20200624,00:30,JUNIN,PE-3S,65,DESPISTE,0,0,65.0,2020-06-24,PE-3S,-11.786354935469548,-75.55525400495185,True
20211222,20200624,18:00,JUNIN,PE-3N,137,CHOQUE,0,1,137.0,2020-06-24,PE-3N,-10.661611148591415,-76.17476146280698,True
20211222,20200624,14:20,AREQUIPA,PE-34A,178,CHOQUE,0,1,178.0,2020-06-24,PE-34A,-15.766974994482608,-71.00349798013745,True
20211222,20200624,17:40,AREQUIPA,PE-1S,608,DESPISTE,0,0,608.0,2020-06-24,PE-1S,-15.835866688819555,-74.29254396340731,True
20211222,20200625,08:20,LIMA,PE-1N,48,DESPISTE,0,3,48.0,2020-06-25,PE-1N,-11.746533717388017,-77.1427832539304,True
20211222,20200625,22:58,AMAZONAS,PE-5N,123,CHOQUE,1,4,123.0,2020-06-25,PE-5N,-10.445360616302425,-75.00780211632289,True
20211222,20200625,12:40,APURIMAC,PE-30A,198,DESPISTE,0,1,198.0,2020-06-25,PE-30A,-14.626905714713656,-73.98626298912001,True
20211222,20200625,07:00,LIMA,PE-1N,203,DESPISTE,0,0,203.0,2020-06-25,PE-1N,-10.693887907265005,-77.78498879822675,True
20211222,20200625,06:20,ANCASH,PE-1N,264,DESPISTE,0,0,264.0,2020-06-25,PE-1N,-10.290958238394552,-78.04454491368759,True
20211222,20200625,07:40,APURIMAC,PE-30A,302,CHOQUE,0,0,302.0,2020-06-25,PE-30A,-14.498017982348815,-73.26504867860491,True
20211222,20200625,19:10,TACNA,PE-1S,1303,CHOQUE,0,0,1303.0,2020-06-25,PE-1S,-18.097837172317657,-70.31189991102757,True
20211222,20200625,22:40,PIURA,N.I.,N.I.,DESPISTE,0,1,,2020-06-25,N.I.,,,True
20211222,20200626,19:00,CAJAMARCA,PE-3NB,4,ATROPELLO,1,0,4.0,2020-06-26,PE-3NB,-6.8912840940336535,-78.59742781484718,True
20211222,20200626,13:00,CAJAMARCA,PE-3N,9,DESPISTE,0,1,9.0,2020-06-26,PE-3N,-11.473131693586941,-75.95978591454887,True
20211222,20200626,06:35,LIMA,PE-1S,119,DESPISTE,0,0,119.0,2020-06-26,PE-1S,-12.781915400528911,-76.58057496406059,True
20211222,20200626,21:40,LIMA,PE-22,128,DESPISTE,0,2,128.0,2020-06-26,PE-22,-11.610939453003805,-76.20389438244929,True
20211222,20200626,07:50,LA LIBERTAD,PE-1N,639,DESPISTE,1,0,639.0,2020-06-26,PE-1N,-7.62425593060786,-79.36260330682661,True
20211222,20200627,20:00,CAJAMARCA,PE-3NB,34,DESPISTE,0,4,34.0,2020-06-27,PE-3NB,-6.773779305923417,-78.52689465163671,True
20211222,20200627,13:10,UCAYALI,PE-18C,46,DESPISTE,0,1,46.0,2020-06-27,PE-18C,-8.51364553412607,-74.85468709822379,True
20211222,20200627,02:10,UCAYALI,PE-18C,51,CHOQUE,0,1,51.0,2020-06-27,PE-18C,-8.484154963760115,-74.82033113545461,True
20211222,20200627,12:02,CAJAMARCA,PE-08A,62,DESPISTE,0,1,62.0,2020-06-27,PE-08A,-7.0651890380293265,-78.6137163851645,True
20211222,20200627,00:20,PUNO,PE-1S,N.I.,DESPISTE,0,0,,2020-06-27,PE-1S,-17.51284415899994,-71.07348098999995,True
20211222,20200628,06:55,UCAYALI,PE-18C,13,CHOQUE,0,1,13.0,2020-06-28,PE-18C,-8.73463987364588,-75.01081265608232,True
20211222,20200628,18:15,PUNO,PE-34H,54,CHOQUE,0,6,54.0,2020-06-28,PE-34H,-15.189444403520186,-69.83341048323558,True
20211222,20200628,10:10,AREQUIPA,PE-34A,83,DESPISTE,0,0,83.0,2020-06-28,PE-34A,-16.10782194849128,-71.62017877939647,True
20211222,20200628,12:00,LIMA,PE-22,110,DESPISTE,0,1,110.0,2020-06-28,PE-22,-11.685662543184964,-76.26051752939492,True
20211222,20200629,09:40,AREQUIPA,PE-1SD,10,DESPISTE,0,2,10.0,2020-06-29,PE-1SD,-16.66984859390755,-72.55862485132269,True
20211222,20200629,20:30,LIMA,PE-22,111,CHOQUE,0,3,111.0,2020-06-29,PE-22,-11.678630463904785,-76.25802822208564,True
20211222,20200629,19:15,LIMA,PE-1S,170,CHOQUE,0,1,170.0,2020-06-29,PE-1S,-13.289806247439827,-76.26407839385858,True
20211222,20200629,16:50,MOQUEGUA,PE-1SD,197,DESPISTE,0,0,197.0,2020-06-29,PE-1SD,-17.330322793139175,-71.42837883649645,True
20211222,20200629,06:25,ANCASH,PE-1N,240,DESPISTE,0,0,240.0,2020-06-29,PE-1N,-10.422093052498472,-77.926735641405,True
20211222,20200630,07:51,AREQUIPA,PE-34A,4,ATROPELLO,1,0,4.0,2020-06-30,PE-34A,-16.525228723642485,-71.74958182981892,True
20211222,20200630,22:30,TACNA,PE-1SD,15,CHOQUE,0,0,15.0,2020-06-30,PE-1SD,-16.680774374593856,-72.52720402081167,True
20211222,20200630,10:00,ICA,PE-1S,188,DESPISTE,0,2,188.0,2020-06-30,PE-1S,-13.410086716776267,-76.17097828641086,True
20211222,20200630,06:00,ANCASH,PE-1S,417,CHOQUE,0,0,417.0,2020-06-30,PE-1S,-14.685047759756676,-75.13258822090296,True
20211222,20200630,14:10,LA LIBERTAD,PE-1N,514,VOLCADURA,0,0,514.0,2020-06-30,PE-1N,-8.43433401473071,-78.76818304613947,True
20211222,20200630,05:30,LA LIBERTAD,PE-1N,678,CHOQUE,1,2,678.0,2020-06-30,PE-1N,-7.398439584256009,-79.55818670639832,True
20211222,20200630,08:20,CUSCO,PE-3S,999,CHOQUE,0,1,999.0,2020-06-30,PE-3S,-13.606093830015233,-71.75283357958989,True
20211222,20200630,18:35,PUNO,PE-3S,1284,CHOQUE,0,1,1284.0,2020-06-30,PE-3S,-15.273896679605706,-70.2945871595719,True
20211222,20200701,08:30,JUNIN,PE-22,20,DESPISTE,0,0,20.0,2020-07-01,PE-22,-11.98653150460238,-76.81141731562815,True
20211222,20200701,06:00,LIMA,PE-1S,23,CHOQUE,0,3,23.0,2020-07-01,PE-1S,-12.24236550164664,-76.94430819131811,True
20211222,20200701,17:40,ANCASH,PE-3N,75,CHOQUE,0,1,75.0,2020-07-01,PE-3N,-10.984637894357062,-76.03791402972705,True
20211222,20200701,17:00,CAJAMARCA,PE-06B,152,CHOQUE,0,0,152.0,2020-07-01,PE-06B,,,True
20211222,20200701,18:15,AMAZONAS,PE-04A,185,DESPISTE,0,0,185.0,2020-07-01,PE-04A,,,True
20211222,20200701,06:20,ANCASH,PE-1N,226,DESPISTE,0,0,226.0,2020-07-01,PE-1N,-10.535119795121814,-77.88973174390323,True
20211222,20200701,17:30,PIURA,PE-1N,252,CHOQUE,0,4,252.0,2020-07-01,PE-1N,-10.368553675775402,-78.01457666703017,True
20211222,20200701,15:45,PUNO,PE-36A,303,CHOQUE,0,1,303.0,2020-07-01,PE-36A,-16.587831799614186,-69.06874003919171,True
20211222,20200701,14:30,AYACUCHO,PE-3S,327,CHOQUE,0,1,327.0,2020-07-01,PE-3S,-12.905556800025181,-74.31268147844717,True
20211222,20200701,00:30,ANCASH,PE-1N,444,CHOQUE,0,1,444.0,2020-07-01,PE-1N,-8.983405339557397,-78.61694373888713,True
20211222,20200701,09:20,LA LIBERTAD,PE-1N,705,DESPISTE,0,0,705.0,2020-07-01,PE-1N,-7.229026436473969,-79.44659592245182,True
20211222,20200701,20:00,LAMBAYEQUE,PE-1N,793,CHOQUE,0,0,793.0,2020-07-01,PE-1N,-6.707714502068605,-79.9032337003116,True
20211222,20200702,01:30,CAJAMARCA,PE-08A,47,DESPISTE,0,1,47.0,2020-07-02,PE-08A,-7.10341007142976,-78.72157383398397,True
20211222,20200702,16:30,LIMA,PE-1N,123,DESPISTE,0,2,123.0,2020-07-02,PE-1N,-11.311270458500552,-77.48462579699292,True
20211222,20200702,19:10,MOQUEGUA,PE-1S,127,DESPISTE,0,1,127.0,2020-07-02,PE-1S,-12.706666646645361,-76.63637820672253,True
20211222,20200702,14:00,ANCASH,PE-16,154,DESPISTE,0,2,154.0,2020-07-02,PE-16,,,True
20211222,20200702,05:00,AREQUIPA,PE-1S,167,CHOQUE,2,2,167.0,2020-07-02,PE-1S,-13.26702246927754,-76.2786918275097,True
20211222,20200702,04:35,ICA,PE-1S,182,CHOQUE,0,3,182.0,2020-07-02,PE-1S,-13.381252163361523,-76.205281378762,True
20211222,20200702,09:20,ANCASH,PE-1N,275,DESPISTE,0,0,275.0,2020-07-02,PE-1N,-10.197055700807145,-78.05411288437452,True
20211222,20200702,09:30,MOQUEGUA,PE-1S,1279,DESPISTE,1,1,1279.0,2020-07-02,PE-1S,-17.94356539692887,-70.31940930463864,True
20211222,20200703,02:00,UCAYALI,PE-18C,108,DESPISTE,0,0,108.0,2020-07-03,PE-18C,-8.485000971764396,-74.52314596240872,True
20211222,20200703,21:30,LAMBAYEQUE,PE-1N,119,ESPECIAL,0,1,119.0,2020-07-03,PE-1N,-11.34068519664422,-77.46334435318555,True
20211222,20200703,02:20,LIMA,PE-22,122,DESPISTE,1,2,122.0,2020-07-03,PE-22,-11.632791050796587,-76.2289488976377,True
20211222,20200703,16:40,AYACUCHO,PE-3S,130,DESPISTE,0,0,130.0,2020-07-03,PE-3S,-12.114077500497872,-75.21636782678466,True
20211222,20200703,19:15,AMAZONAS,PE-04A,234,CHOQUE,0,1,234.0,2020-07-03,PE-04A,,,True
20211222,20200703,03:45,ANCASH,PE-3N,693,DESPISTE,0,0,693.0,2020-07-03,PE-3N,-8.7852722888058,-77.88451794504527,True
20211222,20200704,21:45,JUNIN,PE-22,70,DESPISTE,0,1,70.0,2020-07-04,PE-22,-11.875756205625285,-76.43000257756621,True
20211222,20200704,17:38,AYACUCHO,PE-28B,79,CHOQUE,0,2,79.0,2020-07-04,PE-28B,-12.88958335998594,-74.01001972779939,True
20211222,20200704,16:40,CAJAMARCA,PE-08,110,DESPISTE,1,1,110.0,2020-07-04,PE-08,-7.2382607755901,-78.69587356338602,True
20211222,20200704,07:00,LIMA,PE-1N,110,CHOQUE,0,3,110.0,2020-07-04,PE-1N,-11.397146142919942,-77.41000444179028,True
20211222,20200704,22:30,ICA,PE-30A,144,CHOQUE,0,2,144.0,2020-07-04,PE-30A,-14.668536521706597,-74.17526798998242,True
20211222,20200704,19:00,LA LIBERTAD,PE-1N,596,DESPISTE,1,0,596.0,2020-07-04,PE-1N,-7.904258817879088,-79.1182341532006,True
20211222,20200705,23:45,AMAZONAS,PE-5N,9,CHOQUE,0,1,9.0,2020-07-05,PE-5N,-10.898695445643856,-75.28054864764296,True
20211222,20200705,21:00,APURIMAC,PE-04A,12,CHOQUE,0,4,12.0,2020-07-05,PE-04A,-5.981257152179203,-80.43943299689609,True
20211222,20200705,02:30,LIMA,PE-1N,147,DESPISTE,0,1,147.0,2020-07-05,PE-1N,-11.129011170801359,-77.59467110718857,True
20211222,20200705,10:30,APURIMAC,PE-30A,254,DESPISTE,3,2,254.0,2020-07-05,PE-30A,-14.601193349263104,-73.58469604185419,True
20211222,20200705,00:30,AREQUIPA,PE-1S,592,DESPISTE,0,1,592.0,2020-07-05,PE-1S,-15.811605457722292,-74.3863831847418,True
20211222,20200706,19:40,PIURA,PE-02A,1,CHOQUE,0,2,1.0,2020-07-06,PE-02A,-5.24271530665885,-80.10410674951117,True
20211222,20200706,14:30,LORETO,LO-103,3,ATROPELLO,0,1,3.0,2020-07-06,LO-103,,,True
20211222,20200706,18:45,PIURA,PE-1N,102,DESPISTE,0,0,102.0,2020-07-06,PE-1N,-11.426377640704915,-77.36621020783554,True
20211222,20200706,06:40,LIMA,PE-1S,108,CHOQUE,1,3,108.0,2020-07-06,PE-1S,-12.80540376186029,-76.54555704667551,True
20211222,20200706,05:30,LIMA,PE-1S,163,CHOQUE,0,1,163.0,2020-07-06,PE-1S,-13.233801094868728,-76.29284599213716,True
20211222,20200706,15:00,PIURA,PE-1N,260,DESPISTE,0,2,260.0,2020-07-06,PE-1N,-10.317140152929413,-78.0499788224023,True
20211222,20200706,19:30,LA LIBERTAD,PE-1N,558,ATROPELLO,1,0,558.0,2020-07-06,PE-1N,-8.146449281369977,-79.01219155079941,True
20211222,20200706,21:00,PUNO,PE-3S,1219,CHOQUE,1,1,1219.0,2020-07-06,PE-3S,-14.864292822725776,-70.62077542034824,True
20211222,20200706,16:30,CAJAMARCA,PE-3N,1378,DESPISTE,1,1,1378.0,2020-07-06,PE-3N,-6.728644832566175,-78.58005184708696,True
20211222,20200706,19:20,PUNO,PE-1S,1467,CHOQUE,0,0,1467.0,2020-07-06,PE-1S,,,True
20211222,20200707,23:30,ANCASH,PE-16,12,CHOQUE,0,1,12.0,2020-07-07,PE-16,-10.571631722411453,-77.7576274656211,True
20211222,20200707,10:30,ANCASH,PE-1N,34,DESPISTE,0,0,34.0,2020-07-07,PE-1N,-11.844958355753205,-77.09912151097649,True
20211222,20200707,N.I.,LIMA,PE-1N,74,CHOQUE,0,0,74.0,2020-07-07,PE-1N,-11.61032449534697,-77.223165537099,True
20211222,20200707,09:30,HUANUCO,PE-18A,103,DESPISTE,0,1,103.0,2020-07-07,PE-18A,-9.458375909817637,-75.97089606437433,True
20211222,20200707,18:20,AYACUCHO,PE-22,129,CHOQUE,0,0,129.0,2020-07-07,PE-22,-11.609960132545957,-76.20242925515117,True
20211222,20200707,17:15,LIMA,PE-1N,142,DESPISTE,0,2,142.0,2020-07-07,PE-1N,-11.170927286473498,-77.58470976653497,True
20211222,20200707,10:50,AREQUIPA,PE-34A,179,DESPISTE,0,1,179.0,2020-07-07,PE-34A,-15.764218560835296,-70.99473497219276,True
20211222,20200707,08:10,HUANUCO,PE-5N,452,CHOQUE,0,0,452.0,2020-07-07,PE-5N,-9.173043065442531,-75.79346393714873,True
20211222,20200707,20:00,LAMBAYEQUE,PE-1N,727,CHOQUE,1,0,727.0,2020-07-07,PE-1N,-7.087068490137629,-79.53373368526661,True
20211222,20200707,05:00,CUSCO,PE-3S,1142,DESPISTE,0,0,1142.0,2020-07-07,PE-3S,-14.45020267508696,-71.07707567213667,True
20211222,20200707,10:50,MOQUEGUA,PE-1S,1219,CHOQUE,0,0,1219.0,2020-07-07,PE-1S,-17.721135230224967,-70.80740756246851,True
20211222,20200708,13:15,LAMBAYEQUE,PE-1N,13,CHOQUE,1,0,13.0,2020-07-08,PE-1N,-12.018419213960994,-77.05957169542499,True
20211222,20200708,17:40,PIURA,PE-1N,48,DESPISTE,0,0,48.0,2020-07-08,PE-1N,-11.746533717388017,-77.1427832539304,True
20211222,20200708,18:19,HUANUCO,PE-18A,50,DESPISTE,0,1,50.0,2020-07-08,PE-18A,-9.703497429080056,-76.08785883365138,True
20211222,20200708,19:00,AYACUCHO,PE-30A,101,DESPISTE,0,1,101.0,2020-07-08,PE-30A,-14.649773147310151,-74.3104944949935,True
20211222,20200708,20:20,ICA,PE-30A,101,DESPISTE,0,1,101.0,2020-07-08,PE-30A,-14.649773147310151,-74.3104944949935,True
20211222,20200708,19:50,ANCASH,PE-1N,329,DESPISTE,0,1,329.0,2020-07-08,PE-1N,-9.797058060093178,-78.19260652509591,True
20211222,20200708,13:00,ANCASH,PE-1N,399,DESPISTE,0,0,399.0,2020-07-08,PE-1N,-9.30252999562906,-78.4091081848515,True
20211222,20200708,12:26,MADRE DE DIOS,PE-30C,403,DESPISTE,0,0,403.0,2020-07-08,PE-30C,-12.67648712487141,-69.36720415570552,True
20211222,20200708,21:50,ANCASH,PE-3N,571,CHOQUE,0,1,571.0,2020-07-08,PE-3N,-9.595240892638133,-77.51375418400615,True
20211222,20200708,17:50,AREQUIPA,PE-1S,728,DESPISTE,0,0,728.0,2020-07-08,PE-1S,-16.298904672283527,-73.40348991437578,True
20211222,20200708,15:15,LAMBAYEQUE,PE-1N,842,CHOQUE,1,0,842.0,2020-07-08,PE-1N,-6.389240124777205,-80.19079861019229,True
20211222,20200709,20:30,PIURA,PE-1N,31,CHOQUE,1,0,31.0,2020-07-09,PE-1N,-11.861546457167028,-77.07838696282741,True
20211222,20200709,11:55,CAJAMARCA,PE-08B,45,ATROPELLO,0,1,45.0,2020-07-09,PE-08B,-7.061731878739455,-78.29948696076289,True
20211222,20200709,12:29,AREQUIPA,PE-34A,55,CHOQUE,0,0,55.0,2020-07-09,PE-34A,-16.288481548111918,-71.65614537657326,True
20211222,20200709,23:00,LIMA,PE-1N,136,ATROPELLO,1,0,136.0,2020-07-09,PE-1N,-11.215702536904496,-77.5537908523111,True
20211222,20200709,16:30,MADRE DE DIOS,PE-30C,324,CHOQUE,0,0,324.0,2020-07-09,PE-30C,-12.89176091055515,-69.99921662303102,True
20211222,20200709,08:20,LA LIBERTAD,PE-1N,518,CHOQUE,0,0,518.0,2020-07-09,PE-1N,-8.413170543522254,-78.79639097254264,True
20211222,20200709,20:20,LA LIBERTAD,PE-1N,525,ATROPELLO,1,0,525.0,2020-07-09,PE-1N,-8.387643432708623,-78.8518739929663,True
20211222,20200709,18:40,APURIMAC,PE-3S,645,ATROPELLO,1,0,645.0,2020-07-09,PE-3S,-13.656974776589493,-73.28973754861366,True
20211222,20200709,03:45,AREQUIPA,PE-1S,732,CHOQUE,0,0,732.0,2020-07-09,PE-1S,-16.309003239033622,-73.37065149644458,True
20211222,20200709,07:35,TUMBES,PE-1N,1298,CHOQUE,0,2,1298.0,2020-07-09,PE-1N,-3.509999052862203,-80.29257911181347,True
20211222,20200710,19:00,PUNO,PE-36B,12,DESPISTE,0,0,12.0,2020-07-10,PE-36B,-16.788864271872114,-70.475756982353,True
20211222,20200710,14:05,LIMA,PE-1NA,16,DESPISTE,0,0,16.0,2020-07-10,PE-1NA,-11.660116702360725,-77.20311612153633,True
20211222,20200710,07:00,LIMA,PE-1S,142,CHOQUE,1,7,142.0,2020-07-10,PE-1S,-13.10467346984372,-76.41897314818537,True
20211222,20200710,05:30,CUSCO,PE-28B,243,DESPISTE,0,1,243.0,2020-07-10,PE-28B,-12.803168961078685,-73.46697934027328,True
20211222,20200710,10:00,PUNO,PE-30A,290,DESPISTE,0,2,290.0,2020-07-10,PE-30A,-14.539545991483395,-73.33845988308026,True
20211222,20200710,18:00,ANCASH,PE-16,654,DESPISTE,0,2,654.0,2020-07-10,PE-16,,,True
20211222,20200710,09:30,SAN MARTIN,PE-04A,750,CHOQUE,0,1,750.0,2020-07-10,PE-04A,,,True
20211222,20200710,04:00,AREQUIPA,PE-1S,830,CHOQUE,1,3,830.0,2020-07-10,PE-1S,-16.586629535226994,-72.71498466675526,True
20211222,20200711,06:10,PIURA,PE-02D,0,CHOQUE,0,2,0.0,2020-07-11,PE-02D,,,True
20211222,20200711,05:30,LIMA,PE-1NA,16,DESPISTE,0,0,16.0,2020-07-11,PE-1NA,-11.660116702360725,-77.20311612153633,True
20211222,20200711,02:30,TACNA,PE-36A,31,DESPISTE,0,0,31.0,2020-07-11,PE-36A,-17.08684956757674,-70.84538000788503,True
20211222,20200711,05:40,LIMA,PE-1S,35,DESPISTE,0,1,35.0,2020-07-11,PE-1S,-12.299405737812553,-76.85066469192753,True
20211222,20200711,19:15,TACNA,PE-1SD,47,CHOQUE,0,0,47.0,2020-07-11,PE-1SD,-16.77889191557427,-72.32221915485025,True
20211222,20200711,14:35,JUNIN,PE-3N,56,CHOQUE,1,3,56.0,2020-07-11,PE-3N,-11.133794755497352,-75.99175209312435,True
20211222,20200711,06:10,CUSCO,PE-3SG,69,ESPECIAL,1,0,69.0,2020-07-11,PE-3SG,-14.34071503908777,-72.11368196191901,True
20211222,20200711,15:45,LIMA,PE-1S,82,DESPISTE,0,2,82.0,2020-07-11,PE-1S,-12.648450965572692,-76.66600317561304,True
20211222,20200711,07:30,ANCASH,AN-100,86,DESPISTE,0,0,86.0,2020-07-11,AN-100,,,True
20211222,20200711,22:40,UCAYALI,PE-04A,178,CHOQUE,1,0,178.0,2020-07-11,PE-04A,,,True
20211222,20200711,18:45,ICA,PE-1S,182,CHOQUE,0,2,182.0,2020-07-11,PE-1S,-13.381252163361523,-76.205281378762,True
20211222,20200711,17:30,ANCASH,PE-1N,240,DESPISTE,0,1,240.0,2020-07-11,PE-1N,-10.422093052498472,-77.926735641405,True
20211222,20200711,08:30,ANCASH,PE-1N,338,DESPISTE,0,0,338.0,2020-07-11,PE-1N,-9.751606454705291,-78.24623180646212,True
20211222,20200711,13:40,APURIMAC,PE-30A,384,DESPISTE,0,1,384.0,2020-07-11,PE-30A,-14.035263095167458,-73.2219639812284,True
20211222,20200711,09:45,AREQUIPA,PE-1S,1025,CHOQUE,0,1,1025.0,2020-07-11,PE-1S,-16.983679962997417,-71.77069935928948,True
20211222,20200711,07:15,LA LIBERTAD,PE-3N,1052,DESPISTE,0,0,1052.0,2020-07-11,PE-3N,-7.98913720488199,-78.28394038760284,True
20211222,20200712,13:00,AREQUIPA,AR-109,6,CHOQUE,0,0,6.0,2020-07-12,AR-109,,,True
20211222,20200712,11:08,LIMA,PE-1N,19,DESPISTE,0,0,19.0,2020-07-12,PE-1N,-11.964563914140376,-77.06800792204004,True
20211222,20200712,10:30,LIMA,PE-22,29,CHOQUE,0,3,29.0,2020-07-12,PE-22,-11.967022009184616,-76.74510503291192,True
20211222,20200712,14:10,CUSCO,PE-28B,105,DESPISTE,1,3,105.0,2020-07-12,PE-28B,-12.783013792103601,-73.99955558799991,True
20211222,20200712,17:30,LIMA,PE-16,137,DESPISTE,0,4,137.0,2020-07-12,PE-16,,,True
20211222,20200712,12:30,AREQUIPA,PE-34A,179,DESPISTE,0,3,179.0,2020-07-12,PE-34A,-15.764218560835296,-70.99473497219276,True
20211222,20200712,05:15,AYACUCHO,PE-28A,442,DESPISTE,0,0,442.0,2020-07-12,PE-28A,,,True
20211222,20200713,08:20,CAJAMARCA,PE-06B,3,DESPISTE,0,1,3.0,2020-07-13,PE-06B,-6.612087203432271,-79.23049447416419,True
20211222,20200713,23:05,LAMBAYEQUE,PE-1NJ,42,CHOQUE,0,0,42.0,2020-07-13,PE-1NJ,-6.344389190946189,-79.77009993963635,True
20211222,20200713,22:50,LIMA,PE-1N,110,DESPISTE,0,0,110.0,2020-07-13,PE-1N,-11.397146142919942,-77.41000444179028,True
20211222,20200713,18:30,SAN MARTIN,PE-04A,587,DESPISTE,0,2,587.0,2020-07-13,PE-04A,,,True
20211222,20200714,11:55,LIMA,PE-16,8,DESPISTE,0,2,8.0,2020-07-14,PE-16,-10.604505288536334,-77.7707102725333,True
20211222,20200714,18:10,LIMA,PE-16,55,DESPISTE,0,1,55.0,2020-07-14,PE-16,-10.273877675104295,-77.58347229365656,True
20211222,20200714,11:55,LIMA,PE-1N,102,DESPISTE,0,0,102.0,2020-07-14,PE-1N,-11.426377640704915,-77.36621020783554,True
20211222,20200714,18:00,LIMA,PE-1N,107,VOLCADURA,1,1,107.0,2020-07-14,PE-1N,-11.399589968224177,-77.39165743088752,True
20211222,20200714,19:40,LIMA,PE-1N,164,CHOQUE,0,0,164.0,2020-07-14,PE-1N,-10.995330002559234,-77.62881923742222,True
20211222,20200714,06:30,ANCASH,PE-1N,248,ESPECIAL,0,0,248.0,2020-07-14,PE-1N,-10.393462210921191,-77.98831968083464,True
20211222,20200714,05:40,LA LIBERTAD,PE-1N,519,CHOQUE,1,1,519.0,2020-07-14,PE-1N,-8.410974218331942,-78.80522603988757,True
20211222,20200715,17:40,JUNIN,PE-24,0,CHOQUE,0,2,0.0,2020-07-15,PE-24,-13.031860782999956,-76.47259432599992,True
20211222,20200715,00:50,AREQUIPA,PE-34A,122,CHOQUE,1,1,122.0,2020-07-15,PE-34A,-16.05432313808616,-71.3415513808625,True
20211222,20200715,17:50,PUNO,PE-34B,176,CHOQUE,0,1,176.0,2020-07-15,PE-34B,-14.09504323237258,-70.38347731945967,True
20211222,20200715,22:30,PUNO,PE-34A,260,DESPISTE,0,3,260.0,2020-07-15,PE-34A,-15.679393092063325,-70.43266763174628,True
20211222,20200715,13:15,LIMA,PE-1N,332,DESPISTE,0,1,332.0,2020-07-15,PE-1N,-9.788215205160663,-78.21629983734397,True
20211222,20200715,14:15,MADRE DE DIOS,PE-30C,498,DESPISTE,0,2,498.0,2020-07-15,PE-30C,-12.023907790741562,-69.13454070853614,True
20211222,20200716,17:45,HUANCAVELICA,PE-3SD,28,DESPISTE,0,1,28.0,2020-07-16,PE-3SD,-12.370042572240845,-74.92029631852407,True
20211222,20200716,07:30,LIMA,PE-1N,63,CHOQUE,0,0,63.0,2020-07-16,PE-1N,-11.660382751403565,-77.19309849631924,True
20211222,20200716,19:45,LIMA,PE-22,87,DESPISTE,0,0,87.0,2020-07-16,PE-22,-11.78573755939325,-76.33445596411033,True
20211222,20200716,09:20,LIMA,PE-1S,89,CHOQUE,0,0,89.0,2020-07-16,PE-1S,-12.862251577292358,-76.51091817246795,True
20211222,20200716,10:00,AREQUIPA,PE-34A,124,DESPISTE,0,0,124.0,2020-07-16,PE-34A,-16.0460542491689,-71.325716288481,True
20211222,20200716,10:40,ICA,PE-1S,184,DESPISTE,0,0,184.0,2020-07-16,PE-1S,-13.397333355183989,-76.19679180371396,True
20211222,20200716,07:20,LIMA,PE-1N,214,DESPISTE,0,0,214.0,2020-07-16,PE-1N,-10.634856971999191,-77.85753313557,True
20211222,20200716,17:40,MADRE DE DIOS,PE-30C,283,CHOQUE,0,2,283.0,2020-07-16,PE-30C,-12.943682287969603,-70.30265255626298,True
20211222,20200716,15:40,APURIMAC,PE-30A,383,DESPISTE,0,0,383.0,2020-07-16,PE-30A,-14.039622399635876,-73.22972342094018,True
20211222,20200716,15:30,SAN MARTIN,PE-04A,402,CHOQUE,0,0,402.0,2020-07-16,PE-04A,,,True
20211222,20200716,07:50,LA LIBERTAD,PE-1N,495,CHOQUE,0,3,495.0,2020-07-16,PE-1N,-8.563685912403729,-78.67385073448474,True
20211222,20200716,19:00,PIURA,PE-1N,1015,DESPISTE,0,0,1015.0,2020-07-16,PE-1N,-5.0446946711132945,-80.70200802772854,True
20211222,20200717,12:30,AYACUCHO,AY-100,4,DESPISTE,0,3,4.0,2020-07-17,AY-100,,,True
20211222,20200717,16:45,LA LIBERTAD,PE-10A,54,CHOQUE,0,1,54.0,2020-07-17,PE-10A,-7.994305602776171,-78.67305897509107,True
20211222,20200717,05:50,LIMA,PE-1N,83,DESPISTE,0,0,83.0,2020-07-17,PE-1N,-11.555918348742413,-77.26964221100262,True
20211222,20200717,06:20,ICA,PE-1S,283,CHOQUE,0,0,283.0,2020-07-17,PE-1S,-13.954064295140578,-75.79204991262891,True
20211222,20200717,06:00,ICA,PE-1S,284,CHOQUE,0,2,284.0,2020-07-17,PE-1S,-13.959673353771619,-75.78481848813614,True
20211222,20200717,07:30,MADRE DE DIOS,PE-30C,412,DESPISTE,0,0,412.0,2020-07-17,PE-30C,-12.648049598266255,-69.28700596106407,True
20211222,20200717,14:50,PIURA,PE-1N,954,DESPISTE,0,0,954.0,2020-07-17,PE-1N,-5.533021583737219,-80.58861797246813,True
20211222,20200717,19:50,CUSCO,PE-3S,999,CHOQUE,0,2,999.0,2020-07-17,PE-3S,-13.606093830015233,-71.75283357958989,True
20211222,20200718,13:50,LIMA,PE-1N,103,DESPISTE,0,0,103.0,2020-07-18,PE-1N,-11.418707756071143,-77.37091265285507,True
20211222,20200718,19:50,JUNIN,PE-22,161,DESPISTE,0,0,161.0,2020-07-18,PE-22,-11.614820939246561,-75.98319017965146,True
20211222,20200718,16:00,CUSCO,PE-28B,205,DESPISTE,0,0,205.0,2020-07-18,PE-28B,-12.741803360227257,-73.64370344438846,True
20211222,20200718,17:00,LIMA,PE-1N,230,N.I.,0,0,230.0,2020-07-18,PE-1N,-10.503393189508651,-77.90663997696203,True
20211222,20200718,09:30,ANCASH,PE-1N,280,DESPISTE,0,1,280.0,2020-07-18,PE-1N,-10.16560663087489,-78.08690120118263,True
20211222,20200718,03:30,MADRE DE DIOS,PE-30C,326,DESPISTE,0,1,326.0,2020-07-18,PE-30C,-12.89654540999993,-69.9855554687292,True
20211222,20200718,17:30,AREQUIPA,PE-1S,1040,CHOQUE,0,0,1040.0,2020-07-18,PE-1S,-17.030336733195576,-71.69309277924192,True
20211222,20200719,23:00,LORETO,LO-103,33,ATROPELLO,0,0,33.0,2020-07-19,LO-103,,,True
20211222,20200719,18:20,LIMA,PE-1S,34,DESPISTE,0,2,34.0,2020-07-19,PE-1S,-12.295573558164342,-76.85896771526333,True
20211222,20200719,10:20,LIMA,PE-1N,64,DESPISTE,0,0,64.0,2020-07-19,PE-1N,-11.654955855429053,-77.19964217875955,True
20211222,20200719,20:00,LIMA,PE-1S,119,CHOQUE,0,2,119.0,2020-07-19,PE-1S,-12.781915400528911,-76.58057496406059,True
20211222,20200719,12:50,LIMA,PE-1S,135,CHOQUE,0,2,135.0,2020-07-19,PE-1S,-13.05669968665426,-76.46048075215074,True
20211222,20200719,23:10,LA LIBERTAD,PE-1N,592,ATROPELLO,0,0,592.0,2020-07-19,PE-1N,-7.934715917902779,-79.0997646586829,True
20211222,20200719,14:30,TACNA,PE-1S,N.I.,ATROPELLO,0,0,,2020-07-19,PE-1S,-17.51284415899994,-71.07348098999995,True
20211222,20200720,17:00,LIMA,PE-1S,42,DESPISTE,0,0,42.0,2020-07-20,PE-1S,-12.346898641804312,-76.8100491539498,True
20211222,20200720,22:40,LIMA,PE-1S,139,ESPECIAL,0,0,139.0,2020-07-20,PE-1S,-13.084073050921857,-76.43692930570488,True
20211222,20200720,11:10,LIMA,PE-1N,155,DESPISTE,0,0,155.0,2020-07-20,PE-1N,-11.060319941286282,-77.58911940957199,True
20211222,20200720,04:30,LIMA,PE-30A,254,DESPISTE,0,0,254.0,2020-07-20,PE-30A,-14.601193349263104,-73.58469604185419,True
20211222,20200720,21:30,PIURA,PE-1N,265,N.I.,0,3,265.0,2020-07-20,PE-1N,-10.282352968978495,-78.0416012452965,True
20211222,20200720,04:50,ANCASH,PE-1N,390,CHOQUE,0,0,390.0,2020-07-20,PE-1N,-9.375715132406869,-78.38624065024713,True
20211222,20200720,20:10,ICA,PE-1S,465,CHOQUE,0,1,465.0,2020-07-20,PE-1S,-14.986317322199636,-74.9948998116627,True
20211222,20200720,15:30,PUNO,PE-34A,800,CHOQUE,1,4,800.0,2020-07-20,PE-34A,,,True
20211222,20200720,18:55,AREQUIPA,PE-1S,849,CHOQUE,0,0,849.0,2020-07-20,PE-1S,-16.619493247234395,-72.6313684942212,True
20211222,20200720,16:50,CUSCO,PE-3S,1092,CHOQUE,0,0,1092.0,2020-07-20,PE-3S,-14.166954802613724,-71.38253476687356,True
20211222,20200720,19:20,PUNO,PE-3S,1202,DESPISTE,1,0,1202.0,2020-07-20,PE-3S,-14.76834830333569,-70.72995723632282,True
20211222,20200721,15:30,CAJAMARCA,PE-08B,9,CHOQUE,0,0,9.0,2020-07-21,PE-08B,-7.149913595254636,-78.44577337289577,True
20211222,20200721,06:50,LIMA,PE-1N,119,CHOQUE,1,1,119.0,2020-07-21,PE-1N,-11.34068519664422,-77.46334435318555,True
20211222,20200721,10:20,JUNIN,PE-22,132,CHOQUE,0,1,132.0,2020-07-21,PE-22,-11.599434301998855,-76.19350382354745,True
20211222,20200721,01:15,ANCASH,PE-1N,398,DESPISTE,0,0,398.0,2020-07-21,PE-1N,-9.309742941699835,-78.4038196665283,True
20211222,20200721,19:00,SAN MARTIN,PE-04A,810,CHOQUE,0,2,810.0,2020-07-21,PE-04A,,,True
20211222,20200721,08:35,AREQUIPA,PE-1S,861,DESPISTE,0,1,861.0,2020-07-21,PE-1S,-16.54410049302803,-72.58353975782344,True
20211222,20200721,11:45,AREQUIPA,PE-1S,988,ATROPELLO,1,0,988.0,2020-07-21,PE-1S,-16.692018099290703,-71.87064469727024,True
20211222,20200721,00:30,PUNO,PE-3S,1304,DESPISTE,0,0,1304.0,2020-07-21,PE-3S,-15.381549577339594,-70.16211220805314,True
20211222,20200722,06:20,TACNA,PE-1SD,2,CHOQUE,0,0,2.0,2020-07-22,PE-1SD,-16.662851014374912,-72.61016478422322,True
20211222,20200722,13:40,JUNIN,PE-5S,30,DESPISTE,0,0,30.0,2020-07-22,PE-5S,-10.88505765078642,-75.09488411706774,True
20211222,20200722,02:00,LIMA,PE-22,120,CHOQUE,0,0,120.0,2020-07-22,PE-22,-11.629337782609793,-76.23416358937914,True
20211222,20200722,08:00,PUNO,PE-34A,199,DESPISTE,0,0,199.0,2020-07-22,PE-34A,-15.723571463869666,-70.84036045354668,True
20211222,20200722,14:15,MADRE DE DIOS,PE-30C,277,CHOQUE,0,1,277.0,2020-07-22,PE-30C,-12.968182422223883,-70.33422608070923,True
20211222,20200722,19:00,PUNO,PE-34A,292,DESPISTE,0,0,292.0,2020-07-22,PE-34A,-15.532514492500525,-70.19415286187595,True
20211222,20200722,18:30,MADRE DE DIOS,PE-30C,334,ATROPELLO,0,2,334.0,2020-07-22,PE-30C,-12.9104624536537,-69.91966059329113,True
20211222,20200722,10:30,AREQUIPA,PE-1S,603,DESPISTE,0,2,603.0,2020-07-22,PE-1S,-15.814402711349496,-74.31709692140151,True
20211222,20200722,10:20,AREQUIPA,PE-1S,764,VOLCADURA,0,2,764.0,2020-07-22,PE-1S,-16.418220579599183,-73.15815558386481,True
20211222,20200723,03:10,AREQUIPA,PE-34E,6,DESPISTE,0,0,6.0,2020-07-23,PE-34E,-16.011356837617658,-71.40121051787919,True
20211222,20200723,17:25,JUNIN,PE-3N,11,DESPISTE,0,0,11.0,2020-07-23,PE-3N,-11.457718254078598,-75.9535502486343,True
20211222,20200723,15:10,CAJAMARCA,PE-06B,33,CHOQUE,0,0,33.0,2020-07-23,PE-06B,-6.6749142515022015,-79.03186433342877,True
20211222,20200723,00:15,UCAYALI,PE-18C,40,DESPISTE,0,0,40.0,2020-07-23,PE-18C,-8.55535286883535,-74.88813185313542,True
20211222,20200723,20:00,TACNA,PE-1SD,56,CHOQUE,0,0,56.0,2020-07-23,PE-1SD,-16.80879717566453,-72.27116025695616,True
20211222,20200723,15:30,AREQUIPA,PE-34E,69,DESPISTE,0,0,69.0,2020-07-23,PE-34E,-15.542019894195988,-71.40604503986596,True
20211222,20200723,20:00,LAMBAYEQUE,PE-1NJ,82,DESPISTE,0,0,82.0,2020-07-23,PE-1NJ,-6.026228944769749,-79.68169901741572,True
20211222,20200723,16:20,JUNIN,PE-3N,86,CHOQUE,0,2,86.0,2020-07-23,PE-3N,-10.900594187288547,-76.0737382947785,True
20211222,20200723,04:10,TACNA,PE-1SD,100,ESPECIAL,0,0,100.0,2020-07-23,PE-1SD,-17.00345729946155,-72.04986613108855,True
20211222,20200723,19:50,JUNIN,PE-22,133,DESPISTE,1,2,133.0,2020-07-23,PE-22,-11.592798704452209,-76.19205574645032,True
20211222,20200723,09:40,PUNO,PE-34A,241,DESPISTE,0,0,241.0,2020-07-23,PE-34A,-15.688123573318162,-70.58116609315945,True
20211222,20200723,21:30,PUNO,PE-30A,280,DESPISTE,0,0,280.0,2020-07-23,PE-30A,-14.572181984044473,-73.41333114995187,True
20211222,20200723,19:30,ICA,PE-1S,325,CHOQUE,0,2,325.0,2020-07-23,PE-1S,-14.298145813625748,-75.67852334086302,True
20211222,20200723,08:50,ANCASH,PE-1N,345,DESPISTE,0,1,345.0,2020-07-23,PE-1N,-9.700923495690866,-78.27877617707549,True
20211222,20200723,03:50,ICA,PE-1S,456,CHOQUE,3,1,456.0,2020-07-23,PE-1S,-14.909092243389866,-74.98519499802576,True
20211222,20200723,15:00,AREQUIPA,PE-1S,499,CHOQUE,0,2,499.0,2020-07-23,PE-1S,-15.272313439324607,-74.92562986304445,True
20211222,20200723,06:30,APURIMAC,PE-3S,779,DESPISTE,0,2,779.0,2020-07-23,PE-3S,-13.634183031125787,-72.88365471217094,True
20211222,20200723,11:10,CUSCO,PE-3S,1026,DESPISTE,1,0,1026.0,2020-07-23,PE-3S,-13.69104729911723,-71.59573463845395,True
20211222,20200723,18:00,PUNO,PE-1S,1472,DESPISTE,0,0,1472.0,2020-07-23,PE-1S,,,True
20211222,20200724,19:45,JUNIN,PE-22,2,DESPISTE,0,3,2.0,2020-07-24,PE-22,-12.028211929232812,-76.97451407144781,True
20211222,20200724,14:00,LIMA,LM-108,5,N.I.,0,1,5.0,2020-07-24,LM-108,,,True
20211222,20200724,19:30,LAMBAYEQUE,PE-04A,20,DESPISTE,1,0,20.0,2020-07-24,PE-04A,-6.0123556390871915,-80.39430387284092,True
20211222,20200724,16:40,PIURA,PE-1N,53,DESPISTE,0,0,53.0,2020-07-24,PE-1N,-11.729776355606665,-77.15238199050455,True
20211222,20200724,20:55,LIMA,PE-1N,85,CHOQUE,0,2,85.0,2020-07-24,PE-1N,-11.542148320798743,-77.28069405572357,True
20211222,20200724,20:40,CAJAMARCA,PE-08B,129,DESPISTE,0,2,129.0,2020-07-24,PE-08B,-6.889067107400542,-78.09028869802664,True
20211222,20200724,19:00,CUSCO,PE-28B,202,DESPISTE,0,1,202.0,2020-07-24,PE-28B,-12.729396132774488,-73.65447626031832,True
20211222,20200724,21:30,PIURA,PE-1NJ,251,CHOQUE,0,2,251.0,2020-07-24,PE-1NJ,-5.154347528503969,-80.48694757265773,True
20211222,20200724,05:30,LA LIBERTAD,PE-1N,466,ESPECIAL,0,0,466.0,2020-07-24,PE-1N,-8.795482179705695,-78.64400412397825,True
20211222,20200724,07:24,AREQUIPA,PE-1S,860,DESPISTE,1,0,860.0,2020-07-24,PE-1S,-16.545892162153308,-72.59250543612465,True
20211222,20200724,13:30,AREQUIPA,PE-1S,863,DESPISTE,0,0,863.0,2020-07-24,PE-1S,-16.5449020350311,-72.56488914570333,True
20211222,20200724,21:30,PIURA,PE-1N,1121,DESPISTE,0,3,1121.0,2020-07-24,PE-1N,-4.450694588725148,-81.17964199677597,True
20211222,20200724,19:30,TACNA,PE-1S,1259,CHOQUE,2,0,1259.0,2020-07-24,PE-1S,-17.859555439481674,-70.48539129041009,True
20211222,20200724,12:15,AMAZONAS,PE-04A,N.I.,DESPISTE,1,4,,2020-07-24,PE-04A,-5.93147350299995,-80.5326138929999,True
20211222,20200725,21:00,JUNIN,PE-22,60,CHOQUE,0,0,60.0,2020-07-25,PE-22,-11.897486623435295,-76.50174954295629,True
20211222,20200725,12:00,LIMA,PE-1N,65,CHOQUE,0,4,65.0,2020-07-25,PE-1N,-11.646589513709811,-77.20281127593022,True
20211222,20200725,13:20,LIMA,PE-1N,85,CHOQUE,1,3,85.0,2020-07-25,PE-1N,-11.542148320798743,-77.28069405572357,True
20211222,20200725,19:00,PUNO,PE-30A,303,CHOQUE,0,0,303.0,2020-07-25,PE-30A,-14.506392215270461,-73.26568024770013,True
20211222,20200725,13:50,AREQUIPA,PE-1S,495,DESPISTE,0,0,495.0,2020-07-25,PE-1S,-15.23909278774163,-74.93972618378851,True
20211222,20200725,23:00,SAN MARTIN,PE-5N,645,DESPISTE,0,0,645.0,2020-07-25,PE-5N,-8.18958314888838,-76.57139146849407,True
20211222,20200725,01:20,AREQUIPA,PE-1S,724,DESPISTE,0,1,724.0,2020-07-25,PE-1S,-16.28673547362288,-73.4370829347178,True
20211222,20200725,11:30,APURIMAC,PE-3S,769,CHOQUE,0,1,769.0,2020-07-25,PE-3S,-13.657056724859611,-72.92471206331227,True
20211222,20200725,07:30,AREQUIPA,PE-1S,862,DESPISTE,0,1,862.0,2020-07-25,PE-1S,-16.5445018702583,-72.57421449140094,True
20211222,20200725,06:15,CUSCO,PE-3S,902,DESPISTE,0,0,902.0,2020-07-25,PE-3S,-13.457449530388907,-72.40773949615772,True
20211222,20200725,20:30,AREQUIPA,PE-1S,970,ATROPELLO,0,0,970.0,2020-07-25,PE-1S,-16.548495653249017,-71.81282738249458,True
20211222,20200726,13:20,LIMA,PE-20A,28,CHOQUE,1,0,28.0,2020-07-26,PE-20A,-11.76215549176843,-76.97445551362878,True
20211222,20200726,05:00,HUANUCO,PE-18A,29,DESPISTE,0,6,29.0,2020-07-26,PE-18A,-9.817623243676072,-76.06537838732808,True
20211222,20200726,03:30,PIURA,PE-1N,65,DESPISTE,0,1,65.0,2020-07-26,PE-1N,-11.646589513709811,-77.20281127593022,True
20211222,20200726,03:30,ICA,PE-30A,79,DESPISTE,1,1,79.0,2020-07-26,PE-30A,-14.684017031337254,-74.49067513779086,True
20211222,20200726,17:00,LA LIBERTAD,LI-122,86,DESPISTE,11,2,86.0,2020-07-26,LI-122,,,True
20211222,20200726,02:55,LAMBAYEQUE,PE-1NJ,102,DESPISTE,1,2,102.0,2020-07-26,PE-1NJ,-5.898858883214077,-79.77965992100803,True
20211222,20200726,20:20,JUNIN,PE-22,159,DESPISTE,0,0,159.0,2020-07-26,PE-22,-11.625606069656627,-75.9946767364654,True
20211222,20200726,03:40,LIMA,PE-1S,163,DESPISTE,0,2,163.0,2020-07-26,PE-1S,-13.233801094868728,-76.29284599213716,True
20211222,20200726,06:00,ANCASH,PE-1N,245,CHOQUE,0,1,245.0,2020-07-26,PE-1N,-10.40882664870698,-77.96622084416097,True
20211222,20200726,20:18,ICA,PE-1S,451,DESPISTE,0,0,451.0,2020-07-26,PE-1S,-14.870837959740731,-74.98757764919407,True
20211222,20200726,14:30,PIURA,PE-1NL,1037,CHOQUE,0,1,1037.0,2020-07-26,PE-1NL,,,True
20211222,20200726,19:30,PIURA,PE-1N,1114,DESPISTE,0,2,1114.0,2020-07-26,PE-1N,-4.4900784634833,-81.22080952668647,True
20211222,20200726,21:00,PIURA,PE-1N,1118,DESPISTE,0,2,1118.0,2020-07-26,PE-1N,-4.465480539669059,-81.19822677375866,True
20211222,20200727,17:20,LORETO,LO-103,5,DESPISTE,0,1,5.0,2020-07-27,LO-103,,,True
20211222,20200727,22:30,LORETO,LO-103,9,CHOQUE,0,2,9.0,2020-07-27,LO-103,,,True
20211222,20200727,18:30,LORETO,LO-103,32,CHOQUE,0,1,32.0,2020-07-27,LO-103,,,True
20211222,20200727,10:30,CAJAMARCA,PE-08B,50,CHOQUE,0,2,50.0,2020-07-27,PE-08B,-7.049245172454573,-78.27254762286003,True
20211222,20200727,06:50,LIMA,PE-1S,82,DESPISTE,1,0,82.0,2020-07-27,PE-1S,-12.648450965572692,-76.66600317561304,True
20211222,20200727,19:15,AREQUIPA,PE-34A,84,DESPISTE,0,3,84.0,2020-07-27,PE-34A,-16.105249999999955,-71.6176720544646,True
20211222,20200727,07:45,JUNIN,PE-3S,89,DESPISTE,0,1,89.0,2020-07-27,PE-3S,-11.827035675803392,-75.406205093045,True
20211222,20200727,21:30,JUNIN,PE-22,168,CHOQUE,0,1,168.0,2020-07-27,PE-22,-11.565171285988212,-75.95502959435024,True
20211222,20200727,19:00,PIURA,PE-1NJ,187,CHOQUE,0,0,187.0,2020-07-27,PE-1NJ,-5.28183680642508,-80.09649622036419,True
20211222,20200727,06:50,PUNO,PE-34A,237,CHOQUE,0,2,237.0,2020-07-27,PE-34A,-15.688723271821132,-70.60980158270388,True
20211222,20200727,17:30,PUNO,PE-34A,247,CHOQUE,0,3,247.0,2020-07-27,PE-34A,-15.690495139385762,-70.5354602563036,True
20211222,20200727,10:30,AYACUCHO,PE-3S,365,DESPISTE,0,0,365.0,2020-07-27,PE-3S,-13.0562857280474,-74.23313593464931,True
20211222,20200727,22:00,APURIMAC,PE-30A,366,DESPISTE,0,1,366.0,2020-07-27,PE-30A,-14.15774225173919,-73.31935515215369,True
20211222,20200727,12:50,APURIMAC,PE-30A,384,CHOQUE,1,3,384.0,2020-07-27,PE-30A,-14.035263095167458,-73.2219639812284,True
20211222,20200727,15:00,LA LIBERTAD,PE-1N,555,ESPECIAL,0,2,555.0,2020-07-27,PE-1N,-8.169897430823339,-79.0035445625836,True
20211222,20200727,21:00,LA LIBERTAD,PE-1N,669,CHOQUE,1,1,669.0,2020-07-27,PE-1N,-7.4263587601484335,-79.49818622508351,True
20211222,20200727,22:30,PIURA,PE-1NL,1055,CHOQUE,0,2,1055.0,2020-07-27,PE-1NL,,,True
20211222,20200728,04:00,LORETO,LO-103,10,CHOQUE,0,2,10.0,2020-07-28,LO-103,,,True
20211222,20200728,18:40,JUNIN,PE-3S,29,DESPISTE,0,0,29.0,2020-07-28,PE-3S,-11.682692500326345,-75.77468691580232,True
20211222,20200728,10:20,MOQUEGUA,PE-36A,45,DESPISTE,0,0,45.0,2020-07-28,PE-36A,-17.05453849583215,-70.84579054437282,True
20211222,20200728,06:10,JUNIN,PE-3S,56,DESPISTE,0,0,56.0,2020-07-28,PE-3S,-11.817344434049984,-75.61565164504763,True
20211222,20200728,05:30,JUNIN,PE-22,138,CHOQUE,0,0,138.0,2020-07-28,PE-22,-11.601619508043797,-76.14842591009425,True
20211222,20200728,19:45,SAN MARTIN,PE-04A,368,CHOQUE,0,0,368.0,2020-07-28,PE-04A,,,True
20211222,20200728,14:15,LAMBAYEQUE,PE-1N,841,CHOQUE,1,2,841.0,2020-07-28,PE-1N,-6.396553278383269,-80.1854717951603,True
20211222,20200729,16:30,TACNA,PE-1SD,15,DESPISTE,0,2,15.0,2020-07-29,PE-1SD,-16.680774374593856,-72.52720402081167,True
20211222,20200729,09:36,AYACUCHO,PE-30A,77,DESPISTE,0,2,77.0,2020-07-29,PE-30A,-14.68903183040496,-74.50775005818713,True
20211222,20200729,04:40,LAMBAYEQUE,PE-06A,100,DESPISTE,0,2,100.0,2020-07-29,PE-06A,-6.513519598491003,-79.18230543065309,True
20211222,20200729,05:30,JUNIN,PE-22,159,DESPISTE,0,1,159.0,2020-07-29,PE-22,-11.625606069656627,-75.9946767364654,True
20211222,20200729,15:50,LAMBAYEQUE,PE-06A,168,CHOQUE,0,2,168.0,2020-07-29,PE-06A,-6.456095862756542,-78.94335758471954,True
20211222,20200729,00:50,AMAZONAS,PE-04A,333,DESPISTE,0,2,333.0,2020-07-29,PE-04A,,,True
20211222,20200729,07:10,ICA,PE-1S,349,CHOQUE,0,1,349.0,2020-07-29,PE-1S,-14.426755298408972,-75.51563175547892,True
20211222,20200729,18:30,SAN MARTIN,PE-04A,364,CHOQUE,0,1,364.0,2020-07-29,PE-04A,,,True
20211222,20200729,22:30,ANCASH,PE-1N,421,DESPISTE,0,1,421.0,2020-07-29,PE-1N,-9.041702809677355,-78.61010460164503,True
20211222,20200729,06:15,CUSCO,PE-3S,1005,DESPISTE,0,0,1005.0,2020-07-29,PE-3S,-13.620994579633846,-71.70705249301751,True
20211222,20200730,16:40,JUNIN,PE-22,40,CHOQUE,0,0,40.0,2020-07-30,PE-22,-11.922662421178064,-76.66276017330814,True
20211222,20200730,18:30,CUSCO,CU-117,43,DESPISTE,0,0,43.0,2020-07-30,CU-117,,,True
20211222,20200730,14:00,AMAZONAS,AM-108,44,CHOQUE,0,0,44.0,2020-07-30,AM-108,,,True
20211222,20200730,15:50,TACNA,PE-1SD,54,DESPISTE,0,2,54.0,2020-07-30,PE-1SD,-16.80574482146502,-72.27850324465251,True
20211222,20200730,19:30,AREQUIPA,PE-34A,84,DESPISTE,0,1,84.0,2020-07-30,PE-34A,-16.105249999999955,-71.6176720544646,True
20211222,20200730,23:15,AREQUIPA,PE-1SE,89,DESPISTE,0,0,89.0,2020-07-30,PE-1SE,,,True
20211222,20200730,04:15,LIMA,PE-22,94,CHOQUE,0,0,94.0,2020-07-30,PE-22,-11.770567838886798,-76.30616328310128,True
20211222,20200730,20:00,LIMA,PE-22,106,CHOQUE,0,1,106.0,2020-07-30,PE-22,-11.712000808493459,-76.27030779792135,True
20211222,20200730,17:15,JUNIN,PE-22,138,CHOQUE,0,2,138.0,2020-07-30,PE-22,-11.601619508043797,-76.14842591009425,True
20211222,20200730,03:40,JUNIN,PE-22,140,CHOQUE,0,0,140.0,2020-07-30,PE-22,-11.595306142308281,-76.13552622196099,True
20211222,20200730,11:50,ANCASH,PE-16,176,DESPISTE,0,0,176.0,2020-07-30,PE-16,,,True
20211222,20200730,19:20,JUNIN,PE-24,264,CHOQUE,0,0,264.0,2020-07-30,PE-24,-12.024962906915459,-75.43399071488412,True
20211222,20200730,21:30,AMAZONAS,PE-04A,342,DESPISTE,0,0,342.0,2020-07-30,PE-04A,,,True
20211222,20200730,07:30,ANCASH,PE-1N,410,DESPISTE,0,1,410.0,2020-07-30,PE-1N,-9.216694727756282,-78.45008801060736,True
20211222,20200730,21:15,ANCASH,PE-1N,423,ESPECIAL,0,5,423.0,2020-07-30,PE-1N,-9.025129595377892,-78.61593234649202,True
20211222,20200730,10:00,LAMBAYEQUE,PE-1N,876,DESPISTE,0,2,876.0,2020-07-30,PE-1N,-6.202661715100363,-80.42573570203628,True
20211222,20200731,17:20,LORETO,LO-103,6,DESPISTE,0,2,6.0,2020-07-31,LO-103,,,True
20211222,20200731,14:00,LAMBAYEQUE,PE-04A,14,DESPISTE,0,0,14.0,2020-07-31,PE-04A,-5.9895788355762685,-80.4238093985255,True
20211222,20200731,22:30,JUNIN,PE-3S,83,DESPISTE,0,3,83.0,2020-07-31,PE-3S,-11.796344157214895,-75.4503697785321,True
20211222,20200731,09:00,LIMA,PE-1S,130,DESPISTE,0,1,130.0,2020-07-31,PE-1S,-12.725606217442646,-76.61720902850591,True
20211222,20200731,07:00,PUNO,PE-34A,188,DESPISTE,0,0,188.0,2020-07-31,PE-34A,-15.763740886074997,-70.92711481012965,True
20211222,20200731,04:35,LA LIBERTAD,PE-1N,702,DESPISTE,0,1,702.0,2020-07-31,PE-1N,-7.245963299347794,-79.46770965455104,True
20211222,20200731,15:30,CUSCO,PE-3S,1090,DESPISTE,0,1,1090.0,2020-07-31,PE-3S,-14.15150894812034,-71.39220692460368,True
20211222,20200731,03:14,TACNA,PE-1S,1185,ATROPELLO,1,0,1185.0,2020-07-31,PE-1S,-17.571136191476064,-71.0340369372884,True
20211222,20200801,08:30,PUNO,PE-34I,3,DESPISTE,0,1,3.0,2020-08-01,PE-34I,-15.222177370623129,-69.80428119397193,True
20211222,20200801,21:30,PIURA,PI-102,55,CHOQUE,0,1,55.0,2020-08-01,PI-102,,,True
20211222,20200801,15:00,LIMA,PE-22,90,DESPISTE,0,1,90.0,2020-08-01,PE-22,-11.789286275534476,-76.3124965117426,True
20211222,20200801,02:45,LIMA,PE-22,101,CHOQUE,0,1,101.0,2020-08-01,PE-22,-11.731220896376545,-76.26787178022856,True
20211222,20200801,03:30,LAMBAYEQUE,PE-06A,139,DESPISTE,0,0,139.0,2020-08-01,PE-06A,-6.519542023206151,-79.06520191164705,True
20211222,20200801,12:50,PUNO,PE-1S,1404,DESPISTE,1,1,1404.0,2020-08-01,PE-1S,,,True
20211222,20200802,10:10,CAJAMARCA,PE-06B,7,ATROPELLO,0,1,7.0,2020-08-02,PE-06B,-6.622337082893417,-79.19998403366135,True
20211222,20200802,20:00,APURIMAC,PE-30A,306,DESPISTE,0,3,306.0,2020-08-02,PE-30A,-14.502291063413425,-73.25993180201417,True
20211222,20200803,14:00,LORETO,LO-103,8,CHOQUE,0,3,8.0,2020-08-03,LO-103,,,True
20211222,20200803,15:30,CUSCO,PE-28F,52,VOLCADURA,0,3,52.0,2020-08-03,PE-28F,,,True
20211222,20200803,07:00,LIMA,PE-1N,63,DESPISTE,0,0,63.0,2020-08-03,PE-1N,-11.660382751403565,-77.19309849631924,True
20211222,20200803,22:00,JUNIN,PE-3S,73,DESPISTE,0,0,73.0,2020-08-03,PE-3S,-11.821985425523053,-75.50537376348963,True
20211222,20200803,16:50,JUNIN,PE-5S,78,CHOQUE,0,0,78.0,2020-08-03,PE-5S,-11.017606037425463,-74.7517984778365,True
20211222,20200803,15:30,PUNO,PE-1S,1372,DESPISTE,0,3,1372.0,2020-08-03,PE-1S,,,True
20211222,20200804,15:00,LORETO,LO-103,9,CHOQUE,0,0,9.0,2020-08-04,LO-103,,,True
20211222,20200804,08:50,LIMA,PE-1S,109,ESPECIAL,0,0,109.0,2020-08-04,PE-1S,-12.813171004970423,-76.54127391864445,True
20211222,20200804,08:10,LIMA,PE-22,111,CHOQUE,0,0,111.0,2020-08-04,PE-22,-11.678630463904785,-76.25802822208564,True
20211222,20200804,16:30,ANCASH,PE-3N,115,DESPISTE,0,0,115.0,2020-08-04,PE-3N,-10.739998452184475,-76.25884670660761,True
20211222,20200804,21:00,JUNIN,PE-22,152,DESPISTE,0,1,152.0,2020-08-04,PE-22,-11.601612405995992,-76.0485109417629,True
20211222,20200804,N.I.,LIMA,PE-1S,155,DESPISTE,0,0,155.0,2020-08-04,PE-1S,-13.193479213372864,-76.3488135306637,True
20211222,20200804,15:10,JUNIN,PE-22,157,CHOQUE,0,1,157.0,2020-08-04,PE-22,-11.618388096631845,-76.01034650830329,True
20211222,20200804,15:30,AMAZONAS,PE-04A,268,DESPISTE,0,1,268.0,2020-08-04,PE-04A,,,True
20211222,20200804,23:40,ANCASH,PE-1N,360,CHOQUE,0,2,360.0,2020-08-04,PE-1N,-9.573098887943583,-78.25612079222711,True
20211222,20200804,06:50,LA LIBERTAD,PE-1S,513,CHOQUE,0,0,513.0,2020-08-04,PE-1S,-15.392161225859297,-74.88720457802829,True
20211222,20200804,11:50,AREQUIPA,PE-1S,660,DESPISTE,0,4,660.0,2020-08-04,PE-1S,-16.072283505847412,-73.94992388633115,True
20211222,20200804,05:00,AREQUIPA,PE-1S,722,DESPISTE,0,4,722.0,2020-08-04,PE-1S,-16.280093096827844,-73.45386006803628,True
20211222,20200805,12:49,PIURA,PE-1N,5,CHOQUE,0,2,5.0,2020-08-05,PE-1N,-12.030899527517434,-77.00296103022148,True
20211222,20200805,10:45,JUNIN,PE-3N,15,DESPISTE,0,0,15.0,2020-08-05,PE-3N,-11.430433706385607,-75.93105274231849,True
20211222,20200805,19:40,LIMA,PE-20A,33,CHOQUE,1,0,33.0,2020-08-05,PE-20A,-11.725811160827355,-76.96341766980659,True
20211222,20200805,18:30,SAN MARTIN,PE-04A,374,CHOQUE,0,0,374.0,2020-08-05,PE-04A,,,True
20211222,20200805,09:30,PUNO,PE-1S,1386,CHOQUE,1,1,1386.0,2020-08-05,PE-1S,,,True
20211222,20200806,21:30,PIURA,PE-1N,2,DESPISTE,0,1,2.0,2020-08-06,PE-1N,-12.044407203043999,-76.98421153625327,True
20211222,20200806,10:00,PUNO,PE-36B,20,DESPISTE,0,2,20.0,2020-08-06,PE-36B,-16.729664575484602,-70.45318956649889,True
20211222,20200806,12:00,AYACUCHO,PE-3S,138,DESPISTE,0,0,138.0,2020-08-06,PE-3S,-12.17684644466409,-75.20200111497503,True
20211222,20200806,11:40,CAJAMARCA,PE-08,165,VOLCADURA,0,1,165.0,2020-08-06,PE-08,-7.237644864714603,-78.47276914180834,True
20211222,20200806,21:00,LIMA,PE-1N,195,CHOQUE,0,2,195.0,2020-08-06,PE-1N,-10.809318459769994,-77.70090883878109,True
20211222,20200806,04:45,ANCASH,PE-1N,247,CHOQUE,0,0,247.0,2020-08-06,PE-1N,-10.399434406647748,-77.98151947870417,True
20211222,20200806,15:05,ICA,PE-1S,296,CHOQUE,0,0,296.0,2020-08-06,PE-1S,-14.05933037128069,-75.7423070279359,True
20211222,20200806,00:12,MADRE DE DIOS,PE-30C,325,DESPISTE,0,1,325.0,2020-08-06,PE-30C,-12.890182446651396,-69.99081926954916,True
20211222,20200806,18:56,ICA,PE-1S,331,CHOQUE,0,1,331.0,2020-08-06,PE-1S,-14.343781627394188,-75.65228696457535,True
20211222,20200806,07:30,ICA,PE-1S,421,CHOQUE,0,0,421.0,2020-08-06,PE-1S,-14.703011054538122,-75.10455193005733,True
20211222,20200807,09:00,AREQUIPA,PE-1SD,22,CHOQUE,0,2,22.0,2020-08-07,PE-1SD,-16.69132452303814,-72.46938959611114,True
20211222,20200807,15:00,JUNIN,PE-22B,93,DESPISTE,0,0,93.0,2020-08-07,PE-22B,-11.13542130855056,-75.38524020379762,True
20211222,20200807,09:00,LIMA,PE-1N,107,DESPISTE,0,0,107.0,2020-08-07,PE-1N,-11.399589968224177,-77.39165743088752,True
20211222,20200807,04:30,LIMA,PE-1N,107,DESPISTE,0,0,107.0,2020-08-07,PE-1N,-11.399589968224177,-77.39165743088752,True
20211222,20200807,01:15,PUNO,PE-36A,235,CHOQUE,0,2,235.0,2020-08-07,PE-36A,-16.696731325572713,-69.55954554717614,True
20211222,20200807,06:45,ANCASH,PE-1N,268,CHOQUE,0,0,268.0,2020-08-07,PE-1N,-10.256075993265856,-78.03602870935146,True
20211222,20200807,09:00,LA LIBERTAD,PE-1N,707,ESPECIAL,0,0,707.0,2020-08-07,PE-1N,-7.218527975471189,-79.43199184497128,True
20211222,20200807,N.I.,LA LIBERTAD,PE-1N,707,ESPECIAL,0,0,707.0,2020-08-07,PE-1N,-7.218527975471189,-79.43199184497128,True
20211222,20200807,06:30,LA LIBERTAD,PE-1N,724,CHOQUE,0,10,724.0,2020-08-07,PE-1N,-7.102203368084264,-79.51062327009735,True
20211222,20200808,20:00,LORETO,LO-103,3,CHOQUE,0,2,3.0,2020-08-08,LO-103,,,True
20211222,20200808,N.I.,LIMA,PE-1N,83,ESPECIAL,0,0,83.0,2020-08-08,PE-1N,-11.555918348742413,-77.26964221100262,True
20211222,20200808,03:55,PIURA,PE-1N,118,DESPISTE,0,2,118.0,2020-08-08,PE-1N,-11.348044746547197,-77.458025100668,True
20211222,20200808,18:30,LIMA,PE-22,125,CHOQUE,0,1,125.0,2020-08-08,PE-22,-11.614614791244527,-76.21136387393304,True
20211222,20200808,19:40,LIMA,PE-1N,129,ATROPELLO,1,0,129.0,2020-08-08,PE-1N,-11.267150367908592,-77.5165467780469,True
20211222,20200808,16:10,JUNIN,PE-22,142,DESPISTE,0,2,142.0,2020-08-08,PE-22,-11.60270508930999,-76.12294873914567,True
20211222,20200808,05:00,LIMA,PE-1N,143,DESPISTE,0,2,143.0,2020-08-08,PE-1N,-11.163256154276384,-77.58955539196691,True
20211222,20200808,14:00,LIMA,PE-1N,169,CHOQUE,0,1,169.0,2020-08-08,PE-1N,-10.958343688855178,-77.6465415857082,True
20211222,20200808,11:50,AMAZONAS,PE-04A,221,CHOQUE,0,2,221.0,2020-08-08,PE-04A,,,True
20211222,20200808,07:02,PIURA,PE-1NJ,244,CHOQUE,0,3,244.0,2020-08-08,PE-1NJ,-5.145591233362937,-80.42557214516683,True
20211222,20200808,03:52,LA LIBERTAD,PE-1N,523,CHOQUE,1,0,523.0,2020-08-08,PE-1N,-8.401236897384731,-78.83996567247563,True
20211222,20200808,14:45,SAN MARTIN,PE-04A,551,DESPISTE,0,0,551.0,2020-08-08,PE-04A,,,True
20211222,20200808,16:40,AREQUIPA,PE-1S,641,DESPISTE,0,0,641.0,2020-08-08,PE-1S,-15.950020647790875,-74.05740098549306,True
20211222,20200809,06:00,LORETO,LO-103,1,CHOQUE,0,1,1.0,2020-08-09,LO-103,,,True
20211222,20200809,08:50,ANCASH,AN-110,4,DESPISTE,0,0,4.0,2020-08-09,AN-110,,,True
20211222,20200809,06:30,ANCASH,AN-111,54,VOLCADURA,0,0,54.0,2020-08-09,AN-111,,,True
20211222,20200809,08:30,AREQUIPA,PE-34A,65,ESPECIAL,0,0,65.0,2020-08-09,PE-34A,-16.229206251236423,-71.66265712462898,True
20211222,20200809,17:50,LIMA,PE-1S,117,DESPISTE,0,6,117.0,2020-08-09,PE-1S,-12.769361428999463,-76.59351243043692,True
20211222,20200809,06:00,AREQUIPA,PE-34A,122,DESPISTE,0,0,122.0,2020-08-09,PE-34A,-16.05432313808616,-71.3415513808625,True
20211222,20200809,14:29,ICA,PE-1S,397,DESPISTE,0,0,397.0,2020-08-09,PE-1S,-14.54606271777463,-75.1872474195538,True
20211222,20200809,08:50,ANCASH,PE-3N,527,CHOQUE,0,2,527.0,2020-08-09,PE-3N,-9.958878902688188,-77.37055353507013,True
20211222,20200809,09:30,ICA,PE-1S,589,DESPISTE,0,1,589.0,2020-08-09,PE-1S,-15.796929033083178,-74.40752603382953,True
20211222,20200809,11:15,LA LIBERTAD,PE-1N,806,CHOQUE,0,2,806.0,2020-08-09,PE-1N,-6.616425768698154,-79.96352091122431,True
20211222,20200809,23:08,PIURA,PE-1N,1027,CHOQUE,1,0,1027.0,2020-08-09,PE-1N,-4.936443739090644,-80.69652618274172,True
20211222,20200810,22:40,JUNIN,PE-3N,10,DESPISTE,0,0,10.0,2020-08-10,PE-3N,-11.464105266583998,-75.95954387610044,True
20211222,20200810,08:30,LIMA,PE-1S,28,DESPISTE,0,4,28.0,2020-08-10,PE-1S,-12.266400334700116,-76.90546819335519,True
20211222,20200810,07:00,LIMA,PE-1S,59,DESPISTE,0,3,59.0,2020-08-10,PE-1S,-12.47686383468592,-76.74833994640858,True
20211222,20200810,07:10,LIMA,PE-1N,95,DESPISTE,0,1,95.0,2020-08-10,PE-1N,-11.46026391511033,-77.31512294925516,True
20211222,20200810,06:10,LIMA,PE-1S,149,DESPISTE,0,0,149.0,2020-08-10,PE-1S,-13.152438439240983,-76.38029930762555,True
20211222,20200810,22:30,JUNIN,PE-22,163,CHOQUE,0,1,163.0,2020-08-10,PE-22,-11.604167622617199,-75.96978343198595,True
20211222,20200810,07:50,PUNO,PE-34A,243,DESPISTE,0,0,243.0,2020-08-10,PE-34A,-15.683655749235632,-70.56487730886944,True
20211222,20200810,19:10,ANCASH,PE-1N,368,CHOQUE,0,2,368.0,2020-08-10,PE-1N,-9.510379868494407,-78.28451699456396,True
20211222,20200810,06:00,ANCASH,PE-1N,422,CHOQUE,0,0,422.0,2020-08-10,PE-1N,-9.033799444882886,-78.61414432914387,True
20211222,20200810,05:55,SAN MARTIN,PE-04A,555,CHOQUE,0,1,555.0,2020-08-10,PE-04A,,,True
20211222,20200810,01:30,PIURA,PE-1N,953,CHOQUE,0,1,953.0,2020-08-10,PE-1N,-5.541765060505296,-80.58628425624791,True
20211222,20200811,16:40,UCAYALI,PE-04A,17,ATROPELLO,0,2,17.0,2020-08-11,PE-04A,-5.994481376268165,-80.3977331921678,True
20211222,20200811,14:30,UCAYALI,PE-04A,50,CHOQUE,0,0,50.0,2020-08-11,PE-04A,-5.96648184256971,-80.03353384934344,True
20211222,20200811,11:40,PIURA,PE-1N,54,DESPISTE,0,2,54.0,2020-08-11,PE-1N,-11.730646156662386,-77.16112901016535,True
20211222,20200811,17:45,LAMBAYEQUE,PE-1N,80,DESPISTE,0,0,80.0,2020-08-11,PE-1N,-11.580768556486749,-77.26134269665921,True
20211222,20200811,02:30,LIMA,PE-22,81,DESPISTE,0,0,81.0,2020-08-11,PE-22,-11.816446982929918,-76.35813220106184,True
20211222,20200811,23:40,CUSCO,PE-28B,128,DESPISTE,0,1,128.0,2020-08-11,PE-28B,-12.728959547139345,-73.94522883146382,True
20211222,20200811,18:20,LIMA,PE-1N,237,DESPISTE,0,0,237.0,2020-08-11,PE-1N,-10.445919152267779,-77.9280881394662,True
20211222,20200811,00:40,PUNO,PE-36A,302,DESPISTE,0,0,302.0,2020-08-11,PE-36A,-16.593679005954648,-69.07493505928643,True
20211222,20200811,19:00,MADRE DE DIOS,PE-30C,378,CHOQUE,1,0,378.0,2020-08-11,PE-30C,-12.767741093810614,-69.57575734180593,True
20211222,20200811,10:30,CUSCO,PE-3S,1038,DESPISTE,0,0,1038.0,2020-08-11,PE-3S,-13.783712871932648,-71.56852916868856,True
20211222,20200812,04:40,LIMA,PE-22,11,DESPISTE,0,3,11.0,2020-08-12,PE-22,-12.017935916881575,-76.89768241207477,True
20211222,20200812,19:00,LIMA,PE-20,14,ATROPELLO,1,0,14.0,2020-08-12,PE-20,-12.04656931261237,-77.13225287814927,True
20211222,20200812,20:50,LIMA,PE-1S,123,CHOQUE,0,0,123.0,2020-08-12,PE-1S,-12.801470918356378,-76.55009076843702,True
20211222,20200812,14:50,JUNIN,PE-22,152,DESPISTE,0,3,152.0,2020-08-12,PE-22,-11.601612405995992,-76.0485109417629,True
20211222,20200812,16:00,TUMBES,PE-1N,268,DESPISTE,0,2,268.0,2020-08-12,PE-1N,-10.256075993265856,-78.03602870935146,True
20211222,20200812,00:45,ANCASH,PE-1N,272,CHOQUE,0,1,272.0,2020-08-12,PE-1N,-10.220854392514068,-78.04221714449535,True
20211222,20200812,23:30,AMAZONAS,PE-08B,306,ATROPELLO,1,0,306.0,2020-08-12,PE-08B,-6.271512540443655,-77.94005584699994,True
20211222,20200812,17:30,APURIMAC,PE-30A,383,DESPISTE,0,0,383.0,2020-08-12,PE-30A,-14.039622399635876,-73.22972342094018,True
20211222,20200812,08:00,AREQUIPA,PE-1S,885,CHOQUE,0,3,885.0,2020-08-12,PE-1S,-16.47896496966988,-72.37714666966143,True
20211222,20200812,08:15,PIURA,PE-1N,1024,CHOQUE,0,1,1024.0,2020-08-12,PE-1N,-4.963417971697813,-80.6977491490609,True
20211222,20200812,13:00,CUSCO,PE-3S,1088,CHOQUE,0,1,1088.0,2020-08-12,PE-3S,-14.138058604323964,-71.40403534307588,True
20211222,20200813,10:00,LIMA,PE-22,7,DESPISTE,0,1,7.0,2020-08-13,PE-22,-12.021322252589233,-76.93025393984398,True
20211222,20200813,23:50,CAJAMARCA,PE-08A,25,DESPISTE,0,2,25.0,2020-08-13,PE-08A,-7.118083397142443,-78.83492829064193,True
20211222,20200813,06:30,JUNIN,PE-3S,35,CHOQUE,0,0,35.0,2020-08-13,PE-3S,-11.721065936832435,-75.75209701880435,True
20211222,20200813,03:00,AREQUIPA,PE-1SE,89,DESPISTE,0,4,89.0,2020-08-13,PE-1SE,,,True
20211222,20200813,02:07,CAJAMARCA,PE-08,167,DESPISTE,0,0,167.0,2020-08-13,PE-08,-7.232182856563961,-78.48728493790028,True
20211222,20200813,07:30,HUANCAVELICA,PE-18C,180,CHOQUE,0,1,180.0,2020-08-13,PE-18C,-8.410263405681965,-73.92513008510105,True
20211222,20200813,12:30,PUNO,PE-36A,193,DESPISTE,0,0,193.0,2020-08-13,PE-36A,-16.7622351735442,-69.89134090325975,True
20211222,20200813,09:00,ANCASH,PE-1N,287,DESPISTE,0,0,287.0,2020-08-13,PE-1N,-10.11942413504733,-78.12951313843973,True
20211222,20200813,21:50,AREQUIPA,PE-1S,506,DESPISTE,0,0,506.0,2020-08-13,PE-1S,-15.331050581939369,-74.90141117491662,True
20211222,20200813,20:55,LA LIBERTAD,PE-1N,634,CHOQUE,0,1,634.0,2020-08-13,PE-1N,-7.6598313151987565,-79.3359434906743,True
20211222,20200814,10:30,PIURA,PE-1NN,15,CHOQUE,0,1,15.0,2020-08-14,PE-1NN,-4.794523206427435,-80.61299036231567,True
20211222,20200814,10:30,LIMA,PE-1NA,21,CHOQUE,0,0,21.0,2020-08-14,PE-1NA,-11.624001123794214,-77.21835871541374,True
20211222,20200814,16:45,LORETO,LO-103,33,CHOQUE,1,0,33.0,2020-08-14,LO-103,,,True
20211222,20200814,14:50,LIMA,PE-1S,85,DESPISTE,0,0,85.0,2020-08-14,PE-1S,-12.671948159155681,-76.65281196833061,True
20211222,20200814,23:30,LIMA,PE-1SJ,145,ATROPELLO,0,1,145.0,2020-08-14,PE-1SJ,,,True
20211222,20200814,19:40,LIMA,PE-1S,150,CHOQUE,0,1,150.0,2020-08-14,PE-1S,-13.158271560783827,-76.3734213840647,True
20211222,20200814,18:50,ICA,PE-1S,253,CHOQUE,6,7,253.0,2020-08-14,PE-1S,-13.904851490877757,-76.05890644811093,True
20211222,20200814,05:20,ANCASH,PE-1N,307,DESPISTE,0,1,307.0,2020-08-14,PE-1N,-9.959643693728834,-78.20845034004546,True
20211222,20200814,16:00,LAMBAYEQUE,PE-1N,755,DESPISTE,0,1,755.0,2020-08-14,PE-1N,-6.936081057595697,-79.72772429975228,True
20211222,20200815,14:10,LORETO,LO-103,16,DESPISTE,0,2,16.0,2020-08-15,LO-103,,,True
20211222,20200815,09:20,UCAYALI,PE-04A,44,DESPISTE,0,1,44.0,2020-08-15,PE-04A,-5.955548716923264,-80.08663830818243,True
20211222,20200815,15:30,CAJAMARCA,PE-08,130,DESPISTE,0,2,130.0,2020-08-15,PE-08,-7.289638918562264,-78.55319577655344,True
20211222,20200815,05:50,LIMA,PE-1N,132,ESPECIAL,0,0,132.0,2020-08-15,PE-1N,-11.245099798886065,-77.53250641097651,True
20211222,20200815,06:00,LIMA,PE-1N,132,CHOQUE,0,1,132.0,2020-08-15,PE-1N,-11.245099798886065,-77.53250641097651,True
20211222,20200815,07:03,AMAZONAS,PE-3N,132,CHOQUE,1,0,132.0,2020-08-15,PE-3N,-10.6978087995846,-76.18942182414017,True
20211222,20200815,09:30,LIMA,PE-1N,139,CHOQUE,0,0,139.0,2020-08-15,PE-1N,-11.193648643891859,-77.56974581718664,True
20211222,20200815,13:00,PUNO,PE-34B,335,DESPISTE,0,1,335.0,2020-08-15,PE-34B,-13.267891608542557,-70.32462893119518,True
20211222,20200815,08:20,SAN MARTIN,PE-04A,418,DESPISTE,0,0,418.0,2020-08-15,PE-04A,,,True
20211222,20200816,21:30,JUNIN,PE-22,74,DESPISTE,0,1,74.0,2020-08-16,PE-22,-11.85424193529425,-76.40503668183283,True
20211222,20200816,05:10,LIMA,PE-1N,104,DESPISTE,0,2,104.0,2020-08-16,PE-1N,-11.411127109563516,-77.37555094068351,True
20211222,20200816,15:20,PUNO,PE-34A,231,DESPISTE,0,4,231.0,2020-08-16,PE-34A,-15.669950787476946,-70.65232059835469,True
20211222,20200816,19:00,ICA,PE-1S,332,CHOQUE,1,0,332.0,2020-08-16,PE-1S,-14.350024463597709,-75.64564728543388,True
20211222,20200816,15:10,ANCASH,PE-1N,433,VOLCADURA,0,0,433.0,2020-08-16,PE-1N,-9.13890994779683,-78.51986850795825,True
20211222,20200816,02:00,LA LIBERTAD,PE-1N,453,CHOQUE,3,1,453.0,2020-08-16,PE-1N,-8.908374315136028,-78.63959350915722,True
20211222,20200816,23:15,PIURA,PE-1N,1019,CHOQUE,1,0,1019.0,2020-08-16,PE-1N,-5.008574894850088,-80.70003596898175,True
20211222,20200816,01:40,LA LIBERTAD,PE-3N,1078,CHOQUE,0,0,1078.0,2020-08-16,PE-3N,-7.916913554708664,-78.15228858669312,True
20211222,20200817,22:32,LIMA,PE-1S,14,CHOQUE,0,0,14.0,2020-08-17,PE-1S,-12.179162609331884,-76.97661622827881,True
20211222,20200817,18:00,PIURA,PE-02,33,DESPISTE,0,0,33.0,2020-08-17,PE-02,-5.117020755483216,-80.96846129798536,True
20211222,20200817,00:30,LIMA,PE-1N,34,CHOQUE,0,0,34.0,2020-08-17,PE-1N,-11.844958355753205,-77.09912151097649,True
20211222,20200817,12:20,LIMA,PE-1N,46,DESPISTE,0,0,46.0,2020-08-17,PE-1N,-11.760137973165365,-77.15480179734976,True
20211222,20200817,06:45,UCAYALI,PE-18C,56,CHOQUE,1,1,56.0,2020-08-17,PE-18C,-8.457765179851537,-74.7841435774552,True
20211222,20200817,06:30,CAJAMARCA,PE-08,157,CHOQUE,0,0,157.0,2020-08-17,PE-08,-7.255167141644414,-78.48010043695676,True
20211222,20200817,20:10,LIMA,PE-1N,190,CHOQUE,1,1,190.0,2020-08-17,PE-1N,-10.82812858514916,-77.70015095961433,True
20211222,20200817,16:00,MADRE DE DIOS,PE-30C,277,ATROPELLO,1,0,277.0,2020-08-17,PE-30C,-12.968182422223883,-70.33422608070923,True
20211222,20200817,17:30,APURIMAC,PE-30A,358,DESPISTE,0,2,358.0,2020-08-17,PE-30A,-14.209343867119061,-73.32490057913543,True
20211222,20200817,22:30,ANCASH,PE-3N,594,DESPISTE,0,0,594.0,2020-08-17,PE-3N,-9.417419184213884,-77.56316408099825,True
20211222,20200817,16:00,AREQUIPA,PE-1S,804,CHOQUE,0,1,804.0,2020-08-17,PE-1S,-16.514245098162792,-72.91362602274451,True
20211222,20200818,18:50,JUNIN,PE-3SA,4,CHOQUE,0,0,4.0,2020-08-18,PE-3SA,-11.760948770210252,-75.49928004618448,True
20211222,20200818,17:20,LAMBAYEQUE,PE-08,9,CHOQUE,0,0,9.0,2020-08-18,PE-08,-7.305209032771205,-79.40063895535793,True
20211222,20200818,07:45,JUNIN,PE-3N,19,DESPISTE,0,0,19.0,2020-08-18,PE-3N,-11.41260694282586,-75.90495998893707,True
20211222,20200818,21:30,CAJAMARCA,PE-08B,28,CHOQUE,0,1,28.0,2020-08-18,PE-08B,-7.110234397619765,-78.32775803693343,True
20211222,20200818,08:20,JUNIN,PE-3S,35,DESPISTE,0,1,35.0,2020-08-18,PE-3S,-11.721065936832435,-75.75209701880435,True
20211222,20200818,16:30,LAMBAYEQUE,PE-1NJ,64,CHOQUE,0,1,64.0,2020-08-18,PE-1NJ,-6.164759545988507,-79.69936660210942,True
20211222,20200818,20:00,LIMA,PE-1N,191,CHOQUE,1,1,191.0,2020-08-18,PE-1N,-10.82439974547155,-77.7007471042943,True
20211222,20200819,13:39,LIMA,PE-1NA,17,ESPECIAL,0,0,17.0,2020-08-19,PE-1NA,-11.654102430813648,-77.2063467464701,True
20211222,20200819,10:30,LIMA,PE-1S,28,ATROPELLO,1,0,28.0,2020-08-19,PE-1S,-12.266400334700116,-76.90546819335519,True
20211222,20200819,05:30,JUNIN,PE-3S,52,CHOQUE,2,0,52.0,2020-08-19,PE-3S,-11.804334479789928,-75.64565501927746,True
20211222,20200819,01:30,LIMA,PE-1S,136,DESPISTE,0,0,136.0,2020-08-19,PE-1S,-13.062496958593746,-76.4534569604083,True
20211222,20200819,07:30,AREQUIPA,PE-1SD,163,DESPISTE,0,0,163.0,2020-08-19,PE-1SD,-17.223681382480795,-71.6443591341033,True
20211222,20200819,07:00,PUNO,PE-34A,208,DESPISTE,1,0,208.0,2020-08-19,PE-34A,-15.695074093525186,-70.82061890544735,True
20211222,20200819,07:30,ANCASH,PE-1N,254,DESPISTE,0,1,254.0,2020-08-19,PE-1N,-10.35405220134965,-78.02097813270373,True
20211222,20200819,22:10,AYACUCHO,PE-28A,315,CHOQUE,0,0,315.0,2020-08-19,PE-28A,-13.223710835386042,-74.27811700376245,True
20211222,20200819,05:30,APURIMAC,PE-3S,672,DESPISTE,0,2,672.0,2020-08-19,PE-3S,-13.6850181263646,-73.1669704055589,True
20211222,20200819,16:10,LA LIBERTAD,PE-1N,690,CHOQUE,0,1,690.0,2020-08-19,PE-1N,-7.329604528716408,-79.48028426858312,True
20211222,20200820,12:00,PUNO,PE-34B,1,DESPISTE,0,1,1.0,2020-08-20,PE-34B,-15.299618779292203,-70.22792416811463,True
20211222,20200820,08:30,AREQUIPA,AR-105,11,CHOQUE,2,0,11.0,2020-08-20,AR-105,,,True
20211222,20200820,00:10,UCAYALI,PE-18C,19,CHOQUE,0,1,19.0,2020-08-20,PE-18C,-8.688082080781154,-74.99002898925876,True
20211222,20200820,08:30,AREQUIPA,PE-34E,31,DESPISTE,0,1,31.0,2020-08-20,PE-34E,-15.824124945006092,-71.37869135833482,True
20211222,20200820,20:20,PIURA,PE-1N,69,CHOQUE,0,1,69.0,2020-08-20,PE-1N,-11.611573094810433,-77.20594646622817,True
20211222,20200820,04:50,LAMBAYEQUE,PE-1NJ,89,CHOQUE,0,2,89.0,2020-08-20,PE-1NJ,-5.991107554372773,-79.72313186615162,True
20211222,20200820,23:30,CAJAMARCA,PE-06A,104,DESPISTE,0,0,104.0,2020-08-20,PE-06A,-6.500661859944593,-79.16293076721509,True
20211222,20200820,16:00,HUANUCO,N.I.,135,DESPISTE,0,0,135.0,2020-08-20,N.I.,,,True
20211222,20200820,11:00,UCAYALI,PE-18C,159,DESPISTE,0,1,159.0,2020-08-20,PE-18C,-8.440526533092594,-74.10884548597748,True
20211222,20200820,06:08,CAJAMARCA,PE-08,161,CHOQUE,0,0,161.0,2020-08-20,PE-08,-7.252047897439969,-78.46949888077351,True
20211222,20200820,15:10,AYACUCHO,PE-3S,163,DESPISTE,0,2,163.0,2020-08-20,PE-3S,-12.333450454245588,-75.06847028430136,True
20211222,20200820,23:30,ICA,PE-1S,183,CHOQUE,0,0,183.0,2020-08-20,PE-1S,-13.389281095080594,-76.20101489842929,True
20211222,20200820,22:50,AMAZONAS,PE-08B,319,DESPISTE,0,0,319.0,2020-08-20,PE-08B,-6.241803776362414,-77.9031212923477,True
20211222,20200820,21:10,ANCASH,PE-1N,358,CHOQUE,0,1,358.0,2020-08-20,PE-1N,-9.590976051635376,-78.25550456927934,True
20211222,20200820,19:40,MADRE DE DIOS,PE-30C,410,DESPISTE,0,2,410.0,2020-08-20,PE-30C,-12.654291199502014,-69.3049976961437,True
20211222,20200820,20:00,LA LIBERTAD,PE-1N,550,CHOQUE,0,1,550.0,2020-08-20,PE-1N,-8.197801481307167,-78.96806343825,True
20211222,20200820,10:30,CAJAMARCA,PE-3N,1293,DESPISTE,0,0,1293.0,2020-08-20,PE-3N,-7.095858897452347,-78.5741278269797,True
20211222,20200821,17:50,CAJAMARCA,PE-3N,34,DESPISTE,0,1,34.0,2020-08-21,PE-3N,-11.306646779731226,-75.90991528294643,True
20211222,20200821,11:20,APURIMAC,AP-769,43,VOLCADURA,0,5,43.0,2020-08-21,AP-769,,,True
20211222,20200821,05:15,TACNA,PE-1SD,62,DESPISTE,0,0,62.0,2020-08-21,PE-1SD,-16.846174576982452,-72.24806817209942,True
20211222,20200821,12:30,ICA,PE-30A,69,DESPISTE,1,1,69.0,2020-08-21,PE-30A,-14.73185704206121,-74.55748515473661,True
20211222,20200821,08:00,JUNIN,PE-22B,77,DESPISTE,0,1,77.0,2020-08-21,PE-22B,-11.212043015164289,-75.4921418314279,True
20211222,20200821,21:00,LIMA,PE-22,127,VOLCADURA,0,0,127.0,2020-08-21,PE-22,-11.61248639558264,-76.20658974751784,True
20211222,20200821,12:25,LIMA,PE-1N,136,DESPISTE,1,2,136.0,2020-08-21,PE-1N,-11.215702536904496,-77.5537908523111,True
20211222,20200821,14:15,CUSCO,PE-28B,144,DESPISTE,0,0,144.0,2020-08-21,PE-28B,-12.68581352812065,-73.87316265247301,True
20211222,20200821,19:00,LIMA,PE-1S,150,DESPISTE,0,3,150.0,2020-08-21,PE-1S,-13.158271560783827,-76.3734213840647,True
20211222,20200821,05:00,ANCASH,PE-3N,155,DESPISTE,0,1,155.0,2020-08-21,PE-3N,-10.530400243610675,-76.18355744526116,True
20211222,20200821,12:45,LIMA,PE-1N,234,CHOQUE,0,0,234.0,2020-08-21,PE-1N,-10.469262528792807,-77.91553945399994,True
20211222,20200821,03:00,ANCASH,PE-1N,368,DESPISTE,0,1,368.0,2020-08-21,PE-1N,-9.510379868494407,-78.28451699456396,True
20211222,20200821,11:10,AYACUCHO,PE-3S,433,CHOQUE,0,4,433.0,2020-08-21,PE-3S,-13.346880597888896,-74.14760685008255,True
20211222,20200821,15:40,PIURA,PE-1N,1005,CHOQUE,1,1,1005.0,2020-08-21,PE-1N,-5.129955299387884,-80.7002947940494,True
20211222,20200821,21:55,PIURA,PE-1N,1023,ATROPELLO,1,0,1023.0,2020-08-21,PE-1N,-4.972443130157558,-80.69820136400146,True
20211222,20200821,17:00,PUNO,PE-3S,1320,ATROPELLO,0,1,1320.0,2020-08-21,PE-3S,-15.510814186839612,-70.1144791375005,True
20211222,20200822,06:30,AREQUIPA,PE-34E,4,CHOQUE,0,1,4.0,2020-08-22,PE-34E,-16.02574957075106,-71.41018796489402,True
20211222,20200822,16:30,LIMA,PE-1S,24,CHOQUE,0,1,24.0,2020-08-22,PE-1S,-12.246584742503304,-76.93618987426358,True
20211222,20200822,10:00,LIMA,PE-1N,28,CHOQUE,0,0,28.0,2020-08-22,PE-1N,-11.885315733281121,-77.06851918713564,True
20211222,20200822,16:30,LAMBAYEQUE,PE-1NJ,61,DESPISTE,0,12,61.0,2020-08-22,PE-1NJ,-6.191758804848394,-79.69885059303739,True
20211222,20200822,22:02,LAMBAYEQUE,PE-1NJ,80,DESPISTE,0,1,80.0,2020-08-22,PE-1NJ,-6.043045603897843,-79.67582313001517,True
20211222,20200822,14:00,JUNIN,PE-22B,80,DESPISTE,0,0,80.0,2020-08-22,PE-22B,-11.197022139748452,-75.47772065007399,True
20211222,20200822,13:45,LIMA,PE-1S,160,DESPISTE,0,0,160.0,2020-08-22,PE-1S,-13.224979754756355,-76.31655993934848,True
20211222,20200822,18:50,SAN MARTIN,PE-04A,438,ATROPELLO,0,1,438.0,2020-08-22,PE-04A,,,True
20211222,20200822,23:55,AREQUIPA,PE-1S,688,ESPECIAL,0,0,688.0,2020-08-22,PE-1S,-16.194226333086153,-73.72762121356185,True
20211222,20200822,07:50,CUSCO,PE-3S,916,VOLCADURA,0,0,916.0,2020-08-22,PE-3S,-13.447272426644338,-72.38092132056651,True
20211222,20200822,10:40,TACNA,PE-1S,1156,DESPISTE,0,2,1156.0,2020-08-22,PE-1S,-17.361527807745762,-70.9929101981313,True
20211222,20200823,05:40,LIMA,PE-1N,6,CHOQUE,0,2,6.0,2020-08-23,PE-1N,-12.03545225132201,-77.0108682967523,True
20211222,20200823,07:20,LIMA,PE-1N,45,CHOQUE,0,1,45.0,2020-08-23,PE-1N,-11.76805645197359,-77.15871594110817,True
20211222,20200823,20:30,CAJAMARCA,PE-08A,49,CHOQUE,0,2,49.0,2020-08-23,PE-08A,-7.1041941405297,-78.70728156057038,True
20211222,20200823,19:35,HUANUCO,PE-3N,241,ATROPELLO,0,0,241.0,2020-08-23,PE-3N,-9.919103827041022,-76.31729380442891,True
20211222,20200823,20:45,MADRE DE DIOS,PE-30C,322,ATROPELLO,0,1,322.0,2020-08-23,PE-30C,-12.88735407035615,-70.01660983495881,True
20211222,20200823,17:30,PIURA,PE-1NL,1042,CHOQUE,0,2,1042.0,2020-08-23,PE-1NL,,,True
20211222,20200824,10:30,CAJAMARCA,PE-08A,5,DESPISTE,0,1,5.0,2020-08-24,PE-08A,-7.189138284166674,-78.82461759819654,True
20211222,20200824,19:20,JUNIN,PE-22,24,CHOQUE,0,0,24.0,2020-08-24,PE-22,-11.978429992058254,-76.78158407272808,True
20211222,20200824,14:50,LA LIBERTAD,PE-1N,41,N.I.,1,1,41.0,2020-08-24,PE-1N,-11.797283330437022,-77.14182554608263,True
20211222,20200824,13:20,HUANUCO,PE-5N,61,DESPISTE,1,0,61.0,2020-08-24,PE-5N,-10.711776195901296,-75.16893971082574,True
20211222,20200824,12:10,LIMA,PE-22,86,DESPISTE,0,0,86.0,2020-08-24,PE-22,-11.789645368148422,-76.33575456827968,True
20211222,20200824,07:50,APURIMAC,PE-30A,228,N.I.,0,0,228.0,2020-08-24,PE-30A,-14.643603095739621,-73.77295170614079,True
20211222,20200824,20:30,HUANUCO,PE-3N,240,CHOQUE,0,2,240.0,2020-08-24,PE-3N,-9.920188903999929,-76.30874935737133,True
20211222,20200824,19:40,PUNO,PE-36A,301,DESPISTE,0,3,301.0,2020-08-24,PE-36A,-16.59820002699394,-69.08145898564521,True
20211222,20200824,00:40,HUANUCO,PE-5N,480,DESPISTE,0,1,480.0,2020-08-24,PE-5N,-9.187490302846909,-75.93806536530863,True
20211222,20200824,07:45,LA LIBERTAD,PE-1N,519,ATROPELLO,0,1,519.0,2020-08-24,PE-1N,-8.410974218331942,-78.80522603988757,True
20211222,20200824,N.I.,AREQUIPA,PE-1S,931,DESPISTE,0,1,931.0,2020-08-24,PE-1S,-16.41177141595335,-72.05219206222363,True
20211222,20200824,09:00,AREQUIPA,PE-1S,1075,DESPISTE,0,1,1075.0,2020-08-24,PE-1S,-17.15140913211754,-71.45922328536619,True
20211222,20200825,16:00,LA LIBERTAD,PE-08,8,CHOQUE,0,4,8.0,2020-08-25,PE-08,-7.301610295001071,-79.40892193707454,True
20211222,20200825,08:30,CAJAMARCA,PE-08A,13,DESPISTE,0,2,13.0,2020-08-25,PE-08A,-7.1625232493473305,-78.83759446910348,True
20211222,20200825,06:34,PIURA,PE-02,17,DESPISTE,0,1,17.0,2020-08-25,PE-02,-5.126894795604822,-80.83485730967482,True
20211222,20200825,22:15,LIMA,PE-1S,19,CHOQUE,0,1,19.0,2020-08-25,PE-1S,-12.222590189867683,-76.97460254913342,True
20211222,20200825,09:30,PUNO,PE-34H,44,CHOQUE,0,2,44.0,2020-08-25,PE-34H,-15.25587506143948,-69.85452172531862,True
20211222,20200825,07:35,LORETO,PE-06A,54,CHOQUE,0,0,54.0,2020-08-25,PE-06A,-6.689086146954013,-79.46144557656736,True
20211222,20200825,07:30,ANCASH,PE-1N,256,DESPISTE,0,0,256.0,2020-08-25,PE-1N,-10.346092630894898,-78.03597738659838,True
20211222,20200825,20:40,ANCASH,PE-1N,392,CHOQUE,0,1,392.0,2020-08-25,PE-1N,-9.358004440901443,-78.38973326099492,True
20211222,20200825,11:30,MADRE DE DIOS,PE-30C,418,DESPISTE,0,0,418.0,2020-08-25,PE-30C,-12.620651317248507,-69.24768452651824,True
20211222,20200825,23:00,ICA,PE-1S,422,DESPISTE,1,1,422.0,2020-08-25,PE-1S,-14.70948476221127,-75.09806914272544,True
20211222,20200825,18:00,LA LIBERTAD,PE-1N,588,CHOQUE,0,0,588.0,2020-08-25,PE-1N,-7.9673390674896565,-79.0842935353022,True
20211222,20200825,13:40,SAN MARTIN,PE-5N,N.I.,N.I.,0,1,,2020-08-25,PE-5N,-8.008693788999949,-76.6497463529999,True
20211222,20200826,21:00,AREQUIPA,PE-34E,4,CHOQUE,0,0,4.0,2020-08-26,PE-34E,-16.02574957075106,-71.41018796489402,True
20211222,20200826,16:45,CAJAMARCA,PE-06B,5,CHOQUE,0,2,5.0,2020-08-26,PE-06B,-6.617700270027668,-79.21514484023741,True
20211222,20200826,08:20,JUNIN,PE-22,5,DESPISTE,0,0,5.0,2020-08-26,PE-22,-12.019811176098285,-76.94845674675638,True
20211222,20200826,00:35,PIURA,PE-04B,21,DESPISTE,1,0,21.0,2020-08-26,PE-04B,-5.801731470212317,-79.44728304198823,True
20211222,20200826,22:45,LIMA,PE-22,88,DESPISTE,0,0,88.0,2020-08-26,PE-22,-11.783538990587417,-76.32739910660979,True
20211222,20200826,22:00,LIMA,PE-1S,97,DESPISTE,0,0,97.0,2020-08-26,PE-1S,-12.932281797664176,-76.4989866965431,True
20211222,20200826,10:30,ANCASH,PE-3N,110,ATROPELLO,0,2,110.0,2020-08-26,PE-3N,-10.781251799585862,-76.24616005588734,True
20211222,20200826,10:20,LIMA,PE-1S,118,DESPISTE,0,1,118.0,2020-08-26,PE-1S,-12.77632224362402,-76.58765456955089,True
20211222,20200826,05:00,LIMA,PE-1N,130,ESPECIAL,0,0,130.0,2020-08-26,PE-1N,-11.25979941485282,-77.52186557086367,True
20211222,20200826,16:40,JUNIN,PE-22,152,CHOQUE,0,4,152.0,2020-08-26,PE-22,-11.601612405995992,-76.0485109417629,True
20211222,20200826,22:00,ICA,PE-1S,184,ATROPELLO,0,1,184.0,2020-08-26,PE-1S,-13.397333355183989,-76.19679180371396,True
20211222,20200826,08:55,PIURA,PE-1NJ,186,DESPISTE,1,1,186.0,2020-08-26,PE-1NJ,-5.290861748737557,-80.09633110480944,True
20211222,20200826,18:55,AREQUIPA,PE-1S,502,CHOQUE,0,1,502.0,2020-08-26,PE-1S,-15.29748885820968,-74.91525542949316,True
20211222,20200826,15:00,SAN MARTIN,PE-5N,545,DESPISTE,0,1,545.0,2020-08-26,PE-5N,-8.744163491402604,-76.12526773040878,True
20211222,20200826,22:50,AREQUIPA,PE-1S,704,CHOQUE,0,2,704.0,2020-08-26,PE-1S,-16.229572985590508,-73.6033694593231,True
20211222,20200827,15:50,SAN MARTIN,SM-114,3,CHOQUE,2,0,3.0,2020-08-27,SM-114,,,True
20211222,20200827,05:45,JUNIN,PE-22,152,DESPISTE,0,0,152.0,2020-08-27,PE-22,-11.601612405995992,-76.0485109417629,True
20211222,20200827,06:05,JUNIN,PE-22,153,CHOQUE,0,0,153.0,2020-08-27,PE-22,-11.606093800812488,-76.0417759829046,True
20211222,20200827,09:40,LIMA,PE-1N,210,DESPISTE,0,0,210.0,2020-08-27,PE-1N,-10.657580314918867,-77.83070746112368,True
20211222,20200827,11:15,HUANUCO,PE-3N,231,CHOQUE,0,1,231.0,2020-08-27,PE-3N,-9.955618027285793,-76.24832481635319,True
20211222,20200827,06:22,ANCASH,PE-1N,250,CHOQUE,0,0,250.0,2020-08-27,PE-1N,-10.381103742747056,-78.00160528880146,True
20211222,20200827,05:00,ICA,PE-1S,264,CHOQUE,0,0,264.0,2020-08-27,PE-1S,-13.929656911483926,-75.96297589237889,True
20211222,20200827,23:00,MADRE DE DIOS,PE-30C,402,CHOQUE,0,1,402.0,2020-08-27,PE-30C,-12.679570701745574,-69.37587731350206,True
20211222,20200827,06:40,SAN MARTIN,PE-5N,615,CHOQUE,0,0,615.0,2020-08-27,PE-5N,-8.293787795217092,-76.37987037536787,True
20211222,20200827,23:05,CUSCO,PE-3S,946,CHOQUE,0,0,946.0,2020-08-27,PE-3S,-13.46306319020717,-72.14987823176868,True
20211222,20200828,08:00,LIMA,PE-1S,35,CHOQUE,0,1,35.0,2020-08-28,PE-1S,-12.299405737812553,-76.85066469192753,True
20211222,20200828,19:40,LA LIBERTAD,PE-10A,60,CHOQUE,2,6,60.0,2020-08-28,PE-10A,-7.9677401841519835,-78.64041107838278,True
20211222,20200828,17:50,PUNO,PE-34A,291,DESPISTE,0,1,291.0,2020-08-28,PE-34A,-15.534936797794318,-70.20289065414943,True
20211222,20200828,04:25,ICA,PE-1S,381,CHOQUE,0,0,381.0,2020-08-28,PE-1S,-14.490987885301852,-75.23751734529185,True
20211222,20200828,21:15,AREQUIPA,PE-1S,994,CHOQUE,1,0,994.0,2020-08-28,PE-1S,-16.746169148764817,-71.86965268565717,True
20211222,20200829,08:10,LIMA,PE-1N,39,CHOQUE,0,0,39.0,2020-08-29,PE-1N,-11.81153439569187,-77.13042173959337,True
20211222,20200829,06:30,JUNIN,PE-3N,70,CHOQUE,0,1,70.0,2020-08-29,PE-3N,-11.015584208241725,-76.00767690421759,True
20211222,20200829,12:00,JUNIN,PE-3SB,81,CHOQUE,0,3,81.0,2020-08-29,PE-3SB,,,True
20211222,20200829,17:45,LIMA,PE-1N,202,ATROPELLO,0,1,202.0,2020-08-29,PE-1N,-10.699701388263668,-77.77841621621211,True
20211222,20200829,20:30,HUANUCO,PE-3N,260,DESPISTE,0,0,260.0,2020-08-29,PE-3N,-9.888842849253505,-76.42870722133034,True
20211222,20200829,18:30,MADRE DE DIOS,PE-30C,407,CHOQUE,0,1,407.0,2020-08-29,PE-30C,-12.663805784003516,-69.3317975968447,True
20211222,20200829,09:00,AREQUIPA,PE-1S,619,CHOQUE,0,0,619.0,2020-08-29,PE-1S,-15.862953854331307,-74.214947632693,True
20211222,20200829,01:00,APURIMAC,PE-3S,817,ATROPELLO,1,0,817.0,2020-08-29,PE-3S,-13.56165539942387,-72.82007751002206,True
20211222,20200829,16:45,AREQUIPA,PE-1S,853,CHOQUE,0,0,853.0,2020-08-29,PE-1S,-16.586053736844253,-72.62819922366491,True
20211222,20200829,06:10,PIURA,PE-1N,1090,CHOQUE,1,0,1090.0,2020-08-29,PE-1N,-4.648352630744195,-81.1246296883801,True
20211222,20200829,06:30,CUSCO,PE-3S,N.I.,ATROPELLO,0,1,,2020-08-29,PE-3S,-15.04301470699994,-70.36600238199992,True
20211222,20200830,23:00,LIMA,PE-1NA,21,CHOQUE,0,0,21.0,2020-08-30,PE-1NA,-11.624001123794214,-77.21835871541374,True
20211222,20200830,06:00,AYACUCHO,PE-22,122,CHOQUE,0,0,122.0,2020-08-30,PE-22,-11.632791050796587,-76.2289488976377,True
20211222,20200830,05:00,HUANUCO,PE-3S,219,DESPISTE,0,1,219.0,2020-08-30,PE-3S,-12.486120390646636,-74.82128918829271,True
20211222,20200831,17:30,PUNO,PE-34H,14,CHOQUE,0,1,14.0,2020-08-31,PE-34H,-15.38362504113308,-70.05878953582561,True
20211222,20200831,19:30,UCAYALI,PE-04A,17,CHOQUE,0,1,17.0,2020-08-31,PE-04A,-5.994481376268165,-80.3977331921678,True
20211222,20200831,06:10,LIMA,PE-1N,53,CHOQUE,0,0,53.0,2020-08-31,PE-1N,-11.729776355606665,-77.15238199050455,True
20211222,20200831,12:40,LIMA,PE-1S,58,CHOQUE,0,0,58.0,2020-08-31,PE-1S,-12.468115135051345,-76.75072225651505,True
20211222,20200831,18:30,CAJAMARCA,PE-08A,64,DESPISTE,0,1,64.0,2020-08-31,PE-08A,-7.059238740225088,-78.60486730312424,True
20211222,20200831,16:00,HUANUCO,PE-18A,73,CHOQUE,0,3,73.0,2020-08-31,PE-18A,-9.62895920726086,-76.05389317823156,True
20211222,20200831,01:30,LIMA,PE-22,107,DESPISTE,0,0,107.0,2020-08-31,PE-22,-11.705646773117046,-76.26740401394007,True
20211222,20200831,12:30,LIMA,PE-1S,146,DESPISTE,0,0,146.0,2020-08-31,PE-1S,-13.128176162247474,-76.3926090637512,True
20211222,20200831,17:30,JUNIN,PE-22,147,DESPISTE,0,1,147.0,2020-08-31,PE-22,-11.59448412325631,-76.08461572029773,True
20211222,20200831,13:15,MADRE DE DIOS,PE-30C,400,CHOQUE,0,0,400.0,2020-08-31,PE-30C,-12.6858695952565,-69.39317577952086,True
20211222,20200831,21:00,LA LIBERTAD,PE-1N,579,DESPISTE,0,2,579.0,2020-08-31,PE-1N,-8.044732165718566,-79.0851537466266,True
20211222,20200901,17:45,LORETO,LO-103,20,CHOQUE,0,0,20.0,2020-09-01,LO-103,,,True
20211222,20200901,23:15,LIMA,PE-1S,39,CHOQUE,0,0,39.0,2020-09-01,PE-1S,-12.324686043235044,-76.82584432079277,True
20211222,20200901,01:35,HUANUCO,PE-18A,73,CHOQUE,0,3,73.0,2020-09-01,PE-18A,-9.62895920726086,-76.05389317823156,True
20211222,20200901,22:30,LIMA,PE-1S,73,CHOQUE,0,0,73.0,2020-09-01,PE-1S,-12.579240170785853,-76.68065669000386,True
20211222,20200901,00:30,LIMA,PE-1S,79,DESPISTE,0,0,79.0,2020-09-01,PE-1S,-12.622155134287613,-76.67070490348846,True
20211222,20200901,00:30,LIMA,PE-1S,79,DESPISTE,0,1,79.0,2020-09-01,PE-1S,-12.622155134287613,-76.67070490348846,True
20211222,20200901,21:00,LAMBAYEQUE,PE-1NJ,109,CHOQUE,0,1,109.0,2020-09-01,PE-1NJ,-5.843446117435704,-79.81017655211122,True
20211222,20200901,16:40,CUSCO,PE-28B,135,DESPISTE,0,2,135.0,2020-09-01,PE-28B,-12.719361939107511,-73.90268395270151,True
20211222,20200901,07:40,ANCASH,PE-1N,396,DESPISTE,0,2,396.0,2020-09-01,PE-1N,-9.32701651766862,-78.4050039793727,True
20211222,20200901,08:10,ANCASH,PE-1N,441,DESPISTE,0,0,441.0,2020-09-01,PE-1N,-9.010447771592757,-78.6187525705343,True
20211222,20200901,18:00,ICA,PE-1S,471,CHOQUE,0,1,471.0,2020-09-01,PE-1S,-15.038228491528855,-75.00693806102407,True
20211222,20200901,17:20,LA LIBERTAD,PE-1N,587,CHOQUE,1,0,587.0,2020-09-01,PE-1N,-7.975632096471137,-79.08073488408264,True
20211222,20200901,06:00,AREQUIPA,PE-1S,862,DESPISTE,0,3,862.0,2020-09-01,PE-1S,-16.5445018702583,-72.57421449140094,True
20211222,20200901,07:40,PIURA,PE-1NL,1045,CHOQUE,0,3,1045.0,2020-09-01,PE-1NL,,,True
20211222,20200901,15:30,PUNO,PE-3S,1194,DESPISTE,0,0,1194.0,2020-09-01,PE-3S,-14.700882091283386,-70.74780029772197,True
20211222,20200902,08:30,CAJAMARCA,PE-06B,12,DESPISTE,0,0,12.0,2020-09-02,PE-06B,-6.626058232888813,-79.16456552621791,True
20211222,20200902,11:00,MOQUEGUA,MO-107,25,DESPISTE,0,0,25.0,2020-09-02,MO-107,,,True
20211222,20200902,21:15,LAMBAYEQUE,PE-04A,45,ESPECIAL,0,0,45.0,2020-09-02,PE-04A,-5.957370904531005,-80.0777875650426,True
20211222,20200902,18:00,LIMA,PE-1S,56,CHOQUE,0,1,56.0,2020-09-02,PE-1S,-12.450608204528976,-76.75544581549669,True
20211222,20200902,13:20,LIMA,PE-22,75,VOLCADURA,0,1,75.0,2020-09-02,PE-22,-11.851255747403014,-76.39721845076723,True
20211222,20200902,21:30,AREQUIPA,PE-34A,84,DESPISTE,0,4,84.0,2020-09-02,PE-34A,-16.105249999999955,-71.6176720544646,True
20211222,20200902,23:30,LIMA,PE-1S,98,CHOQUE,1,0,98.0,2020-09-02,PE-1S,-12.940814856339193,-76.4963256343087,True
20211222,20200902,21:45,JUNIN,PE-5S,106,CHOQUE,0,0,106.0,2020-09-02,PE-5S,-11.219680207929514,-74.65047577118501,True
20211222,20200902,N.I.,LIMA,PE-1S,149,CHOQUE,0,3,149.0,2020-09-02,PE-1S,-13.152438439240983,-76.38029930762555,True
20211222,20200902,22:30,AYACUCHO,PE-3S,304,DESPISTE,0,2,304.0,2020-09-02,PE-3S,-12.802185730010022,-74.41592797285409,True
20211222,20200902,14:00,MADRE DE DIOS,PE-30C,416,CHOQUE,0,4,416.0,2020-09-02,PE-30C,-12.632049244717733,-69.25994061304989,True
20211222,20200902,10:50,AREQUIPA,PE-1S,521,DESPISTE,0,0,521.0,2020-09-02,PE-1S,-15.456069300049853,-74.86692085264636,True
20211222,20200902,11:45,AREQUIPA,PE-1S,861,DESPISTE,1,0,861.0,2020-09-02,PE-1S,-16.54410049302803,-72.58353975782344,True
20211222,20200903,20:15,LIMA,PE-1N,91,CHOQUE,0,0,91.0,2020-09-03,PE-1N,-11.493239872762386,-77.30375846221524,True
20211222,20200903,06:15,HUANUCO,PE-18A,108,DESPISTE,0,2,108.0,2020-09-03,PE-18A,-9.422747380059807,-75.9673590872402,True
20211222,20200903,16:00,SAN MARTIN,PE-04A,466,DESPISTE,0,1,466.0,2020-09-03,PE-04A,,,True
20211222,20200903,23:47,LA LIBERTAD,PE-1N,535,CHOQUE,0,1,535.0,2020-09-03,PE-1N,-8.313339934013715,-78.90256018390794,True
20211222,20200904,14:28,JUNIN,PE-22,73,CHOQUE,0,3,73.0,2020-09-04,PE-22,-11.857210439376852,-76.41271304922147,True
20211222,20200904,23:50,AREQUIPA,PE-34E,80,VOLCADURA,0,0,80.0,2020-09-04,PE-34E,-15.49272689981166,-71.38330731474916,True
20211222,20200904,18:15,JUNIN,PE-22,143,CHOQUE,0,0,143.0,2020-09-04,PE-22,-11.599821445816865,-76.11559081630975,True
20211222,20200904,07:00,LA LIBERTAD,PE-1N,532,CHOQUE,0,1,532.0,2020-09-04,PE-1N,-8.336910315001036,-78.88951035771446,True
20211222,20200904,13:30,SAN MARTIN,PE-5N,578,VOLCADURA,0,1,578.0,2020-09-04,PE-5N,-8.573690758239064,-76.27647908219367,True
20211222,20200904,19:10,PIURA,PE-1N,1094,CHOQUE,0,3,1094.0,2020-09-04,PE-1N,-4.6226759381200155,-81.1460898146867,True
20211222,20200904,18:30,CUSCO,PE-3S,1099,CHOQUE,1,2,1099.0,2020-09-04,PE-3S,-14.194766994490232,-71.3287082402113,True
20211222,20200905,22:25,LORETO,LO-103,2,DESPISTE,0,0,2.0,2020-09-05,LO-103,,,True
20211222,20200905,09:00,TACNA,PE-1SD,11,CHOQUE,0,0,11.0,2020-09-05,PE-1SD,-16.666984168696686,-72.55507742654935,True
20211222,20200905,03:36,LIMA,PE-22,42,DESPISTE,0,0,42.0,2020-09-05,PE-22,-11.926045629736292,-76.64564268664563,True
20211222,20200905,18:05,LIMA,PE-1S,56,CHOQUE,0,0,56.0,2020-09-05,PE-1S,-12.450608204528976,-76.75544581549669,True
20211222,20200905,19:00,JUNIN,PE-22,62,DESPISTE,0,2,62.0,2020-09-05,PE-22,-11.887771605999944,-76.48866801474028,True
20211222,20200905,13:00,JUNIN,PE-22,87,ATROPELLO,0,1,87.0,2020-09-05,PE-22,-11.78573755939325,-76.33445596411033,True
20211222,20200905,11:30,JUNIN,PE-22,152,CHOQUE,0,0,152.0,2020-09-05,PE-22,-11.601612405995992,-76.0485109417629,True
20211222,20200905,07:30,LIMA,PE-1N,154,DESPISTE,0,0,154.0,2020-09-05,PE-1N,-11.068789182839408,-77.5860174419725,True
20211222,20200905,17:30,PIURA,PE-1NJ,196,CHOQUE,0,3,196.0,2020-09-05,PE-1NJ,-5.17115015183347,-80.54214013990696,True
20211222,20200905,12:00,AYACUCHO,PE-28A,204,DESPISTE,0,0,204.0,2020-09-05,PE-28A,-13.416899591849772,-74.9167575214293,True
20211222,20200905,08:45,PIURA,PE-30A,244,CHOQUE,0,1,244.0,2020-09-05,PE-30A,-14.61509449632354,-73.6640238564704,True
20211222,20200905,19:15,LA LIBERTAD,PE-1N,555,DESPISTE,0,0,555.0,2020-09-05,PE-1N,-8.169897430823339,-79.0035445625836,True
20211222,20200905,09:40,TACNA,PE-1S,1107,DESPISTE,0,0,1107.0,2020-09-05,PE-1S,-17.26714984061763,-71.18995690728839,True
20211222,20200905,21:10,TACNA,PE-1S,1280,CHOQUE,0,0,1280.0,2020-09-05,PE-1S,-17.948804002722216,-70.31181177133391,True
20211222,20200906,07:30,AREQUIPA,PE-1SD,22,DESPISTE,0,0,22.0,2020-09-06,PE-1SD,-16.69132452303814,-72.46938959611114,True
20211222,20200906,23:45,JUNIN,PE-3N,78,DESPISTE,0,1,78.0,2020-09-06,PE-3N,-10.962885210286066,-76.03819339204495,True
20211222,20200906,05:10,LIMA,PE-22,82,DESPISTE,0,0,82.0,2020-09-06,PE-22,-11.8105007855227,-76.35303580366866,True
20211222,20200906,11:30,PIURA,PE-1NL,1044,CHOQUE,0,6,1044.0,2020-09-06,PE-1NL,,,True
20211222,20200907,18:30,LORETO,LO-103,3,ATROPELLO,0,1,3.0,2020-09-07,LO-103,,,True
20211222,20200907,05:40,PIURA,PE-02A,17,DESPISTE,0,1,17.0,2020-09-07,PE-02A,-5.246814375091619,-79.98043614513342,True
20211222,20200907,16:40,LIMA,PE-1S,30,CHOQUE,0,0,30.0,2020-09-07,PE-1S,-12.276137808704581,-76.88997544513248,True
20211222,20200907,12:45,CUSCO,PE-28G,33,CHOQUE,0,2,33.0,2020-09-07,PE-28G,-13.42386565359488,-71.8574831665955,True
20211222,20200907,07:30,JUNIN,PE-3S,33,ATROPELLO,1,0,33.0,2020-09-07,PE-3S,-11.702969124717999,-75.75201373506435,True
20211222,20200907,17:00,JUNIN,PE-3SA,36,CHOQUE,0,0,36.0,2020-09-07,PE-3SA,-11.575100837961969,-75.63279832169488,True
20211222,20200907,09:30,CAJAMARCA,PE-08A,37,DESPISTE,0,6,37.0,2020-09-07,PE-08A,-7.079079634318051,-78.7702182968652,True
20211222,20200907,18:15,PUNO,PE-1N,52,DESPISTE,0,1,52.0,2020-09-07,PE-1N,-11.726303210231407,-77.14402216054684,True
20211222,20200907,11:30,JUNIN,PE-22,137,DESPISTE,0,1,137.0,2020-09-07,PE-22,-11.598333234186347,-76.15669596477372,True
20211222,20200907,16:45,JUNIN,PE-22,140,CHOQUE,0,0,140.0,2020-09-07,PE-22,-11.595306142308281,-76.13552622196099,True
20211222,20200907,13:00,HUANUCO,PE-3N,207,ESPECIAL,0,1,207.0,2020-09-07,PE-3N,-10.147352180149273,-76.19254743407808,True
20211222,20200907,08:20,ANCASH,PE-1N,247,DESPISTE,0,1,247.0,2020-09-07,PE-1N,-10.399434406647748,-77.98151947870417,True
20211222,20200907,09:00,ANCASH,PE-1N,274,DESPISTE,0,0,274.0,2020-09-07,PE-1N,-10.204822671102246,-78.0497228466984,True
20211222,20200907,17:00,AYACUCHO,PE-28A,310,CHOQUE,0,0,310.0,2020-09-07,PE-28A,-13.244101763347958,-74.3073562406794,True
20211222,20200907,19:30,MADRE DE DIOS,PE-30C,327,DESPISTE,0,1,327.0,2020-09-07,PE-30C,-12.89671808108859,-69.97636928724123,True
20211222,20200907,15:00,ICA,PE-1S,377,CHOQUE,0,0,377.0,2020-09-07,PE-1S,-14.497228660595075,-75.26832944185828,True
20211222,20200907,10:00,LAMBAYEQUE,PE-1N,742,DESPISTE,0,1,742.0,2020-09-07,PE-1N,-6.988819945732442,-79.62633959757767,True
20211222,20200908,19:00,JUNIN,PE-3N,0,DESPISTE,0,0,0.0,2020-09-08,PE-3N,-11.522644942999932,-75.90932789099992,True
20211222,20200908,04:50,ANCASH,AN-111,22,DESPISTE,0,3,22.0,2020-09-08,AN-111,,,True
20211222,20200908,22:10,LA LIBERTAD,PE-10A,26,CHOQUE,0,0,26.0,2020-09-08,PE-10A,-8.025470886767591,-78.83892142152655,True
20211222,20200908,05:50,JUNIN,PE-3S,78,CHOQUE,0,5,78.0,2020-09-08,PE-3S,-11.800647886523944,-75.48780374568437,True
20211222,20200908,N.I.,LIMA,PE-1N,82,CHOQUE,0,1,82.0,2020-09-08,PE-1N,-11.563139040290405,-77.26547950067437,True
20211222,20200908,03:40,PIURA,PE-1N,88,DESPISTE,0,0,88.0,2020-09-08,PE-1N,-11.518387873127558,-77.29388354143688,True
20211222,20200908,12:45,JUNIN,PE-3N,103,DESPISTE,2,1,103.0,2020-09-08,PE-3N,-10.823349830810802,-76.20216703331738,True
20211222,20200908,17:40,JUNIN,PE-22,152,CHOQUE,0,0,152.0,2020-09-08,PE-22,-11.601612405995992,-76.0485109417629,True
20211222,20200908,19:55,PUNO,PE-3S,N.I.,DESPISTE,0,1,,2020-09-08,PE-3S,-15.04301470699994,-70.36600238199992,True
20211222,20200909,18:35,LIMA,PE-1S,48,DESPISTE,0,1,48.0,2020-09-09,PE-1S,-12.384814162531237,-76.77075501133196,True
20211222,20200909,01:50,HUANUCO,PE-18A,69,DESPISTE,0,1,69.0,2020-09-09,PE-18A,-9.644060609673629,-76.06599151421885,True
20211222,20200909,17:30,PUNO,PE-38A,72,DESPISTE,1,3,72.0,2020-09-09,PE-38A,-16.176859196098494,-69.65412411845493,True
20211222,20200909,13:45,LAMBAYEQUE,PE-1N,86,CHOQUE,3,0,86.0,2020-09-09,PE-1N,-11.534091599158318,-77.28486077214315,True
20211222,20200909,13:30,AYACUCHO,PE-3S,128,DESPISTE,0,0,128.0,2020-09-09,PE-3S,-12.096576088279598,-75.21500608385769,True
20211222,20200909,13:45,AYACUCHO,PE-3S,133,CHOQUE,0,4,133.0,2020-09-09,PE-3S,-12.13816406247263,-75.22351011291738,True
20211222,20200909,12:00,JUNIN,PE-22,154,DESPISTE,0,2,154.0,2020-09-09,PE-22,-11.609307054351873,-76.03421073631003,True
20211222,20200909,22:00,ICA,PE-1S,377,CHOQUE,0,0,377.0,2020-09-09,PE-1S,-14.497228660595075,-75.26832944185828,True
20211222,20200909,07:50,LA LIBERTAD,PE-1N,522,ATROPELLO,0,2,522.0,2020-09-09,PE-1N,-8.404377353118779,-78.8316037902085,True
20211222,20200910,15:00,PIURA,PI-107,1,ATROPELLO,1,0,1.0,2020-09-10,PI-107,,,True
20211222,20200910,15:30,AREQUIPA,PE-34A,47,CHOQUE,0,1,47.0,2020-09-10,PE-34A,-16.318885802842942,-71.60169774644616,True
20211222,20200910,13:20,CAJAMARCA,PE-3N,105,DESPISTE,0,2,105.0,2020-09-10,PE-3N,-10.813663647929035,-76.21600464962287,True
20211222,20200910,10:15,LIMA,PE-1N,207,DESPISTE,0,1,207.0,2020-09-10,PE-1N,-10.665219097638216,-77.80299346538109,True
20211222,20200910,03:40,LA LIBERTAD,PE-1N,541,ATROPELLO,1,0,541.0,2020-09-10,PE-1N,-8.265983265195931,-78.92727033008117,True
20211222,20200910,06:45,LA LIBERTAD,PE-1N,615,DESPISTE,0,0,615.0,2020-09-10,PE-1N,-7.78891196376197,-79.23335648906007,True
20211222,20200910,16:45,TACNA,PE-1N,1152,CHOQUE,0,0,1152.0,2020-09-10,PE-1N,-4.237247907933046,-81.17831052470667,True
20211222,20200910,10:00,PUNO,PE-3S,1337,CHOQUE,1,0,1337.0,2020-09-10,PE-3S,-15.644560924472177,-70.08268710121503,True
20211222,20200911,19:15,CAJAMARCA,PE-5N,5,CHOQUE,0,2,5.0,2020-09-11,PE-5N,-10.926699476833056,-75.28036326294095,True
20211222,20200911,09:20,LIMA,PE-1NA,6,CHOQUE,0,0,6.0,2020-09-11,PE-1NA,-11.734905650855294,-77.16944513983017,True
20211222,20200911,06:48,LIMA,PE-22,43,CHOQUE,0,0,43.0,2020-09-11,PE-22,-11.92426096036915,-76.63680727074977,True
20211222,20200911,03:40,AREQUIPA,PE-34,47,DESPISTE,0,1,47.0,2020-09-11,PE-34,-16.965130364158476,-72.05702947572506,True
20211222,20200911,18:00,ANCASH,AN-107,68,DESPISTE,0,0,68.0,2020-09-11,AN-107,,,True
20211222,20200911,07:50,JUNIN,PE-22B,81,DESPISTE,0,0,81.0,2020-09-11,PE-22B,-11.191715497989174,-75.47136570211731,True
20211222,20200911,16:45,LIMA,PE-1S,131,ESPECIAL,0,0,131.0,2020-09-11,PE-1S,-13.02463008299992,-76.47484911599992,True
20211222,20200911,08:00,PUNO,PE-34A,237,DESPISTE,0,0,237.0,2020-09-11,PE-34A,-15.688723271821132,-70.60980158270388,True
20211222,20200911,17:20,ANCASH,PE-1N,311,CHOQUE,0,0,311.0,2020-09-11,PE-1N,-9.946316244968521,-78.21435739358814,True
20211222,20200911,03:00,ANCASH,PE-1N,344,DESPISTE,0,1,344.0,2020-09-11,PE-1N,-9.709208055507482,-78.27510081942467,True
20211222,20200911,22:50,ICA,PE-1S,370,DESPISTE,0,0,370.0,2020-09-11,PE-1S,-14.48367374254584,-75.33035036461084,True
20211222,20200911,08:30,AREQUIPA,PE-1S,524,DESPISTE,0,0,524.0,2020-09-11,PE-1S,-15.481797625860318,-74.85932730583134,True
20211222,20200911,20:30,APURIMAC,PE-3S,716,DESPISTE,0,1,716.0,2020-09-11,PE-3S,-13.645878356234338,-73.08739520295033,True
20211222,20200911,07:35,LA LIBERTAD,PE-1N,726,CHOQUE,1,5,726.0,2020-09-11,PE-1N,-7.092232456190468,-79.52584725543397,True
20211222,20200912,12:00,LORETO,LO-103,9,CHOQUE,0,0,9.0,2020-09-12,LO-103,,,True
20211222,20200912,11:30,LIMA,PE-1NA,18,DESPISTE,0,0,18.0,2020-09-12,PE-1NA,-11.646123812970785,-77.20818641099416,True
20211222,20200912,07:40,JUNIN,PE-3S,40,DESPISTE,0,0,40.0,2020-09-12,PE-3S,-11.752327154192963,-75.72535269531059,True
20211222,20200912,19:10,AREQUIPA,PE-34A,76,DESPISTE,0,3,76.0,2020-09-12,PE-34A,-16.154933917739758,-71.64488708409979,True
20211222,20200912,13:10,JUNIN,PE-3S,108,CHOQUE,0,1,108.0,2020-09-12,PE-3S,-11.946779793246296,-75.29139522561728,True
20211222,20200912,07:00,MADRE DE DIOS,PE-34A,200,DESPISTE,0,0,200.0,2020-09-12,PE-34A,-15.715941666941857,-70.83667108334701,True
20211222,20200912,21:40,HUANUCO,PE-3N,207,CHOQUE,0,0,207.0,2020-09-12,PE-3N,-10.147352180149273,-76.19254743407808,True
20211222,20200912,18:39,PUNO,PE-34A,213,CHOQUE,0,0,213.0,2020-09-12,PE-34A,-15.669599352683118,-70.79190870536627,True
20211222,20200912,23:15,MADRE DE DIOS,PE-30C,276,DESPISTE,0,1,276.0,2020-09-12,PE-30C,-12.972961999659082,-70.33919565003455,True
20211222,20200912,14:00,PUNO,PE-34A,293,CHOQUE,0,1,293.0,2020-09-12,PE-34A,-15.528102611214658,-70.18609364974795,True
20211222,20200912,00:10,LA LIBERTAD,PE-1N,467,CHOQUE,0,1,467.0,2020-09-12,PE-1N,-8.787329297542673,-78.64011451851835,True
20211222,20200912,18:40,ANCASH,PE-3N,618,CHOQUE,0,4,618.0,2020-09-12,PE-3N,-9.266678113952432,-77.68004344070069,True
20211222,20200912,15:00,ANCASH,AN-110,760,DESPISTE,0,0,760.0,2020-09-12,AN-110,,,True
20211222,20200912,06:35,PUNO,PE-3S,1224,DESPISTE,0,1,1224.0,2020-09-12,PE-3S,-14.894262416257732,-70.59081799009047,True
20211222,20200912,08:00,CAJAMARCA,PE-3N,1270,CHOQUE,1,1,1270.0,2020-09-12,PE-3N,-7.187835257382384,-78.47350554524364,True
20211222,20200912,21:20,PUNO,PE-3S,1303,ATROPELLO,1,0,1303.0,2020-09-12,PE-3S,-15.37299277231811,-70.16656759713041,True
20211222,20200913,20:40,PUNO,PE-36B,4,DESPISTE,0,1,4.0,2020-09-13,PE-36B,-16.842814947639944,-70.49467876522782,True
20211222,20200913,15:00,JUNIN,PE-22B,48,DESPISTE,0,1,48.0,2020-09-13,PE-22B,-11.356512216015435,-75.61216882973123,True
20211222,20200913,00:00,AYACUCHO,PE-3S,245,CHOQUE,0,2,245.0,2020-09-13,PE-3S,-12.541978164764318,-74.6965114178517,True
20211222,20200913,23:10,ICA,PE-1S,377,CHOQUE,0,1,377.0,2020-09-13,PE-1S,-14.497228660595075,-75.26832944185828,True
20211222,20200913,07:30,AREQUIPA,PE-1S,600,DESPISTE,0,1,600.0,2020-09-13,PE-1S,-15.821704710830021,-74.33971523220049,True
20211222,20200914,10:10,PIURA,PE-02A,7,CHOQUE,0,0,7.0,2020-09-14,PE-02A,-5.2313680893775585,-80.05153235487988,True
20211222,20200914,10:30,PIURA,PE-1N,15,CHOQUE,0,1,15.0,2020-09-14,PE-1N,-11.999903495021439,-77.06246176966826,True
20211222,20200914,22:45,LAMBAYEQUE,PE-1NJ,72,DESPISTE,0,1,72.0,2020-09-14,PE-1NJ,-6.104597635329134,-79.70777103468058,True
20211222,20200914,16:05,TACNA,PE-36A,73,DESPISTE,0,1,73.0,2020-09-14,PE-36A,-16.990887364545504,-70.71195323335012,True
20211222,20200914,22:30,LAMBAYEQUE,PE-1NJ,76,CHOQUE,0,1,76.0,2020-09-14,PE-1NJ,-6.0703220754488,-79.69698886743487,True
20211222,20200914,10:50,AREQUIPA,PE-34A,83,DESPISTE,0,4,83.0,2020-09-14,PE-34A,-16.10782194849128,-71.62017877939647,True
20211222,20200914,07:00,LIMA,PE-1S,165,CHOQUE,1,3,165.0,2020-09-14,PE-1S,-13.249650866012217,-76.28420145920819,True
20211222,20200914,06:00,LIMA,PE-1N,183,DESPISTE,0,4,183.0,2020-09-14,PE-1N,-10.853315322500634,-77.69194416500103,True
20211222,20200914,12:21,JUNIN,PE-24,267,CHOQUE,0,0,267.0,2020-09-14,PE-24,-12.027056482160008,-75.40819477517176,True
20211222,20200914,15:40,ANCASH,PE-1N,412,DESPISTE,0,2,412.0,2020-09-14,PE-1N,-9.201450724859448,-78.45910954855965,True
20211222,20200914,05:00,AREQUIPA,PE-1S,940,DESPISTE,0,0,940.0,2020-09-14,PE-1S,-16.44516811814113,-71.97543852248221,True
20211222,20200914,15:30,TACNA,PE-1S,1150,DESPISTE,0,0,1150.0,2020-09-14,PE-1S,-17.313067505396578,-70.98937971974344,True
20211222,20200914,15:30,PUNO,PE-3S,1266,DESPISTE,0,0,1266.0,2020-09-14,PE-3S,-15.135818587948647,-70.36345815230888,True
20211222,20200915,15:30,CUSCO,PE-34F,10,CHOQUE,0,3,10.0,2020-09-15,PE-34F,-14.737331294881482,-71.32718808417417,True
20211222,20200915,20:30,LAMBAYEQUE,PE-08,12,ATROPELLO,0,1,12.0,2020-09-15,PE-08,-7.317243557341281,-79.37645780273685,True
20211222,20200915,15:00,JUNIN,PE-22B,82,DESPISTE,0,0,82.0,2020-09-15,PE-22B,-11.186085744151594,-75.46491332586663,True
20211222,20200915,08:45,JUNIN,PE-3S,124,CHOQUE,1,5,124.0,2020-09-15,PE-3S,-12.065672229476357,-75.21746714620619,True
20211222,20200915,17:45,AYACUCHO,PE-30A,181,DESPISTE,0,0,181.0,2020-09-15,PE-30A,-14.645124827727509,-74.05322123293541,True
20211222,20200915,05:45,LIMA,PE-1N,192,CHOQUE,0,0,192.0,2020-09-15,PE-1N,-10.820619821698443,-77.70062298645144,True
20211222,20200915,17:50,PUNO,PE-34A,220,DESPISTE,0,0,220.0,2020-09-15,PE-34A,-15.65166999999991,-70.73526012336964,True
20211222,20200915,13:15,PUNO,PE-34A,226,DESPISTE,0,0,226.0,2020-09-15,PE-34A,-15.643352517787386,-70.68652367946481,True
20211222,20200915,05:30,MADRE DE DIOS,PE-30C,438,DESPISTE,1,1,438.0,2020-09-15,PE-30C,-12.524001484021792,-69.13662507247808,True
20211222,20200915,10:00,LAMBAYEQUE,PE-1N,732,CHOQUE,0,2,732.0,2020-09-15,PE-1N,-7.058083264723555,-79.57042450172128,True
20211222,20200915,17:10,PIURA,PE-1NL,1048,CHOQUE,0,2,1048.0,2020-09-15,PE-1NL,,,True
20211222,20200916,13:30,LA LIBERTAD,PE-1S,13,DESPISTE,0,1,13.0,2020-09-16,PE-1S,-12.170535920451721,-76.97935477145053,True
20211222,20200916,06:40,JUNIN,PE-3N,37,CHOQUE,0,0,37.0,2020-09-16,PE-3N,-11.283345450729579,-75.92079551326114,True
20211222,20200916,10:45,LAMBAYEQUE,PE-06A,43,DESPISTE,0,3,43.0,2020-09-16,PE-06A,-6.744317678510708,-79.52629412980824,True
20211222,20200916,12:35,HUANUCO,PE-5N,52,DESPISTE,0,0,52.0,2020-09-16,PE-5N,-10.744834776558399,-75.21165473181566,True
20211222,20200916,06:20,MOQUEGUA,PE-36A,57,DESPISTE,0,0,57.0,2020-09-16,PE-36A,-17.028293857262863,-70.79329385378207,True
20211222,20200916,19:20,AMAZONAS,PE-04A,236,CHOQUE,0,5,236.0,2020-09-16,PE-04A,,,True
20211222,20200916,16:00,LIMA,PE-1N,315,DESPISTE,0,1,315.0,2020-09-16,PE-1N,-9.93913120027727,-78.21777602167599,True
20211222,20200916,22:30,ANCASH,PE-1N,405,CHOQUE,0,1,405.0,2020-09-16,PE-1N,-9.256612109220557,-78.43404856221233,True
20211222,20200916,10:45,AREQUIPA,PE-1S,858,DESPISTE,0,0,858.0,2020-09-16,PE-1S,-16.55174012884034,-72.60937234013271,True
20211222,20200917,16:45,AREQUIPA,AR-106,22,CHOQUE,0,0,22.0,2020-09-17,AR-106,,,True
20211222,20200917,08:40,LIMA,PE-1N,159,CHOQUE,0,3,159.0,2020-09-17,PE-1N,-11.02528560117257,-77.59539687942902,True
20211222,20200917,11:45,ICA,PE-1S,276,CHOQUE,0,2,276.0,2020-09-17,PE-1S,-13.935787056106248,-75.85221400587224,True
20211222,20200917,08:00,PUNO,PE-34A,299,CHOQUE,0,3,299.0,2020-09-17,PE-34A,-15.493996420398142,-70.1447483295191,True
20211222,20200917,03:20,ANCASH,PE-1N,374,DESPISTE,0,0,374.0,2020-09-17,PE-1N,-9.475505262774279,-78.29542450229184,True
20211222,20200917,06:10,ICA,PE-1S,422,DESPISTE,0,1,422.0,2020-09-17,PE-1S,-14.70948476221127,-75.09806914272544,True
20211222,20200917,08:40,AREQUIPA,PE-1S,731,DESPISTE,0,0,731.0,2020-09-17,PE-1S,-16.309360855762556,-73.37916246893575,True
20211222,20200917,07:30,AREQUIPA,PE-1S,884,CHOQUE,0,0,884.0,2020-09-17,PE-1S,-16.484282379974463,-72.38471258805555,True
20211222,20200917,11:00,PIURA,PE-1N,988,CHOQUE,1,0,988.0,2020-09-17,PE-1N,-5.239801691070705,-80.63668272180945,True
20211222,20200918,12:30,PUNO,PE-34B,6,CHOQUE,0,0,6.0,2020-09-18,PE-34B,-15.256432043540526,-70.22336558242498,True
20211222,20200918,09:15,UCAYALI,PE-04A,19,CHOQUE,0,5,19.0,2020-09-18,PE-04A,-6.005346905124163,-80.38893682200886,True
20211222,20200918,18:00,PUNO,PE-34B,41,CHOQUE,1,0,41.0,2020-09-18,PE-34B,-14.96835007226168,-70.19104709469515,True
20211222,20200918,10:30,LAMBAYEQUE,PE-1NJ,44,DESPISTE,0,2,44.0,2020-09-18,PE-1NJ,-6.3279538237885795,-79.76332974432272,True
20211222,20200918,15:30,LIMA,PE-22,129,DESPISTE,0,0,129.0,2020-09-18,PE-22,-11.609960132545957,-76.20242925515117,True
20211222,20200918,06:40,JUNIN,PE-22,157,CHOQUE,0,0,157.0,2020-09-18,PE-22,-11.618388096631845,-76.01034650830329,True
20211222,20200918,14:30,CAJAMARCA,PE-06A,169,CHOQUE,0,0,169.0,2020-09-18,PE-06A,-6.463326408823429,-78.94057934257998,True
20211222,20200918,13:30,AYACUCHO,PE-3S,321,CHOQUE,0,0,321.0,2020-09-18,PE-3S,-12.869295079702379,-74.32675777027029,True
20211222,20200918,06:50,APURIMAC,PE-3S,717,CHOQUE,0,3,717.0,2020-09-18,PE-3S,-13.652978162076671,-73.07995967183693,True
20211222,20200919,21:00,LIMA,PE-22,38,DESPISTE,0,0,38.0,2020-09-19,PE-22,-11.923569882182347,-76.67966703517845,True
20211222,20200919,10:45,LIMA,PE-1S,57,ATROPELLO,0,0,57.0,2020-09-19,PE-1S,-12.459353853415445,-76.75305506986528,True
20211222,20200919,04:20,ANCASH,AN-107,62,DESPISTE,0,2,62.0,2020-09-19,AN-107,,,True
20211222,20200919,19:20,JUNIN,PE-5S,74,CHOQUE,0,2,74.0,2020-09-19,PE-5S,-10.992128021358202,-74.76699672100358,True
20211222,20200919,20:30,CAJAMARCA,PE-06A,88,DESPISTE,0,0,88.0,2020-09-19,PE-06A,-6.5838116196006355,-79.23700777276558,True
20211222,20200919,13:45,JUNIN,PE-3N,98,DESPISTE,0,0,98.0,2020-09-19,PE-3N,-10.84778388805375,-76.16486390757093,True
20211222,20200919,20:15,LIMA,PE-1N,116,DESPISTE,1,1,116.0,2020-09-19,PE-1N,-11.3627857037942,-77.44736558051379,True
20211222,20200919,09:00,PASCO,PE-3N,132,CHOQUE,0,0,132.0,2020-09-19,PE-3N,-10.6978087995846,-76.18942182414017,True
20211222,20200919,16:00,JUNIN,PE-22,144,CHOQUE,0,2,144.0,2020-09-19,PE-22,-11.600717758390408,-76.10773025137584,True
20211222,20200919,13:00,AMAZONAS,PE-04A,164,N.I.,0,0,164.0,2020-09-19,PE-04A,,,True
20211222,20200919,04:20,PUNO,PE-34A,241,DESPISTE,0,0,241.0,2020-09-19,PE-34A,-15.688123573318162,-70.58116609315945,True
20211222,20200919,14:20,MADRE DE DIOS,PE-30C,326,DESPISTE,1,1,326.0,2020-09-19,PE-30C,-12.89654540999993,-69.9855554687292,True
20211222,20200919,14:20,MADRE DE DIOS,PE-30C,326,DESPISTE,1,1,326.0,2020-09-19,PE-30C,-12.89654540999993,-69.9855554687292,True
20211222,20200919,12:00,UCAYALI,PE-5N,372,CHOQUE,0,1,372.0,2020-09-19,PE-5N,-8.900840978102536,-75.33906828627613,True
20211222,20200919,01:22,LAMBAYEQUE,PE-1N,751,DESPISTE,0,0,751.0,2020-09-19,PE-1N,-6.955021328478782,-79.69705929673718,True
20211222,20200920,11:00,LIMA,PE-1NE,16,DESPISTE,0,2,16.0,2020-09-20,PE-1NE,-11.095192826161746,-77.44894823030965,True
20211222,20200920,18:10,CAJAMARCA,PE-08B,21,DESPISTE,0,0,21.0,2020-09-20,PE-08B,-7.140780262805392,-78.36744038155773,True
20211222,20200920,23:30,PIURA,PE-02,27,CHOQUE,2,0,27.0,2020-09-20,PE-02,-5.120720687671423,-80.9144499332093,True
20211222,20200920,16:00,HUANCAVELICA,PE-3SD,28,DESPISTE,0,0,28.0,2020-09-20,PE-3SD,-12.370042572240845,-74.92029631852407,True
20211222,20200920,06:00,LIMA,PE-1S,40,CHOQUE,0,1,40.0,2020-09-20,PE-1S,-12.332258562357815,-76.82078453636468,True
20211222,20200920,17:50,LAMBAYEQUE,PE-06A,44,DESPISTE,0,1,44.0,2020-09-20,PE-06A,-6.74227717449603,-79.51794902723242,True
20211222,20200920,13:03,HUANUCO,PE-18A,46,DESPISTE,0,0,46.0,2020-09-20,PE-18A,-9.723726805982277,-76.0969134540124,True
20211222,20200920,15:20,ANCASH,PE-16,128,DESPISTE,0,2,128.0,2020-09-20,PE-16,-10.121931600999915,-77.29332721199995,True
20211222,20200920,18:20,ICA,PE-1S,322,CHOQUE,0,1,322.0,2020-09-20,PE-1S,-14.271734698163469,-75.68392557161353,True
20211222,20200920,08:20,ANCASH,PE-1N,323,DESPISTE,0,0,323.0,2020-09-20,PE-1N,-9.840055976561358,-78.18228852344514,True
20211222,20200920,06:10,LA LIBERTAD,PE-1N,528,DESPISTE,0,16,528.0,2020-09-20,PE-1N,-8.366744894165262,-78.8691036169041,True
20211222,20200920,03:00,LAMBAYEQUE,PE-1N,845,DESPISTE,0,0,845.0,2020-09-20,PE-1N,-6.367298713905468,-80.20677591665098,True
20211222,20200920,13:50,AREQUIPA,PE-1S,920,DESPISTE,1,0,920.0,2020-09-20,PE-1S,-16.368287893216102,-72.13443973222661,True
20211222,20200920,19:30,PIURA,PE-1NL,1042,DESPISTE,0,3,1042.0,2020-09-20,PE-1NL,,,True
20211222,20200921,18:30,LA LIBERTAD,PE-10A,67,DESPISTE,0,0,67.0,2020-09-21,PE-10A,-7.941487764839038,-78.60192847545727,True
20211222,20200921,08:00,AYACUCHO,PE-30A,168,VOLCADURA,0,0,168.0,2020-09-21,PE-30A,-14.68155695194037,-74.08466071075469,True
20211222,20200921,06:40,LAMBAYEQUE,PE-1N,828,CHOQUE,0,4,828.0,2020-09-21,PE-1N,-6.4779969252610305,-80.10239838586294,True
20211222,20200922,20:53,SAN MARTIN,PE-5NB,9,CHOQUE,0,0,9.0,2020-09-22,PE-5NB,-6.464009216057668,-76.32062546107238,True
20211222,20200922,15:30,ANCASH,AN-111,19,DESPISTE,0,1,19.0,2020-09-22,AN-111,,,True
20211222,20200922,05:45,AREQUIPA,PE-1SE,26,CHOQUE,0,0,26.0,2020-09-22,PE-1SE,-13.632443364978467,-76.17303157857849,True
20211222,20200922,12:15,LIMA,PE-1S,33,DESPISTE,0,1,33.0,2020-09-22,PE-1S,-12.290721215059772,-76.86672373926805,True
20211222,20200922,16:45,JUNIN,PE-22,52,DESPISTE,0,2,52.0,2020-09-22,PE-22,-11.91802660952264,-76.56381610237673,True
20211222,20200922,15:20,JUNIN,PE-3S,77,DESPISTE,0,0,77.0,2020-09-22,PE-3S,-11.808046452021287,-75.49246551529983,True
20211222,20200922,02:07,LIMA,PE-22,83,ESPECIAL,0,0,83.0,2020-09-22,PE-22,-11.81082466554433,-76.34704224389216,True
20211222,20200922,14:50,ICA,PE-30A,85,DESPISTE,1,2,85.0,2020-09-22,PE-30A,-14.664576509635689,-74.43957243839263,True
20211222,20200922,19:35,LIMA,PE-22,109,DESPISTE,0,0,109.0,2020-09-22,PE-22,-11.691899155185,-76.26522503909958,True
20211222,20200922,14:35,LIMA,PE-22,109,CHOQUE,0,5,109.0,2020-09-22,PE-22,-11.691899155185,-76.26522503909958,True
20211222,20200922,20:30,JUNIN,PE-3S,115,CHOQUE,0,3,115.0,2020-09-22,PE-3S,-11.997702574661915,-75.25380198661381,True
20211222,20200922,19:20,TACNA,PE-30A,121,VOLCADURA,0,1,121.0,2020-09-22,PE-30A,-14.613726276134077,-74.26653009657521,True
20211222,20200922,15:56,MOQUEGUA,PE-1SD,234,DESPISTE,0,1,234.0,2020-09-22,PE-1SD,-17.59084860305264,-71.35303765708944,True
20211222,20200922,05:40,HUANUCO,PE-3N,262,DESPISTE,1,1,262.0,2020-09-22,PE-3N,-9.889068326302,-76.43732177262987,True
20211222,20200922,15:00,ANCASH,PE-1N,381,DESPISTE,0,1,381.0,2020-09-22,PE-1N,-9.447642879670099,-78.34907774610983,True
20211222,20200922,19:30,AREQUIPA,PE-1S,507,CHOQUE,0,2,507.0,2020-09-22,PE-1S,-15.339440203156162,-74.89794773693738,True
20211222,20200922,21:40,LA LIBERTAD,PE-1N,544,N.I.,1,1,544.0,2020-09-22,PE-1N,-8.24265869299265,-78.94054643900571,True
20211222,20200922,16:30,LAMBAYEQUE,PE-1N,728,DESPISTE,0,2,728.0,2020-09-22,PE-1N,-7.081916140387877,-79.54162784483653,True
20211222,20200922,17:40,AREQUIPA,PE-1S,751,DESPISTE,0,0,751.0,2020-09-22,PE-1S,-16.3873334304093,-73.2528680980687,True
20211222,20200922,07:15,APURIMAC,PE-30A,862,DESPISTE,1,0,862.0,2020-09-22,PE-30A,,,True
20211222,20200922,02:15,PIURA,PE-1N,1023,DESPISTE,0,3,1023.0,2020-09-22,PE-1N,-4.972443130157558,-80.69820136400146,True
20211222,20200922,21:10,PIURA,PE-1N,1149,DESPISTE,1,0,1149.0,2020-09-22,PE-1N,-4.253634002192125,-81.1987435120042,True
20211222,20200922,14:14,PUNO,PE-1S,1375,CHOQUE,0,3,1375.0,2020-09-22,PE-1S,,,True
20211222,20200923,12:00,AREQUIPA,PE-34F,15,CHOQUE,0,2,15.0,2020-09-23,PE-34F,-14.70638606072901,-71.29971515247107,True
20211222,20200923,14:50,LIMA,PE-22,89,DESPISTE,0,0,89.0,2020-09-23,PE-22,-11.785934556701713,-76.3196812681037,True
20211222,20200923,16:45,UCAYALI,PE-18C,125,DESPISTE,0,0,125.0,2020-09-23,PE-18C,-8.55436178663746,-74.37916956670009,True
20211222,20200923,01:30,LIMA,PE-1N,137,CHOQUE,0,0,137.0,2020-09-23,PE-1N,-11.20835159335499,-77.55910968041177,True
20211222,20200923,09:05,JUNIN,PE-22,155,CHOQUE,0,0,155.0,2020-09-23,PE-22,-11.612978504752132,-76.02648007538045,True
20211222,20200923,14:30,HUANUCO,PE-3N,243,CHOQUE,0,0,243.0,2020-09-23,PE-3N,-9.922702777653683,-76.33366987194385,True
20211222,20200923,07:00,PIURA,PE-1NJ,249,CHOQUE,0,2,249.0,2020-09-23,PE-1NJ,-5.149139400624426,-80.46975906532447,True
20211222,20200923,07:30,APURIMAC,PE-30A,287,DESPISTE,0,2,287.0,2020-09-23,PE-30A,-14.548934182281062,-73.36315462984268,True
20211222,20200923,10:50,APURIMAC,PE-30A,355,CHOQUE,0,3,355.0,2020-09-23,PE-30A,-14.2225310133156,-73.32147874001049,True
20211222,20200923,09:50,ICA,PE-1S,437,DESPISTE,0,3,437.0,2020-09-23,PE-1S,-14.804490580406098,-74.99921898217707,True
20211222,20200923,14:00,AREQUIPA,PE-1S,1040,CHOQUE,0,0,1040.0,2020-09-23,PE-1S,-17.030336733195576,-71.69309277924192,True
20211222,20200924,15:50,AREQUIPA,PE-1S,8,DESPISTE,0,0,8.0,2020-09-24,PE-1S,-12.126955013847736,-76.97700651995017,True
20211222,20200924,11:45,JUNIN,PE-3N,11,DESPISTE,0,0,11.0,2020-09-24,PE-3N,-11.457718254078598,-75.9535502486343,True
20211222,20200924,12:15,PASCO,PE-3N,17,CHOQUE,0,3,17.0,2020-09-24,PE-3N,-11.419506220066799,-75.91903739035295,True
20211222,20200924,13:30,CAJAMARCA,PE-06B,35,DESPISTE,0,2,35.0,2020-09-24,PE-06B,-6.667604458881753,-79.02699436979935,True
20211222,20200924,16:10,HUANUCO,PE-18A,72,CHOQUE,0,2,72.0,2020-09-24,PE-18A,-9.627109527999949,-76.06128130549284,True
20211222,20200924,19:00,LIMA,PE-1N,80,CHOQUE,0,0,80.0,2020-09-24,PE-1N,-11.580768556486749,-77.26134269665921,True
20211222,20200924,16:20,LIMA,PE-22,81,CHOQUE,0,0,81.0,2020-09-24,PE-22,-11.816446982929918,-76.35813220106184,True
20211222,20200924,06:10,LIMA,PE-1N,101,CHOQUE,0,1,101.0,2020-09-24,PE-1N,-11.434020263713897,-77.36146584198876,True
20211222,20200924,10:55,LIMA,PE-22,110,ESPECIAL,0,1,110.0,2020-09-24,PE-22,-11.685662543184964,-76.26051752939492,True
20211222,20200924,11:15,ANCASH,PE-3N,198,CHOQUE,0,1,198.0,2020-09-24,PE-3N,-10.209413284579366,-76.16038841280623,True
20211222,20200924,11:00,MADRE DE DIOS,PE-30C,282,DESPISTE,0,1,282.0,2020-09-24,PE-30C,-12.951206953149633,-70.3041974944561,True
20211222,20200924,17:00,LA LIBERTAD,PE-1N,534,CHOQUE,0,4,534.0,2020-09-24,PE-1N,-8.3215787508266,-78.89908554119539,True
20211222,20200924,12:30,LA LIBERTAD,PE-1N,576,CHOQUE,1,1,576.0,2020-09-24,PE-1N,-8.073218850458721,-79.09267585174236,True
20211222,20200924,08:50,SAN MARTIN,PE-5N,634,DESPISTE,0,2,634.0,2020-09-24,PE-5N,-8.20931834186022,-76.48985248844635,True
20211222,20200925,11:30,CUSCO,PE-28B,29,DESPISTE,0,1,29.0,2020-09-25,PE-28B,-13.007640854865619,-74.11541250582299,True
20211222,20200925,09:40,LA LIBERTAD,PE-10A,51,CHOQUE,0,2,51.0,2020-09-25,PE-10A,-8.001744048139013,-78.68316793371605,True
20211222,20200925,17:30,CAJAMARCA,PE-06B,90,CHOQUE,0,1,90.0,2020-09-25,PE-06B,-6.569758808273588,-78.81583380307825,True
20211222,20200925,06:15,LIMA,PE-1N,108,DESPISTE,0,2,108.0,2020-09-25,PE-1N,-11.391435633881196,-77.39513312660809,True
20211222,20200925,21:20,LIMA,PE-1N,117,CHOQUE,0,1,117.0,2020-09-25,PE-1N,-11.355413761616138,-77.45269330688566,True
20211222,20200925,17:40,ANCASH,PE-3N,120,CHOQUE,0,0,120.0,2020-09-25,PE-3N,-10.707840535166033,-76.23383225987217,True
20211222,20200925,10:10,LIMA,PE-1N,135,DESPISTE,0,5,135.0,2020-09-25,PE-1N,-11.223052958048491,-77.54847131269644,True
20211222,20200925,16:40,PASCO,PE-3N,138,CHOQUE,0,2,138.0,2020-09-25,PE-3N,-10.653887841777696,-76.17181416768078,True
20211222,20200925,07:45,ICA,PE-1S,182,CHOQUE,0,0,182.0,2020-09-25,PE-1S,-13.381252163361523,-76.205281378762,True
20211222,20200925,07:10,LIMA,PE-1N,183,DESPISTE,0,0,183.0,2020-09-25,PE-1N,-10.853315322500634,-77.69194416500103,True
20211222,20200925,09:30,HUANCAVELICA,PE-28A,208,CHOQUE,1,1,208.0,2020-09-25,PE-28A,-13.40575412896069,-74.89852914038065,True
20211222,20200925,21:30,ANCASH,PE-1N,286,CHOQUE,0,0,286.0,2020-09-25,PE-1N,-10.127116850567086,-78.12465946733163,True
20211222,20200925,07:00,APURIMAC,PE-30A,372,DESPISTE,0,2,372.0,2020-09-25,PE-30A,-14.128133475278588,-73.28806197231361,True
20211222,20200926,17:20,CAJAMARCA,PE-3N,14,DESPISTE,0,0,14.0,2020-09-26,PE-3N,-11.438108707670237,-75.93538406184626,True
20211222,20200926,01:20,LIMA,PE-1S,23,DESPISTE,0,0,23.0,2020-09-26,PE-1S,-12.24236550164664,-76.94430819131811,True
20211222,20200926,16:30,CAJAMARCA,PE-06B,46,DESPISTE,0,0,46.0,2020-09-26,PE-06B,-6.63589287479588,-78.99951876763616,True
20211222,20200926,11:30,HUANUCO,PE-18A,95,CHOQUE,0,8,95.0,2020-09-26,PE-18A,-9.50785951150536,-75.93796806067897,True
20211222,20200926,22:20,LIMA,PE-1S,115,ESPECIAL,0,0,115.0,2020-09-26,PE-1S,-12.755272682638774,-76.60501471407265,True
20211222,20200926,17:40,AREQUIPA,PE-34A,178,DESPISTE,0,4,178.0,2020-09-26,PE-34A,-15.766974994482608,-71.00349798013745,True
20211222,20200926,04:00,ANCASH,PE-16,519,DESPISTE,0,0,519.0,2020-09-26,PE-16,,,True
20211222,20200926,17:40,MADRE DE DIOS,PE-30C,522,CHOQUE,0,0,522.0,2020-09-26,PE-30C,-11.835909361342601,-69.1663435290283,True
20211222,20200926,14:00,AREQUIPA,PE-1S,1027,DESPISTE,1,0,1027.0,2020-09-26,PE-1S,-16.983099168541727,-71.75854568999112,True
20211222,20200927,14:30,JUNIN,PE-3S,5,CHOQUE,0,0,5.0,2020-09-27,PE-3S,-11.543649050368941,-75.88276250284709,True
20211222,20200927,21:50,JUNIN,PE-3S,9,DESPISTE,0,0,9.0,2020-09-27,PE-3S,-11.56613102554731,-75.87020563381581,True
20211222,20200927,09:00,LIMA,PE-1N,36,CHOQUE,0,0,36.0,2020-09-27,PE-1N,-11.833657622641407,-77.11324051344288,True
20211222,20200927,06:40,JUNIN,PE-3N,56,CHOQUE,0,2,56.0,2020-09-27,PE-3N,-11.133794755497352,-75.99175209312435,True
20211222,20200927,11:40,JUNIN,PE-22B,86,CHOQUE,0,5,86.0,2020-09-27,PE-22B,-11.168008165295973,-75.43533635939217,True
20211222,20200927,17:25,LIMA,PE-22,117,DESPISTE,0,0,117.0,2020-09-27,PE-22,-11.652992464739166,-76.24041091487405,True
20211222,20200927,17:00,ICA,PE-1S,176,CHOQUE,0,1,176.0,2020-09-27,PE-1S,-13.335469279820346,-76.2346548046786,True
20211222,20200927,17:00,HUANUCO,PE-3N,209,DESPISTE,0,1,209.0,2020-09-27,PE-3N,-10.131497689526853,-76.19998617851664,True
20211222,20200927,07:00,AYACUCHO,PE-3S,295,DESPISTE,1,4,295.0,2020-09-27,PE-3S,-12.792288523254387,-74.48606475572022,True
20211222,20200927,05:55,APURIMAC,PE-30A,355,CHOQUE,0,0,355.0,2020-09-27,PE-30A,-14.2225310133156,-73.32147874001049,True
20211222,20200927,06:11,ANCASH,PE-3N,501,ESPECIAL,0,0,501.0,2020-09-27,PE-3N,-10.119209726567012,-77.29309034175797,True
20211222,20200928,19:30,LORETO,LO-103,5,DESPISTE,0,1,5.0,2020-09-28,LO-103,,,True
20211222,20200928,17:00,UCAYALI,PE-18C,58,CHOQUE,0,2,58.0,2020-09-28,PE-18C,-8.448792958082551,-74.7684471774209,True
20211222,20200928,21:45,LIMA,PE-22,71,CHOQUE,0,1,71.0,2020-09-28,PE-22,-11.8681462217307,-76.42577978838335,True
20211222,20200928,06:45,LIMA,PE-22,76,CHOQUE,0,2,76.0,2020-09-28,PE-22,-11.847607329487989,-76.38924509223335,True
20211222,20200928,12:10,LAMBAYEQUE,PE-1N,93,DESPISTE,0,1,93.0,2020-09-28,PE-1N,-11.47609107102693,-77.30907165078001,True
20211222,20200928,19:30,CUSCO,PE-28B,110,CHOQUE,0,0,110.0,2020-09-28,PE-28B,-12.761760232799595,-73.99672473304585,True
20211222,20200928,18:20,PASCO,PE-3S,134,CHOQUE,0,2,134.0,2020-09-28,PE-3S,-12.1459902069234,-75.22066216878893,True
20211222,20200928,08:00,ANCASH,PE-16,141,DESPISTE,0,1,141.0,2020-09-28,PE-16,,,True
20211222,20200928,01:30,UCAYALI,PE-18C,155,DESPISTE,0,5,155.0,2020-09-28,PE-18C,-8.450625253403755,-74.14366594028894,True
20211222,20200928,11:52,PUNO,PE-34A,191,CHOQUE,0,1,191.0,2020-09-28,PE-34A,-15.763920007262984,-70.90017877269686,True
20211222,20200928,17:00,MADRE DE DIOS,PE-30C,324,CHOQUE,0,1,324.0,2020-09-28,PE-30C,-12.89176091055515,-69.99921662303102,True
20211222,20200928,06:00,ANCASH,PE-1N,447,CHOQUE,0,1,447.0,2020-09-28,PE-1N,-8.960727353378509,-78.62863896945099,True
20211222,20200928,14:30,AREQUIPA,PE-1S,1036,DESPISTE,0,3,1036.0,2020-09-28,PE-1S,-17.02152262208959,-71.70994545252111,True
20211222,20200928,07:00,PUNO,PE-1S,1459,DESPISTE,0,2,1459.0,2020-09-28,PE-1S,,,True
20211222,20200928,06:30,CUSCO,PE-3S,N.I.,ATROPELLO,0,1,,2020-09-28,PE-3S,-15.04301470699994,-70.36600238199992,True
20211222,20200929,10:00,LAMBAYEQUE,PE-1N,49,CHOQUE,0,0,49.0,2020-09-29,PE-1N,-11.739728203313906,-77.13677084462468,True
20211222,20200929,09:55,LIMA,PE-1N,83,CHOQUE,0,2,83.0,2020-09-29,PE-1N,-11.555918348742413,-77.26964221100262,True
20211222,20200929,12:30,LIMA,PE-1S,91,CHOQUE,0,2,91.0,2020-09-29,PE-1S,-12.88030885021823,-76.51103105481899,True
20211222,20200929,18:30,PIURA,PE-1N,128,DESPISTE,0,1,128.0,2020-09-29,PE-1N,-11.274501500106602,-77.5112270888445,True
20211222,20200929,00:26,LIMA,PE-22,130,CHOQUE,0,1,130.0,2020-09-29,PE-22,-11.606218334641854,-76.19768237746943,True
20211222,20200929,16:30,JUNIN,PE-22,132,CHOQUE,0,4,132.0,2020-09-29,PE-22,-11.599434301998855,-76.19350382354745,True
20211222,20200929,06:00,JUNIN,PE-22,149,DESPISTE,0,0,149.0,2020-09-29,PE-22,-11.58940209672629,-76.06908350055834,True
20211222,20200929,05:20,JUNIN,PE-22,154,CHOQUE,0,3,154.0,2020-09-29,PE-22,-11.609307054351873,-76.03421073631003,True
20211222,20200929,15:00,ANCASH,PE-16,182,DESPISTE,0,2,182.0,2020-09-29,PE-16,,,True
20211222,20200929,16:30,PUNO,PE-30A,205,CHOQUE,0,4,205.0,2020-09-29,PE-30A,-14.630200067209293,-73.93720469356388,True
20211222,20200929,00:55,AREQUIPA,PE-1S,603,DESPISTE,0,0,603.0,2020-09-29,PE-1S,-15.814402711349496,-74.31709692140151,True
20211222,20200930,18:00,PIURA,PE-1N,67,CHOQUE,0,0,67.0,2020-09-30,PE-1N,-11.629287743368248,-77.20732481011504,True
20211222,20200930,18:45,LAMBAYEQUE,PE-1NJ,97,DESPISTE,0,1,97.0,2020-09-30,PE-1NJ,-5.9376646919217295,-79.7604699415424,True
20211222,20200930,19:20,ANCASH,PE-3N,100,DESPISTE,0,2,100.0,2020-09-30,PE-3N,-10.839114088891874,-76.18088677579682,True
20211222,20200930,N.I.,CUSCO,PE-28B,134,DESPISTE,0,0,134.0,2020-09-30,PE-28B,-12.725471814696995,-73.90536458540491,True
20211222,20200930,01:40,CAJAMARCA,PE-08,160,DESPISTE,0,0,160.0,2020-09-30,PE-08,-7.25144076067166,-78.47052389192709,True
20211222,20200930,00:00,HUANUCO,PE-3N,212,DESPISTE,0,0,212.0,2020-09-30,PE-3N,-10.107425486492403,-76.2097253373826,True
20211222,20200930,09:55,MADRE DE DIOS,PE-30C,405,CHOQUE,0,0,405.0,2020-09-30,PE-30C,-12.670214547510978,-69.34956360285963,True
20211222,20200930,14:30,SAN MARTIN,PE-5N,656,DESPISTE,0,1,656.0,2020-09-30,PE-5N,-8.143159558523543,-76.58487735609377,True
20211222,20200930,22:05,LAMBAYEQUE,PE-1N,836,CHOQUE,0,0,836.0,2020-09-30,PE-1N,-6.433127447428323,-80.15885199356629,True
20211222,20200930,08:15,APURIMAC,PE-30A,837,DESPISTE,1,0,837.0,2020-09-30,PE-30A,,,True
20211222,20201001,07:00,CAJAMARCA,PE-06B,7,DESPISTE,0,0,7.0,2020-10-01,PE-06B,-6.622337082893417,-79.19998403366135,True
20211222,20201001,06:30,PIURA,PE-02A,8,DESPISTE,0,2,8.0,2020-10-01,PE-02A,-5.228394255237369,-80.04303165507042,True
20211222,20201001,06:30,UCAYALI,PE-18C,19,DESPISTE,0,1,19.0,2020-10-01,PE-18C,-8.688082080781154,-74.99002898925876,True
20211222,20201001,13:20,JUNIN,PE-22B,91,DESPISTE,0,1,91.0,2020-10-01,PE-22B,-11.14623537083567,-75.39982066223845,True
20211222,20201001,19:30,LIMA,PE-1N,127,CHOQUE,0,2,127.0,2020-10-01,PE-1N,-11.281859419863725,-77.50591257113878,True
20211222,20201001,09:20,PUNO,PE-34A,242,DESPISTE,0,0,242.0,2020-10-01,PE-34A,-15.687605555764575,-70.57199889035235,True
20211222,20201001,03:00,MADRE DE DIOS,PE-30C,324,CHOQUE,0,2,324.0,2020-10-01,PE-30C,-12.89176091055515,-69.99921662303102,True
20211222,20201001,18:00,LA LIBERTAD,PE-1N,575,CHOQUE,0,2,575.0,2020-10-01,PE-1N,-8.081814786085582,-79.09494806142825,True
20211222,20201002,08:20,LAMBAYEQUE,PE-1NJ,42,CHOQUE,1,0,42.0,2020-10-02,PE-1NJ,-6.344389190946189,-79.77009993963635,True
20211222,20201002,16:30,LIMA,PE-1N,52,CHOQUE,0,2,52.0,2020-10-02,PE-1N,-11.726303210231407,-77.14402216054684,True
20211222,20201002,07:35,AREQUIPA,PE-34E,71,CHOQUE,0,0,71.0,2020-10-02,PE-34E,-15.525499464451059,-71.41221756597548,True
20211222,20201002,13:00,ANCASH,PE-3N,539,DESPISTE,0,0,539.0,2020-10-02,PE-3N,-9.887273610627316,-77.40388987442252,True
20211222,20201002,11:45,LA LIBERTAD,PE-1N,561,CHOQUE,0,2,561.0,2020-10-02,PE-1N,-8.135919603030302,-79.0264438826703,True
20211222,20201002,10:30,ANCASH,PE-3N,637,CHOQUE,0,1,637.0,2020-10-02,PE-3N,-9.133061702021068,-77.75441559586004,True
20211222,20201003,18:40,LAMBAYEQUE,PE-06A,47,DESPISTE,0,3,47.0,2020-10-03,PE-06A,-6.737679514359059,-79.49844297059359,True
20211222,20201003,14:30,LIMA,PE-1S,99,DESPISTE,0,1,99.0,2020-10-03,PE-1S,-12.947738271549607,-76.50162231777215,True
20211222,20201003,02:00,LIMA,PE-1N,160,CHOQUE,0,2,160.0,2020-10-03,PE-1N,-11.017857707648707,-77.60056932586828,True
20211222,20201003,11:28,ICA,PE-1S,203,CHOQUE,0,6,203.0,2020-10-03,PE-1S,-13.518373190124834,-76.1415493375124,True
20211222,20201003,22:30,LA LIBERTAD,PE-1N,545,CHOQUE,1,2,545.0,2020-10-03,PE-1N,-8.23400482867508,-78.94314710071178,True
20211222,20201003,03:00,AREQUIPA,PE-1S,609,DESPISTE,0,0,609.0,2020-10-03,PE-1S,-15.835614719905324,-74.28651583210313,True
20211222,20201003,16:30,AREQUIPA,PE-1S,701,DESPISTE,0,3,701.0,2020-10-03,PE-1S,-16.227963667201927,-73.63121981352596,True
20211222,20201003,02:30,AREQUIPA,PE-1S,733,CHOQUE,0,0,733.0,2020-10-03,PE-1S,-16.314819523211042,-73.36374756498316,True
20211222,20201003,09:20,LAMBAYEQUE,PE-1N,763,CHOQUE,1,0,763.0,2020-10-03,PE-1N,-6.897959354926432,-79.78890442205001,True
20211222,20201003,19:15,CUSCO,PE-3S,989,CHOQUE,0,3,989.0,2020-10-03,PE-3S,-13.566624639870472,-71.83395092728398,True
20211222,20201003,14:50,CUSCO,PE-3S,1076,CHOQUE,0,2,1076.0,2020-10-03,PE-3S,-14.052086736566118,-71.44809422742675,True
20211222,20201004,17:15,AMAZONAS,PE-08B,27,DESPISTE,0,1,27.0,2020-10-04,PE-08B,-7.116885049654288,-78.33301601367775,True
20211222,20201004,05:30,LIMA,PE-1S,63,ATROPELLO,1,0,63.0,2020-10-04,PE-1S,-12.510461196671754,-76.73568315994434,True
20211222,20201004,22:50,ANCASH,PE-1N,78,DESPISTE,0,1,78.0,2020-10-04,PE-1N,-11.59677375920734,-77.25349743581087,True
20211222,20201004,06:50,LIMA,PE-1S,83,DESPISTE,0,1,83.0,2020-10-04,PE-1S,-12.657015005785903,-76.66304641592922,True
20211222,20201004,22:20,LIMA,PE-1S,122,ATROPELLO,1,0,122.0,2020-10-04,PE-1S,-12.795509215738473,-76.55696284800895,True
20211222,20201004,10:45,JUNIN,PE-3N,151,DESPISTE,0,0,151.0,2020-10-04,PE-3N,-10.563795445964379,-76.19249346998522,True
20211222,20201004,05:00,LIMA,PE-30A,433,DESPISTE,0,0,433.0,2020-10-04,PE-30A,-13.78982362945121,-72.95013258281286,True
20211222,20201004,16:45,SAN MARTIN,PE-04A,691,DESPISTE,0,1,691.0,2020-10-04,PE-04A,,,True
20211222,20201005,05:55,LIMA,PE-1S,5,DESPISTE,0,0,5.0,2020-10-05,PE-1S,-12.100003025159191,-76.97971191909942,True
20211222,20201005,19:00,PUNO,PE-34H,26,CHOQUE,0,0,26.0,2020-10-05,PE-34H,-15.298813093437658,-70.00569398222756,True
20211222,20201005,07:30,LIMA,PE-1S,31,CHOQUE,0,2,31.0,2020-10-05,PE-1S,-12.280991225376972,-76.88222016434416,True
20211222,20201005,13:50,LA LIBERTAD,PE-1N,41,DESPISTE,0,0,41.0,2020-10-05,PE-1N,-11.797283330437022,-77.14182554608263,True
20211222,20201005,09:20,JUNIN,PE-3S,56,CHOQUE,0,2,56.0,2020-10-05,PE-3S,-11.817344434049984,-75.61565164504763,True
20211222,20201005,03:50,JUNIN,PE-3S,63,DESPISTE,0,0,63.0,2020-10-05,PE-3S,-11.783843431820891,-75.57196227815574,True
20211222,20201005,07:50,JUNIN,PE-22,138,CHOQUE,0,0,138.0,2020-10-05,PE-22,-11.601619508043797,-76.14842591009425,True
20211222,20201005,15:10,LIMA,PE-1S,162,DESPISTE,0,3,162.0,2020-10-05,PE-1S,-13.226880327633774,-76.29864690552674,True
20211222,20201005,22:50,UCAYALI,PE-18C,165,DESPISTE,0,1,165.0,2020-10-05,PE-18C,-8.42416784821425,-74.05415157514703,True
20211222,20201005,14:45,MADRE DE DIOS,PE-30C,326,CHOQUE,0,2,326.0,2020-10-05,PE-30C,-12.89654540999993,-69.9855554687292,True
20211222,20201005,14:00,SAN MARTIN,PE-5N,374,DESPISTE,0,1,374.0,2020-10-05,PE-5N,-8.909014684251693,-75.35270342010377,True
20211222,20201005,08:00,CUSCO,PE-3S,1003,CHOQUE,0,7,1003.0,2020-10-05,PE-3S,-13.613770018544832,-71.72332893048815,True
20211222,20201005,06:00,CUSCO,PE-3S,1004,CHOQUE,0,1,1004.0,2020-10-05,PE-3S,-13.618826667347722,-71.71577097571608,True
20211222,20201006,09:20,JUNIN,PE-3N,36,DESPISTE,0,2,36.0,2020-10-06,PE-3N,-11.290414933328238,-75.91486057811836,True
20211222,20201006,07:50,JUNIN,PE-22,154,CHOQUE,0,0,154.0,2020-10-06,PE-22,-11.609307054351873,-76.03421073631003,True
20211222,20201006,22:20,LIMA,PE-1N,164,ATROPELLO,1,0,164.0,2020-10-06,PE-1N,-10.995330002559234,-77.62881923742222,True
20211222,20201006,03:50,LIMA,PE-1N,232,CHOQUE,1,1,232.0,2020-10-06,PE-1N,-10.487248649741053,-77.91427631135876,True
20211222,20201006,09:15,ANCASH,PE-1N,274,CHOQUE,0,2,274.0,2020-10-06,PE-1N,-10.204822671102246,-78.0497228466984,True
20211222,20201006,06:00,LA LIBERTAD,PE-1N,602,ATROPELLO,0,1,602.0,2020-10-06,PE-1N,-7.855679851765026,-79.14248476140533,True
20211222,20201006,20:00,PIURA,PE-1NL,1045,CHOQUE,0,3,1045.0,2020-10-06,PE-1NL,,,True
20211222,20201006,19:30,HUANUCO,PE-3N,N.I.,CHOQUE,0,1,,2020-10-06,PE-3N,-10.33797454799992,-76.1815299989999,True
20211222,20201007,11:30,AMAZONAS,PE-08B,0,CHOQUE,0,1,0.0,2020-10-07,PE-08B,-7.165788028999941,-78.50238335899991,True
20211222,20201007,17:45,JUNIN,PE-3SA,26,DESPISTE,0,0,26.0,2020-10-07,PE-3SA,-11.637061225098675,-75.59811834425413,True
20211222,20201007,21:00,PIURA,PE-02A,50,CHOQUE,0,2,50.0,2020-10-07,PE-02A,-5.417049690754673,-79.79264200405633,True
20211222,20201007,05:15,AREQUIPA,PE-34A,148,ESPECIAL,0,0,148.0,2020-10-07,PE-34A,-15.94342482458369,-71.19185695088338,True
20211222,20201007,15:00,AREQUIPA,PE-34A,179,DESPISTE,1,0,179.0,2020-10-07,PE-34A,-15.764218560835296,-70.99473497219276,True
20211222,20201007,21:20,MADRE DE DIOS,PE-30C,326,CHOQUE,0,1,326.0,2020-10-07,PE-30C,-12.89654540999993,-69.9855554687292,True
20211222,20201008,00:00,JUNIN,PE-3S,6,DESPISTE,0,1,6.0,2020-10-08,PE-3S,-11.551835706045312,-75.88094023259885,True
20211222,20201008,14:30,TACNA,PE-36A,40,DESPISTE,3,0,40.0,2020-10-08,PE-36A,-17.061557113854427,-70.86265669049945,True
20211222,20201008,00:45,CUSCO,PE-3S,57,DESPISTE,1,1,57.0,2020-10-08,PE-3S,-11.812447088772611,-75.60885308812534,True
20211222,20201008,22:35,LIMA,PE-1S,59,ATROPELLO,1,0,59.0,2020-10-08,PE-1S,-12.47686383468592,-76.74833994640858,True
20211222,20201008,10:00,JUNIN,PE-3S,76,CHOQUE,0,1,76.0,2020-10-08,PE-3S,-11.816598209481231,-75.49327317545641,True
20211222,20201008,N.I.,LIMA,PE-1N,84,CHOQUE,0,2,84.0,2020-10-08,PE-1N,-11.55014767325089,-77.27645631319672,True
20211222,20201008,22:50,LIMA,PE-1N,85,CHOQUE,0,2,85.0,2020-10-08,PE-1N,-11.542148320798743,-77.28069405572357,True
20211222,20201008,06:00,LIMA,PE-22,88,CHOQUE,0,0,88.0,2020-10-08,PE-22,-11.783538990587417,-76.32739910660979,True
20211222,20201008,21:50,JUNIN,PE-5S,109,CHOQUE,1,0,109.0,2020-10-08,PE-5S,-11.24087288826374,-74.63435949202135,True
20211222,20201008,03:00,LIMA,PE-22,112,CHOQUE,0,0,112.0,2020-10-08,PE-22,-11.67094606237875,-76.25628872745061,True
20211222,20201008,08:45,PUNO,PE-36A,188,DESPISTE,0,0,188.0,2020-10-08,PE-36A,-16.75599411484428,-69.93342076516886,True
20211222,20201008,10:00,PUNO,PE-34A,192,DESPISTE,0,0,192.0,2020-10-08,PE-34A,-15.760031112871992,-70.89186128530218,True
20211222,20201008,06:30,LIMA,PE-1N,230,DESPISTE,0,4,230.0,2020-10-08,PE-1N,-10.503393189508651,-77.90663997696203,True
20211222,20201008,00:20,AMAZONAS,PE-04A,236,DESPISTE,0,0,236.0,2020-10-08,PE-04A,,,True
20211222,20201008,11:00,ANCASH,PE-1N,246,CHOQUE,0,1,246.0,2020-10-08,PE-1N,-10.40379926547519,-77.97357161774444,True
20211222,20201008,07:45,TACNA,PE-1SD,322,CHOQUE,0,0,322.0,2020-10-08,PE-1SD,-18.056196336222968,-70.7915965208588,True
20211222,20201008,15:50,SAN MARTIN,PE-04A,546,DESPISTE,0,4,546.0,2020-10-08,PE-04A,,,True
20211222,20201008,18:50,SAN MARTIN,PE-04A,748,DESPISTE,0,0,748.0,2020-10-08,PE-04A,,,True
20211222,20201009,08:35,LIMA,PE-1S,27,ATROPELLO,1,0,27.0,2020-10-09,PE-1S,-12.261527902956091,-76.9132123532612,True
20211222,20201009,10:00,JUNIN,PE-22,116,CHOQUE,1,0,116.0,2020-10-09,PE-22,-11.66059649833997,-76.24459348592353,True
20211222,20201009,10:25,LIMA,PE-1N,220,DESPISTE,0,0,220.0,2020-10-09,PE-1N,-10.583791155044143,-77.86865459760094,True
20211222,20201009,21:52,ICA,PE-1S,237,CHOQUE,0,1,237.0,2020-10-09,PE-1S,-13.807825447791846,-76.1520956572427,True
20211222,20201009,17:20,LAMBAYEQUE,PE-1N,729,CHOQUE,1,0,729.0,2020-10-09,PE-1N,-7.076728938673015,-79.54949931784897,True
20211222,20201009,13:50,PIURA,PE-1N,1090,CHOQUE,0,3,1090.0,2020-10-09,PE-1N,-4.648352630744195,-81.1246296883801,True
20211222,20201010,19:00,ANCASH,PE-3N,5,CHOQUE,0,1,5.0,2020-10-10,PE-3N,-11.499670865051586,-75.94005565962021,True
20211222,20201010,14:20,AMAZONAS,LO-103,8,CHOQUE,0,3,8.0,2020-10-10,LO-103,,,True
20211222,20201010,21:30,CAJAMARCA,PE-3N,10,CHOQUE,0,1,10.0,2020-10-10,PE-3N,-11.464105266583998,-75.95954387610044,True
20211222,20201010,06:23,CAJAMARCA,PE-08A,49,CHOQUE,1,1,49.0,2020-10-10,PE-08A,-7.1041941405297,-78.70728156057038,True
20211222,20201010,16:30,PUNO,PE-34H,49,CHOQUE,0,0,49.0,2020-10-10,PE-34H,-15.223755152166047,-69.82653608721326,True
20211222,20201010,23:15,LIMA,PE-1S,56,ESPECIAL,0,0,56.0,2020-10-10,PE-1S,-12.450608204528976,-76.75544581549669,True
20211222,20201010,00:00,CAJAMARCA,PE-08,59,DESPISTE,1,1,59.0,2020-10-10,PE-08,-7.240429866299768,-79.05805768847209,True
20211222,20201010,16:30,ANCASH,AN-111,63,CHOQUE,0,0,63.0,2020-10-10,AN-111,,,True
20211222,20201010,13:42,PUNO,PE-36B,66,DESPISTE,0,1,66.0,2020-10-10,PE-36B,-16.42314720784809,-70.33131926529902,True
20211222,20201010,06:20,LIMA,PE-1N,71,DESPISTE,0,1,71.0,2020-10-10,PE-1N,-11.601556693489234,-77.19738741441675,True
20211222,20201010,21:40,LIMA,PE-1S,80,CHOQUE,0,5,80.0,2020-10-10,PE-1S,-12.631048191835124,-76.66948524888161,True
20211222,20201010,16:35,LIMA,PE-1N,84,CHOQUE,0,1,84.0,2020-10-10,PE-1N,-11.55014767325089,-77.27645631319672,True
20211222,20201010,16:40,LIMA,PE-1S,116,CHOQUE,0,1,116.0,2020-10-10,PE-1S,-12.762402122203678,-76.59937204571224,True
20211222,20201010,22:17,LIMA,PE-1N,120,CHOQUE,0,0,120.0,2020-10-10,PE-1N,-11.333331698094279,-77.46866491820339,True
20211222,20201010,12:30,JUNIN,PE-22,160,DESPISTE,0,0,160.0,2020-10-10,PE-22,-11.622936231693409,-75.98611727057623,True
20211222,20201010,11:00,AMAZONAS,PE-04A,191,DESPISTE,0,2,191.0,2020-10-10,PE-04A,,,True
20211222,20201010,17:50,PUNO,PE-34B,306,CHOQUE,0,1,306.0,2020-10-10,PE-34B,-13.400633504022476,-70.31429641131369,True
20211222,20201010,10:40,APURIMAC,PE-30A,355,DESPISTE,0,9,355.0,2020-10-10,PE-30A,-14.2225310133156,-73.32147874001049,True
20211222,20201010,12:00,APURIMAC,PE-3S,433,DESPISTE,0,0,433.0,2020-10-10,PE-3S,-13.346880597888896,-74.14760685008255,True
20211222,20201010,13:40,SAN MARTIN,PE-04A,452,CHOQUE,0,1,452.0,2020-10-10,PE-04A,,,True
20211222,20201010,15:30,APURIMAC,PE-3S,702,DESPISTE,0,3,702.0,2020-10-10,PE-3S,-13.620966192116779,-73.13730099924835,True
20211222,20201010,06:00,LAMBAYEQUE,PE-1N,725,N.I.,0,0,725.0,2020-10-10,PE-1N,-7.097240976100551,-79.51818923509677,True
20211222,20201010,12:05,SAN MARTIN,PE-5N,748,CHOQUE,0,1,748.0,2020-10-10,PE-5N,-7.590427944235959,-76.68514748928845,True
20211222,20201010,17:55,SAN MARTIN,PE-5N,751,ATROPELLO,0,1,751.0,2020-10-10,PE-5N,-7.571570969437662,-76.69807147205621,True
20211222,20201011,12:00,AMAZONAS,LO-103,2,CHOQUE,0,3,2.0,2020-10-11,LO-103,,,True
20211222,20201011,02:30,LIMA,PE-1NA,8,CHOQUE,0,0,8.0,2020-10-11,PE-1NA,-11.71979040106858,-77.1779617640266,True
20211222,20201011,16:00,CUSCO,PE-34E,10,VOLCADURA,0,0,10.0,2020-10-11,PE-34E,-15.98021920898444,-71.38222639140666,True
20211222,20201011,11:00,LA LIBERTAD,PE-10A,24,CHOQUE,0,2,24.0,2020-10-11,PE-10A,-8.042265255260194,-78.84533302594123,True
20211222,20201011,01:15,LIMA,PE-1NE,29,DESPISTE,0,3,29.0,2020-10-11,PE-1NE,-11.11543526027691,-77.33319835051157,True
20211222,20201011,10:00,ICA,PE-1S,193,CHOQUE,0,4,193.0,2020-10-11,PE-1S,-13.428316368151357,-76.13391851772329,True
20211222,20201011,14:40,PUNO,PE-30A,210,DESPISTE,0,0,210.0,2020-10-11,PE-30A,-14.61952939587775,-73.89940571611207,True
20211222,20201011,04:00,PUNO,PE-34A,231,DESPISTE,0,2,231.0,2020-10-11,PE-34A,-15.669950787476946,-70.65232059835469,True
20211222,20201011,10:50,PUNO,PE-34A,246,DESPISTE,0,0,246.0,2020-10-11,PE-34A,-15.689304318681092,-70.54350698626436,True
20211222,20201011,09:00,AMAZONAS,PE-04A,283,DESPISTE,0,1,283.0,2020-10-11,PE-04A,,,True
20211222,20201011,18:20,PUNO,PE-34A,296,DESPISTE,0,1,296.0,2020-10-11,PE-34A,-15.508644634672414,-70.16676695200867,True
20211222,20201011,02:30,LA LIBERTAD,PE-1N,521,CHOQUE,1,0,521.0,2020-10-11,PE-1N,-8.406576634477572,-78.82284018698138,True
20211222,20201011,10:15,MOQUEGUA,PE-1S,1261,CHOQUE,0,1,1261.0,2020-10-11,PE-1S,-17.86799125519044,-70.46875736147983,True
20211222,20201011,22:30,TACNA,PE-1S,1305,DESPISTE,0,1,1305.0,2020-10-11,PE-1S,-18.112302680551988,-70.32302684964836,True
20211222,20201012,06:30,ANCASH,AN-106,5,DESPISTE,0,0,5.0,2020-10-12,AN-106,,,True
20211222,20201012,16:30,LAMBAYEQUE,PE-08,11,CHOQUE,1,1,11.0,2020-10-12,PE-08,-7.312413082236773,-79.38407659179987,True
20211222,20201012,21:40,LAMBAYEQUE,PE-1NJ,61,DESPISTE,0,2,61.0,2020-10-12,PE-1NJ,-6.191758804848394,-79.69885059303739,True
20211222,20201012,19:40,JUNIN,PE-22B,62,DESPISTE,0,5,62.0,2020-10-12,PE-22B,-11.280256803858363,-75.56408697341854,True
20211222,20201012,13:45,ICA,PE-30A,78,DESPISTE,0,1,78.0,2020-10-12,PE-30A,-14.685439026553302,-74.49969013368549,True
20211222,20201012,10:40,LIMA,PE-22,87,DESPISTE,0,0,87.0,2020-10-12,PE-22,-11.78573755939325,-76.33445596411033,True
20211222,20201012,16:20,LIMA,PE-1S,98,DESPISTE,0,1,98.0,2020-10-12,PE-1S,-12.940814856339193,-76.4963256343087,True
20211222,20201012,15:50,CAJAMARCA,PE-08B,107,CHOQUE,0,3,107.0,2020-10-12,PE-08B,-6.883676277515013,-78.13319655892549,True
20211222,20201012,11:10,PUNO,PE-34B,279,DESPISTE,0,3,279.0,2020-10-12,PE-34B,-13.512157669772638,-70.42316078377267,True
20211222,20201012,14:20,PUNO,PE-34B,280,DESPISTE,0,1,280.0,2020-10-12,PE-34B,-13.504341939579836,-70.42105109989194,True
20211222,20201012,18:55,SAN MARTIN,PE-04A,527,CHOQUE,0,2,527.0,2020-10-12,PE-04A,,,True
20211222,20201013,16:30,ANCASH,PE-3N,5,CHOQUE,0,2,5.0,2020-10-13,PE-3N,-11.499670865051586,-75.94005565962021,True
20211222,20201013,12:30,JUNIN,PE-3N,15,DESPISTE,0,1,15.0,2020-10-13,PE-3N,-11.430433706385607,-75.93105274231849,True
20211222,20201013,10:20,UCAYALI,PE-04A,20,CHOQUE,0,5,20.0,2020-10-13,PE-04A,-6.0123556390871915,-80.39430387284092,True
20211222,20201013,13:10,CUSCO,CU-117,25,CHOQUE,0,0,25.0,2020-10-13,CU-117,,,True
20211222,20201013,11:30,AYACUCHO,PE-30A,52,CHOQUE,0,1,52.0,2020-10-13,PE-30A,-14.805248839691707,-74.65916397035039,True
20211222,20201013,14:50,JUNIN,PE-22,143,DESPISTE,0,0,143.0,2020-10-13,PE-22,-11.599821445816865,-76.11559081630975,True
20211222,20201013,10:50,ANCASH,PE-3N,543,ATROPELLO,0,0,543.0,2020-10-13,PE-3N,-9.828876758850917,-77.41517054866746,True
20211222,20201014,09:30,CAJAMARCA,PE-08,4,DESPISTE,0,2,4.0,2020-10-14,PE-08,-7.305320695622958,-79.4436841351599,True
20211222,20201014,07:15,JUNIN,PE-3S,8,CHOQUE,0,1,8.0,2020-10-14,PE-3S,-11.562452109731616,-75.87145015420676,True
20211222,20201014,05:15,PUNO,PU-120,14,DESPISTE,0,1,14.0,2020-10-14,PU-120,,,True
20211222,20201014,18:50,PIURA,PE-02,28,CHOQUE,0,2,28.0,2020-10-14,PE-02,-5.120422622747461,-80.92346975580344,True
20211222,20201014,03:00,PIURA,PE-1N,61,DESPISTE,0,1,61.0,2020-10-14,PE-1N,-11.674581230537576,-77.18383697596562,True
20211222,20201014,20:55,JUNIN,PE-3S,72,DESPISTE,0,5,72.0,2020-10-14,PE-3S,-11.816102776020047,-75.51220757297384,True
20211222,20201014,07:30,TACNA,PE-1SD,73,DESPISTE,0,3,73.0,2020-10-14,PE-1SD,-16.87995998759614,-72.18780060896756,True
20211222,20201014,09:50,JUNIN,PE-3N,138,DESPISTE,0,3,138.0,2020-10-14,PE-3N,-10.653887841777696,-76.17181416768078,True
20211222,20201014,17:00,AYACUCHO,PE-3S,209,DESPISTE,0,5,209.0,2020-10-14,PE-3S,-12.531561998156372,-74.87938468453564,True
20211222,20201014,02:30,LA LIBERTAD,PE-10C,216,DESPISTE,0,1,216.0,2020-10-14,PE-10C,-8.197210668257293,-77.33068442678842,True
20211222,20201014,07:30,ANCASH,PE-1N,394,DESPISTE,0,4,394.0,2020-10-14,PE-1N,-9.341721331751222,-78.39722500647831,True
20211222,20201014,14:50,ICA,PE-1S,397,CHOQUE,0,2,397.0,2020-10-14,PE-1S,-14.54606271777463,-75.1872474195538,True
20211222,20201014,17:30,AYACUCHO,PE-3S,444,DESPISTE,0,2,444.0,2020-10-14,PE-3S,-13.367562454032749,-74.08089025806099,True
20211222,20201014,05:15,LA LIBERTAD,PE-1N,479,DESPISTE,0,0,479.0,2020-10-14,PE-1N,-8.683219668536625,-78.63136977013599,True
20211222,20201014,11:00,MADRE DE DIOS,PE-30C,486,DESPISTE,0,0,486.0,2020-10-14,PE-30C,-12.124977979562066,-69.1214146877223,True
20211222,20201014,10:30,LA LIBERTAD,PE-1N,562,CHOQUE,0,2,562.0,2020-10-14,PE-1N,-8.144277686822818,-79.02811807282859,True
20211222,20201014,07:15,TACNA,PE-1S,1323,DESPISTE,0,0,1323.0,2020-10-14,PE-1S,-18.269718192961356,-70.31907975368884,True
20211222,20201015,07:10,CAJAMARCA,PE-3N,7,DESPISTE,0,1,7.0,2020-10-15,PE-3N,-11.48544490298403,-75.94922978480228,True
20211222,20201015,09:30,AREQUIPA,PE-1SD,23,DESPISTE,0,0,23.0,2020-10-15,PE-1SD,-16.696312986938654,-72.46594737546697,True
20211222,20201015,05:40,JUNIN,PE-3N,41,DESPISTE,0,0,41.0,2020-10-15,PE-3N,-11.2504444840889,-75.93019390648858,True
20211222,20201015,12:50,JUNIN,PE-3N,52,DESPISTE,0,2,52.0,2020-10-15,PE-3N,-11.169714891653584,-75.98834026297382,True
20211222,20201015,08:00,LA LIBERTAD,PE-10A,67,DESPISTE,0,1,67.0,2020-10-15,PE-10A,-7.941487764839038,-78.60192847545727,True
20211222,20201015,19:45,CUSCO,PE-3S,89,DESPISTE,0,0,89.0,2020-10-15,PE-3S,-11.827035675803392,-75.406205093045,True
20211222,20201015,N.I.,CAJAMARCA,PE-1N,91,CHOQUE,0,3,91.0,2020-10-15,PE-1N,-11.493239872762386,-77.30375846221524,True
20211222,20201015,08:20,PASCO,PE-3N,125,DESPISTE,0,1,125.0,2020-10-15,PE-3N,-10.692339407768515,-76.22141902752456,True
20211222,20201015,17:15,LIMA,PE-1S,165,CHOQUE,0,1,165.0,2020-10-15,PE-1S,-13.249650866012217,-76.28420145920819,True
20211222,20201015,12:00,ICA,PE-1S,202,DESPISTE,0,0,202.0,2020-10-15,PE-1S,-13.509412893205932,-76.14150131641694,True
20211222,20201015,12:40,HUANUCO,PE-5N,463,DESPISTE,0,3,463.0,2020-10-15,PE-5N,-9.215218061031333,-75.82926498939217,True
20211222,20201015,14:45,SAN MARTIN,PE-5N,556,CHOQUE,0,2,556.0,2020-10-15,PE-5N,-8.751196494023976,-76.21851278577248,True
20211222,20201015,08:40,SAN MARTIN,PE-5N,557,CHOQUE,0,1,557.0,2020-10-15,PE-5N,-8.74682704047116,-76.22617679566986,True
20211222,20201015,12:30,APURIMAC,PE-3S,682,CHOQUE,0,2,682.0,2020-10-15,PE-3S,-13.695725366317088,-73.14756502853143,True
20211222,20201015,05:50,MOQUEGUA,PE-1S,1167,DESPISTE,0,0,1167.0,2020-10-15,PE-1S,-17.43062063300712,-71.04812623724327,True
20211222,20201016,19:30,AMAZONAS,PE-5N,6,CHOQUE,0,1,6.0,2020-10-16,PE-5N,-10.922006504425562,-75.28650808115127,True
20211222,20201016,04:35,JUNIN,PE-3N,22,CHOQUE,0,4,22.0,2020-10-16,PE-3N,-11.401326721103267,-75.88291158832953,True
20211222,20201016,10:00,TACNA,PE-1SD,42,DESPISTE,0,0,42.0,2020-10-16,PE-1SD,-16.757456495706553,-72.35779251451436,True
20211222,20201016,13:00,HUANUCO,PE-18A,46,CHOQUE,0,0,46.0,2020-10-16,PE-18A,-9.723726805982277,-76.0969134540124,True
20211222,20201016,21:40,JUNIN,PE-3N,57,DESPISTE,2,4,57.0,2020-10-16,PE-3N,-11.124831846456757,-75.99283434539717,True
20211222,20201016,22:50,CUSCO,PE-34J,62,DESPISTE,0,1,62.0,2020-10-16,PE-34J,-15.27518597962527,-71.1421731380608,True
20211222,20201016,12:00,LIMA,PE-1S,74,DESPISTE,0,1,74.0,2020-10-16,PE-1S,-12.583321559051027,-76.6725000293231,True
20211222,20201016,01:30,HUANUCO,PE-18A,90,DESPISTE,0,0,90.0,2020-10-16,PE-18A,-9.530960181474148,-75.97085858819224,True
20211222,20201016,06:30,PIURA,PE-1N,104,DESPISTE,0,0,104.0,2020-10-16,PE-1N,-11.411127109563516,-77.37555094068351,True
20211222,20201016,05:48,JUNIN,PE-3S,104,DESPISTE,0,3,104.0,2020-10-16,PE-3S,-11.92632266826794,-75.31591734974911,True
20211222,20201016,21:55,LIMA,PE-22,107,CHOQUE,0,0,107.0,2020-10-16,PE-22,-11.705646773117046,-76.26740401394007,True
20211222,20201016,12:30,JUNIN,PE-22,154,DESPISTE,0,1,154.0,2020-10-16,PE-22,-11.609307054351873,-76.03421073631003,True
20211222,20201016,04:00,ICA,PE-1S,223,DESPISTE,0,0,223.0,2020-10-16,PE-1S,-13.688996272130044,-76.15742611440658,True
20211222,20201016,21:20,MADRE DE DIOS,PE-30C,318,CHOQUE,0,1,318.0,2020-10-16,PE-30C,-12.88500980482594,-70.0459349931954,True
20211222,20201016,08:30,APURIMAC,PE-30A,430,ESPECIAL,0,0,430.0,2020-10-16,PE-30A,-13.810567689635988,-72.9588519732272,True
20211222,20201016,17:50,AREQUIPA,PE-1S,599,CHOQUE,0,2,599.0,2020-10-16,PE-1S,-15.81945797209469,-74.34752138872642,True
20211222,20201016,17:50,AREQUIPA,PE-1S,633,CHOQUE,0,1,633.0,2020-10-16,PE-1S,-15.918975935138107,-74.12471145695262,True
20211222,20201016,08:00,PUNO,PE-3S,1322,ATROPELLO,1,0,1322.0,2020-10-16,PE-3S,-15.524148053543467,-70.10874696877008,True
20211222,20201017,15:00,TACNA,PE-22B,27,DESPISTE,1,0,27.0,2020-10-17,PE-22B,-11.418178708991967,-75.74038888771813,True
20211222,20201017,15:15,JUNIN,PE-22B,28,DESPISTE,1,1,28.0,2020-10-17,PE-22B,-11.417674141497614,-75.73151043400979,True
20211222,20201017,05:00,LAMBAYEQUE,PE-1N,43,ATROPELLO,0,1,43.0,2020-10-17,PE-1N,-11.784974397177368,-77.15432990082249,True
20211222,20201017,22:00,PIURA,PI-102,57,CHOQUE,0,0,57.0,2020-10-17,PI-102,,,True
20211222,20201017,16:00,AREQUIPA,PE-34A,84,VOLCADURA,0,0,84.0,2020-10-17,PE-34A,-16.105249999999955,-71.6176720544646,True
20211222,20201017,13:50,ANCASH,PE-16,99,CHOQUE,0,2,99.0,2020-10-17,PE-16,-10.141185775291003,-77.38946211217369,True
20211222,20201017,06:00,AREQUIPA,PE-34A,127,CHOQUE,0,0,127.0,2020-10-17,PE-34A,-16.03723112705968,-71.29994178451123,True
20211222,20201017,16:00,AREQUIPA,PE-34A,182,DESPISTE,0,4,182.0,2020-10-17,PE-34A,-15.762128976807965,-70.9698872532973,True
20211222,20201017,18:30,MADRE DE DIOS,PE-30C,396,CHOQUE,1,0,396.0,2020-10-17,PE-30C,-12.698424348054695,-69.42776626891717,True
20211222,20201017,06:00,ICA,PE-1S,433,DESPISTE,0,2,433.0,2020-10-17,PE-1S,-14.782190895803247,-75.02836588073137,True
20211222,20201017,06:30,AREQUIPA,PE-34A,523,CHOQUE,0,0,523.0,2020-10-17,PE-34A,,,True
20211222,20201017,16:00,AREQUIPA,PE-30,657,DESPISTE,0,0,657.0,2020-10-17,PE-30,,,True
20211222,20201017,23:00,MOQUEGUA,PE-1S,712,CHOQUE,0,1,712.0,2020-10-17,PE-1S,-16.25377554126966,-73.53441202656194,True
20211222,20201017,06:45,LIMA,PE-1N,814,DESPISTE,0,0,814.0,2020-10-17,PE-1N,-6.556115407209076,-80.00311018129018,True
20211222,20201017,06:00,CUSCO,PE-3S,881,DESPISTE,0,0,881.0,2020-10-17,PE-3S,-13.532534422216848,-72.5166918009744,True
20211222,20201017,15:00,PIURA,PE-1N,1002,CHOQUE,1,0,1002.0,2020-10-17,PE-1N,-5.156341736065256,-80.69429285325135,True
20211222,20201017,05:30,AMAZONAS,PE-5N,1285,DESPISTE,0,0,1285.0,2020-10-17,PE-5N,-5.898821951310515,-78.15886689613646,True
20211222,20201018,11:20,CAJAMARCA,PE-5N,5,DESPISTE,0,0,5.0,2020-10-18,PE-5N,-10.926699476833056,-75.28036326294095,True
20211222,20201018,10:40,LORETO,LO-103,8,CHOQUE,0,4,8.0,2020-10-18,LO-103,,,True
20211222,20201018,20:00,LIMA,PE-1NE,16,DESPISTE,0,2,16.0,2020-10-18,PE-1NE,-11.095192826161746,-77.44894823030965,True
20211222,20201018,08:45,LIMA,PE-22,97,DESPISTE,1,1,97.0,2020-10-18,PE-22,-11.749547458497183,-76.29229812539438,True
20211222,20201018,18:00,ANCASH,PE-3N,116,DESPISTE,0,0,116.0,2020-10-18,PE-3N,-10.733171966811332,-76.25302738234421,True
20211222,20201018,18:30,JUNIN,PE-3N,141,CHOQUE,0,0,141.0,2020-10-18,PE-3N,-10.644652000049817,-76.16915310362789,True
20211222,20201018,06:00,LIMA,PE-1N,164,DESPISTE,0,0,164.0,2020-10-18,PE-1N,-10.995330002559234,-77.62881923742222,True
20211222,20201018,06:15,CAJAMARCA,PE-04C,177,DESPISTE,0,0,177.0,2020-10-18,PE-04C,,,True
20211222,20201018,17:10,ICA,PE-1S,186,ATROPELLO,0,2,186.0,2020-10-18,PE-1S,-13.413397208384122,-76.18864368453282,True
20211222,20201018,08:15,ICA,PE-1S,203,DESPISTE,0,4,203.0,2020-10-18,PE-1S,-13.518373190124834,-76.1415493375124,True
20211222,20201018,04:45,PUNO,PE-34A,226,CHOQUE,0,2,226.0,2020-10-18,PE-34A,-15.643352517787386,-70.68652367946481,True
20211222,20201018,13:45,SAN MARTIN,PE-04A,379,CHOQUE,0,0,379.0,2020-10-18,PE-04A,,,True
20211222,20201018,17:30,MADRE DE DIOS,PE-30C,403,CHOQUE,0,2,403.0,2020-10-18,PE-30C,-12.67648712487141,-69.36720415570552,True
20211222,20201018,21:30,SAN MARTIN,PE-5N,648,DESPISTE,0,0,648.0,2020-10-18,PE-5N,-8.198078432004689,-76.59608063128248,True
20211222,20201018,16:00,MOQUEGUA,PE-1S,1233,VOLCADURA,0,0,1233.0,2020-10-18,PE-1S,-17.778825685037788,-70.71292064424603,True
20211222,20201019,06:30,JUNIN,PE-3S,93,ATROPELLO,0,1,93.0,2020-10-19,PE-3S,-11.85293783164589,-75.3809574280571,True
20211222,20201019,23:50,LIMA,PE-1S,99,CHOQUE,1,3,99.0,2020-10-19,PE-1S,-12.947738271549607,-76.50162231777215,True
20211222,20201019,13:30,LAMBAYEQUE,PE-06A,133,CHOQUE,0,1,133.0,2020-10-19,PE-06A,-6.527091690600726,-79.10111731654706,True
20211222,20201019,19:00,PIURA,PE-1NJ,191,CHOQUE,0,1,191.0,2020-10-19,PE-1NJ,-5.248732497721504,-80.11088649512537,True
20211222,20201019,22:40,PIURA,PE-1NJ,199,CHOQUE,0,2,199.0,2020-10-19,PE-1NJ,-5.1791851526725345,-80.5679952728051,True
20211222,20201019,23:20,PUNO,PE-34A,217,CHOQUE,0,0,217.0,2020-10-19,PE-34A,-15.66196317727185,-70.75773300170275,True
20211222,20201019,12:50,ICA,PE-1S,290,CHOQUE,0,1,290.0,2020-10-19,PE-1S,-14.010245210882806,-75.76528016364195,True
20211222,20201019,05:30,APURIMAC,PE-30A,302,DESPISTE,0,1,302.0,2020-10-19,PE-30A,-14.498017982348815,-73.26504867860491,True
20211222,20201019,06:20,MADRE DE DIOS,PE-30C,374,CHOQUE,1,0,374.0,2020-10-19,PE-30C,-12.785137561623095,-69.60800016296639,True
20211222,20201019,17:45,LA LIBERTAD,PE-1N,475,DESPISTE,0,0,475.0,2020-10-19,PE-1N,-8.715907957629412,-78.63652059304766,True
20211222,20201019,11:30,HUANUCO,PE-5N,541,DESPISTE,0,0,541.0,2020-10-19,PE-5N,-8.770288428744477,-76.12327869596176,True
20211222,20201019,N.I.,LAMBAYEQUE,PE-1N,802,DESPISTE,0,0,802.0,2020-10-19,PE-1N,-6.646869475128237,-79.94412240228854,True
20211222,20201019,16:20,CUSCO,PE-3S,1018,CHOQUE,0,3,1018.0,2020-10-19,PE-3S,-13.685419005544604,-71.62986210797226,True
20211222,20201019,11:00,PUNO,PE-3S,1411,CHOQUE,0,1,1411.0,2020-10-19,PE-3S,-16.060367801444922,-69.69391936859921,True
20211222,20201020,13:30,PIURA,PE-1N,10,CHOQUE,0,0,10.0,2020-10-20,PE-1N,-12.03649302662419,-77.04350242791477,True
20211222,20201020,19:50,LIMA,PE-1N,45,CHOQUE,0,2,45.0,2020-10-20,PE-1N,-11.76805645197359,-77.15871594110817,True
20211222,20201020,18:00,CAJAMARCA,PE-08B,108,DESPISTE,0,4,108.0,2020-10-20,PE-08B,-6.885098680718455,-78.13128652743464,True
20211222,20201020,17:00,APURIMAC,PE-30B,134,DESPISTE,0,0,134.0,2020-10-20,PE-30B,-13.843062214070176,-73.37792841019467,True
20211222,20201020,20:00,CUSCO,PE-28B,157,DESPISTE,0,0,157.0,2020-10-20,PE-28B,-12.626023859684572,-73.85286691626074,True
20211222,20201020,23:00,JUNIN,PE-22,161,DESPISTE,0,0,161.0,2020-10-20,PE-22,-11.614820939246561,-75.98319017965146,True
20211222,20201020,06:30,APURIMAC,PE-3S,853,CHOQUE,0,1,853.0,2020-10-20,PE-3S,-13.547669191267852,-72.67252169071087,True
20211222,20201020,12:50,CUSCO,PE-3S,915,CHOQUE,0,4,915.0,2020-10-20,PE-3S,-13.446634264814122,-72.38749276772973,True
20211222,20201020,14:30,AMAZONAS,PE-5N,1331,CHOQUE,0,0,1331.0,2020-10-20,PE-5N,-5.714474093398765,-78.49332301250375,True
20211222,20201020,01:30,PUNO,PE-3S,1487,CHOQUE,0,1,1487.0,2020-10-20,PE-3S,-16.41426078165786,-69.18501578752816,True
20211222,20201021,19:00,ICA,PE-28,20,CHOQUE,1,0,20.0,2020-10-21,PE-28,-13.867361864261786,-76.28392570778742,True
20211222,20201021,18:30,PIURA,PI-102,51,CHOQUE,0,2,51.0,2020-10-21,PI-102,,,True
20211222,20201021,05:20,JUNIN,PE-3S,83,CHOQUE,0,3,83.0,2020-10-21,PE-3S,-11.796344157214895,-75.4503697785321,True
20211222,20201021,14:20,LIMA,PE-22,110,DESPISTE,0,0,110.0,2020-10-21,PE-22,-11.685662543184964,-76.26051752939492,True
20211222,20201021,12:45,ICA,PE-30A,117,CHOQUE,0,1,117.0,2020-10-21,PE-30A,-14.601236145511475,-74.2822081225112,True
20211222,20201021,18:30,LIMA,PE-1N,141,DESPISTE,0,0,141.0,2020-10-21,PE-1N,-11.178598935181054,-77.57986493805302,True
20211222,20201021,23:30,JUNIN,PE-22,154,DESPISTE,0,0,154.0,2020-10-21,PE-22,-11.609307054351873,-76.03421073631003,True
20211222,20201021,04:00,CUSCO,CU-113,170,DESPISTE,1,1,170.0,2020-10-21,CU-113,,,True
20211222,20201021,06:30,ICA,PE-1S,186,DESPISTE,0,0,186.0,2020-10-21,PE-1S,-13.413397208384122,-76.18864368453282,True
20211222,20201021,18:00,PUNO,PE-34B,265,DESPISTE,0,0,265.0,2020-10-21,PE-34B,-13.607042869743141,-70.44893405014717,True
20211222,20201021,04:30,LA LIBERTAD,PE-1N,513,CHOQUE,0,2,513.0,2020-10-21,PE-1N,-8.437957350809187,-78.75985440911168,True
20211222,20201021,05:30,ANCASH,PE-3N,587,DESPISTE,0,2,587.0,2020-10-21,PE-3N,-9.468249289334093,-77.53876857068713,True
20211222,20201021,17:40,LAMBAYEQUE,PE-1N,696,CHOQUE,0,2,696.0,2020-10-21,PE-1N,-7.276623755521006,-79.4759643906095,True
20211222,20201021,N.I.,LAMBAYEQUE,PE-1N,852,DESPISTE,0,1,852.0,2020-10-21,PE-1N,-6.316103252866865,-80.24402438894595,True
20211222,20201021,18:10,PIURA,PE-1N,917,CHOQUE,1,1,917.0,2020-10-21,PE-1N,-5.861958163814628,-80.53656378303414,True
20211222,20201021,17:20,PUNO,PE-3S,1152,DESPISTE,0,0,1152.0,2020-10-21,PE-3S,-14.48117322613962,-70.99733471430953,True
20211222,20201021,10:25,PUNO,PE-3S,1455,VOLCADURA,0,0,1455.0,2020-10-21,PE-3S,-16.23080737245432,-69.38127558331071,True
20211222,20201022,08:40,PIURA,PE-02A,7,CHOQUE,0,1,7.0,2020-10-22,PE-02A,-5.2313680893775585,-80.05153235487988,True
20211222,20201022,10:10,AREQUIPA,PE-34F,7,VOLCADURA,0,0,7.0,2020-10-22,PE-34F,-14.737448579440246,-71.35128437981572,True
20211222,20201022,09:50,LIMA,PE-22,100,CHOQUE,0,0,100.0,2020-10-22,PE-22,-11.737069789934658,-76.27081716074291,True
20211222,20201022,17:50,LIMA,PE-1N,124,DESPISTE,0,2,124.0,2020-10-22,PE-1N,-11.303918968677841,-77.48994919599751,True
20211222,20201022,12:30,LA LIBERTAD,PE-3N,156,DESPISTE,0,1,156.0,2020-10-22,PE-3N,-10.52387290658058,-76.1794859513271,True
20211222,20201022,14:20,UCAYALI,PE-04A,190,ESPECIAL,5,3,190.0,2020-10-22,PE-04A,,,True
20211222,20201022,12:30,ANCASH,PE-3N,193,DESPISTE,0,0,193.0,2020-10-22,PE-3N,-10.247440070915488,-76.15144060000974,True
20211222,20201022,06:30,LA LIBERTAD,PE-1N,464,DESPISTE,0,0,464.0,2020-10-22,PE-1N,-8.81156269687268,-78.65229282260229,True
20211222,20201022,01:00,LA LIBERTAD,PE-1N,648,CHOQUE,0,0,648.0,2020-10-22,PE-1N,-7.549405928121984,-79.38407298227577,True
20211222,20201022,08:31,SAN MARTIN,PE-5N,653,ESPECIAL,0,0,653.0,2020-10-22,PE-5N,-8.169162052993991,-76.5775829130916,True
20211222,20201022,11:15,AREQUIPA,PE-1S,698,ESPECIAL,0,0,698.0,2020-10-22,PE-1S,-16.223407336638946,-73.65746493845643,True
20211222,20201022,21:20,AREQUIPA,PE-1S,724,CHOQUE,0,0,724.0,2020-10-22,PE-1S,-16.28673547362288,-73.4370829347178,True
20211222,20201022,21:40,AREQUIPA,PE-1S,733,DESPISTE,0,0,733.0,2020-10-22,PE-1S,-16.314819523211042,-73.36374756498316,True
20211222,20201022,13:15,APURIMAC,PE-3S,858,DESPISTE,1,0,858.0,2020-10-22,PE-3S,-13.541881053419111,-72.66471507505936,True
20211222,20201022,22:35,PUNO,PE-3S,1369,CHOQUE,0,1,1369.0,2020-10-22,PE-3S,-15.863368241478826,-69.98537895370838,True
20211222,20201023,05:40,TACNA,PE-1SD,15,DESPISTE,0,0,15.0,2020-10-23,PE-1SD,-16.680774374593856,-72.52720402081167,True
20211222,20201023,12:25,PUNO,PE-34H,43,CHOQUE,0,3,43.0,2020-10-23,PE-34H,-15.256194593757785,-69.86356406417016,True
20211222,20201023,23:45,AREQUIPA,PE-34A,63,VOLCADURA,1,0,63.0,2020-10-23,PE-34A,-16.24108744454076,-71.66959297781624,True
20211222,20201023,14:00,CUSCO,PE-28B,102,CHOQUE,0,4,102.0,2020-10-23,PE-28B,-12.796497827688338,-73.99184834185104,True
20211222,20201023,18:30,ANCASH,PE-3N,115,CHOQUE,0,3,115.0,2020-10-23,PE-3N,-10.739998452184475,-76.25884670660761,True
20211222,20201023,16:20,ANCASH,PE-3N,117,CHOQUE,0,0,117.0,2020-10-23,PE-3N,-10.72486205220401,-76.25193860439127,True
20211222,20201023,19:00,CAJAMARCA,PE-08,159,DESPISTE,0,0,159.0,2020-10-23,PE-08,-7.255696121261411,-78.4766610097952,True
20211222,20201023,16:30,JUNIN,PE-22,162,CHOQUE,0,3,162.0,2020-10-23,PE-22,-11.609949199085818,-75.97617797499862,True
20211222,20201023,01:10,CAJAMARCA,PE-08,167,DESPISTE,0,5,167.0,2020-10-23,PE-08,-7.232182856563961,-78.48728493790028,True
20211222,20201023,05:30,CUSCO,PE-28B,171,VOLCADURA,0,0,171.0,2020-10-23,PE-28B,-12.617661383801789,-73.80245236750508,True
20211222,20201023,07:30,ICA,PE-1S,189,DESPISTE,0,0,189.0,2020-10-23,PE-1S,-13.41075453065729,-76.1620130739239,True
20211222,20201023,15:30,AYACUCHO,PE-28A,238,DESPISTE,0,0,238.0,2020-10-23,PE-28A,-13.352606112390564,-74.72624761015416,True
20211222,20201023,22:50,SAN MARTIN,PE-04A,458,DESPISTE,0,2,458.0,2020-10-23,PE-04A,,,True
20211222,20201023,21:00,LA LIBERTAD,PE-1N,475,CHOQUE,1,0,475.0,2020-10-23,PE-1N,-8.715907957629412,-78.63652059304766,True
20211222,20201023,13:50,LA LIBERTAD,PE-1N,569,CHOQUE,0,1,569.0,2020-10-23,PE-1N,-8.125014123916843,-79.07760619736017,True
20211222,20201023,06:02,AREQUIPA,PE-1S,603,DESPISTE,0,1,603.0,2020-10-23,PE-1S,-15.814402711349496,-74.31709692140151,True
20211222,20201023,17:30,LAMBAYEQUE,PE-1N,717,DESPISTE,0,0,717.0,2020-10-23,PE-1N,-7.141643769825522,-79.46114792931732,True
20211222,20201024,06:55,JUNIN,PE-3S,5,DESPISTE,0,0,5.0,2020-10-24,PE-3S,-11.543649050368941,-75.88276250284709,True
20211222,20201024,14:00,ANCASH,PE-3N,20,DESPISTE,0,0,20.0,2020-10-24,PE-3N,-11.40945002440235,-75.89656210722798,True
20211222,20201024,10:10,PIURA,PI-102,53,CHOQUE,1,0,53.0,2020-10-24,PI-102,,,True
20211222,20201024,07:30,JUNIN,PE-3S,57,CHOQUE,0,0,57.0,2020-10-24,PE-3S,-11.812447088772611,-75.60885308812534,True
20211222,20201024,12:10,LIMA,PE-1S,70,DESPISTE,0,0,70.0,2020-10-24,PE-1S,-12.564491612551635,-76.70353879228901,True
20211222,20201024,07:30,LAMBAYEQUE,PE-1NJ,80,DESPISTE,0,0,80.0,2020-10-24,PE-1NJ,-6.043045603897843,-79.67582313001517,True
20211222,20201024,20:30,LIMA,PE-1N,94,CHOQUE,0,2,94.0,2020-10-24,PE-1N,-11.467305016859592,-77.31025670013275,True
20211222,20201024,N.I.,LIMA,PE-1S,128,CHOQUE,0,0,128.0,2020-10-24,PE-1S,-12.712765346131768,-76.629701758712,True
20211222,20201024,09:50,PIURA,PE-34B,247,CHOQUE,0,0,247.0,2020-10-24,PE-34B,-13.71388700571445,-70.45406628857396,True
20211222,20201024,10:15,ICA,PE-26,302,DESPISTE,0,0,302.0,2020-10-24,PE-26,-12.499522399999933,-74.99623267299995,True
20211222,20201024,05:50,MADRE DE DIOS,PE-30C,624,DESPISTE,0,0,624.0,2020-10-24,PE-30C,-11.17427020917972,-69.55963137557575,True
20211222,20201024,11:15,APURIMAC,PE-3S,761,DESPISTE,0,7,761.0,2020-10-24,PE-3S,-13.695106892084533,-72.9133077818696,True
20211222,20201024,05:45,TACNA,PE-1S,1156,DESPISTE,0,0,1156.0,2020-10-24,PE-1S,-17.361527807745762,-70.9929101981313,True
20211222,20201025,17:45,LORETO,LO-103,12,CHOQUE,0,0,12.0,2020-10-25,LO-103,,,True
20211222,20201025,05:30,LIMA,PE-20,13,DESPISTE,0,0,13.0,2020-10-25,PE-20,-12.041521819835284,-77.12677860957717,True
20211222,20201025,17:10,UCAYALI,PE-18C,19,CHOQUE,0,3,19.0,2020-10-25,PE-18C,-8.688082080781154,-74.99002898925876,True
20211222,20201025,16:00,LIMA,PE-20A,39,N.I.,0,1,39.0,2020-10-25,PE-20A,-11.6913354475904,-76.9276889272406,True
20211222,20201025,21:00,JUNIN,PE-22,152,VOLCADURA,0,0,152.0,2020-10-25,PE-22,-11.601612405995992,-76.0485109417629,True
20211222,20201025,08:00,TUMBES,PE-1N,184,DESPISTE,0,1,184.0,2020-10-25,PE-1N,-10.849720180126665,-77.69312425831242,True
20211222,20201025,07:00,ICA,PE-1S,334,DESPISTE,0,1,334.0,2020-10-25,PE-1S,-14.362513727090512,-75.63237113573922,True
20211222,20201025,17:30,ANCASH,PE-1N,398,DESPISTE,0,0,398.0,2020-10-25,PE-1N,-9.309742941699835,-78.4038196665283,True
20211222,20201025,18:30,AREQUIPA,PE-1S,505,DESPISTE,0,0,505.0,2020-10-25,PE-1S,-15.322660114306142,-74.90487257322945,True
20211222,20201025,15:30,AREQUIPA,PE-1S,632,ESPECIAL,0,0,632.0,2020-10-25,PE-1S,-15.914877351146801,-74.13299331907628,True
20211222,20201026,07:30,JUNIN,PE-3N,7,DESPISTE,0,0,7.0,2020-10-26,PE-3N,-11.48544490298403,-75.94922978480228,True
20211222,20201026,16:35,PUNO,PE-34H,56,DESPISTE,0,0,56.0,2020-10-26,PE-34H,-15.171640861780434,-69.83063844791972,True
20211222,20201026,19:00,JUNIN,PE-3S,94,CHOQUE,0,0,94.0,2020-10-26,PE-3S,-11.860337322129707,-75.37565239701588,True
20211222,20201026,19:50,LIMA,PE-1N,116,DESPISTE,0,1,116.0,2020-10-26,PE-1N,-11.3627857037942,-77.44736558051379,True
20211222,20201026,16:25,LIMA,PE-1S,122,DESPISTE,0,1,122.0,2020-10-26,PE-1S,-12.795509215738473,-76.55696284800895,True
20211222,20201026,08:30,CAJAMARCA,PE-06A,179,DESPISTE,0,0,179.0,2020-10-26,PE-06A,-6.484868025967638,-78.90335331457021,True
20211222,20201026,07:40,ANCASH,PE-1N,267,DESPISTE,0,0,267.0,2020-10-26,PE-1N,-10.2651394476133,-78.03571798863884,True
20211222,20201026,06:45,ANCASH,PE-1N,279,DESPISTE,0,2,279.0,2020-10-26,PE-1N,-10.171920777299315,-78.0803557309261,True
20211222,20201026,16:20,HUANUCO,PE-5N,517,DESPISTE,0,1,517.0,2020-10-26,PE-5N,-8.964313823874058,-76.09514185929542,True
20211222,20201026,04:00,CUSCO,PE-3S,1114,CHOQUE,1,1,1114.0,2020-10-26,PE-3S,-14.270139125842972,-71.23622064223056,True
20211222,20201026,08:50,PUNO,PE-1S,1478,DESPISTE,1,1,1478.0,2020-10-26,PE-1S,,,True
20211222,20201026,17:30,MOQUEGUA,PE-1SD,N.I.,ESPECIAL,0,0,,2020-10-26,PE-1SD,-16.658763877999945,-72.62814593899992,True
20211222,20201027,04:30,JUNIN,PE-3N,10,CHOQUE,0,0,10.0,2020-10-27,PE-3N,-11.464105266583998,-75.95954387610044,True
20211222,20201027,22:30,TACNA,PE-1SD,11,CHOQUE,0,2,11.0,2020-10-27,PE-1SD,-16.666984168696686,-72.55507742654935,True
20211222,20201027,18:55,JUNIN,PE-3SA,27,DESPISTE,0,0,27.0,2020-10-27,PE-3SA,-11.633416739610999,-75.60379032854759,True
20211222,20201027,18:30,AMAZONAS,PE-08B,39,CHOQUE,0,0,39.0,2020-10-27,PE-08B,-7.0666217501769495,-78.33131239622206,True
20211222,20201027,06:00,LIMA,PE-3N,47,CHOQUE,0,2,47.0,2020-10-27,PE-3N,-11.20261058650003,-75.95686522977036,True
20211222,20201027,16:00,LIMA,PE-22,62,CHOQUE,0,2,62.0,2020-10-27,PE-22,-11.887771605999944,-76.48866801474028,True
20211222,20201027,22:00,LIMA,PE-1N,199,CHOQUE,0,3,199.0,2020-10-27,PE-1N,-10.72197831263506,-77.76328729525757,True
20211222,20201027,05:40,ICA,PE-1S,287,CHOQUE,0,2,287.0,2020-10-27,PE-1S,-13.984231889620432,-75.77320267679889,True
20211222,20201027,17:35,SAN MARTIN,PE-5N,391,CHOQUE,0,0,391.0,2020-10-27,PE-5N,-8.983686762065833,-75.44954054242592,True
20211222,20201027,06:30,PUNO,PE-36A,395,CHOQUE,0,2,395.0,2020-10-27,PE-36A,,,True
20211222,20201027,12:06,MADRE DE DIOS,PE-30C,410,DESPISTE,0,2,410.0,2020-10-27,PE-30C,-12.654291199502014,-69.3049976961437,True
20211222,20201027,14:35,CUSCO,PE-28B,450,CHOQUE,0,0,450.0,2020-10-27,PE-28B,-12.783816356126254,-72.66656111189887,True
20211222,20201027,22:10,SAN MARTIN,PE-04A,458,DESPISTE,0,2,458.0,2020-10-27,PE-04A,,,True
20211222,20201027,21:45,LA LIBERTAD,PE-1N,583,DESPISTE,0,5,583.0,2020-10-27,PE-1N,-8.010076702009783,-79.07054569772137,True
20211222,20201027,14:00,PIURA,PE-1N,969,CHOQUE,0,1,969.0,2020-10-27,PE-1N,-5.399796455092313,-80.61323875587138,True
20211222,20201027,10:30,PUNO,PE-1S,1383,DESPISTE,0,2,1383.0,2020-10-27,PE-1S,,,True
20211222,20201027,13:00,ICA,PE-1S,N.I.,CHOQUE,0,1,,2020-10-27,PE-1S,-17.51284415899994,-71.07348098999995,True
20211222,20201028,16:05,JUNIN,PE-3N,6,DESPISTE,0,2,6.0,2020-10-28,PE-3N,-11.4913470222175,-75.94324267757021,True
20211222,20201028,11:30,AMAZONAS,PE-5N,35,DESPISTE,0,1,35.0,2020-10-28,PE-5N,-10.751691712516932,-75.30203267910886,True
20211222,20201028,19:30,PIURA,PE-1N,64,CHOQUE,0,0,64.0,2020-10-28,PE-1N,-11.654955855429053,-77.19964217875955,True
20211222,20201028,19:00,JUNIN,PE-3N,175,CHOQUE,1,0,175.0,2020-10-28,PE-3N,-10.37708190821818,-76.20277683327019,True
20211222,20201028,11:20,ANCASH,PE-1N,396,DESPISTE,0,0,396.0,2020-10-28,PE-1N,-9.32701651766862,-78.4050039793727,True
20211222,20201028,04:30,APURIMAC,PE-30A,406,DESPISTE,0,0,406.0,2020-10-28,PE-30A,-13.937401904484432,-73.09335287212677,True
20211222,20201028,05:00,ANCASH,PE-1N,412,CHOQUE,0,1,412.0,2020-10-28,PE-1N,-9.201450724859448,-78.45910954855965,True
20211222,20201028,08:40,APURIMAC,PE-3S,770,DESPISTE,0,1,770.0,2020-10-28,PE-3S,-13.65619638520652,-72.91596607038782,True
20211222,20201028,20:43,CUSCO,PE-28G,N.I.,DESPISTE,0,15,,2020-10-28,PE-28G,-13.505258191999928,-71.97114911299991,True
20211222,20201029,18:05,PIURA,PE-02,23,DESPISTE,1,4,23.0,2020-10-29,PE-02,-5.113841213376644,-80.88026688751732,True
20211222,20201029,11:20,LIMA,PE-3N,42,DESPISTE,0,1,42.0,2020-10-29,PE-3N,-11.2425720581281,-75.93501187071779,True
20211222,20201029,17:40,LIMA,PE-20A,43,CHOQUE,0,2,43.0,2020-10-29,PE-20A,-11.682041565402292,-76.89357859007441,True
20211222,20201029,10:30,AREQUIPA,PE-34E,78,DESPISTE,0,0,78.0,2020-10-29,PE-34E,-15.498249323131585,-71.3823757900218,True
20211222,20201029,05:00,PUNO,PE-3S,124,DESPISTE,0,2,124.0,2020-10-29,PE-3S,-12.065672229476357,-75.21746714620619,True
20211222,20201029,17:25,LIMA,PE-1S,130,DESPISTE,0,2,130.0,2020-10-29,PE-1S,-12.725606217442646,-76.61720902850591,True
20211222,20201029,12:30,LIMA,PE-1N,133,DESPISTE,0,1,133.0,2020-10-29,PE-1N,-11.237751188246103,-77.53782853981726,True
20211222,20201029,02:00,UCAYALI,PE-5N,349,DESPISTE,0,1,349.0,2020-10-29,PE-5N,-8.841988187253625,-75.18877180558573,True
20211222,20201029,18:30,LAMBAYEQUE,PE-1N,771,CHOQUE,0,1,771.0,2020-10-29,PE-1N,-6.844586168181525,-79.82923268585677,True
20211222,20201029,22:20,PIURA,PE-1N,1005,DESPISTE,0,3,1005.0,2020-10-29,PE-1N,-5.129955299387884,-80.7002947940494,True
20211222,20201029,09:45,TACNA,PE-1S,1264,CHOQUE,0,0,1264.0,2020-10-29,PE-1S,-17.880625908763736,-70.44384649470399,True
20211222,20201030,03:00,LIMA,PE-20B,0,DESPISTE,0,0,0.0,2020-10-30,PE-20B,-11.998914021999951,-77.11499674799995,True
20211222,20201030,18:30,JUNIN,PE-22,25,CHOQUE,1,0,25.0,2020-10-30,PE-22,-11.976849060887591,-76.77400458919917,True
20211222,20201030,07:00,LIMA,PE-1N,51,DESPISTE,0,0,51.0,2020-10-30,PE-1N,-11.72744288024921,-77.13511711715229,True
20211222,20201030,17:40,LIMA,PE-1S,112,DESPISTE,0,1,112.0,2020-10-30,PE-1S,-12.835083425223447,-76.52421939663458,True
20211222,20201030,09:30,CAJAMARCA,PE-08,150,DESPISTE,0,1,150.0,2020-10-30,PE-08,-7.2667592084821155,-78.51166893474729,True
20211222,20201030,11:06,JUNIN,PE-22,152,DESPISTE,0,0,152.0,2020-10-30,PE-22,-11.601612405995992,-76.0485109417629,True
20211222,20201030,15:00,UCAYALI,PE-18C,171,CHOQUE,0,1,171.0,2020-10-30,PE-18C,-8.414211707909994,-74.00845868871413,True
20211222,20201030,16:00,LIMA,PE-1N,186,CHOQUE,0,2,186.0,2020-10-30,PE-1N,-10.842528911279159,-77.69548245175244,True
20211222,20201030,15:45,MADRE DE DIOS,PE-30C,255,DESPISTE,1,0,255.0,2020-10-30,PE-30C,-13.112683371381443,-70.38027813577482,True
20211222,20201030,12:45,ANCASH,PE-1N,371,DESPISTE,0,1,371.0,2020-10-30,PE-1N,-9.486043543365328,-78.27292896472373,True
20211222,20201030,N.I.,LAMBAYEQUE,PE-1N,805,CHOQUE,0,2,805.0,2020-10-30,PE-1N,-6.62417858816496,-79.95889859664007,True
20211222,20201030,16:20,TACNA,PE-1S,1290,DESPISTE,0,4,1290.0,2020-10-30,PE-1S,-18.00200594683511,-70.26374091380177,True
20211222,20201031,02:00,CAJAMARCA,PE-06B,16,DESPISTE,0,5,16.0,2020-10-31,PE-06B,-6.6324192581723125,-79.13188943278458,True
20211222,20201031,12:27,JUNIN,PE-3S,82,CHOQUE,0,0,82.0,2020-10-31,PE-3S,-11.793532600144376,-75.45905087621513,True
20211222,20201031,13:20,HUANUCO,PE-18A,91,ATROPELLO,0,1,91.0,2020-10-31,PE-18A,-9.528380778284017,-75.96267257831636,True
20211222,20201031,15:30,PASCO,PE-3N,121,CHOQUE,0,0,121.0,2020-10-31,PE-3N,-10.699524075718905,-76.23625905276042,True
20211222,20201031,18:30,CAJAMARCA,PE-06A,183,DESPISTE,0,4,183.0,2020-10-31,PE-06A,-6.487160854527208,-78.89283470876278,True
20211222,20201031,21:20,ICA,PE-1S,357,CHOQUE,5,6,357.0,2020-10-31,PE-1S,-14.453621816275781,-75.44695691025612,True
20211222,20201031,01:15,ICA,PE-1S,432,CHOQUE,0,1,432.0,2020-10-31,PE-1S,-14.775453947437097,-75.03456443685245,True
20211222,20201031,07:40,LA LIBERTAD,PE-3N,N.I.,CHOQUE,0,2,,2020-10-31,PE-3N,-10.33797454799992,-76.1815299989999,True
20211222,20201101,19:00,UCAYALI,PE-18C,17,CHOQUE,0,0,17.0,2020-11-01,PE-18C,-8.704896522742061,-74.99580171198913,True
20211222,20201101,21:35,LIMA,PE-1S,22,DESPISTE,0,0,22.0,2020-11-01,PE-1S,-12.23816144054279,-76.95243432758777,True
20211222,20201101,11:55,PASCO,PE-3N,27,CHOQUE,1,1,27.0,2020-11-01,PE-3N,-11.3603266541558,-75.88755735269815,True
20211222,20201101,15:00,UCAYALI,PE-18C,30,DESPISTE,0,0,30.0,2020-11-01,PE-18C,-8.621034778727608,-74.9401893099833,True
20211222,20201101,20:40,AMAZONAS,PE-5N,42,DESPISTE,0,3,42.0,2020-11-01,PE-5N,-10.725762011631781,-75.26379060640437,True
20211222,20201101,13:30,ANCASH,AN-111,51,DESPISTE,0,0,51.0,2020-11-01,AN-111,,,True
20211222,20201101,22:00,LAMBAYEQUE,PE-1NJ,88,CHOQUE,0,0,88.0,2020-11-01,PE-1NJ,-5.991190578815269,-79.7133430474774,True
20211222,20201101,20:46,LIMA,PE-1N,200,DESPISTE,0,0,200.0,2020-11-01,PE-1N,-10.71413356553183,-77.76782774512458,True
20211222,20201101,13:40,LA LIBERTAD,PE-1N,616,DESPISTE,0,0,616.0,2020-11-01,PE-1N,-7.785578148831915,-79.24175922025742,True
20211222,20201101,16:00,AREQUIPA,PE-34A,732,DESPISTE,0,0,732.0,2020-11-01,PE-34A,,,True
20211222,20201101,10:15,MOQUEGUA,PE-1S,1134,DESPISTE,0,5,1134.0,2020-11-01,PE-1S,-17.19359160609723,-71.00768204223033,True
20211222,20201101,09:45,PUNO,PE-3S,1248,DESPISTE,1,2,1248.0,2020-11-01,PE-3S,-14.990176303552616,-70.40333384054681,True
20211222,20201102,11:00,PUNO,PE-36B,40,CHOQUE,0,1,40.0,2020-11-02,PE-36B,-16.589740242300895,-70.38896528378154,True
20211222,20201102,06:40,LIMA,PE-22,63,CHOQUE,0,0,63.0,2020-11-02,PE-22,-11.885208289009336,-76.48017994820925,True
20211222,20201102,20:30,LIMA,PE-1S,83,CHOQUE,0,0,83.0,2020-11-02,PE-1S,-12.657015005785903,-76.66304641592922,True
20211222,20201102,07:50,JUNIN,PE-22,110,CHOQUE,0,1,110.0,2020-11-02,PE-22,-11.685662543184964,-76.26051752939492,True
20211222,20201102,07:00,AREQUIPA,PE-34A,154,VOLCADURA,0,0,154.0,2020-11-02,PE-34A,-15.895927579596291,-71.1784967727951,True
20211222,20201102,07:45,MOQUEGUA,PE-36A,186,DESPISTE,0,0,186.0,2020-11-02,PE-36A,-16.76665961878096,-69.94713247923363,True
20211222,20201102,13:20,PUNO,PE-34A,238,DESPISTE,0,1,238.0,2020-11-02,PE-34A,-15.690606759519799,-70.60303608228986,True
20211222,20201102,21:45,MADRE DE DIOS,PE-30C,325,CHOQUE,0,2,325.0,2020-11-02,PE-30C,-12.890182446651396,-69.99081926954916,True
20211222,20201102,19:20,PIURA,PE-1NL,900,CHOQUE,0,2,900.0,2020-11-02,PE-1NL,,,True
20211222,20201102,06:10,CUSCO,PE-30A,912,CHOQUE,0,0,912.0,2020-11-02,PE-30A,,,True
20211222,20201102,22:00,PUNO,PE-3S,1352,DESPISTE,0,0,1352.0,2020-11-02,PE-3S,-15.774034769116392,-70.04341792500374,True
20211222,20201102,08:10,PUNO,PE-3S,1468,CHOQUE,0,2,1468.0,2020-11-02,PE-3S,-16.285849660919734,-69.28339430635047,True
20211222,20201103,10:30,JUNIN,PE-3SD,12,CHOQUE,0,3,12.0,2020-11-03,PE-3SD,-12.340785634694258,-75.01699845568602,True
20211222,20201103,04:30,JUNIN,PE-3S,43,DESPISTE,0,3,43.0,2020-11-03,PE-3S,-11.770374491015332,-75.70746066975967,True
20211222,20201103,20:40,LIMA,PE-1S,61,DESPISTE,0,3,61.0,2020-11-03,PE-1S,-12.494357250569998,-76.74355432888902,True
20211222,20201103,17:55,LIMA,PE-1S,93,CHOQUE,0,0,93.0,2020-11-03,PE-1S,-12.89743053079929,-76.5058393241351,True
20211222,20201103,06:00,TACNA,PE-1SD,101,DESPISTE,0,0,101.0,2020-11-03,PE-1SD,-17.00337433669659,-72.04688210255074,True
20211222,20201103,10:23,LIMA,PE-1N,103,DESPISTE,1,0,103.0,2020-11-03,PE-1N,-11.418707756071143,-77.37091265285507,True
20211222,20201103,06:25,LIMA,PE-1S,106,DESPISTE,0,0,106.0,2020-11-03,PE-1S,-13.007416812792492,-76.48215257899191,True
20211222,20201103,14:00,ANCASH,PE-3N,126,N.I.,0,0,126.0,2020-11-03,PE-3N,-10.692530530970686,-76.21531282562151,True
20211222,20201103,04:50,LIMA,PE-1N,129,DESPISTE,0,0,129.0,2020-11-03,PE-1N,-11.267150367908592,-77.5165467780469,True
20211222,20201103,23:40,LIMA,PE-1S,150,DESPISTE,0,0,150.0,2020-11-03,PE-1S,-13.158271560783827,-76.3734213840647,True
20211222,20201103,13:00,ICA,PE-1S,206,DESPISTE,0,0,206.0,2020-11-03,PE-1S,-13.54359092380097,-76.1326873825764,True
20211222,20201103,21:15,ANCASH,PE-1N,242,DESPISTE,0,1,242.0,2020-11-03,PE-1N,-10.42221842525169,-77.94486781881982,True
20211222,20201103,05:30,LAMBAYEQUE,PE-1N,757,DESPISTE,0,0,757.0,2020-11-03,PE-1N,-6.926568881557942,-79.74303075158076,True
20211222,20201103,23:40,AREQUIPA,PE-1S,942,CHOQUE,1,0,942.0,2020-11-03,PE-1S,-16.45249448180034,-71.95838155484626,True
20211222,20201104,20:00,LAMBAYEQUE,LA-119,4,DESPISTE,0,1,4.0,2020-11-04,LA-119,,,True
20211222,20201104,18:15,CUSCO,PE-3S,20,DESPISTE,0,0,20.0,2020-11-04,PE-3S,-11.630879924691047,-75.81802739244355,True
20211222,20201104,05:35,LIMA,PE-1S,57,ATROPELLO,0,1,57.0,2020-11-04,PE-1S,-12.459353853415445,-76.75305506986528,True
20211222,20201104,09:15,LIMA,PE-1N,66,CHOQUE,0,0,66.0,2020-11-04,PE-1N,-11.638210024014256,-77.20622260981537,True
20211222,20201104,11:10,LIMA,PE-22,108,CHOQUE,0,3,108.0,2020-11-04,PE-22,-11.698012647915725,-76.26622779065438,True
20211222,20201104,14:50,LIMA,PE-1N,200,DESPISTE,0,1,200.0,2020-11-04,PE-1N,-10.71413356553183,-77.76782774512458,True
20211222,20201104,14:40,ANCASH,PE-1N,335,DESPISTE,1,4,335.0,2020-11-04,PE-1N,-9.774642108760688,-78.23231748969565,True
20211222,20201104,15:15,ICA,PE-1S,405,CHOQUE,0,0,405.0,2020-11-04,PE-1S,-14.605433327790434,-75.19563818620291,True
20211222,20201104,15:30,ANCASH,PE-1N,445,DESPISTE,0,1,445.0,2020-11-04,PE-1N,-8.974752155131966,-78.61840945890586,True
20211222,20201104,15:00,AREQUIPA,PE-1S,503,DESPISTE,0,0,503.0,2020-11-04,PE-1S,-15.305889735799395,-74.91182009212356,True
20211222,20201104,10:15,LA LIBERTAD,PE-1N,602,CHOQUE,0,0,602.0,2020-11-04,PE-1N,-7.855679851765026,-79.14248476140533,True
20211222,20201104,15:40,AREQUIPA,PE-1S,609,DESPISTE,0,0,609.0,2020-11-04,PE-1S,-15.835614719905324,-74.28651583210313,True
20211222,20201104,15:20,AREQUIPA,PE-1S,613,DESPISTE,0,0,613.0,2020-11-04,PE-1S,-15.850681119361779,-74.25378550627316,True
20211222,20201104,13:30,LA LIBERTAD,PE-1N,747,ATROPELLO,0,0,747.0,2020-11-04,PE-1N,-6.976581920268968,-79.6685895657589,True
20211222,20201104,06:20,PIURA,PE-1N,893,DESPISTE,0,0,893.0,2020-11-04,PE-1N,-6.075260341333171,-80.50507908043318,True
20211222,20201104,23:15,PIURA,PE-1NL,1037,CHOQUE,0,0,1037.0,2020-11-04,PE-1NL,,,True
20211222,20201104,20:00,CUSCO,PE-3S,1052,CHOQUE,0,0,1052.0,2020-11-04,PE-3S,-13.872304443376764,-71.51259557262233,True
20211222,20201105,13:20,LIMA,PE-20,13,CHOQUE,0,1,13.0,2020-11-05,PE-20,-12.041521819835284,-77.12677860957717,True
20211222,20201105,17:30,LIMA,PE-22,44,CHOQUE,0,1,44.0,2020-11-05,PE-22,-11.922578540532923,-76.62822580897294,True
20211222,20201105,10:50,LIMA,PE-22,47,DESPISTE,0,0,47.0,2020-11-05,PE-22,-11.912955692951464,-76.60399615853814,True
20211222,20201105,14:50,JUNIN,PE-22,48,ATROPELLO,0,0,48.0,2020-11-05,PE-22,-11.909755218682326,-76.59560953368893,True
20211222,20201105,07:00,LIMA,PE-1N,61,CHOQUE,0,0,61.0,2020-11-05,PE-1N,-11.674581230537576,-77.18383697596562,True
20211222,20201105,22:00,ANCASH,AN-111,73,DESPISTE,0,0,73.0,2020-11-05,AN-111,,,True
20211222,20201105,01:50,PASCO,PE-3S,115,DESPISTE,0,0,115.0,2020-11-05,PE-3S,-11.997702574661915,-75.25380198661381,True
20211222,20201105,02:50,LIMA,PE-22,120,DESPISTE,0,0,120.0,2020-11-05,PE-22,-11.629337782609793,-76.23416358937914,True
20211222,20201105,15:00,JUNIN,PE-22,162,DESPISTE,0,0,162.0,2020-11-05,PE-22,-11.609949199085818,-75.97617797499862,True
20211222,20201105,15:20,AYACUCHO,PE-3S,169,ATROPELLO,0,0,169.0,2020-11-05,PE-3S,-12.371906639569897,-75.04356522126105,True
20211222,20201105,07:00,ICA,PE-1S,188,DESPISTE,0,1,188.0,2020-11-05,PE-1S,-13.410086716776267,-76.17097828641086,True
20211222,20201105,11:30,PIURA,PE-1NJ,206,ATROPELLO,0,1,206.0,2020-11-05,PE-1NJ,-5.212296169619797,-80.12216854946902,True
20211222,20201105,08:00,LIMA,PE-1N,269,DESPISTE,0,0,269.0,2020-11-05,PE-1N,-10.24699960439865,-78.0366225613425,True
20211222,20201105,16:20,MADRE DE DIOS,PE-30C,339,DESPISTE,0,0,339.0,2020-11-05,PE-30C,-12.887822569099265,-69.88126051007559,True
20211222,20201105,06:20,LIMA,PE-1N,892,VOLCADURA,0,0,892.0,2020-11-05,PE-1N,-6.083747435277642,-80.50207495911454,True
20211222,20201105,12:30,CUSCO,PE-3S,1009,CHOQUE,0,0,1009.0,2020-11-05,PE-3S,-13.649496668963742,-71.68790685625908,True
20211222,20201105,17:50,CUSCO,PE-3S,1029,DESPISTE,1,1,1029.0,2020-11-05,PE-3S,-13.715654631909295,-71.59698258517794,True
20211222,20201105,13:30,PUNO,PE-3S,1284,DESPISTE,0,0,1284.0,2020-11-05,PE-3S,-15.273896679605706,-70.2945871595719,True
20211222,20201106,20:35,ICA,PE-28A,4,CHOQUE,0,0,4.0,2020-11-06,PE-28A,-13.67995800703454,-76.12353796613705,True
20211222,20201106,18:50,LIMA,PE-1S,28,DESPISTE,0,1,28.0,2020-11-06,PE-1S,-12.266400334700116,-76.90546819335519,True
20211222,20201106,18:40,UCAYALI,PE-04A,38,CHOQUE,0,2,38.0,2020-11-06,PE-04A,-5.944642522721827,-80.13959920660088,True
20211222,20201106,23:50,LIMA,PE-1N,49,DESPISTE,0,1,49.0,2020-11-06,PE-1N,-11.739728203313906,-77.13677084462468,True
20211222,20201106,19:05,LIMA,PE-1S,103,CHOQUE,0,2,103.0,2020-11-06,PE-1S,-12.98243006689661,-76.49267372206725,True
20211222,20201106,21:30,PUNO,PE-30A,198,DESPISTE,0,0,198.0,2020-11-06,PE-30A,-14.626905714713656,-73.98626298912001,True
20211222,20201106,17:10,SAN MARTIN,PE-04A,485,DESPISTE,0,1,485.0,2020-11-06,PE-04A,,,True
20211222,20201106,21:05,ANCASH,PE-3N,552,CHOQUE,0,3,552.0,2020-11-06,PE-3N,-9.739607798319362,-77.44905417581336,True
20211222,20201106,21:15,PIURA,PE-1N,1010,CHOQUE,0,0,1010.0,2020-11-06,PE-1N,-5.089518765271629,-80.70582787949371,True
20211222,20201106,07:40,PUNO,PE-3S,1463,ATROPELLO,1,0,1463.0,2020-11-06,PE-3S,-16.256841843376684,-69.30941517936022,True
20211222,20201107,23:30,LAMBAYEQUE,PE-04A,2,CHOQUE,0,0,2.0,2020-11-07,PE-04A,-5.935182579983979,-80.51622257117566,True
20211222,20201107,07:30,PUNO,CU-111,15,DESPISTE,1,4,15.0,2020-11-07,CU-111,,,True
20211222,20201107,13:20,AREQUIPA,PE-1SD,41,VOLCADURA,0,0,41.0,2020-11-07,PE-1SD,-16.75261152694554,-72.36548565661987,True
20211222,20201107,23:00,MADRE DE DIOS,PE-30C,44,CHOQUE,0,1,44.0,2020-11-07,PE-30C,-13.661465968099273,-71.43219704843743,True
20211222,20201107,07:45,LIMA,PE-22,46,DESPISTE,0,1,46.0,2020-11-07,PE-22,-11.91365373931334,-76.61270763466702,True
20211222,20201107,22:13,LIMA,PE-1S,48,CHOQUE,0,1,48.0,2020-11-07,PE-1S,-12.384814162531237,-76.77075501133196,True
20211222,20201107,11:10,JUNIN,PE-3N,72,VOLCADURA,0,0,72.0,2020-11-07,PE-3N,-11.001235375967159,-76.01846551119964,True
20211222,20201107,N.I.,LIMA,PE-1N,75,CHOQUE,0,1,75.0,2020-11-07,PE-1N,-11.613182867318377,-77.23179150617773,True
20211222,20201107,11:30,HUANUCO,PE-18A,103,DESPISTE,0,0,103.0,2020-11-07,PE-18A,-9.458375909817637,-75.97089606437433,True
20211222,20201107,21:40,LIMA,PE-1S,117,CHOQUE,0,1,117.0,2020-11-07,PE-1S,-12.769361428999463,-76.59351243043692,True
20211222,20201107,13:05,LIMA,PE-22,120,CHOQUE,0,0,120.0,2020-11-07,PE-22,-11.629337782609793,-76.23416358937914,True
20211222,20201107,17:45,CAJAMARCA,PE-08,129,VOLCADURA,0,0,129.0,2020-11-07,PE-08,-7.290217494994672,-78.56166925074476,True
20211222,20201107,01:55,JUNIN,PE-22,154,DESPISTE,1,3,154.0,2020-11-07,PE-22,-11.609307054351873,-76.03421073631003,True
20211222,20201107,14:00,CUSCO,PE-28B,174,CHOQUE,0,2,174.0,2020-11-07,PE-28B,-12.61867970220413,-73.78852379805937,True
20211222,20201107,17:00,MADRE DE DIOS,PE-30C,290,CHOQUE,0,1,290.0,2020-11-07,PE-30C,-12.936108266638383,-70.27113689299033,True
20211222,20201107,03:00,LA LIBERTAD,PE-1N,529,CHOQUE,0,0,529.0,2020-11-07,PE-1N,-8.359324389322556,-78.87426304998976,True
20211222,20201107,23:00,CAJAMARCA,PE-3N,N.I.,DESPISTE,0,4,,2020-11-07,PE-3N,-10.33797454799992,-76.1815299989999,True
20211222,20201108,18:10,SAN MARTIN,PE-5N,9,CHOQUE,0,0,9.0,2020-11-08,PE-5N,-10.898695445643856,-75.28054864764296,True
20211222,20201108,19:30,CUSCO,PE-28B,50,CHOQUE,0,2,50.0,2020-11-08,PE-28B,-12.957618278409075,-74.03146836086971,True
20211222,20201108,16:00,LAMBAYEQUE,PE-06A,67,DESPISTE,0,1,67.0,2020-11-08,PE-06A,-6.626028279873213,-79.38485280383163,True
20211222,20201108,05:10,LAMBAYEQUE,PE-06A,67,DESPISTE,0,1,67.0,2020-11-08,PE-06A,-6.626028279873213,-79.38485280383163,True
20211222,20201108,13:00,LAMBAYEQUE,PE-1NJ,76,DESPISTE,0,1,76.0,2020-11-08,PE-1NJ,-6.0703220754488,-79.69698886743487,True
20211222,20201108,14:55,CAJAMARCA,PE-3N,79,CHOQUE,0,0,79.0,2020-11-08,PE-3N,-10.954478413826575,-76.04132556200179,True
20211222,20201108,08:45,CAJAMARCA,PE-06A,85,DESPISTE,0,3,85.0,2020-11-08,PE-06A,-6.600053684856104,-79.24845159624101,True
20211222,20201108,20:30,LIMA,PE-22,89,CHOQUE,0,3,89.0,2020-11-08,PE-22,-11.785934556701713,-76.3196812681037,True
20211222,20201108,14:00,LORETO,PE-5N,108,DESPISTE,0,0,108.0,2020-11-08,PE-5N,-10.489434808974547,-75.03420873920311,True
20211222,20201108,21:30,LIMA,PE-1S,133,CHOQUE,1,0,133.0,2020-11-08,PE-1S,-13.042360826582176,-76.47154836661794,True
20211222,20201108,22:45,LIMA,PE-1N,263,DESPISTE,0,0,263.0,2020-11-08,PE-1N,-10.29915226138829,-78.04816560647436,True
20211222,20201108,12:45,UCAYALI,PE-5N,375,CHOQUE,2,1,375.0,2020-11-08,PE-5N,-8.9147606384274,-75.35859532508621,True
20211222,20201108,14:50,SAN MARTIN,PE-04A,590,DESPISTE,0,1,590.0,2020-11-08,PE-04A,,,True
20211222,20201108,02:10,APURIMAC,PE-3S,651,CHOQUE,0,0,651.0,2020-11-08,PE-3S,-13.670387783505088,-73.26212084259735,True
20211222,20201108,23:40,PUNO,PE-3S,1475,ATROPELLO,0,1,1475.0,2020-11-08,PE-3S,-16.339926819739972,-69.24732976798232,True
20211222,20201108,16:30,APURIMAC,PE-3S,N.I.,CHOQUE,0,1,,2020-11-08,PE-3S,-15.04301470699994,-70.36600238199992,True
20211222,20201109,23:10,PIURA,PE-1N,1,DESPISTE,0,2,1.0,2020-11-09,PE-1N,-12.050405425107773,-76.97740415220201,True
20211222,20201109,20:30,HUANUCO,PE-18A,11,CHOQUE,0,0,11.0,2020-11-09,PE-18A,-9.882373359752565,-76.19335302729495,True
20211222,20201109,14:30,CAJAMARCA,PE-06B,14,ATROPELLO,0,1,14.0,2020-11-09,PE-06B,-6.630172751253521,-79.14851220375864,True
20211222,20201109,21:00,PUNO,PE-34B,47,CHOQUE,0,0,47.0,2020-11-09,PE-34B,-14.919391447058956,-70.20512350196351,True
20211222,20201109,17:00,LIMA,PE-22,50,DESPISTE,0,3,50.0,2020-11-09,PE-22,-11.909969467764844,-76.57877813951714,True
20211222,20201109,23:00,CAJAMARCA,PE-08,52,DESPISTE,0,2,52.0,2020-11-09,PE-08,-7.251978155157817,-79.10975190975499,True
20211222,20201109,17:30,JUNIN,PE-3N,58,DESPISTE,0,0,58.0,2020-11-09,PE-3N,-11.115865908236632,-75.99390697089224,True
20211222,20201109,21:30,LAMBAYEQUE,PE-1N,90,DESPISTE,0,1,90.0,2020-11-09,PE-1N,-11.501753474099624,-77.30087629138163,True
20211222,20201109,00:30,LIMA,PE-22,109,DESPISTE,0,0,109.0,2020-11-09,PE-22,-11.691899155185,-76.26522503909958,True
20211222,20201109,06:25,LIMA,PE-1S,113,DESPISTE,0,1,113.0,2020-11-09,PE-1S,-12.739440151424326,-76.61355016748098,True
20211222,20201109,10:30,ANCASH,PE-3N,152,DESPISTE,0,2,152.0,2020-11-09,PE-3N,-10.555424059627402,-76.19215011599994,True
20211222,20201109,05:00,MADRE DE DIOS,PE-30C,286,VOLCADURA,0,0,286.0,2020-11-09,PE-30C,-12.925972818815342,-70.30218565417833,True
20211222,20201109,16:30,ANCASH,PE-1N,445,DESPISTE,1,0,445.0,2020-11-09,PE-1N,-8.974752155131966,-78.61840945890586,True
20211222,20201109,09:45,HUANUCO,PE-5N,644,DESPISTE,0,1,644.0,2020-11-09,PE-5N,-8.188853016396363,-76.56245942023685,True
20211222,20201109,00:00,PUNO,PE-3S,1212,CHOQUE,0,2,1212.0,2020-11-09,PE-3S,-14.826984684165883,-70.67308901252801,True
20211222,20201109,21:58,LIMA,PE-1S,1497,DESPISTE,0,0,1497.0,2020-11-09,PE-1S,,,True
20211222,20201110,18:40,PIURA,PE-1N,23,DESPISTE,0,1,23.0,2020-11-10,PE-1N,-11.928881120159856,-77.07251352389007,True
20211222,20201110,07:30,PIURA,PE-1N,24,CHOQUE,1,0,24.0,2020-11-10,PE-1N,-11.919834396518379,-77.07337307414295,True
20211222,20201110,09:45,MOQUEGUA,PE-36A,95,DESPISTE,0,0,95.0,2020-11-10,PE-36A,-16.88921056030408,-70.61542787638929,True
20211222,20201110,15:30,JUNIN,PE-3S,105,CHOQUE,0,0,105.0,2020-11-10,PE-3S,-11.93443240408108,-75.3141973628857,True
20211222,20201110,05:00,LAMBAYEQUE,PE-1NJ,122,CHOQUE,0,1,122.0,2020-11-10,PE-1NJ,-5.744761865320106,-79.87186857981634,True
20211222,20201110,09:30,MADRE DE DIOS,PE-30C,283,DESPISTE,0,1,283.0,2020-11-10,PE-30C,-12.943682287969603,-70.30265255626298,True
20211222,20201110,11:10,AYACUCHO,PE-3S,340,CHOQUE,0,1,340.0,2020-11-10,PE-3S,-12.942893777133534,-74.24348343739435,True
20211222,20201110,09:30,ICA,PE-1S,386,CHOQUE,0,0,386.0,2020-11-10,PE-1S,-14.488107088832603,-75.21681146595697,True
20211222,20201110,08:15,AREQUIPA,PE-1S,633,DESPISTE,0,0,633.0,2020-11-10,PE-1S,-15.918975935138107,-74.12471145695262,True
20211222,20201110,17:50,LA LIBERTAD,PE-1N,703,CHOQUE,0,1,703.0,2020-11-10,PE-1N,-7.239969296964206,-79.46103238788123,True
20211222,20201110,06:30,CUSCO,PE-3S,1037,CHOQUE,1,1,1037.0,2020-11-10,PE-3S,-13.77635080693418,-71.57334931621827,True
20211222,20201110,09:30,HUANUCO,PE-18A,N.I.,CHOQUE,0,1,,2020-11-10,PE-18A,-9.800853728999925,-76.06929588299994,True
20211222,20201111,17:30,CAJAMARCA,PE-06B,6,DESPISTE,0,1,6.0,2020-11-11,PE-06B,-6.6190971146915105,-79.20769884379473,True
20211222,20201111,05:40,AREQUIPA,PE-1SE,13,DESPISTE,0,0,13.0,2020-11-11,PE-1SE,-13.51875248629611,-76.18358010409197,True
20211222,20201111,06:52,SAN MARTIN,PE-5NB,25,DESPISTE,0,1,25.0,2020-11-11,PE-5NB,-6.411829572458774,-76.31741006862389,True
20211222,20201111,13:40,LIMA,PE-22,57,DESPISTE,0,0,57.0,2020-11-11,PE-22,-11.904877866652985,-76.52442776507175,True
20211222,20201111,03:45,ANCASH,PE-3N,95,CHOQUE,0,3,95.0,2020-11-11,PE-3N,-10.856528562079276,-76.14144833761753,True
20211222,20201111,21:20,MADRE DE DIOS,PE-30C,324,CHOQUE,0,0,324.0,2020-11-11,PE-30C,-12.89176091055515,-69.99921662303102,True
20211222,20201111,17:00,AMAZONAS,PE-08B,337,CHOQUE,0,2,337.0,2020-11-11,PE-08B,-6.222592705830766,-77.83520508735765,True
20211222,20201111,12:10,SAN MARTIN,PE-5N,501,CHOQUE,0,1,501.0,2020-11-11,PE-5N,-9.086998496998792,-76.06225237028178,True
20211222,20201111,08:40,PIURA,PE-1N,986,CHOQUE,0,0,986.0,2020-11-11,PE-1N,-5.250124282775296,-80.6217962072431,True
20211222,20201111,22:30,PIURA,PE-1N,1153,DESPISTE,0,1,1153.0,2020-11-11,PE-1N,-4.230437708323174,-81.1741523943938,True
20211222,20201111,04:30,PUNO,PE-3S,1305,ATROPELLO,1,0,1305.0,2020-11-11,PE-3S,-15.390105530609008,-70.15765500824284,True
20211222,20201112,19:00,CUSCO,PE-30,4,DESPISTE,0,2,4.0,2020-11-12,PE-30,-15.15883837265044,-75.01245137330096,True
20211222,20201112,21:20,PUNO,PE-34H,18,CHOQUE,0,1,18.0,2020-11-12,PE-34H,-15.349111943900112,-70.04728304383356,True
20211222,20201112,13:40,SAN MARTIN,PE-5NB,18,CHOQUE,0,0,18.0,2020-11-12,PE-5NB,-6.452965536561313,-76.28876500729459,True
20211222,20201112,22:50,LIMA,PE-1S,24,DESPISTE,0,1,24.0,2020-11-12,PE-1S,-12.246584742503304,-76.93618987426358,True
20211222,20201112,09:00,JUNIN,PE-3N,63,CHOQUE,0,0,63.0,2020-11-12,PE-3N,-11.071002840476055,-75.99888770071736,True
20211222,20201112,17:50,AREQUIPA,PE-34A,66,CHOQUE,0,0,66.0,2020-11-12,PE-34A,-16.225063455802612,-71.66063313432053,True
20211222,20201112,16:00,HUANUCO,PE-18A,81,CHOQUE,0,2,81.0,2020-11-12,PE-18A,-9.577620246664747,-76.02423702597325,True
20211222,20201112,20:30,LIMA,PE-1S,94,DESPISTE,0,2,94.0,2020-11-12,PE-1S,-12.90573463201209,-76.50227407742604,True
20211222,20201112,18:20,AREQUIPA,PE-34A,181,DESPISTE,0,2,181.0,2020-11-12,PE-34A,-15.766109999999912,-70.97783042100791,True
20211222,20201112,16:20,MADRE DE DIOS,PE-30C,264,CHOQUE,0,0,264.0,2020-11-12,PE-30C,-13.049122010386501,-70.34932923706963,True
20211222,20201112,09:30,HUANUCO,PE-3N,274,ESPECIAL,0,1,274.0,2020-11-12,PE-3N,-9.899988986728566,-76.4744887752652,True
20211222,20201112,07:45,MADRE DE DIOS,PE-30C,326,ATROPELLO,1,0,326.0,2020-11-12,PE-30C,-12.89654540999993,-69.9855554687292,True
20211222,20201112,12:00,SAN MARTIN,PE-04A,471,CHOQUE,0,1,471.0,2020-11-12,PE-04A,,,True
20211222,20201112,19:15,HUANUCO,PE-5N,522,ATROPELLO,1,1,522.0,2020-11-12,PE-5N,-8.927434084817307,-76.1017359248622,True
20211222,20201112,13:40,CUSCO,PE-3S,1133,DESPISTE,0,0,1133.0,2020-11-12,PE-3S,-14.402837017466794,-71.13300557272999,True
20211222,20201113,17:20,LA LIBERTAD,PE-08,9,DESPISTE,0,4,9.0,2020-11-13,PE-08,-7.305209032771205,-79.40063895535793,True
20211222,20201113,14:30,CAJAMARCA,PE-08A,22,DESPISTE,0,2,22.0,2020-11-13,PE-08A,-7.125633043937969,-78.84827472095819,True
20211222,20201113,12:15,PUNO,PE-34I,27,ATROPELLO,0,1,27.0,2020-11-13,PE-34I,-15.281557211333286,-69.64072400324835,True
20211222,20201113,17:44,TACNA,PE-36A,43,DESPISTE,0,0,43.0,2020-11-13,PE-36A,-17.054222524349534,-70.85583437724509,True
20211222,20201113,15:00,CAJAMARCA,PE-06B,58,DESPISTE,0,1,58.0,2020-11-13,PE-06B,-6.61320180071526,-78.95693912136201,True
20211222,20201113,17:50,JUNIN,PE-3S,76,CHOQUE,0,3,76.0,2020-11-13,PE-3S,-11.816598209481231,-75.49327317545641,True
20211222,20201113,17:30,LIMA,PE-1S,79,CHOQUE,0,3,79.0,2020-11-13,PE-1S,-12.622155134287613,-76.67070490348846,True
20211222,20201113,11:24,AREQUIPA,PE-34A,84,CHOQUE,0,7,84.0,2020-11-13,PE-34A,-16.105249999999955,-71.6176720544646,True
20211222,20201113,02:30,AMAZONAS,PE-04A,197,DESPISTE,0,2,197.0,2020-11-13,PE-04A,,,True
20211222,20201113,08:40,PUNO,PE-34A,222,DESPISTE,0,5,222.0,2020-11-13,PE-34A,-15.6415208724666,-70.72178272645817,True
20211222,20201113,19:50,ANCASH,PE-3N,516,DESPISTE,0,2,516.0,2020-11-13,PE-3N,-10.027110756774528,-77.32646021684114,True
20211222,20201113,05:50,LA LIBERTAD,PE-1N,553,DESPISTE,0,0,553.0,2020-11-13,PE-1N,-8.180897023069159,-78.98920956393255,True
20211222,20201113,00:00,LAMBAYEQUE,PE-1N,776,ATROPELLO,2,0,776.0,2020-11-13,PE-1N,-6.799577781687308,-79.83013836691347,True
20211222,20201113,04:45,AREQUIPA,PE-1S,1058,DESPISTE,0,0,1058.0,2020-11-13,PE-1S,-17.085360637834793,-71.58451865269012,True
20211222,20201114,13:15,PUNO,PE-34H,28,CHOQUE,1,0,28.0,2020-11-14,PE-34H,-15.298377093657898,-69.98744893549453,True
20211222,20201114,12:00,LORETO,LO-103,42,ATROPELLO,0,1,42.0,2020-11-14,LO-103,,,True
20211222,20201114,17:00,LIMA,PE-22,58,CHOQUE,0,3,58.0,2020-11-14,PE-22,-11.904989716442891,-76.5166785683434,True
20211222,20201114,17:50,ANCASH,AN-117,73,CHOQUE,1,1,73.0,2020-11-14,AN-117,,,True
20211222,20201114,19:40,JUNIN,PE-3S,108,CHOQUE,0,1,108.0,2020-11-14,PE-3S,-11.946779793246296,-75.29139522561728,True
20211222,20201114,20:00,CAJAMARCA,PE-06B,110,ATROPELLO,0,1,110.0,2020-11-14,PE-06B,,,True
20211222,20201114,14:10,PASCO,PE-3N,124,CHOQUE,0,6,124.0,2020-11-14,PE-3N,-10.688003726107006,-76.22416557187701,True
20211222,20201114,07:55,JUNIN,PE-22,144,CHOQUE,0,2,144.0,2020-11-14,PE-22,-11.600717758390408,-76.10773025137584,True
20211222,20201114,09:20,AYACUCHO,PE-3S,239,DESPISTE,0,3,239.0,2020-11-14,PE-3S,-12.510187524713826,-74.71009507067384,True
20211222,20201114,18:00,ANCASH,PE-1N,251,VOLCADURA,0,0,251.0,2020-11-14,PE-1N,-10.375155874374169,-78.00846487328212,True
20211222,20201114,06:30,ANCASH,PE-1N,344,CHOQUE,0,1,344.0,2020-11-14,PE-1N,-9.709208055507482,-78.27510081942467,True
20211222,20201114,04:40,ICA,PE-1S,377,CHOQUE,0,1,377.0,2020-11-14,PE-1S,-14.497228660595075,-75.26832944185828,True
20211222,20201114,01:30,AYACUCHO,PE-3S,409,DESPISTE,0,1,409.0,2020-11-14,PE-3S,-13.248896416002442,-74.23303987837525,True
20211222,20201114,08:30,LA LIBERTAD,PE-1N,555,DESPISTE,0,1,555.0,2020-11-14,PE-1N,-8.169897430823339,-79.0035445625836,True
20211222,20201114,03:20,LA LIBERTAD,PE-1N,725,CHOQUE,0,1,725.0,2020-11-14,PE-1N,-7.097240976100551,-79.51818923509677,True
20211222,20201114,04:55,AREQUIPA,PE-1S,882,DESPISTE,0,1,882.0,2020-11-14,PE-1S,-16.494926647082472,-72.39986071585392,True
20211222,20201114,12:40,AREQUIPA,AR-115,977,CHOQUE,0,0,977.0,2020-11-14,AR-115,,,True
20211222,20201114,05:00,CUSCO,PE-3S,1086,DESPISTE,0,2,1086.0,2020-11-14,PE-3S,-14.123196475404797,-71.41422462291328,True
20211222,20201114,21:25,PUNO,PE-3S,1308,CHOQUE,0,1,1308.0,2020-11-14,PE-3S,-15.417107691595813,-70.14731783916184,True
20211222,20201115,16:30,HUANUCO,PE-18A,11,DESPISTE,0,3,11.0,2020-11-15,PE-18A,-9.882373359752565,-76.19335302729495,True
20211222,20201115,09:30,LIMA,PE-1NE,15,CHOQUE,0,1,15.0,2020-11-15,PE-1NE,-11.092462508112893,-77.4575919702674,True
20211222,20201115,19:15,ANCASH,AN-110,72,CHOQUE,0,0,72.0,2020-11-15,AN-110,,,True
20211222,20201115,19:30,PIURA,PE-1N,85,DESPISTE,0,4,85.0,2020-11-15,PE-1N,-11.542148320798743,-77.28069405572357,True
20211222,20201115,08:40,JUNIN,PE-22B,102,CHOQUE,0,2,102.0,2020-11-15,PE-22B,-11.089325757967211,-75.32996098465773,True
20211222,20201115,22:00,LIMA,PE-22,119,DESPISTE,0,0,119.0,2020-11-15,PE-22,-11.637866230003475,-76.23299827749263,True
20211222,20201115,09:00,UCAYALI,PE-18C,143,DESPISTE,0,1,143.0,2020-11-15,PE-18C,-8.448062436670641,-74.25635626375113,True
20211222,20201115,18:30,HUANUCO,PE-3N,160,DESPISTE,0,2,160.0,2020-11-15,PE-3N,-10.49056525467219,-76.18615811417452,True
20211222,20201115,21:50,LIMA,PE-1N,190,CHOQUE,0,0,190.0,2020-11-15,PE-1N,-10.82812858514916,-77.70015095961433,True
20211222,20201115,16:10,LIMA,PE-1N,235,DESPISTE,0,0,235.0,2020-11-15,PE-1N,-10.460677402880597,-77.91776596406712,True
20211222,20201115,05:00,AMAZONAS,PE-08B,410,VOLCADURA,0,0,410.0,2020-11-15,PE-08B,-6.389894605419665,-77.49900367684556,True
20211222,20201115,05:30,HUANUCO,PE-5N,485,CHOQUE,2,0,485.0,2020-11-15,PE-5N,-9.17230041978716,-75.96533386174761,True
20211222,20201116,19:00,LIMA,PE-24,7,CHOQUE,1,0,7.0,2020-11-16,PE-24,-13.062293995894134,-76.41677874137687,True
20211222,20201116,11:10,LIMA,PE-1S,36,ATROPELLO,0,1,36.0,2020-11-16,PE-1S,-12.303207528105474,-76.84237635381942,True
20211222,20201116,11:00,UCAYALI,PE-18C,38,CHOQUE,0,4,38.0,2020-11-16,PE-18C,-8.569164162644764,-74.89984092686511,True
20211222,20201116,17:20,JUNIN,PE-3N,44,DESPISTE,0,0,44.0,2020-11-16,PE-3N,-11.225518272102754,-75.94130998655879,True
20211222,20201116,08:08,CAJAMARCA,PE-08B,130,DESPISTE,0,0,130.0,2020-11-16,PE-08B,-6.88441292444013,-78.09453806177392,True
20211222,20201116,08:20,CAJAMARCA,PE-06A,172,CHOQUE,0,1,172.0,2020-11-16,PE-06A,-6.477460453180211,-78.92477123159358,True
20211222,20201116,19:00,UCAYALI,PE-5N,217,CHOQUE,0,3,217.0,2020-11-16,PE-5N,-9.769745002816318,-75.00693316030973,True
20211222,20201116,16:20,ANCASH,PE-1N,278,DESPISTE,0,1,278.0,2020-11-16,PE-1N,-10.17823580667018,-78.07380955228884,True
20211222,20201116,23:00,ICA,PE-1S,282,DESPISTE,0,3,282.0,2020-11-16,PE-1S,-13.949190432190877,-75.79990697719946,True
20211222,20201116,04:40,APURIMAC,PE-30A,312,CHOQUE,0,4,312.0,2020-11-16,PE-30A,-14.479931203480364,-73.24494720081317,True
20211222,20201116,01:40,MADRE DE DIOS,PE-30C,334,ATROPELLO,1,1,334.0,2020-11-16,PE-30C,-12.9104624536537,-69.91966059329113,True
20211222,20201116,16:30,ANCASH,PE-1N,384,DESPISTE,0,0,384.0,2020-11-16,PE-1N,-9.425005747470816,-78.36401682461295,True
20211222,20201116,06:20,LA LIBERTAD,PE-1N,527,CHOQUE,0,1,527.0,2020-11-16,PE-1N,-8.37399740388687,-78.86372837451353,True
20211222,20201116,06:00,SAN MARTIN,PE-04A,662,CHOQUE,0,1,662.0,2020-11-16,PE-04A,,,True
20211222,20201116,00:50,AREQUIPA,PE-1S,748,DESPISTE,0,0,748.0,2020-11-16,PE-1S,-16.377595761203132,-73.27248030147223,True
20211222,20201116,23:00,SAN MARTIN,PE-04A,951,DESPISTE,0,2,951.0,2020-11-16,PE-04A,,,True
20211222,20201116,21:24,AREQUIPA,PE-1S,993,ATROPELLO,1,0,993.0,2020-11-16,PE-1S,-16.737142504380433,-71.86981408167036,True
20211222,20201116,20:45,CUSCO,PE-3S,1007,ATROPELLO,1,0,1007.0,2020-11-16,PE-3S,-13.634519593447394,-71.69607954891927,True
20211222,20201116,05:20,JUNIN,PE-3S,N.I.,ATROPELLO,2,0,,2020-11-16,PE-3S,-15.04301470699994,-70.36600238199992,True
20211222,20201117,01:00,MOQUEGUA,PE-36A,5,DESPISTE,3,5,5.0,2020-11-17,PE-36A,-17.213883299612412,-70.9326049679297,True
20211222,20201117,06:15,UCAYALI,PE-5S,18,CHOQUE,1,0,18.0,2020-11-17,PE-5S,-10.935387807849468,-75.16785157032297,True
20211222,20201117,17:50,LIMA,PE-3N,31,DESPISTE,0,5,31.0,2020-11-17,PE-3N,-11.327259931926376,-75.89266645905688,True
20211222,20201117,22:50,LIMA,PE-1N,83,ATROPELLO,0,1,83.0,2020-11-17,PE-1N,-11.555918348742413,-77.26964221100262,True
20211222,20201117,15:00,AYACUCHO,PE-3N,141,CHOQUE,0,1,141.0,2020-11-17,PE-3N,-10.644652000049817,-76.16915310362789,True
20211222,20201117,17:30,PIURA,PE-1NJ,176,CHOQUE,0,1,176.0,2020-11-17,PE-1NJ,-5.372150815670385,-80.05726159816537,True
20211222,20201117,02:07,MOQUEGUA,PE-1SD,206,DESPISTE,0,0,206.0,2020-11-17,PE-1SD,-17.378245076705475,-71.3962326814083,True
20211222,20201117,02:00,AYACUCHO,PE-28A,253,DESPISTE,0,0,253.0,2020-11-17,PE-28A,-13.33866239916392,-74.62472745471707,True
20211222,20201117,20:15,AREQUIPA,PE-1S,825,CHOQUE,1,0,825.0,2020-11-17,PE-1S,-16.6005445647847,-72.75411948588199,True
20211222,20201117,10:05,CUSCO,PE-3S,1047,CHOQUE,0,1,1047.0,2020-11-17,PE-3S,-13.838932461389147,-71.53710381776916,True
20211222,20201117,17:55,CAJAMARCA,PE-3N,1157,CHOQUE,2,1,1157.0,2020-11-17,PE-3N,-7.610615265785431,-78.06400033063028,True
20211222,20201118,16:45,JUNIN,PE-3N,77,DESPISTE,0,1,77.0,2020-11-18,PE-3N,-10.971262273649119,-76.03770901198922,True
20211222,20201118,21:30,LIMA,PE-22,82,CHOQUE,0,0,82.0,2020-11-18,PE-22,-11.8105007855227,-76.35303580366866,True
20211222,20201118,11:00,CUSCO,PE-28B,156,DESPISTE,0,0,156.0,2020-11-18,PE-28B,-12.632270758826909,-73.85318633233251,True
20211222,20201118,22:30,ANCASH,PE-1N,253,CHOQUE,1,0,253.0,2020-11-18,PE-1N,-10.36275217419974,-78.02145858290002,True
20211222,20201118,10:30,ANCASH,PE-1N,264,DESPISTE,0,1,264.0,2020-11-18,PE-1N,-10.290958238394552,-78.04454491368759,True
20211222,20201118,15:45,AYACUCHO,PE-28A,305,DESPISTE,0,1,305.0,2020-11-18,PE-28A,-13.267735729956055,-74.30734665371118,True
20211222,20201118,07:00,ANCASH,PE-1N,408,VOLCADURA,0,2,408.0,2020-11-18,PE-1N,-9.234620554268307,-78.44851087676236,True
20211222,20201118,06:20,LAMBAYEQUE,PE-1N,855,DESPISTE,0,1,855.0,2020-11-18,PE-1N,-6.299516341839362,-80.26499008141073,True
20211222,20201118,12:00,LAMBAYEQUE,PE-1N,855,DESPISTE,0,4,855.0,2020-11-18,PE-1N,-6.299516341839362,-80.26499008141073,True
20211222,20201118,07:10,PUNO,PE-3S,1232,CHOQUE,1,1,1232.0,2020-11-18,PE-3S,-14.937824448778201,-70.53539535889509,True
20211222,20201118,22:50,PUNO,PE-1S,1440,CHOQUE,0,0,1440.0,2020-11-18,PE-1S,,,True
20211222,20201119,12:00,AREQUIPA,AR-115,4,DESPISTE,0,0,4.0,2020-11-19,AR-115,,,True
20211222,20201119,08:30,JUNIN,PE-22B,12,DESPISTE,0,0,12.0,2020-11-19,PE-22B,-11.4123051152993,-75.80794008465871,True
20211222,20201119,08:30,AREQUIPA,AR-115,27,ATROPELLO,1,0,27.0,2020-11-19,AR-115,,,True
20211222,20201119,05:45,JUNIN,PE-3N,43,DESPISTE,0,0,43.0,2020-11-19,PE-3N,-11.234375670203802,-75.93904290138659,True
20211222,20201119,02:20,LIMA,PE-1S,71,DESPISTE,0,1,71.0,2020-11-19,PE-1S,-12.570198805780505,-76.69642422185582,True
20211222,20201119,13:55,JUNIN,PE-3S,101,CHOQUE,0,1,101.0,2020-11-19,PE-3S,-11.905670120790454,-75.33221304157603,True
20211222,20201119,02:30,LIMA,PE-22,108,DESPISTE,0,1,108.0,2020-11-19,PE-22,-11.698012647915725,-76.26622779065438,True
20211222,20201119,12:45,CAJAMARCA,PE-3N,110,VOLCADURA,0,1,110.0,2020-11-19,PE-3N,-10.781251799585862,-76.24616005588734,True
20211222,20201119,10:20,LIMA,PE-22,127,CHOQUE,0,0,127.0,2020-11-19,PE-22,-11.61248639558264,-76.20658974751784,True
20211222,20201119,19:00,CAJAMARCA,PE-08,138,VOLCADURA,1,2,138.0,2020-11-19,PE-08,-7.285333818856897,-78.5193786817098,True
20211222,20201119,17:10,CAJAMARCA,PE-08,150,DESPISTE,0,0,150.0,2020-11-19,PE-08,-7.2667592084821155,-78.51166893474729,True
20211222,20201119,10:00,PUNO,PE-36A,184,DESPISTE,0,1,184.0,2020-11-19,PE-36A,-16.767367782317162,-69.96228647958887,True
20211222,20201119,05:15,ICA,PE-1S,245,DESPISTE,0,5,245.0,2020-11-19,PE-1S,-13.874892257635718,-76.1250427690796,True
20211222,20201119,23:00,CUSCO,PE-28B,338,DESPISTE,0,2,338.0,2020-11-19,PE-28B,-12.635402956882162,-73.01753494634369,True
20211222,20201119,06:30,ANCASH,PE-1N,376,CHOQUE,0,2,376.0,2020-11-19,PE-1N,-9.471606508238448,-78.31074573841643,True
20211222,20201119,15:45,HUANUCO,PE-5N,458,CHOQUE,0,3,458.0,2020-11-19,PE-5N,-9.204322080704609,-75.81111623061452,True
20211222,20201119,08:20,LA LIBERTAD,PE-1N,462,DESPISTE,0,0,462.0,2020-11-19,PE-1N,-8.828528034829061,-78.6554670855998,True
20211222,20201119,09:30,SAN MARTIN,PE-04A,652,DESPISTE,0,0,652.0,2020-11-19,PE-04A,,,True
20211222,20201119,14:00,SAN MARTIN,PE-04A,725,CHOQUE,1,0,725.0,2020-11-19,PE-04A,,,True
20211222,20201119,17:50,TACNA,PE-1S,1143,DESPISTE,0,0,1143.0,2020-11-19,PE-1S,-17.251187720737885,-70.98721732647464,True
20211222,20201120,08:40,PIURA,PE-1N,9,DESPISTE,0,0,9.0,2020-11-20,PE-1N,-12.04018805507735,-77.0353161948451,True
20211222,20201120,05:15,AREQUIPA,AR-115,12,DESPISTE,0,0,12.0,2020-11-20,AR-115,,,True
20211222,20201120,23:00,UCAYALI,PE-18C,28,DESPISTE,0,2,28.0,2020-11-20,PE-18C,-8.635860593001079,-74.94661968966271,True
20211222,20201120,16:55,LAMBAYEQUE,PE-1N,39,CHOQUE,0,0,39.0,2020-11-20,PE-1N,-11.81153439569187,-77.13042173959337,True
20211222,20201120,12:20,MOQUEGUA,PE-36A,41,VOLCADURA,0,0,41.0,2020-11-20,PE-36A,-17.054359407270084,-70.86470681058825,True
20211222,20201120,18:00,LA LIBERTAD,PE-10B,80,DESPISTE,1,2,80.0,2020-11-20,PE-10B,-7.5218492010896085,-77.7309822062237,True
20211222,20201120,16:00,LIMA,PE-22,98,DESPISTE,0,0,98.0,2020-11-20,PE-22,-11.742844841375657,-76.28697679623323,True
20211222,20201120,17:00,CUSCO,PE-28B,98,DESPISTE,0,3,98.0,2020-11-20,PE-28B,-12.814558355514176,-73.99676645973649,True
20211222,20201120,18:30,PIURA,PE-1NJ,194,DESPISTE,0,0,194.0,2020-11-20,PE-1NJ,-5.165859281212905,-80.52488307725785,True
20211222,20201120,16:30,SAN MARTIN,PE-04A,445,DESPISTE,0,0,445.0,2020-11-20,PE-04A,,,True
20211222,20201120,04:30,ANCASH,PE-3N,578,ATROPELLO,0,0,578.0,2020-11-20,PE-3N,-9.546680062118323,-77.53541082738731,True
20211222,20201120,06:30,LA LIBERTAD,PE-1N,706,CHOQUE,0,1,706.0,2020-11-20,PE-1N,-7.22336537648383,-79.43957561673264,True
20211222,20201120,01:30,LAMBAYEQUE,PE-1N,812,CHOQUE,1,0,812.0,2020-11-20,PE-1N,-6.570621610626422,-79.99241551797556,True
20211222,20201120,19:30,AREQUIPA,PE-1S,949,DESPISTE,0,1,949.0,2020-11-20,PE-1S,-16.471076249526888,-71.91964289600334,True
20211222,20201120,16:40,PIURA,PE-1N,N.I.,CHOQUE,0,1,,2020-11-20,PE-1N,-8.930614221999917,-78.63504476299994,True
20211222,20201120,16:00,PASCO,PA-104,N.I.,DESPISTE,2,32,,2020-11-20,PA-104,,,True
20211222,20201121,06:05,MOQUEGUA,PE-36A,16,DESPISTE,0,2,16.0,2020-11-21,PE-36A,-17.161907869616932,-70.87194071390094,True
20211222,20201121,07:00,JUNIN,PE-3S,62,DESPISTE,0,0,62.0,2020-11-21,PE-3S,-11.787848655787,-75.57757554886017,True
20211222,20201121,18:50,CUSCO,PE-28B,177,DESPISTE,0,0,177.0,2020-11-21,PE-28B,-12.606690790687368,-73.76834241109535,True
20211222,20201121,08:30,PUNO,PE-34B,205,DESPISTE,0,1,205.0,2020-11-21,PE-34B,-13.923933644818447,-70.50087660543299,True
20211222,20201121,19:50,CAJAMARCA,PE-04A,234,CHOQUE,0,1,234.0,2020-11-21,PE-04A,,,True
20211222,20201121,19:30,SAN MARTIN,PE-04A,486,CHOQUE,0,1,486.0,2020-11-21,PE-04A,,,True
20211222,20201121,13:00,LA LIBERTAD,PE-1N,668,DESPISTE,0,0,668.0,2020-11-21,PE-1N,-7.434747902713221,-79.50149784042246,True
20211222,20201121,22:00,PIURA,PE-1N,943,CHOQUE,0,1,943.0,2020-11-21,PE-1N,-5.63124372344421,-80.57755560607377,True
20211222,20201121,19:20,ANCASH,PE-3N,N.I.,CHOQUE,0,0,,2020-11-21,PE-3N,-10.33797454799992,-76.1815299989999,True
20211222,20201122,04:00,PUNO,PE-34K,3,DESPISTE,0,0,3.0,2020-11-22,PE-34K,-14.328693438784017,-70.2165687223918,True
20211222,20201122,20:00,CAJAMARCA,PE-5N,7,ATROPELLO,0,1,7.0,2020-11-22,PE-5N,-10.91481897962098,-75.28636583995102,True
20211222,20201122,15:30,JUNIN,PE-3N,11,DESPISTE,0,1,11.0,2020-11-22,PE-3N,-11.457718254078598,-75.9535502486343,True
20211222,20201122,05:25,JUNIN,PE-3SA,13,DESPISTE,0,3,13.0,2020-11-22,PE-3SA,-11.72151340100579,-75.55017417383061,True
20211222,20201122,05:45,JUNIN,PE-3S,30,CHOQUE,0,2,30.0,2020-11-22,PE-3S,-11.689773911327778,-75.76956519914653,True
20211222,20201122,19:30,CAJAMARCA,PE-06A,40,CHOQUE,0,2,40.0,2020-11-22,PE-06A,-6.733847757301232,-79.55083183736427,True
20211222,20201122,19:00,LIMA,PE-1N,44,CHOQUE,0,2,44.0,2020-11-22,PE-1N,-11.777083903231906,-77.15962972973583,True
20211222,20201122,22:00,LIMA,PE-1N,55,DESPISTE,0,1,55.0,2020-11-22,PE-1N,-11.725075277361876,-77.16792889663036,True
20211222,20201122,07:20,LIMA,PE-1S,77,CHOQUE,0,2,77.0,2020-11-22,PE-1S,-12.605222066120604,-76.66434305860507,True
20211222,20201122,10:20,LIMA,PE-1N,81,VOLCADURA,0,0,81.0,2020-11-22,PE-1N,-11.571969039919333,-77.26346688953588,True
20211222,20201122,06:00,LIMA,PE-1N,103,DESPISTE,0,0,103.0,2020-11-22,PE-1N,-11.418707756071143,-77.37091265285507,True
20211222,20201122,14:30,LIMA,PE-22,128,CHOQUE,0,1,128.0,2020-11-22,PE-22,-11.610939453003805,-76.20389438244929,True
20211222,20201122,02:00,ICA,PE-1S,189,DESPISTE,0,2,189.0,2020-11-22,PE-1S,-13.41075453065729,-76.1620130739239,True
20211222,20201122,08:00,PUNO,PE-30A,273,DESPISTE,0,1,273.0,2020-11-22,PE-30A,-14.556587731321715,-73.47413708803764,True
20211222,20201122,18:00,PUNO,PE-30A,346,CHOQUE,0,2,346.0,2020-11-22,PE-30A,-14.279202396335553,-73.27334230272415,True
20211222,20201122,10:30,AREQUIPA,PE-1S,853,CHOQUE,0,3,853.0,2020-11-22,PE-1S,-16.586053736844253,-72.62819922366491,True
20211222,20201122,06:40,PUNO,PE-3S,1029,CHOQUE,0,2,1029.0,2020-11-22,PE-3S,-13.715654631909295,-71.59698258517794,True
20211222,20201123,07:30,UCAYALI,PE-18C,17,CHOQUE,0,0,17.0,2020-11-23,PE-18C,-8.704896522742061,-74.99580171198913,True
20211222,20201123,06:30,CUSCO,PE-3S,22,DESPISTE,6,0,22.0,2020-11-23,PE-3S,-11.646044336534958,-75.81339646544654,True
20211222,20201123,16:00,LIMA,PE-20,24,CHOQUE,0,0,24.0,2020-11-23,PE-20,-11.996839501999943,-77.12620734199993,True
20211222,20201123,11:25,JUNIN,PE-3SA,36,DESPISTE,0,1,36.0,2020-11-23,PE-3SA,-11.575100837961969,-75.63279832169488,True
20211222,20201123,11:00,AREQUIPA,PE-22,47,CHOQUE,0,1,47.0,2020-11-23,PE-22,-11.912955692951464,-76.60399615853814,True
20211222,20201123,10:00,LIMA,PE-1S,69,CHOQUE,0,4,69.0,2020-11-23,PE-1S,-12.558117854102646,-76.70992501945862,True
20211222,20201123,16:15,CAJAMARCA,PE-3N,75,CHOQUE,0,1,75.0,2020-11-23,PE-3N,-10.984637894357062,-76.03791402972705,True
20211222,20201123,15:50,AYACUCHO,PE-28B,88,DESPISTE,0,1,88.0,2020-11-23,PE-28B,-12.846718996475634,-73.99491114245025,True
20211222,20201123,15:30,ANCASH,PE-3N,122,DESPISTE,0,1,122.0,2020-11-23,PE-3N,-10.696655676234094,-76.2320596840977,True
20211222,20201123,03:00,AREQUIPA,PE-34A,139,DESPISTE,0,1,139.0,2020-11-23,PE-34A,-15.974915479112482,-71.24783513511893,True
20211222,20201123,15:00,SAN MARTIN,PE-18C,165,CHOQUE,0,2,165.0,2020-11-23,PE-18C,-8.42416784821425,-74.05415157514703,True
20211222,20201123,23:50,PUNO,PE-34A,208,DESPISTE,1,0,208.0,2020-11-23,PE-34A,-15.695074093525186,-70.82061890544735,True
20211222,20201123,23:50,LIMA,PE-1N,218,CHOQUE,0,0,218.0,2020-11-23,PE-1N,-10.601543724012462,-77.87106821361006,True
20211222,20201123,15:10,PUNO,PE-30A,321,DESPISTE,0,1,321.0,2020-11-23,PE-30A,-14.415372967166835,-73.20385785141609,True
20211222,20201123,22:20,ICA,PE-1S,346,CHOQUE,0,2,346.0,2020-11-23,PE-1S,-14.415325879218212,-75.54087078380991,True
20211222,20201123,13:30,LIMA,PE-22,833,DESPISTE,0,0,833.0,2020-11-23,PE-22,,,True
20211222,20201123,13:15,PUNO,PE-1S,948,DESPISTE,0,4,948.0,2020-11-23,PE-1S,-16.46657068222686,-71.92730620901166,True
20211222,20201123,05:30,CUSCO,PE-3S,1063,VOLCADURA,0,0,1063.0,2020-11-23,PE-3S,-13.96216670533886,-71.49567831900252,True
20211222,20201124,17:30,CUSCO,PE-34F,8,DESPISTE,0,1,8.0,2020-11-24,PE-34F,-14.735190850275147,-71.34316753664393,True
20211222,20201124,18:30,LIMA,PE-18,54,CHOQUE,0,1,54.0,2020-11-24,PE-18,-11.094196604231243,-77.16762755774637,True
20211222,20201124,N.I.,CAJAMARCA,PE-08,77,N.I.,0,2,77.0,2020-11-24,PE-08,-7.201490171339683,-78.94978162232735,True
20211222,20201124,07:00,LIMA,PE-1S,84,CHOQUE,0,2,84.0,2020-11-24,PE-1S,-12.664674078988309,-76.6582442876618,True
20211222,20201124,05:00,LIMA,PE-1N,144,DESPISTE,0,2,144.0,2020-11-24,PE-1N,-11.155514682837378,-77.59432816814247,True
20211222,20201124,06:09,HUANUCO,PE-14A,192,DESPISTE,2,6,192.0,2020-11-24,PE-14A,-9.056470213172839,-76.98043393515837,True
20211222,20201124,06:30,PUNO,PE-34H,258,DESPISTE,5,2,258.0,2020-11-24,PE-34H,-14.182914259030333,-69.32476172611896,True
20211222,20201124,04:40,ANCASH,PE-1N,258,CHOQUE,0,1,258.0,2020-11-24,PE-1N,-10.333704325154397,-78.04740831744267,True
20211222,20201124,20:00,MADRE DE DIOS,PE-30C,410,CHOQUE,0,3,410.0,2020-11-24,PE-30C,-12.654291199502014,-69.3049976961437,True
20211222,20201124,14:00,ANCASH,PE-3N,584,DESPISTE,0,1,584.0,2020-11-24,PE-3N,-9.494145007226981,-77.53582359631622,True
20211222,20201124,13:15,AREQUIPA,PE-1S,948,DESPISTE,0,4,948.0,2020-11-24,PE-1S,-16.46657068222686,-71.92730620901166,True
20211222,20201125,08:50,PIURA,PE-1N,15,N.I.,0,1,15.0,2020-11-25,PE-1N,-11.999903495021439,-77.06246176966826,True
20211222,20201125,07:40,PIURA,PE-1N,15,DESPISTE,0,0,15.0,2020-11-25,PE-1N,-11.999903495021439,-77.06246176966826,True
20211222,20201125,22:00,LIMA,PE-1S,31,DESPISTE,0,0,31.0,2020-11-25,PE-1S,-12.280991225376972,-76.88222016434416,True
20211222,20201125,07:46,JUNIN,PE-3N,37,DESPISTE,0,0,37.0,2020-11-25,PE-3N,-11.283345450729579,-75.92079551326114,True
20211222,20201125,11:10,PIURA,PE-1N,47,DESPISTE,0,2,47.0,2020-11-25,PE-1N,-11.753335009070232,-77.14879196867817,True
20211222,20201125,22:40,AYACUCHO,PE-28B,121,DESPISTE,0,1,121.0,2020-11-25,PE-28B,-12.740975197230753,-73.97197464601824,True
20211222,20201125,23:20,LIMA,PE-1N,175,CHOQUE,0,3,175.0,2020-11-25,PE-1N,-10.909489900337046,-77.66518995142486,True
20211222,20201125,14:10,PUNO,PE-3S,195,VOLCADURA,0,2,195.0,2020-11-25,PE-3S,-12.513093663298253,-74.96455785279849,True
20211222,20201125,08:00,ICA,PE-1S,209,CHOQUE,0,2,209.0,2020-11-25,PE-1S,-13.570709646363875,-76.13427295381477,True
20211222,20201125,07:30,PUNO,PE-34A,254,CHOQUE,0,2,254.0,2020-11-25,PE-34A,-15.665929999999946,-70.48159988924162,True
20211222,20201125,18:50,PUNO,PE-34A,267,CHOQUE,0,2,267.0,2020-11-25,PE-34A,-15.66960884763155,-70.37176891863635,True
20211222,20201125,07:20,ANCASH,PE-1N,280,DESPISTE,0,0,280.0,2020-11-25,PE-1N,-10.16560663087489,-78.08690120118263,True
20211222,20201125,05:00,AYACUCHO,PE-28A,313,DESPISTE,0,1,313.0,2020-11-25,PE-28A,-13.231889604183896,-74.29151341644457,True
20211222,20201125,11:15,LA LIBERTAD,PE-1N,486,DESPISTE,0,0,486.0,2020-11-25,PE-1N,-8.630076609496,-78.6380208975206,True
20211222,20201125,07:40,SAN MARTIN,PE-5N,570,CHOQUE,1,1,570.0,2020-11-25,PE-5N,-8.640779751050005,-76.25661579981845,True
20211222,20201125,08:30,AREQUIPA,PE-1S,609,DESPISTE,0,0,609.0,2020-11-25,PE-1S,-15.835614719905324,-74.28651583210313,True
20211222,20201125,08:00,LAMBAYEQUE,PE-1N,758,DESPISTE,0,0,758.0,2020-11-25,PE-1N,-6.921809987693707,-79.75068219998884,True
20211222,20201125,03:00,PUNO,PE-3S,1385,DESPISTE,0,1,1385.0,2020-11-25,PE-3S,-15.918585127284418,-69.88207190544063,True
20211222,20201125,13:35,LIMA,PE-1N,N.I.,CHOQUE,0,3,,2020-11-25,PE-1N,-8.930614221999917,-78.63504476299994,True
20211222,20201126,15:45,JUNIN,PE-22,16,DESPISTE,0,1,16.0,2020-11-26,PE-22,-12.007587262482158,-76.85629405964173,True
20211222,20201126,07:50,TACNA,PE-1SD,20,CHOQUE,0,1,20.0,2020-11-26,PE-1SD,-16.693928416005043,-72.48297731281941,True
20211222,20201126,04:40,LIMA,PE-1S,47,CHOQUE,0,2,47.0,2020-11-26,PE-1S,-12.378518356179672,-76.7772802818308,True
20211222,20201126,22:00,ANCASH,AN-107,62,DESPISTE,1,3,62.0,2020-11-26,AN-107,,,True
20211222,20201126,19:15,LIMA,PE-1S,73,ATROPELLO,1,0,73.0,2020-11-26,PE-1S,-12.579240170785853,-76.68065669000386,True
20211222,20201126,04:10,JUNIN,PE-22,78,DESPISTE,0,0,78.0,2020-11-26,PE-22,-11.836472512317764,-76.37600339735839,True
20211222,20201126,18:40,CAJAMARCA,PE-06B,140,CHOQUE,0,0,140.0,2020-11-26,PE-06B,,,True
20211222,20201126,15:30,LIMA,PE-1N,148,DESPISTE,0,0,148.0,2020-11-26,PE-1N,-11.120063004814797,-77.59402031657369,True
20211222,20201126,14:50,ICA,PE-1S,183,CHOQUE,0,0,183.0,2020-11-26,PE-1S,-13.389281095080594,-76.20101489842929,True
20211222,20201126,13:30,ICA,PE-1S,194,CHOQUE,0,0,194.0,2020-11-26,PE-1S,-13.437325559342614,-76.13482392821079,True
20211222,20201126,15:00,MADRE DE DIOS,PE-30C,279,DESPISTE,0,0,279.0,2020-11-26,PE-30C,-12.961319957025806,-70.32048536088713,True
20211222,20201126,04:50,AREQUIPA,PE-1S,1058,DESPISTE,0,1,1058.0,2020-11-26,PE-1S,-17.085360637834793,-71.58451865269012,True
20211222,20201127,05:45,AMAZONAS,PE-5N,5,CHOQUE,0,0,5.0,2020-11-27,PE-5N,-10.926699476833056,-75.28036326294095,True
20211222,20201127,18:30,ANCASH,AN-110,7,DESPISTE,0,0,7.0,2020-11-27,AN-110,,,True
20211222,20201127,21:00,PUNO,PE-34H,24,DESPISTE,0,0,24.0,2020-11-27,PE-34H,-15.300486474265442,-70.02402838185601,True
20211222,20201127,15:53,LIMA,PE-22,71,CHOQUE,0,0,71.0,2020-11-27,PE-22,-11.8681462217307,-76.42577978838335,True
20211222,20201127,16:25,HUANUCO,PE-18A,91,DESPISTE,0,0,91.0,2020-11-27,PE-18A,-9.528380778284017,-75.96267257831636,True
20211222,20201127,23:10,JUNIN,PE-3N,98,DESPISTE,0,0,98.0,2020-11-27,PE-3N,-10.84778388805375,-76.16486390757093,True
20211222,20201127,13:15,LIMA,PE-1N,148,DESPISTE,0,1,148.0,2020-11-27,PE-1N,-11.120063004814797,-77.59402031657369,True
20211222,20201127,04:20,ICA,PE-1S,183,CHOQUE,0,0,183.0,2020-11-27,PE-1S,-13.389281095080594,-76.20101489842929,True
20211222,20201127,14:40,CUSCO,PE-28B,204,CHOQUE,0,6,204.0,2020-11-27,PE-28B,-12.738948879236847,-73.64883455395334,True
20211222,20201127,21:00,HUANUCO,PE-5N,452,DESPISTE,0,2,452.0,2020-11-27,PE-5N,-9.173043065442531,-75.79346393714873,True
20211222,20201127,07:00,LA LIBERTAD,PE-1N,502,CHOQUE,0,0,502.0,2020-11-27,PE-1N,-8.503453654723288,-78.68933679338224,True
20211222,20201127,07:00,AREQUIPA,PE-1S,637,DESPISTE,0,0,637.0,2020-11-27,PE-1S,-15.934295637123753,-74.09088584211813,True
20211222,20201127,10:10,AREQUIPA,PE-1S,672,CHOQUE,0,0,672.0,2020-11-27,PE-1S,-16.13726284742863,-73.86295483447765,True
20211222,20201127,16:30,AREQUIPA,PE-1S,925,CHOQUE,0,0,925.0,2020-11-27,PE-1S,-16.389237651470626,-72.10323008118732,True
20211222,20201127,20:40,CUSCO,PE-3S,948,VOLCADURA,0,0,948.0,2020-11-27,PE-3S,-13.471097478861617,-72.13419885594485,True
20211222,20201127,18:30,PUNO,PE-3S,1384,CHOQUE,0,0,1384.0,2020-11-27,PE-3S,-15.909923319664022,-69.88461745856189,True
20211222,20201128,04:35,LIMA,PE-22,3,CHOQUE,0,4,3.0,2020-11-28,PE-22,-12.025200402311825,-76.96587696840163,True
20211222,20201128,10:30,LIMA,LM-875,12,CHOQUE,1,1,12.0,2020-11-28,LM-875,,,True
20211222,20201128,14:15,HUANUCO,PE-18A,106,CHOQUE,0,0,106.0,2020-11-28,PE-18A,-9.44005497415777,-75.96659862682719,True
20211222,20201128,17:00,MADRE DE DIOS,PE-30C,259,CHOQUE,0,0,259.0,2020-11-28,PE-30C,-13.090769096107314,-70.36377087101894,True
20211222,20201128,10:00,MADRE DE DIOS,PE-30C,328,CHOQUE,0,2,328.0,2020-11-28,PE-30C,-12.896798113912123,-69.96722531408317,True
20211222,20201128,16:45,ICA,PE-1S,484,DESPISTE,1,5,484.0,2020-11-28,PE-1S,-15.148310374364575,-74.9777932175639,True
20211222,20201128,09:20,PIURA,PE-1N,1019,DESPISTE,1,0,1019.0,2020-11-28,PE-1N,-5.008574894850088,-80.70003596898175,True
20211222,20201129,16:30,JUNIN,PE-3S,8,DESPISTE,0,0,8.0,2020-11-29,PE-3S,-11.562452109731616,-75.87145015420676,True
20211222,20201129,23:50,PIURA,PE-02A,14,ATROPELLO,1,0,14.0,2020-11-29,PE-02A,-5.229285845266634,-79.99781876498761,True
20211222,20201129,13:25,ICA,PE-30A,60,DESPISTE,0,1,60.0,2020-11-29,PE-30A,-14.76615122411262,-74.61879194092263,True
20211222,20201129,16:50,LIMA,PE-22,76,DESPISTE,0,1,76.0,2020-11-29,PE-22,-11.847607329487989,-76.38924509223335,True
20211222,20201129,16:40,ANCASH,PE-3N,160,DESPISTE,0,0,160.0,2020-11-29,PE-3N,-10.49056525467219,-76.18615811417452,True
20211222,20201129,10:35,ANCASH,PE-1N,308,CHOQUE,0,2,308.0,2020-11-29,PE-1N,-9.951471677826838,-78.2115689302116,True
20211222,20201129,21:15,ICA,PE-1S,423,DESPISTE,0,0,423.0,2020-11-29,PE-1S,-14.715954984230008,-75.09158291576988,True
20211222,20201129,16:25,ICA,PE-1S,441,CHOQUE,0,0,441.0,2020-11-29,PE-1S,-14.821352821844936,-74.9667754239113,True
20211222,20201129,07:40,AREQUIPA,PE-1S,603,DESPISTE,1,0,603.0,2020-11-29,PE-1S,-15.814402711349496,-74.31709692140151,True
20211222,20201129,00:10,APURIMAC,PE-3S,715,DESPISTE,0,4,715.0,2020-11-29,PE-3S,-13.640559408259216,-73.09429232009592,True
20211222,20201129,05:25,AREQUIPA,PE-1S,924,DESPISTE,0,1,924.0,2020-11-29,PE-1S,-16.385454455152747,-72.11172334931726,True
20211222,20201129,15:35,MOQUEGUA,PE-1S,1334,CHOQUE,1,0,1334.0,2020-11-29,PE-1S,,,True
20211222,20201129,11:00,PUNO,PE-1S,1390,CHOQUE,1,1,1390.0,2020-11-29,PE-1S,,,True
20211222,20201130,13:10,LIMA,PE-1NA,11,ATROPELLO,0,1,11.0,2020-11-30,PE-1NA,-11.698685641148431,-77.19325093592069,True
20211222,20201130,15:00,MOQUEGUA,PE-36A,25,DESPISTE,0,1,25.0,2020-11-30,PE-36A,-17.108181800719837,-70.84448012901088,True
20211222,20201130,23:40,UCAYALI,PE-18C,27,DESPISTE,0,2,27.0,2020-11-30,PE-18C,-8.64237223338931,-74.95287360968928,True
20211222,20201130,21:50,LIMA,PE-20A,39,DESPISTE,1,0,39.0,2020-11-30,PE-20A,-11.6913354475904,-76.9276889272406,True
20211222,20201130,07:00,LA LIBERTAD,PE-1N,59,CHOQUE,0,2,59.0,2020-11-30,PE-1N,-11.692192514020103,-77.18065694885097,True
20211222,20201130,14:02,AYACUCHO,PE-30A,73,DESPISTE,0,2,73.0,2020-11-30,PE-30A,-14.705449048948509,-74.5371176387652,True
20211222,20201130,05:30,LIMA,PE-1S,73,CHOQUE,0,2,73.0,2020-11-30,PE-1S,-12.579240170785853,-76.68065669000386,True
20211222,20201130,09:40,LIMA,PE-22,82,DESPISTE,0,0,82.0,2020-11-30,PE-22,-11.8105007855227,-76.35303580366866,True
20211222,20201130,14:30,LIMA,PE-22,87,CHOQUE,0,0,87.0,2020-11-30,PE-22,-11.78573755939325,-76.33445596411033,True
20211222,20201130,16:20,LIMA,PE-3N,92,DESPISTE,0,0,92.0,2020-11-30,PE-3N,-10.867159178986354,-76.11666759525646,True
20211222,20201130,13:50,AMAZONAS,PE-04A,235,DESPISTE,0,1,235.0,2020-11-30,PE-04A,,,True
20211222,20201130,01:45,ANCASH,PE-1N,436,CHOQUE,1,15,436.0,2020-11-30,PE-1N,-9.12034609135742,-78.54001405279668,True
20211222,20201130,15:30,HUANUCO,PE-5N,460,CHOQUE,0,1,460.0,2020-11-30,PE-5N,-9.198904929570569,-75.82541110378008,True
20211222,20201130,04:30,AREQUIPA,PE-1S,582,DESPISTE,0,1,582.0,2020-11-30,PE-1S,-15.748559103072541,-74.44295943593212,True
20211222,20201130,14:35,CUSCO,PE-3S,900,CHOQUE,0,1,900.0,2020-11-30,PE-3S,-13.457402410319084,-72.41182537038483,True
20211222,20201130,20:00,CUSCO,PE-3S,925,CHOQUE,0,8,925.0,2020-11-30,PE-3S,-13.4512751752473,-72.31537984689834,True
20211222,20201201,06:45,CAJAMARCA,PE-06B,16,CHOQUE,0,0,16.0,2020-12-01,PE-06B,-6.6324192581723125,-79.13188943278458,True
20211222,20201201,14:15,LIMA,PE-22,110,CHOQUE,0,3,110.0,2020-12-01,PE-22,-11.685662543184964,-76.26051752939492,True
20211222,20201201,07:30,CAJAMARCA,PE-08,111,CHOQUE,0,0,111.0,2020-12-01,PE-08,-7.242517912305455,-78.68808618826748,True
20211222,20201201,20:15,ANCASH,PE-14,124,CHOQUE,0,0,124.0,2020-12-01,PE-14,-9.546783654931168,-77.5805858096299,True
20211222,20201201,03:50,PUNO,PE-34A,224,DESPISTE,0,3,224.0,2020-12-01,PE-34A,-15.639266129277004,-70.70379483650626,True
20211222,20201201,05:30,LA LIBERTAD,PE-1N,479,DESPISTE,0,0,479.0,2020-12-01,PE-1N,-8.683219668536625,-78.63136977013599,True
20211222,20201201,16:10,SAN MARTIN,PE-5N,497,CHOQUE,0,1,497.0,2020-12-01,PE-5N,-9.117345157382234,-76.04608758220911,True
20211222,20201201,08:30,AREQUIPA,PE-1S,609,DESPISTE,0,0,609.0,2020-12-01,PE-1S,-15.835614719905324,-74.28651583210313,True
20211222,20201201,21:10,AREQUIPA,PE-1S,787,DESPISTE,0,0,787.0,2020-12-01,PE-1S,-16.476588161589746,-73.04575629178693,True
20211222,20201201,23:30,PUNO,PE-3S,1199,ESPECIAL,0,0,1199.0,2020-12-01,PE-3S,-14.744608782301365,-70.74381137194652,True
20211222,20201202,22:15,LORETO,LO-103,2,CHOQUE,0,2,2.0,2020-12-02,LO-103,,,True
20211222,20201202,20:20,ICA,PE-30A,4,DESPISTE,0,0,4.0,2020-12-02,PE-30A,-14.830942381092378,-74.90978374591248,True
20211222,20201202,10:00,AMAZONAS,PE-08B,35,CHOQUE,0,1,35.0,2020-12-02,PE-08B,-7.087249953819236,-78.33802116436944,True
20211222,20201202,20:50,LAMBAYEQUE,PE-1N,45,ATROPELLO,1,0,45.0,2020-12-02,PE-1N,-11.76805645197359,-77.15871594110817,True
20211222,20201202,21:35,LIMA,PE-1S,46,CHOQUE,0,1,46.0,2020-12-02,PE-1S,-12.372193009712289,-76.78383275323904,True
20211222,20201202,13:40,LIMA,PE-22,53,DESPISTE,0,0,53.0,2020-12-02,PE-22,-11.917176882100872,-76.55529467198069,True
20211222,20201202,08:10,AREQUIPA,PE-34A,53,CHOQUE,0,2,53.0,2020-12-02,PE-34A,-16.29736151775616,-71.64496526803876,True
20211222,20201202,17:53,LIMA,PE-22,82,CHOQUE,0,0,82.0,2020-12-02,PE-22,-11.8105007855227,-76.35303580366866,True
20211222,20201202,19:50,CUSCO,PE-28B,103,DESPISTE,1,2,103.0,2020-12-02,PE-28B,-12.791007086873012,-73.99736989068279,True
20211222,20201202,14:10,AREQUIPA,PE-34A,112,CHOQUE,0,0,112.0,2020-12-02,PE-34A,-16.057581149468973,-71.41436337936274,True
20211222,20201202,02:00,AREQUIPA,PE-34A,116,DESPISTE,0,0,116.0,2020-12-02,PE-34A,-16.07563026641676,-71.3870705151422,True
20211222,20201202,17:40,PUNO,PE-34B,150,CHOQUE,0,13,150.0,2020-12-02,PE-34B,-14.236292634215118,-70.24490673619945,True
20211222,20201202,02:20,PUNO,PE-34H,295,DESPISTE,0,0,295.0,2020-12-02,PE-34H,-14.25183415550623,-69.16161610858425,True
20211222,20201202,16:30,ANCASH,PE-3N,590,CHOQUE,0,1,590.0,2020-12-02,PE-3N,-9.445603141578689,-77.54945389294664,True
20211222,20201202,19:50,AREQUIPA,PE-1S,760,CHOQUE,0,1,760.0,2020-12-02,PE-1S,-16.411359303624945,-73.19074291867989,True
20211222,20201202,08:00,PUNO,PE-3S,1201,DESPISTE,0,0,1201.0,2020-12-02,PE-3S,-14.760055388335573,-70.73387541230214,True
20211222,20201202,18:00,PUNO,PE-3S,1476,DESPISTE,0,1,1476.0,2020-12-02,PE-3S,-16.346414470365744,-69.24247683187924,True
20211222,20201203,19:30,LORETO,LO-103,9,CHOQUE,0,2,9.0,2020-12-03,LO-103,,,True
20211222,20201203,06:20,JUNIN,PE-3N,16,DESPISTE,0,1,16.0,2020-12-03,PE-3N,-11.427203880905033,-75.92367167749157,True
20211222,20201203,13:30,PUNO,PE-34B,57,DESPISTE,0,2,57.0,2020-12-03,PE-34B,-14.852245609769833,-70.22587262343735,True
20211222,20201203,10:30,LIMA,PE-22,81,CHOQUE,0,0,81.0,2020-12-03,PE-22,-11.816446982929918,-76.35813220106184,True
20211222,20201203,04:00,LIMA,PE-22,91,DESPISTE,0,0,91.0,2020-12-03,PE-22,-11.782406433929982,-76.30815189962169,True
20211222,20201203,17:10,LAMBAYEQUE,PE-1N,94,CHOQUE,0,1,94.0,2020-12-03,PE-1N,-11.467305016859592,-77.31025670013275,True
20211222,20201203,22:00,PUNO,PE-34B,101,CHOQUE,0,1,101.0,2020-12-03,PE-34B,-14.582054242428018,-70.32037711329896,True
20211222,20201203,13:50,AREQUIPA,PE-34A,161,DESPISTE,0,0,161.0,2020-12-03,PE-34A,-15.860570730706641,-71.12516170622544,True
20211222,20201203,09:40,CUSCO,PE-28B,177,DESPISTE,0,0,177.0,2020-12-03,PE-28B,-12.606690790687368,-73.76834241109535,True
20211222,20201203,21:50,AYACUCHO,PE-3S,238,DESPISTE,0,0,238.0,2020-12-03,PE-3S,-12.503026760529202,-74.70967125824184,True
20211222,20201203,05:00,PUNO,PE-34A,272,CHOQUE,0,0,272.0,2020-12-03,PE-34A,-15.636058105576884,-70.34378519322647,True
20211222,20201203,11:40,AYACUCHO,PE-3S,275,DESPISTE,1,0,275.0,2020-12-03,PE-3S,-12.687286562222335,-74.58761565327927,True
20211222,20201203,04:50,CUSCO,PE-3S,1104,CHOQUE,1,0,1104.0,2020-12-03,PE-3S,-14.219136400754008,-71.29073210395845,True
20211222,20201204,11:05,LIMA,PE-1N,10,ESPECIAL,0,0,10.0,2020-12-04,PE-1N,-12.03649302662419,-77.04350242791477,True
20211222,20201204,08:00,LIMA,PE-1S,26,CHOQUE,0,0,26.0,2020-12-04,PE-1S,-12.2566529380886,-76.92095498352138,True
20211222,20201204,16:50,LIMA,PE-22,42,CHOQUE,0,0,42.0,2020-12-04,PE-22,-11.926045629736292,-76.64564268664563,True
20211222,20201204,13:30,TACNA,PE-1SD,111,DESPISTE,0,0,111.0,2020-12-04,PE-1SD,-17.039035263673327,-71.9943047315111,True
20211222,20201204,18:00,AREQUIPA,PE-34A,134,DESPISTE,0,3,134.0,2020-12-04,PE-34A,-16.003616353971104,-71.2687063539711,True
20211222,20201204,12:30,AREQUIPA,PE-34A,152,DESPISTE,0,2,152.0,2020-12-04,PE-34A,-15.908626595182067,-71.18930997319325,True
20211222,20201204,22:10,AYACUCHO,PE-3S,309,DESPISTE,0,0,309.0,2020-12-04,PE-3S,-12.81453180122385,-74.38452017163675,True
20211222,20201204,02:00,ANCASH,PE-1N,339,DESPISTE,0,0,339.0,2020-12-04,PE-1N,-9.743292883306509,-78.24983650562633,True
20211222,20201204,04:50,ANCASH,PE-1N,386,CHOQUE,0,1,386.0,2020-12-04,PE-1N,-9.408836820856319,-78.37205673906638,True
20211222,20201204,16:15,HUANUCO,PE-5N,472,DESPISTE,0,0,472.0,2020-12-04,PE-5N,-9.193763683927875,-75.87815235322105,True
20211222,20201204,01:00,AREQUIPA,PE-1S,980,CHOQUE,0,1,980.0,2020-12-04,PE-1S,-16.62062164344671,-71.86911060534639,True
20211222,20201204,15:15,PIURA,PE-1N,1015,DESPISTE,0,0,1015.0,2020-12-04,PE-1N,-5.0446946711132945,-80.70200802772854,True
20211222,20201204,18:10,PIURA,PE-1N,1039,CHOQUE,0,1,1039.0,2020-12-04,PE-1N,-4.856244146915458,-80.74478920138387,True
20211222,20201205,19:22,LORETO,LO-103,9,CHOQUE,0,0,9.0,2020-12-05,LO-103,,,True
20211222,20201205,12:45,LIMA,PE-1S,21,CHOQUE,0,2,21.0,2020-12-05,PE-1S,-12.233941721727907,-76.96055560500984,True
20211222,20201205,06:00,LIMA,PE-1NE,28,ATROPELLO,0,2,28.0,2020-12-05,PE-1NE,-11.11224469431654,-77.34168509326452,True
20211222,20201205,01:30,LIMA,PE-1S,29,CHOQUE,1,1,29.0,2020-12-05,PE-1S,-12.271264375020683,-76.89771906411094,True
20211222,20201205,19:50,LIMA,PE-20A,42,CHOQUE,0,4,42.0,2020-12-05,PE-20A,-11.67986654073898,-76.90250181154211,True
20211222,20201205,00:30,LIMA,PE-1N,55,DESPISTE,0,0,55.0,2020-12-05,PE-1N,-11.725075277361876,-77.16792889663036,True
20211222,20201205,14:30,JUNIN,PE-3S,55,DESPISTE,0,3,55.0,2020-12-05,PE-3S,-11.813085187820716,-75.62302341196298,True
20211222,20201205,16:10,LIMA,PE-1N,63,CHOQUE,0,0,63.0,2020-12-05,PE-1N,-11.660382751403565,-77.19309849631924,True
20211222,20201205,17:15,ANCASH,PE-3N,76,DESPISTE,0,0,76.0,2020-12-05,PE-3N,-10.978670398254351,-76.04253603028845,True
20211222,20201205,05:15,LIMA,PE-1N,77,CHOQUE,0,0,77.0,2020-12-05,PE-1N,-11.602077442374776,-77.24610941541458,True
20211222,20201205,03:00,LIMA,PE-1S,94,CHOQUE,0,0,94.0,2020-12-05,PE-1S,-12.90573463201209,-76.50227407742604,True
20211222,20201205,08:50,JUNIN,PE-3N,112,DESPISTE,0,0,112.0,2020-12-05,PE-3N,-10.764859883804803,-76.25357292441564,True
20211222,20201205,08:00,JUNIN,PE-3N,114,CHOQUE,0,0,114.0,2020-12-05,PE-3N,-10.74850464065561,-76.2608309122341,True
20211222,20201205,20:20,CAJAMARCA,PE-08B,126,CHOQUE,0,1,126.0,2020-12-05,PE-08B,-6.8945044167030645,-78.08803455006132,True
20211222,20201205,04:30,LIMA,PE-1S,170,CHOQUE,1,2,170.0,2020-12-05,PE-1S,-13.289806247439827,-76.26407839385858,True
20211222,20201205,01:25,LIMA,PE-1N,199,DESPISTE,0,0,199.0,2020-12-05,PE-1N,-10.72197831263506,-77.76328729525757,True
20211222,20201205,00:40,ICA,PE-1S,269,CHOQUE,1,0,269.0,2020-12-05,PE-1S,-13.931493928579354,-75.91679042915996,True
20211222,20201205,15:00,PUNO,PE-34S,298,CHOQUE,0,1,298.0,2020-12-05,PE-34S,,,True
20211222,20201205,23:05,HUANUCO,PE-5N,594,CHOQUE,0,0,594.0,2020-12-05,PE-5N,-8.43998430889465,-76.32811846017549,True
20211222,20201205,11:00,AREQUIPA,PE-1S,728,DESPISTE,0,0,728.0,2020-12-05,PE-1S,-16.298904672283527,-73.40348991437578,True
20211222,20201205,13:40,AREQUIPA,PE-1S,871,DESPISTE,0,0,871.0,2020-12-05,PE-1S,-16.53216324523395,-72.49229075118794,True
20211222,20201205,07:00,PUNO,PE-3S,1306,ATROPELLO,0,1,1306.0,2020-12-05,PE-3S,-15.398962741522139,-70.15387816519431,True
20211222,20201206,20:55,PIURA,PE-3N,5,CHOQUE,0,2,5.0,2020-12-06,PE-3N,-11.499670865051586,-75.94005565962021,True
20211222,20201206,N.I.,LIMA,PE-1N,18,CHOQUE,0,1,18.0,2020-12-06,PE-1N,-11.973388404368107,-77.06659650425499,True
20211222,20201206,12:05,LA LIBERTAD,PE-10A,22,CHOQUE,0,3,22.0,2020-12-06,PE-10A,-8.057734863289232,-78.85435913140412,True
20211222,20201206,16:00,CAJAMARCA,PE-06B,27,DESPISTE,0,0,27.0,2020-12-06,PE-06B,-6.667491720898295,-79.05984652978182,True
20211222,20201206,23:00,ANCASH,AN-107,49,DESPISTE,0,0,49.0,2020-12-06,AN-107,,,True
20211222,20201206,07:16,LIMA,PE-22,51,DESPISTE,0,1,51.0,2020-12-06,PE-22,-11.912253920702586,-76.57031399562406,True
20211222,20201206,17:30,JUNIN,PE-5S,53,CHOQUE,0,1,53.0,2020-12-06,PE-5S,-10.89279587595599,-74.91700700521149,True
20211222,20201206,N.I.,LIMA,PE-1N,81,CHOQUE,0,0,81.0,2020-12-06,PE-1N,-11.571969039919333,-77.26346688953588,True
20211222,20201206,00:05,LIMA,PE-1S,82,CHOQUE,0,0,82.0,2020-12-06,PE-1S,-12.648450965572692,-76.66600317561304,True
20211222,20201206,13:40,JUNIN,PE-22B,115,DESPISTE,0,2,115.0,2020-12-06,PE-22B,-10.996064270442895,-75.314399377651,True
20211222,20201206,02:02,LIMA,PE-22,119,DESPISTE,0,0,119.0,2020-12-06,PE-22,-11.637866230003475,-76.23299827749263,True
20211222,20201206,19:30,LIMA,PE-1N,147,CHOQUE,0,2,147.0,2020-12-06,PE-1N,-11.129011170801359,-77.59467110718857,True
20211222,20201206,22:30,UCAYALI,PE-18C,164,CHOQUE,0,0,164.0,2020-12-06,PE-18C,-8.427933714318073,-74.06282461680708,True
20211222,20201206,05:30,LIMA,PE-1N,189,ATROPELLO,1,0,189.0,2020-12-06,PE-1N,-10.831733519592223,-77.69900243810184,True
20211222,20201206,21:30,ICA,PE-1S,224,CHOQUE,0,1,224.0,2020-12-06,PE-1S,-13.69740138175931,-76.15285818896685,True
20211222,20201206,00:10,PUNO,PE-3S,237,DESPISTE,0,2,237.0,2020-12-06,PE-3S,-12.503373387727391,-74.7179104793048,True
20211222,20201206,17:30,CUSCO,PE-28B,253,DESPISTE,0,1,253.0,2020-12-06,PE-28B,-12.795912740142937,-73.43940294515572,True
20211222,20201206,08:00,ANCASH,PE-1N,336,DESPISTE,0,0,336.0,2020-12-06,PE-1N,-9.76760274917532,-78.23795864059362,True
20211222,20201206,01:00,ANCASH,PE-1N,441,CHOQUE,2,2,441.0,2020-12-06,PE-1N,-9.010447771592757,-78.6187525705343,True
20211222,20201206,10:45,ICA,PE-1S,482,CHOQUE,1,1,482.0,2020-12-06,PE-1S,-15.131681024918676,-74.98512387092298,True
20211222,20201206,15:30,HUANUCO,PE-5N,540,CHOQUE,0,0,540.0,2020-12-06,PE-5N,-8.778489999488723,-76.1265459262737,True
20211222,20201206,19:10,MOQUEGUA,PE-1S,1147,CHOQUE,0,5,1147.0,2020-12-06,PE-1S,-17.287254980296343,-70.98509298499943,True
20211222,20201206,19:10,TACNA,PE-1S,1147,CHOQUE,0,0,1147.0,2020-12-06,PE-1S,-17.287254980296343,-70.98509298499943,True
20211222,20201206,12:20,PUNO,PE-3S,1298,CHOQUE,1,0,1298.0,2020-12-06,PE-3S,-15.330774988168178,-70.18968322784049,True
20211222,20201207,09:30,CAJAMARCA,PE-06B,5,DESPISTE,0,0,5.0,2020-12-07,PE-06B,-6.617700270027668,-79.21514484023741,True
20211222,20201207,22:30,LIMA,PE-1N,6,CHOQUE,0,2,6.0,2020-12-07,PE-1N,-12.03545225132201,-77.0108682967523,True
20211222,20201207,13:20,JUNIN,PE-3SA,24,DESPISTE,0,0,24.0,2020-12-07,PE-3SA,-11.636787893271324,-75.59351863104023,True
20211222,20201207,21:45,LIMA,PE-1N,41,CHOQUE,0,1,41.0,2020-12-07,PE-1N,-11.797283330437022,-77.14182554608263,True
20211222,20201207,07:30,LIMA,PE-1N,54,CHOQUE,0,2,54.0,2020-12-07,PE-1N,-11.730646156662386,-77.16112901016535,True
20211222,20201207,14:30,TACNA,PE-22B,57,DESPISTE,0,0,57.0,2020-12-07,PE-22B,-11.319607145277118,-75.55268746940435,True
20211222,20201207,22:48,LIMA,PE-1N,70,CHOQUE,0,1,70.0,2020-12-07,PE-1N,-11.608566565769253,-77.19744637726484,True
20211222,20201207,12:40,JUNIN,PE-3S,70,ATROPELLO,0,1,70.0,2020-12-07,PE-3S,-11.80160976129247,-75.52068949084126,True
20211222,20201207,N.I.,LIMA,PE-1N,77,CHOQUE,0,1,77.0,2020-12-07,PE-1N,-11.602077442374776,-77.24610941541458,True
20211222,20201207,07:20,LIMA,PE-1N,107,DESPISTE,0,1,107.0,2020-12-07,PE-1N,-11.399589968224177,-77.39165743088752,True
20211222,20201207,14:30,CUSCO,PE-28B,115,CHOQUE,0,0,115.0,2020-12-07,PE-28B,-12.761576429142435,-73.99099838749504,True
20211222,20201207,05:05,JUNIN,PE-3S,128,VOLCADURA,0,0,128.0,2020-12-07,PE-3S,-12.096576088279598,-75.21500608385769,True
20211222,20201207,08:30,JUNIN,PE-3N,152,DESPISTE,0,0,152.0,2020-12-07,PE-3N,-10.555424059627402,-76.19215011599994,True
20211222,20201207,07:30,ICA,PE-1S,222,CHOQUE,0,1,222.0,2020-12-07,PE-1S,-13.680600273229356,-76.1593868913839,True
20211222,20201207,17:15,ICA,PE-1S,223,DESPISTE,0,2,223.0,2020-12-07,PE-1S,-13.688996272130044,-76.15742611440658,True
20211222,20201207,07:45,ICA,PE-1S,223,DESPISTE,0,0,223.0,2020-12-07,PE-1S,-13.688996272130044,-76.15742611440658,True
20211222,20201207,06:00,ICA,PE-1S,223,DESPISTE,0,0,223.0,2020-12-07,PE-1S,-13.688996272130044,-76.15742611440658,True
20211222,20201207,06:00,SAN MARTIN,PE-5N,654,ESPECIAL,0,0,654.0,2020-12-07,PE-5N,-8.16024583911776,-76.5789506130556,True
20211222,20201207,09:15,AREQUIPA,PE-1S,902,CHOQUE,0,1,902.0,2020-12-07,PE-1S,-16.414877375664208,-72.24116631900135,True
20211222,20201207,11:50,CUSCO,PE-3S,908,CHOQUE,0,1,908.0,2020-12-07,PE-3S,-13.443417011665685,-72.40243594651892,True
20211222,20201207,12:30,CUSCO,PE-3S,N.I.,ATROPELLO,0,1,,2020-12-07,PE-3S,-15.04301470699994,-70.36600238199992,True
20211222,20201208,16:10,CUSCO,PE-34G,9,CHOQUE,0,4,9.0,2020-12-08,PE-34G,-14.476443393977535,-71.29587941892068,True
20211222,20201208,07:45,LIMA,PE-1N,16,ESPECIAL,0,0,16.0,2020-12-08,PE-1N,-11.990980640651676,-77.06385549826958,True
20211222,20201208,15:00,HUANUCO,PE-18B,41,VOLCADURA,0,0,41.0,2020-12-08,PE-18B,-9.902053959128118,-75.99505238807564,True
20211222,20201208,09:50,LIMA,PE-1N,63,DESPISTE,0,0,63.0,2020-12-08,PE-1N,-11.660382751403565,-77.19309849631924,True
20211222,20201208,16:10,LIMA,PE-22,63,CHOQUE,0,3,63.0,2020-12-08,PE-22,-11.885208289009336,-76.48017994820925,True
20211222,20201208,21:00,LIMA,PE-1S,68,DESPISTE,0,2,68.0,2020-12-08,PE-1S,-12.549808822349231,-76.71368663357143,True
20211222,20201208,06:15,LIMA,PE-1S,92,DESPISTE,0,2,92.0,2020-12-08,PE-1S,-12.889123464538072,-76.50939767097918,True
20211222,20201208,N.I.,LIMA,PE-1N,97,CHOQUE,0,1,97.0,2020-12-08,PE-1N,-11.45304438043922,-77.33160444977595,True
20211222,20201208,06:20,JUNIN,PE-22,139,DESPISTE,0,0,139.0,2020-12-08,PE-22,-11.594107364437981,-76.1417273617344,True
20211222,20201208,05:01,ANCASH,PE-1N,280,CHOQUE,0,2,280.0,2020-12-08,PE-1N,-10.16560663087489,-78.08690120118263,True
20211222,20201208,17:40,ANCASH,PE-1N,353,DESPISTE,1,0,353.0,2020-12-08,PE-1N,-9.635525430269139,-78.2580975052674,True
20211222,20201208,14:12,MOQUEGUA,PE-1S,1171,DESPISTE,0,0,1171.0,2020-12-08,PE-1S,-17.46487385386663,-71.05686698936228,True
20211222,20201209,19:40,ANCASH,AN-104,3,CHOQUE,0,1,3.0,2020-12-09,AN-104,,,True
20211222,20201209,17:30,LIMA,PE-1N,12,CHOQUE,1,0,12.0,2020-12-09,PE-1N,-12.027428265394631,-77.05814792771876,True
20211222,20201209,20:45,LAMBAYEQUE,PE-1N,19,CHOQUE,0,4,19.0,2020-12-09,PE-1N,-11.964563914140376,-77.06800792204004,True
20211222,20201209,06:00,LIMA,PE-1S,132,ATROPELLO,1,0,132.0,2020-12-09,PE-1S,-13.033356717515588,-76.47248465624018,True
20211222,20201209,07:00,LIMA,PE-1S,139,ESPECIAL,0,0,139.0,2020-12-09,PE-1S,-13.084073050921857,-76.43692930570488,True
20211222,20201209,05:30,AREQUIPA,PE-34A,149,CHOQUE,0,0,149.0,2020-12-09,PE-34A,-15.934516206962579,-71.18972658308402,True
20211222,20201209,16:00,ANCASH,PE-16,152,CHOQUE,0,2,152.0,2020-12-09,PE-16,,,True
20211222,20201209,11:30,ANCASH,PE-1N,275,DESPISTE,0,1,275.0,2020-12-09,PE-1N,-10.197055700807145,-78.05411288437452,True
20211222,20201209,20:00,AMAZONAS,PE-5N,345,CHOQUE,0,0,345.0,2020-12-09,PE-5N,-8.849953591311799,-75.16197735584483,True
20211222,20201209,09:50,ANCASH,PE-1N,441,ATROPELLO,1,0,441.0,2020-12-09,PE-1N,-9.010447771592757,-78.6187525705343,True
20211222,20201209,22:40,LA LIBERTAD,PE-1N,454,CHOQUE,0,1,454.0,2020-12-09,PE-1N,-8.899502788467762,-78.64135964975235,True
20211222,20201209,16:20,HUANUCO,PE-5N,456,DESPISTE,0,0,456.0,2020-12-09,PE-5N,-9.199605801966364,-75.79680655258112,True
20211222,20201209,09:40,SAN MARTIN,PE-5N,745,CHOQUE,0,1,745.0,2020-12-09,PE-5N,-7.6072306621124595,-76.6809136028225,True
20211222,20201209,00:30,TACNA,PE-1S,1105,CHOQUE,0,1,1105.0,2020-12-09,PE-1S,-17.26164869209071,-71.20781415466341,True
20211222,20201210,14:50,UCAYALI,PE-5N,17,DESPISTE,0,1,17.0,2020-12-10,PE-5N,-10.847871978857354,-75.28609595225333,True
20211222,20201210,04:50,AREQUIPA,PE-1SD,19,DESPISTE,0,0,19.0,2020-12-10,PE-1SD,-16.689693214018583,-72.49117314130694,True
20211222,20201210,11:50,UCAYALI,PE-5N,28,CHOQUE,0,1,28.0,2020-12-10,PE-5N,-10.787001092025381,-75.3135902083543,True
20211222,20201210,09:30,LIMA,PE-1N,30,CHOQUE,0,4,30.0,2020-12-10,PE-1N,-11.868106363419448,-77.07212316874457,True
20211222,20201210,22:10,ANCASH,AN-111,36,DESPISTE,0,0,36.0,2020-12-10,AN-111,,,True
20211222,20201210,13:10,JUNIN,PE-3N,45,DESPISTE,0,0,45.0,2020-12-10,PE-3N,-11.217883138105051,-75.94649639242394,True
20211222,20201210,09:50,ANCASH,AN-100,49,DESPISTE,0,1,49.0,2020-12-10,AN-100,,,True
20211222,20201210,13:30,LAMBAYEQUE,PE-1N,80,DESPISTE,0,2,80.0,2020-12-10,PE-1N,-11.580768556486749,-77.26134269665921,True
20211222,20201210,09:00,LIMA,PE-1N,83,CHOQUE,0,1,83.0,2020-12-10,PE-1N,-11.555918348742413,-77.26964221100262,True
20211222,20201210,12:30,LIMA,PE-1S,97,DESPISTE,0,0,97.0,2020-12-10,PE-1S,-12.932281797664176,-76.4989866965431,True
20211222,20201210,19:00,LAMBAYEQUE,PE-06A,109,CHOQUE,0,0,109.0,2020-12-10,PE-06A,-6.496990757846253,-79.14450678221846,True
20211222,20201210,03:00,LIMA,PE-1N,123,CHOQUE,1,2,123.0,2020-12-10,PE-1N,-11.311270458500552,-77.48462579699292,True
20211222,20201210,07:20,LIMA,PE-1N,210,DESPISTE,0,0,210.0,2020-12-10,PE-1N,-10.657580314918867,-77.83070746112368,True
20211222,20201210,05:00,ANCASH,PE-1N,409,CHOQUE,0,1,409.0,2020-12-10,PE-1N,-9.225657650638833,-78.44929939224029,True
20211222,20201210,11:10,ICA,PE-1S,461,ATROPELLO,0,2,461.0,2020-12-10,PE-1S,-14.953953076976926,-74.98685684299669,True
20211222,20201210,15:45,AREQUIPA,PE-1S,707,CHOQUE,0,1,707.0,2020-12-10,PE-1S,-16.240142400461274,-73.57745803483517,True
20211222,20201211,23:00,AREQUIPA,AR-115,2,DESPISTE,0,1,2.0,2020-12-11,AR-115,,,True
20211222,20201211,12:00,AMAZONAS,PE-5N,7,CHOQUE,0,4,7.0,2020-12-11,PE-5N,-10.91481897962098,-75.28636583995102,True
20211222,20201211,20:10,PUNO,PE-34H,39,CHOQUE,0,4,39.0,2020-12-11,PE-34H,-15.27060003059992,-69.89396612178948,True
20211222,20201211,21:00,LIMA,PE-22,54,DESPISTE,0,1,54.0,2020-12-11,PE-22,-11.913917815241849,-76.546914318066,True
20211222,20201211,08:00,LIMA,PE-1N,75,CHOQUE,0,0,75.0,2020-12-11,PE-1N,-11.613182867318377,-77.23179150617773,True
20211222,20201211,18:20,LIMA,PE-22,87,DESPISTE,0,0,87.0,2020-12-11,PE-22,-11.78573755939325,-76.33445596411033,True
20211222,20201211,05:40,AREQUIPA,PE-34A,124,CHOQUE,1,1,124.0,2020-12-11,PE-34A,-16.0460542491689,-71.325716288481,True
20211222,20201211,12:30,AMAZONAS,PE-5N,237,CHOQUE,0,2,237.0,2020-12-11,PE-5N,-9.59515980928387,-75.01166895869615,True
20211222,20201211,16:30,ICA,PE-1S,247,CHOQUE,0,2,247.0,2020-12-11,PE-1S,-13.884517650077715,-76.11003824514367,True
20211222,20201211,13:10,AREQUIPA,PE-1S,525,CHOQUE,0,2,525.0,2020-12-11,PE-1S,-15.489391575623035,-74.85429956255172,True
20211222,20201211,18:50,PIURA,PE-1N,1112,DESPISTE,0,1,1112.0,2020-12-11,PE-1N,-4.5072671251071394,-81.21900316298128,True
20211222,20201211,17:30,TACNA,PE-1S,1127,DESPISTE,0,0,1127.0,2020-12-11,PE-1S,-17.204068221349043,-71.0540421154621,True
20211222,20201211,20:00,LA LIBERTAD,PE-10A,N.I.,CHOQUE,1,2,,2020-12-11,PE-10A,-7.928761067999915,-78.58226150299993,True
20211222,20201212,08:20,JUNIN,PE-3S,53,CHOQUE,0,0,53.0,2020-12-12,PE-3S,-11.808502413320129,-75.63759021343844,True
20211222,20201212,08:00,JUNIN,PE-3S,53,CHOQUE,0,1,53.0,2020-12-12,PE-3S,-11.808502413320129,-75.63759021343844,True
20211222,20201212,13:50,JUNIN,PE-3S,80,CHOQUE,0,0,80.0,2020-12-12,PE-3S,-11.787229142329624,-75.47595377501833,True
20211222,20201212,14:00,LIMA,PE-1N,84,CHOQUE,0,4,84.0,2020-12-12,PE-1N,-11.55014767325089,-77.27645631319672,True
20211222,20201212,21:45,LIMA,PE-1S,94,CHOQUE,0,3,94.0,2020-12-12,PE-1S,-12.90573463201209,-76.50227407742604,True
20211222,20201212,09:30,LIMA,PE-1S,116,DESPISTE,0,3,116.0,2020-12-12,PE-1S,-12.762402122203678,-76.59937204571224,True
20211222,20201212,23:15,CAJAMARCA,PE-08,160,CHOQUE,0,1,160.0,2020-12-12,PE-08,-7.25144076067166,-78.47052389192709,True
20211222,20201212,10:14,LIMA,PE-1S,164,ESPECIAL,0,0,164.0,2020-12-12,PE-1S,-13.241272615019648,-76.2876294357777,True
20211222,20201212,13:00,APURIMAC,PE-30A,355,DESPISTE,0,13,355.0,2020-12-12,PE-30A,-14.2225310133156,-73.32147874001049,True
20211222,20201212,21:00,MADRE DE DIOS,PE-30C,379,CHOQUE,0,1,379.0,2020-12-12,PE-30C,-12.762655074013752,-69.56812637457625,True
20211222,20201212,18:05,LA LIBERTAD,PE-1N,508,CHOQUE,0,0,508.0,2020-12-12,PE-1N,-8.461741415572686,-78.72199270293036,True
20211222,20201212,23:30,LA LIBERTAD,PE-1N,649,DESPISTE,1,0,649.0,2020-12-12,PE-1N,-7.541445748799615,-79.38824751529823,True
20211222,20201212,08:45,TUMBES,TU-101,N.I.,DESPISTE,1,1,,2020-12-12,TU-101,,,True
20211222,20201213,12:15,CAJAMARCA,PE-3N,12,VOLCADURA,0,0,12.0,2020-12-13,PE-3N,-11.450098215863449,-75.94880097496149,True
20211222,20201213,10:50,JUNIN,PE-22,49,DESPISTE,0,1,49.0,2020-12-13,PE-22,-11.911327083082414,-76.58746626230996,True
20211222,20201213,02:30,LAMBAYEQUE,PE-06A,63,ATROPELLO,0,3,63.0,2020-12-13,PE-06A,-6.635768836313318,-79.41156691878126,True
20211222,20201213,13:30,JUNIN,PE-22B,72,DESPISTE,0,2,72.0,2020-12-13,PE-22B,-11.24022060794202,-75.52142424223017,True
20211222,20201213,16:00,JUNIN,PE-3S,79,DESPISTE,0,1,79.0,2020-12-13,PE-3S,-11.793629062036974,-75.48212224072392,True
20211222,20201213,00:15,LIMA,PE-1S,94,DESPISTE,0,1,94.0,2020-12-13,PE-1S,-12.90573463201209,-76.50227407742604,True
20211222,20201213,11:30,LIMA,PE-22,110,DESPISTE,0,0,110.0,2020-12-13,PE-22,-11.685662543184964,-76.26051752939492,True
20211222,20201213,05:00,JUNIN,PE-22,157,DESPISTE,0,0,157.0,2020-12-13,PE-22,-11.618388096631845,-76.01034650830329,True
20211222,20201213,12:30,AREQUIPA,PE-34A,164,ATROPELLO,0,1,164.0,2020-12-13,PE-34A,-15.842735704559994,-71.10438247447014,True
20211222,20201213,00:30,PUNO,PE-34A,218,CHOQUE,0,3,218.0,2020-12-13,PE-34A,-15.659686222266705,-70.7501062222667,True
20211222,20201213,22:10,LAMBAYEQUE,PE-1N,811,ATROPELLO,1,0,811.0,2020-12-13,PE-1N,-6.578253011171165,-79.9875950351483,True
20211222,20201213,16:40,LAMBAYEQUE,PE-1N,877,DESPISTE,0,2,877.0,2020-12-13,PE-1N,-6.196296574928936,-80.43215995207092,True
20211222,20201213,13:00,ANCASH,AN-625,N.I.,DESPISTE,0,2,,2020-12-13,AN-625,,,True
20211222,20201213,10:20,CAJAMARCA,PE-5N,N.I.,ESPECIAL,0,0,,2020-12-13,PE-5N,-8.008693788999949,-76.6497463529999,True
20211222,20201214,23:15,LIMA,PE-1S,6,CHOQUE,0,0,6.0,2020-12-14,PE-1S,-12.108955635494583,-76.97845600840584,True
20211222,20201214,13:15,ICA,PE-28A,27,DESPISTE,0,1,27.0,2020-12-14,PE-28A,-13.733157018066013,-75.92389674589212,True
20211222,20201214,17:55,LIMA,PE-1S,29,DESPISTE,1,1,29.0,2020-12-14,PE-1S,-12.271264375020683,-76.89771906411094,True
20211222,20201214,15:30,JUNIN,PE-22,31,DESPISTE,0,1,31.0,2020-12-14,PE-22,-11.95550780468652,-76.73134147882728,True
20211222,20201214,21:50,PIURA,PE-02,40,DESPISTE,0,2,40.0,2020-12-14,PE-02,-5.109128444396723,-81.03111691793323,True
20211222,20201214,21:00,CAJAMARCA,PE-08,58,VOLCADURA,0,1,58.0,2020-12-14,PE-08,-7.24411744527752,-79.06551678440906,True
20211222,20201214,07:45,JUNIN,PE-22B,67,DESPISTE,1,1,67.0,2020-12-14,PE-22B,-11.261703136518243,-75.5517913739704,True
20211222,20201214,06:48,JUNIN,PE-3S,67,DESPISTE,0,0,67.0,2020-12-14,PE-3S,-11.799059388214275,-75.54629882516608,True
20211222,20201214,07:30,LIMA,PE-1S,104,ATROPELLO,0,1,104.0,2020-12-14,PE-1S,-12.99075830634379,-76.4891650496388,True
20211222,20201214,21:00,HUANUCO,PE-18A,115,CHOQUE,0,1,115.0,2020-12-14,PE-18A,-9.363252946438193,-75.97936752170712,True
20211222,20201214,15:49,LIMA,PE-1N,142,DESPISTE,0,1,142.0,2020-12-14,PE-1N,-11.170927286473498,-77.58470976653497,True
20211222,20201214,16:30,PUNO,PE-34A,192,CHOQUE,11,12,192.0,2020-12-14,PE-34A,-15.760031112871992,-70.89186128530218,True
20211222,20201214,00:40,MOQUEGUA,PE-1SD,205,DESPISTE,0,0,205.0,2020-12-14,PE-1SD,-17.374350889802525,-71.40059483506421,True
20211222,20201214,16:30,CUSCO,PE-28B,241,DESPISTE,0,2,241.0,2020-12-14,PE-28B,-12.798165378489097,-73.49471474016725,True
20211222,20201214,12:35,APURIMAC,PE-30A,307,DESPISTE,0,0,307.0,2020-12-14,PE-30A,-14.501283533576977,-73.25949584035304,True
20211222,20201214,03:00,LA LIBERTAD,PE-1N,696,CHOQUE,1,0,696.0,2020-12-14,PE-1N,-7.276623755521006,-79.4759643906095,True
20211222,20201214,10:15,LAMBAYEQUE,PE-1N,697,CHOQUE,0,2,697.0,2020-12-14,PE-1N,-7.269183073080632,-79.48053580729521,True
20211222,20201214,06:55,AREQUIPA,PE-1S,929,CHOQUE,0,1,929.0,2020-12-14,PE-1S,-16.404274749640866,-72.06921155336747,True
20211222,20201215,17:20,PUNO,PE-34B,1,DESPISTE,0,2,1.0,2020-12-15,PE-34B,-15.299618779292203,-70.22792416811463,True
20211222,20201215,17:25,LORETO,LO-103,9,CHOQUE,0,2,9.0,2020-12-15,LO-103,,,True
20211222,20201215,17:39,PIURA,PE-02,23,DESPISTE,0,3,23.0,2020-12-15,PE-02,-5.113841213376644,-80.88026688751732,True
20211222,20201215,06:15,LIMA,PE-1S,26,CHOQUE,0,0,26.0,2020-12-15,PE-1S,-12.2566529380886,-76.92095498352138,True
20211222,20201215,17:00,AMAZONAS,PE-08B,43,CHOQUE,0,0,43.0,2020-12-15,PE-08B,-7.054609274248898,-78.31252142945954,True
20211222,20201215,20:30,LIMA,PE-22,50,DESPISTE,0,0,50.0,2020-12-15,PE-22,-11.909969467764844,-76.57877813951714,True
20211222,20201215,16:30,ANCASH,PE-16,117,CHOQUE,0,0,117.0,2020-12-15,PE-16,-10.151549151453212,-77.31508234917384,True
20211222,20201215,07:00,JUNIN,PE-22,135,VOLCADURA,0,0,135.0,2020-12-15,PE-22,-11.599456452505919,-76.17882190241232,True
20211222,20201215,22:40,LIMA,PE-1S,172,DESPISTE,0,2,172.0,2020-12-15,PE-1S,-13.304754938605582,-76.25395027391642,True
20211222,20201215,05:30,ICA,PE-1S,213,CHOQUE,0,1,213.0,2020-12-15,PE-1S,-13.602902023883617,-76.14986827088589,True
20211222,20201215,01:30,ANCASH,PE-1N,292,DESPISTE,0,1,292.0,2020-12-15,PE-1N,-10.079413907454422,-78.1506975550275,True
20211222,20201215,04:15,ICA,PE-1S,333,DESPISTE,0,0,333.0,2020-12-15,PE-1S,-14.356268867420143,-75.6390090097003,True
20211222,20201215,19:40,ANCASH,PE-1N,386,DESPISTE,0,1,386.0,2020-12-15,PE-1N,-9.408836820856319,-78.37205673906638,True
20211222,20201215,07:40,PUNO,PE-3S,1274,CHOQUE,1,2,1274.0,2020-12-15,PE-3S,-15.20645954205311,-70.35212067898134,True
20211222,20201216,21:55,CAJAMARCA,PE-06B,6,CHOQUE,0,0,6.0,2020-12-16,PE-06B,-6.6190971146915105,-79.20769884379473,True
20211222,20201216,03:05,AREQUIPA,AR-105,14,CHOQUE,0,0,14.0,2020-12-16,AR-105,,,True
20211222,20201216,07:25,LIMA,PE-1N,62,DESPISTE,0,0,62.0,2020-12-16,PE-1N,-11.665974506954708,-77.18595646581765,True
20211222,20201216,01:30,LAMBAYEQUE,PE-1NJ,66,CHOQUE,0,1,66.0,2020-12-16,PE-1NJ,-6.1519779946247075,-79.71029298038535,True
20211222,20201216,14:50,HUANUCO,PE-18A,69,CHOQUE,0,3,69.0,2020-12-16,PE-18A,-9.644060609673629,-76.06599151421885,True
20211222,20201216,22:00,CAJAMARCA,PE-08B,89,DESPISTE,0,1,89.0,2020-12-16,PE-08B,-6.91461960155099,-78.18467297860396,True
20211222,20201216,11:30,LIMA,PE-22,111,CHOQUE,0,0,111.0,2020-12-16,PE-22,-11.678630463904785,-76.25802822208564,True
20211222,20201216,02:30,MOQUEGUA,PE-1SD,218,DESPISTE,0,0,218.0,2020-12-16,PE-1SD,-17.456557302956934,-71.37370427679637,True
20211222,20201216,16:40,AMAZONAS,PE-5N,268,CHOQUE,0,2,268.0,2020-12-16,PE-5N,-9.34093560284134,-75.0224908887967,True
20211222,20201216,14:00,ICA,PE-1S,333,CHOQUE,0,1,333.0,2020-12-16,PE-1S,-14.356268867420143,-75.6390090097003,True
20211222,20201216,17:45,SAN MARTIN,PE-5N,392,CHOQUE,0,3,392.0,2020-12-16,PE-5N,-8.990412868028422,-75.45303266091635,True
20211222,20201216,08:30,SAN MARTIN,PE-5N,472,CHOQUE,0,2,472.0,2020-12-16,PE-5N,-9.193763683927875,-75.87815235322105,True
20211222,20201217,13:30,CAJAMARCA,PE-08,37,DESPISTE,0,2,37.0,2020-12-17,PE-08,-7.225457719138045,-79.20821819591296,True
20211222,20201217,17:00,JUNIN,PE-3S,108,CHOQUE,0,3,108.0,2020-12-17,PE-3S,-11.946779793246296,-75.29139522561728,True
20211222,20201217,19:20,JUNIN,PE-22,136,CHOQUE,1,1,136.0,2020-12-17,PE-22,-11.599908121029797,-76.16793860148483,True
20211222,20201217,04:50,LIMA,PE-1N,185,DESPISTE,0,0,185.0,2020-12-17,PE-1N,-10.846124321356712,-77.69430229662987,True
20211222,20201217,18:25,ICA,PE-1S,220,ATROPELLO,0,2,220.0,2020-12-17,PE-1S,-13.665896900753381,-76.1509436403729,True
20211222,20201217,12:30,AMAZONAS,PE-5N,238,CHOQUE,0,1,238.0,2020-12-17,PE-5N,-9.58614280724018,-75.01066811085555,True
20211222,20201217,22:00,ICA,PE-1S,297,CHOQUE,0,0,297.0,2020-12-17,PE-1S,-14.068005239758444,-75.73973464504593,True
20211222,20201217,10:45,ICA,PE-1S,418,DESPISTE,0,4,418.0,2020-12-17,PE-1S,-14.687702374713275,-75.12513812205378,True
20211222,20201217,14:30,SAN MARTIN,PE-5N,469,CHOQUE,0,1,469.0,2020-12-17,PE-5N,-9.202607657608969,-75.85823200709746,True
20211222,20201217,10:00,HUANUCO,PE-5N,479,DESPISTE,0,1,479.0,2020-12-17,PE-5N,-9.186242543457448,-75.92910214064271,True
20211222,20201218,12:40,AREQUIPA,PE-34A,3,CHOQUE,0,3,3.0,2020-12-18,PE-34A,-16.528220414474433,-71.75690230801524,True
20211222,20201218,03:30,LIMA,PE-1S,9,CHOQUE,1,1,9.0,2020-12-18,PE-1S,-12.135465313922934,-76.97996279304951,True
20211222,20201218,17:00,UCAYALI,PE-5N,26,CHOQUE,0,3,26.0,2020-12-18,PE-5N,-10.800887286389818,-75.30522640945928,True
20211222,20201218,15:10,CAJAMARCA,PE-08B,39,DESPISTE,0,3,39.0,2020-12-18,PE-08B,-7.0666217501769495,-78.33131239622206,True
20211222,20201218,20:50,JUNIN,PE-3S,64,DESPISTE,0,3,64.0,2020-12-18,PE-3S,-11.784354545355463,-75.56332605162096,True
20211222,20201218,14:45,JUNIN,AN-110,66,DESPISTE,0,1,66.0,2020-12-18,AN-110,,,True
20211222,20201218,15:10,LIMA,PE-22,94,CHOQUE,0,2,94.0,2020-12-18,PE-22,-11.770567838886798,-76.30616328310128,True
20211222,20201218,11:05,AREQUIPA,PE-34A,104,DESPISTE,0,0,104.0,2020-12-18,PE-34A,-16.075537507117026,-71.4828400189788,True
20211222,20201218,03:30,JUNIN,PE-28A,160,CHOQUE,0,4,160.0,2020-12-18,PE-28A,-13.4828840569456,-75.11164903377977,True
20211222,20201218,20:00,ICA,PE-1S,209,CHOQUE,0,1,209.0,2020-12-18,PE-1S,-13.570709646363875,-76.13427295381477,True
20211222,20201218,23:50,AYACUCHO,PE-28A,240,DESPISTE,0,0,240.0,2020-12-18,PE-28A,-13.36062427652569,-74.7137211349464,True
20211222,20201218,05:00,ANCASH,PE-1N,256,DESPISTE,0,1,256.0,2020-12-18,PE-1N,-10.346092630894898,-78.03597738659838,True
20211222,20201218,23:20,APURIMAC,PE-30A,347,CHOQUE,0,4,347.0,2020-12-18,PE-30A,-14.274186997980156,-73.28063490643567,True
20211222,20201218,21:30,APURIMAC,PE-30A,401,CHOQUE,0,0,401.0,2020-12-18,PE-30A,-13.941344993293665,-73.13230170784625,True
20211222,20201218,15:50,JUNIN,PE-5N,467,CHOQUE,0,1,467.0,2020-12-18,PE-5N,-9.214705351884971,-75.84592398818074,True
20211222,20201218,06:30,SAN MARTIN,PE-5N,701,CHOQUE,0,2,701.0,2020-12-18,PE-5N,-7.854301109236261,-76.67857098238034,True
20211222,20201218,13:15,LA LIBERTAD,PE-1N,717,DESPISTE,0,1,717.0,2020-12-18,PE-1N,-7.141643769825522,-79.46114792931732,True
20211222,20201218,17:50,CUSCO,PE-3S,901,CHOQUE,0,2,901.0,2020-12-18,PE-3S,-13.451026344262942,-72.41157617976712,True
20211222,20201219,17:22,AREQUIPA,AR-105,2,DESPISTE,0,1,2.0,2020-12-19,AR-105,,,True
20211222,20201219,12:40,AREQUIPA,PE-1S,16,CHOQUE,0,2,16.0,2020-12-19,PE-1S,-12.196626875601712,-76.97318968245784,True
20211222,20201219,21:50,PIURA,PE-02A,18,CHOQUE,0,3,18.0,2020-12-19,PE-02A,-5.253094014804539,-79.97398567749113,True
20211222,20201219,09:00,LIMA,PE-1N,83,CHOQUE,0,0,83.0,2020-12-19,PE-1N,-11.555918348742413,-77.26964221100262,True
20211222,20201219,12:30,LIMA,PE-1S,96,VOLCADURA,0,1,96.0,2020-12-19,PE-1S,-12.923382832474228,-76.5002848851446,True
20211222,20201219,07:00,PUNO,PE-36A,140,CHOQUE,1,0,140.0,2020-12-19,PE-36A,-16.883609865122402,-70.31801309205693,True
20211222,20201219,07:00,PUNO,PE-34B,153,CHOQUE,3,0,153.0,2020-12-19,PE-34B,-14.21440913240662,-70.25802533251544,True
20211222,20201219,14:15,UCAYALI,PE-18C,156,DESPISTE,0,1,156.0,2020-12-19,PE-18C,-8.452505679743277,-74.13453035521296,True
20211222,20201219,20:00,UCAYALI,PE-18C,165,CHOQUE,0,3,165.0,2020-12-19,PE-18C,-8.42416784821425,-74.05415157514703,True
20211222,20201219,23:18,PUNO,PE-34A,221,CHOQUE,0,3,221.0,2020-12-19,PE-34A,-15.645008162180789,-70.73017500740323,True
20211222,20201219,23:35,ICA,PE-1S,308,CHOQUE,0,2,308.0,2020-12-19,PE-1S,-14.154713894764901,-75.71378755853344,True
20211222,20201219,08:50,AYACUCHO,PE-3S,486,CHOQUE,0,0,486.0,2020-12-19,PE-3S,-13.387294109066351,-73.92736297678698,True
20211222,20201219,21:00,SAN MARTIN,PE-5N,493,CHOQUE,0,1,493.0,2020-12-19,PE-5N,-9.140698818987614,-76.02194198677624,True
20211222,20201219,21:00,SAN MARTIN,PE-5N,578,DESPISTE,0,0,578.0,2020-12-19,PE-5N,-8.573690758239064,-76.27647908219367,True
20211222,20201219,15:00,AREQUIPA,PE-1S,606,VOLCADURA,0,1,606.0,2020-12-19,PE-1S,-15.825365678328994,-74.29841991056567,True
20211222,20201219,06:20,AREQUIPA,PE-1S,680,CHOQUE,0,0,680.0,2020-12-19,PE-1S,-16.16793600272569,-73.79565533874987,True
20211222,20201219,18:15,AREQUIPA,PE-1S,788,CHOQUE,0,4,788.0,2020-12-19,PE-1S,-16.483825920111546,-73.04084183313608,True
20211222,20201219,18:15,AREQUIPA,PE-1S,874,CHOQUE,0,0,874.0,2020-12-19,PE-1S,-16.5233831449802,-72.46569734224646,True
20211222,20201219,22:45,AREQUIPA,PE-1S,920,CHOQUE,0,0,920.0,2020-12-19,PE-1S,-16.368287893216102,-72.13443973222661,True
20211222,20201220,23:00,AREQUIPA,PE-3S,10,DESPISTE,0,2,10.0,2020-12-20,PE-3S,-11.566519109550129,-75.86150254739452,True
20211222,20201220,14:45,PUNO,PE-38A,35,DESPISTE,0,3,35.0,2020-12-20,PE-38A,-16.457917077785062,-69.64462211105327,True
20211222,20201220,10:50,LIMA,PE-1N,75,ATROPELLO,0,2,75.0,2020-12-20,PE-1N,-11.613182867318377,-77.23179150617773,True
20211222,20201220,13:00,LIMA,PE-1S,84,CHOQUE,0,0,84.0,2020-12-20,PE-1S,-12.664674078988309,-76.6582442876618,True
20211222,20201220,18:10,LIMA,PE-1S,115,CHOQUE,0,0,115.0,2020-12-20,PE-1S,-12.755272682638774,-76.60501471407265,True
20211222,20201220,01:30,LIMA,PE-22,127,DESPISTE,0,0,127.0,2020-12-20,PE-22,-11.61248639558264,-76.20658974751784,True
20211222,20201220,09:00,AYACUCHO,PE-22,136,CHOQUE,0,0,136.0,2020-12-20,PE-22,-11.599908121029797,-76.16793860148483,True
20211222,20201220,23:40,LIMA,PE-1S,142,DESPISTE,0,2,142.0,2020-12-20,PE-1S,-13.10467346984372,-76.41897314818537,True
20211222,20201220,05:54,LIMA,PE-1S,163,DESPISTE,0,0,163.0,2020-12-20,PE-1S,-13.233801094868728,-76.29284599213716,True
20211222,20201220,06:20,LIMA,PE-1S,164,DESPISTE,0,0,164.0,2020-12-20,PE-1S,-13.241272615019648,-76.2876294357777,True
20211222,20201220,20:00,UCAYALI,PE-18C,168,CHOQUE,1,0,168.0,2020-12-20,PE-18C,-8.405980382389595,-74.03471884568691,True
20211222,20201220,00:30,ICA,PE-1S,261,CHOQUE,0,2,261.0,2020-12-20,PE-1S,-13.924017825271632,-75.99002587949694,True
20211222,20201220,07:20,PUNO,PE-34B,299,CHOQUE,0,0,299.0,2020-12-20,PE-34B,-13.43010701660491,-70.32755825086548,True
20211222,20201220,09:00,ICA,PE-1S,307,CHOQUE,0,0,307.0,2020-12-20,PE-1S,-14.145849478872123,-75.71560157894099,True
20211222,20201220,21:00,APURIMAC,PE-30A,330,CHOQUE,0,8,330.0,2020-12-20,PE-30A,-14.350691651002027,-73.16396604341406,True
20211222,20201220,14:00,AYACUCHO,PE-3S,356,CHOQUE,0,1,356.0,2020-12-20,PE-3S,-13.008974821411915,-74.2101281348564,True
20211222,20201220,08:55,MADRE DE DIOS,PE-30C,418,DESPISTE,1,0,418.0,2020-12-20,PE-30C,-12.620651317248507,-69.24768452651824,True
20211222,20201220,05:40,LA LIBERTAD,PE-1N,461,DESPISTE,0,0,461.0,2020-12-20,PE-1N,-8.837399209399546,-78.6537001583732,True
20211222,20201220,06:00,AREQUIPA,PE-1S,516,CHOQUE,0,1,516.0,2020-12-20,PE-1S,-15.418915137777429,-74.89014647789462,True
20211222,20201220,06:45,JUNIN,PE-5N,524,DESPISTE,0,0,524.0,2020-12-20,PE-5N,-8.913440703919836,-76.09431514614747,True
20211222,20201220,19:15,TACNA,PE-1S,1283,CHOQUE,0,2,1283.0,2020-12-20,PE-1S,-17.969170634387655,-70.29275785817158,True
20211222,20201221,11:15,JUNIN,PE-3N,1,CHOQUE,1,0,1.0,2020-12-21,PE-3N,-11.517927126735032,-75.91694947616219,True
20211222,20201221,21:15,JUNIN,PE-22,12,CHOQUE,0,1,12.0,2020-12-21,PE-22,-12.016078884934664,-76.8897278728389,True
20211222,20201221,07:12,TACNA,PE-1SD,21,CHOQUE,0,1,21.0,2020-12-21,PE-1SD,-16.690480797665096,-72.47542140824321,True
20211222,20201221,18:30,CUSCO,PE-28B,113,CHOQUE,0,0,113.0,2020-12-21,PE-28B,-12.75852730784456,-73.99510623128782,True
20211222,20201221,17:10,ANCASH,PE-16,172,CHOQUE,2,1,172.0,2020-12-21,PE-16,,,True
20211222,20201221,23:40,PUNO,PE-34B,251,CHOQUE,0,0,251.0,2020-12-21,PE-34B,-13.689449073038338,-70.46533668041721,True
20211222,20201221,20:20,PUNO,PE-34A,262,CHOQUE,0,2,262.0,2020-12-21,PE-34A,-15.676495166031815,-70.41540658682449,True
20211222,20201221,01:00,ICA,PE-1S,320,CHOQUE,1,0,320.0,2020-12-21,PE-1S,-14.254251152056593,-75.68859203665909,True
20211222,20201221,07:30,ANCASH,PE-1N,344,DESPISTE,0,0,344.0,2020-12-21,PE-1N,-9.709208055507482,-78.27510081942467,True
20211222,20201221,11:45,MADRE DE DIOS,PE-30C,413,DESPISTE,0,1,413.0,2020-12-21,PE-30C,-12.64491938960231,-69.27801338335928,True
20211222,20201221,19:55,SAN MARTIN,PE-5N,506,DESPISTE,1,0,506.0,2020-12-21,PE-5N,-9.049546265023405,-76.0773498307987,True
20211222,20201221,16:15,LAMBAYEQUE,PE-1N,774,DESPISTE,0,0,774.0,2020-12-21,PE-1N,-6.8175434521541805,-79.82941503199993,True
20211222,20201221,14:02,AREQUIPA,PE-1S,853,CHOQUE,0,2,853.0,2020-12-21,PE-1S,-16.586053736844253,-72.62819922366491,True
20211222,20201221,19:30,CUSCO,PE-3S,1064,CHOQUE,0,1,1064.0,2020-12-21,PE-3S,-13.971073977145856,-71.49395435637838,True
20211222,20201221,14:30,PUNO,PE-3S,1241,DESPISTE,0,0,1241.0,2020-12-21,PE-3S,-14.97332707418813,-70.46377944818626,True
20211222,20201221,12:00,PUNO,PE-3S,1275,DESPISTE,1,0,1275.0,2020-12-21,PE-3S,-15.215254355198214,-70.35019609963663,True
20211222,20201221,12:50,PUNO,PE-3S,1298,DESPISTE,0,2,1298.0,2020-12-21,PE-3S,-15.330774988168178,-70.18968322784049,True
20211222,20201221,09:50,PUNO,PE-3S,1326,DESPISTE,0,5,1326.0,2020-12-21,PE-3S,-15.548816785004153,-70.10908988790538,True
20211222,20201221,06:00,PUNO,PE-3S,1353,DESPISTE,0,0,1353.0,2020-12-21,PE-3S,-15.776646547946847,-70.03498394777884,True
20211222,20201222,18:20,CAJAMARCA,PE-5N,5,CHOQUE,0,1,5.0,2020-12-22,PE-5N,-10.926699476833056,-75.28036326294095,True
20211222,20201222,22:10,PUNO,PE-34H,13,CHOQUE,0,1,13.0,2020-12-22,PE-34H,-15.392367865594482,-70.06137739213676,True
20211222,20201222,17:00,ANCASH,AN-110,22,CHOQUE,0,3,22.0,2020-12-22,AN-110,,,True
20211222,20201222,17:00,JUNIN,PE-22,33,DESPISTE,0,1,33.0,2020-12-22,PE-22,-11.947109375926889,-76.71564525380411,True
20211222,20201222,14:20,LIMA,PE-1S,50,DESPISTE,0,0,50.0,2020-12-22,PE-1S,-12.397418732435678,-76.75772911113009,True
20211222,20201222,14:10,LIMA,PE-22,88,DESPISTE,0,3,88.0,2020-12-22,PE-22,-11.783538990587417,-76.32739910660979,True
20211222,20201222,11:58,CAJAMARCA,PE-08,89,DESPISTE,0,1,89.0,2020-12-22,PE-08,-7.224322689743297,-78.85873459621294,True
20211222,20201222,17:30,LIMA,PE-1S,110,CHOQUE,0,2,110.0,2020-12-22,PE-1S,-12.820828948306561,-76.53619599490834,True
20211222,20201222,15:10,AREQUIPA,PE-34A,123,DESPISTE,0,0,123.0,2020-12-22,PE-34A,-16.049435862163417,-71.33425748297597,True
20211222,20201222,03:10,AREQUIPA,PE-34A,123,CHOQUE,0,0,123.0,2020-12-22,PE-34A,-16.049435862163417,-71.33425748297597,True
20211222,20201222,20:15,PUNO,PE-34A,196,CHOQUE,0,1,196.0,2020-12-22,PE-34A,-15.738906625273328,-70.86281207258419,True
20211222,20201222,00:30,PUNO,PE-34A,211,DESPISTE,0,0,211.0,2020-12-22,PE-34A,-15.681453950549283,-70.80053429748814,True
20211222,20201222,13:15,JUNIN,PE-3N,214,CHOQUE,0,2,214.0,2020-12-22,PE-3N,-10.091215007082496,-76.21636876694497,True
20211222,20201222,13:30,LAMBAYEQUE,PE-1N,708,CHOQUE,0,2,708.0,2020-12-22,PE-1N,-7.210838278462596,-79.42741244725633,True
20211222,20201222,02:00,LAMBAYEQUE,PE-1N,800,CHOQUE,0,2,800.0,2020-12-22,PE-1N,-6.658845043695385,-79.93066380521782,True
20211222,20201222,12:50,LAMBAYEQUE,PE-1N,828,CHOQUE,0,0,828.0,2020-12-22,PE-1N,-6.4779969252610305,-80.10239838586294,True
20211222,20201222,16:00,APURIMAC,PE-3S,832,CHOQUE,0,0,832.0,2020-12-22,PE-3S,-13.537007670210158,-72.7510413742433,True
20211222,20201223,17:30,LAMBAYEQUE,PE-08,3,CHOQUE,0,2,3.0,2020-12-23,PE-08,-7.304881982042754,-79.45270396912693,True
20211222,20201223,16:15,AREQUIPA,PE-34A,3,CHOQUE,0,0,3.0,2020-12-23,PE-34A,-16.528220414474433,-71.75690230801524,True
20211222,20201223,14:30,AREQUIPA,PE-34A,35,CHOQUE,0,0,35.0,2020-12-23,PE-34A,-16.40617718799335,-71.59305938388131,True
20211222,20201223,21:05,JUNIN,PE-22,42,CHOQUE,1,0,42.0,2020-12-23,PE-22,-11.926045629736292,-76.64564268664563,True
20211222,20201223,09:50,PUNO,PE-34H,45,DESPISTE,0,0,45.0,2020-12-23,PE-34H,-15.248525555998517,-69.84895831935492,True
20211222,20201223,05:40,LIMA,PE-1S,98,DESPISTE,0,0,98.0,2020-12-23,PE-1S,-12.940814856339193,-76.4963256343087,True
20211222,20201223,22:30,CUSCO,PE-28B,122,CHOQUE,0,4,122.0,2020-12-23,PE-28B,-12.737617168115655,-73.96723215727879,True
20211222,20201223,11:10,PIURA,PE-1NJ,190,CHOQUE,0,1,190.0,2020-12-23,PE-1NJ,-5.257161808060485,-80.10763633451731,True
20211222,20201223,07:00,AYACUCHO,PE-3S,418,CHOQUE,0,9,418.0,2020-12-23,PE-3S,-13.304467780044948,-74.22727066477673,True
20211222,20201223,23:45,SAN MARTIN,PE-5N,506,DESPISTE,0,1,506.0,2020-12-23,PE-5N,-9.049546265023405,-76.0773498307987,True
20211222,20201223,02:30,SAN MARTIN,PE-5N,633,CHOQUE,1,0,633.0,2020-12-23,PE-5N,-8.21573718452501,-76.48358713018911,True
20211222,20201223,17:30,APURIMAC,PE-30A,856,CHOQUE,0,3,856.0,2020-12-23,PE-30A,,,True
20211222,20201223,00:50,LAMBAYEQUE,PE-1N,877,DESPISTE,0,0,877.0,2020-12-23,PE-1N,-6.196296574928936,-80.43215995207092,True
20211222,20201223,14:30,CUSCO,PE-3S,1030,ATROPELLO,0,1,1030.0,2020-12-23,PE-3S,-13.72417200295534,-71.60006215847308,True
20211222,20201223,12:45,CUSCO,PE-3S,1080,CHOQUE,0,2,1080.0,2020-12-23,PE-3S,-14.085499853662133,-71.43846102723226,True
20211222,20201223,21:00,LAMBAYEQUE,N.I.,N.I.,CHOQUE,0,2,,2020-12-23,N.I.,,,True
20211222,20201224,19:40,JUNIN,PE-22,10,DESPISTE,0,0,10.0,2020-12-24,PE-22,-12.014765915292111,-76.90390513720499,True
20211222,20201224,06:00,JUNIN,PE-22,49,CHOQUE,0,2,49.0,2020-12-24,PE-22,-11.911327083082414,-76.58746626230996,True
20211222,20201224,06:00,PUNO,PE-36B,66,DESPISTE,0,0,66.0,2020-12-24,PE-36B,-16.42314720784809,-70.33131926529902,True
20211222,20201224,16:30,LIMA,PE-22,111,CHOQUE,0,1,111.0,2020-12-24,PE-22,-11.678630463904785,-76.25802822208564,True
20211222,20201224,03:11,LIMA,PE-1S,140,DESPISTE,0,1,140.0,2020-12-24,PE-1S,-13.090939302944678,-76.43094339546897,True
20211222,20201224,22:20,LIMA,PE-1N,142,CHOQUE,1,0,142.0,2020-12-24,PE-1N,-11.170927286473498,-77.58470976653497,True
20211222,20201224,03:30,PUNO,PE-3S,1208,CHOQUE,0,1,1208.0,2020-12-24,PE-3S,-14.806934068108873,-70.70386612479709,True
20211222,20201225,17:15,CUSCO,PE-34F,37,CHOQUE,0,3,37.0,2020-12-25,PE-34F,-14.550883440563675,-71.28897369301426,True
20211222,20201225,07:10,PIURA,PE-1NL,39,DESPISTE,0,1,39.0,2020-12-25,PE-1NL,-4.888948115720621,-80.36927176294114,True
20211222,20201225,15:00,CUSCO,CU-130,50,DESPISTE,0,26,50.0,2020-12-25,CU-130,,,True
20211222,20201225,19:20,PUNO,PE-34H,67,ATROPELLO,0,1,67.0,2020-12-25,PE-34H,-15.07733740019452,-69.81454630389779,True
20211222,20201225,18:35,LIMA,PE-1N,102,CHOQUE,0,0,102.0,2020-12-25,PE-1N,-11.426377640704915,-77.36621020783554,True
20211222,20201225,02:45,LIMA,PE-1N,120,CHOQUE,0,2,120.0,2020-12-25,PE-1N,-11.333331698094279,-77.46866491820339,True
20211222,20201225,22:00,AREQUIPA,PE-34A,148,CHOQUE,1,0,148.0,2020-12-25,PE-34A,-15.94342482458369,-71.19185695088338,True
20211222,20201225,10:10,PUNO,PE-36A,301,CHOQUE,0,2,301.0,2020-12-25,PE-36A,-16.59820002699394,-69.08145898564521,True
20211222,20201225,18:30,SAN MARTIN,PE-5N,711,DESPISTE,0,1,711.0,2020-12-25,PE-5N,-7.804208608147664,-76.67998713050865,True
20211222,20201225,06:10,LAMBAYEQUE,PE-1N,844,CHOQUE,0,0,844.0,2020-12-25,PE-1N,-6.374611092211538,-80.2014480993048,True
20211222,20201225,17:20,AREQUIPA,PE-1S,866,CHOQUE,0,0,866.0,2020-12-25,PE-1S,-16.542068249700286,-72.53754590392076,True
20211222,20201225,14:40,PUNO,PE-3S,1467,DESPISTE,0,2,1467.0,2020-12-25,PE-3S,-16.27745548274428,-69.28800570060098,True
20211222,20201226,13:15,JUNIN,PE-22,12,DESPISTE,0,2,12.0,2020-12-26,PE-22,-12.016078884934664,-76.8897278728389,True
20211222,20201226,23:30,LAMBAYEQUE,PE-06A,44,CHOQUE,0,0,44.0,2020-12-26,PE-06A,-6.74227717449603,-79.51794902723242,True
20211222,20201226,18:10,LIMA,PE-1S,58,DESPISTE,0,1,58.0,2020-12-26,PE-1S,-12.468115135051345,-76.75072225651505,True
20211222,20201226,18:50,ANCASH,PE-16,88,CHOQUE,0,0,88.0,2020-12-26,PE-16,-10.150014307113935,-77.44253783659141,True
20211222,20201226,07:40,AREQUIPA,PE-34A,131,DESPISTE,0,0,131.0,2020-12-26,PE-34A,-16.019366874726785,-71.28883625054624,True
20211222,20201226,09:30,AYACUCHO,PE-28A,242,DESPISTE,0,2,242.0,2020-12-26,PE-28A,-13.359688553654594,-74.697516860707,True
20211222,20201226,07:30,AYACUCHO,PE-28A,315,DESPISTE,0,0,315.0,2020-12-26,PE-28A,-13.223710835386042,-74.27811700376245,True
20211222,20201226,21:00,MADRE DE DIOS,PE-30C,327,CHOQUE,0,2,327.0,2020-12-26,PE-30C,-12.89671808108859,-69.97636928724123,True
20211222,20201226,14:00,ICA,PE-1S,330,CHOQUE,0,3,330.0,2020-12-26,PE-1S,-14.3375370020963,-75.6589248365517,True
20211222,20201226,16:00,LA LIBERTAD,PE-1N,485,DESPISTE,0,0,485.0,2020-12-26,PE-1N,-8.63548705312354,-78.63077200440088,True
20211222,20201226,06:25,TACNA,PE-1S,1247,DESPISTE,0,1,1247.0,2020-12-26,PE-1S,-17.808900616732778,-70.58528764509393,True
20211222,20201226,10:00,TACNA,PE-1S,1250,CHOQUE,0,12,1250.0,2020-12-26,PE-1S,-17.821584968750816,-70.56023984348356,True
20211222,20201226,11:30,PUNO,PE-3S,1402,CHOQUE,0,0,1402.0,2020-12-26,PE-3S,-16.00525681047246,-69.76001740548463,True
20211222,20201227,14:40,PASCO,PA-545,0,DESPISTE,3,0,0.0,2020-12-27,PA-545,,,True
20211222,20201227,12:30,PIURA,PE-1N,3,CHOQUE,0,1,3.0,2020-12-27,PE-1N,-12.036785672029502,-76.98870889454524,True
20211222,20201227,05:45,AREQUIPA,PE-34A,3,CHOQUE,0,2,3.0,2020-12-27,PE-34A,-16.528220414474433,-71.75690230801524,True
20211222,20201227,11:00,JUNIN,PE-3S,12,DESPISTE,0,0,12.0,2020-12-27,PE-3S,-11.5788381897236,-75.85266762012566,True
20211222,20201227,14:30,ANCASH,AN-110,20,CHOQUE,0,0,20.0,2020-12-27,AN-110,,,True
20211222,20201227,21:00,SAN MARTIN,PE-5NB,30,DESPISTE,0,1,30.0,2020-12-27,PE-5NB,-6.422452468036435,-76.2889725870835,True
20211222,20201227,02:00,LIMA,PE-22,41,DESPISTE,0,0,41.0,2020-12-27,PE-22,-11.925039776491657,-76.65433900407028,True
20211222,20201227,15:10,LIMA,PE-22,51,DESPISTE,0,2,51.0,2020-12-27,PE-22,-11.912253920702586,-76.57031399562406,True
20211222,20201227,17:10,JUNIN,PE-22B,56,CHOQUE,0,1,56.0,2020-12-27,PE-22B,-11.327602319665104,-75.55538606699147,True
20211222,20201227,15:00,LIMA,PE-22,60,CHOQUE,0,5,60.0,2020-12-27,PE-22,-11.897486623435295,-76.50174954295629,True
20211222,20201227,07:30,LAMBAYEQUE,PE-1NJ,62,ATROPELLO,1,0,62.0,2020-12-27,PE-1NJ,-6.182753408737347,-79.69846264913832,True
20211222,20201227,04:30,ANCASH,PE-3N,70,DESPISTE,0,0,70.0,2020-12-27,PE-3N,-11.015584208241725,-76.00767690421759,True
20211222,20201227,20:00,LIMA,PE-1N,71,DESPISTE,0,2,71.0,2020-12-27,PE-1N,-11.601556693489234,-77.19738741441675,True
20211222,20201227,10:00,LIMA,PE-22,85,CHOQUE,0,0,85.0,2020-12-27,PE-22,-11.797678584749768,-76.33832511331053,True
20211222,20201227,00:30,TACNA,PE-36A,127,DESPISTE,0,0,127.0,2020-12-27,PE-36A,-16.883648019654206,-70.43163455778105,True
20211222,20201227,18:40,LIMA,PE-22,130,CHOQUE,0,1,130.0,2020-12-27,PE-22,-11.606218334641854,-76.19768237746943,True
20211222,20201227,09:15,HUANUCO,PE-22,130,CHOQUE,0,1,130.0,2020-12-27,PE-22,-11.606218334641854,-76.19768237746943,True
20211222,20201227,14:50,JUNIN,PE-22,156,CHOQUE,7,2,156.0,2020-12-27,PE-22,-11.615685053977664,-76.01899980956006,True
20211222,20201227,19:00,LIMA,PE-1N,215,DESPISTE,0,0,215.0,2020-12-27,PE-1N,-10.627010220428128,-77.86229435880638,True
20211222,20201227,20:40,AMAZONAS,PE-5N,222,CHOQUE,0,1,222.0,2020-12-27,PE-5N,-9.726779273170942,-75.01257635088227,True
20211222,20201227,16:30,MADRE DE DIOS,PE-30C,318,CHOQUE,0,2,318.0,2020-12-27,PE-30C,-12.88500980482594,-70.0459349931954,True
20211222,20201227,08:30,SAN MARTIN,PE-5N,379,CHOQUE,0,1,379.0,2020-12-27,PE-5N,-8.932681598756705,-75.38425490285756,True
20211222,20201227,08:30,LIMA,PE-22,1330,CHOQUE,0,2,1330.0,2020-12-27,PE-22,,,True
20211222,20201227,07:00,PUNO,PE-3S,1473,DESPISTE,0,0,1473.0,2020-12-27,PE-3S,-16.326754331172296,-69.25675844911568,True
20211222,20201228,16:00,AYACUCHO,AY-585,22,DESPISTE,1,13,22.0,2020-12-28,AY-585,,,True
20211222,20201228,13:45,JUNIN,PE-3SD,30,DESPISTE,0,3,30.0,2020-12-28,PE-3SD,-12.379898203005922,-74.90989700797914,True
20211222,20201228,10:00,AREQUIPA,PE-30,39,DESPISTE,0,0,39.0,2020-12-28,PE-30,-15.36147326837228,-75.16035513820329,True
20211222,20201228,05:00,PIURA,PE-5N,41,DESPISTE,1,3,41.0,2020-12-28,PE-5N,-10.733377902461903,-75.26545126281104,True
20211222,20201228,18:10,LIMA,PE-22,51,CHOQUE,0,1,51.0,2020-12-28,PE-22,-11.912253920702586,-76.57031399562406,True
20211222,20201228,08:40,JUNIN,PE-3NA,62,DESPISTE,0,2,62.0,2020-12-28,PE-3NA,-8.617724475238077,-77.98079525277221,True
20211222,20201228,08:05,PUNO,PE-34H,68,DESPISTE,2,15,68.0,2020-12-28,PE-34H,-15.069631440214062,-69.80987878736076,True
20211222,20201228,04:05,JUNIN,PE-22,76,DESPISTE,0,0,76.0,2020-12-28,PE-22,-11.847607329487989,-76.38924509223335,True
20211222,20201228,11:00,LIMA,PE-1N,77,CHOQUE,0,1,77.0,2020-12-28,PE-1N,-11.602077442374776,-77.24610941541458,True
20211222,20201228,04:00,PUNO,PE-34H,108,ESPECIAL,0,0,108.0,2020-12-28,PE-34H,-14.866815637372554,-69.71716397393473,True
20211222,20201228,19:00,LIMA,PE-1S,126,CHOQUE,0,1,126.0,2020-12-28,PE-1S,-12.69908931679153,-76.64136256995023,True
20211222,20201228,04:00,AREQUIPA,PE-34A,158,CHOQUE,0,0,158.0,2020-12-28,PE-34A,-15.876313756886848,-71.14759094840421,True
20211222,20201228,12:00,AREQUIPA,PE-34A,172,CHOQUE,0,2,172.0,2020-12-28,PE-34A,-15.797243296297987,-71.04812792387011,True
20211222,20201228,13:10,TUMBES,PE-1N,222,CHOQUE,0,3,222.0,2020-12-28,PE-1N,-10.56642337674484,-77.87354655980101,True
20211222,20201228,06:45,PUNO,PE-34A,269,CHOQUE,0,9,269.0,2020-12-28,PE-34A,-15.656325207080188,-70.35974912424808,True
20211222,20201228,08:45,ICA,PE-1S,432,CHOQUE,0,3,432.0,2020-12-28,PE-1S,-14.775453947437097,-75.03456443685245,True
20211222,20201228,08:00,TACNA,PE-1S,1167,CHOQUE,0,5,1167.0,2020-12-28,PE-1S,-17.43062063300712,-71.04812623724327,True
20211222,20201229,09:20,UCAYALI,PE-5N,15,CHOQUE,0,2,15.0,2020-12-29,PE-5N,-10.858242373840824,-75.27300820161662,True
20211222,20201229,04:10,ANCASH,AN-107,17,DESPISTE,0,18,17.0,2020-12-29,AN-107,,,True
20211222,20201229,17:55,TACNA,PE-1SD,33,CHOQUE,0,1,33.0,2020-12-29,PE-1SD,-16.72578013335487,-72.41535242989583,True
20211222,20201229,18:00,LAMBAYEQUE,PE-5N,44,CHOQUE,0,2,44.0,2020-12-29,PE-5N,-10.733943816690354,-75.26016892668453,True
20211222,20201229,18:00,PIURA,PE-1N,65,CHOQUE,0,0,65.0,2020-12-29,PE-1N,-11.646589513709811,-77.20281127593022,True
20211222,20201229,20:15,JUNIN,PE-5S,77,CHOQUE,0,2,77.0,2020-12-29,PE-5S,-11.009598161008853,-74.74960078451443,True
20211222,20201229,14:00,PUNO,PE-34H,83,DESPISTE,0,0,83.0,2020-12-29,PE-34H,-14.95834581158279,-69.8585786652617,True
20211222,20201229,05:50,LAMBAYEQUE,PE-1NJ,118,DESPISTE,0,1,118.0,2020-12-29,PE-1NJ,-5.772757551987939,-79.85046119115665,True
20211222,20201229,12:34,LIMA,PE-1N,148,DESPISTE,0,2,148.0,2020-12-29,PE-1N,-11.120063004814797,-77.59402031657369,True
20211222,20201229,04:00,AREQUIPA,PE-34A,172,VOLCADURA,0,0,172.0,2020-12-29,PE-34A,-15.797243296297987,-71.04812792387011,True
20211222,20201229,15:30,APURIMAC,PE-30A,182,DESPISTE,1,3,182.0,2020-12-29,PE-30A,-14.643464176731374,-74.04731502621571,True
20211222,20201229,14:50,PUNO,PE-34A,241,DESPISTE,0,0,241.0,2020-12-29,PE-34A,-15.688123573318162,-70.58116609315945,True
20211222,20201229,05:00,PUNO,PE-34A,268,DESPISTE,0,1,268.0,2020-12-29,PE-34A,-15.663510330991125,-70.36499016549553,True
20211222,20201229,13:15,APURIMAC,PE-30A,269,DESPISTE,0,0,269.0,2020-12-29,PE-30A,-14.547606847136436,-73.50816108562287,True
20211222,20201229,03:00,MADRE DE DIOS,PE-30C,412,DESPISTE,0,0,412.0,2020-12-29,PE-30C,-12.648049598266255,-69.28700596106407,True
20211222,20201229,19:30,SAN MARTIN,PE-5N,515,DESPISTE,0,2,515.0,2020-12-29,PE-5N,-8.980096092373813,-76.08614564217095,True
20211222,20201229,06:40,AREQUIPA,PE-1S,868,DESPISTE,0,4,868.0,2020-12-29,PE-1S,-16.538552178082952,-72.51945285729208,True
20211222,20201229,22:55,AREQUIPA,PE-1S,953,CHOQUE,0,2,953.0,2020-12-29,PE-1S,-16.482850876228902,-71.88891831664078,True
20211222,20201229,18:30,CUSCO,PE-3S,1112,ATROPELLO,0,1,1112.0,2020-12-29,PE-3S,-14.254543411828205,-71.22998017815962,True
20211222,20201230,07:00,CUSCO,PE-34G,2,DESPISTE,0,0,2.0,2020-12-30,PE-34G,-14.514038101157292,-71.29828156253564,True
20211222,20201230,21:50,ICA,PE-30A,18,DESPISTE,0,1,18.0,2020-12-30,PE-30A,-14.840508939415972,-74.80331847504748,True
20211222,20201230,00:15,JUNIN,PE-22,38,CHOQUE,1,0,38.0,2020-12-30,PE-22,-11.923569882182347,-76.67966703517845,True
20211222,20201230,11:40,ANCASH,PE-3N,47,DESPISTE,0,0,47.0,2020-12-30,PE-3N,-11.20261058650003,-75.95686522977036,True
20211222,20201230,18:50,JUNIN,PE-22,51,DESPISTE,1,5,51.0,2020-12-30,PE-22,-11.912253920702586,-76.57031399562406,True
20211222,20201230,11:00,JUNIN,PE-22B,68,ESPECIAL,0,1,68.0,2020-12-30,PE-22B,-11.25481067817423,-75.54951187301182,True
20211222,20201230,08:15,CUSCO,PE-28B,93,CHOQUE,0,1,93.0,2020-12-30,PE-28B,-12.826592193963085,-74.00913294879939,True
20211222,20201230,11:00,JUNIN,PE-3S,100,CHOQUE,0,2,100.0,2020-12-30,PE-3S,-11.898557263721749,-75.3378899496573,True
20211222,20201230,01:00,LIMA,PE-1S,110,ATROPELLO,2,1,110.0,2020-12-30,PE-1S,-12.820828948306561,-76.53619599490834,True
20211222,20201230,16:20,LAMBAYEQUE,PE-1N,759,DESPISTE,0,1,759.0,2020-12-30,PE-1N,-6.917047678550188,-79.75833157681699,True
20211222,20201230,17:15,APURIMAC,PE-3S,814,CHOQUE,0,8,814.0,2020-12-30,PE-3S,-13.582515813886335,-72.8184410369015,True
20211222,20201230,10:35,LAMBAYEQUE,PE-1N,824,CHOQUE,0,0,824.0,2020-12-30,PE-1N,-6.499897858828907,-80.07358986247874,True
20211222,20201230,17:50,AREQUIPA,PE-1S,964,CHOQUE,0,0,964.0,2020-12-30,PE-1S,-16.518790470420797,-71.79828806643745,True
20211222,20201230,20:45,AREQUIPA,PE-1S,973,CHOQUE,0,5,973.0,2020-12-30,PE-1S,-16.569680778086596,-71.83041879254921,True
20211222,20201230,05:00,TACNA,PE-1S,1114,DESPISTE,0,3,1114.0,2020-12-30,PE-1S,-17.260912167170563,-71.14212791453292,True
20211222,20201230,16:20,TACNA,PE-1S,1148,CHOQUE,0,0,1148.0,2020-12-30,PE-1S,-17.295758568142848,-70.98680565938272,True
20211222,20201231,01:15,AREQUIPA,AR-105,9,CHOQUE,0,0,9.0,2020-12-31,AR-105,,,True
20211222,20201231,22:50,LIMA,PE-1N,48,CHOQUE,0,0,48.0,2020-12-31,PE-1N,-11.746533717388017,-77.1427832539304,True
20211222,20201231,02:00,CAJAMARCA,PE-08,59,DESPISTE,0,5,59.0,2020-12-31,PE-08,-7.240429866299768,-79.05805768847209,True
20211222,20201231,20:35,CAJAMARCA,PE-08B,93,CHOQUE,0,0,93.0,2020-12-31,PE-08B,-6.905186604574484,-78.16759016002231,True
20211222,20201231,23:40,LAMBAYEQUE,PE-1NJ,114,ATROPELLO,0,2,114.0,2020-12-31,PE-1NJ,-5.804140836506846,-79.83249763921398,True
20211222,20201231,06:30,AYACUCHO,PE-28A,301,CHOQUE,0,3,301.0,2020-12-31,PE-28A,-13.288035229972529,-74.31669170932831,True
20211222,20201231,20:30,SAN MARTIN,PE-5N,462,DESPISTE,0,1,462.0,2020-12-31,PE-5N,-9.211686872413043,-75.82648518633553,True
20211222,20201231,09:50,HUANUCO,PE-5N,518,CHOQUE,1,0,518.0,2020-12-31,PE-5N,-8.956431321466075,-76.09965503727337,True
20211222,20201231,13:30,AREQUIPA,PE-1S,959,CHOQUE,0,4,959.0,2020-12-31,PE-1S,-16.495487334472188,-71.838480160404,True
20211222,20201231,14:25,PIURA,PE-1N,1142,DESPISTE,0,1,1142.0,2020-12-31,PE-1N,-4.298888743661437,-81.17446289513505,True
20211222,20210101,12:40,CUSCO,PE-30C,8,DESPISTE,0,1,8.0,2021-01-01,PE-30C,-13.664172355045567,-71.608007754715,True
20211222,20210101,07:00,CAJAMARCA,PE-3N,9,DESPISTE,0,1,9.0,2021-01-01,PE-3N,-11.473131693586941,-75.95978591454887,True
20211222,20210101,18:50,TACNA,PE-1SD,9,DESPISTE,0,1,9.0,2021-01-01,PE-1SD,-16.670102191012404,-72.56288839283012,True
20211222,20210101,07:30,LIMA,PE-1S,20,DESPISTE,0,0,20.0,2021-01-01,PE-1S,-12.229112605266383,-76.96824697333902,True
20211222,20210101,21:30,HUANUCO,PE-18A,127,CHOQUE,0,1,127.0,2021-01-01,PE-18A,-9.268820120812794,-75.98927093317522,True
20211222,20210101,20:30,AMAZONAS,PE-08B,391,ESPECIAL,0,0,391.0,2021-01-01,PE-08B,-6.29377166187353,-77.54846195510953,True
20211222,20210101,03:30,AREQUIPA,PE-1S,659,DESPISTE,1,3,659.0,2021-01-01,PE-1S,-16.064983083269492,-73.9555281505669,True
20211222,20210101,05:00,CUSCO,PE-3S,1107,CHOQUE,0,0,1107.0,2021-01-01,PE-3S,-14.236974164365794,-71.26982159357021,True
20211222,20210101,17:30,PUNO,PE-3S,1272,DESPISTE,0,2,1272.0,2021-01-01,PE-3S,-15.188441438198309,-70.35426521309053,True
20211222,20210102,13:00,AMAZONAS,PE-108,13,DESPISTE,0,0,13.0,2021-01-02,PE-108,,,True
20211222,20210102,19:30,LIMA,PE-1NE,44,CHOQUE,0,1,44.0,2021-01-02,PE-1NE,-11.139566526999943,-77.24378224599991,True
20211222,20210102,N.I.,CAJAMARCA,PE-08,83,DESPISTE,0,2,83.0,2021-01-02,PE-08,-7.222468465646441,-78.90767418220398,True
20211222,20210102,18:50,LIMA,PE-1N,116,DESPISTE,0,0,116.0,2021-01-02,PE-1N,-11.3627857037942,-77.44736558051379,True
20211222,20210102,10:30,JUNIN,PE-22,147,CHOQUE,1,3,147.0,2021-01-02,PE-22,-11.59448412325631,-76.08461572029773,True
20211222,20210102,17:45,JUNIN,PE-22,161,CHOQUE,0,1,161.0,2021-01-02,PE-22,-11.614820939246561,-75.98319017965146,True
20211222,20210102,08:30,PUNO,PE-34A,217,CHOQUE,0,2,217.0,2021-01-02,PE-34A,-15.66196317727185,-70.75773300170275,True
20211222,20210102,10:30,HUANUCO,PE-3N,243,DESPISTE,0,0,243.0,2021-01-02,PE-3N,-9.922702777653683,-76.33366987194385,True
20211222,20210102,07:50,ICA,PE-1S,470,DESPISTE,0,5,470.0,2021-01-02,PE-1S,-15.029194832610182,-75.0072911984538,True
20211222,20210102,08:50,APURIMAC,PE-3S,598,DESPISTE,0,0,598.0,2021-01-02,PE-3S,-13.65134626177866,-73.55619370920402,True
20211222,20210102,17:30,LAMBAYEQUE,PE-1N,862,CHOQUE,0,4,862.0,2021-01-02,PE-1N,-6.2747539780164265,-80.32324627051582,True
20211222,20210103,10:50,LIMA,PE-1S,21,DESPISTE,0,1,21.0,2021-01-03,PE-1S,-12.233941721727907,-76.96055560500984,True
20211222,20210103,08:10,LIMA,PE-20A,31,DESPISTE,0,1,31.0,2021-01-03,PE-20A,-11.739401574150541,-76.96812708194939,True
20211222,20210103,15:00,JUNIN,PE-3S,42,CHOQUE,0,3,42.0,2021-01-03,PE-3S,-11.764029225299334,-75.71240355352366,True
20211222,20210103,19:45,LAMBAYEQUE,PE-1NJ,58,CHOQUE,0,0,58.0,2021-01-03,PE-1NJ,-6.217559815433733,-79.70441189150023,True
20211222,20210103,20:00,CUSCO,PE-28B,96,DESPISTE,0,4,96.0,2021-01-03,PE-28B,-12.815149588893558,-73.99997571328849,True
20211222,20210103,13:00,LIMA,PE-1N,126,DESPISTE,0,1,126.0,2021-01-03,PE-1N,-11.289213183828368,-77.50059226951073,True
20211222,20210103,21:00,JUNIN,PE-5S,138,ATROPELLO,1,0,138.0,2021-01-03,PE-5S,-11.31636770907142,-74.47306906635457,True
20211222,20210103,16:35,CAJAMARCA,PE-08B,147,DESPISTE,0,1,147.0,2021-01-03,PE-08B,-6.858979766296947,-78.04228069838489,True
20211222,20210103,07:30,AREQUIPA,PE-34A,160,DESPISTE,0,0,160.0,2021-01-03,PE-34A,-15.866509623715539,-71.13211339794492,True
20211222,20210103,08:25,ICA,PE-1S,199,DESPISTE,0,0,199.0,2021-01-03,PE-1S,-13.48239984615401,-76.13863094744637,True
20211222,20210103,07:00,AYACUCHO,PE-28A,308,DESPISTE,0,0,308.0,2021-01-03,PE-28A,-13.25483505745515,-74.31924231235527,True
20211222,20210103,19:30,AMAZONAS,PE-08B,337,DESPISTE,0,1,337.0,2021-01-03,PE-08B,-6.222592705830766,-77.83520508735765,True
20211222,20210103,03:45,MADRE DE DIOS,PE-30C,379,DESPISTE,0,0,379.0,2021-01-03,PE-30C,-12.762655074013752,-69.56812637457625,True
20211222,20210103,09:30,LA LIBERTAD,PE-1N,599,CHOQUE,1,1,599.0,2021-01-03,PE-1N,-7.87992377447928,-79.13018101693338,True
20211222,20210103,00:10,APURIMAC,PE-3S,767,DESPISTE,0,0,767.0,2021-01-03,PE-3S,-13.662287999291149,-72.93069027726898,True
20211222,20210103,06:25,AREQUIPA,PE-1S,859,DESPISTE,0,3,859.0,2021-01-03,PE-1S,-16.54653139149595,-72.60164701515205,True
20211222,20210103,14:30,CAJAMARCA,PE-109,N.I.,CHOQUE,0,3,,2021-01-03,PE-109,,,True
20211222,20210104,07:30,ANCASH,PE-14,0,CHOQUE,0,5,0.0,2021-01-04,PE-14,-9.485014648999936,-78.27344262699995,True
20211222,20210104,04:00,AREQUIPA,PE-34,2,CHOQUE,1,2,2.0,2021-01-04,PE-34,-16.639081934845887,-71.88225497315618,True
20211222,20210104,06:30,CAJAMARCA,PE-5N,2,CHOQUE,0,2,2.0,2021-01-04,PE-5N,-10.950227213342961,-75.29050080578948,True
20211222,20210104,07:00,PIURA,PE-1N,7,CHOQUE,0,1,7.0,2021-01-04,PE-1N,-12.040980189582212,-77.01812115130421,True
20211222,20210104,14:00,CUSCO,PE-28G,9,ESPECIAL,1,0,9.0,2021-01-04,PE-28G,-13.493126350826687,-71.9728430202811,True
20211222,20210104,07:30,AREQUIPA,PE-34A,11,CHOQUE,0,0,11.0,2021-01-04,PE-34A,-16.48268799292572,-71.71436200117896,True
20211222,20210104,16:10,HUANCAVELICA,PE-3S,16,VOLCADURA,0,0,16.0,2021-01-04,PE-3S,-11.610611498290291,-75.84209201535457,True
20211222,20210104,14:30,JUNIN,PE-22B,21,DESPISTE,0,0,21.0,2021-01-04,PE-22B,-11.423616025721353,-75.76076331888147,True
20211222,20210104,14:30,UCAYALI,PE-18C,30,CHOQUE,0,0,30.0,2021-01-04,PE-18C,-8.621034778727608,-74.9401893099833,True
20211222,20210104,18:00,AREQUIPA,PE-34A,61,CHOQUE,0,0,61.0,2021-01-04,PE-34A,-16.249511244619292,-71.67544502152248,True
20211222,20210104,16:10,CAJAMARCA,PE-3N,63,CHOQUE,0,1,63.0,2021-01-04,PE-3N,-11.071002840476055,-75.99888770071736,True
20211222,20210104,18:45,LAMBAYEQUE,PE-1NJ,71,CHOQUE,0,4,71.0,2021-01-04,PE-1NJ,-6.113001305979128,-79.71103053583569,True
20211222,20210104,06:00,JUNIN,PE-5S,116,CHOQUE,0,0,116.0,2021-01-04,PE-5S,-11.229689012317737,-74.59692561381587,True
20211222,20210104,07:20,LIMA,PE-22,120,CHOQUE,0,0,120.0,2021-01-04,PE-22,-11.629337782609793,-76.23416358937914,True
20211222,20210104,07:30,PASCO,PE-5N,123,DESPISTE,4,12,123.0,2021-01-04,PE-5N,-10.445360616302425,-75.00780211632289,True
20211222,20210104,23:45,ICA,PE-1S,283,CHOQUE,0,1,283.0,2021-01-04,PE-1S,-13.954064295140578,-75.79204991262891,True
20211222,20210104,03:00,ICA,PE-1S,312,CHOQUE,0,2,312.0,2021-01-04,PE-1S,-14.189305575561495,-75.7144137465509,True
20211222,20210104,18:20,PUNO,PE-30C,320,DESPISTE,0,1,320.0,2021-01-04,PE-30C,-12.878478993323366,-70.03188846276204,True
20211222,20210104,07:30,UCAYALI,PE-5N,395,DESPISTE,4,18,395.0,2021-01-04,PE-5N,-9.000520982621575,-75.47050147386427,True
20211222,20210104,13:20,ANCASH,PE-1N,419,DESPISTE,0,2,419.0,2021-01-04,PE-1N,-9.050080607133513,-78.59435372965768,True
20211222,20210104,10:50,SAN MARTIN,PE-5N,464,DESPISTE,0,1,464.0,2021-01-04,PE-5N,-9.219165307428943,-75.8307856095771,True
20211222,20210104,19:55,CUSCO,PE-3S,1110,ATROPELLO,0,3,1110.0,2021-01-04,PE-3S,-14.24544399113748,-71.24538432904778,True
20211222,20210104,14:30,TACNA,PE-1S,1155,DESPISTE,0,3,1155.0,2021-01-04,PE-1S,-17.354217477397132,-70.9941725579586,True
20211222,20210105,16:00,JUNIN,PE-22B,1,DESPISTE,0,4,1.0,2021-01-05,PE-22B,-11.396170222075945,-75.88159241597042,True
20211222,20210105,14:10,LIMA,PE-18,8,ATROPELLO,0,2,8.0,2021-01-05,PE-18,-11.372665921992722,-77.3219729064926,True
20211222,20210105,06:20,MOQUEGUA,PE-36,12,DESPISTE,0,0,12.0,2021-01-05,PE-36,-17.59042414623257,-71.13787906339009,True
20211222,20210105,14:10,LORETO,PE-5N,14,CHOQUE,0,0,14.0,2021-01-05,PE-5N,-10.866566075527297,-75.27357775796301,True
20211222,20210105,10:30,LIMA,PE-1NA,16,CHOQUE,0,0,16.0,2021-01-05,PE-1NA,-11.660116702360725,-77.20311612153633,True
20211222,20210105,11:10,CAJAMARCA,PE-3N,41,DESPISTE,0,1,41.0,2021-01-05,PE-3N,-11.2504444840889,-75.93019390648858,True
20211222,20210105,22:30,LIMA,PE-1S,83,CHOQUE,0,0,83.0,2021-01-05,PE-1S,-12.657015005785903,-76.66304641592922,True
20211222,20210105,18:30,PIURA,PE-1N,138,CHOQUE,0,0,138.0,2021-01-05,PE-1N,-11.201000419910086,-77.56442822852796,True
20211222,20210105,23:00,LIMA,PE-1N,189,ATROPELLO,1,0,189.0,2021-01-05,PE-1N,-10.831733519592223,-77.69900243810184,True
20211222,20210105,08:20,APURIMAC,PE-30A,348,CHOQUE,0,0,348.0,2021-01-05,PE-30A,-14.269906490563697,-73.28848819772658,True
20211222,20210105,02:35,LAMBAYEQUE,PE-1N,876,DESPISTE,0,0,876.0,2021-01-05,PE-1N,-6.202661715100363,-80.42573570203628,True
20211222,20210105,02:35,LAMBAYEQUE,PE-1N,876,DESPISTE,0,0,876.0,2021-01-05,PE-1N,-6.202661715100363,-80.42573570203628,True
20211222,20210105,06:30,CUSCO,PE-3S,1073,DESPISTE,0,0,1073.0,2021-01-05,PE-3S,-14.027685499340672,-71.45607686804601,True
20211222,20210106,22:45,CUSCO,PE-28F,15,CHOQUE,0,2,15.0,2021-01-06,PE-28F,-13.395760392480696,-72.05127053949616,True
20211222,20210106,07:15,JUNIN,PE-3N,43,CHOQUE,0,0,43.0,2021-01-06,PE-3N,-11.234375670203802,-75.93904290138659,True
20211222,20210106,05:20,PUNO,PE-34H,43,ATROPELLO,1,0,43.0,2021-01-06,PE-34H,-15.256194593757785,-69.86356406417016,True
20211222,20210106,23:55,LIMA,PE-1N,44,DESPISTE,0,2,44.0,2021-01-06,PE-1N,-11.777083903231906,-77.15962972973583,True
20211222,20210106,12:10,JUNIN,PE-3N,62,DESPISTE,0,5,62.0,2021-01-06,PE-3N,-11.079947501471306,-75.99764800324111,True
20211222,20210106,11:30,ANCASH,PE-3N,115,DESPISTE,0,0,115.0,2021-01-06,PE-3N,-10.739998452184475,-76.25884670660761,True
20211222,20210106,05:20,LIMA,PE-22,120,CHOQUE,0,0,120.0,2021-01-06,PE-22,-11.629337782609793,-76.23416358937914,True
20211222,20210106,15:10,LIMA,PE-1N,122,DESPISTE,0,0,122.0,2021-01-06,PE-1N,-11.318622010112515,-77.47930243519711,True
20211222,20210106,09:45,JUNIN,PE-24,147,CHOQUE,0,4,147.0,2021-01-06,PE-24,-12.446676617397115,-75.86529320594475,True
20211222,20210106,08:49,LIMA,PE-1S,152,CHOQUE,0,1,152.0,2021-01-06,PE-1S,-13.169338708045828,-76.35893261831309,True
20211222,20210106,05:45,HUANUCO,PE-3N,211,DESPISTE,0,1,211.0,2021-01-06,PE-3N,-10.116280761748113,-76.20808161866532,True
20211222,20210106,19:10,PUNO,PE-34A,223,DESPISTE,0,1,223.0,2021-01-06,PE-34A,-15.639118173390903,-70.71293625408256,True
20211222,20210106,09:45,ANCASH,PE-1N,410,CHOQUE,0,1,410.0,2021-01-06,PE-1N,-9.216694727756282,-78.45008801060736,True
20211222,20210106,21:00,AREQUIPA,PE-1S,967,ATROPELLO,0,1,967.0,2021-01-06,PE-1S,-16.53049686722514,-71.79270264009648,True
20211222,20210107,14:45,LIMA,PE-20,24,VOLCADURA,0,1,24.0,2021-01-07,PE-20,-11.996839501999943,-77.12620734199993,True
20211222,20210107,21:00,TACNA,PE-1SD,24,CHOQUE,0,1,24.0,2021-01-07,PE-1SD,-16.694806553923037,-72.45871090151424,True
20211222,20210107,09:20,LIMA,PE-1S,76,DESPISTE,0,4,76.0,2021-01-07,PE-1S,-12.596453139550976,-76.66242440206133,True
20211222,20210107,13:00,JUNIN,PE-5S,110,CHOQUE,0,1,110.0,2021-01-07,PE-5S,-11.229109077830584,-74.62935035874754,True
20211222,20210107,15:00,ICA,PE-1S,336,CHOQUE,0,0,336.0,2021-01-07,PE-1S,-14.376369124417298,-75.62060083748898,True
20211222,20210107,10:35,ANCASH,PE-1N,392,CHOQUE,0,1,392.0,2021-01-07,PE-1N,-9.358004440901443,-78.38973326099492,True
20211222,20210107,18:40,LA LIBERTAD,PE-1N,558,CHOQUE,0,4,558.0,2021-01-07,PE-1N,-8.146449281369977,-79.01219155079941,True
20211222,20210107,15:30,SAN MARTIN,PE-5N,661,CHOQUE,0,0,661.0,2021-01-07,PE-5N,-8.110898651572493,-76.61257825697318,True
20211222,20210107,16:15,SAN MARTIN,PE-5N,663,DESPISTE,0,2,663.0,2021-01-07,PE-5N,-8.102080836037523,-76.62833721754527,True
20211222,20210107,09:40,AREQUIPA,PE-1S,932,CHOQUE,0,3,932.0,2021-01-07,PE-1S,-16.415514963806743,-72.04367913040102,True
20211222,20210107,11:30,AREQUIPA,PE-1S,1042,DESPISTE,0,0,1042.0,2021-01-07,PE-1S,-17.0259716277082,-71.6756762896833,True
20211222,20210108,10:00,MOQUEGUA,PE-108,23,DESPISTE,0,0,23.0,2021-01-08,PE-108,,,True
20211222,20210108,03:20,AREQUIPA,PE-105,54,VOLCADURA,0,0,54.0,2021-01-08,PE-105,,,True
20211222,20210108,11:00,AREQUIPA,PE-105,55,DESPISTE,0,0,55.0,2021-01-08,PE-105,,,True
20211222,20210108,20:00,JUNIN,PE-3S,56,CHOQUE,0,3,56.0,2021-01-08,PE-3S,-11.817344434049984,-75.61565164504763,True
20211222,20210108,15:00,LIMA,PE-1S,87,CHOQUE,0,2,87.0,2021-01-08,PE-1S,-12.84587234072574,-76.51759511408535,True
20211222,20210108,16:30,LIMA,PE-1N,113,DESPISTE,0,1,113.0,2021-01-08,PE-1N,-11.38488806789341,-77.43136409875238,True
20211222,20210108,11:40,JUNIN,PE-22,137,DESPISTE,0,0,137.0,2021-01-08,PE-22,-11.598333234186347,-76.15669596477372,True
20211222,20210108,21:30,LIMA,PE-1S,146,CHOQUE,0,1,146.0,2021-01-08,PE-1S,-13.128176162247474,-76.3926090637512,True
20211222,20210108,N.I.,CAJAMARCA,PE-08,159,CHOQUE,0,3,159.0,2021-01-08,PE-08,-7.255696121261411,-78.4766610097952,True
20211222,20210108,05:30,HUANCAVELICA,PE-3S,213,DESPISTE,0,0,213.0,2021-01-08,PE-3S,-12.509261830767747,-74.85356628444595,True
20211222,20210108,23:55,ANCASH,PE-1N,449,CHOQUE,0,0,449.0,2021-01-08,PE-1N,-8.94292718166863,-78.62966951996837,True
20211222,20210108,12:40,HUANUCO,PE-5N,453,CHOQUE,0,0,453.0,2021-01-08,PE-5N,-9.17842646587896,-75.79215233788739,True
20211222,20210108,15:30,AREQUIPA,PE-1S,633,DESPISTE,0,1,633.0,2021-01-08,PE-1S,-15.918975935138107,-74.12471145695262,True
20211222,20210108,11:30,LAMBAYEQUE,PE-1N,862,CHOQUE,0,5,862.0,2021-01-08,PE-1N,-6.2747539780164265,-80.32324627051582,True
20211222,20210108,16:50,AREQUIPA,PE-1S,913,CHOQUE,0,0,913.0,2021-01-08,PE-1S,-16.36193111204504,-72.15414747484274,True
20211222,20210108,06:40,MOQUEGUA,PE-1S,1150,CHOQUE,0,0,1150.0,2021-01-08,PE-1S,-17.313067505396578,-70.98937971974344,True
20211222,20210108,05:30,MOQUEGUA,PE-1S,1183,CHOQUE,0,1,1183.0,2021-01-08,PE-1S,-17.554000312165687,-71.03857840938653,True
20211222,20210109,13:30,CAJAMARCA,PE-08B,11,DESPISTE,0,0,11.0,2021-01-09,PE-08B,-7.1566861570238505,-78.43616099042796,True
20211222,20210109,07:00,LIMA,PE-1S,52,CHOQUE,0,0,52.0,2021-01-09,PE-1S,-12.415186934417585,-76.75539200264268,True
20211222,20210109,08:30,CUSCO,PE-3SG,71,CHOQUE,1,1,71.0,2021-01-09,PE-3SG,-14.349651377048925,-72.10993779323923,True
20211222,20210109,07:30,LIMA,PE-22,125,DESPISTE,0,0,125.0,2021-01-09,PE-22,-11.614614791244527,-76.21136387393304,True
20211222,20210109,09:16,HUANUCO,PE-18A,132,CHOQUE,0,0,132.0,2021-01-09,PE-18A,-9.224004181068981,-75.9880466566825,True
20211222,20210109,16:30,JUNIN,PE-3N,135,CHOQUE,0,6,135.0,2021-01-09,PE-3N,-10.672179466714756,-76.18285345106842,True
20211222,20210109,16:10,LIMA,PE-1S,164,DESPISTE,0,0,164.0,2021-01-09,PE-1S,-13.241272615019648,-76.2876294357777,True
20211222,20210109,12:25,JUNIN,PE-24,241,CHOQUE,0,0,241.0,2021-01-09,PE-24,-12.089239061107937,-75.53596342829944,True
20211222,20210109,16:25,AMAZONAS,PE-108,315,DESPISTE,0,4,315.0,2021-01-09,PE-108,,,True
20211222,20210109,08:30,ANCASH,PE-1N,345,DESPISTE,0,1,345.0,2021-01-09,PE-1N,-9.700923495690866,-78.27877617707549,True
20211222,20210109,17:45,SAN MARTIN,PE-5N,474,DESPISTE,0,0,474.0,2021-01-09,PE-5N,-9.19638819507743,-75.88962499049119,True
20211222,20210109,07:00,AREQUIPA,PE-1S,508,CHOQUE,2,2,508.0,2021-01-09,PE-1S,-15.347823389368433,-74.8944701310294,True
20211222,20210110,17:20,UCAYALI,PE-5N,15,CHOQUE,0,1,15.0,2021-01-10,PE-5N,-10.858242373840824,-75.27300820161662,True
20211222,20210110,20:30,HUANUCO,PE-18A,21,CHOQUE,0,0,21.0,2021-01-10,PE-18A,-9.8388160634608,-76.12866913981445,True
20211222,20210110,17:00,LIMA,PE-1S,21,CHOQUE,0,0,21.0,2021-01-10,PE-1S,-12.233941721727907,-76.96055560500984,True
20211222,20210110,11:55,JUNIN,PE-3N,32,DESPISTE,0,2,32.0,2021-01-10,PE-3N,-11.318692595380442,-75.89609744080498,True
20211222,20210110,11:55,JUNIN,PE-3S,32,DESPISTE,0,4,32.0,2021-01-10,PE-3S,-11.702007570424136,-75.75954884788902,True
20211222,20210110,18:15,LIMA,PE-22,36,CHOQUE,0,3,36.0,2021-01-10,PE-22,-11.933745922873646,-76.69372903726783,True
20211222,20210110,21:00,LIMA,PE-1N,78,CHOQUE,1,0,78.0,2021-01-10,PE-1N,-11.59677375920734,-77.25349743581087,True
20211222,20210110,14:00,LIMA,PE-1S,96,CHOQUE,0,1,96.0,2021-01-10,PE-1S,-12.923382832474228,-76.5002848851446,True
20211222,20210110,05:30,LIMA,PE-22,112,DESPISTE,0,0,112.0,2021-01-10,PE-22,-11.67094606237875,-76.25628872745061,True
20211222,20210110,16:30,AYACUCHO,PE-34A,121,CHOQUE,0,2,121.0,2021-01-10,PE-34A,-16.055807676781747,-71.35049213960322,True
20211222,20210110,06:00,LIMA,PE-1N,169,ATROPELLO,1,0,169.0,2021-01-10,PE-1N,-10.958343688855178,-77.6465415857082,True
20211222,20210110,12:30,UCAYALI,PE-5N,184,CHOQUE,0,0,184.0,2021-01-10,PE-5N,-10.040632329581635,-75.03249291394678,True
20211222,20210110,23:15,AMAZONAS,PE-5N,200,DESPISTE,0,2,200.0,2021-01-10,PE-5N,-9.915527516574851,-75.03372821398233,True
20211222,20210110,20:00,ICA,PE-1S,221,CHOQUE,0,0,221.0,2021-01-10,PE-1S,-13.672782889489596,-76.15677792247864,True
20211222,20210110,10:30,PUNO,PE-34A,243,DESPISTE,0,1,243.0,2021-01-10,PE-34A,-15.683655749235632,-70.56487730886944,True
20211222,20210110,22:50,PIURA,PE-1N,247,DESPISTE,0,1,247.0,2021-01-10,PE-1N,-10.399434406647748,-77.98151947870417,True
20211222,20210110,06:30,SAN MARTIN,PE-5N,482,CHOQUE,1,0,482.0,2021-01-10,PE-5N,-9.18515497885573,-75.953885702919,True
20211222,20210110,08:30,SAN MARTIN,PE-5N,482,CHOQUE,0,1,482.0,2021-01-10,PE-5N,-9.18515497885573,-75.953885702919,True
20211222,20210110,09:30,APURIMAC,PE-3S,766,DESPISTE,0,2,766.0,2021-01-10,PE-3S,-13.66722250101104,-72.92623833094451,True
20211222,20210110,07:30,AREQUIPA,PE-1S,775,ESPECIAL,0,0,775.0,2021-01-10,PE-1S,-16.428630654329847,-73.1164343231522,True
20211222,20210110,21:45,AREQUIPA,PE-1S,812,DESPISTE,0,1,812.0,2021-01-10,PE-1S,-16.547052364777084,-72.85413003707727,True
20211222,20210110,12:20,PIURA,PE-1N,895,CHOQUE,0,0,895.0,2021-01-10,PE-1N,-6.058283330908933,-80.5110799165684,True
20211222,20210110,21:45,CUSCO,PE-3S,999,CHOQUE,0,5,999.0,2021-01-10,PE-3S,-13.606093830015233,-71.75283357958989,True
20211222,20210110,23:30,CUSCO,PE-3S,1025,DESPISTE,0,1,1025.0,2021-01-10,PE-3S,-13.68798873224984,-71.59715152030672,True
20211222,20210110,23:00,CUSCO,PE-3S,1092,CHOQUE,0,1,1092.0,2021-01-10,PE-3S,-14.166954802613724,-71.38253476687356,True
20211222,20210111,20:30,MOQUEGUA,PE-36A,5,CHOQUE,0,4,5.0,2021-01-11,PE-36A,-17.213883299612412,-70.9326049679297,True
20211222,20210111,07:30,LA LIBERTAD,PE-10A,7,CHOQUE,1,3,7.0,2021-01-11,PE-10A,-8.096938632248785,-78.97206000410337,True
20211222,20210111,07:40,AREQUIPA,PE-1SD,8,DESPISTE,0,1,8.0,2021-01-11,PE-1SD,-16.670198169885573,-72.57000946314521,True
20211222,20210111,08:55,LAMBAYEQUE,PE-1NJ,40,CHOQUE,0,0,40.0,2021-01-11,PE-1NJ,-6.358027260492148,-79.7818878345151,True
20211222,20210111,14:50,LIMA,PE-1S,64,DESPISTE,0,5,64.0,2021-01-11,PE-1S,-12.517753042741056,-76.73029932418738,True
20211222,20210111,02:30,ANCASH,PE-16,85,DESPISTE,0,0,85.0,2021-01-11,PE-16,-10.15420336678252,-77.45129602351687,True
20211222,20210111,15:00,CUSCO,PE-34J,107,ATROPELLO,1,0,107.0,2021-01-11,PE-34J,-14.953173527485701,-71.17911039238088,True
20211222,20210111,N.I.,LIMA,PE-1S,137,DESPISTE,1,5,137.0,2021-01-11,PE-1S,-13.069417520477796,-76.44764285800854,True
20211222,20210111,12:40,ICA,PE-1S,223,CHOQUE,0,0,223.0,2021-01-11,PE-1S,-13.688996272130044,-76.15742611440658,True
20211222,20210111,23:00,MADRE DE DIOS,PE-30C,257,CHOQUE,1,11,257.0,2021-01-11,PE-30C,-13.107158089297503,-70.36521047437871,True
20211222,20210111,15:15,ANCASH,PE-1N,374,CHOQUE,0,3,374.0,2021-01-11,PE-1N,-9.475505262774279,-78.29542450229184,True
20211222,20210111,18:20,ANCASH,PE-3N,674,CHOQUE,0,1,674.0,2021-01-11,PE-3N,-8.859404495057708,-77.82826443896728,True
20211222,20210111,12:50,LA LIBERTAD,PE-1N,720,CHOQUE,0,0,720.0,2021-01-11,PE-1N,-7.124098232690237,-79.481859463302,True
20211222,20210111,01:30,LAMBAYEQUE,PE-1N,807,ATROPELLO,1,0,807.0,2021-01-11,PE-1N,-6.608747822307387,-79.96826565673076,True
20211222,20210112,22:50,SAN MARTIN,PE-5NB,9,CHOQUE,0,3,9.0,2021-01-12,PE-5NB,-6.464009216057668,-76.32062546107238,True
20211222,20210112,14:50,AREQUIPA,PE-34,29,DESPISTE,0,0,29.0,2021-01-12,PE-34,-16.846252005268568,-72.01648270896028,True
20211222,20210112,22:30,LIMA,PE-1S,59,CHOQUE,1,1,59.0,2021-01-12,PE-1S,-12.47686383468592,-76.74833994640858,True
20211222,20210112,18:50,ANCASH,PE-16,78,DESPISTE,0,2,78.0,2021-01-12,PE-16,-10.153187280890895,-77.48801801237873,True
20211222,20210112,14:00,LIMA,PE-22,100,CHOQUE,0,4,100.0,2021-01-12,PE-22,-11.737069789934658,-76.27081716074291,True
20211222,20210112,11:00,AREQUIPA,PE-34A,121,CHOQUE,0,0,121.0,2021-01-12,PE-34A,-16.055807676781747,-71.35049213960322,True
20211222,20210112,19:50,TACNA,PE-38,140,DESPISTE,0,1,140.0,2021-01-12,PE-38,-17.38544413572032,-69.91633833892541,True
20211222,20210112,19:20,LIMA,PE-1N,141,DESPISTE,1,1,141.0,2021-01-12,PE-1N,-11.178598935181054,-77.57986493805302,True
20211222,20210112,16:30,HUANCAVELICA,PE-3S,172,DESPISTE,0,5,172.0,2021-01-12,PE-3S,-12.383293330162351,-75.05497958016475,True
20211222,20210112,07:25,PUNO,PE-34A,203,DESPISTE,0,0,203.0,2021-01-12,PE-34A,-15.718389570429435,-70.81267785214743,True
20211222,20210112,12:30,SAN MARTIN,PE-5N,514,DESPISTE,0,3,514.0,2021-01-12,PE-5N,-8.987998410771592,-76.08167150173009,True
20211222,20210112,15:30,APURIMAC,PE-3S,580,DESPISTE,0,1,580.0,2021-01-12,PE-3S,-13.601276502493711,-73.60383579284594,True
20211222,20210112,17:02,MADRE DE DIOS,PE-30C,620,DESPISTE,0,2,620.0,2021-01-12,PE-30C,-11.208968062552472,-69.55725097831471,True
20211222,20210112,17:45,PIURA,PE-1N,947,DESPISTE,0,3,947.0,2021-01-12,PE-1N,-5.59516659192288,-80.57651055188869,True
20211222,20210112,13:00,PUNO,PE-3S,1469,CHOQUE,0,2,1469.0,2021-01-12,PE-3S,-16.294538531688023,-69.2783079902453,True
20211222,20210113,14:00,LAMBAYEQUE,PE-06A,22,ESPECIAL,0,1,22.0,2021-01-13,PE-06A,-6.741836165234974,-79.70316620295098,True
20211222,20210113,17:00,JUNIN,PE-3S,25,CHOQUE,0,0,25.0,2021-01-13,PE-3S,-11.656496786383626,-75.79175169628455,True
20211222,20210113,11:30,CUSCO,CU-134,27,DESPISTE,0,0,27.0,2021-01-13,CU-134,,,True
20211222,20210113,07:15,LIMA,PE-16,30,CHOQUE,0,0,30.0,2021-01-13,PE-16,-10.425697865696133,-77.72165623049102,True
20211222,20210113,20:55,PASCO,PE-3N,89,CHOQUE,1,6,89.0,2021-01-13,PE-3N,-10.882746084480269,-76.09431198134338,True
20211222,20210113,05:50,JUNIN,PE-3SB,105,ATROPELLO,1,0,105.0,2021-01-13,PE-3SB,,,True
20211222,20210113,10:30,ICA,PE-1S,186,ATROPELLO,0,2,186.0,2021-01-13,PE-1S,-13.413397208384122,-76.18864368453282,True
20211222,20210113,22:09,HUANUCO,PE-18B,189,DESPISTE,1,2,189.0,2021-01-13,PE-18B,,,True
20211222,20210113,10:30,ANCASH,PE-3N,592,CHOQUE,0,0,592.0,2021-01-13,PE-3N,-9.428552878966238,-77.55037815933466,True
20211222,20210113,00:50,AREQUIPA,PE-1S,1009,DESPISTE,0,0,1009.0,2021-01-13,PE-1S,-16.880140339589428,-71.84891052835944,True
20211222,20210113,19:00,CUSCO,PE-3S,N.I.,CHOQUE,0,1,,2021-01-13,PE-3S,-15.04301470699994,-70.36600238199992,True
20211222,20210114,16:30,UCAYALI,PE-18C,19,ATROPELLO,0,1,19.0,2021-01-14,PE-18C,-8.688082080781154,-74.99002898925876,True
20211222,20210114,01:00,LIMA,PE-1SJ,33,ATROPELLO,1,0,33.0,2021-01-14,PE-1SJ,,,True
20211222,20210114,09:50,UCAYALI,PE-18C,55,CHOQUE,0,1,55.0,2021-01-14,PE-18C,-8.463514764674358,-74.79120146912649,True
20211222,20210114,18:40,ANCASH,PE-16,75,DESPISTE,0,0,75.0,2021-01-14,PE-16,-10.144498262284548,-77.50583819769163,True
20211222,20210114,06:40,ANCASH,PE-16,102,DESPISTE,0,0,102.0,2021-01-14,PE-16,-10.150041697990487,-77.36633460536407,True
20211222,20210114,21:50,PIURA,PE-1N,134,CHOQUE,1,4,134.0,2021-01-14,PE-1N,-11.230404298725974,-77.54315305040082,True
20211222,20210114,06:50,LIMA,PE-1N,189,CHOQUE,0,1,189.0,2021-01-14,PE-1N,-10.831733519592223,-77.69900243810184,True
20211222,20210114,07:19,AMAZONAS,PE-08B,315,CHOQUE,0,1,315.0,2021-01-14,PE-08B,-6.225871128012581,-77.91022612409911,True
20211222,20210114,00:35,LA LIBERTAD,PE-1N,581,CHOQUE,0,1,581.0,2021-01-14,PE-1N,-8.02666616159708,-79.07753533380992,True
20211222,20210114,12:30,SAN MARTIN,PE-5N,596,DESPISTE,0,0,596.0,2021-01-14,PE-5N,-8.422846331202868,-76.32609883856692,True
20211222,20210114,09:30,AREQUIPA,PE-1S,633,VOLCADURA,0,1,633.0,2021-01-14,PE-1S,-15.918975935138107,-74.12471145695262,True
20211222,20210114,20:30,SAN MARTIN,PE-5N,742,CHOQUE,1,1,742.0,2021-01-14,PE-5N,-7.6271106034596485,-76.67268390625715,True
20211222,20210114,18:30,APURIMAC,PE-3S,779,CHOQUE,1,1,779.0,2021-01-14,PE-3S,-13.634183031125787,-72.88365471217094,True
20211222,20210114,00:40,AREQUIPA,PE-1S,889,DESPISTE,1,0,889.0,2021-01-14,PE-1S,-16.457704752948768,-72.34687509052523,True
20211222,20210114,09:10,AREQUIPA,PE-1S,921,CHOQUE,0,1,921.0,2021-01-14,PE-1S,-16.37417225482444,-72.13698346420553,True
20211222,20210115,11:30,CUSCO,PE-34F,4,DESPISTE,0,1,4.0,2021-01-15,PE-34F,-14.751856417398292,-71.36914449390764,True
20211222,20210115,08:15,UCAYALI,PE-18C,17,CHOQUE,0,2,17.0,2021-01-15,PE-18C,-8.704896522742061,-74.99580171198913,True
20211222,20210115,10:35,AREQUIPA,AR-115,28,DESPISTE,0,0,28.0,2021-01-15,AR-115,,,True
20211222,20210115,06:00,JUNIN,PE-3S,43,DESPISTE,0,0,43.0,2021-01-15,PE-3S,-11.770374491015332,-75.70746066975967,True
20211222,20210115,16:30,ANCASH,PE-16,86,CHOQUE,0,1,86.0,2021-01-15,PE-16,-10.157193218946084,-77.45211833369991,True
20211222,20210115,20:15,LIMA,PE-1N,98,DESPISTE,0,0,98.0,2021-01-15,PE-1N,-11.449431098653706,-77.33984367253781,True
20211222,20210115,08:20,AYACUCHO,PE-30A,119,CHOQUE,0,0,119.0,2021-01-15,PE-30A,-14.603198622707248,-74.27273541529597,True
20211222,20210115,18:00,LIMA,PE-1N,139,CHOQUE,0,0,139.0,2021-01-15,PE-1N,-11.193648643891859,-77.56974581718664,True
20211222,20210115,07:05,CUSCO,PE-28B,183,DESPISTE,0,4,183.0,2021-01-15,PE-28B,-12.613598665012425,-73.74621879469287,True
20211222,20210115,12:00,LIMA,PE-1N,185,DESPISTE,0,1,185.0,2021-01-15,PE-1N,-10.846124321356712,-77.69430229662987,True
20211222,20210115,11:50,LAMBAYEQUE,PE-1N,862,CHOQUE,0,2,862.0,2021-01-15,PE-1N,-6.2747539780164265,-80.32324627051582,True
20211222,20210115,18:00,TACNA,PE-1S,1229,ESPECIAL,0,0,1229.0,2021-01-15,PE-1S,-17.770805696446903,-70.74954989127944,True
20211222,20210116,17:15,MOQUEGUA,PE-36,38,CHOQUE,0,2,38.0,2021-01-16,PE-36,-17.661904058108103,-71.30614554047513,True
20211222,20210116,21:00,LORETO,LO-103,55,ATROPELLO,0,1,55.0,2021-01-16,LO-103,,,True
20211222,20210116,12:00,JUNIN,PE-3N,56,CHOQUE,0,5,56.0,2021-01-16,PE-3N,-11.133794755497352,-75.99175209312435,True
20211222,20210116,07:15,CAJAMARCA,PE-08,64,CHOQUE,0,0,64.0,2021-01-16,PE-08,-7.202785557140997,-79.04500637821272,True
20211222,20210116,12:30,CAJAMARCA,PE-08,64,CHOQUE,0,0,64.0,2021-01-16,PE-08,-7.202785557140997,-79.04500637821272,True
20211222,20210116,14:35,JUNIN,PE-3N,71,CHOQUE,0,2,71.0,2021-01-16,PE-3N,-11.008710341049833,-76.01339695019837,True
20211222,20210116,01:00,JUNIN,PE-3S,76,DESPISTE,0,1,76.0,2021-01-16,PE-3S,-11.816598209481231,-75.49327317545641,True
20211222,20210116,21:00,PIURA,PE-1N,100,DESPISTE,0,2,100.0,2021-01-16,PE-1N,-11.440555356604857,-77.35528622109376,True
20211222,20210116,01:00,LIMA,PE-22,107,DESPISTE,0,0,107.0,2021-01-16,PE-22,-11.705646773117046,-76.26740401394007,True
20211222,20210116,16:15,LIMA,PE-22,107,CHOQUE,0,1,107.0,2021-01-16,PE-22,-11.705646773117046,-76.26740401394007,True
20211222,20210116,02:30,PASCO,PE-3N,142,DESPISTE,0,2,142.0,2021-01-16,PE-3N,-10.6369661703208,-76.1732017747125,True
20211222,20210116,09:20,MOQUEGUA,PE-1SD,186,DESPISTE,0,0,186.0,2021-01-16,PE-1SD,-17.27700287749811,-71.47844330151185,True
20211222,20210116,11:45,ICA,PE-1SE,195,DESPISTE,0,0,195.0,2021-01-16,PE-1SE,,,True
20211222,20210116,07:45,ANCASH,PE-1N,325,CHOQUE,0,3,325.0,2021-01-16,PE-1N,-9.82287799526375,-78.18206146865383,True
20211222,20210116,21:45,LA LIBERTAD,PE-1N,613,DESPISTE,0,2,613.0,2021-01-16,PE-1N,-7.792774967645444,-79.21616649596545,True
20211222,20210116,17:00,CUSCO,PE-3S,901,DESPISTE,0,2,901.0,2021-01-16,PE-3S,-13.451026344262942,-72.41157617976712,True
20211222,20210116,05:00,AREQUIPA,PE-1S,988,CHOQUE,0,0,988.0,2021-01-16,PE-1S,-16.692018099290703,-71.87064469727024,True
20211222,20210116,21:30,MOQUEGUA,PE-1S,1096,CHOQUE,0,0,1096.0,2021-01-16,PE-1S,-17.23678922036793,-71.28814584944242,True
20211222,20210116,17:30,PUNO,PE-3S,1347,CHOQUE,0,2,1347.0,2021-01-16,PE-3S,-15.73198717987255,-70.05823237319629,True
20211222,20210116,16:00,CAJAMARCA,PE-3N,1387,CHOQUE,1,1,1387.0,2021-01-16,PE-3N,-6.686656775392422,-78.5368696675186,True
20211222,20210116,12:20,PUNO,PE-3S,1463,CHOQUE,0,1,1463.0,2021-01-16,PE-3S,-16.256841843376684,-69.30941517936022,True
20211222,20210117,06:00,LIMA,PE-1NE,11,DESPISTE,1,0,11.0,2021-01-17,PE-1NE,-11.078979712985461,-77.49109347692028,True
20211222,20210117,19:30,LORETO,LO-103,17,CHOQUE,0,0,17.0,2021-01-17,LO-103,,,True
20211222,20210117,16:20,UCAYALI,PE-18C,43,CHOQUE,0,0,43.0,2021-01-17,PE-18C,-8.534117140760129,-74.87123489388637,True
20211222,20210117,20:30,AREQUIPA,PE-34A,74,DESPISTE,0,0,74.0,2021-01-17,PE-34A,-16.171363083630286,-71.64401155053457,True
20211222,20210117,10:30,CAJAMARCA,PE-08,113,CHOQUE,0,1,113.0,2021-01-17,PE-08,-7.246996328827519,-78.67713700983732,True
20211222,20210117,22:50,AMAZONAS,PE-08B,275,DESPISTE,0,0,275.0,2021-01-17,PE-08B,-6.4854136057141964,-77.85849456168776,True
20211222,20210117,19:45,MADRE DE DIOS,PE-30C,321,CHOQUE,0,1,321.0,2021-01-17,PE-30C,-12.884444806303186,-70.02527482447321,True
20211222,20210117,14:15,PUNO,PE-34B,323,DESPISTE,0,7,323.0,2021-01-17,PE-34B,-13.327675445636181,-70.31727599243567,True
20211222,20210118,07:25,MOQUEGUA,PE-36A,20,DESPISTE,0,0,20.0,2021-01-18,PE-36A,-17.13918208346615,-70.85273915654196,True
20211222,20210118,22:00,PIURA,PE-1N,21,DESPISTE,0,1,21.0,2021-01-18,PE-1N,-11.946756431235963,-77.07076344998089,True
20211222,20210118,11:50,LIMA,PE-1N,44,DESPISTE,0,0,44.0,2021-01-18,PE-1N,-11.777083903231906,-77.15962972973583,True
20211222,20210118,17:30,ANCASH,AN-107,59,DESPISTE,0,0,59.0,2021-01-18,AN-107,,,True
20211222,20210118,04:40,LIMA,PE-22,115,DESPISTE,0,1,115.0,2021-01-18,PE-22,-11.66222469576892,-76.24555539358784,True
20211222,20210118,21:15,LIMA,PE-1S,172,CHOQUE,0,0,172.0,2021-01-18,PE-1S,-13.304754938605582,-76.25395027391642,True
20211222,20210118,17:30,TUMBES,PE-1N,226,CHOQUE,0,2,226.0,2021-01-18,PE-1N,-10.535119795121814,-77.88973174390323,True
20211222,20210118,07:35,PIURA,PE-1N,264,CHOQUE,0,0,264.0,2021-01-18,PE-1N,-10.290958238394552,-78.04454491368759,True
20211222,20210118,20:45,MADRE DE DIOS,PE-30C,285,CHOQUE,0,2,285.0,2021-01-18,PE-30C,-12.93155118684029,-70.30409480046103,True
20211222,20210118,22:20,APURIMAC,PE-30A,298,DESPISTE,0,3,298.0,2021-01-18,PE-30A,-14.516774647041704,-73.27449505903488,True
20211222,20210118,17:15,MADRE DE DIOS,PE-30C,308,DESPISTE,0,0,308.0,2021-01-18,PE-30C,-12.911473018341377,-70.12414050551395,True
20211222,20210118,16:20,APURIMAC,PE-30A,393,DESPISTE,0,0,393.0,2021-01-18,PE-30A,-13.99028649957026,-73.16531075913257,True
20211222,20210118,10:45,MADRE DE DIOS,PE-30C,404,CHOQUE,0,1,404.0,2021-01-18,PE-30C,-12.673374218115153,-69.35846210430508,True
20211222,20210118,04:45,CUSCO,PE-3S,1060,DESPISTE,0,0,1060.0,2021-01-18,PE-3S,-13.936859031937123,-71.50206646437367,True
20211222,20210118,14:50,PUNO,PE-3S,1306,CHOQUE,1,3,1306.0,2021-01-18,PE-3S,-15.398962741522139,-70.15387816519431,True
20211222,20210119,17:00,CAJAMARCA,PE-3N,10,CHOQUE,0,1,10.0,2021-01-19,PE-3N,-11.464105266583998,-75.95954387610044,True
20211222,20210119,05:50,JUNIN,PE-5S,13,DESPISTE,0,5,13.0,2021-01-19,PE-5S,-10.939041082145991,-75.20577614662831,True
20211222,20210119,07:00,JUNIN,PE-5S,13,DESPISTE,0,1,13.0,2021-01-19,PE-5S,-10.939041082145991,-75.20577614662831,True
20211222,20210119,19:30,AREQUIPA,AR-109,16,DESPISTE,0,7,16.0,2021-01-19,AR-109,,,True
20211222,20210119,16:45,PUNO,PE-34H,30,CHOQUE,0,0,30.0,2021-01-19,PE-34H,-15.29867788429477,-69.97244089899561,True
20211222,20210119,22:30,CAJAMARCA,PE-08,35,CHOQUE,0,0,35.0,2021-01-19,PE-08,-7.235151406739887,-79.21750422608328,True
20211222,20210119,17:30,LA LIBERTAD,PE-3N,156,CHOQUE,0,2,156.0,2021-01-19,PE-3N,-10.52387290658058,-76.1794859513271,True
20211222,20210119,16:30,HUANCAVELICA,PE-3S,317,CHOQUE,0,3,317.0,2021-01-19,PE-3S,-12.840670147323785,-74.3365398300474,True
20211222,20210119,09:00,ICA,PE-1S,422,DESPISTE,0,2,422.0,2021-01-19,PE-1S,-14.70948476221127,-75.09806914272544,True
20211222,20210119,23:30,AREQUIPA,PE-1S,618,ATROPELLO,1,0,618.0,2021-01-19,PE-1S,-15.864289437739659,-74.22406661753263,True
20211222,20210119,18:15,APURIMAC,PE-3S,817,CHOQUE,0,0,817.0,2021-01-19,PE-3S,-13.56165539942387,-72.82007751002206,True
20211222,20210119,19:30,LAMBAYEQUE,PE-1N,835,CHOQUE,0,3,835.0,2021-01-19,PE-1N,-6.440098901064073,-80.15310383475189,True
20211222,20210119,22:00,CUSCO,PE-3S,941,CHOQUE,0,0,941.0,2021-01-19,PE-3S,-13.4966294578361,-72.18190712702031,True
20211222,20210119,17:30,AREQUIPA,PE-1S,951,DESPISTE,0,0,951.0,2021-01-19,PE-1S,-16.481515495271488,-71.90513785084899,True
20211222,20210119,20:40,AREQUIPA,PE-1S,985,CHOQUE,0,3,985.0,2021-01-19,PE-1S,-16.66494311393299,-71.87120463796482,True
20211222,20210120,18:15,CUSCO,PE-28G,20,DESPISTE,0,12,20.0,2021-01-20,PE-28G,-13.470984377863335,-71.9182971384491,True
20211222,20210120,08:25,LIMA,PE-1N,42,CHOQUE,0,0,42.0,2021-01-20,PE-1N,-11.790854054126543,-77.14835534687332,True
20211222,20210120,17:30,LA LIBERTAD,PE-10A,55,CHOQUE,0,8,55.0,2021-01-20,PE-10A,-7.990715120270408,-78.6658177939139,True
20211222,20210120,15:30,LA LIBERTAD,PE-10A,60,DESPISTE,0,1,60.0,2021-01-20,PE-10A,-7.9677401841519835,-78.64041107838278,True
20211222,20210120,23:00,AREQUIPA,PE-34A,68,CHOQUE,0,5,68.0,2021-01-20,PE-34A,-16.21416606613637,-71.6553031243196,True
20211222,20210120,N.I.,LIMA,PE-1NJ,73,CHOQUE,0,1,73.0,2021-01-20,PE-1NJ,-6.096195644161126,-79.70450703729868,True
20211222,20210120,19:40,LAMBAYEQUE,PE-1NJ,90,ATROPELLO,0,1,90.0,2021-01-20,PE-1NJ,-5.9929179747445085,-79.73251624499106,True
20211222,20210120,04:45,LIMA,PE-22,91,DESPISTE,0,0,91.0,2021-01-20,PE-22,-11.782406433929982,-76.30815189962169,True
20211222,20210120,18:30,JUNIN,PE-5S,94,CHOQUE,0,0,94.0,2021-01-20,PE-5S,-11.128351139335821,-74.67506649784302,True
20211222,20210120,08:00,HUANCAVELICA,PE-28E,95,DESPISTE,0,0,95.0,2021-01-20,PE-28E,,,True
20211222,20210120,12:30,LIMA,PE-22,130,CHOQUE,0,1,130.0,2021-01-20,PE-22,-11.606218334641854,-76.19768237746943,True
20211222,20210120,12:45,AREQUIPA,PE-34A,134,DESPISTE,0,3,134.0,2021-01-20,PE-34A,-16.003616353971104,-71.2687063539711,True
20211222,20210120,12:45,AREQUIPA,PE-34A,136,DESPISTE,0,0,136.0,2021-01-20,PE-34A,-15.996477473793243,-71.25509810275335,True
20211222,20210120,09:30,LIMA,PE-1N,138,DESPISTE,0,0,138.0,2021-01-20,PE-1N,-11.201000419910086,-77.56442822852796,True
20211222,20210120,N.I.,LIMA,PE-1S,146,CHOQUE,0,1,146.0,2021-01-20,PE-1S,-13.128176162247474,-76.3926090637512,True
20211222,20210120,23:45,ICA,PE-1S,212,CHOQUE,0,1,212.0,2021-01-20,PE-1S,-13.594946994637784,-76.14582798668553,True
20211222,20210120,21:50,PUNO,PE-36A,236,DESPISTE,0,0,236.0,2021-01-20,PE-36A,-16.689142377645005,-69.55429044354256,True
20211222,20210120,21:50,TACNA,PE-36A,236,DESPISTE,0,0,236.0,2021-01-20,PE-36A,-16.689142377645005,-69.55429044354256,True
20211222,20210120,05:40,ANCASH,PE-1N,264,CHOQUE,0,2,264.0,2021-01-20,PE-1N,-10.290958238394552,-78.04454491368759,True
20211222,20210120,04:50,ICA,PE-1S,272,ATROPELLO,0,1,272.0,2021-01-20,PE-1S,-13.933342134889903,-75.8891170222311,True
20211222,20210120,18:00,ICA,PE-1S,468,CHOQUE,0,4,468.0,2021-01-20,PE-1S,-15.011639680229418,-75.00453356144801,True
20211222,20210120,18:15,APURIMAC,PE-3S,813,CHOQUE,0,2,813.0,2021-01-20,PE-3S,-13.59008036319243,-72.81875736113787,True
20211222,20210120,13:30,CUSCO,PE-3S,914,DESPISTE,0,1,914.0,2021-01-20,PE-3S,-13.454013119125344,-72.39173461335689,True
20211222,20210120,19:30,TACNA,PE-1S,1291,CHOQUE,0,0,1291.0,2021-01-20,PE-1S,-18.007686167991412,-70.25748642906187,True
20211222,20210120,11:00,PUNO,PE-3S,1479,DESPISTE,0,0,1479.0,2021-01-20,PE-3S,-16.365871081290095,-69.22790995108264,True
20211222,20210120,11:00,PUNO,PE-3S,1479,DESPISTE,0,0,1479.0,2021-01-20,PE-3S,-16.365871081290095,-69.22790995108264,True
20211222,20210121,09:50,ICA,PE-30A,24,DESPISTE,0,1,24.0,2021-01-21,PE-30A,-14.86041157865543,-74.78979369861463,True
20211222,20210121,15:30,CAJAMARCA,PE-06B,35,DESPISTE,0,1,35.0,2021-01-21,PE-06B,-6.667604458881753,-79.02699436979935,True
20211222,20210121,07:00,LAMBAYEQUE,PE-1NJ,113,DESPISTE,0,1,113.0,2021-01-21,PE-1NJ,-5.812001259472412,-79.82803215049918,True
20211222,20210121,11:55,JUNIN,PE-22,141,DESPISTE,0,0,141.0,2021-01-21,PE-22,-11.600943513530941,-76.1305608728843,True
20211222,20210121,20:30,AYACUCHO,PE-28A,250,CHOQUE,0,5,250.0,2021-01-21,PE-28A,-13.352055281489344,-74.64723479780216,True
20211222,20210121,08:35,APURIMAC,PE-30A,297,DESPISTE,0,2,297.0,2021-01-21,PE-30A,-14.522784024392205,-73.28127660780741,True
20211222,20210121,16:00,AMAZONAS,PE-08B,324,CHOQUE,0,0,324.0,2021-01-21,PE-08B,-6.246992061890144,-77.87816387479317,True
20211222,20210121,16:40,ICA,PE-1S,332,DESPISTE,1,3,332.0,2021-01-21,PE-1S,-14.350024463597709,-75.64564728543388,True
20211222,20210121,07:30,AREQUIPA,PE-1S,602,DESPISTE,0,0,602.0,2021-01-21,PE-1S,-15.817182781727784,-74.32506628789872,True
20211222,20210121,07:30,AREQUIPA,PE-1S,602,VOLCADURA,0,0,602.0,2021-01-21,PE-1S,-15.817182781727784,-74.32506628789872,True
20211222,20210121,13:00,APURIMAC,PE-3S,832,DESPISTE,0,0,832.0,2021-01-21,PE-3S,-13.537007670210158,-72.7510413742433,True
20211222,20210122,21:00,AREQUIPA,PE-34A,12,CHOQUE,1,0,12.0,2021-01-22,PE-34A,-16.474796519991635,-71.71211303998332,True
20211222,20210122,08:30,AREQUIPA,AR-109,48,DESPISTE,0,1,48.0,2021-01-22,AR-109,,,True
20211222,20210122,16:05,AREQUIPA,PE-1SJ,49,CHOQUE,0,0,49.0,2021-01-22,PE-1SJ,,,True
20211222,20210122,10:25,LAMBAYEQUE,PE-06A,54,DESPISTE,0,0,54.0,2021-01-22,PE-06A,-6.689086146954013,-79.46144557656736,True
20211222,20210122,14:45,LIMA,PE-22,56,CHOQUE,0,0,56.0,2021-01-22,PE-22,-11.904000376387483,-76.53198225569177,True
20211222,20210122,14:40,LIMA,PE-1N,87,CHOQUE,0,2,87.0,2021-01-22,PE-1N,-11.52596408080099,-77.28889439417485,True
20211222,20210122,09:00,LIMA,PE-1S,96,CHOQUE,0,3,96.0,2021-01-22,PE-1S,-12.923382832474228,-76.5002848851446,True
20211222,20210122,16:50,LIMA,PE-22,110,DESPISTE,0,0,110.0,2021-01-22,PE-22,-11.685662543184964,-76.26051752939492,True
20211222,20210122,08:10,PUNO,PE-3SG,550,CHOQUE,0,2,550.0,2021-01-22,PE-3SG,,,True
20211222,20210122,10:30,SAN MARTIN,PE-5N,597,CHOQUE,0,1,597.0,2021-01-22,PE-5N,-8.415918282574141,-76.32217222166209,True
20211222,20210123,17:15,AREQUIPA,PE-34J,2,DESPISTE,0,1,2.0,2021-01-23,PE-34J,-15.75249584483209,-71.01407756485777,True
20211222,20210123,20:40,LORETO,LO-103,2,DESPISTE,0,0,2.0,2021-01-23,LO-103,,,True
20211222,20210123,21:50,LIMA,PE-1NA,3,CHOQUE,0,2,3.0,2021-01-23,PE-1NA,-11.760274567701854,-77.16203504856438,True
20211222,20210123,20:30,CAJAMARCA,PE-5N,4,CHOQUE,1,0,4.0,2021-01-23,PE-5N,-10.933415143458024,-75.28588878236418,True
20211222,20210123,13:45,JUNIN,PE-3N,5,CHOQUE,0,3,5.0,2021-01-23,PE-3N,-11.499670865051586,-75.94005565962021,True
20211222,20210123,12:10,LORETO,LO-103,6,CHOQUE,0,5,6.0,2021-01-23,LO-103,,,True
20211222,20210123,15:50,AREQUIPA,PE-1SD,8,DESPISTE,0,1,8.0,2021-01-23,PE-1SD,-16.670198169885573,-72.57000946314521,True
20211222,20210123,10:50,LIMA,PE-1N,55,DESPISTE,0,0,55.0,2021-01-23,PE-1N,-11.725075277361876,-77.16792889663036,True
20211222,20210123,12:30,LAMBAYEQUE,PE-1NJ,95,CHOQUE,0,1,95.0,2021-01-23,PE-1NJ,-5.955106538830416,-79.7562599592598,True
20211222,20210123,16:20,LIMA,PE-22,99,DESPISTE,0,0,99.0,2021-01-23,PE-22,-11.74017894661236,-76.27916507852545,True
20211222,20210123,05:30,PUNO,PE-34H,104,DESPISTE,0,0,104.0,2021-01-23,PE-34H,-14.897380188692141,-69.73731316312066,True
20211222,20210123,22:00,LIMA,PE-1S,112,ESPECIAL,0,0,112.0,2021-01-23,PE-1S,-12.835083425223447,-76.52421939663458,True
20211222,20210123,23:35,CAJAMARCA,PE-08,114,CHOQUE,0,2,114.0,2021-01-23,PE-08,-7.2492066720960375,-78.66870957050406,True
20211222,20210123,12:40,CUSCO,PE-3S,163,CHOQUE,0,4,163.0,2021-01-23,PE-3S,-12.333450454245588,-75.06847028430136,True
20211222,20210123,20:55,HUANUCO,PE-18A,208,CHOQUE,0,2,208.0,2021-01-23,PE-18A,,,True
20211222,20210123,22:30,MOQUEGUA,PE-1SD,210,VOLCADURA,0,0,210.0,2021-01-23,PE-1SD,-17.39681717205118,-71.3864472804718,True
20211222,20210123,17:10,ANCASH,PE-1N,274,DESPISTE,0,3,274.0,2021-01-23,PE-1N,-10.204822671102246,-78.0497228466984,True
20211222,20210123,02:30,ICA,PE-1S,328,CHOQUE,1,0,328.0,2021-01-23,PE-1S,-14.323963854140157,-75.67093460995093,True
20211222,20210123,18:00,ANCASH,PE-1N,392,DESPISTE,0,1,392.0,2021-01-23,PE-1N,-9.358004440901443,-78.38973326099492,True
20211222,20210123,12:00,SAN MARTIN,PE-5N,565,DESPISTE,0,0,565.0,2021-01-23,PE-5N,-8.682588053114397,-76.24722798822248,True
20211222,20210123,20:30,MOQUEGUA,PE-1S,1095,DESPISTE,0,3,1095.0,2021-01-23,PE-1S,-17.234013954678183,-71.29706795851483,True
20211222,20210124,20:20,LIMA,PE-20,8,ATROPELLO,1,0,8.0,2021-01-24,PE-20,-11.9971865205275,-77.12625780004446,True
20211222,20210124,06:30,LIMA,PE-16,12,ESPECIAL,0,0,12.0,2021-01-24,PE-16,-10.571631722411453,-77.7576274656211,True
20211222,20210124,19:20,PUNO,PE-34H,12,DESPISTE,0,0,12.0,2021-01-24,PE-34H,-15.401110223473637,-70.06396672073431,True
20211222,20210124,13:30,MOQUEGUA,PE-36,41,CHOQUE,0,1,41.0,2021-01-24,PE-36,-17.677289522754737,-71.3126649312286,True
20211222,20210124,23:30,HUANUCO,PE-18A,93,DESPISTE,0,1,93.0,2021-01-24,PE-18A,-9.519755529022648,-75.94887517789998,True
20211222,20210124,21:00,PASCO,PE-3N,96,CHOQUE,0,1,96.0,2021-01-24,PE-3N,-10.853758850165175,-76.14947583025285,True
20211222,20210124,19:21,UCAYALI,PE-5N,148,CHOQUE,1,0,148.0,2021-01-24,PE-5N,-10.316815456829438,-74.98454211170991,True
20211222,20210124,21:15,AREQUIPA,PE-34A,151,CHOQUE,0,4,151.0,2021-01-24,PE-34A,-15.917317650936367,-71.19002941273403,True
20211222,20210124,04:35,LIMA,PE-1N,169,DESPISTE,0,0,169.0,2021-01-24,PE-1N,-10.958343688855178,-77.6465415857082,True
20211222,20210124,04:35,LIMA,PE-1N,169,DESPISTE,0,0,169.0,2021-01-24,PE-1N,-10.958343688855178,-77.6465415857082,True
20211222,20210124,19:15,JUNIN,PE-24,279,DESPISTE,0,1,279.0,2021-01-24,PE-24,-12.052259566048056,-75.3129480008392,True
20211222,20210124,07:40,ANCASH,PE-1N,292,DESPISTE,0,1,292.0,2021-01-24,PE-1N,-10.079413907454422,-78.1506975550275,True
20211222,20210124,06:21,MADRE DE DIOS,PE-30C,322,CHOQUE,0,0,322.0,2021-01-24,PE-30C,-12.88735407035615,-70.01660983495881,True
20211222,20210124,18:30,UCAYALI,PE-5N,391,CHOQUE,1,0,391.0,2021-01-24,PE-5N,-8.983686762065833,-75.44954054242592,True
20211222,20210125,09:30,AREQUIPA,PE-34,0,CHOQUE,0,0,0.0,2021-01-25,PE-34,-16.624111219999918,-71.87157663999994,True
20211222,20210125,15:10,UCAYALI,PE-18C,15,CHOQUE,0,2,15.0,2021-01-25,PE-18C,-8.718091544267,-75.00655789342348,True
20211222,20210125,17:30,CAJAMARCA,PE-3N,20,DESPISTE,0,0,20.0,2021-01-25,PE-3N,-11.40945002440235,-75.89656210722798,True
20211222,20210125,06:00,JUNIN,PE-3SA,27,DESPISTE,0,0,27.0,2021-01-25,PE-3SA,-11.633416739610999,-75.60379032854759,True
20211222,20210125,21:25,LA LIBERTAD,PE-10A,30,CHOQUE,0,3,30.0,2021-01-25,PE-10A,-8.015480537142517,-78.81101545161737,True
20211222,20210125,15:00,LIMA,PE-22,47,DESPISTE,0,0,47.0,2021-01-25,PE-22,-11.912955692951464,-76.60399615853814,True
20211222,20210125,13:00,LIMA,PE-1N,83,CHOQUE,0,0,83.0,2021-01-25,PE-1N,-11.555918348742413,-77.26964221100262,True
20211222,20210125,18:30,CUSCO,PE-28F,106,CHOQUE,0,0,106.0,2021-01-25,PE-28F,,,True
20211222,20210125,18:50,CAJAMARCA,PE-08,121,DESPISTE,0,1,121.0,2021-01-25,PE-08,-7.270313826134437,-78.61726489109186,True
20211222,20210125,15:56,CAJAMARCA,PE-08,161,CHOQUE,0,5,161.0,2021-01-25,PE-08,-7.252047897439969,-78.46949888077351,True
20211222,20210125,00:50,ANCASH,PE-1N,326,DESPISTE,0,15,326.0,2021-01-25,PE-1N,-9.813952484084606,-78.18176630040323,True
20211222,20210125,04:30,AMAZONAS,PE-5N,372,DESPISTE,0,0,372.0,2021-01-25,PE-5N,-8.900840978102536,-75.33906828627613,True
20211222,20210125,21:00,MADRE DE DIOS,PE-5S,403,CHOQUE,0,1,403.0,2021-01-25,PE-5S,-11.6650885479144,-73.0114544211505,True
20211222,20210125,07:30,APURIMAC,PE-3S,586,CHOQUE,0,2,586.0,2021-01-25,PE-3S,-13.611509812357616,-73.57537194256503,True
20211222,20210125,19:00,LAMBAYEQUE,PE-1N,824,DESPISTE,0,0,824.0,2021-01-25,PE-1N,-6.499897858828907,-80.07358986247874,True
20211222,20210125,19:30,LAMBAYEQUE,PE-1N,846,CHOQUE,0,0,846.0,2021-01-25,PE-1N,-6.359983982325892,-80.21210026519522,True
20211222,20210125,09:20,AREQUIPA,PE-1S,973,CHOQUE,0,0,973.0,2021-01-25,PE-1S,-16.569680778086596,-71.83041879254921,True
20211222,20210125,07:00,CUSCO,PE-3S,1002,CHOQUE,0,1,1002.0,2021-01-25,PE-3S,-13.606424156135901,-71.7278714483204,True
20211222,20210125,08:00,AREQUIPA,PE-1S,1022,DESPISTE,0,0,1022.0,2021-01-25,PE-1S,-16.977317602182687,-71.78335199331129,True
20211222,20210126,18:10,UCAYALI,PE-18C,17,CHOQUE,0,0,17.0,2021-01-26,PE-18C,-8.704896522742061,-74.99580171198913,True
20211222,20210126,09:40,LIMA,PE-22,69,DESPISTE,0,2,69.0,2021-01-26,PE-22,-11.881085223984249,-76.43701008219021,True
20211222,20210126,N.I.,LIMA,PE-1N,82,CHOQUE,0,0,82.0,2021-01-26,PE-1N,-11.563139040290405,-77.26547950067437,True
20211222,20210126,05:20,LIMA,PE-1S,127,DESPISTE,0,1,127.0,2021-01-26,PE-1S,-12.706666646645361,-76.63637820672253,True
20211222,20210126,07:30,ICA,PE-1S,230,ATROPELLO,0,1,230.0,2021-01-26,PE-1S,-13.74994205215551,-76.1630112444748,True
20211222,20210126,19:55,ANCASH,PE-1N,408,DESPISTE,0,1,408.0,2021-01-26,PE-1N,-9.234620554268307,-78.44851087676236,True
20211222,20210126,17:30,LA LIBERTAD,PE-1N,514,CHOQUE,0,1,514.0,2021-01-26,PE-1N,-8.43433401473071,-78.76818304613947,True
20211222,20210126,18:40,LAMBAYEQUE,PE-1N,751,DESPISTE,0,0,751.0,2021-01-26,PE-1N,-6.955021328478782,-79.69705929673718,True
20211222,20210126,16:50,CUSCO,CU-105,N.I.,VOLCADURA,0,3,,2021-01-26,CU-105,,,True
20211222,20210127,15:10,LA LIBERTAD,PE-10A,2,DESPISTE,0,1,2.0,2021-01-27,PE-10A,-8.122074646887269,-79.00650921128712,True
20211222,20210127,17:30,UCAYALI,PE-18C,27,DESPISTE,0,2,27.0,2021-01-27,PE-18C,-8.64237223338931,-74.95287360968928,True
20211222,20210127,07:00,CUSCO,PE-28F,38,CHOQUE,0,2,38.0,2021-01-27,PE-28F,-13.32063736058602,-72.12033024522789,True
20211222,20210127,18:30,ANCASH,PE-12A,49,DESPISTE,0,1,49.0,2021-01-27,PE-12A,-8.573682754304654,-77.76860423988086,True
20211222,20210127,21:30,LAMBAYEQUE,PE-1NJ,95,CHOQUE,0,2,95.0,2021-01-27,PE-1NJ,-5.955106538830416,-79.7562599592598,True
20211222,20210127,16:20,UCAYALI,PE-5N,137,ESPECIAL,0,2,137.0,2021-01-27,PE-5N,-10.398891717569631,-74.97436460282735,True
20211222,20210127,09:50,AREQUIPA,PE-1S,597,DESPISTE,0,0,597.0,2021-01-27,PE-1S,-15.811066130231715,-74.35797414121839,True
20211222,20210127,15:35,AREQUIPA,PE-1S,664,DESPISTE,0,1,664.0,2021-01-27,PE-1S,-16.092192449913142,-73.91929917171565,True
20211222,20210127,17:20,PUNO,PE-3S,1368,CHOQUE,0,0,1368.0,2021-01-27,PE-3S,-15.864686684697997,-69.99439364181934,True
20211222,20210128,18:20,JUNIN,PE-22B,26,CHOQUE,0,0,26.0,2021-01-28,PE-22B,-11.419224721507325,-75.7490794571029,True
20211222,20210128,21:20,LIMA,PE-22,56,CHOQUE,0,0,56.0,2021-01-28,PE-22,-11.904000376387483,-76.53198225569177,True
20211222,20210128,02:30,AYACUCHO,PE-30A,79,CHOQUE,0,2,79.0,2021-01-28,PE-30A,-14.684017031337254,-74.49067513779086,True
20211222,20210128,10:20,CUSCO,PE-28B,117,CHOQUE,0,0,117.0,2021-01-28,PE-28B,-12.754566088647447,-73.99044642742837,True
20211222,20210128,14:30,AYACUCHO,PE-34A,128,CHOQUE,0,0,128.0,2021-01-28,PE-34A,-16.032495279901976,-71.29209906893945,True
20211222,20210128,10:30,LIMA,PE-1N,140,DESPISTE,0,1,140.0,2021-01-28,PE-1N,-11.186276381851288,-77.57502952434693,True
20211222,20210128,06:00,JUNIN,PE-22,141,DESPISTE,0,0,141.0,2021-01-28,PE-22,-11.600943513530941,-76.1305608728843,True
20211222,20210128,14:57,LIMA,PE-1S,148,DESPISTE,0,2,148.0,2021-01-28,PE-1S,-13.144421709528807,-76.38437346365887,True
20211222,20210128,16:40,JUNIN,PE-22,167,DESPISTE,0,0,167.0,2021-01-28,PE-22,-11.57291706260527,-75.95810812481864,True
20211222,20210128,06:10,LIMA,PE-1N,187,CHOQUE,0,1,187.0,2021-01-28,PE-1N,-10.838933147581805,-77.6966656488656,True
20211222,20210128,21:30,ICA,PE-1S,289,DESPISTE,0,1,289.0,2021-01-28,PE-1S,-14.001581543346424,-75.76794913140023,True
20211222,20210128,16:14,PIURA,PE-1N,952,CHOQUE,1,4,952.0,2021-01-28,PE-1N,-5.550621003373551,-80.58445274571297,True
20211222,20210129,16:00,UCAYALI,PE-18C,17,CHOQUE,0,1,17.0,2021-01-29,PE-18C,-8.704896522742061,-74.99580171198913,True
20211222,20210129,07:10,LIMA,PE-1NE,32,DESPISTE,0,2,32.0,2021-01-29,PE-1NE,-11.125002109269904,-77.30773626269257,True
20211222,20210129,04:50,CAJAMARCA,PE-08B,95,DESPISTE,0,0,95.0,2021-01-29,PE-08B,-6.899169336124469,-78.16776489680709,True
20211222,20210129,11:10,LIMA,PE-1N,133,DESPISTE,0,2,133.0,2021-01-29,PE-1N,-11.237751188246103,-77.53782853981726,True
20211222,20210129,09:30,PASCO,PE-3N,136,DESPISTE,0,7,136.0,2021-01-29,PE-3N,-10.664907102997306,-76.18012783244214,True
20211222,20210129,09:30,PASCO,PE-3N,136,DESPISTE,0,8,136.0,2021-01-29,PE-3N,-10.664907102997306,-76.18012783244214,True
20211222,20210129,12:40,PUNO,PE-34A,255,CHOQUE,4,0,255.0,2021-01-29,PE-34A,-15.66250765970121,-70.47375297910378,True
20211222,20210129,21:30,MADRE DE DIOS,PE-30C,264,ATROPELLO,0,3,264.0,2021-01-29,PE-30C,-13.049122010386501,-70.34932923706963,True
20211222,20210129,11:30,ANCASH,PE-1N,349,DESPISTE,0,1,349.0,2021-01-29,PE-1N,-9.668270829234494,-78.27091145589146,True
20211222,20210129,16:40,ANCASH,PE-1N,349,DESPISTE,0,1,349.0,2021-01-29,PE-1N,-9.668270829234494,-78.27091145589146,True
20211222,20210129,07:01,LAMBAYEQUE,PE-1N,769,ATROPELLO,0,1,769.0,2021-01-29,PE-1N,-6.8606205202625485,-79.82181602099665,True
20211222,20210129,21:35,AREQUIPA,PE-1S,773,CHOQUE,0,0,773.0,2021-01-29,PE-1S,-16.44435789891201,-73.11595576964116,True
20211222,20210129,16:00,LAMBAYEQUE,PE-1N,870,DESPISTE,0,2,870.0,2021-01-29,PE-1N,-6.238446615503006,-80.38495605736435,True
20211222,20210129,23:00,PUNO,PE-3S,1284,DESPISTE,1,2,1284.0,2021-01-29,PE-3S,-15.273896679605706,-70.2945871595719,True
20211222,20210130,11:05,HUANCAVELICA,PE-3SD,7,CHOQUE,0,2,7.0,2021-01-30,PE-3SD,-12.30941180989367,-75.04322636310671,True
20211222,20210130,16:42,PUNO,PE-34B,13,DESPISTE,0,0,13.0,2021-01-30,PE-34B,-15.193071447090894,-70.22008405998575,True
20211222,20210130,13:40,LIMA,PE-16,14,DESPISTE,0,0,14.0,2021-01-30,PE-16,-10.554869767780039,-77.76134191005826,True
20211222,20210130,17:00,ANCASH,PE-3N,16,CHOQUE,0,0,16.0,2021-01-30,PE-3N,-11.427203880905033,-75.92367167749157,True
20211222,20210130,09:45,ANCASH,PE-3N,22,DESPISTE,0,1,22.0,2021-01-30,PE-3N,-11.401326721103267,-75.88291158832953,True
20211222,20210130,07:35,MOQUEGUA,PE-1SD,26,CHOQUE,0,0,26.0,2021-01-30,PE-1SD,-16.7017248260387,-72.44870500152915,True
20211222,20210130,22:10,PIURA,PE-1N,28,DESPISTE,1,0,28.0,2021-01-30,PE-1N,-11.885315733281121,-77.06851918713564,True
20211222,20210130,11:40,JUNIN,PE-3S,32,CHOQUE,0,4,32.0,2021-01-30,PE-3S,-11.702007570424136,-75.75954884788902,True
20211222,20210130,11:40,JUNIN,PE-3S,36,DESPISTE,0,1,36.0,2021-01-30,PE-3S,-11.729002332690316,-75.7506264493003,True
20211222,20210130,22:20,LIMA,PE-1S,37,DESPISTE,0,0,37.0,2021-01-30,PE-1S,-12.309537793766927,-76.83595903529036,True
20211222,20210130,07:30,AMAZONAS,PE-08C,38,DESPISTE,0,1,38.0,2021-01-30,PE-08C,-5.9551952422352645,-77.97783298602825,True
20211222,20210130,14:15,LIMA,PE-1N,48,DESPISTE,0,14,48.0,2021-01-30,PE-1N,-11.746533717388017,-77.1427832539304,True
20211222,20210130,06:00,JUNIN,PE-22B,56,CHOQUE,0,2,56.0,2021-01-30,PE-22B,-11.327602319665104,-75.55538606699147,True
20211222,20210130,02:00,LIMA,PE-22,99,ESPECIAL,0,15,99.0,2021-01-30,PE-22,-11.74017894661236,-76.27916507852545,True
20211222,20210130,12:00,CUSCO,PE-28B,116,CHOQUE,1,0,116.0,2021-01-30,PE-28B,-12.757995500384276,-73.98796221748898,True
20211222,20210130,02:20,LIMA,PE-1N,136,CHOQUE,0,4,136.0,2021-01-30,PE-1N,-11.215702536904496,-77.5537908523111,True
20211222,20210130,05:10,LIMA,PE-1N,143,ATROPELLO,0,0,143.0,2021-01-30,PE-1N,-11.163256154276384,-77.58955539196691,True
20211222,20210130,06:40,LIMA,PE-1S,155,DESPISTE,0,1,155.0,2021-01-30,PE-1S,-13.193479213372864,-76.3488135306637,True
20211222,20210130,23:10,MADRE DE DIOS,PE-30C,324,DESPISTE,0,3,324.0,2021-01-30,PE-30C,-12.89176091055515,-69.99921662303102,True
20211222,20210130,15:30,ANCASH,PE-1N,414,CHOQUE,0,1,414.0,2021-01-30,PE-1N,-9.084882461571564,-78.57701218800786,True
20211222,20210130,05:30,SAN MARTIN,PE-5N,586,CHOQUE,2,0,586.0,2021-01-30,PE-5N,-8.506881559200266,-76.30272871867734,True
20211222,20210130,11:40,AREQUIPA,PE-1S,623,DESPISTE,0,0,623.0,2021-01-30,PE-1S,-15.871631688386104,-74.18009156280804,True
20211222,20210130,11:00,ANCASH,PE-3N,636,CHOQUE,0,1,636.0,2021-01-30,PE-3N,-9.138270629216876,-77.74920533878294,True
20211222,20210130,12:40,LAMBAYEQUE,PE-1N,835,DESPISTE,0,0,835.0,2021-01-30,PE-1N,-6.440098901064073,-80.15310383475189,True
20211222,20210130,16:45,CUSCO,PE-3S,1000,CHOQUE,0,0,1000.0,2021-01-30,PE-3S,-13.608968417240984,-71.74420433912258,True
20211222,20210130,16:45,CUSCO,PE-3S,1000,CHOQUE,0,0,1000.0,2021-01-30,PE-3S,-13.608968417240984,-71.74420433912258,True
20211222,20210131,07:00,TACNA,PE-1SD,15,ATROPELLO,0,1,15.0,2021-01-31,PE-1SD,-16.680774374593856,-72.52720402081167,True
20211222,20210131,14:30,ICA,PE-26,23,DESPISTE,0,19,23.0,2021-01-31,PE-26,-13.419030333194726,-75.96825813352075,True
20211222,20210131,18:10,CAJAMARCA,PE-3N,60,CHOQUE,0,1,60.0,2021-01-31,PE-3N,-11.097933383894608,-75.99604647012842,True
20211222,20210131,06:50,CAJAMARCA,PE-08,81,CHOQUE,0,0,81.0,2021-01-31,PE-08,-7.2151204445604735,-78.92279888815298,True
20211222,20210131,11:00,JUNIN,PE-3S,99,ATROPELLO,0,1,99.0,2021-01-31,PE-3S,-11.891205093485615,-75.34322469570276,True
20211222,20210131,21:20,LIMA,PE-1S,108,DESPISTE,0,0,108.0,2021-01-31,PE-1S,-12.80540376186029,-76.54555704667551,True
20211222,20210131,04:00,ICA,PE-1S,210,CHOQUE,0,0,210.0,2021-01-31,PE-1S,-13.579307653883525,-76.13689752932143,True
20211222,20210131,04:00,ICA,PE-1S,210,CHOQUE,0,0,210.0,2021-01-31,PE-1S,-13.579307653883525,-76.13689752932143,True
20211222,20210131,14:10,APURIMAC,PE-30A,283,CHOQUE,0,3,283.0,2021-01-31,PE-30A,-14.560207151436073,-73.39365471532108,True
20211222,20210131,04:30,SAN MARTIN,PE-5N,479,CHOQUE,0,1,479.0,2021-01-31,PE-5N,-9.186242543457448,-75.92910214064271,True
20211222,20210131,08:30,SAN MARTIN,PE-5N,736,DESPISTE,0,1,736.0,2021-01-31,PE-5N,-7.671101501282573,-76.66323877186322,True
20211222,20210201,19:45,AREQUIPA,PE-34A,5,DESPISTE,0,0,5.0,2021-02-01,PE-34A,-16.516569265884215,-71.7469506662548,True
20211222,20210201,22:40,ANCASH,PE-16,76,CHOQUE,0,0,76.0,2021-02-01,PE-16,-10.143820752936659,-77.4994113229358,True
20211222,20210201,22:15,LIMA,PE-1S,80,ESPECIAL,0,0,80.0,2021-02-01,PE-1S,-12.631048191835124,-76.66948524888161,True
20211222,20210201,01:06,LIMA,PE-1S,84,DESPISTE,0,1,84.0,2021-02-01,PE-1S,-12.664674078988309,-76.6582442876618,True
20211222,20210201,17:15,SAN MARTIN,PE-5N,85,CHOQUE,0,1,85.0,2021-02-01,PE-5N,-10.592051182345926,-75.11269836067999,True
20211222,20210201,07:30,AYACUCHO,PE-3N,130,DESPISTE,0,0,130.0,2021-02-01,PE-3N,-10.698898013211002,-76.19328983338217,True
20211222,20210201,17:45,PIURA,PE-1NJ,191,ESPECIAL,0,0,191.0,2021-02-01,PE-1NJ,-5.248732497721504,-80.11088649512537,True
20211222,20210201,16:00,MADRE DE DIOS,PE-30C,282,CHOQUE,0,1,282.0,2021-02-01,PE-30C,-12.951206953149633,-70.3041974944561,True
20211222,20210201,14:00,MADRE DE DIOS,PE-30C,459,DESPISTE,0,0,459.0,2021-02-01,PE-30C,-12.347596972754303,-69.15820988641987,True
20211222,20210201,16:10,LAMBAYEQUE,PE-1N,807,CHOQUE,0,1,807.0,2021-02-01,PE-1N,-6.608747822307387,-79.96826565673076,True
20211222,20210201,07:30,AREQUIPA,PE-1S,929,CHOQUE,0,8,929.0,2021-02-01,PE-1S,-16.404274749640866,-72.06921155336747,True
20211222,20210201,21:00,PIURA,PE-1N,987,CHOQUE,2,5,987.0,2021-02-01,PE-1N,-5.244963139464744,-80.62923953981158,True
20211222,20210201,08:30,PIURA,PE-1N,1035,CHOQUE,0,3,1035.0,2021-02-01,PE-1N,-4.872312666089867,-80.71423551993253,True
20211222,20210202,19:30,N.I.,N.I.,2,CHOQUE,0,2,2.0,2021-02-02,N.I.,,,True
20211222,20210202,08:20,AREQUIPA,PE-3N,3,CHOQUE,0,4,3.0,2021-02-02,PE-3N,-11.511412991335881,-75.9286379374289,True
20211222,20210202,09:10,JUNIN,PE-22B,3,DESPISTE,0,0,3.0,2021-02-02,PE-22B,-11.401489419999237,-75.86574378216878,True
20211222,20210202,20:30,PUNO,PE-34H,6,CHOQUE,0,1,6.0,2021-02-02,PE-34H,-15.446356435787227,-70.0918643947271,True
20211222,20210202,12:35,HUANCAVELICA,PE-26B,7,DESPISTE,0,1,7.0,2021-02-02,PE-26B,-12.800282536105223,-74.9374083745957,True
20211222,20210202,19:30,UCAYALI,PE-18C,48,ATROPELLO,1,0,48.0,2021-02-02,PE-18C,-8.501335355499053,-74.84135132689181,True
20211222,20210202,02:00,MADRE DE DIOS,PE-30C,317,DESPISTE,0,0,317.0,2021-02-02,PE-30C,-12.891641851969613,-70.05201130549956,True
20211222,20210202,09:50,AREQUIPA,PE-1S,516,CHOQUE,0,1,516.0,2021-02-02,PE-1S,-15.418915137777429,-74.89014647789462,True
20211222,20210202,18:30,MOQUEGUA,PE-1S,1145,CHOQUE,0,1,1145.0,2021-02-02,PE-1S,-17.26913473811147,-70.98503956438611,True
20211222,20210203,20:00,CAJAMARCA,PE-5N,0,ATROPELLO,0,2,0.0,2021-02-03,PE-5N,-10.960402635999912,-75.2941063049999,True
20211222,20210203,23:30,ANCASH,PE-3N,10,ESPECIAL,0,0,10.0,2021-02-03,PE-3N,-11.464105266583998,-75.95954387610044,True
20211222,20210203,18:20,JUNIN,PE-5S,36,CHOQUE,0,0,36.0,2021-02-03,PE-5S,-10.87096233754147,-75.0509762147435,True
20211222,20210203,12:00,TACNA,PE-1SD,44,DESPISTE,0,2,44.0,2021-02-03,PE-1SD,-16.765227079757405,-72.34334704878746,True
20211222,20210203,07:40,LIMA,PE-1S,48,DESPISTE,0,2,48.0,2021-02-03,PE-1S,-12.384814162531237,-76.77075501133196,True
20211222,20210203,17:55,AREQUIPA,PE-34A,61,DESPISTE,0,0,61.0,2021-02-03,PE-34A,-16.249511244619292,-71.67544502152248,True
20211222,20210203,17:00,HUANCAVELICA,PE-26,135,DESPISTE,0,7,135.0,2021-02-03,PE-26,-13.04413396276551,-75.43138496180917,True
20211222,20210203,05:55,LAMBAYEQUE,PE-1N,145,DESPISTE,0,0,145.0,2021-02-03,PE-1N,-11.14688513821154,-77.597076553812,True
20211222,20210203,10:30,CUSCO,PE-28B,158,CHOQUE,0,0,158.0,2021-02-03,PE-28B,-12.621816535490662,-73.84801410577464,True
20211222,20210203,17:40,AREQUIPA,PE-34A,179,DESPISTE,0,0,179.0,2021-02-03,PE-34A,-15.764218560835296,-70.99473497219276,True
20211222,20210203,23:30,CAJAMARCA,PE-5N,184,DESPISTE,0,1,184.0,2021-02-03,PE-5N,-10.040632329581635,-75.03249291394678,True
20211222,20210203,11:40,APURIMAC,PE-3S,814,CHOQUE,0,1,814.0,2021-02-03,PE-3S,-13.582515813886335,-72.8184410369015,True
20211222,20210204,16:30,JUNIN,PE-3N,23,CHOQUE,0,2,23.0,2021-02-04,PE-3N,-11.393428921406548,-75.88641715555012,True
20211222,20210204,04:30,LIMA,PE-1S,25,DESPISTE,0,1,25.0,2021-02-04,PE-1S,-12.25190569528972,-76.92876477852737,True
20211222,20210204,05:30,LIMA,PE-1S,34,DESPISTE,0,0,34.0,2021-02-04,PE-1S,-12.295573558164342,-76.85896771526333,True
20211222,20210204,10:00,CUSCO,PE-28B,105,DESPISTE,0,0,105.0,2021-02-04,PE-28B,-12.783013792103601,-73.99955558799991,True
20211222,20210204,18:50,CUSCO,PE-28B,183,CHOQUE,0,5,183.0,2021-02-04,PE-28B,-12.613598665012425,-73.74621879469287,True
20211222,20210204,05:40,AYACUCHO,PE-28A,225,DESPISTE,0,0,225.0,2021-02-04,PE-28A,-13.361098595798131,-74.86691760094686,True
20211222,20210204,15:10,SAN MARTIN,PE-5N,597,DESPISTE,0,0,597.0,2021-02-04,PE-5N,-8.415918282574141,-76.32217222166209,True
20211222,20210204,15:42,LA LIBERTAD,PE-1N,617,VOLCADURA,0,0,617.0,2021-02-04,PE-1N,-7.77957424433054,-79.24845874198495,True
20211222,20210204,12:30,SAN MARTIN,PE-5N,758,DESPISTE,0,1,758.0,2021-02-04,PE-5N,-7.5329592060275194,-76.68624241830074,True
20211222,20210205,17:45,AREQUIPA,PE-34C,7,DESPISTE,0,1,7.0,2021-02-05,PE-34C,-16.42557999999991,-71.52684949917544,True
20211222,20210205,18:50,AREQUIPA,PE-34C,10,CHOQUE,0,0,10.0,2021-02-05,PE-34C,-16.427425408822845,-71.503144591177,True
20211222,20210205,15:00,AREQUIPA,PE-34E,13,DESPISTE,0,0,13.0,2021-02-05,PE-34E,-15.958768902268764,-71.37450587404304,True
20211222,20210205,07:50,JUNIN,PE-3S,22,CHOQUE,0,1,22.0,2021-02-05,PE-3S,-11.646044336534958,-75.81339646544654,True
20211222,20210205,23:37,JUNIN,PE-3S,22,DESPISTE,0,1,22.0,2021-02-05,PE-3S,-11.646044336534958,-75.81339646544654,True
20211222,20210205,16:00,ANCASH,PE-16,100,VOLCADURA,0,0,100.0,2021-02-05,PE-16,-10.14596733834941,-77.38252132852972,True
20211222,20210205,16:00,ANCASH,PE-14,100,VOLCADURA,0,0,100.0,2021-02-05,PE-14,-9.553839947606193,-77.6630397473471,True
20211222,20210205,14:58,LIMA,PE-22,112,DESPISTE,0,0,112.0,2021-02-05,PE-22,-11.67094606237875,-76.25628872745061,True
20211222,20210205,12:00,ICA,PE-1S,278,CHOQUE,0,1,278.0,2021-02-05,PE-1S,-13.937002718121002,-75.83376231860778,True
20211222,20210205,03:45,APURIMAC,PE-30A,308,DESPISTE,0,1,308.0,2021-02-05,PE-30A,-14.501246739128385,-73.25786902833073,True
20211222,20210205,12:50,AREQUIPA,PE-1S,732,CHOQUE,0,1,732.0,2021-02-05,PE-1S,-16.309003239033622,-73.37065149644458,True
20211222,20210205,12:35,AREQUIPA,PE-1S,999,CHOQUE,0,2,999.0,2021-02-05,PE-1S,-16.79130535933375,-71.86892326243787,True
20211222,20210206,01:15,LA LIBERTAD,N.I.,0,DESPISTE,0,1,0.0,2021-02-06,N.I.,,,True
20211222,20210206,20:00,LORETO,LO-103,6,DESPISTE,0,1,6.0,2021-02-06,LO-103,,,True
20211222,20210206,17:30,LIMA,PE-1S,18,DESPISTE,0,0,18.0,2021-02-06,PE-1S,-12.214426523556288,-76.97647151125882,True
20211222,20210206,01:30,LIMA,PE-22,22,DESPISTE,0,1,22.0,2021-02-06,PE-22,-11.9819573786392,-76.7966649627832,True
20211222,20210206,10:50,LIMA,PE-1S,28,DESPISTE,0,0,28.0,2021-02-06,PE-1S,-12.266400334700116,-76.90546819335519,True
20211222,20210206,18:00,CAJAMARCA,PE-08B,85,CHOQUE,0,0,85.0,2021-02-06,PE-08B,-6.931696210006603,-78.18499295899663,True
20211222,20210206,04:08,LIMA,PE-1S,150,CHOQUE,1,1,150.0,2021-02-06,PE-1S,-13.158271560783827,-76.3734213840647,True
20211222,20210206,20:30,JUNIN,PE-22,160,DESPISTE,0,2,160.0,2021-02-06,PE-22,-11.622936231693409,-75.98611727057623,True
20211222,20210206,23:30,PIURA,PE-1N,1025,DESPISTE,0,0,1025.0,2021-02-06,PE-1N,-4.954427608433423,-80.69728835742464,True
20211222,20210206,20:45,LAMBAYEQUE,PE-1NJ,1338,CHOQUE,0,1,1338.0,2021-02-06,PE-1NJ,,,True
20211222,20210206,20:45,PUNO,PE-3S,1338,CHOQUE,0,1,1338.0,2021-02-06,PE-3S,-15.653292462437772,-70.0802019619671,True
20211222,20210206,20:45,PUNO,PE-3S,1338,CHOQUE,0,1,1338.0,2021-02-06,PE-3S,-15.653292462437772,-70.0802019619671,True
20211222,20210207,09:30,ICA,PE-1SG,11,DESPISTE,0,0,11.0,2021-02-07,PE-1SG,-13.76173726099995,-76.2329030169999,True
20211222,20210207,13:00,LIMA,PE-18,41,DESPISTE,0,1,41.0,2021-02-07,PE-18,-11.146987133745009,-77.25760100968363,True
20211222,20210207,06:30,LIMA,PE-22,53,DESPISTE,0,0,53.0,2021-02-07,PE-22,-11.917176882100872,-76.55529467198069,True
20211222,20210207,01:00,LAMBAYEQUE,PE-1NJ,68,DESPISTE,0,1,68.0,2021-02-07,PE-1NJ,-6.138322314998986,-79.7203864697756,True
20211222,20210207,13:30,LIMA,PE-22,100,CHOQUE,0,1,100.0,2021-02-07,PE-22,-11.737069789934658,-76.27081716074291,True
20211222,20210207,04:30,ICA,PE-1S,184,CHOQUE,0,1,184.0,2021-02-07,PE-1S,-13.397333355183989,-76.19679180371396,True
20211222,20210207,11:00,ICA,PE-1S,294,CHOQUE,1,1,294.0,2021-02-07,PE-1S,-14.043474601330875,-75.75110865336102,True
20211222,20210207,00:40,AREQUIPA,PE-1S,609,DESPISTE,0,2,609.0,2021-02-07,PE-1S,-15.835614719905324,-74.28651583210313,True
20211222,20210207,23:00,AREQUIPA,PE-1S,744,DESPISTE,0,0,744.0,2021-02-07,PE-1S,-16.359105218640828,-73.28238140822565,True
20211222,20210208,20:00,CAJAMARCA,PE-3N,37,ATROPELLO,0,0,37.0,2021-02-08,PE-3N,-11.283345450729579,-75.92079551326114,True
20211222,20210208,12:00,LIMA,PE-1S,65,CHOQUE,0,0,65.0,2021-02-08,PE-1S,-12.524996426577419,-76.7249054133465,True
20211222,20210208,13:40,LIMA,PE-1S,65,CHOQUE,0,4,65.0,2021-02-08,PE-1S,-12.524996426577419,-76.7249054133465,True
20211222,20210208,20:40,LIMA,PE-1N,100,DESPISTE,0,6,100.0,2021-02-08,PE-1N,-11.440555356604857,-77.35528622109376,True
20211222,20210208,N.I.,HUANCAVELICA,PE-28A,159,N.I.,0,0,159.0,2021-02-08,PE-28A,-13.48869145606462,-75.11776844616026,True
20211222,20210208,17:45,JUNIN,PE-22,159,DESPISTE,0,1,159.0,2021-02-08,PE-22,-11.625606069656627,-75.9946767364654,True
20211222,20210208,08:50,AMAZONAS,PE-5N,217,CHOQUE,0,3,217.0,2021-02-08,PE-5N,-9.769745002816318,-75.00693316030973,True
20211222,20210208,20:00,MADRE DE DIOS,PE-30C,406,CHOQUE,1,0,406.0,2021-02-08,PE-30C,-12.667016715149375,-69.34067867281156,True
20211222,20210208,06:15,ANCASH,PE-1N,447,CHOQUE,0,1,447.0,2021-02-08,PE-1N,-8.960727353378509,-78.62863896945099,True
20211222,20210208,07:00,SAN MARTIN,PE-5N,598,N.I.,0,1,598.0,2021-02-08,PE-5N,-8.40772256033057,-76.3191850951517,True
20211222,20210208,17:30,ANCASH,PE-3N,656,CHOQUE,1,0,656.0,2021-02-08,PE-3N,-9.000003881769729,-77.81846774824994,True
20211222,20210208,09:10,AREQUIPA,PE-1S,744,DESPISTE,0,0,744.0,2021-02-08,PE-1S,-16.359105218640828,-73.28238140822565,True
20211222,20210208,15:30,LAMBAYEQUE,PE-1N,838,CHOQUE,0,1,838.0,2021-02-08,PE-1N,-6.418501233499398,-80.1695039701003,True
20211222,20210208,18:50,CUSCO,PE-3S,1019,DESPISTE,0,8,1019.0,2021-02-08,PE-3S,-13.680614711927872,-71.62913833554168,True
20211222,20210209,15:00,LORETO,LO-103,14,ESPECIAL,0,1,14.0,2021-02-09,LO-103,,,True
20211222,20210209,18:30,PIURA,PE-02,21,DESPISTE,0,0,21.0,2021-02-09,PE-02,-5.106103579003252,-80.86428684953638,True
20211222,20210209,18:20,JUNIN,PE-22,147,DESPISTE,0,0,147.0,2021-02-09,PE-22,-11.59448412325631,-76.08461572029773,True
20211222,20210209,18:30,ANCASH,PE-3N,220,CHOQUE,0,3,220.0,2021-02-09,PE-3N,-10.040533385512493,-76.22956364796198,True
20211222,20210209,14:00,APURIMAC,PE-30A,312,DESPISTE,0,0,312.0,2021-02-09,PE-30A,-14.479931203480364,-73.24494720081317,True
20211222,20210209,01:40,LIMA,PE-1S,492,CHOQUE,0,0,492.0,2021-02-09,PE-1S,-15.215093963849323,-74.95039913738412,True
20211222,20210209,19:00,CAJAMARCA,PE-3N,1477,CHOQUE,0,1,1477.0,2021-02-09,PE-3N,-6.437432486094428,-78.86976503640169,True
20211222,20210210,15:00,LORETO,LO-103,4,CHOQUE,0,3,4.0,2021-02-10,LO-103,,,True
20211222,20210210,15:35,LIMA,PE-1S,24,CHOQUE,0,0,24.0,2021-02-10,PE-1S,-12.246584742503304,-76.93618987426358,True
20211222,20210210,02:00,ICA,PE-28A,47,DESPISTE,0,3,47.0,2021-02-10,PE-28A,-13.663403290832509,-75.77011041444068,True
20211222,20210210,09:30,PIURA,PE-02,49,DESPISTE,1,3,49.0,2021-02-10,PE-02,-5.084403296689546,-81.1041202937894,True
20211222,20210210,16:40,CAJAMARCA,PE-3N,89,DESPISTE,0,0,89.0,2021-02-10,PE-3N,-10.882746084480269,-76.09431198134338,True
20211222,20210210,09:30,JUNIN,PE-22,162,CHOQUE,0,0,162.0,2021-02-10,PE-22,-11.609949199085818,-75.97617797499862,True
20211222,20210210,04:30,JUNIN,PE-22,165,DESPISTE,0,0,165.0,2021-02-10,PE-22,-11.590949044221269,-75.95780461613008,True
20211222,20210210,17:10,ICA,PE-1S,332,CHOQUE,0,1,332.0,2021-02-10,PE-1S,-14.350024463597709,-75.64564728543388,True
20211222,20210210,16:53,AYACUCHO,PE-28A,341,DESPISTE,0,2,341.0,2021-02-10,PE-28A,,,True
20211222,20210210,21:00,PUNO,PE-30C,N.I.,CHOQUE,0,1,,2021-02-10,PE-30C,-12.385843228999931,-69.14454157299991,True
20211222,20210211,21:00,CAJAMARCA,PE-5N,4,ESPECIAL,0,0,4.0,2021-02-11,PE-5N,-10.933415143458024,-75.28588878236418,True
20211222,20210211,12:00,CAJAMARCA,PE-3N,27,CHOQUE,0,3,27.0,2021-02-11,PE-3N,-11.3603266541558,-75.88755735269815,True
20211222,20210211,01:30,LIMA,PE-22,30,N.I.,0,0,30.0,2021-02-11,PE-22,-11.961650666327277,-76.73794498011445,True
20211222,20210211,15:48,TACNA,PE-1SD,38,CHOQUE,0,2,38.0,2021-02-11,PE-1SD,-16.741750690934925,-72.38074784649844,True
20211222,20210211,04:30,LIMA,PE-22,49,DESPISTE,0,0,49.0,2021-02-11,PE-22,-11.911327083082414,-76.58746626230996,True
20211222,20210211,05:10,ANCASH,PE-14,110,DESPISTE,0,0,110.0,2021-02-11,PE-14,-9.555554453244897,-77.63745376222472,True
20211222,20210211,14:50,CAJAMARCA,PE-3N,124,DESPISTE,0,0,124.0,2021-02-11,PE-3N,-10.688003726107006,-76.22416557187701,True
20211222,20210211,07:20,ANCASH,PE-1N,236,DESPISTE,0,1,236.0,2021-02-11,PE-1N,-10.452843299167286,-77.92232893887284,True
20211222,20210211,N.I.,PUNO,PE-30C,324,N.I.,0,0,324.0,2021-02-11,PE-30C,-12.89176091055515,-69.99921662303102,True
20211222,20210211,13:00,SAN MARTIN,PE-5N,810,DESPISTE,0,0,810.0,2021-02-11,PE-5N,-7.187116723145825,-76.73433858036607,True
20211222,20210212,02:20,CUSCO,CU-118,0,DESPISTE,1,11,0.0,2021-02-12,CU-118,,,True
20211222,20210212,23:30,PIURA,PE-1N,40,CHOQUE,0,0,40.0,2021-02-12,PE-1N,-11.80397223380406,-77.135597364995,True
20211222,20210212,07:30,LIMA,PE-22,48,DESPISTE,0,0,48.0,2021-02-12,PE-22,-11.909755218682326,-76.59560953368893,True
20211222,20210212,20:00,LIMA,PE-1N,64,DESPISTE,0,4,64.0,2021-02-12,PE-1N,-11.654955855429053,-77.19964217875955,True
20211222,20210212,23:00,TUMBES,PE-1N,150,DESPISTE,0,3,150.0,2021-02-12,PE-1N,-11.10264150638305,-77.58969396542564,True
20211222,20210212,15:00,CUSCO,PE-28,164,DESPISTE,0,1,164.0,2021-02-12,PE-28,,,True
20211222,20210212,00:30,ANCASH,PE-1N,286,DESPISTE,0,1,286.0,2021-02-12,PE-1N,-10.127116850567086,-78.12465946733163,True
20211222,20210212,21:00,CUSCO,PE-28B,330,CHOQUE,1,0,330.0,2021-02-12,PE-28B,-12.653697550291096,-73.06653226877371,True
20211222,20210212,04:35,LA LIBERTAD,PE-1N,465,DESPISTE,1,0,465.0,2021-02-12,PE-1N,-8.803524084093656,-78.6481450895391,True
20211222,20210212,07:20,LAMBAYEQUE,PE-1N,848,CHOQUE,0,23,848.0,2021-02-12,PE-1N,-6.345348452467783,-80.22274111069017,True
20211222,20210213,18:30,CAJAMARCA,PE-08B,34,CHOQUE,0,1,34.0,2021-02-13,PE-08B,-7.079849203830545,-78.33478354713671,True
20211222,20210213,17:30,AREQUIPA,PE-1SD,42,DESPISTE,0,1,42.0,2021-02-13,PE-1SD,-16.757456495706553,-72.35779251451436,True
20211222,20210213,15:36,PUNO,PE-34B,99,DESPISTE,0,0,99.0,2021-02-13,PE-34B,-14.586921205772775,-70.32907692507528,True
20211222,20210213,19:30,PIURA,PE-1N,137,CHOQUE,0,2,137.0,2021-02-13,PE-1N,-11.20835159335499,-77.55910968041177,True
20211222,20210213,05:30,JUNIN,PE-22,162,DESPISTE,0,0,162.0,2021-02-13,PE-22,-11.609949199085818,-75.97617797499862,True
20211222,20210213,21:38,PUNO,PE-34A,237,CHOQUE,0,0,237.0,2021-02-13,PE-34A,-15.688723271821132,-70.60980158270388,True
20211222,20210213,10:00,CUSCO,PE-28B,254,VOLCADURA,0,0,254.0,2021-02-13,PE-28B,-12.792915110558662,-73.43478305413574,True
20211222,20210213,20:15,LA LIBERTAD,PE-1N,586,ATROPELLO,0,0,586.0,2021-02-13,PE-1N,-7.984081540157053,-79.07757257059181,True
20211222,20210214,21:20,LAMBAYEQUE,PE-1N,1,CHOQUE,0,1,1.0,2021-02-14,PE-1N,-12.050405425107773,-76.97740415220201,True
20211222,20210214,06:00,JUNIN,PE-3SA,21,DESPISTE,0,1,21.0,2021-02-14,PE-3SA,-11.654769388578707,-75.58199709455806,True
20211222,20210214,18:00,LIMA,PE-20A,36,CHOQUE,0,1,36.0,2021-02-14,PE-20A,-11.713421906105221,-76.94535041034267,True
20211222,20210214,08:00,PUNO,PE-36B,77,DESPISTE,0,1,77.0,2021-02-14,PE-36B,-16.3587223780185,-70.2676661389086,True
20211222,20210214,23:20,LIMA,PE-1S,126,DESPISTE,0,1,126.0,2021-02-14,PE-1S,-12.69908931679153,-76.64136256995023,True
20211222,20210214,08:55,LIMA,PE-1S,161,DESPISTE,0,1,161.0,2021-02-14,PE-1S,-13.22571834269744,-76.30752739181278,True
20211222,20210214,23:15,HUANUCO,PE-3N,226,CHOQUE,0,1,226.0,2021-02-14,PE-3N,-9.990094944479155,-76.24346845917172,True
20211222,20210214,19:00,CUSCO,PE-28B,266,CHOQUE,0,1,266.0,2021-02-14,PE-28B,-12.764933238762353,-73.38564144648731,True
20211222,20210214,01:00,CUSCO,PE-28B,361,CHOQUE,0,1,361.0,2021-02-14,PE-28B,-12.64027664372528,-72.88895069182298,True
20211222,20210214,06:00,ICA,PE-1S,401,DESPISTE,0,0,401.0,2021-02-14,PE-1S,-14.572926947834562,-75.20857885027087,True
20211222,20210214,20:30,HUANUCO,PE-5N,483,DESPISTE,0,1,483.0,2021-02-14,PE-5N,-9.189602453154416,-75.95893758903397,True
20211222,20210214,12:00,LA LIBERTAD,PE-1N,645,DESPISTE,0,1,645.0,2021-02-14,PE-1N,-7.573067619548934,-79.371136788696,True
20211222,20210214,21:20,LAMBAYEQUE,PE-1N,766,CHOQUE,0,1,766.0,2021-02-14,PE-1N,-6.8832797038227,-79.81153870472622,True
20211222,20210214,11:10,LAMBAYEQUE,PE-1N,830,DESPISTE,0,1,830.0,2021-02-14,PE-1N,-6.4672307871604255,-80.1169398912168,True
20211222,20210215,08:20,PUNO,PE-36B,12,DESPISTE,0,0,12.0,2021-02-15,PE-36B,-16.788864271872114,-70.475756982353,True
20211222,20210215,17:30,AMAZONAS,PE-08C,29,DESPISTE,0,1,29.0,2021-02-15,PE-08C,-6.022765273476252,-77.95077695262047,True
20211222,20210215,16:00,JUNIN,PE-3SA,53,CHOQUE,0,1,53.0,2021-02-15,PE-3SA,-11.473814235999688,-75.68154435795805,True
20211222,20210215,08:30,CAJAMARCA,PE-08,76,VOLCADURA,2,2,76.0,2021-02-15,PE-08,-7.196210158328623,-78.95639012657969,True
20211222,20210215,15:00,CAJAMARCA,PE-06A,76,VOLCADURA,0,1,76.0,2021-02-15,PE-06A,-6.624841510929175,-79.31499803248043,True
20211222,20210215,20:30,CAJAMARCA,PE-08,83,DESPISTE,0,0,83.0,2021-02-15,PE-08,-7.222468465646441,-78.90767418220398,True
20211222,20210215,20:30,CAJAMARCA,PE-06A,83,DESPISTE,0,1,83.0,2021-02-15,PE-06A,-6.608647533351779,-79.26153620788764,True
20211222,20210215,13:10,PASCO,PE-5N,196,ESPECIAL,0,1,196.0,2021-02-15,PE-5N,-9.942813236206902,-75.0523055058707,True
20211222,20210215,19:00,MADRE DE DIOS,PE-30C,266,CHOQUE,0,1,266.0,2021-02-15,PE-30C,-13.035444423727883,-70.34619694852964,True
20211222,20210215,13:00,MADRE DE DIOS,PE-30C,389,CHOQUE,0,1,389.0,2021-02-15,PE-30C,-12.719560387020726,-69.48856092480203,True
20211222,20210215,13:00,MADRE DE DIOS,PE-30C,389,CHOQUE,0,1,389.0,2021-02-15,PE-30C,-12.719560387020726,-69.48856092480203,True
20211222,20210215,12:40,ANCASH,PE-1N,410,CHOQUE,0,0,410.0,2021-02-15,PE-1N,-9.216694727756282,-78.45008801060736,True
20211222,20210215,13:30,ANCASH,PE-1N,410,CHOQUE,0,1,410.0,2021-02-15,PE-1N,-9.216694727756282,-78.45008801060736,True
20211222,20210215,22:00,SAN MARTIN,PE-5N,438,DESPISTE,0,1,438.0,2021-02-15,PE-5N,-9.132332826370037,-75.75094676425667,True
20211222,20210215,08:40,LAMBAYEQUE,PE-1N,827,CHOQUE,0,0,827.0,2021-02-15,PE-1N,-6.483470659093979,-80.09519517286058,True
20211222,20210215,08:40,LAMBAYEQUE,PE-1N,827,CHOQUE,0,1,827.0,2021-02-15,PE-1N,-6.483470659093979,-80.09519517286058,True
20211222,20210216,17:10,LAMBAYEQUE,PE-04B,6,DESPISTE,0,1,6.0,2021-02-16,PE-04B,-5.957342069038063,-79.67079518197964,True
20211222,20210216,05:40,PUNO,PE-34H,33,CHOQUE,0,1,33.0,2021-02-16,PE-34H,-15.288818159099169,-69.9465670735882,True
20211222,20210216,22:30,CUSCO,PE-34J,36,DESPISTE,0,1,36.0,2021-02-16,PE-34J,-15.474337522911224,-71.060984420868,True
20211222,20210216,16:00,JUNIN,PE-3S,61,DESPISTE,0,1,61.0,2021-02-16,PE-3S,-11.79169257469108,-75.58522171144061,True
20211222,20210216,11:00,AYACUCHO,PE-30A,144,CHOQUE,0,1,144.0,2021-02-16,PE-30A,-14.668536521706597,-74.17526798998242,True
20211222,20210216,17:00,AYACUCHO,PE-3S,400,ATROPELLO,0,1,400.0,2021-02-16,PE-3S,-13.212290189808016,-74.22731481276249,True
20211222,20210216,08:20,MADRE DE DIOS,PE-30C,412,CHOQUE,0,1,412.0,2021-02-16,PE-30C,-12.648049598266255,-69.28700596106407,True
20211222,20210216,08:30,APURIMAC,PE-3S,771,DESPISTE,0,0,771.0,2021-02-16,PE-3S,-13.655021012384394,-72.9079822201429,True
20211222,20210216,16:00,AREQUIPA,PE-1S,946,CHOQUE,0,1,946.0,2021-02-16,PE-1S,-16.46983470777,-71.94217847103849,True
20211222,20210217,09:30,LORETO,LO-103,0,CHOQUE,1,2,0.0,2021-02-17,LO-103,,,True
20211222,20210217,06:10,AREQUIPA,PE-34J,36,DESPISTE,0,1,36.0,2021-02-17,PE-34J,-15.474337522911224,-71.060984420868,True
20211222,20210217,10:48,LIMA,PE-1S,69,CHOQUE,0,1,69.0,2021-02-17,PE-1S,-12.558117854102646,-76.70992501945862,True
20211222,20210217,13:10,CAJAMARCA,PE-08B,82,DESPISTE,0,1,82.0,2021-02-17,PE-08B,-6.946540850516549,-78.1889870132584,True
20211222,20210217,N.I.,LIMA,PE-1N,92,CHOQUE,0,1,92.0,2021-02-17,PE-1N,-11.484606749528458,-77.30619866485189,True
20211222,20210217,15:30,LIMA,PE-22,105,CHOQUE,0,1,105.0,2021-02-17,PE-22,-11.720225792577718,-76.26848091926574,True
20211222,20210217,01:30,ANCASH,PE-1N,338,DESPISTE,0,1,338.0,2021-02-17,PE-1N,-9.751606454705291,-78.24623180646212,True
20211222,20210217,06:00,ICA,PE-1S,468,CHOQUE,0,1,468.0,2021-02-17,PE-1S,-15.011639680229418,-75.00453356144801,True
20211222,20210217,07:00,AREQUIPA,PE-1S,505,CHOQUE,0,1,505.0,2021-02-17,PE-1S,-15.322660114306142,-74.90487257322945,True
20211222,20210217,07:00,AREQUIPA,PE-1S,505,CHOQUE,0,1,505.0,2021-02-17,PE-1S,-15.322660114306142,-74.90487257322945,True
20211222,20210218,15:25,LIMA,N.I.,0,ESPECIAL,1,3,0.0,2021-02-18,N.I.,,,True
20211222,20210218,10:30,AREQUIPA,PE-1SD,11,DESPISTE,2,0,11.0,2021-02-18,PE-1SD,-16.666984168696686,-72.55507742654935,True
20211222,20210218,10:30,AREQUIPA,PE-1SD,11,DESPISTE,0,1,11.0,2021-02-18,PE-1SD,-16.666984168696686,-72.55507742654935,True
20211222,20210218,15:30,LAMBAYEQUE,PE-1NJ,87,CHOQUE,0,1,87.0,2021-02-18,PE-1NJ,-5.989393429591813,-79.7037233651432,True
20211222,20210218,14:10,LIMA,PE-22,113,CHOQUE,0,0,113.0,2021-02-18,PE-22,-11.666008721863115,-76.25325430604694,True
20211222,20210218,14:10,LIMA,PE-22,113,CHOQUE,0,1,113.0,2021-02-18,PE-22,-11.666008721863115,-76.25325430604694,True
20211222,20210218,23:10,LIMA,PE-1N,127,CHOQUE,0,1,127.0,2021-02-18,PE-1N,-11.281859419863725,-77.50591257113878,True
20211222,20210218,04:30,PUNO,PE-34A,252,DESPISTE,0,0,252.0,2021-02-18,PE-34A,-15.678530618364661,-70.49242082448626,True
20211222,20210218,06:35,PUNO,PE-34A,252,DESPISTE,0,1,252.0,2021-02-18,PE-34A,-15.678530618364661,-70.49242082448626,True
20211222,20210218,00:20,ICA,PE-1S,265,DESPISTE,1,2,265.0,2021-02-18,PE-1S,-13.929912288595062,-75.95373348987782,True
20211222,20210218,00:20,ICA,PE-1S,265,DESPISTE,0,1,265.0,2021-02-18,PE-1S,-13.929912288595062,-75.95373348987782,True
20211222,20210218,11:00,AYACUCHO,PE-3S,330,CHOQUE,0,1,330.0,2021-02-18,PE-3S,-12.914790418601077,-74.29970215340639,True
20211222,20210218,01:30,ANCASH,PE-1N,338,DESPISTE,0,1,338.0,2021-02-18,PE-1N,-9.751606454705291,-78.24623180646212,True
20211222,20210218,08:00,APURIMAC,PE-30A,357,CHOQUE,0,1,357.0,2021-02-18,PE-30A,-14.209489476365114,-73.31793868973085,True
20211222,20210218,08:00,APURIMAC,PE-30A,357,CHOQUE,0,1,357.0,2021-02-18,PE-30A,-14.209489476365114,-73.31793868973085,True
20211222,20210218,09:30,APURIMAC,PE-30A,357,CHOQUE,0,1,357.0,2021-02-18,PE-30A,-14.209489476365114,-73.31793868973085,True
20211222,20210218,15:30,ANCASH,PE-1N,381,CHOQUE,0,1,381.0,2021-02-18,PE-1N,-9.447642879670099,-78.34907774610983,True
20211222,20210218,11:30,MADRE DE DIOS,PE-30C,405,CHOQUE,0,1,405.0,2021-02-18,PE-30C,-12.670214547510978,-69.34956360285963,True
20211222,20210218,13:30,ANCASH,PE-1N,410,DESPISTE,0,0,410.0,2021-02-18,PE-1N,-9.216694727756282,-78.45008801060736,True
20211222,20210218,15:45,LIMA,PE-1NE,500,ATROPELLO,0,1,500.0,2021-02-18,PE-1NE,,,True
20211222,20210218,15:40,AREQUIPA,PE-1S,602,DESPISTE,0,0,602.0,2021-02-18,PE-1S,-15.817182781727784,-74.32506628789872,True
20211222,20210218,15:40,AREQUIPA,PE-1S,602,DESPISTE,0,1,602.0,2021-02-18,PE-1S,-15.817182781727784,-74.32506628789872,True
20211222,20210218,18:00,CUSCO,PE-3S,1027,DESPISTE,0,1,1027.0,2021-02-18,PE-3S,-13.698221348328541,-71.59695003772494,True
20211222,20210218,21:30,CUSCO,PE-3S,1027,DESPISTE,0,1,1027.0,2021-02-18,PE-3S,-13.698221348328541,-71.59695003772494,True
20211222,20210219,14:10,JUNIN,PE-3SA,54,CHOQUE,0,2,54.0,2021-02-19,PE-3SA,-11.46785718994644,-75.68517688250347,True
20211222,20210219,14:10,JUNIN,PE-3SA,54,CHOQUE,0,1,54.0,2021-02-19,PE-3SA,-11.46785718994644,-75.68517688250347,True
20211222,20210219,19:30,JUNIN,PE-5S,74,CHOQUE,0,1,74.0,2021-02-19,PE-5S,-10.992128021358202,-74.76699672100358,True
20211222,20210219,04:00,ICA,PE-1S,198,CHOQUE,0,1,198.0,2021-02-19,PE-1S,-13.473403660241532,-76.13760857107913,True
20211222,20210219,04:25,ANCASH,PE-1N,228,DESPISTE,0,1,228.0,2021-02-19,PE-1N,-10.518354926934357,-77.89639677024184,True
20211222,20210219,08:30,ANCASH,PE-1N,242,DESPISTE,0,1,242.0,2021-02-19,PE-1N,-10.42221842525169,-77.94486781881982,True
20211222,20210219,19:00,ANCASH,PE-14,345,DESPISTE,0,1,345.0,2021-02-19,PE-14,,,True
20211222,20210219,19:00,ANCASH,PE-1N,345,DESPISTE,0,1,345.0,2021-02-19,PE-1N,-9.700923495690866,-78.27877617707549,True
20211222,20210219,01:30,AREQUIPA,PE-1S,737,DESPISTE,0,1,737.0,2021-02-19,PE-1S,-16.328599186148306,-73.33020500740328,True
20211222,20210219,12:30,PIURA,PE-1N,964,DESPISTE,0,0,964.0,2021-02-19,PE-1N,-5.444778161789953,-80.60849954399391,True
20211222,20210220,16:00,AYACUCHO,PE-28B,41,CHOQUE,0,1,41.0,2021-02-20,PE-28B,-12.963554295838328,-74.08749629244194,True
20211222,20210220,21:00,PIURA,PE-02A,53,ATROPELLO,0,1,53.0,2021-02-20,PE-02A,-5.434139685824932,-79.77353630212048,True
20211222,20210220,17:45,CAJAMARCA,PE-08B,61,DESPISTE,0,1,61.0,2021-02-20,PE-08B,-7.0341826502346505,-78.2196500561124,True
20211222,20210220,12:30,AYACUCHO,PE-30A,73,DESPISTE,0,0,73.0,2021-02-20,PE-30A,-14.705449048948509,-74.5371176387652,True
20211222,20210220,12:30,AYACUCHO,PE-30A,73,DESPISTE,0,1,73.0,2021-02-20,PE-30A,-14.705449048948509,-74.5371176387652,True
20211222,20210220,23:15,LAMBAYEQUE,PE-1NJ,76,DESPISTE,0,1,76.0,2021-02-20,PE-1NJ,-6.0703220754488,-79.69698886743487,True
20211222,20210220,23:15,LAMBAYEQUE,PE-1NJ,76,DESPISTE,0,1,76.0,2021-02-20,PE-1NJ,-6.0703220754488,-79.69698886743487,True
20211222,20210220,06:40,LIMA,PE-1N,90,DESPISTE,0,1,90.0,2021-02-20,PE-1N,-11.501753474099624,-77.30087629138163,True
20211222,20210220,06:40,LIMA,PE-1N,90,DESPISTE,0,1,90.0,2021-02-20,PE-1N,-11.501753474099624,-77.30087629138163,True
20211222,20210220,21:45,LAMBAYEQUE,PE-1NJ,91,CHOQUE,0,2,91.0,2021-02-20,PE-1NJ,-5.986065575619233,-79.73949937898931,True
20211222,20210220,21:45,LAMBAYEQUE,PE-1NJ,91,CHOQUE,0,1,91.0,2021-02-20,PE-1NJ,-5.986065575619233,-79.73949937898931,True
20211222,20210220,15:10,LIMA,PE-22,103,CHOQUE,0,1,103.0,2021-02-20,PE-22,-11.73365941660597,-76.26027361787592,True
20211222,20210220,04:25,ANCASH,PE-1N,228,DESPISTE,0,0,228.0,2021-02-20,PE-1N,-10.518354926934357,-77.89639677024184,True
20211222,20210220,13:30,HUANUCO,PE-3N,262,DESPISTE,1,0,262.0,2021-02-20,PE-3N,-9.889068326302,-76.43732177262987,True
20211222,20210220,20:00,ANCASH,PE-1N,423,VOLCADURA,0,0,423.0,2021-02-20,PE-1N,-9.025129595377892,-78.61593234649202,True
20211222,20210220,01:30,AREQUIPA,PE-1S,737,DESPISTE,0,0,737.0,2021-02-20,PE-1S,-16.328599186148306,-73.33020500740328,True
20211222,20210220,01:45,CUSCO,PE-3S,880,DESPISTE,0,0,880.0,2021-02-20,PE-3S,-13.539741866605711,-72.52176777946174,True
20211222,20210220,01:45,CUSCO,PE-3S,880,DESPISTE,0,1,880.0,2021-02-20,PE-3S,-13.539741866605711,-72.52176777946174,True
20211222,20210220,06:30,CUSCO,PE-3S,1026,DESPISTE,0,1,1026.0,2021-02-20,PE-3S,-13.69104729911723,-71.59573463845395,True
20211222,20210221,17:30,ANCASH,PE-12A,10,DESPISTE,0,0,10.0,2021-02-21,PE-12A,-8.699055817842241,-77.90799253688712,True
20211222,20210221,04:55,LIMA,PE-1NA,16,DESPISTE,0,0,16.0,2021-02-21,PE-1NA,-11.660116702360725,-77.20311612153633,True
20211222,20210221,04:55,LIMA,PE-1NA,16,DESPISTE,0,1,16.0,2021-02-21,PE-1NA,-11.660116702360725,-77.20311612153633,True
20211222,20210221,17:20,AMAZONAS,PE-08C,17,DESPISTE,0,0,17.0,2021-02-21,PE-08C,-6.098111704125799,-77.89478974471109,True
20211222,20210221,18:00,PIURA,PE-02A,65,CHOQUE,0,1,65.0,2021-02-21,PE-02A,-5.420683532034558,-79.67178664011709,True
20211222,20210221,14:50,JUNIN,PE-22,157,DESPISTE,0,1,157.0,2021-02-21,PE-22,-11.618388096631845,-76.01034650830329,True
20211222,20210221,08:35,ANCASH,PE-1N,263,DESPISTE,0,1,263.0,2021-02-21,PE-1N,-10.29915226138829,-78.04816560647436,True
20211222,20210221,18:00,AYACUCHO,PE-3S,394,DESPISTE,0,1,394.0,2021-02-21,PE-3S,-13.18588962399414,-74.20355932719369,True
20211222,20210221,17:30,MADRE DE DIOS,PE-30C,418,DESPISTE,0,1,418.0,2021-02-21,PE-30C,-12.620651317248507,-69.24768452651824,True
20211222,20210221,12:15,ICA,PE-1S,495,CHOQUE,0,3,495.0,2021-02-21,PE-1S,-15.23909278774163,-74.93972618378851,True
20211222,20210221,12:15,ICA,PE-1S,495,CHOQUE,0,1,495.0,2021-02-21,PE-1S,-15.23909278774163,-74.93972618378851,True
20211222,20210221,20:30,SAN MARTIN,PE-5N,498,DESPISTE,0,1,498.0,2021-02-21,PE-5N,-9.109769018557158,-76.05014772846036,True
20211222,20210221,17:55,SAN MARTIN,PE-5N,509,DESPISTE,0,1,509.0,2021-02-21,PE-5N,-9.02665736508174,-76.06555946510477,True
20211222,20210221,20:00,AREQUIPA,PE-1S,617,DESPISTE,0,1,617.0,2021-02-21,PE-1S,-15.869622958130904,-74.23106412701955,True
20211222,20210221,10:30,AREQUIPA,PE-1S,633,DESPISTE,0,0,633.0,2021-02-21,PE-1S,-15.918975935138107,-74.12471145695262,True
20211222,20210221,23:50,LA LIBERTAD,PE-1N,675,CHOQUE,3,3,675.0,2021-02-21,PE-1N,-7.419392005615868,-79.54423128407181,True
20211222,20210221,23:50,LA LIBERTAD,PE-1N,675,CHOQUE,0,1,675.0,2021-02-21,PE-1N,-7.419392005615868,-79.54423128407181,True
20211222,20210221,21:00,LAMBAYEQUE,PE-1N,836,CHOQUE,0,0,836.0,2021-02-21,PE-1N,-6.433127447428323,-80.15885199356629,True
20211222,20210221,21:00,LAMBAYEQUE,PE-1N,836,CHOQUE,0,1,836.0,2021-02-21,PE-1N,-6.433127447428323,-80.15885199356629,True
20211222,20210222,11:30,CAJAMARCA,PE-08A,6,DESPISTE,0,1,6.0,2021-02-22,PE-08A,-7.181710767931591,-78.82589012881098,True
20211222,20210222,11:30,CAJAMARCA,PE-08A,6,DESPISTE,0,1,6.0,2021-02-22,PE-08A,-7.181710767931591,-78.82589012881098,True
20211222,20210222,18:00,PUNO,PE-34B,6,CHOQUE,0,1,6.0,2021-02-22,PE-34B,-15.256432043540526,-70.22336558242498,True
20211222,20210222,16:00,LORETO,LO-103,11,DESPISTE,0,1,11.0,2021-02-22,LO-103,,,True
20211222,20210222,15:30,LIMA,PE-1NE,12,CHOQUE,0,1,12.0,2021-02-22,PE-1NE,-11.082648571414198,-77.48281940900927,True
20211222,20210222,15:30,LIMA,PE-1NE,12,CHOQUE,0,1,12.0,2021-02-22,PE-1NE,-11.082648571414198,-77.48281940900927,True
20211222,20210222,20:30,ICA,PE-30A,39,DESPISTE,0,1,39.0,2021-02-22,PE-30A,-14.845990960035545,-74.73143195086043,True
20211222,20210222,10:30,LIMA,PE-22,99,CHOQUE,0,2,99.0,2021-02-22,PE-22,-11.74017894661236,-76.27916507852545,True
20211222,20210222,10:20,LIMA,PE-22,100,CHOQUE,0,1,100.0,2021-02-22,PE-22,-11.737069789934658,-76.27081716074291,True
20211222,20210222,13:00,JUNIN,PE-3SB,109,DESPISTE,0,0,109.0,2021-02-22,PE-3SB,,,True
20211222,20210222,02:30,CAJAMARCA,PE-3N,120,CHOQUE,1,0,120.0,2021-02-22,PE-3N,-10.707840535166033,-76.23383225987217,True
20211222,20210222,02:30,CAJAMARCA,PE-3N,120,CHOQUE,0,1,120.0,2021-02-22,PE-3N,-10.707840535166033,-76.23383225987217,True
20211222,20210222,02:30,CAJAMARCA,PE-3N,120,CHOQUE,0,1,120.0,2021-02-22,PE-3N,-10.707840535166033,-76.23383225987217,True
20211222,20210222,12:20,CAJAMARCA,PE-3N,120,CHOQUE,0,1,120.0,2021-02-22,PE-3N,-10.707840535166033,-76.23383225987217,True
20211222,20210222,11:00,CAJAMARCA,PE-3N,137,CHOQUE,0,1,137.0,2021-02-22,PE-3N,-10.661611148591415,-76.17476146280698,True
20211222,20210222,10:30,PASCO,PE-3N,138,DESPISTE,0,1,138.0,2021-02-22,PE-3N,-10.653887841777696,-76.17181416768078,True
20211222,20210222,07:31,ICA,PE-1S,183,DESPISTE,0,1,183.0,2021-02-22,PE-1S,-13.389281095080594,-76.20101489842929,True
20211222,20210222,07:31,ICA,PE-1S,183,DESPISTE,0,1,183.0,2021-02-22,PE-1S,-13.389281095080594,-76.20101489842929,True
20211222,20210222,15:05,ANCASH,PE-1N,393,DESPISTE,0,1,393.0,2021-02-22,PE-1N,-9.35020153800069,-78.39431227094327,True
20211222,20210223,N.I.,N.I.,N.I.,0,N.I.,0,1,0.0,2021-02-23,N.I.,,,True
20211222,20210223,18:00,JUNIN,PE-5S,38,CHOQUE,0,1,38.0,2021-02-23,PE-5S,-10.875116563573984,-75.03586618096092,True
20211222,20210223,07:00,LA LIBERTAD,PE-1NF,62,CHOQUE,1,1,62.0,2021-02-23,PE-1NF,-7.547838703879191,-78.81139046974751,True
20211222,20210223,N.I.,LA LIBERTAD,PE-10A,62,CHOQUE,0,1,62.0,2021-02-23,PE-10A,-7.961660519992774,-78.63256110213868,True
20211222,20210223,18:15,LIMA,PE-1N,74,DESPISTE,0,1,74.0,2021-02-23,PE-1N,-11.61032449534697,-77.223165537099,True
20211222,20210223,12:15,JUNIN,PE-3SB,101,CHOQUE,0,1,101.0,2021-02-23,PE-3SB,,,True
20211222,20210223,04:10,LIMA,PE-1N,103,DESPISTE,0,0,103.0,2021-02-23,PE-1N,-11.418707756071143,-77.37091265285507,True
20211222,20210223,04:10,LIMA,PE-1N,103,DESPISTE,0,1,103.0,2021-02-23,PE-1N,-11.418707756071143,-77.37091265285507,True
20211222,20210223,11:10,LIMA,PE-22,104,DESPISTE,0,0,104.0,2021-02-23,PE-22,-11.728604817396894,-76.26635611031409,True
20211222,20210223,11:10,LIMA,PE-22,104,DESPISTE,0,1,104.0,2021-02-23,PE-22,-11.728604817396894,-76.26635611031409,True
20211222,20210223,16:50,LIMA,PE-22,115,DESPISTE,0,1,115.0,2021-02-23,PE-22,-11.66222469576892,-76.24555539358784,True
20211222,20210223,07:40,CAJAMARCA,PE-3N,141,DESPISTE,0,0,141.0,2021-02-23,PE-3N,-10.644652000049817,-76.16915310362789,True
20211222,20210223,07:40,CAJAMARCA,PE-3N,141,DESPISTE,0,1,141.0,2021-02-23,PE-3N,-10.644652000049817,-76.16915310362789,True
20211222,20210223,10:00,ICA,PE-1S,179,DESPISTE,0,1,179.0,2021-02-23,PE-1S,-13.35773279262705,-76.21891177308395,True
20211222,20210223,08:00,AYACUCHO,PE-28A,262,CHOQUE,1,1,262.0,2021-02-23,PE-28A,-13.343107126365716,-74.54588479821392,True
20211222,20210223,08:00,AYACUCHO,PE-28A,262,CHOQUE,0,1,262.0,2021-02-23,PE-28A,-13.343107126365716,-74.54588479821392,True
20211222,20210223,04:30,ICA,PE-1S,420,DESPISTE,0,0,420.0,2021-02-23,PE-1S,-14.696543932422392,-75.11104126314405,True
20211222,20210223,04:30,ICA,PE-1S,420,DESPISTE,0,1,420.0,2021-02-23,PE-1S,-14.696543932422392,-75.11104126314405,True
20211222,20210223,18:45,HUANUCO,PE-5N,472,CHOQUE,0,1,472.0,2021-02-23,PE-5N,-9.193763683927875,-75.87815235322105,True
20211222,20210223,15:00,SAN MARTIN,PE-5N,652,CHOQUE,0,2,652.0,2021-02-23,PE-5N,-8.17627198979165,-76.57621143378809,True
20211222,20210223,20:45,SAN MARTIN,PE-5N,652,CHOQUE,0,1,652.0,2021-02-23,PE-5N,-8.17627198979165,-76.57621143378809,True
20211222,20210223,06:20,LAMBAYEQUE,PE-1N,832,DESPISTE,0,0,832.0,2021-02-23,PE-1N,-6.456548468103063,-80.13154393565576,True
20211222,20210223,06:20,LAMBAYEQUE,PE-1N,832,DESPISTE,0,1,832.0,2021-02-23,PE-1N,-6.456548468103063,-80.13154393565576,True
20211222,20210223,14:00,PUNO,PE-3S,1189,CHOQUE,0,1,1189.0,2021-02-23,PE-3S,-14.65589712942572,-70.7470005459027,True
20211222,20210224,05:45,LA LIBERTAD,PE-1NF,0,CHOQUE,1,1,0.0,2021-02-24,PE-1NF,-7.839410175999944,-79.1524484059999,True
20211222,20210224,05:45,LA LIBERTAD,PE-10A,1,CHOQUE,0,1,1.0,2021-02-24,PE-10A,-8.129144783840584,-79.01203461721234,True
20211222,20210224,19:20,CAJAMARCA,PE-08A,7,ESPECIAL,0,1,7.0,2021-02-24,PE-08A,-7.176691819403156,-78.82674431984897,True
20211222,20210224,09:50,MOQUEGUA,PE-1SD,19,CHOQUE,0,1,19.0,2021-02-24,PE-1SD,-16.689693214018583,-72.49117314130694,True
20211222,20210224,09:50,TACNA,PE-1SD,19,CHOQUE,0,1,19.0,2021-02-24,PE-1SD,-16.689693214018583,-72.49117314130694,True
20211222,20210224,11:00,PUNO,PE-34H,25,ATROPELLO,0,1,25.0,2021-02-24,PE-34H,-15.299540566045609,-70.01488619822666,True
20211222,20210224,21:00,UCAYALI,PE-18C,38,CHOQUE,0,1,38.0,2021-02-24,PE-18C,-8.569164162644764,-74.89984092686511,True
20211222,20210224,N.I.,LIMA,PE-1S,72,DESPISTE,0,1,72.0,2021-02-24,PE-1S,-12.575161042491931,-76.68881449454292,True
20211222,20210224,06:00,LIMA,PE-1S,90,CHOQUE,0,2,90.0,2021-02-24,PE-1S,-12.871275950392498,-76.51130822956922,True
20211222,20210224,06:00,LIMA,PE-1S,90,CHOQUE,0,1,90.0,2021-02-24,PE-1S,-12.871275950392498,-76.51130822956922,True
20211222,20210224,15:40,MOQUEGUA,PE-36A,92,DESPISTE,0,1,92.0,2021-02-24,PE-36A,-16.902783840966915,-70.62322676906236,True
20211222,20210224,06:00,JUNIN,PE-3SB,110,CHOQUE,0,1,110.0,2021-02-24,PE-3SB,,,True
20211222,20210224,19:10,AREQUIPA,PE-1SD,119,CHOQUE,1,0,119.0,2021-02-24,PE-1SD,-17.074223557548933,-71.92981939578927,True
20211222,20210224,14:00,AYACUCHO,PE-28B,129,CHOQUE,0,0,129.0,2021-02-24,PE-28B,-12.725869627423597,-73.93969353400705,True
20211222,20210224,06:45,LIMA,PE-1S,131,DESPISTE,0,1,131.0,2021-02-24,PE-1S,-13.02463008299992,-76.47484911599992,True
20211222,20210224,13:00,PUNO,PE-34A,286,CHOQUE,1,0,286.0,2021-02-24,PE-34A,-15.561883857890582,-70.23991181052077,True
20211222,20210224,15:40,PUNO,PE-34A,286,CHOQUE,0,1,286.0,2021-02-24,PE-34A,-15.561883857890582,-70.23991181052077,True
20211222,20210224,N.I.,PUNO,PE-34A,286,N.I.,0,1,286.0,2021-02-24,PE-34A,-15.561883857890582,-70.23991181052077,True
20211222,20210224,01:30,APURIMAC,PE-30A,298,DESPISTE,0,14,298.0,2021-02-24,PE-30A,-14.516774647041704,-73.27449505903488,True
20211222,20210224,20:30,SAN MARTIN,PE-5N,440,DESPISTE,0,1,440.0,2021-02-24,PE-5N,-9.147077505270532,-75.75185922497631,True
20211222,20210224,23:40,SAN MARTIN,PE-5N,596,DESPISTE,0,1,596.0,2021-02-24,PE-5N,-8.422846331202868,-76.32609883856692,True
20211222,20210224,06:45,LAMBAYEQUE,PE-1N,836,CHOQUE,0,1,836.0,2021-02-24,PE-1N,-6.433127447428323,-80.15885199356629,True
20211222,20210224,07:20,PIURA,PE-1N,895,CHOQUE,0,0,895.0,2021-02-24,PE-1N,-6.058283330908933,-80.5110799165684,True
20211222,20210224,19:30,TACNA,PE-1S,1293,CHOQUE,1,0,1293.0,2021-02-24,PE-1S,-18.023271227758343,-70.25995756184922,True
20211222,20210224,19:30,TACNA,PE-1S,1293,CHOQUE,0,1,1293.0,2021-02-24,PE-1S,-18.023271227758343,-70.25995756184922,True
20211222,20210224,N.I.,TACNA,PE-1S,1293,N.I.,0,1,1293.0,2021-02-24,PE-1S,-18.023271227758343,-70.25995756184922,True
20211222,20210225,19:40,SAN MARTIN,PE-5N,1,CHOQUE,0,1,1.0,2021-02-25,PE-5N,-10.957624702103383,-75.29438893809758,True
20211222,20210225,20:40,LORETO,PE-5NI,2,CHOQUE,0,1,2.0,2021-02-25,PE-5NI,-3.7302668424414995,-73.24072809148663,True
20211222,20210225,18:00,JUNIN,PE-3S,16,DESPISTE,0,1,16.0,2021-02-25,PE-3S,-11.610611498290291,-75.84209201535457,True
20211222,20210225,18:00,JUNIN,PE-3S,16,VOLCADURA,0,1,16.0,2021-02-25,PE-3S,-11.610611498290291,-75.84209201535457,True
20211222,20210225,04:30,LIMA,PE-1S,23,DESPISTE,0,0,23.0,2021-02-25,PE-1S,-12.24236550164664,-76.94430819131811,True
20211222,20210225,04:30,LIMA,PE-1N,23,DESPISTE,0,1,23.0,2021-02-25,PE-1N,-11.928881120159856,-77.07251352389007,True
20211222,20210225,08:00,LIMA,PE-1S,24,CHOQUE,0,1,24.0,2021-02-25,PE-1S,-12.246584742503304,-76.93618987426358,True
20211222,20210225,06:30,ICA,PE-30A,28,CHOQUE,0,1,28.0,2021-02-25,PE-30A,-14.868048656566641,-74.77135290898767,True
20211222,20210225,11:00,JUNIN,PE-3S,63,CHOQUE,0,1,63.0,2021-02-25,PE-3S,-11.783843431820891,-75.57196227815574,True
20211222,20210225,11:00,JUNIN,PE-3S,63,CHOQUE,0,1,63.0,2021-02-25,PE-3S,-11.783843431820891,-75.57196227815574,True
20211222,20210225,N.I.,LIMA,PE-1N,73,DESPISTE,0,1,73.0,2021-02-25,PE-1N,-11.607070047077743,-77.2146132156668,True
20211222,20210225,N.I.,LIMA,PE-1N,78,DESPISTE,0,1,78.0,2021-02-25,PE-1N,-11.59677375920734,-77.25349743581087,True
20211222,20210225,N.I.,LIMA,PE-1N,78,DESPISTE,0,1,78.0,2021-02-25,PE-1N,-11.59677375920734,-77.25349743581087,True
20211222,20210225,17:20,JUNIN,PE-3N,82,DESPISTE,0,1,82.0,2021-02-25,PE-3N,-10.931483906799105,-76.05530468484757,True
20211222,20210225,17:20,JUNIN,PE-3N,82,DESPISTE,0,1,82.0,2021-02-25,PE-3N,-10.931483906799105,-76.05530468484757,True
20211222,20210225,12:00,HUANUCO,PE-18A,91,DESPISTE,0,0,91.0,2021-02-25,PE-18A,-9.528380778284017,-75.96267257831636,True
20211222,20210225,09:55,LAMBAYEQUE,PE-1NJ,121,DESPISTE,0,1,121.0,2021-02-25,PE-1NJ,-5.751488439164475,-79.86633481682995,True
20211222,20210225,15:50,CAJAMARCA,PE-06A,150,DESPISTE,0,0,150.0,2021-02-25,PE-06A,-6.467606608186259,-79.0477380201915,True
20211222,20210225,15:50,CAJAMARCA,PE-06A,150,DESPISTE,0,1,150.0,2021-02-25,PE-06A,-6.467606608186259,-79.0477380201915,True
20211222,20210225,04:47,ANCASH,PE-1N,315,CHOQUE,0,1,315.0,2021-02-25,PE-1N,-9.93913120027727,-78.21777602167599,True
20211222,20210225,04:47,ANCASH,PE-1N,315,CHOQUE,0,1,315.0,2021-02-25,PE-1N,-9.93913120027727,-78.21777602167599,True
20211222,20210225,07:30,LA LIBERTAD,PE-1N,643,N.I.,0,1,643.0,2021-02-25,PE-1N,-7.59039812854746,-79.37044054118469,True
20211222,20210225,07:30,LA LIBERTAD,PE-1N,643,N.I.,0,1,643.0,2021-02-25,PE-1N,-7.59039812854746,-79.37044054118469,True
20211222,20210225,19:40,SAN MARTIN,PE-5N,653,CHOQUE,0,2,653.0,2021-02-25,PE-5N,-8.169162052993991,-76.5775829130916,True
20211222,20210225,11:00,AREQUIPA,PE-1S,989,CHOQUE,0,1,989.0,2021-02-25,PE-1S,-16.70104336301476,-71.87046980645803,True
20211222,20210225,09:00,PUNO,PE-3S,1156,DESPISTE,0,0,1156.0,2021-02-25,PE-3S,-14.493442080726444,-70.96389289859925,True
20211222,20210225,09:00,PUNO,PE-3S,1156,DESPISTE,0,1,1156.0,2021-02-25,PE-3S,-14.493442080726444,-70.96389289859925,True
20211222,20210225,15:00,TACNA,PE-1S,1285,DESPISTE,0,1,1285.0,2021-02-25,PE-1S,-17.982737368447335,-70.28004402219413,True
20211222,20210226,20:00,LIMA,PE-1S,8,CHOQUE,0,0,8.0,2021-02-26,PE-1S,-12.126955013847736,-76.97700651995017,True
20211222,20210226,17:00,LIMA,PE-1S,30,VOLCADURA,0,1,30.0,2021-02-26,PE-1S,-12.276137808704581,-76.88997544513248,True
20211222,20210226,16:20,LIMA,PE-1N,44,DESPISTE,0,0,44.0,2021-02-26,PE-1N,-11.777083903231906,-77.15962972973583,True
20211222,20210226,23:55,LIMA,PE-1N,44,CHOQUE,0,1,44.0,2021-02-26,PE-1N,-11.777083903231906,-77.15962972973583,True
20211222,20210226,13:55,JUNIN,PE-3S,60,DESPISTE,0,1,60.0,2021-02-26,PE-3S,-11.797049741454138,-75.59196639716265,True
20211222,20210226,12:50,CUSCO,PE-34J,65,DESPISTE,0,1,65.0,2021-02-26,PE-34J,-15.25047706692635,-71.15050450227676,True
20211222,20210226,16:20,LIMA,PE-1N,103,DESPISTE,0,1,103.0,2021-02-26,PE-1N,-11.418707756071143,-77.37091265285507,True
20211222,20210226,19:15,LIMA,PE-1S,109,DESPISTE,0,0,109.0,2021-02-26,PE-1S,-12.813171004970423,-76.54127391864445,True
20211222,20210226,19:15,LIMA,PE-1S,109,DESPISTE,0,1,109.0,2021-02-26,PE-1S,-12.813171004970423,-76.54127391864445,True
20211222,20210226,03:30,JUNIN,PE-22,153,VOLCADURA,0,1,153.0,2021-02-26,PE-22,-11.606093800812488,-76.0417759829046,True
20211222,20210226,15:32,LIMA,PE-1S,173,DESPISTE,0,1,173.0,2021-02-26,PE-1S,-13.31228939314837,-76.2488838534249,True
20211222,20210226,17:00,ICA,PE-1S,194,CHOQUE,0,1,194.0,2021-02-26,PE-1S,-13.437325559342614,-76.13482392821079,True
20211222,20210226,09:00,PUNO,PE-34A,208,DESPISTE,1,1,208.0,2021-02-26,PE-34A,-15.695074093525186,-70.82061890544735,True
20211222,20210226,07:00,LIMA,PE-1N,209,DESPISTE,0,1,209.0,2021-02-26,PE-1N,-10.659600975044777,-77.82116801713467,True
20211222,20210226,17:50,MADRE DE DIOS,PE-30C,328,DESPISTE,0,1,328.0,2021-02-26,PE-30C,-12.896798113912123,-69.96722531408317,True
20211222,20210226,13:10,MADRE DE DIOS,PE-30C,432,CHOQUE,0,1,432.0,2021-02-26,PE-30C,-12.56491333556428,-69.1663800384816,True
20211222,20210226,14:20,LAMBAYEQUE,PE-1N,824,DESPISTE,0,1,824.0,2021-02-26,PE-1N,-6.499897858828907,-80.07358986247874,True
20211222,20210226,14:20,LAMBAYEQUE,PE-1N,824,DESPISTE,0,1,824.0,2021-02-26,PE-1N,-6.499897858828907,-80.07358986247874,True
20211222,20210226,05:30,MOQUEGUA,PE-1S,1094,CHOQUE,0,2,1094.0,2021-02-26,PE-1S,-17.231243591659,-71.3059916148582,True
20211222,20210227,01:15,PUNO,PE-34B,4,CHOQUE,1,3,4.0,2021-02-27,PE-34B,-15.274546968048483,-70.22404950969815,True
20211222,20210227,21:40,PUNO,PE-34B,4,CHOQUE,0,1,4.0,2021-02-27,PE-34B,-15.274546968048483,-70.22404950969815,True
20211222,20210227,07:00,ICA,PE-28A,26,DESPISTE,0,1,26.0,2021-02-27,PE-28A,-13.732127102775195,-75.93290153391212,True
20211222,20210227,16:30,JUNIN,PE-3S,57,CHOQUE,1,0,57.0,2021-02-27,PE-3S,-11.812447088772611,-75.60885308812534,True
20211222,20210227,16:30,JUNIN,PE-3S,57,CHOQUE,0,1,57.0,2021-02-27,PE-3S,-11.812447088772611,-75.60885308812534,True
20211222,20210227,06:30,LIMA,PE-1S,169,DESPISTE,0,1,169.0,2021-02-27,PE-1S,-13.28317234259674,-76.27031375613106,True
20211222,20210227,06:30,LIMA,PE-1S,169,DESPISTE,0,1,169.0,2021-02-27,PE-1S,-13.28317234259674,-76.27031375613106,True
20211222,20210227,06:30,ICA,PE-1S,185,DESPISTE,0,1,185.0,2021-02-27,PE-1S,-13.405512351430922,-76.19284958296487,True
20211222,20210227,07:40,ICA,PE-1S,315,CHOQUE,1,0,315.0,2021-02-27,PE-1S,-14.21472439876255,-75.70960798522643,True
20211222,20210227,13:30,APURIMAC,PE-30A,393,VOLCADURA,0,1,393.0,2021-02-27,PE-30A,-13.99028649957026,-73.16531075913257,True
20211222,20210227,14:00,APURIMAC,PE-30A,393,VOLCADURA,0,0,393.0,2021-02-27,PE-30A,-13.99028649957026,-73.16531075913257,True
20211222,20210227,08:20,SAN MARTIN,PE-5N,486,DESPISTE,0,1,486.0,2021-02-27,PE-5N,-9.159860834468473,-75.96438470394669,True
20211222,20210227,05:15,LA LIBERTAD,PE-1N,561,CHOQUE,0,1,561.0,2021-02-27,PE-1N,-8.135919603030302,-79.0264438826703,True
20211222,20210227,20:20,LAMBAYEQUE,PE-1N,806,CHOQUE,0,1,806.0,2021-02-27,PE-1N,-6.616425768698154,-79.96352091122431,True
20211222,20210227,19:55,AREQUIPA,PE-1S,1057,CHOQUE,0,0,1057.0,2021-02-27,PE-1S,-17.087509383142134,-71.59303375930875,True
20211222,20210227,19:55,AREQUIPA,PE-1S,1057,CHOQUE,0,1,1057.0,2021-02-27,PE-1S,-17.087509383142134,-71.59303375930875,True
20211222,20210228,21:45,JUNIN,PE-22B,3,ESPECIAL,0,1,3.0,2021-02-28,PE-22B,-11.401489419999237,-75.86574378216878,True
20211222,20210228,19:53,LORETO,LO-103,8,CHOQUE,0,1,8.0,2021-02-28,LO-103,,,True
20211222,20210228,11:30,UCAYALI,PE-18C,10,DESPISTE,0,1,10.0,2021-02-28,PE-18C,-8.757214806483828,-75.01370632706886,True
20211222,20210228,23:30,AREQUIPA,PE-34C,22,DESPISTE,1,2,22.0,2021-02-28,PE-34C,-16.397051293622997,-71.439601293623,True
20211222,20210228,21:25,LA LIBERTAD,PE-10A,22,CHOQUE,0,1,22.0,2021-02-28,PE-10A,-8.057734863289232,-78.85435913140412,True
20211222,20210228,17:30,LIMA,PE-22,67,DESPISTE,0,0,67.0,2021-02-28,PE-22,-11.888509325304351,-76.45184834376,True
20211222,20210228,20:45,LAMBAYEQUE,PE-1NJ,70,CHOQUE,0,0,70.0,2021-02-28,PE-1NJ,-6.1214025165626955,-79.71429636256971,True
20211222,20210228,20:45,LAMBAYEQUE,PE-1NJ,70,CHOQUE,0,1,70.0,2021-02-28,PE-1NJ,-6.1214025165626955,-79.71429636256971,True
20211222,20210228,18:15,LIMA,PE-22,109,DESPISTE,0,0,109.0,2021-02-28,PE-22,-11.691899155185,-76.26522503909958,True
20211222,20210228,18:15,LIMA,PE-22,109,DESPISTE,0,1,109.0,2021-02-28,PE-22,-11.691899155185,-76.26522503909958,True
20211222,20210228,00:05,TUMBES,PE-1N,160,CHOQUE,4,0,160.0,2021-02-28,PE-1N,-11.017857707648707,-77.60056932586828,True
20211222,20210228,00:05,TUMBES,PE-1N,160,CHOQUE,0,1,160.0,2021-02-28,PE-1N,-11.017857707648707,-77.60056932586828,True
20211222,20210228,04:30,LA LIBERTAD,PE-10C,276,DESPISTE,0,1,276.0,2021-02-28,PE-10C,-8.38461091379968,-77.28386376464938,True
20211222,20210228,06:45,ICA,PE-1S,333,CHOQUE,0,0,333.0,2021-02-28,PE-1S,-14.356268867420143,-75.6390090097003,True
20211222,20210228,06:00,LA LIBERTAD,PE-1N,525,ATROPELLO,1,1,525.0,2021-02-28,PE-1N,-8.387643432708623,-78.8518739929663,True
20211222,20210228,20:30,SAN MARTIN,PE-5N,725,CHOQUE,0,1,725.0,2021-02-28,PE-5N,-7.746497144942492,-76.6677606410656,True
20211222,20210228,18:41,AREQUIPA,PE-1S,944,DESPISTE,0,0,944.0,2021-02-28,PE-1S,-16.467784397564106,-71.95312618910197,True
20211222,20210301,14:35,UCAYALI,PE-18C,18,DESPISTE,0,0,18.0,2021-03-01,PE-18C,-8.695965650305755,-74.9942999811364,True
20211222,20210301,09:10,UCAYALI,PE-18C,22,CHOQUE,0,4,22.0,2021-03-01,PE-18C,-8.665556043165969,-74.98038117115976,True
20211222,20210301,23:00,HUANUCO,PE-18A,36,DESPISTE,0,0,36.0,2021-03-01,PE-18A,-9.773295207494433,-76.09358065045953,True
20211222,20210301,17:00,LAMBAYEQUE,PE-1NJ,56,CHOQUE,0,4,56.0,2021-03-01,PE-1NJ,-6.232464213645746,-79.71453634612381,True
20211222,20210301,18:20,ANCASH,PE-16,65,DESPISTE,0,0,65.0,2021-03-01,PE-16,-10.194882685182687,-77.55491506164977,True
20211222,20210301,06:00,AREQUIPA,PE-34A,72,DESPISTE,0,0,72.0,2021-03-01,PE-34A,-16.18318359581143,-71.65118381184041,True
20211222,20210301,12:30,LIMA,PE-22,72,DESPISTE,0,0,72.0,2021-03-01,PE-22,-11.86082411839993,-76.4208394004285,True
20211222,20210301,N.I.,LIMA,PE-1N,85,CHOQUE,1,0,85.0,2021-03-01,PE-1N,-11.542148320798743,-77.28069405572357,True
20211222,20210301,N.I.,LIMA,PE-1N,95,DESPISTE,0,1,95.0,2021-03-01,PE-1N,-11.46026391511033,-77.31512294925516,True
20211222,20210301,17:05,LIMA,PE-1S,127,CHOQUE,0,3,127.0,2021-03-01,PE-1S,-12.706666646645361,-76.63637820672253,True
20211222,20210301,12:55,UCAYALI,PE-18C,134,CHOQUE,0,3,134.0,2021-03-01,PE-18C,-8.49355111280046,-74.32741145038958,True
20211222,20210301,15:45,PASCO,PE-22,152,CHOQUE,0,0,152.0,2021-03-01,PE-22,-11.601612405995992,-76.0485109417629,True
20211222,20210301,02:43,AREQUIPA,PE-1S,586,CHOQUE,0,3,586.0,2021-03-01,PE-1S,-15.778417521020591,-74.42300611797073,True
20211222,20210301,16:45,LAMBAYEQUE,PE-1N,872,CHOQUE,0,0,872.0,2021-03-01,PE-1N,-6.226585904446158,-80.39861135544159,True
20211222,20210301,03:50,PIURA,PE-1N,987,DESPISTE,0,1,987.0,2021-03-01,PE-1N,-5.244963139464744,-80.62923953981158,True
20211222,20210301,17:05,MOQUEGUA,PE-1S,1161,CHOQUE,0,0,1161.0,2021-03-01,PE-1S,-17.39391279362042,-71.01870087922455,True
20211222,20210301,09:45,TACNA,PE-1S,1270,DESPISTE,0,2,1270.0,2021-03-01,PE-1S,-17.905812191578352,-70.39407707067735,True
20211222,20210302,21:30,CAJAMARCA,N.I.,0,DESPISTE,1,4,0.0,2021-03-02,N.I.,,,True
20211222,20210302,01:20,ANCASH,AN-110,5,DESPISTE,0,1,5.0,2021-03-02,AN-110,,,True
20211222,20210302,15:10,LORETO,LO-103,45,DESPISTE,0,1,45.0,2021-03-02,LO-103,,,True
20211222,20210302,01:55,JUNIN,PE-3N,50,DESPISTE,0,2,50.0,2021-03-02,PE-3N,-11.182230842609718,-75.9751351276583,True
20211222,20210302,07:30,CUSCO,PE-30C,67,CHOQUE,4,0,67.0,2021-03-02,PE-30C,-13.656475729671909,-71.31064538386103,True
20211222,20210302,10:30,PASCO,PA-107,103,CHOQUE,0,0,103.0,2021-03-02,PA-107,,,True
20211222,20210302,23:15,LIMA,PE-1S,104,DESPISTE,0,1,104.0,2021-03-02,PE-1S,-12.99075830634379,-76.4891650496388,True
20211222,20210302,09:05,ANCASH,PE-16,114,CHOQUE,0,0,114.0,2021-03-02,PE-16,-10.15665064745004,-77.32602968346578,True
20211222,20210302,13:30,LA LIBERTAD,PE-3N,154,CHOQUE,1,0,154.0,2021-03-02,PE-3N,-10.53838323539461,-76.18748088487155,True
20211222,20210302,15:30,PUNO,PE-34A,208,DESPISTE,0,1,208.0,2021-03-02,PE-34A,-15.695074093525186,-70.82061890544735,True
20211222,20210302,06:00,ICA,PE-1S,221,DESPISTE,1,0,221.0,2021-03-02,PE-1S,-13.672782889489596,-76.15677792247864,True
20211222,20210302,10:00,PUNO,PE-34B,225,DESPISTE,0,1,225.0,2021-03-02,PE-34B,-13.835731810517586,-70.4906198307929,True
20211222,20210302,10:30,PUNO,PE-34A,250,CHOQUE,0,2,250.0,2021-03-02,PE-34A,-15.686324143876565,-70.50910652596176,True
20211222,20210302,22:30,ANCASH,PE-1N,380,CHOQUE,0,1,380.0,2021-03-02,PE-1N,-9.452961273971308,-78.34184430665518,True
20211222,20210302,05:10,ANCASH,PE-1N,423,CHOQUE,0,5,423.0,2021-03-02,PE-1N,-9.025129595377892,-78.61593234649202,True
20211222,20210302,05:40,SAN MARTIN,PE-5N,652,DESPISTE,0,0,652.0,2021-03-02,PE-5N,-8.17627198979165,-76.57621143378809,True
20211222,20210302,07:15,CUSCO,PE-3S,1065,CHOQUE,0,2,1065.0,2021-03-02,PE-3S,-13.979564516708281,-71.49076823378921,True
20211222,20210303,00:30,LIMA,PE-1S,9,CHOQUE,0,1,9.0,2021-03-03,PE-1S,-12.135465313922934,-76.97996279304951,True
20211222,20210303,13:30,UCAYALI,PE-18C,20,CHOQUE,0,4,20.0,2021-03-03,PE-18C,-8.682069782986076,-74.98384632960631,True
20211222,20210303,05:30,AREQUIPA,PE-34A,29,DESPISTE,0,0,29.0,2021-03-03,PE-34A,-16.41966244199301,-71.6459506314186,True
20211222,20210303,14:40,LIMA,PE-22,109,CHOQUE,0,1,109.0,2021-03-03,PE-22,-11.691899155185,-76.26522503909958,True
20211222,20210303,07:45,ANCASH,PE-3N,148,CHOQUE,1,4,148.0,2021-03-03,PE-3N,-10.588594978905661,-76.18501305095728,True
20211222,20210303,05:30,ICA,PE-1S,183,CHOQUE,0,0,183.0,2021-03-03,PE-1S,-13.389281095080594,-76.20101489842929,True
20211222,20210303,N.I.,ICA,PE-1S,183,DESPISTE,0,0,183.0,2021-03-03,PE-1S,-13.389281095080594,-76.20101489842929,True
20211222,20210303,19:20,APURIMAC,PE-30A,306,CHOQUE,0,0,306.0,2021-03-03,PE-30A,-14.502291063413425,-73.25993180201417,True
20211222,20210303,08:30,ANCASH,PE-1N,399,DESPISTE,0,0,399.0,2021-03-03,PE-1N,-9.30252999562906,-78.4091081848515,True
20211222,20210303,17:50,LAMBAYEQUE,PE-1N,836,ATROPELLO,0,1,836.0,2021-03-03,PE-1N,-6.433127447428323,-80.15885199356629,True
20211222,20210303,21:20,CUSCO,PE-3S,1114,CHOQUE,1,0,1114.0,2021-03-03,PE-3S,-14.270139125842972,-71.23622064223056,True
20211222,20210304,11:00,LORETO,LO-103,14,ESPECIAL,0,1,14.0,2021-03-04,LO-103,,,True
20211222,20210304,18:30,PIURA,PE-1NN,14,CHOQUE,0,0,14.0,2021-03-04,PE-1NN,-4.802093117764988,-80.61777101622287,True
20211222,20210304,19:00,LIMA,PE-20A,28,ATROPELLO,0,3,28.0,2021-03-04,PE-20A,-11.76215549176843,-76.97445551362878,True
20211222,20210304,20:00,LA LIBERTAD,PE-10A,69,CHOQUE,0,3,69.0,2021-03-04,PE-10A,-7.934090312734418,-78.5911345445407,True
20211222,20210304,00:10,LIMA,PE-22,85,DESPISTE,0,0,85.0,2021-03-04,PE-22,-11.797678584749768,-76.33832511331053,True
20211222,20210304,07:50,LIMA,PE-1N,115,CHOQUE,0,2,115.0,2021-03-04,PE-1N,-11.370151284322256,-77.44202915357737,True
20211222,20210304,20:50,CUSCO,PE-30C,125,CHOQUE,0,2,125.0,2021-03-04,PE-30C,-13.588244970808958,-70.97237744335344,True
20211222,20210304,06:50,LIMA,PE-1N,149,CHOQUE,1,1,149.0,2021-03-04,PE-1N,-11.111281897165103,-77.59217896675015,True
20211222,20210304,02:15,ANCASH,PE-1N,396,CHOQUE,0,1,396.0,2021-03-04,PE-1N,-9.32701651766862,-78.4050039793727,True
20211222,20210304,03:45,ANCASH,PE-1N,396,CHOQUE,0,2,396.0,2021-03-04,PE-1N,-9.32701651766862,-78.4050039793727,True
20211222,20210304,22:30,MADRE DE DIOS,PE-30C,417,CHOQUE,0,2,417.0,2021-03-04,PE-30C,-12.627267281850779,-69.25305554883332,True
20211222,20210304,13:10,LA LIBERTAD,PE-1N,517,CHOQUE,0,1,517.0,2021-03-04,PE-1N,-8.416559554747,-78.78809016495795,True
20211222,20210304,13:30,LA LIBERTAD,PE-1N,517,CHOQUE,0,2,517.0,2021-03-04,PE-1N,-8.416559554747,-78.78809016495795,True
20211222,20210304,12:56,LA LIBERTAD,PE-1N,575,CHOQUE,0,1,575.0,2021-03-04,PE-1N,-8.081814786085582,-79.09494806142825,True
20211222,20210304,03:40,LA LIBERTAD,PE-1N,634,DESPISTE,0,0,634.0,2021-03-04,PE-1N,-7.6598313151987565,-79.3359434906743,True
20211222,20210304,21:00,AREQUIPA,PE-1S,653,DESPISTE,0,4,653.0,2021-03-04,PE-1S,-16.033157771264218,-73.99948059450165,True
20211222,20210304,10:00,LAMBAYEQUE,PE-1N,807,CHOQUE,0,1,807.0,2021-03-04,PE-1N,-6.608747822307387,-79.96826565673076,True
20211222,20210304,16:00,CUSCO,PE-3S,950,CHOQUE,0,9,950.0,2021-03-04,PE-3S,-13.477842548645569,-72.11768215837961,True
20211222,20210305,15:10,AYACUCHO,PE-28B,17,CHOQUE,0,0,17.0,2021-03-05,PE-28B,-13.055769559676989,-74.14353954800916,True
20211222,20210305,11:45,ANCASH,PE-3N,34,DESPISTE,0,2,34.0,2021-03-05,PE-3N,-11.306646779731226,-75.90991528294643,True
20211222,20210305,22:20,CAJAMARCA,PE-08B,37,DESPISTE,0,0,37.0,2021-03-05,PE-08B,-7.0790414274804325,-78.33084116319077,True
20211222,20210305,16:45,CAJAMARCA,PE-3N,47,CHOQUE,0,1,47.0,2021-03-05,PE-3N,-11.20261058650003,-75.95686522977036,True
20211222,20210305,05:15,AREQUIPA,PE-34A,62,DESPISTE,0,2,62.0,2021-03-05,PE-34A,-16.24611697654889,-71.67468554299344,True
20211222,20210305,22:30,LAMBAYEQUE,PE-1NJ,71,CHOQUE,0,2,71.0,2021-03-05,PE-1NJ,-6.113001305979128,-79.71103053583569,True
20211222,20210305,07:30,LIMA,PE-22,126,CHOQUE,0,0,126.0,2021-03-05,PE-22,-11.614467954103207,-76.20780232462717,True
20211222,20210305,17:00,AYACUCHO,PE-28B,170,CHOQUE,0,4,170.0,2021-03-05,PE-28B,-12.613996439781525,-73.80673442858253,True
20211222,20210305,03:30,ANCASH,PE-1N,338,CHOQUE,0,0,338.0,2021-03-05,PE-1N,-9.751606454705291,-78.24623180646212,True
20211222,20210305,19:45,ICA,PE-1S,379,CHOQUE,0,0,379.0,2021-03-05,PE-1S,-14.50137012408486,-75.25241378003477,True
20211222,20210305,07:15,LA LIBERTAD,PE-1N,602,CHOQUE,0,1,602.0,2021-03-05,PE-1N,-7.855679851765026,-79.14248476140533,True
20211222,20210305,20:45,PIURA,PE-1N,899,CHOQUE,2,0,899.0,2021-03-05,PE-1N,-6.024330472753491,-80.52308550359187,True
20211222,20210305,15:30,CUSCO,PE-3S,937,ATROPELLO,0,0,937.0,2021-03-05,PE-3S,-13.496683995792129,-72.21822791786813,True
20211222,20210306,17:00,AREQUIPA,PE-34A,0,CHOQUE,0,0,0.0,2021-03-06,PE-34A,-16.527178729999946,-71.78372332999993,True
20211222,20210306,12:30,ICA,PE-1S,0,DESPISTE,0,3,0.0,2021-03-06,PE-1S,-12.058600714999955,-76.97339732799992,True
20211222,20210306,19:30,LIMA,PE-1NE,5,DESPISTE,0,2,5.0,2021-03-06,PE-1NE,-11.063957999163062,-77.5429051667492,True
20211222,20210306,05:50,LIMA,PE-1S,47,DESPISTE,0,0,47.0,2021-03-06,PE-1S,-12.378518356179672,-76.7772802818308,True
20211222,20210306,08:00,JUNIN,PE-22,134,CHOQUE,0,0,134.0,2021-03-06,PE-22,-11.595724051536003,-76.1859660454933,True
20211222,20210306,18:30,LIMA,PE-1N,145,DESPISTE,0,1,145.0,2021-03-06,PE-1N,-11.14688513821154,-77.597076553812,True
20211222,20210306,14:20,ICA,PE-1S,204,CHOQUE,0,1,204.0,2021-03-06,PE-1S,-13.526652731177817,-76.13789078276886,True
20211222,20210306,15:40,AYACUCHO,PE-3S,320,DESPISTE,0,2,320.0,2021-03-06,PE-3S,-12.861550119211126,-74.33044932543207,True
20211222,20210306,11:50,APURIMAC,PE-30A,378,DESPISTE,0,4,378.0,2021-03-06,PE-30A,-14.075924542739973,-73.25852889652285,True
20211222,20210306,02:25,LAMBAYEQUE,PE-1N,758,ATROPELLO,0,0,758.0,2021-03-06,PE-1N,-6.921809987693707,-79.75068219998884,True
20211222,20210306,15:30,CUSCO,PE-3S,1015,DESPISTE,0,2,1015.0,2021-03-06,PE-3S,-13.685293737225999,-71.65096144539895,True
20211222,20210306,22:20,CUSCO,PE-3S,1099,CHOQUE,0,5,1099.0,2021-03-06,PE-3S,-14.194766994490232,-71.3287082402113,True
20211222,20210306,20:10,MOQUEGUA,PE-1S,1196,ATROPELLO,0,0,1196.0,2021-03-06,PE-1S,-17.63038955295377,-70.96020563033855,True
20211222,20210307,11:30,JUNIN,PE-22B,7,CHOQUE,0,2,7.0,2021-03-07,PE-22B,-11.404741129928444,-75.82980555571179,True
20211222,20210307,05:30,UCAYALI,PE-18C,40,CHOQUE,2,0,40.0,2021-03-07,PE-18C,-8.55535286883535,-74.88813185313542,True
20211222,20210307,12:30,LIMA,PE-1N,42,CHOQUE,1,0,42.0,2021-03-07,PE-1N,-11.790854054126543,-77.14835534687332,True
20211222,20210307,05:30,LIMA,PE-22,46,DESPISTE,0,0,46.0,2021-03-07,PE-22,-11.91365373931334,-76.61270763466702,True
20211222,20210307,N.I.,CAJAMARCA,PE-08,68,CHOQUE,0,1,68.0,2021-03-07,PE-08,-7.181123039837993,-79.01918934834072,True
20211222,20210307,05:00,LIMA,PE-20C,92,DESPISTE,1,0,92.0,2021-03-07,PE-20C,-11.221387282896586,-76.65604896715202,True
20211222,20210307,N.I.,LIMA,PE-1N,124,CHOQUE,0,1,124.0,2021-03-07,PE-1N,-11.303918968677841,-77.48994919599751,True
20211222,20210307,15:30,AREQUIPA,PE-34A,170,DESPISTE,0,2,170.0,2021-03-07,PE-34A,-15.809937678373021,-71.06136921606038,True
20211222,20210307,20:18,TUMBES,PE-1N,189,CHOQUE,0,3,189.0,2021-03-07,PE-1N,-10.831733519592223,-77.69900243810184,True
20211222,20210307,18:45,ANCASH,PE-1N,338,DESPISTE,0,0,338.0,2021-03-07,PE-1N,-9.751606454705291,-78.24623180646212,True
20211222,20210308,09:30,PIURA,PE-1N,13,CHOQUE,1,2,13.0,2021-03-08,PE-1N,-12.018419213960994,-77.05957169542499,True
20211222,20210308,15:00,LIMA,PE-20A,26,DESPISTE,0,1,26.0,2021-03-08,PE-20A,-11.777373769398727,-76.98250171581955,True
20211222,20210308,06:30,AYACUCHO,PE-38B,45,CHOQUE,0,5,45.0,2021-03-08,PE-38B,,,True
20211222,20210308,07:30,LAMBAYEQUE,PE-1NJ,52,CHOQUE,1,0,52.0,2021-03-08,PE-1NJ,-6.263079676868078,-79.73357822353023,True
20211222,20210308,16:40,JUNIN,PE-3S,66,DESPISTE,0,2,66.0,2021-03-08,PE-3S,-11.791762605839725,-75.5491499300693,True
20211222,20210308,20:20,LIMA,PE-22,70,CHOQUE,0,4,70.0,2021-03-08,PE-22,-11.875756205625285,-76.43000257756621,True
20211222,20210308,10:20,AREQUIPA,PE-34A,73,DESPISTE,1,0,73.0,2021-03-08,PE-34A,-16.176169018141145,-71.64835508101379,True
20211222,20210308,07:15,LIMA,PE-1S,91,CHOQUE,0,0,91.0,2021-03-08,PE-1S,-12.88030885021823,-76.51103105481899,True
20211222,20210308,13:45,LAMBAYEQUE,PE-1NJ,98,CHOQUE,0,2,98.0,2021-03-08,PE-1NJ,-5.9288557825142085,-79.762146962111,True
20211222,20210308,02:40,LIMA,PE-1S,98,CHOQUE,0,2,98.0,2021-03-08,PE-1S,-12.940814856339193,-76.4963256343087,True
20211222,20210308,17:20,MOQUEGUA,PE-36A,125,VOLCADURA,0,1,125.0,2021-03-08,PE-36A,-16.88326564817184,-70.44620196110415,True
20211222,20210308,09:42,PUNO,PE-34A,203,DESPISTE,0,0,203.0,2021-03-08,PE-34A,-15.718389570429435,-70.81267785214743,True
20211222,20210308,12:35,HUANUCO,PE-3N,224,CHOQUE,0,1,224.0,2021-03-08,PE-3N,-10.007271273755688,-76.23783246696517,True
20211222,20210308,08:20,MADRE DE DIOS,PE-30C,322,ATROPELLO,0,0,322.0,2021-03-08,PE-30C,-12.88735407035615,-70.01660983495881,True
20211222,20210308,14:35,ICA,PE-1S,325,CHOQUE,0,1,325.0,2021-03-08,PE-1S,-14.298145813625748,-75.67852334086302,True
20211222,20210308,16:15,ANCASH,PE-1N,360,DESPISTE,0,0,360.0,2021-03-08,PE-1N,-9.573098887943583,-78.25612079222711,True
20211222,20210308,11:20,LA LIBERTAD,PE-1N,702,CHOQUE,1,0,702.0,2021-03-08,PE-1N,-7.245963299347794,-79.46770965455104,True
20211222,20210308,09:00,AREQUIPA,PE-1S,926,DESPISTE,0,0,926.0,2021-03-08,PE-1S,-16.393000341439365,-72.09472770457789,True
20211222,20210308,01:40,PIURA,PE-1N,984,CHOQUE,1,0,984.0,2021-03-08,PE-1N,-5.265192885538042,-80.61263429088689,True
20211222,20210308,16:00,CAJAMARCA,PE-5N,1397,CHOQUE,1,0,1397.0,2021-03-08,PE-5N,-5.656472771686129,-78.75619640819325,True
20211222,20210309,10:25,N.I.,N.I.,0,CHOQUE,0,1,0.0,2021-03-09,N.I.,,,True
20211222,20210309,02:15,JUNIN,PE-3SA,10,DESPISTE,0,0,10.0,2021-03-09,PE-3SA,-11.746614046093912,-75.53681232441996,True
20211222,20210309,13:30,LIMA,PE-16,13,CHOQUE,0,6,13.0,2021-03-09,PE-16,-10.563243020423995,-77.75930854701298,True
20211222,20210309,17:40,LA LIBERTAD,PE-10A,21,CHOQUE,0,2,21.0,2021-03-09,PE-10A,-8.064354647709798,-78.86011541956906,True
20211222,20210309,22:00,JUNIN,PE-5S,26,CHOQUE,0,3,26.0,2021-03-09,PE-5S,-10.906534413176983,-75.12003719045012,True
20211222,20210309,16:30,CAJAMARCA,PE-08,30,DESPISTE,0,1,30.0,2021-03-09,PE-08,-7.256363262778409,-79.2460839102787,True
20211222,20210309,10:20,CAJAMARCA,PE-06B,32,DESPISTE,0,0,32.0,2021-03-09,PE-06B,-6.67031799035681,-79.03682158343476,True
20211222,20210309,02:30,LA LIBERTAD,PE-10A,61,DESPISTE,0,0,61.0,2021-03-09,PE-10A,-7.96146949308525,-78.63873486804641,True
20211222,20210309,02:20,LIMA,PE-1S,132,DESPISTE,0,0,132.0,2021-03-09,PE-1S,-13.033356717515588,-76.47248465624018,True
20211222,20210309,16:15,PASCO,PE-3N,141,CHOQUE,0,0,141.0,2021-03-09,PE-3N,-10.644652000049817,-76.16915310362789,True
20211222,20210309,08:40,LIMA,PE-1N,153,DESPISTE,0,1,153.0,2021-03-09,PE-1N,-11.077178170857938,-77.58277443695867,True
20211222,20210309,02:30,LIMA,PE-1N,160,CHOQUE,0,0,160.0,2021-03-09,PE-1N,-11.017857707648707,-77.60056932586828,True
20211222,20210309,13:00,PIURA,PE-1NJ,326,CHOQUE,0,0,326.0,2021-03-09,PE-1NJ,,,True
20211222,20210309,01:30,LA LIBERTAD,PE-1N,578,DESPISTE,0,0,578.0,2021-03-09,PE-1N,-8.054427448005656,-79.0877147514937,True
20211222,20210310,08:52,PUNO,N.I.,0,DESPISTE,3,12,0.0,2021-03-10,N.I.,,,True
20211222,20210310,07:10,AREQUIPA,AR-115,34,CHOQUE,0,1,34.0,2021-03-10,AR-115,,,True
20211222,20210310,23:00,JUNIN,PE-5S,47,CHOQUE,0,2,47.0,2021-03-10,PE-5S,-10.88452699284731,-74.96832018470894,True
20211222,20210310,08:00,PIURA,PE-1N,67,CHOQUE,1,0,67.0,2021-03-10,PE-1N,-11.629287743368248,-77.20732481011504,True
20211222,20210310,18:00,LAMBAYEQUE,PE-1NJ,78,DESPISTE,0,3,78.0,2021-03-10,PE-1NJ,-6.054899081250401,-79.68796757290524,True
20211222,20210310,17:15,MOQUEGUA,PE-36A,84,CHOQUE,0,1,84.0,2021-03-10,PE-36A,-16.939738274070866,-70.66832618975945,True
20211222,20210310,18:00,MOQUEGUA,PE-36A,84,DESPISTE,0,0,84.0,2021-03-10,PE-36A,-16.939738274070866,-70.66832618975945,True
20211222,20210310,02:30,LIMA,PE-1N,88,CHOQUE,0,0,88.0,2021-03-10,PE-1N,-11.518387873127558,-77.29388354143688,True
20211222,20210310,18:30,AREQUIPA,PE-34A,90,CHOQUE,0,0,90.0,2021-03-10,PE-34A,-16.070751940059218,-71.59055872013546,True
20211222,20210310,20:25,LIMA,PE-1N,97,DESPISTE,0,0,97.0,2021-03-10,PE-1N,-11.45304438043922,-77.33160444977595,True
20211222,20210310,07:45,LIMA,PE-22,121,VOLCADURA,0,2,121.0,2021-03-10,PE-22,-11.626055487658348,-76.23358335132001,True
20211222,20210310,08:20,LIMA,PE-22,128,DESPISTE,0,0,128.0,2021-03-10,PE-22,-11.610939453003805,-76.20389438244929,True
20211222,20210310,12:00,LIMA,PE-1N,153,DESPISTE,0,0,153.0,2021-03-10,PE-1N,-11.077178170857938,-77.58277443695867,True
20211222,20210310,22:15,LIMA,LM-101,157,CHOQUE,0,1,157.0,2021-03-10,LM-101,,,True
20211222,20210310,11:15,MADRE DE DIOS,PE-30C,464,DESPISTE,0,1,464.0,2021-03-10,PE-30C,-12.304558445428567,-69.17281815218557,True
20211222,20210310,09:10,LAMBAYEQUE,PE-1N,811,CHOQUE,0,1,811.0,2021-03-10,PE-1N,-6.578253011171165,-79.9875950351483,True
20211222,20210311,06:10,JUNIN,PE-22B,30,DESPISTE,0,1,30.0,2021-03-11,PE-22B,-11.419304853012587,-75.7171682194714,True
20211222,20210311,20:00,CAJAMARCA,PE-08B,35,CHOQUE,0,3,35.0,2021-03-11,PE-08B,-7.087249953819236,-78.33802116436944,True
20211222,20210311,12:10,JUNIN,PE-3N,70,DESPISTE,0,0,70.0,2021-03-11,PE-3N,-11.015584208241725,-76.00767690421759,True
20211222,20210311,19:55,PASCO,PE-3N,97,DESPISTE,0,0,97.0,2021-03-11,PE-3N,-10.850794976887466,-76.15662804022482,True
20211222,20210311,11:30,JUNIN,PE-22,144,DESPISTE,0,0,144.0,2021-03-11,PE-22,-11.600717758390408,-76.10773025137584,True
20211222,20210311,06:00,PUNO,PE-34A,202,DESPISTE,0,3,202.0,2021-03-11,PE-34A,-15.718214889782512,-70.82134085599371,True
20211222,20210311,13:00,ICA,PE-1S,217,CHOQUE,0,2,217.0,2021-03-11,PE-1S,-13.639010549533898,-76.15296472995847,True
20211222,20210311,10:10,APURIMAC,PE-30A,390,CHOQUE,0,1,390.0,2021-03-11,PE-30A,-14.006481082681203,-73.18063247606396,True
20211222,20210311,18:40,SAN MARTIN,PE-5N,553,CHOQUE,0,1,553.0,2021-03-11,PE-5N,-8.746048404472662,-76.19533165682115,True
20211222,20210311,19:00,PUNO,PE-3S,1285,CHOQUE,0,1,1285.0,2021-03-11,PE-3S,-15.278600374094303,-70.28673872051083,True
20211222,20210312,23:40,LORETO,LO-103,7,DESPISTE,0,1,7.0,2021-03-12,LO-103,,,True
20211222,20210312,09:50,LA LIBERTAD,PE-10A,23,CHOQUE,1,0,23.0,2021-03-12,PE-10A,-8.049695616662605,-78.85033198536578,True
20211222,20210312,19:40,AREQUIPA,PE-34A,56,CHOQUE,1,0,56.0,2021-03-12,PE-34A,-16.28063897897422,-71.65937793740878,True
20211222,20210312,20:50,JUNIN,PE-22B,95,CHOQUE,1,0,95.0,2021-03-12,PE-22B,-11.12926827795868,-75.36846495472513,True
20211222,20210312,22:40,PASCO,PE-3N,106,CHOQUE,1,1,106.0,2021-03-12,PE-3N,-10.80797121641139,-76.22309168654662,True
20211222,20210312,04:30,AREQUIPA,PE-34A,110,DESPISTE,0,0,110.0,2021-03-12,PE-34A,-16.06838706496484,-71.42930690677025,True
20211222,20210312,10:25,ANCASH,PE-16,118,DESPISTE,0,2,118.0,2021-03-12,PE-16,-10.155379135583402,-77.31674906986133,True
20211222,20210312,16:30,AMAZONAS,PE-5N,200,CHOQUE,0,2,200.0,2021-03-12,PE-5N,-9.915527516574851,-75.03372821398233,True
20211222,20210312,18:00,ICA,PE-1S,262,DESPISTE,0,1,262.0,2021-03-12,PE-1S,-13.926325062747013,-75.98107252521764,True
20211222,20210312,08:00,MADRE DE DIOS,PE-30C,422,CHOQUE,0,1,422.0,2021-03-12,PE-30C,-12.593592310146914,-69.22753943868666,True
20211222,20210312,06:00,HUANUCO,PE-5N,520,CHOQUE,1,2,520.0,2021-03-12,PE-5N,-8.940630121953886,-76.1086081167485,True
20211222,20210312,20:50,SAN MARTIN,PE-5N,522,ESPECIAL,0,3,522.0,2021-03-12,PE-5N,-8.927434084817307,-76.1017359248622,True
20211222,20210312,20:55,LA LIBERTAD,PE-1N,622,CHOQUE,0,1,622.0,2021-03-12,PE-1N,-7.749881626903481,-79.2822409347845,True
20211222,20210312,20:00,AREQUIPA,PE-1S,977,CHOQUE,0,0,977.0,2021-03-12,PE-1S,-16.59827268329323,-71.85322541824361,True
20211222,20210312,22:15,MOQUEGUA,PE-1S,1155,DESPISTE,0,0,1155.0,2021-03-12,PE-1S,-17.354217477397132,-70.9941725579586,True
20211222,20210313,19:40,CUSCO,N.I.,0,CHOQUE,0,5,0.0,2021-03-13,N.I.,,,True
20211222,20210313,21:30,LIMA,PE-1NE,0,CHOQUE,0,1,0.0,2021-03-13,PE-1NE,-11.064889059999928,-77.58755494699994,True
20211222,20210313,18:55,CUSCO,PE-34G,17,DESPISTE,0,0,17.0,2021-03-13,PE-34G,-14.425928883907496,-71.30157522174042,True
20211222,20210313,20:45,LIMA,PE-1S,21,CHOQUE,0,0,21.0,2021-03-13,PE-1S,-12.233941721727907,-76.96055560500984,True
20211222,20210313,18:40,CAJAMARCA,PE-3N,30,DESPISTE,0,3,30.0,2021-03-13,PE-3N,-11.335086151256812,-75.88815868333015,True
20211222,20210313,08:30,CAJAMARCA,PE-08,37,CHOQUE,0,0,37.0,2021-03-13,PE-08,-7.225457719138045,-79.20821819591296,True
20211222,20210313,06:50,JUNIN,PE-5S,77,DESPISTE,1,0,77.0,2021-03-13,PE-5S,-11.009598161008853,-74.74960078451443,True
20211222,20210313,16:17,CUSCO,PE-28B,115,CHOQUE,0,1,115.0,2021-03-13,PE-28B,-12.761576429142435,-73.99099838749504,True
20211222,20210313,04:30,LIMA,PE-1N,131,DESPISTE,2,0,131.0,2021-03-13,PE-1N,-11.252448761779208,-77.52718472664172,True
20211222,20210313,02:30,JUNIN,PE-22,132,DESPISTE,0,2,132.0,2021-03-13,PE-22,-11.599434301998855,-76.19350382354745,True
20211222,20210313,17:43,PUNO,PE-34A,202,DESPISTE,0,2,202.0,2021-03-13,PE-34A,-15.718214889782512,-70.82134085599371,True
20211222,20210313,19:20,LIMA,PE-1N,219,N.I.,0,7,219.0,2021-03-13,PE-1N,-10.59258418496701,-77.87046136590575,True
20211222,20210313,18:55,PUNO,PE-34A,248,CHOQUE,0,2,248.0,2021-03-13,PE-34A,-15.689828238174067,-70.52693709626354,True
20211222,20210313,19:40,PUNO,PE-34B,286,CHOQUE,0,2,286.0,2021-03-13,PE-34B,-13.457282327649802,-70.40958273796583,True
20211222,20210313,23:30,ANCASH,PE-1N,387,CHOQUE,0,1,387.0,2021-03-13,PE-1N,-9.400649651925901,-78.3758900769182,True
20211222,20210313,19:30,MADRE DE DIOS,PE-30C,414,DESPISTE,0,1,414.0,2021-03-13,PE-30C,-12.642097702106044,-69.26934309736976,True
20211222,20210313,09:28,MOQUEGUA,PE-1S,1143,VOLCADURA,0,0,1143.0,2021-03-13,PE-1S,-17.251187720737885,-70.98721732647464,True
20211222,20210314,15:30,AREQUIPA,PE-34A,14,DESPISTE,1,4,14.0,2021-03-14,PE-34A,-16.47038825473063,-71.69494798738468,True
20211222,20210314,17:20,CAJAMARCA,PE-3N,22,CHOQUE,0,1,22.0,2021-03-14,PE-3N,-11.401326721103267,-75.88291158832953,True
20211222,20210314,05:10,JUNIN,PE-3SA,52,CHOQUE,0,1,52.0,2021-03-14,PE-3SA,-11.477748170215905,-75.67671426292681,True
20211222,20210314,11:50,PIURA,PE-1N,68,DESPISTE,0,1,68.0,2021-03-14,PE-1N,-11.620236408031433,-77.2074018657356,True
20211222,20210314,21:20,LIMA,PE-1S,100,CHOQUE,0,2,100.0,2021-03-14,PE-1S,-12.956665800749098,-76.50055895471792,True
20211222,20210314,16:30,AREQUIPA,PE-34A,151,DESPISTE,0,1,151.0,2021-03-14,PE-34A,-15.917317650936367,-71.19002941273403,True
20211222,20210314,06:20,ANCASH,PE-1N,282,CHOQUE,0,2,282.0,2021-03-14,PE-1N,-10.152974069166657,-78.09999097469593,True
20211222,20210314,16:10,APURIMAC,PE-30A,378,DESPISTE,0,2,378.0,2021-03-14,PE-30A,-14.075924542739973,-73.25852889652285,True
20211222,20210314,13:30,ICA,PE-1S,394,DESPISTE,0,1,394.0,2021-03-14,PE-1S,-14.529244687692557,-75.19621956038549,True
20211222,20210314,12:00,APURIMAC,PE-30A,398,DESPISTE,0,0,398.0,2021-03-14,PE-30A,-13.955168060344572,-73.15049316967094,True
20211222,20210314,10:00,LA LIBERTAD,PE-1N,489,CHOQUE,0,3,489.0,2021-03-14,PE-1N,-8.613816967144967,-78.65974683316847,True
20211222,20210315,12:15,LIMA,PE-1S,22,DESPISTE,0,1,22.0,2021-03-15,PE-1S,-12.23816144054279,-76.95243432758777,True
20211222,20210315,00:30,LIMA,PE-1NE,23,CHOQUE,0,0,23.0,2021-03-15,PE-1NE,-11.10371693119047,-77.38605850622366,True
20211222,20210315,15:30,PIURA,PE-02,23,DESPISTE,2,1,23.0,2021-03-15,PE-02,-5.113841213376644,-80.88026688751732,True
20211222,20210315,22:30,PIURA,PE-1N,29,CHOQUE,0,0,29.0,2021-03-15,PE-1N,-11.876280329837073,-77.06902295015678,True
20211222,20210315,13:00,PUNO,PE-34H,32,ATROPELLO,1,0,32.0,2021-03-15,PE-34H,-15.291810652347785,-69.955349121063,True
20211222,20210315,16:30,LAMBAYEQUE,PE-1NJ,47,CHOQUE,0,1,47.0,2021-03-15,PE-1NJ,-6.301773030129805,-79.7565638638229,True
20211222,20210315,05:50,LIMA,PE-22,72,DESPISTE,0,0,72.0,2021-03-15,PE-22,-11.86082411839993,-76.4208394004285,True
20211222,20210315,11:45,JUNIN,PE-22B,81,DESPISTE,0,1,81.0,2021-03-15,PE-22B,-11.191715497989174,-75.47136570211731,True
20211222,20210315,04:50,LIMA,PE-1S,97,ATROPELLO,1,0,97.0,2021-03-15,PE-1S,-12.932281797664176,-76.4989866965431,True
20211222,20210315,17:05,LIMA,PE-1S,104,CHOQUE,0,2,104.0,2021-03-15,PE-1S,-12.99075830634379,-76.4891650496388,True
20211222,20210315,14:15,AREQUIPA,PE-34A,133,CHOQUE,0,3,133.0,2021-03-15,PE-34A,-16.009659113890738,-71.27526253149041,True
20211222,20210315,16:20,PASCO,PE-3N,133,CHOQUE,0,0,133.0,2021-03-15,PE-3N,-10.689057854499133,-76.187226378255,True
20211222,20210315,15:45,AREQUIPA,PE-34A,135,DESPISTE,0,0,135.0,2021-03-15,PE-34A,-15.996314724701708,-71.26402442655132,True
20211222,20210315,16:30,PUNO,PE-34A,160,DESPISTE,0,0,160.0,2021-03-15,PE-34A,-15.866509623715539,-71.13211339794492,True
20211222,20210315,21:15,HUANUCO,PE-3N,204,CHOQUE,0,1,204.0,2021-03-15,PE-3N,-10.17348960047559,-76.18999416396692,True
20211222,20210315,11:40,ICA,PE-1S,226,DESPISTE,0,1,226.0,2021-03-15,PE-1S,-13.714898314129082,-76.15379871750926,True
20211222,20210315,21:30,MADRE DE DIOS,N.I.,322,ESPECIAL,0,3,322.0,2021-03-15,N.I.,,,True
20211222,20210315,05:00,LA LIBERTAD,PE-1N,536,DESPISTE,0,0,536.0,2021-03-15,PE-1N,-8.304708723512833,-78.90521340966767,True
20211222,20210315,00:00,LAMBAYEQUE,PE-1N,808,CHOQUE,0,2,808.0,2021-03-15,PE-1N,-6.6011271014122945,-79.97310292702666,True
20211222,20210315,10:40,APURIMAC,PE-3S,809,CHOQUE,0,3,809.0,2021-03-15,PE-3S,-13.58358061007186,-72.83539502678221,True
20211222,20210316,20:40,LORETO,LO-103,10,DESPISTE,0,1,10.0,2021-03-16,LO-103,,,True
20211222,20210316,17:20,LIMA,PE-1S,30,DESPISTE,0,0,30.0,2021-03-16,PE-1S,-12.276137808704581,-76.88997544513248,True
20211222,20210316,01:00,CAJAMARCA,PE-06B,94,DESPISTE,0,3,94.0,2021-03-16,PE-06B,-6.565642640697046,-78.79706254199421,True
20211222,20210316,00:30,ANCASH,PE-16,121,DESPISTE,0,0,121.0,2021-03-16,PE-16,-10.136737470900803,-77.30176707174654,True
20211222,20210316,09:20,JUNIN,PE-22,139,DESPISTE,0,0,139.0,2021-03-16,PE-22,-11.594107364437981,-76.1417273617344,True
20211222,20210316,18:50,PUNO,PE-34A,205,DESPISTE,0,0,205.0,2021-03-16,PE-34A,-15.710261864557383,-70.81635288482103,True
20211222,20210316,14:18,SAN MARTIN,PE-5N,434,CHOQUE,0,1,434.0,2021-03-16,PE-5N,-9.099644872584054,-75.7443634356203,True
20211222,20210316,17:00,APURIMAC,PE-30A,443,DESPISTE,0,2,443.0,2021-03-16,PE-30A,-13.714864691207744,-72.9179896591038,True
20211222,20210316,19:40,CUSCO,PE-3S,1103,CHOQUE,0,1,1103.0,2021-03-16,PE-3S,-14.213187304234966,-71.29769966387647,True
20211222,20210317,15:00,ANCASH,AN-624,0,DESPISTE,0,1,0.0,2021-03-17,AN-624,,,True
20211222,20210317,22:55,PASCO,N.I.,0,DESPISTE,0,0,0.0,2021-03-17,N.I.,,,True
20211222,20210317,22:30,LIMA,PE-1S,22,CHOQUE,0,1,22.0,2021-03-17,PE-1S,-12.23816144054279,-76.95243432758777,True
20211222,20210317,N.I.,CAJAMARCA,PE-08,58,DESPISTE,0,0,58.0,2021-03-17,PE-08,-7.24411744527752,-79.06551678440906,True
20211222,20210317,06:00,PASCO,PE-20A,84,DESPISTE,0,12,84.0,2021-03-17,PE-20A,-11.502015252708505,-76.66514532202419,True
20211222,20210317,11:00,CUSCO,PE-3SG,124,VOLCADURA,0,0,124.0,2021-03-17,PE-3SG,-14.575617392930598,-72.03917034958545,True
20211222,20210317,21:00,PASCO,PE-3N,169,CHOQUE,0,0,169.0,2021-03-17,PE-3N,-10.424765692179337,-76.19523973275544,True
20211222,20210317,12:20,CAJAMARCA,PE-08B,184,ATROPELLO,0,2,184.0,2021-03-17,PE-08B,-6.822522278955102,-77.9474112107326,True
20211222,20210317,05:30,LAMBAYEQUE,PE-1N,755,CHOQUE,0,1,755.0,2021-03-17,PE-1N,-6.936081057595697,-79.72772429975228,True
20211222,20210317,05:00,TACNA,PE-1S,1292,CHOQUE,0,5,1292.0,2021-03-17,PE-1S,-18.015977328203796,-70.26113037882865,True
20211222,20210318,19:55,LIMA,PE-1N,84,CHOQUE,0,1,84.0,2021-03-18,PE-1N,-11.55014767325089,-77.27645631319672,True
20211222,20210318,19:00,LIMA,PE-1S,97,CHOQUE,0,1,97.0,2021-03-18,PE-1S,-12.932281797664176,-76.4989866965431,True
20211222,20210318,21:00,PUNO,PE-34A,288,DESPISTE,0,3,288.0,2021-03-18,PE-34A,-15.550926087520432,-70.22516252252863,True
20211222,20210318,02:15,MADRE DE DIOS,PE-30C,324,CHOQUE,1,1,324.0,2021-03-18,PE-30C,-12.89176091055515,-69.99921662303102,True
20211222,20210318,00:40,ICA,PE-1S,375,DESPISTE,1,1,375.0,2021-03-18,PE-1S,-14.49561864053481,-75.28617340493587,True
20211222,20210318,16:45,AMAZONAS,PE-5N,380,ATROPELLO,0,1,380.0,2021-03-18,PE-5N,-8.939560118916177,-75.3887841670532,True
20211222,20210319,03:00,CUSCO,PE-34G,17,DESPISTE,0,0,17.0,2021-03-19,PE-34G,-14.425928883907496,-71.30157522174042,True
20211222,20210319,16:30,CUSCO,PE-30C,20,CHOQUE,0,5,20.0,2021-03-19,PE-30C,-13.616850020909709,-71.57839913921302,True
20211222,20210319,19:30,LORETO,LO-103,34,DESPISTE,0,1,34.0,2021-03-19,LO-103,,,True
20211222,20210319,05:45,LIMA,PE-1S,42,CHOQUE,0,2,42.0,2021-03-19,PE-1S,-12.346898641804312,-76.8100491539498,True
20211222,20210319,20:40,LIMA,PE-1S,115,CHOQUE,2,2,115.0,2021-03-19,PE-1S,-12.755272682638774,-76.60501471407265,True
20211222,20210319,18:40,CUSCO,N.I.,160,CHOQUE,0,0,160.0,2021-03-19,N.I.,,,True
20211222,20210319,19:00,MADRE DE DIOS,PE-30C,389,CHOQUE,0,1,389.0,2021-03-19,PE-30C,-12.719560387020726,-69.48856092480203,True
20211222,20210319,08:15,ANCASH,PE-1N,405,DESPISTE,0,0,405.0,2021-03-19,PE-1N,-9.256612109220557,-78.43404856221233,True
20211222,20210319,10:30,AREQUIPA,PE-1S,702,CHOQUE,0,2,702.0,2021-03-19,PE-1S,-16.22825229679622,-73.62189619309089,True
20211222,20210319,21:30,PIURA,PE-1N,905,DESPISTE,0,1,905.0,2021-03-19,PE-1N,-5.97115141958002,-80.53034334430674,True
20211222,20210319,03:00,CUSCO,PE-3S,986,CHOQUE,1,0,986.0,2021-03-19,PE-3S,-13.554165083429263,-71.85846045440697,True
20211222,20210320,14:20,LIMA,PE-1N,5,CHOQUE,1,0,5.0,2021-03-20,PE-1N,-12.030899527517434,-77.00296103022148,True
20211222,20210320,18:30,PUNO,PE-34H,6,CHOQUE,0,2,6.0,2021-03-20,PE-34H,-15.446356435787227,-70.0918643947271,True
20211222,20210320,20:50,SAN MARTIN,PE-5NB,14,DESPISTE,1,0,14.0,2021-03-20,PE-5NB,-6.459504118152641,-76.30139469082312,True
20211222,20210320,17:30,AREQUIPA,PE-34A,17,CHOQUE,0,0,17.0,2021-03-20,PE-34A,-16.452080361408385,-71.68889321286376,True
20211222,20210320,11:50,JUNIN,PE-3S,73,DESPISTE,0,1,73.0,2021-03-20,PE-3S,-11.821985425523053,-75.50537376348963,True
20211222,20210320,16:58,AREQUIPA,PE-34A,105,CHOQUE,1,2,105.0,2021-03-20,PE-34A,-16.073008273972896,-71.47404551076433,True
20211222,20210320,08:02,LIMA,PE-22,120,CHOQUE,0,3,120.0,2021-03-20,PE-22,-11.629337782609793,-76.23416358937914,True
20211222,20210320,12:30,LIMA,PE-1N,214,CHOQUE,2,2,214.0,2021-03-20,PE-1N,-10.634856971999191,-77.85753313557,True
20211222,20210320,18:20,APURIMAC,PE-30A,298,DESPISTE,0,1,298.0,2021-03-20,PE-30A,-14.516774647041704,-73.27449505903488,True
20211222,20210320,06:30,LA LIBERTAD,PE-1N,459,DESPISTE,1,0,459.0,2021-03-20,PE-1N,-8.855142105091396,-78.65016782704681,True
20211222,20210320,11:45,AREQUIPA,PE-1S,596,DESPISTE,0,1,596.0,2021-03-20,PE-1S,-15.808541827122104,-74.36411932509961,True
20211222,20210320,20:40,LA LIBERTAD,PE-1N,691,CHOQUE,1,0,691.0,2021-03-20,PE-1N,-7.320688308498619,-79.48054495816804,True
20211222,20210320,20:15,LAMBAYEQUE,PE-1N,803,CHOQUE,1,4,803.0,2021-03-20,PE-1N,-6.6393136990526855,-79.94906030068034,True
20211222,20210320,21:10,AREQUIPA,PE-1S,948,DESPISTE,0,0,948.0,2021-03-20,PE-1S,-16.46657068222686,-71.92730620901166,True
20211222,20210321,09:51,CAJAMARCA,PE-08A,17,DESPISTE,0,1,17.0,2021-03-21,PE-08A,-7.149901622110398,-78.84351746004594,True
20211222,20210321,16:20,JUNIN,PE-3SA,20,DESPISTE,0,1,20.0,2021-03-21,PE-3SA,-11.663271179761406,-75.578372596142,True
20211222,20210321,11:00,CAJAMARCA,PE-3N,38,CHOQUE,0,5,38.0,2021-03-21,PE-3N,-11.275576855331497,-75.92515139189797,True
20211222,20210321,20:30,CAJAMARCA,PE-08B,65,ATROPELLO,0,1,65.0,2021-03-21,PE-08B,-7.013404959266547,-78.21297081412797,True
20211222,20210321,20:00,LAMBAYEQUE,PE-1NJ,95,DESPISTE,0,2,95.0,2021-03-21,PE-1NJ,-5.955106538830416,-79.7562599592598,True
20211222,20210321,21:00,JUNIN,PE-5S,115,ESPECIAL,1,0,115.0,2021-03-21,PE-5S,-11.2208471561695,-74.59645797506928,True
20211222,20210321,13:20,JUNIN,PE-22,154,DESPISTE,0,1,154.0,2021-03-21,PE-22,-11.609307054351873,-76.03421073631003,True
20211222,20210321,17:30,AMAZONAS,PE-5N,233,CHOQUE,0,2,233.0,2021-03-21,PE-5N,-9.63070993265429,-75.01565915945017,True
20211222,20210322,11:00,LIMA,N.I.,0,DESPISTE,0,1,0.0,2021-03-22,N.I.,,,True
20211222,20210322,04:30,JUNIN,PE-3N,2,CHOQUE,0,2,2.0,2021-03-22,PE-3N,-11.516979329170939,-75.92525230461979,True
20211222,20210322,13:30,LIMA,PE-1NE,8,CHOQUE,0,1,8.0,2021-03-22,PE-1NE,-11.072643552373872,-77.51724834465243,True
20211222,20210322,20:30,AREQUIPA,PE-34,33,DESPISTE,0,2,33.0,2021-03-22,PE-34,-16.880187171198905,-72.02561869261848,True
20211222,20210322,11:30,LIMA,PE-22,102,CHOQUE,0,0,102.0,2021-03-22,PE-22,-11.734384890987917,-76.2611372332661,True
20211222,20210322,14:30,CUSCO,PE-30C,145,DESPISTE,0,3,145.0,2021-03-22,PE-30C,-13.515556048927975,-70.89883770545458,True
20211222,20210322,06:30,LIMA,PE-1N,187,DESPISTE,0,0,187.0,2021-03-22,PE-1N,-10.838933147581805,-77.6966656488656,True
20211222,20210322,20:20,TUMBES,PE-1N,196,DESPISTE,0,1,196.0,2021-03-22,PE-1N,-10.80568667295188,-77.70196500070757,True
20211222,20210322,11:30,HUANUCO,PE-5N,221,CHOQUE,1,1,221.0,2021-03-22,PE-5N,-9.734644959736503,-75.00813492513805,True
20211222,20210322,06:00,AYACUCHO,PE-28A,302,CHOQUE,0,2,302.0,2021-03-22,PE-28A,-13.282681874154349,-74.31135616348993,True
20211222,20210322,07:00,AYACUCHO,PE-3S,450,CHOQUE,0,3,450.0,2021-03-22,PE-3S,-13.392318794459475,-74.06352118525216,True
20211222,20210322,15:30,SAN MARTIN,PE-5N,514,DESPISTE,0,1,514.0,2021-03-22,PE-5N,-8.987998410771592,-76.08167150173009,True
20211222,20210322,12:00,ANCASH,PE-3N,600,CHOQUE,0,6,600.0,2021-03-22,PE-3N,-9.375630359881868,-77.59039175183369,True
20211222,20210322,01:00,LA LIBERTAD,PE-1N,701,CHOQUE,1,0,701.0,2021-03-22,PE-1N,-7.2484875487197495,-79.47487144016594,True
20211222,20210322,18:20,AREQUIPA,PE-1S,960,DESPISTE,0,0,960.0,2021-03-22,PE-1S,-16.50024966329882,-71.83049626618092,True
20211222,20210323,17:00,CUSCO,PE-30C,2,CHOQUE,0,0,2.0,2021-03-23,PE-30C,-13.68036639040393,-71.60307944127136,True
20211222,20210323,11:51,LIMA,PE-22,9,DESPISTE,0,23,9.0,2021-03-23,PE-22,-12.018614236936147,-76.9122752302355,True
20211222,20210323,07:00,LIMA,PE-20C,19,CHOQUE,0,2,19.0,2021-03-23,PE-20C,-11.482897487972883,-77.15053825962282,True
20211222,20210323,10:30,PIURA,PE-1N,23,CHOQUE,0,1,23.0,2021-03-23,PE-1N,-11.928881120159856,-77.07251352389007,True
20211222,20210323,16:15,JUNIN,PE-3SA,40,DESPISTE,0,3,40.0,2021-03-23,PE-3SA,-11.54691918681432,-75.6273280431265,True
20211222,20210323,06:00,LIMA,PE-1S,89,DESPISTE,0,1,89.0,2021-03-23,PE-1S,-12.862251577292358,-76.51091817246795,True
20211222,20210323,06:40,LIMA,PE-1N,115,DESPISTE,0,2,115.0,2021-03-23,PE-1N,-11.370151284322256,-77.44202915357737,True
20211222,20210323,11:45,LIMA,PE-22,132,DESPISTE,0,1,132.0,2021-03-23,PE-22,-11.599434301998855,-76.19350382354745,True
20211222,20210323,15:30,JUNIN,PE-22,163,CHOQUE,0,0,163.0,2021-03-23,PE-22,-11.604167622617199,-75.96978343198595,True
20211222,20210323,10:00,AYACUCHO,PE-3S,501,DESPISTE,0,1,501.0,2021-03-23,PE-3S,-13.43182913824988,-73.89509552662497,True
20211222,20210323,05:30,LAMBAYEQUE,PE-1N,754,CHOQUE,2,19,754.0,2021-03-23,PE-1N,-6.940818416111369,-79.72005947592885,True
20211222,20210323,12:15,LAMBAYEQUE,PE-1N,795,CHOQUE,0,0,795.0,2021-03-23,PE-1N,-6.691321692852781,-79.90372127713171,True
20211222,20210323,20:00,AREQUIPA,PE-1S,844,CHOQUE,0,2,844.0,2021-03-23,PE-1S,-16.658594079240718,-72.63194091311208,True
20211222,20210323,21:09,AREQUIPA,PE-1S,873,DESPISTE,0,2,873.0,2021-03-23,PE-1S,-16.526311857696278,-72.47455614692106,True
20211222,20210324,06:30,UCAYALI,PE-18C,72,DESPISTE,0,0,72.0,2021-03-24,PE-18C,-8.409462093349871,-74.64937863207601,True
20211222,20210324,09:40,TACNA,PE-1SD,76,CHOQUE,0,0,76.0,2021-03-24,PE-1SD,-16.888515023942645,-72.16333373692231,True
20211222,20210324,14:30,JUNIN,PE-5S,78,CHOQUE,1,0,78.0,2021-03-24,PE-5S,-11.017606037425463,-74.7517984778365,True
20211222,20210324,14:50,MOQUEGUA,PE-36A,83,CHOQUE,0,0,83.0,2021-03-24,PE-36A,-16.94646322425668,-70.67076451224318,True
20211222,20210324,12:00,JUNIN,PE-3SB,104,DESPISTE,0,1,104.0,2021-03-24,PE-3SB,,,True
20211222,20210324,21:05,LIMA,PE-1N,148,DESPISTE,0,0,148.0,2021-03-24,PE-1N,-11.120063004814797,-77.59402031657369,True
20211222,20210324,19:20,AYACUCHO,PE-30A,177,DESPISTE,0,0,177.0,2021-03-24,PE-30A,-14.674015741746079,-74.05432605994515,True
20211222,20210324,01:30,ICA,PE-1S,226,DESPISTE,0,2,226.0,2021-03-24,PE-1S,-13.714898314129082,-76.15379871750926,True
20211222,20210324,04:44,ICA,PE-1S,303,DESPISTE,0,0,303.0,2021-03-24,PE-1S,-14.110085448653109,-75.71798742551744,True
20211222,20210324,10:00,ANCASH,PE-1N,362,DESPISTE,0,0,362.0,2021-03-24,PE-1N,-9.556879013279245,-78.26396220018621,True
20211222,20210324,20:30,AREQUIPA,PE-1S,685,CHOQUE,0,0,685.0,2021-03-24,PE-1S,-16.181321539429533,-73.75196868506998,True
20211222,20210324,22:30,LAMBAYEQUE,PE-1N,764,DESPISTE,0,1,764.0,2021-03-24,PE-1N,-6.893189107253981,-79.79654875241435,True
20211222,20210325,09:30,AREQUIPA,PE-34A,43,CHOQUE,0,0,43.0,2021-03-25,PE-34A,-16.34566057274956,-71.58157999999992,True
20211222,20210325,N.I.,LA LIBERTAD,PE-10A,57,CHOQUE,1,0,57.0,2021-03-25,PE-10A,-7.984461035359549,-78.65199167795566,True
20211222,20210325,01:48,LIMA,PE-1N,85,DESPISTE,0,0,85.0,2021-03-25,PE-1N,-11.542148320798743,-77.28069405572357,True
20211222,20210325,05:30,LIMA,PE-1N,85,CHOQUE,0,0,85.0,2021-03-25,PE-1N,-11.542148320798743,-77.28069405572357,True
20211222,20210325,N.I.,LIMA,PE-1N,85,CHOQUE,0,0,85.0,2021-03-25,PE-1N,-11.542148320798743,-77.28069405572357,True
20211222,20210325,17:40,ANCASH,PE-16,114,CHOQUE,1,0,114.0,2021-03-25,PE-16,-10.15665064745004,-77.32602968346578,True
20211222,20210325,03:40,PUNO,PE-36A,281,DESPISTE,0,0,281.0,2021-03-25,PE-36A,-16.577518061215574,-69.2410785068479,True
20211222,20210325,22:40,SAN MARTIN,PE-5N,471,CHOQUE,0,0,471.0,2021-03-25,PE-5N,-9.19369648902883,-75.87266161750564,True
20211222,20210325,06:00,HUANUCO,PE-5N,489,DESPISTE,0,0,489.0,2021-03-25,PE-5N,-9.149422856027124,-75.98984083796016,True
20211222,20210325,19:00,CUSCO,PE-3S,1062,DESPISTE,0,1,1062.0,2021-03-25,PE-3S,-13.954358219351315,-71.50005752312171,True
20211222,20210325,16:00,PUNO,PE-3S,1224,ATROPELLO,1,1,1224.0,2021-03-25,PE-3S,-14.894262416257732,-70.59081799009047,True
20211222,20210326,23:30,LORETO,PE-5NI,3,DESPISTE,0,2,3.0,2021-03-26,PE-5NI,-3.7200358597846424,-73.24271675800797,True
20211222,20210326,02:30,LAMBAYEQUE,PE-1NJ,29,CHOQUE,0,1,29.0,2021-03-26,PE-1NJ,-6.432157203640129,-79.84272392347847,True
20211222,20210326,02:25,PIURA,PI-102,53,CHOQUE,0,3,53.0,2021-03-26,PI-102,,,True
20211222,20210326,16:00,JUNIN,PE-5S,74,DESPISTE,0,6,74.0,2021-03-26,PE-5S,-10.992128021358202,-74.76699672100358,True
20211222,20210326,19:15,AREQUIPA,PE-34A,75,CHOQUE,1,3,75.0,2021-03-26,PE-34A,-16.163114130662024,-71.64551036603693,True
20211222,20210326,17:00,LIMA,PE-1N,75,CHOQUE,0,0,75.0,2021-03-26,PE-1N,-11.613182867318377,-77.23179150617773,True
20211222,20210326,08:40,AREQUIPA,PE-34A,95,DESPISTE,0,9,95.0,2021-03-26,PE-34A,-16.073036221633206,-71.55620738984587,True
20211222,20210326,18:30,LIMA,PE-1S,113,DESPISTE,0,1,113.0,2021-03-26,PE-1S,-12.739440151424326,-76.61355016748098,True
20211222,20210326,11:50,PIURA,PE-1NJ,182,DESPISTE,1,1,182.0,2021-03-26,PE-1NJ,-5.3230463039603,-80.08014405287238,True
20211222,20210326,22:40,LA LIBERTAD,PE-1N,478,DESPISTE,0,0,478.0,2021-03-26,PE-1N,-8.691000081975163,-78.63548213590546,True
20211222,20210326,20:30,AREQUIPA,PE-1S,986,CHOQUE,0,0,986.0,2021-03-26,PE-1S,-16.67396806540126,-71.87101417483842,True
20211222,20210327,11:00,LAMBAYEQUE,PE-04B,4,ATROPELLO,0,2,4.0,2021-03-27,PE-04B,-5.968404006562192,-79.68399076314905,True
20211222,20210327,17:30,PIURA,PE-1N,4,CHOQUE,0,1,4.0,2021-03-27,PE-1N,-12.029881894044047,-76.99429512668502,True
20211222,20210327,02:10,ICA,PE-28A,16,CHOQUE,1,1,16.0,2021-03-27,PE-28A,-13.695330918042108,-76.0159178893319,True
20211222,20210327,18:40,LIMA,PE-20A,23,CHOQUE,0,0,23.0,2021-03-27,PE-20A,-11.802022087596619,-76.98538611095874,True
20211222,20210327,10:51,JUNIN,PE-22B,26,DESPISTE,0,0,26.0,2021-03-27,PE-22B,-11.419224721507325,-75.7490794571029,True
20211222,20210327,11:15,CUSCO,PE-28F,37,CHOQUE,0,0,37.0,2021-03-27,PE-28F,-13.324191452083877,-72.12009570084557,True
20211222,20210327,17:00,LIMA,PE-1N,75,CHOQUE,0,0,75.0,2021-03-27,PE-1N,-11.613182867318377,-77.23179150617773,True
20211222,20210327,12:45,JUNIN,PE-22B,84,CHOQUE,0,2,84.0,2021-03-27,PE-22B,-11.176400822936204,-75.45030024330721,True
20211222,20210327,08:45,LIMA,PE-22,85,ESPECIAL,1,0,85.0,2021-03-27,PE-22,-11.797678584749768,-76.33832511331053,True
20211222,20210327,11:40,PUNO,PE-36A,269,DESPISTE,0,0,269.0,2021-03-27,PE-36A,-16.58781851251746,-69.33597291430871,True
20211222,20210327,15:50,SAN MARTIN,PE-5N,491,CHOQUE,0,1,491.0,2021-03-27,PE-5N,-9.148324019952081,-76.00692991894236,True
20211222,20210327,20:30,SAN MARTIN,PE-5N,501,ATROPELLO,0,1,501.0,2021-03-27,PE-5N,-9.086998496998792,-76.06225237028178,True
20211222,20210327,04:30,CUSCO,PE-28B,551,DESPISTE,0,0,551.0,2021-03-27,PE-28B,-13.123475724119606,-72.33578598945013,True
20211222,20210327,11:30,AREQUIPA,PE-1S,733,CHOQUE,0,0,733.0,2021-03-27,PE-1S,-16.314819523211042,-73.36374756498316,True
20211222,20210327,08:00,CUSCO,PE-3S,905,CHOQUE,0,0,905.0,2021-03-27,PE-3S,-13.448982342602653,-72.40291798570802,True
20211222,20210328,19:45,LORETO,PE-5NI,9,DESPISTE,0,1,9.0,2021-03-28,PE-5NI,-3.673724055494867,-73.25056907057586,True
20211222,20210328,16:50,AREQUIPA,PE-34J,16,DESPISTE,0,1,16.0,2021-03-28,PE-34J,-15.645920772880748,-71.05416316489833,True
20211222,20210328,17:50,PUNO,PE-34H,21,DESPISTE,0,1,21.0,2021-03-28,PE-34H,-15.323974856095196,-70.03620189808183,True
20211222,20210328,11:50,JUNIN,PE-3N,39,CHOQUE,0,0,39.0,2021-03-28,PE-3N,-11.26668632362294,-75.92268190747808,True
20211222,20210328,20:40,AYACUCHO,PE-30A,187,CHOQUE,0,0,187.0,2021-03-28,PE-30A,-14.62970261284223,-74.03123290424573,True
20211222,20210328,07:30,ICA,PE-1S,206,DESPISTE,0,2,206.0,2021-03-28,PE-1S,-13.54359092380097,-76.1326873825764,True
20211222,20210328,13:45,PUNO,PE-36A,299,DESPISTE,0,0,299.0,2021-03-28,PE-36A,-16.611327826849575,-69.0932279495322,True
20211222,20210328,14:58,APURIMAC,PE-30A,305,DESPISTE,0,0,305.0,2021-03-28,PE-30A,-14.508931596787791,-73.26350772839417,True
20211222,20210328,21:00,APURIMAC,PE-30A,390,CHOQUE,0,0,390.0,2021-03-28,PE-30A,-14.006481082681203,-73.18063247606396,True
20211222,20210328,16:30,AYACUCHO,PE-3S,423,CHOQUE,0,2,423.0,2021-03-28,PE-3S,-13.33571822597988,-74.21818187792631,True
20211222,20210329,08:30,AREQUIPA,PE-34A,1,CHOQUE,0,0,1.0,2021-03-29,PE-34A,-16.528980167571643,-71.77503284871896,True
20211222,20210329,07:15,MOQUEGUA,PE-36,18,DESPISTE,0,1,18.0,2021-03-29,PE-36,-17.623336786407602,-71.18016848640599,True
20211222,20210329,17:15,CUSCO,PE-34G,24,DESPISTE,0,0,24.0,2021-03-29,PE-34G,-14.373596188337958,-71.33002662360089,True
20211222,20210329,06:00,SAN MARTIN,PE-5NB,28,ESPECIAL,0,3,28.0,2021-03-29,PE-5NB,-6.41216256890992,-76.30223760089784,True
20211222,20210329,09:30,LAMBAYEQUE,PE-06A,39,CHOQUE,0,1,39.0,2021-03-29,PE-06A,-6.731929818874629,-79.55964498684251,True
20211222,20210329,22:45,JUNIN,PE-3S,60,DESPISTE,0,1,60.0,2021-03-29,PE-3S,-11.797049741454138,-75.59196639716265,True
20211222,20210329,06:30,AREQUIPA,PE-34A,63,CHOQUE,0,0,63.0,2021-03-29,PE-34A,-16.24108744454076,-71.66959297781624,True
20211222,20210329,12:00,AREQUIPA,PE-1SD,75,DESPISTE,0,0,75.0,2021-03-29,PE-1SD,-16.887266210040906,-72.17134183669629,True
20211222,20210329,16:00,ANCASH,PE-16,94,DESPISTE,0,0,94.0,2021-03-29,PE-16,-10.144820962795025,-77.41890854777459,True
20211222,20210329,21:30,LIMA,PE-22,99,CHOQUE,0,0,99.0,2021-03-29,PE-22,-11.74017894661236,-76.27916507852545,True
20211222,20210329,11:36,HUANUCO,PE-18A,118,DESPISTE,0,1,118.0,2021-03-29,PE-18A,-9.338987683968853,-75.98647291738689,True
20211222,20210329,16:30,LIMA,PE-1N,150,CHOQUE,0,1,150.0,2021-03-29,PE-1N,-11.10264150638305,-77.58969396542564,True
20211222,20210329,16:45,ANCASH,PE-3N,162,CHOQUE,0,0,162.0,2021-03-29,PE-3N,-10.480445182181336,-76.18196327868787,True
20211222,20210329,03:49,LIMA,PE-1N,218,DESPISTE,0,1,218.0,2021-03-29,PE-1N,-10.601543724012462,-77.87106821361006,True
20211222,20210329,17:10,PUNO,PE-34A,226,DESPISTE,0,4,226.0,2021-03-29,PE-34A,-15.643352517787386,-70.68652367946481,True
20211222,20210329,19:08,PUNO,PE-34A,226,DESPISTE,0,3,226.0,2021-03-29,PE-34A,-15.643352517787386,-70.68652367946481,True
20211222,20210329,19:40,ANCASH,PE-1N,292,CHOQUE,0,2,292.0,2021-03-29,PE-1N,-10.079413907454422,-78.1506975550275,True
20211222,20210329,10:50,AMAZONAS,PE-5N,320,DESPISTE,0,0,320.0,2021-03-29,PE-5N,-8.900453095242021,-75.04371333642341,True
20211222,20210329,17:30,AYACUCHO,PE-3S,412,DESPISTE,0,3,412.0,2021-03-29,PE-3S,-13.265446271667695,-74.23235339984943,True
20211222,20210329,11:40,APURIMAC,PE-3S,824,CHOQUE,0,0,824.0,2021-03-29,PE-3S,-13.53918734899105,-72.78510189768507,True
20211222,20210329,20:50,APURIMAC,PE-3S,843,CHOQUE,0,1,843.0,2021-03-29,PE-3S,-13.558277065569612,-72.74017830381207,True
20211222,20210329,01:50,MOQUEGUA,PE-1S,1098,CHOQUE,0,1,1098.0,2021-03-29,PE-1S,-17.24233206252258,-71.2702992383746,True
20211222,20210330,12:00,CAJAMARCA,PE-3N,8,CHOQUE,0,0,8.0,2021-03-30,PE-3N,-11.481597150923148,-75.95672083384216,True
20211222,20210330,14:25,AREQUIPA,PE-34E,10,DESPISTE,0,3,10.0,2021-03-30,PE-34E,-15.98021920898444,-71.38222639140666,True
20211222,20210330,15:30,AREQUIPA,PE-34,10,CHOQUE,0,0,10.0,2021-03-30,PE-34,-16.698912442821943,-71.92505090035222,True
20211222,20210330,07:30,JUNIN,PE-3N,11,DESPISTE,0,0,11.0,2021-03-30,PE-3N,-11.457718254078598,-75.9535502486343,True
20211222,20210330,10:50,JUNIN,PE-3SA,26,CHOQUE,0,0,26.0,2021-03-30,PE-3SA,-11.637061225098675,-75.59811834425413,True
20211222,20210330,05:30,JUNIN,PE-3N,54,DESPISTE,0,0,54.0,2021-03-30,PE-3N,-11.151720054915572,-75.98961299328315,True
20211222,20210330,08:11,LIMA,PE-1N,69,CHOQUE,0,1,69.0,2021-03-30,PE-1N,-11.611573094810433,-77.20594646622817,True
20211222,20210330,15:00,LIMA,PE-1N,89,ATROPELLO,1,0,89.0,2021-03-30,PE-1N,-11.510274217605199,-77.29781520138859,True
20211222,20210330,07:30,PASCO,PE-3N,137,DESPISTE,0,1,137.0,2021-03-30,PE-3N,-10.661611148591415,-76.17476146280698,True
20211222,20210330,06:35,LIMA,PE-1S,169,CHOQUE,0,1,169.0,2021-03-30,PE-1S,-13.28317234259674,-76.27031375613106,True
20211222,20210330,06:00,PUNO,PE-34A,228,DESPISTE,0,3,228.0,2021-03-30,PE-34A,-15.65597474508646,-70.6737457767899,True
20211222,20210330,11:40,ICA,PE-1S,423,CHOQUE,2,0,423.0,2021-03-30,PE-1S,-14.715954984230008,-75.09158291576988,True
20211222,20210330,19:45,MADRE DE DIOS,PE-30C,463,ATROPELLO,0,2,463.0,2021-03-30,PE-30C,-12.313225827842473,-69.17007134716265,True
20211222,20210330,20:10,AREQUIPA,PE-1S,598,DESPISTE,0,0,598.0,2021-03-30,PE-1S,-15.813810469851669,-74.35475336898283,True
20211222,20210331,00:00,PIURA,PE-1NL,3,CHOQUE,1,0,3.0,2021-03-31,PE-1NL,-4.91364316252069,-80.67157421678512,True
20211222,20210331,20:00,JUNIN,PE-22B,8,DESPISTE,0,2,8.0,2021-03-31,PE-22B,-11.402659603195467,-75.82116699642796,True
20211222,20210331,05:30,LAMBAYEQUE,LA-115,13,CHOQUE,2,0,13.0,2021-03-31,LA-115,,,True
20211222,20210331,23:00,MOQUEGUA,PE-1SD,17,CHOQUE,0,3,17.0,2021-03-31,PE-1SD,-16.68615035980611,-72.50864195293506,True
20211222,20210331,08:00,LIMA,PE-1NA,18,DESPISTE,0,1,18.0,2021-03-31,PE-1NA,-11.646123812970785,-77.20818641099416,True
20211222,20210331,17:20,UCAYALI,PE-18C,29,CHOQUE,0,2,29.0,2021-03-31,PE-18C,-8.628805444373711,-74.94257397621628,True
20211222,20210331,19:00,MOQUEGUA,PE-36B,42,CHOQUE,0,2,42.0,2021-03-31,PE-36B,-16.578758635213493,-70.37813724579803,True
20211222,20210331,13:00,AMAZONAS,PE-08C,45,CHOQUE,0,0,45.0,2021-03-31,PE-08C,,,True
20211222,20210331,14:50,LIMA,PE-1S,57,CHOQUE,0,0,57.0,2021-03-31,PE-1S,-12.459353853415445,-76.75305506986528,True
20211222,20210331,21:05,LAMBAYEQUE,PE-06A,65,N.I.,0,0,65.0,2021-03-31,PE-06A,-6.632075617547539,-79.39859937415851,True
20211222,20210331,15:50,LIMA,PE-1S,79,DESPISTE,0,0,79.0,2021-03-31,PE-1S,-12.622155134287613,-76.67070490348846,True
20211222,20210331,07:00,PASCO,PE-3N,139,CHOQUE,0,2,139.0,2021-03-31,PE-3N,-10.648549611513406,-76.16548078471018,True
20211222,20210331,09:10,LIMA,PE-1S,148,VOLCADURA,0,1,148.0,2021-03-31,PE-1S,-13.144421709528807,-76.38437346365887,True
20211222,20210331,11:20,PUNO,PE-34H,163,CHOQUE,0,2,163.0,2021-03-31,PE-34H,-14.523460929677766,-69.6710472524086,True
20211222,20210331,19:20,AREQUIPA,PE-34A,181,DESPISTE,0,1,181.0,2021-03-31,PE-34A,-15.766109999999912,-70.97783042100791,True
20211222,20210331,19:20,PUNO,PE-34A,181,DESPISTE,0,1,181.0,2021-03-31,PE-34A,-15.766109999999912,-70.97783042100791,True
20211222,20210331,00:30,ICA,PE-1S,226,DESPISTE,0,2,226.0,2021-03-31,PE-1S,-13.714898314129082,-76.15379871750926,True
20211222,20210331,20:50,LA LIBERTAD,PE-1N,632,CHOQUE,1,0,632.0,2021-03-31,PE-1N,-7.674440170683751,-79.32597918190022,True
20211222,20210331,05:40,APURIMAC,PE-3S,827,CHOQUE,0,0,827.0,2021-03-31,PE-3S,-13.53517697167563,-72.76292444487602,True
20211222,20210331,14:30,PIURA,PE-1N,1019,CHOQUE,0,1,1019.0,2021-03-31,PE-1N,-5.008574894850088,-80.70003596898175,True
20211222,20210401,06:15,LIMA,PE-1S,108,CHOQUE,0,1,108.0,2021-04-01,PE-1S,-12.80540376186029,-76.54555704667551,True
20211222,20210401,07:10,LIMA,PE-1S,134,DESPISTE,0,1,134.0,2021-04-01,PE-1S,-13.049910897562258,-76.46651872610731,True
20211222,20210401,16:45,ICA,PE-1S,338,ESPECIAL,0,0,338.0,2021-04-01,PE-1S,-14.38766517266624,-75.60701402713659,True
20211222,20210401,01:30,ANCASH,PE-1N,341,DESPISTE,0,0,341.0,2021-04-01,PE-1N,-9.730542237425908,-78.26112446450901,True
20211222,20210401,09:30,AMAZONAS,PE-5N,353,DESPISTE,0,1,353.0,2021-04-01,PE-5N,-8.829826531716229,-75.21633298433368,True
20211222,20210401,18:50,ANCASH,PE-1N,359,DESPISTE,0,0,359.0,2021-04-01,PE-1N,-9.58200095402121,-78.25447552210707,True
20211222,20210401,04:40,ANCASH,PE-1N,422,CHOQUE,2,0,422.0,2021-04-01,PE-1N,-9.033799444882886,-78.61414432914387,True
20211222,20210401,21:30,SAN MARTIN,PE-5N,531,ATROPELLO,0,1,531.0,2021-04-01,PE-5N,-8.853773938117492,-76.10849608164354,True
20211222,20210403,07:02,JUNIN,PE-3S,5,DESPISTE,0,0,5.0,2021-04-03,PE-3S,-11.543649050368941,-75.88276250284709,True
20211222,20210403,05:30,LAMBAYEQUE,PE-06A,24,CHOQUE,0,1,24.0,2021-04-03,PE-06A,-6.744223395614456,-79.68605895300723,True
20211222,20210403,18:30,CAJAMARCA,PE-08B,87,DESPISTE,0,2,87.0,2021-04-03,PE-08B,-6.922881111760983,-78.19317754220607,True
20211222,20210403,13:20,AREQUIPA,PE-34A,156,DESPISTE,0,0,156.0,2021-04-03,PE-34A,-15.886122430567605,-71.16306524803484,True
20211222,20210403,07:00,LIMA,PE-1N,170,CHOQUE,0,4,170.0,2021-04-03,PE-1N,-10.949304809071922,-77.64688715326429,True
20211222,20210403,21:30,ANCASH,PE-3N,651,CHOQUE,0,1,651.0,2021-04-03,PE-3N,-9.036477551374414,-77.8204262655402,True
20211222,20210403,17:25,TUMBES,TU-101,N.I.,CHOQUE,0,2,,2021-04-03,TU-101,,,True
20211222,20210404,22:40,CAJAMARCA,PE-08B,2,CHOQUE,1,0,2.0,2021-04-04,PE-08B,-7.165235502108614,-78.48429918127292,True
20211222,20210404,19:40,CUSCO,CU-117,14,DESPISTE,0,1,14.0,2021-04-04,CU-117,,,True
20211222,20210404,19:00,LAMBAYEQUE,PE-1NJ,20,CHOQUE,0,1,20.0,2021-04-04,PE-1NJ,-6.508692035654479,-79.86019165919504,True
20211222,20210404,19:30,JUNIN,PE-3N,31,DESPISTE,0,3,31.0,2021-04-04,PE-3N,-11.327259931926376,-75.89266645905688,True
20211222,20210404,N.I.,LIMA,PE-22,45,ESPECIAL,1,0,45.0,2021-04-04,PE-22,-11.918755397602297,-76.62008477334118,True
20211222,20210404,06:00,LIMA,PE-1S,51,ESPECIAL,1,0,51.0,2021-04-04,PE-1S,-12.406260825749756,-76.75671785301714,True
20211222,20210404,13:00,JUNIN,PE-3S,56,DESPISTE,0,3,56.0,2021-04-04,PE-3S,-11.817344434049984,-75.61565164504763,True
20211222,20210404,17:00,JUNIN,PE-22B,62,DESPISTE,0,0,62.0,2021-04-04,PE-22B,-11.280256803858363,-75.56408697341854,True
20211222,20210404,17:30,HUANUCO,PE-18A,64,CHOQUE,1,1,64.0,2021-04-04,PE-18A,-9.657498972955931,-76.06385277758093,True
20211222,20210404,09:30,CAJAMARCA,PE-3N,76,DESPISTE,0,0,76.0,2021-04-04,PE-3N,-10.978670398254351,-76.04253603028845,True
20211222,20210404,04:50,LIMA,PE-22,82,DESPISTE,0,5,82.0,2021-04-04,PE-22,-11.8105007855227,-76.35303580366866,True
20211222,20210404,00:30,LIMA,PE-22,97,DESPISTE,0,0,97.0,2021-04-04,PE-22,-11.749547458497183,-76.29229812539438,True
20211222,20210404,10:30,AREQUIPA,PE-34A,185,CHOQUE,0,0,185.0,2021-04-04,PE-34A,-15.754162249829529,-70.95101871894164,True
20211222,20210404,21:50,PUNO,PE-34B,269,CHOQUE,0,0,269.0,2021-04-04,PE-34B,-13.579429195235718,-70.44566656281634,True
20211222,20210404,10:25,PUNO,PE-34A,297,CHOQUE,0,1,297.0,2021-04-04,PE-34A,-15.50347376520364,-70.15917483342156,True
20211222,20210404,14:00,LA LIBERTAD,PE-1N,675,VOLCADURA,0,1,675.0,2021-04-04,PE-1N,-7.419392005615868,-79.54423128407181,True
20211222,20210405,07:00,LAMBAYEQUE,PE-1NJ,22,CHOQUE,0,3,22.0,2021-04-05,PE-1NJ,-6.490955051745949,-79.85766355776629,True
20211222,20210405,09:45,SAN MARTIN,PE-5NB,29,CHOQUE,0,2,29.0,2021-04-05,PE-5NB,-6.417647013220136,-76.29610739584722,True
20211222,20210405,11:00,CAJAMARCA,PE-3N,31,CHOQUE,0,0,31.0,2021-04-05,PE-3N,-11.327259931926376,-75.89266645905688,True
20211222,20210405,13:30,JUNIN,PE-3SB,104,DESPISTE,0,0,104.0,2021-04-05,PE-3SB,,,True
20211222,20210405,23:00,HUANUCO,PE-18A,117,CHOQUE,0,2,117.0,2021-04-05,PE-18A,-9.346429147684768,-75.98152305216388,True
20211222,20210405,11:00,LIMA,PE-1S,128,CHOQUE,0,0,128.0,2021-04-05,PE-1S,-12.712765346131768,-76.629701758712,True
20211222,20210405,06:40,ICA,PE-1S,254,CHOQUE,0,1,254.0,2021-04-05,PE-1S,-13.905063042848166,-76.04970215746565,True
20211222,20210405,23:30,ANCASH,PE-1N,380,CHOQUE,0,1,380.0,2021-04-05,PE-1N,-9.452961273971308,-78.34184430665518,True
20211222,20210405,N.I.,ANCASH,PE-1N,407,VOLCADURA,0,3,407.0,2021-04-05,PE-1N,-9.242911107421294,-78.44563424343892,True
20211222,20210405,16:20,SAN MARTIN,PE-5N,446,DESPISTE,0,5,446.0,2021-04-05,PE-5N,-9.140002385092885,-75.78234453077094,True
20211222,20210405,04:50,LAMBAYEQUE,PE-1N,876,DESPISTE,0,1,876.0,2021-04-05,PE-1N,-6.202661715100363,-80.42573570203628,True
20211222,20210405,15:30,CUSCO,PE-3S,913,DESPISTE,0,3,913.0,2021-04-05,PE-3S,-13.457739732101517,-72.3933423452367,True
20211222,20210406,15:10,AREQUIPA,PE-1S,57,CHOQUE,0,0,57.0,2021-04-06,PE-1S,-12.459353853415445,-76.75305506986528,True
20211222,20210406,07:45,HUANUCO,PE-18A,85,CHOQUE,1,0,85.0,2021-04-06,PE-18A,-9.546952744475153,-76.00979440983846,True
20211222,20210406,19:45,ANCASH,PE-16,87,DESPISTE,0,4,87.0,2021-04-06,PE-16,-10.154114237682432,-77.44806339973387,True
20211222,20210406,11:30,CAJAMARCA,PE-3N,87,DESPISTE,0,0,87.0,2021-04-06,PE-3N,-10.894060145693265,-76.08004026975293,True
20211222,20210406,12:35,LIMA,PE-22,112,CHOQUE,0,0,112.0,2021-04-06,PE-22,-11.67094606237875,-76.25628872745061,True
20211222,20210406,01:31,LIMA,PE-1N,121,CHOQUE,0,1,121.0,2021-04-06,PE-1N,-11.32597621175267,-77.47398276617513,True
20211222,20210406,17:30,PASCO,PE-3N,144,CHOQUE,0,1,144.0,2021-04-06,PE-3N,-10.622460162551553,-76.17568696489387,True
20211222,20210406,01:30,LIMA,PE-1N,212,DESPISTE,1,3,212.0,2021-04-06,PE-1N,-10.64959579125828,-77.8481143075102,True
20211222,20210406,08:20,PUNO,PE-34A,236,DESPISTE,0,0,236.0,2021-04-06,PE-34A,-15.688032551956711,-70.61882568994588,True
20211222,20210406,19:20,LA LIBERTAD,PE-1N,451,ATROPELLO,0,2,451.0,2021-04-06,PE-1N,-8.926117855369666,-78.6360638711548,True
20211222,20210406,23:30,SAN MARTIN,PE-5N,596,CHOQUE,0,1,596.0,2021-04-06,PE-5N,-8.422846331202868,-76.32609883856692,True
20211222,20210407,20:50,AREQUIPA,AR-106,1,CHOQUE,0,0,1.0,2021-04-07,AR-106,,,True
20211222,20210407,14:10,ANCASH,PE-12B,9,DESPISTE,0,0,9.0,2021-04-07,PE-12B,-8.578640507923454,-77.5767432991359,True
20211222,20210407,16:00,JUNIN,PE-3N,21,DESPISTE,0,2,21.0,2021-04-07,PE-3N,-11.405611136614198,-75.88866325828847,True
20211222,20210407,10:40,AREQUIPA,PE-1SD,33,CHOQUE,0,0,33.0,2021-04-07,PE-1SD,-16.72578013335487,-72.41535242989583,True
20211222,20210407,21:00,LIMA,PE-1N,36,ATROPELLO,1,0,36.0,2021-04-07,PE-1N,-11.833657622641407,-77.11324051344288,True
20211222,20210407,02:30,LIMA,PE-1S,53,CHOQUE,0,1,53.0,2021-04-07,PE-1S,-12.424112563376994,-76.75390574014192,True
20211222,20210407,08:00,PUNO,PE-34B,82,CHOQUE,0,2,82.0,2021-04-07,PE-34B,-14.72112355949085,-70.36110285185441,True
20211222,20210407,14:30,LIMA,PE-22,126,CHOQUE,0,0,126.0,2021-04-07,PE-22,-11.614467954103207,-76.20780232462717,True
20211222,20210407,03:50,ANCASH,PE-1N,371,CHOQUE,1,0,371.0,2021-04-07,PE-1N,-9.486043543365328,-78.27292896472373,True
20211222,20210407,20:00,SAN MARTIN,PE-5N,432,DESPISTE,0,1,432.0,2021-04-07,PE-5N,-9.089595927376081,-75.7329820590451,True
20211222,20210407,11:40,SAN MARTIN,PE-5N,447,DESPISTE,0,0,447.0,2021-04-07,PE-5N,-9.138822679959642,-75.78760039462384,True
20211222,20210407,20:40,AREQUIPA,PE-1S,515,CHOQUE,0,2,515.0,2021-04-07,PE-1S,-15.410162105157006,-74.88785565437115,True
20211222,20210407,11:40,LA LIBERTAD,PE-1N,640,DESPISTE,0,0,640.0,2021-04-07,PE-1N,-7.616154429436836,-79.3664979206595,True
20211222,20210407,11:45,LA LIBERTAD,PE-1N,640,DESPISTE,0,0,640.0,2021-04-07,PE-1N,-7.616154429436836,-79.3664979206595,True
20211222,20210407,14:30,AREQUIPA,PE-1S,862,CHOQUE,0,0,862.0,2021-04-07,PE-1S,-16.5445018702583,-72.57421449140094,True
20211222,20210407,07:00,PIURA,PE-1N,892,DESPISTE,0,0,892.0,2021-04-07,PE-1N,-6.083747435277642,-80.50207495911454,True
20211222,20210407,08:40,AREQUIPA,PE-1S,959,CHOQUE,0,0,959.0,2021-04-07,PE-1S,-16.495487334472188,-71.838480160404,True
20211222,20210407,13:30,AREQUIPA,PE-1S,1041,CHOQUE,0,0,1041.0,2021-04-07,PE-1S,-17.027181748636483,-71.6844183597377,True
20211222,20210407,17:40,AREQUIPA,PE-1S,1048,N.I.,1,0,1048.0,2021-04-07,PE-1S,-17.031704646134582,-71.6368442047118,True
20211222,20210407,16:44,MOQUEGUA,PE-1S,1123,DESPISTE,0,1,1123.0,2021-04-07,PE-1S,-17.22035511628819,-71.08619642315774,True
20211222,20210408,15:30,AREQUIPA,PE-34J,17,DESPISTE,0,3,17.0,2021-04-08,PE-34J,-15.636798624285115,-71.05368821295319,True
20211222,20210408,14:40,UCAYALI,PE-18C,19,CHOQUE,0,1,19.0,2021-04-08,PE-18C,-8.688082080781154,-74.99002898925876,True
20211222,20210408,19:30,MOQUEGUA,PE-1SD,21,CHOQUE,0,0,21.0,2021-04-08,PE-1SD,-16.690480797665096,-72.47542140824321,True
20211222,20210408,17:50,LIMA,PE-1S,52,DESPISTE,0,3,52.0,2021-04-08,PE-1S,-12.415186934417585,-76.75539200264268,True
20211222,20210408,12:50,LIMA,PE-1S,71,DESPISTE,1,2,71.0,2021-04-08,PE-1S,-12.570198805780505,-76.69642422185582,True
20211222,20210408,14:30,LIMA,PE-22,126,CHOQUE,0,0,126.0,2021-04-08,PE-22,-11.614467954103207,-76.20780232462717,True
20211222,20210408,05:00,LIMA,PE-1S,128,CHOQUE,0,0,128.0,2021-04-08,PE-1S,-12.712765346131768,-76.629701758712,True
20211222,20210408,16:40,PIURA,PE-1N,135,CHOQUE,0,2,135.0,2021-04-08,PE-1N,-11.223052958048491,-77.54847131269644,True
20211222,20210408,07:45,ANCASH,PE-3N,149,DESPISTE,0,0,149.0,2021-04-08,PE-3N,-10.579784782538278,-76.1874072993174,True
20211222,20210408,12:10,LIMA,PE-1N,168,CHOQUE,0,1,168.0,2021-04-08,PE-1N,-10.967382712409657,-77.64619613041687,True
20211222,20210408,07:25,AYACUCHO,PE-30A,238,DESPISTE,11,21,238.0,2021-04-08,PE-30A,-14.638091624325678,-73.7136114893077,True
20211222,20210408,15:35,SAN MARTIN,PE-5N,434,ATROPELLO,1,0,434.0,2021-04-08,PE-5N,-9.099644872584054,-75.7443634356203,True
20211222,20210408,16:36,MOQUEGUA,PE-1S,1149,DESPISTE,0,1,1149.0,2021-04-08,PE-1S,-17.304139399158963,-70.98824443932251,True
20211222,20210408,17:45,PUNO,PE-3S,1427,CHOQUE,0,2,1427.0,2021-04-08,PE-3S,-16.142512215320423,-69.57212918569648,True
20211222,20210408,09:15,CUSCO,PE-28G,N.I.,CHOQUE,0,0,,2021-04-08,PE-28G,-13.505258191999928,-71.97114911299991,True
20211222,20210409,06:00,PIURA,PE-1N,20,DESPISTE,0,2,20.0,2021-04-09,PE-1N,-11.955729325248207,-77.06936122850793,True
20211222,20210409,20:25,ICA,PE-1S,39,DESPISTE,0,0,39.0,2021-04-09,PE-1S,-12.324686043235044,-76.82584432079277,True
20211222,20210409,14:45,SAN MARTIN,PE-5NB,75,CHOQUE,0,1,75.0,2021-04-09,PE-5NB,-6.172845187537631,-76.25787116108214,True
20211222,20210409,00:10,LAMBAYEQUE,PE-1NJ,91,CHOQUE,0,1,91.0,2021-04-09,PE-1NJ,-5.986065575619233,-79.73949937898931,True
20211222,20210409,15:20,AYACUCHO,PE-30A,101,DESPISTE,0,0,101.0,2021-04-09,PE-30A,-14.649773147310151,-74.3104944949935,True
20211222,20210409,15:20,AYACUCHO,PE-30A,102,DESPISTE,0,0,102.0,2021-04-09,PE-30A,-14.643801159223239,-74.30586069646586,True
20211222,20210409,15:00,MOQUEGUA,PE-36A,103,DESPISTE,0,0,103.0,2021-04-09,PE-36A,-16.8518881226344,-70.58904682246985,True
20211222,20210409,14:56,LIMA,PE-20A,113,CHOQUE,0,1,113.0,2021-04-09,PE-20A,-11.41128585177706,-76.56329671727585,True
20211222,20210409,15:40,AREQUIPA,PE-34A,130,CHOQUE,1,1,130.0,2021-04-09,PE-34A,-16.022413373208202,-71.28175563657058,True
20211222,20210409,15:20,PUNO,PE-34A,230,DESPISTE,0,2,230.0,2021-04-09,PE-34A,-15.66406821740003,-70.65748030419819,True
20211222,20210409,21:30,CUSCO,PE-28B,478,CHOQUE,0,0,478.0,2021-04-09,PE-28B,-12.984089710837566,-72.65610358832889,True
20211222,20210409,09:05,ANCASH,PE-3N,588,DESPISTE,0,0,588.0,2021-04-09,PE-3N,-9.45943666808347,-77.53978700835316,True
20211222,20210409,21:40,APURIMAC,PE-3S,641,CHOQUE,1,0,641.0,2021-04-09,PE-3S,-13.653032344785426,-73.3144519969554,True
20211222,20210409,07:00,AREQUIPA,PE-1S,1031,DESPISTE,0,0,1031.0,2021-04-09,PE-1S,-16.99556814301624,-71.72508998011439,True
20211222,20210409,12:00,TACNA,PE-1S,1298,CHOQUE,0,1,1298.0,2021-04-09,PE-1S,-18.06039571691551,-70.28587392014111,True
20211222,20210410,21:00,CAJAMARCA,PE-08B,2,DESPISTE,0,0,2.0,2021-04-10,PE-08B,-7.165235502108614,-78.48429918127292,True
20211222,20210410,19:00,CUSCO,CU-117,14,ATROPELLO,1,0,14.0,2021-04-10,CU-117,,,True
20211222,20210410,19:20,LAMBAYEQUE,PE-1NJ,20,CHOQUE,0,1,20.0,2021-04-10,PE-1NJ,-6.508692035654479,-79.86019165919504,True
20211222,20210410,09:10,CAJAMARCA,PE-3N,31,DESPISTE,0,0,31.0,2021-04-10,PE-3N,-11.327259931926376,-75.89266645905688,True
20211222,20210410,17:10,LIMA,PE-22,45,CHOQUE,1,0,45.0,2021-04-10,PE-22,-11.918755397602297,-76.62008477334118,True
20211222,20210410,16:45,LIMA,PE-1S,51,DESPISTE,0,0,51.0,2021-04-10,PE-1S,-12.406260825749756,-76.75671785301714,True
20211222,20210410,16:00,JUNIN,PE-3S,56,CHOQUE,1,2,56.0,2021-04-10,PE-3S,-11.817344434049984,-75.61565164504763,True
20211222,20210410,20:00,JUNIN,PE-22B,62,DESPISTE,0,1,62.0,2021-04-10,PE-22B,-11.280256803858363,-75.56408697341854,True
20211222,20210410,17:35,HUANUCO,PE-18A,64,DESPISTE,0,1,64.0,2021-04-10,PE-18A,-9.657498972955931,-76.06385277758093,True
20211222,20210410,16:20,LIMA,PE-22,82,DESPISTE,0,1,82.0,2021-04-10,PE-22,-11.8105007855227,-76.35303580366866,True
20211222,20210410,06:00,JUNIN,PE-3SB,104,DESPISTE,0,0,104.0,2021-04-10,PE-3SB,,,True
20211222,20210410,03:50,LIMA,PE-1S,128,DESPISTE,0,0,128.0,2021-04-10,PE-1S,-12.712765346131768,-76.629701758712,True
20211222,20210410,17:08,AREQUIPA,PE-34A,185,DESPISTE,0,1,185.0,2021-04-10,PE-34A,-15.754162249829529,-70.95101871894164,True
20211222,20210410,09:30,ANCASH,PE-1N,407,DESPISTE,0,1,407.0,2021-04-10,PE-1N,-9.242911107421294,-78.44563424343892,True
20211222,20210410,18:00,LA LIBERTAD,PE-1N,675,DESPISTE,0,2,675.0,2021-04-10,PE-1N,-7.419392005615868,-79.54423128407181,True
20211222,20210410,19:54,LAMBAYEQUE,PE-1N,748,CHOQUE,0,0,748.0,2021-04-10,PE-1N,-6.971678838765333,-79.67590289677723,True
20211222,20210410,08:15,LAMBAYEQUE,PE-1N,876,DESPISTE,0,5,876.0,2021-04-10,PE-1N,-6.202661715100363,-80.42573570203628,True
20211222,20210411,23:27,SAN MARTIN,PE-5NB,29,CHOQUE,1,0,29.0,2021-04-11,PE-5NB,-6.417647013220136,-76.29610739584722,True
20211222,20210411,00:05,JUNIN,PE-3N,31,DESPISTE,0,2,31.0,2021-04-11,PE-3N,-11.327259931926376,-75.89266645905688,True
20211222,20210411,22:30,JUNIN,PE-3S,69,CHOQUE,0,2,69.0,2021-04-11,PE-3S,-11.80216033819456,-75.52956956591535,True
20211222,20210411,14:00,CAJAMARCA,PE-3N,87,CHOQUE,0,1,87.0,2021-04-11,PE-3N,-10.894060145693265,-76.08004026975293,True
20211222,20210411,08:52,HUANUCO,PE-18A,117,CHOQUE,0,1,117.0,2021-04-11,PE-18A,-9.346429147684768,-75.98152305216388,True
20211222,20210411,03:20,LIMA,PE-1N,212,CHOQUE,1,0,212.0,2021-04-11,PE-1N,-10.64959579125828,-77.8481143075102,True
20211222,20210411,04:45,PUNO,PE-34A,236,DESPISTE,0,0,236.0,2021-04-11,PE-34A,-15.688032551956711,-70.61882568994588,True
20211222,20210411,16:15,ICA,PE-1S,290,ATROPELLO,0,1,290.0,2021-04-11,PE-1S,-14.010245210882806,-75.76528016364195,True
20211222,20210411,16:00,SAN MARTIN,PE-5N,446,CHOQUE,0,1,446.0,2021-04-11,PE-5N,-9.140002385092885,-75.78234453077094,True
20211222,20210411,05:35,LA LIBERTAD,PE-1N,451,CHOQUE,0,1,451.0,2021-04-11,PE-1N,-8.926117855369666,-78.6360638711548,True
20211222,20210412,09:50,LIMA,PE-22,1,CHOQUE,0,1,1.0,2021-04-12,PE-22,-12.030625872855016,-76.98333853747452,True
20211222,20210412,07:00,ANCASH,PE-14C,49,DESPISTE,20,17,49.0,2021-04-12,PE-14C,-8.679501820701294,-77.55209293787787,True
20211222,20210412,02:15,LIMA,PE-1S,67,ESPECIAL,0,0,67.0,2021-04-12,PE-1S,-12.541498764666107,-76.71744604357072,True
20211222,20210412,05:45,ANCASH,PE-16,86,DESPISTE,0,0,86.0,2021-04-12,PE-16,-10.157193218946084,-77.45211833369991,True
20211222,20210412,08:10,LIMA,PE-22,102,DESPISTE,0,0,102.0,2021-04-12,PE-22,-11.734384890987917,-76.2611372332661,True
20211222,20210412,23:50,JUNIN,PE-22,137,CHOQUE,0,1,137.0,2021-04-12,PE-22,-11.598333234186347,-76.15669596477372,True
20211222,20210412,02:30,PUNO,PE-34B,220,DESPISTE,0,0,220.0,2021-04-12,PE-34B,-13.854922575974602,-70.50837907121132,True
20211222,20210412,20:45,APURIMAC,PE-30A,331,DESPISTE,0,6,331.0,2021-04-12,PE-30A,-14.342728973654648,-73.16309046351067,True
20211222,20210412,14:50,ANCASH,PE-1N,383,CHOQUE,1,0,383.0,2021-04-12,PE-1N,-9.432551725582474,-78.35903894261155,True
20211222,20210412,09:30,SAN MARTIN,PE-5N,569,N.I.,1,0,569.0,2021-04-12,PE-5N,-8.64932977251367,-76.25421676965242,True
20211222,20210412,11:10,AREQUIPA,PE-1S,772,DESPISTE,0,0,772.0,2021-04-12,PE-1S,-16.449511499234312,-73.1160704276813,True
20211222,20210412,11:10,AREQUIPA,PE-1S,772,DESPISTE,0,0,772.0,2021-04-12,PE-1S,-16.449511499234312,-73.1160704276813,True
20211222,20210412,05:50,LAMBAYEQUE,PE-1N,877,DESPISTE,0,0,877.0,2021-04-12,PE-1N,-6.196296574928936,-80.43215995207092,True
20211222,20210412,09:00,PUNO,PE-3S,1231,DESPISTE,0,3,1231.0,2021-04-12,PE-3S,-14.932468615811656,-70.54285194964497,True
20211222,20210412,10:45,PUNO,PE-3S,1288,CHOQUE,1,1,1288.0,2021-04-12,PE-3S,-15.2801118503507,-70.25975041884001,True
20211222,20210413,03:30,LA LIBERTAD,PE-10A,21,CHOQUE,0,0,21.0,2021-04-13,PE-10A,-8.064354647709798,-78.86011541956906,True
20211222,20210413,N.I.,ANCASH,PE-14,32,DESPISTE,0,1,32.0,2021-04-13,PE-14,-9.516955742902104,-78.04788767506425,True
20211222,20210413,14:50,LIMA,PE-1S,48,DESPISTE,0,2,48.0,2021-04-13,PE-1S,-12.384814162531237,-76.77075501133196,True
20211222,20210413,15:35,LAMBAYEQUE,PE-06A,55,CHOQUE,0,1,55.0,2021-04-13,PE-06A,-6.68608262806268,-79.45281486974875,True
20211222,20210413,16:06,LIMA,PE-1N,74,DESPISTE,0,0,74.0,2021-04-13,PE-1N,-11.61032449534697,-77.223165537099,True
20211222,20210413,03:00,AMAZONAS,PE-5N,197,DESPISTE,0,3,197.0,2021-04-13,PE-5N,-9.93509026685947,-75.04883864034,True
20211222,20210413,21:00,ICA,PE-1S,226,CHOQUE,0,1,226.0,2021-04-13,PE-1S,-13.714898314129082,-76.15379871750926,True
20211222,20210413,18:55,MADRE DE DIOS,PE-30C,408,DESPISTE,0,1,408.0,2021-04-13,PE-30C,-12.660624782020117,-69.32290546056892,True
20211222,20210413,15:05,ANCASH,PE-1N,418,CHOQUE,0,1,418.0,2021-04-13,PE-1N,-9.058068068236896,-78.59017083827591,True
20211222,20210413,08:50,LA LIBERTAD,PE-1N,732,DESPISTE,0,2,732.0,2021-04-13,PE-1N,-7.058083264723555,-79.57042450172128,True
20211222,20210413,08:30,AREQUIPA,PE-1S,946,CHOQUE,0,1,946.0,2021-04-13,PE-1S,-16.46983470777,-71.94217847103849,True
20211222,20210413,23:45,PIURA,PE-1N,967,DESPISTE,0,2,967.0,2021-04-13,PE-1N,-5.417813486077803,-80.61151636223133,True
20211222,20210414,17:15,JUNIN,PE-3N,31,VOLCADURA,0,1,31.0,2021-04-14,PE-3N,-11.327259931926376,-75.89266645905688,True
20211222,20210414,12:42,LAMBAYEQUE,PE-06A,47,DESPISTE,0,1,47.0,2021-04-14,PE-06A,-6.737679514359059,-79.49844297059359,True
20211222,20210414,05:00,AYACUCHO,PE-30A,75,DESPISTE,0,3,75.0,2021-04-14,PE-30A,-14.698596110321049,-74.52210657670899,True
20211222,20210414,16:00,LIMA,PE-22,117,DESPISTE,0,0,117.0,2021-04-14,PE-22,-11.652992464739166,-76.24041091487405,True
20211222,20210414,04:00,LIMA,PE-1N,165,CHOQUE,0,6,165.0,2021-04-14,PE-1N,-10.990336053078599,-77.6363844554546,True
20211222,20210414,08:47,AREQUIPA,PE-34A,180,DESPISTE,0,1,180.0,2021-04-14,PE-34A,-15.763305766868132,-70.9865046216848,True
20211222,20210414,17:40,PUNO,PE-36A,286,DESPISTE,0,0,286.0,2021-04-14,PE-36A,-16.597522615881857,-69.1994851402054,True
20211222,20210414,04:56,APURIMAC,PE-30A,374,DESPISTE,0,2,374.0,2021-04-14,PE-30A,-14.107786965509387,-73.28306313712989,True
20211222,20210414,07:20,SAN MARTIN,PE-5N,443,CHOQUE,0,0,443.0,2021-04-14,PE-5N,-9.155593658883797,-75.77074892689224,True
20211222,20210414,19:35,LA LIBERTAD,PE-1N,639,CHOQUE,0,0,639.0,2021-04-14,PE-1N,-7.62425593060786,-79.36260330682661,True
20211222,20210414,10:50,AREQUIPA,PE-1S,817,CHOQUE,0,0,817.0,2021-04-14,PE-1S,-16.57134922951973,-72.81503419438691,True
20211222,20210414,05:45,AREQUIPA,PE-1S,875,DESPISTE,0,0,875.0,2021-04-14,PE-1S,-16.52045391330248,-72.45683872460684,True
20211222,20210415,18:10,ANCASH,PE-12,22,VOLCADURA,0,0,22.0,2021-04-15,PE-12,-8.817322387677768,-78.55368498605442,True
20211222,20210415,22:50,LIMA,PE-22,23,CHOQUE,0,1,23.0,2021-04-15,PE-22,-11.980158122472123,-76.78913228552031,True
20211222,20210415,12:35,JUNIN,PE-3SA,27,CHOQUE,0,0,27.0,2021-04-15,PE-3SA,-11.633416739610999,-75.60379032854759,True
20211222,20210415,20:00,AREQUIPA,AR-106,29,CHOQUE,0,1,29.0,2021-04-15,AR-106,,,True
20211222,20210415,07:35,JUNIN,PE-3N,31,DESPISTE,0,0,31.0,2021-04-15,PE-3N,-11.327259931926376,-75.89266645905688,True
20211222,20210415,00:30,JUNIN,PE-3SA,47,DESPISTE,1,0,47.0,2021-04-15,PE-3SA,-11.505985423644988,-75.65101987114569,True
20211222,20210415,07:26,MOQUEGUA,PE-36A,47,DESPISTE,0,0,47.0,2021-04-15,PE-36A,-17.046467471498826,-70.83800475372954,True
20211222,20210415,16:50,LIMA,PE-1N,72,CHOQUE,0,0,72.0,2021-04-15,PE-1N,-11.603811379412052,-77.20606249487899,True
20211222,20210415,09:15,ANCASH,PE-3N,123,DESPISTE,0,0,123.0,2021-04-15,PE-3N,-10.693518890651662,-76.22636326476739,True
20211222,20210415,21:30,ICA,PE-1S,196,DESPISTE,0,2,196.0,2021-04-15,PE-1S,-13.455371411323036,-76.13624321271496,True
20211222,20210415,21:40,ICA,PE-1S,377,DESPISTE,0,0,377.0,2021-04-15,PE-1S,-14.497228660595075,-75.26832944185828,True
20211222,20210415,13:00,MADRE DE DIOS,PE-30C,386,DESPISTE,0,7,386.0,2021-04-15,PE-30C,-12.73070613895509,-69.51379171837883,True
20211222,20210415,09:00,APURIMAC,PE-30A,411,CHOQUE,0,0,411.0,2021-04-15,PE-30A,-13.917097577934582,-73.05865989821093,True
20211222,20210415,12:30,ANCASH,PE-3N,501,CHOQUE,0,0,501.0,2021-04-15,PE-3N,-10.119209726567012,-77.29309034175797,True
20211222,20210415,14:00,MOQUEGUA,PE-1S,1159,DESPISTE,0,1,1159.0,2021-04-15,PE-1S,-17.383297238626568,-71.00572752191464,True
20211222,20210416,17:30,JUNIN,PE-3N,30,DESPISTE,1,1,30.0,2021-04-16,PE-3N,-11.335086151256812,-75.88815868333015,True
20211222,20210416,06:10,LIMA,PE-1S,41,DESPISTE,0,0,41.0,2021-04-16,PE-1S,-12.339832093802427,-76.81572625312138,True
20211222,20210416,20:30,JUNIN,PE-3SA,46,DESPISTE,0,1,46.0,2021-04-16,PE-3SA,-11.513197854169624,-75.6473568939924,True
20211222,20210416,14:20,JUNIN,PE-3N,50,DESPISTE,0,0,50.0,2021-04-16,PE-3N,-11.182230842609718,-75.9751351276583,True
20211222,20210416,17:50,LIMA,PE-1N,58,CHOQUE,0,1,58.0,2021-04-16,PE-1N,-11.701089496391969,-77.17905836286985,True
20211222,20210416,12:50,CAJAMARCA,PE-3N,92,CHOQUE,0,2,92.0,2021-04-16,PE-3N,-10.867159178986354,-76.11666759525646,True
20211222,20210416,17:55,LA LIBERTAD,PE-3N ,122,CHOQUE,0,0,122.0,2021-04-16,PE-3N ,,,True
20211222,20210416,07:30,LAMBAYEQUE,PE-1NJ,148,DESPISTE,0,7,148.0,2021-04-16,PE-1NJ,-5.591037821873805,-79.96046114438312,True
20211222,20210416,07:00,AREQUIPA,PE-34A,152,CHOQUE,0,0,152.0,2021-04-16,PE-34A,-15.908626595182067,-71.18930997319325,True
20211222,20210416,10:00,AYACUCHO,PE-28A,289,CHOQUE,0,0,289.0,2021-04-16,PE-28A,-13.325535018991003,-74.35227089209046,True
20211222,20210416,12:30,APURIMAC,PE-30A,326,DESPISTE,0,3,326.0,2021-04-16,PE-30A,-14.382086251967621,-73.17686710119635,True
20211222,20210416,20:15,ANCASH,PE-1N,375,DESPISTE,0,0,375.0,2021-04-16,PE-1N,-9.475397416819506,-78.30359864439865,True
20211222,20210416,12:50,ICA,PE-1S,377,CHOQUE,0,0,377.0,2021-04-16,PE-1S,-14.497228660595075,-75.26832944185828,True
20211222,20210416,04:40,ICA,PE-1S,430,ATROPELLO,0,0,430.0,2021-04-16,PE-1S,-14.761983466309907,-75.04695554289954,True
20211222,20210416,20:44,LA LIBERTAD,PE-1N,514,CHOQUE,0,0,514.0,2021-04-16,PE-1N,-8.43433401473071,-78.76818304613947,True
20211222,20210416,08:40,AREQUIPA,PE-1S,769,CHOQUE,0,0,769.0,2021-04-16,PE-1S,-16.43510658143462,-73.13244888327368,True
20211222,20210416,18:50,AREQUIPA,PE-1S,814,CHOQUE,0,0,814.0,2021-04-16,PE-1S,-16.557909948184076,-72.83930758039014,True
20211222,20210416,21:00,PUNO,PE-3SA,1430,CHOQUE,1,0,1430.0,2021-04-16,PE-3SA,,,True
20211222,20210417,17:30,JUNIN,PE-3SA,20,CHOQUE,0,4,20.0,2021-04-17,PE-3SA,-11.663271179761406,-75.578372596142,True
20211222,20210417,15:00,JUNIN,PE-3N,27,CHOQUE,1,2,27.0,2021-04-17,PE-3N,-11.3603266541558,-75.88755735269815,True
20211222,20210417,15:31,AREQUIPA,PE-34A,52,CHOQUE,0,0,52.0,2021-04-17,PE-34A,-16.294228058226057,-71.6378719417738,True
20211222,20210417,18:00,AREQUIPA,PE-34A,52,DESPISTE,0,1,52.0,2021-04-17,PE-34A,-16.294228058226057,-71.6378719417738,True
20211222,20210417,21:50,JUNIN,PE-3N,59,CHOQUE,0,3,59.0,2021-04-17,PE-3N,-11.106899917470416,-75.99497648807407,True
20211222,20210417,05:50,LIMA,PE-1S,75,CHOQUE,0,0,75.0,2021-04-17,PE-1S,-12.587937896025716,-76.66470010339914,True
20211222,20210417,18:00,LIMA,PE-22,112,DESPISTE,0,5,112.0,2021-04-17,PE-22,-11.67094606237875,-76.25628872745061,True
20211222,20210417,22:50,JUNIN,PE-5S,116,CHOQUE,0,0,116.0,2021-04-17,PE-5S,-11.229689012317737,-74.59692561381587,True
20211222,20210417,07:00,LIMA,PE-1N,192,DESPISTE,0,0,192.0,2021-04-17,PE-1N,-10.820619821698443,-77.70062298645144,True
20211222,20210417,16:45,PUNO,PE-34A,290,CHOQUE,0,1,290.0,2021-04-17,PE-34A,-15.540643466071051,-70.21000693214215,True
20211222,20210417,11:30,ANCASH,PE-1N,442,CHOQUE,0,1,442.0,2021-04-17,PE-1N,-9.001430059020537,-78.61814642803137,True
20211222,20210417,23:30,ICA,PE-1S,454,CHOQUE,2,2,454.0,2021-04-17,PE-1S,-14.893460644068567,-74.98958277121174,True
20211222,20210417,17:50,SAN MARTIN,PE-5N,492,DESPISTE,0,2,492.0,2021-04-17,PE-5N,-9.145226597454341,-76.01476197318736,True
20211222,20210417,16:15,LA LIBERTAD,PE-1N,581,CHOQUE,0,7,581.0,2021-04-17,PE-1N,-8.02666616159708,-79.07753533380992,True
20211222,20210417,06:00,LA LIBERTAD,PE-1N,681,DESPISTE,0,0,681.0,2021-04-17,PE-1N,-7.378742556730164,-79.5415453213291,True
20211222,20210417,04:30,LAMBAYEQUE,PE-1N,825,DESPISTE,0,4,825.0,2021-04-17,PE-1N,-6.494421733948383,-80.08079127159088,True
20211222,20210417,08:00,AREQUIPA,PE-1S,973,CHOQUE,0,1,973.0,2021-04-17,PE-1S,-16.569680778086596,-71.83041879254921,True
20211222,20210418,17:30,AREQUIPA,PE-34A,12,CHOQUE,0,0,12.0,2021-04-18,PE-34A,-16.474796519991635,-71.71211303998332,True
20211222,20210418,00:30,AREQUIPA,PE-34A,14,DESPISTE,0,0,14.0,2021-04-18,PE-34A,-16.47038825473063,-71.69494798738468,True
20211222,20210418,19:15,LIMA,PE-20C,31,CHOQUE,0,0,31.0,2021-04-18,PE-20C,-11.416431401992488,-77.07695624166584,True
20211222,20210418,15:30,JUNIN,PE-3S,74,DESPISTE,0,0,74.0,2021-04-18,PE-3S,-11.82511127072053,-75.49715399401276,True
20211222,20210418,12:10,LIMA,PE-22,78,CHOQUE,0,0,78.0,2021-04-18,PE-22,-11.836472512317764,-76.37600339735839,True
20211222,20210418,19:50,LIMA,PE-22,108,DESPISTE,0,0,108.0,2021-04-18,PE-22,-11.698012647915725,-76.26622779065438,True
20211222,20210418,17:40,LIMA,PE-22,112,CHOQUE,0,1,112.0,2021-04-18,PE-22,-11.67094606237875,-76.25628872745061,True
20211222,20210418,02:50,AREQUIPA,PE-34A,140,DESPISTE,0,1,140.0,2021-04-18,PE-34A,-15.973195227581273,-71.2388387516973,True
20211222,20210418,17:10,JUNIN,PE-22,153,DESPISTE,3,0,153.0,2021-04-18,PE-22,-11.606093800812488,-76.0417759829046,True
20211222,20210418,08:35,ICA,PE-1S,197,CHOQUE,1,1,197.0,2021-04-18,PE-1S,-13.464419399563882,-76.1364730320378,True
20211222,20210418,14:51,SAN MARTIN,PE-5N,379,DESPISTE,0,5,379.0,2021-04-18,PE-5N,-8.932681598756705,-75.38425490285756,True
20211222,20210418,17:30,LA LIBERTAD,PE-1N,556,DESPISTE,0,1,556.0,2021-04-18,PE-1N,-8.163742982563871,-79.01003452466156,True
20211222,20210418,06:35,APURIMAC,PE-3S,764,DESPISTE,0,0,764.0,2021-04-18,PE-3S,-13.68196798359628,-72.91870890975014,True
20211222,20210419,17:10,AREQUIPA,PE-34A,12,DESPISTE,0,0,12.0,2021-04-19,PE-34A,-16.474796519991635,-71.71211303998332,True
20211222,20210419,22:20,LIMA,PE-20C,31,DESPISTE,0,2,31.0,2021-04-19,PE-20C,-11.416431401992488,-77.07695624166584,True
20211222,20210419,01:50,LAMBAYEQUE,PE-1NJ,51,VOLCADURA,0,0,51.0,2021-04-19,PE-1NJ,-6.270772813761713,-79.73827146124528,True
20211222,20210419,16:45,JUNIN,PE-3S,71,DESPISTE,0,0,71.0,2021-04-19,PE-3S,-11.809030182276043,-75.51790937294321,True
20211222,20210419,23:00,JUNIN,PE-3S,74,CHOQUE,0,2,74.0,2021-04-19,PE-3S,-11.82511127072053,-75.49715399401276,True
20211222,20210419,14:00,LIMA,PE-22,78,CHOQUE,0,4,78.0,2021-04-19,PE-22,-11.836472512317764,-76.37600339735839,True
20211222,20210419,04:55,LIMA,PE-1N,140,DESPISTE,0,0,140.0,2021-04-19,PE-1N,-11.186276381851288,-77.57502952434693,True
20211222,20210419,00:00,AYACUCHO,PE-28B,160,DESPISTE,0,0,160.0,2021-04-19,PE-28B,-12.610957202866764,-73.838611773323,True
20211222,20210419,10:30,ICA,PE-1S,197,DESPISTE,0,0,197.0,2021-04-19,PE-1S,-13.464419399563882,-76.1364730320378,True
20211222,20210419,15:43,SAN MARTIN,PE-5N,379,CHOQUE,0,0,379.0,2021-04-19,PE-5N,-8.932681598756705,-75.38425490285756,True
20211222,20210419,08:30,SAN MARTIN,PE-5N,516,CHOQUE,0,2,516.0,2021-04-19,PE-5N,-8.972208417140031,-76.09064922828613,True
20211222,20210419,08:00,LA LIBERTAD,PE-1N,556,CHOQUE,0,3,556.0,2021-04-19,PE-1N,-8.163742982563871,-79.01003452466156,True
20211222,20210420,07:30,PUNO,PE-34I,1,CHOQUE,0,0,1.0,2021-04-20,PE-34I,-15.2309136917677,-69.82053109653657,True
20211222,20210420,07:00,UCAYALI,PE-18C,18,CHOQUE,0,1,18.0,2021-04-20,PE-18C,-8.695965650305755,-74.9942999811364,True
20211222,20210420,05:45,LA LIBERTAD,PE-10A,25,CHOQUE,0,3,25.0,2021-04-20,PE-10A,-8.033899397268389,-78.84204042570914,True
20211222,20210420,18:30,UCAYALI,PE-5SA,39,DESPISTE,0,1,39.0,2021-04-20,PE-5SA,-10.967996454285347,-74.24108610545447,True
20211222,20210420,21:50,LIMA,PE-22,106,CHOQUE,0,0,106.0,2021-04-20,PE-22,-11.712000808493459,-76.27030779792135,True
20211222,20210420,21:00,MADRE DE DIOS,PE-30C,278,DESPISTE,0,0,278.0,2021-04-20,PE-30C,-12.966110498605275,-70.32593094704542,True
20211222,20210420,15:20,LA LIBERTAD,PE-1N,513,CHOQUE,0,2,513.0,2021-04-20,PE-1N,-8.437957350809187,-78.75985440911168,True
20211222,20210420,05:40,LAMBAYEQUE,PE-1N,813,CHOQUE,0,4,813.0,2021-04-20,PE-1N,-6.563077887006589,-79.99736570146948,True
20211222,20210420,16:00,PUNO,PE-3S,1319,CHOQUE,0,1,1319.0,2021-04-20,PE-3S,-15.504080451559252,-70.11715619133166,True
20211222,20210420,11:10,CUSCO,N.I.,N.I.,CHOQUE,0,0,,2021-04-20,N.I.,,,True
20211222,20210421,06:35,JUNIN,PE-3SA,11,DESPISTE,0,1,11.0,2021-04-21,PE-3SA,-11.738251827040104,-75.54127444296464,True
20211222,20210421,15:00,LORETO,LO-103,15,DESPISTE,0,1,15.0,2021-04-21,LO-103,,,True
20211222,20210421,17:12,JUNIN,PE-3S,29,CHOQUE,0,2,29.0,2021-04-21,PE-3S,-11.682692500326345,-75.77468691580232,True
20211222,20210421,14:00,LIMA,PE-22,103,CHOQUE,0,0,103.0,2021-04-21,PE-22,-11.73365941660597,-76.26027361787592,True
20211222,20210421,06:45,PIURA,PE-1N,124,DESPISTE,0,2,124.0,2021-04-21,PE-1N,-11.303918968677841,-77.48994919599751,True
20211222,20210421,12:15,ICA,PE-1S,196,CHOQUE,0,1,196.0,2021-04-21,PE-1S,-13.455371411323036,-76.13624321271496,True
20211222,20210421,02:00,CUSCO,PE-28B,197,DESPISTE,0,0,197.0,2021-04-21,PE-28B,-12.705598650341303,-73.66623098810717,True
20211222,20210421,06:45,LIMA,PE-1N,200,DESPISTE,0,0,200.0,2021-04-21,PE-1N,-10.71413356553183,-77.76782774512458,True
20211222,20210421,05:40,PUNO,PE-34A,241,DESPISTE,0,2,241.0,2021-04-21,PE-34A,-15.688123573318162,-70.58116609315945,True
20211222,20210421,08:20,ICA,PE-1S,279,CHOQUE,0,0,279.0,2021-04-21,PE-1S,-13.937612647262274,-75.82453650614994,True
20211222,20210421,19:25,APURIMAC,PE-3S,583,CHOQUE,0,2,583.0,2021-04-21,PE-3S,-13.61409277616683,-73.58358051921135,True
20211222,20210421,06:35,AREQUIPA,PE-1S,859,CHOQUE,2,0,859.0,2021-04-21,PE-1S,-16.54653139149595,-72.60164701515205,True
20211222,20210422,11:50,LIMA,PE-20C,22,DESPISTE,3,2,22.0,2021-04-22,PE-20C,-11.467029563946042,-77.13534281987424,True
20211222,20210422,05:00,AREQUIPA,PE-34,33,DESPISTE,0,2,33.0,2021-04-22,PE-34,-16.880187171198905,-72.02561869261848,True
20211222,20210422,07:00,APURIMAC,PE-30A,367,CHOQUE,0,1,367.0,2021-04-22,PE-30A,-14.15316523551476,-73.31360536975626,True
20211222,20210422,14:00,APURIMAC,PE-30A,367,CHOQUE,0,0,367.0,2021-04-22,PE-30A,-14.15316523551476,-73.31360536975626,True
20211222,20210422,08:00,ANCASH,PE-1N,395,DESPISTE,0,1,395.0,2021-04-22,PE-1N,-9.333695428483745,-78.39942416409477,True
20211222,20210422,11:00,LA LIBERTAD,PE-1N,479,DESPISTE,0,1,479.0,2021-04-22,PE-1N,-8.683219668536625,-78.63136977013599,True
20211222,20210422,18:30,AREQUIPA,PE-1S,557,CHOQUE,0,1,557.0,2021-04-22,PE-1S,-15.642610740193602,-74.61415678337465,True
20211222,20210422,N.I.,AREQUIPA,PE-1S,780,ATROPELLO,0,1,780.0,2021-04-22,PE-1S,-16.449799690540843,-73.1010922477996,True
20211222,20210423,19:05,LIMA,PE-1NE,5,DESPISTE,0,0,5.0,2021-04-23,PE-1NE,-11.063957999163062,-77.5429051667492,True
20211222,20210423,13:00,CUSCO,PE-34G,34,DESPISTE,0,0,34.0,2021-04-23,PE-34G,-14.329404727191562,-71.26664762677702,True
20211222,20210423,16:30,ANCASH,PE-16,84,CHOQUE,0,0,84.0,2021-04-23,PE-16,-10.158597916744132,-77.45495278757748,True
20211222,20210423,01:40,AREQUIPA,PE-34A,119,CHOQUE,0,0,119.0,2021-04-23,PE-34A,-16.06696825950054,-71.36374955700367,True
20211222,20210423,06:15,LIMA,PE-1N,130,DESPISTE,0,1,130.0,2021-04-23,PE-1N,-11.25979941485282,-77.52186557086367,True
20211222,20210423,15:50,LAMBAYEQUE,PE-06A,138,CHOQUE,0,2,138.0,2021-04-23,PE-06A,-6.523371110408464,-79.06928455143708,True
20211222,20210423,00:45,LIMA,PE-1S,145,DESPISTE,1,1,145.0,2021-04-23,PE-1S,-13.120216997170987,-76.39700331414129,True
20211222,20210423,09:20,ICA,PE-1S,186,CHOQUE,0,2,186.0,2021-04-23,PE-1S,-13.413397208384122,-76.18864368453282,True
20211222,20210423,15:10,PUNO,PE-34A,248,CHOQUE,2,0,248.0,2021-04-23,PE-34A,-15.689828238174067,-70.52693709626354,True
20211222,20210423,17:30,ICA,PE-1S,328,DESPISTE,0,3,328.0,2021-04-23,PE-1S,-14.323963854140157,-75.67093460995093,True
20211222,20210423,23:45,ANCASH,PE-1N,331,DESPISTE,0,0,331.0,2021-04-23,PE-1N,-9.794747917765644,-78.21003300553888,True
20211222,20210423,17:00,MADRE DE DIOS,PE-30C,389,DESPISTE,0,1,389.0,2021-04-23,PE-30C,-12.719560387020726,-69.48856092480203,True
20211222,20210423,23:20,ANCASH,PE-1N,395,DESPISTE,0,2,395.0,2021-04-23,PE-1N,-9.333695428483745,-78.39942416409477,True
20211222,20210423,05:00,ICA,PE-1S,488,CHOQUE,0,1,488.0,2021-04-23,PE-1S,-15.181699250326,-74.96352889056517,True
20211222,20210423,04:30,LA LIBERTAD,PE-1N,618,CHOQUE,0,0,618.0,2021-04-23,PE-1N,-7.773160655250288,-79.25483010080309,True
20211222,20210423,12:50,AREQUIPA,PE-1S,754,CHOQUE,0,0,754.0,2021-04-23,PE-1S,-16.398781913098887,-73.23132556094414,True
20211222,20210423,16:45,AREQUIPA,PE-1S,945,DESPISTE,0,3,945.0,2021-04-23,PE-1S,-16.47371874656298,-71.94765345258507,True
20211222,20210424,22:50,CUSCO,PE-28G,3,DESPISTE,0,1,3.0,2021-04-24,PE-28G,-13.517812311165631,-71.96075783927382,True
20211222,20210424,08:15,LIMA,PE-1NB,6,CHOQUE,0,1,6.0,2021-04-24,PE-1NB,-11.514227168178378,-77.23533170173702,True
20211222,20210424,05:50,JUNIN,PE-5S,59,CHOQUE,1,0,59.0,2021-04-24,PE-5S,-10.926243028204226,-74.8750442882247,True
20211222,20210424,10:30,JUNIN,PE-3SB,101,CHOQUE,3,9,101.0,2021-04-24,PE-3SB,,,True
20211222,20210424,14:50,MOQUEGUA,PE-36A,104,DESPISTE,0,0,104.0,2021-04-24,PE-36A,-16.85716072288272,-70.58256595881666,True
20211222,20210424,10:30,JUNIN,PE-1S,112,ATROPELLO,0,1,112.0,2021-04-24,PE-1S,-12.835083425223447,-76.52421939663458,True
20211222,20210424,09:45,HUANUCO,PE-18A,121,DESPISTE,0,1,121.0,2021-04-24,PE-18A,-9.314556152784927,-75.99697328824485,True
20211222,20210424,07:00,AREQUIPA,PE-34A,179,DESPISTE,0,0,179.0,2021-04-24,PE-34A,-15.764218560835296,-70.99473497219276,True
20211222,20210424,06:40,LIMA,PE-1N,197,CHOQUE,0,0,197.0,2021-04-24,PE-1N,-10.80220763825094,-77.70345381758382,True
20211222,20210424,15:50,AREQUIPA,PE-1S,622,DESPISTE,0,0,622.0,2021-04-24,PE-1S,-15.866282881647763,-74.18763601310539,True
20211222,20210424,22:30,APURIMAC,PE-3S,718,CHOQUE,0,0,718.0,2021-04-24,PE-3S,-13.655509301450639,-73.06870549076044,True
20211222,20210425,16:30,LORETO,LO-103,10,DESPISTE,0,1,10.0,2021-04-25,LO-103,,,True
20211222,20210425,15:30,AREQUIPA,PE-34E,23,DESPISTE,0,5,23.0,2021-04-25,PE-34E,-15.890242652728162,-71.38016854582028,True
20211222,20210425,16:00,LIMA,PE-22,55,DESPISTE,0,0,55.0,2021-04-25,PE-22,-11.909414656945225,-76.53915242226567,True
20211222,20210425,13:55,LIMA,PE-1S,142,DESPISTE,0,1,142.0,2021-04-25,PE-1S,-13.10467346984372,-76.41897314818537,True
20211222,20210425,04:00,LIMA,PE-1S,168,DESPISTE,0,0,168.0,2021-04-25,PE-1S,-13.275278799812964,-76.27486549345795,True
20211222,20210425,15:00,AYACUCHO,PE-30A,181,DESPISTE,0,0,181.0,2021-04-25,PE-30A,-14.645124827727509,-74.05322123293541,True
20211222,20210425,22:30,PUNO,PE-34B,318,DESPISTE,0,0,318.0,2021-04-25,PE-34B,-13.34858086318163,-70.33851796947528,True
20211222,20210425,04:40,LA LIBERTAD,PE-1N,653,CHOQUE,0,0,653.0,2021-04-25,PE-1N,-7.50950556980451,-79.40534545047277,True
20211222,20210425,06:30,PIURA,PE-1N,1132,DESPISTE,0,2,1132.0,2021-04-25,PE-1N,-4.36706521035891,-81.1292095886618,True
20211222,20210426,08:00,LIMA,PE-22,9,ESPECIAL,0,0,9.0,2021-04-26,PE-22,-12.018614236936147,-76.9122752302355,True
20211222,20210426,11:20,SAN MARTIN,PE-5N,12,DESPISTE,0,2,12.0,2021-04-26,PE-5N,-10.88113799290691,-75.2769649114965,True
20211222,20210426,N.I.,LIMA,PE-1NA,16,DESPISTE,0,0,16.0,2021-04-26,PE-1NA,-11.660116702360725,-77.20311612153633,True
20211222,20210426,N.I.,AREQUIPA,PE-34A,17,DESPISTE,0,0,17.0,2021-04-26,PE-34A,-16.452080361408385,-71.68889321286376,True
20211222,20210426,22:30,LIMA,PE-22,22,CHOQUE,2,3,22.0,2021-04-26,PE-22,-11.9819573786392,-76.7966649627832,True
20211222,20210426,09:10,PUNO,PE-38A,23,DESPISTE,1,1,23.0,2021-04-26,PE-38A,-16.54979404363365,-69.66569445798524,True
20211222,20210426,10:10,PUNO,PE-38A,23,DESPISTE,1,2,23.0,2021-04-26,PE-38A,-16.54979404363365,-69.66569445798524,True
20211222,20210426,20:15,PIURA,PE-02,44,CHOQUE,1,3,44.0,2021-04-26,PE-02,-5.1033353097317224,-81.06673601240409,True
20211222,20210426,17:30,LAMBAYEQUE,PE-1NJ,49,DESPISTE,0,0,49.0,2021-04-26,PE-1NJ,-6.286140559527347,-79.74768401279822,True
20211222,20210426,06:20,PUNO,PE-38A,50,CHOQUE,0,2,50.0,2021-04-26,PE-38A,-16.338378603957423,-69.62974239555865,True
20211222,20210426,16:30,ANCASH,PE-14A,93,CHOQUE,0,2,93.0,2021-04-26,PE-14A,-9.361722725977843,-77.0838992255738,True
20211222,20210426,07:00,ANCASH,PE-3N,176,CHOQUE,0,1,176.0,2021-04-26,PE-3N,-10.370155423620975,-76.19755393876552,True
20211222,20210426,07:10,ICA,PE-1S,176,DESPISTE,0,3,176.0,2021-04-26,PE-1S,-13.335469279820346,-76.2346548046786,True
20211222,20210426,22:30,MADRE DE DIOS,PE-30C,251,CHOQUE,0,1,251.0,2021-04-26,PE-30C,-13.139663379689463,-70.38650705077914,True
20211222,20210426,09:40,HUANUCO,PE-5N,278,CHOQUE,0,1,278.0,2021-04-26,PE-5N,-9.258099418302582,-75.00869237729107,True
20211222,20210426,10:30,MADRE DE DIOS,PE-30C,343,CHOQUE,0,2,343.0,2021-04-26,PE-30C,-12.892106678695527,-69.8458062083835,True
20211222,20210426,15:35,SAN MARTIN,PE-5N,695,DESPISTE,0,2,695.0,2021-04-26,PE-5N,-7.89292142116033,-76.67295842857027,True
20211222,20210426,22:30,SAN MARTIN,PE-5N,744,CHOQUE,1,2,744.0,2021-04-26,PE-5N,-7.615725527357448,-76.67952936155972,True
20211222,20210426,08:00,APURIMAC,PE-3S,813,CHOQUE,0,0,813.0,2021-04-26,PE-3S,-13.59008036319243,-72.81875736113787,True
20211222,20210426,15:00,APURIMAC,PE-3S,818,CHOQUE,0,2,818.0,2021-04-26,PE-3S,-13.556570845022476,-72.8183483702942,True
20211222,20210426,09:00,MOQUEGUA,PE-1S,1160,CHOQUE,0,3,1160.0,2021-04-26,PE-1S,-17.389626613948263,-71.0108914709244,True
20211222,20210427,14:00,PUNO,PE-36B,14,DESPISTE,0,0,14.0,2021-04-27,PE-36B,-16.77739409247903,-70.47017238042022,True
20211222,20210427,14:30,PUNO,PE-36B,14,CHOQUE,0,0,14.0,2021-04-27,PE-36B,-16.77739409247903,-70.47017238042022,True
20211222,20210427,14:00,PUNO,PE-36B,17,CHOQUE,0,0,17.0,2021-04-27,PE-36B,-16.75289180573646,-70.46585227095548,True
20211222,20210427,06:45,ANCASH,PE-12,23,CHOQUE,0,0,23.0,2021-04-27,PE-12,-8.808351347513259,-78.55337317172483,True
20211222,20210427,08:10,LIMA,PE-1S,34,DESPISTE,0,2,34.0,2021-04-27,PE-1S,-12.295573558164342,-76.85896771526333,True
20211222,20210427,14:00,PIURA,PE-02,41,DESPISTE,0,0,41.0,2021-04-27,PE-02,-5.1078501561383645,-81.04004847979115,True
20211222,20210427,06:35,JUNIN,PE-3S,57,DESPISTE,0,0,57.0,2021-04-27,PE-3S,-11.812447088772611,-75.60885308812534,True
20211222,20210427,10:55,PASCO,PE-5N,115,DESPISTE,0,1,115.0,2021-04-27,PE-5N,-10.473707008933923,-75.02441535821319,True
20211222,20210427,06:00,PIURA,PE-1NJ,172,CHOQUE,0,1,172.0,2021-04-27,PE-1NJ,-5.404809822696441,-80.04179400343075,True
20211222,20210427,12:20,PUNO,PE-36A,225,DESPISTE,0,0,225.0,2021-04-27,PE-36A,-16.748763308631723,-69.63350743389428,True
20211222,20210427,11:10,MADRE DE DIOS,PE-30C,324,CHOQUE,0,1,324.0,2021-04-27,PE-30C,-12.89176091055515,-69.99921662303102,True
20211222,20210427,12:50,ICA,PE-1S,384,ESPECIAL,0,0,384.0,2021-04-27,PE-1S,-14.485710302848112,-75.22419507449014,True
20211222,20210427,16:00,HUANUCO,PE-5N,468,CHOQUE,0,1,468.0,2021-04-27,PE-5N,-9.207429283355467,-75.85122126181439,True
20211222,20210427,18:30,HUANUCO,PE-5N,472,ATROPELLO,0,1,472.0,2021-04-27,PE-5N,-9.193763683927875,-75.87815235322105,True
20211222,20210427,15:50,LA LIBERTAD,PE-1N,533,DESPISTE,0,0,533.0,2021-04-27,PE-1N,-8.329243838403736,-78.89429692338054,True
20211222,20210427,08:15,LA LIBERTAD,PE-1N,550,DESPISTE,0,1,550.0,2021-04-27,PE-1N,-8.197801481307167,-78.96806343825,True
20211222,20210427,15:50,AREQUIPA,PE-1S,632,DESPISTE,0,0,632.0,2021-04-27,PE-1S,-15.914877351146801,-74.13299331907628,True
20211222,20210427,10:10,SAN MARTIN,PE-5N,755,CHOQUE,0,2,755.0,2021-04-27,PE-5N,-7.546732096911713,-76.69072794598384,True
20211222,20210427,10:30,CUSCO,PE-3S,927,ATROPELLO,0,4,927.0,2021-04-27,PE-3S,-13.457727710221638,-72.29816312584306,True
20211222,20210428,18:20,JUNIN,PE-3S,24,CHOQUE,0,2,24.0,2021-04-28,PE-3S,-11.649621158689909,-75.79706428152139,True
20211222,20210428,09:50,JUNIN,PE-3SA,30,CHOQUE,0,2,30.0,2021-04-28,PE-3SA,-11.623639807909912,-75.62414638567093,True
20211222,20210428,08:00,LIMA,PE-1N,98,DESPISTE,0,1,98.0,2021-04-28,PE-1N,-11.449431098653706,-77.33984367253781,True
20211222,20210428,08:30,LIMA,PE-22,129,DESPISTE,0,0,129.0,2021-04-28,PE-22,-11.609960132545957,-76.20242925515117,True
20211222,20210428,13:30,PASCO,PE-3N,146,DESPISTE,0,1,146.0,2021-04-28,PE-3N,-10.6056652750399,-76.18111560098802,True
20211222,20210428,13:30,ICA,PE-1SE,191,DESPISTE,0,0,191.0,2021-04-28,PE-1SE,,,True
20211222,20210428,20:00,ICA,PE-1S,207,CHOQUE,3,1,207.0,2021-04-28,PE-1S,-13.552627969484073,-76.13325384226037,True
20211222,20210428,11:50,LIMA,PE-1N,215,DESPISTE,0,1,215.0,2021-04-28,PE-1N,-10.627010220428128,-77.86229435880638,True
20211222,20210428,15:00,UCAYALI,PE-5N,379,CHOQUE,0,0,379.0,2021-04-28,PE-5N,-8.932681598756705,-75.38425490285756,True
20211222,20210428,13:50,LA LIBERTAD,PE-1N,450,CHOQUE,0,0,450.0,2021-04-28,PE-1N,-8.934841082623915,-78.63367904312526,True
20211222,20210428,07:20,CUSCO,PE-28B,479,DESPISTE,0,1,479.0,2021-04-28,PE-28B,-12.986540383378028,-72.65045047332218,True
20211222,20210428,11:30,LA LIBERTAD,PE-1N,577,CHOQUE,1,1,577.0,2021-04-28,PE-1N,-8.064122484573899,-79.09027754442515,True
20211222,20210428,05:30,CUSCO,PE-3S,1023,CHOQUE,0,1,1023.0,2021-04-28,PE-3S,-13.685221324191316,-71.61289266047916,True
20211222,20210428,18:20,CUSCO,PE-3S,1036,ATROPELLO,1,0,1036.0,2021-04-28,PE-3S,-13.76739219274191,-71.57475697710031,True
20211222,20210428,10:15,MOQUEGUA,PE-1S,1151,DESPISTE,0,0,1151.0,2021-04-28,PE-1S,-17.322120092573396,-70.98936997394036,True
20211222,20210429,19:00,AREQUIPA,PE-34A,2,CHOQUE,0,0,2.0,2021-04-29,PE-34A,-16.528899999999908,-71.76588715465003,True
20211222,20210429,07:50,JUNIN,PE-3N,8,DESPISTE,1,1,8.0,2021-04-29,PE-3N,-11.481597150923148,-75.95672083384216,True
20211222,20210429,12:30,JUNIN,PE-3S,23,CHOQUE,0,4,23.0,2021-04-29,PE-3S,-11.645896218807776,-75.80516450612234,True
20211222,20210429,07:30,TACNA,PE-38,30,CHOQUE,0,1,30.0,2021-04-29,PE-38,-17.784497826684458,-70.20083322233135,True
20211222,20210429,10:50,JUNIN,PE-3S,75,DESPISTE,0,0,75.0,2021-04-29,PE-3S,-11.822061788232357,-75.48923941032317,True
20211222,20210429,01:50,AYACUCHO,PE-30A,102,DESPISTE,0,1,102.0,2021-04-29,PE-30A,-14.643801159223239,-74.30586069646586,True
20211222,20210429,05:40,AYACUCHO,PE-30A,102,DESPISTE,0,1,102.0,2021-04-29,PE-30A,-14.643801159223239,-74.30586069646586,True
20211222,20210429,01:30,LIMA,PE-1N,102,CHOQUE,0,2,102.0,2021-04-29,PE-1N,-11.426377640704915,-77.36621020783554,True
20211222,20210429,00:50,CUSCO,PE-30C,144,DESPISTE,0,1,144.0,2021-04-29,PE-30C,-13.521470680077424,-70.8964822977861,True
20211222,20210429,20:20,AREQUIPA,PE-1S,940,DESPISTE,0,0,940.0,2021-04-29,PE-1S,-16.44516811814113,-71.97543852248221,True
20211222,20210429,14:30,MOQUEGUA,PE-1S,1111,CHOQUE,0,2,1111.0,2021-04-29,PE-1S,-17.261145560416768,-71.16094001298913,True
20211222,20210430,02:10,JUNIN,PE-3SA,10,DESPISTE,0,0,10.0,2021-04-30,PE-3SA,-11.746614046093912,-75.53681232441996,True
20211222,20210430,14:50,TACNA,PE-38,43,DESPISTE,0,0,43.0,2021-04-30,PE-38,-17.715077150585632,-70.13244143542708,True
20211222,20210430,21:40,LIMA,PE-20A,63,DESPISTE,0,1,63.0,2021-04-30,PE-20A,-11.622109258930452,-76.77418998930443,True
20211222,20210430,12:00,LIMA,PE-1N,199,DESPISTE,0,0,199.0,2021-04-30,PE-1N,-10.72197831263506,-77.76328729525757,True
20211222,20210430,05:05,PUNO,PE-34A,224,DESPISTE,0,0,224.0,2021-04-30,PE-34A,-15.639266129277004,-70.70379483650626,True
20211222,20210430,19:45,LA LIBERTAD,PE-1N,523,CHOQUE,1,0,523.0,2021-04-30,PE-1N,-8.401236897384731,-78.83996567247563,True
20211222,20210430,23:55,N.I.,N.I.,N.I.,DESPISTE,0,1,,2021-04-30,N.I.,,,True
20211222,20210501,19:30,ANCASH,PE-14,1,CHOQUE,0,5,1.0,2021-05-01,PE-14,-9.481554032113054,-78.2653954880941,True
20211222,20210501,19:00,LIMA,PE-1NE,6,DESPISTE,0,1,6.0,2021-05-01,PE-1NE,-11.066078581118424,-77.53412682551364,True
20211222,20210501,16:00,LA LIBERTAD,PE-08,8,CHOQUE,0,4,8.0,2021-05-01,PE-08,-7.301610295001071,-79.40892193707454,True
20211222,20210501,05:50,JUNIN,PE-3SA,20,DESPISTE,0,0,20.0,2021-05-01,PE-3SA,-11.663271179761406,-75.578372596142,True
20211222,20210501,02:30,CAJAMARCA,PE-5N,26,ATROPELLO,0,1,26.0,2021-05-01,PE-5N,-10.800887286389818,-75.30522640945928,True
20211222,20210501,06:50,PUNO,PU-111,31,DESPISTE,1,0,31.0,2021-05-01,PU-111,,,True
20211222,20210501,05:30,JUNIN,PE-3N,39,DESPISTE,0,0,39.0,2021-05-01,PE-3N,-11.26668632362294,-75.92268190747808,True
20211222,20210501,20:00,ANCASH,AN-110,69,CHOQUE,0,1,69.0,2021-05-01,AN-110,,,True
20211222,20210501,22:35,LAMBAYEQUE,PE-1NJ,92,CHOQUE,0,1,92.0,2021-05-01,PE-1NJ,-5.979549931644201,-79.74595017246529,True
20211222,20210501,16:50,LIMA,PE-22,112,CHOQUE,0,0,112.0,2021-05-01,PE-22,-11.67094606237875,-76.25628872745061,True
20211222,20210501,05:10,JUNIN,PE-22,159,DESPISTE,0,0,159.0,2021-05-01,PE-22,-11.625606069656627,-75.9946767364654,True
20211222,20210501,08:30,PUNO,PE-34B,334,DESPISTE,1,0,334.0,2021-05-01,PE-34B,-13.274007591979814,-70.32028839835566,True
20211222,20210501,11:23,ANCASH,PE-1N,416,DESPISTE,0,2,416.0,2021-05-01,PE-1N,-9.073902877744615,-78.58621019890153,True
20211222,20210501,23:30,MADRE DE DIOS,PE-30C,455,CHOQUE,0,1,455.0,2021-05-01,PE-30C,-12.381831143009599,-69.14592508949868,True
20211222,20210501,01:30,LA LIBERTAD,PE-1N,735,ESPECIAL,0,0,735.0,2021-05-01,PE-1N,-7.037365867805412,-79.58829481815437,True
20211222,20210501,03:30,AREQUIPA,PE-1S,940,DESPISTE,0,0,940.0,2021-05-01,PE-1S,-16.44516811814113,-71.97543852248221,True
20211222,20210501,23:45,TACNA,PE-1S,1292,CHOQUE,0,2,1292.0,2021-05-01,PE-1S,-18.015977328203796,-70.26113037882865,True
20211222,20210502,01:00,UCAYALI,PE-18C,17,DESPISTE,0,0,17.0,2021-05-02,PE-18C,-8.704896522742061,-74.99580171198913,True
20211222,20210502,20:05,PUNO,PE-36B,38,CHOQUE,0,0,38.0,2021-05-02,PE-36B,-16.6018736534028,-70.40104833887598,True
20211222,20210502,21:00,LIMA,PE-20A,46,DESPISTE,0,2,46.0,2021-05-02,PE-20A,-11.693856400545128,-76.87083718973088,True
20211222,20210502,06:00,ANCASH,PE-16,85,DESPISTE,0,0,85.0,2021-05-02,PE-16,-10.15420336678252,-77.45129602351687,True
20211222,20210502,11:00,LIMA,PE-1N,89,CHOQUE,0,2,89.0,2021-05-02,PE-1N,-11.510274217605199,-77.29781520138859,True
20211222,20210502,19:30,AREQUIPA,PE-34A,110,CHOQUE,0,0,110.0,2021-05-02,PE-34A,-16.06838706496484,-71.42930690677025,True
20211222,20210502,03:30,JUNIN,PE-22B,118,CHOQUE,1,0,118.0,2021-05-02,PE-22B,-10.97653807186969,-75.3011853369082,True
20211222,20210502,18:30,PUNO,PE-34A,275,DESPISTE,0,0,275.0,2021-05-02,PE-34A,-15.61853371721102,-70.32327811027872,True
20211222,20210502,17:00,LA LIBERTAD,PE-1N,487,CHOQUE,0,0,487.0,2021-05-02,PE-1N,-8.624657024746424,-78.64526288333077,True
20211222,20210502,11:30,SAN MARTIN,PE-5N,487,CHOQUE,0,3,487.0,2021-05-02,PE-5N,-9.15196774260884,-75.97359000904365,True
20211222,20210502,19:00,SAN MARTIN,PE-5N,527,DESPISTE,0,0,527.0,2021-05-02,PE-5N,-8.88781946661944,-76.10002092118123,True
20211222,20210503,23:00,JUNIN,PE-3SB,77,CHOQUE,0,1,77.0,2021-05-03,PE-3SB,,,True
20211222,20210503,19:00,ANCASH,PE-1N,381,CHOQUE,0,1,381.0,2021-05-03,PE-1N,-9.447642879670099,-78.34907774610983,True
20211222,20210503,12:40,APURIMAC,PE-30A,398,DESPISTE,0,1,398.0,2021-05-03,PE-30A,-13.955168060344572,-73.15049316967094,True
20211222,20210503,20:50,CUSCO,PE-3S,1091,ATROPELLO,1,0,1091.0,2021-05-03,PE-3S,-14.15948842227864,-71.38778662315109,True
20211222,20210504,N.I.,LIMA,PE-1NA,17,DESPISTE,0,0,17.0,2021-05-04,PE-1NA,-11.654102430813648,-77.2063467464701,True
20211222,20210504,N.I.,LIMA,PE-1N,18,DESPISTE,0,0,18.0,2021-05-04,PE-1N,-11.973388404368107,-77.06659650425499,True
20211222,20210504,19:15,JUNIN,PE-3SA,19,CHOQUE,0,3,19.0,2021-05-04,PE-3SA,-11.671215847157283,-75.57354122416632,True
20211222,20210504,10:30,LIMA,PE-1N,24,ESPECIAL,0,1,24.0,2021-05-04,PE-1N,-11.919834396518379,-77.07337307414295,True
20211222,20210504,07:10,AREQUIPA,AR-113,28,CHOQUE,0,0,28.0,2021-05-04,AR-113,,,True
20211222,20210504,08:20,UCAYALI,PE-18C,75,DESPISTE,0,0,75.0,2021-05-04,PE-18C,-8.402882332153315,-74.62305925061345,True
20211222,20210504,16:00,LA LIBERTAD,PE-10A,111,DESPISTE,0,1,111.0,2021-05-04,PE-10A,-7.989950160309979,-78.39274866311891,True
20211222,20210504,21:30,PASCO,PE-3N,127,CHOQUE,0,2,127.0,2021-05-04,PE-3N,-10.693993807926523,-76.2065075374347,True
20211222,20210504,07:30,LIMA,PE-1N,159,DESPISTE,0,2,159.0,2021-05-04,PE-1N,-11.02528560117257,-77.59539687942902,True
20211222,20210504,11:30,CUSCO,PE-28B,171,DESPISTE,0,0,171.0,2021-05-04,PE-28B,-12.617661383801789,-73.80245236750508,True
20211222,20210504,15:50,AMAZONAS,PE-5N,365,CHOQUE,0,1,365.0,2021-05-04,PE-5N,-8.86705397796909,-75.29849224661771,True
20211222,20210504,12:59,APURIMAC,PE-30A,383,CHOQUE,0,1,383.0,2021-05-04,PE-30A,-14.039622399635876,-73.22972342094018,True
20211222,20210505,05:00,LIMA,PE-1N,18,ESPECIAL,0,0,18.0,2021-05-05,PE-1N,-11.973388404368107,-77.06659650425499,True
20211222,20210505,14:20,UCAYALI,PE-18C,36,ESPECIAL,0,0,36.0,2021-05-05,PE-18C,-8.582418942944148,-74.91031937051875,True
20211222,20210505,22:00,PUNO,PE-34H,47,CHOQUE,0,1,47.0,2021-05-05,PE-34H,-15.238302667648515,-69.83428337621811,True
20211222,20210505,13:30,CUSCO,PE-28B,185,DESPISTE,2,2,185.0,2021-05-05,PE-28B,-12.625063417694246,-73.74086150876532,True
20211222,20210505,20:45,AYACUCHO,PE-30A,198,DESPISTE,0,2,198.0,2021-05-05,PE-30A,-14.626905714713656,-73.98626298912001,True
20211222,20210505,13:30,ICA,PE-1S,241,CHOQUE,0,1,241.0,2021-05-05,PE-1S,-13.8404131347747,-76.13723853608559,True
20211222,20210505,05:15,MADRE DE DIOS,PE-30C,311,DESPISTE,0,1,311.0,2021-05-05,PE-30C,-12.90340970130454,-70.10083721352976,True
20211222,20210505,12:30,MADRE DE DIOS,PE-30C,448,DESPISTE,0,4,448.0,2021-05-05,PE-30C,-12.443525119937528,-69.13072766519366,True
20211222,20210505,03:20,LA LIBERTAD,PE-1N,530,DESPISTE,0,1,530.0,2021-05-05,PE-1N,-8.351903885675238,-78.87942247942685,True
20211222,20210505,13:50,LAMBAYEQUE,PE-1N,859,DESPISTE,0,0,859.0,2021-05-05,PE-1N,-6.285373037193577,-80.29828212416146,True
20211222,20210505,18:30,CUSCO,PE-3S,897,DESPISTE,0,1,897.0,2021-05-05,PE-3S,-13.45800268651572,-72.42265285389227,True
20211222,20210505,00:45,PUNO,PE-3S,1221,DESPISTE,0,0,1221.0,2021-05-05,PE-3S,-14.874632590872183,-70.60559856699179,True
20211222,20210506,18:00,CUSCO,PE-28F,20,DESPISTE,0,1,20.0,2021-05-06,PE-28F,-13.366336011135015,-72.07047850006512,True
20211222,20210506,14:50,LAMBAYEQUE,PE-06A,32,CHOQUE,0,0,32.0,2021-05-06,PE-06A,-6.732622033719301,-79.62125726232635,True
20211222,20210506,05:00,JUNIN,PE-3S,76,DESPISTE,0,0,76.0,2021-05-06,PE-3S,-11.816598209481231,-75.49327317545641,True
20211222,20210506,09:25,LIMA,PE-22,82,DESPISTE,0,0,82.0,2021-05-06,PE-22,-11.8105007855227,-76.35303580366866,True
20211222,20210506,09:45,JUNIN,PE-3SB,102,DESPISTE,0,1,102.0,2021-05-06,PE-3SB,,,True
20211222,20210506,N.I.,TACNA,PE-1SD,136,DESPISTE,0,1,136.0,2021-05-06,PE-1SD,-17.13189710217272,-71.81122945790881,True
20211222,20210506,07:45,AREQUIPA,PE-34A,167,ESPECIAL,0,0,167.0,2021-05-06,PE-34A,-15.828947468874711,-71.08125746887468,True
20211222,20210506,04:30,MADRE DE DIOS,PE-30C,277,DESPISTE,0,0,277.0,2021-05-06,PE-30C,-12.968182422223883,-70.33422608070923,True
20211222,20210506,04:49,HUANUCO,PE-18A,456,DESPISTE,0,0,456.0,2021-05-06,PE-18A,,,True
20211222,20210506,N.I.,SAN MARTIN,PE-5N,649,CHOQUE,0,2,649.0,2021-05-06,PE-5N,-8.191276626268406,-76.59394357525073,True
20211222,20210507,07:20,ICA,PE-1SG,11,CHOQUE,0,1,11.0,2021-05-07,PE-1SG,-13.76173726099995,-76.2329030169999,True
20211222,20210507,02:15,ANCASH,AN-110,30,DESPISTE,0,0,30.0,2021-05-07,AN-110,,,True
20211222,20210507,09:00,PUNO,PE-34I,32,DESPISTE,0,0,32.0,2021-05-07,PE-34I,-15.305271486963864,-69.6021055103174,True
20211222,20210507,10:20,PUNO,PE-34H,37,ATROPELLO,1,0,37.0,2021-05-07,PE-34H,-15.27668389525086,-69.91149567595625,True
20211222,20210507,15:00,PIURA,PE-1N,43,DESPISTE,0,0,43.0,2021-05-07,PE-1N,-11.784974397177368,-77.15432990082249,True
20211222,20210507,18:00,PIURA,PE-1N,55,DESPISTE,0,0,55.0,2021-05-07,PE-1N,-11.725075277361876,-77.16792889663036,True
20211222,20210507,17:50,AYACUCHO,PE-30A,94,DESPISTE,0,0,94.0,2021-05-07,PE-30A,-14.655305065908212,-74.3595013867602,True
20211222,20210507,02:00,AREQUIPA,PE-34A,132,CHOQUE,0,3,132.0,2021-05-07,PE-34A,-16.013122546569292,-71.28357161010668,True
20211222,20210507,16:15,CUSCO,PE-28B,189,CHOQUE,0,1,189.0,2021-05-07,PE-28B,-12.63183706043764,-73.72317206823332,True
20211222,20210507,09:30,AMAZONAS,PE-5N,212,DESPISTE,0,0,212.0,2021-05-07,PE-5N,-9.813173448978326,-75.01220788502818,True
20211222,20210507,05:35,HUANUCO,PE-3N,245,DESPISTE,0,2,245.0,2021-05-07,PE-3N,-9.923921991049987,-76.35087444303332,True
20211222,20210507,02:24,PUNO,PE-34A,249,CHOQUE,0,3,249.0,2021-05-07,PE-34A,-15.689221892224088,-70.51774270668993,True
20211222,20210507,08:00,PUNO,PE-36A,296,DESPISTE,0,0,296.0,2021-05-07,PE-36A,-16.631656674860753,-69.11251337811504,True
20211222,20210507,16:00,MADRE DE DIOS,PE-30C,450,DESPISTE,0,2,450.0,2021-05-07,PE-30C,-12.425899719526619,-69.1351452276533,True
20211222,20210507,04:55,ICA,PE-1S,456,ATROPELLO,1,0,456.0,2021-05-07,PE-1S,-14.909092243389866,-74.98519499802576,True
20211222,20210507,03:05,LA LIBERTAD,PE-1N,515,CHOQUE,2,0,515.0,2021-05-07,PE-1N,-8.430474275042485,-78.77638533012926,True
20211222,20210507,19:40,LA LIBERTAD,PE-1N,602,CHOQUE,0,5,602.0,2021-05-07,PE-1N,-7.855679851765026,-79.14248476140533,True
20211222,20210507,15:00,AREQUIPA,PE-1S,1030,CHOQUE,0,3,1030.0,2021-05-07,PE-1S,-16.992806223914176,-71.73371293874686,True
20211222,20210507,18:20,PUNO,PE-3S,1486,ATROPELLO,0,1,1486.0,2021-05-07,PE-3S,-16.40870686318408,-69.19089142820036,True
20211222,20210508,07:00,AREQUIPA,PE-34A,3,DESPISTE,0,0,3.0,2021-05-08,PE-34A,-16.528220414474433,-71.75690230801524,True
20211222,20210508,19:30,LAMBAYEQUE,PE-06A,15,CHOQUE,0,2,15.0,2021-05-08,PE-06A,-6.766694089163914,-79.750055996268,True
20211222,20210508,21:00,UCAYALI,PE-18C,19,CHOQUE,0,0,19.0,2021-05-08,PE-18C,-8.688082080781154,-74.99002898925876,True
20211222,20210508,08:30,LIMA,PE-1S,26,CHOQUE,0,3,26.0,2021-05-08,PE-1S,-12.2566529380886,-76.92095498352138,True
20211222,20210508,17:30,LAMBAYEQUE,PE-1NJ,51,CHOQUE,0,1,51.0,2021-05-08,PE-1NJ,-6.270772813761713,-79.73827146124528,True
20211222,20210508,04:05,LIMA,PE-22,120,CHOQUE,0,0,120.0,2021-05-08,PE-22,-11.629337782609793,-76.23416358937914,True
20211222,20210508,22:50,LIMA,PE-1S,126,DESPISTE,0,6,126.0,2021-05-08,PE-1S,-12.69908931679153,-76.64136256995023,True
20211222,20210508,03:40,LIMA,PE-1N,129,CHOQUE,0,0,129.0,2021-05-08,PE-1N,-11.267150367908592,-77.5165467780469,True
20211222,20210508,09:50,AREQUIPA,PE-34A,134,DESPISTE,0,0,134.0,2021-05-08,PE-34A,-16.003616353971104,-71.2687063539711,True
20211222,20210508,17:10,ANCASH,PE-3N,145,DESPISTE,0,1,145.0,2021-05-08,PE-3N,-10.61443064914516,-76.17912807626533,True
20211222,20210508,06:00,ICA,PE-1S,204,CHOQUE,0,1,204.0,2021-05-08,PE-1S,-13.526652731177817,-76.13789078276886,True
20211222,20210508,04:50,ICA,PE-1SE,213,CHOQUE,0,2,213.0,2021-05-08,PE-1SE,,,True
20211222,20210508,18:00,PUNO,PE-34A,236,CHOQUE,0,2,236.0,2021-05-08,PE-34A,-15.688032551956711,-70.61882568994588,True
20211222,20210508,09:50,ANCASH,PE-1N,246,DESPISTE,0,0,246.0,2021-05-08,PE-1N,-10.40379926547519,-77.97357161774444,True
20211222,20210508,23:20,ICA,PE-1S,326,CHOQUE,0,2,326.0,2021-05-08,PE-1S,-14.307204283280118,-75.67777216021683,True
20211222,20210508,06:47,AMAZONAS,PE-08B,340,DESPISTE,0,2,340.0,2021-05-08,PE-08B,-6.221515621956137,-77.8241643812752,True
20211222,20210508,15:40,AYACUCHO,PE-3S,396,CHOQUE,0,1,396.0,2021-05-08,PE-3S,-13.197458325696362,-74.20364088358546,True
20211222,20210508,02:00,ANCASH,PE-1N,398,DESPISTE,0,0,398.0,2021-05-08,PE-1N,-9.309742941699835,-78.4038196665283,True
20211222,20210508,02:00,ANCASH,PE-1N,398,DESPISTE,0,0,398.0,2021-05-08,PE-1N,-9.309742941699835,-78.4038196665283,True
20211222,20210508,20:00,SAN MARTIN,PE-5N,473,CHOQUE,1,0,473.0,2021-05-08,PE-5N,-9.195268363086724,-75.88263154202387,True
20211222,20210508,14:35,SAN MARTIN,PE-5N,683,DESPISTE,0,3,683.0,2021-05-08,PE-5N,-7.972251434413827,-76.6784922800678,True
20211222,20210508,03:40,SAN MARTIN,PE-5N,725,DESPISTE,0,0,725.0,2021-05-08,PE-5N,-7.746497144942492,-76.6677606410656,True
20211222,20210508,05:00,APURIMAC,PE-3S,818,CHOQUE,1,3,818.0,2021-05-08,PE-3S,-13.556570845022476,-72.8183483702942,True
20211222,20210508,01:00,PIURA,PE-1N,984,CHOQUE,0,2,984.0,2021-05-08,PE-1N,-5.265192885538042,-80.61263429088689,True
20211222,20210508,09:20,PUNO,PE-3S,1462,CHOQUE,0,1,1462.0,2021-05-08,PE-3S,-16.25811093027486,-69.31903189200179,True
20211222,20210509,23:50,PUNO,PE-34G,2,DESPISTE,0,1,2.0,2021-05-09,PE-34G,-14.514038101157292,-71.29828156253564,True
20211222,20210509,23:00,CAJAMARCA,PE-5N,32,DESPISTE,0,1,32.0,2021-05-09,PE-5N,-10.765649137453535,-75.3183414904443,True
20211222,20210509,16:35,JUNIN,PE-22,157,CHOQUE,0,1,157.0,2021-05-09,PE-22,-11.618388096631845,-76.01034650830329,True
20211222,20210509,04:50,PUNO,PE-34A,244,DESPISTE,0,3,244.0,2021-05-09,PE-34A,-15.681300394043749,-70.55643294570511,True
20211222,20210509,07:15,ANCASH,PE-1N,306,DESPISTE,0,0,306.0,2021-05-09,PE-1N,-9.96723535053819,-78.20346934867698,True
20211222,20210509,05:00,ANCASH,PE-1N,384,CHOQUE,0,0,384.0,2021-05-09,PE-1N,-9.425005747470816,-78.36401682461295,True
20211222,20210509,11:35,ICA,PE-1S,419,DESPISTE,0,0,419.0,2021-05-09,PE-1S,-14.690069693163185,-75.11753422268619,True
20211222,20210509,12:00,AREQUIPA,PE-1S,526,CHOQUE,0,0,526.0,2021-05-09,PE-1S,-15.497053493109,-74.84940308737089,True
20211222,20210509,17:30,AREQUIPA,PE-1S,631,DESPISTE,0,0,631.0,2021-05-09,PE-1S,-15.910802580094856,-74.1412781551842,True
20211222,20210509,09:00,AREQUIPA,PE-1S,690,ESPECIAL,0,0,690.0,2021-05-09,PE-1S,-16.20864475355655,-73.71656007073362,True
20211222,20210509,05:00,CUSCO,PE-3S,898,DESPISTE,0,1,898.0,2021-05-09,PE-3S,-13.461632886015082,-72.41906459692912,True
20211222,20210510,09:40,CAJAMARCA,PE-08B,9,CHOQUE,0,1,9.0,2021-05-10,PE-08B,-7.149913595254636,-78.44577337289577,True
20211222,20210510,13:00,CAJAMARCA,PE-08B,14,CHOQUE,0,1,14.0,2021-05-10,PE-08B,-7.154496070873282,-78.41661270597473,True
20211222,20210510,18:35,UCAYALI,PE-18C,19,CHOQUE,0,3,19.0,2021-05-10,PE-18C,-8.688082080781154,-74.99002898925876,True
20211222,20210510,22:20,UCAYALI,PE-18C,22,DESPISTE,0,0,22.0,2021-05-10,PE-18C,-8.665556043165969,-74.98038117115976,True
20211222,20210510,23:35,LIMA,PE-1N,40,CHOQUE,0,1,40.0,2021-05-10,PE-1N,-11.80397223380406,-77.135597364995,True
20211222,20210510,15:55,JUNIN,PE-3S,42,CHOQUE,0,9,42.0,2021-05-10,PE-3S,-11.764029225299334,-75.71240355352366,True
20211222,20210510,05:30,CUSCO,PE-28F,55,DESPISTE,0,1,55.0,2021-05-10,PE-28F,,,True
20211222,20210510,15:50,AREQUIPA,PE-34A,62,DESPISTE,0,0,62.0,2021-05-10,PE-34A,-16.24611697654889,-71.67468554299344,True
20211222,20210510,05:50,LIMA,PE-1S,94,CHOQUE,0,1,94.0,2021-05-10,PE-1S,-12.90573463201209,-76.50227407742604,True
20211222,20210510,14:00,JUNIN,PE-22B,102,CHOQUE,0,1,102.0,2021-05-10,PE-22B,-11.089325757967211,-75.32996098465773,True
20211222,20210510,08:24,AREQUIPA,PE-34A,179,CHOQUE,0,0,179.0,2021-05-10,PE-34A,-15.764218560835296,-70.99473497219276,True
20211222,20210510,13:00,ICA,PE-1S,186,CHOQUE,0,0,186.0,2021-05-10,PE-1S,-13.413397208384122,-76.18864368453282,True
20211222,20210510,10:15,ANCASH,PE-1N,241,DESPISTE,0,4,241.0,2021-05-10,PE-1N,-10.422160852999923,-77.9358011787569,True
20211222,20210510,08:50,PUNO,PE-34A,243,DESPISTE,0,0,243.0,2021-05-10,PE-34A,-15.683655749235632,-70.56487730886944,True
20211222,20210510,10:20,ANCASH,PE-3N,248,CHOQUE,0,0,248.0,2021-05-10,PE-3N,-9.913051837576798,-76.37263709113353,True
20211222,20210510,07:45,ANCASH,PE-1N,329,DESPISTE,0,1,329.0,2021-05-10,PE-1N,-9.797058060093178,-78.19260652509591,True
20211222,20210510,10:50,ANCASH,PE-1N,344,DESPISTE,0,0,344.0,2021-05-10,PE-1N,-9.709208055507482,-78.27510081942467,True
20211222,20210510,08:00,ANCASH,PE-1N,415,DESPISTE,0,2,415.0,2021-05-10,PE-1N,-9.079451568643373,-78.58389275201432,True
20211222,20210510,22:08,LA LIBERTAD,PE-1N,515,CHOQUE,2,2,515.0,2021-05-10,PE-1N,-8.430474275042485,-78.77638533012926,True
20211222,20210510,11:30,SAN MARTIN,PE-5N,518,CHOQUE,0,2,518.0,2021-05-10,PE-5N,-8.956431321466075,-76.09965503727337,True
20211222,20210510,00:30,LA LIBERTAD,PE-1N,721,DESPISTE,0,1,721.0,2021-05-10,PE-1N,-7.118252205492627,-79.48876554579404,True
20211222,20210510,06:00,LAMBAYEQUE,PE-1N,752,DESPISTE,1,5,752.0,2021-05-10,PE-1N,-6.950295751179843,-79.70473157726038,True
20211222,20210510,07:00,LAMBAYEQUE,PE-1N,822,DESPISTE,1,0,822.0,2021-05-10,PE-1N,-6.510839082858124,-80.05920350161543,True
20211222,20210510,22:00,PIURA,PE-1N,973,CHOQUE,1,0,973.0,2021-05-10,PE-1N,-5.363759208679427,-80.6166566616609,True
20211222,20210511,06:10,JUNIN,PE-3SA,3,CHOQUE,0,0,3.0,2021-05-11,PE-3SA,-11.767461489713684,-75.4935420541252,True
20211222,20210511,10:00,LAMBAYEQUE,PE-1NJ,23,CHOQUE,0,0,23.0,2021-05-11,PE-1NJ,-6.482021373607133,-79.856472204553,True
20211222,20210511,07:12,LIMA,PE-22,26,CHOQUE,0,0,26.0,2021-05-11,PE-22,-11.974548208415941,-76.76661083512829,True
20211222,20210511,13:25,PIURA,PE-1N,33,DESPISTE,0,1,33.0,2021-05-11,PE-1N,-11.850439659799624,-77.09227157137903,True
20211222,20210511,09:20,LIMA,PE-22,43,CHOQUE,0,11,43.0,2021-05-11,PE-22,-11.92426096036915,-76.63680727074977,True
20211222,20210511,10:50,LIMA,PE-22,48,CHOQUE,0,1,48.0,2021-05-11,PE-22,-11.909755218682326,-76.59560953368893,True
20211222,20210511,21:35,LIMA,PE-1S,49,ESPECIAL,0,0,49.0,2021-05-11,PE-1S,-12.391104672876615,-76.76423036916493,True
20211222,20210511,07:45,LIMA,PE-1N,106,DESPISTE,0,4,106.0,2021-05-11,PE-1N,-11.40837388842147,-77.39117391690948,True
20211222,20210511,17:55,HUANCAVELICA,PE-3S,204,DESPISTE,0,1,204.0,2021-05-11,PE-3S,-12.523339504364987,-74.90711192468453,True
20211222,20210511,11:50,ANCASH,PE-1N,320,ESPECIAL,0,0,320.0,2021-05-11,PE-1N,-9.929232190782535,-78.2200854209799,True
20211222,20210511,17:59,ICA,PE-1S,364,CHOQUE,1,1,364.0,2021-05-11,PE-1S,-14.469850390746045,-75.38419008894266,True
20211222,20210511,15:10,UCAYALI,PE-5N,432,CHOQUE,0,1,432.0,2021-05-11,PE-5N,-9.089595927376081,-75.7329820590451,True
20211222,20210511,08:50,HUANUCO,PE-5N,483,CHOQUE,0,1,483.0,2021-05-11,PE-5N,-9.189602453154416,-75.95893758903397,True
20211222,20210511,17:30,SAN MARTIN,PE-5N,620,CHOQUE,0,2,620.0,2021-05-11,PE-5N,-8.261312511921206,-76.406733636792,True
20211222,20210512,16:45,JUNIN,PE-3S,68,CHOQUE,0,0,68.0,2021-05-12,PE-3S,-11.79963502294354,-75.53784677673846,True
20211222,20210512,19:30,LIMA,PE-1N,108,DESPISTE,0,0,108.0,2021-05-12,PE-1N,-11.391435633881196,-77.39513312660809,True
20211222,20210512,04:40,CAJAMARCA,PE-08,131,DESPISTE,0,0,131.0,2021-05-12,PE-08,-7.284267821062474,-78.54664591801173,True
20211222,20210512,16:40,PUNO,PE-38,220,DESPISTE,0,1,220.0,2021-05-12,PE-38,-16.813871646528362,-69.7350111121884,True
20211222,20210512,23:30,PUNO,PE-34B,291,CHOQUE,1,0,291.0,2021-05-12,PE-34B,-13.426947261414027,-70.37626922969201,True
20211222,20210512,09:20,APURIMAC,PE-30A,344,CHOQUE,0,2,344.0,2021-05-12,PE-30A,-14.288707198996441,-73.25819943458109,True
20211222,20210512,11:00,ANCASH,PE-3N,571,CHOQUE,0,0,571.0,2021-05-12,PE-3N,-9.595240892638133,-77.51375418400615,True
20211222,20210512,18:00,AREQUIPA,PE-1S,735,DESPISTE,1,0,735.0,2021-05-12,PE-1S,-16.320251884390913,-73.34667487757413,True
20211222,20210512,15:40,LAMBAYEQUE,PE-1N,737,DESPISTE,0,0,737.0,2021-05-12,PE-1N,-7.023678044823953,-79.60005813263012,True
20211222,20210513,06:35,JUNIN,PE-3S,5,CHOQUE,0,3,5.0,2021-05-13,PE-3S,-11.543649050368941,-75.88276250284709,True
20211222,20210513,17:30,CAJAMARCA,PE-08B,9,CHOQUE,0,1,9.0,2021-05-13,PE-08B,-7.149913595254636,-78.44577337289577,True
20211222,20210513,18:00,JUNIN,PE-5N,18,DESPISTE,0,1,18.0,2021-05-13,PE-5N,-10.840843354090994,-75.28931234508052,True
20211222,20210513,11:40,JUNIN,PE-3SA,27,DESPISTE,0,0,27.0,2021-05-13,PE-3SA,-11.633416739610999,-75.60379032854759,True
20211222,20210513,18:15,HUANUCO,PE-18A,78,DESPISTE,0,0,78.0,2021-05-13,PE-18A,-9.601444503890805,-76.03030353487642,True
20211222,20210513,00:00,LAMBAYEQUE,PE-1NJ,88,DESPISTE,0,1,88.0,2021-05-13,PE-1NJ,-5.991190578815269,-79.7133430474774,True
20211222,20210513,16:35,TACNA,PE-1SD,115,CHOQUE,0,1,115.0,2021-05-13,PE-1SD,-17.05554865952207,-71.9616343942336,True
20211222,20210513,16:35,AREQUIPA,PE-34A,162,DESPISTE,0,0,162.0,2021-05-13,PE-34A,-15.854432500788926,-71.11836147142358,True
20211222,20210513,00:30,ICA,PE-1S,226,DESPISTE,0,1,226.0,2021-05-13,PE-1S,-13.714898314129082,-76.15379871750926,True
20211222,20210513,01:50,ANCASH,PE-1N,238,CHOQUE,0,0,238.0,2021-05-13,PE-1N,-10.437379429522405,-77.93047990784686,True
20211222,20210513,09:40,LA LIBERTAD,PE-1N,556,DESPISTE,0,0,556.0,2021-05-13,PE-1N,-8.163742982563871,-79.01003452466156,True
20211222,20210513,22:00,PIURA,PE-1NL,1057,CHOQUE,0,1,1057.0,2021-05-13,PE-1NL,,,True
20211222,20210513,17:50,AREQUIPA,PE-1S,1085,DESPISTE,0,2,1085.0,2021-05-13,PE-1S,-17.206313808915795,-71.38630495041878,True
20211222,20210514,15:30,CAJAMARCA,PE-5N,8,CHOQUE,0,1,8.0,2021-05-14,PE-5N,-10.906261913442494,-75.28370743461298,True
20211222,20210514,08:15,JUNIN,PE-3N,11,DESPISTE,0,3,11.0,2021-05-14,PE-3N,-11.457718254078598,-75.9535502486343,True
20211222,20210514,16:40,HUANUCO,PE-18A,50,CHOQUE,0,0,50.0,2021-05-14,PE-18A,-9.703497429080056,-76.08785883365138,True
20211222,20210514,08:30,LIMA,PE-1N,57,CHOQUE,0,0,57.0,2021-05-14,PE-1N,-11.709796925946536,-77.17694984543039,True
20211222,20210514,15:00,PUNO,PE-34H,65,DESPISTE,0,0,65.0,2021-05-14,PE-34H,-15.094571784533116,-69.81636726233695,True
20211222,20210514,17:20,ANCASH,PE-16,106,DESPISTE,0,1,106.0,2021-05-14,PE-16,-10.166829010256887,-77.34592865684805,True
20211222,20210514,22:10,HUANUCO,PE-18A,118,CHOQUE,0,2,118.0,2021-05-14,PE-18A,-9.338987683968853,-75.98647291738689,True
20211222,20210514,21:30,LIMA,PE-1N,121,CHOQUE,0,6,121.0,2021-05-14,PE-1N,-11.32597621175267,-77.47398276617513,True
20211222,20210514,21:45,ICA,PE-1S,455,CHOQUE,0,2,455.0,2021-05-14,PE-1S,-14.900161997894289,-74.98368514613549,True
20211222,20210514,21:50,AREQUIPA,PE-1S,705,CHOQUE,0,1,705.0,2021-05-14,PE-1S,-16.23309605031964,-73.59473219435897,True
20211222,20210514,04:40,APURIMAC,PE-3S,771,DESPISTE,0,1,771.0,2021-05-14,PE-3S,-13.655021012384394,-72.9079822201429,True
20211222,20210514,05:27,CUSCO,PE-3S,1101,CHOQUE,0,3,1101.0,2021-05-14,PE-3S,-14.201569030939101,-71.311853979084,True
20211222,20210515,10:00,N.I.,N.I.,13,DESPISTE,0,0,13.0,2021-05-15,N.I.,,,True
20211222,20210515,08:30,AREQUIPA,PE-1SG,23,CHOQUE,0,0,23.0,2021-05-15,PE-1SG,,,True
20211222,20210515,23:50,LIMA,PE-22,43,DESPISTE,0,2,43.0,2021-05-15,PE-22,-11.92426096036915,-76.63680727074977,True
20211222,20210515,23:50,LIMA,PE-1N,43,DESPISTE,0,2,43.0,2021-05-15,PE-1N,-11.784974397177368,-77.15432990082249,True
20211222,20210515,12:00,LAMBAYEQUE,PE-1NJ,53,DESPISTE,0,3,53.0,2021-05-15,PE-1NJ,-6.255407359968597,-79.72884801904658,True
20211222,20210515,15:15,AREQUIPA,PE-34A,60,DESPISTE,0,0,60.0,2021-05-15,PE-34A,-16.255453109389613,-71.68156933301049,True
20211222,20210515,06:20,JUNIN,PE-3S,71,DESPISTE,0,0,71.0,2021-05-15,PE-3S,-11.809030182276043,-75.51790937294321,True
20211222,20210515,04:50,LIMA,PE-1S,74,DESPISTE,0,1,74.0,2021-05-15,PE-1S,-12.583321559051027,-76.6725000293231,True
20211222,20210515,N.I.,LIMA,PE-1N,87,CHOQUE,0,1,87.0,2021-05-15,PE-1N,-11.52596408080099,-77.28889439417485,True
20211222,20210515,04:00,LIMA,PE-22,89,DESPISTE,0,0,89.0,2021-05-15,PE-22,-11.785934556701713,-76.3196812681037,True
20211222,20210515,19:30,MOQUEGUA,PE-36A,114,DESPISTE,0,1,114.0,2021-05-15,PE-36A,-16.870150639559718,-70.50879567476683,True
20211222,20210515,17:00,JUNIN,PE-3S,142,CHOQUE,0,0,142.0,2021-05-15,PE-3S,-12.202854353241115,-75.17720453082822,True
20211222,20210515,00:15,TACNA,PE-38,157,DESPISTE,0,1,157.0,2021-05-15,PE-38,-17.289700111209317,-69.83429942613162,True
20211222,20210515,10:10,PIURA,PE-1NJ,245,CHOQUE,0,0,245.0,2021-05-15,PE-1NJ,-5.145044522023064,-80.43453545226438,True
20211222,20210515,21:20,MADRE DE DIOS,PE-30C,302,CHOQUE,0,2,302.0,2021-05-15,PE-30C,-12.912960330078677,-70.1783481987138,True
20211222,20210515,13:00,N.I.,N.I.,326,CHOQUE,0,2,326.0,2021-05-15,N.I.,,,True
20211222,20210515,05:30,APURIMAC,PE-3S,553,VOLCADURA,0,0,553.0,2021-05-15,PE-3S,-13.532972412157454,-73.6778357132067,True
20211222,20210515,19:40,ANCASH,PE-3N,608,CHOQUE,2,1,608.0,2021-05-15,PE-3N,-9.308954478487864,-77.60877745709882,True
20211222,20210515,08:20,LAMBAYEQUE,PE-1N,741,DESPISTE,0,0,741.0,2021-05-15,PE-1N,-6.993441917875652,-79.61923347974181,True
20211222,20210515,18:15,AREQUIPA,PE-1S,813,CHOQUE,0,1,813.0,2021-05-15,PE-1S,-16.552670851314932,-72.84695640974618,True
20211222,20210515,21:30,PIURA,PE-1NL,1116,CHOQUE,0,4,1116.0,2021-05-15,PE-1NL,,,True
20211222,20210516,18:30,UCAYALI,PE-18C,15,ATROPELLO,0,1,15.0,2021-05-16,PE-18C,-8.718091544267,-75.00655789342348,True
20211222,20210516,18:35,UCAYALI,PE-18C,19,DESPISTE,0,1,19.0,2021-05-16,PE-18C,-8.688082080781154,-74.99002898925876,True
20211222,20210516,18:40,CUSCO,PE-28G,24,VOLCADURA,0,0,24.0,2021-05-16,PE-28G,-13.460413013796618,-71.8865104857147,True
20211222,20210516,18:35,JUNIN,PE-3N,29,CHOQUE,0,0,29.0,2021-05-16,PE-3N,-11.343290452180279,-75.8850250810623,True
20211222,20210516,14:30,UCAYALI,PE-18C,34,CHOQUE,0,1,34.0,2021-05-16,PE-18C,-8.595057306639342,-74.92092676722307,True
20211222,20210516,08:30,CAJAMARCA,PE-08B,46,CHOQUE,0,1,46.0,2021-05-16,PE-08B,-7.062978102184551,-78.2917645270349,True
20211222,20210516,N.I.,LAMBAYEQUE,PE-1NJ,56,CHOQUE,1,0,56.0,2021-05-16,PE-1NJ,-6.232464213645746,-79.71453634612381,True
20211222,20210516,10:30,JUNIN,PE-3S,77,DESPISTE,0,1,77.0,2021-05-16,PE-3S,-11.808046452021287,-75.49246551529983,True
20211222,20210516,N.I.,LIMA,PE-1N,77,CHOQUE,0,1,77.0,2021-05-16,PE-1N,-11.602077442374776,-77.24610941541458,True
20211222,20210516,N.I.,LIMA,PE-1N,82,DESPISTE,0,2,82.0,2021-05-16,PE-1N,-11.563139040290405,-77.26547950067437,True
20211222,20210516,11:40,AREQUIPA,PE-34A,100,DESPISTE,1,0,100.0,2021-05-16,PE-34A,-16.071195845980238,-71.5146810618334,True
20211222,20210516,17:35,JUNIN,PE-22,138,CHOQUE,0,1,138.0,2021-05-16,PE-22,-11.601619508043797,-76.14842591009425,True
20211222,20210516,15:13,HUANCAVELICA,PE-3S,171,DESPISTE,3,0,171.0,2021-05-16,PE-3S,-12.377286801414227,-75.04950323205419,True
20211222,20210516,20:00,AMAZONAS,PE-5N,277,DESPISTE,1,3,277.0,2021-05-16,PE-5N,-9.26711129958581,-75.00966863899504,True
20211222,20210516,11:20,ANCASH,PE-1N,316,ESPECIAL,0,0,316.0,2021-05-16,PE-1N,-9.93715962510589,-78.21828385223249,True
20211222,20210516,13:30,APURIMAC,PE-30A,428,CHOQUE,0,3,428.0,2021-05-16,PE-30A,-13.826522303839122,-72.96676468786328,True
20211222,20210517,14:00,PIURA,PE-02,0,DESPISTE,0,1,0.0,2021-05-17,PE-02,-5.170124195999961,-80.68918145599991,True
20211222,20210517,03:20,AREQUIPA,PE-34A,9,CHOQUE,0,0,9.0,2021-05-17,PE-34A,-16.499461586351327,-71.71872604150447,True
20211222,20210517,09:30,UCAYALI,PE-18C,24,CHOQUE,0,4,24.0,2021-05-17,PE-18C,-8.6493283723101,-74.97389277960824,True
20211222,20210517,00:30,CAJAMARCA,PE-08,31,CHOQUE,0,1,31.0,2021-05-17,PE-08,-7.256804390550537,-79.23782051364526,True
20211222,20210517,19:45,LAMBAYEQUE,PE-1NJ,33,DESPISTE,0,0,33.0,2021-05-17,PE-1NJ,-6.401091189410826,-79.82479516345792,True
20211222,20210517,00:30,LA LIBERTAD,PE-10A,53,DESPISTE,1,1,53.0,2021-05-17,PE-10A,-7.999967437867636,-78.67582855954122,True
20211222,20210517,07:35,JUNIN,PE-3S,60,CHOQUE,0,0,60.0,2021-05-17,PE-3S,-11.797049741454138,-75.59196639716265,True
20211222,20210517,05:30,CAJAMARCA,PE-08,78,DESPISTE,0,2,78.0,2021-05-17,PE-08,-7.2065320562004915,-78.94320330107433,True
20211222,20210517,13:00,ANCASH,PE-16,98,CHOQUE,0,0,98.0,2021-05-17,PE-16,-10.134637591429794,-77.39419144169031,True
20211222,20210517,14:40,LAMBAYEQUE,PE-1NJ,149,DESPISTE,0,1,149.0,2021-05-17,PE-1NJ,-5.5845610564933565,-79.96421607343017,True
20211222,20210517,23:00,AMAZONAS,PE-5N,270,CHOQUE,0,0,270.0,2021-05-17,PE-5N,-9.326664903873986,-75.01616371844575,True
20211222,20210517,07:00,AREQUIPA,PE-1S,690,DESPISTE,0,2,690.0,2021-05-17,PE-1S,-16.20864475355655,-73.71656007073362,True
20211222,20210518,16:40,SAN MARTIN,PE-5NB,10,CHOQUE,0,0,10.0,2021-05-18,PE-5NB,-6.465629059552952,-76.31401014101158,True
20211222,20210518,08:20,LIMA,PE-1N,80,CHOQUE,0,1,80.0,2021-05-18,PE-1N,-11.580768556486749,-77.26134269665921,True
20211222,20210518,21:55,CAJAMARCA,PE-3N,92,CHOQUE,1,0,92.0,2021-05-18,PE-3N,-10.867159178986354,-76.11666759525646,True
20211222,20210518,15:15,ANCASH,PE-16,117,CHOQUE,0,3,117.0,2021-05-18,PE-16,-10.151549151453212,-77.31508234917384,True
20211222,20210518,20:20,LIMA,PE-22,120,DESPISTE,0,0,120.0,2021-05-18,PE-22,-11.629337782609793,-76.23416358937914,True
20211222,20210518,13:19,LIMA,PE-1N,128,DESPISTE,0,2,128.0,2021-05-18,PE-1N,-11.274501500106602,-77.5112270888445,True
20211222,20210518,22:00,JUNIN,PE-22,160,VOLCADURA,0,1,160.0,2021-05-18,PE-22,-11.622936231693409,-75.98611727057623,True
20211222,20210518,07:00,ICA,PE-1S,183,CHOQUE,0,0,183.0,2021-05-18,PE-1S,-13.389281095080594,-76.20101489842929,True
20211222,20210518,18:30,ICA,PE-1S,271,DESPISTE,0,0,271.0,2021-05-18,PE-1S,-13.932722924064585,-75.89834219492161,True
20211222,20210518,21:30,MADRE DE DIOS,PE-30C,322,CHOQUE,0,0,322.0,2021-05-18,PE-30C,-12.88735407035615,-70.01660983495881,True
20211222,20210518,11:30,ANCASH,PE-1N,408,DESPISTE,0,0,408.0,2021-05-18,PE-1N,-9.234620554268307,-78.44851087676236,True
20211222,20210518,15:30,SAN MARTIN,PE-5N,450,ATROPELLO,0,2,450.0,2021-05-18,PE-5N,-9.161164631059501,-75.78978150747763,True
20211222,20210518,18:10,CUSCO,PE-3S,965,CHOQUE,0,2,965.0,2021-05-18,PE-3S,-13.507441283931703,-71.99740236516122,True
20211222,20210519,04:30,JUNIN,PE-3N,10,CHOQUE,0,2,10.0,2021-05-19,PE-3N,-11.464105266583998,-75.95954387610044,True
20211222,20210519,19:00,JUNIN,PE-3S,57,DESPISTE,0,1,57.0,2021-05-19,PE-3S,-11.812447088772611,-75.60885308812534,True
20211222,20210519,20:10,LIMA,PE-1S,103,DESPISTE,0,3,103.0,2021-05-19,PE-1S,-12.98243006689661,-76.49267372206725,True
20211222,20210519,05:30,PIURA,PE-1NJ,223,CHOQUE,2,2,223.0,2021-05-19,PE-1NJ,-5.159487087419942,-80.24236222597958,True
20211222,20210519,05:00,AYACUCHO,PE-28A,303,DESPISTE,0,2,303.0,2021-05-19,PE-28A,-13.277728715903766,-74.30658394986969,True
20211222,20210519,07:00,ANCASH,PE-1N,373,CHOQUE,0,0,373.0,2021-05-19,PE-1N,-9.481798419458833,-78.28967119181716,True
20211222,20210519,04:00,SAN MARTIN,PE-5N,667,DESPISTE,0,0,667.0,2021-05-19,PE-5N,-8.070559296921886,-76.62392752329099,True
20211222,20210519,15:15,MOQUEGUA,PE-1S,1164,CHOQUE,0,2,1164.0,2021-05-19,PE-1S,-17.406246676603725,-71.03985277580134,True
20211222,20210520,09:20,LIMA,PE-1NB,1,VOLCADURA,0,1,1.0,2021-05-20,PE-1NB,-11.549876019774592,-77.26210529070073,True
20211222,20210520,01:30,LIMA,PE-1S,13,DESPISTE,0,1,13.0,2021-05-20,PE-1S,-12.170535920451721,-76.97935477145053,True
20211222,20210520,19:00,LIMA,PE-1S,83,DESPISTE,0,2,83.0,2021-05-20,PE-1S,-12.657015005785903,-76.66304641592922,True
20211222,20210520,20:07,LIMA,PE-1N,102,DESPISTE,0,1,102.0,2021-05-20,PE-1N,-11.426377640704915,-77.36621020783554,True
20211222,20210520,13:50,JUNIN,PE-22,133,CHOQUE,0,0,133.0,2021-05-20,PE-22,-11.592798704452209,-76.19205574645032,True
20211222,20210520,23:30,CUSCO,PE-28B,142,DESPISTE,2,0,142.0,2021-05-20,PE-28B,-12.696409660677265,-73.87941865422104,True
20211222,20210520,15:25,LIMA,PE-1N,143,CHOQUE,0,2,143.0,2021-05-20,PE-1N,-11.163256154276384,-77.58955539196691,True
20211222,20210520,12:33,LIMA,PE-1N,144,CHOQUE,0,3,144.0,2021-05-20,PE-1N,-11.155514682837378,-77.59432816814247,True
20211222,20210520,05:15,PIURA,PE-1NJ,202,CHOQUE,0,2,202.0,2021-05-20,PE-1NJ,-5.187274652035484,-80.59383312079494,True
20211222,20210520,21:15,PUNO,PE-34A,202,CHOQUE,0,1,202.0,2021-05-20,PE-34A,-15.718214889782512,-70.82134085599371,True
20211222,20210520,07:50,ANCASH,PE-1N,397,DESPISTE,0,10,397.0,2021-05-20,PE-1N,-9.318541449152724,-78.40554251920568,True
20211222,20210520,12:00,LA LIBERTAD,PE-1N,552,CHOQUE,0,0,552.0,2021-05-20,PE-1N,-8.18639025918139,-78.9820332435575,True
20211222,20210521,16:30,PASCO,PA-558,0,ESPECIAL,0,1,0.0,2021-05-21,PA-558,,,True
20211222,20210521,19:40,AREQUIPA,PE-34C,1,CHOQUE,0,2,1.0,2021-05-21,PE-34C,-16.404800247858393,-71.57527272644326,True
20211222,20210521,22:50,ANCASH,PE-14A,6,CHOQUE,0,1,6.0,2021-05-21,PE-14A,-9.520093918567861,-77.4870699508359,True
20211222,20210521,16:20,UCAYALI,PE-18C,26,DESPISTE,0,0,26.0,2021-05-21,PE-18C,-8.644511806171638,-74.95998002954279,True
20211222,20210521,17:10,LIMA,PE-1N,45,CHOQUE,0,2,45.0,2021-05-21,PE-1N,-11.76805645197359,-77.15871594110817,True
20211222,20210521,06:15,UCAYALI,PE-18C,52,CHOQUE,0,1,52.0,2021-05-21,PE-18C,-8.479316033673323,-74.81306481875237,True
20211222,20210521,05:00,LA LIBERTAD,PE-10A,73,DESPISTE,0,0,73.0,2021-05-21,PE-10A,-7.934365959751917,-78.56644331957773,True
20211222,20210521,20:50,TACNA,PE-1SD,114,CHOQUE,0,0,114.0,2021-05-21,PE-1SD,-17.05067275441754,-71.96946619449116,True
20211222,20210521,08:20,JUNIN,PE-22B,117,DESPISTE,0,3,117.0,2021-05-21,PE-22B,-10.982285030032239,-75.3071311434475,True
20211222,20210521,16:00,MADRE DE DIOS,PE-30C,326,CHOQUE,0,1,326.0,2021-05-21,PE-30C,-12.89654540999993,-69.9855554687292,True
20211222,20210521,03:30,ANCASH,PE-1N,399,DESPISTE,0,0,399.0,2021-05-21,PE-1N,-9.30252999562906,-78.4091081848515,True
20211222,20210521,21:20,AREQUIPA,PE-1S,977,CHOQUE,0,2,977.0,2021-05-21,PE-1S,-16.59827268329323,-71.85322541824361,True
20211222,20210522,05:30,LIMA,PE-1N,0,ESPECIAL,0,0,0.0,2021-05-22,PE-1N,-12.058378632999904,-76.97319185399994,True
20211222,20210522,16:05,CAJAMARCA,PE-5N,23,DESPISTE,0,0,23.0,2021-05-22,PE-5N,-10.821115367487408,-75.29879506617756,True
20211222,20210522,16:25,LORETO,LO-103,33,ATROPELLO,1,0,33.0,2021-05-22,LO-103,,,True
20211222,20210522,18:45,LA LIBERTAD,PE-10A,56,DESPISTE,3,0,56.0,2021-05-22,PE-10A,-7.990706106529732,-78.65758464519038,True
20211222,20210522,00:10,LIMA,PE-1S,60,ESPECIAL,0,0,60.0,2021-05-22,PE-1S,-12.48561076926884,-76.74594791869355,True
20211222,20210522,14:30,LIMA,PE-1N,97,CHOQUE,0,0,97.0,2021-05-22,PE-1N,-11.45304438043922,-77.33160444977595,True
20211222,20210522,20:20,LIMA,PE-22,103,CHOQUE,0,0,103.0,2021-05-22,PE-22,-11.73365941660597,-76.26027361787592,True
20211222,20210522,03:50,MOQUEGUA,PE-36A,106,DESPISTE,0,0,106.0,2021-05-22,PE-36A,-16.855374577378786,-70.56608973729398,True
20211222,20210522,06:00,ICA,PE-1S,223,ATROPELLO,0,1,223.0,2021-05-22,PE-1S,-13.688996272130044,-76.15742611440658,True
20211222,20210522,16:40,ICA,PE-1S,270,CHOQUE,0,4,270.0,2021-05-22,PE-1S,-13.932112710635165,-75.90756525752376,True
20211222,20210522,23:14,ICA,PE-1S,275,ESPECIAL,0,0,275.0,2021-05-22,PE-1S,-13.935182679050225,-75.86144017949889,True
20211222,20210522,10:15,APURIMAC,PE-30A,284,CHOQUE,1,0,284.0,2021-05-22,PE-30A,-14.552769228622864,-73.38880216410618,True
20211222,20210522,00:18,LA LIBERTAD,PE-1N,544,DESPISTE,0,2,544.0,2021-05-22,PE-1N,-8.24265869299265,-78.94054643900571,True
20211222,20210522,10:00,AREQUIPA,PE-1S,924,DESPISTE,0,1,924.0,2021-05-22,PE-1S,-16.385454455152747,-72.11172334931726,True
20211222,20210522,14:45,AREQUIPA,PE-1S,977,DESPISTE,0,0,977.0,2021-05-22,PE-1S,-16.59827268329323,-71.85322541824361,True
20211222,20210522,21:00,PUNO,PE-3S,1200,VOLCADURA,0,4,1200.0,2021-05-22,PE-3S,-14.752326111263837,-70.73883410774697,True
20211222,20210522,09:10,TACNA,PE-1S,1251,DESPISTE,0,1,1251.0,2021-05-22,PE-1S,-17.825800756573063,-70.55192134273773,True
20211222,20210523,21:00,CAJAMARCA,PE-5N,13,CHOQUE,1,0,13.0,2021-05-23,PE-5N,-10.874385295397568,-75.27717635421996,True
20211222,20210523,15:30,AMAZONAS,PE-08C,35,DESPISTE,0,1,35.0,2021-05-23,PE-08C,-5.9780024094637785,-77.97125877146513,True
20211222,20210523,08:00,AREQUIPA,PE-1SJ,48,DESPISTE,0,0,48.0,2021-05-23,PE-1SJ,,,True
20211222,20210523,06:50,CAJAMARCA,PE-08,48,DESPISTE,0,0,48.0,2021-05-23,PE-08,-7.243028053518737,-79.13913037734623,True
20211222,20210523,15:45,LIMA,PE-1S,56,DESPISTE,0,1,56.0,2021-05-23,PE-1S,-12.450608204528976,-76.75544581549669,True
20211222,20210523,12:20,CAJAMARCA,PE-08,81,DESPISTE,0,1,81.0,2021-05-23,PE-08,-7.2151204445604735,-78.92279888815298,True
20211222,20210523,N.I.,LIMA,PE-1N,81,DESPISTE,0,1,81.0,2021-05-23,PE-1N,-11.571969039919333,-77.26346688953588,True
20211222,20210523,00:15,LIMA,PE-22,84,CHOQUE,0,3,84.0,2021-05-23,PE-22,-11.805483165605521,-76.34185961948697,True
20211222,20210523,09:30,CAJAMARCA,PE-3N,94,DESPISTE,0,0,94.0,2021-05-23,PE-3N,-10.858704243616158,-76.13280503957236,True
20211222,20210523,18:30,LIMA,PE-22,110,CHOQUE,0,0,110.0,2021-05-23,PE-22,-11.685662543184964,-76.26051752939492,True
20211222,20210523,20:15,LIMA,PE-1S,116,CHOQUE,0,2,116.0,2021-05-23,PE-1S,-12.762402122203678,-76.59937204571224,True
20211222,20210523,21:30,JUNIN,PE-22,138,DESPISTE,0,0,138.0,2021-05-23,PE-22,-11.601619508043797,-76.14842591009425,True
20211222,20210523,17:00,LIMA,PE-1N,138,CHOQUE,0,0,138.0,2021-05-23,PE-1N,-11.201000419910086,-77.56442822852796,True
20211222,20210523,22:45,PASCO,PE-3N,142,DESPISTE,0,3,142.0,2021-05-23,PE-3N,-10.6369661703208,-76.1732017747125,True
20211222,20210523,19:55,ANCASH,PE-1N,257,ESPECIAL,0,0,257.0,2021-05-23,PE-1N,-10.341909937437102,-78.04351532850573,True
20211222,20210523,13:20,ICA,PE-1S,428,DESPISTE,0,3,428.0,2021-05-23,PE-1S,-14.748513882760973,-75.05936828078474,True
20211222,20210523,11:30,ICA,PE-1S,453,CHOQUE,0,4,453.0,2021-05-23,PE-1S,-14.88620938725433,-74.99462485196088,True
20211222,20210523,09:00,SAN MARTIN,PE-5N,484,DESPISTE,0,0,484.0,2021-05-23,PE-5N,-9.181222959706842,-75.96021373957164,True
20211222,20210523,17:45,LA LIBERTAD,PE-1N,502,CHOQUE,1,1,502.0,2021-05-23,PE-1N,-8.503453654723288,-78.68933679338224,True
20211222,20210523,14:15,AREQUIPA,PE-1S,630,DESPISTE,0,1,630.0,2021-05-23,PE-1S,-15.906761663484442,-74.1495787332843,True
20211222,20210523,11:35,AREQUIPA,PE-1S,740,DESPISTE,0,0,740.0,2021-05-23,PE-1S,-16.34495069588766,-73.30912917195029,True
20211222,20210524,10:00,JUNIN,PE-5S,14,CHOQUE,1,0,14.0,2021-05-24,PE-5S,-10.94002144259177,-75.19956455830096,True
20211222,20210524,14:00,MOQUEGUA,PE-36A,30,DESPISTE,0,0,30.0,2021-05-24,PE-36A,-17.091358384397914,-70.84946206142422,True
20211222,20210524,07:30,TACNA,PE-1SD,54,CHOQUE,0,1,54.0,2021-05-24,PE-1SD,-16.80574482146502,-72.27850324465251,True
20211222,20210524,15:00,LIMA,PE-1S,61,CHOQUE,0,0,61.0,2021-05-24,PE-1S,-12.494357250569998,-76.74355432888902,True
20211222,20210524,04:30,LIMA,PE-22,111,DESPISTE,0,2,111.0,2021-05-24,PE-22,-11.678630463904785,-76.25802822208564,True
20211222,20210524,17:45,CUSCO,PE-30C,199,DESPISTE,0,4,199.0,2021-05-24,PE-30C,-13.201789559982517,-70.68231457776531,True
20211222,20210524,04:40,PIURA,PE-1NJ,199,DESPISTE,0,2,199.0,2021-05-24,PE-1NJ,-5.1791851526725345,-80.5679952728051,True
20211222,20210524,15:10,ANCASH,PE-1N,278,DESPISTE,0,4,278.0,2021-05-24,PE-1N,-10.17823580667018,-78.07380955228884,True
20211222,20210524,16:45,ICA,PE-1S,424,ESPECIAL,0,0,424.0,2021-05-24,PE-1S,-14.722428002718035,-75.0850995367212,True
20211222,20210524,06:30,LA LIBERTAD,PE-1N,528,CHOQUE,0,6,528.0,2021-05-24,PE-1N,-8.366744894165262,-78.8691036169041,True
20211222,20210524,09:13,ANCASH,PE-3N,607,DESPISTE,0,0,607.0,2021-05-24,PE-3N,-9.31790768730081,-77.6079254149999,True
20211222,20210524,19:15,SAN MARTIN,PE-5N,654,CHOQUE,0,1,654.0,2021-05-24,PE-5N,-8.16024583911776,-76.5789506130556,True
20211222,20210524,08:50,APURIMAC,PE-3S,779,DESPISTE,0,0,779.0,2021-05-24,PE-3S,-13.634183031125787,-72.88365471217094,True
20211222,20210524,03:30,LAMBAYEQUE,PE-1N,813,DESPISTE,0,1,813.0,2021-05-24,PE-1N,-6.563077887006589,-79.99736570146948,True
20211222,20210525,10:30,CAJAMARCA,PE-08B,9,DESPISTE,0,6,9.0,2021-05-25,PE-08B,-7.149913595254636,-78.44577337289577,True
20211222,20210525,N.I.,LIMA,PE-1NB,13,CHOQUE,0,2,13.0,2021-05-25,PE-1NB,-11.496566108999957,-77.2090692939999,True
20211222,20210525,06:00,PASCO,PE-5N,50,DESPISTE,0,0,50.0,2021-05-25,PE-5N,-10.742763053274446,-75.22479213796525,True
20211222,20210525,06:30,LIMA,PE-1S,63,DESPISTE,0,2,63.0,2021-05-25,PE-1S,-12.510461196671754,-76.73568315994434,True
20211222,20210525,10:00,CUSCO,PE-28G,68,CHOQUE,0,0,68.0,2021-05-25,PE-28G,,,True
20211222,20210525,03:00,LAMBAYEQUE,PE-1NJ,87,CHOQUE,0,3,87.0,2021-05-25,PE-1NJ,-5.989393429591813,-79.7037233651432,True
20211222,20210525,04:30,LIMA,PE-1N,87,CHOQUE,0,0,87.0,2021-05-25,PE-1N,-11.52596408080099,-77.28889439417485,True
20211222,20210525,14:50,LIMA,PE-22,95,CHOQUE,0,1,95.0,2021-05-25,PE-22,-11.762971990262876,-76.3027738760526,True
20211222,20210525,12:40,LIMA,PE-22,124,CHOQUE,0,0,124.0,2021-05-25,PE-22,-11.620369207070784,-76.21803187480887,True
20211222,20210525,17:20,LIMA,PE-1N,200,CHOQUE,0,2,200.0,2021-05-25,PE-1N,-10.71413356553183,-77.76782774512458,True
20211222,20210525,14:40,ANCASH,PE-1N,321,DESPISTE,0,1,321.0,2021-05-25,PE-1N,-9.927195958677713,-78.22009534599994,True
20211222,20210525,21:45,AYACUCHO,PE-3S,419,DESPISTE,0,2,419.0,2021-05-25,PE-3S,-13.312379821039274,-74.2244626806556,True
20211222,20210525,12:45,AREQUIPA,PE-1S,604,CHOQUE,1,0,604.0,2021-05-25,PE-1S,-15.814467928191538,-74.31215900948968,True
20211222,20210525,00:50,LA LIBERTAD,PE-1N,695,CHOQUE,0,0,695.0,2021-05-25,PE-1N,-7.285103019591793,-79.47380299026213,True
20211222,20210525,17:50,LAMBAYEQUE,PE-1N,819,CHOQUE,2,1,819.0,2021-05-25,PE-1N,-6.527239572099199,-80.03763136860998,True
20211222,20210525,22:50,APURIMAC,PE-3S,838,CHOQUE,0,1,838.0,2021-05-25,PE-3S,-13.556079385560537,-72.76544636019308,True
20211222,20210525,20:06,AREQUIPA,PE-1S,978,CHOQUE,0,2,978.0,2021-05-25,PE-1S,-16.605725691170704,-71.85852193988823,True
20211222,20210525,04:30,AREQUIPA,PE-1S,1012,CHOQUE,5,6,1012.0,2021-05-25,PE-1S,-16.905379615738738,-71.8386377700336,True
20211222,20210525,09:30,TACNA,PE-1S,1290,DESPISTE,0,3,1290.0,2021-05-25,PE-1S,-18.00200594683511,-70.26374091380177,True
20211222,20210526,07:40,ICA,IC-505,11,CHOQUE,0,2,11.0,2021-05-26,IC-505,,,True
20211222,20210526,05:15,LIMA,PE-1S,21,DESPISTE,0,0,21.0,2021-05-26,PE-1S,-12.233941721727907,-76.96055560500984,True
20211222,20210526,22:45,LIMA,PE-1NB,53,CHOQUE,0,2,53.0,2021-05-26,PE-1NB,,,True
20211222,20210526,15:00,LIMA,PE-1N,123,CHOQUE,0,1,123.0,2021-05-26,PE-1N,-11.311270458500552,-77.48462579699292,True
20211222,20210526,07:30,AREQUIPA,PE-34A,163,DESPISTE,0,2,163.0,2021-05-26,PE-34A,-15.848287768849692,-71.11156691812614,True
20211222,20210526,15:20,MOQUEGUA,PE-36A,168,CHOQUE,0,1,168.0,2021-05-26,PE-36A,-16.840563325604997,-70.08536906224192,True
20211222,20210526,18:50,CUSCO,PE-28G,224,CHOQUE,0,1,224.0,2021-05-26,PE-28G,,,True
20211222,20210526,08:20,MOQUEGUA,PE-1SD,224,DESPISTE,0,0,224.0,2021-05-26,PE-1SD,-17.505777875681535,-71.36007106647682,True
20211222,20210526,11:23,AYACUCHO,PE-3S,229,DESPISTE,0,0,229.0,2021-05-26,PE-3S,-12.476631636154417,-74.76137870296671,True
20211222,20210526,19:00,MADRE DE DIOS,PE-30C,320,CHOQUE,0,0,320.0,2021-05-26,PE-30C,-12.878478993323366,-70.03188846276204,True
20211222,20210526,07:40,HUANUCO,PE-5N,468,DESPISTE,0,1,468.0,2021-05-26,PE-5N,-9.207429283355467,-75.85122126181439,True
20211222,20210526,18:00,PUNO,PE-3S,1351,CHOQUE,0,2,1351.0,2021-05-26,PE-3S,-15.766907650428477,-70.04827355393982,True
20211222,20210527,19:00,UCAYALI,PE-5SA,24,CHOQUE,0,1,24.0,2021-05-27,PE-5SA,-11.034642217897341,-74.3036344046713,True
20211222,20210527,12:27,AREQUIPA,PE-34A,83,CHOQUE,0,3,83.0,2021-05-27,PE-34A,-16.10782194849128,-71.62017877939647,True
20211222,20210527,19:00,LIMA,PE-1S,107,CHOQUE,0,1,107.0,2021-05-27,PE-1S,-13.015745195784534,-76.47864426839998,True
20211222,20210527,19:20,LIMA,PE-1S,108,CHOQUE,0,2,108.0,2021-05-27,PE-1S,-12.80540376186029,-76.54555704667551,True
20211222,20210527,18:30,AREQUIPA,PE-34A,117,DESPISTE,0,0,117.0,2021-05-27,PE-34A,-16.07585301286567,-71.37835088947384,True
20211222,20210527,07:10,AYACUCHO,PE-30A,117,CHOQUE,0,0,117.0,2021-05-27,PE-30A,-14.601236145511475,-74.2822081225112,True
20211222,20210527,02:00,PIURA,PE-1N,138,DESPISTE,0,0,138.0,2021-05-27,PE-1N,-11.201000419910086,-77.56442822852796,True
20211222,20210527,07:00,JUNIN,PE-3S,154,DESPISTE,0,1,154.0,2021-05-27,PE-3S,-12.281507467517875,-75.11287187197993,True
20211222,20210527,01:40,AREQUIPA,PE-34A,185,CHOQUE,1,0,185.0,2021-05-27,PE-34A,-15.754162249829529,-70.95101871894164,True
20211222,20210527,10:45,ANCASH,PE-1N,411,CHOQUE,0,1,411.0,2021-05-27,PE-1N,-9.208823158276603,-78.45395799771633,True
20211222,20210528,19:30,CAJAMARCA,PE-3N,6,ATROPELLO,0,0,6.0,2021-05-28,PE-3N,-11.4913470222175,-75.94324267757021,True
20211222,20210528,17:45,AREQUIPA,PE-1SD,13,CHOQUE,1,3,13.0,2021-05-28,PE-1SD,-16.675452327605438,-72.54248403000211,True
20211222,20210528,10:30,LORETO,LO-103,15,CHOQUE,0,0,15.0,2021-05-28,LO-103,,,True
20211222,20210528,20:20,UCAYALI,PE-18C,15,DESPISTE,0,1,15.0,2021-05-28,PE-18C,-8.718091544267,-75.00655789342348,True
20211222,20210528,18:50,LIMA,PE-1S,24,ATROPELLO,0,0,24.0,2021-05-28,PE-1S,-12.246584742503304,-76.93618987426358,True
20211222,20210528,07:50,JUNIN,PE-3SA,26,CHOQUE,0,0,26.0,2021-05-28,PE-3SA,-11.637061225098675,-75.59811834425413,True
20211222,20210528,06:00,PUNO,PE-34B,37,DESPISTE,3,0,37.0,2021-05-28,PE-34B,-15.003310637672437,-70.18197552855779,True
20211222,20210528,12:30,LORETO,LO-103,41,DESPISTE,0,2,41.0,2021-05-28,LO-103,,,True
20211222,20210528,21:00,LIMA,PE-1N,59,ATROPELLO,0,1,59.0,2021-05-28,PE-1N,-11.692192514020103,-77.18065694885097,True
20211222,20210528,11:45,LIMA,PE-1S,92,CHOQUE,0,0,92.0,2021-05-28,PE-1S,-12.889123464538072,-76.50939767097918,True
20211222,20210528,23:00,JUNIN,PE-5S,99,CHOQUE,2,4,99.0,2021-05-28,PE-5S,-11.170614107386761,-74.66016761878679,True
20211222,20210528,20:50,LIMA,PE-22,103,CHOQUE,0,1,103.0,2021-05-28,PE-22,-11.73365941660597,-76.26027361787592,True
20211222,20210528,13:30,CUSCO,PE-28B,116,CHOQUE,0,0,116.0,2021-05-28,PE-28B,-12.757995500384276,-73.98796221748898,True
20211222,20210528,17:00,ANCASH,PE-16,124,CHOQUE,0,2,124.0,2021-05-28,PE-16,-10.121931600999915,-77.29332721199995,True
20211222,20210528,15:00,LIMA,PE-22,132,DESPISTE,0,4,132.0,2021-05-28,PE-22,-11.599434301998855,-76.19350382354745,True
20211222,20210528,07:30,JUNIN,PE-24A,153,DESPISTE,2,4,153.0,2021-05-28,PE-24A,-11.509716044939475,-74.82906399091569,True
20211222,20210528,00:55,LIMA,PE-1S,166,CHOQUE,2,0,166.0,2021-05-28,PE-1S,-13.258340958466187,-76.28145937203014,True
20211222,20210528,17:55,AREQUIPA,PE-34A,179,DESPISTE,0,0,179.0,2021-05-28,PE-34A,-15.764218560835296,-70.99473497219276,True
20211222,20210528,01:50,ANCASH,PE-1N,240,DESPISTE,0,1,240.0,2021-05-28,PE-1N,-10.422093052498472,-77.926735641405,True
20211222,20210528,08:45,CUSCO,PE-28B,362,DESPISTE,0,0,362.0,2021-05-28,PE-28B,-12.639233311648795,-72.88016394677919,True
20211222,20210528,10:00,ICA,PE-1S,377,CHOQUE,0,6,377.0,2021-05-28,PE-1S,-14.497228660595075,-75.26832944185828,True
20211222,20210528,16:45,LA LIBERTAD,PE-1N,479,DESPISTE,0,1,479.0,2021-05-28,PE-1N,-8.683219668536625,-78.63136977013599,True
20211222,20210528,10:50,MADRE DE DIOS,PE-30C,517,DESPISTE,0,0,517.0,2021-05-28,PE-30C,-11.869776266048964,-69.13642463350591,True
20211222,20210528,19:00,LA LIBERTAD,PE-1N,544,CHOQUE,0,1,544.0,2021-05-28,PE-1N,-8.24265869299265,-78.94054643900571,True
20211222,20210528,08:20,LA LIBERTAD,PE-1N,580,CHOQUE,0,2,580.0,2021-05-28,PE-1N,-8.035393715949276,-79.08155252976732,True
20211222,20210528,19:30,AREQUIPA,PE-1S,768,CHOQUE,0,1,768.0,2021-05-28,PE-1S,-16.430780068075176,-73.13763684101212,True
20211222,20210528,18:30,AREQUIPA,PE-1S,796,DESPISTE,0,0,796.0,2021-05-28,PE-1S,-16.48535222995818,-72.96953869327386,True
20211222,20210528,04:40,LAMBAYEQUE,PE-1N,848,CHOQUE,0,3,848.0,2021-05-28,PE-1N,-6.345348452467783,-80.22274111069017,True
20211222,20210528,02:30,AREQUIPA,PE-1S,865,DESPISTE,0,2,865.0,2021-05-28,PE-1S,-16.545411295927323,-72.54626016640586,True
20211222,20210528,08:15,PUNO,PE-3S,1381,CHOQUE,0,5,1381.0,2021-05-28,PE-3S,-15.885821646141022,-69.89184089651039,True
20211222,20210529,22:18,CAJAMARCA,PE-3N,5,CHOQUE,0,1,5.0,2021-05-29,PE-3N,-11.499670865051586,-75.94005565962021,True
20211222,20210529,10:50,LIMA,PE-1S,20,CHOQUE,0,1,20.0,2021-05-29,PE-1S,-12.229112605266383,-76.96824697333902,True
20211222,20210529,14:30,PIURA,PE-1N,40,CHOQUE,0,0,40.0,2021-05-29,PE-1N,-11.80397223380406,-77.135597364995,True
20211222,20210529,05:00,LIMA,PE-22,52,DESPISTE,0,2,52.0,2021-05-29,PE-22,-11.91802660952264,-76.56381610237673,True
20211222,20210529,20:05,JUNIN,PE-5S,60,CHOQUE,1,0,60.0,2021-05-29,PE-5S,-10.932307066636337,-74.86826390843696,True
20211222,20210529,19:00,LIMA,PE-1N,81,CHOQUE,0,2,81.0,2021-05-29,PE-1N,-11.571969039919333,-77.26346688953588,True
20211222,20210529,01:40,HUANUCO,PE-18A,83,DESPISTE,0,0,83.0,2021-05-29,PE-18A,-9.561666124455797,-76.01810565414102,True
20211222,20210529,06:00,AREQUIPA,PE-34A,126,DESPISTE,0,1,126.0,2021-05-29,PE-34A,-16.04149849274978,-71.30804283477462,True
20211222,20210529,13:30,LIMA,PE-1S,135,CHOQUE,0,1,135.0,2021-05-29,PE-1S,-13.05669968665426,-76.46048075215074,True
20211222,20210529,06:30,PASCO,PE-3N,136,DESPISTE,0,1,136.0,2021-05-29,PE-3N,-10.664907102997306,-76.18012783244214,True
20211222,20210529,20:10,LIMA,PE-1N,180,CHOQUE,0,1,180.0,2021-05-29,PE-1N,-10.870072542326746,-77.68685728939744,True
20211222,20210529,21:05,LIMA,PE-1N,183,CHOQUE,2,0,183.0,2021-05-29,PE-1N,-10.853315322500634,-77.69194416500103,True
20211222,20210529,13:25,ANCASH,PE-1N,237,DESPISTE,1,4,237.0,2021-05-29,PE-1N,-10.445919152267779,-77.9280881394662,True
20211222,20210529,05:00,AYACUCHO,PE-30A,262,DESPISTE,0,0,262.0,2021-05-29,PE-30A,-14.562671723392397,-73.55788397399506,True
20211222,20210529,14:40,ICA,PE-1S,319,CHOQUE,0,3,319.0,2021-05-29,PE-1S,-14.2456580469509,-75.69146767702468,True
20211222,20210529,08:00,ANCASH,PE-1N,344,DESPISTE,0,0,344.0,2021-05-29,PE-1N,-9.709208055507482,-78.27510081942467,True
20211222,20210529,19:20,SAN MARTIN,PE-5N,505,CHOQUE,0,2,505.0,2021-05-29,PE-5N,-9.058522134013474,-76.07596877851562,True
20211222,20210529,20:25,AREQUIPA,PE-1S,624,CHOQUE,2,0,624.0,2021-05-29,PE-1S,-15.876730484096566,-74.17248206338037,True
20211222,20210529,17:50,LAMBAYEQUE,PE-1N,841,CHOQUE,0,0,841.0,2021-05-29,PE-1N,-6.396553278383269,-80.1854717951603,True
20211222,20210529,10:30,AREQUIPA,PE-1S,954,DESPISTE,0,1,954.0,2021-05-29,PE-1S,-16.488740214840078,-71.883166271845,True
20211222,20210529,02:40,TACNA,PE-1S,1224,CHOQUE,0,0,1224.0,2021-05-29,PE-1S,-17.757704842113576,-70.79359807424007,True
20211222,20210530,13:00,ANCASH,PE-3N,12,N.I.,1,2,12.0,2021-05-30,PE-3N,-11.450098215863449,-75.94880097496149,True
20211222,20210530,14:00,UCAYALI,PE-18C,15,DESPISTE,0,1,15.0,2021-05-30,PE-18C,-8.718091544267,-75.00655789342348,True
20211222,20210530,06:45,UCAYALI,PE-18C,17,CHOQUE,0,2,17.0,2021-05-30,PE-18C,-8.704896522742061,-74.99580171198913,True
20211222,20210530,00:30,LAMBAYEQUE,PE-1NJ,50,DESPISTE,0,2,50.0,2021-05-30,PE-1NJ,-6.278461675736851,-79.74296778442043,True
20211222,20210530,04:30,LIMA,PE-1N,75,ATROPELLO,0,0,75.0,2021-05-30,PE-1N,-11.613182867318377,-77.23179150617773,True
20211222,20210530,12:30,JUNIN,PE-3NG,85,DESPISTE,0,28,85.0,2021-05-30,PE-3NG,-11.4553095219511,-76.3013626997019,True
20211222,20210530,07:15,AREQUIPA,PE-34A,88,CHOQUE,0,0,88.0,2021-05-30,PE-34A,-16.08524756822264,-71.59753155397208,True
20211222,20210530,16:00,CAJAMARCA,PE-08B,95,DESPISTE,0,1,95.0,2021-05-30,PE-08B,-6.899169336124469,-78.16776489680709,True
20211222,20210530,18:05,JUNIN,PE-5S,104,CHOQUE,0,3,104.0,2021-05-30,PE-5S,-11.206041559895803,-74.66211520915614,True
20211222,20210530,09:30,HUANUCO,PE-18A,134,CHOQUE,0,2,134.0,2021-05-30,PE-18A,-9.20610965297963,-75.98734539610372,True
20211222,20210530,06:40,LIMA,PE-1S,151,DESPISTE,0,0,151.0,2021-05-30,PE-1S,-13.163575249999951,-76.36597450699992,True
20211222,20210530,06:50,AREQUIPA,PE-34A,173,DESPISTE,0,0,173.0,2021-05-30,PE-34A,-15.790892688455457,-71.04151117114745,True
20211222,20210530,11:50,TUMBES,PE-1N,199,DESPISTE,0,1,199.0,2021-05-30,PE-1N,-10.72197831263506,-77.76328729525757,True
20211222,20210530,04:30,ICA,PE-1S,200,CHOQUE,0,1,200.0,2021-05-30,PE-1S,-13.491406913312126,-76.1395671272503,True
20211222,20210530,19:40,PIURA,PE-1NJ,208,CHOQUE,0,1,208.0,2021-05-30,PE-1NJ,-5.195023463766519,-80.12709064681005,True
20211222,20210530,06:45,PUNO,PE-34A,223,DESPISTE,0,0,223.0,2021-05-30,PE-34A,-15.639118173390903,-70.71293625408256,True
20211222,20210530,17:30,PUNO,PE-34B,274,DESPISTE,0,3,274.0,2021-05-30,PE-34B,-13.54281704344796,-70.44208466644236,True
20211222,20210530,14:00,HUANUCO,PE-3N,372,CHOQUE,0,2,372.0,2021-05-30,PE-3N,-9.856719720141273,-76.83830405251922,True
20211222,20210530,11:20,LA LIBERTAD,PE-1N,485,ESPECIAL,0,1,485.0,2021-05-30,PE-1N,-8.63548705312354,-78.63077200440088,True
20211222,20210530,13:30,CUSCO,PE-3S,912,DESPISTE,0,0,912.0,2021-05-30,PE-3S,-13.459385396871467,-72.39667928675813,True
20211222,20210530,18:20,PUNO,PE-3S,1212,CHOQUE,0,4,1212.0,2021-05-30,PE-3S,-14.826984684165883,-70.67308901252801,True
20211222,20210531,19:30,AREQUIPA,PE-34C,4,DESPISTE,0,0,4.0,2021-05-31,PE-34C,-16.415850564175603,-71.55148132298915,True
20211222,20210531,07:15,UCAYALI,PE-18C,50,CHOQUE,0,0,50.0,2021-05-31,PE-18C,-8.489090567821924,-74.82795228428449,True
20211222,20210531,19:30,ANCASH,PE-14A,68,DESPISTE,0,1,68.0,2021-05-31,PE-14A,-9.452907190614134,-77.17271537546664,True
20211222,20210531,16:00,LAMBAYEQUE,PE-1NJ,86,CHOQUE,0,1,86.0,2021-05-31,PE-1NJ,-5.995402647712725,-79.69613464165884,True
20211222,20210531,12:22,MOQUEGUA,PE-36A,108,DESPISTE,0,2,108.0,2021-05-31,PE-36A,-16.85555955699425,-70.54999775459441,True
20211222,20210531,02:15,PUNO,PE-34A,175,CHOQUE,0,0,175.0,2021-05-31,PE-34A,-15.77820553106603,-71.02826553106604,True
20211222,20210531,11:20,PUNO,PE-36A,304,ATROPELLO,0,1,304.0,2021-05-31,PE-36A,-16.582985329966565,-69.06147842743208,True
20211222,20210531,09:15,UCAYALI,PE-18C,510,CHOQUE,0,0,510.0,2021-05-31,PE-18C,,,True
20211222,20210531,16:30,SAN MARTIN,PE-5N,559,DESPISTE,0,5,559.0,2021-05-31,PE-5N,-8.732953442560154,-76.236767545482,True
20211222,20210531,07:00,LA LIBERTAD,PE-1N,561,CHOQUE,0,2,561.0,2021-05-31,PE-1N,-8.135919603030302,-79.0264438826703,True
20211222,20210531,12:20,CAJAMARCA,PE-3N,1561,ESPECIAL,0,2,1561.0,2021-05-31,PE-3N,-6.020133656241823,-78.99934205627352,True
20211222,20210601,02:20,JUNIN,PE-3N,3,DESPISTE,0,0,3.0,2021-06-01,PE-3N,-11.511412991335881,-75.9286379374289,True
20211222,20210601,22:50,CAJAMARCA,PE-08B,12,CHOQUE,0,0,12.0,2021-06-01,PE-08B,-7.156266850834902,-78.4301577787821,True
20211222,20210601,06:00,JUNIN,PE-3S,13,DESPISTE,0,0,13.0,2021-06-01,PE-3S,-11.585537951932846,-75.84682472954167,True
20211222,20210601,18:10,PIURA,PE-02,30,DESPISTE,0,1,30.0,2021-06-01,PE-02,-5.119175781172167,-80.94147282446755,True
20211222,20210601,11:40,LIMA,PE-1N,47,DESPISTE,0,1,47.0,2021-06-01,PE-1N,-11.753335009070232,-77.14879196867817,True
20211222,20210601,22:57,PIURA,PE-1N,126,DESPISTE,0,0,126.0,2021-06-01,PE-1N,-11.289213183828368,-77.50059226951073,True
20211222,20210601,16:20,PASCO,PE-3N,139,CHOQUE,0,1,139.0,2021-06-01,PE-3N,-10.648549611513406,-76.16548078471018,True
20211222,20210601,17:55,LIMA,PE-1S,156,DESPISTE,0,0,156.0,2021-06-01,PE-1S,-13.199994771821952,-76.34245563072116,True
20211222,20210601,07:30,AYACUCHO,PE-30A,253,CHOQUE,0,0,253.0,2021-06-01,PE-30A,-14.604202570807418,-73.58759866068962,True
20211222,20210601,17:00,ANCASH,PE-1N,391,DESPISTE,0,0,391.0,2021-06-01,PE-1N,-9.366800760307788,-78.38774179559313,True
20211222,20210601,04:00,LA LIBERTAD,PE-1N,450,ATROPELLO,0,0,450.0,2021-06-01,PE-1N,-8.934841082623915,-78.63367904312526,True
20211222,20210601,23:30,LAMBAYEQUE,PE-1N,830,CHOQUE,0,1,830.0,2021-06-01,PE-1N,-6.4672307871604255,-80.1169398912168,True
20211222,20210602,16:40,CAJAMARCA,PE-08,40,DESPISTE,0,0,40.0,2021-06-02,PE-08,-7.214434409136895,-79.1906329032308,True
20211222,20210602,14:30,JUNIN,PE-3N,48,CHOQUE,0,2,48.0,2021-06-02,PE-3N,-11.195627548029286,-75.96281699813696,True
20211222,20210602,14:45,JUNIN,PE-3N,49,DESPISTE,0,1,49.0,2021-06-02,PE-3N,-11.189428938946243,-75.96965729234499,True
20211222,20210602,08:20,LIMA,PE-1N,110,CHOQUE,0,0,110.0,2021-06-02,PE-1N,-11.397146142919942,-77.41000444179028,True
20211222,20210602,07:50,LIMA,PE-22,119,DESPISTE,0,0,119.0,2021-06-02,PE-22,-11.637866230003475,-76.23299827749263,True
20211222,20210602,14:00,LIMA,PE-1N,143,DESPISTE,0,0,143.0,2021-06-02,PE-1N,-11.163256154276384,-77.58955539196691,True
20211222,20210602,21:20,LIMA,PE-1N,153,ATROPELLO,1,0,153.0,2021-06-02,PE-1N,-11.077178170857938,-77.58277443695867,True
20211222,20210602,02:30,JUNIN,PE-22,168,DESPISTE,0,5,168.0,2021-06-02,PE-22,-11.565171285988212,-75.95502959435024,True
20211222,20210602,04:00,ANCASH,PE-1N,272,DESPISTE,0,0,272.0,2021-06-02,PE-1N,-10.220854392514068,-78.04221714449535,True
20211222,20210602,00:15,ICA,PE-1S,325,CHOQUE,0,1,325.0,2021-06-02,PE-1S,-14.298145813625748,-75.67852334086302,True
20211222,20210602,17:45,ICA,PE-1S,351,CHOQUE,0,2,351.0,2021-06-02,PE-1S,-14.43437721023948,-75.49880247383274,True
20211222,20210602,13:50,ICA,PE-1S,364,CHOQUE,0,2,364.0,2021-06-02,PE-1S,-14.469850390746045,-75.38419008894266,True
20211222,20210602,08:30,ANCASH,PE-1N,372,DESPISTE,0,2,372.0,2021-06-02,PE-1N,-9.484247311270881,-78.28093203689492,True
20211222,20210602,12:00,LA LIBERTAD,PE-1N,580,CHOQUE,1,2,580.0,2021-06-02,PE-1N,-8.035393715949276,-79.08155252976732,True
20211222,20210602,19:30,SAN MARTIN,PE-5N,705,DESPISTE,0,1,705.0,2021-06-02,PE-5N,-7.831641739174686,-76.68589490131761,True
20211222,20210602,11:00,SAN MARTIN,PE-5N,753,ATROPELLO,0,1,753.0,2021-06-02,PE-5N,-7.562631984091148,-76.69478576643235,True
20211222,20210602,09:46,TACNA,PE-1S,1245,DESPISTE,0,1,1245.0,2021-06-02,PE-1S,-17.802868682966253,-70.60293300424055,True
20211222,20210602,18:00,TACNA,PE-1S,1331,CHOQUE,3,1,1331.0,2021-06-02,PE-1S,-18.310510278999914,-70.31411058599991,True
20211222,20210603,01:30,LIMA,PE-1S,4,CHOQUE,0,1,4.0,2021-06-03,PE-1S,-12.091052265394318,-76.98095805023392,True
20211222,20210603,19:30,LA LIBERTAD,PE-1N,618,DESPISTE,0,0,618.0,2021-06-03,PE-1N,-7.773160655250288,-79.25483010080309,True
20211222,20210603,21:05,SAN MARTIN,PE-5N,639,DESPISTE,0,1,639.0,2021-06-03,PE-5N,-8.18653917155887,-76.51852088826155,True
20211222,20210603,08:00,CUSCO,PE-3S,931,CHOQUE,1,0,931.0,2021-06-03,PE-3S,-13.47959511526787,-72.27037797496749,True
20211222,20210603,11:15,CUSCO,PE-3S,942,CHOQUE,0,3,942.0,2021-06-03,PE-3S,-13.491725579379564,-72.1738851202702,True
20211222,20210603,05:50,AREQUIPA,PE-1S,990,ATROPELLO,0,1,990.0,2021-06-03,PE-1S,-16.710068900317754,-71.87030664977324,True
20211222,20210604,00:50,LIMA,PE-1S,23,DESPISTE,0,1,23.0,2021-06-04,PE-1S,-12.24236550164664,-76.94430819131811,True
20211222,20210604,17:30,AMAZONAS,PE-8B,37,ESPECIAL,0,2,37.0,2021-06-04,PE-8B,,,True
20211222,20210604,08:20,LIMA,PE-1S,42,DESPISTE,0,0,42.0,2021-06-04,PE-1S,-12.346898641804312,-76.8100491539498,True
20211222,20210604,17:20,LIMA,PE-1S,42,CHOQUE,0,1,42.0,2021-06-04,PE-1S,-12.346898641804312,-76.8100491539498,True
20211222,20210604,21:00,LIMA,PE-22,44,CHOQUE,0,2,44.0,2021-06-04,PE-22,-11.922578540532923,-76.62822580897294,True
20211222,20210604,23:10,CUSCO,PE-28F,49,CHOQUE,0,4,49.0,2021-06-04,PE-28F,-13.310668060999944,-72.11075461899992,True
20211222,20210604,07:20,JUNIN,PE-3N,50,CHOQUE,0,2,50.0,2021-06-04,PE-3N,-11.182230842609718,-75.9751351276583,True
20211222,20210604,13:30,AYACUCHO,PE-30A,84,DESPISTE,0,1,84.0,2021-06-04,PE-30A,-14.666557481915124,-74.44858123408893,True
20211222,20210604,17:50,HUANUCO,PE-3N,214,CHOQUE,0,3,214.0,2021-06-04,PE-3N,-10.091215007082496,-76.21636876694497,True
20211222,20210604,15:00,CUSCO,PE-28B,243,DESPISTE,0,1,243.0,2021-06-04,PE-28B,-12.803168961078685,-73.46697934027328,True
20211222,20210604,10:00,HUANUCO,PE-5N,268,CHOQUE,0,0,268.0,2021-06-04,PE-5N,-9.34093560284134,-75.0224908887967,True
20211222,20210604,05:00,ANCASH,PE-1N,272,CHOQUE,0,2,272.0,2021-06-04,PE-1N,-10.220854392514068,-78.04221714449535,True
20211222,20210604,17:30,AMAZONAS,PE-5N,315,DESPISTE,0,0,315.0,2021-06-04,PE-5N,-8.945434170473952,-75.0384408428189,True
20211222,20210604,15:20,LA LIBERTAD,PE-10C,319,DESPISTE,1,0,319.0,2021-06-04,PE-10C,-8.500248728097787,-77.30268125851745,True
20211222,20210604,11:50,ANCASH,PE-1N,422,CHOQUE,0,0,422.0,2021-06-04,PE-1N,-9.033799444882886,-78.61414432914387,True
20211222,20210604,06:45,LAMBAYEQUE,PE-1N,737,ATROPELLO,1,0,737.0,2021-06-04,PE-1N,-7.023678044823953,-79.60005813263012,True
20211222,20210604,04:15,LAMBAYEQUE,PE-1N,743,CHOQUE,0,2,743.0,2021-06-04,PE-1N,-6.984149945325185,-79.63377579304978,True
20211222,20210604,22:50,APURIMAC,PE-3S,832,CHOQUE,0,0,832.0,2021-06-04,PE-3S,-13.537007670210158,-72.7510413742433,True
20211222,20210604,17:25,LAMBAYEQUE,PE-1N,874,ATROPELLO,0,1,874.0,2021-06-04,PE-1N,-6.214722761578347,-80.41226460924999,True
20211222,20210604,13:35,AREQUIPA,PE-1S,939,CHOQUE,0,3,939.0,2021-06-04,PE-1S,-16.441482123788365,-71.98397876987231,True
20211222,20210604,17:30,MOQUEGUA,PE-1S,1132,DESPISTE,0,2,1132.0,2021-06-04,PE-1S,-17.187987095394877,-71.02108493131885,True
20211222,20210604,12:10,TACNA,PE-1S,1311,CHOQUE,0,0,1311.0,2021-06-04,PE-1S,-18.16304398041413,-70.33591159677137,True
20211222,20210604,09:45,N.I.,N.I.,N.I.,CHOQUE,0,1,,2021-06-04,N.I.,,,True
20211222,20210605,13:00,PIURA,PE-02A,4,CHOQUE,0,2,4.0,2021-06-05,PE-02A,-5.239058191303935,-80.07733792157585,True
20211222,20210605,09:20,ICA,PE-28A,7,CHOQUE,0,1,7.0,2021-06-05,PE-28A,-13.681644801205778,-76.09609341405238,True
20211222,20210605,17:30,CAJAMARCA,PE-08A,12,DESPISTE,0,0,12.0,2021-06-05,PE-08A,-7.164842642371676,-78.83355209429573,True
20211222,20210605,18:15,HUANCAVELICA,PE-3SD,36,ATROPELLO,1,0,36.0,2021-06-05,PE-3SD,-12.392575376404736,-74.87520484877315,True
20211222,20210605,15:30,PUNO,PE-34H,45,CHOQUE,0,0,45.0,2021-06-05,PE-34H,-15.248525555998517,-69.84895831935492,True
20211222,20210605,17:00,LIMA,PE-18,73,CHOQUE,0,4,73.0,2021-06-05,PE-18,-10.995055758501675,-77.06366191417797,True
20211222,20210605,22:00,HUANCAVELICA,PE-28B,89,CHOQUE,0,0,89.0,2021-06-05,PE-28B,-12.839757352279552,-73.99938758046522,True
20211222,20210605,21:00,LAMBAYEQUE,PE-ANJ,120,ESPECIAL,0,1,120.0,2021-06-05,PE-ANJ,,,True
20211222,20210605,05:45,AYACUCHO,PE-30A,122,DESPISTE,0,1,122.0,2021-06-05,PE-30A,-14.620471383242128,-74.26209248499224,True
20211222,20210605,10:00,JUNIN,PE-22,136,DESPISTE,0,1,136.0,2021-06-05,PE-22,-11.599908121029797,-76.16793860148483,True
20211222,20210605,17:30,PASCO,PE-3N,157,DESPISTE,0,0,157.0,2021-06-05,PE-3N,-10.515188472203201,-76.17974596657258,True
20211222,20210605,18:35,LIMA,PE-1N,196,CHOQUE,1,0,196.0,2021-06-05,PE-1N,-10.80568667295188,-77.70196500070757,True
20211222,20210605,09:00,ANCASH,PE-1N,237,DESPISTE,0,2,237.0,2021-06-05,PE-1N,-10.445919152267779,-77.9280881394662,True
20211222,20210605,02:15,ANCASH,PE-1N,408,ESPECIAL,0,0,408.0,2021-06-05,PE-1N,-9.234620554268307,-78.44851087676236,True
20211222,20210605,16:45,LA LIBERTAD,PE-1N,590,CHOQUE,0,1,590.0,2021-06-05,PE-1N,-7.951020470492266,-79.09201582246158,True
20211222,20210605,20:20,AREQUIPA,PE-1S,983,CHOQUE,0,0,983.0,2021-06-05,PE-1S,-16.646893387787422,-71.87159344399825,True
20211222,20210605,23:00,AREQUIPA,PE-1S,997,CHOQUE,1,1,997.0,2021-06-05,PE-1S,-16.77325102356703,-71.86921960027506,True
20211222,20210606,07:15,JUNIN,PE-3N,32,CHOQUE,0,0,32.0,2021-06-06,PE-3N,-11.318692595380442,-75.89609744080498,True
20211222,20210606,19:50,PUNO,PE-34I,51,CHOQUE,0,2,51.0,2021-06-06,PE-34I,-15.388249939174312,-69.51043202748131,True
20211222,20210606,12:25,JUNIN,PE-5S,100,CHOQUE,0,1,100.0,2021-06-06,PE-5S,-11.178743459116925,-74.65766337971792,True
20211222,20210606,07:34,LIMA,PE-1N,111,CHOQUE,0,0,111.0,2021-06-06,PE-1N,-11.397662136794214,-77.41903008400746,True
20211222,20210606,03:30,PIURA,PE-1NJ,217,DESPISTE,0,1,217.0,2021-06-06,PE-1NJ,-5.168175701979032,-80.18971837259245,True
20211222,20210606,19:30,PUNO,PE-34A,226,CHOQUE,0,0,226.0,2021-06-06,PE-34A,-15.643352517787386,-70.68652367946481,True
20211222,20210606,08:10,PIURA,PE-1NJ,237,CHOQUE,0,2,237.0,2021-06-06,PE-1NJ,-5.141752527543484,-80.36322472910496,True
20211222,20210606,04:20,ICA,PE-1S,364,DESPISTE,0,0,364.0,2021-06-06,PE-1S,-14.469850390746045,-75.38419008894266,True
20211222,20210606,11:50,APURIMAC,PE.30A,385,DESPISTE,0,0,385.0,2021-06-06,PE.30A,,,True
20211222,20210606,19:00,MADRE DE DIOS,PE-30C,438,CHOQUE,2,0,438.0,2021-06-06,PE-30C,-12.524001484021792,-69.13662507247808,True
20211222,20210606,15:50,ICA,PE-1S,456,DESPISTE,0,0,456.0,2021-06-06,PE-1S,-14.909092243389866,-74.98519499802576,True
20211222,20210606,03:00,PIURA,PE-1N,903,DESPISTE,0,4,903.0,2021-06-06,PE-1N,-5.989129502513244,-80.52931488112117,True
20211222,20210607,04:45,CAJAMARCA,PE-3N,4,DESPISTE,0,0,4.0,2021-06-07,PE-3N,-11.505579466515494,-75.93325922876595,True
20211222,20210607,14:40,LIMA,LM-100,15,CHOQUE,0,15,15.0,2021-06-07,LM-100,,,True
20211222,20210607,05:30,JUNIN,PE-4S,27,DESPISTE,0,1,27.0,2021-06-07,PE-4S,,,True
20211222,20210607,16:10,TACNA,PE-1SD,33,CHOQUE,0,2,33.0,2021-06-07,PE-1SD,-16.72578013335487,-72.41535242989583,True
20211222,20210607,07:30,PUNO,PE-34H,45,CHOQUE,0,3,45.0,2021-06-07,PE-34H,-15.248525555998517,-69.84895831935492,True
20211222,20210607,12:15,CUSCO,PE-28B,64,ATROPELLO,0,0,64.0,2021-06-07,PE-28B,-12.945901084721958,-74.02364310241589,True
20211222,20210607,03:00,AREQUIPA,PE-34A,66,DESPISTE,0,0,66.0,2021-06-07,PE-34A,-16.225063455802612,-71.66063313432053,True
20211222,20210607,19:50,LIMA,PE-1N,68,ESPECIAL,0,0,68.0,2021-06-07,PE-1N,-11.620236408031433,-77.2074018657356,True
20211222,20210607,09:45,AREQUIPA,PE-34A,80,DESPISTE,1,2,80.0,2021-06-07,PE-34A,-16.12493861399267,-71.63508075129491,True
20211222,20210607,19:22,LAMBAYEQUE,PE-1NJ,100,CHOQUE,0,2,100.0,2021-06-07,PE-1NJ,-5.91524077174481,-79.77200887550501,True
20211222,20210607,00:40,PASCO,PE-3N,137,CHOQUE,0,0,137.0,2021-06-07,PE-3N,-10.661611148591415,-76.17476146280698,True
20211222,20210607,19:40,LIMA,PE-1N,187,DESPISTE,0,1,187.0,2021-06-07,PE-1N,-10.838933147581805,-77.6966656488656,True
20211222,20210607,23:10,AMAZONAS,PE-08B,305,DESPISTE,0,1,305.0,2021-06-07,PE-08B,-6.2792644219623535,-77.93727910047527,True
20211222,20210607,04:00,ICA,PE-1S,343,DESPISTE,0,0,343.0,2021-06-07,PE-1S,-14.403810545435693,-75.56606037552055,True
20211222,20210607,14:30,ANCASH,PE-1N,423,CHOQUE,0,3,423.0,2021-06-07,PE-1N,-9.025129595377892,-78.61593234649202,True
20211222,20210607,12:30,MADRE DE DIOS,PE-30C,493,CHOQUE,0,2,493.0,2021-06-07,PE-30C,-12.065905622351492,-69.12383105112308,True
20211222,20210607,19:50,SAN MARTIN,PE-5N,641,CHOQUE,0,1,641.0,2021-06-07,PE-5N,-8.190504631275024,-76.53591555919775,True
20211222,20210607,15:50,LAMBAYEQUE,PE-1N,832,CHOQUE,1,0,832.0,2021-06-07,PE-1N,-6.456548468103063,-80.13154393565576,True
20211222,20210607,19:00,PUNO,PE-1S,1351,CHOQUE,0,0,1351.0,2021-06-07,PE-1S,,,True
20211222,20210608,12:40,LA LIBERTAD,LI-127,0,DESPISTE,18,5,0.0,2021-06-08,LI-127,,,True
20211222,20210608,22:00,PUNO,PE-34H,12,DESPISTE,0,0,12.0,2021-06-08,PE-34H,-15.401110223473637,-70.06396672073431,True
20211222,20210608,19:15,LORETO,LO-103,27,DESPISTE,0,1,27.0,2021-06-08,LO-103,,,True
20211222,20210608,09:30,AREQUIPA,PE-34,33,CHOQUE,0,1,33.0,2021-06-08,PE-34,-16.880187171198905,-72.02561869261848,True
20211222,20210608,04:30,SAN MARTIN,PE-5NB,36,DESPISTE,0,1,36.0,2021-06-08,PE-5NB,-6.431706922148019,-76.26026590810935,True
20211222,20210608,16:00,SAN MARTIN,PE-5NB,41,DESPISTE,0,0,41.0,2021-06-08,PE-5NB,-6.406990853446272,-76.26252596713944,True
20211222,20210608,19:10,LIMA,PE-1N,60,DESPISTE,0,4,60.0,2021-06-08,PE-1N,-11.683661003270746,-77.18334747653448,True
20211222,20210608,14:20,LIMA,PE-22,88,CHOQUE,0,0,88.0,2021-06-08,PE-22,-11.783538990587417,-76.32739910660979,True
20211222,20210608,09:10,LIMA,PE-1N,103,DESPISTE,0,5,103.0,2021-06-08,PE-1N,-11.418707756071143,-77.37091265285507,True
20211222,20210608,00:03,LIMA,PE-1S,105,CHOQUE,0,0,105.0,2021-06-08,PE-1S,-12.999087474159332,-76.48565862398164,True
20211222,20210608,08:00,AREQUIPA,PE-34A,181,DESPISTE,0,1,181.0,2021-06-08,PE-34A,-15.766109999999912,-70.97783042100791,True
20211222,20210608,22:00,PUNO,PE-34A,218,CHOQUE,0,1,218.0,2021-06-08,PE-34A,-15.659686222266705,-70.7501062222667,True
20211222,20210608,17:45,ICA,PE-1S,439,DESPISTE,0,1,439.0,2021-06-08,PE-1S,-14.815040446842366,-74.98413199650443,True
20211222,20210608,20:45,UCAYALI,PE-5N,444,ATROPELLO,0,0,444.0,2021-06-08,PE-5N,-9.150948225004162,-75.77532119001813,True
20211222,20210608,12:30,LA LIBERTAD,PE-1N,632,DESPISTE,0,0,632.0,2021-06-08,PE-1N,-7.674440170683751,-79.32597918190022,True
20211222,20210608,18:30,AREQUIPA,PE-1S,936,DESPISTE,0,1,936.0,2021-06-08,PE-1S,-16.430397159136078,-72.00958485194496,True
20211222,20210609,11:00,LIMA,PE-1N,5,CHOQUE,1,0,5.0,2021-06-09,PE-1N,-12.030899527517434,-77.00296103022148,True
20211222,20210609,18:45,UCAYALI,PE-18C,19,DESPISTE,0,1,19.0,2021-06-09,PE-18C,-8.688082080781154,-74.99002898925876,True
20211222,20210609,23:30,LIMA,PE-1S,23,DESPISTE,0,1,23.0,2021-06-09,PE-1S,-12.24236550164664,-76.94430819131811,True
20211222,20210609,15:00,AREQUIPA,PE-34A,27,DESPISTE,0,0,27.0,2021-06-09,PE-34A,-16.425501075818246,-71.6570686065464,True
20211222,20210609,18:30,AREQUIPA,PE-1SD,33,DESPISTE,0,0,33.0,2021-06-09,PE-1SD,-16.72578013335487,-72.41535242989583,True
20211222,20210609,21:50,LIMA,PE-1N,64,CHOQUE,0,1,64.0,2021-06-09,PE-1N,-11.654955855429053,-77.19964217875955,True
20211222,20210609,18:07,LIMA,PE-22,78,CHOQUE,0,1,78.0,2021-06-09,PE-22,-11.836472512317764,-76.37600339735839,True
20211222,20210609,04:30,TUMBES,PE-1N,169,DESPISTE,0,4,169.0,2021-06-09,PE-1N,-10.958343688855178,-77.6465415857082,True
20211222,20210609,15:30,LIMA,PE-1N,195,DESPISTE,0,3,195.0,2021-06-09,PE-1N,-10.809318459769994,-77.70090883878109,True
20211222,20210609,11:00,LA LIBERTAD,PE-1N,613,CHOQUE,1,2,613.0,2021-06-09,PE-1N,-7.792774967645444,-79.21616649596545,True
20211222,20210609,20:00,AREQUIPA,PE-1S,940,ATROPELLO,1,1,940.0,2021-06-09,PE-1S,-16.44516811814113,-71.97543852248221,True
20211222,20210609,04:30,AREQUIPA,PE-1S,1067,DESPISTE,0,0,1067.0,2021-06-09,PE-1S,-17.11305479742661,-71.51861487842943,True
20211222,20210610,11:40,CAJAMARCA,PE-1NG,13,DESPISTE,0,2,13.0,2021-06-10,PE-1NG,-7.381187473654709,-79.39022048412708,True
20211222,20210610,07:00,PUNO,PU-100,17,DESPISTE,2,0,17.0,2021-06-10,PU-100,,,True
20211222,20210610,19:15,JUNIN,PE-3N,33,CHOQUE,1,4,33.0,2021-06-10,PE-3N,-11.312453060711277,-75.90278853982137,True
20211222,20210610,20:15,LIMA,PE-1S,33,DESPISTE,0,1,33.0,2021-06-10,PE-1S,-12.290721215059772,-76.86672373926805,True
20211222,20210610,19:20,JUNIN,PE-3N,37,CHOQUE,0,0,37.0,2021-06-10,PE-3N,-11.283345450729579,-75.92079551326114,True
20211222,20210610,17:10,HUANUCO,PE-18A,69,CHOQUE,1,0,69.0,2021-06-10,PE-18A,-9.644060609673629,-76.06599151421885,True
20211222,20210610,08:50,AREQUIPA,PE-34A,84,DESPISTE,0,1,84.0,2021-06-10,PE-34A,-16.105249999999955,-71.6176720544646,True
20211222,20210610,21:30,AREQUIPA,PE-34A,87,CHOQUE,0,0,87.0,2021-06-10,PE-34A,-16.092195359752303,-71.60190822315788,True
20211222,20210610,15:25,LIMA,PE-22,116,CHOQUE,0,2,116.0,2021-06-10,PE-22,-11.66059649833997,-76.24459348592353,True
20211222,20210610,12:10,LIMA,PE-1N,154,CHOQUE,0,1,154.0,2021-06-10,PE-1N,-11.068789182839408,-77.5860174419725,True
20211222,20210610,06:00,ICA,PE-1S,356,CHOQUE,0,0,356.0,2021-06-10,PE-1S,-14.45130400137588,-75.45591120312474,True
20211222,20210610,13:30,APURIMAC,PE-30A,385,CHOQUE,0,3,385.0,2021-06-10,PE-30A,-14.028723076124098,-73.21641941636621,True
20211222,20210610,13:45,LA LIBERTAD,PE-1N,484,DESPISTE,0,0,484.0,2021-06-10,PE-1N,-8.641623597977864,-78.62418547375817,True
20211222,20210610,18:00,SAN MARTIN,PE-5N,656,CHOQUE,1,0,656.0,2021-06-10,PE-5N,-8.143159558523543,-76.58487735609377,True
20211222,20210610,05:40,SAN MARTIN,PE-5N,659,DESPISTE,0,0,659.0,2021-06-10,PE-5N,-8.121817986589466,-76.59964156232078,True
20211222,20210610,07:04,SAN MARTIN,PE-5N,659,CHOQUE,0,0,659.0,2021-06-10,PE-5N,-8.121817986589466,-76.59964156232078,True
20211222,20210610,17:05,SAN MARTIN,PE-5N,755,CHOQUE,0,2,755.0,2021-06-10,PE-5N,-7.546732096911713,-76.69072794598384,True
20211222,20210610,22:30,CUSCO,PE-3S,1100,CHOQUE,0,0,1100.0,2021-06-10,PE-3S,-14.19780225842513,-71.32009179516906,True
20211222,20210611,03:15,UCAYALI,PE-18C,39,DESPISTE,0,0,39.0,2021-06-11,PE-18C,-8.562401450113732,-74.8938564370962,True
20211222,20210611,07:50,CAJAMARCA,PE-08,86,CHOQUE,0,1,86.0,2021-06-11,PE-08,-7.226590964271003,-78.8839720735845,True
20211222,20210611,01:30,LIMA,PE-22,112,CHOQUE,0,0,112.0,2021-06-11,PE-22,-11.67094606237875,-76.25628872745061,True
20211222,20210611,18:00,CAJAMARCA,PE-08,165,DESPISTE,0,0,165.0,2021-06-11,PE-08,-7.237644864714603,-78.47276914180834,True
20211222,20210611,07:30,LIMA,PE-1N,212,ESPECIAL,0,0,212.0,2021-06-11,PE-1N,-10.64959579125828,-77.8481143075102,True
20211222,20210611,05:10,ANCASH,PE-1N,269,CHOQUE,2,5,269.0,2021-06-11,PE-1N,-10.24699960439865,-78.0366225613425,True
20211222,20210611,06:30,ICA,PE-1S,276,DESPISTE,0,0,276.0,2021-06-11,PE-1S,-13.935787056106248,-75.85221400587224,True
20211222,20210611,03:40,AREQUIPA,PE-1S,601,CHOQUE,0,0,601.0,2021-06-11,PE-1S,-15.82021092500037,-74.33168216160497,True
20211222,20210611,11:30,MADRE DE DIOS,PE-30C,602,CHOQUE,0,1,602.0,2021-06-11,PE-30C,-11.346387754102526,-69.50926928421495,True
20211222,20210611,08:15,APURIMAC,PE-3S,764,CHOQUE,0,0,764.0,2021-06-11,PE-3S,-13.68196798359628,-72.91870890975014,True
20211222,20210611,06:30,AREQUIPA,PE-1S,997,CHOQUE,0,5,997.0,2021-06-11,PE-1S,-16.77325102356703,-71.86921960027506,True
20211222,20210611,09:00,PIURA,PE-1N,1108,DESPISTE,0,0,1108.0,2021-06-11,PE-1N,-4.53348613561463,-81.20567223811115,True
20211222,20210611,19:30,PUNO,PE-3S,1306,CHOQUE,1,0,1306.0,2021-06-11,PE-3S,-15.398962741522139,-70.15387816519431,True
20211222,20210612,12:00,ICA,PE-28A,14,CHOQUE,0,4,14.0,2021-06-12,PE-28A,-13.688995233138327,-76.03308124145063,True
20211222,20210612,17:45,CAJAMARCA,PE-08,71,CHOQUE,0,0,71.0,2021-06-12,PE-08,-7.188495994012875,-78.99567053597372,True
20211222,20210612,19:05,LIMA,PE-1N,84,CHOQUE,0,1,84.0,2021-06-12,PE-1N,-11.55014767325089,-77.27645631319672,True
20211222,20210612,18:00,ANCASH,PE-16,100,DESPISTE,0,4,100.0,2021-06-12,PE-16,-10.14596733834941,-77.38252132852972,True
20211222,20210612,15:50,LIMA,PE-1N,111,CHOQUE,0,2,111.0,2021-06-12,PE-1N,-11.397662136794214,-77.41903008400746,True
20211222,20210612,03:00,PASCO,PE-3N,137,CHOQUE,0,0,137.0,2021-06-12,PE-3N,-10.661611148591415,-76.17476146280698,True
20211222,20210612,16:20,JUNIN,PE-22,154,CHOQUE,0,2,154.0,2021-06-12,PE-22,-11.609307054351873,-76.03421073631003,True
20211222,20210612,04:50,CAJAMARCA,PE-5N,159,CHOQUE,1,1,159.0,2021-06-12,PE-5N,-10.239766964494876,-74.98213087454688,True
20211222,20210612,02:30,ANCASH,PE-1N,346,DESPISTE,0,2,346.0,2021-06-12,PE-1N,-9.692589986878168,-78.28231122604849,True
20211222,20210612,17:30,AREQUIPA,PE-1S,914,CHOQUE,0,1,914.0,2021-06-12,PE-1S,-16.35500144063494,-72.148244733122,True
20211222,20210612,10:20,AREQUIPA,PE-1S,961,DESPISTE,0,0,961.0,2021-06-12,PE-1S,-16.50496720319223,-71.82248611400202,True
20211222,20210613,09:50,PIURA,PE-1N,1,DESPISTE,0,1,1.0,2021-06-13,PE-1N,-12.050405425107773,-76.97740415220201,True
20211222,20210613,20:35,UCAYALI,PE-18C,15,DESPISTE,0,2,15.0,2021-06-13,PE-18C,-8.718091544267,-75.00655789342348,True
20211222,20210613,17:40,PUNO,PE-36B,22,CHOQUE,0,5,22.0,2021-06-13,PE-36B,-16.714586401802947,-70.45023026999512,True
20211222,20210613,05:45,JUNIN,PE-22A,64,DESPISTE,0,0,64.0,2021-06-13,PE-22A,-12.343754200162467,-76.31964062684345,True
20211222,20210613,18:50,LIMA,PE-1N,77,CHOQUE,1,0,77.0,2021-06-13,PE-1N,-11.602077442374776,-77.24610941541458,True
20211222,20210613,16:54,JUNIN,PE-3S,87,DESPISTE,0,1,87.0,2021-06-13,PE-3S,-11.816153934108973,-75.42085544023954,True
20211222,20210613,18:45,LIMA,PE-1N,111,DESPISTE,0,1,111.0,2021-06-13,PE-1N,-11.397662136794214,-77.41903008400746,True
20211222,20210613,14:30,LIMA,PE-22,119,DESPISTE,0,3,119.0,2021-06-13,PE-22,-11.637866230003475,-76.23299827749263,True
20211222,20210613,19:20,LIMA,PE-1N,203,CHOQUE,1,0,203.0,2021-06-13,PE-1N,-10.693887907265005,-77.78498879822675,True
20211222,20210613,15:30,AMAZONAS,PE-5N,209,CHOQUE,0,1,209.0,2021-06-13,PE-5N,-9.840499284611612,-75.01507670588369,True
20211222,20210613,18:40,HUANUCO,PE-5N,521,CHOQUE,0,2,521.0,2021-06-13,PE-5N,-8.93321170955978,-76.1087442956977,True
20211222,20210613,20:10,ANCASH,PE-3N,561,CHOQUE,0,1,561.0,2021-06-13,PE-3N,-9.673141517466961,-77.48078243766497,True
20211222,20210613,15:40,PIURA,PE-1N,1005,CHOQUE,0,0,1005.0,2021-06-13,PE-1N,-5.129955299387884,-80.7002947940494,True
20211222,20210613,07:42,PIURA,PE-1N,1017,DESPISTE,1,0,1017.0,2021-06-13,PE-1N,-5.026640133236549,-80.70094932148477,True
20211222,20210613,21:30,MOQUEGUA,PE-1S,1167,DESPISTE,0,2,1167.0,2021-06-13,PE-1S,-17.43062063300712,-71.04812623724327,True
20211222,20210613,22:20,TACNA,PE-1S,1213,DESPISTE,0,2,1213.0,2021-06-13,PE-1S,-17.695780577116917,-70.84156692355832,True
20211222,20210614,20:45,CAJAMARCA,PE-06,8,ATROPELLO,1,0,8.0,2021-06-14,PE-06,-6.82830457183284,-79.92612300724561,True
20211222,20210614,09:00,JUNIN,PE-3S,14,CHOQUE,0,3,14.0,2021-06-14,PE-3S,-11.593761837960578,-75.84356681950936,True
20211222,20210614,11:30,LIMA,PE-1S,27,CHOQUE,0,0,27.0,2021-06-14,PE-1S,-12.261527902956091,-76.9132123532612,True
20211222,20210614,12:40,LIMA,PE-22,47,CHOQUE,0,1,47.0,2021-06-14,PE-22,-11.912955692951464,-76.60399615853814,True
20211222,20210614,22:20,MOQUEGUA,PE-36A,54,DESPISTE,0,1,54.0,2021-06-14,PE-36A,-17.037267146789453,-70.8165264528156,True
20211222,20210614,03:45,AREQUIPA,PE-34A,89,DESPISTE,0,1,89.0,2021-06-14,PE-34A,-16.076879599735776,-71.5970977598414,True
20211222,20210614,10:30,JUNIN,PE-3S,114,CHOQUE,0,1,114.0,2021-06-14,PE-3S,-11.989649313554223,-75.2583341327932,True
20211222,20210614,06:30,CAJAMARCA,PE-3N,120,CHOQUE,1,2,120.0,2021-06-14,PE-3N,-10.707840535166033,-76.23383225987217,True
20211222,20210614,20:05,LA LIBERTAD,PE-3N,169,CHOQUE,0,0,169.0,2021-06-14,PE-3N,-10.424765692179337,-76.19523973275544,True
20211222,20210614,10:30,CUSCO,PE-28B,173,DESPISTE,0,1,173.0,2021-06-14,PE-28B,-12.622913684197684,-73.79069108798873,True
20211222,20210614,11:10,LIMA,PE-1N,215,DESPISTE,0,1,215.0,2021-06-14,PE-1N,-10.627010220428128,-77.86229435880638,True
20211222,20210614,17:20,ANCASH,PE-1N,408,CHOQUE,0,1,408.0,2021-06-14,PE-1N,-9.234620554268307,-78.44851087676236,True
20211222,20210614,16:40,ANCASH,PE-3N,561,CHOQUE,0,0,561.0,2021-06-14,PE-3N,-9.673141517466961,-77.48078243766497,True
20211222,20210614,16:50,AREQUIPA,PE-1S,646,DESPISTE,0,1,646.0,2021-06-14,PE-1S,-15.982904581818802,-74.02899737139283,True
20211222,20210614,14:25,SAN MARTIN,PE-5N,651,CHOQUE,0,4,651.0,2021-06-14,PE-5N,-8.181841291276577,-76.58197315571282,True
20211222,20210614,10:45,LA LIBERTAD,PE-1N,720,DESPISTE,0,1,720.0,2021-06-14,PE-1N,-7.124098232690237,-79.481859463302,True
20211222,20210614,18:50,LAMBAYEQUE,PE-1N,806,CHOQUE,0,1,806.0,2021-06-14,PE-1N,-6.616425768698154,-79.96352091122431,True
20211222,20210614,20:45,AREQUIPA,PE-1S,897,CHOQUE,0,6,897.0,2021-06-14,PE-1S,-16.435566167749457,-72.28212350476242,True
20211222,20210614,06:00,AREQUIPA,PE-1S,940,DESPISTE,0,1,940.0,2021-06-14,PE-1S,-16.44516811814113,-71.97543852248221,True
20211222,20210614,14:30,AREQUIPA,PE-1S,946,CHOQUE,1,1,946.0,2021-06-14,PE-1S,-16.46983470777,-71.94217847103849,True
20211222,20210614,05:30,MOQUEGUA,PE-1S,1151,CHOQUE,0,0,1151.0,2021-06-14,PE-1S,-17.322120092573396,-70.98936997394036,True
20211222,20210615,20:40,AREQUIPA,PE-1SD,5,CHOQUE,1,0,5.0,2021-06-15,PE-1SD,-16.666213218757562,-72.58616599548773,True
20211222,20210615,18:30,JUNIN,PE-3S,75,CHOQUE,0,0,75.0,2021-06-15,PE-3S,-11.822061788232357,-75.48923941032317,True
20211222,20210615,03:30,PIURA,PE-1NJ,212,DESPISTE,0,1,212.0,2021-06-15,PE-1NJ,-5.169571473207414,-80.14678116438051,True
20211222,20210615,04:45,ANCASH,PE-1N,324,CHOQUE,0,2,324.0,2021-06-15,PE-1N,-9.831171101819368,-78.18406513201242,True
20211222,20210615,02:25,ANCASH,PE-1N,396,DESPISTE,0,1,396.0,2021-06-15,PE-1N,-9.32701651766862,-78.4050039793727,True
20211222,20210615,23:45,UCAYALI,PE-18C,680,CHOQUE,0,4,680.0,2021-06-15,PE-18C,,,True
20211222,20210615,09:30,LAMBAYEQUE,PE-1N,822,CHOQUE,0,0,822.0,2021-06-15,PE-1N,-6.510839082858124,-80.05920350161543,True
20211222,20210616,20:30,JUNIN,PE-5S,10,CHOQUE,0,1,10.0,2021-06-16,PE-5S,-10.952586969053465,-75.22521772245837,True
20211222,20210616,10:00,LIMA,PE-1N,69,CHOQUE,1,0,69.0,2021-06-16,PE-1N,-11.611573094810433,-77.20594646622817,True
20211222,20210616,18:50,LIMA,PE-22,88,DESPISTE,0,0,88.0,2021-06-16,PE-22,-11.783538990587417,-76.32739910660979,True
20211222,20210616,15:15,PASCO,PE-5N,88,CHOQUE,0,0,88.0,2021-06-16,PE-5N,-10.574372400174063,-75.09841956888242,True
20211222,20210616,21:15,LIMA,PE-22,108,DESPISTE,0,0,108.0,2021-06-16,PE-22,-11.698012647915725,-76.26622779065438,True
20211222,20210616,12:00,LIMA,PE-1N,124,CHOQUE,0,1,124.0,2021-06-16,PE-1N,-11.303918968677841,-77.48994919599751,True
20211222,20210616,07:15,LIMA,PE-1N,156,DESPISTE,0,0,156.0,2021-06-16,PE-1N,-11.051296839021024,-77.58913914344112,True
20211222,20210616,06:40,ICA,PE-1S,175,CHOQUE,1,0,175.0,2021-06-16,PE-1S,-13.328214280512649,-76.24013623626685,True
20211222,20210616,12:30,UCAYALI,PE-5N,373,DESPISTE,0,0,373.0,2021-06-16,PE-5N,-8.906143452937568,-75.34545892782798,True
20211222,20210616,23:20,HUANUCO,PE-5N,456,DESPISTE,0,2,456.0,2021-06-16,PE-5N,-9.199605801966364,-75.79680655258112,True
20211222,20210616,03:15,AREQUIPA,PE-1S,683,DESPISTE,0,3,683.0,2021-06-16,PE-1S,-16.17396511951621,-73.76853117966641,True
20211222,20210616,05:20,LAMBAYEQUE,PE-1N,828,DESPISTE,0,0,828.0,2021-06-16,PE-1N,-6.4779969252610305,-80.10239838586294,True
20211222,20210616,09:10,AREQUIPA,PE-1S,855,CHOQUE,1,1,855.0,2021-06-16,PE-1S,-16.57038925276604,-72.6272845418389,True
20211222,20210617,21:30,LIMA,PE-20C,0,CHOQUE,0,0,0.0,2021-06-17,PE-20C,-11.601749084999938,-77.19697261699991,True
20211222,20210617,05:45,JUNIN,PE-3N,8,CHOQUE,0,0,8.0,2021-06-17,PE-3N,-11.481597150923148,-75.95672083384216,True
20211222,20210617,14:10,LIMA,PE-22,52,DESPISTE,0,0,52.0,2021-06-17,PE-22,-11.91802660952264,-76.56381610237673,True
20211222,20210617,21:30,LIMA,PE-22,70,ESPECIAL,0,0,70.0,2021-06-17,PE-22,-11.875756205625285,-76.43000257756621,True
20211222,20210617,15:20,LIMA,PE-22,101,DESPISTE,0,1,101.0,2021-06-17,PE-22,-11.731220896376545,-76.26787178022856,True
20211222,20210617,10:15,LIMA,PE-22,127,DESPISTE,0,0,127.0,2021-06-17,PE-22,-11.61248639558264,-76.20658974751784,True
20211222,20210617,08:00,CUSCO,PE-28B,191,CHOQUE,0,5,191.0,2021-06-17,PE-28B,-12.678425612832916,-73.68876962278783,True
20211222,20210617,22:30,AYACUCHO,PE-28A,273,CHOQUE,0,6,273.0,2021-06-17,PE-28A,-13.349674821846357,-74.46360246619471,True
20211222,20210617,21:40,MADRE DE DIOS,PE-30C,295,DESPISTE,0,0,295.0,2021-06-17,PE-30C,-12.911226421665873,-70.24145375716323,True
20211222,20210617,00:35,HUANUCO,PE-5N,502,DESPISTE,0,0,502.0,2021-06-17,PE-5N,-9.078837001300842,-76.06363553736381,True
20211222,20210617,06:50,AREQUIPA,PE-1S,508,CHOQUE,0,0,508.0,2021-06-17,PE-1S,-15.347823389368433,-74.8944701310294,True
20211222,20210617,21:55,LAMBAYEQUE,PE-1N,747,CHOQUE,0,1,747.0,2021-06-17,PE-1N,-6.976581920268968,-79.6685895657589,True
20211222,20210617,17:00,LAMBAYEQUE,PE-1N,836,CHOQUE,0,0,836.0,2021-06-17,PE-1N,-6.433127447428323,-80.15885199356629,True
20211222,20210617,15:20,PIURA,PE-1N,1003,CHOQUE,1,0,1003.0,2021-06-17,PE-1N,-5.147696505986928,-80.69696315081971,True
20211222,20210617,23:20,AREQUIPA,PE-1S,1041,DESPISTE,0,1,1041.0,2021-06-17,PE-1S,-17.027181748636483,-71.6844183597377,True
20211222,20210617,18:50,PUNO,PE-3S,1303,CHOQUE,0,2,1303.0,2021-06-17,PE-3S,-15.37299277231811,-70.16656759713041,True
20211222,20210618,03:45,LA LIBERTAD,LI-851,0,DESPISTE,1,0,0.0,2021-06-18,LI-851,,,True
20211222,20210618,08:20,LIMA,PE-1NA,4,CHOQUE,0,3,4.0,2021-06-18,PE-1NA,-11.751354370582687,-77.16313858255708,True
20211222,20210618,20:40,AREQUIPA,PE-34A,28,DESPISTE,0,1,28.0,2021-06-18,PE-34A,-16.427401981563996,-71.64898405530771,True
20211222,20210618,00:10,CAJAMARCA,PE-5N,36,DESPISTE,0,1,36.0,2021-06-18,PE-5N,-10.755271916065201,-75.2978243268594,True
20211222,20210618,18:25,HUANCAVELICA,PE-3SD,39,CHOQUE,0,1,39.0,2021-06-18,PE-3SD,-12.381710351272933,-74.85460173351358,True
20211222,20210618,03:30,AYACUCHO,PE-30A,40,DESPISTE,22,17,40.0,2021-06-18,PE-30A,-14.840712158141399,-74.7303437864855,True
20211222,20210618,01:00,JUNIN,PE-3S,43,ATROPELLO,1,0,43.0,2021-06-18,PE-3S,-11.770374491015332,-75.70746066975967,True
20211222,20210618,13:00,UCAYALI,PE-18C,51,DESPISTE,0,2,51.0,2021-06-18,PE-18C,-8.484154963760115,-74.82033113545461,True
20211222,20210618,10:00,AREQUIPA,PE-34A,61,CHOQUE,0,0,61.0,2021-06-18,PE-34A,-16.249511244619292,-71.67544502152248,True
20211222,20210618,19:30,LAMBAYEQUE,PE-1NJ,73,CHOQUE,0,2,73.0,2021-06-18,PE-1NJ,-6.096195644161126,-79.70450703729868,True
20211222,20210618,20:10,LIMA,PE-22,101,CHOQUE,0,0,101.0,2021-06-18,PE-22,-11.731220896376545,-76.26787178022856,True
20211222,20210618,06:50,LIMA,PE-1N,130,DESPISTE,0,5,130.0,2021-06-18,PE-1N,-11.25979941485282,-77.52186557086367,True
20211222,20210618,01:40,PUNO,PE-34A,187,DESPISTE,0,0,187.0,2021-06-18,PE-34A,-15.758761857926299,-70.93437972682179,True
20211222,20210618,19:00,CUSCO,PE-28B,220,DESPISTE,0,2,220.0,2021-06-18,PE-28B,-12.793330618285967,-73.58604783354939,True
20211222,20210618,21:40,MADRE DE DIOS,PE-30C,295,DESPISTE,0,0,295.0,2021-06-18,PE-30C,-12.911226421665873,-70.24145375716323,True
20211222,20210618,10:05,AMAZONAS,PE-5N,330,DESPISTE,0,0,330.0,2021-06-18,PE-5N,-8.821486791215449,-75.065667032664,True
20211222,20210618,02:00,ANCASH,PE-1N,396,DESPISTE,0,0,396.0,2021-06-18,PE-1N,-9.32701651766862,-78.4050039793727,True
20211222,20210618,11:20,ANCASH,PE-1N,408,DESPISTE,0,1,408.0,2021-06-18,PE-1N,-9.234620554268307,-78.44851087676236,True
20211222,20210618,10:00,APURIMAC,PE-3S,729,CHOQUE,0,2,729.0,2021-06-18,PE-3S,-13.672020047401189,-73.0180495678251,True
20211222,20210618,03:15,APURIMAC,PE-3S,811,ATROPELLO,0,0,811.0,2021-06-18,PE-3S,-13.580224410552633,-72.82540731140747,True
20211222,20210618,19:40,AREQUIPA,PE-1S,903,ATROPELLO,0,0,903.0,2021-06-18,PE-1S,-16.410064279327994,-72.2332503254424,True
20211222,20210618,23:00,PIURA,PE-1NL,1057,DESPISTE,0,3,1057.0,2021-06-18,PE-1NL,,,True
20211222,20210618,06:15,PUNO,PE-3S,1196,DESPISTE,0,0,1196.0,2021-06-18,PE-3S,-14.719155834572598,-70.74960496264931,True
20211222,20210619,19:30,CUSCO,PE-28B,39,CHOQUE,0,1,39.0,2021-06-19,PE-28B,-12.972882715537228,-74.09183718251087,True
20211222,20210619,11:50,LIMA,PE-18,41,CHOQUE,0,2,41.0,2021-06-19,PE-18,-11.146987133745009,-77.25760100968363,True
20211222,20210619,19:20,LIMA,PE-1S,46,DESPISTE,0,0,46.0,2021-06-19,PE-1S,-12.372193009712289,-76.78383275323904,True
20211222,20210619,15:00,LIMA,PE-20A,57,DESPISTE,0,2,57.0,2021-06-19,PE-20A,-11.671025640813832,-76.79263493083388,True
20211222,20210619,20:15,LAMBAYEQUE,PE-1NJ,77,CHOQUE,0,0,77.0,2021-06-19,PE-1NJ,-6.063059685552743,-79.69166504778941,True
20211222,20210619,03:30,LIMA,PE-1N,99,ATROPELLO,0,0,99.0,2021-06-19,PE-1N,-11.445819783907062,-77.34808370456645,True
20211222,20210619,20:05,CAJAMARCA,PE-3N,101,CHOQUE,0,0,101.0,2021-06-19,PE-3N,-10.834778062387816,-76.18889723323588,True
20211222,20210619,17:30,LAMBAYEQUE,PE-1NJ,101,CHOQUE,0,1,101.0,2021-06-19,PE-1NJ,-5.90704883116766,-79.7758324185533,True
20211222,20210619,19:30,JUNIN,PE-5S,102,CHOQUE,0,1,102.0,2021-06-19,PE-5S,-11.18922277009101,-74.66271910539182,True
20211222,20210619,04:30,LIMA,PE-22,112,DESPISTE,0,0,112.0,2021-06-19,PE-22,-11.67094606237875,-76.25628872745061,True
20211222,20210619,15:25,LIMA,PE-1S,119,DESPISTE,0,1,119.0,2021-06-19,PE-1S,-12.781915400528911,-76.58057496406059,True
20211222,20210619,16:30,PASCO,PE-3N,131,DESPISTE,0,0,131.0,2021-06-19,PE-3N,-10.703471180124755,-76.19030809229345,True
20211222,20210619,14:50,CAJAMARCA,PE-06A,148,DESPISTE,0,1,148.0,2021-06-19,PE-06A,-6.472761152736519,-79.04678805103434,True
20211222,20210619,19:10,ANCASH,PE-3N,192,CHOQUE,0,3,192.0,2021-06-19,PE-3N,-10.255903187115354,-76.14933634268472,True
20211222,20210619,10:25,PUNO,PE-34A,243,DESPISTE,0,0,243.0,2021-06-19,PE-34A,-15.683655749235632,-70.56487730886944,True
20211222,20210619,09:00,AMAZONAS,PE-08B,311,CHOQUE,0,1,311.0,2021-06-19,PE-08B,-6.238030892228688,-77.91859294659102,True
20211222,20210619,15:00,MADRE DE DIOS,PE-30C,318,CHOQUE,0,0,318.0,2021-06-19,PE-30C,-12.88500980482594,-70.0459349931954,True
20211222,20210619,17:20,SAN MARTIN,PE-5N,469,CHOQUE,0,2,469.0,2021-06-19,PE-5N,-9.202607657608969,-75.85823200709746,True
20211222,20210619,15:00,LA LIBERTAD,PE-1N,708,CHOQUE,0,0,708.0,2021-06-19,PE-1N,-7.210838278462596,-79.42741244725633,True
20211222,20210619,17:00,PIURA,PE-1NL,1045,DESPISTE,0,2,1045.0,2021-06-19,PE-1NL,,,True
20211222,20210619,11:20,MOQUEGUA,PE-1S,1152,CHOQUE,0,0,1152.0,2021-06-19,PE-1S,-17.33117720842313,-70.98916897139395,True
20211222,20210619,08:40,CAJAMARCA,PE-3N,1206,DESPISTE,3,2,1206.0,2021-06-19,PE-3N,-7.3795108641434775,-78.12631258474967,True
20211222,20210620,20:11,CAJAMARCA,PE-08B,10,ATROPELLO,0,0,10.0,2021-06-20,PE-08B,-7.152879554682973,-78.44083999568728,True
20211222,20210620,18:50,JUNIN,PE-3SA,13,ATROPELLO,0,0,13.0,2021-06-20,PE-3SA,-11.72151340100579,-75.55017417383061,True
20211222,20210620,22:30,UCAYALI,PE-18C,24,DESPISTE,0,1,24.0,2021-06-20,PE-18C,-8.6493283723101,-74.97389277960824,True
20211222,20210620,05:20,LIMA,PE-1S,34,DESPISTE,0,0,34.0,2021-06-20,PE-1S,-12.295573558164342,-76.85896771526333,True
20211222,20210620,23:20,LIMA,PE-1S,50,DESPISTE,0,0,50.0,2021-06-20,PE-1S,-12.397418732435678,-76.75772911113009,True
20211222,20210620,17:30,LAMBAYEQUE,PE-1NJ,63,CHOQUE,0,2,63.0,2021-06-20,PE-1NJ,-6.173752738675675,-79.69875944892206,True
20211222,20210620,00:05,LIMA,PE-1S,93,DESPISTE,1,1,93.0,2021-06-20,PE-1S,-12.89743053079929,-76.5058393241351,True
20211222,20210620,19:00,ANCASH,PE-16,115,CHOQUE,0,2,115.0,2021-06-20,PE-16,-10.1564933293055,-77.32472217852859,True
20211222,20210620,06:05,LIMA,PE-22,121,DESPISTE,0,0,121.0,2021-06-20,PE-22,-11.626055487658348,-76.23358335132001,True
20211222,20210620,00:30,HUANCAVELICA,PE-28A,168,ATROPELLO,1,0,168.0,2021-06-20,PE-28A,-13.468054476746552,-75.0467453874875,True
20211222,20210620,23:40,LIMA,PE-1N,173,CHOQUE,0,1,173.0,2021-06-20,PE-1N,-10.923209870838988,-77.65359832558893,True
20211222,20210620,09:10,ICA,PE-1S,178,DESPISTE,0,4,178.0,2021-06-20,PE-1S,-13.350167062582752,-76.22395556254911,True
20211222,20210620,17:50,MOQUEGUA,PE-1SD,197,DESPISTE,0,1,197.0,2021-06-20,PE-1SD,-17.330322793139175,-71.42837883649645,True
20211222,20210620,11:10,MOQUEGUA,PE-36A,215,CHOQUE,0,0,215.0,2021-06-20,PE-36A,-16.737071908776375,-69.71444182228556,True
20211222,20210620,20:40,AMAZONAS,PE-5N,256,DESPISTE,0,2,256.0,2021-06-20,PE-5N,-9.437876693849812,-75.02745804982268,True
20211222,20210620,20:20,SAN MARTIN,PE-5N,377,CHOQUE,0,0,377.0,2021-06-20,PE-5N,-8.922117551216857,-75.37220178380345,True
20211222,20210620,00:05,ANCASH,PE-1N,415,CHOQUE,1,0,415.0,2021-06-20,PE-1N,-9.079451568643373,-78.58389275201432,True
20211222,20210620,13:30,AREQUIPA,PE-1S,598,CHOQUE,0,0,598.0,2021-06-20,PE-1S,-15.813810469851669,-74.35475336898283,True
20211222,20210620,19:30,AREQUIPA,PE-1S,623,CHOQUE,0,1,623.0,2021-06-20,PE-1S,-15.871631688386104,-74.18009156280804,True
20211222,20210620,09:15,SAN MARTIN,PE-5N,793,DESPISTE,0,1,793.0,2021-06-20,PE-5N,-7.299833341610253,-76.70840568180222,True
20211222,20210620,20:30,AREQUIPA,PE-1S,863,DESPISTE,0,0,863.0,2021-06-20,PE-1S,-16.5449020350311,-72.56488914570333,True
20211222,20210620,11:40,AREQUIPA,PE-1S,885,DESPISTE,0,2,885.0,2021-06-20,PE-1S,-16.47896496966988,-72.37714666966143,True
20211222,20210620,21:30,PIURA,PE-1N,980,CHOQUE,0,0,980.0,2021-06-20,PE-1N,-5.300756658380585,-80.61875018565227,True
20211222,20210620,20:30,AREQUIPA,PE-1S,1040,DESPISTE,0,0,1040.0,2021-06-20,PE-1S,-17.030336733195576,-71.69309277924192,True
20211222,20210620,20:35,PIURA,PE-1NL,1120,DESPISTE,0,1,1120.0,2021-06-20,PE-1NL,,,True
20211222,20210620,16:35,PUNO,PE-3S,1348,DESPISTE,0,0,1348.0,2021-06-20,PE-3S,-15.740729544573629,-70.05578564678292,True
20211222,20210621,19:15,LORETO,LO-103,6,DESPISTE,0,1,6.0,2021-06-21,LO-103,,,True
20211222,20210621,N.I.,CAJAMARCA,PE-3N,12,CHOQUE,0,3,12.0,2021-06-21,PE-3N,-11.450098215863449,-75.94880097496149,True
20211222,20210621,06:39,LIMA,PE-1S,24,ATROPELLO,0,0,24.0,2021-06-21,PE-1S,-12.246584742503304,-76.93618987426358,True
20211222,20210621,16:25,CAJAMARCA,PE-08A,29,DESPISTE,0,1,29.0,2021-06-21,PE-08A,-7.1161804642141435,-78.81017320730616,True
20211222,20210621,13:30,CAJAMARCA,PE-08A,32,CHOQUE,1,3,32.0,2021-06-21,PE-08A,-7.096616350745407,-78.79501265068639,True
20211222,20210621,07:30,LIMA,PE-1N,71,DESPISTE,0,3,71.0,2021-06-21,PE-1N,-11.601556693489234,-77.19738741441675,True
20211222,20210621,06:20,LAMBAYEQUE,PE-1NJ,80,CHOQUE,0,1,80.0,2021-06-21,PE-1NJ,-6.043045603897843,-79.67582313001517,True
20211222,20210621,06:26,LIMA,PE-1S,93,CHOQUE,0,1,93.0,2021-06-21,PE-1S,-12.89743053079929,-76.5058393241351,True
20211222,20210621,07:00,LIMA,PE-1N,104,DESPISTE,0,0,104.0,2021-06-21,PE-1N,-11.411127109563516,-77.37555094068351,True
20211222,20210621,09:30,ANCASH,PE-3N,144,DESPISTE,0,0,144.0,2021-06-21,PE-3N,-10.622460162551553,-76.17568696489387,True
20211222,20210621,07:10,LIMA,PE-1N,159,CHOQUE,0,2,159.0,2021-06-21,PE-1N,-11.02528560117257,-77.59539687942902,True
20211222,20210621,09:14,ANCASH,PE-3N,165,DESPISTE,0,4,165.0,2021-06-21,PE-3N,-10.456634854729383,-76.1783294679999,True
20211222,20210621,12:40,ANCASH,PE-1N,240,DESPISTE,0,3,240.0,2021-06-21,PE-1N,-10.422093052498472,-77.926735641405,True
20211222,20210621,16:00,MADRE DE DIOS,PE-30C,269,DESPISTE,0,0,269.0,2021-06-21,PE-30C,-13.010969018381871,-70.34644886375551,True
20211222,20210621,19:00,ICA,PE-1S,329,ATROPELLO,0,1,329.0,2021-06-21,PE-1S,-14.331194568546692,-75.66546412379118,True
20211222,20210621,04:40,APURIMAC,PE-30A,404,DESPISTE,0,0,404.0,2021-06-21,PE-30A,-13.94362645206462,-73.1093713713974,True
20211222,20210621,17:30,ANCASH,PE-1N,440,CHOQUE,0,0,440.0,2021-06-21,PE-1N,-9.095704328880496,-78.56667898320049,True
20211222,20210621,21:00,MADRE DE DIOS,PE-30C,493,CHOQUE,0,1,493.0,2021-06-21,PE-30C,-12.065905622351492,-69.12383105112308,True
20211222,20210621,16:00,CUSCO,PE-3S,909,DESPISTE,0,1,909.0,2021-06-21,PE-3S,-13.450330023152476,-72.39755015565541,True
20211222,20210622,07:00,PIURA,PE-1NL,7,CHOQUE,1,3,7.0,2021-06-22,PE-1NL,-4.919540132126732,-80.63624041621233,True
20211222,20210622,07:45,MOQUEGUA,PE-36A,18,CHOQUE,0,2,18.0,2021-06-22,PE-36A,-17.154850271563102,-70.858259103212,True
20211222,20210622,18:20,LIMA,PE-1NE,19,DESPISTE,0,1,19.0,2021-06-22,PE-1NE,-11.098409131873527,-77.42193493933841,True
20211222,20210622,10:30,AREQUIPA,AR-106,20,DESPISTE,0,2,20.0,2021-06-22,AR-106,,,True
20211222,20210622,17:45,LAMBAYEQUE,PE-06A,51,CHOQUE,0,1,51.0,2021-06-22,PE-06A,-6.708974624076139,-79.47789461071996,True
20211222,20210622,23:00,LIMA,PE-1S,51,DESPISTE,0,1,51.0,2021-06-22,PE-1S,-12.406260825749756,-76.75671785301714,True
20211222,20210622,04:20,LIMA,PE-22,55,CHOQUE,0,3,55.0,2021-06-22,PE-22,-11.909414656945225,-76.53915242226567,True
20211222,20210622,05:20,LIMA,PE-22,81,DESPISTE,0,0,81.0,2021-06-22,PE-22,-11.816446982929918,-76.35813220106184,True
20211222,20210622,22:10,LIMA,PE-1S,81,ESPECIAL,0,0,81.0,2021-06-22,PE-1S,-12.639890900342413,-76.66894619223838,True
20211222,20210622,17:00,CAJAMARCA,PE-08B,85,VOLCADURA,0,0,85.0,2021-06-22,PE-08B,-6.931696210006603,-78.18499295899663,True
20211222,20210622,01:00,LIMA,PE-22,85,ESPECIAL,1,1,85.0,2021-06-22,PE-22,-11.797678584749768,-76.33832511331053,True
20211222,20210622,10:40,ANCASH,PE-16,105,CHOQUE,0,0,105.0,2021-06-22,PE-16,-10.162832984932097,-77.34585229745733,True
20211222,20210622,00:25,LIMA,PE-1S,118,CHOQUE,2,3,118.0,2021-06-22,PE-1S,-12.77632224362402,-76.58765456955089,True
20211222,20210622,15:30,PASCO,PE-3N,141,DESPISTE,0,0,141.0,2021-06-22,PE-3N,-10.644652000049817,-76.16915310362789,True
20211222,20210622,04:00,AYACUCHO,PE-30A,257,DESPISTE,0,1,257.0,2021-06-22,PE-30A,-14.584329357164789,-73.58613466254685,True
20211222,20210622,10:30,APURIMAC,PE-30A,385,CHOQUE,0,0,385.0,2021-06-22,PE-30A,-14.028723076124098,-73.21641941636621,True
20211222,20210622,20:10,MADRE DE DIOS,PE-30C,396,CHOQUE,0,1,396.0,2021-06-22,PE-30C,-12.698424348054695,-69.42776626891717,True
20211222,20210622,23:00,AYACUCHO,PE-3S,489,CHOQUE,1,4,489.0,2021-06-22,PE-3S,-13.394267460547583,-73.9164495975047,True
20211222,20210622,16:30,SAN MARTIN,PE-5N,668,DESPISTE,0,2,668.0,2021-06-22,PE-5N,-8.06258389896211,-76.62220766636126,True
20211222,20210622,05:30,LAMBAYEQUE,PE-1N,736,DESPISTE,0,0,736.0,2021-06-22,PE-1N,-7.030528484065737,-79.59418920905101,True
20211222,20210622,06:30,LAMBAYEQUE,PE-1N,808,CHOQUE,0,1,808.0,2021-06-22,PE-1N,-6.6011271014122945,-79.97310292702666,True
20211222,20210622,10:05,AREQUIPA,PE-1S,860,CHOQUE,0,0,860.0,2021-06-22,PE-1S,-16.545892162153308,-72.59250543612465,True
20211222,20210623,17:10,LORETO,LO-103,3,DESPISTE,0,1,3.0,2021-06-23,LO-103,,,True
20211222,20210623,16:45,ANCASH,PE-3N,12,DESPISTE,0,2,12.0,2021-06-23,PE-3N,-11.450098215863449,-75.94880097496149,True
20211222,20210623,19:00,LORETO,LO-103,16,CHOQUE,1,0,16.0,2021-06-23,LO-103,,,True
20211222,20210623,09:20,LIMA,PE-1S,54,DESPISTE,0,1,54.0,2021-06-23,PE-1S,-12.433065910990313,-76.75429624325714,True
20211222,20210623,20:00,CUSCO,PE-28B,57,CHOQUE,0,10,57.0,2021-06-23,PE-28B,-12.954552781284894,-74.02039149678914,True
20211222,20210623,18:00,LAMBAYEQUE,PE-1NJ,92,CHOQUE,0,4,92.0,2021-06-23,PE-1NJ,-5.979549931644201,-79.74595017246529,True
20211222,20210623,04:30,AREQUIPA,PE-34A,185,DESPISTE,0,0,185.0,2021-06-23,PE-34A,-15.754162249829529,-70.95101871894164,True
20211222,20210623,04:50,ANCASH,PE-1N,335,DESPISTE,0,0,335.0,2021-06-23,PE-1N,-9.774642108760688,-78.23231748969565,True
20211222,20210623,17:30,APURIMAC,PE-30A,385,DESPISTE,0,0,385.0,2021-06-23,PE-30A,-14.028723076124098,-73.21641941636621,True
20211222,20210623,21:00,LA LIBERTAD,PE-1N,517,CHOQUE,0,1,517.0,2021-06-23,PE-1N,-8.416559554747,-78.78809016495795,True
20211222,20210623,06:00,LAMBAYEQUE,PE-1N,847,DESPISTE,0,4,847.0,2021-06-23,PE-1N,-6.352665592902917,-80.21741990874007,True
20211222,20210623,13:00,PUNO,PE-3S,1355,DESPISTE,0,1,1355.0,2021-06-23,PE-3S,-15.792105439008804,-70.03393856072516,True
20211222,20210624,05:00,LAMBAYEQUE,PE-1NJ,1,CHOQUE,0,0,1.0,2021-06-24,PE-1NJ,-6.674268222190955,-79.90044131938613,True
20211222,20210624,19:15,ANCASH,PE-3N,9,DESPISTE,0,2,9.0,2021-06-24,PE-3N,-11.473131693586941,-75.95978591454887,True
20211222,20210624,22:50,CAJAMARCA,PE-3N,13,DESPISTE,0,1,13.0,2021-06-24,PE-3N,-11.44352369654096,-75.94265242053045,True
20211222,20210624,16:35,LORETO,LO-103,13,CHOQUE,0,2,13.0,2021-06-24,LO-103,,,True
20211222,20210624,10:10,UCAYALI,PE-18C,17,ATROPELLO,0,1,17.0,2021-06-24,PE-18C,-8.704896522742061,-74.99580171198913,True
20211222,20210624,08:50,CAJAMARCA,PE-3N,28,CHOQUE,0,1,28.0,2021-06-24,PE-3N,-11.351979733516078,-75.8865660106322,True
20211222,20210624,10:00,LIMA,PE-1N,48,CHOQUE,0,0,48.0,2021-06-24,PE-1N,-11.746533717388017,-77.1427832539304,True
20211222,20210624,15:10,ANCASH,PE-16,88,DESPISTE,0,0,88.0,2021-06-24,PE-16,-10.150014307113935,-77.44253783659141,True
20211222,20210624,16:50,CAJAMARCA,PE-3N,165,DESPISTE,0,5,165.0,2021-06-24,PE-3N,-10.456634854729383,-76.1783294679999,True
20211222,20210624,11:35,ANCASH,PE-1N,253,DESPISTE,0,1,253.0,2021-06-24,PE-1N,-10.36275217419974,-78.02145858290002,True
20211222,20210624,20:20,MADRE DE DIOS,PE-30C,394,CHOQUE,2,1,394.0,2021-06-24,PE-30C,-12.704755736894052,-69.44503720140021,True
20211222,20210624,07:00,HUANUCO,PE-5N,483,DESPISTE,0,1,483.0,2021-06-24,PE-5N,-9.189602453154416,-75.95893758903397,True
20211222,20210624,15:20,LA LIBERTAD,PE-1N,561,CHOQUE,3,7,561.0,2021-06-24,PE-1N,-8.135919603030302,-79.0264438826703,True
20211222,20210624,09:00,APURIMAC,PE-3S,766,CHOQUE,0,3,766.0,2021-06-24,PE-3S,-13.66722250101104,-72.92623833094451,True
20211222,20210624,10:00,CUSCO,PE-3S,928,DESPISTE,2,2,928.0,2021-06-24,PE-3S,-13.461381798502844,-72.28976249757358,True
20211222,20210624,10:00,AREQUIPA,PE-1S,969,CHOQUE,0,2,969.0,2021-06-24,PE-1S,-16.541418032788314,-71.80695377578029,True
20211222,20210624,18:30,PIURA,PE-1NL,1065,CHOQUE,0,1,1065.0,2021-06-24,PE-1NL,,,True
20211222,20210625,06:00,CALLAO,PE-20C,5,CHOQUE,1,0,5.0,2021-06-25,PE-20C,-11.558632573741809,-77.20331082936481,True
20211222,20210625,09:40,JUNIN,PE-3N,37,DESPISTE,0,1,37.0,2021-06-25,PE-3N,-11.283345450729579,-75.92079551326114,True
20211222,20210625,13:55,CAJAMARCA,PE-3N,61,CHOQUE,0,2,61.0,2021-06-25,PE-3N,-11.088946563828015,-75.99690193514492,True
20211222,20210625,10:50,LIMA,PE-1S,140,DESPISTE,0,0,140.0,2021-06-25,PE-1S,-13.090939302944678,-76.43094339546897,True
20211222,20210625,11:05,JUNIN,PE-22,146,ATROPELLO,0,1,146.0,2021-06-25,PE-22,-11.594160690796492,-76.09279521669359,True
20211222,20210625,12:00,AMAZONAS,PE-5N,269,DESPISTE,0,2,269.0,2021-06-25,PE-5N,-9.333948178510402,-75.0182201328223,True
20211222,20210625,07:45,HUANUCO,PE-5N,483,CHOQUE,0,1,483.0,2021-06-25,PE-5N,-9.189602453154416,-75.95893758903397,True
20211222,20210625,15:00,CUSCO,PE-3S,940,DESPISTE,0,2,940.0,2021-06-25,PE-3S,-13.499057282739804,-72.19084432687329,True
20211222,20210626,23:55,LA LIBERTAD,PE-10A,8,CHOQUE,0,2,8.0,2021-06-26,PE-10A,-8.095977855539607,-78.96331265268624,True
20211222,20210626,07:50,AREQUIPA,PE-1SD,10,DESPISTE,0,1,10.0,2021-06-26,PE-1SD,-16.66984859390755,-72.55862485132269,True
20211222,20210626,20:30,LA LIBERTAD,PE-08,12,CHOQUE,0,0,12.0,2021-06-26,PE-08,-7.317243557341281,-79.37645780273685,True
20211222,20210626,19:40,AREQUIPA,PE-34A,20,DESPISTE,0,0,20.0,2021-06-26,PE-34A,-16.443706249066516,-71.68972289103331,True
20211222,20210626,02:00,ANCASH,PE-16,62,ESPECIAL,0,0,62.0,2021-06-26,PE-16,-10.219553739354192,-77.56010948211464,True
20211222,20210626,12:10,LIMA,PE-1N,71,DESPISTE,0,0,71.0,2021-06-26,PE-1N,-11.601556693489234,-77.19738741441675,True
20211222,20210626,08:20,CAJAMARCA,PE-08,81,CHOQUE,0,0,81.0,2021-06-26,PE-08,-7.2151204445604735,-78.92279888815298,True
20211222,20210626,07:50,LIMA,PE-1N,104,DESPISTE,0,0,104.0,2021-06-26,PE-1N,-11.411127109563516,-77.37555094068351,True
20211222,20210626,13:05,CAJAMARCA,PE-3N,105,DESPISTE,0,3,105.0,2021-06-26,PE-3N,-10.813663647929035,-76.21600464962287,True
20211222,20210626,08:00,LIMA,PE-1N,111,CHOQUE,0,0,111.0,2021-06-26,PE-1N,-11.397662136794214,-77.41903008400746,True
20211222,20210626,10:00,JUNIN,PE-22,154,ESPECIAL,0,0,154.0,2021-06-26,PE-22,-11.609307054351873,-76.03421073631003,True
20211222,20210626,19:35,ANCASH,PE-3N,165,DESPISTE,0,1,165.0,2021-06-26,PE-3N,-10.456634854729383,-76.1783294679999,True
20211222,20210626,20:30,ICA,PE-1S,225,DESPISTE,0,1,225.0,2021-06-26,PE-1S,-13.70614189786825,-76.15149745123108,True
20211222,20210626,17:30,ICA,PE-1S,245,CHOQUE,0,4,245.0,2021-06-26,PE-1S,-13.874892257635718,-76.1250427690796,True
20211222,20210626,18:20,PUNO,PE-30C,249,CHOQUE,0,1,249.0,2021-06-26,PE-30C,-13.150975479388816,-70.39750323316801,True
20211222,20210626,15:30,PUNO,PE-34B,338,DESPISTE,0,0,338.0,2021-06-26,PE-34B,-13.249779284165978,-70.3407968878339,True
20211222,20210626,10:18,UCAYALI,PE-5N,455,CHOQUE,0,1,455.0,2021-06-26,PE-5N,-9.192192915035776,-75.79534324993503,True
20211222,20210626,07:00,AREQUIPA,PE-1S,642,DESPISTE,0,0,642.0,2021-06-26,PE-1S,-15.954936485067405,-74.04967942067954,True
20211222,20210626,05:40,AREQUIPA,PE-1S,789,CHOQUE,0,4,789.0,2021-06-26,PE-1S,-16.485514179450966,-73.03167977879889,True
20211222,20210626,13:00,CUSCO,PE-3S,893,DESPISTE,0,24,893.0,2021-06-26,PE-3S,-13.478968990730566,-72.44441792388356,True
20211222,20210626,04:00,PUNO,PE-3S,1371,DESPISTE,0,6,1371.0,2021-06-26,PE-3S,-15.85342096418489,-69.97112986466078,True
20211222,20210627,09:00,PASCO,PE-5NA,20,DESPISTE,0,3,20.0,2021-06-27,PE-5NA,-10.73920037981316,-75.35756421577764,True
20211222,20210627,14:30,UCAYALI,PE-18C,25,DESPISTE,0,1,25.0,2021-06-27,PE-18C,-8.644712184228545,-74.96607016448507,True
20211222,20210627,10:00,CUSCO,PE-34F,35,DESPISTE,0,0,35.0,2021-06-27,PE-34F,-14.56957694984547,-71.29146797266391,True
20211222,20210627,13:45,PUNO,PE-34H,43,DESPISTE,0,1,43.0,2021-06-27,PE-34H,-15.256194593757785,-69.86356406417016,True
20211222,20210627,20:00,PIURA,PE-02,48,CHOQUE,0,2,48.0,2021-06-27,PE-02,-5.0876062980225525,-81.09915171566797,True
20211222,20210627,21:30,AYACUCHO,PE-30A,73,DESPISTE,0,0,73.0,2021-06-27,PE-30A,-14.705449048948509,-74.5371176387652,True
20211222,20210627,05:40,JUNIN,PE-5S,129,CHOQUE,0,1,129.0,2021-06-27,PE-5S,-11.323974287107951,-74.53581189345196,True
20211222,20210627,20:30,AMAZONAS,PE-08B,323,CHOQUE,0,1,323.0,2021-06-27,PE-08B,-6.250686824801312,-77.8817697066487,True
20211222,20210627,04:05,SAN MARTIN,PE-5N,454,CHOQUE,0,3,454.0,2021-06-27,PE-5N,-9.185829583790973,-75.7910619191778,True
20211222,20210627,14:50,AREQUIPA,PE-1S,700,DESPISTE,0,0,700.0,2021-06-27,PE-1S,-16.226373214241423,-73.64036897977698,True
20211222,20210627,10:50,AREQUIPA,PE-1S,724,CHOQUE,0,0,724.0,2021-06-27,PE-1S,-16.28673547362288,-73.4370829347178,True
20211222,20210627,08:20,LAMBAYEQUE,PE-1N,836,DESPISTE,0,0,836.0,2021-06-27,PE-1N,-6.433127447428323,-80.15885199356629,True
20211222,20210628,13:45,LAMBAYEQUE,PE-04B,5,DESPISTE,0,0,5.0,2021-06-28,PE-04B,-5.96284364388888,-79.6770382829021,True
20211222,20210628,18:00,CUSCO,CU-125,15,DESPISTE,0,1,15.0,2021-06-28,CU-125,,,True
20211222,20210628,12:30,HUANCAVELICA,PE-26,28,DESPISTE,1,1,28.0,2021-06-28,PE-26,-13.40024593685814,-75.93745701729416,True
20211222,20210628,11:30,LAMBAYEQUE,PE-1NJ,81,CHOQUE,1,1,81.0,2021-06-28,PE-1NJ,-6.0343018128751895,-79.67793877577054,True
20211222,20210628,03:50,JUNIN,PE-3SB,99,DESPISTE,0,1,99.0,2021-06-28,PE-3SB,,,True
20211222,20210628,07:30,AYACUCHO,PE-30A,103,DESPISTE,0,1,103.0,2021-06-28,PE-30A,-14.640064322089655,-74.29953119161532,True
20211222,20210628,15:30,PIURA,PE-1NJ,152,ATROPELLO,0,0,152.0,2021-06-28,PE-1NJ,-5.56758966296712,-79.97042809175878,True
20211222,20210628,14:40,ANCASH,PE-3N,157,DESPISTE,0,6,157.0,2021-06-28,PE-3N,-10.515188472203201,-76.17974596657258,True
20211222,20210628,14:30,HUANCAVELICA,PE-3S,157,DESPISTE,0,2,157.0,2021-06-28,PE-3S,-12.29667535150443,-75.09106914923346,True
20211222,20210628,19:30,ANCASH,PE-3N,172,DESPISTE,0,1,172.0,2021-06-28,PE-3N,-10.401146141801348,-76.20681922206,True
20211222,20210628,16:45,MADRE DE DIOS,PE-30C,321,CHOQUE,0,1,321.0,2021-06-28,PE-30C,-12.884444806303186,-70.02527482447321,True
20211222,20210628,16:45,MADRE DE DIOS,PE-30C,321,CHOQUE,0,1,321.0,2021-06-28,PE-30C,-12.884444806303186,-70.02527482447321,True
20211222,20210628,17:30,ANCASH,PE-1N,396,DESPISTE,0,1,396.0,2021-06-28,PE-1N,-9.32701651766862,-78.4050039793727,True
20211222,20210628,06:30,CUSCO,PE-3S,945,CHOQUE,0,1,945.0,2021-06-28,PE-3S,-13.47106020223657,-72.15481885341539,True
20211222,20210629,18:30,LORETO,LO-103,8,DESPISTE,0,0,8.0,2021-06-29,LO-103,,,True
20211222,20210629,18:45,LIMA,PE-1NA,18,DESPISTE,0,2,18.0,2021-06-29,PE-1NA,-11.646123812970785,-77.20818641099416,True
20211222,20210629,08:00,UCAYALI,PE-18C,28,CHOQUE,0,3,28.0,2021-06-29,PE-18C,-8.635860593001079,-74.94661968966271,True
20211222,20210629,21:30,LIMA,PE-1S,43,DESPISTE,0,0,43.0,2021-06-29,PE-1S,-12.353222472272423,-76.80349525974161,True
20211222,20210629,20:45,LIMA,PE-1S,57,DESPISTE,0,2,57.0,2021-06-29,PE-1S,-12.459353853415445,-76.75305506986528,True
20211222,20210629,12:43,PUNO,PE-36B,59,DESPISTE,0,0,59.0,2021-06-29,PE-36B,-16.482795478979195,-70.34831376402066,True
20211222,20210629,11:20,JUNIN,PE-3S,63,CHOQUE,0,2,63.0,2021-06-29,PE-3S,-11.783843431820891,-75.57196227815574,True
20211222,20210629,08:35,LIMA,PE-1N,78,CHOQUE,0,1,78.0,2021-06-29,PE-1N,-11.59677375920734,-77.25349743581087,True
20211222,20210629,17:00,CAJAMARCA,PE-08B,85,CHOQUE,0,3,85.0,2021-06-29,PE-08B,-6.931696210006603,-78.18499295899663,True
20211222,20210629,20:00,CUSCO,PE-28B,93,DESPISTE,0,1,93.0,2021-06-29,PE-28B,-12.826592193963085,-74.00913294879939,True
20211222,20210629,08:00,JUNIN,PE-5S,127,CHOQUE,0,2,127.0,2021-06-29,PE-5S,-11.309297702416965,-74.54528251255213,True
20211222,20210629,23:00,AMAZONAS,PE-5N,209,DESPISTE,0,2,209.0,2021-06-29,PE-5N,-9.840499284611612,-75.01507670588369,True
20211222,20210629,14:30,AMAZONAS,PE-5N,365,CHOQUE,0,0,365.0,2021-06-29,PE-5N,-8.86705397796909,-75.29849224661771,True
20211222,20210629,05:55,PUNO,PE-3S,1369,CHOQUE,0,0,1369.0,2021-06-29,PE-3S,-15.863368241478826,-69.98537895370838,True
20211222,20210630,19:30,UCAYALI,PE-18C,17,ATROPELLO,1,0,17.0,2021-06-30,PE-18C,-8.704896522742061,-74.99580171198913,True
20211222,20210630,21:50,LIMA,PE-1S,32,CHOQUE,1,2,32.0,2021-06-30,PE-1S,-12.285857745341351,-76.87447302295651,True
20211222,20210630,05:30,JUNIN,PE-22B,84,VOLCADURA,0,0,84.0,2021-06-30,PE-22B,-11.176400822936204,-75.45030024330721,True
20211222,20210630,20:40,LIMA,PE-22,112,CHOQUE,0,0,112.0,2021-06-30,PE-22,-11.67094606237875,-76.25628872745061,True
20211222,20210630,05:56,JUNIN,PE-5S,118,DESPISTE,0,2,118.0,2021-06-30,PE-5S,-11.242475292505226,-74.58528794101206,True
20211222,20210630,18:05,LIMA,PE-1S,129,DESPISTE,0,3,129.0,2021-06-30,PE-1S,-12.718464192723818,-76.62264499159544,True
20211222,20210630,04:50,LIMA,PE-1N,162,VOLCADURA,0,0,162.0,2021-06-30,PE-1N,-11.00552597598503,-77.61385214091776,True
20211222,20210630,12:25,CAJAMARCA,PE-06A,175,DESPISTE,0,0,175.0,2021-06-30,PE-06A,-6.497272916445983,-78.91836330243123,True
20211222,20210630,09:00,HUANUCO,PE-18A,472,DESPISTE,0,0,472.0,2021-06-30,PE-18A,,,True
20211222,20210630,17:57,SAN MARTIN,PE-5N,566,CHOQUE,0,5,566.0,2021-06-30,PE-5N,-8.673678301196787,-76.24863590073268,True
20211222,20210701,05:30,JUNIN,PE-3S,5,DESPISTE,0,0,5.0,2021-07-01,PE-3S,-11.543649050368941,-75.88276250284709,True
20211222,20210701,07:10,LIMA,PE-1NE,6,CHOQUE,0,1,6.0,2021-07-01,PE-1NE,-11.066078581118424,-77.53412682551364,True
20211222,20210701,22:45,JUNIN,PE-3N,60,CHOQUE,0,1,60.0,2021-07-01,PE-3N,-11.097933383894608,-75.99604647012842,True
20211222,20210701,07:30,LIMA,PE-1N,67,CHOQUE,0,3,67.0,2021-07-01,PE-1N,-11.629287743368248,-77.20732481011504,True
20211222,20210701,11:00,ICA,PE-28A,69,ESPECIAL,0,0,69.0,2021-07-01,PE-28A,-13.598120975594547,-75.60052732769057,True
20211222,20210701,09:35,LIMA,PE-1S,91,DESPISTE,0,1,91.0,2021-07-01,PE-1S,-12.88030885021823,-76.51103105481899,True
20211222,20210701,00:35,LIMA,PE-22,120,DESPISTE,1,0,120.0,2021-07-01,PE-22,-11.629337782609793,-76.23416358937914,True
20211222,20210701,16:10,LA LIBERTAD,PE-10A,123,CHOQUE,0,3,123.0,2021-07-01,PE-10A,-8.013167437999925,-78.32575617399993,True
20211222,20210701,15:00,ANCASH,PE-1N,246,DESPISTE,1,3,246.0,2021-07-01,PE-1N,-10.40379926547519,-77.97357161774444,True
20211222,20210701,05:30,ANCASH,PE-1N,353,CHOQUE,0,1,353.0,2021-07-01,PE-1N,-9.635525430269139,-78.2580975052674,True
20211222,20210701,13:20,SAN MARTIN,PE-5N,749,DESPISTE,0,0,749.0,2021-07-01,PE-5N,-7.586586513622766,-76.69161265124373,True
20211222,20210701,09:20,PUNO,PE-3S,1390,CHOQUE,0,0,1390.0,2021-07-01,PE-3S,-15.943140113423283,-69.84758766255392,True
20211222,20210701,07:20,PUNO,PE-3S,1401,DESPISTE,0,0,1401.0,2021-07-01,PE-3S,-15.999374313890034,-69.76709726108085,True
20211222,20210702,23:50,LA LIBERTAD,PE-08,5,CHOQUE,0,2,5.0,2021-07-02,PE-08,-7.304889889976298,-79.43474178283242,True
20211222,20210702,16:30,LIMA,PE-1S,23,ATROPELLO,0,0,23.0,2021-07-02,PE-1S,-12.24236550164664,-76.94430819131811,True
20211222,20210702,13:30,JUNIN,PE-3N,32,DESPISTE,0,0,32.0,2021-07-02,PE-3N,-11.318692595380442,-75.89609744080498,True
20211222,20210702,13:06,LIMA,PE-22,51,DESPISTE,0,1,51.0,2021-07-02,PE-22,-11.912253920702586,-76.57031399562406,True
20211222,20210702,04:30,LIMA,PE-22,92,DESPISTE,0,0,92.0,2021-07-02,PE-22,-11.773893554183966,-76.30487128337059,True
20211222,20210702,14:00,PUNO,PE-34B,155,DESPISTE,0,2,155.0,2021-07-02,PE-34B,-14.204232065291572,-70.27235022442346,True
20211222,20210702,00:00,ICA,PE-1S,188,ESPECIAL,0,0,188.0,2021-07-02,PE-1S,-13.410086716776267,-76.17097828641086,True
20211222,20210702,10:20,PUNO,PE-34A,217,CHOQUE,0,0,217.0,2021-07-02,PE-34A,-15.66196317727185,-70.75773300170275,True
20211222,20210702,17:25,ANCASH,PE-1N,396,DESPISTE,0,0,396.0,2021-07-02,PE-1N,-9.32701651766862,-78.4050039793727,True
20211222,20210702,00:30,ICA,PE-1S,442,VOLCADURA,0,1,442.0,2021-07-02,PE-1S,-14.824249095010238,-74.95801597573751,True
20211222,20210702,21:50,HUANUCO,PE-5N,481,DESPISTE,0,1,481.0,2021-07-02,PE-5N,-9.187446626827855,-75.94717397050876,True
20211222,20210702,21:35,LA LIBERTAD,PE-1N,519,VOLCADURA,0,0,519.0,2021-07-02,PE-1N,-8.410974218331942,-78.80522603988757,True
20211222,20210702,17:00,AREQUIPA,PE-1S,862,DESPISTE,0,1,862.0,2021-07-02,PE-1S,-16.5445018702583,-72.57421449140094,True
20211222,20210702,07:45,PIURA,PE-1N,954,CHOQUE,0,3,954.0,2021-07-02,PE-1N,-5.533021583737219,-80.58861797246813,True
20211222,20210702,07:45,PIURA,PE-1N,1020,ESPECIAL,0,0,1020.0,2021-07-02,PE-1N,-4.999541798766838,-80.69958085188907,True
20211222,20210703,20:15,PUNO,PE-102,2,CHOQUE,0,1,2.0,2021-07-03,PE-102,,,True
20211222,20210703,22:50,MOQUEGUA,PE-36,7,CHOQUE,0,12,7.0,2021-07-03,PE-36,-17.56259359483274,-71.10198986008886,True
20211222,20210703,22:00,LIMA,PE-1NA,17,ESPECIAL,0,0,17.0,2021-07-03,PE-1NA,-11.654102430813648,-77.2063467464701,True
20211222,20210703,14:30,LIMA,PE-1N,26,DESPISTE,0,1,26.0,2021-07-03,PE-1N,-11.903361190450992,-77.06778140270144,True
20211222,20210703,01:40,CUSCO,PE-34F,29,DESPISTE,1,1,29.0,2021-07-03,PE-34F,-14.620625493763592,-71.28591025234624,True
20211222,20210703,20:00,CAJAMARCA,PE-5N,36,CHOQUE,0,2,36.0,2021-07-03,PE-5N,-10.755271916065201,-75.2978243268594,True
20211222,20210703,05:50,LIMA,PE-1S,39,CHOQUE,0,0,39.0,2021-07-03,PE-1S,-12.324686043235044,-76.82584432079277,True
20211222,20210703,18:40,LIMA,PE-20A,48,CHOQUE,0,1,48.0,2021-07-03,PE-20A,-11.698509533278584,-76.8549294451901,True
20211222,20210703,12:40,HUANCAVELICA,PE-3SM,52,CHOQUE,0,1,52.0,2021-07-03,PE-3SM,-12.64983616736904,-74.73057206480323,True
20211222,20210703,19:45,LIMA,PE-20A,69,CHOQUE,0,2,69.0,2021-07-03,PE-20A,-11.582417324827018,-76.74456128680525,True
20211222,20210703,N.I.,CAJAMARCA,PE-3N,89,CHOQUE,0,1,89.0,2021-07-03,PE-3N,-10.882746084480269,-76.09431198134338,True
20211222,20210703,20:00,LIMA,PE-1N,140,DESPISTE,0,2,140.0,2021-07-03,PE-1N,-11.186276381851288,-77.57502952434693,True
20211222,20210703,19:05,AREQUIPA,PE-34A,172,CHOQUE,0,1,172.0,2021-07-03,PE-34A,-15.797243296297987,-71.04812792387011,True
20211222,20210703,02:50,ANCASH,PE-1N,245,CHOQUE,0,0,245.0,2021-07-03,PE-1N,-10.40882664870698,-77.96622084416097,True
20211222,20210703,10:30,AMAZONAS,PE-5N,332,CHOQUE,0,4,332.0,2021-07-03,PE-5N,-8.826126599712076,-75.08018336732316,True
20211222,20210703,13:45,ANCASH,PE-1N,338,DESPISTE,0,0,338.0,2021-07-03,PE-1N,-9.751606454705291,-78.24623180646212,True
20211222,20210703,06:10,ANCASH,PE-1N,383,DESPISTE,0,2,383.0,2021-07-03,PE-1N,-9.432551725582474,-78.35903894261155,True
20211222,20210703,20:38,LAMBAYEQUE,PE-1N,817,CHOQUE,1,2,817.0,2021-07-03,PE-1N,-6.53816901905422,-80.02324885332074,True
20211222,20210703,13:35,PIURA,PE-1NL,1093,CHOQUE,0,3,1093.0,2021-07-03,PE-1NL,,,True
20211222,20210703,13:35,PIURA,PE-1NL,1093,CHOQUE,0,3,1093.0,2021-07-03,PE-1NL,,,True
20211222,20210704,06:30,CALLAO,PE-20,4,DESPISTE,0,1,4.0,2021-07-04,PE-20,-11.859085713170362,-77.13044033460596,True
20211222,20210704,06:00,LIMA,PE-22,29,CHOQUE,0,5,29.0,2021-07-04,PE-22,-11.967022009184616,-76.74510503291192,True
20211222,20210704,17:20,CAJAMARCA,PE-08B,38,DESPISTE,0,2,38.0,2021-07-04,PE-08B,-7.071881595383041,-78.3326954909052,True
20211222,20210704,13:45,LIMA,PE-20A,46,DESPISTE,0,1,46.0,2021-07-04,PE-20A,-11.693856400545128,-76.87083718973088,True
20211222,20210704,13:50,LIMA,PE-1S,83,DESPISTE,0,8,83.0,2021-07-04,PE-1S,-12.657015005785903,-76.66304641592922,True
20211222,20210704,17:40,LIMA,PE-1N,185,DESPISTE,0,0,185.0,2021-07-04,PE-1N,-10.846124321356712,-77.69430229662987,True
20211222,20210704,10:30,MOQUEGUA,PE-1SD,202,DESPISTE,0,1,202.0,2021-07-04,PE-1SD,-17.3621596371084,-71.41904707407201,True
20211222,20210704,04:30,MADRE DE DIOS,PE-30C,324,CHOQUE,0,1,324.0,2021-07-04,PE-30C,-12.89176091055515,-69.99921662303102,True
20211222,20210704,15:40,APURIMAC,PE-30A,355,DESPISTE,0,2,355.0,2021-07-04,PE-30A,-14.2225310133156,-73.32147874001049,True
20211222,20210704,13:30,SAN MARTIN,PE-5N,381,CHOQUE,0,0,381.0,2021-07-04,PE-5N,-8.94732163393804,-75.38891626209444,True
20211222,20210704,19:30,SAN MARTIN,PE-5N,500,CHOQUE,0,1,500.0,2021-07-04,PE-5N,-9.094592225643954,-76.05822394623223,True
20211222,20210704,11:20,SAN MARTIN,PE-5N,609,CHOQUE,0,0,609.0,2021-07-04,PE-5N,-8.315887260304825,-76.34669182268973,True
20211222,20210704,17:20,AREQUIPA,PE-1S,1018,CHOQUE,1,0,1018.0,2021-07-04,PE-1S,-16.949206232621865,-71.80653260810345,True
20211222,20210705,20:50,LIMA,PE-1N,1,DESPISTE,0,0,1.0,2021-07-05,PE-1N,-12.050405425107773,-76.97740415220201,True
20211222,20210705,06:10,LA LIBERTAD,PE-08,18,CHOQUE,1,0,18.0,2021-07-05,PE-08,-7.30078818948859,-79.32896740296906,True
20211222,20210705,21:15,LIMA,PE-22,112,DESPISTE,0,0,112.0,2021-07-05,PE-22,-11.67094606237875,-76.25628872745061,True
20211222,20210705,15:18,LIMA,PE-1N,182,CHOQUE,0,0,182.0,2021-07-05,PE-1N,-10.856911507689238,-77.69077024117122,True
20211222,20210705,20:10,LIMA,PE-1N,200,CHOQUE,0,2,200.0,2021-07-05,PE-1N,-10.71413356553183,-77.76782774512458,True
20211222,20210705,05:00,AYACUCHO,PE-28A,292,CHOQUE,0,1,292.0,2021-07-05,PE-28A,-13.314270557364859,-74.33735090216425,True
20211222,20210705,07:30,APURIMAC,PE-30A,383,CHOQUE,0,2,383.0,2021-07-05,PE-30A,-14.039622399635876,-73.22972342094018,True
20211222,20210705,19:00,SAN MARTIN,PE-5N,483,CHOQUE,0,1,483.0,2021-07-05,PE-5N,-9.189602453154416,-75.95893758903397,True
20211222,20210705,11:30,AREQUIPA,PE-1S,597,ESPECIAL,0,0,597.0,2021-07-05,PE-1S,-15.811066130231715,-74.35797414121839,True
20211222,20210705,07:00,LA LIBERTAD,PE-1N,689,CHOQUE,0,3,689.0,2021-07-05,PE-1N,-7.3339359857799495,-79.4876622314431,True
20211222,20210706,15:30,LIMA,PE-1S,26,DESPISTE,0,1,26.0,2021-07-06,PE-1S,-12.2566529380886,-76.92095498352138,True
20211222,20210706,15:05,ICA,PE-1S,269,DESPISTE,0,2,269.0,2021-07-06,PE-1S,-13.931493928579354,-75.91679042915996,True
20211222,20210706,12:58,ANCASH,PE-1N,427,CHOQUE,0,0,427.0,2021-07-06,PE-1N,-9.175994244102645,-78.4795343608939,True
20211222,20210706,09:50,SAN MARTIN,PE-5N,452,CHOQUE,0,1,452.0,2021-07-06,PE-5N,-9.173043065442531,-75.79346393714873,True
20211222,20210706,20:30,AREQUIPA,PE-1S,649,DESPISTE,0,2,649.0,2021-07-06,PE-1S,-16.00810666410131,-74.0243726853094,True
20211222,20210706,15:00,LAMBAYEQUE,PE-1N,768,CHOQUE,0,0,768.0,2021-07-06,PE-1N,-6.867067652913684,-79.81683900592715,True
20211222,20210706,00:25,AREQUIPA,PE-1S,1062,CHOQUE,0,2,1062.0,2021-07-06,PE-1S,-17.082267573184463,-71.553128260991,True
20211222,20210707,20:20,LIMA,PE-1NA,10,CHOQUE,0,0,10.0,2021-07-07,PE-1NA,-11.705195598785043,-77.18737069445248,True
20211222,20210707,18:00,TACNA,PE-38,15,CHOQUE,6,16,15.0,2021-07-07,PE-38,-17.900504136366482,-70.25349175965536,True
20211222,20210707,15:30,LAMBAYEQUE,PE-1NJ,44,CHOQUE,0,1,44.0,2021-07-07,PE-1NJ,-6.3279538237885795,-79.76332974432272,True
20211222,20210707,04:39,LIMA,PE-1S,98,DESPISTE,0,0,98.0,2021-07-07,PE-1S,-12.940814856339193,-76.4963256343087,True
20211222,20210707,07:00,MADRE DE DIOS,PE-30C,321,CHOQUE,1,0,321.0,2021-07-07,PE-30C,-12.884444806303186,-70.02527482447321,True
20211222,20210707,07:45,APURIMAC,PE-30A,328,CHOQUE,0,2,328.0,2021-07-07,PE-30A,-14.367282673324524,-73.16886145233961,True
20211222,20210707,18:00,AREQUIPA,PE-1S,609,DESPISTE,0,0,609.0,2021-07-07,PE-1S,-15.835614719905324,-74.28651583210313,True
20211222,20210707,07:50,LA LIBERTAD,PE-1N,644,CHOQUE,1,0,644.0,2021-07-07,PE-1N,-7.581537065040254,-79.36892965755466,True
20211222,20210707,10:56,CUSCO,PE-3S,1070,CHOQUE,0,0,1070.0,2021-07-07,PE-3S,-14.001546235958985,-71.46087150989007,True
20211222,20210708,14:30,TACNA,PE-38,3,DESPISTE,1,4,3.0,2021-07-08,PE-38,-17.989417817249084,-70.25399210266586,True
20211222,20210708,11:25,MOQUEGUA,PE-36A,13,CHOQUE,0,0,13.0,2021-07-08,PE-36A,-17.17415129102688,-70.89438100702247,True
20211222,20210708,18:30,PUNO,PE-34H,38,CHOQUE,0,0,38.0,2021-07-08,PE-34H,-15.273661041255501,-69.90272451320892,True
20211222,20210708,05:00,LIMA,PE-22,50,CHOQUE,1,7,50.0,2021-07-08,PE-22,-11.909969467764844,-76.57877813951714,True
20211222,20210708,18:10,LIMA,PE-1N,62,DESPISTE,0,0,62.0,2021-07-08,PE-1N,-11.665974506954708,-77.18595646581765,True
20211222,20210708,20:00,LIMA,PE-1S,71,DESPISTE,0,2,71.0,2021-07-08,PE-1S,-12.570198805780505,-76.69642422185582,True
20211222,20210708,06:20,LIMA,PE-1S,72,CHOQUE,0,0,72.0,2021-07-08,PE-1S,-12.575161042491931,-76.68881449454292,True
20211222,20210708,23:39,LIMA,PE-22,82,DESPISTE,0,0,82.0,2021-07-08,PE-22,-11.8105007855227,-76.35303580366866,True
20211222,20210708,16:30,JUNIN,PE-22B,101,DESPISTE,0,0,101.0,2021-07-08,PE-22B,-11.097692766778987,-75.33288939530661,True
20211222,20210708,00:00,LIMA,PE-22,121,CHOQUE,0,1,121.0,2021-07-08,PE-22,-11.626055487658348,-76.23358335132001,True
20211222,20210708,12:30,PASCO,PE-3N,132,DESPISTE,0,0,132.0,2021-07-08,PE-3N,-10.6978087995846,-76.18942182414017,True
20211222,20210708,10:01,MOQUEGUA,PE-1SD,222,DESPISTE,0,0,222.0,2021-07-08,PE-1SD,-17.489522847743626,-71.36210834662637,True
20211222,20210708,15:10,ICA,PE-1S,362,DESPISTE,0,0,362.0,2021-07-08,PE-1S,-14.465216525789007,-75.40212774808717,True
20211222,20210708,06:20,LA LIBERTAD,PE-1N,532,CHOQUE,0,0,532.0,2021-07-08,PE-1N,-8.336910315001036,-78.88951035771446,True
20211222,20210708,19:00,SAN MARTIN,PE-5N,757,CHOQUE,0,3,757.0,2021-07-08,PE-5N,-7.529894154949681,-76.6929503963443,True
20211222,20210708,20:10,AREQUIPA,PE-1S,778,ESPECIAL,0,0,778.0,2021-07-08,PE-1S,-16.431755684165132,-73.10412206118059,True
20211222,20210708,09:10,CUSCO,PE-3S,1125,CHOQUE,0,0,1125.0,2021-07-08,PE-3S,-14.349293096814622,-71.1785163515805,True
20211222,20210709,14:50,JUNIN,PE-3N,0,ESPECIAL,0,1,0.0,2021-07-09,PE-3N,-11.522644942999932,-75.90932789099992,True
20211222,20210709,23:30,CALLAO,PE-20,19,CHOQUE,0,1,19.0,2021-07-09,PE-20,-11.992789444530542,-77.12576512888174,True
20211222,20210709,11:45,ANCASH,AN-110,36,DESPISTE,0,0,36.0,2021-07-09,AN-110,,,True
20211222,20210709,12:45,LA LIBERTAD,PE-10A,65,CHOQUE,0,0,65.0,2021-07-09,PE-10A,-7.951345952512629,-78.61480725487999,True
20211222,20210709,12:20,JUNIN,PE-5S,76,CHOQUE,0,3,76.0,2021-07-09,PE-5S,-11.00089809730371,-74.7517146169679,True
20211222,20210709,07:15,LIMA,PE-1N,82,CHOQUE,0,1,82.0,2021-07-09,PE-1N,-11.563139040290405,-77.26547950067437,True
20211222,20210709,11:45,LIMA,PE-1S,82,DESPISTE,0,4,82.0,2021-07-09,PE-1S,-12.648450965572692,-76.66600317561304,True
20211222,20210709,23:25,AREQUIPA,PE-34A,85,VOLCADURA,0,0,85.0,2021-07-09,PE-34A,-16.10190565697201,-71.61127611422535,True
20211222,20210709,02:00,LIMA,PE-1S,115,CHOQUE,0,0,115.0,2021-07-09,PE-1S,-12.755272682638774,-76.60501471407265,True
20211222,20210709,03:35,HUANUCO,PE-18A,122,CHOQUE,1,0,122.0,2021-07-09,PE-18A,-9.306969376791022,-76.0019070427817,True
20211222,20210709,16:30,LIMA,PE-22,125,CHOQUE,0,0,125.0,2021-07-09,PE-22,-11.614614791244527,-76.21136387393304,True
20211222,20210709,08:00,AREQUIPA,PE-34A,147,CHOQUE,0,5,147.0,2021-07-09,PE-34A,-15.95219976894417,-71.19440685606264,True
20211222,20210709,14:00,ICA,PE-1S,201,CHOQUE,1,2,201.0,2021-07-09,PE-1S,-13.500408491038863,-76.14055886983967,True
20211222,20210709,14:30,MOQUEGUA,PE-1SD,221,DESPISTE,0,0,221.0,2021-07-09,PE-1SD,-17.480978828098714,-71.36489001944598,True
20211222,20210709,16:20,CUSCO,PE-30C,232,DESPISTE,0,1,232.0,2021-07-09,PE-30C,-13.17957762637997,-70.46571173429759,True
20211222,20210709,02:10,AMAZONAS,PE-5N,322,DESPISTE,0,0,322.0,2021-07-09,PE-5N,-8.882512364347509,-75.04580251764503,True
20211222,20210709,20:00,MADRE DE DIOS,PE-30C,330,CHOQUE,0,2,330.0,2021-07-09,PE-30C,-12.895846866759179,-69.94950921189591,True
20211222,20210709,20:30,MADRE DE DIOS,PE-30C,413,ATROPELLO,0,5,413.0,2021-07-09,PE-30C,-12.64491938960231,-69.27801338335928,True
20211222,20210709,05:00,LAMBAYEQUE,PE-1N,840,CHOQUE,0,1,840.0,2021-07-09,PE-1N,-6.403868136022724,-80.18014751360371,True
20211222,20210709,16:01,AREQUIPA,PE-1S,976,CHOQUE,0,4,976.0,2021-07-09,PE-1S,-16.590818536981548,-71.84793046778137,True
20211222,20210710,16:01,AREQUIPA,AR-105,1,DESPISTE,0,2,1.0,2021-07-10,AR-105,,,True
20211222,20210710,07:50,JUNIN,PE-5S,3,CHOQUE,0,1,3.0,2021-07-10,PE-5S,-10.949871108364082,-75.27086230376027,True
20211222,20210710,00:20,JUNIN,PE-5S,11,CHOQUE,0,1,11.0,2021-07-10,PE-5S,-10.944941193306418,-75.220845110289,True
20211222,20210710,12:45,LA LIBERTAD,PE-10C,19,CHOQUE,0,1,19.0,2021-07-10,PE-10C,-7.789637469731501,-77.88306639740125,True
20211222,20210710,17:00,LIMA,PE-20C,24,DESPISTE,0,2,24.0,2021-07-10,PE-20C,-11.457092195484549,-77.12693644672348,True
20211222,20210710,08:30,ANCASH,PE-16,48,ESPECIAL,0,3,48.0,2021-07-10,PE-16,-10.318579548925175,-77.62190572874985,True
20211222,20210710,19:44,CAJAMARCA,PE-3N,73,VOLCADURA,0,1,73.0,2021-07-10,PE-3N,-10.993244729714515,-76.02211089188938,True
20211222,20210710,10:30,HUANUCO,PE-18A,83,CHOQUE,0,0,83.0,2021-07-10,PE-18A,-9.561666124455797,-76.01810565414102,True
20211222,20210710,20:20,LIMA,PE-1S,108,CHOQUE,1,3,108.0,2021-07-10,PE-1S,-12.80540376186029,-76.54555704667551,True
20211222,20210710,13:45,LIMA,PE-1S,126,DESPISTE,0,4,126.0,2021-07-10,PE-1S,-12.69908931679153,-76.64136256995023,True
20211222,20210710,02:30,TUMBES,PE-1N,205,CHOQUE,0,1,205.0,2021-07-10,PE-1N,-10.677275327644999,-77.79214552619842,True
20211222,20210710,07:20,MOQUEGUA,PE-1SD,221,DESPISTE,0,1,221.0,2021-07-10,PE-1SD,-17.480978828098714,-71.36489001944598,True
20211222,20210710,10:40,PIURA,PE-1NJ,255,ATROPELLO,2,0,255.0,2021-07-10,PE-1NJ,-5.193545889152634,-80.61404591497926,True
20211222,20210710,08:30,ANCASH,PE-1N,350,CHOQUE,1,17,350.0,2021-07-10,PE-1N,-9.659774339265073,-78.26776275380148,True
20211222,20210710,12:00,MADRE DE DIOS,PE-30C,389,DESPISTE,0,2,389.0,2021-07-10,PE-30C,-12.719560387020726,-69.48856092480203,True
20211222,20210710,17:20,SAN MARTIN,PE-5N,523,CHOQUE,0,2,523.0,2021-07-10,PE-5N,-8.921625187377028,-76.09475368942243,True
20211222,20210710,22:55,CUSCO,PE-3S,943,CHOQUE,1,0,943.0,2021-07-10,PE-3S,-13.485372943425858,-72.16698573316596,True
20211222,20210710,08:00,PIURA,PE-1NL,1051,CHOQUE,0,0,1051.0,2021-07-10,PE-1NL,,,True
20211222,20210710,16:20,PUNO,PE-3S,1210,DESPISTE,0,1,1210.0,2021-07-10,PE-3S,-14.816966920369934,-70.68848271349691,True
20211222,20210711,23:30,LORETO,LO-103,6,DESPISTE,0,1,6.0,2021-07-11,LO-103,,,True
20211222,20210711,12:30,AREQUIPA,AR-105,23,CHOQUE,0,1,23.0,2021-07-11,AR-105,,,True
20211222,20210711,19:00,MOQUEGUA,PE-1SD,23,CHOQUE,0,1,23.0,2021-07-11,PE-1SD,-16.696312986938654,-72.46594737546697,True
20211222,20210711,12:20,LIMA,PE-1S,29,DESPISTE,0,0,29.0,2021-07-11,PE-1S,-12.271264375020683,-76.89771906411094,True
20211222,20210711,08:30,LIMA,PE-1S,44,DESPISTE,0,0,44.0,2021-07-11,PE-1S,-12.359545116875237,-76.79694017026631,True
20211222,20210711,23:40,JUNIN,PE-5S,62,CHOQUE,2,0,62.0,2021-07-11,PE-5S,-10.944506253001547,-74.85500512031446,True
20211222,20210711,18:20,LIMA,PE-22,70,CHOQUE,0,4,70.0,2021-07-11,PE-22,-11.875756205625285,-76.43000257756621,True
20211222,20210711,20:30,LAMBAYEQUE,PE-1NJ,80,DESPISTE,0,1,80.0,2021-07-11,PE-1NJ,-6.043045603897843,-79.67582313001517,True
20211222,20210711,18:00,LIMA,PE-22,111,CHOQUE,0,3,111.0,2021-07-11,PE-22,-11.678630463904785,-76.25802822208564,True
20211222,20210711,22:57,PIURA,PE-1N,119,DESPISTE,0,1,119.0,2021-07-11,PE-1N,-11.34068519664422,-77.46334435318555,True
20211222,20210711,09:00,ANCASH,PE-1N,265,DESPISTE,0,1,265.0,2021-07-11,PE-1N,-10.282352968978495,-78.0416012452965,True
20211222,20210711,09:00,LA LIBERTAD,PE-1N,604,DESPISTE,0,0,604.0,2021-07-11,PE-1N,-7.840199538894733,-79.1516337978141,True
20211222,20210711,07:40,APURIMAC,PE-3S,846,CHOQUE,0,1,846.0,2021-07-11,PE-3S,-13.544064714346938,-72.71869615411036,True
20211222,20210711,10:30,TACNA,PE-1S,1323,CHOQUE,0,2,1323.0,2021-07-11,PE-1S,-18.269718192961356,-70.31907975368884,True
20211222,20210712,09:00,HUANCAVELICA,PE-3SD,29,DESPISTE,0,4,29.0,2021-07-12,PE-3SD,-12.374555482698357,-74.91646032458411,True
20211222,20210712,02:40,CAJAMARCA,PE-06A,108,DESPISTE,0,2,108.0,2021-07-12,PE-06A,-6.498584356779435,-79.15141794817757,True
20211222,20210712,17:45,CAJAMARCA,PE-08,124,CHOQUE,2,2,124.0,2021-07-12,PE-08,-7.2776747650231055,-78.60010800631473,True
20211222,20210712,15:40,AYACUCHO,PE-30A,181,DESPISTE,0,0,181.0,2021-07-12,PE-30A,-14.645124827727509,-74.05322123293541,True
20211222,20210712,07:00,AREQUIPA,PE-34A,182,CHOQUE,2,8,182.0,2021-07-12,PE-34A,-15.762128976807965,-70.9698872532973,True
20211222,20210712,09:00,ICA,PE-1S,320,CHOQUE,1,0,320.0,2021-07-12,PE-1S,-14.254251152056593,-75.68859203665909,True
20211222,20210712,07:45,AYACUCHO,PE-3S,351,CHOQUE,0,4,351.0,2021-07-12,PE-3S,-12.990094520423977,-74.22445678341796,True
20211222,20210712,05:30,ANCASH,PE-1N,402,CHOQUE,1,3,402.0,2021-07-12,PE-1N,-9.277361354222892,-78.41726462063085,True
20211222,20210712,02:00,MADRE DE DIOS,PE-30C,413,DESPISTE,0,0,413.0,2021-07-12,PE-30C,-12.64491938960231,-69.27801338335928,True
20211222,20210712,10:20,APURIMAC,PE-3S,520,DESPISTE,0,0,520.0,2021-07-12,PE-3S,-13.462727724203672,-73.82982364806243,True
20211222,20210712,16:40,LA LIBERTAD,PE-1N,651,CHOQUE,0,1,651.0,2021-07-12,PE-1N,-7.525596786000118,-79.39673349335929,True
20211222,20210712,09:50,AREQUIPA,PE-1S,989,CHOQUE,0,1,989.0,2021-07-12,PE-1S,-16.70104336301476,-71.87046980645803,True
20211222,20210712,16:00,PUNO,PE-3S,1341,CHOQUE,0,2,1341.0,2021-07-12,PE-3S,-15.679514475478035,-70.07284442038961,True
20211222,20210712,03:15,PUNO,PE-3S,1351,DESPISTE,0,0,1351.0,2021-07-12,PE-3S,-15.766907650428477,-70.04827355393982,True
20211222,20210713,21:00,LIMA,PE-16,8,CHOQUE,0,3,8.0,2021-07-13,PE-16,-10.604505288536334,-77.7707102725333,True
20211222,20210713,09:40,TACNA,PE-1SD,42,DESPISTE,0,1,42.0,2021-07-13,PE-1SD,-16.757456495706553,-72.35779251451436,True
20211222,20210713,08:00,PIURA,PE-02,43,CHOQUE,0,2,43.0,2021-07-13,PE-02,-5.1050522919294155,-81.05787817247332,True
20211222,20210713,16:47,JUNIN,PE-3S,76,DESPISTE,0,1,76.0,2021-07-13,PE-3S,-11.816598209481231,-75.49327317545641,True
20211222,20210713,08:00,MOQUEGUA,PE-36B,119,DESPISTE,0,0,119.0,2021-07-13,PE-36B,-16.14822986195223,-70.0607682709252,True
20211222,20210713,13:30,CUSCO,PE-28B,133,CHOQUE,0,1,133.0,2021-07-13,PE-28B,-12.724893961750308,-73.91116113615271,True
20211222,20210713,18:50,PASCO,PE-3N,144,DESPISTE,0,0,144.0,2021-07-13,PE-3N,-10.622460162551553,-76.17568696489387,True
20211222,20210713,04:30,TUMBES,PE-1N,163,DESPISTE,0,0,163.0,2021-07-13,PE-1N,-11.000314939552865,-77.62124921929144,True
20211222,20210713,17:20,PUNO,PE-38,222,ESPECIAL,0,0,222.0,2021-07-13,PE-38,-16.798623223503228,-69.728179529647,True
20211222,20210713,20:30,ICA,PE-1S,243,DESPISTE,0,2,243.0,2021-07-13,PE-1S,-13.857619701763033,-76.13115379592705,True
20211222,20210713,15:45,SAN MARTIN,PE-5N,560,DESPISTE,0,2,560.0,2021-07-13,PE-5N,-8.724631373570691,-76.24028717343963,True
20211222,20210713,16:50,AREQUIPA,PE-1S,593,CHOQUE,0,1,593.0,2021-07-13,PE-1S,-15.817528691063936,-74.38009757762055,True
20211222,20210713,13:00,SAN MARTIN,PE-5N,638,CHOQUE,0,1,638.0,2021-07-13,PE-5N,-8.184602522946705,-76.51241939015964,True
20211222,20210713,19:15,SAN MARTIN,PE-5N,741,CHOQUE,0,1,741.0,2021-07-13,PE-5N,-7.635055847416919,-76.67094522498827,True
20211222,20210713,12:30,APURIMAC,PE-3S,807,DESPISTE,0,5,807.0,2021-07-13,PE-3S,-13.572247898909778,-72.83894966169382,True
20211222,20210713,04:58,AREQUIPA,PE-1S,941,DESPISTE,0,1,941.0,2021-07-13,PE-1S,-16.448840523925956,-71.96689239113711,True
20211222,20210713,13:30,CUSCO,PE-3S,1089,CHOQUE,0,1,1089.0,2021-07-13,PE-3S,-14.144411588505037,-71.39768636345367,True
20211222,20210713,10:40,PUNO,PE-3S,1375,ESPECIAL,0,0,1375.0,2021-07-13,PE-3S,-15.86741252510917,-69.93848553675467,True
20211222,20210713,09:00,PUNO,PE-3S,1469,DESPISTE,1,0,1469.0,2021-07-13,PE-3S,-16.294538531688023,-69.2783079902453,True
20211222,20210714,10:30,CAJAMARCA,PE-3N,5,CHOQUE,0,0,5.0,2021-07-14,PE-3N,-11.499670865051586,-75.94005565962021,True
20211222,20210714,03:30,LA LIBERTAD,PE-10C,15,DESPISTE,0,16,15.0,2021-07-14,PE-10C,-7.8097540810235415,-77.88501594425401,True
20211222,20210714,14:20,LIMA,PE-22,19,CHOQUE,0,0,19.0,2021-07-14,PE-22,-11.989475230476177,-76.81864907225003,True
20211222,20210714,18:40,LIMA,PE-1S,99,ATROPELLO,1,0,99.0,2021-07-14,PE-1S,-12.947738271549607,-76.50162231777215,True
20211222,20210714,16:20,LIMA,PE-22,110,DESPISTE,0,1,110.0,2021-07-14,PE-22,-11.685662543184964,-76.26051752939492,True
20211222,20210714,11:30,AREQUIPA,PE-1SD,135,DESPISTE,0,2,135.0,2021-07-14,PE-1SD,-17.137397271184895,-71.8180992258003,True
20211222,20210714,23:00,PUNO,PE-34B,169,DESPISTE,0,0,169.0,2021-07-14,PE-34B,-14.138621235541764,-70.34542045604391,True
20211222,20210714,16:30,PUNO,PE-34B,173,DESPISTE,0,0,173.0,2021-07-14,PE-34B,-14.111061084081143,-70.36170571679813,True
20211222,20210714,18:30,MOQUEGUA,PE-1SD,198,CHOQUE,0,0,198.0,2021-07-14,PE-1SD,-17.337563850232456,-71.43071119261562,True
20211222,20210714,22:45,ICA,PE-1S,456,CHOQUE,0,1,456.0,2021-07-14,PE-1S,-14.909092243389866,-74.98519499802576,True
20211222,20210714,09:00,LAMBAYEQUE,PE-1N,736,DESPISTE,0,0,736.0,2021-07-14,PE-1N,-7.030528484065737,-79.59418920905101,True
20211222,20210714,17:30,AREQUIPA,PE-1S,913,CHOQUE,0,0,913.0,2021-07-14,PE-1S,-16.36193111204504,-72.15414747484274,True
20211222,20210715,02:40,CAJAMARCA,PE-08A,2,DESPISTE,0,3,2.0,2021-07-15,PE-08A,-7.211834538284127,-78.83732898107526,True
20211222,20210715,12:30,JUNIN,PE-3N,7,DESPISTE,0,1,7.0,2021-07-15,PE-3N,-11.48544490298403,-75.94922978480228,True
20211222,20210715,22:00,LORETO,LO-103,7,CHOQUE,0,4,7.0,2021-07-15,LO-103,,,True
20211222,20210715,07:25,LIMA,PE-1S,10,CHOQUE,0,2,10.0,2021-07-15,PE-1S,-12.144315222114933,-76.98178048057544,True
20211222,20210715,08:10,SAN MARTIN,PE-5NB,10,CHOQUE,0,1,10.0,2021-07-15,PE-5NB,-6.465629059552952,-76.31401014101158,True
20211222,20210715,18:00,ANCASH,PE-14,11,CHOQUE,2,1,11.0,2021-07-15,PE-14,-9.437978207780231,-78.19020974263252,True
20211222,20210715,07:40,AMAZONAS,PE-08C,35,CHOQUE,0,3,35.0,2021-07-15,PE-08C,-5.9780024094637785,-77.97125877146513,True
20211222,20210715,20:10,PUNO,PE-34H,51,DESPISTE,0,0,51.0,2021-07-15,PE-34H,-15.210990776768705,-69.82798000063845,True
20211222,20210715,22:50,LIMA,PE-22,56,CHOQUE,0,2,56.0,2021-07-15,PE-22,-11.904000376387483,-76.53198225569177,True
20211222,20210715,13:32,HUANUCO,PE-18A,81,CHOQUE,0,1,81.0,2021-07-15,PE-18A,-9.577620246664747,-76.02423702597325,True
20211222,20210715,20:10,PIURA,PE-1N,82,DESPISTE,0,2,82.0,2021-07-15,PE-1N,-11.563139040290405,-77.26547950067437,True
20211222,20210715,11:15,APURIMAC,PE-30A,385,CHOQUE,0,1,385.0,2021-07-15,PE-30A,-14.028723076124098,-73.21641941636621,True
20211222,20210715,15:30,SAN MARTIN,PE-5N,465,DESPISTE,1,0,465.0,2021-07-15,PE-5N,-9.223265439112184,-75.83680695580057,True
20211222,20210715,06:20,ANCASH,PE-3N,601,CHOQUE,0,1,601.0,2021-07-15,PE-3N,-9.367089800799505,-77.59335340383862,True
20211222,20210715,06:35,AREQUIPA,PE-1S,684,CHOQUE,0,2,684.0,2021-07-15,PE-1S,-16.17609220828522,-73.75963607365426,True
20211222,20210715,19:00,AREQUIPA,PE-1S,725,ESPECIAL,0,0,725.0,2021-07-15,PE-1S,-16.289643223382008,-73.42847722660512,True
20211222,20210715,17:00,AYACUCHO,PE-3S,765,CHOQUE,0,1,765.0,2021-07-15,PE-3S,-13.674722401943475,-72.92416373451053,True
20211222,20210715,19:50,AREQUIPA,PE-1S,950,CHOQUE,0,4,950.0,2021-07-15,PE-1S,-16.477135340044374,-71.91302158750607,True
20211222,20210715,14:30,AREQUIPA,PE-1S,1034,DESPISTE,0,0,1034.0,2021-07-15,PE-1S,-17.011629782548425,-71.71040248393474,True
20211222,20210715,08:40,MOQUEGUA,PE-1S,1167,DESPISTE,0,1,1167.0,2021-07-15,PE-1S,-17.43062063300712,-71.04812623724327,True
20211222,20210716,05:45,PUNO,PU-953,0,DESPISTE,2,9,0.0,2021-07-16,PU-953,,,True
20211222,20210716,08:50,AREQUIPA,PE-34A,95,CHOQUE,0,4,95.0,2021-07-16,PE-34A,-16.073036221633206,-71.55620738984587,True
20211222,20210716,05:40,PASCO,PE-3N,107,CHOQUE,0,0,107.0,2021-07-16,PE-3N,-10.803200898635966,-76.23052412165262,True
20211222,20210716,23:55,LIMA,PE-1S,138,CHOQUE,0,0,138.0,2021-07-16,PE-1S,-13.077173604796902,-76.442875601719,True
20211222,20210716,06:50,CAJAMARCA,PE-06A,160,ATROPELLO,0,1,160.0,2021-07-16,PE-06A,-6.447461316284455,-79.00093256167268,True
20211222,20210716,18:45,PUNO,PE-34A,275,CHOQUE,0,1,275.0,2021-07-16,PE-34A,-15.61853371721102,-70.32327811027872,True
20211222,20210716,18:30,CUSCO,PE-3S,890,DESPISTE,0,0,890.0,2021-07-16,PE-3S,-13.497442326315463,-72.4634975141254,True
20211222,20210716,17:20,PUNO,PE-3S,1495,VOLCADURA,0,3,1495.0,2021-07-16,PE-3S,-16.458294092305675,-69.14095345579322,True
20211222,20210717,20:40,LORETO,LO-103,9,CHOQUE,0,2,9.0,2021-07-17,LO-103,,,True
20211222,20210717,19:30,AMAZONAS,PE-08C,14,CHOQUE,0,1,14.0,2021-07-17,PE-08C,-6.120567489509639,-77.8967155353355,True
20211222,20210717,08:15,LAMBAYEQUE,PE-1NJ,24,CHOQUE,0,2,24.0,2021-07-17,PE-1NJ,-6.473053280496445,-79.85582071984733,True
20211222,20210717,N.I.,LIMA,PE-1N,83,CHOQUE,0,2,83.0,2021-07-17,PE-1N,-11.555918348742413,-77.26964221100262,True
20211222,20210717,20:30,LIMA,PE-1N,85,CHOQUE,0,1,85.0,2021-07-17,PE-1N,-11.542148320798743,-77.28069405572357,True
20211222,20210717,06:45,PUNO,PE-34B,97,DESPISTE,0,0,97.0,2021-07-17,PE-34B,-14.597454813648756,-70.33948832669445,True
20211222,20210717,11:55,HUANUCO,PE-3N,221,CHOQUE,0,2,221.0,2021-07-17,PE-3N,-10.033062916860453,-76.23466929300437,True
20211222,20210717,10:20,SAN MARTIN,PE-5N,544,CHOQUE,0,0,544.0,2021-07-17,PE-5N,-8.745368393943812,-76.11807337445052,True
20211222,20210717,05:30,APURIMAC,PE-3S,832,DESPISTE,0,3,832.0,2021-07-17,PE-3S,-13.537007670210158,-72.7510413742433,True
20211222,20210717,17:40,APURIMAC,PE-3S,847,ESPECIAL,0,0,847.0,2021-07-17,PE-3S,-13.541648804490482,-72.71079659045677,True
20211222,20210717,02:10,LAMBAYEQUE,PE-1N,848,CHOQUE,0,1,848.0,2021-07-17,PE-1N,-6.345348452467783,-80.22274111069017,True
20211222,20210717,06:30,AREQUIPA,PE-1S,1040,DESPISTE,0,0,1040.0,2021-07-17,PE-1S,-17.030336733195576,-71.69309277924192,True
20211222,20210717,02:35,TACNA,PE-1S,1323,DESPISTE,0,1,1323.0,2021-07-17,PE-1S,-18.269718192961356,-70.31907975368884,True
20211222,20210718,04:15,LA LIBERTAD,PE-08,4,DESPISTE,0,2,4.0,2021-07-18,PE-08,-7.305320695622958,-79.4436841351599,True
20211222,20210718,13:15,SAN MARTIN,PE-5NB,9,CHOQUE,0,0,9.0,2021-07-18,PE-5NB,-6.464009216057668,-76.32062546107238,True
20211222,20210718,N.I.,LIMA,PE-1NA,18,DESPISTE,0,0,18.0,2021-07-18,PE-1NA,-11.646123812970785,-77.20818641099416,True
20211222,20210718,19:30,LIMA,PE-20A,37,CHOQUE,0,1,37.0,2021-07-18,PE-20A,-11.70504005775021,-76.94098636380929,True
20211222,20210718,22:00,AREQUIPA,AR-105,42,VOLCADURA,0,0,42.0,2021-07-18,AR-105,,,True
20211222,20210718,00:35,PUNO,PE-36B,52,DESPISTE,0,0,52.0,2021-07-18,PE-36B,-16.534818438412834,-70.36902005304377,True
20211222,20210718,05:00,UCAYALI,PE-18C,55,CHOQUE,0,1,55.0,2021-07-18,PE-18C,-8.463514764674358,-74.79120146912649,True
20211222,20210718,16:30,LA LIBERTAD,PE-10A,58,DESPISTE,0,0,58.0,2021-07-18,PE-10A,-7.978209383690147,-78.64622197134558,True
20211222,20210718,21:15,LIMA,PE-1N,67,CHOQUE,0,1,67.0,2021-07-18,PE-1N,-11.629287743368248,-77.20732481011504,True
20211222,20210718,17:30,CAJAMARCA,PE-08B,96,DESPISTE,0,2,96.0,2021-07-18,PE-08B,-6.901487341121088,-78.16186400979707,True
20211222,20210718,05:30,CUSCO,PE-30C,101,DESPISTE,0,0,101.0,2021-07-18,PE-30C,-13.628763201719945,-71.07843967204083,True
20211222,20210718,18:30,PIURA,PE-1N,125,CHOQUE,0,0,125.0,2021-07-18,PE-1N,-11.296567991820828,-77.49527333968987,True
20211222,20210718,20:30,PASCO,PE-3N,137,DESPISTE,0,1,137.0,2021-07-18,PE-3N,-10.661611148591415,-76.17476146280698,True
20211222,20210718,12:00,CUSCO,PE-28B,185,CHOQUE,0,1,185.0,2021-07-18,PE-28B,-12.625063417694246,-73.74086150876532,True
20211222,20210718,07:50,MOQUEGUA,PE-1SD,212,DESPISTE,0,2,212.0,2021-07-18,PE-1SD,-17.40933882734374,-71.3813876213265,True
20211222,20210718,06:00,ICA,PE-1S,223,DESPISTE,0,0,223.0,2021-07-18,PE-1S,-13.688996272130044,-76.15742611440658,True
20211222,20210718,03:00,AREQUIPA,PE-1S,605,DESPISTE,0,0,605.0,2021-07-18,PE-1S,-15.81836151471904,-74.3040003140425,True
20211222,20210718,13:40,TACNA,PE-1S,1225,DESPISTE,0,0,1225.0,2021-07-18,PE-1S,-17.762818161321796,-70.78600919114277,True
20211222,20210718,04:30,TACNA,PE-1S,1271,ATROPELLO,1,0,1271.0,2021-07-18,PE-1S,-17.91001013146207,-70.38578214772092,True
20211222,20210719,07:54,CAJAMARCA,PE-08B,8,CHOQUE,0,1,8.0,2021-07-19,PE-08B,-7.14828002654377,-78.44855137204728,True
20211222,20210719,04:45,LA LIBERTAD,PE-08,24,DESPISTE,0,1,24.0,2021-07-19,PE-08,-7.273878457051038,-79.28582405701572,True
20211222,20210719,19:00,LAMBAYEQUE,PE-1NJ,51,ESPECIAL,0,0,51.0,2021-07-19,PE-1NJ,-6.270772813761713,-79.73827146124528,True
20211222,20210719,01:05,JUNIN,PE-3N,57,CHOQUE,0,1,57.0,2021-07-19,PE-3N,-11.124831846456757,-75.99283434539717,True
20211222,20210719,04:50,AREQUIPA,PE-34A,86,DESPISTE,0,0,86.0,2021-07-19,PE-34A,-16.09631122417502,-71.60562102065985,True
20211222,20210719,15:10,LIMA,PE-22,100,CHOQUE,0,1,100.0,2021-07-19,PE-22,-11.737069789934658,-76.27081716074291,True
20211222,20210719,07:20,AREQUIPA,PE-34A,110,DESPISTE,0,3,110.0,2021-07-19,PE-34A,-16.06838706496484,-71.42930690677025,True
20211222,20210719,12:40,LIMA,PE-22,112,CHOQUE,0,1,112.0,2021-07-19,PE-22,-11.67094606237875,-76.25628872745061,True
20211222,20210719,18:00,PASCO,PE-3N,138,CHOQUE,0,4,138.0,2021-07-19,PE-3N,-10.653887841777696,-76.17181416768078,True
20211222,20210719,21:00,LA LIBERTAD,PE-10C,144,VOLCADURA,0,1,144.0,2021-07-19,PE-10C,-7.936994005724989,-77.52646239213503,True
20211222,20210719,06:50,CUSCO,PE-3SG,243,DESPISTE,0,0,243.0,2021-07-19,PE-3SG,-14.779041984459726,-71.39341829491325,True
20211222,20210719,11:30,AYACUCHO,PE-3S,400,DESPISTE,0,1,400.0,2021-07-19,PE-3S,-13.212290189808016,-74.22731481276249,True
20211222,20210719,13:30,LA LIBERTAD,PE-1N,476,DESPISTE,0,4,476.0,2021-07-19,PE-1N,-8.708048741554583,-78.63948328496087,True
20211222,20210719,12:40,SAN MARTIN,PE-5N,557,CHOQUE,0,0,557.0,2021-07-19,PE-5N,-8.74682704047116,-76.22617679566986,True
20211222,20210720,20:45,PUNO,PE-34B,4,DESPISTE,0,2,4.0,2021-07-20,PE-34B,-15.274546968048483,-70.22404950969815,True
20211222,20210720,23:00,CAJAMARCA,PE-5N,6,CHOQUE,0,1,6.0,2021-07-20,PE-5N,-10.922006504425562,-75.28650808115127,True
20211222,20210720,03:30,HUANUCO,HU-111,12,DESPISTE,1,0,12.0,2021-07-20,HU-111,,,True
20211222,20210720,22:30,LIMA,PE-1S,38,CHOQUE,0,1,38.0,2021-07-20,PE-1S,-12.31711120581923,-76.83090061160355,True
20211222,20210720,17:30,JUNIN,PE-3N,43,DESPISTE,0,0,43.0,2021-07-20,PE-3N,-11.234375670203802,-75.93904290138659,True
20211222,20210720,10:30,LIMA,PE-22,45,CHOQUE,0,1,45.0,2021-07-20,PE-22,-11.918755397602297,-76.62008477334118,True
20211222,20210720,09:00,JUNIN,PE-22B,59,CHOQUE,0,1,59.0,2021-07-20,PE-22B,-11.303343228003495,-75.55851876557283,True
20211222,20210720,20:20,LIMA,PE-1N,76,CHOQUE,0,0,76.0,2021-07-20,PE-1N,-11.60799034412872,-77.23917995125622,True
20211222,20210720,14:20,LIMA,PE-1S,85,DESPISTE,0,2,85.0,2021-07-20,PE-1S,-12.671948159155681,-76.65281196833061,True
20211222,20210720,15:30,LIMA,PE-20A,88,DESPISTE,0,1,88.0,2021-07-20,PE-20A,-11.489997498087696,-76.64785454821576,True
20211222,20210720,20:30,PASCO,PE-3N,100,DESPISTE,0,0,100.0,2021-07-20,PE-3N,-10.839114088891874,-76.18088677579682,True
20211222,20210720,18:55,ANCASH,PE-3N,141,DESPISTE,0,0,141.0,2021-07-20,PE-3N,-10.644652000049817,-76.16915310362789,True
20211222,20210720,05:50,PASCO,PE-3N,153,CHOQUE,0,3,153.0,2021-07-20,PE-3N,-10.546595915831611,-76.19046748970091,True
20211222,20210720,10:00,ICA,PE-1S,212,CHOQUE,0,0,212.0,2021-07-20,PE-1S,-13.594946994637784,-76.14582798668553,True
20211222,20210720,20:30,PUNO,PE-34A,337,ATROPELLO,0,1,337.0,2021-07-20,PE-34A,,,True
20211222,20210720,20:00,SAN MARTIN,PE-5N,570,DESPISTE,0,5,570.0,2021-07-20,PE-5N,-8.640779751050005,-76.25661579981845,True
20211222,20210720,15:05,APURIMAC,PE-3S,782,DESPISTE,0,0,782.0,2021-07-20,PE-3S,-13.623377360099774,-72.87182272885309,True
20211222,20210720,09:00,CUSCO,PE-3S,882,DESPISTE,0,1,882.0,2021-07-20,PE-3S,-13.52681605631386,-72.51023098050538,True
20211222,20210720,18:00,CUSCO,PE-3S,951,DESPISTE,0,0,951.0,2021-07-20,PE-3S,-13.481319972648395,-72.10947094914421,True
20211222,20210720,15:30,PUNO,PE-3S,1348,DESPISTE,0,1,1348.0,2021-07-20,PE-3S,-15.740729544573629,-70.05578564678292,True
20211222,20210721,01:40,LORETO,LO-103,10,CHOQUE,0,1,10.0,2021-07-21,LO-103,,,True
20211222,20210721,10:00,JUNIN,PE-3S,50,CHOQUE,0,0,50.0,2021-07-21,PE-3S,-11.795208379188406,-75.66072365788436,True
20211222,20210721,17:40,LIMA,PE-22,50,CHOQUE,0,2,50.0,2021-07-21,PE-22,-11.909969467764844,-76.57877813951714,True
20211222,20210721,12:00,UCAYALI,PE-18C,55,CHOQUE,0,1,55.0,2021-07-21,PE-18C,-8.463514764674358,-74.79120146912649,True
20211222,20210721,21:30,LIMA,PE-22,63,DESPISTE,0,2,63.0,2021-07-21,PE-22,-11.885208289009336,-76.48017994820925,True
20211222,20210721,05:38,LIMA,PE-1N,99,CHOQUE,0,0,99.0,2021-07-21,PE-1N,-11.445819783907062,-77.34808370456645,True
20211222,20210721,04:56,LIMA,PE-1N,198,CHOQUE,0,0,198.0,2021-07-21,PE-1N,-10.798766524265362,-77.70502970740381,True
20211222,20210721,20:00,ICA,PE-1S,212,CHOQUE,0,1,212.0,2021-07-21,PE-1S,-13.594946994637784,-76.14582798668553,True
20211222,20210721,06:00,ICA,PE-1S,238,DESPISTE,0,1,238.0,2021-07-21,PE-1S,-13.815636875862749,-76.14743987085411,True
20211222,20210721,04:00,AYACUCHO,PE-30A,245,DESPISTE,0,1,245.0,2021-07-21,PE-30A,-14.612248132695317,-73.65524633782557,True
20211222,20210721,04:45,ICA,PE-1S,272,DESPISTE,0,1,272.0,2021-07-21,PE-1S,-13.933342134889903,-75.8891170222311,True
20211222,20210721,16:50,MADRE DE DIOS,PE-30C,339,ATROPELLO,1,0,339.0,2021-07-21,PE-30C,-12.887822569099265,-69.88126051007559,True
20211222,20210721,19:40,SAN MARTIN,PE-5N,498,CHOQUE,0,1,498.0,2021-07-21,PE-5N,-9.109769018557158,-76.05014772846036,True
20211222,20210721,11:40,LA LIBERTAD,PE-1N,734,DESPISTE,0,1,734.0,2021-07-21,PE-1N,-7.044212393211083,-79.58239900161708,True
20211222,20210721,19:00,PIURA,PE-1N,892,DESPISTE,0,0,892.0,2021-07-21,PE-1N,-6.083747435277642,-80.50207495911454,True
20211222,20210721,03:00,PIURA,PE-1N,902,CHOQUE,0,2,902.0,2021-07-21,PE-1N,-5.998119036180847,-80.52880855554967,True
20211222,20210722,20:00,CUSCO,PE-28B,0,DESPISTE,0,0,0.0,2021-07-22,PE-28B,-13.07841008999992,-74.22378507799993,True
20211222,20210722,23:50,UCAYALI,PE-18C,12,CHOQUE,0,2,12.0,2021-07-22,PE-18C,-8.742524951854836,-75.01428027190188,True
20211222,20210722,02:25,AMAZONAS,PE-08C,27,DESPISTE,0,0,27.0,2021-07-22,PE-08C,-6.035346469124573,-77.93919089559081,True
20211222,20210722,08:30,AMAZONAS,PE-08C,27,CHOQUE,0,0,27.0,2021-07-22,PE-08C,-6.035346469124573,-77.93919089559081,True
20211222,20210722,06:50,LIMA,PE-1S,61,ESPECIAL,0,1,61.0,2021-07-22,PE-1S,-12.494357250569998,-76.74355432888902,True
20211222,20210722,20:20,AREQUIPA,PE-34A,62,DESPISTE,0,0,62.0,2021-07-22,PE-34A,-16.24611697654889,-71.67468554299344,True
20211222,20210722,08:10,LIMA,PE-22,77,DESPISTE,0,0,77.0,2021-07-22,PE-22,-11.842489238662175,-76.38235990008693,True
20211222,20210722,08:35,LIMA,PE-22,100,CHOQUE,0,0,100.0,2021-07-22,PE-22,-11.737069789934658,-76.27081716074291,True
20211222,20210722,19:00,APURIMAC,PE-30A,298,DESPISTE,0,0,298.0,2021-07-22,PE-30A,-14.516774647041704,-73.27449505903488,True
20211222,20210722,21:40,MADRE DE DIOS,PE-30C,325,ATROPELLO,0,1,325.0,2021-07-22,PE-30C,-12.890182446651396,-69.99081926954916,True
20211222,20210722,09:30,APURIMAC,PE-30A,343,ESPECIAL,2,0,343.0,2021-07-22,PE-30A,-14.293045625254754,-73.25039749890564,True
20211222,20210722,04:30,HUANUCO,PE-5N,483,CHOQUE,1,0,483.0,2021-07-22,PE-5N,-9.189602453154416,-75.95893758903397,True
20211222,20210722,22:00,LAMBAYEQUE,PE-1N,839,CHOQUE,0,5,839.0,2021-07-22,PE-1N,-6.411184307261112,-80.1748249186799,True
20211222,20210722,23:20,AREQUIPA,PE-1S,852,DESPISTE,1,24,852.0,2021-07-22,PE-1S,-16.594036466593664,-72.63173033645545,True
20211222,20210723,19:10,LIMA,PE-1NE,4,DESPISTE,0,2,4.0,2021-07-23,PE-1NE,-11.062259814705348,-77.55180801701509,True
20211222,20210723,21:00,LIMA,PE-1NE,4,CHOQUE,0,0,4.0,2021-07-23,PE-1NE,-11.062259814705348,-77.55180801701509,True
20211222,20210723,10:30,AREQUIPA,PE-34A,11,CHOQUE,0,0,11.0,2021-07-23,PE-34A,-16.48268799292572,-71.71436200117896,True
20211222,20210723,06:30,LIMA,PE-1S,13,CHOQUE,0,3,13.0,2021-07-23,PE-1S,-12.170535920451721,-76.97935477145053,True
20211222,20210723,19:35,PUNO,PE-3SG,24,CHOQUE,1,0,24.0,2021-07-23,PE-3SG,-14.213386764099115,-72.17303773833811,True
20211222,20210723,15:45,AREQUIPA,PE-34E,27,DESPISTE,0,1,27.0,2021-07-23,PE-34E,-15.861942402984132,-71.37124915403439,True
20211222,20210723,13:17,AREQUIPA,PE-34J,40,CHOQUE,0,0,40.0,2021-07-23,PE-34J,-15.441549546268982,-71.07228069682458,True
20211222,20210723,20:09,LIMA,PE-1N,44,CHOQUE,0,0,44.0,2021-07-23,PE-1N,-11.777083903231906,-77.15962972973583,True
20211222,20210723,13:10,JUNIN,PE-3SB,80,CHOQUE,0,0,80.0,2021-07-23,PE-3SB,,,True
20211222,20210723,06:30,PASCO,PE-3N,154,DESPISTE,0,0,154.0,2021-07-23,PE-3N,-10.53838323539461,-76.18748088487155,True
20211222,20210723,21:30,ANCASH,PE-3N,169,DESPISTE,0,0,169.0,2021-07-23,PE-3N,-10.424765692179337,-76.19523973275544,True
20211222,20210723,23:10,MADRE DE DIOS,PE-30C,421,CHOQUE,0,4,421.0,2021-07-23,PE-30C,-12.597744953905346,-69.23565024694574,True
20211222,20210723,14:45,ICA,PE-1S,442,DESPISTE,0,0,442.0,2021-07-23,PE-1S,-14.824249095010238,-74.95801597573751,True
20211222,20210723,12:57,APURIMAC,PE-3S,767,CHOQUE,0,3,767.0,2021-07-23,PE-3S,-13.662287999291149,-72.93069027726898,True
20211222,20210723,21:00,AREQUIPA,PE-1S,968,CHOQUE,1,0,968.0,2021-07-23,PE-1S,-16.534402706539133,-71.80101335893073,True
20211222,20210723,16:00,PIURA,PE-1N,1020,DESPISTE,0,2,1020.0,2021-07-23,PE-1N,-4.999541798766838,-80.69958085188907,True
20211222,20210723,11:49,PIURA,PE-1N,1025,DESPISTE,0,1,1025.0,2021-07-23,PE-1N,-4.954427608433423,-80.69728835742464,True
20211222,20210723,05:45,CUSCO,PE-3S,1099,DESPISTE,0,1,1099.0,2021-07-23,PE-3S,-14.194766994490232,-71.3287082402113,True
20211222,20210724,09:15,AREQUIPA,AR-510,2,DESPISTE,0,0,2.0,2021-07-24,AR-510,,,True
20211222,20210724,17:32,CAJAMARCA,PE-08B,10,CHOQUE,0,1,10.0,2021-07-24,PE-08B,-7.152879554682973,-78.44083999568728,True
20211222,20210724,06:34,CAJAMARCA,PE-08B,11,CHOQUE,0,1,11.0,2021-07-24,PE-08B,-7.1566861570238505,-78.43616099042796,True
20211222,20210724,13:30,LIMA,PE-20A,33,CHOQUE,1,1,33.0,2021-07-24,PE-20A,-11.725811160827355,-76.96341766980659,True
20211222,20210724,13:40,JUNIN,PE-3N,57,CHOQUE,1,0,57.0,2021-07-24,PE-3N,-11.124831846456757,-75.99283434539717,True
20211222,20210724,21:10,CAJAMARCA,PE-08A,63,CHOQUE,0,0,63.0,2021-07-24,PE-08A,-7.062827510517289,-78.60635965204187,True
20211222,20210724,09:10,LIMA,PE-1S,79,DESPISTE,0,2,79.0,2021-07-24,PE-1S,-12.622155134287613,-76.67070490348846,True
20211222,20210724,17:15,LIMA,PE-1N,92,DESPISTE,0,0,92.0,2021-07-24,PE-1N,-11.484606749528458,-77.30619866485189,True
20211222,20210724,N.I.,LIMA,PE-1N,92,DESPISTE,0,0,92.0,2021-07-24,PE-1N,-11.484606749528458,-77.30619866485189,True
20211222,20210724,06:40,JUNIN,PE-5S,93,DESPISTE,0,0,93.0,2021-07-24,PE-5S,-11.122404892746225,-74.68130040884584,True
20211222,20210724,02:15,LIMA,PE-1N,116,DESPISTE,0,0,116.0,2021-07-24,PE-1N,-11.3627857037942,-77.44736558051379,True
20211222,20210724,10:00,JUNIN,PE-3S,133,DESPISTE,0,1,133.0,2021-07-24,PE-3S,-12.13816406247263,-75.22351011291738,True
20211222,20210724,12:30,HUANCAVELICA,PE-3S,161,CHOQUE,0,1,161.0,2021-07-24,PE-3S,-12.322921416153093,-75.07682293899254,True
20211222,20210724,08:00,PUNO,PE-34A,205,DESPISTE,0,0,205.0,2021-07-24,PE-34A,-15.710261864557383,-70.81635288482103,True
20211222,20210724,23:30,MADRE DE DIOS,PE-30C,407,CHOQUE,0,1,407.0,2021-07-24,PE-30C,-12.663805784003516,-69.3317975968447,True
20211222,20210724,16:30,ANCASH,PE-3N,572,DESPISTE,0,0,572.0,2021-07-24,PE-3N,-9.589113395740151,-77.51998288236186,True
20211222,20210724,22:45,AREQUIPA,PE-1S,583,DESPISTE,0,1,583.0,2021-07-24,PE-1S,-15.75690633736109,-74.4392619207266,True
20211222,20210724,13:15,AREQUIPA,PE-1S,603,DESPISTE,0,0,603.0,2021-07-24,PE-1S,-15.814402711349496,-74.31709692140151,True
20211222,20210724,04:55,AREQUIPA,PE-1S,609,CHOQUE,0,0,609.0,2021-07-24,PE-1S,-15.835614719905324,-74.28651583210313,True
20211222,20210724,11:00,SAN MARTIN,PE-5N,648,DESPISTE,0,2,648.0,2021-07-24,PE-5N,-8.198078432004689,-76.59608063128248,True
20211222,20210724,16:40,AREQUIPA,PE-1S,760,ESPECIAL,0,0,760.0,2021-07-24,PE-1S,-16.411359303624945,-73.19074291867989,True
20211222,20210724,07:55,AREQUIPA,PE-1S,917,CHOQUE,0,1,917.0,2021-07-24,PE-1S,-16.342915739884724,-72.12853982805049,True
20211222,20210725,20:00,PIURA,PE-1N,3,CHOQUE,0,1,3.0,2021-07-25,PE-1N,-12.036785672029502,-76.98870889454524,True
20211222,20210725,21:30,LORETO,LO-103,6,CHOQUE,0,2,6.0,2021-07-25,LO-103,,,True
20211222,20210725,07:00,CAJAMARCA,PE-08A,61,CHOQUE,0,4,61.0,2021-07-25,PE-08A,-7.062118284952413,-78.62687147935063,True
20211222,20210725,N.I.,LIMA,PE-1N,75,CHOQUE,0,0,75.0,2021-07-25,PE-1N,-11.613182867318377,-77.23179150617773,True
20211222,20210725,11:10,LIMA,PE-1N,133,DESPISTE,0,1,133.0,2021-07-25,PE-1N,-11.237751188246103,-77.53782853981726,True
20211222,20210725,21:10,PIURA,PE-1NJ,229,CHOQUE,0,4,229.0,2021-07-25,PE-1NJ,-5.141067764506531,-80.29254464550688,True
20211222,20210725,15:30,ANCASH,PE-1N,237,DESPISTE,0,1,237.0,2021-07-25,PE-1N,-10.445919152267779,-77.9280881394662,True
20211222,20210725,20:50,ICA,PE-1S,289,DESPISTE,0,9,289.0,2021-07-25,PE-1S,-14.001581543346424,-75.76794913140023,True
20211222,20210725,22:00,ANCASH,PE-1N,396,DESPISTE,0,0,396.0,2021-07-25,PE-1N,-9.32701651766862,-78.4050039793727,True
20211222,20210725,19:00,ICA,PE-1S,453,CHOQUE,0,1,453.0,2021-07-25,PE-1S,-14.88620938725433,-74.99462485196088,True
20211222,20210725,19:30,SAN MARTIN,PE-5N,470,CHOQUE,0,2,470.0,2021-07-25,PE-5N,-9.197817930130457,-75.86472021979435,True
20211222,20210725,19:45,APURIMAC,PE-3S,765,DESPISTE,0,6,765.0,2021-07-25,PE-3S,-13.674722401943475,-72.92416373451053,True
20211222,20210725,21:15,CUSCO,PE-3S,936,DESPISTE,0,2,936.0,2021-07-25,PE-3S,-13.493788881453003,-72.22668967324132,True
20211222,20210725,05:00,PUNO,PE-3S,1420,CHOQUE,0,2,1420.0,2021-07-25,PE-3S,-16.097904570585854,-69.61644719533766,True
20211222,20210726,06:15,ANCASH,PE-14,4,CHOQUE,0,1,4.0,2021-07-26,PE-14,-9.469967879097526,-78.24106731189974,True
20211222,20210726,20:00,JUNIN,PE-3S,5,DESPISTE,0,0,5.0,2021-07-26,PE-3S,-11.543649050368941,-75.88276250284709,True
20211222,20210726,14:20,LIMA,PE-1NA,9,DESPISTE,0,0,9.0,2021-07-26,PE-1NA,-11.712323508677299,-77.18229341261495,True
20211222,20210726,16:10,LIMA,PE-1S,24,CHOQUE,0,1,24.0,2021-07-26,PE-1S,-12.246584742503304,-76.93618987426358,True
20211222,20210726,05:00,LIMA,PE-1S,34,ATROPELLO,0,0,34.0,2021-07-26,PE-1S,-12.295573558164342,-76.85896771526333,True
20211222,20210726,07:10,LIMA,PE-1S,46,DESPISTE,0,0,46.0,2021-07-26,PE-1S,-12.372193009712289,-76.78383275323904,True
20211222,20210726,17:30,LAMBAYEQUE,PE-1NJ,47,CHOQUE,0,1,47.0,2021-07-26,PE-1NJ,-6.301773030129805,-79.7565638638229,True
20211222,20210726,05:30,LIMA,PE-1S,50,DESPISTE,0,0,50.0,2021-07-26,PE-1S,-12.397418732435678,-76.75772911113009,True
20211222,20210726,06:00,PIURA,PE-3N,66,DESPISTE,1,0,66.0,2021-07-26,PE-3N,-11.047430015875854,-75.99664875129398,True
20211222,20210726,03:00,JUNIN,PE-22B,77,ATROPELLO,1,0,77.0,2021-07-26,PE-22B,-11.212043015164289,-75.4921418314279,True
20211222,20210726,11:30,LIMA,PE-22,96,DESPISTE,0,0,96.0,2021-07-26,PE-22,-11.756422594262663,-76.2974607318637,True
20211222,20210726,14:10,LIMA,PE-22,106,DESPISTE,0,0,106.0,2021-07-26,PE-22,-11.712000808493459,-76.27030779792135,True
20211222,20210726,07:30,JUNIN,PE-3S,110,CHOQUE,0,1,110.0,2021-07-26,PE-3S,-11.957371503745884,-75.27635121971257,True
20211222,20210726,14:30,AYACUCHO,PE-30A,145,DESPISTE,0,0,145.0,2021-07-26,PE-30A,-14.672442155710998,-74.17067242908415,True
20211222,20210726,03:30,ICA,PE-1SE,194,CHOQUE,0,0,194.0,2021-07-26,PE-1SE,,,True
20211222,20210726,18:00,MADRE DE DIOS,PE-30C,402,ATROPELLO,0,1,402.0,2021-07-26,PE-30C,-12.679570701745574,-69.37587731350206,True
20211222,20210726,05:30,LA LIBERTAD,PE-1N,722,DESPISTE,0,2,722.0,2021-07-26,PE-1N,-7.112605945633963,-79.49583534412771,True
20211222,20210726,11:10,AREQUIPA,PE-1S,766,DESPISTE,0,3,766.0,2021-07-26,PE-1S,-16.42485516446909,-73.149158706139,True
20211222,20210726,16:30,CUSCO,PE-3S,932,CHOQUE,0,0,932.0,2021-07-26,PE-3S,-13.48250335463636,-72.261655944761,True
20211222,20210726,00:20,CUSCO,PE-3S,1000,CHOQUE,0,1,1000.0,2021-07-26,PE-3S,-13.608968417240984,-71.74420433912258,True
20211222,20210727,22:30,CAJAMARCA,PE-5N,6,CHOQUE,0,4,6.0,2021-07-27,PE-5N,-10.922006504425562,-75.28650808115127,True
20211222,20210727,08:45,LIMA,LM-117,30,CHOQUE,0,1,30.0,2021-07-27,LM-117,,,True
20211222,20210727,21:00,PIURA,PE-02,36,DESPISTE,0,0,36.0,2021-07-27,PE-02,-5.114195037756864,-80.99537563313383,True
20211222,20210727,07:50,LIMA,PE-1N,50,DESPISTE,0,0,50.0,2021-07-27,PE-1N,-11.73287967606728,-77.13079211410206,True
20211222,20210727,05:00,JUNIN,PE-3S,51,CHOQUE,2,4,51.0,2021-07-27,PE-3S,-11.800439836710925,-75.65349223531926,True
20211222,20210727,14:10,LIMA,PE-1S,78,DESPISTE,0,0,78.0,2021-07-27,PE-1S,-12.613650317878966,-76.66764922509587,True
20211222,20210727,17:40,LIMA,PE-22,96,DESPISTE,0,0,96.0,2021-07-27,PE-22,-11.756422594262663,-76.2974607318637,True
20211222,20210727,22:28,LIMA,PE-1N,103,DESPISTE,0,2,103.0,2021-07-27,PE-1N,-11.418707756071143,-77.37091265285507,True
20211222,20210727,15:30,LIMA,PE-22,108,DESPISTE,0,0,108.0,2021-07-27,PE-22,-11.698012647915725,-76.26622779065438,True
20211222,20210727,05:20,ANCASH,PE-3N,132,DESPISTE,0,4,132.0,2021-07-27,PE-3N,-10.6978087995846,-76.18942182414017,True
20211222,20210727,11:30,JUNIN,PE-22,153,DESPISTE,0,1,153.0,2021-07-27,PE-22,-11.606093800812488,-76.0417759829046,True
20211222,20210727,05:50,JUNIN,PE-22,154,CHOQUE,1,2,154.0,2021-07-27,PE-22,-11.609307054351873,-76.03421073631003,True
20211222,20210727,20:00,PUNO,PE-34A,208,DESPISTE,0,2,208.0,2021-07-27,PE-34A,-15.695074093525186,-70.82061890544735,True
20211222,20210727,09:52,PUNO,PE-34A,221,DESPISTE,0,0,221.0,2021-07-27,PE-34A,-15.645008162180789,-70.73017500740323,True
20211222,20210727,07:30,PUNO,PE-34A,287,CHOQUE,0,1,287.0,2021-07-27,PE-34A,-15.556408042518573,-70.23253525952606,True
20211222,20210727,07:35,ANCASH,PE-1N,347,DESPISTE,0,8,347.0,2021-07-27,PE-1N,-9.684525755371427,-78.27878259323218,True
20211222,20210727,03:55,ANCASH,PE-1N,357,ATROPELLO,1,0,357.0,2021-07-27,PE-1N,-9.599326990752271,-78.2579456822353,True
20211222,20210727,20:30,MOQUEGUA,PE-1S,1147,CHOQUE,0,0,1147.0,2021-07-27,PE-1S,-17.287254980296343,-70.98509298499943,True
20211222,20210727,20:30,PUNO,PE-3S,1220,CHOQUE,0,1,1220.0,2021-07-27,PE-3S,-14.86943442547243,-70.61316657906106,True
20211222,20210727,18:00,TACNA,PE-1S,1253,CHOQUE,0,6,1253.0,2021-07-27,PE-1S,-17.834227294713557,-70.53528219795655,True
20211222,20210727,18:25,TACNA,PE-1S,1267,CHOQUE,0,0,1267.0,2021-07-27,PE-1S,-17.893222886232113,-70.41896419577628,True
20211222,20210727,17:14,TACNA,PE-1S,1311,CHOQUE,0,0,1311.0,2021-07-27,PE-1S,-18.16304398041413,-70.33591159677137,True
20211222,20210727,00:15,TACNA,PE-1S,1327,DESPISTE,0,0,1327.0,2021-07-27,PE-1S,-18.305517647190474,-70.31470873007217,True
20211222,20210728,22:30,LORETO,LO-103,4,CHOQUE,0,2,4.0,2021-07-28,LO-103,,,True
20211222,20210728,17:30,CAJAMARCA,PE-5N,7,CHOQUE,0,1,7.0,2021-07-28,PE-5N,-10.91481897962098,-75.28636583995102,True
20211222,20210728,12:30,ANCASH,PE-3N,12,DESPISTE,0,0,12.0,2021-07-28,PE-3N,-11.450098215863449,-75.94880097496149,True
20211222,20210728,21:20,JUNIN,PE-3N,15,CHOQUE,0,7,15.0,2021-07-28,PE-3N,-11.430433706385607,-75.93105274231849,True
20211222,20210728,12:20,JUNIN,PE-3N,16,DESPISTE,1,0,16.0,2021-07-28,PE-3N,-11.427203880905033,-75.92367167749157,True
20211222,20210728,11:30,CAJAMARCA,PE-3N,43,DESPISTE,0,3,43.0,2021-07-28,PE-3N,-11.234375670203802,-75.93904290138659,True
20211222,20210728,06:10,JUNIN,PE-3N,44,DESPISTE,0,0,44.0,2021-07-28,PE-3N,-11.225518272102754,-75.94130998655879,True
20211222,20210728,14:00,AREQUIPA,PE-34A,80,VOLCADURA,0,23,80.0,2021-07-28,PE-34A,-16.12493861399267,-71.63508075129491,True
20211222,20210728,05:50,LIMA,PE-22,102,CHOQUE,0,0,102.0,2021-07-28,PE-22,-11.734384890987917,-76.2611372332661,True
20211222,20210728,16:40,CUSCO,PE-28B,117,CHOQUE,0,2,117.0,2021-07-28,PE-28B,-12.754566088647447,-73.99044642742837,True
20211222,20210728,11:30,AREQUIPA,PE-34A,121,DESPISTE,0,0,121.0,2021-07-28,PE-34A,-16.055807676781747,-71.35049213960322,True
20211222,20210728,16:50,LIMA,PE-22,128,DESPISTE,0,1,128.0,2021-07-28,PE-22,-11.610939453003805,-76.20389438244929,True
20211222,20210728,07:40,ANCASH,PE-3N,137,DESPISTE,0,0,137.0,2021-07-28,PE-3N,-10.661611148591415,-76.17476146280698,True
20211222,20210728,11:40,ANCASH,PE-3N,148,DESPISTE,0,2,148.0,2021-07-28,PE-3N,-10.588594978905661,-76.18501305095728,True
20211222,20210728,07:30,AREQUIPA,PE-34A,156,CHOQUE,0,0,156.0,2021-07-28,PE-34A,-15.886122430567605,-71.16306524803484,True
20211222,20210728,10:45,CUSCO,PE-28B,166,CHOQUE,0,0,166.0,2021-07-28,PE-28B,-12.604999504243452,-73.82440304331747,True
20211222,20210728,13:30,CUSCO,PE-28B,227,CHOQUE,0,1,227.0,2021-07-28,PE-28B,-12.788917528649748,-73.5717702701075,True
20211222,20210728,08:42,ANCASH,PE-1N,342,CHOQUE,0,4,342.0,2021-07-28,PE-1N,-9.72577111744347,-78.26773926152077,True
20211222,20210728,12:30,ANCASH,PE-1N,403,VOLCADURA,0,2,403.0,2021-07-28,PE-1N,-9.269798884101284,-78.42180622931913,True
20211222,20210728,17:02,HUANUCO,PE-5N,483,CHOQUE,0,5,483.0,2021-07-28,PE-5N,-9.189602453154416,-75.95893758903397,True
20211222,20210728,12:30,MADRE DE DIOS,PE-30C,487,DESPISTE,0,1,487.0,2021-07-28,PE-30C,-12.118235462484973,-69.11790052666757,True
20211222,20210728,05:40,ANCASH,PE-3N,565,DESPISTE,0,2,565.0,2021-07-28,PE-3N,-9.640892133502582,-77.4900160489631,True
20211222,20210728,06:30,APURIMAC,PE-3S,818,DESPISTE,0,3,818.0,2021-07-28,PE-3S,-13.556570845022476,-72.8183483702942,True
20211222,20210728,10:45,AREQUIPA,PE-1S,921,DESPISTE,0,1,921.0,2021-07-28,PE-1S,-16.37417225482444,-72.13698346420553,True
20211222,20210728,10:00,MOQUEGUA,PE-1S,1155,CHOQUE,0,1,1155.0,2021-07-28,PE-1S,-17.354217477397132,-70.9941725579586,True
20211222,20210728,11:40,LIMA,PE-16,N.I.,DESPISTE,0,2,,2021-07-28,PE-16,-10.32508897899993,-77.62707565999995,True
20211222,20210729,N.I.,AREQUIPA,AR-105,29,DESPISTE,0,0,29.0,2021-07-29,AR-105,,,True
20211222,20210729,08:15,JUNIN,PE-3S,64,DESPISTE,0,0,64.0,2021-07-29,PE-3S,-11.784354545355463,-75.56332605162096,True
20211222,20210729,03:15,LIMA,PE-1N,64,CHOQUE,0,0,64.0,2021-07-29,PE-1N,-11.654955855429053,-77.19964217875955,True
20211222,20210729,17:30,AYACUCHO,PE-30A,77,DESPISTE,0,0,77.0,2021-07-29,PE-30A,-14.68903183040496,-74.50775005818713,True
20211222,20210729,19:00,LIMA,PE-1N,78,CHOQUE,2,2,78.0,2021-07-29,PE-1N,-11.59677375920734,-77.25349743581087,True
20211222,20210729,21:40,LIMA,PE-1S,87,CHOQUE,0,2,87.0,2021-07-29,PE-1S,-12.84587234072574,-76.51759511408535,True
20211222,20210729,23:15,AREQUIPA,PE-1SD,89,ESPECIAL,0,0,89.0,2021-07-29,PE-1SD,-16.960072136847014,-72.1059882494843,True
20211222,20210729,06:40,APURIMAC,PE-30A,385,CHOQUE,0,3,385.0,2021-07-29,PE-30A,-14.028723076124098,-73.21641941636621,True
20211222,20210729,09:30,MADRE DE DIOS,PE-30C,422,CHOQUE,0,0,422.0,2021-07-29,PE-30C,-12.593592310146914,-69.22753943868666,True
20211222,20210729,06:05,SAN MARTIN,PE-5N,496,CHOQUE,0,1,496.0,2021-07-29,PE-5N,-9.124546817509671,-76.04146011186985,True
20211222,20210729,20:20,APURIMAC,PE-3S,769,CHOQUE,0,0,769.0,2021-07-29,PE-3S,-13.657056724859611,-72.92471206331227,True
20211222,20210729,09:40,APURIMAC,PE-3S,839,CHOQUE,0,4,839.0,2021-07-29,PE-3S,-13.554667094652295,-72.76060174592348,True
20211222,20210729,06:30,PIURA,PE-1N,1006,CHOQUE,1,0,1006.0,2021-07-29,PE-1N,-5.168550366451663,-80.69040843638616,True
20211222,20210730,07:00,AREQUIPA,PE-1SD,10,CHOQUE,0,1,10.0,2021-07-30,PE-1SD,-16.66984859390755,-72.55862485132269,True
20211222,20210730,19:05,MOQUEGUA,PE-1SD,27,CHOQUE,0,0,27.0,2021-07-30,PE-1SD,-16.705456525832112,-72.44351199164423,True
20211222,20210730,17:00,LAMBAYEQUE,PE-1NJ,43,ATROPELLO,1,0,43.0,2021-07-30,PE-1NJ,-6.336678161011435,-79.76559509990207,True
20211222,20210730,09:00,LAMBAYEQUE,PE-1NJ,46,CHOQUE,0,2,46.0,2021-07-30,PE-1NJ,-6.310492987773147,-79.75884585806347,True
20211222,20210730,04:30,CAJAMARCA,PE-06A,84,DESPISTE,0,0,84.0,2021-07-30,PE-06A,-6.603608522534779,-79.25527502378708,True
20211222,20210730,18:45,CAJAMARCA,PE-3N,88,DESPISTE,0,0,88.0,2021-07-30,PE-3N,-10.888337657328519,-76.08712159000903,True
20211222,20210730,06:45,PIURA,PE-1N,89,DESPISTE,0,0,89.0,2021-07-30,PE-1N,-11.510274217605199,-77.29781520138859,True
20211222,20210730,13:30,AMAZONAS,PE-5N,367,DESPISTE,0,1,367.0,2021-07-30,PE-5N,-8.876762886171486,-75.30827420040698,True
20211222,20210730,03:20,LA LIBERTAD,PE-1N,557,CHOQUE,0,1,557.0,2021-07-30,PE-1N,-8.155220743799148,-79.0122276121623,True
20211222,20210731,15:02,JUNIN,PE-3N,1,DESPISTE,0,1,1.0,2021-07-31,PE-3N,-11.517927126735032,-75.91694947616219,True
20211222,20210731,22:40,AREQUIPA,AR-105,47,DESPISTE,0,0,47.0,2021-07-31,AR-105,,,True
20211222,20210731,16:00,LAMBAYEQUE,PE-1NJ,55,CHOQUE,0,0,55.0,2021-07-31,PE-1NJ,-6.240105079513631,-79.71931768694598,True
20211222,20210731,14:30,JUNIN,PE-3S,64,CHOQUE,0,3,64.0,2021-07-31,PE-3S,-11.784354545355463,-75.56332605162096,True
20211222,20210731,06:00,HUANUCO,PE-18A,125,CHOQUE,0,1,125.0,2021-07-31,PE-18A,-9.285845475593797,-75.99241702996288,True
20211222,20210731,17:57,LIMA,PE-1N,140,DESPISTE,0,3,140.0,2021-07-31,PE-1N,-11.186276381851288,-77.57502952434693,True
20211222,20210731,04:20,AREQUIPA,PE-34A,171,DESPISTE,0,0,171.0,2021-07-31,PE-34A,-15.80358899973552,-71.05475011736705,True
20211222,20210731,01:40,ANCASH,PE-1N,292,CHOQUE,0,5,292.0,2021-07-31,PE-1N,-10.079413907454422,-78.1506975550275,True
20211222,20210731,20:10,MADRE DE DIOS,PE-30C,324,CHOQUE,0,0,324.0,2021-07-31,PE-30C,-12.89176091055515,-69.99921662303102,True
20211222,20210731,16:40,ICA,PE-1S,358,CHOQUE,0,0,358.0,2021-07-31,PE-1S,-14.455944177171416,-75.43800056562088,True
20211222,20210731,13:20,LA LIBERTAD,PE-1N,680,CHOQUE,1,0,680.0,2021-07-31,PE-1N,-7.385863703075342,-79.54715294433028,True
20211222,20210731,01:20,LAMBAYEQUE,PE-1N,812,ATROPELLO,0,1,812.0,2021-07-31,PE-1N,-6.570621610626422,-79.99241551797556,True
20211222,20210801,16:35,PIURA,PE-1N,3,ATROPELLO,1,0,3.0,2021-08-01,PE-1N,-12.036785672029502,-76.98870889454524,True
20211222,20210801,17:56,AREQUIPA,AR-109,6,CHOQUE,0,2,6.0,2021-08-01,AR-109,,,True
20211222,20210801,07:30,CAJAMARCA,PE-3N,9,DESPISTE,0,0,9.0,2021-08-01,PE-3N,-11.473131693586941,-75.95978591454887,True
20211222,20210801,17:00,CAJAMARCA,PE-5N,13,DESPISTE,0,1,13.0,2021-08-01,PE-5N,-10.874385295397568,-75.27717635421996,True
20211222,20210801,06:45,LIMA,PE-1S,28,DESPISTE,0,0,28.0,2021-08-01,PE-1S,-12.266400334700116,-76.90546819335519,True
20211222,20210801,03:00,LORETO,LO-103,37,ATROPELLO,0,2,37.0,2021-08-01,LO-103,,,True
20211222,20210801,14:23,AREQUIPA,AR-109,44,DESPISTE,0,0,44.0,2021-08-01,AR-109,,,True
20211222,20210801,13:00,CAJAMARCA,PE-08,56,DESPISTE,1,0,56.0,2021-08-01,PE-08,-7.254206301855996,-79.07855474513758,True
20211222,20210801,11:10,JUNIN,PE-3N,56,DESPISTE,0,0,56.0,2021-08-01,PE-3N,-11.133794755497352,-75.99175209312435,True
20211222,20210801,06:20,UCAYALI,PE-18C,58,DESPISTE,1,0,58.0,2021-08-01,PE-18C,-8.448792958082551,-74.7684471774209,True
20211222,20210801,18:20,CAJAMARCA,PE-08,58,CHOQUE,0,1,58.0,2021-08-01,PE-08,-7.24411744527752,-79.06551678440906,True
20211222,20210801,17:30,LAMBAYEQUE,PE-1NJ,66,CHOQUE,0,1,66.0,2021-08-01,PE-1NJ,-6.1519779946247075,-79.71029298038535,True
20211222,20210801,12:30,JUNIN,PE-3N,71,DESPISTE,0,1,71.0,2021-08-01,PE-3N,-11.008710341049833,-76.01339695019837,True
20211222,20210801,16:10,JUNIN,PE-3N,72,CHOQUE,0,0,72.0,2021-08-01,PE-3N,-11.001235375967159,-76.01846551119964,True
20211222,20210801,23:35,JUNIN,PE-3S,76,DESPISTE,0,1,76.0,2021-08-01,PE-3S,-11.816598209481231,-75.49327317545641,True
20211222,20210801,17:00,LIMA,PE-22,80,CHOQUE,0,1,80.0,2021-08-01,PE-22,-11.8234288326603,-76.36366885539607,True
20211222,20210801,22:41,JUNIN,PE-5S,83,DESPISTE,0,0,83.0,2021-08-01,PE-5S,-11.055142940775198,-74.73668797027773,True
20211222,20210801,12:35,LIMA,PE-1S,98,CHOQUE,0,2,98.0,2021-08-01,PE-1S,-12.940814856339193,-76.4963256343087,True
20211222,20210801,15:20,LIMA,PE-22,106,DESPISTE,0,0,106.0,2021-08-01,PE-22,-11.712000808493459,-76.27030779792135,True
20211222,20210801,15:50,JUNIN,PE-3SB,115,CHOQUE,0,3,115.0,2021-08-01,PE-3SB,,,True
20211222,20210801,06:45,CAJAMARCA,PE-08B,126,DESPISTE,0,6,126.0,2021-08-01,PE-08B,-6.8945044167030645,-78.08803455006132,True
20211222,20210801,06:00,LIMA,PE-22,130,CHOQUE,0,1,130.0,2021-08-01,PE-22,-11.606218334641854,-76.19768237746943,True
20211222,20210801,17:00,PASCO,PE-3N,138,CHOQUE,0,0,138.0,2021-08-01,PE-3N,-10.653887841777696,-76.17181416768078,True
20211222,20210801,05:45,ANCASH,PE-3N,152,CHOQUE,0,1,152.0,2021-08-01,PE-3N,-10.555424059627402,-76.19215011599994,True
20211222,20210801,18:30,HUANCAVELICA,PE-3S,162,CHOQUE,0,1,162.0,2021-08-01,PE-3S,-12.326837152254068,-75.07310018760478,True
20211222,20210801,11:00,CUSCO,PE-28B,177,CHOQUE,0,0,177.0,2021-08-01,PE-28B,-12.606690790687368,-73.76834241109535,True
20211222,20210801,20:00,ICA,PE-1S,245,CHOQUE,0,1,245.0,2021-08-01,PE-1S,-13.874892257635718,-76.1250427690796,True
20211222,20210801,17:30,MADRE DE DIOS,PE-30C,276,CHOQUE,0,0,276.0,2021-08-01,PE-30C,-12.972961999659082,-70.33919565003455,True
20211222,20210801,00:30,MADRE DE DIOS,PE-30C,324,ATROPELLO,0,1,324.0,2021-08-01,PE-30C,-12.89176091055515,-69.99921662303102,True
20211222,20210801,17:30,UCAYALI,PE-5N,355,CHOQUE,0,0,355.0,2021-08-01,PE-5N,-8.8269516231366,-75.23150206667539,True
20211222,20210801,10:10,ANCASH,PE-1N,409,DESPISTE,0,0,409.0,2021-08-01,PE-1N,-9.225657650638833,-78.44929939224029,True
20211222,20210801,22:20,SAN MARTIN,PE-5N,492,CHOQUE,0,2,492.0,2021-08-01,PE-5N,-9.145226597454341,-76.01476197318736,True
20211222,20210801,22:42,SAN MARTIN,PE-5N,630,CHOQUE,0,1,630.0,2021-08-01,PE-5N,-8.228543112324099,-76.45972229626187,True
20211222,20210801,01:20,LAMBAYEQUE,PE-1N,812,ATROPELLO,1,0,812.0,2021-08-01,PE-1N,-6.570621610626422,-79.99241551797556,True
20211222,20210801,12:30,PIURA,PE-1N,906,DESPISTE,0,0,906.0,2021-08-01,PE-1N,-5.962162137880149,-80.53085444780606,True
20211222,20210801,19:50,AREQUIPA,PE-1S,973,CHOQUE,0,2,973.0,2021-08-01,PE-1S,-16.569680778086596,-71.83041879254921,True
20211222,20210802,13:05,AREQUIPA,PE-34,8,DESPISTE,0,0,8.0,2021-08-02,PE-34,-16.6839651582093,-71.91433737218445,True
20211222,20210802,07:30,LIMA,PE-22,14,CHOQUE,0,0,14.0,2021-08-02,PE-22,-12.010633296175225,-76.87296071141773,True
20211222,20210802,17:50,LIMA,PE-1S,50,DESPISTE,1,1,50.0,2021-08-02,PE-1S,-12.397418732435678,-76.75772911113009,True
20211222,20210802,01:35,CAJAMARCA,PE-08,56,DESPISTE,0,4,56.0,2021-08-02,PE-08,-7.254206301855996,-79.07855474513758,True
20211222,20210802,18:40,HUANUCO,PE-5N,62,CHOQUE,0,0,62.0,2021-08-02,PE-5N,-10.710639472515101,-75.16585340958866,True
20211222,20210802,10:30,LIMA,PE-1N,74,CHOQUE,0,0,74.0,2021-08-02,PE-1N,-11.61032449534697,-77.223165537099,True
20211222,20210802,05:30,LIMA,PE-1N,80,CHOQUE,1,0,80.0,2021-08-02,PE-1N,-11.580768556486749,-77.26134269665921,True
20211222,20210802,16:25,AREQUIPA,PE-34A,84,DESPISTE,0,0,84.0,2021-08-02,PE-34A,-16.105249999999955,-71.6176720544646,True
20211222,20210802,22:25,LIMA,PE-22,106,DESPISTE,0,4,106.0,2021-08-02,PE-22,-11.712000808493459,-76.27030779792135,True
20211222,20210802,00:50,LIMA,PE-1S,109,CHOQUE,0,1,109.0,2021-08-02,PE-1S,-12.813171004970423,-76.54127391864445,True
20211222,20210802,18:20,JUNIN,PE-3SB,112,CHOQUE,0,1,112.0,2021-08-02,PE-3SB,,,True
20211222,20210802,22:35,HUANUCO,PE-18A,117,DESPISTE,0,0,117.0,2021-08-02,PE-18A,-9.346429147684768,-75.98152305216388,True
20211222,20210802,09:30,AREQUIPA,PE-34A,128,CHOQUE,0,0,128.0,2021-08-02,PE-34A,-16.032495279901976,-71.29209906893945,True
20211222,20210802,10:40,PUNO,PE-34B,170,DESPISTE,4,10,170.0,2021-08-02,PE-34B,-14.130406778163987,-70.34916316506768,True
20211222,20210802,11:00,CAJAMARCA,PE-5N,193,CHOQUE,0,2,193.0,2021-08-02,PE-5N,-9.9669850160265,-75.04832780346193,True
20211222,20210802,17:45,LIMA,PE-1N,207,DESPISTE,0,1,207.0,2021-08-02,PE-1N,-10.665219097638216,-77.80299346538109,True
20211222,20210802,07:43,MOQUEGUA,PE-1SD,209,DESPISTE,0,0,209.0,2021-08-02,PE-1SD,-17.39036240006434,-71.38345745953454,True
20211222,20210802,21:45,MADRE DE DIOS,PE-30C,385,CHOQUE,0,5,385.0,2021-08-02,PE-30C,-12.73462833788652,-69.52210774319077,True
20211222,20210802,13:30,AREQUIPA,PE-1S,655,CHOQUE,0,0,655.0,2021-08-02,PE-1S,-16.04180225047656,-73.98329335154176,True
20211222,20210802,20:30,LA LIBERTAD,PE-1N,725,DESPISTE,0,0,725.0,2021-08-02,PE-1N,-7.097240976100551,-79.51818923509677,True
20211222,20210802,07:00,PIURA,PE-1N,1022,CHOQUE,1,3,1022.0,2021-08-02,PE-1N,-4.981475840368641,-80.69866567677482,True
20211222,20210802,07:30,PIURA,PE-1NL,1081,CHOQUE,0,1,1081.0,2021-08-02,PE-1NL,,,True
20211222,20210802,20:30,PIURA,PE-1NL,1121,VOLCADURA,0,0,1121.0,2021-08-02,PE-1NL,,,True
20211222,20210802,19:00,MOQUEGUA,PE-1S,1152,DESPISTE,0,5,1152.0,2021-08-02,PE-1S,-17.33117720842313,-70.98916897139395,True
20211222,20210803,07:30,PIURA,PE-02A,4,DESPISTE,0,1,4.0,2021-08-03,PE-02A,-5.239058191303935,-80.07733792157585,True
20211222,20210803,N.I.,AREQUIPA,AR-105,55,CHOQUE,0,3,55.0,2021-08-03,AR-105,,,True
20211222,20210803,03:25,LIMA,PE-22,87,DESPISTE,0,0,87.0,2021-08-03,PE-22,-11.78573755939325,-76.33445596411033,True
20211222,20210803,05:00,HUANUCO,PE-18A,105,DESPISTE,0,0,105.0,2021-08-03,PE-18A,-9.443994183324195,-75.97401056969134,True
20211222,20210803,19:20,ANCASH,PE-3N,135,CHOQUE,0,0,135.0,2021-08-03,PE-3N,-10.672179466714756,-76.18285345106842,True
20211222,20210803,13:00,UCAYALI,PE-5N,145,DESPISTE,0,0,145.0,2021-08-03,PE-5N,-10.334742176908005,-74.98756245329083,True
20211222,20210803,15:48,JUNIN,PE-22,153,DESPISTE,0,3,153.0,2021-08-03,PE-22,-11.606093800812488,-76.0417759829046,True
20211222,20210803,07:40,LIMA,PE-1N,158,CHOQUE,0,3,158.0,2021-08-03,PE-1N,-11.033520215114203,-77.59178721245048,True
20211222,20210803,17:40,CUSCO,PE-28B,166,CHOQUE,0,4,166.0,2021-08-03,PE-28B,-12.604999504243452,-73.82440304331747,True
20211222,20210803,12:38,PUNO,PE-34A,234,DESPISTE,0,0,234.0,2021-08-03,PE-34A,-15.68875769897162,-70.63716766431881,True
20211222,20210803,13:55,PUNO,PE-34A,242,DESPISTE,0,1,242.0,2021-08-03,PE-34A,-15.687605555764575,-70.57199889035235,True
20211222,20210803,19:15,ICA,PE-1S,280,DESPISTE,0,2,280.0,2021-08-03,PE-1S,-13.93942470872046,-75.81560996224997,True
20211222,20210803,21:00,MADRE DE DIOS,PE-30C,291,CHOQUE,0,1,291.0,2021-08-03,PE-30C,-12.930321263454543,-70.26509835453278,True
20211222,20210803,18:56,ANCASH,PE-1N,375,CHOQUE,0,0,375.0,2021-08-03,PE-1N,-9.475397416819506,-78.30359864439865,True
20211222,20210803,22:00,SAN MARTIN,PE-5N,420,CHOQUE,0,1,420.0,2021-08-03,PE-5N,-9.059933945333203,-75.64474161691199,True
20211222,20210803,10:13,SAN MARTIN,PE-5N,642,DESPISTE,0,2,642.0,2021-08-03,PE-5N,-8.190889681946116,-76.54460564753902,True
20211222,20210803,17:40,CUSCO,PE-3S,889,DESPISTE,0,1,889.0,2021-08-03,PE-3S,-13.499557207718697,-72.47230151206563,True
20211222,20210803,08:30,PIURA,PE-1N,891,DESPISTE,0,3,891.0,2021-08-03,PE-1N,-6.092235359001849,-80.49907306417292,True
20211222,20210803,17:00,TACNA,PE-1S,1280,DESPISTE,0,0,1280.0,2021-08-03,PE-1S,-17.948804002722216,-70.31181177133391,True
20211222,20210804,04:10,AREQUIPA,AR-106,0,VOLCADURA,0,9,0.0,2021-08-04,AR-106,,,True
20211222,20210804,18:30,PUNO,PE-3SG,3,CHOQUE,0,1,3.0,2021-08-04,PE-3SG,-14.114074814191456,-72.2353924674361,True
20211222,20210804,10:00,PUNO,PE-34B,10,CHOQUE,0,1,10.0,2021-08-04,PE-34B,-15.220215206002417,-70.22169759586914,True
20211222,20210804,10:15,LIMA,PE-1N,70,DESPISTE,0,0,70.0,2021-08-04,PE-1N,-11.608566565769253,-77.19744637726484,True
20211222,20210804,07:05,LIMA,PE-1N,77,CHOQUE,0,0,77.0,2021-08-04,PE-1N,-11.602077442374776,-77.24610941541458,True
20211222,20210804,17:00,PIURA,PE-1N,86,CHOQUE,0,2,86.0,2021-08-04,PE-1N,-11.534091599158318,-77.28486077214315,True
20211222,20210804,22:40,LIMA,PE-22,108,DESPISTE,0,0,108.0,2021-08-04,PE-22,-11.698012647915725,-76.26622779065438,True
20211222,20210804,04:52,MOQUEGUA,PE-36A,124,DESPISTE,0,0,124.0,2021-08-04,PE-36A,-16.88389642101476,-70.45388953078617,True
20211222,20210804,19:20,UCAYALI,PE-18C,147,CHOQUE,0,1,147.0,2021-08-04,PE-18C,-8.446996518302392,-74.21869150273102,True
20211222,20210804,08:35,AREQUIPA,PE-34A,153,CHOQUE,0,0,153.0,2021-08-04,PE-34A,-15.901239922504212,-71.18587993357505,True
20211222,20210804,08:35,AREQUIPA,PE-34A,153,CHOQUE,0,0,153.0,2021-08-04,PE-34A,-15.901239922504212,-71.18587993357505,True
20211222,20210804,23:00,HUANCAVELICA,PE-28A,161,DESPISTE,0,2,161.0,2021-08-04,PE-28A,-13.481399365770567,-75.10298933818517,True
20211222,20210804,05:20,AREQUIPA,PE-34A,168,CHOQUE,0,0,168.0,2021-08-04,PE-34A,-15.82262569813397,-71.07461569813395,True
20211222,20210804,20:50,HUANUCO,PE-3N,240,DESPISTE,0,1,240.0,2021-08-04,PE-3N,-9.920188903999929,-76.30874935737133,True
20211222,20210804,17:15,SAN MARTIN,PE-5N,406,ESPECIAL,0,1,406.0,2021-08-04,PE-5N,-9.05204955385206,-75.51924009763617,True
20211222,20210804,06:00,LAMBAYEQUE,PE-1N,861,CHOQUE,1,1,861.0,2021-08-04,PE-1N,-6.27829073253867,-80.31492359598673,True
20211222,20210804,11:45,MOQUEGUA,PE-1S,1153,CHOQUE,0,2,1153.0,2021-08-04,PE-1S,-17.340233867507095,-70.98904094488016,True
20211222,20210805,07:15,MOQUEGUA,PE-36A,40,DESPISTE,0,0,40.0,2021-08-05,PE-36A,-17.061557113854427,-70.86265669049945,True
20211222,20210805,20:00,ANCASH,PE-16,120,CHOQUE,1,0,120.0,2021-08-05,PE-16,-10.143592879704503,-77.30554540586382,True
20211222,20210805,10:58,LIMA,PE-1S,141,DESPISTE,0,1,141.0,2021-08-05,PE-1S,-13.097805878041688,-76.42495767818772,True
20211222,20210805,20:50,PASCO,PE-5N,153,CHOQUE,0,1,153.0,2021-08-05,PE-5N,-10.288071485333116,-74.97966559391084,True
20211222,20210805,11:50,ICA,PE-1S,186,DESPISTE,0,5,186.0,2021-08-05,PE-1S,-13.413397208384122,-76.18864368453282,True
20211222,20210805,09:40,TUMBES,PE-1N,268,CHOQUE,0,1,268.0,2021-08-05,PE-1N,-10.256075993265856,-78.03602870935146,True
20211222,20210805,19:30,AMAZONAS,PE-08B,317,CHOQUE,0,2,317.0,2021-08-05,PE-08B,-6.2295834447784895,-77.90582505037402,True
20211222,20210805,10:30,APURIMAC,PE-30A,395,DESPISTE,0,0,395.0,2021-08-05,PE-30A,-13.97614433954513,-73.15714836755349,True
20211222,20210805,19:10,LA LIBERTAD,PE-1N,575,ATROPELLO,1,0,575.0,2021-08-05,PE-1N,-8.081814786085582,-79.09494806142825,True
20211222,20210805,09:20,LAMBAYEQUE,PE-1N,863,CHOQUE,0,0,863.0,2021-08-05,PE-1N,-6.271215493308301,-80.33156818791235,True
20211222,20210806,14:10,AREQUIPA,PE-34C,2,DESPISTE,0,0,2.0,2021-08-06,PE-34C,-16.405010712551917,-71.56615317768531,True
20211222,20210806,12:40,LIMA,PE-16,24,CHOQUE,1,4,24.0,2021-08-06,PE-16,-10.473254877917713,-77.73904703580459,True
20211222,20210806,20:40,MOQUEGUA,PE-1SD,27,CHOQUE,0,0,27.0,2021-08-06,PE-1SD,-16.705456525832112,-72.44351199164423,True
20211222,20210806,13:45,JUNIN,PE-3N,28,DESPISTE,0,0,28.0,2021-08-06,PE-3N,-11.351979733516078,-75.8865660106322,True
20211222,20210806,04:20,LIMA,PE-22,53,DESPISTE,0,0,53.0,2021-08-06,PE-22,-11.917176882100872,-76.55529467198069,True
20211222,20210806,06:30,JUNIN,PE-3N,80,DESPISTE,1,1,80.0,2021-08-06,PE-3N,-10.946530829609102,-76.04561884136238,True
20211222,20210806,11:40,CUSCO,PE-28B,82,CHOQUE,1,2,82.0,2021-08-06,PE-28B,-12.892327236343911,-74.0003936466349,True
20211222,20210806,11:20,AREQUIPA,PE-34A,136,CHOQUE,0,0,136.0,2021-08-06,PE-34A,-15.996477473793243,-71.25509810275335,True
20211222,20210806,19:00,ICA,PE-1S,198,CHOQUE,0,1,198.0,2021-08-06,PE-1S,-13.473403660241532,-76.13760857107913,True
20211222,20210806,05:50,ANCASH,PE-1N,240,DESPISTE,1,2,240.0,2021-08-06,PE-1N,-10.422093052498472,-77.926735641405,True
20211222,20210806,16:45,APURIMAC,PE-30A,349,CHOQUE,0,8,349.0,2021-08-06,PE-30A,-14.263163547532256,-73.29369440488334,True
20211222,20210806,10:09,HUANUCO,PE-5N,499,CHOQUE,0,0,499.0,2021-08-06,PE-5N,-9.102165493279648,-76.05415701126603,True
20211222,20210806,14:00,CUSCO,PE-3S,1093,ATROPELLO,0,1,1093.0,2021-08-06,PE-3S,-14.174420661261955,-71.37726809098024,True
20211222,20210806,15:30,MOQUEGUA,PE-1S,1114,DESPISTE,0,6,1114.0,2021-08-06,PE-1S,-17.260912167170563,-71.14212791453292,True
20211222,20210806,20:15,PUNO,PE-3S,1368,CHOQUE,0,0,1368.0,2021-08-06,PE-3S,-15.864686684697997,-69.99439364181934,True
20211222,20210807,14:00,AMAZONAS,PE-5NC,3,CHOQUE,1,3,3.0,2021-08-07,PE-5NC,-5.6943358636126495,-78.60324962503638,True
20211222,20210807,21:40,CAJAMARCA,PE-5N,25,DESPISTE,0,1,25.0,2021-08-07,PE-5N,-10.806802179317103,-75.30118794452227,True
20211222,20210807,19:10,LIMA,PE-1S,36,CHOQUE,0,0,36.0,2021-08-07,PE-1S,-12.303207528105474,-76.84237635381942,True
20211222,20210807,09:25,LIMA,PE-1N,59,DESPISTE,0,0,59.0,2021-08-07,PE-1N,-11.692192514020103,-77.18065694885097,True
20211222,20210807,17:10,AREQUIPA,AR-109,62,DESPISTE,0,1,62.0,2021-08-07,AR-109,,,True
20211222,20210807,16:10,LIMA,PE-1S,73,CHOQUE,0,3,73.0,2021-08-07,PE-1S,-12.579240170785853,-76.68065669000386,True
20211222,20210807,10:35,LIMA,PE-1N,86,CHOQUE,0,1,86.0,2021-08-07,PE-1N,-11.534091599158318,-77.28486077214315,True
20211222,20210807,13:25,ICA,PE-1S,192,DESPISTE,0,3,192.0,2021-08-07,PE-1S,-13.420166072049675,-76.13733472259989,True
20211222,20210807,13:15,HUANUCO,PE-3N,199,VOLCADURA,0,1,199.0,2021-08-07,PE-3N,-10.201118324408915,-76.16366264057555,True
20211222,20210807,09:50,AMAZONAS,PE-5N,213,CHOQUE,1,1,213.0,2021-08-07,PE-5N,-9.80563545762666,-75.01097003847946,True
20211222,20210807,04:30,ANCASH,PE-1N,330,DESPISTE,0,1,330.0,2021-08-07,PE-1N,-9.797952455760646,-78.20160553502215,True
20211222,20210807,06:50,ANCASH,PE-1N,344,DESPISTE,0,2,344.0,2021-08-07,PE-1N,-9.709208055507482,-78.27510081942467,True
20211222,20210807,11:30,SAN MARTIN,PE-5N,401,DESPISTE,0,3,401.0,2021-08-07,PE-5N,-9.033258832126883,-75.48565526859218,True
20211222,20210807,21:10,MADRE DE DIOS,PE-30C,416,CHOQUE,0,1,416.0,2021-08-07,PE-30C,-12.632049244717733,-69.25994061304989,True
20211222,20210807,07:30,APURIMAC,PE-30A,423,CHOQUE,0,3,423.0,2021-08-07,PE-30A,-13.862131950774135,-72.9854449422988,True
20211222,20210807,19:45,ICA,PE-1S,468,CHOQUE,0,0,468.0,2021-08-07,PE-1S,-15.011639680229418,-75.00453356144801,True
20211222,20210807,20:05,AREQUIPA,PE-1S,509,CHOQUE,0,1,509.0,2021-08-07,PE-1S,-15.356419009386324,-74.8916398540411,True
20211222,20210807,14:30,AREQUIPA,PE-1S,553,DESPISTE,1,0,553.0,2021-08-07,PE-1S,-15.622835307973284,-74.64410525252,True
20211222,20210807,06:50,ANCASH,PE-3N,598,CHOQUE,0,0,598.0,2021-08-07,PE-3N,-9.392418930449955,-77.58365474565065,True
20211222,20210807,18:20,ANCASH,PE-3N,613,CHOQUE,0,0,613.0,2021-08-07,PE-3N,-9.28476745469391,-77.64627101557484,True
20211222,20210807,19:30,AREQUIPA,PE-1S,704,CHOQUE,0,0,704.0,2021-08-07,PE-1S,-16.229572985590508,-73.6033694593231,True
20211222,20210807,03:00,LA LIBERTAD,PE-1N,721,DESPISTE,0,2,721.0,2021-08-07,PE-1N,-7.118252205492627,-79.48876554579404,True
20211222,20210807,03:15,LAMBAYEQUE,PE-1N,827,CHOQUE,0,0,827.0,2021-08-07,PE-1N,-6.483470659093979,-80.09519517286058,True
20211222,20210807,21:00,LAMBAYEQUE,PE-1N,857,CHOQUE,0,3,857.0,2021-08-07,PE-1N,-6.292446765402343,-80.2816370057543,True
20211222,20210807,20:20,CUSCO,PE-3S,1020,DESPISTE,0,3,1020.0,2021-08-07,PE-3S,-13.673332831153061,-71.63210134231656,True
20211222,20210808,17:30,CAJAMARCA,PE-3N,4,DESPISTE,0,0,4.0,2021-08-08,PE-3N,-11.505579466515494,-75.93325922876595,True
20211222,20210808,N.I.,LAMBAYEQUE,PE-06A,9,CHOQUE,0,1,9.0,2021-08-08,PE-06A,-6.795778771319464,-79.78448247434014,True
20211222,20210808,21:00,PUNO,PE-34H,14,CHOQUE,0,3,14.0,2021-08-08,PE-34H,-15.38362504113308,-70.05878953582561,True
20211222,20210808,14:40,CUSCO,PE-28F,40,DESPISTE,0,2,40.0,2021-08-08,PE-28F,-13.316995333527993,-72.10919589568056,True
20211222,20210808,19:20,LIMA,PE-1S,56,ATROPELLO,0,2,56.0,2021-08-08,PE-1S,-12.450608204528976,-76.75544581549669,True
20211222,20210808,15:00,LAMBAYEQUE,PE-1NJ,67,CHOQUE,0,3,67.0,2021-08-08,PE-1NJ,-6.146590107110482,-79.71750247543915,True
20211222,20210808,21:00,LIMA,PE-1S,69,CHOQUE,0,0,69.0,2021-08-08,PE-1S,-12.558117854102646,-76.70992501945862,True
20211222,20210808,13:10,HUANUCO,PE-18A,70,DESPISTE,0,0,70.0,2021-08-08,PE-18A,-9.640432943905541,-76.06639291740994,True
20211222,20210808,08:17,LIMA,PE-1N,74,CHOQUE,0,2,74.0,2021-08-08,PE-1N,-11.61032449534697,-77.223165537099,True
20211222,20210808,05:50,AREQUIPA,PE-34A,82,DESPISTE,0,0,82.0,2021-08-08,PE-34A,-16.109553414403006,-71.62817502526826,True
20211222,20210808,02:55,LIMA,PE-1S,91,DESPISTE,0,4,91.0,2021-08-08,PE-1S,-12.88030885021823,-76.51103105481899,True
20211222,20210808,20:30,CAJAMARCA,PE-08,110,DESPISTE,0,1,110.0,2021-08-08,PE-08,-7.2382607755901,-78.69587356338602,True
20211222,20210808,07:00,AREQUIPA,PE-34A,121,CHOQUE,0,4,121.0,2021-08-08,PE-34A,-16.055807676781747,-71.35049213960322,True
20211222,20210808,00:15,PASCO,PE-3N,149,DESPISTE,0,1,149.0,2021-08-08,PE-3N,-10.579784782538278,-76.1874072993174,True
20211222,20210808,22:15,CAJAMARCA,PE-08,158,CHOQUE,0,1,158.0,2021-08-08,PE-08,-7.2550792010665335,-78.47720794643693,True
20211222,20210808,19:05,AREQUIPA,PE-34A,179,DESPISTE,0,1,179.0,2021-08-08,PE-34A,-15.764218560835296,-70.99473497219276,True
20211222,20210808,05:40,PIURA,PE-1NJ,181,CHOQUE,0,3,181.0,2021-08-08,PE-1NJ,-5.33121531311589,-80.0762865081896,True
20211222,20210808,23:50,SAN MARTIN,PE-5N,590,CHOQUE,1,0,590.0,2021-08-08,PE-5N,-8.473276093676118,-76.31471940658918,True
20211222,20210808,09:20,AREQUIPA,PE-1S,609,DESPISTE,0,0,609.0,2021-08-08,PE-1S,-15.835614719905324,-74.28651583210313,True
20211222,20210808,21:16,ANCASH,PE-3N,643,CHOQUE,0,0,643.0,2021-08-08,PE-3N,-9.086547872719466,-77.77786412275387,True
20211222,20210808,07:20,LAMBAYEQUE,PE-1N,856,DESPISTE,0,0,856.0,2021-08-08,PE-1N,-6.295985692109979,-80.27331531158015,True
20211222,20210808,09:00,LAMBAYEQUE,PE-1N,876,DESPISTE,0,0,876.0,2021-08-08,PE-1N,-6.202661715100363,-80.42573570203628,True
20211222,20210808,17:45,MOQUEGUA,PE-1S,1190,CHOQUE,0,2,1190.0,2021-08-08,PE-1S,-17.60784852658189,-71.00938287843177,True
20211222,20210809,17:00,LIMA,PE-1N,4,DESPISTE,0,1,4.0,2021-08-09,PE-1N,-12.029881894044047,-76.99429512668502,True
20211222,20210809,14:45,JUNIN,PE-3S,30,CHOQUE,0,0,30.0,2021-08-09,PE-3S,-11.689773911327778,-75.76956519914653,True
20211222,20210809,19:10,LAMBAYEQUE,PE-1NJ,47,CHOQUE,0,1,47.0,2021-08-09,PE-1NJ,-6.301773030129805,-79.7565638638229,True
20211222,20210809,08:15,LIMA,PE-1N,57,DESPISTE,0,1,57.0,2021-08-09,PE-1N,-11.709796925946536,-77.17694984543039,True
20211222,20210809,17:20,LIMA,PE-1S,71,DESPISTE,0,0,71.0,2021-08-09,PE-1S,-12.570198805780505,-76.69642422185582,True
20211222,20210809,12:28,JUNIN,PE-3N,72,CHOQUE,0,1,72.0,2021-08-09,PE-3N,-11.001235375967159,-76.01846551119964,True
20211222,20210809,16:20,LIMA,PE-22,74,CHOQUE,0,5,74.0,2021-08-09,PE-22,-11.85424193529425,-76.40503668183283,True
20211222,20210809,14:45,CAJAMARCA,PE-3N,75,DESPISTE,0,1,75.0,2021-08-09,PE-3N,-10.984637894357062,-76.03791402972705,True
20211222,20210809,08:00,ANCASH,PE-16,85,DESPISTE,0,3,85.0,2021-08-09,PE-16,-10.15420336678252,-77.45129602351687,True
20211222,20210809,10:00,PASCO,PE-3N,90,CHOQUE,0,1,90.0,2021-08-09,PE-3N,-10.877207580189706,-76.10154256647775,True
20211222,20210809,10:00,PASCO,PE-3N,90,CHOQUE,0,1,90.0,2021-08-09,PE-3N,-10.877207580189706,-76.10154256647775,True
20211222,20210809,19:00,PUNO,PE-34B,138,ATROPELLO,1,0,138.0,2021-08-09,PE-34B,-14.337642650329839,-70.24296713535489,True
20211222,20210809,14:45,JUNIN,PE-22,141,CHOQUE,0,0,141.0,2021-08-09,PE-22,-11.600943513530941,-76.1305608728843,True
20211222,20210809,18:10,CAJAMARCA,PE-08,163,DESPISTE,0,1,163.0,2021-08-09,PE-08,-7.247443228915055,-78.4690469273967,True
20211222,20210809,12:12,PUNO,PE-34A,206,DESPISTE,0,0,206.0,2021-08-09,PE-34A,-15.706487736472099,-70.82050145058845,True
20211222,20210809,06:15,MOQUEGUA,PE-1SD,210,DESPISTE,0,2,210.0,2021-08-09,PE-1SD,-17.39681717205118,-71.3864472804718,True
20211222,20210809,12:10,ANCASH,PE-1N,353,DESPISTE,0,1,353.0,2021-08-09,PE-1N,-9.635525430269139,-78.2580975052674,True
20211222,20210809,16:15,AMAZONAS,PE-08B,393,CHOQUE,1,1,393.0,2021-08-09,PE-08B,-6.307152649560848,-77.54160700800391,True
20211222,20210809,21:30,ICA,PE-1S,465,CHOQUE,1,1,465.0,2021-08-09,PE-1S,-14.986317322199636,-74.9948998116627,True
20211222,20210809,08:20,SAN MARTIN,PE-5N,531,DESPISTE,0,0,531.0,2021-08-09,PE-5N,-8.853773938117492,-76.10849608164354,True
20211222,20210809,06:48,ANCASH,PE-3N,598,VOLCADURA,0,0,598.0,2021-08-09,PE-3N,-9.392418930449955,-77.58365474565065,True
20211222,20210809,08:30,AREQUIPA,PE-1S,1034,CHOQUE,0,2,1034.0,2021-08-09,PE-1S,-17.011629782548425,-71.71040248393474,True
20211222,20210810,15:30,HUANCAVELICA,PE-3SD,2,DESPISTE,0,1,2.0,2021-08-10,PE-3SD,-12.305819871155395,-75.06763693925296,True
20211222,20210810,11:20,CALLAO,PE-20,6,CHOQUE,0,3,6.0,2021-08-10,PE-20,-11.876605434387821,-77.12688561279874,True
20211222,20210810,10:10,JUNIN,PE-3S,29,CHOQUE,0,0,29.0,2021-08-10,PE-3S,-11.682692500326345,-75.77468691580232,True
20211222,20210810,08:40,LIMA,PE-1N,53,DESPISTE,0,0,53.0,2021-08-10,PE-1N,-11.729776355606665,-77.15238199050455,True
20211222,20210810,19:50,LIMA,PE-22,56,DESPISTE,0,0,56.0,2021-08-10,PE-22,-11.904000376387483,-76.53198225569177,True
20211222,20210810,13:30,AREQUIPA,PE-34A,69,CHOQUE,0,9,69.0,2021-08-10,PE-34A,-16.210139965245244,-71.65258000868859,True
20211222,20210810,19:15,JUNIN,PE-5S,80,CHOQUE,0,2,80.0,2021-08-10,PE-5S,-11.034200982406622,-74.75146578821564,True
20211222,20210810,01:30,LIMA,PE-1S,104,DESPISTE,0,0,104.0,2021-08-10,PE-1S,-12.99075830634379,-76.4891650496388,True
20211222,20210810,14:20,AREQUIPA,PE-34A,121,CHOQUE,1,3,121.0,2021-08-10,PE-34A,-16.055807676781747,-71.35049213960322,True
20211222,20210810,14:40,ICA,PE-1S,199,CHOQUE,0,0,199.0,2021-08-10,PE-1S,-13.48239984615401,-76.13863094744637,True
20211222,20210810,15:30,PUNO,PE-34A,227,DESPISTE,0,0,227.0,2021-08-10,PE-34A,-15.651005973307054,-70.68147283203136,True
20211222,20210810,05:30,PUNO,PE-34A,285,CHOQUE,0,1,285.0,2021-08-10,PE-34A,-15.567357558792942,-70.24729007839063,True
20211222,20210810,08:00,ANCASH,PE-1N,298,CHOQUE,0,1,298.0,2021-08-10,PE-1N,-10.029186543216168,-78.16820409349288,True
20211222,20210810,15:30,MADRE DE DIOS,PE-30C,322,CHOQUE,0,0,322.0,2021-08-10,PE-30C,-12.88735407035615,-70.01660983495881,True
20211222,20210810,20:00,APURIMAC,PE-30A,334,DESPISTE,0,0,334.0,2021-08-10,PE-30A,-14.327116310263957,-73.18485913974187,True
20211222,20210810,15:30,AMAZONAS,PE-5N,365,CHOQUE,0,1,365.0,2021-08-10,PE-5N,-8.86705397796909,-75.29849224661771,True
20211222,20210810,10:40,APURIMAC,PE-30A,367,DESPISTE,0,1,367.0,2021-08-10,PE-30A,-14.15316523551476,-73.31360536975626,True
20211222,20210810,06:30,MADRE DE DIOS,PE-30C,390,CHOQUE,0,0,390.0,2021-08-10,PE-30C,-12.716918844141853,-69.4797521901874,True
20211222,20210810,19:05,ANCASH,PE-1N,399,CHOQUE,0,0,399.0,2021-08-10,PE-1N,-9.30252999562906,-78.4091081848515,True
20211222,20210810,12:30,AREQUIPA,PE-1S,883,CHOQUE,1,0,883.0,2021-08-10,PE-1S,-16.489598637391943,-72.39227930554995,True
20211222,20210810,03:00,CUSCO,PE-3S,1020,DESPISTE,0,0,1020.0,2021-08-10,PE-3S,-13.673332831153061,-71.63210134231656,True
20211222,20210810,03:30,PUNO,PE-3S,1353,CHOQUE,0,0,1353.0,2021-08-10,PE-3S,-15.776646547946847,-70.03498394777884,True
20211222,20210811,15:20,SAN MARTIN,PE-5NB,12,CHOQUE,0,2,12.0,2021-08-11,PE-5NB,-6.461448473894179,-76.3074457795189,True
20211222,20210811,08:15,LIMA,PE-1NA,59,CHOQUE,0,0,59.0,2021-08-11,PE-1NA,,,True
20211222,20210811,06:20,JUNIN,PE-5S,76,DESPISTE,0,0,76.0,2021-08-11,PE-5S,-11.00089809730371,-74.7517146169679,True
20211222,20210811,20:00,LIMA,PE-1N,80,CHOQUE,0,1,80.0,2021-08-11,PE-1N,-11.580768556486749,-77.26134269665921,True
20211222,20210811,10:40,JUNIN,PE-22B,102,ATROPELLO,0,0,102.0,2021-08-11,PE-22B,-11.089325757967211,-75.32996098465773,True
20211222,20210811,07:40,LIMA,PE-1S,114,DESPISTE,0,0,114.0,2021-08-11,PE-1S,-12.74787469425717,-76.61030959292296,True
20211222,20210811,19:30,AREQUIPA,PE-34A,121,CHOQUE,0,0,121.0,2021-08-11,PE-34A,-16.055807676781747,-71.35049213960322,True
20211222,20210811,18:00,AMAZONAS,PE-5N,287,DESPISTE,0,1,287.0,2021-08-11,PE-5N,-9.179255897918788,-75.00236276591785,True
20211222,20210811,10:30,AMAZONAS,PE-5N,297,DESPISTE,0,0,297.0,2021-08-11,PE-5N,-9.099022004652312,-75.02235836760707,True
20211222,20210811,11:00,AMAZONAS,PE-08B,321,CHOQUE,0,0,321.0,2021-08-11,PE-08B,-6.25009530689146,-77.89079435903031,True
20211222,20210811,09:00,PIURA,PE-1NL,1045,CHOQUE,0,0,1045.0,2021-08-11,PE-1NL,,,True
20211222,20210811,17:35,TACNA,PE-1S,1249,DESPISTE,0,1,1249.0,2021-08-11,PE-1S,-17.817371402664573,-70.5685595135558,True
20211222,20210812,23:05,ANCASH,PE-3N,4,CHOQUE,0,1,4.0,2021-08-12,PE-3N,-11.505579466515494,-75.93325922876595,True
20211222,20210812,01:15,LIMA,PE-16,31,ATROPELLO,1,0,31.0,2021-08-12,PE-16,-10.420846983596999,-77.71432004131259,True
20211222,20210812,19:02,AREQUIPA,PE-34A,68,CHOQUE,0,1,68.0,2021-08-12,PE-34A,-16.21416606613637,-71.6553031243196,True
20211222,20210812,22:50,JUNIN,PE-22B,102,DESPISTE,0,0,102.0,2021-08-12,PE-22B,-11.089325757967211,-75.32996098465773,True
20211222,20210812,06:12,JUNIN,PE-22B,102,CHOQUE,0,1,102.0,2021-08-12,PE-22B,-11.089325757967211,-75.32996098465773,True
20211222,20210812,19:30,PIURA,PE-1NJ,222,DESPISTE,0,1,222.0,2021-08-12,PE-1NJ,-5.160025174554482,-80.23339902606354,True
20211222,20210812,08:20,MADRE DE DIOS,PE-30C,271,CHOQUE,0,0,271.0,2021-08-12,PE-30C,-12.993910423387176,-70.3425575511625,True
20211222,20210812,02:20,ANCASH,PE-1N,331,CHOQUE,3,4,331.0,2021-08-12,PE-1N,-9.794747917765644,-78.21003300553888,True
20211222,20210812,12:32,SAN MARTIN,PE-5N,576,CHOQUE,0,1,576.0,2021-08-12,PE-5N,-8.591033226004338,-76.27198029981278,True
20211222,20210813,05:55,JUNIN,PE-3S,31,ESPECIAL,0,0,31.0,2021-08-13,PE-3S,-11.69792777212196,-75.76739923144835,True
20211222,20210813,05:10,JUNIN,PE-3N,34,DESPISTE,0,0,34.0,2021-08-13,PE-3N,-11.306646779731226,-75.90991528294643,True
20211222,20210813,21:00,LIMA,PE-22,47,DESPISTE,0,0,47.0,2021-08-13,PE-22,-11.912955692951464,-76.60399615853814,True
20211222,20210813,11:40,AREQUIPA,AR-105,50,DESPISTE,0,0,50.0,2021-08-13,AR-105,,,True
20211222,20210813,11:25,JUNIN,PE-3S,52,CHOQUE,0,0,52.0,2021-08-13,PE-3S,-11.804334479789928,-75.64565501927746,True
20211222,20210813,14:20,JUNIN,PE-3N,53,CHOQUE,0,1,53.0,2021-08-13,PE-3N,-11.160716713327739,-75.98904418899991,True
20211222,20210813,06:30,LIMA,PE-1S,80,DESPISTE,0,4,80.0,2021-08-13,PE-1S,-12.631048191835124,-76.66948524888161,True
20211222,20210813,23:45,AREQUIPA,PE-34A,84,DESPISTE,0,0,84.0,2021-08-13,PE-34A,-16.105249999999955,-71.6176720544646,True
20211222,20210813,16:20,PUNO,PE-34A,278,CHOQUE,0,5,278.0,2021-08-13,PE-34A,-15.605674487447562,-70.29893886626955,True
20211222,20210813,21:40,ICA,PE-1S,280,DESPISTE,0,0,280.0,2021-08-13,PE-1S,-13.93942470872046,-75.81560996224997,True
20211222,20210813,08:10,ANCASH,PE-1N,349,DESPISTE,0,0,349.0,2021-08-13,PE-1N,-9.668270829234494,-78.27091145589146,True
20211222,20210813,04:30,SAN MARTIN,PE-5N,385,DESPISTE,2,37,385.0,2021-08-13,PE-5N,-8.96438874075087,-75.41458769770892,True
20211222,20210813,08:00,ANCASH,PE-1N,436,CHOQUE,0,3,436.0,2021-08-13,PE-1N,-9.12034609135742,-78.54001405279668,True
20211222,20210813,19:30,LA LIBERTAD,PE-1N,450,CHOQUE,2,2,450.0,2021-08-13,PE-1N,-8.934841082623915,-78.63367904312526,True
20211222,20210813,14:00,HUANUCO,PE-5N,462,DESPISTE,0,1,462.0,2021-08-13,PE-5N,-9.211686872413043,-75.82648518633553,True
20211222,20210813,19:20,LA LIBERTAD,PE-1N,532,CHOQUE,0,1,532.0,2021-08-13,PE-1N,-8.336910315001036,-78.88951035771446,True
20211222,20210813,21:55,LA LIBERTAD,PE-1N,731,CHOQUE,0,1,731.0,2021-08-13,PE-1N,-7.065205434285424,-79.56424898359977,True
20211222,20210814,21:10,PUNO,PE-3SG,2,CHOQUE,0,1,2.0,2021-08-14,PE-3SG,-14.115465998593002,-72.23847658176362,True
20211222,20210814,17:30,UCAYALI,PE-18C,4,CHOQUE,0,2,4.0,2021-08-14,PE-18C,-8.80019948872696,-75.03056088880426,True
20211222,20210814,17:00,LIMA,PE-20A,5,CHOQUE,0,4,5.0,2021-08-14,PE-20A,-11.929919977335683,-77.06851765061344,True
20211222,20210814,08:20,AREQUIPA,PE-34J,9,DESPISTE,1,3,9.0,2021-08-14,PE-34J,-15.707686336926457,-71.05503112311861,True
20211222,20210814,01:50,LIMA,PE-1S,61,CHOQUE,0,1,61.0,2021-08-14,PE-1S,-12.494357250569998,-76.74355432888902,True
20211222,20210814,00:20,LIMA,PE-1S,73,CHOQUE,0,0,73.0,2021-08-14,PE-1S,-12.579240170785853,-76.68065669000386,True
20211222,20210814,02:40,LIMA,PE-1S,104,ATROPELLO,0,1,104.0,2021-08-14,PE-1S,-12.99075830634379,-76.4891650496388,True
20211222,20210814,11:00,AYACUCHO,PE-28B,137,CHOQUE,0,0,137.0,2021-08-14,PE-28B,-12.714397284086406,-73.8879921568261,True
20211222,20210814,06:30,AYACUCHO,PE-28A,232,DESPISTE,2,0,232.0,2021-08-14,PE-28A,-13.352289399041469,-74.7824909813078,True
20211222,20210814,06:50,PUNO,PE-34A,244,DESPISTE,0,0,244.0,2021-08-14,PE-34A,-15.681300394043749,-70.55643294570511,True
20211222,20210814,06:20,PUNO,PE-36A,275,ATROPELLO,1,0,275.0,2021-08-14,PE-36A,-16.563547582619954,-69.29359864919539,True
20211222,20210814,06:00,ANCASH,PE-1N,352,CHOQUE,0,0,352.0,2021-08-14,PE-1N,-9.64450367660903,-78.25932560414275,True
20211222,20210814,02:30,AREQUIPA,PE-1S,593,VOLCADURA,0,0,593.0,2021-08-14,PE-1S,-15.817528691063936,-74.38009757762055,True
20211222,20210814,10:30,PIURA,PE-1N,1010,CHOQUE,1,0,1010.0,2021-08-14,PE-1N,-5.089518765271629,-80.70582787949371,True
20211222,20210814,08:30,PIURA,PE-1NL,1089,CHOQUE,0,0,1089.0,2021-08-14,PE-1NL,,,True
20211222,20210814,06:20,CUSCO,PE-3S,1107,CHOQUE,0,0,1107.0,2021-08-14,PE-3S,-14.236974164365794,-71.26982159357021,True
20211222,20210815,17:18,JUNIN,PE-5N,5,CHOQUE,0,1,5.0,2021-08-15,PE-5N,-10.926699476833056,-75.28036326294095,True
20211222,20210815,18:30,AMAZONAS,PE-08C,12,CHOQUE,0,1,12.0,2021-08-15,PE-08C,-6.137137912921292,-77.8980054051247,True
20211222,20210815,10:00,LAMBAYEQUE,PE-06A,27,DESPISTE,0,2,27.0,2021-08-15,PE-06A,-6.734398201762079,-79.66151899185373,True
20211222,20210815,20:00,LAMBAYEQUE,PE-06A,48,DESPISTE,0,3,48.0,2021-08-15,PE-06A,-6.729608040880805,-79.49580650756708,True
20211222,20210815,12:40,LIMA,PE-1S,63,CHOQUE,0,2,63.0,2021-08-15,PE-1S,-12.510461196671754,-76.73568315994434,True
20211222,20210815,08:20,LIMA,PE-22,81,DESPISTE,0,0,81.0,2021-08-15,PE-22,-11.816446982929918,-76.35813220106184,True
20211222,20210815,06:45,AREQUIPA,PE-34A,101,CHOQUE,2,8,101.0,2021-08-15,PE-34A,-16.077049837443056,-71.50998958199652,True
20211222,20210815,18:00,LIMA,PE-22,112,DESPISTE,0,0,112.0,2021-08-15,PE-22,-11.67094606237875,-76.25628872745061,True
20211222,20210815,20:30,LIMA,PE-1S,116,DESPISTE,0,3,116.0,2021-08-15,PE-1S,-12.762402122203678,-76.59937204571224,True
20211222,20210815,15:00,LIMA,PE-1N,127,DESPISTE,0,4,127.0,2021-08-15,PE-1N,-11.281859419863725,-77.50591257113878,True
20211222,20210815,04:45,AREQUIPA,PE-34A,128,DESPISTE,0,0,128.0,2021-08-15,PE-34A,-16.032495279901976,-71.29209906893945,True
20211222,20210815,22:30,ICA,PE-1S,240,ESPECIAL,0,0,240.0,2021-08-15,PE-1S,-13.832027149666018,-76.14018477048096,True
20211222,20210815,06:30,PUNO,PE-34A,257,DESPISTE,0,1,257.0,2021-08-15,PE-34A,-15.66709271927519,-70.45723910404772,True
20211222,20210815,10:30,AMAZONAS,PE-08B,322,DESPISTE,0,0,322.0,2021-08-15,PE-08B,-6.251568195479329,-77.8853620470629,True
20211222,20210815,12:00,APURIMAC,PE-30A,410,DESPISTE,1,0,410.0,2021-08-15,PE-30A,-13.92342179579753,-73.06490108649525,True
20211222,20210815,06:30,MADRE DE DIOS,PE-30C,422,DESPISTE,0,1,422.0,2021-08-15,PE-30C,-12.593592310146914,-69.22753943868666,True
20211222,20210815,10:30,MADRE DE DIOS,PE-30C,432,DESPISTE,0,1,432.0,2021-08-15,PE-30C,-12.56491333556428,-69.1663800384816,True
20211222,20210815,12:25,ICA,PE-1S,447,CHOQUE,0,2,447.0,2021-08-15,PE-1S,-14.851244052889173,-74.95679907012627,True
20211222,20210815,12:10,LA LIBERTAD,PE-1N,599,CHOQUE,2,9,599.0,2021-08-15,PE-1N,-7.87992377447928,-79.13018101693338,True
20211222,20210815,21:45,AREQUIPA,PE-1S,609,DESPISTE,0,0,609.0,2021-08-15,PE-1S,-15.835614719905324,-74.28651583210313,True
20211222,20210815,22:00,SAN MARTIN,PE-5N,752,CHOQUE,0,1,752.0,2021-08-15,PE-5N,-7.569171242343448,-76.69346036092588,True
20211222,20210816,07:10,AMAZONAS,AM-518,0,DESPISTE,0,4,0.0,2021-08-16,AM-518,,,True
20211222,20210816,21:20,PIURA,PE-1N,3,ATROPELLO,1,0,3.0,2021-08-16,PE-1N,-12.036785672029502,-76.98870889454524,True
20211222,20210816,18:23,CAJAMARCA,PE-08B,3,CHOQUE,0,1,3.0,2021-08-16,PE-08B,-7.165015715056347,-78.47522019341605,True
20211222,20210816,17:15,PIURA,PE-1N,25,CHOQUE,1,0,25.0,2021-08-16,PE-1N,-11.911310948123,-77.07229955613077,True
20211222,20210816,10:00,LIMA,PE-1S,29,CHOQUE,0,1,29.0,2021-08-16,PE-1S,-12.271264375020683,-76.89771906411094,True
20211222,20210816,07:35,MOQUEGUA,PE-36,34,DESPISTE,0,1,34.0,2021-08-16,PE-36,-17.68707888060677,-71.28782873458876,True
20211222,20210816,19:15,UCAYALI,PE-18C,54,DESPISTE,0,1,54.0,2021-08-16,PE-18C,-8.469262502458976,-74.79826026045471,True
20211222,20210816,08:55,UCAYALI,PE-5N,87,CHOQUE,0,2,87.0,2021-08-16,PE-5N,-10.580429020989325,-75.10306120667458,True
20211222,20210816,04:45,LIMA,PE-22,104,CHOQUE,0,3,104.0,2021-08-16,PE-22,-11.728604817396894,-76.26635611031409,True
20211222,20210816,00:20,LIMA,PE-1S,106,DESPISTE,0,4,106.0,2021-08-16,PE-1S,-13.007416812792492,-76.48215257899191,True
20211222,20210816,11:00,JUNIN,PE-3SB,107,CHOQUE,0,2,107.0,2021-08-16,PE-3SB,,,True
20211222,20210816,04:40,HUANUCO,PE-3N,189,CHOQUE,0,1,189.0,2021-08-16,PE-3N,-10.277844660383051,-76.15856137482658,True
20211222,20210816,06:30,ICA,PE-1S,245,CHOQUE,0,1,245.0,2021-08-16,PE-1S,-13.874892257635718,-76.1250427690796,True
20211222,20210816,15:10,HUANUCO,PE-14A,431,DESPISTE,0,1,431.0,2021-08-16,PE-14A,-9.30291557299995,-76.00342369099991,True
20211222,20210816,17:30,PUNO,PE-3S,1291,VOLCADURA,0,1,1291.0,2021-08-16,PE-3S,-15.295699269395016,-70.23985619872614,True
20211222,20210817,20:50,AREQUIPA,PE-34A,2,CHOQUE,0,0,2.0,2021-08-17,PE-34A,-16.528899999999908,-71.76588715465003,True
20211222,20210817,11:00,LIMA,PE-22,79,CHOQUE,0,2,79.0,2021-08-17,PE-22,-11.82946912089244,-76.37022387640849,True
20211222,20210817,07:21,LIMA,PE-1N,103,DESPISTE,1,0,103.0,2021-08-17,PE-1N,-11.418707756071143,-77.37091265285507,True
20211222,20210817,07:21,LIMA,PE-1N,103,ESPECIAL,1,0,103.0,2021-08-17,PE-1N,-11.418707756071143,-77.37091265285507,True
20211222,20210817,13:10,LIMA,PE-22,112,CHOQUE,0,8,112.0,2021-08-17,PE-22,-11.67094606237875,-76.25628872745061,True
20211222,20210817,08:30,PIURA,PE-1NJ,189,CHOQUE,0,0,189.0,2021-08-17,PE-1NJ,-5.265592887953939,-80.10439066508386,True
20211222,20210817,08:30,PUNO,PE-34A,246,DESPISTE,0,0,246.0,2021-08-17,PE-34A,-15.689304318681092,-70.54350698626436,True
20211222,20210817,22:50,ANCASH,PE-1N,423,CHOQUE,0,1,423.0,2021-08-17,PE-1N,-9.025129595377892,-78.61593234649202,True
20211222,20210817,06:45,SAN MARTIN,PE-5N,687,CHOQUE,0,2,687.0,2021-08-17,PE-5N,-7.945182453243525,-76.67449823288172,True
20211222,20210817,23:40,PIURA,PE-1N,973,CHOQUE,0,1,973.0,2021-08-17,PE-1N,-5.363759208679427,-80.6166566616609,True
20211222,20210818,11:40,PUNO,PE-36B,83,DESPISTE,0,2,83.0,2021-08-18,PE-36B,-16.32692796164454,-70.2440729204856,True
20211222,20210818,06:55,LAMBAYEQUE,PE-1NJ,126,CHOQUE,1,3,126.0,2021-08-18,PE-1NJ,-5.715776927785035,-79.8899663028331,True
20211222,20210818,10:00,LIMA,PE-1N,165,CHOQUE,0,0,165.0,2021-08-18,PE-1N,-10.990336053078599,-77.6363844554546,True
20211222,20210818,10:30,ANCASH,PE-14C,187,DESPISTE,0,0,187.0,2021-08-18,PE-14C,-9.172274932794103,-77.24415198073969,True
20211222,20210818,19:15,AMAZONAS,PE-5N,262,CHOQUE,0,2,262.0,2021-08-18,PE-5N,-9.38553401808668,-75.03076091642774,True
20211222,20210818,06:30,APURIMAC,PE-30A,337,CHOQUE,0,0,337.0,2021-08-18,PE-30A,-14.312777809960998,-73.20316639027112,True
20211222,20210819,12:30,AREQUIPA,PE-34C,2,CHOQUE,0,0,2.0,2021-08-19,PE-34C,-16.405010712551917,-71.56615317768531,True
20211222,20210819,N.I.,AREQUIPA,AR-105,47,CHOQUE,0,0,47.0,2021-08-19,AR-105,,,True
20211222,20210819,16:47,JUNIN,PE-3S,64,CHOQUE,0,1,64.0,2021-08-19,PE-3S,-11.784354545355463,-75.56332605162096,True
20211222,20210819,22:00,LAMBAYEQUE,PE-1NJ,67,CHOQUE,0,0,67.0,2021-08-19,PE-1NJ,-6.146590107110482,-79.71750247543915,True
20211222,20210819,18:19,JUNIN,PE-3S,77,CHOQUE,0,2,77.0,2021-08-19,PE-3S,-11.808046452021287,-75.49246551529983,True
20211222,20210819,20:10,LIMA,PE-1S,105,CHOQUE,0,6,105.0,2021-08-19,PE-1S,-12.999087474159332,-76.48565862398164,True
20211222,20210819,15:40,AMAZONAS,PE-5N,239,CHOQUE,0,1,239.0,2021-08-19,PE-5N,-9.577123005890561,-75.01027893779934,True
20211222,20210819,06:40,AMAZONAS,PE-08B,313,DESPISTE,0,1,313.0,2021-08-19,PE-08B,-6.227299175242221,-77.91235945662105,True
20211222,20210819,17:50,SAN MARTIN,PE-5N,409,CHOQUE,0,9,409.0,2021-08-19,PE-5N,-9.055363816861014,-75.5458308143087,True
20211222,20210819,22:20,LA LIBERTAD,PE-1N,550,CHOQUE,0,0,550.0,2021-08-19,PE-1N,-8.197801481307167,-78.96806343825,True
20211222,20210819,14:40,LA LIBERTAD,PE-1N,593,CHOQUE,0,1,593.0,2021-08-19,PE-1N,-7.928490271370487,-79.10628481491528,True
20211222,20210819,16:05,SAN MARTIN,PE-5N,748,CHOQUE,0,2,748.0,2021-08-19,PE-5N,-7.590427944235959,-76.68514748928845,True
20211222,20210819,13:20,PIURA,PE-1N,1007,CHOQUE,0,0,1007.0,2021-08-19,PE-1N,-5.11639535433404,-80.70215226832325,True
20211222,20210820,05:50,AREQUIPA,PE-34A,4,DESPISTE,0,2,4.0,2021-08-20,PE-34A,-16.525228723642485,-71.74958182981892,True
20211222,20210820,22:40,CUSCO,CU-117,11,DESPISTE,0,1,11.0,2021-08-20,CU-117,,,True
20211222,20210820,17:55,MOQUEGUA,PE-1SD,11,CHOQUE,0,0,11.0,2021-08-20,PE-1SD,-16.666984168696686,-72.55507742654935,True
20211222,20210820,21:20,PUNO,PE-36B,22,DESPISTE,0,1,22.0,2021-08-20,PE-36B,-16.714586401802947,-70.45023026999512,True
20211222,20210820,07:20,MOQUEGUA,PE-1SD,27,CHOQUE,0,0,27.0,2021-08-20,PE-1SD,-16.705456525832112,-72.44351199164423,True
20211222,20210820,01:20,CUSCO,PE-34G,39,DESPISTE,0,0,39.0,2021-08-20,PE-34G,-14.30281057521149,-71.23159987853259,True
20211222,20210820,13:10,LIMA,PE-1N,56,CHOQUE,0,1,56.0,2021-08-20,PE-1N,-11.717936394248227,-77.17342758670395,True
20211222,20210820,14:20,JUNIN,PE-3N,67,DESPISTE,0,4,67.0,2021-08-20,PE-3N,-11.03957406964339,-75.99487857142181,True
20211222,20210820,21:00,PIURA,PE-1N,69,CHOQUE,0,1,69.0,2021-08-20,PE-1N,-11.611573094810433,-77.20594646622817,True
20211222,20210820,19:00,LIMA,PE-1S,73,CHOQUE,0,2,73.0,2021-08-20,PE-1S,-12.579240170785853,-76.68065669000386,True
20211222,20210820,15:43,LIMA,PE-1S,73,DESPISTE,0,0,73.0,2021-08-20,PE-1S,-12.579240170785853,-76.68065669000386,True
20211222,20210820,02:40,LIMA,PE-1S,73,CHOQUE,0,0,73.0,2021-08-20,PE-1S,-12.579240170785853,-76.68065669000386,True
20211222,20210820,14:00,AYACUCHO,PE-28B,74,DESPISTE,0,5,74.0,2021-08-20,PE-28B,-12.904240312802559,-74.00336057616455,True
20211222,20210820,23:45,LIMA,PE-22,86,DESPISTE,0,1,86.0,2021-08-20,PE-22,-11.789645368148422,-76.33575456827968,True
20211222,20210820,23:10,LIMA,PE-1S,107,CHOQUE,0,1,107.0,2021-08-20,PE-1S,-13.015745195784534,-76.47864426839998,True
20211222,20210820,09:20,LAMBAYEQUE,PE-1NJ,107,CHOQUE,0,0,107.0,2021-08-20,PE-1NJ,-5.859194971557903,-79.8012954672336,True
20211222,20210820,23:16,AYACUCHO,PE-30A,152,DESPISTE,0,0,152.0,2021-08-20,PE-30A,-14.689854959118124,-74.13854757372289,True
20211222,20210820,19:50,UCAYALI,PE-5N,452,ATROPELLO,0,2,452.0,2021-08-20,PE-5N,-9.173043065442531,-75.79346393714873,True
20211222,20210820,14:50,SAN MARTIN,PE-5N,501,CHOQUE,0,3,501.0,2021-08-20,PE-5N,-9.086998496998792,-76.06225237028178,True
20211222,20210820,07:00,AREQUIPA,PE-1S,560,CHOQUE,0,0,560.0,2021-08-20,PE-1S,-15.652497903502072,-74.58833742739077,True
20211222,20210820,22:10,SAN MARTIN,PE-5N,586,DESPISTE,0,5,586.0,2021-08-20,PE-5N,-8.506881559200266,-76.30272871867734,True
20211222,20210820,06:30,AREQUIPA,PE-1S,590,CHOQUE,0,0,590.0,2021-08-20,PE-1S,-15.804265513760493,-74.4019885137081,True
20211222,20210820,06:48,LA LIBERTAD,PE-1N,594,CHOQUE,1,3,594.0,2021-08-20,PE-1N,-7.920595633953877,-79.11056902726759,True
20211222,20210820,00:25,PIURA,PE-1N,953,CHOQUE,1,1,953.0,2021-08-20,PE-1N,-5.541765060505296,-80.58628425624791,True
20211222,20210821,07:30,ANCASH,AN-647,0,DESPISTE,0,6,0.0,2021-08-21,AN-647,,,True
20211222,20210821,22:50,LIMA,PE-1NA,1,DESPISTE,0,0,1.0,2021-08-21,PE-1NA,-11.776394715328902,-77.16310043405825,True
20211222,20210821,05:30,AREQUIPA,PE-34A,6,CHOQUE,0,1,6.0,2021-08-21,PE-34A,-16.508416713114237,-71.74284839139277,True
20211222,20210821,20:50,CAJAMARCA,PE-3N,16,CHOQUE,0,0,16.0,2021-08-21,PE-3N,-11.427203880905033,-75.92367167749157,True
20211222,20210821,10:30,PIURA,PE-02,19,CHOQUE,2,0,19.0,2021-08-21,PE-02,-5.116280630631609,-80.84945601403494,True
20211222,20210821,05:00,LIMA,PE-1S,53,CHOQUE,0,0,53.0,2021-08-21,PE-1S,-12.424112563376994,-76.75390574014192,True
20211222,20210821,07:00,ANCASH,PE-16,85,CHOQUE,0,3,85.0,2021-08-21,PE-16,-10.15420336678252,-77.45129602351687,True
20211222,20210821,N.I.,LIMA,PE-1N,90,CHOQUE,0,1,90.0,2021-08-21,PE-1N,-11.501753474099624,-77.30087629138163,True
20211222,20210821,12:10,PUNO,PE-34B,117,DESPISTE,0,0,117.0,2021-08-21,PE-34B,-14.479667322198441,-70.25380398598212,True
20211222,20210821,21:00,PUNO,PE-34B,158,DESPISTE,0,0,158.0,2021-08-21,PE-34B,-14.185397405777877,-70.2912995148684,True
20211222,20210821,05:08,PIURA,PE-1NJ,215,DESPISTE,0,2,215.0,2021-08-21,PE-1NJ,-5.1706022864437555,-80.17251886306673,True
20211222,20210821,21:30,MADRE DE DIOS,PE-30C,412,DESPISTE,0,1,412.0,2021-08-21,PE-30C,-12.648049598266255,-69.28700596106407,True
20211222,20210821,18:20,ANCASH,PE-1N,445,DESPISTE,0,1,445.0,2021-08-21,PE-1N,-8.974752155131966,-78.61840945890586,True
20211222,20210821,20:45,SAN MARTIN,PE-5N,462,CHOQUE,0,2,462.0,2021-08-21,PE-5N,-9.211686872413043,-75.82648518633553,True
20211222,20210821,03:24,ANCASH,PE-3N,561,DESPISTE,0,1,561.0,2021-08-21,PE-3N,-9.673141517466961,-77.48078243766497,True
20211222,20210821,18:00,PIURA,PE-1NL,1083,CHOQUE,0,1,1083.0,2021-08-21,PE-1NL,,,True
20211222,20210821,15:00,PUNO,PE-3S,1460,DESPISTE,0,0,1460.0,2021-08-21,PE-3S,-16.25546321672992,-69.33917073363097,True
20211222,20210822,23:00,LIMA,PE-1S,5,CHOQUE,1,1,5.0,2021-08-22,PE-1S,-12.100003025159191,-76.97971191909942,True
20211222,20210822,06:00,PIURA,PE-1NJ,30,CHOQUE,1,6,30.0,2021-08-22,PE-1NJ,-6.424848672029326,-79.8375575587862,True
20211222,20210822,05:30,CAJAMARCA,PE-5N,35,DESPISTE,0,0,35.0,2021-08-22,PE-5N,-10.751691712516932,-75.30203267910886,True
20211222,20210822,12:00,HUANUCO,PE-18A,37,CHOQUE,0,0,37.0,2021-08-22,PE-18A,-9.771720640292552,-76.09548501897008,True
20211222,20210822,20:50,CAJAMARCA,PE-3N,45,DESPISTE,0,1,45.0,2021-08-22,PE-3N,-11.217883138105051,-75.94649639242394,True
20211222,20210822,16:30,JUNIN,PE-5S,58,CHOQUE,1,1,58.0,2021-08-22,PE-5S,-10.920196566091088,-74.88186997366695,True
20211222,20210822,18:30,LIMA,PE-1S,62,DESPISTE,0,4,62.0,2021-08-22,PE-1S,-12.502971764565988,-76.74078328237132,True
20211222,20210822,18:50,LIMA,PE-22,90,DESPISTE,0,1,90.0,2021-08-22,PE-22,-11.789286275534476,-76.3124965117426,True
20211222,20210822,N.I.,LIMA,PE-1N,92,CHOQUE,0,1,92.0,2021-08-22,PE-1N,-11.484606749528458,-77.30619866485189,True
20211222,20210822,11:30,PASCO,PE-3N,94,DESPISTE,0,1,94.0,2021-08-22,PE-3N,-10.858704243616158,-76.13280503957236,True
20211222,20210822,09:40,JUNIN,PE-5S,114,CHOQUE,0,3,114.0,2021-08-22,PE-5S,-11.2173329633274,-74.60040147505411,True
20211222,20210822,06:12,LIMA,PE-1S,155,DESPISTE,0,1,155.0,2021-08-22,PE-1S,-13.193479213372864,-76.3488135306637,True
20211222,20210822,20:30,APURIMAC,PE-30A,433,DESPISTE,0,0,433.0,2021-08-22,PE-30A,-13.78982362945121,-72.95013258281286,True
20211222,20210822,17:45,SAN MARTIN,PE-5N,489,DESPISTE,0,0,489.0,2021-08-22,PE-5N,-9.149422856027124,-75.98984083796016,True
20211222,20210822,12:20,LA LIBERTAD,PE-1N,510,DESPISTE,0,1,510.0,2021-08-22,PE-1N,-8.449326635669568,-78.73518198397609,True
20211222,20210822,20:05,SAN MARTIN,PE-5N,634,ATROPELLO,0,1,634.0,2021-08-22,PE-5N,-8.20931834186022,-76.48985248844635,True
20211222,20210822,00:10,LA LIBERTAD,PE-1N,721,ATROPELLO,1,1,721.0,2021-08-22,PE-1N,-7.118252205492627,-79.48876554579404,True
20211222,20210823,19:20,AREQUIPA,PE-34E,3,DESPISTE,0,0,3.0,2021-08-23,PE-34E,-16.032064447258865,-71.40493145496897,True
20211222,20210823,08:45,JUNIN,PE-3S,23,DESPISTE,0,1,23.0,2021-08-23,PE-3S,-11.645896218807776,-75.80516450612234,True
20211222,20210823,03:12,ANCASH,PE-16,54,CHOQUE,0,1,54.0,2021-08-23,PE-16,-10.281916049524925,-77.58723244488341,True
20211222,20210823,06:30,JUNIN,PE-3N,86,CHOQUE,3,2,86.0,2021-08-23,PE-3N,-10.900594187288547,-76.0737382947785,True
20211222,20210823,17:30,LIMA,PE-1S,91,DESPISTE,0,0,91.0,2021-08-23,PE-1S,-12.88030885021823,-76.51103105481899,True
20211222,20210823,23:40,AREQUIPA,PE-34A,94,CHOQUE,0,0,94.0,2021-08-23,PE-34A,-16.06693272832107,-71.56050939690982,True
20211222,20210823,21:05,LIMA,PE-1S,106,ATROPELLO,0,2,106.0,2021-08-23,PE-1S,-13.007416812792492,-76.48215257899191,True
20211222,20210823,07:20,LIMA,PE-22,131,DESPISTE,0,4,131.0,2021-08-23,PE-22,-11.604129142801774,-76.19653457093399,True
20211222,20210823,21:50,PUNO,PE-34B,136,CHOQUE,1,1,136.0,2021-08-23,PE-34B,-14.336944690516255,-70.25717773669172,True
20211222,20210823,12:50,JUNIN,PE-24,253,DESPISTE,1,2,253.0,2021-08-23,PE-24,-12.0232554839839,-75.4877227498646,True
20211222,20210823,13:30,PUNO,PE-36A,303,DESPISTE,0,1,303.0,2021-08-23,PE-36A,-16.587831799614186,-69.06874003919171,True
20211222,20210823,12:40,ANCASH,PE-1N,389,CHOQUE,0,2,389.0,2021-08-23,PE-1N,-9.384273319196671,-78.38355003259375,True
20211222,20210823,07:55,ICA,PE-1S,423,DESPISTE,0,1,423.0,2021-08-23,PE-1S,-14.715954984230008,-75.09158291576988,True
20211222,20210823,06:00,MADRE DE DIOS,PE-30C,497,DESPISTE,0,0,497.0,2021-08-23,PE-30C,-12.032911345899075,-69.13333346978001,True
20211222,20210823,14:30,AREQUIPA,PE-1S,649,CHOQUE,0,0,649.0,2021-08-23,PE-1S,-16.00810666410131,-74.0243726853094,True
20211222,20210823,08:30,APURIMAC,PE-3S,652,CHOQUE,0,1,652.0,2021-08-23,PE-3S,-13.672941888912643,-73.25852659412955,True
20211222,20210823,10:15,SAN MARTIN,PE-5N,715,DESPISTE,0,1,715.0,2021-08-23,PE-5N,-7.776389926491044,-76.67078408640086,True
20211222,20210823,22:30,PIURA,PE-1N,994,DESPISTE,0,0,994.0,2021-08-23,PE-1N,-5.197579736973813,-80.64209803643867,True
20211222,20210823,13:00,PUNO,PE-3S,1204,DESPISTE,0,0,1204.0,2021-08-23,PE-3S,-14.782769956945694,-70.72239586621784,True
20211222,20210823,N.I.,PUNO,PE-3S,1288,CHOQUE,0,11,1288.0,2021-08-23,PE-3S,-15.2801118503507,-70.25975041884001,True
20211222,20210824,18:30,CUSCO,PE-30C,2,CHOQUE,0,0,2.0,2021-08-24,PE-30C,-13.68036639040393,-71.60307944127136,True
20211222,20210824,17:00,LIMA,PE-1NA,8,ESPECIAL,0,0,8.0,2021-08-24,PE-1NA,-11.71979040106858,-77.1779617640266,True
20211222,20210824,20:15,UCAYALI,PE-18C,14,ATROPELLO,0,1,14.0,2021-08-24,PE-18C,-8.725899847017416,-75.00930444266977,True
20211222,20210824,19:45,UCAYALI,PE-18C,14,CHOQUE,0,3,14.0,2021-08-24,PE-18C,-8.725899847017416,-75.00930444266977,True
20211222,20210824,12:45,JUNIN,PE-5S,14,DESPISTE,0,0,14.0,2021-08-24,PE-5S,-10.94002144259177,-75.19956455830096,True
20211222,20210824,19:20,LIMA,PE-1NE,15,ATROPELLO,0,2,15.0,2021-08-24,PE-1NE,-11.092462508112893,-77.4575919702674,True
20211222,20210824,14:30,MOQUEGUA,PE-1SD,20,CHOQUE,0,2,20.0,2021-08-24,PE-1SD,-16.693928416005043,-72.48297731281941,True
20211222,20210824,01:20,LIMA,PE-1NA,22,DESPISTE,0,1,22.0,2021-08-24,PE-1NA,-11.618092544280278,-77.22471155861128,True
20211222,20210824,15:20,UCAYALI,PE-18C,31,CHOQUE,0,0,31.0,2021-08-24,PE-18C,-8.612020396412989,-74.93921047845775,True
20211222,20210824,10:30,JUNIN,PE-3S,33,DESPISTE,0,6,33.0,2021-08-24,PE-3S,-11.702969124717999,-75.75201373506435,True
20211222,20210824,16:02,CAJAMARCA,PE-08B,37,CHOQUE,0,1,37.0,2021-08-24,PE-08B,-7.0790414274804325,-78.33084116319077,True
20211222,20210824,20:55,LIMA,PE-1S,88,ATROPELLO,1,0,88.0,2021-08-24,PE-1S,-12.85343704982726,-76.51281313599274,True
20211222,20210824,14:45,LAMBAYEQUE,PE-1NJ,120,CHOQUE,0,2,120.0,2021-08-24,PE-1NJ,-5.757090358897301,-79.85948612960108,True
20211222,20210824,03:30,LIMA,PE-22,131,CHOQUE,0,2,131.0,2021-08-24,PE-22,-11.604129142801774,-76.19653457093399,True
20211222,20210824,23:40,LIMA,PE-1N,153,CHOQUE,1,0,153.0,2021-08-24,PE-1N,-11.077178170857938,-77.58277443695867,True
20211222,20210824,10:30,CAJAMARCA,PE-06A,160,DESPISTE,0,1,160.0,2021-08-24,PE-06A,-6.447461316284455,-79.00093256167268,True
20211222,20210824,14:30,APURIMAC,PE-30A,383,CHOQUE,0,2,383.0,2021-08-24,PE-30A,-14.039622399635876,-73.22972342094018,True
20211222,20210824,20:00,MADRE DE DIOS,PE-30C,411,DESPISTE,0,1,411.0,2021-08-24,PE-30C,-12.651164007189067,-69.29600415756734,True
20211222,20210824,09:30,AREQUIPA,PE-1S,600,CHOQUE,0,0,600.0,2021-08-24,PE-1S,-15.821704710830021,-74.33971523220049,True
20211222,20210824,06:30,AREQUIPA,PE-1S,607,DESPISTE,0,1,607.0,2021-08-24,PE-1S,-15.833803234313454,-74.29718245886946,True
20211222,20210824,13:10,AREQUIPA,PE-1S,633,CHOQUE,0,0,633.0,2021-08-24,PE-1S,-15.918975935138107,-74.12471145695262,True
20211222,20210824,01:00,LA LIBERTAD,PE-1N,654,CHOQUE,0,1,654.0,2021-08-24,PE-1N,-7.501399862325964,-79.40959888915607,True
20211222,20210824,07:30,SAN MARTIN,PE-5N,666,CHOQUE,1,0,666.0,2021-08-24,PE-5N,-8.076218210234003,-76.63074862985209,True
20211222,20210824,05:35,AREQUIPA,PE-1S,930,DESPISTE,0,0,930.0,2021-08-24,PE-1S,-16.408026576502763,-72.06070338321058,True
20211222,20210824,10:35,TACNA,PE-1S,1240,DESPISTE,0,2,1240.0,2021-08-24,PE-1S,-17.792846107305497,-70.64876040305631,True
20211222,20210825,05:35,LIMA,PE-18,5,DESPISTE,0,1,5.0,2021-08-25,PE-18,-11.39588105748649,-77.33351906251636,True
20211222,20210825,07:20,LIMA,PE-16,11,ESPECIAL,0,0,11.0,2021-08-25,PE-16,-10.57899889794476,-77.76238699544122,True
20211222,20210825,11:30,LIMA,PE-1S,19,DESPISTE,0,0,19.0,2021-08-25,PE-1S,-12.222590189867683,-76.97460254913342,True
20211222,20210825,19:35,AMAZONAS,PE-08C,38,CHOQUE,0,6,38.0,2021-08-25,PE-08C,-5.9551952422352645,-77.97783298602825,True
20211222,20210825,04:40,CAJAMARCA,PE-08,47,DESPISTE,0,0,47.0,2021-08-25,PE-08,-7.236421654610441,-79.14289689554305,True
20211222,20210825,14:20,LIMA,PE-1N,47,CHOQUE,1,1,47.0,2021-08-25,PE-1N,-11.753335009070232,-77.14879196867817,True
20211222,20210825,10:20,LIMA,PE-22,89,DESPISTE,0,1,89.0,2021-08-25,PE-22,-11.785934556701713,-76.3196812681037,True
20211222,20210825,17:20,PIURA,PE-1N,94,ATROPELLO,0,1,94.0,2021-08-25,PE-1N,-11.467305016859592,-77.31025670013275,True
20211222,20210825,17:00,TUMBES,PE-1N,208,CHOQUE,0,1,208.0,2021-08-25,PE-1N,-10.66192891774052,-77.81172784973856,True
20211222,20210825,15:08,AMAZONAS,PE-5N,295,CHOQUE,0,3,295.0,2021-08-25,PE-5N,-9.115326327269337,-75.01979323175202,True
20211222,20210825,02:20,ANCASH,PE-1N,344,DESPISTE,0,2,344.0,2021-08-25,PE-1N,-9.709208055507482,-78.27510081942467,True
20211222,20210825,10:00,PUNO,PE-36A,350,CHOQUE,0,0,350.0,2021-08-25,PE-36A,,,True
20211222,20210825,20:30,SAN MARTIN,PE-5N,519,CHOQUE,0,2,519.0,2021-08-25,PE-5N,-8.948535672168934,-76.10414268442477,True
20211222,20210825,15:00,LA LIBERTAD,PE-1N,710,CHOQUE,0,0,710.0,2021-08-25,PE-1N,-7.193041081726553,-79.42968314350716,True
20211222,20210825,09:55,AREQUIPA,PE-1S,1032,CHOQUE,0,0,1032.0,2021-08-25,PE-1S,-16.998441445493434,-71.71706436647938,True
20211222,20210825,15:30,AREQUIPA,PE-1S,1034,CHOQUE,0,2,1034.0,2021-08-25,PE-1S,-17.011629782548425,-71.71040248393474,True
20211222,20210826,07:30,AMAZONAS,PE-5NC,2,DESPISTE,0,2,2.0,2021-08-26,PE-5NC,-5.701898773237267,-78.60800070650696,True
20211222,20210826,10:35,JUNIN,PE-5S,39,DESPISTE,0,0,39.0,2021-08-26,PE-5S,-10.87417053048119,-75.02719775188113,True
20211222,20210826,04:00,LIMA,PE-22,64,CHOQUE,0,0,64.0,2021-08-26,PE-22,-11.885570525999924,-76.47208107142247,True
20211222,20210826,15:30,CUSCO,PE-28B,113,CHOQUE,0,2,113.0,2021-08-26,PE-28B,-12.75852730784456,-73.99510623128782,True
20211222,20210826,09:15,AREQUIPA,PE-34A,134,DESPISTE,0,3,134.0,2021-08-26,PE-34A,-16.003616353971104,-71.2687063539711,True
20211222,20210826,14:30,ANCASH,PE-1N,392,DESPISTE,1,1,392.0,2021-08-26,PE-1N,-9.358004440901443,-78.38973326099492,True
20211222,20210826,14:10,AREQUIPA,PE-1S,507,DESPISTE,0,0,507.0,2021-08-26,PE-1S,-15.339440203156162,-74.89794773693738,True
20211222,20210826,23:00,MADRE DE DIOS,PE-30C,556,DESPISTE,0,2,556.0,2021-08-26,PE-30C,-11.583439129130683,-69.28194165998727,True
20211222,20210826,10:00,SAN MARTIN,PE-5N,587,CHOQUE,1,10,587.0,2021-08-26,PE-5N,-8.49940664911565,-76.30768295362046,True
20211222,20210826,12:47,APURIMAC,PE-3S,801,DESPISTE,0,0,801.0,2021-08-26,PE-3S,-13.597249944889162,-72.83744223607393,True
20211222,20210826,05:55,AREQUIPA,PE-1S,1041,DESPISTE,0,0,1041.0,2021-08-26,PE-1S,-17.027181748636483,-71.6844183597377,True
20211222,20210826,09:30,PIURA,PE-1NL,1058,DESPISTE,1,1,1058.0,2021-08-26,PE-1NL,,,True
20211222,20210827,19:00,PIURA,PE-02,31,DESPISTE,0,0,31.0,2021-08-27,PE-02,-5.118464830414312,-80.95046956515334,True
20211222,20210827,20:00,LIMA,PE-22,41,DESPISTE,0,0,41.0,2021-08-27,PE-22,-11.925039776491657,-76.65433900407028,True
20211222,20210827,08:00,LIMA,PE-1N,55,DESPISTE,0,0,55.0,2021-08-27,PE-1N,-11.725075277361876,-77.16792889663036,True
20211222,20210827,23:49,LIMA,PE-22,61,DESPISTE,0,0,61.0,2021-08-27,PE-22,-11.891414302164128,-76.49631996288396,True
20211222,20210827,12:50,LIMA,PE-22,131,CHOQUE,0,0,131.0,2021-08-27,PE-22,-11.604129142801774,-76.19653457093399,True
20211222,20210827,07:00,LIMA,PE-1N,161,CHOQUE,0,2,161.0,2021-08-27,PE-1N,-11.011661249867855,-77.60718252088589,True
20211222,20210827,07:00,PUNO,PE-34A,187,ESPECIAL,0,0,187.0,2021-08-27,PE-34A,-15.758761857926299,-70.93437972682179,True
20211222,20210827,21:00,PUNO,PE-34A,258,DESPISTE,0,0,258.0,2021-08-27,PE-34A,-15.671691149104118,-70.44925412081555,True
20211222,20210827,16:00,AMAZONAS,PE-08B,316,CHOQUE,0,1,316.0,2021-08-27,PE-08B,-6.230619859017498,-77.90812402783988,True
20211222,20210827,12:30,APURIMAC,PE-3SF,350,DESPISTE,16,2,350.0,2021-08-27,PE-3SF,-13.691116087492638,-72.34751836428995,True
20211222,20210827,22:30,AREQUIPA,PE-1S,507,CHOQUE,0,0,507.0,2021-08-27,PE-1S,-15.339440203156162,-74.89794773693738,True
20211222,20210827,06:30,APURIMAC,PE-3S,702,DESPISTE,0,3,702.0,2021-08-27,PE-3S,-13.620966192116779,-73.13730099924835,True
20211222,20210827,20:50,PUNO,PE-3S,1488,ATROPELLO,1,0,1488.0,2021-08-27,PE-3S,-16.419118485610824,-69.17853173252523,True
20211222,20210828,22:15,LORETO,LO-103,0,CHOQUE,0,2,0.0,2021-08-28,LO-103,,,True
20211222,20210828,06:20,LIMA,PE-1N,1,ESPECIAL,0,0,1.0,2021-08-28,PE-1N,-12.050405425107773,-76.97740415220201,True
20211222,20210828,07:00,PIURA,PE-1N,14,CHOQUE,0,1,14.0,2021-08-28,PE-1N,-12.009030175998237,-77.06094575860706,True
20211222,20210828,09:15,ANCASH,PE-3NE,21,DESPISTE,0,0,21.0,2021-08-28,PE-3NE,-10.08593043399992,-77.19423468899993,True
20211222,20210828,12:40,AREQUIPA,PE-34A,24,DESPISTE,0,3,24.0,2021-08-28,PE-34A,-16.421734465771436,-71.68260247600693,True
20211222,20210828,18:15,JUNIN,PE-3SA,26,CHOQUE,0,2,26.0,2021-08-28,PE-3SA,-11.637061225098675,-75.59811834425413,True
20211222,20210828,17:09,JUNIN,PE-3S,30,DESPISTE,0,4,30.0,2021-08-28,PE-3S,-11.689773911327778,-75.76956519914653,True
20211222,20210828,13:00,LIMA,PE-1N,39,ATROPELLO,0,2,39.0,2021-08-28,PE-1N,-11.81153439569187,-77.13042173959337,True
20211222,20210828,00:40,LIMA,PE-22,43,DESPISTE,1,5,43.0,2021-08-28,PE-22,-11.92426096036915,-76.63680727074977,True
20211222,20210828,05:00,ANCASH,AN-110,45,DESPISTE,0,1,45.0,2021-08-28,AN-110,,,True
20211222,20210828,08:40,ANCASH,AN-110,45,DESPISTE,0,1,45.0,2021-08-28,AN-110,,,True
20211222,20210828,13:20,TACNA,PE-1SD,46,DESPISTE,0,0,46.0,2021-08-28,PE-1SD,-16.77611966907306,-72.33005561856311,True
20211222,20210828,04:20,LIMA,PE-1S,115,DESPISTE,0,2,115.0,2021-08-28,PE-1S,-12.755272682638774,-76.60501471407265,True
20211222,20210828,19:45,PASCO,PE-3N,137,DESPISTE,1,7,137.0,2021-08-28,PE-3N,-10.661611148591415,-76.17476146280698,True
20211222,20210828,21:40,LIMA,PE-1S,139,CHOQUE,0,4,139.0,2021-08-28,PE-1S,-13.084073050921857,-76.43692930570488,True
20211222,20210828,17:30,PUNO,PE-34A,233,DESPISTE,0,0,233.0,2021-08-28,PE-34A,-15.685424782660716,-70.64490933635422,True
20211222,20210828,12:30,PUNO,PE-34B,239,DESPISTE,3,5,239.0,2021-08-28,PE-34B,-13.763574101504105,-70.47120759924195,True
20211222,20210828,15:00,PUNO,PE-34B,247,CHOQUE,0,0,247.0,2021-08-28,PE-34B,-13.71388700571445,-70.45406628857396,True
20211222,20210828,11:30,SAN MARTIN,PE-5N,503,CHOQUE,0,0,503.0,2021-08-28,PE-5N,-9.07165459775408,-76.06570753141207,True
20211222,20210828,13:15,TACNA,PE-1S,1220,DESPISTE,0,13,1220.0,2021-08-28,PE-1S,-17.73027203102161,-70.80648354331689,True
20211222,20210828,21:50,TACNA,PE-1S,1273,CHOQUE,0,6,1273.0,2021-08-28,PE-1S,-17.918398922354164,-70.36918919300099,True
20211222,20210829,11:15,LA LIBERTAD,PE-1NF,5,CHOQUE,1,1,5.0,2021-08-29,PE-1NF,-7.796759242297383,-79.13935420074758,True
20211222,20210829,18:20,AREQUIPA,AR-109,12,DESPISTE,0,0,12.0,2021-08-29,AR-109,,,True
20211222,20210829,09:20,LA LIBERTAD,PE-10A,16,CHOQUE,0,11,16.0,2021-08-29,PE-10A,-8.087993629224465,-78.8962944595847,True
20211222,20210829,06:20,ANCASH,PE-14,17,DESPISTE,0,0,17.0,2021-08-29,PE-14,-9.458249090613533,-78.15002691960878,True
20211222,20210829,11:15,LIMA,PE-16,19,CHOQUE,0,0,19.0,2021-08-29,PE-16,-10.51231083730222,-77.75622469592139,True
20211222,20210829,13:10,CAJAMARCA,PE-3N,23,CHOQUE,0,1,23.0,2021-08-29,PE-3N,-11.393428921406548,-75.88641715555012,True
20211222,20210829,12:10,JUNIN,PE-3S,32,CHOQUE,1,3,32.0,2021-08-29,PE-3S,-11.702007570424136,-75.75954884788902,True
20211222,20210829,22:30,UCAYALI,PE-18C,34,CHOQUE,0,1,34.0,2021-08-29,PE-18C,-8.595057306639342,-74.92092676722307,True
20211222,20210829,10:50,JUNIN,PE-3SA,35,CHOQUE,1,1,35.0,2021-08-29,PE-3SA,-11.582977944973273,-75.63508350873435,True
20211222,20210829,13:20,TACNA,PE-1SD,70,ESPECIAL,0,0,70.0,2021-08-29,PE-1SD,-16.866592445253175,-72.20884013589705,True
20211222,20210829,09:30,JUNIN,PE-3S,76,DESPISTE,0,2,76.0,2021-08-29,PE-3S,-11.816598209481231,-75.49327317545641,True
20211222,20210829,N.I.,LIMA,PE-1N,82,ATROPELLO,0,1,82.0,2021-08-29,PE-1N,-11.563139040290405,-77.26547950067437,True
20211222,20210829,20:20,ANCASH,PE-16,97,DESPISTE,0,0,97.0,2021-08-29,PE-16,-10.134544482032364,-77.40150212242925,True
20211222,20210829,16:00,ANCASH,PE-16,117,DESPISTE,0,0,117.0,2021-08-29,PE-16,-10.151549151453212,-77.31508234917384,True
20211222,20210829,21:30,LIMA,PE-1S,165,DESPISTE,0,1,165.0,2021-08-29,PE-1S,-13.249650866012217,-76.28420145920819,True
20211222,20210829,11:15,CAJAMARCA,PE-5N,189,DESPISTE,0,1,189.0,2021-08-29,PE-5N,-9.99997655429468,-75.04182082744634,True
20211222,20210829,15:00,ICA,PE-1S,199,DESPISTE,0,1,199.0,2021-08-29,PE-1S,-13.48239984615401,-76.13863094744637,True
20211222,20210829,10:00,LIMA,PE-1N,216,DESPISTE,0,4,216.0,2021-08-29,PE-1N,-10.61866465204343,-77.86581141240966,True
20211222,20210829,15:50,AMAZONAS,PE-5N,277,DESPISTE,0,0,277.0,2021-08-29,PE-5N,-9.26711129958581,-75.00966863899504,True
20211222,20210829,13:20,PIURA,PE-1N,943,CHOQUE,0,1,943.0,2021-08-29,PE-1N,-5.63124372344421,-80.57755560607377,True
20211222,20210829,06:30,AREQUIPA,PE-1S,976,CHOQUE,1,0,976.0,2021-08-29,PE-1S,-16.590818536981548,-71.84793046778137,True
20211222,20210829,04:00,PUNO,PE-3S,1182,DESPISTE,0,0,1182.0,2021-08-29,PE-3S,-14.61283793651931,-70.78545944116713,True
20211222,20210829,21:30,PUNO,PE-3S,1368,ATROPELLO,1,0,1368.0,2021-08-29,PE-3S,-15.864686684697997,-69.99439364181934,True
20211222,20210830,11:30,LIMA,PE-16,2,DESPISTE,0,12,2.0,2021-08-30,PE-16,-10.646153155420205,-77.80414823706126,True
20211222,20210830,17:30,LORETO,LO-103,4,CHOQUE,0,1,4.0,2021-08-30,LO-103,,,True
20211222,20210830,05:20,CAJAMARCA,PE-08A,4,DESPISTE,0,1,4.0,2021-08-30,PE-08A,-7.196452958082224,-78.82916190305359,True
20211222,20210830,20:05,JUNIN,PE-3SA,5,DESPISTE,0,0,5.0,2021-08-30,PE-3SA,-11.762804358962407,-75.50602285261688,True
20211222,20210830,08:40,JUNIN,PE-3S,13,DESPISTE,0,4,13.0,2021-08-30,PE-3S,-11.585537951932846,-75.84682472954167,True
20211222,20210830,04:00,AMAZONAS,AM-103,13,DESPISTE,5,1,13.0,2021-08-30,AM-103,,,True
20211222,20210830,12:00,PIURA,PE-1NN,44,CHOQUE,1,0,44.0,2021-08-30,PE-1NN,-4.591620340645483,-80.52093673145663,True
20211222,20210830,04:15,JUNIN,PE-3N,45,DESPISTE,1,19,45.0,2021-08-30,PE-3N,-11.217883138105051,-75.94649639242394,True
20211222,20210830,11:40,LIMA,PE-1N,48,ATROPELLO,0,1,48.0,2021-08-30,PE-1N,-11.746533717388017,-77.1427832539304,True
20211222,20210830,15:30,CUSCO,PE-28B,65,CHOQUE,0,2,65.0,2021-08-30,PE-28B,-12.941014649412473,-74.02184364239965,True
20211222,20210830,20:35,LIMA,PE-22,65,DESPISTE,0,0,65.0,2021-08-30,PE-22,-11.884264278557733,-76.46441541038381,True
20211222,20210830,14:15,HUANUCO,PE-18A,65,CHOQUE,0,0,65.0,2021-08-30,PE-18A,-9.655552621795369,-76.0676299207065,True
20211222,20210830,05:00,LAMBAYEQUE,PE-1NJ,90,CHOQUE,0,1,90.0,2021-08-30,PE-1NJ,-5.9929179747445085,-79.73251624499106,True
20211222,20210830,14:20,LIMA,PE-1N,104,CHOQUE,0,2,104.0,2021-08-30,PE-1N,-11.411127109563516,-77.37555094068351,True
20211222,20210830,19:00,JUNIN,PE-22,142,DESPISTE,0,0,142.0,2021-08-30,PE-22,-11.60270508930999,-76.12294873914567,True
20211222,20210830,21:30,ANCASH,PE-3N,164,CHOQUE,0,1,164.0,2021-08-30,PE-3N,-10.464189509872593,-76.18242559331125,True
20211222,20210830,13:00,PIURA,PE-1NJ,167,CHOQUE,1,0,167.0,2021-08-30,PE-1NJ,-5.444499845477703,-80.02051662562307,True
20211222,20210830,08:30,MADRE DE DIOS,PE-30C,319,CHOQUE,0,2,319.0,2021-08-30,PE-30C,-12.877579958144668,-70.04052437076157,True
20211222,20210830,10:45,ANCASH,PE-1N,338,CHOQUE,0,0,338.0,2021-08-30,PE-1N,-9.751606454705291,-78.24623180646212,True
20211222,20210830,11:00,MADRE DE DIOS,PE-30C,340,CHOQUE,0,2,340.0,2021-08-30,PE-30C,-12.88605104901094,-69.8726667769615,True
20211222,20210830,01:50,SAN MARTIN,PE-5N,379,DESPISTE,0,1,379.0,2021-08-30,PE-5N,-8.932681598756705,-75.38425490285756,True
20211222,20210830,08:30,MADRE DE DIOS,PE-30C,390,CHOQUE,2,1,390.0,2021-08-30,PE-30C,-12.716918844141853,-69.4797521901874,True
20211222,20210830,00:20,ANCASH,PE-1N,423,CHOQUE,0,3,423.0,2021-08-30,PE-1N,-9.025129595377892,-78.61593234649202,True
20211222,20210830,17:15,LA LIBERTAD,PE-1N,504,CHOQUE,0,1,504.0,2021-08-30,PE-1N,-8.486581726307016,-78.69562211271982,True
20211222,20210830,07:30,LA LIBERTAD,PE-1N,631,CHOQUE,0,4,631.0,2021-08-30,PE-1N,-7.682874037076392,-79.32286913168389,True
20211222,20210830,18:50,AREQUIPA,PE-1S,895,CHOQUE,1,12,895.0,2021-08-30,PE-1S,-16.432173411269364,-72.30007870081752,True
20211222,20210830,12:30,PIURA,PE-1NL,1117,DESPISTE,3,2,1117.0,2021-08-30,PE-1NL,,,True
20211222,20210830,13:00,PUNO,PE-3S,1373,CHOQUE,0,3,1373.0,2021-08-30,PE-3S,-15.860533364713493,-69.95529621687066,True
20211222,20210831,20:00,PIURA,PE-1N,18,CHOQUE,0,4,18.0,2021-08-31,PE-1N,-11.973388404368107,-77.06659650425499,True
20211222,20210831,08:10,LIMA,PE-1S,27,DESPISTE,0,2,27.0,2021-08-31,PE-1S,-12.261527902956091,-76.9132123532612,True
20211222,20210831,04:15,LIMA,PE-22,72,DESPISTE,33,29,72.0,2021-08-31,PE-22,-11.86082411839993,-76.4208394004285,True
20211222,20210831,20:11,PASCO,PE-3N,144,CHOQUE,0,3,144.0,2021-08-31,PE-3N,-10.622460162551553,-76.17568696489387,True
20211222,20210831,19:30,CUSCO,PE-28B,177,DESPISTE,0,1,177.0,2021-08-31,PE-28B,-12.606690790687368,-73.76834241109535,True
20211222,20210831,17:00,TUMBES,PE-1N,195,DESPISTE,0,1,195.0,2021-08-31,PE-1N,-10.809318459769994,-77.70090883878109,True
20211222,20210831,07:00,ICA,PE-1S,212,DESPISTE,0,2,212.0,2021-08-31,PE-1S,-13.594946994637784,-76.14582798668553,True
20211222,20210831,00:30,MADRE DE DIOS,PE-30C,283,VOLCADURA,0,2,283.0,2021-08-31,PE-30C,-12.943682287969603,-70.30265255626298,True
20211222,20210831,17:50,AYACUCHO,PE-3S,347,DESPISTE,0,1,347.0,2021-08-31,PE-3S,-12.97043052920604,-74.21966994308484,True
20211222,20210831,13:00,APURIMAC,PE-30A,430,CHOQUE,0,5,430.0,2021-08-31,PE-30A,-13.810567689635988,-72.9588519732272,True
20211222,20210831,17:00,SAN MARTIN,PE-5N,576,DESPISTE,0,0,576.0,2021-08-31,PE-5N,-8.591033226004338,-76.27198029981278,True
20211222,20210831,18:30,LA LIBERTAD,PE-1N,733,DESPISTE,0,1,733.0,2021-08-31,PE-1N,-7.05105738261768,-79.57650130543955,True
20211222,20210831,09:35,AREQUIPA,PE-1S,1046,CHOQUE,0,0,1046.0,2021-08-31,PE-1S,-17.02736974420072,-71.64793535092281,True
20211222,20210831,19:20,PUNO,PE-3S,1292,CHOQUE,0,2,1292.0,2021-08-31,PE-3S,-15.303445447167997,-70.23498596772757,True
20211222,20210901,22:20,UCAYALI,PE-18C,13,CHOQUE,0,2,13.0,2021-09-01,PE-18C,-8.73463987364588,-75.01081265608232,True
20211222,20210901,19:45,MOQUEGUA,PE-36,26,ESPECIAL,0,0,26.0,2021-09-01,PE-36,-17.673058032666034,-71.22684143210316,True
20211222,20210901,03:50,JUNIN,PE-3N,56,VOLCADURA,0,1,56.0,2021-09-01,PE-3N,-11.133794755497352,-75.99175209312435,True
20211222,20210901,11:45,LIMA,PE-1N,60,DESPISTE,0,0,60.0,2021-09-01,PE-1N,-11.683661003270746,-77.18334747653448,True
20211222,20210901,19:20,PIURA,PE-3N,65,DESPISTE,0,0,65.0,2021-09-01,PE-3N,-11.053893518921935,-76.00251237165583,True
20211222,20210901,11:20,CAJAMARCA,PE-3N,84,DESPISTE,0,2,84.0,2021-09-01,PE-3N,-10.915744317557461,-76.06404027139689,True
20211222,20210901,05:27,LIMA,PE-22,94,DESPISTE,0,0,94.0,2021-09-01,PE-22,-11.770567838886798,-76.30616328310128,True
20211222,20210901,14:52,LIMA,PE-1S,140,DESPISTE,1,1,140.0,2021-09-01,PE-1S,-13.090939302944678,-76.43094339546897,True
20211222,20210901,09:00,ANCASH,PE-1N,231,CHOQUE,2,0,231.0,2021-09-01,PE-1N,-10.495832734498324,-77.9116192544961,True
20211222,20210901,08:30,ANCASH,PE-1N,242,DESPISTE,0,0,242.0,2021-09-01,PE-1N,-10.42221842525169,-77.94486781881982,True
20211222,20210901,07:50,ANCASH,PE-1N,285,DESPISTE,0,0,285.0,2021-09-01,PE-1N,-10.134814362869172,-78.11981351471424,True
20211222,20210901,09:30,AMAZONAS,PE-08B,327,CHOQUE,0,1,327.0,2021-09-01,PE-08B,-6.231746472790378,-77.86871513803968,True
20211222,20210901,07:45,HUANUCO,PE-5N,523,ESPECIAL,1,0,523.0,2021-09-01,PE-5N,-8.921625187377028,-76.09475368942243,True
20211222,20210901,06:20,LA LIBERTAD,PE-1N,529,CHOQUE,0,0,529.0,2021-09-01,PE-1N,-8.359324389322556,-78.87426304998976,True
20211222,20210901,09:50,SAN MARTIN,PE-5N,596,CHOQUE,0,1,596.0,2021-09-01,PE-5N,-8.422846331202868,-76.32609883856692,True
20211222,20210901,18:00,MADRE DE DIOS,PE-30C,613,DESPISTE,0,0,613.0,2021-09-01,PE-30C,-11.255496031950324,-69.53381335922815,True
20211222,20210901,13:40,SAN MARTIN,PE-5N,637,CHOQUE,0,0,637.0,2021-09-01,PE-5N,-8.188420603871059,-76.50462268956122,True
20211222,20210901,09:20,AREQUIPA,PE-1S,951,CHOQUE,0,3,951.0,2021-09-01,PE-1S,-16.481515495271488,-71.90513785084899,True
20211222,20210901,09:30,AREQUIPA,PE-1S,1076,CHOQUE,0,2,1076.0,2021-09-01,PE-1S,-17.156992305528416,-71.45185030152274,True
20211222,20210902,17:30,CAJAMARCA,PE-08A,14,DESPISTE,0,1,14.0,2021-09-02,PE-08A,-7.164286466929244,-78.8400862623871,True
20211222,20210902,10:30,LIMA,PE-1S,29,DESPISTE,0,0,29.0,2021-09-02,PE-1S,-12.271264375020683,-76.89771906411094,True
20211222,20210902,05:10,LIMA,PE-22,52,DESPISTE,0,0,52.0,2021-09-02,PE-22,-11.91802660952264,-76.56381610237673,True
20211222,20210902,11:49,LA LIBERTAD,PE-10A,63,DESPISTE,0,0,63.0,2021-09-02,PE-10A,-7.956817007522264,-78.62683834880887,True
20211222,20210902,06:00,LIMA,PE-22,65,DESPISTE,0,1,65.0,2021-09-02,PE-22,-11.884264278557733,-76.46441541038381,True
20211222,20210902,22:30,LIMA,PE-1N,71,CHOQUE,0,0,71.0,2021-09-02,PE-1N,-11.601556693489234,-77.19738741441675,True
20211222,20210902,00:15,PASCO,PE-3N,136,CHOQUE,0,1,136.0,2021-09-02,PE-3N,-10.664907102997306,-76.18012783244214,True
20211222,20210902,00:45,ANCASH,PE-1N,241,DESPISTE,0,0,241.0,2021-09-02,PE-1N,-10.422160852999923,-77.9358011787569,True
20211222,20210902,07:50,PUNO,PE-34B,321,CHOQUE,0,0,321.0,2021-09-02,PE-34B,-13.334183027523471,-70.33209524630915,True
20211222,20210902,19:48,LA LIBERTAD,PE-1N,732,CHOQUE,0,1,732.0,2021-09-02,PE-1N,-7.058083264723555,-79.57042450172128,True
20211222,20210902,18:00,LAMBAYEQUE,PE-1N,856,ATROPELLO,0,1,856.0,2021-09-02,PE-1N,-6.295985692109979,-80.27331531158015,True
20211222,20210902,06:45,AREQUIPA,PE-1S,991,DESPISTE,0,1,991.0,2021-09-02,PE-1S,-16.719094476812867,-71.87014460843899,True
20211222,20210902,11:30,MOQUEGUA,PE-1S,1177,DESPISTE,0,1,1177.0,2021-09-02,PE-1S,-17.514853117263637,-71.07340218427616,True
20211222,20210903,17:30,JUNIN,PE-5N,15,ESPECIAL,0,1,15.0,2021-09-03,PE-5N,-10.858242373840824,-75.27300820161662,True
20211222,20210903,06:00,TACNA,PE-1SD,43,CHOQUE,2,1,43.0,2021-09-03,PE-1SD,-16.76110091368251,-72.35120717849797,True
20211222,20210903,06:00,LIMA,PE-22,59,DESPISTE,0,0,59.0,2021-09-03,PE-22,-11.903435837709969,-76.50805556958979,True
20211222,20210903,17:50,LIMA,PE-22,109,CHOQUE,0,1,109.0,2021-09-03,PE-22,-11.691899155185,-76.26522503909958,True
20211222,20210903,23:45,ANCASH,PE-1N,231,ATROPELLO,1,0,231.0,2021-09-03,PE-1N,-10.495832734498324,-77.9116192544961,True
20211222,20210903,15:30,ANCASH,PE-1N,252,DESPISTE,0,1,252.0,2021-09-03,PE-1N,-10.368553675775402,-78.01457666703017,True
20211222,20210903,23:30,ANCASH,PE-1N,418,CHOQUE,0,0,418.0,2021-09-03,PE-1N,-9.058068068236896,-78.59017083827591,True
20211222,20210903,22:45,SAN MARTIN,PE-5N,461,CHOQUE,0,1,461.0,2021-09-03,PE-5N,-9.206953960563895,-75.82591613409042,True
20211222,20210903,15:00,LA LIBERTAD,PE-1N,715,DESPISTE,0,1,715.0,2021-09-03,PE-1N,-7.153330254089766,-79.44735450697556,True
20211222,20210903,05:45,CUSCO,PE-3S,964,CHOQUE,0,1,964.0,2021-09-03,PE-3S,-13.50758558027331,-72.00665372455148,True
20211222,20210904,02:30,LIMA,PE-1NA,18,DESPISTE,0,0,18.0,2021-09-04,PE-1NA,-11.646123812970785,-77.20818641099416,True
20211222,20210904,23:20,MOQUEGUA,PE-1SD,24,CHOQUE,0,2,24.0,2021-09-04,PE-1SD,-16.694806553923037,-72.45871090151424,True
20211222,20210904,14:37,AMAZONAS,PE-08C,33,DESPISTE,0,2,33.0,2021-09-04,PE-08C,-5.992635087303545,-77.96420917630165,True
20211222,20210904,10:30,CAJAMARCA,PE-3N,33,CHOQUE,0,1,33.0,2021-09-04,PE-3N,-11.312453060711277,-75.90278853982137,True
20211222,20210904,17:30,LIMA,PE-22,49,CHOQUE,0,2,49.0,2021-09-04,PE-22,-11.911327083082414,-76.58746626230996,True
20211222,20210904,17:00,LIMA,PE-22,54,CHOQUE,0,0,54.0,2021-09-04,PE-22,-11.913917815241849,-76.546914318066,True
20211222,20210904,06:10,LAMBAYEQUE,PE-1NJ,62,DESPISTE,0,1,62.0,2021-09-04,PE-1NJ,-6.182753408737347,-79.69846264913832,True
20211222,20210904,14:00,CAJAMARCA,PE-08B,67,CHOQUE,0,3,67.0,2021-09-04,PE-08B,-7.021818084591205,-78.2066832577294,True
20211222,20210904,05:50,ICA,PE-1S,208,CHOQUE,0,1,208.0,2021-09-04,PE-1S,-13.561667758468053,-76.13377963684293,True
20211222,20210904,19:35,PUNO,PE-34B,275,ATROPELLO,0,1,275.0,2021-09-04,PE-34B,-13.535980205013335,-70.43779092881063,True
20211222,20210904,02:00,MADRE DE DIOS,PE-30C,331,CHOQUE,0,2,331.0,2021-09-04,PE-30C,-12.901028620919545,-69.94200338456204,True
20211222,20210905,23:30,ANCASH,AN-110,6,DESPISTE,0,7,6.0,2021-09-05,AN-110,,,True
20211222,20210905,23:00,CAJAMARCA,PE-5N,8,DESPISTE,0,1,8.0,2021-09-05,PE-5N,-10.906261913442494,-75.28370743461298,True
20211222,20210905,21:06,MOQUEGUA,PE-1SD,15,CHOQUE,0,1,15.0,2021-09-05,PE-1SD,-16.680774374593856,-72.52720402081167,True
20211222,20210905,16:55,JUNIN,PE-3S,18,CHOQUE,0,6,18.0,2021-09-05,PE-3S,-11.625783517479615,-75.8345920794382,True
20211222,20210905,21:40,LIMA,PE-1NA,22,ATROPELLO,0,1,22.0,2021-09-05,PE-1NA,-11.618092544280278,-77.22471155861128,True
20211222,20210905,22:00,ANCASH,PE-14,36,CHOQUE,0,1,36.0,2021-09-05,PE-14,-9.51217342218299,-78.01201861145536,True
20211222,20210905,20:20,AMAZONAS,PE-08B,42,CHOQUE,0,2,42.0,2021-09-05,PE-08B,-7.053413290385502,-78.32101206039076,True
20211222,20210905,20:30,LAMBAYEQUE,PE-1NJ,53,ATROPELLO,0,1,53.0,2021-09-05,PE-1NJ,-6.255407359968597,-79.72884801904658,True
20211222,20210905,02:40,AREQUIPA,AR-105,57,DESPISTE,0,0,57.0,2021-09-05,AR-105,,,True
20211222,20210905,19:10,HUANUCO,PE-18A,58,CHOQUE,0,1,58.0,2021-09-05,PE-18A,-9.664909951374172,-76.07466099587704,True
20211222,20210905,17:30,LIMA,PE-18,63,CHOQUE,0,5,63.0,2021-09-05,PE-18,-11.04296770066822,-77.11590899435161,True
20211222,20210905,13:30,LIMA,PE-1N,74,CHOQUE,0,0,74.0,2021-09-05,PE-1N,-11.61032449534697,-77.223165537099,True
20211222,20210905,18:50,HUANUCO,PE-18A,95,CHOQUE,0,2,95.0,2021-09-05,PE-18A,-9.50785951150536,-75.93796806067897,True
20211222,20210905,02:45,LIMA,PE-22,108,DESPISTE,0,0,108.0,2021-09-05,PE-22,-11.698012647915725,-76.26622779065438,True
20211222,20210905,16:40,ANCASH,PE-3N,161,CHOQUE,0,2,161.0,2021-09-05,PE-3N,-10.482617397952342,-76.18455337739766,True
20211222,20210905,15:30,HUANCAVELICA,PE-3S,183,DESPISTE,0,2,183.0,2021-09-05,PE-3S,-12.441023742711154,-75.02051930764306,True
20211222,20210905,18:50,PUNO,PE-34A,195,DESPISTE,0,1,195.0,2021-09-05,PE-34A,-15.744774719250088,-70.86980576511556,True
20211222,20210905,17:30,AMAZONAS,PE-5N,226,CHOQUE,0,1,226.0,2021-09-05,PE-5N,-9.692054631034631,-75.02262411116565,True
20211222,20210905,14:30,ANCASH,PE-1N,327,CHOQUE,0,3,327.0,2021-09-05,PE-1N,-9.805590019154378,-78.17927598118283,True
20211222,20210905,06:45,AMAZONAS,PE-08B,328,DESPISTE,0,1,328.0,2021-09-05,PE-08B,-6.226303301820057,-77.86436591763244,True
20211222,20210905,22:50,LA LIBERTAD,PE-1N,523,CHOQUE,0,1,523.0,2021-09-05,PE-1N,-8.401236897384731,-78.83996567247563,True
20211222,20210905,12:00,SAN MARTIN,PE-5N,611,DESPISTE,0,4,611.0,2021-09-05,PE-5N,-8.29784601515252,-76.34665538950581,True
20211222,20210905,13:41,ANCASH,PE-3N,658,CHOQUE,0,4,658.0,2021-09-05,PE-3N,-8.987470222532371,-77.8300792636917,True
20211222,20210905,22:10,LA LIBERTAD,PE-1N,732,CHOQUE,1,0,732.0,2021-09-05,PE-1N,-7.058083264723555,-79.57042450172128,True
20211222,20210906,14:00,HUANCAVELICA,PE-3SD,28,DESPISTE,0,2,28.0,2021-09-06,PE-3SD,-12.370042572240845,-74.92029631852407,True
20211222,20210906,07:00,PASCO,PE-5N,37,DESPISTE,0,1,37.0,2021-09-06,PE-5N,-10.75187077401777,-75.29042597573167,True
20211222,20210906,06:30,AREQUIPA,PE-34,39,DESPISTE,0,0,39.0,2021-09-06,PE-34,-16.920492871561205,-72.05015489153786,True
20211222,20210906,18:30,LIMA,PE-1N,39,DESPISTE,0,1,39.0,2021-09-06,PE-1N,-11.81153439569187,-77.13042173959337,True
20211222,20210906,07:10,LIMA,PE-1N,64,CHOQUE,0,2,64.0,2021-09-06,PE-1N,-11.654955855429053,-77.19964217875955,True
20211222,20210906,04:45,PIURA,PE-02A,65,DESPISTE,0,1,65.0,2021-09-06,PE-02A,-5.420683532034558,-79.67178664011709,True
20211222,20210906,12:55,LIMA,PE-1N,68,DESPISTE,0,1,68.0,2021-09-06,PE-1N,-11.620236408031433,-77.2074018657356,True
20211222,20210906,14:40,HUANUCO,PE-18A,73,CHOQUE,0,0,73.0,2021-09-06,PE-18A,-9.62895920726086,-76.05389317823156,True
20211222,20210906,08:55,LIMA,PE-1N,92,ATROPELLO,0,1,92.0,2021-09-06,PE-1N,-11.484606749528458,-77.30619866485189,True
20211222,20210906,01:00,ANCASH,PE-16,112,DESPISTE,0,7,112.0,2021-09-06,PE-16,-10.158610269501763,-77.3300670477626,True
20211222,20210906,19:20,LIMA,PE-1S,115,DESPISTE,0,1,115.0,2021-09-06,PE-1S,-12.755272682638774,-76.60501471407265,True
20211222,20210906,21:20,JUNIN,PE-5S,129,ATROPELLO,0,1,129.0,2021-09-06,PE-5S,-11.323974287107951,-74.53581189345196,True
20211222,20210906,06:45,LIMA,PE-1N,203,CHOQUE,0,0,203.0,2021-09-06,PE-1N,-10.693887907265005,-77.78498879822675,True
20211222,20210906,06:41,PUNO,PE-34A,237,DESPISTE,0,0,237.0,2021-09-06,PE-34A,-15.688723271821132,-70.60980158270388,True
20211222,20210906,12:30,ANCASH,PE-1N,396,DESPISTE,0,1,396.0,2021-09-06,PE-1N,-9.32701651766862,-78.4050039793727,True
20211222,20210906,14:20,ANCASH,PE-1N,421,DESPISTE,0,3,421.0,2021-09-06,PE-1N,-9.041702809677355,-78.61010460164503,True
20211222,20210906,16:00,ICA,PE-1S,445,CHOQUE,0,4,445.0,2021-09-06,PE-1S,-14.840890066837805,-74.94226707693008,True
20211222,20210906,08:30,SAN MARTIN,PE-5N,475,DESPISTE,0,1,475.0,2021-09-06,PE-5N,-9.193633825279676,-75.89703599305265,True
20211222,20210906,22:30,LA LIBERTAD,PE-1N,692,CHOQUE,0,0,692.0,2021-09-06,PE-1N,-7.311750321970462,-79.48091378453562,True
20211222,20210906,06:30,LAMBAYEQUE,PE-1N,823,DESPISTE,0,7,823.0,2021-09-06,PE-1N,-6.505370167080707,-80.0663929932736,True
20211222,20210906,23:50,AREQUIPA,PE-1S,860,DESPISTE,0,0,860.0,2021-09-06,PE-1S,-16.545892162153308,-72.59250543612465,True
20211222,20210907,07:50,JUNIN,PE-3N,8,CHOQUE,0,1,8.0,2021-09-07,PE-3N,-11.481597150923148,-75.95672083384216,True
20211222,20210907,09:50,AREQUIPA,PE-34A,8,CHOQUE,0,6,8.0,2021-09-07,PE-34A,-16.505835913947873,-71.72504182789585,True
20211222,20210907,17:30,JUNIN,PE-3S,16,CHOQUE,0,0,16.0,2021-09-07,PE-3S,-11.610611498290291,-75.84209201535457,True
20211222,20210907,11:56,CAJAMARCA,PE-3N,38,DESPISTE,0,0,38.0,2021-09-07,PE-3N,-11.275576855331497,-75.92515139189797,True
20211222,20210907,13:20,AYACUCHO,PE-30A,58,CHOQUE,0,3,58.0,2021-09-07,PE-30A,-14.778600838134398,-74.6317590534081,True
20211222,20210907,07:05,LIMA,PE-1N,95,DESPISTE,0,0,95.0,2021-09-07,PE-1N,-11.46026391511033,-77.31512294925516,True
20211222,20210907,21:40,JUNIN,PE-3S,103,CHOQUE,0,0,103.0,2021-09-07,PE-3S,-11.919641697234336,-75.32117714289639,True
20211222,20210907,12:40,LIMA,PE-22,130,CHOQUE,0,0,130.0,2021-09-07,PE-22,-11.606218334641854,-76.19768237746943,True
20211222,20210907,16:00,PASCO,PE-3N,135,CHOQUE,0,0,135.0,2021-09-07,PE-3N,-10.672179466714756,-76.18285345106842,True
20211222,20210907,17:10,ANCASH,PE-3N,144,DESPISTE,0,0,144.0,2021-09-07,PE-3N,-10.622460162551553,-76.17568696489387,True
20211222,20210907,22:25,LIMA,PE-1N,180,CHOQUE,0,1,180.0,2021-09-07,PE-1N,-10.870072542326746,-77.68685728939744,True
20211222,20210907,02:30,ICA,PE-1S,220,CHOQUE,1,15,220.0,2021-09-07,PE-1S,-13.665896900753381,-76.1509436403729,True
20211222,20210907,05:40,ICA,PE-1S,240,DESPISTE,0,1,240.0,2021-09-07,PE-1S,-13.832027149666018,-76.14018477048096,True
20211222,20210907,12:00,AYACUCHO,PE-28A,284,ATROPELLO,1,0,284.0,2021-09-07,PE-28A,-13.339657188077911,-74.38446553847548,True
20211222,20210907,05:30,MADRE DE DIOS,PE-30C,318,DESPISTE,0,1,318.0,2021-09-07,PE-30C,-12.88500980482594,-70.0459349931954,True
20211222,20210907,22:10,ICA,PE-1S,413,ATROPELLO,1,1,413.0,2021-09-07,PE-1S,-14.667934004323007,-75.1626532481572,True
20211222,20210907,19:30,MADRE DE DIOS,PE-30C,445,DESPISTE,0,1,445.0,2021-09-07,PE-30C,-12.4649169377888,-69.13936099751108,True
20211222,20210907,22:30,HUANUCO,PE-5N,522,CHOQUE,0,1,522.0,2021-09-07,PE-5N,-8.927434084817307,-76.1017359248622,True
20211222,20210907,09:20,AREQUIPA,PE-1S,566,CHOQUE,1,0,566.0,2021-09-07,PE-1S,-15.671587471810064,-74.53602813031672,True
20211222,20210907,14:00,LA LIBERTAD,PE-1N,689,DESPISTE,0,0,689.0,2021-09-07,PE-1N,-7.3339359857799495,-79.4876622314431,True
20211222,20210907,00:45,AREQUIPA,PE-1S,791,CHOQUE,0,0,791.0,2021-09-07,PE-1S,-16.487134875455386,-73.01347453406848,True
20211222,20210907,05:00,AREQUIPA,PE-1S,828,CHOQUE,0,1,828.0,2021-09-07,PE-1S,-16.585631080542292,-72.73269913923401,True
20211222,20210907,06:50,MOQUEGUA,PE-1S,1199,DESPISTE,0,5,1199.0,2021-09-07,PE-1S,-17.637568699622108,-70.93330317920085,True
20211222,20210908,15:00,UCAYALI,PE-18C,17,CHOQUE,0,2,17.0,2021-09-08,PE-18C,-8.704896522742061,-74.99580171198913,True
20211222,20210908,06:15,LIMA,PE-1NA,18,DESPISTE,0,0,18.0,2021-09-08,PE-1NA,-11.646123812970785,-77.20818641099416,True
20211222,20210908,22:30,LIMA,PE-1N,28,ESPECIAL,0,0,28.0,2021-09-08,PE-1N,-11.885315733281121,-77.06851918713564,True
20211222,20210908,19:00,LIMA,PE-18,32,CHOQUE,1,1,32.0,2021-09-08,PE-18,-11.178749653196325,-77.30134173804308,True
20211222,20210908,13:30,JUNIN,PE-3SA,33,DESPISTE,0,0,33.0,2021-09-08,PE-3SA,-11.601414763754578,-75.63891571012725,True
20211222,20210908,07:00,UCAYALI,PE-18C,37,CHOQUE,0,1,37.0,2021-09-08,PE-18C,-8.57408499399194,-74.90685963982308,True
20211222,20210908,20:00,PUNO,PU-108,60,DESPISTE,0,0,60.0,2021-09-08,PU-108,,,True
20211222,20210908,02:15,TACNA,PE-1SD,75,DESPISTE,0,1,75.0,2021-09-08,PE-1SD,-16.887266210040906,-72.17134183669629,True
20211222,20210908,03:40,ANCASH,PE-16,105,DESPISTE,0,0,105.0,2021-09-08,PE-16,-10.162832984932097,-77.34585229745733,True
20211222,20210908,15:00,ANCASH,PE-16,118,DESPISTE,0,2,118.0,2021-09-08,PE-16,-10.155379135583402,-77.31674906986133,True
20211222,20210908,15:30,AYACUCHO,PE-30A,147,DESPISTE,0,0,147.0,2021-09-08,PE-30A,-14.687299635979896,-74.16394453281418,True
20211222,20210908,18:00,AMAZONAS,PE-5N,230,CHOQUE,0,0,230.0,2021-09-08,PE-5N,-9.656551473568951,-75.02170702401928,True
20211222,20210908,23:30,ANCASH,PE-1N,243,DESPISTE,0,0,243.0,2021-09-08,PE-1N,-10.419228527195349,-77.95339465002391,True
20211222,20210908,19:10,AMAZONAS,PE-08B,315,CHOQUE,0,0,315.0,2021-09-08,PE-08B,-6.225871128012581,-77.91022612409911,True
20211222,20210908,15:00,MADRE DE DIOS,PE-30C,347,ESPECIAL,0,0,347.0,2021-09-08,PE-30C,-12.877208323985247,-69.81609632297932,True
20211222,20210908,11:20,ANCASH,PE-1N,429,DESPISTE,0,1,429.0,2021-09-08,PE-1N,-9.163637837361616,-78.49298342218019,True
20211222,20210908,23:35,ANCASH,PE-1N,448,ATROPELLO,0,1,448.0,2021-09-08,PE-1N,-8.951991601291613,-78.62957830199991,True
20211222,20210908,07:30,LAMBAYEQUE,PE-1N,760,DESPISTE,0,1,760.0,2021-09-08,PE-1N,-6.912279349942581,-79.76597721420319,True
20211222,20210908,06:50,LAMBAYEQUE,PE-1N,850,CHOQUE,0,0,850.0,2021-09-08,PE-1N,-6.330725350555933,-80.2333841854761,True
20211222,20210908,09:40,AREQUIPA,PE-1S,989,DESPISTE,0,0,989.0,2021-09-08,PE-1S,-16.70104336301476,-71.87046980645803,True
20211222,20210908,12:30,PIURA,PE-1N,1011,VOLCADURA,0,0,1011.0,2021-09-08,PE-1N,-5.080529371325878,-80.70666792160071,True
20211222,20210909,09:00,PIURA,PE-1NK,4,DESPISTE,0,2,4.0,2021-09-09,PE-1NK,-5.26150024739971,-80.66762251191324,True
20211222,20210909,05:40,CALLAO,PE-20,8,CHOQUE,0,1,8.0,2021-09-09,PE-20,-11.9971865205275,-77.12625780004446,True
20211222,20210909,07:30,AREQUIPA,PE-34,9,VOLCADURA,0,0,9.0,2021-09-09,PE-34,-16.691440778853426,-71.91969137578833,True
20211222,20210909,03:40,JUNIN,PE-5S,29,CHOQUE,1,0,29.0,2021-09-09,PE-5S,-10.888888064101984,-75.10258264014128,True
20211222,20210909,07:00,AREQUIPA,AR-106,35,CHOQUE,0,0,35.0,2021-09-09,AR-106,,,True
20211222,20210909,19:00,JUNIN,PE-3N,46,CHOQUE,0,5,46.0,2021-09-09,PE-3N,-11.210247052294294,-75.95168053187457,True
20211222,20210909,07:40,JUNIN,PE-5S,75,CHOQUE,1,1,75.0,2021-09-09,PE-5S,-10.996901592490577,-74.75946647506544,True
20211222,20210909,08:00,ANCASH,PE-16,118,DESPISTE,0,0,118.0,2021-09-09,PE-16,-10.155379135583402,-77.31674906986133,True
20211222,20210909,11:35,LIMA,PE-22,125,CHOQUE,0,0,125.0,2021-09-09,PE-22,-11.614614791244527,-76.21136387393304,True
20211222,20210909,11:10,ANCASH,PE-3N,160,DESPISTE,0,1,160.0,2021-09-09,PE-3N,-10.49056525467219,-76.18615811417452,True
20211222,20210909,19:20,AYACUCHO,PE-30A,164,DESPISTE,0,1,164.0,2021-09-09,PE-30A,-14.664254330376354,-74.10067537534198,True
20211222,20210909,18:25,MOQUEGUA,PE-36A,254,DESPISTE,0,0,254.0,2021-09-09,PE-36A,-16.625566103628547,-69.42904960885113,True
20211222,20210909,19:20,SAN MARTIN,PE-5N,541,DESPISTE,0,0,541.0,2021-09-09,PE-5N,-8.770288428744477,-76.12327869596176,True
20211222,20210909,21:20,AREQUIPA,PE-1S,711,CHOQUE,0,0,711.0,2021-09-09,PE-1S,-16.250540643844484,-73.54313257183043,True
20211222,20210910,05:50,LIMA,PE-1N,5,CHOQUE,0,1,5.0,2021-09-10,PE-1N,-12.030899527517434,-77.00296103022148,True
20211222,20210910,10:00,LIMA,PE-1NA,8,CHOQUE,0,0,8.0,2021-09-10,PE-1NA,-11.71979040106858,-77.1779617640266,True
20211222,20210910,17:40,AREQUIPA,PE-34A,11,DESPISTE,0,0,11.0,2021-09-10,PE-34A,-16.48268799292572,-71.71436200117896,True
20211222,20210910,04:00,LIMA,PE-24A,15,CHOQUE,0,2,15.0,2021-09-10,PE-24A,-11.825736879420669,-75.30144179027624,True
20211222,20210910,02:24,LIMA,PE-1N,54,CHOQUE,0,1,54.0,2021-09-10,PE-1N,-11.730646156662386,-77.16112901016535,True
20211222,20210910,09:45,LIMA,PE-1N,59,CHOQUE,0,0,59.0,2021-09-10,PE-1N,-11.692192514020103,-77.18065694885097,True
20211222,20210910,11:10,JUNIN,PE-3N,63,CHOQUE,0,0,63.0,2021-09-10,PE-3N,-11.071002840476055,-75.99888770071736,True
20211222,20210910,09:00,LIMA,PE-1N,80,DESPISTE,0,1,80.0,2021-09-10,PE-1N,-11.580768556486749,-77.26134269665921,True
20211222,20210910,11:20,HUANCAVELICA,PE-28A,106,DESPISTE,0,0,106.0,2021-09-10,PE-28A,-13.601496683105822,-75.3686504134827,True
20211222,20210910,15:55,TACNA,PE-36A,127,DESPISTE,0,1,127.0,2021-09-10,PE-36A,-16.883648019654206,-70.43163455778105,True
20211222,20210910,09:23,AREQUIPA,PE-34A,164,CHOQUE,0,0,164.0,2021-09-10,PE-34A,-15.842735704559994,-71.10438247447014,True
20211222,20210910,20:10,ICA,PE-1S,238,CHOQUE,0,1,238.0,2021-09-10,PE-1S,-13.815636875862749,-76.14743987085411,True
20211222,20210910,14:10,ICA,PE-1S,427,CHOQUE,0,0,427.0,2021-09-10,PE-1S,-14.741832976435115,-75.06563542464129,True
20211222,20210910,05:32,LA LIBERTAD,PE-1N,486,DESPISTE,0,0,486.0,2021-09-10,PE-1N,-8.630076609496,-78.6380208975206,True
20211222,20210910,18:30,SAN MARTIN,PE-5N,572,CHOQUE,0,2,572.0,2021-09-10,PE-5N,-8.623896650143568,-76.25907236478307,True
20211222,20210910,08:30,SAN MARTIN,PE-5N,639,DESPISTE,0,1,639.0,2021-09-10,PE-5N,-8.18653917155887,-76.51852088826155,True
20211222,20210910,21:40,LA LIBERTAD,PE-1N,690,CHOQUE,0,0,690.0,2021-09-10,PE-1N,-7.329604528716408,-79.48028426858312,True
20211222,20210910,18:30,AREQUIPA,PE-1S,952,CHOQUE,0,4,952.0,2021-09-10,PE-1S,-16.480977901217916,-71.89647931754227,True
20211222,20210910,06:30,CUSCO,PE-3S,1027,CHOQUE,0,1,1027.0,2021-09-10,PE-3S,-13.698221348328541,-71.59695003772494,True
20211222,20210911,19:30,PIURA,PE-1N,1,CHOQUE,1,2,1.0,2021-09-11,PE-1N,-12.050405425107773,-76.97740415220201,True
20211222,20210911,11:30,JUNIN,PE-3S,16,DESPISTE,0,2,16.0,2021-09-11,PE-3S,-11.610611498290291,-75.84209201535457,True
20211222,20210911,22:30,AYACUCHO,PE-30A,123,DESPISTE,0,4,123.0,2021-09-11,PE-30A,-14.61277270454165,-74.26473582267252,True
20211222,20210911,17:30,AREQUIPA,PE-34A,130,CHOQUE,0,3,130.0,2021-09-11,PE-34A,-16.022413373208202,-71.28175563657058,True
20211222,20210911,23:30,LIMA,PE-1N,212,CHOQUE,0,0,212.0,2021-09-11,PE-1N,-10.64959579125828,-77.8481143075102,True
20211222,20210911,13:55,SAN MARTIN,PE-5N,515,CHOQUE,0,0,515.0,2021-09-11,PE-5N,-8.980096092373813,-76.08614564217095,True
20211222,20210911,18:30,SAN MARTIN,PE-5N,559,CHOQUE,0,7,559.0,2021-09-11,PE-5N,-8.732953442560154,-76.236767545482,True
20211222,20210911,18:15,PIURA,PE-1N,1003,CHOQUE,0,2,1003.0,2021-09-11,PE-1N,-5.147696505986928,-80.69696315081971,True
20211222,20210911,13:35,TACNA,PE-1S,1261,DESPISTE,0,1,1261.0,2021-09-11,PE-1S,-17.86799125519044,-70.46875736147983,True
20211222,20210912,05:00,PUNO,PU-100,2,CHOQUE,0,2,2.0,2021-09-12,PU-100,,,True
20211222,20210912,10:00,UCAYALI,PE-18C,19,CHOQUE,0,3,19.0,2021-09-12,PE-18C,-8.688082080781154,-74.99002898925876,True
20211222,20210912,17:10,JUNIN,PE-3N,40,DESPISTE,0,0,40.0,2021-09-12,PE-3N,-11.258315765329142,-75.92537476168661,True
20211222,20210912,15:30,JUNIN,PE-3SB,78,CHOQUE,0,2,78.0,2021-09-12,PE-3SB,,,True
20211222,20210912,19:17,CUSCO,PE-28B,102,DESPISTE,0,2,102.0,2021-09-12,PE-28B,-12.796497827688338,-73.99184834185104,True
20211222,20210912,15:50,CAJAMARCA,PE-08B,113,CHOQUE,0,0,113.0,2021-09-12,PE-08B,-6.879487734783531,-78.11606257881056,True
20211222,20210912,13:03,LIMA,PE-1S,115,DESPISTE,0,1,115.0,2021-09-12,PE-1S,-12.755272682638774,-76.60501471407265,True
20211222,20210912,17:45,PASCO,PE-3N,137,CHOQUE,0,2,137.0,2021-09-12,PE-3N,-10.661611148591415,-76.17476146280698,True
20211222,20210912,19:15,AREQUIPA,PE-34A,165,DESPISTE,0,1,165.0,2021-09-12,PE-34A,-15.839497944904274,-71.09582184848684,True
20211222,20210912,06:00,AMAZONAS,PE-5N,232,DESPISTE,2,0,232.0,2021-09-12,PE-5N,-9.639523974316253,-75.01664351437763,True
20211222,20210912,00:45,ICA,PE-1S,272,CHOQUE,0,1,272.0,2021-09-12,PE-1S,-13.933342134889903,-75.8891170222311,True
20211222,20210912,18:35,SAN MARTIN,PE-5N,521,DESPISTE,0,6,521.0,2021-09-12,PE-5N,-8.93321170955978,-76.1087442956977,True
20211222,20210912,00:18,APURIMAC,PE-3S,590,CHOQUE,0,0,590.0,2021-09-12,PE-3S,-13.636626251886003,-73.56959984549154,True
20211222,20210912,09:50,AREQUIPA,PE-1S,612,DESPISTE,0,1,612.0,2021-09-12,PE-1S,-15.846549194046768,-74.26199535048252,True
20211222,20210912,18:20,SAN MARTIN,PE-5N,635,DESPISTE,0,2,635.0,2021-09-12,PE-5N,-8.202750239742064,-76.49583085877693,True
20211222,20210912,07:45,AREQUIPA,PE-1S,870,DESPISTE,0,2,870.0,2021-09-12,PE-1S,-16.5350978757657,-72.50115731355729,True
20211222,20210912,08:35,AREQUIPA,PE-1S,1077,DESPISTE,0,1,1077.0,2021-09-12,PE-1S,-17.16257367941855,-71.44448090022404,True
20211222,20210913,19:30,PIURA,PE-1N,15,CHOQUE,1,2,15.0,2021-09-13,PE-1N,-11.999903495021439,-77.06246176966826,True
20211222,20210913,11:00,LIMA,PE-18,79,CHOQUE,1,12,79.0,2021-09-13,PE-18,-10.952402018611725,-77.03863607629454,True
20211222,20210913,22:40,MOQUEGUA,PE-1S,233,CHOQUE,1,0,233.0,2021-09-13,PE-1S,-13.776252844993104,-76.16970472010723,True
20211222,20210913,20:00,ANCASH,PE-1N,381,CHOQUE,0,5,381.0,2021-09-13,PE-1N,-9.447642879670099,-78.34907774610983,True
20211222,20210913,04:30,CUSCO,PE-28B,428,DESPISTE,0,2,428.0,2021-09-13,PE-28B,-12.722763336048116,-72.53052684281751,True
20211222,20210913,19:30,LA LIBERTAD,PE-1N,467,ESPECIAL,0,0,467.0,2021-09-13,PE-1N,-8.787329297542673,-78.64011451851835,True
20211222,20210913,20:00,LA LIBERTAD,PE-1N,566,ESPECIAL,0,0,566.0,2021-09-13,PE-1N,-8.139011510777463,-79.05496908632382,True
20211222,20210913,03:40,LA LIBERTAD,PE-1N,693,CHOQUE,2,1,693.0,2021-09-13,PE-1N,-7.3030689602470185,-79.47800841216059,True
20211222,20210913,19:40,AREQUIPA,PE-1S,703,CHOQUE,1,0,703.0,2021-09-13,PE-1S,-16.22855280903425,-73.61257469268678,True
20211222,20210913,08:00,APURIMAC,PE-3S,822,CHOQUE,0,1,822.0,2021-09-13,PE-3S,-13.540452351053565,-72.80137624183783,True
20211222,20210913,13:45,AREQUIPA,PE-1S,983,CHOQUE,0,0,983.0,2021-09-13,PE-1S,-16.646893387787422,-71.87159344399825,True
20211222,20210913,08:06,PIURA,PE-1N,1009,CHOQUE,0,0,1009.0,2021-09-13,PE-1N,-5.098478603892822,-80.70459295668626,True
20211222,20210913,11:20,PUNO,PE-3S,1217,CHOQUE,0,2,1217.0,2021-09-13,PE-3S,-14.853692660099638,-70.63576704354283,True
20211222,20210914,23:15,LIMA,PE-1S,31,DESPISTE,0,0,31.0,2021-09-14,PE-1S,-12.280991225376972,-76.88222016434416,True
20211222,20210914,10:45,JUNIN,PE-3SA,38,CHOQUE,0,0,38.0,2021-09-14,PE-3SA,-11.559796614149754,-75.62805828026032,True
20211222,20210914,02:10,JUNIN,PE-3N,40,VOLCADURA,0,7,40.0,2021-09-14,PE-3N,-11.258315765329142,-75.92537476168661,True
20211222,20210914,11:10,LIMA,PE-1N,56,CHOQUE,0,1,56.0,2021-09-14,PE-1N,-11.717936394248227,-77.17342758670395,True
20211222,20210914,12:40,CAJAMARCA,PE-08B,83,CHOQUE,0,1,83.0,2021-09-14,PE-08B,-6.942145124542111,-78.19005932371951,True
20211222,20210914,10:00,LIMA,PE-1N,111,DESPISTE,0,3,111.0,2021-09-14,PE-1N,-11.397662136794214,-77.41903008400746,True
20211222,20210914,17:50,PASCO,PE-3N,164,DESPISTE,0,4,164.0,2021-09-14,PE-3N,-10.464189509872593,-76.18242559331125,True
20211222,20210914,16:45,CUSCO,PE-28B,172,CHOQUE,0,3,172.0,2021-09-14,PE-28B,-12.62227191740032,-73.7946884185365,True
20211222,20210914,14:15,AREQUIPA,PE-34A,179,CHOQUE,1,3,179.0,2021-09-14,PE-34A,-15.764218560835296,-70.99473497219276,True
20211222,20210914,13:30,AYACUCHO,PE-30A,189,DESPISTE,0,1,189.0,2021-09-14,PE-30A,-14.62542602247534,-74.01970495072169,True
20211222,20210914,12:30,ICA,PE-1S,245,CHOQUE,0,3,245.0,2021-09-14,PE-1S,-13.874892257635718,-76.1250427690796,True
20211222,20210914,20:30,ICA,PE-1S,273,ATROPELLO,0,1,273.0,2021-09-14,PE-1S,-13.933963768986363,-75.87989196932685,True
20211222,20210914,17:35,LA LIBERTAD,PE-1N,703,CHOQUE,0,1,703.0,2021-09-14,PE-1N,-7.239969296964206,-79.46103238788123,True
20211222,20210914,11:30,AREQUIPA,PE-1S,858,DESPISTE,0,1,858.0,2021-09-14,PE-1S,-16.55174012884034,-72.60937234013271,True
20211222,20210914,07:30,LAMBAYEQUE,PE-1N,879,DESPISTE,0,2,879.0,2021-09-14,PE-1N,-6.183577639464651,-80.44501986536575,True
20211222,20210914,23:30,CUSCO,PE-3S,913,DESPISTE,0,0,913.0,2021-09-14,PE-3S,-13.457739732101517,-72.3933423452367,True
20211222,20210915,10:05,PUNO,PE-34I,17,DESPISTE,0,4,17.0,2021-09-15,PE-34I,-15.23355517885567,-69.6988130190957,True
20211222,20210915,06:00,LIMA,PE-22,51,DESPISTE,0,0,51.0,2021-09-15,PE-22,-11.912253920702586,-76.57031399562406,True
20211222,20210915,22:20,AYACUCHO,PE-30A,78,VOLCADURA,0,2,78.0,2021-09-15,PE-30A,-14.685439026553302,-74.49969013368549,True
20211222,20210915,14:00,LIMA,PE-1S,81,CHOQUE,0,1,81.0,2021-09-15,PE-1S,-12.639890900342413,-76.66894619223838,True
20211222,20210915,10:30,TUMBES,PE-1N,172,CHOQUE,0,1,172.0,2021-09-15,PE-1N,-10.931677307090444,-77.65061842353578,True
20211222,20210915,05:15,LIMA,PE-1N,203,ESPECIAL,0,0,203.0,2021-09-15,PE-1N,-10.693887907265005,-77.78498879822675,True
20211222,20210915,17:20,CUSCO,PE-28B,219,DESPISTE,0,0,219.0,2021-09-15,PE-28B,-12.792873699682252,-73.58822413445282,True
20211222,20210915,01:55,ICA,PE-1S,243,CHOQUE,0,0,243.0,2021-09-15,PE-1S,-13.857619701763033,-76.13115379592705,True
20211222,20210915,04:30,PUNO,PE-34H,302,ATROPELLO,1,0,302.0,2021-09-15,PE-34H,-14.218147663272987,-69.15019011316774,True
20211222,20210915,05:00,MADRE DE DIOS,PE-30C,417,CHOQUE,0,0,417.0,2021-09-15,PE-30C,-12.627267281850779,-69.25305554883332,True
20211222,20210915,20:30,MADRE DE DIOS,PE-30C,449,CHOQUE,0,1,449.0,2021-09-15,PE-30C,-12.434730189742263,-69.13300861490086,True
20211222,20210915,21:40,LA LIBERTAD,PE-1N,530,DESPISTE,0,2,530.0,2021-09-15,PE-1N,-8.351903885675238,-78.87942247942685,True
20211222,20210915,20:30,LA LIBERTAD,PE-1N,582,ATROPELLO,1,0,582.0,2021-09-15,PE-1N,-8.018465392749487,-79.07376176960064,True
20211222,20210915,08:45,LA LIBERTAD,PE-1N,711,CHOQUE,1,0,711.0,2021-09-15,PE-1N,-7.184503786591773,-79.43242627534131,True
20211222,20210915,05:35,LAMBAYEQUE,PE-1N,736,DESPISTE,2,71,736.0,2021-09-15,PE-1N,-7.030528484065737,-79.59418920905101,True
20211222,20210915,06:00,MOQUEGUA,PE-1S,1147,DESPISTE,0,0,1147.0,2021-09-15,PE-1S,-17.287254980296343,-70.98509298499943,True
20211222,20210916,20:45,CAJAMARCA,PE-3N,16,CHOQUE,0,0,16.0,2021-09-16,PE-3N,-11.427203880905033,-75.92367167749157,True
20211222,20210916,20:45,CUSCO,PE-28G,28,CHOQUE,0,0,28.0,2021-09-16,PE-28G,-13.435770211075626,-71.86555717520892,True
20211222,20210916,18:30,UCAYALI,PE-18C,33,DESPISTE,0,0,33.0,2021-09-16,PE-18C,-8.598172954558427,-74.92897332354076,True
20211222,20210916,17:20,PUNO,PE-34H,44,DESPISTE,0,0,44.0,2021-09-16,PE-34H,-15.25587506143948,-69.85452172531862,True
20211222,20210916,23:40,AYACUCHO,PE-30A,75,DESPISTE,0,1,75.0,2021-09-16,PE-30A,-14.698596110321049,-74.52210657670899,True
20211222,20210916,13:00,AREQUIPA,PE-34A,91,DESPISTE,0,0,91.0,2021-09-16,PE-34A,-16.071850618193515,-71.58169998444235,True
20211222,20210916,07:00,LIMA,PE-1N,104,DESPISTE,0,1,104.0,2021-09-16,PE-1N,-11.411127109563516,-77.37555094068351,True
20211222,20210916,09:40,LIMA,PE-22,122,DESPISTE,0,0,122.0,2021-09-16,PE-22,-11.632791050796587,-76.2289488976377,True
20211222,20210916,06:40,ANCASH,PE-3N,222,CHOQUE,0,1,222.0,2021-09-16,PE-3N,-10.024564816772985,-76.23361292636555,True
20211222,20210916,11:30,APURIMAC,PE-30A,304,DESPISTE,0,0,304.0,2021-09-16,PE-30A,-14.515328772768079,-73.2655007090384,True
20211222,20210916,04:00,MADRE DE DIOS,PE-30C,338,DESPISTE,0,1,338.0,2021-09-16,PE-30C,-12.89150840877971,-69.88961893179808,True
20211222,20210916,23:20,ICA,PE-1S,370,DESPISTE,0,0,370.0,2021-09-16,PE-1S,-14.48367374254584,-75.33035036461084,True
20211222,20210916,14:40,SAN MARTIN,PE-5N,586,CHOQUE,0,4,586.0,2021-09-16,PE-5N,-8.506881559200266,-76.30272871867734,True
20211222,20210917,08:45,MOQUEGUA,PE-1SD,3,DESPISTE,0,4,3.0,2021-09-17,PE-1SD,-16.66352714837434,-72.60139813240598,True
20211222,20210917,13:50,LIMA,LI-128,3,DESPISTE,1,0,3.0,2021-09-17,LI-128,,,True
20211222,20210917,10:30,LA LIBERTAD,PE-10C,13,VOLCADURA,0,1,13.0,2021-09-17,PE-10C,-7.816261291999922,-77.88230788950975,True
20211222,20210917,20:00,UCAYALI,PE-18C,17,CHOQUE,0,3,17.0,2021-09-17,PE-18C,-8.704896522742061,-74.99580171198913,True
20211222,20210917,23:30,ANCASH,PE-14,27,CHOQUE,0,1,27.0,2021-09-17,PE-14,-9.501688702662095,-78.07946516735761,True
20211222,20210917,09:54,PIURA,PE-02,38,VOLCADURA,0,1,38.0,2021-09-17,PE-02,-5.111668957435555,-81.0132471780824,True
20211222,20210917,19:25,LIMA,PE-1N,91,CHOQUE,0,1,91.0,2021-09-17,PE-1N,-11.493239872762386,-77.30375846221524,True
20211222,20210917,19:30,UCAYALI,PE-5N,111,CHOQUE,0,3,111.0,2021-09-17,PE-5N,-10.47614891655486,-75.03090147222228,True
20211222,20210917,21:10,ANCASH,PE-16,115,CHOQUE,0,1,115.0,2021-09-17,PE-16,-10.1564933293055,-77.32472217852859,True
20211222,20210917,17:10,ANCASH,PE-3N,133,DESPISTE,0,0,133.0,2021-09-17,PE-3N,-10.689057854499133,-76.187226378255,True
20211222,20210917,17:00,ICA,PE-1S,219,CHOQUE,1,0,219.0,2021-09-17,PE-1S,-13.656993641462583,-76.15074951237402,True
20211222,20210917,06:00,PUNO,PE-34B,221,DESPISTE,0,0,221.0,2021-09-17,PE-34B,-13.848182284293026,-70.50301064747433,True
20211222,20210917,05:40,PUNO,PE-34B,264,DESPISTE,0,10,264.0,2021-09-17,PE-34B,-13.613845502990223,-70.44775625213907,True
20211222,20210917,19:00,ICA,PE-1S,265,ESPECIAL,0,0,265.0,2021-09-17,PE-1S,-13.929912288595062,-75.95373348987782,True
20211222,20210917,09:20,AREQUIPA,PE-1S,586,VOLCADURA,0,0,586.0,2021-09-17,PE-1S,-15.778417521020591,-74.42300611797073,True
20211222,20210917,02:10,APURIMAC,PE-3S,809,DESPISTE,0,0,809.0,2021-09-17,PE-3S,-13.58358061007186,-72.83539502678221,True
20211222,20210917,05:23,LAMBAYEQUE,PE-1N,827,DESPISTE,0,0,827.0,2021-09-17,PE-1N,-6.483470659093979,-80.09519517286058,True
20211222,20210917,05:23,LAMBAYEQUE,PE-1N,827,DESPISTE,0,0,827.0,2021-09-17,PE-1N,-6.483470659093979,-80.09519517286058,True
20211222,20210917,19:30,AREQUIPA,PE-1S,992,DESPISTE,0,1,992.0,2021-09-17,PE-1S,-16.72811979638674,-71.86997603606923,True
20211222,20210917,08:00,MOQUEGUA,PE-1S,1186,DESPISTE,0,2,1186.0,2021-09-17,PE-1S,-17.580195875434125,-71.03282449801897,True
20211222,20210918,00:30,CALLAO,PE-20,6,CHOQUE,0,2,6.0,2021-09-18,PE-20,-11.876605434387821,-77.12688561279874,True
20211222,20210918,20:30,UCAYALI,PE-18C,18,CHOQUE,0,2,18.0,2021-09-18,PE-18C,-8.695965650305755,-74.9942999811364,True
20211222,20210918,07:35,CAJAMARCA,PE-3N,47,DESPISTE,0,3,47.0,2021-09-18,PE-3N,-11.20261058650003,-75.95686522977036,True
20211222,20210918,23:30,LAMBAYEQUE,PE-1NJ,86,DESPISTE,0,1,86.0,2021-09-18,PE-1NJ,-5.995402647712725,-79.69613464165884,True
20211222,20210918,12:50,LIMA,PE-22,103,DESPISTE,0,0,103.0,2021-09-18,PE-22,-11.73365941660597,-76.26027361787592,True
20211222,20210918,N.I.,LIMA,PE-1N,105,CHOQUE,0,1,105.0,2021-09-18,PE-1N,-11.410001373372921,-77.3830893537015,True
20211222,20210918,21:15,AREQUIPA,PE-34A,136,DESPISTE,0,5,136.0,2021-09-18,PE-34A,-15.996477473793243,-71.25509810275335,True
20211222,20210918,15:30,AYACUCHO,PE-30A,164,CHOQUE,0,3,164.0,2021-09-18,PE-30A,-14.664254330376354,-74.10067537534198,True
20211222,20210918,20:15,LIMA,PE-1N,190,DESPISTE,1,2,190.0,2021-09-18,PE-1N,-10.82812858514916,-77.70015095961433,True
20211222,20210918,03:20,ANCASH,PE-1N,236,CHOQUE,0,1,236.0,2021-09-18,PE-1N,-10.452843299167286,-77.92232893887284,True
20211222,20210918,09:30,PUNO,PE-34B,265,CHOQUE,0,1,265.0,2021-09-18,PE-34B,-13.607042869743141,-70.44893405014717,True
20211222,20210918,13:50,APURIMAC,PE-30A,362,DESPISTE,1,0,362.0,2021-09-18,PE-30A,-14.184473997844174,-73.32175536677374,True
20211222,20210918,15:25,ANCASH,PE-1N,380,CHOQUE,0,1,380.0,2021-09-18,PE-1N,-9.452961273971308,-78.34184430665518,True
20211222,20210918,20:10,SAN MARTIN,PE-5N,598,CHOQUE,1,0,598.0,2021-09-18,PE-5N,-8.40772256033057,-76.3191850951517,True
20211222,20210918,21:20,LA LIBERTAD,PE-1N,634,ATROPELLO,0,3,634.0,2021-09-18,PE-1N,-7.6598313151987565,-79.3359434906743,True
20211222,20210918,23:00,PUNO,PE-3S,1195,DESPISTE,0,0,1195.0,2021-09-18,PE-3S,-14.71002791310811,-70.74862742367564,True
20211222,20210918,07:00,PUNO,PE-3S,1454,DESPISTE,0,0,1454.0,2021-09-18,PE-3S,-16.223437777699417,-69.38824737967238,True
20211222,20210919,02:30,HUANUCO,PE-3N,0,DESPISTE,0,0,0.0,2021-09-19,PE-3N,-11.522644942999932,-75.90932789099992,True
20211222,20210919,01:50,PASCO,PE-5N,2,CHOQUE,1,1,2.0,2021-09-19,PE-5N,-10.950227213342961,-75.29050080578948,True
20211222,20210919,15:00,LORETO,LO-103,6,ATROPELLO,0,2,6.0,2021-09-19,LO-103,,,True
20211222,20210919,19:00,UCAYALI,PE-18C,16,CHOQUE,0,1,16.0,2021-09-19,PE-18C,-8.71277497936731,-74.99922112297145,True
20211222,20210919,04:30,LIMA,LM-117,21,CHOQUE,0,3,21.0,2021-09-19,LM-117,,,True
20211222,20210919,18:30,ANCASH,PE-14,28,VOLCADURA,0,0,28.0,2021-09-19,PE-14,-9.503534544429254,-78.07189243886165,True
20211222,20210919,10:30,PUNO,PU-123,30,ATROPELLO,1,0,30.0,2021-09-19,PU-123,,,True
20211222,20210919,21:30,LAMBAYEQUE,PE-1NJ,70,CHOQUE,0,1,70.0,2021-09-19,PE-1NJ,-6.1214025165626955,-79.71429636256971,True
20211222,20210919,12:40,AREQUIPA,PE-34A,73,CHOQUE,0,3,73.0,2021-09-19,PE-34A,-16.176169018141145,-71.64835508101379,True
20211222,20210919,01:50,JUNIN,PE-3S,77,DESPISTE,0,0,77.0,2021-09-19,PE-3S,-11.808046452021287,-75.49246551529983,True
20211222,20210919,06:30,LIMA,PE-22,85,DESPISTE,0,0,85.0,2021-09-19,PE-22,-11.797678584749768,-76.33832511331053,True
20211222,20210919,13:30,LIMA,PE-22,104,CHOQUE,0,2,104.0,2021-09-19,PE-22,-11.728604817396894,-76.26635611031409,True
20211222,20210919,16:40,LIMA,PE-1S,110,CHOQUE,0,2,110.0,2021-09-19,PE-1S,-12.820828948306561,-76.53619599490834,True
20211222,20210919,13:45,LIMA,PE-22,113,DESPISTE,0,3,113.0,2021-09-19,PE-22,-11.666008721863115,-76.25325430604694,True
20211222,20210919,03:45,LIMA,PE-1S,144,CHOQUE,0,6,144.0,2021-09-19,PE-1S,-13.115718085059513,-76.40483713817392,True
20211222,20210919,15:40,ICA,PE-1S,258,DESPISTE,0,1,258.0,2021-09-19,PE-1S,-13.91142639830743,-76.01379451507303,True
20211222,20210919,13:50,SAN MARTIN,PE-5N,389,DESPISTE,0,0,389.0,2021-09-19,PE-5N,-8.976715500922113,-75.43990740165607,True
20211222,20210919,12:15,SAN MARTIN,PE-5N,603,CHOQUE,0,1,603.0,2021-09-19,PE-5N,-8.368298862127428,-76.3333853385617,True
20211222,20210919,20:30,LA LIBERTAD,PE-1N,608,CHOQUE,0,1,608.0,2021-09-19,PE-1N,-7.815339110192899,-79.17787591065479,True
20211222,20210919,06:30,PIURA,PE-1NL,1050,DESPISTE,0,1,1050.0,2021-09-19,PE-1NL,,,True
20211222,20210920,11:30,AREQUIPA,PE-34C,4,DESPISTE,0,2,4.0,2021-09-20,PE-34C,-16.415850564175603,-71.55148132298915,True
20211222,20210920,06:20,PIURA,PE-1NL,7,CHOQUE,2,3,7.0,2021-09-20,PE-1NL,-4.919540132126732,-80.63624041621233,True
20211222,20210920,17:20,UCAYALI,PE-18C,13,CHOQUE,0,1,13.0,2021-09-20,PE-18C,-8.73463987364588,-75.01081265608232,True
20211222,20210920,21:15,JUNIN,PE-3N,48,CHOQUE,0,0,48.0,2021-09-20,PE-3N,-11.195627548029286,-75.96281699813696,True
20211222,20210920,21:30,PASCO,PE-3N,91,CHOQUE,0,0,91.0,2021-09-20,PE-3N,-10.871667964356407,-76.10877296333153,True
20211222,20210920,09:40,CAJAMARCA,PE-08,162,DESPISTE,0,2,162.0,2021-09-20,PE-08,-7.248844755919053,-78.47232423473187,True
20211222,20210920,04:00,PUNO,PE-34A,219,CHOQUE,0,0,219.0,2021-09-20,PE-34A,-15.652890784705022,-70.74417909858708,True
20211222,20210920,08:10,ICA,PE-1S,236,DESPISTE,0,0,236.0,2021-09-20,PE-1S,-13.800013000383947,-76.15674959966383,True
20211222,20210920,05:16,MADRE DE DIOS,PE-30C,347,DESPISTE,0,0,347.0,2021-09-20,PE-30C,-12.877208323985247,-69.81609632297932,True
20211222,20210920,03:20,ANCASH,PE-1N,365,DESPISTE,0,1,365.0,2021-09-20,PE-1N,-9.533345769315334,-78.27698490787714,True
20211222,20210920,20:45,APURIMAC,PE-30A,386,CHOQUE,0,0,386.0,2021-09-20,PE-30A,-14.022326739308003,-73.21007560659571,True
20211222,20210920,10:10,MADRE DE DIOS,PE-30C,410,DESPISTE,0,0,410.0,2021-09-20,PE-30C,-12.654291199502014,-69.3049976961437,True
20211222,20210920,07:00,APURIMAC,PE-3S,635,DESPISTE,0,7,635.0,2021-09-20,PE-3S,-13.64300356291464,-73.35693410900612,True
20211222,20210920,07:00,PIURA,PE-1N,965,CHOQUE,0,2,965.0,2021-09-20,PE-1N,-5.435831754138994,-80.60980807884029,True
20211222,20210920,23:13,CUSCO,PE-3S,1082,CHOQUE,0,1,1082.0,2021-09-20,PE-3S,-14.099419698554003,-71.43602057642967,True
20211222,20210921,12:34,AREQUIPA,PE-34,8,CHOQUE,0,1,8.0,2021-09-21,PE-34,-16.6839651582093,-71.91433737218445,True
20211222,20210921,00:30,LIMA,PE-22,41,CHOQUE,0,1,41.0,2021-09-21,PE-22,-11.925039776491657,-76.65433900407028,True
20211222,20210921,11:00,CUSCO,PE-28B,46,DESPISTE,0,1,46.0,2021-09-21,PE-28B,-12.954146801133813,-74.0492245005502,True
20211222,20210921,11:00,JUNIN,PE-5S,53,DESPISTE,0,4,53.0,2021-09-21,PE-5S,-10.89279587595599,-74.91700700521149,True
20211222,20210921,12:00,LIMA,PE-22,54,ATROPELLO,0,1,54.0,2021-09-21,PE-22,-11.913917815241849,-76.546914318066,True
20211222,20210921,16:30,UCAYALI,PE-18C,63,CHOQUE,0,1,63.0,2021-09-21,PE-18C,-8.42894844291345,-74.72799147489481,True
20211222,20210921,01:10,LAMBAYEQUE,PE-1NJ,64,CHOQUE,0,2,64.0,2021-09-21,PE-1NJ,-6.164759545988507,-79.69936660210942,True
20211222,20210921,02:35,LIMA,PE-1N,71,DESPISTE,1,10,71.0,2021-09-21,PE-1N,-11.601556693489234,-77.19738741441675,True
20211222,20210921,17:56,MOQUEGUA,PE-36A,113,DESPISTE,0,0,113.0,2021-09-21,PE-36A,-16.869303726105926,-70.5171096096245,True
20211222,20210921,16:15,UCAYALI,PE-5N,117,DESPISTE,0,1,117.0,2021-09-21,PE-5N,-10.461943069001453,-75.02470660209094,True
20211222,20210921,20:26,MOQUEGUA,PE-36B,155,DESPISTE,0,0,155.0,2021-09-21,PE-36B,-15.858725655232016,-70.0160851474795,True
20211222,20210921,15:50,AREQUIPA,PE-34A,156,DESPISTE,0,1,156.0,2021-09-21,PE-34A,-15.886122430567605,-71.16306524803484,True
20211222,20210921,11:50,CAJAMARCA,PE-5N,186,DESPISTE,0,2,186.0,2021-09-21,PE-5N,-10.024122949951499,-75.03626739912796,True
20211222,20210921,10:25,ANCASH,PE-1N,284,DESPISTE,0,4,284.0,2021-09-21,PE-1N,-10.142256232715821,-78.1146386767714,True
20211222,20210921,18:30,UCAYALI,PE-5N,456,CHOQUE,0,0,456.0,2021-09-21,PE-5N,-9.199605801966364,-75.79680655258112,True
20211222,20210922,09:00,JUNIN,PE-3SC,2,DESPISTE,0,0,2.0,2021-09-22,PE-3SC,-12.091588049651584,-75.19607155355511,True
20211222,20210922,22:50,PUNO,PE-34H,5,CHOQUE,0,1,5.0,2021-09-22,PE-34H,-15.452995454772624,-70.0981137933908,True
20211222,20210922,18:00,AYACUCHO,PE-28B,28,DESPISTE,0,3,28.0,2021-09-22,PE-28B,-13.011556240357441,-74.12240369045043,True
20211222,20210922,09:40,JUNIN,PE-5S,29,CHOQUE,0,0,29.0,2021-09-22,PE-5S,-10.888888064101984,-75.10258264014128,True
20211222,20210922,06:35,JUNIN,PE-3SA,44,CHOQUE,0,2,44.0,2021-09-22,PE-3SA,-11.525883166927654,-75.6378598337128,True
20211222,20210922,14:50,PUNO,PE-34H,51,CHOQUE,1,1,51.0,2021-09-22,PE-34H,-15.210990776768705,-69.82798000063845,True
20211222,20210922,19:30,LIMA,PE-1S,53,ESPECIAL,0,0,53.0,2021-09-22,PE-1S,-12.424112563376994,-76.75390574014192,True
20211222,20210922,14:30,LIMA,PE-1S,57,CHOQUE,0,1,57.0,2021-09-22,PE-1S,-12.459353853415445,-76.75305506986528,True
20211222,20210922,14:55,LIMA,PE-1N,75,CHOQUE,0,0,75.0,2021-09-22,PE-1N,-11.613182867318377,-77.23179150617773,True
20211222,20210922,14:15,ANCASH,AN-107,84,CHOQUE,0,1,84.0,2021-09-22,AN-107,,,True
20211222,20210922,19:00,LIMA,PE-1N,92,CHOQUE,0,1,92.0,2021-09-22,PE-1N,-11.484606749528458,-77.30619866485189,True
20211222,20210922,14:30,AYACUCHO,PE-30A,98,DESPISTE,0,6,98.0,2021-09-22,PE-30A,-14.65957252073381,-74.32308046214345,True
20211222,20210922,18:10,CUSCO,PE-28B,174,CHOQUE,0,1,174.0,2021-09-22,PE-28B,-12.61867970220413,-73.78852379805937,True
20211222,20210922,18:30,MOQUEGUA,PE-36A,197,DESPISTE,0,0,197.0,2021-09-22,PE-36A,-16.762909769987765,-69.8608178619965,True
20211222,20210922,15:30,MOQUEGUA,PE-1SD,198,DESPISTE,0,0,198.0,2021-09-22,PE-1SD,-17.337563850232456,-71.43071119261562,True
20211222,20210922,19:00,MADRE DE DIOS,PE-30C,508,CHOQUE,0,0,508.0,2021-09-22,PE-30C,-11.937921816724584,-69.12071541664312,True
20211222,20210922,06:10,LA LIBERTAD,PE-1N,537,DESPISTE,1,0,537.0,2021-09-22,PE-1N,-8.296192862371239,-78.90823209544929,True
20211222,20210922,11:00,APURIMAC,PE-3S,580,DESPISTE,0,20,580.0,2021-09-22,PE-3S,-13.601276502493711,-73.60383579284594,True
20211222,20210922,10:35,ANCASH,PE-3N,589,DESPISTE,0,0,589.0,2021-09-22,PE-3N,-9.451372375600984,-77.54282821739503,True
20211222,20210922,07:00,AREQUIPA,PE-1S,918,CHOQUE,1,4,918.0,2021-09-22,PE-1S,-16.35172509944231,-72.12728959413069,True
20211222,20210922,07:50,CUSCO,PE-3S,920,DESPISTE,0,1,920.0,2021-09-22,PE-3S,-13.44055690926429,-72.3564750817034,True
20211222,20210922,11:00,AREQUIPA,PE-1S,933,DESPISTE,0,0,933.0,2021-09-22,PE-1S,-16.41924513773572,-72.03515981837046,True
20211222,20210923,03:20,LIMA,PE-1S,29,DESPISTE,0,1,29.0,2021-09-23,PE-1S,-12.271264375020683,-76.89771906411094,True
20211222,20210923,05:30,JUNIN,PE-3S,30,DESPISTE,0,1,30.0,2021-09-23,PE-3S,-11.689773911327778,-75.76956519914653,True
20211222,20210923,14:30,PIURA,PE-1N,33,DESPISTE,0,0,33.0,2021-09-23,PE-1N,-11.850439659799624,-77.09227157137903,True
20211222,20210923,09:00,MOQUEGUA,PE-36,34,DESPISTE,0,0,34.0,2021-09-23,PE-36,-17.68707888060677,-71.28782873458876,True
20211222,20210923,11:30,JUNIN,PE-3S,57,DESPISTE,0,2,57.0,2021-09-23,PE-3S,-11.812447088772611,-75.60885308812534,True
20211222,20210923,17:20,LIMA,PE-1S,62,CHOQUE,0,2,62.0,2021-09-23,PE-1S,-12.502971764565988,-76.74078328237132,True
20211222,20210923,09:30,AYACUCHO,PE-30A,76,DESPISTE,1,0,76.0,2021-09-23,PE-30A,-14.693749023348792,-74.51543259021044,True
20211222,20210923,11:50,UCAYALI,PE-18C,83,DESPISTE,0,0,83.0,2021-09-23,PE-18C,-8.38557327394226,-74.55234220333537,True
20211222,20210923,12:53,AREQUIPA,PE-34A,119,CHOQUE,0,0,119.0,2021-09-23,PE-34A,-16.06696825950054,-71.36374955700367,True
20211222,20210923,01:00,HUANCAVELICA,PE-28A,138,CHOQUE,0,0,138.0,2021-09-23,PE-28A,-13.568477562214182,-75.23540418547292,True
20211222,20210923,07:40,PASCO,PE-3N,146,DESPISTE,0,0,146.0,2021-09-23,PE-3N,-10.6056652750399,-76.18111560098802,True
20211222,20210923,22:30,TUMBES,PE-1N,158,CHOQUE,1,4,158.0,2021-09-23,PE-1N,-11.033520215114203,-77.59178721245048,True
20211222,20210923,05:15,LIMA,PE-1S,163,CHOQUE,0,4,163.0,2021-09-23,PE-1S,-13.233801094868728,-76.29284599213716,True
20211222,20210923,06:30,ICA,PE-1S,186,DESPISTE,0,0,186.0,2021-09-23,PE-1S,-13.413397208384122,-76.18864368453282,True
20211222,20210923,21:40,ICA,PE-1S,211,CHOQUE,0,6,211.0,2021-09-23,PE-1S,-13.587528298624434,-76.1406238089412,True
20211222,20210923,13:00,ANCASH,PE-1N,334,VOLCADURA,0,0,334.0,2021-09-23,PE-1N,-9.775734225413647,-78.2252972227073,True
20211222,20210923,21:00,ANCASH,PE-1N,339,VOLCADURA,0,0,339.0,2021-09-23,PE-1N,-9.743292883306509,-78.24983650562633,True
20211222,20210923,18:35,CUSCO,PE-28B,440,CHOQUE,0,0,440.0,2021-09-23,PE-28B,-12.775592536218108,-72.59495812328937,True
20211222,20210923,00:30,LA LIBERTAD,PE-1N,473,ESPECIAL,0,0,473.0,2021-09-23,PE-1N,-8.73394144770819,-78.63507987271939,True
20211222,20210923,12:00,SAN MARTIN,PE-5N,573,ATROPELLO,1,0,573.0,2021-09-23,PE-5N,-8.615344194094552,-76.2611480391341,True
20211222,20210923,11:30,LA LIBERTAD,PE-1N,670,CHOQUE,0,2,670.0,2021-09-23,PE-1N,-7.419046261565201,-79.50003684708348,True
20211222,20210924,13:05,JUNIN,PE-3S,16,DESPISTE,0,2,16.0,2021-09-24,PE-3S,-11.610611498290291,-75.84209201535457,True
20211222,20210924,11:50,AREQUIPA,PE-34A,25,DESPISTE,1,1,25.0,2021-09-24,PE-34A,-16.425860261011604,-71.67502104404669,True
20211222,20210924,23:00,ANCASH,PE-16,80,CHOQUE,0,1,80.0,2021-09-24,PE-16,-10.155860386428229,-77.47369689648846,True
20211222,20210924,10:40,JUNIN,PE-5S,88,CHOQUE,0,0,88.0,2021-09-24,PE-5S,-11.086261399964052,-74.70834397433103,True
20211222,20210924,15:40,LIMA,PE-1N,140,DESPISTE,0,3,140.0,2021-09-24,PE-1N,-11.186276381851288,-77.57502952434693,True
20211222,20210924,18:55,LIMA,PE-1N,173,CHOQUE,0,4,173.0,2021-09-24,PE-1N,-10.923209870838988,-77.65359832558893,True
20211222,20210924,23:30,ICA,PE-1S,312,CHOQUE,1,2,312.0,2021-09-24,PE-1S,-14.189305575561495,-75.7144137465509,True
20211222,20210924,19:15,SAN MARTIN,PE-5N,476,CHOQUE,1,0,476.0,2021-09-24,PE-5N,-9.19272992248493,-75.90554167354084,True
20211222,20210924,18:25,LA LIBERTAD,PE-1N,619,DESPISTE,0,1,619.0,2021-09-24,PE-1N,-7.766749157064389,-79.26120345200825,True
20211222,20210925,20:00,LA LIBERTAD,PE-10A,18,DESPISTE,0,2,18.0,2021-09-25,PE-10A,-8.081457306705294,-78.87978124952662,True
20211222,20210925,21:00,ICA,PE-30A,27,DESPISTE,1,2,27.0,2021-09-25,PE-30A,-14.87001376149274,-74.77778354245625,True
20211222,20210925,13:50,CUSCO,PE-28G,28,VOLCADURA,0,6,28.0,2021-09-25,PE-28G,-13.435770211075626,-71.86555717520892,True
20211222,20210925,17:00,UCAYALI,PE-18C,39,CHOQUE,0,1,39.0,2021-09-25,PE-18C,-8.562401450113732,-74.8938564370962,True
20211222,20210925,20:00,JUNIN,PE-3SA,39,CHOQUE,0,0,39.0,2021-09-25,PE-3SA,-11.552101729754876,-75.626148561126,True
20211222,20210925,03:40,JUNIN,PE-3N,65,DESPISTE,0,1,65.0,2021-09-25,PE-3N,-11.053893518921935,-76.00251237165583,True
20211222,20210925,06:42,MOQUEGUA,PE-36A,75,CHOQUE,0,1,75.0,2021-09-25,PE-36A,-16.98208224872868,-70.69948940241194,True
20211222,20210925,18:30,LAMBAYEQUE,PE-1NJ,130,DESPISTE,0,2,130.0,2021-09-25,PE-1NJ,-5.684234762372059,-79.87293819509638,True
20211222,20210925,08:00,LIMA,PE-1S,141,DESPISTE,0,0,141.0,2021-09-25,PE-1S,-13.097805878041688,-76.42495767818772,True
20211222,20210925,21:20,LIMA,PE-1S,144,CHOQUE,0,2,144.0,2021-09-25,PE-1S,-13.115718085059513,-76.40483713817392,True
20211222,20210925,21:30,TUMBES,PE-1N,190,CHOQUE,0,2,190.0,2021-09-25,PE-1N,-10.82812858514916,-77.70015095961433,True
20211222,20210925,06:30,ANCASH,PE-1N,248,DESPISTE,0,2,248.0,2021-09-25,PE-1N,-10.393462210921191,-77.98831968083464,True
20211222,20210925,14:50,ICA,PE-1S,266,CHOQUE,0,0,266.0,2021-09-25,PE-1S,-13.930166378623719,-75.94449100360073,True
20211222,20210925,07:00,AMAZONAS,PE-5N,365,DESPISTE,0,0,365.0,2021-09-25,PE-5N,-8.86705397796909,-75.29849224661771,True
20211222,20210925,15:30,MADRE DE DIOS,PE-30C,533,DESPISTE,0,0,533.0,2021-09-25,PE-30C,-11.747237133773796,-69.17129516999995,True
20211222,20210925,05:30,LAMBAYEQUE,PE-1N,826,CHOQUE,1,1,826.0,2021-09-25,PE-1N,-6.488946063426527,-80.08799316551494,True
20211222,20210925,07:30,PUNO,PE-3S,1373,DESPISTE,0,0,1373.0,2021-09-25,PE-3S,-15.860533364713493,-69.95529621687066,True
20211222,20210926,17:00,JUNIN,PE-3S,9,CHOQUE,0,1,9.0,2021-09-26,PE-3S,-11.56613102554731,-75.87020563381581,True
20211222,20210926,05:10,AREQUIPA,AR-105,36,DESPISTE,0,0,36.0,2021-09-26,AR-105,,,True
20211222,20210926,06:20,JUNIN,PE-3N,50,CHOQUE,0,1,50.0,2021-09-26,PE-3N,-11.182230842609718,-75.9751351276583,True
20211222,20210926,10:50,LIMA,PE-1N,52,CHOQUE,0,1,52.0,2021-09-26,PE-1N,-11.726303210231407,-77.14402216054684,True
20211222,20210926,19:15,LIMA,PE-1S,138,CHOQUE,0,2,138.0,2021-09-26,PE-1S,-13.077173604796902,-76.442875601719,True
20211222,20210926,06:40,ICA,PE-1S,202,CHOQUE,0,1,202.0,2021-09-26,PE-1S,-13.509412893205932,-76.14150131641694,True
20211222,20210926,19:50,MOQUEGUA,PE-36A,211,CHOQUE,0,1,211.0,2021-09-26,PE-36A,-16.75349809226044,-69.74393695634836,True
20211222,20210926,02:40,PUNO,PE-34B,284,DESPISTE,0,2,284.0,2021-09-26,PE-34B,-13.472286111840102,-70.41614511420624,True
20211222,20210926,21:30,MADRE DE DIOS,PE-30C,328,CHOQUE,0,2,328.0,2021-09-26,PE-30C,-12.896798113912123,-69.96722531408317,True
20211222,20210926,18:00,HUANUCO,PE-5N,457,CHOQUE,0,2,457.0,2021-09-26,PE-5N,-9.206175829186018,-75.8025559582114,True
20211222,20210926,14:10,SAN MARTIN,PE-5N,634,CHOQUE,0,1,634.0,2021-09-26,PE-5N,-8.20931834186022,-76.48985248844635,True
20211222,20210926,21:20,SAN MARTIN,PE-5N,641,CHOQUE,0,1,641.0,2021-09-26,PE-5N,-8.190504631275024,-76.53591555919775,True
20211222,20210926,12:30,AREQUIPA,PE-1S,714,VOLCADURA,0,1,714.0,2021-09-26,PE-1S,-16.26171304823725,-73.5190913906611,True
20211222,20210926,22:40,PIURA,PE-1NL,1054,DESPISTE,0,1,1054.0,2021-09-26,PE-1NL,,,True
20211222,20210926,23:50,MOQUEGUA,PE-1S,1155,DESPISTE,0,0,1155.0,2021-09-26,PE-1S,-17.354217477397132,-70.9941725579586,True
20211222,20210927,08:40,AREQUIPA,PE-34C,3,CHOQUE,0,0,3.0,2021-09-27,PE-34C,-16.409710944306934,-71.55824207425727,True
20211222,20210927,18:00,JUNIN,PE-3S,10,CHOQUE,0,2,10.0,2021-09-27,PE-3S,-11.566519109550129,-75.86150254739452,True
20211222,20210927,14:30,JUNIN,PE-3SA,32,CHOQUE,0,4,32.0,2021-09-27,PE-3SA,-11.610480521990038,-75.63709417080557,True
20211222,20210927,07:35,LIMA,PE-1N,45,CHOQUE,0,2,45.0,2021-09-27,PE-1N,-11.76805645197359,-77.15871594110817,True
20211222,20210927,05:50,LIMA,PE-1S,53,DESPISTE,0,3,53.0,2021-09-27,PE-1S,-12.424112563376994,-76.75390574014192,True
20211222,20210927,17:14,JUNIN,PE-3S,63,DESPISTE,2,1,63.0,2021-09-27,PE-3S,-11.783843431820891,-75.57196227815574,True
20211222,20210927,04:00,LIMA,PE-22,85,ESPECIAL,1,0,85.0,2021-09-27,PE-22,-11.797678584749768,-76.33832511331053,True
20211222,20210927,15:30,LAMBAYEQUE,PE-1NJ,94,CHOQUE,1,3,94.0,2021-09-27,PE-1NJ,-5.963606250508615,-79.75320339376921,True
20211222,20210927,18:40,LAMBAYEQUE,PE-1NJ,101,CHOQUE,0,3,101.0,2021-09-27,PE-1NJ,-5.90704883116766,-79.7758324185533,True
20211222,20210927,10:30,PIURA,PE-1N,108,DESPISTE,0,1,108.0,2021-09-27,PE-1N,-11.391435633881196,-77.39513312660809,True
20211222,20210927,13:50,PASCO,PE-3N,138,DESPISTE,0,0,138.0,2021-09-27,PE-3N,-10.653887841777696,-76.17181416768078,True
20211222,20210927,06:35,LIMA,PE-1N,177,DESPISTE,0,1,177.0,2021-09-27,PE-1N,-10.894144038495059,-77.67477223205152,True
20211222,20210927,02:50,PUNO,PE-34A,218,DESPISTE,0,0,218.0,2021-09-27,PE-34A,-15.659686222266705,-70.7501062222667,True
20211222,20210927,18:30,AMAZONAS,PE-08B,396,DESPISTE,0,1,396.0,2021-09-27,PE-08B,-6.323942819081123,-77.52459526184795,True
20211222,20210927,09:55,SAN MARTIN,PE-5N,480,DESPISTE,0,3,480.0,2021-09-27,PE-5N,-9.187490302846909,-75.93806536530863,True
20211222,20210927,18:35,ANCASH,PE-3N,568,DESPISTE,0,2,568.0,2021-09-27,PE-3N,-9.619656909221531,-77.50496542279822,True
20211222,20210927,18:20,AREQUIPA,PE-1S,642,DESPISTE,0,2,642.0,2021-09-27,PE-1S,-15.954936485067405,-74.04967942067954,True
20211222,20210927,19:47,ANCASH,PE-3N,646,CHOQUE,0,2,646.0,2021-09-27,PE-3N,-9.063447945367601,-77.7894210892029,True
20211222,20210927,04:00,CUSCO,PE-3S,888,DESPISTE,0,0,888.0,2021-09-27,PE-3S,-13.498103381954,-72.48082962545922,True
20211222,20210927,18:00,AREQUIPA,PE-1S,921,CHOQUE,0,1,921.0,2021-09-27,PE-1S,-16.37417225482444,-72.13698346420553,True
20211222,20210927,07:20,AREQUIPA,PE-1S,970,CHOQUE,0,6,970.0,2021-09-27,PE-1S,-16.548495653249017,-71.81282738249458,True
20211222,20210927,05:30,AREQUIPA,PE-1S,1006,DESPISTE,0,4,1006.0,2021-09-27,PE-1S,-16.853502500733025,-71.85501051528769,True
20211222,20210927,05:00,CUSCO,PE-3S,1061,DESPISTE,1,1,1061.0,2021-09-27,PE-3S,-13.945573121177318,-71.50031645233231,True
20211222,20210928,06:40,PUNO,PE-34I,17,CHOQUE,0,1,17.0,2021-09-28,PE-34I,-15.23355517885567,-69.6988130190957,True
20211222,20210928,03:30,PIURA,PE-1N,33,VOLCADURA,0,0,33.0,2021-09-28,PE-1N,-11.850439659799624,-77.09227157137903,True
20211222,20210928,16:00,LIMA,PE-18,65,DESPISTE,0,4,65.0,2021-09-28,PE-18,-11.043513564746066,-77.10030625502866,True
20211222,20210928,16:45,LIMA,PE-22,108,CHOQUE,0,0,108.0,2021-09-28,PE-22,-11.698012647915725,-76.26622779065438,True
20211222,20210928,18:00,APURIMAC,PE-30A,298,DESPISTE,0,0,298.0,2021-09-28,PE-30A,-14.516774647041704,-73.27449505903488,True
20211222,20210928,19:20,SAN MARTIN,PE-5N,693,DESPISTE,0,0,693.0,2021-09-28,PE-5N,-7.904494678585029,-76.6675732168345,True
20211222,20210928,05:40,AREQUIPA,PE-1S,947,CHOQUE,0,0,947.0,2021-09-28,PE-1S,-16.465981929090535,-71.9350169930208,True
20211222,20210928,07:00,MOQUEGUA,PE-1S,1122,DESPISTE,0,0,1122.0,2021-09-28,PE-1S,-17.225675325470498,-71.09373817483149,True
20211222,20210928,07:10,MOQUEGUA,PE-1S,1141,DESPISTE,0,2,1141.0,2021-09-28,PE-1S,-17.234106799401474,-70.98220154094663,True
20211222,20210929,23:05,ANCASH,PE-3N,12,DESPISTE,0,0,12.0,2021-09-29,PE-3N,-11.450098215863449,-75.94880097496149,True
20211222,20210929,11:30,SAN MARTIN,PE-5NB,19,DESPISTE,0,1,19.0,2021-09-29,PE-5NB,-6.447954039928187,-76.29476280219336,True
20211222,20210929,09:30,PUNO,PE-34H,22,CHOQUE,0,1,22.0,2021-09-29,PE-34H,-15.315499561825225,-70.03256967342112,True
20211222,20210929,19:20,LIMA,PE-1S,30,CHOQUE,1,0,30.0,2021-09-29,PE-1S,-12.276137808704581,-76.88997544513248,True
20211222,20210929,08:00,LIMA,PE-18,49,DESPISTE,0,1,49.0,2021-09-29,PE-18,-11.129713694915278,-77.19497111564455,True
20211222,20210929,05:45,LIMA,PE-1N,55,CHOQUE,0,0,55.0,2021-09-29,PE-1N,-11.725075277361876,-77.16792889663036,True
20211222,20210929,16:20,LIMA,PE-22,110,CHOQUE,0,0,110.0,2021-09-29,PE-22,-11.685662543184964,-76.26051752939492,True
20211222,20210929,14:50,JUNIN,PE-3S,143,CHOQUE,0,0,143.0,2021-09-29,PE-3S,-12.209848912525723,-75.17450343041682,True
20211222,20210929,06:00,ANCASH,PE-3N,148,DESPISTE,0,1,148.0,2021-09-29,PE-3N,-10.588594978905661,-76.18501305095728,True
20211222,20210929,08:20,LIMA,PE-1N,214,DESPISTE,0,0,214.0,2021-09-29,PE-1N,-10.634856971999191,-77.85753313557,True
20211222,20210929,12:00,AYACUCHO,PE-30A,231,DESPISTE,0,4,231.0,2021-09-29,PE-30A,-14.643116563883614,-73.75587204501048,True
20211222,20210929,12:00,MADRE DE DIOS,PE-30C,546,CHOQUE,0,1,546.0,2021-09-29,PE-30C,-11.658940839691267,-69.23699776580617,True
20211222,20210929,20:30,AREQUIPA,PE-1S,914,CHOQUE,0,0,914.0,2021-09-29,PE-1S,-16.35500144063494,-72.148244733122,True
20211222,20210929,17:30,PIURA,PE-1N,1032,VOLCADURA,0,1,1032.0,2021-09-29,PE-1N,-4.890885349662316,-80.69778419229179,True
20211222,20210930,17:45,PUNO,PE-36B,22,DESPISTE,0,0,22.0,2021-09-30,PE-36B,-16.714586401802947,-70.45023026999512,True
20211222,20210930,22:10,ANCASH,AN-110,26,DESPISTE,0,0,26.0,2021-09-30,AN-110,,,True
20211222,20210930,06:00,LIMA,PE-22,41,CHOQUE,0,0,41.0,2021-09-30,PE-22,-11.925039776491657,-76.65433900407028,True
20211222,20210930,09:30,LIMA,PE-1N,71,CHOQUE,0,2,71.0,2021-09-30,PE-1N,-11.601556693489234,-77.19738741441675,True
20211222,20210930,18:27,AREQUIPA,PE-34A,77,CHOQUE,0,0,77.0,2021-09-30,PE-34A,-16.148844697916616,-71.64066481874994,True
20211222,20210930,14:10,LA LIBERTAD,PE-10A,93,CHOQUE,0,3,93.0,2021-09-30,PE-10A,-7.996150467944509,-78.50189321305174,True
20211222,20210930,15:33,AREQUIPA,PE-34A,112,CHOQUE,0,0,112.0,2021-09-30,PE-34A,-16.057581149468973,-71.41436337936274,True
20211222,20210930,09:30,UCAYALI,PE-5N,118,CHOQUE,0,0,118.0,2021-09-30,PE-5N,-10.460706832044194,-75.01808718262231,True
20211222,20210930,00:30,ANCASH,PE-3N,123,CHOQUE,0,2,123.0,2021-09-30,PE-3N,-10.693518890651662,-76.22636326476739,True
20211222,20210930,22:15,MOQUEGUA,PE-36B,124,DESPISTE,0,1,124.0,2021-09-30,PE-36B,-16.113702561972712,-70.03139511454148,True
20211222,20210930,17:13,PUNO,PE-34A,218,DESPISTE,0,0,218.0,2021-09-30,PE-34A,-15.659686222266705,-70.7501062222667,True
20211222,20210930,17:00,MADRE DE DIOS,PE-30C,323,CHOQUE,1,1,323.0,2021-09-30,PE-30C,-12.890885915129385,-70.00837241699793,True
20211222,20210930,01:30,ANCASH,PE-1N,348,CHOQUE,0,0,348.0,2021-09-30,PE-1N,-9.676682215539502,-78.27425334099473,True
20211222,20210930,04:00,MADRE DE DIOS,PE-30C,417,CHOQUE,0,0,417.0,2021-09-30,PE-30C,-12.627267281850779,-69.25305554883332,True
20211222,20210930,15:10,LA LIBERTAD,PE-1N,627,CHOQUE,0,2,627.0,2021-09-30,PE-1N,-7.7166043197133245,-79.31041563682615,True
20211222,20210930,02:50,LAMBAYEQUE,PE-1N,758,DESPISTE,0,0,758.0,2021-09-30,PE-1N,-6.921809987693707,-79.75068219998884,True
20211222,20210930,18:47,PUNO,PE-3S,1296,CHOQUE,1,0,1296.0,2021-09-30,PE-3S,-15.31605195642345,-70.20215360181659,True
