id_tramo,ruta,km0,km1,dpto,region,clasifica,topografia,carriles,vel_proy,superficie,lon0,lat0,lon1,lat1,long_km
0,PE-5N,676.808,719.508,SAN MARTIN,SELVA,LONGITUDINAL DE LA SELVA,MONTAÑOSO,2.0,32.27,Buena,-76.6497463529999,-8.008693788999949,-76.67244387599993,-7.757010623999918,42.700000000000045
1,PE-5N,733.158,745.474,SAN MARTIN,SELVA,LONGITUDINAL DE LA SELVA,MONTAÑOSO,2.0,32.27,Buena,-76.6692220299999,-7.694277388999922,-76.67716542699992,-7.607111307999958,12.316000000000031
2,PE-1S,1176.78,1187.363,MOQUEGUA,SIERRA,LONGITUDINAL DE LA COSTA,PLANO,2.0,78.24,Buena,-71.07348098999995,-17.51284415899994,-71.02675249399994,-17.590476156999955,10.583000000000084
3,PE-28A,84.792,84.889,ICA,SIERRA,TRANSVERSAL,ONDULADO,2.0,75.08,Buena,-75.5117633079999,-13.588476227999934,-75.5111819519999,-13.589113784999938,0.0969999999999942
4,PE-26,8.328,12.1,ICA,COSTA,TRANSVERSAL,PLANO,2.0,62.03,Buena,-76.08328153199994,-13.41274650999992,-76.04313490499993,-13.402277237999954,3.7720000000000002
5,PE-34E,0.0,0.215,AREQUIPA,SIERRA,RAMAL,ONDULADO,2.0,66.89,Regular,-71.41052999999994,-16.054859999999906,-71.40942192099993,-16.05320167499991,0.215
6,PE-34C,65.978,83.319,AREQUIPA,SIERRA,VARIANTE,MONTAÑOSO,1.0,33.43,Mala,-71.25442633699993,-16.369158415999948,-71.1506312109999,-16.316277464999928,17.341000000000008
7,PE-34C,32.137,40.872,AREQUIPA,SIERRA,VARIANTE,ONDULADO,1.0,34.85,Mala,-71.38728999999995,-16.407189999999957,-71.35532999999992,-16.386969999999906,8.735
8,PE-34C,58.967,65.978,AREQUIPA,SIERRA,VARIANTE,MONTAÑOSO,5.0,33.43,Mala,-71.30533019699993,-16.37983821599994,-71.25442633699993,-16.369158415999948,7.010999999999996
9,PE-34C,40.872,44.906,AREQUIPA,SIERRA,VARIANTE,ONDULADO,1.0,40.84,Regular,-71.35532999999992,-16.386969999999906,-71.34174532999992,-16.38557799499995,4.033999999999999
10,PE-34I,0.0,5.012,PUNO,SIERRA,RAMAL,PLANO,2.0,75.08,Buena,-69.82865753499993,-15.235277956999937,-69.78759370799992,-15.214088273999948,5.012
11,PE-34I,28.438,31.776,PUNO,SIERRA,RAMAL,PLANO,2.0,44.78,Buena,-69.63004977499992,-15.28924969399992,-69.60416120099995,-15.305054431999906,3.338000000000001
12,PE-5N,607.37,607.979,SAN MARTIN,SELVA,LONGITUDINAL DE LA SELVA,PLANO,2.0,72.6,Buena,-76.34329477499995,-8.330457417999924,-76.34520286899993,-8.324955160999934,0.6090000000000373
13,PE-32,194.47,200.822,AYACUCHO,SIERRA,TRANSVERSAL,ONDULADO,2.0,49.53,Buena,-73.75688008399993,-15.044210132999922,-73.78505708199992,-15.01819788399996,6.352000000000004
14,PE-1NF,71.77,82.141,LA LIBERTAD,SIERRA,RAMAL,MONTAÑOSO,1.0,44.1,Regular,-78.81144931499995,-7.474859901999935,-78.7888175619999,-7.431606377999913,10.37100000000001
15,PE-18B,7.376,14.198,HUANUCO,SIERRA,TRANSVERSAL,ONDULADO,2.0,0.0,Mala,-76.05527513099992,-9.828643516999932,-76.04538937199993,-9.863508530999923,6.822
16,PE-34I,82.243,87.615,PUNO,SIERRA,RAMAL,PLANO,1.0,27.57,Mala,-69.32898186599994,-15.491396233999922,-69.33068084899992,-15.449935912999933,5.372
17,PE-34I,87.615,87.616,PUNO,SIERRA,RAMAL,PLANO,1.0,35.54,Mala,-69.33069419999993,-15.449935912999933,-69.33068084899992,-15.449935912999933,0.0010000000000047748
18,PE-1NM,3.59,4.225,PIURA,COSTA,VARIANTE,PLANO,2.0,53.68,Buena,-79.94879913199992,-4.447303771999941,-79.94185066099993,-4.447090148999905,0.6349999999999998
19,PE-24A,67.983,73.465,JUNIN,SIERRA,TRANSVERSAL,MONTAÑOSO,1.0,40.51,Buena,-75.05860239599991,-11.671726630999956,-75.03207640499994,-11.698974733999933,5.481999999999999
20,PE-08C,0.0,4.723,AMAZONAS,SELVA,RAMAL,MONTAÑOSO,2.0,42.62,Buena,-77.91168403599994,-6.225276946999941,-77.9056084639999,-6.191843429999949,4.723
21,PE-24,191.688,195.108,LIMA,SIERRA,TRANSVERSAL,MONTAÑOSO,1.0,55.0,Buena,-75.7013394199999,-12.283307408999917,-75.67601011999994,-12.281479609999906,3.420000000000016
22,PE-18A,31.559,40.522,HUANUCO,SIERRA,TRANSVERSAL,MONTAÑOSO,2.0,55.0,Buena,-76.06929588299994,-9.800853728999925,-76.09481620799994,-9.745603560999939,8.962999999999997
23,PE-18A,53.209,53.954,HUANUCO,SIERRA,TRANSVERSAL,MONTAÑOSO,1.0,53.0,Buena,-76.07862879699991,-9.687849767999921,-76.0783100129999,-9.683475493999936,0.7449999999999974
24,PE-18A,54.576,54.795,HUANUCO,SIERRA,TRANSVERSAL,MONTAÑOSO,2.0,53.0,Buena,-76.08021283799991,-9.679811730999916,-76.07927266799993,-9.678626043999941,0.2190000000000012
25,PE-34H,135.749,142.323,PUNO,SIERRA,TRANSVERSAL,MONTAÑOSO,2.0,33.43,Buena,-69.60200018799992,-14.716609389999917,-69.57059064399994,-14.66676265399991,6.574000000000012
26,PE-3SC,2.637,8.768,JUNIN,SIERRA,RAMAL,PLANO,2.0,75.08,Regular,-75.19307899499995,-12.096467971999914,-75.15388156799992,-12.155801671999939,6.131
27,PE-40,0.0,5.06,TACNA,SIERRA,TRANSVERSAL,PLANO,2.0,75.08,Regular,-70.2703292349999,-18.03791617899992,-70.23383161699991,-18.01100701599995,5.06
28,PE-40,5.06,8.486,TACNA,SIERRA,TRANSVERSAL,ONDULADO,2.0,68.7,Buena,-70.23383161699991,-18.01100701599995,-70.21485710099995,-17.989997863999918,3.426000000000001
29,PE-3N,180.703,209.873,HUANUCO,SIERRA,LONGITUDINAL DE LA SIERRA,ONDULADO,2.0,62.45,Buena,-76.1815299989999,-10.33797454799992,-76.20447788299992,-10.125881436999919,29.169999999999987
30,PE-28E,19.826,24.929,HUANCAVELICA,SIERRA,RAMAL,ONDULADO,1.0,55.02,Buena,-75.06541196199993,-13.281415534999951,-75.08796744999995,-13.250806565999937,5.102999999999998
31,PE-24A,5.757,39.611,JUNIN,SIERRA,TRANSVERSAL,ONDULADO,1.0,49.53,Buena,-75.29092597999994,-11.875848769999948,-75.1622888409999,-11.770068476999938,33.854
32,PE-18A,14.54,25.227,HUANUCO,SELVA,TRANSVERSAL,ONDULADO,2.0,59.09,Buena,-76.17296596299991,-9.861825901999907,-76.09364775199992,-9.831111524999926,10.687000000000001
33,PE-18A,58.347,59.929,HUANUCO,SIERRA,TRANSVERSAL,ONDULADO,2.0,62.45,Buena,-76.07163969599992,-9.665592821999951,-76.06000137299992,-9.66361999499992,1.5820000000000007
34,PE-18A,52.132,53.209,HUANUCO,SIERRA,TRANSVERSAL,MONTAÑOSO,2.0,53.0,Buena,-76.0850751079999,-9.691397327999937,-76.07862879699991,-9.687849767999921,1.0770000000000053
35,PE-18A,60.431,64.063,HUANUCO,SIERRA,TRANSVERSAL,ONDULADO,2.0,62.45,Buena,-76.05747413599994,-9.660158156999955,-76.0644110849999,-9.657394608999937,3.632000000000005
36,PE-3SW,32.383,48.175,CUSCO,SIERRA,VARIANTE,,0.0,0.0,Buena,-71.7309504399999,-14.67872660699993,-71.61241861999991,-14.735760351999943,15.791999999999994
37,PE-3N,1541.665,1546.811,CAJAMARCA,SELVA,LONGITUDINAL DE LA SIERRA,MONTAÑOSO,1.0,37.47,Buena,-78.8876381419999,-6.118069078999952,-78.89781645399995,-6.073949108999955,5.145999999999958
38,PE-3N,1507.129,1513.483,CAJAMARCA,SIERRA,LONGITUDINAL DE LA SIERRA,MONTAÑOSO,2.0,40.51,Buena,-78.83185767599991,-6.302884297999924,-78.84130395299991,-6.279256179999948,6.354000000000042
39,PE-3N,1487.754,1489.334,CAJAMARCA,SIERRA,LONGITUDINAL DE LA SIERRA,MONTAÑOSO,2.0,44.1,Buena,-78.82981559099994,-6.394522442999914,-78.81747905799995,-6.388785972999926,1.5800000000001546
40,PE-3N,1460.288,1468.338,CAJAMARCA,SELVA,LONGITUDINAL DE LA SIERRA,MONTAÑOSO,2.0,37.47,Buena,-78.88386387199995,-6.473325410999905,-78.85412025399995,-6.465229033999947,8.049999999999955
41,PE-3N,1468.36,1473.525,CAJAMARCA,SELVA,LONGITUDINAL DE LA SIERRA,MONTAÑOSO,1.0,40.61,Buena,-78.85427616999993,-6.465339989999961,-78.87206174399995,-6.452990801999931,5.165000000000191
42,PE-3N,1513.483,1516.405,CAJAMARCA,SIERRA,LONGITUDINAL DE LA SIERRA,MONTAÑOSO,2.0,40.51,Buena,-78.84130395299991,-6.279256179999948,-78.84727328299994,-6.265059230999952,2.9220000000000255
43,PE-3N,1489.429,1490.59,CAJAMARCA,SIERRA,LONGITUDINAL DE LA SIERRA,MONTAÑOSO,4.0,40.51,Buena,-78.81715846399993,-6.388892802999919,-78.8121267649999,-6.3785174129999405,1.1609999999998308
44,PE-3N,1491.464,1502.034,CAJAMARCA,SIERRA,LONGITUDINAL DE LA SIERRA,MONTAÑOSO,2.0,40.51,Buena,-78.80862165899993,-6.371726313999943,-78.8297195429999,-6.326898574999916,10.570000000000164
45,PE-3N,1516.405,1522.081,CAJAMARCA,SELVA,LONGITUDINAL DE LA SIERRA,MONTAÑOSO,1.0,37.47,Buena,-78.84727328299994,-6.265059230999952,-78.85437011699992,-6.244359969999948,5.675999999999931
46,PE-3N,1473.525,1487.754,CAJAMARCA,SIERRA,LONGITUDINAL DE LA SIERRA,MONTAÑOSO,2.0,40.51,Buena,-78.87206174399995,-6.452990801999931,-78.82981559099994,-6.394522442999914,14.228999999999814
47,PE-3N,1546.811,1549.408,CAJAMARCA,SELVA,LONGITUDINAL DE LA SIERRA,MONTAÑOSO,1.0,40.61,Buena,-78.89781645399995,-6.073949108999955,-78.8992140769999,-6.049862287999929,2.59699999999998
48,PE-3N,1522.081,1541.665,CAJAMARCA,SELVA,LONGITUDINAL DE LA SIERRA,MONTAÑOSO,1.0,37.47,Buena,-78.85437011699992,-6.244359969999948,-78.8876381419999,-6.118069078999952,19.58400000000006
49,PE-3N,1502.034,1507.129,CAJAMARCA,SIERRA,LONGITUDINAL DE LA SIERRA,MONTAÑOSO,1.0,40.51,Buena,-78.8297195429999,-6.326898574999916,-78.83185767599991,-6.302884297999924,5.0949999999998
50,PE-28B,534.696,538.902,CUSCO,SIERRA,VARIANTE,MONTAÑOSO,2.0,55.0,Buena,-72.37596231599991,-13.083779910999908,-72.37873922299991,-13.09854299299991,4.206000000000017
51,PE-34J,72.263,78.662,CUSCO,SIERRA,RAMAL,MONTAÑOSO,1.0,40.51,Mala,-71.15040892699994,-15.193069041999934,-71.14463582199994,-15.163748187999943,6.399000000000001
52,PE-34J,67.936,70.571,CUSCO,SIERRA,RAMAL,MONTAÑOSO,1.0,44.1,Regular,-71.15288389799991,-15.226047687999937,-71.14739330299994,-15.206641298999955,2.634999999999991
53,PE-10B,86.879,98.158,LA LIBERTAD,SIERRA,TRANSVERSAL,ONDULADO,1.0,0.0,Mala,-77.7168881799999,-7.49090876799994,-77.69728558299994,-7.442693874999918,11.278999999999996
54,PE-10B,81.374,86.879,LA LIBERTAD,SELVA,TRANSVERSAL,ONDULADO,1.0,0.0,Mala,-77.73025541399994,-7.52249661399992,-77.7168881799999,-7.49090876799994,5.50500000000001
55,PE-3N,921.503,961.963,LA LIBERTAD,SIERRA,LONGITUDINAL DE LA SIERRA,ONDULADO,1.0,27.33,Mala,-77.95048539899994,-8.185738669999921,-78.06979017999993,-8.134238616999937,40.45999999999992
56,PE-08,0.0,18.568,LA LIBERTAD,COSTA,TRANSVERSAL,PLANO,2.0,80.89,Buena,-79.4792221649999,-7.305373678999956,-79.32552553799991,-7.296984765999923,18.568
57,PE-28B,660.777,681.207,CUSCO,SIERRA,VARIANTE,ONDULADO,2.0,68.7,Buena,-71.85088515399991,-13.423977796999907,-71.73530240499991,-13.546825741999953,20.42999999999995
58,PE-28B,553.873,558.826,CUSCO,SIERRA,VARIANTE,MONTAÑOSO,2.0,55.0,Buena,-72.32556101699993,-13.126489388999914,-72.31080695999992,-13.13294589499992,4.9529999999999745
59,PE-28B,558.826,600.351,CUSCO,SIERRA,VARIANTE,MONTAÑOSO,2.0,55.7,Buena,-72.31080695999992,-13.13294589499992,-72.2838700179999,-13.25014511899991,41.52499999999998
60,PE-28B,638.044,643.648,CUSCO,SIERRA,VARIANTE,PLANO,2.0,75.08,Buena,-71.99334686599991,-13.317829065999945,-71.95245208599994,-13.330787948999955,5.604000000000042
61,PE-28B,658.064,660.687,CUSCO,SIERRA,VARIANTE,PLANO,2.0,78.24,Buena,-71.87350153699992,-13.41783498399991,-71.85129498299995,-13.423569004999933,2.6230000000000473
62,PE-24A,73.465,106.789,JUNIN,SIERRA,TRANSVERSAL,MONTAÑOSO,1.0,44.1,Buena,-75.03207640499994,-11.698974733999933,-74.95317077599992,-11.62764358499993,33.324
63,PE-28G,7.409,20.878,CUSCO,SIERRA,RAMAL,ONDULADO,2.0,68.7,Buena,-71.97114911299991,-13.505258191999928,-71.91040992699993,-13.470155715999908,13.469000000000001
64,PE-14B,20.785,22.376,ANCASH,SIERRA,VARIANTE,MONTAÑOSO,1.0,44.1,Regular,-77.16988641699993,-9.34206079799992,-77.1683254639999,-9.340830529999948,1.591000000000001
65,PE-1N,450.49,493.899,LA LIBERTAD,COSTA,LONGITUDINAL DE LA COSTA,PLANO,3.0,80.89,Buena,-78.63504476299994,-8.930614221999917,-78.6713244419999,-8.573209512999938,43.40899999999999
66,PE-1S,905.9,907.611,AREQUIPA,SIERRA,LONGITUDINAL DE LA COSTA,PLANO,2.0,68.22,Mala,-72.21028767999991,-16.396116630999927,-72.19674126599995,-16.38788840199993,1.7110000000000127
67,PE-1S,875.821,882.571,AREQUIPA,SIERRA,LONGITUDINAL DE LA COSTA,ONDULADO,2.0,66.89,Regular,-72.4495643699999,-16.518053209999948,-72.3955237099999,-16.491881763999913,6.75
68,PE-1S,948.055,953.035,AREQUIPA,SIERRA,LONGITUDINAL DE LA COSTA,ONDULADO,2.0,68.7,Buena,-71.92695495999993,-16.466933689999905,-71.8887999609999,-16.483150404999947,4.980000000000018
69,PE-1S,910.993,912.609,AREQUIPA,SIERRA,LONGITUDINAL DE LA COSTA,PLANO,2.0,75.08,Regular,-72.1699727699999,-16.37162399999994,-72.15718675999995,-16.36384124999995,1.6159999999999854
70,PE-1S,901.178,905.9,AREQUIPA,SIERRA,LONGITUDINAL DE LA COSTA,PLANO,2.0,68.22,Mala,-72.24767491499995,-16.418830960999912,-72.21028767999991,-16.396116630999927,4.72199999999998
71,PE-1S,912.609,923.118,AREQUIPA,SIERRA,LONGITUDINAL DE LA COSTA,PLANO,2.0,78.24,Buena,-72.15718675999995,-16.36384124999995,-72.11921328699992,-16.38211505399994,10.509000000000015
72,PE-1S,923.118,926.273,AREQUIPA,SIERRA,LONGITUDINAL DE LA COSTA,PLANO,2.0,68.22,Mala,-72.11921328699992,-16.38211505399994,-72.09240671099991,-16.394027939999944,3.1549999999999727
73,PE-1S,843.586,847.328,AREQUIPA,COSTA,LONGITUDINAL DE LA COSTA,ONDULADO,2.0,67.04,Mala,-72.63555968199995,-16.659430830999952,-72.6286572699999,-16.63347707999992,3.741999999999962
74,PE-1S,850.879,852.798,AREQUIPA,COSTA,LONGITUDINAL DE LA COSTA,MONTAÑOSO,2.0,52.57,Buena,-72.63151607999993,-16.603778339999906,-72.62882145999993,-16.58774706999992,1.9189999999999827
75,PE-1S,847.328,850.365,AREQUIPA,COSTA,LONGITUDINAL DE LA COSTA,MONTAÑOSO,2.0,52.57,Buena,-72.6286572699999,-16.63347707999992,-72.62941456099992,-16.60786505199991,3.0370000000000346
76,PE-1S,872.536,875.821,AREQUIPA,SIERRA,LONGITUDINAL DE LA COSTA,ONDULADO,2.0,66.89,Regular,-72.4786671199999,-16.527669399999922,-72.4495643699999,-16.518053209999948,3.285000000000082
77,PE-1S,931.232,937.671,AREQUIPA,SIERRA,LONGITUDINAL DE LA COSTA,PLANO,2.0,68.22,Mala,-72.05021804299992,-16.412641520999955,-71.99532860499994,-16.436583137999946,6.439000000000078
78,PE-1S,907.611,910.993,AREQUIPA,SIERRA,LONGITUDINAL DE LA COSTA,PLANO,2.0,75.08,Regular,-72.19674126599995,-16.38788840199993,-72.1699727699999,-16.37162399999994,3.382000000000062
79,PE-1N,520.188,554.035,LA LIBERTAD,COSTA,LONGITUDINAL DE LA COSTA,PLANO,3.0,80.89,Buena,-78.81572026899994,-8.408355462999907,-78.99662502299992,-8.175198030999923,33.84699999999998
80,PE-08,91.707,125.84,CAJAMARCA,SIERRA,TRANSVERSAL,ONDULADO,2.0,68.7,Buena,-78.83856170799993,-7.221298758999922,-78.58536844399993,-7.281276976999948,34.13300000000001
81,PE-1S,283.804,285.402,ICA,COSTA,LONGITUDINAL DE LA COSTA,PLANO,2.0,69.78,Buena,-75.78598617999995,-13.958326639999939,-75.77891623999994,-13.970965269999908,1.5980000000000132
82,PE-16A,0.99,18.521,LIMA,COSTA,TRANSVERSAL,PLANO,0.0,0.0,Regular,-77.78362799999991,-10.678090999999938,-77.65666899999991,-10.65760599999993,17.531000000000002
83,PE-34H,142.323,159.247,PUNO,SIERRA,TRANSVERSAL,MONTAÑOSO,2.0,33.43,Buena,-69.57397023899995,-14.664612112999919,-69.65744518199995,-14.548323922999941,16.924000000000007
84,PE-3SF,24.306,31.808,APURIMAC,SIERRA,RAMAL,ONDULADO,1.0,55.02,Buena,-72.83524945899995,-13.805775252999922,-72.78835087899995,-13.837813340999958,7.501999999999999
85,PE-5NA,85.617,116.605,PASCO,SELVA,VARIANTE,ONDULADO,2.0,27.06,Mala,-75.5404016569999,-10.314852807999955,-75.53163893699991,-10.118579998999905,30.988
86,PE-16A,195.88,199.348,LIMA,SIERRA,TRANSVERSAL,,0.0,0.0,Regular,-76.77483768899992,-10.618500222999955,-76.77686299999993,-10.647487999999953,3.4680000000000177
87,PE-16A,178.623,184.777,LIMA,SIERRA,TRANSVERSAL,,0.0,0.0,Regular,-76.88229299999995,-10.553995999999927,-76.84705891199991,-10.568263135999928,6.153999999999996
88,PE-16A,199.348,195.751,LIMA,SIERRA,TRANSVERSAL,,0.0,0.0,Regular,-76.79495135699995,-10.608044923999955,-76.77483768899992,-10.618500222999955,-3.5970000000000084
89,PE-04,55.889,60.548,PIURA,COSTA,TRANSVERSAL,PLANO,2.0,42.54,Buena,-80.99798648799992,-5.863831153999911,-81.02847507999991,-5.836287822999907,4.658999999999999
90,PE-1N,554.035,560.019,LA LIBERTAD,COSTA,LONGITUDINAL DE LA COSTA,PLANO,3.0,80.89,Buena,-78.99662502299992,-8.175198030999923,-79.02061910399993,-8.130820977999917,5.984000000000037
91,PE-1N,498.651,510.72,LA LIBERTAD,COSTA,LONGITUDINAL DE LA COSTA,PLANO,3.0,80.89,Buena,-78.68178624899991,-8.53273938999996,-78.74086255799995,-8.446212518999914,12.069000000000017
92,PE-1N,446.124,450.49,LA LIBERTAD,COSTA,LONGITUDINAL DE LA COSTA,PLANO,3.0,80.89,Buena,-78.62235657199994,-8.965526564999948,-78.63504476299994,-8.930614221999917,4.3659999999999854
93,PE-5N,811.044,814.238,SAN MARTIN,SELVA,LONGITUDINAL DE LA SELVA,ONDULADO,2.0,60.03,Buena,-76.7369084579999,-7.178835153999955,-76.72769417699993,-7.15468183999991,3.1940000000000737
94,PE-5N,814.238,819.283,SAN MARTIN,SELVA,LONGITUDINAL DE LA SELVA,ONDULADO,2.0,60.03,Buena,-76.72769417699993,-7.15468183999991,-76.76068096099993,-7.133550426999932,5.044999999999959
95,PE-34H,266.072,271.54,PUNO,SELVA,TRANSVERSAL,MONTAÑOSO,2.0,32.27,Buena,-69.28797149899992,-14.16196250899992,-69.26262405599994,-14.187331026999914,5.468000000000018
96,PE-5N,848.669,858.541,SAN MARTIN,SELVA,LONGITUDINAL DE LA SELVA,ONDULADO,2.0,60.03,Buena,-76.57617485299994,-7.057314338999959,-76.49096874599991,-7.036144880999927,9.872000000000071
97,PE-5N,838.497,846.702,SAN MARTIN,SELVA,LONGITUDINAL DE LA SELVA,ONDULADO,2.0,60.03,Buena,-76.6478343249999,-7.0864425249999385,-76.5934467649999,-7.057600425999908,8.205000000000041
98,PE-5N,901.754,907.42,SAN MARTIN,SELVA,LONGITUDINAL DE LA SELVA,PLANO,2.0,72.6,Buena,-76.31670145599992,-6.784884129999909,-76.29244165199992,-6.746954436999943,5.66599999999994
99,PE-5N,931.647,939.256,SAN MARTIN,SELVA,LONGITUDINAL DE LA SELVA,PLANO,2.0,72.6,Buena,-76.3275160899999,-6.578645713999947,-76.34398920399991,-6.517704909999907,7.608999999999924
100,PE-5N,928.503,931.647,SAN MARTIN,SELVA,LONGITUDINAL DE LA SELVA,PLANO,2.0,72.6,Buena,-76.30607759399993,-6.58845791899995,-76.3275160899999,-6.578645713999947,3.1440000000000055
101,PE-5N,919.258,928.503,SAN MARTIN,SELVA,LONGITUDINAL DE LA SELVA,PLANO,2.0,72.6,Buena,-76.32363373699991,-6.663197020999917,-76.30607759399993,-6.58845791899995,9.245000000000005
102,PE-1NT,31.995,85.888,PIURA,SIERRA,TRANSVERSAL,ONDULADO,0.0,0.0,Sin Informacion,-79.91340859099995,-4.634893373999944,-79.71499917499995,-4.64002622199996,53.893
103,PE-08,171.666,171.735,CAJAMARCA,SIERRA,TRANSVERSAL,MONTAÑOSO,2.0,53.0,Buena,-78.5049478869999,-7.208102065999924,-78.50496821399992,-7.207508153999925,0.06900000000001683
104,PE-28B,602.979,622.809,CUSCO,SIERRA,VARIANTE,ONDULADO,2.0,66.89,Buena,-72.26369780399995,-13.25886264199994,-72.11077870999992,-13.31066352399995,19.829999999999927
105,PE-28B,643.648,653.062,CUSCO,SIERRA,VARIANTE,PLANO,2.0,75.08,Buena,-71.95245208599994,-13.330787948999955,-71.90093040499994,-13.386955260999912,9.413999999999987
106,PE-28B,538.902,553.873,CUSCO,SIERRA,VARIANTE,MONTAÑOSO,2.0,55.7,Buena,-72.37873922299991,-13.09854299299991,-72.32556101699993,-13.126489388999914,14.971000000000004
107,PE-28B,602.169,602.979,CUSCO,SIERRA,VARIANTE,ONDULADO,2.0,40.84,Buena,-72.26926994299993,-13.256057738999914,-72.26369780399995,-13.25886264199994,0.8100000000000591
108,PE-28B,518.813,533.824,CUSCO,SIERRA,VARIANTE,MONTAÑOSO,2.0,55.7,Buena,-72.40569429999994,-13.065020992999905,-72.37270719899993,-13.081729168999914,15.010999999999967
109,PE-28B,653.062,658.064,CUSCO,SIERRA,VARIANTE,PLANO,2.0,68.22,Buena,-71.90093040499994,-13.386955260999912,-71.87350153699992,-13.41783498399991,5.001999999999953
110,PE-28B,633.027,638.044,CUSCO,SIERRA,VARIANTE,PLANO,2.0,68.22,Buena,-72.03365899099992,-13.316228491999937,-71.99334686599991,-13.317829065999945,5.016999999999939
111,PE-28B,681.207,691.06,CUSCO,SIERRA,VARIANTE,MONTAÑOSO,2.0,55.7,Buena,-71.73530240499991,-13.546825741999953,-71.72723061999994,-13.606729365999911,9.852999999999952
112,PE-34K,0.0,7.3,PUNO,SIERRA,TRANSVERSAL,,0.0,0.0,Mala,-70.24257259899991,-14.337211730999911,-70.1839672179999,-14.313949453999953,7.3
113,PE-34L,36.111,59.45,PUNO,SIERRA,TRANSVERSAL,,0.0,0.0,Mala,-69.35761240699992,-14.81194499299994,-69.36738900899991,-15.010263895999913,23.339000000000006
114,PE-34L,110.22,114.037,PUNO,SIERRA,TRANSVERSAL,,0.0,0.0,Buena,-69.67569867299994,-15.204533843999911,-69.69089095399994,-15.227662726999938,3.8170000000000073
115,PE-34L,75.08,89.698,PUNO,SIERRA,TRANSVERSAL,,0.0,0.0,Regular,-69.4524519599999,-15.080391218999921,-69.55223464999995,-15.120328960999927,14.617999999999995
116,PE-34L,64.95,75.08,PUNO,SIERRA,TRANSVERSAL,,0.0,0.0,Regular,-69.39166069899994,-15.052550370999938,-69.4524519599999,-15.080391218999921,10.129999999999995
117,PE-1NT,0.0,27.5,PIURA,SIERRA,TRANSVERSAL,ONDULADO,0.0,0.0,Sin Informacion,-80.09213384799995,-4.552456937999921,-79.94491732099993,-4.626927358999922,27.5
118,PE-1NI,53.185,55.665,LAMBAYEQUE,COSTA,RAMAL,ONDULADO,4.0,44.1,Mala,-79.2918016669999,-6.812269402999959,-79.2943077079999,-6.794334411999955,2.479999999999997
119,PE-1NI,61.159,68.984,LAMBAYEQUE,COSTA,RAMAL,ONDULADO,1.0,35.38,Mala,-79.25844024199995,-6.797504400999912,-79.2012367239999,-6.819345473999931,7.824999999999996
120,PE-1N,63.824,70.95,LIMA,COSTA,LONGITUDINAL DE LA COSTA,PLANO,3.0,80.89,Buena,-77.19889315899991,-11.656358778999959,-77.19697261699991,-11.601749084999938,7.126000000000005
121,PE-1NI,71.928,80.781,CAJAMARCA,SIERRA,RAMAL,ONDULADO,1.0,40.84,Regular,-79.1819638259999,-6.835976585999958,-79.1368865959999,-6.869367598999929,8.853000000000009
122,PE-32A,221.119,260.994,AYACUCHO,SIERRA,RAMAL,ONDULADO,1.0,55.02,Buena,-73.9354380659999,-13.877739002999931,-74.06608641499992,-13.751380122999933,39.87500000000003
123,PE-36,9.299,16.318,MOQUEGUA,SIERRA,TRANSVERSAL,PLANO,2.0,78.24,Buena,-71.1161920479999,-17.578280242999938,-71.16591996199992,-17.617166304999955,7.019000000000002
124,PE-3NB,22.062,53.0,CAJAMARCA,SIERRA,VARIANTE,MONTAÑOSO,1.0,40.51,Mala,-78.51283645599995,-6.831409453999925,-78.51989263199994,-6.690588577999961,30.938
125,PE-32A,215.814,221.119,AYACUCHO,SIERRA,RAMAL,MONTAÑOSO,1.0,40.51,Buena,-73.91997815899992,-13.903705941999931,-73.9354380659999,-13.877739002999931,5.305000000000007
126,PE-3NB,53.32,54.094,CAJAMARCA,SIERRA,VARIANTE,MONTAÑOSO,1.0,40.51,Mala,-78.51944732599992,-6.68777465799991,-78.52285957299995,-6.683223723999959,0.7740000000000009
127,PE-1NG,15.302,19.418,LA LIBERTAD,COSTA,RAMAL,PLANO,2.0,42.54,Regular,-79.39609908999995,-7.361448287999906,-79.3570404049999,-7.334888457999909,4.116
128,PE-32A,131.132,165.669,AYACUCHO,SIERRA,RAMAL,MONTAÑOSO,1.0,33.11,Buena,-73.86397572099992,-14.162481457999945,-73.84061931399992,-14.01381978899991,34.537000000000006
129,PE-14B,0.0,5.129,ANCASH,SIERRA,VARIANTE,MONTAÑOSO,1.0,44.1,Regular,-77.19215352899994,-9.431070475999945,-77.1919808639999,-9.407605694999916,5.129
130,PE-14B,17.247,18.372,ANCASH,SIERRA,VARIANTE,MONTAÑOSO,1.0,38.2,Regular,-77.17597912699995,-9.400750381999956,-77.17091941799993,-9.357559203999926,1.125
131,PE-3NB,5.342,15.009,CAJAMARCA,SIERRA,VARIANTE,MONTAÑOSO,1.0,40.51,Mala,-78.59681223599995,-6.881714165999938,-78.5579073209999,-6.841613533999919,9.667000000000002
132,PE-1N,29.202,31.982,LIMA,COSTA,LONGITUDINAL DE LA COSTA,PLANO,3.0,80.89,Buena,-77.06911777099992,-11.874621666999928,-77.08544567799993,-11.855905596999946,2.7799999999999976
133,PE-3SE,685.137,717.334,APURIMAC,SIERRA,RAMAL,ONDULADO,2.0,49.53,Regular,-73.12970815199992,-13.684217030999946,-72.96092649999991,-13.704672158999927,32.197
134,PE-1ND,0.0,2.75,LIMA,COSTA,VARIANTE,PLANO,2.0,80.89,Buena,-77.25184030699995,-11.598009999999931,-77.26911199199992,-11.584626933999914,2.75
135,PE-14B,10.079,17.247,ANCASH,SIERRA,VARIANTE,MONTAÑOSO,1.0,26.8,Mala,-77.18375015299995,-9.404550551999932,-77.17583351699994,-9.400541878999945,7.167999999999999
136,PE-1NF,82.141,95.562,LA LIBERTAD,SIERRA,RAMAL,MONTAÑOSO,1.0,40.51,Mala,-78.7888175619999,-7.431606377999913,-78.7937030789999,-7.409484862999932,13.420999999999992
137,PE-3SC,28.667,40.097,HUANCAVELICA,SIERRA,RAMAL,ONDULADO,2.0,43.03,Mala,-75.07127571099994,-12.257831572999919,-75.03988647499995,-12.310535430999948,11.43
138,PE-1NI,80.781,84.156,CAJAMARCA,SIERRA,RAMAL,MONTAÑOSO,1.0,38.2,Buena,-79.1368865959999,-6.869367598999929,-79.12219215899995,-6.869850264999911,3.375
139,PE-14B,5.129,10.047,ANCASH,SIERRA,VARIANTE,MONTAÑOSO,1.0,40.51,Mala,-77.1919808639999,-9.407605694999916,-77.18394712799994,-9.404608542999938,4.918000000000001
140,PE-32C,58.67,61.553,AYACUCHO,SIERRA,TRANSVERSAL,,0.0,0.0,Buena,-73.32344016199994,-15.33421696399995,-73.32041220799994,-15.346087495999939,2.8829999999999956
141,PE-32C,51.854,58.67,AYACUCHO,SIERRA,TRANSVERSAL,,0.0,0.0,Buena,-73.34721584899995,-15.307173202999934,-73.32344016199994,-15.33421696399995,6.8160000000000025
142,PE-32C,23.216,46.499,AYACUCHO,SIERRA,TRANSVERSAL,,0.0,0.0,Buena,-73.4532319999999,-15.245113999999944,-73.3451748359999,-15.280823186999953,23.283
143,PE-1NÑ,0.0,3.228,TUMBES,COSTA,VARIANTE,PLANO,2.0,80.89,Buena,-80.48458602999995,-3.5979345379999472,-80.4699084689999,-3.609237309999912,3.228
144,PE-3NC,20.353,41.619,CAJAMARCA,SIERRA,VARIANTE,MONTAÑOSO,1.0,40.51,Mala,-78.75072473999995,-6.476318616999947,-78.81715846399993,-6.388892802999919,21.266
145,PE-06,0.196,2.343,LAMBAYEQUE,COSTA,TRANSVERSAL,PLANO,2.0,80.89,Buena,-79.87529220599993,-6.77934475099994,-79.8872190539999,-6.798186259999909,2.147
146,PE-1NI,68.984,70.708,CAJAMARCA,COSTA,RAMAL,ONDULADO,1.0,35.38,Mala,-79.20123879899995,-6.819341739999913,-79.1885948179999,-6.827991485999917,1.7240000000000038
147,PE-3NC,0.0,15.176,CAJAMARCA,SIERRA,VARIANTE,MONTAÑOSO,1.0,40.51,Mala,-78.69334411599993,-6.541810988999941,-78.72853596599992,-6.480166297999915,15.176
148,PE-1NF,11.322,19.228,LA LIBERTAD,COSTA,RAMAL,PLANO,2.0,69.78,Mala,-79.11278141999992,-7.759300183999926,-79.05005424699993,-7.72859707899994,7.906000000000002
149,PE-32A,0.0,30.648,AYACUCHO,SIERRA,RAMAL,MONTAÑOSO,1.0,33.11,Buena,-74.0886811179999,-14.676036219999958,-74.00790524399991,-14.531118138999943,30.648
150,PE-32A,174.441,189.465,AYACUCHO,SIERRA,RAMAL,MONTAÑOSO,1.0,40.51,Buena,-73.84774751399993,-13.984046139999919,-73.89499363399995,-13.959544664999953,15.024000000000001
151,PE-32A,92.086,115.789,AYACUCHO,SIERRA,RAMAL,MONTAÑOSO,1.0,33.11,Buena,-73.9608073469999,-14.263086587999908,-73.90238284799995,-14.170111220999956,23.703000000000003
152,PE-14B,22.376,32.944,ANCASH,SIERRA,VARIANTE,MONTAÑOSO,2.0,55.0,Regular,-77.1683197019999,-9.340835570999957,-77.14249228599994,-9.393429064999907,10.568000000000001
153,PE-28B,622.809,633.027,CUSCO,SIERRA,VARIANTE,PLANO,2.0,75.08,Buena,-72.11077870999992,-13.31066352399995,-72.03365899099992,-13.316228491999937,10.218000000000075
154,PE-36,16.318,21.022,MOQUEGUA,SIERRA,TRANSVERSAL,PLANO,2.0,75.08,Buena,-71.16591996199992,-17.617166304999955,-71.20305080599991,-17.633864351999932,4.703999999999997
155,PE-5NI,6.725,38.072,LORETO,SELVA,RAMAL,PLANO,0.0,0.0,Mala,-73.25392099999993,-3.689709999999934,-73.09312399999993,-3.497112999999956,31.347
156,PE-3SL,46.299,78.7,AYACUCHO,SIERRA,VARIANTE,,0.0,0.0,Buena,-74.04217199999994,-13.283567999999946,-73.96104100499991,-13.391756864999934,32.401
157,PE-30,21.558,30.806,ICA,COSTA,TRANSVERSAL,PLANO,2.0,80.89,Buena,-75.07879447899995,-15.282491683999922,-75.13251801399991,-15.312596950999932,9.248000000000001
158,PE-1NT,87.128,101.128,PIURA,SIERRA,TRANSVERSAL,ONDULADO,0.0,0.0,Buena,-79.7137239999999,-4.62931999999995,-79.67196299999995,-4.597701999999913,14.0
159,PE-1NT,27.5,31.4,PIURA,SIERRA,TRANSVERSAL,ONDULADO,0.0,0.0,Sin Informacion,-79.94491732099993,-4.626927358999922,-79.91738194699991,-4.632447251999906,3.8999999999999986
160,PE-3SL,0.0,22.642,AYACUCHO,SIERRA,VARIANTE,,0.0,0.0,Buena,-74.2126189999999,-13.167695999999921,-74.1160259689999,-13.196391964999918,22.642
161,PE-20I,0.0,0.605,CALLAO,COSTA,RAMAL,,0.0,0.0,Sin Informacion,-77.11586699999992,-12.040323999999941,-77.11572212499993,-12.04579306799991,0.605
162,PE-20I,0.605,1.055,CALLAO,COSTA,RAMAL,,0.0,0.0,Sin Informacion,-77.11572212499993,-12.04579306799991,-77.11530191299994,-12.049857123999914,0.44999999999999996
163,PE-1N,181.172,198.789,LIMA,COSTA,LONGITUDINAL DE LA COSTA,PLANO,3.0,80.89,Buena,-77.68987149999992,-10.859912622999957,-77.70651676799991,-10.796180759999913,17.61699999999999
164,PE-3ND,0.0,0.855,CAJAMARCA,SIERRA,RAMAL,,0.0,0.0,Buena,-78.80852849399992,-6.371125168999924,-78.80867027099993,-6.368106948999923,0.855
165,PE-3ND,31.708,32.823,CAJAMARCA,SIERRA,RAMAL,,0.0,0.0,Mala,-78.69899799899991,-6.29647605699995,-78.69775326099995,-6.290530657999909,1.115000000000002
166,PE-3ND,32.823,37.394,CAJAMARCA,SIERRA,RAMAL,,0.0,0.0,Mala,-78.69775326099995,-6.290530657999909,-78.69105381199995,-6.279197146999934,4.570999999999998
167,PE-3ND,38.851,40.296,CAJAMARCA,SIERRA,RAMAL,,0.0,0.0,Mala,-78.69083489399992,-6.268831980999948,-78.69887139399992,-6.261976355999934,1.4450000000000003
168,PE-3ND,38.11,38.421,CAJAMARCA,SIERRA,RAMAL,,0.0,0.0,Mala,-78.68980846699992,-6.276355790999958,-78.68928297299993,-6.271421078999936,0.31099999999999994
169,PE-3ND,40.792,42.027,CAJAMARCA,SIERRA,RAMAL,,0.0,0.0,Mala,-78.6989291669999,-6.260122114999945,-78.69561444099992,-6.253891965999912,1.2349999999999994
170,PE-3ND,46.551,47.874,CAJAMARCA,SIERRA,RAMAL,,0.0,0.0,Mala,-78.71355741499991,-6.250829405999923,-78.7103138029999,-6.243044432999909,1.3230000000000004
171,PE-3ND,44.859,46.551,CAJAMARCA,SIERRA,RAMAL,,0.0,0.0,Mala,-78.70374871199994,-6.25668457799992,-78.71355741499991,-6.250829405999923,1.6920000000000002
172,PE-3ND,42.027,42.802,CAJAMARCA,SIERRA,RAMAL,,0.0,0.0,Mala,-78.69561444099992,-6.253891965999912,-78.69909717999991,-6.256760684999961,0.7749999999999986
173,PE-3ND,48.883,71.753,CAJAMARCA,SIERRA,RAMAL,,0.0,0.0,Mala,-78.71262960699994,-6.23924603599994,-78.7235978189999,-6.166095162999909,22.869999999999997
174,PE-3ND,72.01,75.925,CAJAMARCA,SIERRA,RAMAL,,0.0,0.0,Mala,-78.72164931599991,-6.16501220899994,-78.72395349199991,-6.1544008059999555,3.914999999999992
175,PE-3ND,75.925,79.965,CAJAMARCA,SIERRA,RAMAL,,0.0,0.0,Mala,-78.72395349199991,-6.1544008059999555,-78.71441026699995,-6.14869675999995,4.040000000000006
176,PE-3ND,87.742,102.157,CAJAMARCA,SELVA,RAMAL,,0.0,0.0,Mala,-78.7071505049999,-6.128697399999908,-78.75657788699993,-6.064746209999953,14.414999999999992
177,PE-3ND,115.424,130.297,CAJAMARCA,SELVA,RAMAL,,0.0,0.0,Mala,-78.7905043749999,-6.033991758999946,-78.83418558499994,-6.029052839999906,14.87299999999999
178,PE-32C,46.762,51.854,AYACUCHO,SIERRA,TRANSVERSAL,,0.0,0.0,Buena,-73.34408499999995,-15.279368999999917,-73.34721584899995,-15.307173202999934,5.091999999999999
179,PE-5NI,0.0,4.445,LORETO,SELVA,RAMAL,PLANO,0.0,0.0,Buena,-73.2466660629999,-3.749950535999915,-73.24852699999991,-3.70573399999995,4.445
180,PE-3SV,19.1501,31.2501,APURIMAC,SIERRA,RAMAL,ONDULADO,0.0,0.0,Mala,-72.88424898399995,-13.513352287999908,-72.93337296699991,-13.491676857999948,12.100000000000001
181,PE-3SV,31.2501,40.9901,APURIMAC,SIERRA,RAMAL,ONDULADO,0.0,0.0,Regular,-72.93337296699991,-13.491676857999948,-72.89791202399994,-13.476451826999948,9.739999999999998
182,PE-3SV,40.9901,52.5731,APURIMAC,SIERRA,RAMAL,ONDULADO,0.0,0.0,Regular,-72.89791202399994,-13.476451826999948,-72.88982332699993,-13.427659179999921,11.582999999999998
183,PE-14D,0.0,10.7,ANCASH,SIERRA,VARIANTE,,0.0,0.0,Regular,-76.98224831599993,-9.244947621999927,-76.96014976299995,-9.16252328999991,10.7
184,PE-20A,9.946,10.9739,LIMA,COSTA,TRANSVERSAL,PLANO,0.0,0.0,Sin Informacion,-77.01915720599993,-11.86271827999991,-77.01146316499995,-11.866989135999916,1.0279000000000007
185,PE-1S,496.305,498.583,AREQUIPA,COSTA,LONGITUDINAL DE LA COSTA,PLANO,2.0,68.22,Buena,-74.93484934199995,-15.249661423999953,-74.92707930699993,-15.268817089999914,2.27800000000002
186,PE-3NB,0.0,5.342,CAJAMARCA,SIERRA,VARIANTE,MONTAÑOSO,1.0,44.1,Regular,-78.61738989299994,-6.913164466999945,-78.59681223599995,-6.881714165999938,5.342
187,PE-1NG,19.418,26.193,CAJAMARCA,COSTA,RAMAL,PLANO,2.0,42.54,Regular,-79.35704054799993,-7.334888510999917,-79.31797046899993,-7.299360386999922,6.775000000000002
188,PE-1NK,0.0,5.014,PIURA,COSTA,RAMAL,PLANO,2.0,77.35,Buena,-80.64157233899994,-5.23640985499992,-80.67268383599992,-5.268988166999918,5.014
189,PE-1NB,0.0,2.718,LIMA,COSTA,RAMAL,PLANO,2.0,77.35,Buena,-77.2672461759999,-11.557066969999937,-77.2546742959999,-11.536501182999928,2.718
190,PE-14A,90.52,91.848,ANCASH,SIERRA,RAMAL,ONDULADO,2.0,66.89,Regular,-77.10162118199992,-9.367462671999931,-77.09227264899994,-9.365456287999905,1.328000000000003
191,PE-34E,69.193,73.248,AREQUIPA,SIERRA,RAMAL,ONDULADO,1.0,43.03,Mala,-71.40652322299991,-15.54032785599992,-71.40959680399993,-15.509658378999916,4.055000000000007
192,PE-06A,14.53,29.638,LAMBAYEQUE,COSTA,TRANSVERSAL,PLANO,2.0,62.03,Buena,-79.75416869399993,-6.767180981999957,-79.6405012539999,-6.7396668689999615,15.108000000000002
193,PE-3NB,17.046,22.062,CAJAMARCA,SIERRA,VARIANTE,MONTAÑOSO,1.0,44.1,Regular,-78.54025999999993,-6.843719999999905,-78.51283645599995,-6.831409453999925,5.016000000000002
194,PE-30,31.164,39.36,ICA,COSTA,TRANSVERSAL,PLANO,2.0,80.89,Buena,-75.13545144799991,-15.31117289599996,-75.1636032689999,-15.36176656099991,8.195999999999998
195,PE-06A,55.579,62.068,LAMBAYEQUE,COSTA,TRANSVERSAL,ONDULADO,2.0,76.18,Buena,-79.4517828939999,-6.680861788999948,-79.41676139799995,-6.642261504999908,6.488999999999997
196,PE-40A,32.706,41.22,TACNA,SIERRA,RAMAL,PLANO,1.0,27.57,Mala,-69.56133869699994,-17.34432178599991,-69.59465181399992,-17.288425574999906,8.513999999999996
197,PE-40A,25.958,30.001,TACNA,SIERRA,RAMAL,PLANO,1.0,27.57,Mala,-69.5371012889999,-17.384050997999907,-69.54922255999992,-17.360297304999904,4.043000000000003
198,PE-34F,40.288,92.26,CUSCO,SIERRA,RAMAL,MONTAÑOSO,1.0,33.43,Mala,-71.30501086899994,-14.528161608999937,-71.42960137799992,-14.22241476299996,51.97200000000001
199,PE-1N,1190.795,1195.046,TUMBES,COSTA,LONGITUDINAL DE LA COSTA,PLANO,3.0,80.89,Buena,-80.9584022009999,-4.0350520779999215,-80.97908537199993,-4.006122078999908,4.250999999999976
200,PE-1N,1134.228,1139.483,PIURA,COSTA,LONGITUDINAL DE LA COSTA,PLANO,3.0,77.35,Buena,-81.12633818099994,-4.348372844999915,-81.15870546299993,-4.31477366699994,5.254999999999882
201,PE-1N,1281.085,1284.118,TUMBES,COSTA,LONGITUDINAL DE LA COSTA,PLANO,3.0,80.89,Buena,-80.43586034099991,-3.554937112999937,-80.4089449789999,-3.550300636999907,3.0329999999999018
202,PE-3SG,46.446,56.925,CUSCO,SIERRA,RAMAL,MONTAÑOSO,1.0,40.51,Buena,-72.13335329099993,-14.260871895999912,-72.13862326599991,-14.311873459999958,10.479
203,PE-1NF,111.221,149.705,CAJAMARCA,SIERRA,RAMAL,MONTAÑOSO,1.0,33.11,Buena,-78.80169489399992,-7.36549657899991,-78.83856170799993,-7.221298758999922,38.48400000000001
204,PE-3NB,15.281,17.046,CAJAMARCA,SIERRA,VARIANTE,MONTAÑOSO,1.0,26.8,Mala,-78.55606478099992,-6.84144688799995,-78.54025561899994,-6.843717389999938,1.7649999999999988
205,PE-12,20.639,25.264,ANCASH,COSTA,TRANSVERSAL,PLANO,2.0,77.35,Regular,-78.55540847799995,-8.829436348999934,-78.5486997129999,-8.789586777999943,4.625
206,PE-06A,0.0,4.447,LAMBAYEQUE,COSTA,TRANSVERSAL,PLANO,2.0,53.68,Buena,-79.82719669599993,-6.850571220999939,-79.81192051599993,-6.817195415999947,4.447
207,PE-3SE,717.334,737.699,APURIMAC,SIERRA,RAMAL,ONDULADO,2.0,55.02,Buena,-72.96092649999991,-13.704672158999927,-72.9752301499999,-13.678665475999935,20.36500000000001
208,PE-1NK,15.973,39.82,PIURA,COSTA,RAMAL,PLANO,2.0,77.35,Buena,-80.71418631699993,-5.350859408999952,-80.82342139999992,-5.487367626999912,23.847
209,PE-26,60.362,63.794,HUANCAVELICA,SIERRA,TRANSVERSAL,MONTAÑOSO,1.0,33.11,Buena,-75.68643154499995,-13.33695438999996,-75.6616118099999,-13.325965283999949,3.431999999999995
210,PE-26,44.97,49.202,HUANCAVELICA,SIERRA,TRANSVERSAL,MONTAÑOSO,1.0,44.1,Buena,-75.79908933699994,-13.373272970999949,-75.7687892909999,-13.368183135999914,4.231999999999999
211,PE-1SC,37.017,49.799,ICA,SIERRA,RAMAL,ONDULADO,1.0,49.53,Buena,-75.6063861849999,-13.840028762999907,-75.52335275399992,-13.814211345999922,12.781999999999996
212,PE-02A,132.096,145.099,PIURA,SIERRA,TRANSVERSAL,ONDULADO,2.0,49.53,Buena,-79.47222867499994,-5.297824491999961,-79.4549556419999,-5.246016182999938,13.002999999999986
213,PE-02A,111.396,126.928,PIURA,SIERRA,TRANSVERSAL,ONDULADO,2.0,49.53,Buena,-79.54716712099992,-5.359572691999915,-79.48099023399993,-5.320242088999919,15.531999999999996
214,PE-34E,160.785,177.42,CUSCO,SIERRA,RAMAL,ONDULADO,1.0,49.53,Regular,-71.22470054899992,-15.05711115999992,-71.31577299799994,-14.987951332999955,16.63499999999999
215,PE-20A,105.49,138.064,LIMA,SIERRA,TRANSVERSAL,MONTAÑOSO,1.0,44.1,Regular,-76.59740642899993,-11.448041248999914,-76.4348736039999,-11.349269364999941,32.574
216,PE-20A,95.768,100.372,LIMA,SIERRA,TRANSVERSAL,MONTAÑOSO,2.0,44.1,Regular,-76.62233904199991,-11.468443061999949,-76.61225008199995,-11.467513185999906,4.603999999999999
217,PE-20A,35.2,42.505,LIMA,SIERRA,TRANSVERSAL,ONDULADO,2.0,49.53,Buena,-76.95116805999993,-11.718765258999952,-76.89771293399991,-11.680689891999918,7.305
218,PE-20A,78.364,95.056,LIMA,SIERRA,TRANSVERSAL,ONDULADO,2.0,66.89,Buena,-76.69433117699992,-11.532803860999934,-76.62469185299994,-11.472302966999905,16.691999999999993
219,PE-20A,164.064,182.064,JUNIN,SIERRA,TRANSVERSAL,MONTAÑOSO,1.0,44.1,Regular,-76.44395428099995,-11.17480575199994,-76.3944866729999,-11.074318869999956,18.0
220,PE-20A,182.554,183.775,PASCO,SIERRA,TRANSVERSAL,ONDULADO,1.0,49.53,Regular,-76.39162986799994,-11.070856672999923,-76.39209443899995,-11.060615132999942,1.2210000000000036
221,PE-3SG,194.265,204.621,CUSCO,SIERRA,RAMAL,MONTAÑOSO,1.0,40.51,Buena,-71.67845344499995,-14.603876113999945,-71.6144808919999,-14.66569121799995,10.356000000000023
222,PE-20A,56.077,69.381,LIMA,SIERRA,TRANSVERSAL,ONDULADO,2.0,66.89,Buena,-76.7983249159999,-11.67612571199993,-76.74196624799993,-11.581045150999955,13.304000000000002
223,PE-20C,12.005,16.503,LIMA,COSTA,TRANSVERSAL,PLANO,2.0,80.89,Buena,-77.2090692939999,-11.496566108999957,-77.17106959999995,-11.48853407599995,4.497999999999999
224,PE-28B,17.943,23.91,AYACUCHO,SIERRA,VARIANTE,PLANO,2.0,75.08,Regular,-74.13984680199991,-13.050075530999948,-74.12782476299992,-13.023487254999907,5.966999999999999
225,PE-12A,290.112,291.412,HUANUCO,SELVA,TRANSVERSAL,ONDULADO,2.0,27.06,Mala,-76.57565934799993,-8.600829598999951,-76.5709590909999,-8.59485626199995,1.2999999999999545
226,PE-20B,7.667,7.689,CALLAO,COSTA,TRANSVERSAL,PLANO,2.0,77.35,Regular,-77.12444436499993,-11.997620816999927,-77.12461672099994,-11.997464432999948,0.02200000000000024
227,PE-20B,6.767,6.796,CALLAO,COSTA,TRANSVERSAL,PLANO,2.0,77.35,Regular,-77.1166827749999,-11.999733722999906,-77.1169311889999,-11.999788838999905,0.028999999999999915
228,PE-12A,316.415,339.931,SAN MARTIN,SELVA,TRANSVERSAL,PLANO,2.0,27.46,Mala,-76.46187164499992,-8.452778984999952,-76.33799934399991,-8.351659774999916,23.515999999999963
229,PE-1NN,10.036,11.701,PIURA,COSTA,RAMAL,PLANO,2.0,45.19,Buena,-80.64130591899993,-4.828937529999905,-80.6317081709999,-4.817501609999908,1.665000000000001
230,PE-34E,23.98999999,34.313,AREQUIPA,SIERRA,RAMAL,ONDULADO,1.0,49.53,Regular,-71.38630715399995,-15.884023274999947,-71.37914483299994,-15.792201151999905,10.323000010000001
231,PE-1N,36.019,36.233,LIMA,COSTA,LONGITUDINAL DE LA COSTA,PLANO,2.0,80.89,Buena,-77.11337463299992,-11.833550225999943,-77.11470437199995,-11.83248889999993,0.21399999999999864
232,PE-1NN,0.0,9.096,PIURA,COSTA,RAMAL,PLANO,2.0,35.7,Buena,-80.69976269999995,-4.88403010299993,-80.64786147699994,-4.833986281999955,9.096
233,PE-20B,6.72,6.767,CALLAO,COSTA,TRANSVERSAL,PLANO,2.0,77.35,Regular,-77.11628767399992,-11.999614226999938,-77.1166827749999,-11.999733722999906,0.0470000000000006
234,PE-06A,29.638,47.35,LAMBAYEQUE,COSTA,TRANSVERSAL,PLANO,2.0,62.03,Buena,-79.6405012539999,-6.7396668689999615,-79.4987251949999,-6.734612241999912,17.712
235,PE-40,151.598,156.401,TACNA,SIERRA,TRANSVERSAL,ONDULADO,1.0,55.02,Buena,-69.5532162639999,-17.532513082999913,-69.51259930399993,-17.515548133999914,4.802999999999997
236,PE-32C,16.932,23.216,AYACUCHO,SIERRA,TRANSVERSAL,,0.0,0.0,Buena,-73.47508399999992,-15.23819999999995,-73.4532319999999,-15.245113999999944,6.2840000000000025
237,PE-1NN,30.836,37.385,PIURA,COSTA,RAMAL,PLANO,2.0,42.54,Buena,-80.54096209799991,-4.68113737199991,-80.54744338599994,-4.640531539999927,6.5489999999999995
238,PE-18,236.34,260.422,PASCO,SIERRA,TRANSVERSAL,ONDULADO,2.0,55.02,Buena,-76.43125855799991,-10.413237357999947,-76.33703956999994,-10.282150883999918,24.082000000000022
239,PE-12A,25.633,71.352,ANCASH,SIERRA,TRANSVERSAL,MONTAÑOSO,1.0,44.1,Buena,-77.86381863299994,-8.618273840999905,-77.6567278519999,-8.594186372999957,45.71900000000001
240,PE-34E,39.273,47.619,AREQUIPA,SIERRA,RAMAL,ONDULADO,1.0,43.03,Mala,-71.38980649899992,-15.750049260999958,-71.41786096099992,-15.665786488999913,8.345999999999997
241,PE-1NN,37.496,45.023,PIURA,COSTA,RAMAL,PLANO,2.0,42.54,Buena,-80.54837960899994,-4.638771251999913,-80.51402717799994,-4.58577985799991,7.527000000000001
242,PE-1NI,96.606,104.132,CAJAMARCA,SIERRA,RAMAL,MONTAÑOSO,1.0,33.11,Buena,-79.14279395999995,-6.9022351959999355,-79.12985941999995,-6.926588566999953,7.5260000000000105
243,PE-02A,106.091,111.396,PIURA,SIERRA,TRANSVERSAL,ONDULADO,2.0,55.02,Buena,-79.56440818099992,-5.365263007999943,-79.54716712099992,-5.359572691999915,5.305000000000007
244,PE-1NB,2.718,9.758,LIMA,COSTA,RAMAL,PLANO,2.0,80.89,Buena,-77.2546742959999,-11.536501182999928,-77.2090692939999,-11.496566108999957,7.039999999999999
245,PE-24,266.122,274.692,JUNIN,SIERRA,TRANSVERSAL,ONDULADO,1.0,49.53,Buena,-75.4160305389999,-12.025481223999918,-75.3493419699999,-12.054907969999931,8.569999999999993
246,PE-18,187.529,194.755,PASCO,SIERRA,TRANSVERSAL,ONDULADO,1.0,55.02,Buena,-76.58738594399995,-10.612863943999912,-76.58129443699994,-10.556207263999909,7.225999999999999
247,PE-1ND,2.75,5.0,LIMA,COSTA,VARIANTE,PLANO,0.0,0.0,Buena,-77.26911199199992,-11.584626933999914,-77.26517018999994,-11.56450544899991,2.25
248,PE-20B,7.216,7.244,CALLAO,COSTA,TRANSVERSAL,PLANO,4.0,77.35,Regular,-77.12065453799994,-11.999116579999907,-77.12089238699991,-11.999036832999934,0.02799999999999958
249,PE-08B,58.938,101.718,CAJAMARCA,SIERRA,TRANSVERSAL,MONTAÑOSO,1.0,44.1,Buena,-78.23185935799995,-7.032347452999943,-78.1425437929999,-6.874107360999915,42.78
250,PE-1NI,84.156,91.329,CAJAMARCA,SIERRA,RAMAL,MONTAÑOSO,1.0,33.11,Buena,-79.12219619799993,-6.86984683299994,-79.12380666599995,-6.897894999999949,7.172999999999988
251,PE-18B,83.821,98.589,HUANUCO,SIERRA,TRANSVERSAL,ONDULADO,0.0,0.0,Sin Informacion,-75.89046214199993,-9.90904672399995,-75.77564398999994,-9.821060837999937,14.768
252,PE-1S,151.0,156.289,LIMA,COSTA,LONGITUDINAL DE LA COSTA,PLANO,2.0,80.89,Buena,-76.36597450699992,-13.163575249999951,-76.34061336999991,-13.201873032999913,5.288999999999987
253,PE-1S,85.711,107.764,LIMA,COSTA,LONGITUDINAL DE LA COSTA,PLANO,2.0,80.89,Buena,-76.52369314999993,-12.836059289999923,-76.47586790799994,-13.022062132999906,22.052999999999997
254,PE-20A,102.0,105.064,LIMA,SIERRA,TRANSVERSAL,MONTAÑOSO,2.0,44.1,Regular,-76.60353749199993,-11.46174031299995,-76.5983843919999,-11.44895447999994,3.063999999999993
255,PE-20A,183.775,191.375,PASCO,SIERRA,TRANSVERSAL,ONDULADO,1.0,55.02,Buena,-76.39209443899995,-11.060615132999942,-76.36375113999992,-11.005167170999925,7.599999999999994
256,PE-26A,43.682,91.0,HUANCAVELICA,SIERRA,RAMAL,MONTAÑOSO,0.0,0.0,Sin Informacion,-75.5212173459999,-13.331651687999909,-75.4120598579999,-13.310258594999937,47.318
257,PE-14A,318.484,320.284,HUANUCO,SIERRA,RAMAL,ONDULADO,1.0,0.0,Sin Informacion,-76.6744951039999,-9.316501861999939,-76.65788478799993,-9.32697118099992,1.8000000000000114
258,PE-34E,60.781,69.193,AREQUIPA,SIERRA,RAMAL,ONDULADO,1.0,34.85,Mala,-71.42045062799991,-15.612439694999921,-71.40652322299991,-15.54032785599992,8.411999999999999
259,PE-1NF,56.58,59.845,LA LIBERTAD,SIERRA,RAMAL,ONDULADO,1.0,55.02,Buena,-78.82572495999995,-7.57484351699992,-78.8056127399999,-7.564881623999952,3.2650000000000006
260,PE-1NF,30.381,36.103,LA LIBERTAD,COSTA,RAMAL,PLANO,2.0,53.68,Regular,-78.9755608129999,-7.698001723999937,-78.9520070609999,-7.660024241999906,5.722000000000001
261,PE-1NO,0.0,5.187,TUMBES,COSTA,RAMAL,PLANO,2.0,77.35,Buena,-80.29590317999993,-3.5089368539999555,-80.2585776759999,-3.4840028419999385,5.187
262,PE-1NO,5.187,6.936,TUMBES,COSTA,RAMAL,PLANO,2.0,80.89,Buena,-80.2585776759999,-3.4840028419999385,-80.2431069619999,-3.481377585999951,1.7489999999999997
263,PE-12A,244.002,245.316,HUANUCO,SIERRA,TRANSVERSAL,ONDULADO,1.0,34.85,Buena,-76.8620600349999,-8.661134369999957,-76.8527026619999,-8.660060606999934,1.313999999999993
264,PE-12A,291.412,302.343,HUANUCO,SELVA,TRANSVERSAL,ONDULADO,2.0,27.06,Mala,-76.5709590909999,-8.59485626199995,-76.51446914699994,-8.533969878999926,10.93100000000004
265,PE-24,49.17,53.326,LIMA,COSTA,TRANSVERSAL,ONDULADO,2.0,73.34,Buena,-76.14269999999993,-12.961479999999938,-76.12245124999993,-12.938025099999948,4.155999999999999
266,PE-1N,43.845,43.887,LIMA,COSTA,LONGITUDINAL DE LA COSTA,PLANO,3.0,80.89,Buena,-77.15942633999992,-11.778429914999947,-77.15950320299993,-11.778074080999943,0.04200000000000159
267,PE-14B,18.606,20.564,ANCASH,SIERRA,VARIANTE,MONTAÑOSO,2.0,55.0,Regular,-77.17171998499992,-9.355289456999913,-77.1705932619999,-9.343749999999943,1.9579999999999984
268,PE-12A,302.343,315.467,SAN MARTIN,SELVA,TRANSVERSAL,ONDULADO,2.0,27.06,Mala,-76.51446953899995,-8.533970368999917,-76.46136177199992,-8.461328263999917,13.123999999999967
269,PE-06,3.218,9.263,LAMBAYEQUE,COSTA,TRANSVERSAL,PLANO,4.0,80.89,Buena,-79.89346313399994,-6.803001403999929,-79.9346274639999,-6.8349441439999055,6.045
270,PE-1NK,10.116,15.277,PIURA,COSTA,RAMAL,PLANO,2.0,77.35,Buena,-80.69845152799991,-5.303648690999921,-80.71210021199994,-5.3449872959999425,5.161
271,PE-1NF,41.3,47.077,LA LIBERTAD,COSTA,RAMAL,PLANO,2.0,53.68,Regular,-78.9331948809999,-7.618321217999949,-78.88960838299994,-7.595769881999956,5.777000000000001
272,PE-12A,252.971,267.051,HUANUCO,SIERRA,TRANSVERSAL,ONDULADO,1.0,43.03,Mala,-76.80998923599992,-8.649059518999934,-76.75367771799995,-8.631618975999913,14.079999999999984
273,PE-1NK,47.457,90.791,PIURA,COSTA,RAMAL,PLANO,2.0,77.35,Buena,-80.81811125799993,-5.555887884999947,-80.92304312199991,-5.886545551999916,43.333999999999996
274,PE-1NF,47.077,56.58,LA LIBERTAD,COSTA,RAMAL,PLANO,1.0,53.68,Regular,-78.88960845899993,-7.595770792999929,-78.82572495999995,-7.57484351699992,9.503
275,PE-1N,725.73,732.649,LA LIBERTAD,COSTA,LONGITUDINAL DE LA COSTA,PLANO,3.0,80.89,Buena,-79.52371706199995,-7.093625492999934,-79.57442775499993,-7.053456941999912,6.918999999999983
276,PE-34E,136.094,140.01,CUSCO,SIERRA,RAMAL,ONDULADO,1.0,49.53,Regular,-71.16083923399992,-15.242568203999951,-71.16061673199994,-15.207581865999941,3.915999999999997
277,PE-1N,103.374,108.252,LIMA,COSTA,LONGITUDINAL DE LA COSTA,PLANO,3.0,77.35,Buena,-77.37213006299993,-11.415595931999917,-77.39681168599992,-11.389917485999945,4.878
278,PE-32A,297.079,300.994,AYACUCHO,SIERRA,RAMAL,MONTAÑOSO,1.0,33.11,Buena,-74.15963888399995,-13.594807234999905,-74.16788981699995,-13.576755187999936,3.9150000000000205
279,PE-1S,450.928,454.494,ICA,COSTA,LONGITUDINAL DE LA COSTA,PLANO,2.0,78.24,Buena,-74.98706102999995,-14.870432879999953,-74.98635371799992,-14.896598707999942,3.566000000000031
280,PE-1S,57.681,65.391,LIMA,COSTA,LONGITUDINAL DE LA COSTA,PLANO,2.0,80.89,Buena,-76.75149042099991,-12.465326274999939,-76.72344233899992,-12.528226077999932,7.710000000000008
281,PE-1S,469.587,473.144,ICA,COSTA,LONGITUDINAL DE LA COSTA,PLANO,2.0,78.24,Buena,-75.0074044129999,-15.025461022999934,-75.00613458399994,-15.057385421999925,3.5570000000000164
282,PE-30D,11.122,16.033,ICA,SIERRA,TRANSVERSAL,,0.0,0.0,Buena,-75.1351468599999,-14.462754482999912,-75.12135767299992,-14.427523510999947,4.911000000000001
283,PE-24,274.692,279.699,JUNIN,SIERRA,TRANSVERSAL,ONDULADO,1.0,49.53,Buena,-75.3493419699999,-12.054907969999931,-75.30703966199991,-12.053308354999956,5.007000000000005
284,PE-1S,256.71,283.804,ICA,COSTA,LONGITUDINAL DE LA COSTA,PLANO,2.0,80.89,Buena,-76.02502320999992,-13.90783947999995,-75.78598617999995,-13.958326639999939,27.093999999999994
285,PE-24A,205.208,205.743,JUNIN,SELVA,TRANSVERSAL,PLANO,4.0,70.33,Buena,-74.64679095899993,-11.262037469999939,-74.64276750499994,-11.258849312999928,0.5349999999999966
286,PE-24A,205.743,206.331,JUNIN,SELVA,TRANSVERSAL,PLANO,2.0,70.33,Buena,-74.64276750499994,-11.258849312999928,-74.63843053599993,-11.255251691999945,0.5879999999999939
287,PE-1N,42.758,42.874,LIMA,COSTA,LONGITUDINAL DE LA COSTA,PLANO,3.0,80.89,Buena,-77.15330205799995,-11.785977791999926,-77.15367292899992,-11.785618832999944,0.11599999999999966
288,PE-24A,206.331,206.821,JUNIN,SELVA,TRANSVERSAL,PLANO,4.0,70.33,Buena,-74.63843053599993,-11.255251691999945,-74.63788524099994,-11.25187176299994,0.4900000000000091
289,PE-1NF,25.223,30.381,LA LIBERTAD,COSTA,RAMAL,PLANO,2.0,62.03,Buena,-78.99776526699992,-7.72655401499992,-78.9755608129999,-7.698001723999937,5.158000000000001
290,PE-34J,78.662,84.978,CUSCO,SIERRA,RAMAL,MONTAÑOSO,1.0,33.43,Mala,-71.14463630999995,-15.16375286999994,-71.11072672099993,-15.124527974999921,6.315999999999988
291,PE-34J,84.978,94.15,CUSCO,SIERRA,RAMAL,ONDULADO,1.0,40.84,Regular,-71.11072672099993,-15.124527974999921,-71.13241616899995,-15.046009933999926,9.172000000000011
292,PE-34F,0.0,4.819,CUSCO,SIERRA,RAMAL,ONDULADO,1.0,34.85,Buena,-71.39229366799992,-14.77268409699991,-71.3645339549999,-14.746461169999918,4.819
293,PE-1N,31.982,32.019,LIMA,COSTA,LONGITUDINAL DE LA COSTA,PLANO,2.0,80.89,Buena,-77.08544567799993,-11.855905596999946,-77.0856929869999,-11.855705941999929,0.036999999999999034
294,PE-1N,27.032,27.073,LIMA,COSTA,LONGITUDINAL DE LA COSTA,PLANO,2.0,80.89,Buena,-77.06802625499995,-11.894170510999913,-77.06805098899991,-11.893697988999918,0.04100000000000037
295,PE-34J,94.15,105.248,CUSCO,SIERRA,RAMAL,ONDULADO,1.0,49.53,Regular,-71.1324150559999,-15.046012339999947,-71.17705009499991,-14.96712916699994,11.097999999999999
296,PE-38A,37.694,42.34,PUNO,SIERRA,RAMAL,PLANO,1.0,52.87,Regular,-69.65354573499991,-16.437742021999952,-69.65597915699993,-16.400691985999913,4.646000000000001
297,PE-1S,25.947,35.407,LIMA,COSTA,LONGITUDINAL DE LA COSTA,PLANO,3.0,80.89,Buena,-76.92136585999992,-12.256395393999924,-76.84725470399991,-12.30090128799992,9.459999999999997
298,PE-1S,35.407,47.017,LIMA,COSTA,LONGITUDINAL DE LA COSTA,PLANO,2.0,80.89,Buena,-76.84725470399991,-12.30090128799992,-76.77716919399995,-12.378626201999907,11.610000000000007
299,PE-1S,14.27,19.067,LIMA,COSTA,LONGITUDINAL DE LA COSTA,PLANO,3.0,80.89,Buena,-76.97587571799994,-12.181491465999954,-76.97417776999993,-12.223022869999909,4.797000000000001
300,PE-1S,7.692,12.637,LIMA,COSTA,LONGITUDINAL DE LA COSTA,PLANO,4.0,80.89,Buena,-76.9770879479999,-12.124169583999958,-76.98028306399993,-12.167384289999916,4.945
301,PE-1S,21.963,25.947,LIMA,COSTA,LONGITUDINAL DE LA COSTA,PLANO,3.0,80.89,Buena,-76.95273519099993,-12.238006224999936,-76.92136585999992,-12.256395393999924,3.983999999999998
302,PE-1N,43.555,43.617,LIMA,COSTA,LONGITUDINAL DE LA COSTA,PLANO,2.0,80.89,Buena,-77.15722081899992,-11.782132880999939,-77.15761638099991,-11.781737054999951,0.06199999999999761
303,PE-1N,838.462,843.471,LAMBAYEQUE,COSTA,LONGITUDINAL DE LA COSTA,PLANO,3.0,80.89,Buena,-80.1719563449999,-6.415116591999947,-80.19863657499991,-6.378484367999931,5.0090000000000146
304,PE-34E,57.748,60.781,AREQUIPA,SIERRA,RAMAL,MONTAÑOSO,1.0,33.43,Mala,-71.4254163949999,-15.637460976999932,-71.42045062799991,-15.612439694999921,3.0330000000000013
305,PE-1N,1005.549,1006.036,PIURA,COSTA,LONGITUDINAL DE LA COSTA,PLANO,3.0,77.35,Buena,-80.68918145599991,-5.170124195999961,-80.69048217299991,-5.168408288999956,0.48699999999996635
306,PE-3N,1491.217,1491.373,CAJAMARCA,SIERRA,LONGITUDINAL DE LA SIERRA,MONTAÑOSO,4.0,0.0,Buena,-78.8097235159999,-6.373411147999946,-78.80876925199993,-6.372373737999908,0.15599999999994907
307,PE-3N,238.825,239.937,HUANUCO,SIERRA,LONGITUDINAL DE LA SIERRA,ONDULADO,0.0,66.89,Buena,-76.29918861399995,-9.922044753999955,-76.30822943299995,-9.92037783099994,1.1120000000000232
308,PE-3N,1078.148,1080.738,LA LIBERTAD,SIERRA,LONGITUDINAL DE LA SIERRA,MONTAÑOSO,2.0,55.7,Buena,-78.1525596429999,-7.915894343999923,-78.14123535199991,-7.913976668999908,2.5900000000001455
309,PE-28H,164.6,195.047,JUNIN,SIERRA,RAMAL,,0.0,0.0,Sin Informacion,-74.21706353899992,-11.845556192999936,-74.30627041499991,-11.667515756999933,30.447000000000003
310,PE-3N,1321.7,1329.037,CAJAMARCA,SIERRA,LONGITUDINAL DE LA SIERRA,ONDULADO,2.0,49.53,Buena,-78.58298787399991,-6.94826278599993,-78.62197495399994,-6.908340426999928,7.336999999999989
311,PE-1N,883.838,888.632,PIURA,COSTA,LONGITUDINAL DE LA COSTA,PLANO,3.0,80.89,Buena,-80.47571629799995,-6.152419793999911,-80.49196541099991,-6.112335066999947,4.793999999999983
312,PE-3N,1581.336,1603.933,CAJAMARCA,SELVA,LONGITUDINAL DE LA SIERRA,ONDULADO,2.0,60.03,Buena,-79.14464357399993,-6.023461975999908,-79.30101020099994,-5.927879740999913,22.59699999999998
313,PE-3N,1549.662,1558.321,CAJAMARCA,SELVA,LONGITUDINAL DE LA SIERRA,ONDULADO,1.0,27.06,Buena,-78.91041601899991,-6.044205314999942,-78.9747182189999,-6.020081416999915,8.658999999999878
314,PE-1N,684.193,692.74,LA LIBERTAD,COSTA,LONGITUDINAL DE LA COSTA,PLANO,3.0,77.35,Buena,-79.5211479269999,-7.358349348999923,-79.4792221649999,-7.305373678999956,8.547000000000025
315,PE-34A,38.781,43.306,AREQUIPA,SIERRA,TRANSVERSAL,PLANO,2.0,75.08,Buena,-71.57702999999992,-16.382009999999923,-71.58138999999994,-16.342939999999942,4.524999999999999
316,PE-3N,1314.848,1318.602,CAJAMARCA,SIERRA,LONGITUDINAL DE LA SIERRA,ONDULADO,2.0,55.02,Buena,-78.56836025899992,-6.9860475369999335,-78.57317924499995,-6.963472365999905,3.754000000000133
317,PE-3N,110.255,118.687,PASCO,SIERRA,LONGITUDINAL DE LA SIERRA,ONDULADO,2.0,68.7,Buena,-76.24728965799994,-10.779233931999954,-76.24077417799992,-10.715882428999919,8.432000000000002
318,PE-34A,188.03,196.7,PUNO,SIERRA,TRANSVERSAL,MONTAÑOSO,2.0,55.0,Buena,-70.92684671099994,-15.763804376999929,-70.85754576699992,-15.735604244999934,8.669999999999987
319,PE-3N,1160.318,1165.363,CAJAMARCA,SIERRA,LONGITUDINAL DE LA SIERRA,ONDULADO,0.0,62.45,Buena,-78.08634686199991,-7.613140122999937,-78.1051990759999,-7.598560358999919,5.045000000000073
320,PE-34A,114.063,119.075,AREQUIPA,SIERRA,TRANSVERSAL,MONTAÑOSO,2.0,55.0,Buena,-71.40036068499995,-16.06422931499992,-71.36307112399993,-16.066844224999954,5.0120000000000005
321,PE-1N,943.899,972.935,PIURA,COSTA,LONGITUDINAL DE LA COSTA,PLANO,3.0,77.35,Buena,-80.57736817299991,-5.623123626999927,-80.61660069699991,-5.3643453009999575,29.035999999999945
322,PE-36A,82.951,92.921,MOQUEGUA,SIERRA,TRANSVERSAL,MONTAÑOSO,2.0,53.0,Buena,-70.67038571199993,-16.946695382999906,-70.61601772199992,-16.89970262299994,9.970000000000013
323,PE-18,80.669,91.904,LIMA,SIERRA,TRANSVERSAL,MONTAÑOSO,2.0,33.11,Buena,-77.02959692999991,-10.941719044999957,-76.97352286299991,-10.878023722999956,11.235
324,PE-1NI,41.534,46.595,LAMBAYEQUE,COSTA,RAMAL,PLANO,1.0,62.03,Buena,-79.34384747599995,-6.873565651999911,-79.30743816199993,-6.868758696999919,5.061
325,PE-34A,165.867,175.83,AREQUIPA,SIERRA,TRANSVERSAL,ONDULADO,2.0,62.45,Buena,-71.08872999999994,-15.83615999999995,-71.02267173999991,-15.773060573999942,9.963000000000022
326,PE-34J,105.248,109.888,CUSCO,SIERRA,RAMAL,ONDULADO,1.0,43.03,Mala,-71.17705009499991,-14.96712916699994,-71.18982382699994,-14.934666746999937,4.640000000000001
327,PE-18,180.73,183.238,PASCO,SIERRA,TRANSVERSAL,ONDULADO,1.0,55.02,Buena,-76.61742445699991,-10.610267153999928,-76.6020790689999,-10.615093566999917,2.5080000000000098
328,PE-3N,1340.567,1347.257,CAJAMARCA,SIERRA,LONGITUDINAL DE LA SIERRA,ONDULADO,2.0,49.53,Buena,-78.67750051399992,-6.875399294999909,-78.67598814299993,-6.8298854579999215,6.690000000000055
329,PE-1N,225.293,234.313,ANCASH,COSTA,LONGITUDINAL DE LA COSTA,PLANO,3.0,69.78,Buena,-77.8876486609999,-10.541180911999959,-77.91576452099991,-10.466434228999958,9.019999999999982
330,PE-3N,4.518,12.501,JUNIN,SIERRA,LONGITUDINAL DE LA SIERRA,ONDULADO,2.0,62.45,Buena,-75.93720774199994,-11.50299717899992,-75.94598566099995,-11.446543144999907,7.983
331,PE-3N,1318.602,1320.616,CAJAMARCA,SIERRA,LONGITUDINAL DE LA SIERRA,ONDULADO,2.0,49.53,Buena,-78.57317924499995,-6.963472365999905,-78.57945825299993,-6.956900787999928,2.0139999999998963
332,PE-3N,1329.037,1334.205,CAJAMARCA,SIERRA,LONGITUDINAL DE LA SIERRA,ONDULADO,2.0,43.03,Buena,-78.62197495399994,-6.908340426999928,-78.63718531899991,-6.88949438599991,5.167999999999893
333,PE-34A,82.427,94.508,AREQUIPA,SIERRA,TRANSVERSAL,ONDULADO,2.0,66.89,Buena,-71.62434184499995,-16.11007218499992,-71.55729478599994,-16.06875128599995,12.080999999999989
334,PE-1N,234.313,238.496,ANCASH,COSTA,LONGITUDINAL DE LA COSTA,PLANO,3.0,80.89,Buena,-77.91576452099991,-10.466434228999958,-77.92874974999995,-10.433233010999913,4.183000000000021
335,PE-3N,1209.334,1212.999,CAJAMARCA,SIERRA,LONGITUDINAL DE LA SIERRA,ONDULADO,2.0,66.89,Buena,-78.14376894299994,-7.3513740229999485,-78.16250308799994,-7.335271075999913,3.6649999999999636
336,PE-3N,118.687,121.687,PASCO,SIERRA,LONGITUDINAL DE LA SIERRA,ONDULADO,2.0,68.7,Buena,-76.24077417799992,-10.715882428999919,-76.23460689599995,-10.695508956999959,3.0
337,PE-1S,966.67,971.637,AREQUIPA,SIERRA,LONGITUDINAL DE LA COSTA,PLANO,2.0,78.24,Buena,-71.78991506299991,-16.52929953699993,-71.82244657399991,-16.56007840099994,4.9669999999999845
338,PE-36B,0.071,11.387,MOQUEGUA,SIERRA,RAMAL,ONDULADO,1.0,43.03,Buena,-70.51130457499994,-16.857151509999937,-70.47946532999993,-16.79113266899992,11.316
339,PE-1S,1304.516,1309.509,TACNA,COSTA,LONGITUDINAL DE LA COSTA,PLANO,4.0,77.35,Regular,-70.32029638999995,-18.10886012599991,-70.33786005799993,-18.149827798999922,4.992999999999938
340,PE-1S,634.96,641.079,AREQUIPA,COSTA,LONGITUDINAL DE LA COSTA,PLANO,2.0,77.35,Buena,-74.10818814999993,-15.926581399999918,-74.05676011299994,-15.950377748999927,6.1189999999999145
341,PE-1S,1045.797,1058.626,AREQUIPA,SIERRA,LONGITUDINAL DE LA COSTA,ONDULADO,2.0,68.7,Buena,-71.64953940399994,-17.026491392999958,-71.57935399799993,-17.082831296999927,12.82899999999995
342,PE-1S,625.007,632.844,AREQUIPA,COSTA,LONGITUDINAL DE LA COSTA,PLANO,2.0,69.78,Buena,-74.16824858899992,-15.883626655999933,-74.12601147799995,-15.918338099999914,7.837000000000103
343,PE-1S,546.794,562.182,AREQUIPA,COSTA,LONGITUDINAL DE LA COSTA,PLANO,2.0,77.35,Buena,-74.69439851999994,-15.598492839999949,-74.56936981799993,-15.659482712999932,15.388000000000034
344,PE-1S,926.273,931.232,AREQUIPA,SIERRA,LONGITUDINAL DE LA COSTA,PLANO,2.0,68.22,Mala,-72.09240671099991,-16.394027939999944,-72.05021804299992,-16.412641520999955,4.958999999999946
345,PE-1S,641.079,651.547,AREQUIPA,COSTA,LONGITUDINAL DE LA COSTA,PLANO,2.0,77.35,Buena,-74.05676011299994,-15.950377748999927,-74.01012432999994,-16.025025327999913,10.468000000000075
346,PE-1S,672.68,677.817,AREQUIPA,COSTA,LONGITUDINAL DE LA COSTA,PLANO,2.0,80.89,Buena,-73.8571895799999,-16.139732179999953,-73.81463347599993,-16.160869885999944,5.137000000000057
347,PE-1S,515.315,526.903,AREQUIPA,COSTA,LONGITUDINAL DE LA COSTA,PLANO,2.0,77.35,Buena,-74.88866115999991,-15.412894189999918,-74.84463375899992,-15.503721929999926,11.587999999999965
348,PE-1S,601.672,605.303,AREQUIPA,COSTA,LONGITUDINAL DE LA COSTA,ONDULADO,2.0,76.18,Buena,-74.3265417369999,-15.819803340999954,-74.30200268199991,-15.820320048999918,3.630999999999972
349,PE-1S,575.04,577.608,AREQUIPA,COSTA,LONGITUDINAL DE LA COSTA,MONTAÑOSO,2.0,60.06,Buena,-74.4807273529999,-15.713961917999939,-74.46128650999992,-15.725859859999957,2.5679999999999836
350,PE-1S,578.134,580.782,AREQUIPA,COSTA,LONGITUDINAL DE LA COSTA,ONDULADO,2.0,67.04,Buena,-74.45749189999992,-15.728603736999958,-74.45207297299993,-15.745575191999933,2.6480000000000246
351,PE-1S,620.138,622.479,AREQUIPA,COSTA,LONGITUDINAL DE LA COSTA,PLANO,2.0,69.78,Buena,-74.20436720599992,-15.862972516999946,-74.1839989799999,-15.868855839999924,2.341000000000008
352,PE-1S,156.289,174.659,LIMA,COSTA,LONGITUDINAL DE LA COSTA,PLANO,2.0,80.89,Buena,-76.34061336999991,-13.201873032999913,-76.24200321599994,-13.325738704999935,18.370000000000005
353,PE-1S,993.158,999.129,AREQUIPA,SIERRA,LONGITUDINAL DE LA COSTA,PLANO,2.0,78.24,Buena,-71.8697884099999,-16.738568479999913,-71.86884493499991,-16.792467202999944,5.971000000000004
354,PE-1S,697.222,700.805,AREQUIPA,COSTA,LONGITUDINAL DE LA COSTA,ONDULADO,2.0,73.34,Buena,-73.6645189919999,-16.221728166999924,-73.63303784399994,-16.22790515899993,3.58299999999997
355,PE-1S,677.817,691.276,AREQUIPA,COSTA,LONGITUDINAL DE LA COSTA,PLANO,2.0,69.78,Buena,-73.81463347599993,-16.160869885999944,-73.70567738199992,-16.21306035099991,13.458999999999946
356,PE-1S,567.194,575.04,AREQUIPA,COSTA,LONGITUDINAL DE LA COSTA,PLANO,2.0,69.78,Buena,-74.52629496999992,-15.669157969999958,-74.4807273529999,-15.713961917999939,7.846000000000004
357,PE-1S,1156.814,1176.78,MOQUEGUA,SIERRA,LONGITUDINAL DE LA COSTA,PLANO,2.0,78.24,Buena,-70.99418952999991,-17.36867402899992,-71.07348098999995,-17.51284415899994,19.965999999999894
358,PE-1S,491.505,496.305,AREQUIPA,COSTA,LONGITUDINAL DE LA COSTA,PLANO,2.0,68.22,Buena,-74.95277101999994,-15.211269332999905,-74.93484934199995,-15.249661423999953,4.800000000000011
359,PE-1S,498.583,510.172,AREQUIPA,COSTA,LONGITUDINAL DE LA COSTA,PLANO,2.0,69.78,Buena,-74.92707930699993,-15.268817089999914,-74.88928761999995,-15.366793179999945,11.588999999999999
360,PE-1S,632.844,634.96,AREQUIPA,COSTA,LONGITUDINAL DE LA COSTA,PLANO,2.0,77.35,Buena,-74.12601147799995,-15.918338099999914,-74.10818814999993,-15.926581399999918,2.1159999999999854
361,PE-1S,483.194,491.505,ICA,COSTA,LONGITUDINAL DE LA COSTA,PLANO,2.0,68.22,Buena,-74.98067906999995,-15.14158754999994,-74.95277101999994,-15.211269332999905,8.310999999999979
362,PE-1S,1027.166,1038.873,AREQUIPA,COSTA,LONGITUDINAL DE LA COSTA,MONTAÑOSO,2.0,52.57,Buena,-71.75702496999992,-16.983209469999906,-71.70285975999991,-17.033336279999958,11.707000000000107
363,PE-1S,981.845,993.158,AREQUIPA,SIERRA,LONGITUDINAL DE LA COSTA,PLANO,2.0,78.24,Buena,-71.87185195099994,-16.63647036699996,-71.8697884099999,-16.738568479999913,11.312999999999988
364,PE-1S,1321.719,1326.67,TACNA,COSTA,LONGITUDINAL DE LA COSTA,PLANO,2.0,77.35,Regular,-70.32047106199991,-18.25825186399993,-70.31507348999992,-18.302565986999923,4.951000000000022
365,PE-1S,131.0,150.23,LIMA,COSTA,LONGITUDINAL DE LA COSTA,PLANO,0.0,0.0,Buena,-76.47484911599992,-13.02463008299992,-76.37167068799994,-13.159422097999936,19.22999999999999
366,PE-1S,999.129,1024.489,AREQUIPA,SIERRA,LONGITUDINAL DE LA COSTA,PLANO,2.0,78.24,Buena,-71.86884493499991,-16.792467202999944,-71.76749291599992,-16.983134538999934,25.360000000000014
367,PE-1S,1109.58,1137.822,MOQUEGUA,SIERRA,LONGITUDINAL DE LA COSTA,PLANO,2.0,78.24,Buena,-71.16816371499993,-17.270906760999935,-70.97761309799995,-17.21129428699993,28.241999999999962
368,PE-1S,510.172,515.315,AREQUIPA,COSTA,LONGITUDINAL DE LA COSTA,PLANO,2.0,69.78,Buena,-74.88928761999995,-15.366793179999945,-74.88866115999991,-15.412894189999918,5.143000000000029
369,PE-1S,651.547,672.68,AREQUIPA,COSTA,LONGITUDINAL DE LA COSTA,PLANO,2.0,77.35,Buena,-74.01012432999994,-16.025025327999913,-73.8571895799999,-16.139732179999953,21.132999999999925
370,PE-1S,1058.626,1075.735,AREQUIPA,SIERRA,LONGITUDINAL DE LA COSTA,ONDULADO,2.0,68.7,Buena,-71.57935399799993,-17.082831296999927,-71.45380389499991,-17.155514352999944,17.108999999999924
371,PE-1S,1291.614,1296.599,TACNA,SIERRA,LONGITUDINAL DE LA COSTA,PLANO,4.0,78.24,Buena,-70.25956042999991,-18.012821585999916,-70.27853852999993,-18.04989414599993,4.9849999999999
372,PE-1S,580.782,584.906,AREQUIPA,COSTA,LONGITUDINAL DE LA COSTA,ONDULADO,2.0,67.04,Buena,-74.45207297299993,-15.745575191999933,-74.42946291299995,-15.770708386999956,4.12399999999991
373,PE-1S,616.348,620.138,AREQUIPA,COSTA,LONGITUDINAL DE LA COSTA,PLANO,2.0,69.78,Buena,-74.23682792999995,-15.868544639999925,-74.20436720599992,-15.862972516999946,3.7900000000000773
374,PE-1S,1248.758,1262.43,TACNA,COSTA,LONGITUDINAL DE LA COSTA,PLANO,2.0,69.78,Mala,-70.5705728559999,-17.816351693999934,-70.4568626599999,-17.87402151699996,13.672000000000025
375,PE-1S,584.906,601.672,AREQUIPA,COSTA,LONGITUDINAL DE LA COSTA,ONDULADO,2.0,67.04,Buena,-74.42946291299995,-15.770708386999956,-74.3265417369999,-15.819803340999954,16.766000000000076
376,PE-1S,1221.95,1229.613,TACNA,SIERRA,LONGITUDINAL DE LA COSTA,PLANO,2.0,68.22,Mala,-70.80780425799992,-17.74489525799993,-70.7439622089999,-17.77202847299992,7.663000000000011
377,PE-1S,1043.08,1045.797,AREQUIPA,COSTA,LONGITUDINAL DE LA COSTA,ONDULADO,2.0,76.18,Buena,-71.66614983399995,-17.024155484999937,-71.64953940399994,-17.026491392999958,2.7170000000000982
378,PE-1S,1311.716,1315.209,TACNA,COSTA,LONGITUDINAL DE LA COSTA,PLANO,2.0,69.78,Mala,-70.33404530199994,-18.169236319999925,-70.32749043899992,-18.199974764999922,3.4930000000001655
379,PE-1S,533.844,545.56,AREQUIPA,COSTA,LONGITUDINAL DE LA COSTA,PLANO,2.0,80.89,Buena,-74.78925097399991,-15.531346759999906,-74.70302765899993,-15.59146183699994,11.715999999999894
380,PE-1S,691.276,696.443,AREQUIPA,COSTA,LONGITUDINAL DE LA COSTA,ONDULADO,2.0,67.04,Buena,-73.70567738199992,-16.21306035099991,-73.67158558999995,-16.219997789999923,5.16700000000003
381,PE-1S,1213.209,1221.95,TACNA,COSTA,LONGITUDINAL DE LA COSTA,PLANO,2.0,69.78,Mala,-70.84182187399995,-17.697671143999912,-70.80780425799992,-17.74489525799993,8.740999999999985
382,PE-1S,526.903,533.844,AREQUIPA,COSTA,LONGITUDINAL DE LA COSTA,PLANO,2.0,80.89,Buena,-74.84463375899992,-15.503721929999926,-74.78925097399991,-15.531346759999906,6.941000000000031
383,PE-1S,1316.798,1321.719,TACNA,COSTA,LONGITUDINAL DE LA COSTA,PLANO,2.0,69.78,Mala,-70.32578465999995,-18.214200425999934,-70.32047106199991,-18.25825186399993,4.921000000000049
384,PE-1S,1137.822,1138.745,MOQUEGUA,SIERRA,LONGITUDINAL DE LA COSTA,PLANO,2.0,78.24,Buena,-70.97761309799995,-17.21129428699993,-70.97171480399993,-17.217370074999906,0.9230000000000018
385,PE-1S,562.182,565.401,AREQUIPA,COSTA,LONGITUDINAL DE LA COSTA,PLANO,2.0,69.78,Buena,-74.56936981799993,-15.659482712999932,-74.5412498899999,-15.669705459999932,3.2189999999999372
386,PE-1N,254.249,259.267,ANCASH,COSTA,LONGITUDINAL DE LA COSTA,PLANO,3.0,80.89,Buena,-78.02272945399994,-10.352698266999937,-78.0507838229999,-10.32291578099995,5.018000000000001
387,PE-3N,1581.324,1581.336,CAJAMARCA,SELVA,LONGITUDINAL DE LA SIERRA,ONDULADO,1.0,60.03,Buena,-79.14455871699994,-6.023524787999918,-79.14464357399993,-6.023461975999908,0.011999999999943611
388,PE-1S,174.659,184.559,ICA,COSTA,LONGITUDINAL DE LA COSTA,PLANO,2.0,80.89,Buena,-76.24200321599994,-13.325738704999935,-76.19460229399994,-13.401920575999952,9.900000000000006
389,PE-34E,47.619,52.754,AREQUIPA,SIERRA,RAMAL,ONDULADO,1.0,34.85,Mala,-71.41786096099992,-15.665786488999913,-71.43356034499993,-15.658166623999932,5.134999999999998
390,PE-1NI,15.527,41.534,LAMBAYEQUE,COSTA,RAMAL,PLANO,1.0,62.03,Buena,-79.55842967299992,-6.895355704999929,-79.34384448399993,-6.873564669999951,26.006999999999998
391,PE-3N,1123.327,1126.565,LA LIBERTAD,SIERRA,LONGITUDINAL DE LA SIERRA,ONDULADO,2.0,43.03,Buena,-77.98194021899991,-7.741576336999913,-77.98785400399993,-7.733018874999914,3.2380000000000564
392,PE-18,43.148,48.37,LIMA,SIERRA,TRANSVERSAL,PLANO,2.0,75.08,Buena,-77.24378224599991,-11.139566526999943,-77.19830999999994,-11.134279999999933,5.221999999999994
393,PE-3N,749.351,753.144,ANCASH,SIERRA,LONGITUDINAL DE LA SIERRA,MONTAÑOSO,1.0,33.11,Buena,-78.20309257499991,-8.662923812999907,-78.23375068399992,-8.658710547999931,3.7930000000000064
394,PE-1N,995.801,1000.601,PIURA,COSTA,LONGITUDINAL DE LA COSTA,PLANO,3.0,77.35,Buena,-80.64897221699994,-5.18474744599996,-80.68918145599991,-5.170124195999961,4.7999999999999545
395,PE-36B,33.545,35.886,MOQUEGUA,SIERRA,RAMAL,MONTAÑOSO,1.0,33.11,Buena,-70.40685905999993,-16.628407981999942,-70.40589607499993,-16.61452952399992,2.341000000000001
396,PE-1N,694.402,699.115,LA LIBERTAD,COSTA,LONGITUDINAL DE LA COSTA,PLANO,3.0,80.89,Buena,-79.47307928399994,-7.290317087999938,-79.49013327199992,-7.255218182999954,4.712999999999965
397,PE-34A,68.584,82.427,AREQUIPA,SIERRA,TRANSVERSAL,ONDULADO,2.0,62.45,Buena,-71.65047352099992,-16.213179286999946,-71.62434184499995,-16.11007218499992,13.843000000000004
398,PE-3N,687.505,692.556,ANCASH,SIERRA,LONGITUDINAL DE LA SIERRA,ONDULADO,2.0,43.03,Buena,-77.86443901099994,-8.819524764999926,-77.88376413899994,-8.789172979999933,5.051000000000045
399,PE-18,194.755,205.074,PASCO,SIERRA,TRANSVERSAL,ONDULADO,2.0,55.02,Buena,-76.58129443699994,-10.556207263999909,-76.60107782699993,-10.537983149999945,10.319000000000017
400,PE-02A,75.904,77.72,PIURA,SIERRA,TRANSVERSAL,MONTAÑOSO,2.0,55.0,Buena,-79.61490310399995,-5.381749924999951,-79.60719444099993,-5.377725967999936,1.8160000000000025
401,PE-1N,214.273,218.244,LIMA,COSTA,LONGITUDINAL DE LA COSTA,PLANO,3.0,69.78,Buena,-77.85915441299994,-10.632747399999914,-77.87114337799994,-10.59933490599991,3.9710000000000036
402,PE-18,268.702,272.814,HUANUCO,SIERRA,TRANSVERSAL,ONDULADO,2.0,55.02,Buena,-76.2845784129999,-10.239678728999934,-76.2542854109999,-10.224885980999943,4.112000000000023
403,PE-3N,1348.821,1350.722,CAJAMARCA,SIERRA,LONGITUDINAL DE LA SIERRA,MONTAÑOSO,2.0,44.1,Buena,-78.67322921699991,-6.819627761999925,-78.67470202099992,-6.803566696999951,1.9010000000000673
404,PE-28D,0.0,7.652,ICA,SIERRA,RAMAL,ONDULADO,1.0,34.85,Buena,-75.53535787999994,-13.566331342999945,-75.48883317799994,-13.524372599999936,7.652
405,PE-1N,342.991,348.147,ANCASH,COSTA,LONGITUDINAL DE LA COSTA,PLANO,3.0,80.89,Buena,-78.27139074799993,-9.717567158999941,-78.27362396399991,-9.675507912999933,5.156000000000006
406,PE-36B,0.0,0.071,MOQUEGUA,SIERRA,RAMAL,ONDULADO,1.0,62.45,Buena,-70.51140471499991,-16.857299445999956,-70.51130457499994,-16.857151509999937,0.071
407,PE-1SC,23.238,30.427,ICA,SIERRA,RAMAL,PLANO,1.0,52.87,Regular,-75.67867579699993,-13.92295215799993,-75.64225006099991,-13.875190734999933,7.189
408,PE-1N,795.961,815.315,LAMBAYEQUE,COSTA,LONGITUDINAL DE LA COSTA,PLANO,3.0,77.35,Buena,-79.90357846799992,-6.682725656999935,-80.01117036699992,-6.54742854299991,19.354000000000042
409,PE-1N,878.594,883.648,LAMBAYEQUE,COSTA,LONGITUDINAL DE LA COSTA,PLANO,3.0,77.35,Buena,-80.4424103689999,-6.186160776999941,-80.47466233799992,-6.153788946999953,5.053999999999974
410,PE-1N,381.103,391.136,ANCASH,COSTA,LONGITUDINAL DE LA COSTA,PLANO,3.0,80.89,Buena,-78.34959334399991,-9.446863410999924,-78.38794627499993,-9.36558856399995,10.033000000000015
411,PE-34A,119.075,119.093,AREQUIPA,SIERRA,TRANSVERSAL,MONTAÑOSO,2.0,55.0,Buena,-71.36307112399993,-16.066844224999954,-71.36290743899991,-16.066819633999955,0.018000000000000682
412,PE-3N,1305.282,1308.661,CAJAMARCA,SIERRA,LONGITUDINAL DE LA SIERRA,ONDULADO,2.0,68.7,Buena,-78.59644468599993,-7.048533473999953,-78.58006312099991,-7.02841350999995,3.379000000000133
413,PE-1N,391.136,401.181,ANCASH,COSTA,LONGITUDINAL DE LA COSTA,PLANO,3.0,69.78,Buena,-78.38794627499993,-9.36558856399995,-78.41571874399995,-9.28448461399995,10.044999999999959
414,PE-18,54.044,73.431,LIMA,SIERRA,TRANSVERSAL,ONDULADO,2.0,55.02,Buena,-77.1673802819999,-11.093886556999905,-77.06217869699992,-10.99180375599991,19.387
415,PE-34I,20.141,25.532,PUNO,SIERRA,RAMAL,PLANO,2.0,75.08,Regular,-69.68543851999993,-15.238768067999956,-69.65109413099992,-15.273098326999957,5.391000000000002
416,PE-1N,815.315,823.423,LAMBAYEQUE,COSTA,LONGITUDINAL DE LA COSTA,PLANO,3.0,80.89,Buena,-80.01117036699992,-6.54742854299991,-80.06943699599992,-6.5030606559999455,8.107999999999947
417,PE-1SC,21.741,23.238,ICA,SIERRA,RAMAL,PLANO,2.0,68.22,Mala,-75.66943059499994,-13.93023314699991,-75.67867469799995,-13.922950744999923,1.4969999999999999
418,PE-1S,565.401,567.194,AREQUIPA,COSTA,LONGITUDINAL DE LA COSTA,PLANO,2.0,69.78,Buena,-74.5412498899999,-15.669705459999932,-74.52629496999992,-15.669157969999958,1.7930000000000064
419,PE-36B,113.416,126.597,PUNO,SIERRA,RAMAL,PLANO,2.0,68.22,Buena,-70.09556878199993,-16.184168977999946,-70.01863966299993,-16.093286013999943,13.180999999999997
420,PE-1N,933.866,938.877,PIURA,COSTA,LONGITUDINAL DE LA COSTA,PLANO,3.0,77.35,Buena,-80.56088513599991,-5.712060677999943,-80.56849787899995,-5.667460042999949,5.010999999999967
421,PE-3N,1491.373,1491.464,CAJAMARCA,SIERRA,LONGITUDINAL DE LA SIERRA,MONTAÑOSO,2.0,0.0,Buena,-78.80876925199993,-6.372373737999908,-78.80862165899993,-6.371726313999943,0.0909999999998945
422,PE-1N,898.917,909.414,PIURA,COSTA,LONGITUDINAL DE LA COSTA,PLANO,3.0,77.35,Buena,-80.52283712399992,-6.025035282999909,-80.5326138929999,-5.93147350299995,10.496999999999957
423,PE-34A,205.945,210.702,PUNO,SIERRA,TRANSVERSAL,ONDULADO,2.0,66.89,Buena,-70.82068669599994,-15.706951704999938,-70.80154599999992,-15.683601199999941,4.757000000000005
424,PE-1N,324.457,326.85,ANCASH,COSTA,LONGITUDINAL DE LA COSTA,PLANO,3.0,80.89,Buena,-78.18454886799992,-9.827096797999957,-78.1792399389999,-9.806947457999911,2.393000000000029
425,PE-1N,909.414,913.805,PIURA,COSTA,LONGITUDINAL DE LA COSTA,PLANO,3.0,77.35,Buena,-80.5326138929999,-5.93147350299995,-80.53492230699993,-5.890847909999934,4.390999999999963
426,PE-1N,735.458,744.046,LAMBAYEQUE,COSTA,LONGITUDINAL DE LA COSTA,PLANO,3.0,77.35,Buena,-79.5909985369999,-7.034233079999922,-79.6423714789999,-6.980258249999906,8.58800000000008
427,PE-3N,1460.018,1460.208,CAJAMARCA,SIERRA,LONGITUDINAL DE LA SIERRA,MONTAÑOSO,2.0,55.0,Buena,-78.88549779199991,-6.474505027999953,-78.88430023199993,-6.473653792999926,0.19000000000005457
428,PE-12A,7.569,25.633,ANCASH,SIERRA,TRANSVERSAL,ONDULADO,1.0,49.53,Buena,-77.91652597099994,-8.700191446999952,-77.86381863299994,-8.618273840999905,18.064
429,PE-1N,326.85,338.014,ANCASH,COSTA,LONGITUDINAL DE LA COSTA,PLANO,3.0,80.89,Buena,-78.1792399389999,-9.806947457999911,-78.24628353999992,-9.751490500999921,11.163999999999987
430,PE-20C,30.888,34.151,LIMA,COSTA,TRANSVERSAL,ONDULADO,0.0,41.9,Buena,-77.0775717809999,-11.417302556999914,-77.06160722999994,-11.39230829099995,3.2630000000000017
431,PE-1N,249.412,254.249,ANCASH,COSTA,LONGITUDINAL DE LA COSTA,PLANO,3.0,77.35,Buena,-77.99769436299994,-10.384741897999959,-78.02272945399994,-10.352698266999937,4.836999999999989
432,PE-1N,371.126,381.103,ANCASH,COSTA,LONGITUDINAL DE LA COSTA,PLANO,3.0,77.35,Buena,-78.27344262699995,-9.485014648999936,-78.34959334399991,-9.446863410999924,9.977000000000032
433,PE-1N,868.554,878.594,LAMBAYEQUE,COSTA,LONGITUDINAL DE LA COSTA,PLANO,3.0,80.89,Buena,-80.37508753399993,-6.247026779999942,-80.4424103689999,-6.186160776999941,10.040000000000077
434,PE-1N,219.079,225.293,ANCASH,COSTA,LONGITUDINAL DE LA COSTA,PLANO,3.0,77.35,Buena,-77.87022084999995,-10.591907250999952,-77.8876486609999,-10.541180911999959,6.213999999999999
435,PE-3N,1629.678,1635.408,PIURA,SELVA,LONGITUDINAL DE LA SIERRA,MONTAÑOSO,2.0,48.16,Buena,-79.39335138599995,-5.78084475299994,-79.43646053299994,-5.788104063999924,5.729999999999791
436,PE-3N,86.987,110.255,PASCO,SIERRA,LONGITUDINAL DE LA SIERRA,ONDULADO,2.0,68.7,Buena,-76.07996010599993,-10.894147282999938,-76.24728965799994,-10.779233931999954,23.268
437,PE-02A,126.928,132.096,PIURA,SIERRA,TRANSVERSAL,ONDULADO,2.0,55.02,Buena,-79.48099023399993,-5.320242088999919,-79.47222867499994,-5.297824491999961,5.168000000000006
438,PE-3N,1549.408,1549.6,CAJAMARCA,SELVA,LONGITUDINAL DE LA SIERRA,ONDULADO,1.0,32.51,Buena,-78.8992140769999,-6.049862287999929,-78.89863586399991,-6.048261229999923,0.19200000000000728
439,PE-34A,154.118,165.867,AREQUIPA,SIERRA,TRANSVERSAL,MONTAÑOSO,2.0,53.0,Buena,-71.17758819799991,-15.895345464999934,-71.08872999999994,-15.83615999999995,11.748999999999995
440,PE-1SC,33.427,37.017,ICA,SIERRA,RAMAL,ONDULADO,1.0,49.53,Regular,-75.62621688799993,-13.856363296999916,-75.61597887199991,-13.843842235999944,3.5900000000000034
441,PE-34A,14.663,24.305,AREQUIPA,SIERRA,TRANSVERSAL,ONDULADO,2.0,62.45,Buena,-71.69274229799993,-16.469852412999956,-71.6804822439999,-16.423529428999927,9.642
442,PE-10,0.058,5.962,LA LIBERTAD,COSTA,TRANSVERSAL,PLANO,4.0,77.35,Buena,-78.99686622599995,-8.175773620999905,-78.97849012299992,-8.224369785999954,5.904
443,PE-26,63.794,66.258,HUANCAVELICA,SIERRA,TRANSVERSAL,MONTAÑOSO,1.0,33.11,Buena,-75.6616118099999,-13.325965283999949,-75.64613981199994,-13.31439514899995,2.4639999999999986
444,PE-36A,37.06,41.876,MOQUEGUA,SIERRA,TRANSVERSAL,MONTAÑOSO,2.0,55.7,Buena,-70.85524706199993,-17.065458862999947,-70.85978707499993,-17.053933801999904,4.815999999999995
445,PE-3N,1359.942,1365.122,CAJAMARCA,SIERRA,LONGITUDINAL DE LA SIERRA,MONTAÑOSO,2.0,44.1,Buena,-78.63274816199993,-6.774887670999931,-78.60718536399992,-6.767126082999937,5.180000000000064
446,PE-3N,1308.872,1314.848,CAJAMARCA,SIERRA,LONGITUDINAL DE LA SIERRA,ONDULADO,2.0,68.7,Buena,-78.57876586899994,-7.02708625799994,-78.56836025899992,-6.9860475369999335,5.975999999999885
447,PE-5NB,40.052,48.737,SAN MARTIN,SELVA,RAMAL,MONTAÑOSO,2.0,48.16,Buena,-76.25736486599993,-6.411538432999919,-76.29206216999995,-6.37039948599994,8.685000000000002
448,PE-18,205.074,208.643,PASCO,SIERRA,TRANSVERSAL,ONDULADO,1.0,55.02,Buena,-76.60107782699993,-10.537983149999945,-76.58252255299993,-10.518101693999938,3.5689999999999884
449,PE-36A,72.259,82.951,MOQUEGUA,SIERRA,TRANSVERSAL,MONTAÑOSO,2.0,53.0,Buena,-70.70567912099995,-16.988800204999905,-70.67038571199993,-16.946695382999906,10.691999999999993
450,PE-1SC,0.0,5.269,ICA,COSTA,RAMAL,PLANO,2.0,80.89,Buena,-75.71826586499992,-14.09043806099993,-75.70734985199994,-14.055005844999926,5.269
451,PE-34A,119.093,124.061,AREQUIPA,SIERRA,TRANSVERSAL,MONTAÑOSO,2.0,53.0,Buena,-71.36290743899991,-16.066819633999955,-71.32517319699991,-16.04591329899995,4.9680000000000035
452,PE-1N,823.423,838.462,LAMBAYEQUE,COSTA,LONGITUDINAL DE LA COSTA,PLANO,3.0,77.35,Buena,-80.06943699599992,-6.5030606559999455,-80.1719563449999,-6.415116591999947,15.038999999999987
453,PE-26,49.219,53.82,HUANCAVELICA,SIERRA,TRANSVERSAL,MONTAÑOSO,1.0,40.51,Buena,-75.76866119399995,-13.368224288999954,-75.7350438659999,-13.362693148999938,4.600999999999999
454,PE-3N,1126.565,1133.115,LA LIBERTAD,SIERRA,LONGITUDINAL DE LA SIERRA,ONDULADO,2.0,49.53,Buena,-77.98785400399993,-7.733018874999914,-78.01556968699992,-7.709791182999936,6.5499999999999545
455,PE-04C,6.8412,21.448,CAJAMARCA,SELVA,TRANSVERSAL,ONDULADO,2.0,59.09,Buena,-78.85873409899995,-6.007853006999937,-78.83396079199991,-5.894789800999945,14.6068
456,PE-04C,24.122,33.52,CAJAMARCA,SELVA,TRANSVERSAL,ONDULADO,2.0,59.09,Buena,-78.8188150769999,-5.878704330999938,-78.7565778739999,-5.838877959999934,9.398000000000003
457,PE-34A,177.784,188.03,AREQUIPA,SIERRA,TRANSVERSAL,ONDULADO,2.0,66.89,Buena,-71.00538999999992,-15.767559999999946,-70.92684671099994,-15.763804376999929,10.24600000000001
458,PE-3SF,364.115,378.618,CUSCO,SIERRA,RAMAL,MONTAÑOSO,1.0,44.1,Regular,-72.3218593599999,-13.691850661999922,-72.29422772399994,-13.66738898199992,14.502999999999986
459,PE-34A,277.096,298.424,PUNO,SIERRA,TRANSVERSAL,ONDULADO,2.0,66.89,Buena,-70.30583999999993,-15.610259999999926,-70.14709552399995,-15.498568208999927,21.327999999999975
460,PE-32A,45.504,65.808,AYACUCHO,SIERRA,RAMAL,MONTAÑOSO,1.0,33.11,Buena,-73.92602582599994,-14.466918785999951,-73.96054667999994,-14.386249053999904,20.30400000000001
461,PE-1N,239.327,244.734,ANCASH,COSTA,LONGITUDINAL DE LA COSTA,PLANO,3.0,77.35,Buena,-77.92488927699992,-10.426866281999935,-77.96569509299991,-10.411178338999946,5.407000000000011
462,PE-1N,363.205,368.03,ANCASH,COSTA,LONGITUDINAL DE LA COSTA,PLANO,3.0,80.89,Buena,-78.27029975099992,-9.54814646999995,-78.2843911299999,-9.510138799999936,4.824999999999989
463,PE-3N,1157.643,1159.779,CAJAMARCA,SIERRA,LONGITUDINAL DE LA SIERRA,ONDULADO,0.0,62.45,Buena,-78.06974608199994,-7.609974677999958,-78.08440150299992,-7.61179990699992,2.1359999999999673
464,PE-1N,656.459,674.149,LA LIBERTAD,COSTA,LONGITUDINAL DE LA COSTA,PLANO,3.0,77.35,Buena,-79.4194091409999,-7.480985343999919,-79.5366119009999,-7.419197567999959,17.690000000000055
465,PE-20C,23.439,30.888,LIMA,COSTA,TRANSVERSAL,ONDULADO,4.0,41.9,Buena,-77.13048627899991,-11.461097306999932,-77.0775717809999,-11.417302556999914,7.449000000000002
466,PE-1N,401.181,412.877,ANCASH,COSTA,LONGITUDINAL DE LA COSTA,PLANO,3.0,77.35,Buena,-78.41571874399995,-9.28448461399995,-78.46357030699994,-9.19496511299991,11.696000000000026
467,PE-1S,606.35,616.348,AREQUIPA,COSTA,LONGITUDINAL DE LA COSTA,PLANO,2.0,80.89,Buena,-74.29807892999992,-15.828361999999913,-74.23682792999995,-15.868544639999925,9.997999999999934
468,PE-1S,1038.873,1043.08,AREQUIPA,COSTA,LONGITUDINAL DE LA COSTA,ONDULADO,2.0,76.18,Buena,-71.70285975999991,-17.033336279999958,-71.66614983399995,-17.024155484999937,4.20699999999988
469,PE-1N,938.877,943.899,PIURA,COSTA,LONGITUDINAL DE LA COSTA,PLANO,3.0,80.89,Buena,-80.56849787899995,-5.667460042999949,-80.57736817299991,-5.623123626999927,5.022000000000048
470,PE-3SF,399.349,403.988,CUSCO,SIERRA,RAMAL,ONDULADO,1.0,49.53,Regular,-72.23295262199991,-13.630290645999935,-72.22009754399994,-13.628670305999947,4.63900000000001
471,PE-1SF,8.428,15.402,ICA,COSTA,RAMAL,PLANO,0.0,0.0,Buena,-76.23290302399994,-13.761737300999926,-76.24417877199994,-13.823926925999956,6.973999999999998
472,PE-1N,598.402,604.125,LA LIBERTAD,COSTA,LONGITUDINAL DE LA COSTA,PLANO,3.0,80.89,Buena,-79.12778539399994,-7.8847920779999185,-79.1524484059999,-7.839410175999944,5.722999999999956
473,PE-1N,560.019,576.546,LA LIBERTAD,COSTA,LONGITUDINAL DE LA COSTA,PLANO,3.0,80.89,Buena,-79.02061910399993,-8.130820977999917,-79.0914370509999,-8.06852506499996,16.527000000000044
474,PE-1N,48.755,63.824,LIMA,COSTA,LONGITUDINAL DE LA COSTA,PLANO,3.0,77.35,Buena,-77.13824672899995,-11.741396920999932,-77.19889315899991,-11.656358778999959,15.068999999999996
475,PE-1N,298.118,307.975,ANCASH,COSTA,LONGITUDINAL DE LA COSTA,PLANO,3.0,77.35,Buena,-78.16872340799995,-10.02825224399993,-78.21156759099995,-9.951522576999935,9.857000000000028
476,PE-34I,10.077,20.141,PUNO,SIERRA,RAMAL,PLANO,2.0,75.08,Regular,-69.75153978899993,-15.209179522999932,-69.68543851999993,-15.238768067999956,10.063999999999998
477,PE-34A,94.508,109.672,AREQUIPA,SIERRA,TRANSVERSAL,ONDULADO,2.0,66.89,Buena,-71.55729478599994,-16.06875128599995,-71.43175114999991,-16.07016653599993,15.164000000000001
478,PE-3N,613.091,638.273,ANCASH,SIERRA,LONGITUDINAL DE LA SIERRA,ONDULADO,2.0,62.45,Buena,-77.6469482739999,-9.284302629999956,-77.76072691399992,-9.123927900999945,25.182000000000016
479,PE-3N,502.839,522.79,ANCASH,SIERRA,LONGITUDINAL DE LA SIERRA,ONDULADO,7.0,62.45,Buena,-77.28747117499995,-10.110722696999915,-77.34582789399991,-9.979089980999959,19.950999999999965
480,PE-34A,63.579,67.67,AREQUIPA,SIERRA,TRANSVERSAL,ONDULADO,2.0,66.89,Buena,-71.66619274699991,-16.237204300999906,-71.65766999999994,-16.215509999999938,4.091000000000001
481,PE-3SF,324.116,329.457,APURIMAC,SIERRA,RAMAL,ONDULADO,1.0,55.02,Buena,-72.34975756599994,-13.780277809999916,-72.36351013199993,-13.76094245899992,5.341000000000008
482,PE-1N,928.851,933.866,PIURA,COSTA,LONGITUDINAL DE LA COSTA,PLANO,3.0,80.89,Buena,-80.55250716299992,-5.756495443999938,-80.56088513599991,-5.712060677999943,5.014999999999986
483,PE-3N,712.533,749.351,ANCASH,SIERRA,LONGITUDINAL DE LA SIERRA,MONTAÑOSO,1.0,40.51,Buena,-77.96038320399992,-8.699709518999953,-78.20309257499991,-8.662923812999907,36.817999999999984
484,PE-3N,526.027,541.943,ANCASH,SIERRA,LONGITUDINAL DE LA SIERRA,ONDULADO,7.0,62.45,Buena,-77.36549231799995,-9.96460298799991,-77.40352690599991,-9.864334140999915,15.91599999999994
485,PE-18,75.213,79.878,LIMA,SIERRA,TRANSVERSAL,ONDULADO,2.0,55.02,Buena,-77.05364946999993,-10.979205864999926,-77.03390349799992,-10.946696644999918,4.665000000000006
486,PE-3N,1617.132,1629.678,CAJAMARCA,SELVA,LONGITUDINAL DE LA SIERRA,MONTAÑOSO,2.0,48.16,Buena,-79.35128021199995,-5.859973906999926,-79.39335138599995,-5.78084475299994,12.54600000000005
487,PE-1N,699.115,704.8,LA LIBERTAD,COSTA,LONGITUDINAL DE LA COSTA,PLANO,3.0,77.35,Buena,-79.49013327199992,-7.255218182999954,-79.44800184299993,-7.2301563969999165,5.684999999999945
488,PE-1N,913.805,918.815,PIURA,COSTA,LONGITUDINAL DE LA COSTA,PLANO,3.0,80.89,Buena,-80.53492230699993,-5.890847909999934,-80.53749531999995,-5.84554647199991,5.010000000000105
489,PE-18,96.376,98.575,LIMA,SIERRA,TRANSVERSAL,MONTAÑOSO,2.0,33.11,Buena,-76.9214360709999,-10.855085646999953,-76.90476329599994,-10.85209307699995,2.198999999999998
490,PE-18,48.37,54.044,LIMA,SIERRA,TRANSVERSAL,ONDULADO,2.0,49.53,Buena,-77.19830999999994,-11.134279999999933,-77.1673802819999,-11.093886556999905,5.6739999999999995
491,PE-34A,233.852,238.311,PUNO,SIERRA,TRANSVERSAL,ONDULADO,2.0,62.45,Buena,-70.63848003399994,-15.688359534999904,-70.60311814399995,-15.693319955999925,4.459000000000003
492,PE-3N,1350.722,1359.942,CAJAMARCA,SIERRA,LONGITUDINAL DE LA SIERRA,MONTAÑOSO,2.0,33.11,Buena,-78.67470202099992,-6.803566696999951,-78.63274816199993,-6.774887670999931,9.220000000000027
493,PE-24A,207.299,208.253,JUNIN,SELVA,TRANSVERSAL,PLANO,4.0,70.33,Buena,-74.6370643699999,-11.248546032999911,-74.6339392239999,-11.240041947999941,0.9539999999999793
494,PE-3N,1560.577,1578.853,CAJAMARCA,SELVA,LONGITUDINAL DE LA SIERRA,ONDULADO,1.0,27.06,Buena,-78.99567512399994,-6.020425920999912,-79.12925484099992,-6.037999980999928,18.276000000000067
495,PE-3N,581.997,613.091,ANCASH,SIERRA,LONGITUDINAL DE LA SIERRA,ONDULADO,2.0,62.45,Buena,-77.53219032299995,-9.511503219999952,-77.6469482739999,-9.284302629999956,31.09400000000005
496,PE-34A,239.618,277.096,PUNO,SIERRA,TRANSVERSAL,ONDULADO,2.0,68.7,Buena,-70.59339051499995,-15.690311667999936,-70.30583999999993,-15.610259999999926,37.47800000000001
497,PE-1S,622.479,625.007,AREQUIPA,COSTA,LONGITUDINAL DE LA COSTA,PLANO,2.0,69.78,Buena,-74.1839989799999,-15.868855839999924,-74.16824858899992,-15.883626655999933,2.5279999999999063
498,PE-1N,988.657,988.737,PIURA,COSTA,LONGITUDINAL DE LA COSTA,PLANO,3.0,80.89,Buena,-80.64157235599993,-5.23640987999994,-80.64216679799995,-5.23599790399993,0.07999999999992724
499,PE-26,78.585,81.05,HUANCAVELICA,SIERRA,TRANSVERSAL,MONTAÑOSO,1.0,44.1,Regular,-75.61164605199991,-13.228041878999932,-75.59291345199995,-13.21887868899995,2.4650000000000034
500,PE-26,66.258,71.827,HUANCAVELICA,SIERRA,TRANSVERSAL,MONTAÑOSO,1.0,33.11,Buena,-75.64613981199994,-13.31439514899995,-75.62925557699992,-13.277512187999946,5.569000000000003
501,PE-34E,140.01,160.785,AREQUIPA,SIERRA,RAMAL,ONDULADO,1.0,49.53,Regular,-71.16061673199994,-15.207581865999941,-71.22470054899992,-15.05711115999992,20.775000000000006
502,PE-1SC,30.427,33.427,ICA,SIERRA,RAMAL,ONDULADO,1.0,49.53,Regular,-75.64225124899991,-13.87519156499991,-75.62621688799993,-13.856363296999916,3.0
503,PE-1N,770.298,782.244,LAMBAYEQUE,COSTA,LONGITUDINAL DE LA COSTA,PLANO,3.0,77.35,Buena,-79.82719669599993,-6.850571220999939,-79.8737379989999,-6.7779748329999165,11.946000000000026
504,PE-1N,782.244,795.961,LAMBAYEQUE,COSTA,LONGITUDINAL DE LA COSTA,PLANO,3.0,77.35,Buena,-79.8737379989999,-6.7779748329999165,-79.90357846799992,-6.682725656999935,13.716999999999985
505,PE-1N,207.614,214.273,LIMA,COSTA,LONGITUDINAL DE LA COSTA,PLANO,3.0,77.35,Buena,-77.80820610399991,-10.663254455999947,-77.85915441299994,-10.632747399999914,6.658999999999992
506,PE-1N,244.734,249.412,ANCASH,COSTA,LONGITUDINAL DE LA COSTA,PLANO,3.0,80.89,Buena,-77.96569509299991,-10.411178338999946,-77.99769436299994,-10.384741897999959,4.677999999999997
507,PE-1N,888.632,898.917,PIURA,COSTA,LONGITUDINAL DE LA COSTA,PLANO,3.0,77.35,Buena,-80.49196541099991,-6.112335066999947,-80.52283712399992,-6.025035282999909,10.285000000000082
508,PE-1S,1082.964,1101.566,MOQUEGUA,SIERRA,LONGITUDINAL DE LA COSTA,PLANO,2.0,78.24,Buena,-71.40096688999995,-17.196263079999937,-71.23847435099992,-17.25220072499991,18.60200000000009
509,PE-34A,35.922,38.781,AREQUIPA,SIERRA,TRANSVERSAL,PLANO,2.0,68.22,Buena,-71.58453158899994,-16.405511588999957,-71.57702999999992,-16.382009999999923,2.8590000000000018
510,PE-1N,424.275,440.527,ANCASH,COSTA,LONGITUDINAL DE LA COSTA,PLANO,3.0,69.78,Buena,-78.46357030699994,-9.19496511299991,-78.57022113499994,-9.09244685899995,16.25200000000001
511,PE-1N,443.894,446.008,ANCASH,COSTA,LONGITUDINAL DE LA COSTA,PLANO,3.0,77.35,Buena,-78.61700495799994,-8.984350737999932,-78.62182492999995,-8.966438043999915,2.113999999999976
512,PE-3N,1603.933,1617.132,CAJAMARCA,SELVA,LONGITUDINAL DE LA SIERRA,MONTAÑOSO,2.0,48.16,Buena,-79.30101020099994,-5.927879740999913,-79.35128021199995,-5.859973906999926,13.19900000000007
513,PE-34A,0.0,4.072,AREQUIPA,SIERRA,TRANSVERSAL,PLANO,2.0,78.24,Buena,-71.78372332999993,-16.527178729999946,-71.74951551099991,-16.524573689999954,4.072
514,PE-34A,24.305,28.076,AREQUIPA,SIERRA,TRANSVERSAL,ONDULADO,2.0,62.45,Buena,-71.6804822439999,-16.423529428999927,-71.64832999999993,-16.42736999999994,3.771000000000001
515,PE-24,205.334,226.133,JUNIN,SIERRA,TRANSVERSAL,MONTAÑOSO,1.0,55.0,Buena,-75.64127611299995,-12.235321108999926,-75.61257732199994,-12.134083998999927,20.799000000000007
516,PE-24,256.196,265.005,JUNIN,SIERRA,TRANSVERSAL,ONDULADO,2.0,66.89,Buena,-75.47626849499994,-12.002516890999914,-75.42530660999995,-12.024790997999958,8.808999999999969
517,PE-34A,128.84,138.538,AREQUIPA,SIERRA,TRANSVERSAL,MONTAÑOSO,2.0,55.0,Buena,-71.28549112699994,-16.028563860999952,-71.25022714999994,-15.977933084999904,9.698000000000008
518,PE-3N,1059.365,1062.479,LA LIBERTAD,SIERRA,LONGITUDINAL DE LA SIERRA,MONTAÑOSO,2.0,55.7,Buena,-78.24198913599992,-7.987501143999907,-78.22977052999994,-7.973145314999954,3.1140000000000327
519,PE-1N,611.255,624.329,LA LIBERTAD,COSTA,LONGITUDINAL DE LA COSTA,PLANO,3.0,77.35,Buena,-79.2023094679999,-7.7989761909999515,-79.29756908099995,-7.73572491099992,13.073999999999955
520,PE-3N,1165.363,1187.219,CAJAMARCA,SIERRA,LONGITUDINAL DE LA SIERRA,ONDULADO,2.0,66.89,Buena,-78.1051990759999,-7.598560358999919,-78.11310662099993,-7.463465449999944,21.855999999999995
521,PE-3N,1489.334,1489.411,CAJAMARCA,SIERRA,LONGITUDINAL DE LA SIERRA,MONTAÑOSO,2.0,0.0,Buena,-78.81747905799995,-6.388785972999926,-78.81747828899995,-6.388785716999905,0.07699999999999818
522,PE-1N,704.8,708.764,LA LIBERTAD,COSTA,LONGITUDINAL DE LA COSTA,PLANO,3.0,80.89,Buena,-79.44800184299993,-7.2301563969999165,-79.4274845459999,-7.203970621999929,3.9640000000000555
523,PE-1N,38.847,42.758,LIMA,COSTA,LONGITUDINAL DE LA COSTA,PLANO,2.0,80.89,Buena,-77.12962728299993,-11.812689615999943,-77.15330205799995,-11.785977791999926,3.9110000000000014
524,PE-1N,368.03,371.126,ANCASH,COSTA,LONGITUDINAL DE LA COSTA,PLANO,3.0,77.35,Buena,-78.2843911299999,-9.510138799999936,-78.27344262699995,-9.485014648999936,3.0960000000000036
525,PE-1N,289.398,298.118,ANCASH,COSTA,LONGITUDINAL DE LA COSTA,PLANO,3.0,80.89,Buena,-78.14028290199991,-10.100497568999913,-78.16872340799995,-10.02825224399993,8.71999999999997
526,PE-34A,62.013,63.579,AREQUIPA,SIERRA,TRANSVERSAL,ONDULADO,2.0,62.45,Buena,-71.67478999999992,-16.246059999999943,-71.66619274699991,-16.237204300999906,1.5660000000000025
527,PE-34A,196.7,205.945,PUNO,SIERRA,TRANSVERSAL,MONTAÑOSO,2.0,53.0,Buena,-70.85754576699992,-15.735604244999934,-70.82068669599994,-15.706951704999938,9.245000000000005
528,PE-30C,454.533,589.995,MADRE DE DIOS,SELVA,TRANSVERSAL,PLANO,2.0,70.33,Buena,-69.14454157299991,-12.385843228999931,-69.45366209999992,-11.403630172999954,135.462
529,PE-3N,1199.376,1209.334,CAJAMARCA,SIERRA,LONGITUDINAL DE LA SIERRA,ONDULADO,2.0,66.89,Buena,-78.12247838699994,-7.405252412999914,-78.1280994409999,-7.366451262999931,9.958000000000084
530,PE-3N,1187.484,1199.376,CAJAMARCA,SIERRA,LONGITUDINAL DE LA SIERRA,ONDULADO,2.0,66.89,Buena,-78.11510463699994,-7.462625542999945,-78.12247838699994,-7.405252412999914,11.892000000000053
531,PE-1N,322.947,324.457,ANCASH,COSTA,LONGITUDINAL DE LA COSTA,PLANO,3.0,69.78,Buena,-78.18222291899991,-9.840531719999944,-78.18454886799992,-9.827096797999957,1.509999999999991
532,PE-3N,1579.021,1581.113,CAJAMARCA,SELVA,LONGITUDINAL DE LA SIERRA,ONDULADO,0.0,32.51,Buena,-79.1305981989999,-6.037302904999933,-79.1432836539999,-6.024935899999946,2.0920000000000982
533,PE-18,219.583,221.737,PASCO,SIERRA,TRANSVERSAL,ONDULADO,1.0,55.02,Buena,-76.5162271829999,-10.489852155999927,-76.49862583399994,-10.484154523999905,2.1539999999999964
534,PE-3N,1581.304,1581.324,CAJAMARCA,SELVA,LONGITUDINAL DE LA SIERRA,ONDULADO,2.0,60.03,Buena,-79.1444100249999,-6.023636944999907,-79.14455871699994,-6.023524787999918,0.01999999999998181
535,PE-36A,62.029,72.259,MOQUEGUA,SIERRA,TRANSVERSAL,MONTAÑOSO,2.0,55.7,Buena,-70.75051746999992,-17.019308511999952,-70.70567912099995,-16.988800204999905,10.229999999999997
536,PE-3SF,360.313,364.115,CUSCO,SIERRA,RAMAL,MONTAÑOSO,1.0,40.51,Mala,-72.3359066779999,-13.69010671999996,-72.3218593599999,-13.691850661999922,3.802000000000021
537,PE-3N,692.556,712.533,ANCASH,SIERRA,LONGITUDINAL DE LA SIERRA,MONTAÑOSO,1.0,40.51,Buena,-77.88376413899994,-8.789172979999933,-77.96038320399992,-8.699709518999953,19.976999999999975
538,PE-1SJ,0.0,11.616,AREQUIPA,COSTA,RAMAL,PLANO,0.0,0.0,Buena,-71.68499385299992,-17.02734025299992,-71.75815999999992,-17.09089199999994,11.616
539,PE-06A,90.928,104.857,CAJAMARCA,SIERRA,TRANSVERSAL,MONTAÑOSO,1.0,44.1,Buena,-79.22927379299995,-6.5614517369999135,-79.15825302799993,-6.499625087999959,13.929000000000002
540,PE-06A,108.319,113.248,CAJAMARCA,SIERRA,TRANSVERSAL,MONTAÑOSO,1.0,44.1,Buena,-79.14966942199993,-6.496627541999942,-79.1382269099999,-6.497303507999959,4.929000000000002
541,PE-06A,180.234,184.99,CAJAMARCA,SELVA,TRANSVERSAL,ONDULADO,1.0,50.38,Buena,-78.89892238399995,-6.485508126999946,-78.88549779099992,-6.474505027999953,4.756
542,PE-28C,66.261,68.269,JUNIN,SELVA,RAMAL,ONDULADO,1.0,46.47,Regular,-73.9919085809999,-12.226631285999929,-73.99725527099991,-12.222101413999951,2.0080000000000098
543,PE-28C,69.454,75.215,JUNIN,SELVA,RAMAL,ONDULADO,1.0,46.47,Regular,-73.99076652499991,-12.215787887999909,-74.00126303399992,-12.190582463999931,5.76100000000001
544,PE-28C,216.975,240.565,JUNIN,SELVA,RAMAL,PLANO,0.0,0.0,Regular,-74.30632196399995,-11.667214091999938,-74.40764757699992,-11.578564435999908,23.590000000000003
545,PE-20B,0.0,1.579,CALLAO,COSTA,TRANSVERSAL,PLANO,3.0,80.89,Buena,-77.11499674799995,-11.998914021999951,-77.11159706099994,-12.01102256799993,1.579
546,PE-20B,1.633,2.92,CALLAO,COSTA,VARIANTE,PLANO,2.0,80.89,Buena,-77.11134074499995,-12.01152815799992,-77.10646041899992,-12.021991057999912,1.287
547,PE-3SL,22.642,46.299,AYACUCHO,SIERRA,VARIANTE,,0.0,0.0,Buena,-74.1160259689999,-13.196391964999918,-74.04217199999994,-13.283567999999946,23.657
548,PE-1SD,0.0,4.427,AREQUIPA,COSTA,VARIANTE,ONDULADO,2.0,44.1,Buena,-72.62814593899992,-16.658763877999945,-72.58892678799992,-16.663610412999958,4.427
549,PE-1SD,4.427,10.113,AREQUIPA,COSTA,VARIANTE,ONDULADO,2.0,52.05,Buena,-72.58892678799992,-16.663610412999958,-72.5576518229999,-16.66975307699994,5.686
550,PE-1SD,242.143,248.561,MOQUEGUA,COSTA,VARIANTE,PLANO,2.0,80.89,Buena,-71.34600749599991,-17.654211393999958,-71.33690392299991,-17.68898042999996,6.418000000000006
551,PE-1SD,124.765,127.903,AREQUIPA,COSTA,VARIANTE,PLANO,2.0,80.89,Buena,-71.89735968299993,-17.113723513999958,-71.87488768999992,-17.131842475999917,3.1380000000000052
552,PE-1SD,10.113,14.718,AREQUIPA,COSTA,VARIANTE,ONDULADO,2.0,44.1,Buena,-72.5576518229999,-16.66975307699994,-72.52980738199994,-16.679956986999912,4.605
553,PE-1SD,14.718,19.967,AREQUIPA,COSTA,VARIANTE,ONDULADO,2.0,52.05,Buena,-72.52980738199994,-16.679956986999912,-72.48326893099994,-16.693794320999928,5.248999999999999
554,PE-1SD,20.33,29.716,AREQUIPA,COSTA,VARIANTE,ONDULADO,1.0,44.1,Buena,-72.47999674199991,-16.693430848999924,-72.4284198599999,-16.717517518999955,9.386000000000003
555,PE-3NG,43.439,97.801,JUNIN,SIERRA,RAMAL,,0.0,0.0,Regular,-76.2216369539999,-11.230409177999945,-76.27545369599994,-11.559544285999948,54.362
556,PE-3NG,97.801,113.528,LIMA,SIERRA,RAMAL,,0.0,0.0,Buena,-76.27545369599994,-11.559544285999948,-76.23458085999994,-11.623802273999956,15.727000000000004
557,PE-1NK,40.532,46.94,PIURA,COSTA,RAMAL,PLANO,2.0,77.35,Buena,-80.82344428899995,-5.493806785999936,-80.81846242699993,-5.551242465999906,6.408000000000001
558,PE-28H,82.0,123.0,JUNIN,SELVA,RAMAL,,0.0,0.0,Sin Informacion,-74.02256753299991,-12.282068049999907,-74.05119026799991,-12.013195565999922,41.0
559,PE-34B,301.318,306.08,PUNO,SELVA,RAMAL,ONDULADO,0.0,56.43,Buena,-70.32278181099991,-13.41447452899996,-70.3146208519999,-13.401182343999949,4.7620000000000005
560,PE-34B,116.404,121.35,PUNO,SIERRA,RAMAL,MONTAÑOSO,2.0,55.0,Buena,-70.25782966699995,-14.481859206999957,-70.2596556389999,-14.447564198999942,4.945999999999998
561,PE-34B,246.984,250.696,PUNO,SIERRA,RAMAL,ONDULADO,2.0,62.45,Buena,-70.4540001659999,-13.714001468999925,-70.46403809599991,-13.691553685999907,3.711999999999989
562,PE-34B,48.817,65.052,PUNO,SIERRA,RAMAL,PLANO,2.0,78.24,Buena,-70.2027544899999,-14.903979487999948,-70.26790997899991,-14.793289509999909,16.235000000000007
563,PE-34B,68.13,75.025,PUNO,SIERRA,RAMAL,ONDULADO,2.0,68.7,Buena,-70.29252334899991,-14.780131082999958,-70.33613007799994,-14.771548238999912,6.89500000000001
564,PE-34B,65.052,68.13,PUNO,SIERRA,RAMAL,PLANO,2.0,78.24,Buena,-70.26790997899991,-14.793289509999909,-70.29252334899991,-14.780131082999958,3.0779999999999887
565,PE-34B,294.499,296.112,PUNO,SELVA,RAMAL,ONDULADO,0.0,60.03,Buena,-70.35242508999994,-13.43240710099991,-70.34173011799993,-13.439653396999915,1.6129999999999995
566,PE-34B,240.865,245.529,PUNO,SIERRA,RAMAL,ONDULADO,2.0,62.45,Buena,-70.46263347599995,-13.751879050999946,-70.4555562939999,-13.724821755999926,4.663999999999987
567,PE-34B,40.059,45.046,PUNO,SIERRA,RAMAL,PLANO,2.0,78.24,Buena,-70.18990934299995,-14.976801785999953,-70.19715983999993,-14.932339794999905,4.987000000000002
568,PE-34B,288.117,290.08,PUNO,SELVA,RAMAL,ONDULADO,0.0,56.43,Buena,-70.39856529299993,-13.433513640999934,-70.38097832599993,-13.43036509399991,1.9629999999999654
569,PE-34B,217.904,219.43,PUNO,SIERRA,RAMAL,MONTAÑOSO,2.0,53.0,Buena,-70.51093107899993,-13.868265493999957,-70.51066906599993,-13.859211866999942,1.5260000000000105
570,PE-34B,256.25,262.503,PUNO,SELVA,RAMAL,ONDULADO,2.0,60.03,Buena,-70.47785949699994,-13.652446746999942,-70.45129585299992,-13.624435424999945,6.252999999999986
571,PE-34B,296.445,301.318,PUNO,SELVA,RAMAL,ONDULADO,0.0,60.03,Buena,-70.33858475599993,-13.440236011999957,-70.32278181099991,-13.41447452899996,4.8729999999999905
572,PE-34B,183.835,185.127,PUNO,SIERRA,RAMAL,ONDULADO,2.0,68.7,Buena,-70.43118053799992,-14.067952693999928,-70.43904178999992,-14.057379982999919,1.2920000000000016
573,PE-34B,253.58,256.25,PUNO,SIERRA,RAMAL,ONDULADO,2.0,62.45,Buena,-70.47412872399991,-13.672042846999943,-70.47785949699994,-13.652446746999942,2.6699999999999875
574,PE-34B,20.057,25.065,PUNO,SIERRA,RAMAL,PLANO,2.0,75.08,Buena,-70.21593015399992,-15.129241165999929,-70.2025554409999,-15.096295654999949,5.008000000000003
575,PE-34B,311.282,352.361,PUNO,SELVA,RAMAL,ONDULADO,0.0,41.29,Buena,-70.34311399699993,-13.37872813599995,-70.3834457399999,-13.185476302999916,41.07900000000001
576,PE-34B,138.064,156.344,PUNO,SIERRA,RAMAL,ONDULADO,2.0,68.7,Buena,-70.24257259899991,-14.337211730999911,-70.28158187899993,-14.196437835999916,18.28
577,PE-34B,214.198,216.899,PUNO,SIERRA,RAMAL,MONTAÑOSO,2.0,53.0,Buena,-70.5081136089999,-13.867433036999955,-70.51242256199993,-13.869842528999925,2.7009999999999934
578,PE-34B,237.548,239.381,PUNO,SIERRA,RAMAL,ONDULADO,2.0,62.45,Buena,-70.4757221289999,-13.767415246999917,-70.46801088299992,-13.762940371999946,1.8329999999999984
579,PE-34B,102.108,116.372,PUNO,SIERRA,RAMAL,MONTAÑOSO,2.0,55.7,Buena,-70.31353007399991,-14.585135413999922,-70.25775795499993,-14.482137881999904,14.263999999999996
580,PE-34B,290.728,291.855,PUNO,SELVA,RAMAL,ONDULADO,0.0,41.29,Buena,-70.3761249559999,-13.427815968999937,-70.37110124899993,-13.426521360999914,1.1270000000000095
581,PE-34B,233.15,235.924,PUNO,SIERRA,RAMAL,ONDULADO,2.0,68.7,Buena,-70.4721469879999,-13.792474746999915,-70.47577300599994,-13.779689469999937,2.774000000000001
582,PE-34B,262.503,286.772,PUNO,SELVA,RAMAL,ONDULADO,0.0,60.03,Buena,-70.45129716299994,-13.624427300999912,-70.40864711299992,-13.450554218999912,24.269000000000005
583,PE-34B,86.177,96.377,PUNO,SIERRA,RAMAL,PLANO,2.0,78.24,Buena,-70.35979008499993,-14.68354205299994,-70.34389032999991,-14.599672502999908,10.199999999999989
584,PE-34B,156.344,163.831,PUNO,SIERRA,RAMAL,ONDULADO,2.0,68.7,Buena,-70.28158187899993,-14.196437835999916,-70.33085945099992,-14.17612668299995,7.486999999999995
585,PE-34B,163.831,176.498,PUNO,SIERRA,RAMAL,ONDULADO,2.0,68.7,Buena,-70.33085945099992,-14.17612668299995,-70.3871148899999,-14.092345649999913,12.667000000000002
586,PE-34B,45.046,48.817,PUNO,SIERRA,RAMAL,PLANO,2.0,78.24,Buena,-70.19715983999993,-14.932339794999905,-70.2027544899999,-14.903979487999948,3.771000000000001
587,PE-34B,187.363,201.441,PUNO,SIERRA,RAMAL,MONTAÑOSO,2.0,55.7,Buena,-70.44426096199993,-14.037629230999926,-70.48705869699995,-13.942589582999915,14.078000000000003
588,PE-34B,292.243,293.377,PUNO,SELVA,RAMAL,ONDULADO,0.0,50.38,Buena,-70.3654575349999,-13.428762435999943,-70.35837554999995,-13.434709548999933,1.1340000000000146
589,PE-34B,185.127,187.226,PUNO,SIERRA,RAMAL,MONTAÑOSO,2.0,55.7,Buena,-70.43904178999992,-14.057379982999919,-70.44342041099992,-14.038587569999947,2.0989999999999895
590,PE-34H,82.742,88.631,PUNO,SIERRA,TRANSVERSAL,PLANO,2.0,68.22,Mala,-69.85733647199993,-14.960330649999946,-69.86765198599994,-14.91659040199994,5.888999999999996
591,PE-34L,33.955,36.111,PUNO,SIERRA,TRANSVERSAL,,0.0,0.0,Regular,-69.3557780239999,-14.80277203399993,-69.35761240699992,-14.81194499299994,2.155999999999999
592,PE-12A,71.352,92.525,ANCASH,SIERRA,TRANSVERSAL,MONTAÑOSO,1.0,44.1,Buena,-77.6567278519999,-8.594186372999957,-77.63483993199992,-8.552251095999907,21.173000000000002
593,PE-12A,245.316,252.971,HUANUCO,SIERRA,TRANSVERSAL,ONDULADO,1.0,43.03,Mala,-76.85270344899993,-8.66006085999993,-76.80998923599992,-8.649059518999934,7.655000000000001
594,PE-1NU,24.668,27.464,PIURA,,RAMAL,,0.0,0.0,Buena,-80.35642798999993,-4.960652250999942,-80.34706556999993,-4.938864720999959,2.7959999999999994
595,PE-1NU,28.023,29.025,PIURA,,RAMAL,,0.0,0.0,Buena,-80.34471452499992,-4.934407617999909,-80.34116218999992,-4.9264758019999135,1.001999999999999
596,PE-1N,1305.416,1306.111,TUMBES,COSTA,LONGITUDINAL DE LA COSTA,PLANO,3.0,80.89,Buena,-80.23642033999994,-3.497663247999924,-80.23027867699994,-3.4972226509999587,0.6950000000001637
597,PE-1N,766.257,770.298,LAMBAYEQUE,COSTA,LONGITUDINAL DE LA COSTA,PLANO,3.0,77.35,Buena,-79.81291837299995,-6.8814198859999465,-79.82719669599993,-6.850571220999939,4.041000000000054
598,PE-1N,440.527,443.894,ANCASH,COSTA,LONGITUDINAL DE LA COSTA,PLANO,3.0,69.78,Buena,-78.61904782999994,-9.01471112999991,-78.61700495799994,-8.984350737999932,3.3670000000000186
599,PE-1N,307.975,322.947,ANCASH,COSTA,LONGITUDINAL DE LA COSTA,PLANO,3.0,80.89,Buena,-78.21156759099995,-9.951522576999935,-78.22009916099995,-9.923230874999945,14.97199999999998
600,PE-1S,123.418,130.695,LIMA,COSTA,LONGITUDINAL DE LA COSTA,PLANO,2.0,80.89,Buena,-76.6504196919999,-12.677851033999957,-76.61548354999991,-12.731661819999943,7.276999999999987
601,PE-1S,112.119,123.418,LIMA,COSTA,LONGITUDINAL DE LA COSTA,PLANO,2.0,80.89,Buena,-76.61548354999991,-12.731661819999943,-76.5472166699999,-12.803961079999908,11.299000000000007
602,PE-1S,107.764,112.119,LIMA,COSTA,LONGITUDINAL DE LA COSTA,PLANO,2.0,80.89,Buena,-76.5472166699999,-12.803961079999908,-76.52369314999993,-12.836059289999923,4.355000000000004
603,PE-1SE,21.095,35.004,ICA,COSTA,VARIANTE,PLANO,0.0,0.0,Buena,-76.1666095299999,-13.588181800999905,-76.16519251099993,-13.712414688999957,13.908999999999999
604,PE-1S,1138.745,1156.814,MOQUEGUA,SIERRA,LONGITUDINAL DE LA COSTA,PLANO,2.0,78.24,Buena,-70.97171480399993,-17.217370074999906,-70.99418952999991,-17.36867402899992,18.069000000000187
605,PE-1S,240.41,244.097,ICA,COSTA,LONGITUDINAL DE LA COSTA,PLANO,2.0,80.89,Buena,-76.1390186939999,-13.835332154999946,-76.12781707999994,-13.867057699999918,3.687000000000012
606,PE-1S,249.137,256.71,ICA,COSTA,LONGITUDINAL DE LA COSTA,PLANO,2.0,80.89,Buena,-76.09194656699992,-13.892226713999946,-76.02502320999992,-13.90783947999995,7.572999999999979
607,PE-20H,0.0,1.002,LIMA,COSTA,RAMAL,PLANO,0.0,0.0,Sin Informacion,-77.14053522599994,-12.051209705999952,-77.14111723899993,-12.047519362999935,1.002
608,PE-1SC,33.427,37.017,ICA,SIERRA,RAMAL,ONDULADO,1.0,49.53,Buena,-75.61597887199991,-13.843842235999944,-75.6063861849999,-13.840028762999907,3.5900000000000034
609,PE-3ND,1.225,1.727,CAJAMARCA,SIERRA,RAMAL,,0.0,0.0,Regular,-78.80600456199994,-6.367540252999959,-78.80543643199991,-6.36713459099991,0.502
610,PE-3ND,7.214,13.942,CAJAMARCA,SIERRA,RAMAL,,0.0,0.0,Regular,-78.79048505199995,-6.361459947999947,-78.75835144899992,-6.370457764999912,6.728
611,PE-3ND,42.802,44.859,CAJAMARCA,SIERRA,RAMAL,,0.0,0.0,Mala,-78.69909717999991,-6.256760684999961,-78.70374871199994,-6.25668457799992,2.057000000000002
612,PE-3ND,83.751,84.807,CAJAMARCA,SIERRA,RAMAL,,0.0,0.0,Mala,-78.69108295399991,-6.150515215999917,-78.69261607899995,-6.145705654999915,1.0559999999999974
613,PE-5N,202.912,206.436,PASCO,SELVA,LONGITUDINAL DE LA SELVA,ONDULADO,2.0,34.12,Buena,-75.02077106599995,-9.895043393999913,-75.01748089299991,-9.86341688899995,3.524000000000001
614,PE-5N,206.436,209.245,PASCO,SELVA,LONGITUDINAL DE LA SELVA,ONDULADO,2.0,34.12,Buena,-75.01748089299991,-9.86341688899995,-75.0148445239999,-9.838305875999936,2.8089999999999975
615,PE-5N,486.839,504.666,HUANUCO,SELVA,LONGITUDINAL DE LA SELVA,MONTAÑOSO,2.0,48.16,Buena,-75.97236248599995,-9.152607059999923,-76.07550594599991,-9.061512787999959,17.826999999999998
616,PE-5N,524.523,544.201,HUANUCO,SELVA,LONGITUDINAL DE LA SELVA,ONDULADO,2.0,60.03,Buena,-76.09405801899993,-8.908728783999948,-76.11825217699993,-8.743751317999909,19.677999999999997
617,PE-5N,421.302,425.492,UCAYALI,SELVA,LONGITUDINAL DE LA SELVA,ONDULADO,2.0,59.09,Buena,-75.65637089699993,-9.060043263999944,-75.68489093499994,-9.073029336999923,4.189999999999998
618,PE-5N,561.235,590.636,SAN MARTIN,SELVA,LONGITUDINAL DE LA SELVA,ONDULADO,2.0,60.03,Buena,-76.24539980599991,-8.714900347999958,-76.3164054909999,-8.467777437999928,29.400999999999954
619,PE-5N,544.201,549.38,HUANUCO,SELVA,LONGITUDINAL DE LA SELVA,ONDULADO,2.0,60.03,Buena,-76.11825217699993,-8.743751317999909,-76.16464301699995,-8.747406663999925,5.178999999999974
620,PE-5N,550.968,557.015,SAN MARTIN,SELVA,LONGITUDINAL DE LA SELVA,ONDULADO,2.0,60.03,Buena,-76.1783207929999,-8.750696622999953,-76.22629770299994,-8.746764191999944,6.0470000000000255
621,PE-5N,598.74,603.733,SAN MARTIN,SELVA,LONGITUDINAL DE LA SELVA,ONDULADO,2.0,34.12,Buena,-76.31803601699994,-8.401147342999934,-76.33570589699991,-8.362097174999917,4.992999999999938
622,PE-5N,623.698,628.67,SAN MARTIN,SELVA,LONGITUDINAL DE LA SELVA,PLANO,2.0,70.33,Buena,-76.40971853499991,-8.23351793899991,-76.44783877399993,-8.229210260999935,4.97199999999998
623,PE-5N,618.843,623.698,SAN MARTIN,SELVA,LONGITUDINAL DE LA SELVA,PLANO,2.0,72.6,Buena,-76.40094308899995,-8.270032182999955,-76.40971853499991,-8.23351793899991,4.855000000000018
624,PE-5N,628.67,633.942,SAN MARTIN,SELVA,LONGITUDINAL DE LA SELVA,PLANO,2.0,72.6,Buena,-76.44783877399993,-8.229210260999935,-76.4895661569999,-8.209758348999912,5.272000000000048
625,PE-5N,607.979,618.843,SAN MARTIN,SELVA,LONGITUDINAL DE LA SELVA,PLANO,2.0,72.6,Buena,-76.34520286899993,-8.324955160999934,-76.40094308899995,-8.270032182999955,10.863999999999919
626,PE-5N,648.238,665.249,SAN MARTIN,SELVA,LONGITUDINAL DE LA SELVA,ONDULADO,2.0,34.12,Buena,-76.59706038099995,-8.196150162999913,-76.62976331099992,-8.082424333999938,17.010999999999967
627,PE-5N,665.578,676.808,SAN MARTIN,SELVA,LONGITUDINAL DE LA SELVA,ONDULADO,2.0,34.12,Buena,-76.63068056499992,-8.079706421999958,-76.6497463529999,-8.008693788999949,11.230000000000018
628,PE-5N,633.942,635.917,SAN MARTIN,SELVA,LONGITUDINAL DE LA SELVA,PLANO,2.0,64.96,Buena,-76.4895661569999,-8.209758348999912,-76.49820899999992,-8.194871902999921,1.9750000000000227
629,PE-5N,639.108,648.238,SAN MARTIN,SELVA,LONGITUDINAL DE LA SELVA,ONDULADO,2.0,41.29,Buena,-76.5192279819999,-8.186315536999928,-76.59706038099995,-8.196150162999913,9.13000000000011
630,PE-5N,719.508,733.158,SAN MARTIN,SELVA,LONGITUDINAL DE LA SELVA,MONTAÑOSO,2.0,32.27,Buena,-76.67244387599993,-7.757010623999918,-76.6692220299999,-7.694277388999922,13.649999999999977
631,PE-5N,745.474,747.547,SAN MARTIN,SELVA,LONGITUDINAL DE LA SELVA,MONTAÑOSO,2.0,32.27,Buena,-76.67716542699992,-7.607111307999958,-76.68215406999991,-7.592115091999915,2.072999999999979
632,PE-5N,747.547,767.668,SAN MARTIN,SELVA,LONGITUDINAL DE LA SELVA,MONTAÑOSO,2.0,32.27,Buena,-76.68215406999991,-7.592115091999915,-76.65475449899992,-7.482221666999919,20.12099999999998
633,PE-5N,767.668,799.058,SAN MARTIN,SELVA,LONGITUDINAL DE LA SELVA,MONTAÑOSO,2.0,32.27,Buena,-76.65475449899992,-7.482221666999919,-76.73648615399992,-7.268937136999909,31.389999999999986
634,PE-5N,799.058,809.077,SAN MARTIN,SELVA,LONGITUDINAL DE LA SELVA,MONTAÑOSO,2.0,32.27,Buena,-76.73648615399992,-7.268937136999909,-76.73488522999992,-7.195097625999949,10.019000000000005
635,PE-5N,955.486,1040.805,SAN MARTIN,SELVA,LONGITUDINAL DE LA SELVA,ONDULADO,2.0,60.03,Buena,-76.44730574499994,-6.466048022999928,-76.85258401599992,-6.104371940999954,85.31900000000007
636,PE-5N,1067.997,1081.115,SAN MARTIN,SELVA,LONGITUDINAL DE LA SELVA,PLANO,2.0,72.6,Buena,-77.06077161199994,-6.039725868999938,-77.16954127799994,-6.052502477999951,13.117999999999938
637,PE-5N,1045.796,1067.997,SAN MARTIN,SELVA,LONGITUDINAL DE LA SELVA,PLANO,2.0,72.6,Buena,-76.88432373499995,-6.083237530999952,-77.06077161199994,-6.039725868999938,22.201000000000022
638,PE-5N,1040.805,1045.796,SAN MARTIN,SELVA,LONGITUDINAL DE LA SELVA,ONDULADO,2.0,59.09,Buena,-76.85258401599992,-6.104371940999954,-76.88432373499995,-6.083237530999952,4.9909999999999854
639,PE-5N,1370.176,1375.718,CAJAMARCA,SELVA,LONGITUDINAL DE LA SELVA,PLANO,2.0,72.6,Buena,-78.7565778739999,-5.838877959999934,-78.78030332599991,-5.798021169999913,5.542000000000144
640,PE-5N,1304.009,1310.546,AMAZONAS,SELVA,LONGITUDINAL DE LA SELVA,MONTAÑOSO,2.0,46.75,Buena,-78.28674922499994,-5.818850889999908,-78.3363270669999,-5.795030984999926,6.537000000000035
641,PE-5N,1298.194,1303.473,AMAZONAS,SELVA,LONGITUDINAL DE LA SELVA,MONTAÑOSO,2.0,48.16,Buena,-78.2451917439999,-5.836189881999928,-78.2820119029999,-5.819978352999954,5.278999999999996
642,PE-5N,1284.637,1288.475,AMAZONAS,SELVA,LONGITUDINAL DE LA SELVA,MONTAÑOSO,2.0,48.16,Buena,-78.15300745999991,-5.894468174999929,-78.1905022169999,-5.890046914999914,3.8379999999999654
643,PE-5N,1288.475,1298.194,AMAZONAS,SELVA,LONGITUDINAL DE LA SELVA,MONTAÑOSO,2.0,46.75,Buena,-78.1905022169999,-5.890046914999914,-78.2451917439999,-5.836189881999928,9.719000000000051
644,PE-5N,1250.236,1255.089,AMAZONAS,SELVA,LONGITUDINAL DE LA SELVA,MONTAÑOSO,2.0,48.16,Buena,-77.96487650299991,-5.8992678959999125,-77.96561123399994,-5.932007720999934,4.852999999999838
645,PE-5N,1098.97,1147.353,SAN MARTIN,SIERRA,LONGITUDINAL DE LA SELVA,ONDULADO,2.0,68.7,Buena,-77.2972533599999,-5.961447802999942,-77.60760942499991,-5.697849177999956,48.38300000000004
646,PE-5N,1391.01,1398.35,CAJAMARCA,SELVA,LONGITUDINAL DE LA SELVA,PLANO,2.0,72.6,Buena,-78.79695545399994,-5.6913604419999615,-78.7446842629999,-5.652192027999945,7.339999999999918
647,PE-5N,1375.718,1387.129,CAJAMARCA,SELVA,LONGITUDINAL DE LA SELVA,PLANO,2.0,70.33,Buena,-78.78030332599991,-5.798021169999913,-78.80177633699992,-5.71864800599991,11.41099999999983
648,PE-5N,1388.649,1390.836,CAJAMARCA,SELVA,LONGITUDINAL DE LA SELVA,PLANO,2.0,70.33,Buena,-78.80355073399994,-5.70610761599994,-78.7984074279999,-5.69206246899995,2.1870000000001255
649,PE-5N,1356.047,1360.475,CAJAMARCA,SELVA,LONGITUDINAL DE LA SELVA,ONDULADO,2.0,60.03,Buena,-78.69445351699994,-5.7572692259999485,-78.7121085149999,-5.780867508999961,4.427999999999884
650,PE-5N,1398.35,1410.881,CAJAMARCA,SELVA,LONGITUDINAL DE LA SELVA,PLANO,2.0,72.6,Buena,-78.7446842629999,-5.652192027999945,-78.8065355299999,-5.570220186999961,12.531000000000176
651,PE-5N,1365.464,1370.176,CAJAMARCA,SELVA,LONGITUDINAL DE LA SELVA,PLANO,2.0,72.6,Buena,-78.7359397159999,-5.806996122999919,-78.7565778739999,-5.838877959999934,4.711999999999989
652,PE-5N,1360.475,1365.464,CAJAMARCA,SELVA,LONGITUDINAL DE LA SELVA,ONDULADO,2.0,59.09,Buena,-78.7121085149999,-5.780867508999961,-78.7359397159999,-5.806996122999919,4.989000000000033
653,PE-5N,1321.317,1324.801,AMAZONAS,SELVA,LONGITUDINAL DE LA SELVA,MONTAÑOSO,4.0,48.16,Buena,-78.42405220899991,-5.763781829999914,-78.45042645199993,-5.748728594999932,3.4839999999999236
654,PE-5N,1345.319,1355.474,AMAZONAS,SELVA,LONGITUDINAL DE LA SELVA,MONTAÑOSO,2.0,48.16,Buena,-78.61717567799991,-5.7171693659999505,-78.6929857419999,-5.754030041999954,10.154999999999973
655,PE-5N,1325.444,1345.319,AMAZONAS,SELVA,LONGITUDINAL DE LA SELVA,MONTAÑOSO,2.0,48.16,Buena,-78.45465904299994,-5.744697988999917,-78.61717567799991,-5.7171693659999505,19.875
656,PE-5N,1312.023,1321.317,AMAZONAS,SELVA,LONGITUDINAL DE LA SELVA,MONTAÑOSO,2.0,48.16,Buena,-78.3480916499999,-5.7895141349999335,-78.42405220899991,-5.763781829999914,9.294000000000096
657,PE-5N,1209.283,1215.146,AMAZONAS,SELVA,LONGITUDINAL DE LA SELVA,MONTAÑOSO,2.0,48.16,Buena,-77.89886458399991,-5.773417461999941,-77.92658349999994,-5.777138237999907,5.863000000000056
658,PE-5N,1176.947,1180.198,AMAZONAS,SIERRA,LONGITUDINAL DE LA SELVA,MONTAÑOSO,2.0,55.0,Buena,-77.76423844499993,-5.6696912859999316,-77.7795558599999,-5.683146569999906,3.2510000000002037
659,PE-5N,1180.198,1189.396,AMAZONAS,SIERRA,LONGITUDINAL DE LA SELVA,MONTAÑOSO,2.0,55.7,Buena,-77.7795558599999,-5.683146569999906,-77.82812431999992,-5.703092922999929,9.197999999999865
660,PE-5N,1204.537,1204.599,AMAZONAS,SELVA,LONGITUDINAL DE LA SELVA,MONTAÑOSO,2.0,48.16,Buena,-77.90700116499994,-5.73658163999994,-77.90686942899993,-5.737127043999919,0.06199999999989814
661,PE-5N,1204.599,1209.283,AMAZONAS,SELVA,LONGITUDINAL DE LA SELVA,MONTAÑOSO,2.0,47.84,Buena,-77.90686942899993,-5.737127043999919,-77.89886458399991,-5.773417461999941,4.683999999999969
662,PE-5N,1199.374,1204.537,AMAZONAS,SELVA,LONGITUDINAL DE LA SELVA,MONTAÑOSO,2.0,48.16,Buena,-77.89534926099992,-5.706790600999909,-77.90700116499994,-5.73658163999994,5.163000000000011
663,PE-5N,1195.117,1199.374,AMAZONAS,SELVA,LONGITUDINAL DE LA SELVA,MONTAÑOSO,2.0,47.84,Buena,-77.8636110029999,-5.6970106849999524,-77.89534926099992,-5.706790600999909,4.257000000000062
664,PE-5N,1164.247,1172.515,SAN MARTIN,SIERRA,LONGITUDINAL DE LA SELVA,ONDULADO,2.0,68.7,Buena,-77.72107124299993,-5.6714954379999085,-77.75574396799993,-5.674447741999927,8.268000000000029
665,PE-5N,1172.728,1174.245,SAN MARTIN,SIERRA,LONGITUDINAL DE LA SELVA,ONDULADO,2.0,68.7,Buena,-77.75629234199994,-5.673013686999923,-77.75207119999993,-5.665172560999906,1.5169999999998254
666,PE-5N,1147.353,1150.58,SAN MARTIN,SIERRA,LONGITUDINAL DE LA SELVA,ONDULADO,2.0,68.7,Buena,-77.60760942499991,-5.697849177999956,-77.63477072899991,-5.687448425999946,3.2269999999998618
667,PE-5N,1174.245,1176.947,SAN MARTIN,SIERRA,LONGITUDINAL DE LA SELVA,MONTAÑOSO,2.0,55.0,Buena,-77.75207119999993,-5.665172560999906,-77.76423844499993,-5.6696912859999316,2.701999999999998
668,PE-5N,1150.58,1159.301,SAN MARTIN,SIERRA,LONGITUDINAL DE LA SELVA,ONDULADO,2.0,68.7,Buena,-77.63477072899991,-5.687448425999946,-77.6984465459999,-5.662735802999919,8.721000000000004
669,PE-5N,1413.432,1419.339,CAJAMARCA,SELVA,LONGITUDINAL DE LA SELVA,PLANO,2.0,70.33,Buena,-78.8109944869999,-5.54841728599996,-78.82408107099991,-5.505264804999911,5.906999999999925
670,PE-5N,1419.339,1423.443,CAJAMARCA,SELVA,LONGITUDINAL DE LA SELVA,PLANO,2.0,72.6,Buena,-78.82408107099991,-5.505264804999911,-78.8247345449999,-5.469632998999941,4.104000000000042
671,PE-5N,1458.514,1462.581,CAJAMARCA,SELVA,LONGITUDINAL DE LA SELVA,ONDULADO,2.0,41.29,Buena,-78.83896639099993,-5.243587909999917,-78.86804113999995,-5.233536516999948,4.067000000000007
672,PE-5N,1445.145,1458.514,CAJAMARCA,SELVA,LONGITUDINAL DE LA SELVA,ONDULADO,2.0,34.12,Buena,-78.79717914199995,-5.33101797799992,-78.83896639099993,-5.243587909999917,13.368999999999915
673,PE-5N,1462.581,1496.814,CAJAMARCA,SELVA,LONGITUDINAL DE LA SELVA,ONDULADO,2.0,41.29,Buena,-78.86804113999995,-5.233536516999948,-78.99576947999992,-5.133256034999931,34.233000000000175
674,PE-5N,949.044,955.486,SAN MARTIN,SELVA,LONGITUDINAL DE LA SELVA,ONDULADO,2.0,60.03,Buena,-76.40496174899994,-6.4784234059999335,-76.44730574499994,-6.466048022999928,6.442000000000007
675,PE-5N,153.071,202.912,PASCO,SELVA,LONGITUDINAL DE LA SELVA,ONDULADO,2.0,27.06,Buena,-74.97956232599995,-10.287480742999946,-75.02077106599995,-9.895043393999913,49.84100000000001
676,PE-5N,1278.222,1283.746,AMAZONAS,SELVA,LONGITUDINAL DE LA SELVA,MONTAÑOSO,2.0,46.75,Buena,-78.12469987199995,-5.917935537999938,-78.1523540039999,-5.888524023999935,5.524000000000115
677,PE-34L,0.0,0.44,PUNO,SIERRA,TRANSVERSAL,,0.0,0.0,Regular,-69.57059064399994,-14.66676265399991,-69.56680901899995,-14.668170389999943,0.44
678,PE-28C,68.269,69.454,JUNIN,SELVA,RAMAL,ONDULADO,1.0,46.47,Regular,-73.99725527099991,-12.222101413999951,-73.99076652499991,-12.215787887999909,1.184999999999988
679,PE-18,221.737,236.34,PASCO,SIERRA,TRANSVERSAL,ONDULADO,2.0,55.02,Buena,-76.49862583399994,-10.484154523999905,-76.43125855799991,-10.413237357999947,14.603000000000009
680,PE-3N,548.985,561.407,ANCASH,SIERRA,LONGITUDINAL DE LA SIERRA,ONDULADO,2.0,62.45,Buena,-77.44125362799991,-9.765360399999906,-77.48002181599992,-9.669692452999925,12.422000000000025
681,PE-3SB,17.749,29.631,JUNIN,SIERRA,VARIANTE,PLANO,2.0,78.24,Buena,-75.36500358599994,-11.905857085999912,-75.29212951699992,-11.985074996999913,11.882000000000001
682,PE-5S,174.922,175.37,JUNIN,SELVA,LONGITUDINAL DE LA SELVA,PLANO,2.0,50.38,Buena,-74.31345636999993,-11.135815710999907,-74.30659811299995,-11.137740746999953,0.4480000000000075
683,PE-20A,44.023,55.897,LIMA,SIERRA,TRANSVERSAL,ONDULADO,2.0,66.89,Buena,-76.88598426199991,-11.686685083999919,-76.79903229099995,-11.678159041999947,11.873999999999995
684,PE-20A,10.9739,12.0419,LIMA,COSTA,TRANSVERSAL,ONDULADO,2.0,67.04,Mala,-77.01146316499995,-11.866989135999916,-77.00428920599995,-11.858246340999926,1.0679999999999996
685,PE-20A,69.661,78.364,LIMA,SIERRA,TRANSVERSAL,ONDULADO,2.0,66.89,Buena,-76.7418174739999,-11.580890655999951,-76.69433117699992,-11.532803860999934,8.703000000000003
686,PE-3N,1196.946,1209.334,CAJAMARCA,SIERRA,LONGITUDINAL DE LA SIERRA,ONDULADO,2.0,66.89,Buena,-78.1354496429999,-7.357037839999919,-78.14376894299994,-7.3513740229999485,12.388000000000147
687,PE-34C,0.0,4.058,AREQUIPA,SIERRA,VARIANTE,PLANO,4.0,75.08,Regular,-71.58453158899994,-16.405511588999957,-71.55109866499993,-16.41621100099991,4.058
688,PE-1NN,26.626,28.111,PIURA,COSTA,RAMAL,PLANO,2.0,42.54,Buena,-80.56921115699993,-4.705276904999948,-80.56126021999995,-4.694816588999913,1.4849999999999994
689,PE-28B,178.628,190.746,CUSCO,SELVA,VARIANTE,MONTAÑOSO,1.0,42.62,Buena,-73.75507455999991,-12.600369773999944,-73.71614346099994,-12.63706192299992,12.118000000000023
690,PE-1NL,55.98,99.575,PIURA,COSTA,RAMAL,PLANO,2.0,80.89,Buena,-80.28224621299995,-4.822600687999909,-80.09215926899992,-4.552387236999948,43.595000000000006
691,PE-28B,190.746,208.921,CUSCO,SELVA,VARIANTE,ONDULADO,1.0,50.38,Buena,-73.6901135299999,-12.677714581999908,-73.62873437299993,-12.759811688999946,18.174999999999983
692,PE-28B,208.921,214.783,CUSCO,SELVA,VARIANTE,ONDULADO,1.0,46.47,Buena,-73.62873437299993,-12.759811688999946,-73.60744470799995,-12.80077087299992,5.861999999999995
693,PE-28B,264.28,269.002,CUSCO,SELVA,VARIANTE,MONTAÑOSO,1.0,40.61,Buena,-73.38650516399991,-12.776566676999948,-73.38161128999991,-12.751147199999934,4.722000000000037
694,PE-1S,229.711,231.208,ICA,COSTA,LONGITUDINAL DE LA COSTA,PLANO,2.0,77.35,Buena,-76.16234512199992,-13.747392445999935,-76.16581249099994,-13.760594639999908,1.4969999999999857
695,PE-1NR,2.257,15.275,PIURA,COSTA,TRANSVERSAL,PLANO,0.0,0.0,Sin Informacion,-80.3373436949999,-4.930469418999905,-80.24411718199991,-4.963192069999934,13.018
696,PE-1NR,15.275,25.152,PIURA,COSTA,TRANSVERSAL,PLANO,0.0,0.0,Sin Informacion,-80.24411718199991,-4.963192069999934,-80.20497611499991,-5.028884368999911,9.877
697,PE-1NR,43.089,44.765,PIURA,COSTA,TRANSVERSAL,PLANO,0.0,0.0,Sin Informacion,-80.14168081999992,-5.116431175999935,-80.12931120299993,-5.121393177999948,1.676000000000002
698,PE-1NR,44.765,54.048,PIURA,COSTA,TRANSVERSAL,PLANO,0.0,0.0,Sin Informacion,-80.12931120299993,-5.121393177999948,-80.08123234499993,-5.156241433999924,9.283000000000001
699,PE-1NR,54.048,63.077,PIURA,COSTA,TRANSVERSAL,PLANO,0.0,0.0,Sin Informacion,-80.08123234499993,-5.156241433999924,-80.02841071599994,-5.170715461999919,9.028999999999996
700,PE-3N,1786.05,1786.069,PIURA,SIERRA,LONGITUDINAL DE LA SIERRA,MONTAÑOSO,1.0,55.0,Regular,-79.42437844099993,-5.1929642719999265,-79.42453083499993,-5.192982473999962,0.019000000000005457
701,PE-3N,648.476,648.511,ANCASH,SIERRA,LONGITUDINAL DE LA SIERRA,ONDULADO,2.0,68.7,Buena,-77.80742245399995,-9.050845198999923,-77.80772972099993,-9.050886153999954,0.03499999999996817
702,PE-3N,1005.621,1005.683,LA LIBERTAD,SIERRA,LONGITUDINAL DE LA SIERRA,ONDULADO,1.0,68.7,Buena,-78.19084592399992,-8.146280970999953,-78.19046112399991,-8.146494098999938,0.06200000000001182
703,PE-3N,1800.941,1819.933,PIURA,SIERRA,LONGITUDINAL DE LA SIERRA,MONTAÑOSO,1.0,0.0,Sin Informacion,-79.45073930099994,-5.148145715999931,-79.49516900999993,-5.10098275699994,18.991999999999962
704,PE-3N,1819.933,1879.494,PIURA,SIERRA,LONGITUDINAL DE LA SIERRA,MONTAÑOSO,0.0,0.0,Sin Informacion,-79.5812529239999,-4.93577154299993,-79.49516900999993,-5.10098275699994,59.56099999999992
705,PE-3N,1879.494,1940.933,PIURA,SIERRA,LONGITUDINAL DE LA SIERRA,MONTAÑOSO,0.0,0.0,Sin Informacion,-79.5812529239999,-4.93577154299993,-79.5965083289999,-4.67969831399995,61.43900000000008
706,PE-3N,1940.933,1960.643,PIURA,SIERRA,LONGITUDINAL DE LA SIERRA,ONDULADO,0.0,0.0,Sin Informacion,-79.66713978599995,-4.606078043999958,-79.5965083289999,-4.67969831399995,19.710000000000036
707,PE-5NA,203.848,208.948,HUANUCO,SELVA,VARIANTE,ONDULADO,0.0,0.0,Sin Informacion,-75.28694974899992,-9.645677786999954,-75.26114982099995,-9.614879423999923,5.099999999999994
708,PE-24,105.762,105.774,LIMA,SIERRA,TRANSVERSAL,ONDULADO,2.0,68.7,Buena,-75.96492583899993,-12.715446781999958,-75.9650331659999,-12.715439415999924,0.012000000000000455
709,PE-14A,419.104,423.593,HUANUCO,SELVA,RAMAL,ONDULADO,1.0,34.12,Mala,-76.04943838899993,-9.313352470999916,-76.02815904599993,-9.324474536999958,4.489000000000033
710,PE-1S,234.945,238.619,ICA,COSTA,LONGITUDINAL DE LA COSTA,PLANO,2.0,80.89,Buena,-76.16166386999993,-13.791773439999929,-76.14455851199995,-13.820472460999952,3.6740000000000066
711,PE-1S,231.511,234.945,ICA,COSTA,LONGITUDINAL DE LA COSTA,PLANO,2.0,80.89,Buena,-76.1664838129999,-13.763153786999908,-76.16166386999993,-13.791773439999929,3.4339999999999975
712,PE-3N,920.598,921.503,LA LIBERTAD,SIERRA,LONGITUDINAL DE LA SIERRA,ONDULADO,1.0,27.33,Mala,-77.95643997199994,-8.192865371999915,-77.95581756099995,-8.190974040999947,0.9050000000000864
713,PE-14A,309.749,318.484,HUANUCO,SIERRA,RAMAL,ONDULADO,1.0,0.0,Sin Informacion,-76.6744951039999,-9.316501861999939,-76.71256074599995,-9.281151123999905,8.734999999999957
714,PE-3SG,317.505,326.525,PUNO,SIERRA,RAMAL,ONDULADO,1.0,49.53,Regular,-70.87809181199992,-14.948320388999946,-70.80518913299994,-14.914440154999909,9.019999999999982
715,PE-08B,213.718,215.747,AMAZONAS,SIERRA,TRANSVERSAL,MONTAÑOSO,1.0,44.1,Buena,-77.88566557599995,-6.750368592999905,-77.88953729399992,-6.737979779999932,2.029000000000025
716,PE-08B,292.113,312.715,AMAZONAS,SELVA,TRANSVERSAL,PLANO,1.0,50.38,Buena,-77.91045816999991,-6.36726207199996,-77.91176945199993,-6.225378159999934,20.601999999999975
717,PE-14A,94.378,99.034,ANCASH,SIERRA,RAMAL,ONDULADO,1.0,49.53,Regular,-77.07425631099994,-9.357405222999944,-77.03816710699994,-9.331719667999948,4.656000000000006
718,PE-3SH,3.697,3.813,PUNO,SIERRA,RAMAL,PLANO,1.0,44.78,Mala,-70.34146341699994,-15.030386208999914,-70.3420046629999,-15.029500035999945,0.1160000000000001
719,PE-06,0.0,0.196,LAMBAYEQUE,COSTA,TRANSVERSAL,PLANO,4.0,80.89,Buena,-79.8737379989999,-6.7779748329999165,-79.8752956379999,-6.779348372999948,0.196
720,PE-3N,1028.952,1029.026,LA LIBERTAD,SIERRA,LONGITUDINAL DE LA SIERRA,ONDULADO,1.0,55.02,Buena,-78.29216998099992,-8.125529750999931,-78.29260998799992,-8.124791934999905,0.07400000000006912
721,PE-08B,177.558,188.015,AMAZONAS,SELVA,TRANSVERSAL,MONTAÑOSO,1.0,40.61,Buena,-77.95337129899991,-6.845236144999944,-77.94320882699992,-6.812939415999949,10.456999999999994
722,PE-08B,31.438,52.334,CAJAMARCA,SIERRA,TRANSVERSAL,MONTAÑOSO,1.0,44.1,Buena,-78.34364700299994,-7.086076735999939,-78.26491866099991,-7.04766393999995,20.896000000000004
723,PE-08B,252.357,272.298,AMAZONAS,SIERRA,TRANSVERSAL,ONDULADO,1.0,49.53,Buena,-77.7997720489999,-6.655625193999924,-77.85210969899993,-6.50603054599992,19.941000000000003
724,PE-14A,360.285,414.485,HUANUCO,SELVA,RAMAL,ONDULADO,1.0,0.0,Sin Informacion,-76.39748828499995,-9.280206737999947,-76.08876049499992,-9.301388561999943,54.19999999999999
725,PE-28B,475.892,482.452,CUSCO,SELVA,VARIANTE,ONDULADO,2.0,34.12,Buena,-72.65720127499992,-12.971572846999948,-72.64592909699991,-13.006365185999925,6.560000000000002
726,PE-3S,1255.086,1273.286,PUNO,SIERRA,LONGITUDINAL DE LA SIERRA,PLANO,2.0,68.22,Buena,-70.36600238199992,-15.04301470699994,-70.35289510899992,-15.199972515999946,18.200000000000045
727,PE-3S,1273.286,1292.44,PUNO,SIERRA,LONGITUDINAL DE LA SIERRA,PLANO,2.0,78.24,Buena,-70.35289510899992,-15.199972515999946,-70.23284619199995,-15.30685572099992,19.153999999999996
728,PE-3S,1014.304,1016.504,CUSCO,SIERRA,LONGITUDINAL DE LA SIERRA,ONDULADO,2.0,62.45,Buena,-71.65607601699992,-13.682141900999909,-71.63928170799994,-13.692280256999936,2.2000000000000455
729,PE-3SG,225.421,239.277,CUSCO,SIERRA,RAMAL,PLANO,1.0,44.78,Buena,-71.41863250699993,-14.781314849999944,-71.41240692199995,-14.792436599999917,13.855999999999995
730,PE-30B,116.454,118.286,APURIMAC,SIERRA,RAMAL,ONDULADO,1.0,49.53,Regular,-73.43524383199991,-13.932147651999912,-73.4343319219999,-13.926631938999947,1.8320000000000078
731,PE-1NL,7.157,27.798,PIURA,COSTA,RAMAL,PLANO,2.0,80.89,Buena,-80.63482284199995,-4.919593810999913,-80.46618270599993,-4.889619826999933,20.641
732,PE-1N,1093.244,1103.216,PIURA,COSTA,LONGITUDINAL DE LA COSTA,PLANO,3.0,77.35,Buena,-81.14324863299993,-4.62886649099994,-81.20881580999992,-4.569874181999921,9.97199999999998
733,PE-1N,1083.22,1093.244,PIURA,COSTA,LONGITUDINAL DE LA COSTA,PLANO,3.0,69.78,Buena,-81.08406132399995,-4.6943032619999485,-81.14324863299993,-4.62886649099994,10.023999999999887
734,PE-1N,1029.134,1032.817,PIURA,COSTA,LONGITUDINAL DE LA COSTA,PLANO,3.0,69.78,Buena,-80.69699925599991,-4.917241113999921,-80.69976269999995,-4.88403010299993,3.6829999999999927
735,PE-1N,1053.646,1058.674,PIURA,COSTA,LONGITUDINAL DE LA COSTA,PLANO,3.0,80.89,Buena,-80.87000770499992,-4.846914478999906,-80.9079891369999,-4.826213165999945,5.02800000000002
736,PE-1N,1032.817,1038.633,PIURA,COSTA,LONGITUDINAL DE LA COSTA,PLANO,3.0,69.78,Buena,-80.69976269999995,-4.88403010299993,-80.7414775659999,-4.856304614999942,5.816000000000031
737,PE-1N,1274.224,1277.442,TUMBES,COSTA,LONGITUDINAL DE LA COSTA,PLANO,3.0,69.78,Buena,-80.47996611899993,-3.593628320999926,-80.46134361599991,-3.5713850339999453,3.2180000000000746
738,PE-1N,1058.674,1068.169,PIURA,COSTA,LONGITUDINAL DE LA COSTA,PLANO,3.0,69.78,Buena,-80.9079891369999,-4.826213165999945,-80.97144764799992,-4.768729913999948,9.495000000000118
739,PE-1N,1068.169,1083.22,PIURA,COSTA,LONGITUDINAL DE LA COSTA,PLANO,3.0,77.35,Buena,-80.97144764799992,-4.768729913999948,-81.08406132399995,-4.6943032619999485,15.05099999999993
740,PE-34F,39.432,39.488,CUSCO,SIERRA,RAMAL,ONDULADO,4.0,62.45,Buena,-71.3057184459999,-14.535890736999932,-71.30610432599991,-14.535004341999922,0.055999999999997385
741,PE-1N,1285.501,1294.102,TUMBES,COSTA,LONGITUDINAL DE LA COSTA,PLANO,3.0,77.35,Buena,-80.39683346599992,-3.546513915999924,-80.32642050599992,-3.516396393999912,8.601000000000113
742,PE-1N,1185.023,1190.795,TUMBES,COSTA,LONGITUDINAL DE LA COSTA,PLANO,3.0,77.35,Buena,-80.98529018199991,-4.065198332999955,-80.9584022009999,-4.0350520779999215,5.772000000000162
743,PE-1N,1256.067,1273.595,TUMBES,COSTA,LONGITUDINAL DE LA COSTA,PLANO,3.0,80.89,Buena,-80.62116060699992,-3.6583704309999234,-80.48458603699993,-3.597934506999934,17.52800000000002
744,PE-1N,1103.216,1108.293,PIURA,COSTA,LONGITUDINAL DE LA COSTA,PLANO,3.0,69.78,Buena,-81.20881580999992,-4.569874181999921,-81.2052504639999,-4.530869701999961,5.076999999999998
745,PE-1N,1108.293,1129.166,PIURA,COSTA,LONGITUDINAL DE LA COSTA,PLANO,3.0,77.35,Buena,-81.2052504639999,-4.530869701999961,-81.13937295199992,-4.39055677999994,20.873000000000047
746,PE-1N,1050.691,1048.691,PIURA,COSTA,LONGITUDINAL DE LA COSTA,PLANO,3.0,69.78,Buena,-80.79904067699994,-4.842599854999946,-80.82567050099993,-4.8436840889999075,-2.0
747,PE-1N,1038.633,1043.646,PIURA,COSTA,LONGITUDINAL DE LA COSTA,PLANO,3.0,77.35,Buena,-80.7414775659999,-4.856304614999942,-80.78444344199994,-4.853498007999917,5.01299999999992
748,PE-1N,1294.102,1297.595,TUMBES,COSTA,LONGITUDINAL DE LA COSTA,PLANO,3.0,80.89,Buena,-80.32642050599992,-3.516396393999912,-80.29590271299992,-3.50894392999993,3.492999999999938
749,PE-1N,1180.456,1185.023,TUMBES,COSTA,LONGITUDINAL DE LA COSTA,PLANO,3.0,69.78,Buena,-81.02090511499995,-4.08351168899992,-80.98529018199991,-4.065198332999955,4.567000000000007
750,PE-1N,1297.595,1305.416,TUMBES,COSTA,LONGITUDINAL DE LA COSTA,PLANO,3.0,80.89,Buena,-80.29590271299992,-3.50894392999993,-80.23642033999994,-3.497663247999924,7.820999999999913
751,PE-5NA,0.0,5.023,PASCO,SELVA,VARIANTE,MONTAÑOSO,2.0,47.84,Buena,-75.2936316169999,-10.839223293999908,-75.32606671699995,-10.817009628999926,5.023
752,PE-5NA,25.073,35.072,PASCO,SELVA,VARIANTE,ONDULADO,2.0,60.03,Buena,-75.36418662099993,-10.722488316999943,-75.38728332499994,-10.653102874999945,9.999000000000002
753,PE-3SG,240.851,240.856,CUSCO,SIERRA,RAMAL,PLANO,1.0,44.78,Buena,-71.40492057799992,-14.789384841999947,-71.40488850299994,-14.789355820999958,0.0049999999999954525
754,PE-28B,138.666,158.666,AYACUCHO,SELVA,VARIANTE,MONTAÑOSO,1.0,40.61,Buena,-73.88576545299992,-12.71897834799995,-73.84478568999992,-12.617696761999923,20.0
755,PE-08B,398.204,403.694,AMAZONAS,SELVA,TRANSVERSAL,MONTAÑOSO,1.0,37.47,Buena,-77.51050957099994,-6.3359808139999245,-77.51910693199994,-6.367990612999961,5.490000000000009
756,PE-1NJ,34.294,36.368,LAMBAYEQUE,COSTA,VARIANTE,ONDULADO,2.0,73.34,Buena,-79.82047797299992,-6.390261495999937,-79.80766925799992,-6.377317061999918,2.074000000000005
757,PE-1NN,45.023,67.023,PIURA,COSTA,RAMAL,PLANO,2.0,35.7,Buena,-80.51402717799994,-4.58577985799991,-80.39845608699994,-4.474734198999954,21.999999999999993
758,PE-22,28.912,29.336,LIMA,SIERRA,TRANSVERSAL,PLANO,3.0,78.24,Buena,-76.74551582299995,-11.967708587999937,-76.74272155799991,-11.965099334999934,0.4239999999999995
759,PE-24A,53.588,53.775,JUNIN,SIERRA,TRANSVERSAL,MONTAÑOSO,1.0,44.1,Buena,-75.08241844199995,-11.721200942999928,-75.08146285999993,-11.719956246999914,0.1869999999999976
760,PE-3N,1054.676,1054.729,LA LIBERTAD,SIERRA,LONGITUDINAL DE LA SIERRA,MONTAÑOSO,2.0,55.7,Buena,-78.26346588099995,-7.987638473999937,-78.26340079699992,-7.987157063999916,0.05300000000011096
761,PE-12A,133.44,142.626,LA LIBERTAD,SIERRA,TRANSVERSAL,ONDULADO,1.0,49.53,Regular,-77.36230962199994,-8.511232216999929,-77.29586029099994,-8.516929625999921,9.186000000000007
762,PE-28B,138.522,138.666,AYACUCHO,SELVA,VARIANTE,MONTAÑOSO,2.0,40.61,Buena,-73.88617896999995,-12.72087478599991,-73.88576545299992,-12.71897834799995,0.14400000000000546
763,PE-1NN,20.443,22.127,PIURA,COSTA,RAMAL,PLANO,2.0,62.03,Buena,-80.5904312099999,-4.7542877199999225,-80.58205985699993,-4.742868422999948,1.6839999999999975
764,PE-1NN,22.127,25.132,PIURA,COSTA,RAMAL,PLANO,2.0,80.89,Buena,-80.58205985699993,-4.742868422999948,-80.57419109299991,-4.717660143999922,3.0050000000000026
765,PE-1NJ,0.0,5.462,LAMBAYEQUE,COSTA,VARIANTE,PLANO,2.0,80.89,Buena,-79.90357846799992,-6.682725656999935,-79.89031791499991,-6.635229110999944,5.462
766,PE-12A,176.452,176.62,HUANUCO,SIERRA,TRANSVERSAL,ONDULADO,2.0,49.53,Regular,-77.15138634099992,-8.603175834999945,-77.15053176899994,-8.604543685999943,0.16800000000000637
767,PE-36A,124.836,124.839,TACNA,SIERRA,TRANSVERSAL,ONDULADO,2.0,66.89,Regular,-70.44758181299994,-16.882661395999946,-70.4475546509999,-16.88266787999993,0.0030000000000001137
768,PE-1N,1000.601,1005.549,PIURA,COSTA,LONGITUDINAL DE LA COSTA,PLANO,3.0,80.89,Buena,-80.69048217299991,-5.168408288999956,-80.70096809799992,-5.12503357199995,4.947999999999979
769,PE-1NN,28.111,30.836,PIURA,COSTA,RAMAL,PLANO,2.0,53.68,Buena,-80.56126021999995,-4.694816588999913,-80.54096209799991,-4.68113737199991,2.724999999999998
770,PE-1NN,12.143,20.443,PIURA,COSTA,RAMAL,PLANO,2.0,45.19,Buena,-80.62909694599995,-4.814506079999944,-80.5904312099999,-4.7542877199999225,8.3
771,PE-1N,33.074,33.619,LIMA,COSTA,LONGITUDINAL DE LA COSTA,PLANO,2.0,80.89,Buena,-77.09276647099995,-11.850040187999923,-77.09643070399994,-11.84710870999993,0.5450000000000017
772,PE-3N,1045.816,1045.877,LA LIBERTAD,SIERRA,LONGITUDINAL DE LA SIERRA,MONTAÑOSO,2.0,53.0,Buena,-78.30541748799993,-8.01272118199995,-78.30664969499992,-8.012651091999942,0.06099999999992178
773,PE-24A,53.775,54.046,JUNIN,SIERRA,TRANSVERSAL,MONTAÑOSO,2.0,44.1,Buena,-75.08146285999993,-11.719956246999914,-75.0819053649999,-11.71792602499994,0.2710000000000008
774,PE-1N,0.0,0.533,LIMA,COSTA,LONGITUDINAL DE LA COSTA,PLANO,3.0,80.89,Buena,-76.97319185399994,-12.058378632999904,-76.97513406399992,-12.053950698999927,0.533
775,PE-1NJ,15.663,34.294,LAMBAYEQUE,COSTA,VARIANTE,ONDULADO,2.0,73.34,Buena,-79.86476062699995,-6.546863963999954,-79.82047797299992,-6.390261495999937,18.630999999999997
776,PE-3SG,301.416,317.265,PUNO,SIERRA,RAMAL,MONTAÑOSO,1.0,44.1,Regular,-70.99833313699992,-14.98391069999991,-70.87991571499992,-14.946949992999919,15.84899999999999
777,PE-28B,460.143,460.258,CUSCO,SELVA,VARIANTE,ONDULADO,1.0,56.43,Buena,-72.70554923999993,-12.848957061999954,-72.7051067349999,-12.849809646999915,0.1150000000000091
778,PE-40,55.471,56.114,TACNA,SIERRA,TRANSVERSAL,MONTAÑOSO,2.0,55.0,Regular,-69.95943991399992,-17.778443470999946,-69.95634561899993,-17.77460325499993,0.6430000000000007
779,PE-18B,41.838,42.238,HUANUCO,SIERRA,TRANSVERSAL,ONDULADO,2.0,0.0,Buena,-75.9960969089999,-9.89873005499993,-75.99318004499992,-9.896794648999958,0.3999999999999986
780,PE-1N,24.968,25.653,LIMA,COSTA,LONGITUDINAL DE LA COSTA,PLANO,3.0,80.89,Buena,-77.07246846999993,-11.911554086999956,-77.0690701979999,-11.906223273999956,0.6849999999999987
781,PE-20B,6.796,7.216,CALLAO,COSTA,TRANSVERSAL,PLANO,2.0,77.35,Regular,-77.11692619299993,-11.99978828399992,-77.12065887499995,-11.999114989999953,0.41999999999999993
782,PE-08B,30.011,30.381,CAJAMARCA,SIERRA,TRANSVERSAL,ONDULADO,2.0,66.89,Buena,-78.34184549999992,-7.100805876999914,-78.34344706299993,-7.097922647999951,0.370000000000001
783,PE-3SG,0.411,1.753,APURIMAC,SIERRA,RAMAL,ONDULADO,1.0,34.85,Buena,-72.24606895399995,-14.118280410999944,-72.24036238999992,-14.116304094999919,1.3419999999999999
784,PE-28B,464.726,464.871,CUSCO,SELVA,VARIANTE,ONDULADO,2.0,56.43,Buena,-72.69072723399995,-12.880765914999927,-72.6916408539999,-12.881975173999933,0.1449999999999818
785,PE-28B,517.24,517.696,CUSCO,SIERRA,VARIANTE,ONDULADO,2.0,40.84,Buena,-72.4177137929999,-13.060092008999959,-72.41406319899994,-13.06129612299992,0.4560000000000173
786,PE-28B,63.301,63.332,AYACUCHO,SIERRA,VARIANTE,MONTAÑOSO,1.0,52.87,Buena,-74.02405685999992,-12.948481915999935,-74.02408583899995,-12.948381935999919,0.030999999999998806
787,PE-08B,430.311,442.121,AMAZONAS,SELVA,TRANSVERSAL,ONDULADO,1.0,46.47,Buena,-77.38170319199992,-6.47204224099994,-77.34953156299991,-6.50597036399995,11.810000000000002
788,PE-08B,5.834,14.43,CAJAMARCA,SIERRA,TRANSVERSAL,ONDULADO,1.0,68.7,Buena,-78.45639434299994,-7.155170702999953,-78.41411661599994,-7.152677758999914,8.596
789,PE-26,223.301,231.22,HUANCAVELICA,SIERRA,TRANSVERSAL,MONTAÑOSO,2.0,44.1,Regular,-74.96878772899993,-12.786211901999934,-74.9177966069999,-12.763482765999925,7.919000000000011
790,PE-3SG,67.879,68.11,CUSCO,SIERRA,RAMAL,MONTAÑOSO,2.0,40.51,Buena,-72.11433924399995,-14.33879669199996,-72.1133499149999,-14.336824416999946,0.23099999999999454
791,PE-12A,98.696,133.44,ANCASH,SIERRA,TRANSVERSAL,ONDULADO,1.0,49.53,Regular,-77.59919277599994,-8.578963420999912,-77.36230962199994,-8.511232216999929,34.744
792,PE-08B,460.584,498.265,SAN MARTIN,SIERRA,TRANSVERSAL,ONDULADO,1.0,27.33,Mala,-77.27598915999994,-6.473131875999911,-77.15849107799994,-6.359623089999957,37.68099999999998
793,PE-12A,177.251,207.393,HUANUCO,SIERRA,TRANSVERSAL,ONDULADO,1.0,49.53,Regular,-77.14612038099995,-8.607829705999961,-77.03720573699991,-8.67789057899995,30.141999999999996
794,PE-20E,0.0,1.535,CALLAO,COSTA,RAMAL,PLANO,0.0,0.0,Sin Informacion,-77.12841455699993,-11.903152625999951,-77.14107245499991,-11.907187240999917,1.535
795,PE-1S,224.396,229.711,ICA,COSTA,LONGITUDINAL DE LA COSTA,PLANO,0.0,77.35,Regular,-76.1511556719999,-13.700779052999906,-76.16234512199992,-13.747392445999935,5.315000000000026
796,PE-1NJ,36.368,85.597,LAMBAYEQUE,COSTA,VARIANTE,PLANO,2.0,80.89,Buena,-79.80766925799992,-6.377317061999918,-79.69370234399992,-5.9987113359999285,49.22899999999999
797,PE-34F,39.971,40.288,CUSCO,SIERRA,RAMAL,MONTAÑOSO,1.0,33.43,Buena,-71.30615994899995,-14.531165192999936,-71.30501086899994,-14.528161608999937,0.31700000000000017
798,PE-34F,39.488,39.971,CUSCO,SIERRA,RAMAL,MONTAÑOSO,1.0,33.43,Buena,-71.30610432599991,-14.535004341999922,-71.30615994899995,-14.531165192999936,0.482999999999997
799,PE-30C,145.165,148.224,CUSCO,SIERRA,TRANSVERSAL,MONTAÑOSO,2.0,53.0,Buena,-70.8996283749999,-13.514554854999915,-70.89877133899995,-13.495805102999952,3.0589999999999975
800,PE-28B,232.397,242.317,CUSCO,SIERRA,VARIANTE,MONTAÑOSO,1.0,33.11,Buena,-73.54703516199993,-12.78959427299992,-73.48935268199995,-12.799840938999921,9.920000000000016
801,PE-30C,652.49,652.717,MADRE DE DIOS,SELVA,TRANSVERSAL,PLANO,4.0,70.33,Buena,-69.57746674799995,-10.943392815999914,-69.57701560099991,-10.94139873599994,0.22699999999997544
802,PE-30C,190.415,192.737,CUSCO,SELVA,TRANSVERSAL,ONDULADO,2.0,60.03,Buena,-70.74793053399992,-13.227702059999956,-70.73040162899991,-13.218380096999908,2.3220000000000027
803,PE-30C,398.568,403.687,MADRE DE DIOS,SELVA,TRANSVERSAL,PLANO,2.0,70.33,Buena,-69.40557862499992,-12.690326229999926,-69.36124475399993,-12.674371041999905,5.119000000000028
804,PE-3N,328.267,328.476,HUANUCO,SIERRA,LONGITUDINAL DE LA SIERRA,ONDULADO,1.0,68.7,Buena,-76.66868444099993,-9.71148790999996,-76.67051163399992,-9.711042426999938,0.20900000000000318
805,PE-1NL,43.966,55.325,PIURA,COSTA,RAMAL,PLANO,2.0,80.89,Buena,-80.33509225799992,-4.911382944999957,-80.28497291199994,-4.8278412029999345,11.359000000000002
806,PE-1NL,122.643,125.796,PIURA,COSTA,RAMAL,PLANO,2.0,80.89,Buena,-79.97250977599992,-4.436689989999934,-79.96858960299994,-4.410534552999934,3.153000000000006
807,PE-1NL,125.796,128.124,PIURA,COSTA,RAMAL,PLANO,2.0,80.89,Buena,-79.96858960299994,-4.410534552999934,-79.96403910799995,-4.393066315999931,2.3279999999999887
808,PE-3N,793.304,793.565,ANCASH,SIERRA,LONGITUDINAL DE LA SIERRA,MONTAÑOSO,2.0,53.0,Mala,-78.09993860299994,-8.48501439499995,-78.09823608399995,-8.486061095999958,0.26100000000008095
809,PE-20B,7.689,7.961,CALLAO,COSTA,TRANSVERSAL,PLANO,2.0,77.35,Regular,-77.12461672099994,-11.997464432999948,-77.12620734199993,-11.996839501999943,0.27200000000000024
810,PE-34A,124.061,124.47,AREQUIPA,SIERRA,TRANSVERSAL,ONDULADO,3.0,62.45,Buena,-71.32517319699991,-16.04591329899995,-71.3215101479999,-16.045053357999905,0.4089999999999918
811,PE-34F,101.736,102.869,CUSCO,SIERRA,RAMAL,ONDULADO,2.0,66.89,Buena,-71.4596359059999,-14.14394557199995,-71.45960399199993,-14.13368651099995,1.1329999999999956
812,PE-3SG,243.668,271.053,CUSCO,SIERRA,RAMAL,ONDULADO,1.0,43.03,Mala,-71.39229366799992,-14.77268409699991,-71.2079086299999,-14.889926909999929,27.38499999999999
813,PE-34F,9.076,9.704,CUSCO,SIERRA,RAMAL,ONDULADO,2.0,66.89,Buena,-71.33470535299995,-14.734344481999926,-71.32979629899995,-14.737124923999943,0.6280000000000001
814,PE-28B,242.317,264.28,CUSCO,SELVA,VARIANTE,MONTAÑOSO,1.0,42.62,Buena,-73.46754022199991,-12.802369235999947,-73.38650516399991,-12.776566676999948,21.962999999999965
815,PE-34F,93.362,93.738,CUSCO,SIERRA,RAMAL,ONDULADO,2.0,66.89,Regular,-71.4329483759999,-14.213497526999959,-71.43432235699993,-14.20984268199993,0.3760000000000048
816,PE-30C,413.541,419.483,MADRE DE DIOS,SELVA,TRANSVERSAL,PLANO,2.0,72.6,Buena,-69.27314949399994,-12.643222807999905,-69.24143046199993,-12.609425668999904,5.942000000000007
817,PE-3N,1270.011,1270.287,CAJAMARCA,SIERRA,LONGITUDINAL DE LA SIERRA,PLANO,2.0,78.24,Buena,-78.47361222799992,-7.1877663989999405,-78.47619372499992,-7.185909194999908,0.2760000000000673
818,PE-30C,40.015,55.432,CUSCO,SIERRA,TRANSVERSAL,ONDULADO,2.0,68.7,Buena,-71.4550114999999,-13.652147546999913,-71.39158267499994,-13.624941913999919,15.417000000000002
819,PE-30C,20.076,40.015,CUSCO,SIERRA,TRANSVERSAL,ONDULADO,2.0,68.7,Buena,-71.57821275099991,-13.616382228999953,-71.4550114999999,-13.652147546999913,19.939
820,PE-3SB,0.048,0.465,JUNIN,SIERRA,VARIANTE,ONDULADO,2.0,68.7,Buena,-75.4898518839999,-11.80405006999996,-75.48655802799993,-11.80375362999996,0.41700000000000004
821,PE-36B,20.472,20.882,MOQUEGUA,SIERRA,RAMAL,MONTAÑOSO,1.0,55.7,Buena,-70.45519312399995,-16.726529376999906,-70.45541694699995,-16.72330875399996,0.41000000000000014
822,PE-30C,196.613,198.682,CUSCO,SELVA,TRANSVERSAL,ONDULADO,2.0,41.29,Buena,-70.70180892999991,-13.206914901999937,-70.68516708199991,-13.201550948999909,2.0689999999999884
823,PE-3N,1426.781,1426.975,CAJAMARCA,SIERRA,LONGITUDINAL DE LA SIERRA,MONTAÑOSO,4.0,55.0,Regular,-78.6634998319999,-6.553886413999919,-78.66498267199995,-6.553006584999935,0.19399999999995998
824,PE-3NB,53.0,53.32,CAJAMARCA,SIERRA,VARIANTE,MONTAÑOSO,2.0,40.51,Mala,-78.51989263199994,-6.690588577999961,-78.51945873699992,-6.687767275999931,0.3200000000000003
825,PE-30C,310.053,315.106,MADRE DE DIOS,SELVA,TRANSVERSAL,PLANO,2.0,72.6,Buena,-70.10803424999995,-12.908111254999938,-70.06745221799991,-12.892533287999925,5.052999999999997
826,PE-30C,340.242,345.011,MADRE DE DIOS,SELVA,TRANSVERSAL,PLANO,2.0,70.33,Buena,-69.87052380099993,-12.886620379999954,-69.83036041399993,-12.88502693199996,4.7690000000000055
827,PE-30C,161.309,163.096,CUSCO,SELVA,TRANSVERSAL,MONTAÑOSO,2.0,37.47,Buena,-70.89958909499995,-13.397307906999913,-70.90179357599993,-13.382572806999917,1.7870000000000061
828,PE-3N,165.729,175.136,PASCO,SIERRA,LONGITUDINAL DE LA SIERRA,ONDULADO,2.0,62.45,Buena,-76.18226849299992,-10.449412106999944,-76.20253561399994,-10.375874185999919,9.406999999999982
829,PE-28B,383.0,388.362,CUSCO,SELVA,VARIANTE,MONTAÑOSO,1.0,40.61,Buena,-72.78004323499994,-12.60482617599996,-72.74687832199993,-12.602598303999912,5.362000000000023
830,PE-18,134.381,134.502,LIMA,SIERRA,TRANSVERSAL,MONTAÑOSO,2.0,44.1,Buena,-76.78365433499994,-10.665258900999959,-76.78323159399991,-10.664284600999906,0.12100000000000932
831,PE-1NR,0.0,1.548,PIURA,COSTA,TRANSVERSAL,PLANO,0.0,0.0,Sin Informacion,-80.33618119999994,-4.913478870999938,-80.34084634399994,-4.926084820999961,1.548
832,PE-1NR,25.152,27.854,PIURA,COSTA,TRANSVERSAL,PLANO,0.0,0.0,Sin Informacion,-80.20497611499991,-5.028884368999911,-80.18324291099992,-5.037366001999942,2.701999999999998
833,PE-1NR,27.854,39.164,PIURA,COSTA,TRANSVERSAL,PLANO,0.0,0.0,Sin Informacion,-80.18324291099992,-5.037366001999942,-80.16705208699995,-5.100874063999925,11.310000000000002
834,PE-30C,119.211,129.534,CUSCO,SIERRA,TRANSVERSAL,MONTAÑOSO,1.0,55.7,Buena,-71.00555038499994,-13.580780028999925,-70.95602408199994,-13.58999412299994,10.322999999999993
835,PE-14A,79.087,79.113,ANCASH,SIERRA,RAMAL,MONTAÑOSO,1.0,44.1,Regular,-77.16134775699993,-9.428457773999924,-77.16144884599993,-9.428257501999951,0.02599999999999625
836,PE-24,42.511,42.775,LIMA,COSTA,TRANSVERSAL,ONDULADO,2.0,73.34,Buena,-76.16521226099991,-13.009912204999921,-76.16568248999994,-13.007682829999908,0.2639999999999958
837,PE-3N,1155.034,1155.05,CAJAMARCA,SIERRA,LONGITUDINAL DE LA SIERRA,ONDULADO,1.0,62.45,Buena,-78.04866981499993,-7.617124556999954,-78.04867833499992,-7.616978460999917,0.015999999999849024
838,PE-3N,1560.449,1560.577,CAJAMARCA,SELVA,LONGITUDINAL DE LA SIERRA,ONDULADO,0.0,56.43,Buena,-78.99422807199994,-6.020779974999925,-78.99567512399994,-6.020425920999912,0.12799999999992906
839,PE-3N,150.031,150.051,PASCO,SIERRA,LONGITUDINAL DE LA SIERRA,ONDULADO,2.0,43.03,Buena,-76.19083815399995,-10.572261632999925,-76.19087982199994,-10.572086333999948,0.01999999999998181
840,PE-36B,126.597,126.75,PUNO,SIERRA,RAMAL,PLANO,2.0,68.22,Buena,-70.01863966299993,-16.093286013999943,-70.0180357559999,-16.091807054999947,0.1530000000000058
841,PE-30C,345.011,355.022,MADRE DE DIOS,SELVA,TRANSVERSAL,PLANO,2.0,72.6,Buena,-69.83036623899994,-12.885031346999938,-69.74493671099992,-12.879195301999914,10.010999999999967
842,PE-30C,305.024,310.053,MADRE DE DIOS,SELVA,TRANSVERSAL,PLANO,2.0,70.33,Buena,-70.15089517399991,-12.91227897999994,-70.10803424999995,-12.908111254999938,5.028999999999996
843,PE-30C,419.483,426.204,MADRE DE DIOS,SELVA,TRANSVERSAL,PLANO,2.0,64.96,Buena,-69.24143046199993,-12.609425668999904,-69.19289235699995,-12.583314279999911,6.721000000000004
844,PE-10,0.0,0.058,LA LIBERTAD,COSTA,TRANSVERSAL,PLANO,2.0,77.35,Buena,-78.99650258799994,-8.175292718999913,-78.99686823099995,-8.175781727999947,0.058
845,PE-3N,151.092,151.095,PASCO,SIERRA,LONGITUDINAL DE LA SIERRA,ONDULADO,2.0,62.45,Buena,-76.19287915199993,-10.563066552999942,-76.19290127999994,-10.563040950999948,0.002999999999985903
846,PE-3N,984.589,984.645,LA LIBERTAD,SIERRA,LONGITUDINAL DE LA SIERRA,ONDULADO,4.0,62.45,Buena,-78.15300605499993,-8.090666091999935,-78.15315555099994,-8.091150569999911,0.05599999999992633
847,PE-3N,1581.113,1581.304,CAJAMARCA,SELVA,LONGITUDINAL DE LA SIERRA,ONDULADO,0.0,59.09,Buena,-79.1432836539999,-6.024935899999946,-79.1444100249999,-6.023636944999907,0.19100000000003092
848,PE-30C,220.873,222.902,CUSCO,SELVA,TRANSVERSAL,ONDULADO,2.0,60.03,Buena,-70.53410579399991,-13.203799257999947,-70.52577728999995,-13.194543572999919,2.0289999999999964
849,PE-36B,128.17,128.255,PUNO,SIERRA,RAMAL,PLANO,2.0,68.22,Buena,-70.01091589099991,-16.07896721499992,-70.01018672999993,-16.07825645999992,0.08500000000000796
850,PE-14A,418.084,419.103,HUANUCO,SELVA,RAMAL,ONDULADO,2.0,56.43,Mala,-76.04989036699993,-9.312171382999907,-76.04943838899993,-9.313352470999916,1.0190000000000055
851,PE-36A,0.0,9.6,MOQUEGUA,SIERRA,TRANSVERSAL,PLANO,2.0,75.08,Buena,-70.97171353999994,-17.21736858999992,-70.9213145619999,-17.188258340999937,9.6
852,PE-36B,13.407,13.962,MOQUEGUA,SIERRA,RAMAL,MONTAÑOSO,4.0,44.1,Buena,-70.47016131299995,-16.781690355999956,-70.47016921099993,-16.777722682999922,0.5549999999999997
853,PE-30C,0.0,20.076,CUSCO,SIERRA,TRANSVERSAL,ONDULADO,2.0,68.7,Buena,-71.59828826199993,-13.68735813099994,-71.57821275099991,-13.616382228999953,20.076
854,PE-1S,1310.197,1310.338,TACNA,COSTA,LONGITUDINAL DE LA COSTA,PLANO,2.0,77.35,Regular,-70.3377411539999,-18.156035496999948,-70.3375938399999,-18.157307085999946,0.1410000000000764
855,PE-1S,184.559,185.033,ICA,COSTA,LONGITUDINAL DE LA COSTA,PLANO,2.0,77.35,Buena,-76.19460229399994,-13.401920575999952,-76.1927594309999,-13.405798003999905,0.47399999999998954
856,PE-18A,60.406,60.431,HUANUCO,SIERRA,TRANSVERSAL,ONDULADO,1.0,62.45,Buena,-76.0576776289999,-9.66025437299993,-76.05747413599994,-9.660158156999955,0.02499999999999858
857,PE-18A,54.795,54.825,HUANUCO,SIERRA,TRANSVERSAL,ONDULADO,2.0,43.03,Buena,-76.07927266799993,-9.678626043999941,-76.07941818199993,-9.67840194699994,0.030000000000001137
858,PE-18A,51.123,51.159,HUANUCO,SIERRA,TRANSVERSAL,ONDULADO,2.0,49.53,Buena,-76.08619751899994,-9.695229845999961,-76.08587085699992,-9.69515374599996,0.036000000000001364
859,PE-18A,1.75,7.344,HUANUCO,SELVA,TRANSVERSAL,ONDULADO,2.0,59.09,Buena,-76.23884010299992,-9.94208908099995,-76.22177123999995,-9.896467208999923,5.594
860,PE-18A,55.085,55.099,HUANUCO,SIERRA,TRANSVERSAL,ONDULADO,1.0,62.45,Buena,-76.07968068299994,-9.676864802999944,-76.07954597499992,-9.676877974999911,0.013999999999995794
861,PE-18A,60.112,60.169,HUANUCO,SIERRA,TRANSVERSAL,ONDULADO,1.0,62.45,Buena,-76.05884646399994,-9.662454493999917,-76.05859085899993,-9.662005289999911,0.056999999999995055
862,PE-12B,106.065,106.339,ANCASH,SELVA,RAMAL,MONTAÑOSO,1.0,37.47,Mala,-77.46312645799992,-8.33974681099994,-77.46164512599995,-8.34063720699993,0.2740000000000009
863,PE-30C,215.852,215.866,CUSCO,SELVA,TRANSVERSAL,ONDULADO,2.0,50.38,Buena,-70.5654610439999,-13.187529783999935,-70.56540434099992,-13.187445444999923,0.014000000000010004
864,PE-18,143.885,144.069,LIMA,SIERRA,TRANSVERSAL,MONTAÑOSO,1.0,33.11,Buena,-76.74234863499993,-10.683926904999907,-76.7413326379999,-10.685176917999911,0.1839999999999975
865,PE-30C,138.825,140.102,CUSCO,SIERRA,TRANSVERSAL,MONTAÑOSO,1.0,31.95,Buena,-70.89760884099991,-13.557545446999939,-70.88698959399994,-13.54626464799992,1.2770000000000152
866,PE-18,138.931,139.118,LIMA,SIERRA,TRANSVERSAL,MONTAÑOSO,2.0,33.11,Buena,-76.76924768799995,-10.66865626899994,-76.76797562899992,-10.669433643999923,0.1869999999999834
867,PE-14A,246.238,303.54,HUANUCO,SIERRA,RAMAL,ONDULADO,1.0,0.0,Sin Informacion,-76.83241978699994,-9.089479793999942,-76.7176546789999,-9.248540331999948,57.30200000000002
868,PE-14A,207.179,246.238,HUANUCO,SIERRA,RAMAL,MONTAÑOSO,1.0,0.0,Sin Informacion,-76.95156167699992,-9.037510274999931,-76.83241978699994,-9.089479793999942,39.059
869,PE-14A,185.794,207.179,HUANUCO,SIERRA,RAMAL,MONTAÑOSO,1.0,0.0,Sin Informacion,-76.93829506199995,-9.073624043999928,-76.95156167699992,-9.037510274999931,21.38499999999999
870,PE-30C,192.737,193.845,CUSCO,SELVA,TRANSVERSAL,ONDULADO,2.0,50.38,Buena,-70.73040962199991,-13.218379973999959,-70.72173573399994,-13.21540327799994,1.108000000000004
871,PE-3SG,335.239,336.333,PUNO,SIERRA,RAMAL,ONDULADO,2.0,62.45,Mala,-70.75477859599994,-14.855839462999938,-70.74707777899994,-14.850425240999925,1.094000000000051
872,PE-36A,197.122,201.998,PUNO,SIERRA,TRANSVERSAL,PLANO,2.0,75.08,Regular,-69.8600387699999,-16.762098807999905,-69.81820258199991,-16.747126910999953,4.875999999999976
873,PE-1N,1051.183,1053.646,PIURA,COSTA,LONGITUDINAL DE LA COSTA,PLANO,3.0,77.35,Buena,-80.84788329799994,-4.847255375999907,-80.87000770499992,-4.846914478999906,2.4629999999999654
874,PE-3N,1102.385,1102.439,LA LIBERTAD,SIERRA,LONGITUDINAL DE LA SIERRA,PLANO,4.0,55.7,Buena,-78.03606795699994,-7.820205562999945,-78.03566678999994,-7.819914625999957,0.05400000000008731
875,PE-1NJ,256.416,259.6,PIURA,COSTA,VARIANTE,PLANO,4.0,77.35,Buena,-80.61980909899995,-5.202045899999916,-80.63176031699993,-5.227845320999961,3.184000000000026
876,PE-3SG,353.692,353.713,PUNO,SIERRA,RAMAL,PLANO,2.0,68.22,Mala,-70.59494855899993,-14.893482612999946,-70.5947657239999,-14.893321213999911,0.021000000000015007
877,PE-1NJ,252.875,254.688,PIURA,COSTA,VARIANTE,PLANO,2.0,77.35,Buena,-80.5957711019999,-5.187880738999922,-80.61135368799995,-5.192715584999917,1.8129999999999882
878,PE-30A,42.242,75.778,AYACUCHO,SIERRA,TRANSVERSAL,ONDULADO,2.0,68.7,Buena,-74.71222632299992,-14.836180112999955,-74.51718689299992,-14.694545323999932,33.53600000000001
879,PE-30A,98.649,155.051,AYACUCHO,SIERRA,TRANSVERSAL,MONTAÑOSO,2.0,55.7,Buena,-74.3174028219999,-14.661407567999959,-74.1324100189999,-14.697933389999946,56.40199999999999
880,PE-24,54.662,64.589,LIMA,COSTA,TRANSVERSAL,ONDULADO,2.0,73.34,Buena,-76.11332229999994,-12.930550529999948,-76.05567403999993,-12.865618769999912,9.927
881,PE-3SG,317.265,317.27,PUNO,SIERRA,RAMAL,ONDULADO,1.0,49.53,Regular,-70.87991571499992,-14.946949992999919,-70.87987709099991,-14.946952819999922,0.0049999999999954525
882,PE-30C,159.52,161.309,CUSCO,SELVA,TRANSVERSAL,MONTAÑOSO,2.0,37.47,Buena,-70.90137526599995,-13.41240130899996,-70.89959003799993,-13.397304887999951,1.7889999999999873
883,PE-1S,892.359,901.178,AREQUIPA,SIERRA,LONGITUDINAL DE LA COSTA,PLANO,2.0,68.22,Mala,-72.3214752799999,-16.43982804999996,-72.24767491499995,-16.418830960999912,8.81899999999996
884,PE-1S,735.825,739.037,AREQUIPA,COSTA,LONGITUDINAL DE LA COSTA,ONDULADO,2.0,76.18,Buena,-73.33970616499994,-16.323281231999943,-73.31387661799994,-16.337747710999906,3.211999999999989
885,PE-1S,811.331,812.757,AREQUIPA,COSTA,LONGITUDINAL DE LA COSTA,ONDULADO,2.0,76.18,Buena,-72.85684323899994,-16.541552814999932,-72.84881496999992,-16.551397579999957,1.4259999999999309
886,PE-1S,836.94,843.586,AREQUIPA,COSTA,LONGITUDINAL DE LA COSTA,ONDULADO,2.0,67.04,Mala,-72.68903647399992,-16.63986351099993,-72.63555968199995,-16.659430830999952,6.645999999999958
887,PE-1S,852.798,857.387,AREQUIPA,SIERRA,LONGITUDINAL DE LA COSTA,MONTAÑOSO,2.0,55.7,Buena,-72.62882145999993,-16.58774706999992,-72.6144703519999,-16.55433771099996,4.588999999999942
888,PE-1S,739.037,743.508,AREQUIPA,COSTA,LONGITUDINAL DE LA COSTA,ONDULADO,2.0,73.34,Regular,-73.31387661799994,-16.337747710999906,-73.28566369499993,-16.356129530999908,4.471000000000004
889,PE-1S,707.522,712.239,AREQUIPA,COSTA,LONGITUDINAL DE LA COSTA,MONTAÑOSO,2.0,60.06,Mala,-73.57294803099995,-16.24197811399995,-73.53239380999992,-16.25469813999996,4.7169999999999845
890,PE-1S,732.194,735.825,AREQUIPA,COSTA,LONGITUDINAL DE LA COSTA,ONDULADO,2.0,76.18,Buena,-73.36924150999994,-16.310102069999914,-73.33970616499994,-16.323281231999943,3.6310000000000855
891,PE-1S,715.832,717.253,AREQUIPA,COSTA,LONGITUDINAL DE LA COSTA,ONDULADO,2.0,73.34,Regular,-73.50387169099992,-16.268898184999955,-73.49240185999992,-16.274352509999915,1.4210000000000491
892,PE-1S,752.215,757.803,AREQUIPA,COSTA,LONGITUDINAL DE LA COSTA,ONDULADO,2.0,73.34,Regular,-73.24328051499992,-16.39188873699993,-73.20469922199993,-16.401114182999947,5.587999999999965
893,PE-1S,953.035,956.343,AREQUIPA,SIERRA,LONGITUDINAL DE LA COSTA,PLANO,2.0,68.22,Mala,-71.8887999609999,-16.483150404999947,-71.86255427999993,-16.49085638999992,3.3079999999999927
894,PE-1S,804.871,811.331,AREQUIPA,COSTA,LONGITUDINAL DE LA COSTA,PLANO,2.0,80.89,Buena,-72.90905368999995,-16.520477858999925,-72.85684323899994,-16.541552814999932,6.460000000000036
895,PE-1S,794.113,803.476,AREQUIPA,COSTA,LONGITUDINAL DE LA COSTA,PLANO,2.0,69.78,Mala,-72.98690070399994,-16.48329528599993,-72.91782244699993,-16.515563973999917,9.362999999999943
896,PE-1S,887.277,891.09,AREQUIPA,SIERRA,LONGITUDINAL DE LA COSTA,ONDULADO,2.0,66.89,Regular,-72.35990869999995,-16.466861279999932,-72.33106934499995,-16.446592193999948,3.812999999999988
897,PE-1S,817.858,821.424,AREQUIPA,COSTA,LONGITUDINAL DE LA COSTA,ONDULADO,2.0,67.04,Mala,-72.80859657999991,-16.575878704999923,-72.78221872499995,-16.595383391999917,3.566000000000031
898,PE-1S,768.585,775.895,AREQUIPA,COSTA,LONGITUDINAL DE LA COSTA,ONDULADO,2.0,67.04,Mala,-73.13308384999993,-16.43194195399991,-73.11418651799994,-16.421876365999935,7.309999999999945
899,PE-1S,941.661,948.055,AREQUIPA,SIERRA,LONGITUDINAL DE LA COSTA,ONDULADO,2.0,66.89,Regular,-71.96124190599994,-16.451264456999922,-71.92695495999993,-16.466933689999905,6.3940000000000055
900,PE-1S,239.709,239.712,ICA,COSTA,LONGITUDINAL DE LA COSTA,PLANO,2.0,80.89,Buena,-76.14100132499993,-13.829675881999947,-76.14099236099992,-13.829701549999925,0.002999999999985903
901,PE-1S,956.343,963.204,AREQUIPA,SIERRA,LONGITUDINAL DE LA COSTA,PLANO,2.0,68.22,Mala,-71.86255427999993,-16.49085638999992,-71.80469398999992,-16.51512813499994,6.86099999999999
902,PE-1S,726.117,730.826,AREQUIPA,COSTA,LONGITUDINAL DE LA COSTA,ONDULADO,2.0,67.04,Mala,-73.41898895999992,-16.29280880999994,-73.38065519999992,-16.308931009999924,4.70900000000006
903,PE-1S,762.155,767.502,AREQUIPA,COSTA,LONGITUDINAL DE LA COSTA,ONDULADO,2.0,73.34,Regular,-73.17448817699994,-16.41662502099996,-73.14121798999992,-16.428245129999937,5.34699999999998
904,PE-1S,775.895,786.707,AREQUIPA,COSTA,LONGITUDINAL DE LA COSTA,ONDULADO,2.0,73.34,Regular,-73.11418651799994,-16.421876365999935,-73.04785048999992,-16.474981959999923,10.812000000000012
905,PE-1S,831.614,834.646,AREQUIPA,COSTA,LONGITUDINAL DE LA COSTA,ONDULADO,4.0,67.04,Mala,-72.70561783499994,-16.595168617999946,-72.69553784199991,-16.620460881999918,3.0319999999999254
906,PE-3N,1422.486,1422.566,CAJAMARCA,SIERRA,LONGITUDINAL DE LA SIERRA,MONTAÑOSO,2.0,55.0,Buena,-78.63369617099994,-6.556614187999912,-78.63370256999991,-6.555901000999938,0.07999999999992724
907,PE-3N,580.484,580.494,ANCASH,SIERRA,LONGITUDINAL DE LA SIERRA,ONDULADO,4.0,55.02,Buena,-77.5328598019999,-9.525911330999918,-77.53285026499992,-9.525826213999949,0.009999999999990905
908,PE-14A,423.593,427.285,HUANUCO,SELVA,RAMAL,ONDULADO,2.0,56.43,Mala,-76.01535313699992,-9.31937881999994,-76.00342369099991,-9.30291557299995,3.6920000000000073
909,PE-5NI,50.072,161.072,LORETO,SELVA,RAMAL,PLANO,0.0,0.0,Sin Informacion,-73.15147048299991,-3.4418913469999097,-72.66702299999992,-2.445848999999953,111.0
910,PE-1SD,221.645,236.908,MOQUEGUA,COSTA,VARIANTE,ONDULADO,2.0,76.18,Buena,-71.36267282999995,-17.48636270499992,-71.3422783769999,-17.61474390399991,15.262999999999977
911,PE-1SD,197.06,201.817,MOQUEGUA,COSTA,VARIANTE,MONTAÑOSO,2.0,60.06,Buena,-71.42798620999991,-17.330701379999937,-71.4203820809999,-17.360962266999934,4.757000000000005
912,PE-1SD,201.817,206.317,MOQUEGUA,COSTA,VARIANTE,MONTAÑOSO,2.0,52.57,Buena,-71.4203820809999,-17.360962266999934,-71.39542353999991,-17.379923172999952,4.5
913,PE-1SD,206.317,211.317,MOQUEGUA,COSTA,VARIANTE,MONTAÑOSO,2.0,63.74,Buena,-71.39542353999991,-17.379923172999952,-71.3825722759999,-17.40709493399993,5.0
914,PE-1SD,186.286,186.812,MOQUEGUA,COSTA,VARIANTE,MONTAÑOSO,2.0,60.06,Buena,-71.47581762899995,-17.277306000999943,-71.4713168639999,-17.278797050999913,0.5260000000000105
915,PE-1SD,186.812,197.06,MOQUEGUA,COSTA,VARIANTE,MONTAÑOSO,2.0,63.74,Buena,-71.4713168639999,-17.278797050999913,-71.42798620999991,-17.330701379999937,10.24799999999999
916,PE-1SD,156.859,176.827,AREQUIPA,COSTA,VARIANTE,PLANO,2.0,77.35,Buena,-71.69675316199994,-17.20131632199991,-71.5430107709999,-17.242776746999937,19.96799999999999
917,PE-1SD,129.557,133.708,AREQUIPA,COSTA,VARIANTE,PLANO,2.0,77.35,Buena,-71.85976082199994,-17.13335664199991,-71.82489503399995,-17.146290927999928,4.1510000000000105
918,PE-1SD,144.292,145.613,AREQUIPA,COSTA,VARIANTE,PLANO,2.0,53.68,Buena,-71.78593732999991,-17.15108649499996,-71.78969113199992,-17.162273859999914,1.320999999999998
919,PE-1SD,94.458,98.84,AREQUIPA,COSTA,VARIANTE,ONDULADO,2.0,73.34,Buena,-72.0864925379999,-16.99455451999995,-72.05983844899993,-17.000819237999906,4.382000000000005
920,PE-1SD,98.84,107.915,AREQUIPA,COSTA,VARIANTE,ONDULADO,2.0,73.34,Buena,-72.05983844899993,-17.000819237999906,-72.00883725099993,-17.018495990999952,9.075000000000003
921,PE-34H,0.0,3.196,PUNO,SIERRA,TRANSVERSAL,PLANO,4.0,75.08,Buena,-70.12443142899991,-15.484876980999957,-70.1054682059999,-15.464750997999943,3.196
922,PE-34H,45.083,47.704,PUNO,SIERRA,TRANSVERSAL,PLANO,2.0,78.24,Buena,-69.84849606699993,-15.247915818999957,-69.82865102199992,-15.235274517999926,2.621000000000002
923,PE-34H,40.045,45.083,PUNO,SIERRA,TRANSVERSAL,PLANO,2.0,75.08,Buena,-69.88513609599994,-15.266832415999943,-69.84849606699993,-15.247915818999957,5.037999999999997
924,PE-34H,3.196,19.78,PUNO,SIERRA,TRANSVERSAL,PLANO,2.0,75.08,Buena,-70.1054682059999,-15.464750997999943,-70.04063415599995,-15.334314345999928,16.584
925,PE-34H,326.437,341.742,PUNO,SELVA,TRANSVERSAL,MONTAÑOSO,2.0,32.27,Buena,-69.0465847179999,-14.11249083499996,-68.96415228399991,-14.058709224999916,15.305000000000007
926,PE-34H,30.009,40.045,PUNO,SIERRA,TRANSVERSAL,PLANO,2.0,68.22,Buena,-69.97238610999995,-15.298615552999934,-69.88513609599994,-15.266832415999943,10.036000000000001
927,PE-34H,19.78,30.009,PUNO,SIERRA,TRANSVERSAL,PLANO,2.0,75.08,Buena,-70.04063415599995,-15.334314345999928,-69.97238610999995,-15.298615552999934,10.229
928,PE-34H,341.742,352.627,PUNO,SELVA,TRANSVERSAL,MONTAÑOSO,2.0,32.27,Buena,-68.96415228399991,-14.058709224999916,-68.96044674899991,-14.002777635999905,10.884999999999991
929,PE-28B,391.262,417.781,CUSCO,SELVA,VARIANTE,MONTAÑOSO,1.0,42.62,Buena,-72.69498443599991,-12.625720977999947,-72.65462354499994,-12.632535840999935,26.519000000000005
930,PE-1NU,14.186,24.668,PIURA,,RAMAL,,0.0,0.0,Buena,-80.40882143999994,-5.023892491999959,-80.35642798999993,-4.960652250999942,10.482
931,PE-3S,172.381,189.969,HUANCAVELICA,SIERRA,LONGITUDINAL DE LA SIERRA,ONDULADO,2.0,68.7,Buena,-75.05662855399993,-12.386245702999929,-75.0006237639999,-12.497726610999905,17.587999999999994
932,PE-3S,429.979,440.468,AYACUCHO,SIERRA,LONGITUDINAL DE LA SIERRA,ONDULADO,2.0,49.53,Buena,-74.17323612399991,-13.341971103999924,-74.1033833109999,-13.35290194299995,10.489000000000033
933,PE-3S,489.268,512.448,AYACUCHO,SIERRA,LONGITUDINAL DE LA SIERRA,ONDULADO,2.0,49.53,Buena,-73.91406900899995,-13.394854811999949,-73.8456469269999,-13.425715729999922,23.180000000000007
934,PE-3S,389.816,390.205,AYACUCHO,SIERRA,LONGITUDINAL DE LA SIERRA,PLANO,4.0,75.08,Buena,-74.20823608799992,-13.17214910599995,-74.20673679499993,-13.17364277999991,0.38900000000001
935,PE-3S,314.011,317.773,HUANCAVELICA,SIERRA,LONGITUDINAL DE LA SIERRA,ONDULADO,2.0,43.03,Buena,-74.35883965599993,-12.83565563399992,-74.33159627499992,-12.844669420999935,3.7620000000000005
936,PE-3S,334.933,336.575,AYACUCHO,SIERRA,LONGITUDINAL DE LA SIERRA,MONTAÑOSO,2.0,40.51,Buena,-74.2709357729999,-12.91888337499995,-74.26156672699994,-12.931222701999957,1.641999999999996
937,PE-3S,578.868,583.72,APURIMAC,SIERRA,LONGITUDINAL DE LA SIERRA,ONDULADO,2.0,49.53,Buena,-73.60836187299992,-13.597761808999905,-73.5804837579999,-13.608843839999906,4.851999999999975
938,PE-3S,643.423,676.895,APURIMAC,SIERRA,LONGITUDINAL DE LA SIERRA,ONDULADO,2.0,43.03,Buena,-73.2960679219999,-13.651265748999947,-73.17181758299995,-13.717959940999947,33.47199999999998
939,PE-3S,970.994,973.021,CUSCO,SIERRA,LONGITUDINAL DE LA SIERRA,ONDULADO,2.0,62.45,Buena,-71.98045748499993,-13.532893732999923,-71.97041701799992,-13.528754952999918,2.02699999999993
940,PE-5S,123.537,129.796,JUNIN,SELVA,LONGITUDINAL DE LA SELVA,PLANO,2.0,43.98,Buena,-74.55569795799994,-11.28095198099993,-74.53233580999995,-11.330056505999949,6.258999999999986
941,PE-5S,130.52,140.143,JUNIN,SELVA,LONGITUDINAL DE LA SELVA,PLANO,2.0,43.98,Buena,-74.52787900399994,-11.33455543599996,-74.46226824899992,-11.304188759999931,9.62299999999999
942,PE-5S,13.388,15.177,JUNIN,SELVA,LONGITUDINAL DE LA SELVA,ONDULADO,2.0,59.09,Buena,-75.20313584599995,-10.937646582999946,-75.19067447099991,-10.93615731199992,1.7889999999999997
943,PE-5S,1151.126,1170.343,PUNO,SELVA,LONGITUDINAL DE LA SELVA,ONDULADO,0.0,0.0,Sin Informacion,-68.83374889099991,-12.47743304699992,-68.65937446999993,-12.499710009999944,19.2170000000001
944,PE-5S,337.627,452.712,CUSCO,SELVA,LONGITUDINAL DE LA SELVA,ONDULADO,0.0,0.0,Sin Informacion,-73.34360504199992,-11.46728038799995,-72.7076644899999,-11.818702697999925,115.08499999999998
945,PE-5N,420.482,421.302,UCAYALI,SELVA,LONGITUDINAL DE LA SELVA,ONDULADO,2.0,59.09,Buena,-75.64911393199992,-9.059810329999948,-75.65637089699993,-9.060043263999944,0.8199999999999932
946,PE-5N,328.372,352.767,UCAYALI,SELVA,LONGITUDINAL DE LA SELVA,PLANO,2.0,72.6,Buena,-75.05235954099993,-8.825417932999926,-75.21424275299995,-8.82944776499994,24.394999999999982
947,PE-5N,1388.593,1388.649,CAJAMARCA,SELVA,LONGITUDINAL DE LA SELVA,PLANO,2.0,70.33,Buena,-78.80342867099995,-5.706598456999927,-78.80355073399994,-5.70610761599994,0.055999999999812644
948,PE-3SG,204.621,212.512,CUSCO,SIERRA,RAMAL,MONTAÑOSO,1.0,44.1,Buena,-71.56175680599995,-14.741051418999916,-71.50821257699994,-14.763947464999944,7.890999999999991
949,PE-5N,327.047,328.341,UCAYALI,SELVA,LONGITUDINAL DE LA SELVA,PLANO,2.0,33.41,Buena,-75.05101364399991,-8.837306389999924,-75.05103763499994,-8.837054252999906,1.2939999999999827
950,PE-10B,57.417,81.374,LA LIBERTAD,SELVA,TRANSVERSAL,ONDULADO,1.0,0.0,Sin Informacion,-77.84900271899994,-7.520103370999948,-77.74272480499991,-7.511389115999918,23.956999999999994
951,PE-28B,461.218,462.726,CUSCO,SELVA,VARIANTE,ONDULADO,2.0,56.43,Mala,-72.69937029599993,-12.855808017999948,-72.69435464299994,-12.86461517899994,1.5079999999999814
952,PE-28B,462.726,464.726,CUSCO,SELVA,VARIANTE,ONDULADO,2.0,56.43,Mala,-72.69435464299994,-12.86461517899994,-72.69072723399995,-12.880765914999927,2.0
953,PE-28B,0.0,17.943,AYACUCHO,SIERRA,VARIANTE,PLANO,2.0,75.08,Regular,-74.22378507799993,-13.07841008999992,-74.13984680199991,-13.050075530999948,17.943
954,PE-28B,172.769,173.404,AYACUCHO,SELVA,VARIANTE,ONDULADO,1.0,59.09,Buena,-73.78906059299993,-12.623922347999951,-73.7878348449999,-12.62231666599996,0.6349999999999909
955,PE-08B,368.604,398.204,AMAZONAS,SELVA,TRANSVERSAL,MONTAÑOSO,1.0,37.47,Buena,-77.66063742999995,-6.214419935999956,-77.51050957099994,-6.3359808139999245,29.600000000000023
956,PE-1NJ,5.462,10.203,LAMBAYEQUE,COSTA,VARIANTE,PLANO,2.0,77.35,Buena,-79.89031791499991,-6.635229110999944,-79.87837028299992,-6.594102858999918,4.741
957,PE-28G,20.878,25.533,CUSCO,SIERRA,RAMAL,ONDULADO,2.0,66.89,Buena,-71.91041287399992,-13.470156025999927,-71.87735700099995,-13.451914701999954,4.655000000000001
958,PE-3SG,118.01,150.743,CUSCO,SIERRA,RAMAL,MONTAÑOSO,0.0,40.51,Buena,-72.0552784379999,-14.560482369999932,-71.88629984799991,-14.510153701999911,32.73299999999999
959,PE-3SG,20.016,46.446,APURIMAC,SIERRA,RAMAL,MONTAÑOSO,1.0,40.51,Buena,-72.18882228599995,-14.210994806999906,-72.13335329099993,-14.260871895999912,26.43
960,PE-1NJ,10.203,15.663,LAMBAYEQUE,COSTA,VARIANTE,ONDULADO,2.0,73.34,Buena,-79.87837028299992,-6.594102858999918,-79.86476062699995,-6.546863963999954,5.460000000000001
961,PE-3SG,68.11,68.121,CUSCO,SIERRA,RAMAL,MONTAÑOSO,2.0,40.51,Buena,-72.1133499149999,-14.336824416999946,-72.11330223099992,-14.336740493999912,0.01099999999999568
962,PE-3SG,152.061,167.887,CUSCO,SIERRA,RAMAL,ONDULADO,1.0,43.03,Buena,-71.87486294999991,-14.509364779999942,-71.78337860099992,-14.535896300999923,15.825999999999993
963,PE-22,29.336,40.036,LIMA,SIERRA,TRANSVERSAL,ONDULADO,2.0,68.7,Buena,-76.7427857589999,-11.965149954999958,-76.66251837699991,-11.922878221999952,10.700000000000003
964,PE-3SG,7.791,19.586,APURIMAC,SIERRA,RAMAL,ONDULADO,1.0,43.03,Buena,-72.2266102609999,-14.144416357999944,-72.19030697699992,-14.210726844999954,11.794999999999998
965,PE-38A,14.094,37.694,PUNO,SIERRA,RAMAL,PLANO,1.0,44.78,Regular,-69.70551028099993,-16.615541616999906,-69.65354573499991,-16.437742021999952,23.6
966,PE-3SG,57.047,67.879,CUSCO,SIERRA,RAMAL,MONTAÑOSO,1.0,40.51,Buena,-72.1382554349999,-14.31253670399991,-72.11433924399995,-14.33879669199996,10.832000000000008
967,PE-38A,42.34,64.48,PUNO,SIERRA,RAMAL,PLANO,1.0,44.78,Regular,-69.65597915699993,-16.400691985999913,-69.68064880399993,-16.239923476999934,22.14
968,PE-22,0.0,9.841,LIMA,COSTA,TRANSVERSAL,PLANO,2.0,69.78,Buena,-76.98928008099995,-12.035062378999953,-76.9052791599999,-12.01543044999994,9.841
969,PE-3SG,94.621,118.01,CUSCO,SIERRA,RAMAL,ONDULADO,0.0,43.03,Buena,-72.08337592599992,-14.449278212999957,-72.0552784379999,-14.560482369999932,23.38900000000001
970,PE-3SG,272.987,277.848,CUSCO,SIERRA,RAMAL,ONDULADO,1.0,43.03,Mala,-71.20016715199995,-14.903732119999916,-71.1610645639999,-14.91941030199996,4.86099999999999
971,PE-3SG,326.525,335.237,PUNO,SIERRA,RAMAL,ONDULADO,1.0,43.03,Mala,-70.80518913299994,-14.914440154999909,-70.75479888899991,-14.855859755999916,8.712000000000046
972,PE-3SG,68.121,94.169,CUSCO,SIERRA,RAMAL,MONTAÑOSO,0.0,40.51,Buena,-72.11330223099992,-14.336740493999912,-72.08211071399995,-14.447013953999942,26.048000000000002
973,PE-14A,333.889,343.005,HUANUCO,SELVA,RAMAL,ONDULADO,1.0,0.0,Sin Informacion,-76.5419434659999,-9.26121483299994,-76.47363142099994,-9.293049657999916,9.115999999999985
974,PE-28B,64.09,77.441,AYACUCHO,SIERRA,VARIANTE,MONTAÑOSO,1.0,44.1,Buena,-74.02430633099993,-12.945589004999931,-74.02026674699994,-12.88208317799996,13.350999999999999
975,PE-28B,505.047,517.24,CUSCO,SIERRA,VARIANTE,ONDULADO,2.0,34.85,Buena,-72.49616144099991,-13.017666825999925,-72.4177137929999,-13.060092008999959,12.192999999999984
976,PE-28B,26.531,37.732,AYACUCHO,SIERRA,VARIANTE,PLANO,1.0,52.87,Buena,-74.12521035799995,-13.01196511899991,-74.09150080299992,-12.983055272999934,11.201
977,PE-08B,412.294,427.311,AMAZONAS,SELVA,TRANSVERSAL,ONDULADO,1.0,41.29,Buena,-77.48237228399995,-6.396789550999927,-77.39811070799993,-6.464989343999946,15.016999999999996
978,PE-08B,324.541,325.826,AMAZONAS,SELVA,TRANSVERSAL,MONTAÑOSO,2.0,46.75,Buena,-77.87559215699991,-6.244006675999913,-77.86792557199993,-6.238480653999943,1.285000000000025
979,PE-12A,93.539,98.696,ANCASH,SIERRA,TRANSVERSAL,ONDULADO,1.0,49.53,Regular,-77.6290781969999,-8.556521158999942,-77.59919277599994,-8.578963420999912,5.1569999999999965
980,PE-1NF,59.845,70.597,LA LIBERTAD,SIERRA,RAMAL,ONDULADO,1.0,68.7,Buena,-78.8056127399999,-7.564881623999952,-78.81792006899991,-7.4856909189999215,10.751999999999995
981,PE-5NB,20.548,40.052,SAN MARTIN,SELVA,RAMAL,MONTAÑOSO,2.0,48.16,Buena,-76.30235533099994,-6.43946832599994,-76.25736486599993,-6.411538432999919,19.504
982,PE-20,14.331,16.431,CALLAO,COSTA,TRANSVERSAL,PLANO,0.0,77.35,Regular,-77.1350814239999,-12.04759946699994,-77.14832649399995,-12.059715579999931,2.1000000000000014
983,PE-18B,37.411,37.63,HUANUCO,SIERRA,TRANSVERSAL,ONDULADO,2.0,0.0,Buena,-76.01789665199993,-9.908338546999914,-76.01600027099994,-9.907913820999909,0.2190000000000012
984,PE-06B,59.889,60.32,CAJAMARCA,SIERRA,RAMAL,ONDULADO,4.0,49.53,Buena,-78.94795318099995,-6.6190069689999405,-78.9461898799999,-6.622234343999935,0.4309999999999974
985,PE-3N,1365.71,1366.248,CAJAMARCA,SIERRA,LONGITUDINAL DE LA SIERRA,MONTAÑOSO,2.0,44.1,Buena,-78.60593986499993,-6.764842986999952,-78.60372810399991,-6.763174030999949,0.5380000000000109
986,PE-1N,22.367,22.738,LIMA,COSTA,LONGITUDINAL DE LA COSTA,PLANO,2.0,80.89,Buena,-77.07198300199991,-11.93453739499995,-77.07229354099991,-11.93123129299994,0.37099999999999866
987,PE-3N,1099.946,1100.108,LA LIBERTAD,SIERRA,LONGITUDINAL DE LA SIERRA,MONTAÑOSO,2.0,55.7,Buena,-78.05317236399992,-7.820543209999926,-78.05231475799991,-7.820899962999931,0.16200000000003456
988,PE-5NA,124.653,124.804,PASCO,SELVA,VARIANTE,ONDULADO,2.0,56.43,Mala,-75.54678336199993,-10.059265938999943,-75.5461301279999,-10.058046949999948,0.15099999999999625
989,PE-3SG,56.925,57.047,CUSCO,SIERRA,RAMAL,MONTAÑOSO,3.0,40.51,Buena,-72.13862326599991,-14.311873459999958,-72.1382554349999,-14.31253670399991,0.12199999999999989
990,PE-24,265.005,265.295,JUNIN,SIERRA,TRANSVERSAL,ONDULADO,1.0,49.53,Buena,-75.42530660999995,-12.024790997999958,-75.42258237699991,-12.025088214999926,0.29000000000002046
991,PE-30C,429.791,430.151,MADRE DE DIOS,SELVA,TRANSVERSAL,PLANO,2.0,72.6,Buena,-69.1723131679999,-12.580965219999939,-69.17399695599994,-12.578198590999932,0.36000000000001364
992,PE-3N,1794.245,1794.52,PIURA,SIERRA,LONGITUDINAL DE LA SIERRA,MONTAÑOSO,2.0,26.8,Mala,-79.43338444099993,-5.157480988999907,-79.43483940599992,-5.158053320999954,0.27500000000009095
993,PE-3N,1794.553,1794.833,PIURA,SIERRA,LONGITUDINAL DE LA SIERRA,MONTAÑOSO,1.0,26.8,Mala,-79.4350612369999,-5.158120138999948,-79.43590095199994,-5.15672421599993,0.2799999999999727
994,PE-3N,1719.804,1719.875,PIURA,SIERRA,LONGITUDINAL DE LA SIERRA,MONTAÑOSO,2.0,44.1,Buena,-79.48141161199993,-5.423097559999917,-79.48213361899991,-5.422883634999948,0.07099999999991269
995,PE-3N,1214.35,1214.585,CAJAMARCA,SIERRA,LONGITUDINAL DE LA SIERRA,ONDULADO,2.0,49.53,Buena,-78.17304992699991,-7.332885741999917,-78.17297876999993,-7.3308624919999374,0.23500000000012733
996,PE-3N,1793.991,1794.204,PIURA,SIERRA,LONGITUDINAL DE LA SIERRA,MONTAÑOSO,1.0,26.8,Buena,-79.43318547699994,-5.158907125999917,-79.43310754599992,-5.157563090999929,0.21299999999996544
997,PE-1NE,38.83,39.663,LIMA,SIERRA,RAMAL,PLANO,2.0,75.08,Buena,-77.25070676699994,-11.13821786899996,-77.24378224599991,-11.139566526999943,0.8329999999999984
998,PE-1NN,37.385,37.496,PIURA,COSTA,RAMAL,PLANO,2.0,77.35,Buena,-80.54744338599994,-4.640531539999927,-80.54837960899994,-4.638771251999913,0.1110000000000042
999,PE-30C,243.352,243.469,PUNO,SELVA,TRANSVERSAL,ONDULADO,2.0,60.03,Buena,-70.38516776099993,-13.185683357999949,-70.38351814999993,-13.18550664099996,0.11699999999999022
1000,PE-5NB,89.766,90.574,LORETO,SELVA,RAMAL,ONDULADO,2.0,72.6,Buena,-76.25643679599995,-6.05817716599995,-76.25679900799992,-6.051372026999957,0.8079999999999927
1001,PE-18,11.563,12.263,LIMA,COSTA,TRANSVERSAL,PLANO,2.0,77.35,Buena,-77.33270072899995,-11.34510421799996,-77.33174187299994,-11.33915314199993,0.6999999999999993
1002,PE-3N,1156.84,1157.643,CAJAMARCA,SIERRA,LONGITUDINAL DE LA SIERRA,ONDULADO,0.0,62.45,Buena,-78.06259149499994,-7.6109214229999225,-78.06974608199994,-7.609974677999958,0.803000000000111
1003,PE-3N,1156.457,1156.84,CAJAMARCA,SIERRA,LONGITUDINAL DE LA SIERRA,ONDULADO,0.0,68.7,Buena,-78.05914056799992,-7.611662573999922,-78.06259149499994,-7.6109214229999225,0.3829999999998108
1004,PE-14A,99.034,99.16,ANCASH,SIERRA,RAMAL,ONDULADO,1.0,49.53,Mala,-77.03816710699994,-9.331719667999948,-77.03829515899992,-9.330578363999905,0.12599999999999056
1005,PE-3N,1155.161,1155.312,CAJAMARCA,SIERRA,LONGITUDINAL DE LA SIERRA,ONDULADO,0.0,49.53,Buena,-78.04864120499991,-7.61627578699995,-78.0495050369999,-7.61533492399991,0.15099999999983993
1006,PE-1N,21.061,21.592,LIMA,COSTA,LONGITUDINAL DE LA COSTA,PLANO,3.0,80.89,Buena,-77.07083005699991,-11.946189630999925,-77.07132179399991,-11.94145459899994,0.5309999999999988
1007,PE-3N,1270.287,1270.511,CAJAMARCA,SIERRA,LONGITUDINAL DE LA SIERRA,PLANO,2.0,78.24,Buena,-78.47619372499992,-7.185909194999908,-78.4783061039999,-7.1844098109999095,0.2239999999999327
1008,PE-18,132.241,132.763,LIMA,SIERRA,TRANSVERSAL,MONTAÑOSO,1.0,44.1,Buena,-76.78268743099994,-10.678532533999942,-76.7828228699999,-10.67512948999996,0.5219999999999914
1009,PE-5NC,29.049,29.47,AMAZONAS,SELVA,RAMAL,PLANO,2.0,50.38,Buena,-78.55149968099994,-5.507814666999934,-78.55375694199995,-5.504917921999947,0.4209999999999994
1010,PE-3N,1266.229,1266.858,CAJAMARCA,SIERRA,LONGITUDINAL DE LA SIERRA,PLANO,2.0,68.22,Buena,-78.44545440999991,-7.203801927999905,-78.45112037599995,-7.203643798999906,0.6289999999999054
1011,PE-3N,502.107,502.839,ANCASH,SIERRA,LONGITUDINAL DE LA SIERRA,ONDULADO,7.0,43.03,Buena,-77.28584046399993,-10.116202789999932,-77.28747117499995,-10.110722696999915,0.7319999999999709
1012,PE-18,110.181,110.243,LIMA,SIERRA,TRANSVERSAL,MONTAÑOSO,2.0,33.11,Buena,-76.87642908399994,-10.796502117999921,-76.87550395799991,-10.793057031999922,0.06199999999999761
1013,PE-3N,445.635,445.955,ANCASH,SIERRA,LONGITUDINAL DE LA SIERRA,ONDULADO,2.0,43.03,Buena,-77.13423268399993,-10.021057596999924,-77.13566970799991,-10.02416801499993,0.3199999999999932
1014,PE-3N,850.581,851.05,ANCASH,SIERRA,LONGITUDINAL DE LA SIERRA,ONDULADO,2.0,43.03,Buena,-78.01052882199991,-8.39837502599994,-78.01142125899992,-8.395430555999951,0.46899999999993724
1015,PE-1S,238.619,238.832,ICA,COSTA,LONGITUDINAL DE LA COSTA,PLANO,2.0,80.89,Buena,-76.14455851199995,-13.820472460999952,-76.14364596699994,-13.822176675999913,0.21299999999999386
1016,PE-1S,65.391,65.887,LIMA,COSTA,LONGITUDINAL DE LA COSTA,PLANO,2.0,80.89,Buena,-76.72344233899992,-12.528226077999932,-76.72159926499995,-12.53232803499992,0.4959999999999951
1017,PE-1S,130.695,131.0,LIMA,COSTA,LONGITUDINAL DE LA COSTA,PLANO,2.0,80.89,Buena,-76.47586790799994,-13.022062132999906,-76.47484911599992,-13.02463008299992,0.3050000000000068
1018,PE-1S,150.23,151.0,LIMA,COSTA,LONGITUDINAL DE LA COSTA,PLANO,2.0,80.89,Buena,-76.37167068799994,-13.159422097999936,-76.36597450699992,-13.163575249999951,0.7700000000000102
1019,PE-1S,2.195,2.561,LIMA,COSTA,LONGITUDINAL DE LA COSTA,PLANO,3.0,80.89,Buena,-76.97572613599993,-12.077303527999959,-76.97738950999991,-12.080169759999933,0.3660000000000001
1020,PE-1S,6.152,6.811,LIMA,COSTA,LONGITUDINAL DE LA COSTA,PLANO,4.0,80.89,Buena,-76.97826464899993,-12.110316221999938,-76.9774628699999,-12.11622763999992,0.6589999999999998
1021,PE-1S,1.235,2.195,LIMA,COSTA,LONGITUDINAL DE LA COSTA,PLANO,5.0,80.89,Buena,-76.97242731999995,-12.069246419999956,-76.97572613599993,-12.077303527999959,0.9599999999999997
1022,PE-1S,6.811,7.692,LIMA,COSTA,LONGITUDINAL DE LA COSTA,PLANO,4.0,80.89,Buena,-76.9774628699999,-12.11622763999992,-76.9770879479999,-12.124169583999958,0.8810000000000002
1023,PE-1S,1309.509,1310.197,TACNA,COSTA,LONGITUDINAL DE LA COSTA,PLANO,2.0,77.35,Regular,-70.33786005799993,-18.149827798999922,-70.3377411539999,-18.156035496999948,0.6879999999998745
1024,PE-20A,182.064,182.554,JUNIN,SIERRA,TRANSVERSAL,MONTAÑOSO,1.0,44.1,Regular,-76.3944866729999,-11.074318869999956,-76.39162986799994,-11.070856672999923,0.4900000000000091
1025,PE-18A,122.307,122.525,HUANUCO,SELVA,TRANSVERSAL,ONDULADO,4.0,56.43,Buena,-76.0033960959999,-9.304623634999928,-76.00341104199993,-9.302929908999943,0.21800000000000352
1026,PE-04B,17.967,18.151,PIURA,SIERRA,TRANSVERSAL,MONTAÑOSO,2.0,55.7,Buena,-79.57732391299993,-5.934988021999914,-79.57596734299995,-5.9358274419999475,0.18400000000000105
1027,PE-18,262.347,263.058,HUANUCO,SIERRA,TRANSVERSAL,ONDULADO,1.0,55.02,Buena,-76.32648374599995,-10.270044618999918,-76.3219885819999,-10.266029100999958,0.7110000000000127
1028,PE-30D,202.873,203.529,AYACUCHO,SIERRA,TRANSVERSAL,,0.0,0.0,Buena,-74.32382723499995,-13.773504493999951,-74.3237266509999,-13.767588861999911,0.6560000000000059
1029,PE-14A,107.919,108.049,ANCASH,SIERRA,RAMAL,ONDULADO,2.0,43.03,Mala,-76.99897539699992,-9.275190781999925,-76.99733274999994,-9.274687308999944,0.13000000000000966
1030,PE-24,281.595,282.71,JUNIN,SIERRA,TRANSVERSAL,ONDULADO,2.0,55.02,Buena,-75.29045688699995,-12.057431932999918,-75.2860988999999,-12.058653639999932,1.1149999999999523
1031,PE-24,279.699,281.595,JUNIN,SIERRA,TRANSVERSAL,ONDULADO,1.0,55.02,Buena,-75.30703966199991,-12.053308354999956,-75.29286457799992,-12.056628959999955,1.896000000000015
1032,PE-28B,333.029,333.279,CUSCO,SELVA,VARIANTE,MONTAÑOSO,1.0,42.62,Buena,-73.05106544499995,-12.648204802999942,-73.04973309099995,-12.649909819999948,0.25
1033,PE-1S,717.253,726.117,AREQUIPA,COSTA,LONGITUDINAL DE LA COSTA,ONDULADO,2.0,67.04,Mala,-73.49240185999992,-16.274352509999915,-73.41898895999992,-16.29280880999994,8.863999999999919
1034,PE-08B,527.216,527.85,SAN MARTIN,SELVA,TRANSVERSAL,PLANO,2.0,27.46,Mala,-77.1183853149999,-6.254410743999927,-77.1138681189999,-6.255675836999956,0.6340000000000146
1035,PE-14A,303.54,309.749,HUANUCO,SIERRA,RAMAL,ONDULADO,1.0,0.0,Sin Informacion,-76.7176546789999,-9.248540331999948,-76.71256074599995,-9.281151123999905,6.209000000000003
1036,PE-30A,353.672,369.804,APURIMAC,SIERRA,TRANSVERSAL,ONDULADO,2.0,68.7,Buena,-73.3188112439999,-14.23027335699993,-73.30004248199992,-14.138074954999922,16.131999999999948
1037,PE-22B,72.963,82.484,JUNIN,SELVA,TRANSVERSAL,MONTAÑOSO,2.0,46.75,Buena,-75.51658102699992,-11.23416977599993,-75.46118605999993,-11.185122999999919,9.521
1038,PE-1NJ,96.682,124.682,LAMBAYEQUE,COSTA,VARIANTE,ONDULADO,2.0,76.18,Buena,-79.7592239359999,-5.940250396999943,-79.88776778899995,-5.7266159059999495,28.0
1039,PE-1S,787.484,793.651,AREQUIPA,COSTA,LONGITUDINAL DE LA COSTA,PLANO,2.0,69.78,Mala,-73.04451119599992,-16.480847686999937,-72.99119351599995,-16.482783066999957,6.166999999999916
1040,PE-1S,743.508,748.905,AREQUIPA,COSTA,LONGITUDINAL DE LA COSTA,ONDULADO,2.0,76.18,Buena,-73.28566369499993,-16.356129530999908,-73.2678059399999,-16.381896319999953,5.3969999999999345
1041,PE-1S,700.805,707.522,AREQUIPA,COSTA,LONGITUDINAL DE LA COSTA,MONTAÑOSO,2.0,63.74,Regular,-73.63303784399994,-16.22790515899993,-73.57294803099995,-16.24197811399995,6.717000000000098
1042,PE-14A,75.194,75.207,ANCASH,SIERRA,RAMAL,MONTAÑOSO,1.0,55.0,Regular,-77.15594614499992,-9.458292520999919,-77.15602601299992,-9.458190779999939,0.012999999999991019
1043,PE-06A,68.864,71.016,LAMBAYEQUE,COSTA,TRANSVERSAL,ONDULADO,2.0,76.18,Buena,-79.37264840799992,-6.618062981999913,-79.35782163099992,-6.62742813299991,2.152000000000001
1044,PE-1NR,128.298,128.513,PIURA,SIERRA,TRANSVERSAL,ONDULADO,0.0,0.0,Sin Informacion,-79.7868968279999,-5.027683991999936,-79.78671362999995,-5.026301033999914,0.2150000000000034
1045,PE-20A,105.064,105.49,LIMA,SIERRA,TRANSVERSAL,MONTAÑOSO,2.0,44.1,Regular,-76.5983843919999,-11.44895447999994,-76.59740642899993,-11.448041248999914,0.42600000000000193
1046,PE-08B,407.131,407.377,AMAZONAS,SELVA,TRANSVERSAL,MONTAÑOSO,2.0,37.47,Buena,-77.51228645299994,-6.373294467999926,-77.5109267929999,-6.374586335999936,0.24600000000003774
1047,PE-3SB,52.308,52.423,JUNIN,SIERRA,VARIANTE,ONDULADO,1.0,68.7,Buena,-75.24443244899993,-12.154071807999912,-75.24348633299991,-12.154352545999927,0.11500000000000199
1048,PE-22,40.036,74.416,LIMA,SIERRA,TRANSVERSAL,ONDULADO,2.0,68.7,Buena,-76.66251837699991,-11.922878221999952,-76.40235250299992,-11.85194008399992,34.379999999999995
1049,PE-08B,542.96,554.555,SAN MARTIN,SELVA,TRANSVERSAL,PLANO,2.0,35.23,Mala,-77.0996951809999,-6.1358782409999435,-77.06099766799991,-6.0401233569999135,11.594999999999914
1050,PE-3N,1794.833,1795.056,PIURA,SIERRA,LONGITUDINAL DE LA SIERRA,MONTAÑOSO,1.0,26.8,Mala,-79.43753214399993,-5.156884457999922,-79.43590095199994,-5.15672421599993,0.22299999999995634
1051,PE-18C,84.672,84.935,UCAYALI,SELVA,TRANSVERSAL,PLANO,5.0,72.6,Buena,-74.53802516099995,-8.381268118999913,-74.53659860399995,-8.379288276999944,0.26300000000000523
1052,PE-14A,91.98,93.266,ANCASH,SIERRA,RAMAL,ONDULADO,1.0,49.53,Regular,-77.0920175409999,-9.365425623999954,-77.08209460699993,-9.36106134499994,1.2860000000000014
1053,PE-30C,643.102,647.478,MADRE DE DIOS,SELVA,TRANSVERSAL,PLANO,2.0,72.6,Buena,-69.55876776199995,-11.019093685999906,-69.55938069099994,-10.981388863999939,4.375999999999976
1054,PE-30C,216.284,220.553,CUSCO,SELVA,TRANSVERSAL,ONDULADO,2.0,60.03,Buena,-70.56233024599993,-13.188556670999958,-70.5365903309999,-13.20458685199992,4.2690000000000055
1055,PE-3N,525.965,526.027,ANCASH,SIERRA,LONGITUDINAL DE LA SIERRA,ONDULADO,7.0,66.89,Buena,-77.36523699199995,-9.965023938999934,-77.36549231799995,-9.96460298799991,0.06200000000001182
1056,PE-1SC,111.768,111.884,HUANCAVELICA,SIERRA,RAMAL,MONTAÑOSO,2.0,26.8,Buena,-75.35143216699993,-13.61703568799993,-75.35063362099993,-13.617677688999947,0.11599999999999966
1057,PE-30C,210.457,212.064,CUSCO,SELVA,TRANSVERSAL,ONDULADO,2.0,34.12,Buena,-70.60776901299994,-13.18477058399992,-70.59583714099995,-13.182927803999917,1.6069999999999993
1058,PE-30A,261.878,268.79,AYACUCHO,SIERRA,TRANSVERSAL,ONDULADO,2.0,68.7,Buena,-73.55897160399991,-14.562909281999907,-73.5100940069999,-14.547724884999923,6.912000000000035
1059,PE-36A,21.036,31.165,MOQUEGUA,SIERRA,TRANSVERSAL,ONDULADO,2.0,62.45,Buena,-70.84491361199991,-17.133829644999935,-70.84399982499991,-17.086268487999916,10.128999999999998
1060,PE-3N,1426.975,1427.283,CAJAMARCA,SIERRA,LONGITUDINAL DE LA SIERRA,MONTAÑOSO,4.0,44.1,Regular,-78.66498267199995,-6.553006584999935,-78.66769040699995,-6.553081248999945,0.3079999999999927
1061,PE-14A,107.796,107.919,ANCASH,SIERRA,RAMAL,ONDULADO,2.0,43.03,Mala,-77.00031390399994,-9.276325000999918,-76.99897539699992,-9.275190781999925,0.12299999999999045
1062,PE-28E,12.508,12.929,HUANCAVELICA,SIERRA,RAMAL,ONDULADO,2.0,55.02,Buena,-75.01963236799992,-13.322476533999918,-75.0230303649999,-13.320738534999919,0.42100000000000115
1063,PE-3N,580.296,580.484,ANCASH,SIERRA,LONGITUDINAL DE LA SIERRA,ONDULADO,4.0,55.02,Buena,-77.5326608229999,-9.52757829099994,-77.5328598019999,-9.525911330999918,0.18799999999998818
1064,PE-3SG,335.237,335.239,PUNO,SIERRA,RAMAL,ONDULADO,1.0,62.45,Mala,-70.75479888899991,-14.855859755999916,-70.75477859599994,-14.855839462999938,0.0019999999999527063
1065,PE-3SC,12.555,12.738,JUNIN,SIERRA,RAMAL,ONDULADO,2.0,66.89,Regular,-75.14516643399992,-12.170962965999934,-75.14362396899992,-12.171204186999944,0.18299999999999983
1066,PE-3N,365.409,365.53,HUANUCO,SIERRA,LONGITUDINAL DE LA SIERRA,ONDULADO,0.0,62.45,Buena,-76.80205660999991,-9.824032538999916,-76.80263559399992,-9.82505552799995,0.1209999999999809
1067,PE-30C,55.563,114.322,CUSCO,SIERRA,TRANSVERSAL,MONTAÑOSO,2.0,55.7,Buena,-71.39072756399992,-13.625405213999954,-71.03219149199992,-13.57941283699995,58.759
1068,PE-3N,1155.05,1155.161,CAJAMARCA,SIERRA,LONGITUDINAL DE LA SIERRA,ONDULADO,1.0,49.53,Buena,-78.04867833499992,-7.616978460999917,-78.04864120499991,-7.61627578699995,0.11100000000010368
1069,PE-36A,124.839,140.816,TACNA,SIERRA,TRANSVERSAL,ONDULADO,2.0,66.89,Regular,-70.4475546509999,-16.88266787999993,-70.3110461899999,-16.88081047399993,15.977000000000004
1070,PE-30C,55.432,55.563,CUSCO,SIERRA,TRANSVERSAL,ONDULADO,2.0,68.7,Buena,-71.39158267499994,-13.624941913999919,-71.39072418199993,-13.625408172999926,0.13100000000000023
1071,PE-3N,1559.993,1560.449,CAJAMARCA,SELVA,LONGITUDINAL DE LA SIERRA,ONDULADO,2.0,56.43,Buena,-78.98933319399993,-6.022615120999944,-78.99422807199994,-6.020779974999925,0.45600000000013097
1072,PE-18,268.451,268.702,HUANUCO,SIERRA,TRANSVERSAL,ONDULADO,1.0,55.02,Buena,-76.28664172499992,-10.239459929999953,-76.2845784129999,-10.239678728999934,0.25099999999997635
1073,PE-3N,500.679,500.69,ANCASH,SIERRA,LONGITUDINAL DE LA SIERRA,PLANO,7.0,66.89,Buena,-77.29341888399995,-10.121677398999907,-77.29343775399991,-10.12158134699996,0.011000000000024102
1074,PE-12A,177.139,177.251,HUANUCO,SIERRA,TRANSVERSAL,ONDULADO,2.0,49.53,Mala,-77.14705063899993,-8.607562130999952,-77.1461135589999,-8.607829452999908,0.11199999999999477
1075,PE-22B,15.09,20.602,JUNIN,SIERRA,TRANSVERSAL,ONDULADO,2.0,62.45,Buena,-75.79304906499993,-11.414119782999933,-75.76436152199994,-11.423781450999911,5.5120000000000005
1076,PE-30A,296.311,310.113,APURIMAC,SIERRA,TRANSVERSAL,MONTAÑOSO,2.0,55.7,Buena,-73.28677552699992,-14.525768815999925,-73.25272965499994,-14.495129690999931,13.802000000000021
1077,PE-30C,163.096,163.205,CUSCO,SELVA,TRANSVERSAL,MONTAÑOSO,2.0,37.47,Buena,-70.90179428399995,-13.38257484299993,-70.90132919699994,-13.381589217999931,0.10900000000000887
1078,PE-36B,130.444,131.316,PUNO,SIERRA,RAMAL,PLANO,2.0,44.78,Buena,-70.00856583699994,-16.058610417999944,-70.00869555699995,-16.04961002899995,0.8720000000000141
1079,PE-1S,821.424,831.614,AREQUIPA,COSTA,LONGITUDINAL DE LA COSTA,ONDULADO,2.0,67.04,Mala,-72.78221872499995,-16.595383391999917,-72.70561783499994,-16.595168617999946,10.190000000000055
1080,PE-3N,86.375,86.987,JUNIN,SIERRA,LONGITUDINAL DE LA SIERRA,ONDULADO,2.0,68.7,Buena,-76.07617950399992,-10.89824294999994,-76.07996010599993,-10.894147282999938,0.6119999999999948
1081,PE-30C,220.553,220.568,CUSCO,SELVA,TRANSVERSAL,ONDULADO,2.0,60.03,Buena,-70.5365903309999,-13.20458685199992,-70.53649948999993,-13.204633182999942,0.01500000000001478
1082,PE-14A,93.266,94.378,ANCASH,SIERRA,RAMAL,ONDULADO,2.0,66.89,Regular,-77.08209460699993,-9.36106134499994,-77.07425631099994,-9.357405222999944,1.1119999999999948
1083,PE-22,95.153,133.889,LIMA,SIERRA,TRANSVERSAL,MONTAÑOSO,2.0,55.7,Buena,-76.30224383399991,-11.761781264999911,-76.18696582699994,-11.595576838999932,38.736000000000004
1084,PE-30C,593.093,608.093,MADRE DE DIOS,SELVA,TRANSVERSAL,PLANO,2.0,64.96,Buena,-69.4795881579999,-11.406071745999952,-69.52326132799993,-11.294878690999951,15.0
1085,PE-30A,341.41,348.879,APURIMAC,SIERRA,TRANSVERSAL,PLANO,2.0,78.24,Buena,-73.2379933329999,-14.299244999999928,-73.2932436129999,-14.264217002999942,7.468999999999994
1086,PE-30A,348.879,353.672,APURIMAC,SIERRA,TRANSVERSAL,MONTAÑOSO,2.0,55.7,Buena,-73.2932436129999,-14.264217002999942,-73.3188112439999,-14.23027335699993,4.793000000000006
1087,PE-30A,369.804,382.895,APURIMAC,SIERRA,TRANSVERSAL,ONDULADO,2.0,68.7,Buena,-73.30004248199992,-14.138074954999922,-73.23042531599992,-14.040279306999935,13.091000000000008
1088,PE-30A,382.895,392.213,APURIMAC,SIERRA,TRANSVERSAL,MONTAÑOSO,2.0,55.7,Buena,-73.23042531599992,-14.040279306999935,-73.1723858499999,-13.991290252999931,9.31800000000004
1089,PE-30A,0.0,13.228,ICA,SIERRA,TRANSVERSAL,ONDULADO,2.0,68.7,Buena,-74.94227849999993,-14.841061396999919,-74.82937743799994,-14.818086648999952,13.228
1090,PE-08B,157.263,160.825,AMAZONAS,SELVA,TRANSVERSAL,ONDULADO,1.0,46.47,Buena,-78.0286595099999,-6.849525316999916,-78.00234099699992,-6.847288535999951,3.5619999999999834
1091,PE-5NA,35.072,43.196,PASCO,SELVA,VARIANTE,ONDULADO,2.0,56.43,Buena,-75.38728332499994,-10.653102874999945,-75.39006050099994,-10.589074812999911,8.123999999999995
1092,PE-08B,554.555,554.616,SAN MARTIN,SELVA,TRANSVERSAL,PLANO,2.0,72.6,Mala,-77.06099766799991,-6.0401233569999135,-77.0607700349999,-6.03972244299996,0.06100000000003547
1093,PE-3N,151.095,156.441,PASCO,SIERRA,LONGITUDINAL DE LA SIERRA,ONDULADO,2.0,62.45,Buena,-76.19290127999994,-10.563040950999948,-76.1806664309999,-10.520060964999914,5.346000000000004
1094,PE-30C,298.536,305.024,MADRE DE DIOS,SELVA,TRANSVERSAL,PLANO,2.0,72.6,Buena,-70.20975399699995,-12.915628264999953,-70.15089517399991,-12.91227897999994,6.4879999999999995
1095,PE-22B,20.602,25.157,JUNIN,SIERRA,TRANSVERSAL,ONDULADO,2.0,66.89,Buena,-75.76436152199994,-11.423781450999911,-75.75467999099993,-11.42416090599994,4.555
1096,PE-30C,114.369,119.211,CUSCO,SIERRA,TRANSVERSAL,MONTAÑOSO,2.0,55.7,Buena,-71.03213925299991,-13.578966721999905,-71.00555038499994,-13.580777535999914,4.841999999999999
1097,PE-30C,235.042,235.11,CUSCO,SELVA,TRANSVERSAL,ONDULADO,2.0,50.38,Buena,-70.44140120299994,-13.183860645999914,-70.44086691299992,-13.184134757999914,0.06800000000001205
1098,PE-30C,167.735,169.272,CUSCO,SELVA,TRANSVERSAL,MONTAÑOSO,2.0,37.47,Buena,-70.8799907639999,-13.351478912999937,-70.86702014199994,-13.347169945999951,1.5369999999999777
1099,PE-30C,216.101,216.284,CUSCO,SELVA,TRANSVERSAL,ONDULADO,2.0,50.38,Buena,-70.56339017099992,-13.187409135999928,-70.56232958299995,-13.18855729899991,0.18299999999999272
1100,PE-30C,223.188,225.388,CUSCO,SELVA,TRANSVERSAL,ONDULADO,2.0,60.03,Buena,-70.52497253999991,-13.192579524999928,-70.5118097319999,-13.187040846999935,2.200000000000017
1101,PE-30C,403.687,408.629,MADRE DE DIOS,SELVA,TRANSVERSAL,PLANO,2.0,72.6,Buena,-69.36124475399993,-12.674371041999905,-69.31730790499995,-12.65863627799996,4.942000000000007
1102,PE-14A,19.327,20.202,ANCASH,SIERRA,RAMAL,ONDULADO,1.0,40.84,Mala,-77.44532311099994,-9.505585230999941,-77.44479694899991,-9.505615747999911,0.875
1103,PE-3N,834.718,834.789,ANCASH,SIERRA,LONGITUDINAL DE LA SIERRA,ONDULADO,1.0,66.89,Buena,-78.03207143899994,-8.463814430999946,-78.03105817399995,-8.463167574999943,0.07100000000002638
1104,PE-30C,240.534,242.625,CUSCO,SELVA,TRANSVERSAL,ONDULADO,2.0,60.03,Buena,-70.40022399999992,-13.194280670999945,-70.3883414629999,-13.189625329999956,2.091000000000008
1105,PE-22,133.889,134.109,JUNIN,SIERRA,TRANSVERSAL,MONTAÑOSO,2.0,55.7,Buena,-76.18696582699994,-11.595576838999932,-76.18506122799994,-11.596078159999934,0.21999999999999886
1106,PE-36A,94.593,95.05,MOQUEGUA,SIERRA,TRANSVERSAL,ONDULADO,2.0,68.7,Buena,-70.61343968999995,-16.892107333999945,-70.61561327299995,-16.88879088899995,0.45699999999999363
1107,PE-3N,1048.276,1048.976,LA LIBERTAD,SIERRA,LONGITUDINAL DE LA SIERRA,MONTAÑOSO,2.0,55.7,Buena,-78.29386715999993,-8.004769025999906,-78.28718157899993,-8.001046178999957,0.7000000000000455
1108,PE-04C,21.448,21.652,CAJAMARCA,SELVA,TRANSVERSAL,ONDULADO,2.0,59.09,Buena,-78.83396079199991,-5.894789800999945,-78.83395576499993,-5.892969130999916,0.20400000000000063
1109,PE-3N,1426.42,1426.781,CAJAMARCA,SIERRA,LONGITUDINAL DE LA SIERRA,MONTAÑOSO,4.0,55.7,Buena,-78.66115695899992,-6.556127502999914,-78.6634998319999,-6.553886413999919,0.3609999999998763
1110,PE-30C,185.512,189.04,CUSCO,SELVA,TRANSVERSAL,MONTAÑOSO,2.0,48.16,Buena,-70.77800941499993,-13.254028319999918,-70.75897858699994,-13.233731077999948,3.5279999999999916
1111,PE-36A,42.043,62.029,MOQUEGUA,SIERRA,TRANSVERSAL,MONTAÑOSO,2.0,53.0,Buena,-70.85905581199995,-17.05356275899993,-70.75051746999992,-17.019308511999952,19.986000000000004
1112,PE-36A,94.319,94.48,MOQUEGUA,SIERRA,TRANSVERSAL,ONDULADO,2.0,66.89,Buena,-70.61569423999993,-16.893122742999935,-70.6143078209999,-16.892605318999927,0.16100000000000136
1113,PE-30C,180.048,185.512,CUSCO,SELVA,TRANSVERSAL,MONTAÑOSO,2.0,42.62,Buena,-70.79447416399995,-13.296439334999945,-70.77800849899995,-13.25402319099993,5.463999999999999
1114,PE-1NJ,256.23,256.416,PIURA,COSTA,VARIANTE,PLANO,2.0,77.35,Buena,-80.61927806999995,-5.200450044999911,-80.61980909899995,-5.202045899999916,0.18599999999997863
1115,PE-30C,212.064,215.51,CUSCO,SELVA,TRANSVERSAL,ONDULADO,2.0,39.43,Buena,-70.59583714099995,-13.182927803999917,-70.5670209569999,-13.18878000199993,3.445999999999998
1116,PE-36B,16.996,17.641,MOQUEGUA,SIERRA,RAMAL,MONTAÑOSO,1.0,44.1,Buena,-70.46586449299991,-16.752925671999947,-70.46375688699993,-16.74754147199991,0.6449999999999996
1117,PE-3N,233.297,233.563,HUANUCO,SIERRA,LONGITUDINAL DE LA SIERRA,ONDULADO,2.0,66.89,Regular,-76.25532895899994,-9.937414288999946,-76.2576572609999,-9.936911566999925,0.26599999999999113
1118,PE-36A,151.996,167.476,MOQUEGUA,SIERRA,TRANSVERSAL,PLANO,2.0,75.08,Regular,-70.22177306399993,-16.85704862999995,-70.08980870399995,-16.842479648999927,15.47999999999999
1119,PE-5NA,5.023,10.026,PASCO,SELVA,VARIANTE,MONTAÑOSO,2.0,46.75,Buena,-75.32606671699995,-10.817009628999926,-75.35114288299991,-10.787748336999925,5.003
1120,PE-30C,254.13,257.661,MADRE DE DIOS,SELVA,TRANSVERSAL,ONDULADO,2.0,59.09,Buena,-70.3832054369999,-13.119911844999933,-70.36767104599994,-13.102222637999944,3.531000000000006
1121,PE-30C,173.0,179.247,CUSCO,SELVA,TRANSVERSAL,MONTAÑOSO,2.0,42.62,Buena,-70.8441390989999,-13.32774734499992,-70.80013312499995,-13.302049436999937,6.247000000000014
1122,PE-30C,129.534,138.824,CUSCO,SIERRA,TRANSVERSAL,MONTAÑOSO,2.0,55.7,Buena,-70.95602926399994,-13.589994017999913,-70.89760884099991,-13.557545446999939,9.29000000000002
1123,PE-36A,11.515,19.515,MOQUEGUA,SIERRA,TRANSVERSAL,ONDULADO,4.0,66.89,Buena,-70.90462684899995,-17.184284760999958,-70.85561319899995,-17.14255077699994,8.0
1124,PE-36A,167.476,197.122,PUNO,SIERRA,TRANSVERSAL,PLANO,2.0,75.08,Regular,-70.08980870399995,-16.842479648999927,-69.8600387699999,-16.762098807999905,29.646000000000015
1125,PE-36A,94.48,94.593,MOQUEGUA,SIERRA,TRANSVERSAL,ONDULADO,2.0,68.7,Buena,-70.6143078209999,-16.892605318999927,-70.61343968999995,-16.892107333999945,0.11299999999999955
1126,PE-22B,9.965,15.09,JUNIN,SIERRA,TRANSVERSAL,ONDULADO,2.0,66.89,Buena,-75.8179343669999,-11.404265779999946,-75.79304906499993,-11.414119782999933,5.125
1127,PE-08B,527.85,542.47,SAN MARTIN,SELVA,TRANSVERSAL,PLANO,2.0,27.46,Mala,-77.1138681189999,-6.255675836999956,-77.10205107099995,-6.139625795999962,14.620000000000005
1128,PE-1N,259.267,259.325,ANCASH,COSTA,LONGITUDINAL DE LA COSTA,PLANO,3.0,80.89,Buena,-78.0507838229999,-10.32291578099995,-78.05107350799994,-10.322472520999952,0.057999999999992724
1129,PE-30C,363.554,368.628,MADRE DE DIOS,SELVA,TRANSVERSAL,PLANO,2.0,72.6,Buena,-69.67850875999994,-12.846397399999944,-69.65057795099995,-12.809799625999915,5.074000000000012
1130,PE-30C,150.127,150.346,CUSCO,SELVA,TRANSVERSAL,MONTAÑOSO,2.0,37.47,Buena,-70.89030058899993,-13.482833121999931,-70.88962540699993,-13.481143521999911,0.2189999999999941
1131,PE-30C,330.03,340.242,MADRE DE DIOS,SELVA,TRANSVERSAL,PLANO,2.0,72.6,Buena,-69.94929482999993,-12.896008801999926,-69.87052380099993,-12.886620379999954,10.212000000000046
1132,PE-22B,53.045,63.206,JUNIN,SIERRA,TRANSVERSAL,MONTAÑOSO,2.0,53.0,Buena,-75.57009882799991,-11.346566541999948,-75.55805342799994,-11.271763630999942,10.161000000000001
1133,PE-30C,638.1,643.102,MADRE DE DIOS,SELVA,TRANSVERSAL,PLANO,2.0,64.96,Buena,-69.5728957199999,-11.057519809999917,-69.55876776199995,-11.019093685999906,5.001999999999953
1134,PE-3SB,0.0,0.048,JUNIN,SIERRA,VARIANTE,ONDULADO,2.0,68.7,Buena,-75.49015659999992,-11.804196455999943,-75.4898518839999,-11.80405006999996,0.048
1135,PE-30C,267.317,293.457,MADRE DE DIOS,SELVA,TRANSVERSAL,PLANO,2.0,72.6,Buena,-70.34720993099995,-13.024450301999934,-70.25211783099991,-12.920052874999953,26.139999999999986
1136,PE-30C,355.022,363.554,MADRE DE DIOS,SELVA,TRANSVERSAL,PLANO,2.0,70.33,Buena,-69.74493671099992,-12.879195301999914,-69.67850875999994,-12.846397399999944,8.531999999999982
1137,PE-08B,57.438,58.938,CAJAMARCA,SIERRA,TRANSVERSAL,MONTAÑOSO,1.0,44.1,Regular,-78.23717163499992,-7.0312394109999445,-78.23185935799995,-7.032347452999943,1.5
1138,PE-3N,1043.251,1043.277,LA LIBERTAD,SIERRA,LONGITUDINAL DE LA SIERRA,MONTAÑOSO,2.0,40.51,Buena,-78.3248901369999,-8.01376533499996,-78.32575617399993,-8.013167437999925,0.026000000000067303
1139,PE-1N,515.128,520.188,LA LIBERTAD,COSTA,LONGITUDINAL DE LA COSTA,PLANO,3.0,77.35,Buena,-78.77726134699992,-8.42971118999992,-78.81572026899994,-8.408355462999907,5.059999999999945
1140,PE-30C,248.612,254.13,PUNO,SELVA,TRANSVERSAL,ONDULADO,2.0,59.09,Buena,-70.3984784559999,-13.154203237999923,-70.3832054369999,-13.119911844999933,5.518000000000001
1141,PE-30C,426.204,428.536,MADRE DE DIOS,SELVA,TRANSVERSAL,PLANO,4.0,64.96,Buena,-69.19289398599994,-12.583312987999932,-69.17693255299992,-12.597202359999926,2.3319999999999936
1142,PE-1N,25.872,26.375,LIMA,COSTA,LONGITUDINAL DE LA COSTA,PLANO,2.0,80.89,Buena,-77.0682482439999,-11.904418655999905,-77.06769306799993,-11.899999295999919,0.5030000000000001
1143,PE-30C,408.629,413.541,MADRE DE DIOS,SELVA,TRANSVERSAL,PLANO,2.0,70.33,Buena,-69.31730790499995,-12.65863627799996,-69.27314949399994,-12.643222807999905,4.911999999999978
1144,PE-30C,140.102,145.165,CUSCO,SIERRA,TRANSVERSAL,MONTAÑOSO,2.0,55.7,Buena,-70.88698959399994,-13.54626464799992,-70.8996283749999,-13.514554854999915,5.062999999999988
1145,PE-1NG,15.195,15.302,LA LIBERTAD,COSTA,RAMAL,PLANO,2.0,0.0,Sin Informacion,-79.39583666599992,-7.362761666999916,-79.39609908999995,-7.361448287999906,0.10699999999999932
1146,PE-3N,367.376,367.827,HUANUCO,SIERRA,LONGITUDINAL DE LA SIERRA,ONDULADO,1.0,62.45,Buena,-76.8063488009999,-9.839544295999929,-76.80911630299994,-9.841844997999942,0.45100000000002183
1147,PE-22B,84.234,92.647,JUNIN,SELVA,TRANSVERSAL,PLANO,2.0,70.33,Buena,-75.44933125999995,-11.17445800999991,-75.3878369059999,-11.137298942999905,8.413000000000011
1148,PE-30C,196.462,196.613,CUSCO,SELVA,TRANSVERSAL,ONDULADO,2.0,27.06,Buena,-70.70298250799993,-13.207497651999915,-70.70180479599992,-13.206912735999936,0.15100000000001046
1149,PE-30C,243.469,248.612,PUNO,SELVA,TRANSVERSAL,ONDULADO,2.0,60.03,Buena,-70.38351814999993,-13.18550664099996,-70.3984794619999,-13.154201506999925,5.143000000000001
1150,PE-22,175.058,175.134,JUNIN,SIERRA,TRANSVERSAL,ONDULADO,2.0,78.24,Buena,-75.90992546099994,-11.522974013999942,-75.90932789099992,-11.522644942999932,0.0759999999999934
1151,PE-30C,193.845,196.462,CUSCO,SELVA,TRANSVERSAL,ONDULADO,2.0,41.29,Buena,-70.72173881599991,-13.215404509999928,-70.70298250799993,-13.207497651999915,2.6169999999999902
1152,PE-3SG,241.286,241.324,CUSCO,SIERRA,RAMAL,PLANO,1.0,44.78,Buena,-71.40194226699992,-14.788737004999916,-71.40165736299991,-14.788822087999904,0.038000000000010914
1153,PE-18,79.878,80.669,LIMA,SIERRA,TRANSVERSAL,ONDULADO,1.0,55.02,Buena,-77.03390349799992,-10.946696644999918,-77.02959692999991,-10.941719044999957,0.7909999999999968
1154,PE-30C,159.253,159.501,CUSCO,SELVA,TRANSVERSAL,MONTAÑOSO,2.0,37.47,Buena,-70.90197254999993,-13.414503285999956,-70.90135370299993,-13.412560709999923,0.24800000000001887
1155,PE-36A,117.915,124.836,MOQUEGUA,SIERRA,TRANSVERSAL,ONDULADO,2.0,66.89,Regular,-70.48983135499992,-16.85753294899996,-70.44758181299994,-16.882661395999946,6.920999999999992
1156,PE-30C,243.088,243.089,MADRE DE DIOS,SELVA,TRANSVERSAL,ONDULADO,2.0,60.03,Buena,-70.38714981099992,-13.186494826999933,-70.38711357199992,-13.18644523599994,0.0010000000000047748
1157,PE-30C,158.123,158.145,CUSCO,SELVA,TRANSVERSAL,MONTAÑOSO,2.0,37.47,Buena,-70.90293192599995,-13.424047772999927,-70.90290797999995,-13.423877115999915,0.02200000000001978
1158,PE-36B,64.37,65.721,MOQUEGUA,SIERRA,RAMAL,MONTAÑOSO,1.0,55.0,Buena,-70.34015240399992,-16.43399118399992,-70.33265589399991,-16.425251826999954,1.350999999999999
1159,PE-5NA,10.026,25.073,PASCO,SELVA,VARIANTE,MONTAÑOSO,2.0,47.84,Buena,-75.35114288299991,-10.787748336999925,-75.36418662099993,-10.722488316999943,15.047
1160,PE-30C,189.04,190.415,CUSCO,SELVA,TRANSVERSAL,ONDULADO,2.0,39.43,Buena,-70.75897934199992,-13.233731425999906,-70.74793053399992,-13.227702059999956,1.375
1161,PE-30C,163.205,166.125,CUSCO,SELVA,TRANSVERSAL,MONTAÑOSO,2.0,37.47,Buena,-70.90132982699993,-13.381590536999909,-70.8927832469999,-13.358102825999936,2.9199999999999875
1162,PE-3N,156.894,156.902,PASCO,SIERRA,LONGITUDINAL DE LA SIERRA,ONDULADO,2.0,66.89,Buena,-76.18012677299993,-10.516069089999917,-76.18009948699995,-10.515995025999928,0.007999999999981355
1163,PE-30A,13.228,42.242,ICA,SIERRA,TRANSVERSAL,MONTAÑOSO,2.0,55.7,Buena,-74.82937743799994,-14.818086648999952,-74.71222632299992,-14.836180112999955,29.013999999999996
1164,PE-14A,79.457,79.613,ANCASH,SIERRA,RAMAL,MONTAÑOSO,2.0,55.0,Regular,-77.16000899099993,-9.428893484999946,-77.15904680199992,-9.428258799999924,0.1560000000000059
1165,PE-3N,445.083,445.635,ANCASH,SIERRA,LONGITUDINAL DE LA SIERRA,ONDULADO,2.0,62.45,Buena,-77.13283452699994,-10.016164903999936,-77.13423268399993,-10.021057596999924,0.5519999999999641
1166,PE-02A,77.72,77.818,PIURA,SIERRA,TRANSVERSAL,MONTAÑOSO,1.0,55.0,Buena,-79.60719444099993,-5.377725967999936,-79.6079862599999,-5.377378450999913,0.09799999999999898
1167,PE-22B,0.0,9.965,JUNIN,SIERRA,TRANSVERSAL,ONDULADO,2.0,62.45,Buena,-75.88340948199993,-11.404393865999907,-75.8179343669999,-11.404265779999946,9.965
1168,PE-3N,367.199,367.339,HUANUCO,SIERRA,LONGITUDINAL DE LA SIERRA,ONDULADO,0.0,49.53,Buena,-76.80566024799992,-9.838171004999936,-76.80622239599995,-9.839243801999942,0.13999999999998636
1169,PE-14A,37.738,57.371,ANCASH,SIERRA,RAMAL,ONDULADO,1.0,0.0,Sin Informacion,-77.30702654299995,-9.462295259999905,-77.19215175199992,-9.431071531999919,19.633000000000003
1170,PE-30C,169.506,172.029,CUSCO,SELVA,TRANSVERSAL,MONTAÑOSO,2.0,37.47,Buena,-70.86503028899995,-13.346519469999919,-70.84643342899994,-13.335361331999934,2.522999999999996
1171,PE-22,150.565,175.058,JUNIN,SIERRA,TRANSVERSAL,PLANO,2.0,78.24,Buena,-76.05681210299991,-11.59176249199993,-75.90992546099994,-11.522974013999942,24.492999999999995
1172,PE-30C,608.093,638.1,MADRE DE DIOS,SELVA,TRANSVERSAL,PLANO,2.0,70.33,Buena,-69.52326132799993,-11.294878690999951,-69.5728957199999,-11.057519809999917,30.007000000000062
1173,PE-36A,294.15,299.225,PUNO,SIERRA,TRANSVERSAL,PLANO,2.0,75.08,Regular,-69.12941940399992,-16.62633152099994,-69.0918850509999,-16.60962173999991,5.0750000000000455
1174,PE-22B,32.794,34.34,JUNIN,SIERRA,TRANSVERSAL,ONDULADO,2.0,66.89,Buena,-75.69369526799994,-11.419847269999934,-75.68502570499993,-11.412934228999916,1.5460000000000065
1175,PE-30C,368.628,378.906,MADRE DE DIOS,SELVA,TRANSVERSAL,PLANO,2.0,70.33,Buena,-69.65057795099995,-12.809799625999915,-69.56888961999994,-12.763057707999906,10.27800000000002
1176,PE-3N,1578.853,1579.021,CAJAMARCA,SELVA,LONGITUDINAL DE LA SIERRA,ONDULADO,0.0,27.06,Buena,-79.12925484099992,-6.037999980999928,-79.1305981989999,-6.037302904999933,0.16799999999989268
1177,PE-3N,1271.715,1272.215,CAJAMARCA,SIERRA,LONGITUDINAL DE LA SIERRA,PLANO,4.0,75.08,Buena,-78.48685365799992,-7.177987228999939,-78.49140028399995,-7.174731110999915,0.5
1178,PE-30A,157.701,167.09,AYACUCHO,SIERRA,TRANSVERSAL,ONDULADO,2.0,68.7,Buena,-74.11927391699993,-14.687890516999914,-74.0886811179999,-14.676036219999958,9.38900000000001
1179,PE-14A,57.371,57.563,ANCASH,SIERRA,RAMAL,ONDULADO,1.0,0.0,Sin Informacion,-77.19215175199992,-9.431071531999919,-77.19207130099994,-9.430938013999935,0.19200000000000017
1180,PE-3N,500.622,500.679,ANCASH,SIERRA,LONGITUDINAL DE LA SIERRA,PLANO,7.0,66.89,Buena,-77.29332721199995,-10.121931600999915,-77.29341888399995,-10.121677398999907,0.05699999999995953
1181,PE-02A,72.141,72.427,PIURA,SIERRA,TRANSVERSAL,ONDULADO,2.0,76.18,Buena,-79.62365345099994,-5.395875993999937,-79.6229796849999,-5.393427037999913,0.28600000000000136
1182,PE-30C,258.861,267.317,MADRE DE DIOS,SELVA,TRANSVERSAL,ONDULADO,2.0,60.03,Buena,-70.36420189199993,-13.091953902999933,-70.34720993099995,-13.024450301999934,8.456000000000017
1183,PE-32,62.792,65.694,AREQUIPA,SIERRA,TRANSVERSAL,ONDULADO,1.0,49.53,Buena,-73.78319499999992,-15.600194999999928,-73.76310499999994,-15.58588599999996,2.902000000000001
1184,PE-36A,140.816,151.996,TACNA,SIERRA,TRANSVERSAL,PLANO,2.0,75.08,Regular,-70.3110461899999,-16.88081047399993,-70.22177306399993,-16.85704862999995,11.180000000000007
1185,PE-24,283.378,287.525,JUNIN,SIERRA,TRANSVERSAL,ONDULADO,2.0,55.02,Buena,-75.28284671299991,-12.053978788999927,-75.24563380099994,-12.053104635999944,4.146999999999991
1186,PE-30A,155.051,157.701,AYACUCHO,SIERRA,TRANSVERSAL,MONTAÑOSO,2.0,55.7,Buena,-74.1324100189999,-14.697933389999946,-74.11927391699993,-14.687890516999914,2.6500000000000057
1187,PE-30C,315.106,330.03,MADRE DE DIOS,SELVA,TRANSVERSAL,PLANO,2.0,70.33,Buena,-70.06745221799991,-12.892533287999925,-69.9492893229999,-12.896013259999904,14.923999999999978
1188,PE-3N,1271.675,1271.715,CAJAMARCA,SIERRA,LONGITUDINAL DE LA SIERRA,PLANO,2.0,75.08,Buena,-78.4865067419999,-7.178293716999917,-78.48685365799992,-7.177987228999939,0.03999999999996362
1189,PE-30C,157.022,158.123,CUSCO,SELVA,TRANSVERSAL,MONTAÑOSO,2.0,37.47,Buena,-70.90477066799991,-13.432697608999945,-70.90292922899994,-13.424041570999918,1.100999999999999
1190,PE-22,77.173,95.153,LIMA,SIERRA,TRANSVERSAL,ONDULADO,2.0,68.7,Buena,-76.38090324399991,-11.841869353999925,-76.30224383399991,-11.761781264999911,17.980000000000004
1191,PE-22,138.723,150.565,JUNIN,SIERRA,TRANSVERSAL,ONDULADO,2.0,68.7,Buena,-76.14227676399992,-11.596324920999905,-76.05681210299991,-11.59176249199993,11.841999999999985
1192,PE-3N,209.873,212.539,HUANUCO,SIERRA,LONGITUDINAL DE LA SIERRA,ONDULADO,2.0,62.45,Buena,-76.20447788299992,-10.125881436999919,-76.21067848699994,-10.102677029999938,2.665999999999997
1193,PE-3N,580.078,580.296,ANCASH,SIERRA,LONGITUDINAL DE LA SIERRA,ONDULADO,4.0,55.02,Buena,-77.53254371799994,-9.528714863999937,-77.5326608229999,-9.52757829099994,0.21800000000007458
1194,PE-3N,233.563,233.986,HUANUCO,SIERRA,LONGITUDINAL DE LA SIERRA,ONDULADO,2.0,66.89,Regular,-76.2576572609999,-9.936911566999925,-76.26116943399995,-9.937622069999918,0.4230000000000018
1195,PE-30C,430.768,454.533,MADRE DE DIOS,SELVA,TRANSVERSAL,PLANO,2.0,72.6,Buena,-69.17344929699993,-12.573341877999951,-69.14454157299991,-12.385843228999931,23.765000000000043
1196,PE-08B,542.47,542.96,SAN MARTIN,SELVA,TRANSVERSAL,PLANO,2.0,64.96,Buena,-77.10205999999994,-6.139639999999929,-77.0996951809999,-6.1358782409999435,0.4900000000000091
1197,PE-30A,310.113,327.699,APURIMAC,SIERRA,TRANSVERSAL,MONTAÑOSO,2.0,55.7,Buena,-73.2527341949999,-14.49513995399991,-73.16864575099993,-14.369839207999917,17.586000000000013
1198,PE-30A,167.09,203.713,AYACUCHO,SIERRA,TRANSVERSAL,ONDULADO,2.0,68.7,Buena,-74.0886811179999,-14.676036219999958,-73.94891667899992,-14.630919264999932,36.62299999999999
1199,PE-30A,279.775,285.402,APURIMAC,SIERRA,TRANSVERSAL,MONTAÑOSO,2.0,55.7,Buena,-73.41521449699991,-14.571340127999918,-73.37677068099993,-14.549646656999926,5.6270000000000095
1200,PE-30A,285.402,296.311,APURIMAC,SIERRA,TRANSVERSAL,PLANO,2.0,78.24,Buena,-73.37677068099993,-14.549646656999926,-73.28677552699992,-14.525768815999925,10.908999999999992
1201,PE-3N,1305.137,1305.224,CAJAMARCA,SIERRA,LONGITUDINAL DE LA SIERRA,ONDULADO,3.0,68.7,Buena,-78.59694150999991,-7.049737313999913,-78.59660216399993,-7.049034710999933,0.08699999999998909
1202,PE-30C,215.866,216.101,CUSCO,SELVA,TRANSVERSAL,ONDULADO,2.0,60.03,Buena,-70.5654087069999,-13.187448501999938,-70.5633874099999,-13.187411709999935,0.23499999999998522
1203,PE-3NA,56.516,56.742,ANCASH,SIERRA,VARIANTE,MONTAÑOSO,1.0,53.0,Buena,-77.9678306699999,-8.614103727999918,-77.96830509199992,-8.615760808999937,0.2259999999999991
1204,PE-30C,198.682,205.047,CUSCO,SELVA,TRANSVERSAL,ONDULADO,2.0,34.12,Buena,-70.6851694739999,-13.20155019799995,-70.63282012999991,-13.18467658399993,6.365000000000009
1205,PE-3N,233.2,233.297,HUANUCO,SIERRA,LONGITUDINAL DE LA SIERRA,ONDULADO,2.0,66.89,Buena,-76.25462045799992,-9.937945845999934,-76.25532895899994,-9.937414288999946,0.09700000000000841
1206,PE-04,55.238,55.889,PIURA,COSTA,TRANSVERSAL,PLANO,2.0,77.35,Buena,-80.99238159099991,-5.8655828009999595,-80.99799046899994,-5.863830463999932,0.6510000000000034
1207,PE-14A,180.994,185.794,ANCASH,SIERRA,RAMAL,MONTAÑOSO,1.0,0.0,Sin Informacion,-76.94463177499995,-9.109158858999933,-76.93829506199995,-9.073624043999928,4.800000000000011
1208,PE-3N,3.976,4.307,JUNIN,SIERRA,LONGITUDINAL DE LA SIERRA,ONDULADO,2.0,62.45,Buena,-75.93307237699992,-11.505694282999912,-75.93565450699992,-11.504120375999946,0.3310000000000004
1209,PE-14A,75.207,75.24,ANCASH,SIERRA,RAMAL,MONTAÑOSO,2.0,55.0,Regular,-77.15602601299992,-9.458190779999939,-77.15618456399994,-9.457943476999958,0.03300000000000125
1210,PE-3N,1436.919,1436.925,CAJAMARCA,SIERRA,LONGITUDINAL DE LA SIERRA,MONTAÑOSO,1.0,55.7,Buena,-78.73529118399995,-6.560598614999947,-78.73534118899994,-6.560666535999928,0.005999999999858119
1211,PE-1NI,15.232,15.527,LAMBAYEQUE,COSTA,RAMAL,PLANO,2.0,62.03,Buena,-79.56044815999991,-6.897018438999908,-79.55842967299992,-6.895355704999929,0.29499999999999993
1212,PE-08B,312.715,312.758,AMAZONAS,SELVA,TRANSVERSAL,MONTAÑOSO,2.0,47.84,Buena,-77.9117679599999,-6.225383758999953,-77.91168403599994,-6.225276946999941,0.043000000000006366
1213,PE-3SG,317.27,317.505,PUNO,SIERRA,RAMAL,ONDULADO,2.0,49.53,Regular,-70.87987709099991,-14.946952819999922,-70.87809181199992,-14.948320388999946,0.23500000000001364
1214,PE-14A,99.161,99.31,ANCASH,SIERRA,RAMAL,ONDULADO,2.0,49.53,Mala,-77.03829515899992,-9.330555053999944,-77.03793848499993,-9.329372919999912,0.1490000000000009
1215,PE-06A,71.886,72.134,CAJAMARCA,COSTA,TRANSVERSAL,ONDULADO,2.0,59.17,Buena,-79.3507928489999,-6.629807616999926,-79.34763908299993,-6.630304336999927,0.24800000000000466
1216,PE-06A,71.016,71.886,CAJAMARCA,COSTA,TRANSVERSAL,ONDULADO,2.0,76.18,Buena,-79.35782163099992,-6.62742813299991,-79.3507928489999,-6.629807616999926,0.8699999999999903
1217,PE-06A,68.268,68.864,LAMBAYEQUE,COSTA,TRANSVERSAL,ONDULADO,2.0,76.18,Buena,-79.37558125699991,-6.622086113999956,-79.37264840799992,-6.618062981999913,0.5960000000000036
1218,PE-3N,1213.511,1214.35,CAJAMARCA,SIERRA,LONGITUDINAL DE LA SIERRA,ONDULADO,2.0,49.53,Regular,-78.17325019799995,-7.333900451999909,-78.17304992699991,-7.332885741999917,0.8389999999999418
1219,PE-5SA,3.447,3.687,JUNIN,SELVA,RAMAL,ONDULADO,2.0,27.06,Buena,-74.29107479999993,-11.131083239999953,-74.28887576999995,-11.131575349999935,0.23999999999999977
1220,PE-5SA,24.438,24.755,JUNIN,SELVA,RAMAL,ONDULADO,0.0,0.0,Buena,-74.30065174999993,-11.03203699699992,-74.29899528199991,-11.030039360999922,0.31700000000000017
1221,PE-06A,88.348,88.614,CAJAMARCA,COSTA,TRANSVERSAL,MONTAÑOSO,1.0,52.57,Buena,-79.2348475309999,-6.581610635999937,-79.23357754999995,-6.579741741999953,0.26600000000000534
1222,PE-06A,179.778,180.234,CAJAMARCA,SELVA,TRANSVERSAL,ONDULADO,1.0,50.38,Buena,-78.89872977199991,-6.4818451569999525,-78.89892238399995,-6.485508126999946,0.4560000000000173
1223,PE-3SD,37.022,37.206,HUANCAVELICA,SIERRA,VARIANTE,ONDULADO,1.0,49.53,Buena,-74.86869570999994,-12.392648133999955,-74.86709448399995,-12.39211772199991,0.1840000000000046
1224,PE-22A,3.291,4.301,LIMA,COSTA,TRANSVERSAL,PLANO,2.0,69.78,Buena,-76.63627849999995,-12.656217923999918,-76.63893852199993,-12.652423165999949,1.0100000000000002
1225,PE-22A,77.334,92.239,LIMA,SIERRA,TRANSVERSAL,ONDULADO,1.0,0.0,Buena,-76.2502593289999,-12.29869187199995,-76.23596766299994,-12.207340243999909,14.905000000000001
1226,PE-08B,447.334,447.626,AMAZONAS,SELVA,TRANSVERSAL,ONDULADO,1.0,41.29,Buena,-77.33134538599995,-6.495051009999941,-77.33153486499992,-6.492268648999925,0.29199999999997317
1227,PE-1SD,366.594,386.089,TACNA,COSTA,VARIANTE,PLANO,2.0,77.35,Regular,-70.4565932719999,-18.155781435999927,-70.30433673599993,-18.06312631599991,19.495000000000005
1228,PE-1SD,386.089,386.952,TACNA,COSTA,VARIANTE,PLANO,2.0,80.89,Buena,-70.30433673599993,-18.06312631599991,-70.2993447259999,-18.056987359999937,0.8629999999999995
1229,PE-1SD,241.9,242.143,MOQUEGUA,COSTA,VARIANTE,PLANO,4.0,80.89,Buena,-71.34508142599992,-17.652181060999908,-71.34600749599991,-17.654211393999958,0.242999999999995
1230,PE-1SD,236.908,237.705,MOQUEGUA,COSTA,VARIANTE,PLANO,4.0,80.89,Buena,-71.3422783769999,-17.61474390399991,-71.34143567099994,-17.62144348399994,0.7970000000000255
1231,PE-1SD,239.192,239.525,MOQUEGUA,COSTA,VARIANTE,PLANO,3.0,80.89,Buena,-71.3371315039999,-17.632176091999952,-71.33591562899994,-17.634942490999947,0.3329999999999984
1232,PE-1SD,239.525,240.243,MOQUEGUA,COSTA,VARIANTE,PLANO,4.0,80.89,Buena,-71.33591562899994,-17.634942490999947,-71.33796294899992,-17.64065926899991,0.7179999999999893
1233,PE-1SD,216.323,221.645,MOQUEGUA,COSTA,VARIANTE,ONDULADO,2.0,73.34,Buena,-71.3762554299999,-17.44157028999996,-71.36267282999995,-17.48636270499992,5.322000000000003
1234,PE-1SD,145.703,146.107,AREQUIPA,COSTA,VARIANTE,PLANO,2.0,53.68,Buena,-71.7899521409999,-17.163050546999955,-71.7898534279999,-17.166677603999915,0.40399999999999636
1235,PE-1SD,29.716,63.232,AREQUIPA,COSTA,VARIANTE,ONDULADO,1.0,0.0,Buena,-72.4284198599999,-16.717517518999955,-72.24071846099991,-16.850434481999912,33.516
1236,PE-20F,2.883,5.783,LIMA,COSTA,RAMAL,PLANO,0.0,0.0,Sin Informacion,-77.08520540399991,-11.950231022999958,-77.08807960799993,-11.974113062999947,2.9000000000000004
1237,PE-18A,7.344,14.54,HUANUCO,SELVA,TRANSVERSAL,ONDULADO,2.0,59.09,Buena,-76.22177123999995,-9.896467208999923,-76.17296596299991,-9.861825901999907,7.195999999999999
1238,PE-1NT,85.888,87.128,PIURA,SIERRA,TRANSVERSAL,ONDULADO,0.0,0.0,Regular,-79.71499917499995,-4.64002622199996,-79.7137239999999,-4.62931999999995,1.2399999999999949
1239,PE-18,107.854,107.865,LIMA,SIERRA,TRANSVERSAL,MONTAÑOSO,2.0,44.1,Buena,-76.87576595299993,-10.813619603999939,-76.87577047699995,-10.813569714999915,0.01099999999999568
1240,PE-14B,20.564,20.785,ANCASH,SIERRA,VARIANTE,MONTAÑOSO,1.0,44.1,Regular,-77.17059994999994,-9.34376003299991,-77.16988641699993,-9.34206079799992,0.22100000000000009
1241,PE-1NL,99.575,122.643,PIURA,COSTA,RAMAL,PLANO,2.0,80.89,Buena,-80.09215926899992,-4.552387236999948,-79.97250977599992,-4.436689989999934,23.067999999999998
1242,PE-1NR,39.164,43.089,PIURA,COSTA,TRANSVERSAL,PLANO,0.0,0.0,Sin Informacion,-80.16705208699995,-5.100874063999925,-80.14168081999992,-5.116431175999935,3.924999999999997
1243,PE-34B,290.08,290.131,PUNO,SELVA,RAMAL,ONDULADO,0.0,41.29,Buena,-70.38098039099992,-13.430364242999929,-70.38046615499991,-13.430409724999947,0.05099999999998772
1244,PE-34B,291.855,291.951,PUNO,SELVA,RAMAL,ONDULADO,0.0,50.38,Buena,-70.37110124899993,-13.426521360999914,-70.37045860299992,-13.426637648999929,0.09600000000000364
1245,PE-34B,201.847,201.902,PUNO,SIERRA,RAMAL,MONTAÑOSO,2.0,55.7,Buena,-70.48938369799993,-13.939750670999956,-70.48994512299993,-13.939691987999936,0.0549999999999784
1246,PE-34B,306.516,311.282,PUNO,SELVA,RAMAL,ONDULADO,0.0,46.47,Buena,-70.31773479499992,-13.401380872999937,-70.34311399699993,-13.37872813599995,4.765999999999963
1247,PE-34B,216.962,217.023,PUNO,SIERRA,RAMAL,MONTAÑOSO,2.0,40.51,Buena,-70.51224517899993,-13.869602202999943,-70.51279416999995,-13.869754741999941,0.06100000000000705
1248,PE-34B,250.696,253.58,PUNO,SIERRA,RAMAL,ONDULADO,2.0,43.03,Buena,-70.46403510699992,-13.691556161999927,-70.47413081299993,-13.672025726999948,2.8840000000000146
1249,PE-34B,236.357,237.548,PUNO,SIERRA,RAMAL,ONDULADO,2.0,43.03,Buena,-70.47487327099992,-13.77664386999993,-70.47572056899992,-13.767412708999927,1.1910000000000025
1250,PE-34B,216.899,216.962,PUNO,SIERRA,RAMAL,MONTAÑOSO,2.0,40.51,Buena,-70.51242256199993,-13.869842528999925,-70.51224517899993,-13.869602202999943,0.06299999999998818
1251,PE-34B,293.637,293.779,PUNO,SELVA,RAMAL,ONDULADO,0.0,50.38,Buena,-70.35664576599993,-13.435187396999936,-70.35602206399994,-13.434547856999927,0.1419999999999959
1252,PE-34B,245.529,246.984,PUNO,SIERRA,RAMAL,ONDULADO,2.0,43.03,Buena,-70.4555585569999,-13.724822887999949,-70.4540006599999,-13.714000359999943,1.4550000000000125
1253,PE-34B,219.43,223.882,PUNO,SIERRA,RAMAL,MONTAÑOSO,2.0,40.51,Buena,-70.51066906599993,-13.859211866999942,-70.4877452849999,-13.835977553999953,4.451999999999998
1254,PE-34B,223.882,225.67,PUNO,SIERRA,RAMAL,MONTAÑOSO,2.0,55.7,Buena,-70.4877452849999,-13.835977553999953,-70.48862152899994,-13.834054954999942,1.7879999999999825
1255,PE-34B,116.372,116.404,PUNO,SIERRA,RAMAL,MONTAÑOSO,2.0,55.7,Buena,-70.25775795499993,-14.482137881999904,-70.25782966699995,-14.481859206999957,0.031999999999996476
1256,PE-34B,183.335,183.835,PUNO,SIERRA,RAMAL,ONDULADO,2.0,68.7,Buena,-70.42862319999995,-14.06904983499993,-70.43118053799992,-14.067952693999928,0.5
1257,PE-34B,293.377,293.637,PUNO,SELVA,RAMAL,ONDULADO,0.0,60.03,Buena,-70.35837521399992,-13.434703832999958,-70.35664576599993,-13.435187396999936,0.2599999999999909
1258,PE-34B,187.226,187.363,PUNO,SIERRA,RAMAL,MONTAÑOSO,2.0,68.7,Buena,-70.44341569399995,-14.038593375999938,-70.4442634589999,-14.037626265999904,0.13700000000000045
1259,PE-34B,230.886,231.103,PUNO,SIERRA,RAMAL,MONTAÑOSO,1.0,38.2,Buena,-70.47783671299993,-13.805343362999906,-70.47713253799992,-13.803819269999906,0.21700000000001296
1260,PE-34B,231.103,232.175,PUNO,SIERRA,RAMAL,MONTAÑOSO,2.0,55.7,Buena,-70.47713470499991,-13.803821563999918,-70.47485160899993,-13.801212310999915,1.0720000000000027
1261,PE-34B,201.441,201.847,PUNO,SIERRA,RAMAL,MONTAÑOSO,2.0,55.7,Buena,-70.48705847499991,-13.942590275999919,-70.4893924289999,-13.93974832899994,0.4060000000000059
1262,PE-36A,41.876,42.043,MOQUEGUA,SIERRA,TRANSVERSAL,MONTAÑOSO,2.0,55.7,Buena,-70.85978707499993,-17.053933801999904,-70.85905581199995,-17.05356275899993,0.1670000000000016
1263,PE-34K,21.18,25.86,PUNO,SIERRA,TRANSVERSAL,,0.0,0.0,Regular,-70.06598275199991,-14.356415931999948,-70.02350193699993,-14.36158168499992,4.68
1264,PE-14,56.768,56.991,ANCASH,SIERRA,TRANSVERSAL,ONDULADO,2.0,66.89,Buena,-77.89014600999991,-9.55929541599994,-77.88824773999994,-9.559105642999953,0.22299999999999898
1265,PE-14,144.445,145.464,ANCASH,SIERRA,TRANSVERSAL,MONTAÑOSO,0.0,0.0,Buena,-77.53907626799992,-9.512751988999923,-77.53820458299992,-9.521115197999904,1.0190000000000055
1266,PE-14,136.915,137.657,ANCASH,SIERRA,TRANSVERSAL,MONTAÑOSO,0.0,0.0,Buena,-77.55222329199995,-9.536696384999914,-77.55626522499995,-9.534742687999938,0.7420000000000186
1267,PE-14,109.082,109.404,ANCASH,SIERRA,TRANSVERSAL,MONTAÑOSO,1.0,33.11,Buena,-77.63956883899993,-9.556741712999951,-77.64065269399993,-9.559320932999924,0.32200000000000273
1268,PE-28B,190.746,208.921,CUSCO,SELVA,VARIANTE,ONDULADO,1.0,50.38,Buena,-73.71614346099994,-12.63706192299992,-73.6901135299999,-12.677714581999908,18.174999999999983
1269,PE-1NU,27.963,28.023,PIURA,,RAMAL,,0.0,0.0,Buena,-80.34498936699993,-4.934870008999951,-80.34471452499992,-4.934407617999909,0.05999999999999872
1270,PE-3SC,25.359,25.429,HUANCAVELICA,SIERRA,RAMAL,ONDULADO,2.0,43.03,Mala,-75.07095578099995,-12.257323351999958,-75.07127571099994,-12.257831572999919,0.06999999999999673
1271,PE-34I,77.783,77.872,PUNO,SIERRA,RAMAL,PLANO,2.0,35.54,Mala,-69.35501579899994,-15.488508707999927,-69.35476213299995,-15.489184547999912,0.08899999999999864
1272,PE-1NL,2.347,7.157,PIURA,COSTA,RAMAL,PLANO,2.0,80.89,Buena,-80.6768818569999,-4.911554249999938,-80.63482284199995,-4.919593810999913,4.8100000000000005
1273,PE-1NL,27.798,43.689,PIURA,COSTA,RAMAL,PLANO,2.0,80.89,Buena,-80.46618270599993,-4.889619826999933,-80.33605193799991,-4.913507460999938,15.891000000000002
1274,PE-1NJ,191.473,202.225,PIURA,COSTA,VARIANTE,PLANO,2.0,80.89,Buena,-80.50306319499992,-5.159225463999917,-80.5957711019999,-5.187880738999922,10.751999999999981
1275,PE-1N,510.72,515.128,LA LIBERTAD,COSTA,LONGITUDINAL DE LA COSTA,PLANO,3.0,80.89,Buena,-78.74086255799995,-8.446212518999914,-78.77726134699992,-8.42971118999992,4.4080000000000155
1276,PE-1N,493.899,498.651,LA LIBERTAD,COSTA,LONGITUDINAL DE LA COSTA,PLANO,3.0,80.89,Buena,-78.6713244419999,-8.573209512999938,-78.68178624899991,-8.53273938999996,4.7520000000000095
1277,PE-1NJ,91.169,96.682,LAMBAYEQUE,COSTA,VARIANTE,ONDULADO,2.0,76.18,Buena,-79.74066517699993,-5.984890389999919,-79.7592239359999,-5.940250396999943,5.513000000000005
1278,PE-1NJ,124.682,150.305,LAMBAYEQUE,COSTA,VARIANTE,ONDULADO,2.0,76.18,Buena,-79.88776778899995,-5.7266159059999495,-79.96826591099995,-5.5808523519999085,25.623000000000005
1279,PE-1N,188.526,198.789,LIMA,COSTA,LONGITUDINAL DE LA COSTA,PLANO,3.0,80.89,Buena,-77.70651676799991,-10.796180759999913,-77.7622703749999,-10.723598326999934,10.262999999999977
1280,PE-1SD,63.232,94.458,AREQUIPA,COSTA,VARIANTE,ONDULADO,1.0,0.0,Buena,-72.24071846099991,-16.850434481999912,-72.0864925379999,-16.99455451999995,31.226
1281,PE-28B,158.666,160.441,AYACUCHO,SELVA,VARIANTE,MONTAÑOSO,1.0,40.61,Buena,-73.84478568999992,-12.617696761999923,-73.83526554199995,-12.611379993999947,1.7750000000000057
1282,PE-3N,1100.707,1100.961,LA LIBERTAD,SIERRA,LONGITUDINAL DE LA SIERRA,PLANO,1.0,55.7,Buena,-78.05287162499991,-7.812110261999919,-78.0478435309999,-7.808153556999912,0.2539999999999054
1283,PE-3N,1100.961,1101.546,LA LIBERTAD,SIERRA,LONGITUDINAL DE LA SIERRA,PLANO,1.0,55.7,Buena,-78.0478435309999,-7.808153556999912,-78.04317474399994,-7.817649840999934,0.5850000000000364
1284,PE-3N,1275.159,1275.393,CAJAMARCA,SIERRA,LONGITUDINAL DE LA SIERRA,PLANO,4.0,78.24,Buena,-78.5063380599999,-7.152299659999926,-78.50646784599991,-7.155788361999953,0.2339999999999236
1285,PE-3N,1276.163,1277.163,CAJAMARCA,SIERRA,LONGITUDINAL DE LA SIERRA,ONDULADO,2.0,68.7,Buena,-78.50876686799995,-7.145796316999906,-78.51226982799994,-7.144815497999957,1.0
1286,PE-3S,159.749,162.149,HUANCAVELICA,SIERRA,LONGITUDINAL DE LA SIERRA,ONDULADO,2.0,68.7,Buena,-75.0798969519999,-12.312593128999936,-75.07210070999992,-12.326319822999949,2.4000000000000057
1287,PE-3S,162.149,172.149,HUANCAVELICA,SIERRA,LONGITUDINAL DE LA SIERRA,ONDULADO,2.0,68.7,Buena,-75.07210070999992,-12.326319822999949,-75.05542073499993,-12.38455072599993,10.0
1288,PE-3S,172.149,172.381,HUANCAVELICA,SIERRA,LONGITUDINAL DE LA SIERRA,ONDULADO,2.0,68.7,Buena,-75.05542073499993,-12.38455072599993,-75.05662855399993,-12.386245702999929,0.23199999999999932
1289,PE-3S,155.569,157.986,HUANCAVELICA,SIERRA,LONGITUDINAL DE LA SIERRA,ONDULADO,2.0,68.7,Buena,-75.10110843399991,-12.288893510999912,-75.08399168299991,-12.29986514399991,2.4170000000000016
1290,PE-3S,130.719,131.472,JUNIN,SIERRA,LONGITUDINAL DE LA SIERRA,ONDULADO,2.0,68.7,Buena,-75.21810999399992,-12.120118193999929,-75.22014020499995,-12.126641697999958,0.7530000000000143
1291,PE-3S,118.3,119.138,JUNIN,SIERRA,LONGITUDINAL DE LA SIERRA,PLANO,6.0,78.24,Buena,-75.23870613699995,-12.024259705999953,-75.2343184149999,-12.030776802999924,0.8380000000000081
1292,PE-3S,35.374,66.193,JUNIN,SIERRA,LONGITUDINAL DE LA SIERRA,ONDULADO,2.0,68.7,Buena,-75.7513624209999,-11.724289703999943,-75.54993358099995,-11.79333048299992,30.818999999999996
1293,PE-3S,35.123,35.374,JUNIN,SIERRA,LONGITUDINAL DE LA SIERRA,ONDULADO,2.0,62.45,Buena,-75.75198002899992,-11.722179351999955,-75.7513624209999,-11.724289703999943,0.2510000000000048
1294,PE-3S,66.193,74.944,JUNIN,SIERRA,LONGITUDINAL DE LA SIERRA,MONTAÑOSO,2.0,55.7,Buena,-75.54993358099995,-11.79333048299992,-75.48942423599993,-11.822544318999917,8.751000000000005
1295,PE-3S,74.944,77.493,JUNIN,SIERRA,LONGITUDINAL DE LA SIERRA,PLANO,2.0,68.22,Buena,-75.48942423599993,-11.822544318999917,-75.49015659999992,-11.804196455999943,2.5489999999999924
1296,PE-3S,0.953,31.234,JUNIN,SIERRA,LONGITUDINAL DE LA SIERRA,ONDULADO,1.0,68.7,Buena,-75.90125871799995,-11.521361211999931,-75.76574472399994,-11.69926490599994,30.281000000000002
1297,PE-3S,190.968,224.738,HUANCAVELICA,SIERRA,LONGITUDINAL DE LA SIERRA,ONDULADO,2.0,66.89,Buena,-74.99623267299995,-12.499522399999933,-74.79087633099994,-12.461769537999942,33.77000000000001
1298,PE-3S,224.738,242.721,HUANCAVELICA,SIERRA,LONGITUDINAL DE LA SIERRA,ONDULADO,2.0,49.53,Buena,-74.79087633099994,-12.461769537999942,-74.69096203799995,-12.523351656999921,17.983000000000004
1299,PE-3S,390.205,390.468,AYACUCHO,SIERRA,LONGITUDINAL DE LA SIERRA,PLANO,2.0,75.08,Buena,-74.20673679499993,-13.17364277999991,-74.20572672999992,-13.174653407999926,0.26300000000003365
1300,PE-3S,368.869,369.45,AYACUCHO,SIERRA,LONGITUDINAL DE LA SIERRA,MONTAÑOSO,2.0,53.0,Buena,-74.22378507799993,-13.07841008999992,-74.2280907089999,-13.080782172999932,0.5809999999999604
1301,PE-3S,388.569,389.816,AYACUCHO,SIERRA,LONGITUDINAL DE LA SIERRA,PLANO,2.0,75.08,Buena,-74.21685447999994,-13.164962627999955,-74.20823608799992,-13.17214910599995,1.2469999999999573
1302,PE-3S,336.575,336.919,AYACUCHO,SIERRA,LONGITUDINAL DE LA SIERRA,MONTAÑOSO,2.0,40.51,Buena,-74.26156672699994,-12.931222701999957,-74.2586937559999,-12.932099904999916,0.3439999999999941
1303,PE-3S,308.739,309.039,HUANCAVELICA,SIERRA,LONGITUDINAL DE LA SIERRA,ONDULADO,2.0,49.53,Buena,-74.38525393599991,-12.813426640999921,-74.38434098699992,-12.814669795999919,0.30000000000001137
1304,PE-3S,516.048,525.848,APURIMAC,SIERRA,LONGITUDINAL DE LA SIERRA,ONDULADO,2.0,49.53,Buena,-73.8277274159999,-13.434520290999956,-73.80569144399993,-13.498505120999937,9.799999999999955
1305,PE-3S,1312.95,1314.101,PUNO,SIERRA,LONGITUDINAL DE LA SIERRA,PLANO,4.0,78.24,Buena,-70.13897161999995,-15.463098627999955,-70.13618412599993,-15.480153314999939,1.1510000000000673
1306,PE-3S,1223.557,1255.086,PUNO,SIERRA,LONGITUDINAL DE LA SIERRA,PLANO,2.0,68.22,Buena,-70.59477221199995,-14.893313711999951,-70.36600238199992,-15.04301470699994,31.528999999999996
1307,PE-3S,1153.245,1189.294,PUNO,SIERRA,LONGITUDINAL DE LA SIERRA,PLANO,2.0,75.08,Buena,-70.9876675079999,-14.485131294999917,-70.7467643459999,-14.658585221999942,36.049000000000206
1308,PE-3S,761.623,761.767,APURIMAC,SIERRA,LONGITUDINAL DE LA SIERRA,ONDULADO,2.0,68.7,Buena,-72.91317376799992,-13.700342521999914,-72.91272643299993,-13.699302075999924,0.14400000000000546
1309,PE-3S,763.097,775.62,APURIMAC,SIERRA,LONGITUDINAL DE LA SIERRA,ONDULADO,2.0,62.45,Buena,-72.91456525199993,-13.688482661999956,-72.90609722599993,-13.642461455999921,12.523000000000025
1310,PE-3S,801.707,814.25,APURIMAC,SIERRA,LONGITUDINAL DE LA SIERRA,ONDULADO,2.0,62.45,Buena,-72.83657920899992,-13.596162737999919,-72.81879720799992,-13.580321908999906,12.543000000000006
1311,PE-3S,814.25,838.906,APURIMAC,SIERRA,LONGITUDINAL DE LA SIERRA,ONDULADO,2.0,62.45,Buena,-72.81879720799992,-13.580321908999906,-72.76140061399991,-13.554913001999921,24.65599999999995
1312,PE-3S,838.906,855.471,APURIMAC,SIERRA,LONGITUDINAL DE LA SIERRA,ONDULADO,2.0,66.89,Buena,-72.76140061399991,-13.554913001999921,-72.66347307899991,-13.546694511999931,16.565000000000055
1313,PE-3S,855.471,859.311,APURIMAC,SIERRA,LONGITUDINAL DE LA SIERRA,ONDULADO,2.0,62.45,Buena,-72.66347307899991,-13.546694511999931,-72.65987942899994,-13.547587588999932,3.840000000000032
1314,PE-3S,783.281,787.432,APURIMAC,SIERRA,LONGITUDINAL DE LA SIERRA,ONDULADO,2.0,66.89,Buena,-72.86513478599994,-13.61390396999991,-72.85612120499991,-13.61821353299996,4.151000000000067
1315,PE-3S,859.311,872.791,APURIMAC,SIERRA,LONGITUDINAL DE LA SIERRA,ONDULADO,2.0,62.45,Buena,-72.65987942899994,-13.547587588999932,-72.57521602899993,-13.562751215999924,13.480000000000018
1316,PE-3S,789.583,801.707,APURIMAC,SIERRA,LONGITUDINAL DE LA SIERRA,ONDULADO,2.0,66.89,Buena,-72.8517172729999,-13.608765150999943,-72.83657920899992,-13.596162737999919,12.124000000000024
1317,PE-3S,893.64,900.85,CUSCO,SIERRA,LONGITUDINAL DE LA SIERRA,MONTAÑOSO,2.0,53.0,Buena,-72.43990216599991,-13.475623567999946,-72.41152717499995,-13.449934319999954,7.210000000000036
1318,PE-3S,974.936,978.847,CUSCO,SIERRA,LONGITUDINAL DE LA SIERRA,ONDULADO,4.0,62.45,Buena,-71.95486105799995,-13.533140955999954,-71.91903217799995,-13.536119028999906,3.9109999999999445
1319,PE-3S,957.459,964.169,CUSCO,SIERRA,LONGITUDINAL DE LA SIERRA,ONDULADO,2.0,62.45,Buena,-72.05297384599993,-13.48954275199992,-72.0051875499999,-13.508080139999947,6.710000000000036
1320,PE-3S,985.068,985.559,CUSCO,SIERRA,LONGITUDINAL DE LA SIERRA,ONDULADO,2.0,62.45,Buena,-71.86773067799993,-13.552228108999941,-71.86238892799992,-13.55326982899993,0.49099999999998545
1321,PE-3S,978.847,979.357,CUSCO,SIERRA,LONGITUDINAL DE LA SIERRA,ONDULADO,4.0,66.89,Buena,-71.91903217799995,-13.536119028999906,-71.91491395299994,-13.534513921999917,0.5099999999999909
1322,PE-3S,973.748,974.936,CUSCO,SIERRA,LONGITUDINAL DE LA SIERRA,ONDULADO,4.0,62.45,Buena,-71.96575918799994,-13.532059400999913,-71.95486105799995,-13.533140955999954,1.1879999999999882
1323,PE-3S,1021.848,1024.875,CUSCO,SIERRA,LONGITUDINAL DE LA SIERRA,ONDULADO,2.0,62.45,Buena,-71.62154240299992,-13.684668913999928,-71.5981410629999,-13.687435858999947,3.0270000000000437
1324,PE-3S,1017.948,1019.922,CUSCO,SIERRA,LONGITUDINAL DE LA SIERRA,ONDULADO,2.0,62.45,Buena,-71.63031881599994,-13.685459885999933,-71.63250699999992,-13.673827999999958,1.9740000000000464
1325,PE-3S,987.311,1002.08,CUSCO,SIERRA,LONGITUDINAL DE LA SIERRA,ONDULADO,2.0,62.45,Buena,-71.84806185299993,-13.560162216999913,-71.72722821799994,-13.60672705199994,14.769000000000005
1326,PE-3S,1002.08,1014.304,CUSCO,SIERRA,LONGITUDINAL DE LA SIERRA,ONDULADO,2.0,62.45,Buena,-71.72722821799994,-13.60672705199994,-71.65607601699992,-13.682141900999909,12.223999999999933
1327,PE-3S,900.85,920.186,CUSCO,SIERRA,LONGITUDINAL DE LA SIERRA,MONTAÑOSO,2.0,53.0,Buena,-72.41152717499995,-13.449934319999954,-72.35489771199991,-13.441123769999933,19.336000000000013
1328,PE-3S,946.122,957.459,CUSCO,SIERRA,LONGITUDINAL DE LA SIERRA,ONDULADO,2.0,62.45,Buena,-72.14886237299993,-13.46258442699991,-72.05297384599993,-13.48954275199992,11.336999999999989
1329,PE-3S,1318.373,1323.94,PUNO,SIERRA,LONGITUDINAL DE LA SIERRA,PLANO,2.0,78.24,Buena,-70.1188208499999,-15.499843867999914,-70.11639532899994,-15.53160274299995,5.567000000000007
1330,PE-3S,1323.94,1362.632,PUNO,SIERRA,LONGITUDINAL DE LA SIERRA,PLANO,2.0,78.24,Buena,-70.11639532899994,-15.53160274299995,-70.03330857599991,-15.841725220999933,38.69200000000001
1331,PE-3S,1362.632,1364.762,PUNO,SIERRA,LONGITUDINAL DE LA SIERRA,PLANO,2.0,68.22,Buena,-70.03330857599991,-15.841725220999933,-70.01763879499993,-15.854304930999945,2.1299999999998818
1332,PE-3S,1386.55,1391.367,PUNO,SIERRA,LONGITUDINAL DE LA SIERRA,PLANO,2.0,78.24,Buena,-69.87416364699993,-15.930208598999911,-69.83514486999991,-15.94477259699994,4.817000000000007
1333,PE-3S,1391.367,1406.531,PUNO,SIERRA,LONGITUDINAL DE LA SIERRA,PLANO,2.0,68.22,Buena,-69.83514486999991,-15.94477259699994,-69.72796188099994,-16.03193759699991,15.163999999999987
1334,PE-3S,1406.531,1418.886,PUNO,SIERRA,LONGITUDINAL DE LA SIERRA,PLANO,2.0,78.24,Buena,-69.72796188099994,-16.03193759699991,-69.6258009579999,-16.09369606699994,12.355000000000018
1335,PE-5S,0.0,3.569,JUNIN,SELVA,LONGITUDINAL DE LA SELVA,ONDULADO,2.0,60.03,Buena,-75.2941063049999,-10.960402635999912,-75.26726157099995,-10.946377540999947,3.569
1336,PE-5S,152.686,174.792,JUNIN,SELVA,LONGITUDINAL DE LA SELVA,PLANO,2.0,50.38,Buena,-74.42636451999994,-11.241769663999946,-74.31342830599993,-11.135927780999907,22.105999999999995
1337,PE-5S,192.937,266.937,JUNIN,SELVA,LONGITUDINAL DE LA SELVA,ONDULADO,0.0,0.0,Sin Informacion,-74.18073160699993,-11.139846569999918,-73.66463350599992,-11.255211750999933,74.0
1338,PE-5S,5.221,12.892,JUNIN,SELVA,LONGITUDINAL DE LA SELVA,ONDULADO,2.0,59.09,Buena,-75.25323068499995,-10.949981865999916,-75.20626507999992,-10.939873298999942,7.670999999999999
1339,PE-5S,19.982,26.892,JUNIN,SELVA,LONGITUDINAL DE LA SELVA,ONDULADO,2.0,59.09,Buena,-75.15358905699992,-10.933693927999911,-75.11651360899992,-10.900151923999942,6.91
1340,PE-5S,26.892,35.074,JUNIN,SELVA,LONGITUDINAL DE LA SELVA,ONDULADO,2.0,59.09,Buena,-75.11651360899992,-10.900151923999942,-75.0592274999999,-10.872065823999947,8.181999999999999
1341,PE-5S,40.033,45.028,JUNIN,SELVA,LONGITUDINAL DE LA SELVA,ONDULADO,2.0,60.03,Buena,-75.02021117499993,-10.868991273999939,-74.98454095599993,-10.876992143999928,4.994999999999997
1342,PE-5S,46.36,58.784,JUNIN,SELVA,LONGITUDINAL DE LA SELVA,ONDULADO,2.0,59.09,Buena,-74.97324888499992,-10.881515646999958,-74.87652822699994,-10.924957995999932,12.424
1343,PE-5S,46.318,46.36,JUNIN,SELVA,LONGITUDINAL DE LA SELVA,ONDULADO,2.0,59.09,Buena,-74.97361019399995,-10.881391375999954,-74.97324888499992,-10.881515646999958,0.04200000000000159
1344,PE-5S,806.959,1151.126,MADRE DE DIOS,SELVA,LONGITUDINAL DE LA SELVA,ONDULADO,0.0,0.0,Sin Informacion,-70.88709259099994,-12.267638205999958,-68.83374889099991,-12.47743304699992,344.16700000000003
1345,PE-5S,452.712,806.959,MADRE DE DIOS,SELVA,LONGITUDINAL DE LA SELVA,ONDULADO,0.0,0.0,Sin Informacion,-72.7076644899999,-11.818702697999925,-70.88709259099994,-12.267638205999958,354.24699999999996
1346,PE-3ND,26.032,26.21,CAJAMARCA,SIERRA,RAMAL,,0.0,0.0,Buena,-78.7031493909999,-6.31283196399994,-78.70212737399993,-6.312954545999958,0.17800000000000082
1347,PE-3ND,24.04,24.46,CAJAMARCA,SIERRA,RAMAL,,0.0,0.0,Regular,-78.69929791099992,-6.317645942999945,-78.69815127299995,-6.317092058999947,0.4200000000000017
1348,PE-3ND,38.765,38.851,CAJAMARCA,SIERRA,RAMAL,,0.0,0.0,Mala,-78.6908799759999,-6.2701449609999145,-78.69083489399992,-6.268831980999948,0.08599999999999852
1349,PE-3ND,24.46,24.673,CAJAMARCA,SIERRA,RAMAL,,0.0,0.0,Regular,-78.69815127299995,-6.317092058999947,-78.6980363269999,-6.316780040999959,0.2129999999999974
1350,PE-3ND,84.807,84.956,CAJAMARCA,SIERRA,RAMAL,,0.0,0.0,Mala,-78.69160461299992,-6.150669593999908,-78.69108295399991,-6.150515215999917,0.1490000000000009
1351,PE-30C,589.995,593.093,MADRE DE DIOS,SELVA,TRANSVERSAL,PLANO,2.0,64.96,Buena,-69.45366209999992,-11.403630172999954,-69.4795881579999,-11.406071745999952,3.0979999999999563
1352,PE-5N,10.324,10.415,JUNIN,SELVA,LONGITUDINAL DE LA SELVA,ONDULADO,2.0,56.43,Buena,-75.28707700799993,-10.888996285999951,-75.28713824599993,-10.88821284599993,0.0909999999999993
1353,PE-5N,39.846,39.903,PASCO,SELVA,LONGITUDINAL DE LA SELVA,MONTAÑOSO,2.0,36.21,Buena,-75.27360994999992,-10.739188861999935,-75.2731549259999,-10.738903186999949,0.05700000000000216
1354,PE-5N,51.886,52.567,PASCO,SELVA,LONGITUDINAL DE LA SELVA,MONTAÑOSO,2.0,36.21,Buena,-75.21252996299995,-10.745379961999959,-75.20958791699991,-10.741023421999955,0.6809999999999974
1355,PE-5N,17.759,34.946,PASCO,SELVA,LONGITUDINAL DE LA SELVA,MONTAÑOSO,2.0,32.27,Buena,-75.2900118899999,-10.84272436699996,-75.3022826749999,-10.751277609999931,17.186999999999998
1356,PE-5N,39.937,39.98,PASCO,SELVA,LONGITUDINAL DE LA SELVA,MONTAÑOSO,4.0,36.21,Buena,-75.27292808099992,-10.738765224999952,-75.27255655599993,-10.738536422999914,0.04299999999999926
1357,PE-5N,34.946,39.811,PASCO,SELVA,LONGITUDINAL DE LA SELVA,MONTAÑOSO,2.0,36.21,Buena,-75.3022826749999,-10.751277609999931,-75.27386621699992,-10.739352204999932,4.865000000000002
1358,PE-5N,39.811,39.846,PASCO,SELVA,LONGITUDINAL DE LA SELVA,MONTAÑOSO,2.0,36.21,Buena,-75.27386621699992,-10.739352204999932,-75.27360994999992,-10.739188861999935,0.03499999999999659
1359,PE-5N,39.903,39.937,PASCO,SELVA,LONGITUDINAL DE LA SELVA,MONTAÑOSO,4.0,36.21,Buena,-75.2731549259999,-10.738903186999949,-75.27292808099992,-10.738765224999952,0.03399999999999892
1360,PE-5N,439.304,439.503,UCAYALI,SELVA,LONGITUDINAL DE LA SELVA,ONDULADO,2.0,60.03,Buena,-75.75048880999992,-9.142499573999942,-75.75032150099992,-9.143950727999936,0.19900000000001228
1361,PE-5N,450.339,450.726,UCAYALI,SELVA,LONGITUDINAL DE LA SELVA,ONDULADO,2.0,60.03,Buena,-75.79111753599994,-9.163423431999945,-75.79295604799995,-9.166082394999933,0.38700000000000045
1362,PE-5N,427.148,427.665,UCAYALI,SELVA,LONGITUDINAL DE LA SELVA,ONDULADO,2.0,41.29,Mala,-75.6983413879999,-9.075924010999927,-75.69975280799991,-9.080015181999954,0.5169999999999959
1363,PE-5N,558.787,558.948,SAN MARTIN,SELVA,LONGITUDINAL DE LA SELVA,ONDULADO,2.0,50.38,Buena,-76.23606672099993,-8.73465667399995,-76.23663569299993,-8.733409955999946,0.16099999999994452
1364,PE-5N,549.38,549.589,HUANUCO,SELVA,LONGITUDINAL DE LA SELVA,ONDULADO,2.0,60.03,Buena,-76.16464301699995,-8.747406663999925,-76.16653639399993,-8.747187837999945,0.20900000000006003
1365,PE-5N,590.636,591.145,SAN MARTIN,SELVA,LONGITUDINAL DE LA SELVA,PLANO,2.0,56.43,Buena,-76.3164054909999,-8.467777437999928,-76.3184131029999,-8.463669522999908,0.5090000000000146
1366,PE-5N,593.617,593.978,SAN MARTIN,SELVA,LONGITUDINAL DE LA SELVA,ONDULADO,2.0,60.03,Buena,-76.3270821189999,-8.443259325999918,-76.32806665699991,-8.440177323999933,0.36099999999999
1367,PE-5N,596.31,596.68,SAN MARTIN,SELVA,LONGITUDINAL DE LA SELVA,ONDULADO,2.0,41.29,Buena,-76.3259802469999,-8.420136395999918,-76.32470526799995,-8.416964854999947,0.37000000000000455
1368,PE-5N,596.68,597.094,SAN MARTIN,SELVA,LONGITUDINAL DE LA SELVA,ONDULADO,2.0,56.43,Buena,-76.32470526799995,-8.416964854999947,-76.32141998499992,-8.415626324999948,0.41400000000010095
1369,PE-5N,819.283,838.497,SAN MARTIN,SELVA,LONGITUDINAL DE LA SELVA,ONDULADO,2.0,60.03,Buena,-76.76068096099993,-7.133550426999932,-76.6478343249999,-7.0864425249999385,19.213999999999942
1370,PE-5N,907.42,919.258,SAN MARTIN,SELVA,LONGITUDINAL DE LA SELVA,PLANO,2.0,72.6,Buena,-76.29244165199992,-6.746954436999943,-76.32363373699991,-6.663197020999917,11.83800000000008
1371,PE-5N,940.611,940.794,SAN MARTIN,SELVA,LONGITUDINAL DE LA SELVA,ONDULADO,2.0,41.29,Buena,-76.34823605999992,-6.508256927999923,-76.34983320799995,-6.508662304999916,0.18299999999999272
1372,PE-5N,940.455,940.611,SAN MARTIN,SELVA,LONGITUDINAL DE LA SELVA,PLANO,2.0,64.96,Buena,-76.34708915399995,-6.50799497099996,-76.34823605999992,-6.508256927999923,0.15599999999994907
1373,PE-5N,1303.473,1304.009,AMAZONAS,SELVA,LONGITUDINAL DE LA SELVA,MONTAÑOSO,2.0,46.75,Buena,-78.2820119029999,-5.819978352999954,-78.28674922499994,-5.818850889999908,0.5360000000000582
1374,PE-5N,1355.474,1356.047,CAJAMARCA,SELVA,LONGITUDINAL DE LA SELVA,ONDULADO,2.0,60.03,Buena,-78.6929857419999,-5.754030041999954,-78.69445351699994,-5.7572692259999485,0.5730000000000928
1375,PE-5N,1324.801,1325.444,AMAZONAS,SELVA,LONGITUDINAL DE LA SELVA,MONTAÑOSO,2.0,48.16,Buena,-78.45042645199993,-5.748728594999932,-78.45465904299994,-5.744697988999917,0.6430000000000291
1376,PE-5N,1310.593,1310.741,AMAZONAS,SELVA,LONGITUDINAL DE LA SELVA,MONTAÑOSO,2.0,42.62,Buena,-78.3366997199999,-5.794882196999936,-78.33770412399991,-5.794094604999941,0.14799999999991087
1377,PE-5N,1172.515,1172.728,SAN MARTIN,SELVA,LONGITUDINAL DE LA SELVA,ONDULADO,2.0,68.7,Buena,-77.75574396799993,-5.674447741999927,-77.75629234199994,-5.673013686999923,0.21299999999996544
1378,PE-5N,1443.674,1444.234,CAJAMARCA,SELVA,LONGITUDINAL DE LA SELVA,PLANO,2.0,64.96,Buena,-78.79646041399991,-5.344329001999938,-78.79673524999993,-5.339233088999947,0.5599999999999454
1379,PE-5N,1444.234,1445.145,CAJAMARCA,SELVA,LONGITUDINAL DE LA SELVA,PLANO,2.0,64.96,Buena,-78.79673524999993,-5.339233088999947,-78.79717914199995,-5.33101797799992,0.9110000000000582
1380,PE-5N,1496.814,1497.289,CAJAMARCA,SELVA,LONGITUDINAL DE LA SELVA,ONDULADO,2.0,34.12,Buena,-78.99576947999992,-5.133256034999931,-79.00077200599992,-5.131461189999925,0.47499999999990905
1381,PE-5N,948.708,949.044,SAN MARTIN,SELVA,LONGITUDINAL DE LA SELVA,ONDULADO,2.0,72.6,Buena,-76.40505448999994,-6.480746501999931,-76.40496174899994,-6.4784234059999335,0.33600000000001273
1382,PE-5N,146.045,151.323,PASCO,SELVA,LONGITUDINAL DE LA SELVA,MONTAÑOSO,2.0,30.99,Regular,-74.98602312499992,-10.325541011999917,-74.98204305799993,-10.302036382999916,5.27800000000002
1383,PE-5N,39.98,40.812,PASCO,SELVA,LONGITUDINAL DE LA SELVA,MONTAÑOSO,4.0,47.84,Buena,-75.27255655599993,-10.738536422999914,-75.26897376799991,-10.736323501999948,0.8320000000000007
1384,PE-5N,1497.289,1498.14,CAJAMARCA,SELVA,LONGITUDINAL DE LA SELVA,ONDULADO,2.0,56.43,Buena,-79.00077200599992,-5.131461189999925,-79.00473319499991,-5.133951646999947,0.8510000000001128
1385,PE-5N,446.694,447.51,UCAYALI,SELVA,LONGITUDINAL DE LA SELVA,ONDULADO,2.0,60.03,Buena,-75.78684686999992,-9.137339624999925,-75.78672216599995,-9.141719670999919,0.8159999999999741
1386,PE-5N,1283.746,1283.808,AMAZONAS,SELVA,LONGITUDINAL DE LA SELVA,MONTAÑOSO,2.0,46.75,Buena,-78.1523540039999,-5.888524023999935,-78.15257939999992,-5.888871381999934,0.06199999999989814
1387,PE-5SA,131.636,159.5,UCAYALI,SELVA,RAMAL,ONDULADO,0.0,0.0,Buena,-73.75563335499993,-10.735888183999919,-73.75557408499992,-10.729254879999928,27.864000000000004
1388,PE-14A,165.824,180.494,ANCASH,SIERRA,RAMAL,MONTAÑOSO,1.0,44.1,Regular,-76.96014486199994,-9.162521055999946,-76.9456704129999,-9.113525915999958,14.669999999999987
1389,PE-1NR,67.786,74.098,PIURA,COSTA,TRANSVERSAL,ONDULADO,0.0,0.0,Sin Informacion,-79.98992341899992,-5.173776529999941,-79.94878999999992,-5.163629999999955,6.311999999999998
1390,PE-1NR,89.293,93.691,PIURA,SIERRA,TRANSVERSAL,ONDULADO,0.0,0.0,Sin Informacion,-79.88748803999994,-5.104762972999936,-79.88092734999992,-5.089971161999927,4.397999999999996
1391,PE-1NR,93.997,101.057,PIURA,SIERRA,TRANSVERSAL,ONDULADO,0.0,0.0,Sin Informacion,-79.87891867199994,-5.088406677999956,-79.86712992499992,-5.06231940999993,7.060000000000002
1392,PE-1NR,110.082,111.784,PIURA,SIERRA,TRANSVERSAL,ONDULADO,0.0,0.0,Sin Informacion,-79.85502144999992,-5.035262240999941,-79.84410618999993,-5.0368827429999214,1.7020000000000124
1393,PE-1NR,113.639,128.298,PIURA,SIERRA,TRANSVERSAL,ONDULADO,0.0,0.0,Sin Informacion,-79.83679363999994,-5.031599078999932,-79.7868968279999,-5.027683991999936,14.659000000000006
1394,PE-1NR,141.448,156.75,PIURA,SIERRA,TRANSVERSAL,ONDULADO,0.0,0.0,Sin Informacion,-79.73079080999992,-5.022862550999946,-79.6642224329999,-4.998126919999947,15.301999999999992
1395,PE-1NR,157.574,179.946,PIURA,SIERRA,TRANSVERSAL,ONDULADO,0.0,0.0,Sin Informacion,-79.66208837599993,-4.995285142999933,-79.58137981899995,-4.935283831999925,22.371999999999986
1396,PE-1NR,128.513,141.448,PIURA,SIERRA,TRANSVERSAL,ONDULADO,0.0,0.0,Sin Informacion,-79.78671362999995,-5.026301033999914,-79.73079080999992,-5.022862550999946,12.935000000000002
1397,PE-1NR,63.077,67.786,PIURA,COSTA,TRANSVERSAL,PLANO,0.0,0.0,Sin Informacion,-80.02841071599994,-5.170715461999919,-79.98992341899992,-5.173776529999941,4.709000000000003
1398,PE-30,5.071,19.404,ICA,COSTA,TRANSVERSAL,PLANO,2.0,78.24,Buena,-75.02129040999995,-15.163194947999955,-75.0294017789999,-15.16719245899992,14.333
1399,PE-28B,120.076,137.512,AYACUCHO,SELVA,VARIANTE,MONTAÑOSO,1.0,40.61,Buena,-73.97679496599994,-12.747526727999912,-73.88727412399993,-12.718650772999922,17.436000000000007
1400,PE-28B,441.447,449.129,CUSCO,SELVA,VARIANTE,MONTAÑOSO,1.0,40.61,Buena,-72.60772571199993,-12.774137802999917,-72.66390429799992,-12.782868310999959,7.682000000000016
1401,PE-28B,449.129,460.143,CUSCO,SELVA,VARIANTE,MONTAÑOSO,1.0,42.62,Buena,-72.66390429799992,-12.782868310999959,-72.70554923999993,-12.848957061999954,11.013999999999953
1402,PE-1N,1129.166,1134.228,PIURA,COSTA,LONGITUDINAL DE LA COSTA,PLANO,3.0,80.89,Buena,-81.13937295199992,-4.39055677999994,-81.12633818099994,-4.348372844999915,5.0620000000001255
1403,PE-1N,1144.213,1149.22,PIURA,COSTA,LONGITUDINAL DE LA COSTA,PLANO,3.0,77.35,Buena,-81.1894796929999,-4.285779803999958,-81.19772883299993,-4.251937317999932,5.007000000000062
1404,PE-1N,1149.22,1154.212,PIURA,COSTA,LONGITUDINAL DE LA COSTA,PLANO,3.0,80.89,Buena,-81.19772883299993,-4.251937317999932,-81.16851437799994,-4.227884184999937,4.991999999999962
1405,PE-1N,1154.212,1178.129,PIURA,COSTA,LONGITUDINAL DE LA COSTA,PLANO,3.0,77.35,Buena,-81.16851437799994,-4.227884184999937,-81.03026264899995,-4.102020013999947,23.916999999999916
1406,PE-34G,30.189,30.219,CUSCO,SIERRA,RAMAL,ONDULADO,2.0,66.89,Regular,-71.2929523919999,-14.348767813999928,-71.29270877699992,-14.348902538999937,0.030000000000001137
1407,PE-1N,1195.046,1256.067,TUMBES,COSTA,LONGITUDINAL DE LA COSTA,PLANO,3.0,77.35,Buena,-80.97908537199993,-4.006122078999908,-80.62116060699992,-3.6583704309999234,61.02099999999996
1408,PE-1N,1139.483,1144.213,PIURA,COSTA,LONGITUDINAL DE LA COSTA,PLANO,3.0,80.89,Buena,-81.15870546299993,-4.31477366699994,-81.1894796929999,-4.285779803999958,4.730000000000018
1409,PE-1N,1277.442,1279.067,TUMBES,COSTA,LONGITUDINAL DE LA COSTA,PLANO,3.0,69.78,Buena,-80.46134361599991,-3.5713850339999453,-80.45293380399994,-3.559386550999932,1.625
1410,PE-1N,1279.067,1281.085,TUMBES,COSTA,LONGITUDINAL DE LA COSTA,PLANO,3.0,80.89,Buena,-80.45293380399994,-3.559386550999932,-80.43586034099991,-3.554937112999937,2.018000000000029
1411,PE-28B,82.441,115.689,AYACUCHO,SIERRA,VARIANTE,MONTAÑOSO,1.0,44.1,Buena,-74.00053469999995,-12.888446292999959,-73.98945375699992,-12.755775595999921,33.24799999999999
1412,PE-3SG,297.306,301.416,CUSCO,SIERRA,RAMAL,MONTAÑOSO,1.0,44.1,Regular,-71.01887103099995,-14.969740423999951,-70.99833313699992,-14.98391069999991,4.110000000000014
1413,PE-3SG,277.848,282.911,CUSCO,SIERRA,RAMAL,ONDULADO,1.0,49.53,Regular,-71.1610645639999,-14.91941030199996,-71.11795855399993,-14.934306163999906,5.062999999999988
1414,PE-1S,3.84,4.088,LIMA,COSTA,LONGITUDINAL DE LA COSTA,PLANO,6.0,80.89,Buena,-76.98115791599992,-12.08961721399993,-76.98085219799992,-12.09184204199994,0.24800000000000022
1415,PE-28B,63.332,63.744,AYACUCHO,SIERRA,VARIANTE,MONTAÑOSO,4.0,52.87,Buena,-74.02408583899995,-12.948381935999919,-74.0224735999999,-12.946915376999925,0.41199999999999903
1416,PE-28B,63.744,64.09,AYACUCHO,SIERRA,VARIANTE,MONTAÑOSO,1.0,52.87,Buena,-74.0224735999999,-12.946915376999925,-74.02430633099993,-12.945589004999931,0.34600000000000364
1417,PE-28B,475.313,475.393,CUSCO,SELVA,VARIANTE,ONDULADO,2.0,34.12,Buena,-72.66810533499995,-12.963387950999959,-72.6678269969999,-12.963237896999942,0.07999999999998408
1418,PE-1SF,0.0,2.651,ICA,COSTA,RAMAL,PLANO,0.0,0.0,Sin Informacion,-76.16581249099994,-13.760594639999908,-76.1890259999999,-13.753158999999926,2.651
1419,PE-12A,142.626,176.452,HUANUCO,SIERRA,TRANSVERSAL,MONTAÑOSO,1.0,44.1,Regular,-77.29585996599991,-8.516928219999954,-77.15138626099991,-8.603176116999919,33.82599999999999
1420,PE-16,46.988,49.197,ANCASH,SIERRA,TRANSVERSAL,PLANO,2.0,78.24,Buena,-77.62707565999995,-10.32508897899993,-77.61515657399991,-10.311081760999912,2.209000000000003
1421,PE-08B,407.377,412.294,AMAZONAS,SELVA,TRANSVERSAL,MONTAÑOSO,1.0,37.47,Buena,-77.51092696899991,-6.3745859169999335,-77.48237228399995,-6.396789550999927,4.916999999999973
1422,PE-08B,445.322,447.334,AMAZONAS,SELVA,TRANSVERSAL,ONDULADO,1.0,41.29,Buena,-77.34098313399994,-6.51468327099991,-77.33134538599995,-6.495051009999941,2.0120000000000005
1423,PE-08B,427.311,430.311,AMAZONAS,SELVA,TRANSVERSAL,ONDULADO,1.0,46.47,Buena,-77.39811070799993,-6.464989343999946,-77.38170319199992,-6.47204224099994,3.0
1424,PE-1S,288.791,292.788,ICA,COSTA,LONGITUDINAL DE LA COSTA,PLANO,0.0,77.35,Buena,-75.7685078159999,-13.999770971999908,-75.75629100299994,-14.033758704999912,3.997000000000014
1425,PE-1S,292.788,295.224,ICA,COSTA,LONGITUDINAL DE LA COSTA,PLANO,6.0,77.35,Buena,-75.75629100299994,-14.033758704999912,-75.7457910999999,-14.053214399999945,2.4359999999999786
1426,PE-1S,295.224,299.075,ICA,COSTA,LONGITUDINAL DE LA COSTA,PLANO,4.0,77.35,Buena,-75.7457910999999,-14.053214399999945,-75.73247862499994,-14.083979103999923,3.850999999999999
1427,PE-1S,285.402,288.791,ICA,COSTA,LONGITUDINAL DE LA COSTA,PLANO,2.0,69.78,Buena,-75.77891623999994,-13.970965269999908,-75.7685078159999,-13.999770971999908,3.38900000000001
1428,PE-12A,207.393,226.392,HUANUCO,SIERRA,TRANSVERSAL,ONDULADO,1.0,49.53,Regular,-77.03720573699991,-8.67789057899995,-76.95294189499992,-8.65741920499994,18.998999999999995
1429,PE-28B,214.783,218.748,CUSCO,SELVA,VARIANTE,MONTAÑOSO,1.0,40.61,Buena,-73.60744470799995,-12.80077087299992,-73.5994655149999,-12.797694253999907,3.9650000000000034
1430,PE-28B,218.748,232.397,CUSCO,SELVA,VARIANTE,MONTAÑOSO,1.0,42.62,Buena,-73.58939269599995,-12.79315831599996,-73.56236346599991,-12.78901877699991,13.649000000000001
1431,PE-30C,226.02,228.144,CUSCO,SELVA,TRANSVERSAL,ONDULADO,2.0,60.03,Buena,-70.50659942699991,-13.18871688799993,-70.49761983899992,-13.176922662999914,2.1239999999999952
1432,PE-3N,1154.172,1154.197,CAJAMARCA,SIERRA,LONGITUDINAL DE LA SIERRA,ONDULADO,1.0,0.0,Buena,-78.04668433899991,-7.624589735999905,-78.0467678949999,-7.62436816099995,0.024999999999863576
1433,PE-28B,174.184,178.628,CUSCO,SELVA,VARIANTE,ONDULADO,1.0,46.47,Regular,-73.7891311649999,-12.61774444599996,-73.75507455999991,-12.600369773999944,4.443999999999988
1434,PE-28B,320.264,329.91,CUSCO,SELVA,VARIANTE,MONTAÑOSO,1.0,40.61,Buena,-73.1057241929999,-12.621243114999913,-73.06698064999995,-12.65340478099995,9.646000000000015
1435,PE-28B,438.947,441.447,CUSCO,SELVA,VARIANTE,MONTAÑOSO,1.0,40.61,Buena,-72.58944178399992,-12.76965472799992,-72.60772571199993,-12.774137802999917,2.5
1436,PE-28B,269.002,305.064,CUSCO,SELVA,VARIANTE,MONTAÑOSO,1.0,42.62,Buena,-73.38161128999991,-12.751147199999934,-73.2038230899999,-12.638563155999918,36.06200000000001
1437,PE-28B,348.39,383.0,CUSCO,SELVA,VARIANTE,MONTAÑOSO,1.0,42.62,Buena,-72.95473228599991,-12.609833196999944,-72.78004323499994,-12.60482617599996,34.610000000000014
1438,PE-3N,1795.056,1795.171,PIURA,SIERRA,LONGITUDINAL DE LA SIERRA,MONTAÑOSO,1.0,26.8,Mala,-79.4374541489999,-5.15588697599992,-79.43753214399993,-5.156884457999922,0.1150000000000091
1439,PE-28B,482.452,505.047,CUSCO,SELVA,VARIANTE,ONDULADO,2.0,34.12,Buena,-72.64592909699991,-13.006365185999925,-72.49616144099991,-13.017666825999925,22.595000000000027
1440,PE-28B,37.732,63.301,AYACUCHO,SIERRA,VARIANTE,PLANO,1.0,52.87,Buena,-74.09150080299992,-12.983055272999934,-74.02405685999992,-12.948481915999935,25.569000000000003
1441,PE-22B,30.28,32.794,JUNIN,SIERRA,TRANSVERSAL,ONDULADO,2.0,66.89,Buena,-75.71545533099993,-11.419904223999936,-75.69369526799994,-11.419847269999934,2.513999999999996
1442,PE-3N,212.539,224.616,HUANUCO,SIERRA,LONGITUDINAL DE LA SIERRA,ONDULADO,2.0,62.45,Buena,-76.21067848699994,-10.102677029999938,-76.23956656799993,-10.001967609999951,12.077000000000027
1443,PE-3N,156.902,165.642,PASCO,SIERRA,LONGITUDINAL DE LA SIERRA,ONDULADO,2.0,66.89,Buena,-76.18009948699995,-10.515995025999928,-76.18074989299993,-10.45161437999991,8.740000000000009
1444,PE-28B,329.91,333.029,CUSCO,SELVA,VARIANTE,MONTAÑOSO,1.0,42.62,Buena,-73.06698064999995,-12.65340478099995,-73.05106544499995,-12.648204802999942,3.1189999999999714
1445,PE-3SG,94.608,94.621,CUSCO,SIERRA,RAMAL,ONDULADO,2.0,43.03,Buena,-72.08327710499992,-14.449247948999925,-72.08337592599992,-14.449278212999957,0.012999999999991019
1446,PE-20B,6.314,6.437,CALLAO,COSTA,TRANSVERSAL,PLANO,2.0,77.35,Regular,-77.11336326599991,-11.99731063799993,-77.1141344699999,-11.99809900899993,0.12300000000000022
1447,PE-08B,191.917,196.647,AMAZONAS,SIERRA,TRANSVERSAL,MONTAÑOSO,1.0,44.1,Buena,-77.95004864599991,-6.814996269999938,-77.93670000599991,-6.785092628999905,4.72999999999999
1448,PE-3N,227.124,231.5,HUANUCO,SIERRA,LONGITUDINAL DE LA SIERRA,ONDULADO,2.0,62.45,Buena,-76.24476920899991,-9.980409838999947,-76.24958793699994,-9.952506124999957,4.376000000000005
1449,PE-3N,374.779,374.861,HUANUCO,SIERRA,LONGITUDINAL DE LA SIERRA,ONDULADO,2.0,62.45,Buena,-76.8610857619999,-9.856867502999933,-76.86174218299993,-9.857130826999935,0.08199999999999363
1450,PE-18,134.502,134.945,LIMA,SIERRA,TRANSVERSAL,MONTAÑOSO,0.0,0.0,Buena,-76.78323159399991,-10.664284600999906,-76.78138092099994,-10.66730016799994,0.44299999999998363
1451,PE-12B,106.539,106.63,ANCASH,SELVA,RAMAL,MONTAÑOSO,1.0,37.47,Mala,-77.45946141699994,-8.342217943999913,-77.4586180149999,-8.342141890999926,0.09099999999999397
1452,PE-3N,1728.4,1728.432,PIURA,SIERRA,LONGITUDINAL DE LA SIERRA,MONTAÑOSO,1.0,31.95,Buena,-79.4746872369999,-5.401295845999925,-79.4746572279999,-5.401404138999908,0.03199999999992542
1453,PE-3N,1785.93,1786.05,PIURA,SIERRA,LONGITUDINAL DE LA SIERRA,MONTAÑOSO,1.0,55.0,Buena,-79.4235095969999,-5.193151473999933,-79.42437844099993,-5.1929642719999265,0.11999999999989086
1454,PE-18,137.336,138.381,LIMA,SIERRA,TRANSVERSAL,MONTAÑOSO,0.0,0.0,Buena,-76.76515180099994,-10.67425542399991,-76.77338192099995,-10.668283325999937,1.0449999999999875
1455,PE-22B,25.157,30.28,JUNIN,SIERRA,TRANSVERSAL,ONDULADO,2.0,62.45,Buena,-75.75467999099993,-11.42416090599994,-75.71545533099993,-11.419904223999936,5.123000000000001
1456,PE-30C,293.457,298.536,MADRE DE DIOS,SELVA,TRANSVERSAL,PLANO,2.0,70.33,Buena,-70.25211783099991,-12.920052874999953,-70.20975399699995,-12.915628264999953,5.079000000000008
1457,PE-18,272.814,273.011,HUANUCO,SIERRA,TRANSVERSAL,ONDULADO,1.0,55.02,Buena,-76.2542854109999,-10.224885980999943,-76.25262062899992,-10.22445640999996,0.19700000000000273
1458,PE-3N,3.786,3.976,JUNIN,SIERRA,LONGITUDINAL DE LA SIERRA,ONDULADO,2.0,62.45,Buena,-75.93175097499994,-11.50680331999996,-75.93307237699992,-11.505694282999912,0.18999999999999995
1459,PE-3N,1559.844,1559.97,CAJAMARCA,SELVA,LONGITUDINAL DE LA SIERRA,ONDULADO,1.0,56.43,Buena,-78.98761203099991,-6.0223931189999576,-78.9890607989999,-6.022608962999925,0.12599999999997635
1460,PE-3N,1269.859,1269.963,CAJAMARCA,SIERRA,LONGITUDINAL DE LA SIERRA,PLANO,2.0,75.08,Buena,-78.47221498099992,-7.188791594999941,-78.4731714159999,-7.188085939999951,0.10400000000004184
1461,PE-3N,984.516,984.531,LA LIBERTAD,SIERRA,LONGITUDINAL DE LA SIERRA,ONDULADO,1.0,55.02,Buena,-78.15284194499992,-8.090027913999961,-78.15291976899994,-8.090139388999944,0.014999999999986358
1462,PE-3N,984.531,984.589,LA LIBERTAD,SIERRA,LONGITUDINAL DE LA SIERRA,ONDULADO,4.0,55.02,Buena,-78.15291976899994,-8.090139388999944,-78.15300605499993,-8.090666091999935,0.05800000000010641
1463,PE-3N,225.171,227.124,HUANUCO,SIERRA,LONGITUDINAL DE LA SIERRA,ONDULADO,2.0,62.45,Buena,-76.24113475899992,-9.99720534699992,-76.24476920899991,-9.980409838999947,1.953000000000003
1464,PE-1S,21.526,21.963,LIMA,COSTA,LONGITUDINAL DE LA COSTA,PLANO,3.0,80.89,Buena,-76.95628520199995,-12.236160378999955,-76.95273519099993,-12.238006224999936,0.43700000000000117
1465,PE-18A,25.227,31.559,HUANUCO,SELVA,TRANSVERSAL,ONDULADO,2.0,59.09,Buena,-76.09364775199992,-9.831111524999926,-76.06929588299994,-9.800853728999925,6.332000000000001
1466,PE-1S,238.832,239.109,ICA,COSTA,LONGITUDINAL DE LA COSTA,PLANO,2.0,80.89,Buena,-76.14364596699994,-13.822176675999913,-76.14280304999994,-13.824546179999913,0.27700000000001523
1467,PE-18A,40.522,44.787,HUANUCO,SIERRA,TRANSVERSAL,MONTAÑOSO,2.0,55.0,Buena,-76.09481620799994,-9.745603560999939,-76.09813880899992,-9.730241775999957,4.265000000000001
1468,PE-1S,221.407,222.365,ICA,COSTA,LONGITUDINAL DE LA COSTA,PLANO,0.0,77.35,Buena,-76.15857683799993,-13.67591172899995,-76.15979743399993,-13.683491548999939,0.9579999999999984
1469,PE-1S,231.208,231.511,ICA,COSTA,LONGITUDINAL DE LA COSTA,PLANO,2.0,77.35,Buena,-76.16581249099994,-13.760594639999908,-76.1664838129999,-13.763153786999908,0.30299999999999727
1470,PE-30D,189.36,189.57,AYACUCHO,SIERRA,TRANSVERSAL,,0.0,0.0,Buena,-74.32757247699993,-13.834186029999955,-74.32794323699994,-13.832317162999914,0.20999999999997954
1471,PE-30D,194.972,195.47,AYACUCHO,SIERRA,TRANSVERSAL,,0.0,0.0,Buena,-74.3599099509999,-13.804571006999936,-74.35910446199995,-13.800963855999953,0.49799999999999045
1472,PE-30D,202.659,202.873,AYACUCHO,SIERRA,TRANSVERSAL,,0.0,0.0,Buena,-74.32457955099994,-13.775318783999921,-74.32382723499995,-13.773504493999951,0.21399999999999864
1473,PE-30D,191.091,191.409,AYACUCHO,SIERRA,TRANSVERSAL,,0.0,0.0,Buena,-74.33605608999994,-13.822596326999928,-74.33794450699992,-13.820362046999946,0.31799999999998363
1474,PE-24,281.595,282.71,JUNIN,SIERRA,TRANSVERSAL,ONDULADO,2.0,55.02,Buena,-75.29286457799992,-12.056628959999955,-75.29045688699995,-12.057431932999918,1.1149999999999523
1475,PE-30C,428.536,429.203,MADRE DE DIOS,SELVA,TRANSVERSAL,PLANO,2.0,64.96,Buena,-69.17693255299992,-12.597202359999926,-69.17249473599992,-12.594281621999926,0.6669999999999732
1476,PE-38,1.405,1.779,TACNA,SIERRA,TRANSVERSAL,ONDULADO,3.0,66.89,Regular,-70.25210761999995,-17.99415333299993,-70.25154405399991,-17.990909422999948,0.3739999999999999
1477,PE-08B,3.695,4.994,CAJAMARCA,SIERRA,TRANSVERSAL,PLANO,2.0,75.08,Regular,-78.46893539199993,-7.164967731999923,-78.45985221799992,-7.1617050169999175,1.299
1478,PE-34F,113.24,113.343,CUSCO,SIERRA,RAMAL,MONTAÑOSO,1.0,55.0,Buena,-71.42898398699992,-14.101648558999955,-71.42831242599993,-14.101083780999943,0.10300000000000864
1479,PE-1NJ,150.305,191.473,PIURA,COSTA,VARIANTE,PLANO,2.0,80.89,Buena,-79.96826591099995,-5.5808523519999085,-80.1124104349999,-5.244740418999925,41.168000000000006
1480,PE-08,155.002,171.666,CAJAMARCA,SIERRA,TRANSVERSAL,MONTAÑOSO,2.0,55.0,Buena,-78.48536613699991,-7.255384706999905,-78.5049478869999,-7.208102065999924,16.663999999999987
1481,PE-22B,63.206,72.963,JUNIN,SIERRA,TRANSVERSAL,MONTAÑOSO,2.0,55.0,Buena,-75.55805342799994,-11.271763630999942,-75.51658102699992,-11.23416977599993,9.75699999999999
1482,PE-3N,1390.926,1391.01,CAJAMARCA,SIERRA,LONGITUDINAL DE LA SIERRA,MONTAÑOSO,2.0,55.0,Buena,-78.52557945199993,-6.67890357999994,-78.52536709799995,-6.679601421999905,0.08400000000006003
1483,PE-28B,391.262,417.781,CUSCO,SELVA,VARIANTE,MONTAÑOSO,1.0,42.62,Buena,-72.65462354499994,-12.632535840999935,-72.5382690429999,-12.64732551599991,26.519000000000005
1484,PE-30A,75.778,98.649,AYACUCHO,SIERRA,TRANSVERSAL,PLANO,2.0,78.24,Buena,-74.51718689299992,-14.694545323999932,-74.3174028219999,-14.661407567999959,22.870999999999995
1485,PE-28B,388.362,391.262,CUSCO,SELVA,VARIANTE,MONTAÑOSO,1.0,42.62,Buena,-72.74687832199993,-12.602598303999912,-72.69498443599991,-12.625720977999947,2.8999999999999773
1486,PE-08,49.1,52.457,CAJAMARCA,COSTA,TRANSVERSAL,PLANO,2.0,80.89,Buena,-79.13373898999993,-7.250719278999952,-79.10602415599993,-7.25239236799996,3.3569999999999993
1487,PE-28B,432.08,433.275,CUSCO,SELVA,VARIANTE,MONTAÑOSO,1.0,40.61,Buena,-72.56141451299993,-12.72668316599993,-72.56721496599994,-12.739326476999906,1.1949999999999932
1488,PE-28B,433.275,438.947,CUSCO,SELVA,VARIANTE,MONTAÑOSO,1.0,42.62,Buena,-72.56721496599994,-12.739326476999906,-72.58944178399992,-12.76965472799992,5.6720000000000255
1489,PE-22B,92.647,102.601,JUNIN,SELVA,TRANSVERSAL,PLANO,2.0,64.96,Buena,-75.3878369059999,-11.137298942999905,-75.32937428799994,-11.08389999499991,9.953999999999994
1490,PE-08,171.735,174.921,CAJAMARCA,SIERRA,TRANSVERSAL,MONTAÑOSO,2.0,55.0,Buena,-78.50496821399992,-7.207508153999925,-78.5110393679999,-7.188088619999917,3.1859999999999786
1491,PE-08,76.337,90.33,CAJAMARCA,SIERRA,TRANSVERSAL,ONDULADO,2.0,68.7,Buena,-78.95389733299993,-7.197699755999906,-78.84766963999994,-7.223835006999934,13.992999999999995
1492,PE-28B,343.588,348.39,CUSCO,SELVA,VARIANTE,MONTAÑOSO,1.0,40.61,Buena,-72.97644703599991,-12.629438672999925,-72.95473228599991,-12.609833196999944,4.801999999999964
1493,PE-5NA,122.328,122.473,PASCO,SELVA,VARIANTE,ONDULADO,2.0,56.43,Mala,-75.55068397499991,-10.076244353999925,-75.55066049399994,-10.074922518999927,0.14499999999999602
1494,PE-3N,1213.511,1214.35,CAJAMARCA,SIERRA,LONGITUDINAL DE LA SIERRA,ONDULADO,2.0,49.53,Regular,-78.16702762099993,-7.336143316999937,-78.17325019799995,-7.333900451999909,0.8389999999999418
1495,PE-28B,417.781,431.057,CUSCO,SELVA,VARIANTE,MONTAÑOSO,1.0,40.61,Buena,-72.5382690429999,-12.64732551599991,-72.55225100699994,-12.728583747999949,13.27600000000001
1496,PE-14A,320.284,333.889,HUANUCO,SIERRA,RAMAL,ONDULADO,1.0,0.0,Sin Informacion,-76.65788478799993,-9.32697118099992,-76.55140726099995,-9.267380334999928,13.605000000000018
1497,PE-1S,318.083,339.179,ICA,COSTA,LONGITUDINAL DE LA COSTA,PLANO,2.0,77.35,Buena,-75.69410662599995,-14.23775545999996,-75.5981692819999,-14.393103865999933,21.095999999999947
1498,PE-1S,302.442,305.984,ICA,COSTA,LONGITUDINAL DE LA COSTA,PLANO,0.0,77.35,Buena,-75.71784605999994,-14.10509751199993,-75.7175294889999,-14.13688239399994,3.541999999999973
1499,PE-1S,305.984,307.507,ICA,COSTA,LONGITUDINAL DE LA COSTA,PLANO,0.0,77.35,Buena,-75.7175294889999,-14.13688239399994,-75.71468737999993,-14.150341929999911,1.5230000000000246
1500,PE-1S,438.101,440.89,ICA,COSTA,LONGITUDINAL DE LA COSTA,PLANO,2.0,75.08,Buena,-74.99098971099994,-14.810384915999919,-74.96773214399991,-14.82100640799996,2.7889999999999873
1501,PE-1S,311.428,312.353,ICA,COSTA,LONGITUDINAL DE LA COSTA,PLANO,2.0,77.35,Buena,-75.71462286099995,-14.184151899999904,-75.71385473799995,-14.19242182499994,0.9250000000000114
1502,PE-1S,339.179,342.379,ICA,COSTA,LONGITUDINAL DE LA COSTA,PLANO,2.0,69.78,Buena,-75.5981692819999,-14.393103865999933,-75.57124383099995,-14.401361119999933,3.2000000000000455
1503,PE-1S,748.905,750.95,AREQUIPA,COSTA,LONGITUDINAL DE LA COSTA,ONDULADO,2.0,73.34,Regular,-73.2678059399999,-16.381896319999953,-73.25331020399994,-16.38747256399995,2.0450000000000728
1504,PE-1S,307.507,311.428,ICA,COSTA,LONGITUDINAL DE LA COSTA,PLANO,2.0,77.35,Buena,-75.71468737999993,-14.150341929999911,-75.71462286099995,-14.184151899999904,3.9209999999999923
1505,PE-1S,357.774,360.964,ICA,COSTA,LONGITUDINAL DE LA COSTA,PLANO,2.0,77.35,Buena,-75.44002759299991,-14.455421097999931,-75.41142050199994,-14.462820380999915,3.1899999999999977
1506,PE-1S,312.353,313.869,ICA,COSTA,LONGITUDINAL DE LA COSTA,PLANO,2.0,77.35,Buena,-75.71385473799995,-14.19242182499994,-75.71424872799992,-14.205744902999925,1.5160000000000196
1507,PE-1S,757.803,762.155,AREQUIPA,COSTA,LONGITUDINAL DE LA COSTA,ONDULADO,2.0,73.34,Regular,-73.20469922199993,-16.401114182999947,-73.17448817699994,-16.41662502099996,4.351999999999975
1508,PE-1S,712.239,715.832,AREQUIPA,COSTA,LONGITUDINAL DE LA COSTA,MONTAÑOSO,2.0,63.74,Regular,-73.53239380999992,-16.25469813999996,-73.50387169099992,-16.268898184999955,3.592999999999961
1509,PE-1S,313.869,315.211,ICA,COSTA,LONGITUDINAL DE LA COSTA,PLANO,2.0,77.35,Buena,-75.71424872799992,-14.205744902999925,-75.70888072299994,-14.21649928699992,1.3419999999999845
1510,PE-1S,812.757,817.858,AREQUIPA,COSTA,LONGITUDINAL DE LA COSTA,ONDULADO,2.0,73.34,Regular,-72.84881496999992,-16.551397579999957,-72.80859657999991,-16.575878704999923,5.100999999999999
1511,PE-1S,857.387,866.043,AREQUIPA,SIERRA,LONGITUDINAL DE LA COSTA,ONDULADO,2.0,66.89,Regular,-72.6144703519999,-16.55433771099996,-72.53717134099992,-16.54192405099991,8.656000000000063
1512,PE-1S,315.211,318.083,ICA,COSTA,LONGITUDINAL DE LA COSTA,PLANO,2.0,77.35,Buena,-75.70888072299994,-14.21649928699992,-75.69410662599995,-14.23775545999996,2.872000000000014
1513,PE-1S,347.201,351.52,ICA,COSTA,LONGITUDINAL DE LA COSTA,PLANO,2.0,69.78,Buena,-75.53077108999992,-14.419902289999925,-75.49442753999995,-14.436360391999926,4.31899999999996
1514,PE-1S,433.068,438.101,ICA,COSTA,LONGITUDINAL DE LA COSTA,PLANO,2.0,75.08,Buena,-75.02794500999994,-14.782649585999934,-74.99098971099994,-14.810384915999919,5.0330000000000155
1515,PE-1S,443.431,444.437,ICA,COSTA,LONGITUDINAL DE LA COSTA,PLANO,4.0,78.24,Buena,-74.94555111699992,-14.827936714999908,-74.94250122499994,-14.835807359999933,1.0060000000000286
1516,PE-1S,419.298,429.421,ICA,COSTA,LONGITUDINAL DE LA COSTA,PLANO,2.0,75.08,Buena,-75.11559514399994,-14.692004145999931,-75.05054283999993,-14.758084379999957,10.12299999999999
1517,PE-1S,937.671,941.661,AREQUIPA,SIERRA,LONGITUDINAL DE LA COSTA,ONDULADO,2.0,66.89,Regular,-71.99532860499994,-16.436583137999946,-71.96124190599994,-16.451264456999922,3.9899999999998954
1518,PE-1S,342.379,347.201,ICA,COSTA,LONGITUDINAL DE LA COSTA,PLANO,2.0,80.89,Buena,-75.57124383099995,-14.401361119999933,-75.53077108999992,-14.419902289999925,4.822000000000003
1519,PE-28B,333.279,343.588,CUSCO,SELVA,VARIANTE,MONTAÑOSO,1.0,42.62,Buena,-73.04973309099995,-12.649909819999948,-72.97644703599991,-12.629438672999925,10.309000000000026
1520,PE-14A,343.005,360.285,HUANUCO,SELVA,RAMAL,ONDULADO,1.0,0.0,Sin Informacion,-76.47363142099994,-9.293049657999916,-76.39748828499995,-9.280206737999947,17.28000000000003
1521,PE-14A,414.485,418.084,HUANUCO,SELVA,RAMAL,ONDULADO,1.0,0.0,Sin Informacion,-76.08876049499992,-9.301388561999943,-76.04989036699993,-9.312171382999907,3.5989999999999895
1522,PE-1S,867.243,872.536,AREQUIPA,SIERRA,LONGITUDINAL DE LA COSTA,ONDULADO,2.0,68.7,Buena,-72.52644873799994,-16.538801304999936,-72.4786671199999,-16.527669399999922,5.292999999999893
1523,PE-3N,1045.276,1045.816,LA LIBERTAD,SIERRA,LONGITUDINAL DE LA SIERRA,MONTAÑOSO,2.0,40.51,Buena,-78.3105888849999,-8.011204198999906,-78.30664969499992,-8.012651091999942,0.5399999999999636
1524,PE-1S,360.964,365.575,ICA,COSTA,LONGITUDINAL DE LA COSTA,PLANO,2.0,77.35,Buena,-75.41142050199994,-14.462820380999915,-75.37006297199991,-14.473495791999937,4.61099999999999
1525,PE-1S,1297.081,1304.516,TACNA,COSTA,LONGITUDINAL DE LA COSTA,PLANO,4.0,77.35,Regular,-70.28106672199993,-18.05350342299994,-70.32029638999995,-18.10886012599991,7.435000000000173
1526,PE-1S,299.457,302.442,ICA,COSTA,LONGITUDINAL DE LA COSTA,PLANO,0.0,77.35,Buena,-75.72972639499994,-14.086164864999944,-75.71784605999994,-14.10509751199993,2.9850000000000136
1527,PE-14A,75.24,79.087,ANCASH,SIERRA,RAMAL,MONTAÑOSO,2.0,55.0,Regular,-77.15618456399994,-9.457943476999958,-77.16134775699993,-9.428457773999924,3.8470000000000084
1528,PE-1N,43.617,43.845,LIMA,COSTA,LONGITUDINAL DE LA COSTA,PLANO,2.0,80.89,Buena,-77.15761638099991,-11.781737054999951,-77.15942633999992,-11.778429914999947,0.22800000000000153
1529,PE-1N,26.375,26.763,LIMA,COSTA,LONGITUDINAL DE LA COSTA,PLANO,2.0,80.89,Buena,-77.06769306799993,-11.899999295999919,-77.0678749189999,-11.89649150799994,0.3880000000000017
1530,PE-1NR,156.75,157.574,PIURA,SIERRA,TRANSVERSAL,ONDULADO,0.0,0.0,Sin Informacion,-79.6642224329999,-4.998126919999947,-79.66208837599993,-4.995285142999933,0.8240000000000123
1531,PE-1NR,109.925,110.082,PIURA,SIERRA,TRANSVERSAL,ONDULADO,0.0,0.0,Sin Informacion,-79.85482909099994,-5.033937357999946,-79.85502144999992,-5.035262240999941,0.15699999999999648
1532,PE-1NR,93.691,93.997,PIURA,SIERRA,TRANSVERSAL,ONDULADO,0.0,0.0,Sin Informacion,-79.88092734999992,-5.089971161999927,-79.87891867199994,-5.088406677999956,0.3059999999999974
1533,PE-5NC,86.814,87.308,AMAZONAS,SELVA,RAMAL,ONDULADO,2.0,46.47,Buena,-78.36274337799995,-5.23645210299992,-78.36079917199993,-5.232360706999941,0.494000000000014
1534,PE-1N,651.352,656.359,LA LIBERTAD,COSTA,LONGITUDINAL DE LA COSTA,PLANO,3.0,69.78,Buena,-79.39823302499991,-7.5228106689999095,-79.4189667089999,-7.481943059999935,5.007000000000062
1535,PE-08,135.978,140.999,CAJAMARCA,SIERRA,TRANSVERSAL,ONDULADO,2.0,68.7,Buena,-78.52547986399992,-7.279981396999915,-78.50879129499992,-7.28799437999993,5.020999999999987
1536,PE-30C,378.906,398.568,MADRE DE DIOS,SELVA,TRANSVERSAL,PLANO,2.0,72.6,Buena,-69.56888961999994,-12.763057707999906,-69.40557862499992,-12.690326229999926,19.661999999999978
1537,PE-1N,25.653,25.872,LIMA,COSTA,LONGITUDINAL DE LA COSTA,PLANO,2.0,80.89,Buena,-77.0690701979999,-11.906223273999956,-77.0682482439999,-11.904418655999905,0.2190000000000012
1538,PE-1N,21.592,21.715,LIMA,COSTA,LONGITUDINAL DE LA COSTA,PLANO,2.0,80.89,Buena,-77.07132179399991,-11.94145459899994,-77.07142514999992,-11.940353143999914,0.12300000000000111
1539,PE-1NI,5.181,10.659,LAMBAYEQUE,COSTA,RAMAL,PLANO,2.0,80.89,Buena,-79.62170965099995,-6.93987795399994,-79.58729140499992,-6.917709951999939,5.478000000000001
1540,PE-08B,0.0,3.695,CAJAMARCA,SIERRA,TRANSVERSAL,PLANO,4.0,75.08,Regular,-78.50238335899991,-7.165788028999941,-78.4689350129999,-7.164968490999911,3.695
1541,PE-1NJ,202.225,252.875,PIURA,COSTA,VARIANTE,PLANO,2.0,80.89,Buena,-80.1124104349999,-5.244740418999925,-80.50306319499992,-5.159225463999917,50.650000000000006
1542,PE-1NI,10.659,11.835,LAMBAYEQUE,COSTA,RAMAL,PLANO,2.0,77.35,Buena,-79.58729140499992,-6.917709951999939,-79.58155437499994,-6.916756653999926,1.1760000000000002
1543,PE-14A,84.301,90.52,ANCASH,SIERRA,RAMAL,ONDULADO,1.0,49.53,Regular,-77.14249600399995,-9.393432232999942,-77.10162118199992,-9.367462671999931,6.218999999999994
1544,PE-08B,242.285,244.357,AMAZONAS,SIERRA,TRANSVERSAL,MONTAÑOSO,1.0,44.1,Buena,-77.80311927799994,-6.7173172009999575,-77.8036561159999,-6.708014787999957,2.0720000000000027
1545,PE-22B,34.34,35.287,JUNIN,SIERRA,TRANSVERSAL,ONDULADO,4.0,66.89,Buena,-75.68502570499993,-11.412934228999916,-75.68432968899992,-11.404402619999928,0.9469999999999956
1546,PE-1N,26.808,27.032,LIMA,COSTA,LONGITUDINAL DE LA COSTA,PLANO,3.0,80.89,Buena,-77.06789705799991,-11.896083052999927,-77.06802625499995,-11.894170510999913,0.2240000000000002
1547,PE-3SG,282.911,297.306,CUSCO,SIERRA,RAMAL,MONTAÑOSO,1.0,40.51,Mala,-71.11795855399993,-14.934306163999906,-71.01887103099995,-14.969740423999951,14.394999999999982
1548,PE-08B,102.143,133.708,CAJAMARCA,SIERRA,TRANSVERSAL,MONTAÑOSO,1.0,44.1,Buena,-78.1407937539999,-6.871719944999938,-78.08603885399992,-6.878279850999945,31.564999999999998
1549,PE-08,145.9,150.802,CAJAMARCA,SIERRA,TRANSVERSAL,MONTAÑOSO,2.0,55.7,Buena,-78.50099459699993,-7.283221518999937,-78.50937796799991,-7.261368115999915,4.901999999999987
1550,PE-12A,283.418,290.112,HUANUCO,SELVA,TRANSVERSAL,ONDULADO,1.0,0.0,Mala,-76.62504651299992,-8.611621929999956,-76.57564600699993,-8.600814777999915,6.694000000000017
1551,PE-30C,159.501,159.52,CUSCO,SELVA,TRANSVERSAL,MONTAÑOSO,2.0,37.47,Buena,-70.90135370299993,-13.412560709999923,-70.90137526599995,-13.41240130899996,0.019000000000005457
1552,PE-36A,299.225,305.304,PUNO,SIERRA,TRANSVERSAL,PLANO,2.0,75.08,Regular,-69.0918850509999,-16.60962173999991,-69.0520215649999,-16.576654189999942,6.078999999999951
1553,PE-3N,1133.115,1133.146,LA LIBERTAD,SIERRA,LONGITUDINAL DE LA SIERRA,ONDULADO,2.0,49.53,Buena,-78.01556968699992,-7.709791182999936,-78.01532457999991,-7.709642851999945,0.03099999999994907
1554,PE-3N,1308.661,1308.872,CAJAMARCA,SIERRA,LONGITUDINAL DE LA SIERRA,ONDULADO,2.0,66.89,Regular,-78.58006312099991,-7.02841350999995,-78.57876586899994,-7.02708625799994,0.21100000000001273
1555,PE-1N,118.216,123.213,LIMA,COSTA,LONGITUDINAL DE LA COSTA,PLANO,3.0,77.35,Buena,-77.45917534799992,-11.346452015999944,-77.48575909199991,-11.309704147999923,4.997
1556,PE-08B,447.626,459.564,SAN MARTIN,SIERRA,TRANSVERSAL,ONDULADO,1.0,43.03,Buena,-77.33153486499992,-6.492268648999925,-77.27598915999994,-6.473131875999911,11.938000000000045
1557,PE-30A,203.713,246.017,AYACUCHO,SIERRA,TRANSVERSAL,PLANO,2.0,78.24,Buena,-73.94891667899992,-14.630919264999932,-73.64627504499992,-14.609481985999935,42.304
1558,PE-3SG,204.621,223.032,CUSCO,SIERRA,RAMAL,MONTAÑOSO,1.0,44.1,Buena,-71.6144808919999,-14.66569121799995,-71.56175680599995,-14.741051418999916,18.411
1559,PE-08B,133.708,156.588,CAJAMARCA,SELVA,TRANSVERSAL,MONTAÑOSO,1.0,40.61,Buena,-78.08603885399992,-6.878279850999945,-78.02991774799995,-6.844753523999941,22.879999999999995
1560,PE-08B,160.825,177.558,AMAZONAS,SELVA,TRANSVERSAL,MONTAÑOSO,1.0,40.61,Buena,-78.00234099699992,-6.847288535999951,-77.95337129899991,-6.845236144999944,16.733000000000004
1561,PE-3SG,241.33,242.863,CUSCO,SIERRA,RAMAL,ONDULADO,2.0,62.45,Buena,-71.40161137099994,-14.788837832999945,-71.3946669899999,-14.77964103599993,1.532999999999987
1562,PE-08B,354.604,367.204,AMAZONAS,SELVA,TRANSVERSAL,ONDULADO,1.0,41.29,Buena,-77.73201751699992,-6.229446410999913,-77.66717624099994,-6.214972035999949,12.600000000000023
1563,PE-24A,196.159,196.659,JUNIN,SELVA,TRANSVERSAL,ONDULADO,1.0,46.47,Buena,-74.69728088399995,-11.305374145999906,-74.69762654699991,-11.30175793299992,0.5
1564,PE-08B,52.334,57.438,CAJAMARCA,SIERRA,TRANSVERSAL,MONTAÑOSO,1.0,44.1,Buena,-78.26491866099991,-7.04766393999995,-78.23717163499992,-7.0312394109999445,5.103999999999999
1565,PE-12A,277.415,283.418,HUANUCO,SELVA,TRANSVERSAL,ONDULADO,1.0,0.0,Mala,-76.67370994999993,-8.606069187999935,-76.62504651299992,-8.611621929999956,6.002999999999986
1566,PE-3N,1270.511,1270.567,CAJAMARCA,SIERRA,LONGITUDINAL DE LA SIERRA,PLANO,2.0,78.24,Buena,-78.4783061039999,-7.1844098109999095,-78.47882288099993,-7.184035536999943,0.05600000000004002
1567,PE-1N,1023.811,1029.134,PIURA,COSTA,LONGITUDINAL DE LA COSTA,PLANO,3.0,69.78,Buena,-80.69783049199992,-4.965117429999907,-80.69699925599991,-4.917241113999921,5.322999999999979
1568,PE-1N,744.046,766.257,LAMBAYEQUE,COSTA,LONGITUDINAL DE LA COSTA,PLANO,3.0,77.35,Buena,-79.6423714789999,-6.980258249999906,-79.81291837299995,-6.8814198859999465,22.2109999999999
1569,PE-28D,106.802,107.0,HUANCAVELICA,SIERRA,RAMAL,ONDULADO,1.0,55.02,Buena,-75.1061613359999,-13.220365122999908,-75.10416161599994,-13.218876870999907,0.1979999999999933
1570,PE-3SG,239.277,240.851,CUSCO,SIERRA,RAMAL,PLANO,1.0,44.78,Buena,-71.41240692199995,-14.792436599999917,-71.40492057799992,-14.789384841999947,1.5740000000000123
1571,PE-16,49.197,65.845,ANCASH,SIERRA,TRANSVERSAL,PLANO,2.0,78.24,Buena,-77.61515657399991,-10.311081760999912,-77.55460553699993,-10.187568448999912,16.647999999999996
1572,PE-08B,325.826,327.225,AMAZONAS,SELVA,TRANSVERSAL,MONTAÑOSO,1.0,37.47,Buena,-77.8679257039999,-6.2384817269999076,-77.86787749299992,-6.230545510999946,1.399000000000001
1573,PE-08B,272.298,290.61,AMAZONAS,SELVA,TRANSVERSAL,ONDULADO,1.0,46.47,Buena,-77.85210969899993,-6.50603054599992,-77.90575366199994,-6.37987979199994,18.312000000000012
1574,PE-22,13.056,17.887,LIMA,COSTA,TRANSVERSAL,PLANO,3.0,80.89,Buena,-76.88056734499992,-12.013096255999926,-76.84155082699993,-12.002382277999914,4.831000000000001
1575,PE-3N,1437.261,1437.43,CAJAMARCA,SIERRA,LONGITUDINAL DE LA SIERRA,MONTAÑOSO,1.0,55.0,Buena,-78.73811317899992,-6.562262491999945,-78.73969918099993,-6.561300966999909,0.1690000000000964
1576,PE-3SG,167.887,194.265,CUSCO,SIERRA,RAMAL,ONDULADO,1.0,43.03,Buena,-71.78337860099992,-14.535896300999923,-71.67845344499995,-14.603876113999945,26.377999999999986
1577,PE-36A,99.305,115.498,MOQUEGUA,SIERRA,TRANSVERSAL,ONDULADO,2.0,62.45,Buena,-70.60418885399991,-16.873047585999927,-70.5113919339999,-16.85728869099995,16.192999999999998
1578,PE-30C,228.631,235.042,CUSCO,SELVA,TRANSVERSAL,ONDULADO,2.0,60.03,Buena,-70.4940795899999,-13.175651549999941,-70.44140120299994,-13.183860645999914,6.411000000000001
1579,PE-12,5.039,10.261,ANCASH,COSTA,TRANSVERSAL,PLANO,2.0,77.35,Regular,-78.58750555199993,-8.961020571999939,-78.56813926099994,-8.91905622999991,5.2219999999999995
1580,PE-3N,331.217,331.255,HUANUCO,SIERRA,LONGITUDINAL DE LA SIERRA,ONDULADO,0.0,68.7,Buena,-76.6926288599999,-9.700399398999934,-76.69293867399995,-9.700260725999954,0.038000000000010914
1581,PE-08,140.999,145.9,CAJAMARCA,SIERRA,TRANSVERSAL,MONTAÑOSO,2.0,55.0,Buena,-78.50879129499992,-7.28799437999993,-78.50099459699993,-7.283221518999937,4.9010000000000105
1582,PE-08,125.84,135.978,CAJAMARCA,SIERRA,TRANSVERSAL,ONDULADO,2.0,66.89,Buena,-78.58536844399993,-7.281276976999948,-78.52547986399992,-7.279981396999915,10.138000000000005
1583,PE-5NB,9.344,20.548,SAN MARTIN,SELVA,RAMAL,MONTAÑOSO,2.0,48.16,Buena,-76.31903588699993,-6.464802507999934,-76.30235533099994,-6.43946832599994,11.203999999999999
1584,PE-08,18.568,26.328,LA LIBERTAD,COSTA,TRANSVERSAL,PLANO,2.0,80.89,Buena,-79.32552553799991,-7.296984765999923,-79.26867732499994,-7.275901783999927,7.759999999999998
1585,PE-12A,177.024,177.139,HUANUCO,SIERRA,TRANSVERSAL,ONDULADO,1.0,49.53,Regular,-77.14794566099994,-8.607040722999955,-77.14705037899995,-8.607562208999923,0.1150000000000091
1586,PE-20B,7.509,7.667,CALLAO,COSTA,TRANSVERSAL,PLANO,3.0,77.35,Regular,-77.12313578599992,-11.998192133999908,-77.12445068399995,-11.997615813999914,0.15799999999999947
1587,PE-32A,285.339,285.518,AYACUCHO,SIERRA,RAMAL,MONTAÑOSO,2.0,33.11,Buena,-74.14533356099992,-13.625075441999911,-74.14562977999992,-13.623581715999933,0.17899999999997362
1588,PE-08,26.916,45.725,CAJAMARCA,COSTA,TRANSVERSAL,PLANO,2.0,80.89,Buena,-79.26488536199992,-7.273736064999923,-79.14966347099994,-7.228396729999929,18.809
1589,PE-16,107.635,123.365,ANCASH,SIERRA,TRANSVERSAL,ONDULADO,2.0,66.89,Buena,-77.33561326499995,-10.176135811999927,-77.29332721199995,-10.121931600999915,15.72999999999999
1590,PE-36C,13.702,13.811,PUNO,SIERRA,RAMAL,PLANO,2.0,27.57,Mala,-69.04792483999995,-16.57924969599992,-69.04812674499993,-16.578321580999955,0.10899999999999999
1591,PE-36A,214.705,289.344,PUNO,SIERRA,TRANSVERSAL,PLANO,2.0,75.08,Regular,-69.71653612199992,-16.73877753599993,-69.17159411699993,-16.610709019999945,74.63899999999998
1592,PE-30C,150.346,157.022,CUSCO,SELVA,TRANSVERSAL,MONTAÑOSO,2.0,37.47,Buena,-70.88962570199993,-13.48114456199994,-70.90477066799991,-13.432697608999945,6.675999999999988
1593,PE-5NB,54.09,68.905,SAN MARTIN,SELVA,RAMAL,PLANO,2.0,72.6,Buena,-76.29005903399991,-6.334011919999909,-76.27500680999992,-6.221769749999908,14.814999999999998
1594,PE-3SG,241.324,241.33,CUSCO,SIERRA,RAMAL,PLANO,1.0,62.45,Buena,-71.40165736299991,-14.788822087999904,-71.40161137099994,-14.788837832999945,0.006000000000000227
1595,PE-28F,0.253,0.413,CUSCO,SIERRA,RAMAL,MONTAÑOSO,2.0,55.0,Buena,-72.05479076299991,-13.487920311999915,-72.05589980699995,-13.486970246999931,0.15999999999999998
1596,PE-16,65.845,90.574,ANCASH,SIERRA,TRANSVERSAL,ONDULADO,2.0,68.7,Buena,-77.55460553699993,-10.187568448999912,-77.4371656159999,-10.15523676999993,24.729
1597,PE-3N,339.525,339.658,HUANUCO,SIERRA,LONGITUDINAL DE LA SIERRA,ONDULADO,0.0,62.45,Buena,-76.72875283399992,-9.652952700999947,-76.72872924799992,-9.653425216999949,0.1330000000000382
1598,PE-3N,840.816,841.061,ANCASH,SIERRA,LONGITUDINAL DE LA SIERRA,ONDULADO,2.0,55.02,Buena,-78.02177858499994,-8.43017313799993,-78.02110862699993,-8.429765700999951,0.24500000000000455
1599,PE-3N,1436.925,1436.988,CAJAMARCA,SIERRA,LONGITUDINAL DE LA SIERRA,MONTAÑOSO,1.0,55.7,Buena,-78.73534118899994,-6.560666535999928,-78.73579978899994,-6.561210631999927,0.06300000000010186
1600,PE-3N,834.473,834.718,ANCASH,SIERRA,LONGITUDINAL DE LA SIERRA,ONDULADO,1.0,49.53,Buena,-78.03133537299993,-8.465409921999935,-78.03207143899994,-8.463814430999946,0.24500000000000455
1601,PE-08B,216.588,242.285,AMAZONAS,SIERRA,TRANSVERSAL,MONTAÑOSO,1.0,44.1,Buena,-77.89411344099994,-6.733621862999939,-77.80311927799994,-6.7173172009999575,25.697000000000003
1602,PE-3N,501.911,502.107,ANCASH,SIERRA,LONGITUDINAL DE LA SIERRA,ONDULADO,7.0,62.45,Buena,-77.28667677499993,-10.117326300999935,-77.28584046399993,-10.116202789999932,0.19600000000002638
1603,PE-08,71.086,76.337,CAJAMARCA,SIERRA,TRANSVERSAL,ONDULADO,2.0,68.7,Buena,-78.9950330499999,-7.188932561999934,-78.95389733299993,-7.197699755999906,5.251000000000005
1604,PE-3N,1264.79,1265.217,CAJAMARCA,SIERRA,LONGITUDINAL DE LA SIERRA,PLANO,2.0,68.22,Buena,-78.42919159399992,-7.202721966999945,-78.43382286899993,-7.203982887999928,0.4270000000001346
1605,PE-18,110.243,110.313,LIMA,SIERRA,TRANSVERSAL,MONTAÑOSO,2.0,44.1,Buena,-76.87550395799991,-10.793057031999922,-76.8752783939999,-10.792429942999945,0.07000000000000739
1606,PE-3N,793.262,793.304,ANCASH,SIERRA,LONGITUDINAL DE LA SIERRA,MONTAÑOSO,2.0,55.0,Regular,-78.10030262499993,-8.484892015999947,-78.09993860299994,-8.48501439499995,0.04200000000003001
1607,PE-30C,205.047,210.457,CUSCO,SELVA,TRANSVERSAL,ONDULADO,2.0,27.06,Buena,-70.63282012999991,-13.184677123999904,-70.60776666799995,-13.184769824999933,5.409999999999997
1608,PE-30C,114.322,114.369,CUSCO,SIERRA,TRANSVERSAL,MONTAÑOSO,2.0,55.7,Buena,-71.03219032299995,-13.57941436799996,-71.03213925299991,-13.578966721999905,0.046999999999997044
1609,PE-36B,20.882,22.108,MOQUEGUA,SIERRA,RAMAL,MONTAÑOSO,2.0,55.7,Buena,-70.45541694699995,-16.72330875399996,-70.44969015999993,-16.713768640999945,1.225999999999999
1610,PE-3N,850.25,850.581,ANCASH,SIERRA,LONGITUDINAL DE LA SIERRA,ONDULADO,2.0,55.02,Buena,-78.01031875599995,-8.399284362999936,-78.01052882199991,-8.39837502599994,0.3310000000000173
1611,PE-08B,312.758,324.541,AMAZONAS,SELVA,TRANSVERSAL,MONTAÑOSO,2.0,47.84,Buena,-77.91168403599994,-6.225276946999941,-77.87559215699991,-6.244006675999913,11.783000000000015
1612,PE-10A,70.424,70.503,LA LIBERTAD,SIERRA,TRANSVERSAL,ONDULADO,2.0,53.0,Buena,-78.58226150299993,-7.928761067999915,-78.58155612099995,-7.928688042999909,0.07899999999999352
1613,PE-3N,985.413,985.493,LA LIBERTAD,SIERRA,LONGITUDINAL DE LA SIERRA,ONDULADO,1.0,62.45,Mala,-78.15841865499993,-8.094808577999913,-78.15871429399994,-8.094579696999915,0.08000000000004093
1614,PE-1N,883.648,883.838,LAMBAYEQUE,COSTA,LONGITUDINAL DE LA COSTA,PLANO,3.0,80.89,Buena,-80.47466233799992,-6.153788946999953,-80.47571629799995,-6.152419793999911,0.18999999999994088
1615,PE-12,61.081,67.879,ANCASH,SIERRA,TRANSVERSAL,ONDULADO,2.0,66.89,Regular,-78.2881640519999,-8.663348355999915,-78.23375048799994,-8.658686452999916,6.798000000000002
1616,PE-30A,392.213,444.737,APURIMAC,SIERRA,TRANSVERSAL,ONDULADO,2.0,68.7,Buena,-73.1723858499999,-13.991290252999931,-72.91318946899992,-13.700311451999937,52.524
1617,PE-1S,351.52,357.774,ICA,COSTA,LONGITUDINAL DE LA COSTA,PLANO,2.0,77.35,Buena,-75.49442753999995,-14.436360391999926,-75.44002759299991,-14.455421097999931,6.254000000000019
1618,PE-20B,7.244,7.509,CALLAO,COSTA,VARIANTE,PLANO,4.0,77.35,Regular,-77.12089238699991,-11.999036832999934,-77.12313578599992,-11.998192133999908,0.26500000000000057
1619,PE-08B,442.121,442.322,AMAZONAS,SELVA,TRANSVERSAL,ONDULADO,1.0,46.47,Buena,-77.34953156299991,-6.50597036399995,-77.35060067199993,-6.5071517069999345,0.20100000000002183
1620,PE-08B,244.357,246.94,AMAZONAS,SIERRA,TRANSVERSAL,MONTAÑOSO,1.0,44.1,Buena,-77.8036561159999,-6.708014787999957,-77.79852630099992,-6.696289892999914,2.5829999999999984
1621,PE-1NK,39.82,40.532,PIURA,COSTA,RAMAL,PLANO,2.0,77.35,Buena,-80.82342139999992,-5.487367626999912,-80.82344428899995,-5.493806785999936,0.7119999999999962
1622,PE-3N,367.339,367.351,HUANUCO,SIERRA,LONGITUDINAL DE LA SIERRA,ONDULADO,0.0,62.45,Buena,-76.80622239599995,-9.839243801999942,-76.8062591549999,-9.839342116999944,0.012000000000000455
1623,PE-1NI,48.738,49.226,LAMBAYEQUE,COSTA,RAMAL,ONDULADO,4.0,52.05,Regular,-79.30559833299992,-6.85270666699995,-79.30266143299991,-6.84641025499991,0.48799999999999955
1624,PE-1NJ,86.623,91.169,LAMBAYEQUE,COSTA,VARIANTE,ONDULADO,2.0,76.18,Buena,-79.70047068299993,-5.990721433999909,-79.74066517699993,-5.984890389999919,4.545999999999992
1625,PE-18,126.764,126.875,LIMA,SIERRA,TRANSVERSAL,MONTAÑOSO,1.0,44.1,Buena,-76.80963823999991,-10.688563159999944,-76.80933924399994,-10.688150956999948,0.1110000000000042
1626,PE-1N,1006.036,1023.811,PIURA,COSTA,LONGITUDINAL DE LA COSTA,PLANO,3.0,77.35,Buena,-80.70096809799992,-5.12503357199995,-80.69783049199992,-4.965117429999907,17.77500000000009
1627,PE-3N,1269.963,1270.011,CAJAMARCA,SIERRA,LONGITUDINAL DE LA SIERRA,PLANO,2.0,52.87,Buena,-78.4731714159999,-7.188085939999951,-78.47361222799992,-7.1877663989999405,0.04800000000000182
1628,PE-30C,647.478,652.49,MADRE DE DIOS,SELVA,TRANSVERSAL,PLANO,2.0,70.33,Buena,-69.55938069099994,-10.981388863999939,-69.57746674799995,-10.943392815999914,5.012000000000057
1629,PE-1N,988.737,991.809,PIURA,COSTA,LONGITUDINAL DE LA COSTA,PLANO,3.0,80.89,Buena,-80.64216679799995,-5.23599790399993,-80.65335621999992,-5.215457225999955,3.0720000000000027
1630,PE-22B,102.601,107.043,JUNIN,SELVA,TRANSVERSAL,PLANO,2.0,70.33,Buena,-75.32937428799994,-11.08389999499991,-75.32562506099993,-11.055891551999935,4.442000000000007
1631,PE-3N,376.364,376.449,ANCASH,SIERRA,LONGITUDINAL DE LA SIERRA,ONDULADO,2.0,62.45,Buena,-76.87310028099995,-9.862411498999961,-76.87296407199995,-9.861839320999934,0.08500000000003638
1632,PE-3N,4.307,4.518,JUNIN,SIERRA,LONGITUDINAL DE LA SIERRA,ONDULADO,2.0,62.45,Buena,-75.93565450699992,-11.504120375999946,-75.93720774199994,-11.50299717899992,0.2109999999999994
1633,PE-1N,42.874,43.555,LIMA,COSTA,LONGITUDINAL DE LA COSTA,PLANO,3.0,80.89,Buena,-77.15367292899992,-11.785618832999944,-77.15722081899992,-11.782132880999939,0.6809999999999974
1634,PE-22,10.251,11.101,LIMA,COSTA,TRANSVERSAL,PLANO,2.0,69.78,Buena,-76.90168762199994,-12.01383590699993,-76.89745150899995,-12.018704639999953,0.8500000000000014
1635,PE-20B,6.437,6.598,CALLAO,COSTA,VARIANTE,PLANO,3.0,77.35,Regular,-77.11499674799995,-11.998914021999951,-77.11628767399992,-11.999614226999938,0.1609999999999996
1636,PE-5NB,124.106,126.376,LORETO,SELVA,RAMAL,PLANO,2.0,72.6,Buena,-76.10894934499993,-5.900527478999948,-76.1074362999999,-5.885476660999927,2.2700000000000102
1637,PE-30A,268.79,279.775,APURIMAC,SIERRA,TRANSVERSAL,ONDULADO,2.0,68.7,Buena,-73.51009981199991,-14.547725242999945,-73.41521449699991,-14.571340127999918,10.984999999999957
1638,PE-34A,138.538,138.703,AREQUIPA,SIERRA,TRANSVERSAL,MONTAÑOSO,2.0,55.0,Buena,-71.25022714999994,-15.977933084999904,-71.24976341199994,-15.97649406699992,0.16499999999999204
1639,PE-30C,235.11,240.534,CUSCO,SELVA,TRANSVERSAL,ONDULADO,2.0,60.03,Buena,-70.44086691299992,-13.184134757999914,-70.40022399999992,-13.194280670999945,5.423999999999978
1640,PE-08,55.794,71.086,CAJAMARCA,SIERRA,TRANSVERSAL,PLANO,2.0,78.24,Buena,-79.0802253029999,-7.254085112999917,-78.9950330499999,-7.188932561999934,15.292000000000002
1641,PE-1NE,21.306,38.83,LIMA,COSTA,RAMAL,PLANO,2.0,80.89,Buena,-77.40123726699994,-11.101373420999948,-77.25070676699994,-11.13821786899996,17.523999999999997
1642,PE-3N,367.351,367.376,HUANUCO,SIERRA,LONGITUDINAL DE LA SIERRA,ONDULADO,2.0,62.45,Buena,-76.8062591549999,-9.839342116999944,-76.8063488009999,-9.839544295999929,0.024999999999977263
1643,PE-3SG,336.333,353.692,PUNO,SIERRA,RAMAL,PLANO,1.0,44.78,Mala,-70.74707777899994,-14.850425240999925,-70.59494780299991,-14.893481921999921,17.35899999999998
1644,PE-08B,403.694,407.131,AMAZONAS,SELVA,TRANSVERSAL,MONTAÑOSO,1.0,37.47,Buena,-77.51910693199994,-6.367990612999961,-77.5122810119999,-6.373295669999948,3.436999999999955
1645,PE-08B,196.647,213.718,AMAZONAS,SIERRA,TRANSVERSAL,MONTAÑOSO,1.0,44.1,Buena,-77.93670000599991,-6.785092628999905,-77.88566557599995,-6.750368592999905,17.070999999999998
1646,PE-08B,442.322,445.322,AMAZONAS,SELVA,TRANSVERSAL,ONDULADO,1.0,41.29,Buena,-77.35060067199993,-6.5071517069999345,-77.34098313399994,-6.51468327099991,3.0
1647,PE-08B,188.015,191.917,AMAZONAS,SELVA,TRANSVERSAL,MONTAÑOSO,1.0,40.61,Buena,-77.94320882699992,-6.812939415999949,-77.95004864599991,-6.814996269999938,3.9020000000000152
1648,PE-08B,246.94,252.357,AMAZONAS,SIERRA,TRANSVERSAL,ONDULADO,1.0,49.53,Buena,-77.79852630099992,-6.696289892999914,-77.7997720489999,-6.655625193999924,5.417000000000002
1649,PE-08,45.725,48.8,CAJAMARCA,COSTA,TRANSVERSAL,PLANO,2.0,80.89,Buena,-79.14966347099994,-7.228396729999929,-79.13579568199992,-7.249002331999918,3.0749999999999957
1650,PE-1N,43.887,43.969,LIMA,COSTA,LONGITUDINAL DE LA COSTA,PLANO,3.0,80.89,Buena,-77.15950320299993,-11.778074080999943,-77.15963699999992,-11.777363439999931,0.08200000000000074
1651,PE-08,52.457,55.794,CAJAMARCA,SIERRA,TRANSVERSAL,PLANO,2.0,78.24,Buena,-79.10602415599993,-7.25239236799996,-79.0802253029999,-7.254085112999917,3.336999999999996
1652,PE-12A,267.051,277.415,HUANUCO,SIERRA,TRANSVERSAL,ONDULADO,1.0,0.0,Mala,-76.75367771799995,-8.631618975999913,-76.67370994999993,-8.606069187999935,10.364000000000033
1653,PE-08B,290.61,292.113,AMAZONAS,SELVA,TRANSVERSAL,ONDULADO,1.0,46.47,Buena,-77.90575366199994,-6.37987979199994,-77.91045816999991,-6.36726207199996,1.502999999999986
1654,PE-08,150.802,155.002,CAJAMARCA,SIERRA,TRANSVERSAL,MONTAÑOSO,2.0,55.0,Buena,-78.50937796799991,-7.261368115999915,-78.48536613699991,-7.255384706999905,4.200000000000017
1655,PE-3N,1001.05,1001.068,LA LIBERTAD,SIERRA,LONGITUDINAL DE LA SIERRA,ONDULADO,1.0,68.7,Regular,-78.17399974099993,-8.143321561999926,-78.1741037939999,-8.143623142999957,0.018000000000029104
1656,PE-1S,1285.875,1290.882,TACNA,SIERRA,LONGITUDINAL DE LA COSTA,PLANO,2.0,75.08,Regular,-70.27280346799995,-17.985559451999904,-70.25731063599994,-18.00663379899993,5.007000000000062
1657,PE-30C,243.314,243.352,PUNO,SELVA,TRANSVERSAL,ONDULADO,2.0,39.43,Buena,-70.3853492739999,-13.185970305999945,-70.38516776099993,-13.185683357999949,0.038000000000010914
1658,PE-08B,327.225,354.604,AMAZONAS,SELVA,TRANSVERSAL,ONDULADO,1.0,41.29,Buena,-77.86787749299992,-6.230545510999946,-77.73201751699992,-6.229446410999913,27.378999999999962
1659,PE-3N,331.041,331.217,HUANUCO,SIERRA,LONGITUDINAL DE LA SIERRA,ONDULADO,0.0,68.7,Buena,-76.69109499699994,-9.700773642999934,-76.6926288599999,-9.700399398999934,0.17599999999998772
1660,PE-20B,6.598,6.72,CALLAO,COSTA,TRANSVERSAL,PLANO,3.0,77.35,Regular,-77.1141344699999,-11.99809900899993,-77.11499674799995,-11.998914021999951,0.12199999999999989
1661,PE-3N,1305.224,1305.282,CAJAMARCA,SIERRA,LONGITUDINAL DE LA SIERRA,ONDULADO,3.0,68.7,Buena,-78.59660216399993,-7.049034710999933,-78.59644468599993,-7.048533473999953,0.057999999999992724
1662,PE-22,19.004,28.912,LIMA,SIERRA,TRANSVERSAL,PLANO,3.0,78.24,Buena,-76.81856155399993,-11.989437102999943,-76.74551582299995,-11.967708587999937,9.907999999999998
1663,PE-1NE,12.62,21.306,LIMA,COSTA,RAMAL,PLANO,2.0,77.35,Buena,-77.47802058899993,-11.08550039599993,-77.40123726699994,-11.101373420999948,8.686000000000002
1664,PE-30A,327.699,341.41,APURIMAC,SIERRA,TRANSVERSAL,ONDULADO,2.0,68.7,Buena,-73.16864575099993,-14.369839207999917,-73.2379933329999,-14.299244999999928,13.711000000000013
1665,PE-30A,246.017,261.878,AYACUCHO,SIERRA,TRANSVERSAL,ONDULADO,2.0,68.7,Buena,-73.64627504499992,-14.609481985999935,-73.55897160399991,-14.562909281999907,15.86099999999999
1666,PE-1S,440.89,443.431,ICA,COSTA,LONGITUDINAL DE LA COSTA,PLANO,4.0,78.24,Buena,-74.96773214399991,-14.82100640799996,-74.94555111699992,-14.827936714999908,2.540999999999997
1667,PE-30C,148.224,149.701,CUSCO,SELVA,TRANSVERSAL,MONTAÑOSO,2.0,46.75,Buena,-70.89877133899995,-13.495805102999952,-70.89390810299994,-13.484146307999936,1.4770000000000039
1668,PE-22B,35.287,52.676,JUNIN,SIERRA,TRANSVERSAL,ONDULADO,2.0,66.89,Buena,-75.68432968899992,-11.404402619999928,-75.57340986999992,-11.34623346199993,17.389000000000003
1669,PE-08B,14.43,29.355,CAJAMARCA,SIERRA,TRANSVERSAL,ONDULADO,1.0,68.7,Buena,-78.41411661599994,-7.152677758999914,-78.33781480499994,-7.104680602999906,14.925
1670,PE-14A,79.613,84.301,ANCASH,SIERRA,RAMAL,MONTAÑOSO,2.0,55.0,Regular,-77.15904680199992,-9.428258799999924,-77.14249600399995,-9.393432232999942,4.688000000000002
1671,PE-14A,91.848,91.98,ANCASH,SIERRA,RAMAL,ONDULADO,2.0,66.89,Regular,-77.09227264899994,-9.365456287999905,-77.0920175409999,-9.365425623999954,0.132000000000005
1672,PE-28B,475.393,475.892,CUSCO,SELVA,VARIANTE,ONDULADO,2.0,34.12,Buena,-72.6678269969999,-12.963237896999942,-72.65720127499992,-12.971572846999948,0.49900000000002365
1673,PE-28B,473.313,475.313,CUSCO,SELVA,VARIANTE,ONDULADO,2.0,34.12,Buena,-72.67047262799991,-12.962188864999916,-72.67047262799991,-12.962188864999916,2.0
1674,PE-28B,464.871,473.313,CUSCO,SELVA,VARIANTE,ONDULADO,2.0,34.12,Buena,-72.6916408539999,-12.881975173999933,-72.6726869439999,-12.949455660999945,8.442000000000007
1675,PE-18A,109.75,122.307,HUANUCO,SELVA,TRANSVERSAL,ONDULADO,2.0,56.43,Buena,-75.9719719759999,-9.407939949999957,-76.0033960959999,-9.304623634999928,12.557000000000002
1676,PE-22,9.841,10.251,LIMA,COSTA,TRANSVERSAL,PLANO,2.0,69.78,Buena,-76.9052791599999,-12.01543044999994,-76.90168762199994,-12.01383590699993,0.41000000000000014
1677,PE-20B,2.92,2.978,CALLAO,COSTA,VARIANTE,PLANO,3.0,80.89,Buena,-77.10646041899992,-12.021991057999912,-77.10620024499991,-12.022436506999952,0.058000000000000274
1678,PE-20B,1.579,1.633,CALLAO,COSTA,VARIANTE,PLANO,2.0,80.89,Buena,-77.11159706099994,-12.01102256799993,-77.11134074499995,-12.01152815799992,0.05400000000000005
1679,PE-22A,4.301,5.43,LIMA,COSTA,TRANSVERSAL,PLANO,2.0,45.19,Buena,-76.63893852199993,-12.652423165999949,-76.63415145899995,-12.645051955999918,1.1289999999999996
1680,PE-1SD,211.317,216.323,MOQUEGUA,COSTA,VARIANTE,ONDULADO,2.0,76.18,Buena,-71.3825722759999,-17.40709493399993,-71.3762554299999,-17.44157028999996,5.006
1681,PE-1SD,176.827,186.286,AREQUIPA,COSTA,VARIANTE,MONTAÑOSO,2.0,60.06,Buena,-71.5430107709999,-17.242776746999937,-71.47581762899995,-17.277306000999943,9.459000000000003
1682,PE-1SD,145.613,145.703,AREQUIPA,COSTA,VARIANTE,PLANO,2.0,33.78,Buena,-71.78969113199992,-17.162273859999914,-71.7899521409999,-17.163050546999955,0.09000000000000341
1683,PE-1SD,146.107,151.876,AREQUIPA,COSTA,VARIANTE,PLANO,2.0,77.35,Buena,-71.7898534279999,-17.166677603999915,-71.74050966499993,-17.185388115999956,5.7690000000000055
1684,PE-1SD,151.876,156.859,AREQUIPA,COSTA,VARIANTE,PLANO,2.0,69.78,Buena,-71.74050966499993,-17.185388115999956,-71.69675316199994,-17.20131632199991,4.983000000000004
1685,PE-1SD,134.199,139.089,AREQUIPA,COSTA,VARIANTE,PLANO,2.0,77.35,Buena,-71.82164750599992,-17.14352826599992,-71.78893381199993,-17.116047800999922,4.889999999999986
1686,PE-20F,0.0,2.883,LIMA,COSTA,RAMAL,PLANO,0.0,0.0,Sin Informacion,-77.0723444919999,-11.93070386699992,-77.08520540399991,-11.950231022999958,2.883
1687,PE-22,17.887,19.004,LIMA,SIERRA,TRANSVERSAL,PLANO,3.0,78.24,Buena,-76.84155082699993,-12.002382277999914,-76.81856155399993,-11.989437102999943,1.1170000000000009
1688,PE-22,135.384,138.723,JUNIN,SIERRA,TRANSVERSAL,ONDULADO,2.0,68.7,Buena,-76.1753730769999,-11.599756240999909,-76.14227676399992,-11.596324920999905,3.339000000000027
1689,PE-3N,1757.928,1758.338,PIURA,SELVA,LONGITUDINAL DE LA SIERRA,MONTAÑOSO,1.0,26.34,Buena,-79.40906618399993,-5.316422574999933,-79.40909670799994,-5.316382945999919,0.4099999999998545
1690,PE-28B,305.064,320.264,CUSCO,SELVA,VARIANTE,MONTAÑOSO,1.0,42.62,Buena,-73.2038230899999,-12.638563155999918,-73.1057241929999,-12.621243114999913,15.199999999999989
1691,PE-34B,287.396,288.117,PUNO,SELVA,RAMAL,ONDULADO,0.0,41.29,Buena,-70.40723090199992,-13.446728931999928,-70.39855324299992,-13.433511787999919,0.7210000000000036
1692,PE-34B,75.025,86.177,PUNO,SIERRA,RAMAL,ONDULADO,2.0,68.7,Buena,-70.33613007799994,-14.771548238999912,-70.35979008499993,-14.68354205299994,11.152000000000001
1693,PE-34H,88.799,88.913,PUNO,SIERRA,TRANSVERSAL,ONDULADO,4.0,34.85,Buena,-69.8657417309999,-14.91582107499994,-69.8652133949999,-14.915618895999955,0.11399999999999011
1694,PE-34H,88.723,88.799,PUNO,SIERRA,TRANSVERSAL,ONDULADO,2.0,34.85,Buena,-69.86685371499993,-14.916265486999919,-69.8657417309999,-14.91582107499994,0.07600000000000762
1695,PE-34H,88.631,88.723,PUNO,SIERRA,TRANSVERSAL,ONDULADO,2.0,34.85,Buena,-69.86765198599994,-14.91659040199994,-69.86685371499993,-14.916265486999919,0.09199999999999875
1696,PE-28C,75.215,99.684,JUNIN,SELVA,RAMAL,ONDULADO,0.0,0.0,Sin Informacion,-74.00126303399992,-12.190582463999931,-74.06131672899994,-12.090243717999954,24.468999999999994
1697,PE-28B,242.317,264.28,CUSCO,SELVA,VARIANTE,MONTAÑOSO,1.0,42.62,Buena,-73.48935268199995,-12.799840938999921,-73.46754022199991,-12.802369235999947,21.962999999999965
1698,PE-28B,218.748,232.397,CUSCO,SELVA,VARIANTE,MONTAÑOSO,1.0,42.62,Buena,-73.56236346599991,-12.78901877699991,-73.54703516199993,-12.78959427299992,13.649000000000001
1699,PE-28B,214.783,218.748,CUSCO,SELVA,VARIANTE,MONTAÑOSO,1.0,40.61,Buena,-73.5994655149999,-12.797694253999907,-73.58939269599995,-12.79315831599996,3.9650000000000034
1700,PE-3SG,1.753,7.791,APURIMAC,SIERRA,RAMAL,ONDULADO,1.0,43.03,Buena,-72.24036238999992,-14.116304094999919,-72.2266102609999,-14.144416357999944,6.038
1701,PE-28B,23.91,26.531,AYACUCHO,SIERRA,VARIANTE,PLANO,2.0,75.08,Regular,-74.12782476299992,-13.023487254999907,-74.12521035799995,-13.01196511899991,2.6209999999999987
1702,PE-3SW,62.177,65.661,CUSCO,SIERRA,VARIANTE,,0.0,0.0,Buena,-71.52205096999995,-14.801346280999951,-71.4974883239999,-14.80714379099993,3.4840000000000018
1703,PE-3N,1275.393,1275.793,CAJAMARCA,SIERRA,LONGITUDINAL DE LA SIERRA,PLANO,2.0,78.24,Buena,-78.5063380599999,-7.152299659999926,-78.5072891289999,-7.148158388999946,0.3999999999998636
1704,PE-3S,121.495,126.528,JUNIN,SIERRA,LONGITUDINAL DE LA SIERRA,PLANO,2.0,78.24,Buena,-75.23044392199995,-12.047278913999946,-75.20835161499991,-12.086124084999938,5.033000000000001
1705,PE-3S,105.92,106.332,JUNIN,SIERRA,LONGITUDINAL DE LA SIERRA,PLANO,4.0,75.08,Buena,-75.3084366359999,-11.938514634999933,-75.30487708599992,-11.939554470999951,0.41199999999999193
1706,PE-3S,133.182,155.569,JUNIN,SIERRA,LONGITUDINAL DE LA SIERRA,ONDULADO,2.0,68.7,Buena,-75.22326838799995,-12.139359654999907,-75.10110843399991,-12.288893510999912,22.387
1707,PE-3S,106.332,117.942,JUNIN,SIERRA,LONGITUDINAL DE LA SIERRA,PLANO,4.0,75.08,Buena,-75.30487708599992,-11.939554470999951,-75.24056750799991,-12.021450972999958,11.61
1708,PE-3S,80.099,98.257,JUNIN,SIERRA,LONGITUDINAL DE LA SIERRA,PLANO,2.0,68.22,Buena,-75.4750974289999,-11.787045451999916,-75.34829651799993,-11.886886445999949,18.158
1709,PE-3S,440.468,472.656,AYACUCHO,SIERRA,LONGITUDINAL DE LA SIERRA,ONDULADO,2.0,49.53,Buena,-74.1033833109999,-13.35290194299995,-73.95302192399993,-13.389739584999916,32.18799999999999
1710,PE-3S,472.656,489.268,AYACUCHO,SIERRA,LONGITUDINAL DE LA SIERRA,ONDULADO,2.0,49.53,Buena,-73.95302192399993,-13.389739584999916,-73.91406900899995,-13.394854811999949,16.611999999999966
1711,PE-3S,369.45,382.84,AYACUCHO,SIERRA,LONGITUDINAL DE LA SIERRA,MONTAÑOSO,2.0,53.0,Buena,-74.2280907089999,-13.080782172999932,-74.21117334599995,-13.147509106999905,13.389999999999986
1712,PE-3S,360.712,368.869,AYACUCHO,SIERRA,LONGITUDINAL DE LA SIERRA,MONTAÑOSO,2.0,53.0,Buena,-74.21734511699992,-13.033860385999958,-74.22378507799993,-13.07841008999992,8.157000000000039
1713,PE-3S,390.468,428.159,AYACUCHO,SIERRA,LONGITUDINAL DE LA SIERRA,ONDULADO,2.0,49.53,Buena,-74.20572672999992,-13.174653407999926,-74.18871517399992,-13.35116907999992,37.690999999999974
1714,PE-3S,385.078,388.569,AYACUCHO,SIERRA,LONGITUDINAL DE LA SIERRA,ONDULADO,2.0,66.89,Buena,-74.21584221099994,-13.158728130999918,-74.21685447999994,-13.164962627999955,3.4910000000000423
1715,PE-3S,342.423,346.061,AYACUCHO,SIERRA,LONGITUDINAL DE LA SIERRA,MONTAÑOSO,2.0,55.7,Buena,-74.22975107699995,-12.952748343999929,-74.21951859899991,-12.96626944399992,3.637999999999977
1716,PE-3S,346.061,360.86,AYACUCHO,SIERRA,LONGITUDINAL DE LA SIERRA,MONTAÑOSO,2.0,55.7,Buena,-74.21951859899991,-12.96626944399992,-74.21734511699992,-13.033860385999958,14.799000000000035
1717,PE-3S,294.716,307.831,HUANCAVELICA,SIERRA,LONGITUDINAL DE LA SIERRA,ONDULADO,2.0,49.53,Buena,-74.48799788799994,-12.790744523999933,-74.38874485499991,-12.807008328999927,13.115000000000009
1718,PE-3S,293.192,294.716,HUANCAVELICA,SIERRA,LONGITUDINAL DE LA SIERRA,ONDULADO,1.0,49.53,Buena,-74.49650630199994,-12.786741506999931,-74.48799788799994,-12.790744523999933,1.524000000000001
1719,PE-3S,282.798,293.192,HUANCAVELICA,SIERRA,LONGITUDINAL DE LA SIERRA,ONDULADO,2.0,49.53,Buena,-74.54602132299993,-12.717497729999934,-74.49650630199994,-12.786741506999931,10.394000000000005
1720,PE-3S,317.773,334.933,AYACUCHO,SIERRA,LONGITUDINAL DE LA SIERRA,MONTAÑOSO,2.0,40.51,Buena,-74.33159627499992,-12.844669420999935,-74.2709357729999,-12.91888337499995,17.159999999999968
1721,PE-3S,309.039,314.011,HUANCAVELICA,SIERRA,LONGITUDINAL DE LA SIERRA,ONDULADO,2.0,49.53,Buena,-74.38434098699992,-12.814669795999919,-74.35883965599993,-12.83565563399992,4.972000000000037
1722,PE-3S,336.919,340.587,AYACUCHO,SIERRA,LONGITUDINAL DE LA SIERRA,MONTAÑOSO,2.0,40.51,Buena,-74.2586937559999,-12.932099904999916,-74.23914015999992,-12.940351273999909,3.6680000000000064
1723,PE-3S,242.721,267.968,HUANCAVELICA,SIERRA,LONGITUDINAL DE LA SIERRA,ONDULADO,2.0,49.53,Buena,-74.69096203799995,-12.523351656999921,-74.62126155599992,-12.656720480999923,25.247000000000014
1724,PE-3S,267.968,282.798,HUANCAVELICA,SIERRA,LONGITUDINAL DE LA SIERRA,ONDULADO,2.0,49.53,Buena,-74.62126155599992,-12.656720480999923,-74.54602132299993,-12.717497729999934,14.829999999999984
1725,PE-3S,525.848,543.448,APURIMAC,SIERRA,LONGITUDINAL DE LA SIERRA,ONDULADO,2.0,49.53,Buena,-73.80569144399993,-13.498505120999937,-73.72899222099994,-13.518021207999936,17.600000000000023
1726,PE-3S,556.468,578.868,APURIMAC,SIERRA,LONGITUDINAL DE LA SIERRA,ONDULADO,2.0,49.53,Buena,-73.67041718299993,-13.540703597999936,-73.60836187299992,-13.597761808999905,22.40000000000009
1727,PE-3S,544.468,556.468,APURIMAC,SIERRA,LONGITUDINAL DE LA SIERRA,ONDULADO,2.0,49.53,Buena,-73.7213799999999,-13.516569999999945,-73.67041718299993,-13.540703597999936,12.0
1728,PE-3S,586.437,630.83,APURIMAC,SIERRA,LONGITUDINAL DE LA SIERRA,ONDULADO,2.0,43.03,Buena,-73.57430724099993,-13.614476347999926,-73.3769614819999,-13.65881679499995,44.39300000000003
1729,PE-3S,512.448,516.048,AYACUCHO,SIERRA,LONGITUDINAL DE LA SIERRA,ONDULADO,2.0,49.53,Buena,-73.8456469269999,-13.425715729999922,-73.8277274159999,-13.434520290999956,3.6000000000000227
1730,PE-3S,1292.44,1312.95,PUNO,SIERRA,LONGITUDINAL DE LA SIERRA,PLANO,2.0,78.24,Buena,-70.23284619199995,-15.30685572099992,-70.13897161999995,-15.463098627999955,20.50999999999999
1731,PE-3S,1189.294,1223.557,PUNO,SIERRA,LONGITUDINAL DE LA SIERRA,PLANO,2.0,68.22,Buena,-70.7467643459999,-14.658585221999942,-70.59477221199995,-14.893313711999951,34.26299999999992
1732,PE-3S,676.895,685.137,APURIMAC,SIERRA,LONGITUDINAL DE LA SIERRA,ONDULADO,2.0,49.53,Buena,-73.17181758299995,-13.717959940999947,-73.12970815199992,-13.684217030999946,8.241999999999962
1733,PE-3S,631.837,639.314,APURIMAC,SIERRA,LONGITUDINAL DE LA SIERRA,ONDULADO,2.0,43.03,Buena,-73.3670899999999,-13.650339999999915,-73.32736866399995,-13.64867447599994,7.476999999999975
1734,PE-3S,639.314,643.423,APURIMAC,SIERRA,LONGITUDINAL DE LA SIERRA,ONDULADO,2.0,43.03,Buena,-73.32736866399995,-13.64867447599994,-73.2960679219999,-13.651265748999947,4.109000000000037
1735,PE-3S,747.848,761.587,APURIMAC,SIERRA,LONGITUDINAL DE LA SIERRA,ONDULADO,2.0,55.02,Buena,-72.9752301499999,-13.678665475999935,-72.91350837399995,-13.700343348999922,13.739000000000033
1736,PE-3S,700.392,710.224,APURIMAC,SIERRA,LONGITUDINAL DE LA SIERRA,ONDULADO,1.0,55.02,Buena,-73.13745081299993,-13.625366215999918,-73.09539560899992,-13.643825823999919,9.831999999999994
1737,PE-3S,710.224,716.156,APURIMAC,SIERRA,LONGITUDINAL DE LA SIERRA,ONDULADO,1.0,49.53,Buena,-73.09539560899992,-13.643825823999919,-73.0865390969999,-13.646954386999937,5.931999999999903
1738,PE-3S,724.301,747.848,APURIMAC,SIERRA,LONGITUDINAL DE LA SIERRA,ONDULADO,1.0,49.53,Buena,-73.03895158099994,-13.68338861299992,-72.9752301499999,-13.678665475999935,23.546999999999912
1739,PE-3S,691.123,700.392,APURIMAC,SIERRA,LONGITUDINAL DE LA SIERRA,ONDULADO,1.0,43.03,Buena,-73.1168945789999,-13.67434536199994,-73.13745081299993,-13.625366215999918,9.269000000000005
1740,PE-3S,688.553,691.123,APURIMAC,SIERRA,LONGITUDINAL DE LA SIERRA,ONDULADO,1.0,49.53,Buena,-73.11237663199995,-13.693028309999931,-73.1168945789999,-13.67434536199994,2.57000000000005
1741,PE-3S,761.587,761.623,APURIMAC,SIERRA,LONGITUDINAL DE LA SIERRA,ONDULADO,2.0,68.7,Buena,-72.91350837399995,-13.700343348999922,-72.91317376799992,-13.700342521999914,0.03600000000005821
1742,PE-3S,685.137,687.6,APURIMAC,SIERRA,LONGITUDINAL DE LA SIERRA,ONDULADO,1.0,49.53,Buena,-73.12970815199992,-13.684217030999946,-73.11867453399992,-13.69109974099996,2.463000000000079
1743,PE-3S,719.125,724.301,APURIMAC,SIERRA,LONGITUDINAL DE LA SIERRA,ONDULADO,1.0,55.02,Buena,-73.06456707199993,-13.661677205999922,-73.03895158099994,-13.68338861299992,5.176000000000045
1744,PE-3S,787.432,789.583,APURIMAC,SIERRA,LONGITUDINAL DE LA SIERRA,ONDULADO,2.0,66.89,Buena,-72.85612120499991,-13.61821353299996,-72.8517172729999,-13.608765150999943,2.1509999999999536
1745,PE-3S,778.432,782.281,APURIMAC,SIERRA,LONGITUDINAL DE LA SIERRA,ONDULADO,2.0,66.89,Buena,-72.8886266479999,-13.634737869999924,-72.87139194499991,-13.620851092999942,3.8489999999999327
1746,PE-3S,872.791,893.64,CUSCO,SIERRA,LONGITUDINAL DE LA SIERRA,PLANO,2.0,68.22,Buena,-72.57521602899993,-13.562751215999924,-72.43990216599991,-13.475623567999946,20.848999999999933
1747,PE-3S,973.673,973.748,CUSCO,SIERRA,LONGITUDINAL DE LA SIERRA,ONDULADO,4.0,62.45,Buena,-71.96644953499992,-13.531987212999923,-71.96575918799994,-13.532059400999913,0.07500000000004547
1748,PE-3S,966.916,969.708,CUSCO,SIERRA,LONGITUDINAL DE LA SIERRA,ONDULADO,2.0,62.45,Buena,-71.99460750999992,-13.517592950999926,-71.98640404499992,-13.526307092999957,2.7919999999999163
1749,PE-3S,964.916,966.916,CUSCO,SIERRA,LONGITUDINAL DE LA SIERRA,ONDULADO,2.0,62.45,Buena,-71.99815431699994,-13.507407551999904,-71.99460750999992,-13.517592950999926,2.0
1750,PE-3S,920.186,939.822,CUSCO,SIERRA,LONGITUDINAL DE LA SIERRA,PLANO,2.0,68.22,Buena,-72.35489771199991,-13.441123769999933,-72.19248844299995,-13.499309007999955,19.635999999999967
1751,PE-3S,1316.173,1318.373,PUNO,SIERRA,LONGITUDINAL DE LA SIERRA,PLANO,5.0,78.24,Buena,-70.1245903329999,-15.48506585499996,-70.1188208499999,-15.499843867999914,2.2000000000000455
1752,PE-3S,716.156,719.125,APURIMAC,SIERRA,LONGITUDINAL DE LA SIERRA,ONDULADO,1.0,49.53,Buena,-73.0865390969999,-13.646954386999937,-73.06456707199993,-13.661677205999922,2.969000000000051
1753,PE-5S,130.314,130.42,JUNIN,SELVA,LONGITUDINAL DE LA SELVA,PLANO,2.0,64.96,Buena,-74.52954306499993,-11.33370673099995,-74.5288468729999,-11.334397022999951,0.10599999999999454
1754,PE-5S,110.102,123.537,JUNIN,SELVA,LONGITUDINAL DE LA SELVA,PLANO,2.0,43.98,Buena,-74.62880917099994,-11.227875580999921,-74.55569795799994,-11.28095198099993,13.435000000000002
1755,PE-5S,108.982,109.102,JUNIN,SELVA,LONGITUDINAL DE LA SELVA,PLANO,2.0,64.96,Buena,-74.63450930499994,-11.24093496699993,-74.6339392239999,-11.240041947999941,0.12000000000000455
1756,PE-5S,140.143,150.13,JUNIN,SELVA,LONGITUDINAL DE LA SELVA,PLANO,2.0,50.38,Buena,-74.46226824899992,-11.304188759999931,-74.42325859099992,-11.259110454999927,9.986999999999995
1757,PE-5S,86.538,103.058,JUNIN,SELVA,LONGITUDINAL DE LA SELVA,ONDULADO,2.0,59.09,Buena,-74.71663365299992,-11.075921275999917,-74.66486672299993,-11.198564283999929,16.52000000000001
1758,PE-5S,86.275,86.434,JUNIN,SELVA,LONGITUDINAL DE LA SELVA,ONDULADO,2.0,59.09,Buena,-74.71776762099995,-11.073835260999942,-74.71721544999991,-11.075167158999932,0.15899999999999181
1759,PE-5S,86.434,86.538,JUNIN,SELVA,LONGITUDINAL DE LA SELVA,ONDULADO,2.0,59.09,Buena,-74.71721544999991,-11.075167158999932,-74.71663365299992,-11.075921275999917,0.1039999999999992
1760,PE-5S,103.058,103.089,JUNIN,SELVA,LONGITUDINAL DE LA SELVA,ONDULADO,2.0,59.09,Buena,-74.66486672299993,-11.198564283999929,-74.66492866099992,-11.19883896999994,0.0309999999999917
1761,PE-5S,103.089,108.13,JUNIN,SELVA,LONGITUDINAL DE LA SELVA,ONDULADO,2.0,59.09,Buena,-74.66492866099992,-11.19883896999994,-74.63990476799995,-11.235436405999906,5.040999999999997
1762,PE-5S,15.177,17.615,JUNIN,SELVA,LONGITUDINAL DE LA SELVA,ONDULADO,2.0,56.43,Buena,-75.19067447099991,-10.93615731199992,-75.17058238499993,-10.937579439999922,2.437999999999999
1763,PE-5S,59.657,80.915,JUNIN,SELVA,LONGITUDINAL DE LA SELVA,ONDULADO,2.0,59.09,Buena,-74.87054903699993,-10.93017263799993,-74.74824107899991,-11.041604201999917,21.25800000000001
1764,PE-5S,81.338,86.275,JUNIN,SELVA,LONGITUDINAL DE LA SELVA,ONDULADO,2.0,60.03,Buena,-74.74634138599993,-11.044948965999936,-74.71776762099995,-11.073835260999942,4.937000000000012
1765,PE-5S,35.074,40.033,JUNIN,SELVA,LONGITUDINAL DE LA SELVA,ONDULADO,2.0,59.09,Buena,-75.0592274999999,-10.872065823999947,-75.02021117499993,-10.868991273999939,4.959000000000003
1766,PE-5S,266.937,337.627,JUNIN,SELVA,LONGITUDINAL DE LA SELVA,ONDULADO,0.0,0.0,Sin Informacion,-73.66463470499991,-11.255210875999921,-73.34360504199992,-11.46728038799995,70.69
1767,PE-5S,175.37,192.937,JUNIN,SELVA,LONGITUDINAL DE LA SELVA,PLANO,2.0,50.38,Regular,-74.30659811299995,-11.137740746999953,-74.18073160699993,-11.139846569999918,17.567000000000007
1768,PE-5N,10.415,17.759,JUNIN,SELVA,LONGITUDINAL DE LA SELVA,MONTAÑOSO,2.0,32.27,Buena,-75.28713824599993,-10.88821284599993,-75.2900118899999,-10.84272436699996,7.344000000000001
1769,PE-5N,0.41,10.324,JUNIN,SELVA,LONGITUDINAL DE LA SELVA,ONDULADO,2.0,34.12,Buena,-75.29461627299992,-10.962838076999958,-75.28707700799993,-10.888996285999951,9.914
1770,PE-5N,78.14,81.513,PASCO,SELVA,LONGITUDINAL DE LA SELVA,MONTAÑOSO,2.0,32.27,Regular,-75.11451635899994,-10.650455594999926,-75.11195407899993,-10.623999602999959,3.3730000000000047
1771,PE-5N,328.341,328.372,UCAYALI,SELVA,LONGITUDINAL DE LA SELVA,PLANO,2.0,72.6,Buena,-75.05237052199993,-8.825689633999957,-75.05235954099993,-8.825417932999926,0.03100000000000591
1772,PE-5N,1390.836,1391.01,CAJAMARCA,SELVA,LONGITUDINAL DE LA SELVA,PLANO,2.0,72.6,Buena,-78.7984074279999,-5.69206246899995,-78.79695545399994,-5.6913604419999615,0.17399999999997817
1773,PE-5N,1311.856,1312.023,AMAZONAS,SELVA,LONGITUDINAL DE LA SELVA,MONTAÑOSO,2.0,42.62,Buena,-78.34718393899993,-5.79070486899991,-78.3480916499999,-5.7895141349999335,0.16699999999991633
1774,PE-5N,39.98,40.812,PASCO,SELVA,LONGITUDINAL DE LA SELVA,MONTAÑOSO,4.0,47.84,Buena,-75.26897376799991,-10.736323501999948,-75.26629451499991,-10.734582707999948,0.8320000000000007
1775,PE-14A,22.81,37.738,ANCASH,SIERRA,RAMAL,ONDULADO,1.0,0.0,Sin Informacion,-77.4432464059999,-9.505669153999918,-77.30702654299995,-9.462295259999905,14.928
1776,PE-1NR,77.021,79.211,PIURA,COSTA,TRANSVERSAL,ONDULADO,0.0,0.0,Sin Informacion,-79.93191036499991,-5.147749902999919,-79.9174402129999,-5.143025419999958,2.1899999999999977
1777,PE-1NR,111.784,113.639,PIURA,SIERRA,TRANSVERSAL,ONDULADO,0.0,0.0,Sin Informacion,-79.84410618999993,-5.0368827429999214,-79.83679363999994,-5.031599078999932,1.8549999999999898
1778,PE-3S,979.357,980.762,CUSCO,SIERRA,LONGITUDINAL DE LA SIERRA,ONDULADO,4.0,68.7,Buena,-71.91491395299994,-13.534513921999917,-71.90461948599994,-13.54067510199991,1.4049999999999727
1779,PE-5NB,68.905,83.291,SAN MARTIN,SELVA,RAMAL,PLANO,2.0,72.6,Buena,-76.27500680999992,-6.221769749999908,-76.26772036199992,-6.1063395209999385,14.385999999999996
1780,PE-3NA,51.852,56.516,ANCASH,SIERRA,VARIANTE,MONTAÑOSO,1.0,40.51,Buena,-77.93740303099992,-8.603909312999917,-77.96783032699994,-8.614117914999952,4.6640000000000015
1781,PE-02A,72.427,75.904,PIURA,SIERRA,TRANSVERSAL,MONTAÑOSO,2.0,55.7,Buena,-79.6229796849999,-5.393427037999913,-79.61490310399995,-5.381749924999951,3.4769999999999897
1782,PE-1N,13.072,14.721,LIMA,COSTA,LONGITUDINAL DE LA COSTA,PLANO,4.0,80.89,Buena,-77.0596748939999,-12.017771376999917,-77.0620752449999,-12.002395873999944,1.649000000000001
1783,PE-3SD,136.632,160.457,HUANCAVELICA,SIERRA,VARIANTE,MONTAÑOSO,1.0,44.1,Regular,-74.46025775999993,-12.633961085999942,-74.38580322299993,-12.740888595999934,23.82499999999999
1784,PE-3SD,67.586,101.1,HUANCAVELICA,SIERRA,VARIANTE,MONTAÑOSO,1.0,44.1,Buena,-74.76324844399994,-12.392555236999954,-74.61775893899994,-12.50906380999993,33.513999999999996
1785,PE-1NK,47.044,47.457,PIURA,COSTA,RAMAL,PLANO,2.0,77.35,Buena,-80.8183058919999,-5.552171703999932,-80.81811125799993,-5.555887884999947,0.4130000000000038
1786,PE-1NK,46.94,47.044,PIURA,COSTA,RAMAL,PLANO,2.0,77.35,Buena,-80.81846242699993,-5.551242465999906,-80.8183058919999,-5.552171703999932,0.1039999999999992
1787,PE-18,102.765,103.129,LIMA,SIERRA,TRANSVERSAL,MONTAÑOSO,1.0,33.11,Buena,-76.8980440329999,-10.845911452999928,-76.89706011999994,-10.845834289999914,0.3640000000000043
1788,PE-18,99.015,102.765,LIMA,SIERRA,TRANSVERSAL,MONTAÑOSO,2.0,33.11,Buena,-76.90259531599992,-10.84855644399994,-76.8980440329999,-10.845911452999928,3.75
1789,PE-18,103.129,107.313,LIMA,SIERRA,TRANSVERSAL,MONTAÑOSO,2.0,33.11,Buena,-76.89706011999994,-10.845834289999914,-76.87892312699995,-10.816732208999952,4.1839999999999975
1790,PE-02B,39.644,59.901,CAJAMARCA,SELVA,TRANSVERSAL,MONTAÑOSO,1.0,40.61,Buena,-79.2991123189999,-5.329055785999913,-79.18478849799993,-5.29516254899994,20.257000000000005
1791,PE-30D,16.033,48.425,AYACUCHO,SIERRA,TRANSVERSAL,,0.0,0.0,Buena,-75.12135767299992,-14.427523510999947,-74.95268489099993,-14.265089351999904,32.391999999999996
1792,PE-20C,68.708,70.257,LIMA,SIERRA,TRANSVERSAL,ONDULADO,0.0,66.89,Regular,-76.8196504419999,-11.27610932999994,-76.81283480699994,-11.267657656999916,1.5490000000000066
1793,PE-30,19.404,20.177,ICA,COSTA,TRANSVERSAL,PLANO,2.0,78.24,Buena,-75.0294017789999,-15.16719245899992,-75.05099236399991,-15.27357911699994,0.7729999999999997
1794,PE-30,20.177,21.558,ICA,COSTA,TRANSVERSAL,PLANO,2.0,80.89,Buena,-75.05099236399991,-15.27357911699994,-75.07879447899995,-15.282491683999922,1.3810000000000002
1795,PE-36D,0.0,1.584,MOQUEGUA,SIERRA,TRANSVERSAL,PLANO,0.0,0.0,Sin Informacion,-71.04424285899995,-17.579998015999934,-71.03189686999991,-17.58503573999991,1.584
1796,PE-08B,101.865,102.143,CAJAMARCA,SIERRA,TRANSVERSAL,MONTAÑOSO,2.0,44.1,Regular,-78.14300617899994,-6.871862574999909,-78.1407937539999,-6.871719944999938,0.2780000000000058
1797,PE-5NA,124.804,128.46,PASCO,SELVA,VARIANTE,ONDULADO,2.0,41.29,Mala,-75.5461301279999,-10.058046949999948,-75.53372732199995,-10.031702012999915,3.656000000000006
1798,PE-3N,921.503,961.963,LA LIBERTAD,SIERRA,LONGITUDINAL DE LA SIERRA,ONDULADO,1.0,27.33,Mala,-77.95581756099995,-8.190974040999947,-77.95048539899994,-8.185738669999921,40.45999999999992
1799,PE-14A,160.975,162.674,ANCASH,SIERRA,RAMAL,MONTAÑOSO,1.0,33.43,Mala,-76.91245895299994,-9.14820236199995,-76.9203209659999,-9.148406454999929,1.6990000000000123
1800,PE-5NC,87.308,140.491,AMAZONAS,SELVA,RAMAL,ONDULADO,1.0,46.47,Buena,-78.36079917199993,-5.232360706999941,-78.23499168399991,-4.991167632999918,53.18300000000001
1801,PE-28B,116.924,120.076,AYACUCHO,SIERRA,VARIANTE,MONTAÑOSO,1.0,44.1,Buena,-73.99056893399995,-12.75524428299991,-73.97679496599994,-12.747526727999912,3.151999999999987
1802,PE-1N,17.462,20.016,LIMA,COSTA,LONGITUDINAL DE LA COSTA,PLANO,3.0,80.89,Buena,-77.06535465999991,-11.977947675999928,-77.06938682599991,-11.95558860199992,2.5539999999999985
1803,PE-3N,1199.376,1196.946,CAJAMARCA,SIERRA,LONGITUDINAL DE LA SIERRA,ONDULADO,2.0,66.89,Mala,-78.1280994409999,-7.366451262999931,-78.1354496429999,-7.357037839999919,-2.4300000000000637
1804,PE-28C,228.182,249.954,JUNIN,SELVA,RAMAL,PLANO,0.0,0.0,Regular,-74.40764757699992,-11.578564435999908,-74.41143997199993,-11.576066281999942,21.77200000000002
1805,PE-3NA,56.742,74.895,ANCASH,SIERRA,VARIANTE,MONTAÑOSO,1.0,40.51,Buena,-77.96830370599992,-8.615759815999922,-77.99485180599993,-8.601553252999906,18.153
1806,PE-34J,0.093,19.618,AREQUIPA,SIERRA,RAMAL,ONDULADO,1.0,49.53,Buena,-71.00521829699994,-15.766713792999951,-71.05189725799994,-15.61390180199993,19.525
1807,PE-30B,71.7895,116.454,APURIMAC,SIERRA,RAMAL,ONDULADO,1.0,55.02,Buena,-73.54479026799993,-14.186161040999934,-73.43524383199991,-13.932147651999912,44.66449999999999
1808,PE-30B,67.779,71.7895,APURIMAC,SIERRA,RAMAL,ONDULADO,1.0,55.02,Buena,-73.53659629799995,-14.21473693799993,-73.54479026799993,-14.186161040999934,4.0105000000000075
1809,PE-38A,72.634,82.811,PUNO,SIERRA,RAMAL,PLANO,1.0,68.22,Buena,-69.65116500899995,-16.171972274999916,-69.6258009579999,-16.09369606699994,10.177000000000007
1810,PE-38A,66.359,71.618,PUNO,SIERRA,RAMAL,PLANO,1.0,75.08,Regular,-69.6770900269999,-16.222268492999945,-69.65591147999993,-16.17980104299994,5.259
1811,PE-28F,20.228,24.462,CUSCO,SIERRA,RAMAL,MONTAÑOSO,2.0,55.0,Buena,-72.0719270379999,-13.367725655999948,-72.10396575899995,-13.374870299999941,4.233999999999998
1812,PE-28F,0.0,0.253,CUSCO,SIERRA,RAMAL,MONTAÑOSO,2.0,55.0,Buena,-72.05297384599993,-13.48954275299991,-72.05479076299991,-13.487920311999915,0.253
1813,PE-10B,281.215,284.115,SAN MARTIN,SELVA,TRANSVERSAL,ONDULADO,2.0,27.06,Mala,-76.77886096799995,-7.321001348999914,-76.77313876499994,-7.29855138299996,2.900000000000034
1814,PE-1N,576.546,580.58,LA LIBERTAD,COSTA,LONGITUDINAL DE LA COSTA,PLANO,3.0,77.35,Buena,-79.0914370509999,-8.06852506499996,-79.07912320899993,-8.030109155999924,4.033999999999992
1815,PE-3NA,15.979,20.247,ANCASH,SIERRA,VARIANTE,MONTAÑOSO,1.0,44.1,Buena,-77.92209572799993,-8.679791541999919,-77.91235437899991,-8.669050256999924,4.268000000000001
1816,PE-3NA,20.247,21.872,ANCASH,SIERRA,VARIANTE,MONTAÑOSO,1.0,40.51,Buena,-77.91235437899991,-8.669050256999924,-77.90126237299995,-8.663017035999928,1.625
1817,PE-34J,40.507,55.872,CUSCO,SIERRA,RAMAL,MONTAÑOSO,1.0,44.1,Buena,-71.07258972299991,-15.437056495999911,-71.12421861699994,-15.322867006999957,15.365000000000002
1818,PE-3NA,46.615,51.852,ANCASH,SIERRA,VARIANTE,MONTAÑOSO,1.0,44.1,Buena,-77.93360547999993,-8.578868949999958,-77.93740303099992,-8.603909312999917,5.236999999999995
1819,PE-3NA,22.083,46.615,ANCASH,SIERRA,VARIANTE,MONTAÑOSO,1.0,40.51,Buena,-77.90052177799993,-8.660324945999946,-77.93360547999993,-8.578868949999958,24.532000000000004
1820,PE-34J,55.872,60.09,CUSCO,SIERRA,RAMAL,MONTAÑOSO,1.0,40.51,Buena,-71.12421861699994,-15.322867006999957,-71.13936059399992,-15.29049503099992,4.2180000000000035
1821,PE-1SG,6.038,10.974,ICA,COSTA,VARIANTE,PLANO,0.0,0.0,Buena,-76.22088606999995,-13.720529596999938,-76.2329030169999,-13.76173726099995,4.936
1822,PE-34J,19.618,23.99,AREQUIPA,SIERRA,RAMAL,ONDULADO,1.0,43.03,Buena,-71.05189725799994,-15.61390180199993,-71.0513634369999,-15.575070294999932,4.372
1823,PE-34J,23.99,40.507,AREQUIPA,SIERRA,RAMAL,ONDULADO,1.0,49.53,Buena,-71.0513634369999,-15.575070294999932,-71.07258972299991,-15.437056495999911,16.517
1824,PE-1S,75.154,82.76,LIMA,COSTA,LONGITUDINAL DE LA COSTA,PLANO,2.0,80.89,Buena,-76.66391829899993,-12.589096215999916,-76.66376558999991,-12.65495761099993,7.606000000000009
1825,PE-34J,65.523,67.725,CUSCO,SIERRA,RAMAL,MONTAÑOSO,1.0,38.2,Buena,-71.1514428989999,-15.245924927999909,-71.15313787699995,-15.227526571999931,2.201999999999998
1826,PE-5NA,43.953,45.192,PASCO,SELVA,VARIANTE,PLANO,4.0,43.98,Buena,-75.39318466199995,-10.582796096999914,-75.40245246899991,-10.57784461999995,1.2389999999999972
1827,PE-5N,635.917,637.493,SAN MARTIN,SELVA,LONGITUDINAL DE LA SELVA,PLANO,2.0,64.96,Buena,-76.49820899999992,-8.194871902999921,-76.5084056849999,-8.186622618999934,1.5760000000000218
1828,PE-28F,24.462,39.986,CUSCO,SIERRA,RAMAL,MONTAÑOSO,2.0,55.0,Buena,-72.10396575899995,-13.374870299999941,-72.1093239409999,-13.317002615999911,15.523999999999997
1829,PE-28F,19.79,19.802,CUSCO,SIERRA,RAMAL,MONTAÑOSO,2.0,75.08,Buena,-72.06908236399994,-13.365128720999905,-72.06915918899995,-13.36519459199991,0.012000000000000455
1830,PE-28F,0.81,4.968,CUSCO,SIERRA,RAMAL,MONTAÑOSO,2.0,55.0,Buena,-72.0587139129999,-13.484685897999952,-72.06191184999994,-13.454395975999944,4.1579999999999995
1831,PE-28F,4.968,15.106,CUSCO,SIERRA,RAMAL,MONTAÑOSO,2.0,53.0,Buena,-72.06191184999994,-13.454395975999944,-72.05105972299992,-13.39475250199996,10.138
1832,PE-28F,39.986,44.948,CUSCO,SIERRA,RAMAL,MONTAÑOSO,2.0,55.0,Buena,-72.1093239409999,-13.317002615999911,-72.11075461899992,-13.310668060999944,4.962000000000003
1833,PE-28F,15.106,19.79,CUSCO,SIERRA,RAMAL,MONTAÑOSO,2.0,53.0,Buena,-72.05105972299992,-13.39475250199996,-72.06908236399994,-13.365128720999905,4.683999999999999
1834,PE-3SD,101.1,132.23,HUANCAVELICA,SIERRA,VARIANTE,ONDULADO,1.0,49.53,Regular,-74.61775893899994,-12.50906380999993,-74.48511972699993,-12.62114108299994,31.129999999999995
1835,PE-3SD,132.23,136.632,HUANCAVELICA,SIERRA,VARIANTE,MONTAÑOSO,1.0,44.1,Buena,-74.48511972699993,-12.62114108299994,-74.46025775999993,-12.633961085999942,4.402000000000015
1836,PE-3SD,161.006,169.588,HUANCAVELICA,SIERRA,VARIANTE,MONTAÑOSO,1.0,44.1,Buena,-74.3867061599999,-12.744498540999928,-74.37151375699995,-12.763890063999952,8.581999999999994
1837,PE-3SD,63.455,67.586,HUANCAVELICA,SIERRA,VARIANTE,ONDULADO,1.0,55.02,Buena,-74.7701157589999,-12.376329229999953,-74.76324844399994,-12.392555236999954,4.131
1838,PE-28F,19.802,20.228,CUSCO,SIERRA,RAMAL,MONTAÑOSO,2.0,55.0,Buena,-72.06915918899995,-13.36519459199991,-72.0719270379999,-13.367725655999948,0.42600000000000193
1839,PE-28F,0.413,0.81,CUSCO,SIERRA,RAMAL,MONTAÑOSO,2.0,55.0,Buena,-72.05589980699995,-13.486970246999931,-72.0587139129999,-13.484685897999952,0.3970000000000001
1840,PE-02B,109.411,130.911,CAJAMARCA,SELVA,TRANSVERSAL,ONDULADO,1.0,46.47,Buena,-78.99462155999993,-5.464938739999923,-78.83379308499991,-5.449464131999946,21.5
1841,PE-02B,59.901,84.337,CAJAMARCA,SELVA,TRANSVERSAL,MONTAÑOSO,1.0,37.47,Buena,-79.18478849799993,-5.29516254899994,-79.09444283599993,-5.369311183999912,24.436
1842,PE-02B,28.779,39.644,CAJAMARCA,SIERRA,TRANSVERSAL,MONTAÑOSO,1.0,40.51,Buena,-79.32659149099993,-5.339447020999955,-79.2991123189999,-5.329055785999913,10.864999999999998
1843,PE-02B,91.005,91.958,CAJAMARCA,SELVA,TRANSVERSAL,ONDULADO,1.0,46.47,Buena,-79.08043861399995,-5.4200916289999554,-79.07513140099991,-5.428094036999937,0.953000000000003
1844,PE-02B,91.958,106.936,CAJAMARCA,SELVA,TRANSVERSAL,ONDULADO,1.0,46.47,Buena,-79.07513140099991,-5.428094036999937,-78.99462155999993,-5.464938739999923,14.978000000000009
1845,PE-02B,84.337,84.85,CAJAMARCA,SELVA,TRANSVERSAL,ONDULADO,1.0,46.47,Buena,-79.09444283599993,-5.369311183999912,-79.0933824839999,-5.374878451999962,0.512999999999991
1846,PE-02B,84.85,91.005,CAJAMARCA,SIERRA,TRANSVERSAL,ONDULADO,1.0,49.53,Buena,-79.0933824839999,-5.374878451999962,-79.08043861399995,-5.4200916289999554,6.155000000000001
1847,PE-02B,0.0,10.108,PIURA,SIERRA,TRANSVERSAL,MONTAÑOSO,1.0,44.1,Buena,-79.40909670799994,-5.316382945999919,-79.39070753499993,-5.343402127999923,10.108
1848,PE-02B,10.108,28.779,PIURA,SIERRA,TRANSVERSAL,MONTAÑOSO,1.0,40.51,Buena,-79.39070753499993,-5.343402127999923,-79.32658695499993,-5.3394462649999355,18.671
1849,PE-02A,145.099,146.71,PIURA,SELVA,TRANSVERSAL,ONDULADO,2.0,59.09,Buena,-79.4549564379999,-5.246017359999939,-79.45273629299993,-5.240266015999907,1.6110000000000184
1850,PE-02A,104.07,106.091,PIURA,SIERRA,TRANSVERSAL,MONTAÑOSO,2.0,44.1,Buena,-79.56812538999992,-5.368315494999933,-79.56440818099992,-5.365263007999943,2.021000000000001
1851,PE-02A,77.818,104.07,PIURA,SIERRA,TRANSVERSAL,MONTAÑOSO,1.0,44.1,Buena,-79.6079769129999,-5.377376555999945,-79.56812538999992,-5.368315494999933,26.251999999999995
1852,PE-5NA,72.442,76.909,PASCO,SELVA,VARIANTE,ONDULADO,2.0,34.12,Mala,-75.53637133099994,-10.404930575999913,-75.54909741299991,-10.377872490999948,4.467000000000013
1853,PE-10B,98.158,123.816,LA LIBERTAD,SIERRA,TRANSVERSAL,ONDULADO,1.0,0.0,Mala,-77.69728558299994,-7.442693874999918,-77.64158274099992,-7.342292314999952,25.658
1854,PE-10B,123.816,181.479,SAN MARTIN,SIERRA,TRANSVERSAL,ONDULADO,1.0,0.0,Sin Informacion,-77.64158274099992,-7.342292314999952,-77.32154348899991,-7.332740183999931,57.66300000000001
1855,PE-10B,181.479,269.473,SAN MARTIN,SELVA,TRANSVERSAL,ONDULADO,1.0,0.0,Sin Informacion,-77.32154348899991,-7.332740183999931,-76.80660333299994,-7.339187110999944,87.994
1856,PE-10B,269.473,276.261,SAN MARTIN,SELVA,TRANSVERSAL,ONDULADO,2.0,27.06,Mala,-76.80661334399991,-7.339178650999941,-76.77886096799995,-7.321001348999914,6.788000000000011
1857,PE-10B,276.261,281.215,SAN MARTIN,SELVA,TRANSVERSAL,ONDULADO,2.0,27.06,Mala,-76.77313876499994,-7.29855138299996,-76.73678378599993,-7.2689077999999085,4.953999999999951
1858,PE-30D,125.845,183.035,AYACUCHO,SIERRA,TRANSVERSAL,,0.0,0.0,Buena,-74.58013688299991,-14.082598381999958,-74.32595695999993,-13.879631529999926,57.19
1859,PE-30D,245.811,258.525,AYACUCHO,SIERRA,TRANSVERSAL,,0.0,0.0,Buena,-74.20491932599992,-13.585684632999914,-74.19176313999992,-13.529304919999959,12.71399999999997
1860,PE-30D,54.845,116.578,AYACUCHO,SIERRA,TRANSVERSAL,,0.0,0.0,Buena,-74.91999524999994,-14.242871589999936,-74.62938106699994,-14.090186699999947,61.733000000000004
1861,PE-1S,971.637,974.519,AREQUIPA,SIERRA,LONGITUDINAL DE LA COSTA,PLANO,2.0,78.24,Buena,-71.82244657399991,-16.56007840099994,-71.83930014999993,-16.58038483999991,2.882000000000062
1862,PE-1S,1075.735,1082.964,AREQUIPA,SIERRA,LONGITUDINAL DE LA COSTA,PLANO,2.0,78.24,Buena,-71.45380389499991,-17.155514352999944,-71.40096688999995,-17.196263079999937,7.229000000000042
1863,PE-1S,1210.847,1213.209,TACNA,COSTA,LONGITUDINAL DE LA COSTA,PLANO,2.0,69.78,Buena,-70.84926700999995,-17.686668098999917,-70.84182187399995,-17.697671143999912,2.36200000000008
1864,PE-1S,1024.489,1027.166,AREQUIPA,SIERRA,LONGITUDINAL DE LA COSTA,MONTAÑOSO,2.0,55.7,Buena,-71.76749291599992,-16.983134538999934,-71.75702496999992,-16.983209469999906,2.6769999999999072
1865,PE-1S,1187.363,1203.225,MOQUEGUA,SIERRA,LONGITUDINAL DE LA COSTA,PLANO,2.0,78.24,Buena,-71.02675249399994,-17.590476156999955,-70.89729945999994,-17.64969863899995,15.861999999999853
1866,PE-1S,454.494,459.546,ICA,COSTA,LONGITUDINAL DE LA COSTA,PLANO,2.0,75.08,Buena,-74.98635371799992,-14.896598707999942,-74.98709194299994,-14.940874839999935,5.051999999999964
1867,PE-1S,1203.225,1210.847,TACNA,SIERRA,LONGITUDINAL DE LA COSTA,PLANO,2.0,78.24,Buena,-70.89729945999994,-17.64969863899995,-70.84926700999995,-17.686668098999917,7.622000000000071
1868,PE-1S,1101.566,1109.58,MOQUEGUA,SIERRA,LONGITUDINAL DE LA COSTA,ONDULADO,2.0,68.7,Buena,-71.23847435099992,-17.25220072499991,-71.16816371499993,-17.270906760999935,8.013999999999896
1869,PE-1S,974.519,979.625,AREQUIPA,SIERRA,LONGITUDINAL DE LA COSTA,PLANO,2.0,78.24,Buena,-71.83930014999993,-16.58038483999991,-71.86713189399995,-16.617834453999933,5.1059999999999945
1870,PE-1S,463.073,465.161,ICA,COSTA,LONGITUDINAL DE LA COSTA,PLANO,2.0,78.24,Buena,-74.9869597849999,-14.972438753999938,-74.9958942799999,-14.98739452999996,2.0880000000000223
1871,PE-1S,460.335,463.073,ICA,COSTA,LONGITUDINAL DE LA COSTA,PLANO,2.0,78.24,Buena,-74.98739794999995,-14.947959369999921,-74.9869597849999,-14.972438753999938,2.7379999999999995
1872,PE-1S,465.161,469.587,ICA,COSTA,LONGITUDINAL DE LA COSTA,PLANO,2.0,78.24,Buena,-74.9958942799999,-14.98739452999996,-75.0074044129999,-15.025461022999934,4.425999999999988
1873,PE-1S,445.019,446.519,ICA,COSTA,LONGITUDINAL DE LA COSTA,PLANO,4.0,75.08,Buena,-74.94227849999993,-14.841061396999919,-74.9527196219999,-14.849553127999911,1.5
1874,PE-1S,473.144,478.908,ICA,COSTA,LONGITUDINAL DE LA COSTA,PLANO,2.0,78.24,Buena,-75.00613458399994,-15.057385421999925,-74.99768928899994,-15.106640690999939,5.76400000000001
1875,PE-1S,481.346,483.194,ICA,COSTA,LONGITUDINAL DE LA COSTA,PLANO,2.0,68.22,Buena,-74.98844373899993,-15.126740781999956,-74.98067906999995,-15.14158754999994,1.8480000000000132
1876,PE-1S,446.519,450.928,ICA,COSTA,LONGITUDINAL DE LA COSTA,PLANO,2.0,75.08,Buena,-74.9527196219999,-14.849553127999911,-74.98706102999995,-14.870432879999953,4.408999999999992
1877,PE-22B,107.043,120.006,JUNIN,SELVA,TRANSVERSAL,PLANO,2.0,70.33,Buena,-75.32562506099993,-11.055891551999935,-75.29459951899992,-10.962936553999953,12.962999999999994
1878,PE-20A,69.381,69.661,LIMA,SIERRA,TRANSVERSAL,ONDULADO,2.0,66.89,Mala,-76.74196624799993,-11.581045150999955,-76.7418174739999,-11.580890655999951,0.28000000000000114
1879,PE-3N,1008.959,1010.737,LA LIBERTAD,SIERRA,LONGITUDINAL DE LA SIERRA,ONDULADO,1.0,43.03,Buena,-78.19961782399992,-8.14405673999994,-78.20859963999993,-8.147336830999961,1.77800000000002
1880,PE-30D,237.439,240.482,AYACUCHO,SIERRA,TRANSVERSAL,,0.0,0.0,Buena,-74.25617492099991,-13.617048265999927,-74.2343979499999,-13.602950439999915,3.0430000000000064
1881,PE-30D,8.285,9.997,ICA,SIERRA,TRANSVERSAL,PLANO,0.0,0.0,Buena,-75.14145569699991,-14.48372091799996,-75.1373907219999,-14.470840628999952,1.7119999999999997
1882,PE-26,71.827,75.992,HUANCAVELICA,SIERRA,TRANSVERSAL,MONTAÑOSO,1.0,44.1,Buena,-75.62925557699992,-13.277512187999946,-75.6198850209999,-13.249522843999955,4.165000000000006
1883,PE-16A,139.077,178.623,LIMA,SIERRA,TRANSVERSAL,,0.0,0.0,Regular,-76.99263499999995,-10.473316999999952,-76.88229299999995,-10.553995999999927,39.54599999999999
1884,PE-30D,220.205,237.439,AYACUCHO,SIERRA,TRANSVERSAL,,0.0,0.0,Buena,-74.29793666499995,-13.652274339999906,-74.25617492099991,-13.617048265999927,17.23399999999998
1885,PE-20A,55.897,56.077,LIMA,SIERRA,TRANSVERSAL,ONDULADO,2.0,66.89,Mala,-76.79903229099995,-11.678159041999947,-76.7983249159999,-11.67612571199993,0.17999999999999972
1886,PE-20A,78.364,95.056,LIMA,SIERRA,TRANSVERSAL,ONDULADO,2.0,66.89,Mala,-76.62469185299994,-11.472302966999905,-76.62499427699993,-11.46996846299993,16.691999999999993
1887,PE-5S,174.792,174.922,JUNIN,SELVA,LONGITUDINAL DE LA SELVA,PLANO,2.0,50.38,Regular,-74.31342830599993,-11.135927780999907,-74.31345636999993,-11.135815710999907,0.12999999999999545
1888,PE-1SD,338.173,366.594,TACNA,COSTA,VARIANTE,PLANO,2.0,80.89,Buena,-70.67557716399995,-18.15614699999992,-70.4565932719999,-18.155781435999927,28.420999999999992
1889,PE-18,95.876,96.376,LIMA,SIERRA,TRANSVERSAL,MONTAÑOSO,2.0,33.11,Buena,-76.92510115999994,-10.85387161999995,-76.9214360709999,-10.855085646999953,0.5
1890,PE-1N,918.815,928.851,PIURA,COSTA,LONGITUDINAL DE LA COSTA,PLANO,3.0,77.35,Buena,-80.53749531999995,-5.84554647199991,-80.55250716299992,-5.756495443999938,10.035999999999945
1891,PE-1N,972.935,988.657,PIURA,COSTA,LONGITUDINAL DE LA COSTA,PLANO,3.0,77.35,Buena,-80.61660069699991,-5.3643453009999575,-80.64157235599993,-5.23640987999994,15.722000000000094
1892,PE-26,0.0,2.277,ICA,COSTA,TRANSVERSAL,PLANO,2.0,80.89,Buena,-76.13992048799992,-13.416358509999952,-76.12582747599993,-13.417717293999942,2.277
1893,PE-26,25.852,29.322,ICA,COSTA,TRANSVERSAL,ONDULADO,2.0,52.05,Buena,-75.9515640919999,-13.405020226999909,-75.9272831749999,-13.401247129999945,3.469999999999999
1894,PE-26,75.992,78.585,HUANCAVELICA,SIERRA,TRANSVERSAL,MONTAÑOSO,1.0,44.1,Buena,-75.6198850209999,-13.249522843999955,-75.61164605199991,-13.228041878999932,2.5929999999999893
1895,PE-26,33.921,38.947,ICA,SIERRA,TRANSVERSAL,MONTAÑOSO,2.0,44.1,Buena,-75.89084265299994,-13.38834135199994,-75.85389900199993,-13.368061065999939,5.026000000000003
1896,PE-26,12.1,25.852,ICA,COSTA,TRANSVERSAL,ONDULADO,2.0,52.05,Buena,-76.04313490499993,-13.402277237999954,-75.9515640919999,-13.405020226999909,13.752
1897,PE-26,53.82,60.362,HUANCAVELICA,SIERRA,TRANSVERSAL,MONTAÑOSO,1.0,40.51,Buena,-75.7350438659999,-13.362693148999938,-75.68643154499995,-13.33695438999996,6.542000000000002
1898,PE-26,49.202,49.219,HUANCAVELICA,SIERRA,TRANSVERSAL,MONTAÑOSO,1.0,0.0,Buena,-75.7687892909999,-13.368183135999914,-75.76866119399995,-13.368224288999954,0.017000000000003013
1899,PE-26,29.322,33.921,ICA,COSTA,TRANSVERSAL,MONTAÑOSO,2.0,52.57,Buena,-75.9272831749999,-13.401247129999945,-75.89084265299994,-13.38834135199994,4.599
1900,PE-26,85.71,117.798,HUANCAVELICA,SIERRA,TRANSVERSAL,MONTAÑOSO,1.0,44.1,Regular,-75.57535870399994,-13.200232891999917,-75.53415253499992,-13.04704584399991,32.08800000000001
1901,PE-26,2.995,8.328,ICA,COSTA,TRANSVERSAL,PLANO,2.0,62.03,Buena,-76.12577056899994,-13.41777419999994,-76.08328153199994,-13.41274650999992,5.332999999999999
1902,PE-26,2.277,2.995,ICA,COSTA,TRANSVERSAL,PLANO,2.0,0.0,Buena,-76.12582747599993,-13.417717293999942,-76.12577056899994,-13.41777419999994,0.718
1903,PE-26,82.121,85.71,HUANCAVELICA,SIERRA,TRANSVERSAL,MONTAÑOSO,1.0,44.1,Regular,-75.58616539999991,-13.213167598999917,-75.57535870399994,-13.200232891999917,3.5889999999999986
1904,PE-26,38.947,44.97,ICA,SIERRA,TRANSVERSAL,MONTAÑOSO,1.0,44.1,Buena,-75.85389900199993,-13.368061065999939,-75.79908933699994,-13.373272970999949,6.022999999999996
1905,PE-26,131.077,187.222,HUANCAVELICA,SIERRA,TRANSVERSAL,ONDULADO,1.0,43.03,Mala,-75.45256122599994,-13.026020539999934,-75.1861286159999,-12.910264968999911,56.14500000000001
1906,PE-26,187.222,197.364,HUANCAVELICA,SIERRA,TRANSVERSAL,ONDULADO,1.0,49.53,Regular,-75.1861286159999,-12.910264968999911,-75.12184597899994,-12.874541269999952,10.141999999999996
1907,PE-3S,1418.886,1442.092,PUNO,SIERRA,LONGITUDINAL DE LA SIERRA,PLANO,2.0,78.24,Buena,-69.6258009579999,-16.09369606699994,-69.4681901809999,-16.222560418999933,23.20600000000013
1908,PE-10C,220.714,234.578,LA LIBERTAD,SIERRA,RAMAL,MONTAÑOSO,1.0,40.51,Mala,-77.31481846399993,-8.227580307999915,-77.29778536399994,-8.279176069999949,13.864000000000004
1909,PE-28C,32.404,43.126,CUSCO,SELVA,RAMAL,ONDULADO,1.0,46.47,Buena,-73.88408279399994,-12.407505034999929,-73.92827415499994,-12.339708327999915,10.721999999999994
1910,PE-22A,0.0,0.226,LIMA,COSTA,TRANSVERSAL,PLANO,3.0,69.78,Mala,-76.65064910699994,-12.676702269999907,-76.65007886399991,-12.676520331999939,0.226
1911,PE-3S,1368.892,1386.55,PUNO,SIERRA,LONGITUDINAL DE LA SIERRA,PLANO,2.0,68.22,Buena,-69.9863595189999,-15.863526495999906,-69.87416364699993,-15.930208598999911,17.6579999999999
1912,PE-30D,48.425,54.845,AYACUCHO,SIERRA,TRANSVERSAL,,0.0,0.0,Buena,-74.95268489099993,-14.265089351999904,-74.91999524999994,-14.242871589999936,6.420000000000002
1913,PE-30D,242.145,244.012,AYACUCHO,SIERRA,TRANSVERSAL,,0.0,0.0,Buena,-74.22736331999994,-13.607340587999943,-74.2192378069999,-13.59446511799996,1.8669999999999902
1914,PE-30D,207.957,211.467,AYACUCHO,SIERRA,TRANSVERSAL,,0.0,0.0,Buena,-74.31693436599994,-13.734305840999923,-74.31510788799994,-13.711484064999922,3.5100000000000193
1915,PE-30D,0.961,8.285,ICA,SIERRA,TRANSVERSAL,PLANO,0.0,0.0,Buena,-75.18267034999991,-14.527419839999936,-75.14145569699991,-14.48372091799996,7.324
1916,PE-28G,25.533,33.669,CUSCO,SIERRA,RAMAL,ONDULADO,2.0,68.7,Buena,-71.87735700099995,-13.451914701999954,-71.85140645099995,-13.423995182999931,8.135999999999996
1917,PE-28,19.975,30.336,ICA,COSTA,TRANSVERSAL,PLANO,2.0,77.35,Buena,-76.28374653999992,-13.867503411999905,-76.29375726399991,-13.804851031999931,10.360999999999997
1918,PE-26,197.364,201.600229,HUANCAVELICA,SIERRA,TRANSVERSAL,ONDULADO,1.0,49.53,Regular,-75.12184597899994,-12.874541269999952,-75.09320233499994,-12.841720645999942,4.236229000000009
1919,PE-26,117.798,131.077,HUANCAVELICA,SIERRA,TRANSVERSAL,ONDULADO,1.0,49.53,Regular,-75.53415253499992,-13.04704584399991,-75.45256122599994,-13.026020539999934,13.278999999999996
1920,PE-3S,1447.666,1452.605,PUNO,SIERRA,LONGITUDINAL DE LA SIERRA,PLANO,2.0,78.24,Buena,-69.42814933299991,-16.204836452999928,-69.39714501599991,-16.212520388999906,4.939000000000078
1921,PE-10C,172.601,177.421,LA LIBERTAD,SIERRA,RAMAL,MONTAÑOSO,1.0,40.51,Mala,-77.43712021899995,-8.05836605199994,-77.43113671799995,-8.071092120999936,4.819999999999993
1922,PE-10C,177.421,182.367,LA LIBERTAD,SIERRA,RAMAL,MONTAÑOSO,1.0,44.1,Regular,-77.43113671799995,-8.071092120999936,-77.41206304699995,-8.088676956999905,4.945999999999998
1923,PE-10C,304.707,305.905,LA LIBERTAD,SIERRA,RAMAL,MONTAÑOSO,1.0,40.51,Mala,-77.30018424999992,-8.45786476099994,-77.30318235399994,-8.460546367999939,1.197999999999979
1924,PE-10C,305.905,313.901,LA LIBERTAD,SIERRA,RAMAL,MONTAÑOSO,1.0,40.51,Mala,-77.30318281299992,-8.460545717999935,-77.29914176999995,-8.490359935999948,7.996000000000038
1925,PE-10C,313.901,340.045,LA LIBERTAD,SELVA,RAMAL,MONTAÑOSO,1.0,37.47,Mala,-77.29914176999995,-8.490359935999948,-77.29586474599995,-8.51677247799995,26.144000000000005
1926,PE-10C,296.051,304.707,LA LIBERTAD,SIERRA,RAMAL,MONTAÑOSO,1.0,40.51,Mala,-77.31226285299994,-8.455147109999928,-77.30018424999992,-8.45786476099994,8.656000000000006
1927,PE-10C,182.367,197.604,LA LIBERTAD,SIERRA,RAMAL,MONTAÑOSO,1.0,40.51,Mala,-77.41206304699995,-8.088676956999905,-77.39491237699991,-8.129224369999918,15.237000000000023
1928,PE-10C,197.604,220.714,LA LIBERTAD,SIERRA,RAMAL,ONDULADO,1.0,43.03,Mala,-77.39491237699991,-8.129224369999918,-77.31481846399993,-8.227580307999915,23.109999999999985
1929,PE-28C,1.108,4.304,CUSCO,SELVA,RAMAL,ONDULADO,1.0,56.43,Buena,-73.79470211699993,-12.609413245999917,-73.79756545999993,-12.585842132999915,3.196
1930,PE-28C,4.304,16.279,CUSCO,SELVA,RAMAL,ONDULADO,1.0,59.09,Buena,-73.79756545999993,-12.585842132999915,-73.82249259899993,-12.521511077999946,11.975
1931,PE-28C,17.349,22.492,CUSCO,SELVA,RAMAL,ONDULADO,1.0,46.47,Buena,-73.82892881799995,-12.51382586099993,-73.83802413899991,-12.483623504999912,5.143000000000001
1932,PE-28C,16.279,17.349,CUSCO,SELVA,RAMAL,ONDULADO,4.0,59.09,Buena,-73.82249259899993,-12.521511077999946,-73.82892881799995,-12.51382586099993,1.0700000000000003
1933,PE-28C,22.492,32.404,CUSCO,SELVA,RAMAL,ONDULADO,1.0,41.29,Buena,-73.83802413899991,-12.483623504999912,-73.88408279399994,-12.407505034999929,9.912000000000003
1934,PE-24,138.682,181.888,LIMA,SIERRA,TRANSVERSAL,MONTAÑOSO,1.0,55.0,Buena,-75.91186118699994,-12.49266148299995,-75.7462999999999,-12.239977432999922,43.20600000000002
1935,PE-32,134.533,194.47,AYACUCHO,SIERRA,TRANSVERSAL,ONDULADO,2.0,55.02,Buena,-73.57142639199992,-15.271255492999956,-73.75688008399993,-15.044210132999922,59.93700000000001
1936,PE-18C,37.363,52.934,UCAYALI,SELVA,TRANSVERSAL,ONDULADO,2.0,60.03,Buena,-74.9051487829999,-8.57146230199993,-74.80585479699994,-8.47527694699994,15.570999999999998
1937,PE-3SA,60.323,62.364,JUNIN,SIERRA,RAMAL,ONDULADO,2.0,68.7,Buena,-75.69264030499994,-11.43704308699995,-75.69369526799994,-11.419847269999934,2.040999999999997
1938,PE-3SA,2.562,6.641,JUNIN,SIERRA,RAMAL,ONDULADO,2.0,68.7,Buena,-75.49176406899994,-11.770967483999925,-75.51433557399992,-11.761972314999923,4.079000000000001
1939,PE-1N,20.016,20.061,LIMA,COSTA,LONGITUDINAL DE LA COSTA,PLANO,2.0,80.89,Buena,-77.06938682599991,-11.95558860199992,-77.0694143039999,-11.955438177999952,0.045000000000001705
1940,PE-1N,29.155,29.202,LIMA,COSTA,LONGITUDINAL DE LA COSTA,PLANO,3.0,80.89,Buena,-77.06910228899994,-11.874878767999917,-77.06911777099992,-11.874621666999928,0.0470000000000006
1941,PE-28F,0.0,5.699,CUSCO,SIERRA,RAMAL,MONTAÑOSO,0.0,0.0,Sin Informacion,-72.06595208599992,-13.372576264999907,-72.05783342899991,-13.41434556899992,5.699
1942,PE-26B,96.675,131.88,HUANCAVELICA,SIERRA,RAMAL,ONDULADO,1.0,43.03,Buena,-74.64309669699992,-13.077116002999958,-74.4925490899999,-13.06329990699993,35.205
1943,PE-22B,52.836,53.045,JUNIN,SIERRA,TRANSVERSAL,ONDULADO,1.0,62.45,Buena,-75.5719975799999,-11.346555602999956,-75.57009882799991,-11.346566541999948,0.20900000000000318
1944,PE-26B,131.88,146.591,HUANCAVELICA,SIERRA,RAMAL,MONTAÑOSO,1.0,40.51,Buena,-74.4925490899999,-13.06329990699993,-74.44444476899992,-13.014316914999938,14.711000000000013
1945,PE-5NC,186.234,201.91,AMAZONAS,SELVA,RAMAL,ONDULADO,1.0,46.47,Buena,-77.9782485959999,-4.852975844999946,-77.8760566709999,-4.783563613999945,15.675999999999988
1946,PE-38A,0.0,14.094,PUNO,SIERRA,RAMAL,PLANO,2.0,68.22,Regular,-69.71653612199992,-16.73877753599993,-69.70551028099993,-16.615541616999906,14.094
1947,PE-3S,1472.092,1501.592,PUNO,SIERRA,LONGITUDINAL DE LA SIERRA,PLANO,2.0,78.24,Buena,-69.26084576699992,-16.320637698999917,-69.10294017699994,-16.49573302099992,29.5
1948,PE-28C,46.009,57.318,CUSCO,SELVA,RAMAL,ONDULADO,1.0,46.47,Buena,-73.93966102599995,-12.328788756999927,-73.95854702999992,-12.258726999999908,11.308999999999997
1949,PE-28C,43.126,44.126,CUSCO,SELVA,RAMAL,ONDULADO,1.0,46.47,Buena,-73.92827415499994,-12.339708327999915,-73.93641853299994,-12.336847304999935,1.0
1950,PE-28C,62.261,66.261,JUNIN,SELVA,RAMAL,ONDULADO,1.0,46.47,Regular,-73.96571731599994,-12.23999404899996,-73.9919085809999,-12.226631285999929,3.999999999999993
1951,PE-28C,59.641,62.261,CUSCO,SELVA,RAMAL,ONDULADO,1.0,46.47,Regular,-73.95287314899991,-12.252789426999925,-73.96571731599994,-12.23999404899996,2.6200000000000045
1952,PE-28C,57.318,59.641,CUSCO,SELVA,RAMAL,ONDULADO,1.0,46.47,Buena,-73.95854702999992,-12.258726999999908,-73.95287314899991,-12.252789426999925,2.3230000000000004
1953,PE-22A,0.607,3.291,LIMA,COSTA,TRANSVERSAL,PLANO,2.0,69.78,Mala,-76.64872785699993,-12.674279909999939,-76.63627849999995,-12.656217923999918,2.684
1954,PE-22A,0.226,0.607,LIMA,COSTA,TRANSVERSAL,PLANO,1.0,69.78,Mala,-76.65007886399991,-12.676520331999939,-76.64872785699993,-12.674279909999939,0.381
1955,PE-16A,26.956,47.321,ANCASH,COSTA,TRANSVERSAL,,0.0,0.0,Regular,-77.57585699999993,-10.657987999999932,-77.42737299999993,-10.608480999999927,20.365
1956,PE-16A,208.333,208.68,LIMA,SIERRA,TRANSVERSAL,MONTAÑOSO,2.0,55.7,Buena,-76.77549939999994,-10.666615350999905,-76.77338192099995,-10.668283325999937,0.3470000000000084
1957,PE-16A,47.321,57.626,ANCASH,SIERRA,TRANSVERSAL,,0.0,0.0,Regular,-77.42737299999993,-10.608480999999927,-77.34337199999993,-10.606066999999939,10.305
1958,PE-16A,57.626,79.878,LIMA,SIERRA,TRANSVERSAL,,0.0,0.0,Mala,-77.34337199999993,-10.606066999999939,-77.1888689999999,-10.544311999999934,22.252000000000002
1959,PE-16A,184.777,195.88,LIMA,SIERRA,TRANSVERSAL,,0.0,0.0,Regular,-76.84705891199991,-10.568263135999928,-76.79495135699995,-10.608044923999955,11.103000000000009
1960,PE-16A,79.878,111.167,LIMA,SIERRA,TRANSVERSAL,,0.0,0.0,Mala,-77.1888689999999,-10.544311999999934,-77.09010999999992,-10.48285299999992,31.289
1961,PE-16A,111.167,139.077,LIMA,SIERRA,TRANSVERSAL,,0.0,0.0,Regular,-77.09010999999992,-10.48285299999992,-76.99263499999995,-10.473316999999952,27.909999999999997
1962,PE-34E,128.691,136.094,CUSCO,SIERRA,RAMAL,ONDULADO,1.0,49.53,Regular,-71.1640855089999,-15.306272287999946,-71.16083923399992,-15.242568203999951,7.402999999999992
1963,PE-34C,26.695,30.231,AREQUIPA,SIERRA,VARIANTE,ONDULADO,1.0,34.85,Mala,-71.41485999999992,-16.40638999999993,-71.3903437049999,-16.412799892999942,3.5360000000000014
1964,PE-34C,175.5,220.132,PUNO,SIERRA,VARIANTE,MONTAÑOSO,1.0,33.43,Mala,-70.7531899999999,-15.860189999999932,-70.61006999999995,-15.704029999999932,44.632000000000005
1965,PE-34C,44.906,58.967,AREQUIPA,SIERRA,VARIANTE,MONTAÑOSO,1.0,33.43,Mala,-71.34174532999992,-16.38557799499995,-71.30533019699993,-16.37983821599994,14.061
1966,PE-34E,104.369,106.865,AREQUIPA,SIERRA,RAMAL,ONDULADO,1.0,40.84,Regular,-71.29116285099991,-15.39844590599995,-71.28917258099995,-15.384222635999947,2.495999999999995
1967,PE-34E,52.754,57.748,AREQUIPA,SIERRA,RAMAL,MONTAÑOSO,1.0,38.2,Regular,-71.43356034499993,-15.658166623999932,-71.4254163949999,-15.637460976999932,4.994
1968,PE-34E,73.248,104.369,AREQUIPA,SIERRA,RAMAL,MONTAÑOSO,1.0,33.43,Mala,-71.40959680399993,-15.509658378999916,-71.29116285099991,-15.39844590599995,31.120999999999995
1969,PE-34C,153.438,175.5,PUNO,SIERRA,VARIANTE,ONDULADO,1.0,34.85,Mala,-70.82092151199993,-15.977245008999944,-70.7531899999999,-15.860189999999932,22.062000000000012
1970,PE-34E,106.865,116.591,AREQUIPA,SIERRA,RAMAL,ONDULADO,1.0,49.53,Regular,-71.28917258099995,-15.384222635999947,-71.22181077499994,-15.371902044999956,9.725999999999999
1971,PE-34E,126.283,128.691,AREQUIPA,SIERRA,RAMAL,ONDULADO,1.0,49.53,Regular,-71.18193740699991,-15.315356665999957,-71.1640855089999,-15.306272287999946,2.4080000000000013
1972,PE-34E,6.848,10.296,AREQUIPA,SIERRA,RAMAL,ONDULADO,1.0,49.53,Regular,-71.39695548999993,-16.004606246999913,-71.38152915199993,-15.977440824999917,3.4479999999999995
1973,PE-34E,23.989,23.98999999,AREQUIPA,SIERRA,RAMAL,ONDULADO,1.0,49.53,Regular,-71.3862584009999,-15.884071855999935,-71.38630715399995,-15.884023274999947,0.0009999900000003947
1974,PE-34E,10.296,23.833,AREQUIPA,SIERRA,RAMAL,ONDULADO,1.0,40.84,Regular,-71.38152915199993,-15.977440824999917,-71.38522674799992,-15.884976269999925,13.536999999999999
1975,PE-34E,0.215,4.677,AREQUIPA,SIERRA,RAMAL,PLANO,1.0,75.08,Regular,-71.40942192099993,-16.05320167499991,-71.40792391699995,-16.020076169999925,4.462
1976,PE-34E,116.591,126.283,AREQUIPA,SIERRA,RAMAL,ONDULADO,1.0,43.03,Mala,-71.22181077499994,-15.371902044999956,-71.18193740699991,-15.315356665999957,9.692000000000007
1977,PE-34C,133.608,153.438,AREQUIPA,SIERRA,VARIANTE,MONTAÑOSO,1.0,33.43,Mala,-70.96690518199995,-16.058477817999915,-70.82092151199993,-15.977245008999944,19.829999999999984
1978,PE-34C,83.319,133.608,AREQUIPA,SIERRA,VARIANTE,ONDULADO,1.0,34.85,Mala,-71.1506312109999,-16.316277464999928,-70.96690518199995,-16.058477817999915,50.289
1979,PE-5N,504.666,524.523,HUANUCO,SELVA,LONGITUDINAL DE LA SELVA,PLANO,2.0,72.6,Buena,-76.07550594599991,-9.061512787999959,-76.09405801899993,-8.908728783999948,19.857000000000028
1980,PE-5N,638.95,639.108,SAN MARTIN,SELVA,LONGITUDINAL DE LA SELVA,ONDULADO,2.0,41.29,Mala,-76.51819249899995,-8.186622232999923,-76.5192279819999,-8.186315536999928,0.15799999999990177
1981,PE-5N,665.249,665.578,SAN MARTIN,SELVA,LONGITUDINAL DE LA SELVA,ONDULADO,2.0,56.43,Buena,-76.62976331099992,-8.082424333999938,-76.63068056499992,-8.079706421999958,0.3289999999999509
1982,PE-5N,847.856,848.669,SAN MARTIN,SELVA,LONGITUDINAL DE LA SELVA,ONDULADO,2.0,60.03,Buena,-76.5829864829999,-7.057793429999947,-76.57617485299994,-7.057314338999959,0.8129999999999882
1983,PE-5N,846.702,847.856,SAN MARTIN,SELVA,LONGITUDINAL DE LA SELVA,ONDULADO,6.0,60.03,Buena,-76.5934467649999,-7.057600425999908,-76.5829864829999,-7.057793429999947,1.1539999999999964
1984,PE-5N,883.934,884.368,SAN MARTIN,SELVA,LONGITUDINAL DE LA SELVA,PLANO,6.0,72.6,Buena,-76.33285058299992,-6.919467418999943,-76.3316060919999,-6.9159184069999355,0.43400000000008276
1985,PE-5N,877.262,877.43,SAN MARTIN,SELVA,LONGITUDINAL DE LA SELVA,ONDULADO,2.0,41.29,Buena,-76.39279808399993,-6.927442647999953,-76.39125419999993,-6.927041279999912,0.16800000000000637
1986,PE-5N,901.623,901.754,SAN MARTIN,SELVA,LONGITUDINAL DE LA SELVA,PLANO,2.0,72.6,Buena,-76.31779733499991,-6.785336726999958,-76.31670145599992,-6.784884129999909,0.1309999999999718
1987,PE-5N,900.544,900.736,SAN MARTIN,SELVA,LONGITUDINAL DE LA SELVA,PLANO,2.0,72.6,Buena,-76.32365325699993,-6.792772703999958,-76.32229240399994,-6.791932786999951,0.19200000000000728
1988,PE-5N,900.736,901.623,SAN MARTIN,SELVA,LONGITUDINAL DE LA SELVA,PLANO,2.0,72.6,Buena,-76.32229240399994,-6.791932786999951,-76.31779733499991,-6.785336726999958,0.8870000000000573
1989,PE-34C,10.924,14.834,AREQUIPA,SIERRA,VARIANTE,ONDULADO,2.0,66.89,Regular,-71.49837614299992,-16.42184154699993,-71.47069170599991,-16.418742881999947,3.91
1990,PE-34C,5.406,5.978,AREQUIPA,SIERRA,VARIANTE,PLANO,6.0,75.08,Regular,-71.54127249699991,-16.423262500999954,-71.53629559799992,-16.425119381999934,0.5720000000000001
1991,PE-34C,7.342,9.858,AREQUIPA,SIERRA,VARIANTE,ONDULADO,4.0,66.89,Regular,-71.52367658299994,-16.425445143999923,-71.5040852809999,-16.426514718999954,2.516000000000001
1992,PE-34C,16.048,26.695,AREQUIPA,SIERRA,VARIANTE,ONDULADO,2.0,62.45,Mala,-71.46940637699993,-16.415297067999916,-71.41485999999992,-16.40638999999993,10.647000000000002
1993,PE-34C,9.858,10.126,AREQUIPA,SIERRA,VARIANTE,ONDULADO,2.0,66.89,Regular,-71.5040852809999,-16.426514718999954,-71.5024336919999,-16.427553906999947,0.2679999999999989
1994,PE-1NT,31.4,31.995,PIURA,SIERRA,TRANSVERSAL,ONDULADO,0.0,0.0,Sin Informacion,-79.91738194699991,-4.632447251999906,-79.91340859099995,-4.634893373999944,0.5950000000000024
1995,PE-1NR,1.548,2.257,PIURA,COSTA,TRANSVERSAL,PLANO,0.0,0.0,Sin Informacion,-80.34084634399994,-4.926084820999961,-80.3373436949999,-4.930469418999905,0.7090000000000001
1996,PE-18D,0.0,25.497,HUANUCO,SIERRA,TRANSVERSAL,ONDULADO,0.0,0.0,Sin Informacion,-76.20678259699991,-10.382834643999956,-76.01620042799993,-10.339159995999921,25.497
1997,PE-1NS,7.428,8.318,PIURA,COSTA,RAMAL,PLANO,0.0,0.0,Sin Informacion,-80.1704048709999,-5.108063032999951,-80.16600430999995,-5.103367298999956,0.8899999999999997
1998,PE-1NS,8.318,8.72,PIURA,COSTA,RAMAL,PLANO,0.0,0.0,Sin Informacion,-80.16600430999995,-5.103367298999956,-80.16319560999995,-5.103196289999914,0.402000000000001
1999,PE-38,143.296,149.701,TACNA,SIERRA,TRANSVERSAL,ONDULADO,1.0,33.11,Regular,-69.89976832699995,-17.382558935999953,-69.87851524399991,-17.33152580199993,6.405000000000001
2000,PE-18D,33.109,81.945,HUANUCO,SIERRA,TRANSVERSAL,ONDULADO,0.0,0.0,Sin Informacion,-75.97079379399992,-10.303513598999928,-75.7009682979999,-10.126638771999922,48.83599999999999
2001,PE-18D,89.485,105.497,PASCO,SIERRA,TRANSVERSAL,ONDULADO,0.0,0.0,Sin Informacion,-75.67502647799995,-10.077016820999916,-75.54488973899993,-10.054154508999943,16.012
2002,PE-1N,991.809,994.431,PIURA,COSTA,LONGITUDINAL DE LA COSTA,PLANO,3.0,69.78,Buena,-80.65335621999992,-5.215457225999955,-80.64554996699991,-5.195686562999924,2.622000000000071
2003,PE-08A,57.862,61.733,CAJAMARCA,SIERRA,RAMAL,ONDULADO,2.0,66.89,Buena,-78.6669879879999,-7.0670004249999465,-78.61584878499991,-7.065429109999911,3.870999999999995
2004,PE-32A,80.818,92.086,AYACUCHO,SIERRA,RAMAL,MONTAÑOSO,1.0,44.1,Buena,-73.96932010599994,-14.295078013999955,-73.9608073469999,-14.263086587999908,11.268
2005,PE-18C,52.934,71.346,UCAYALI,SELVA,TRANSVERSAL,PLANO,2.0,72.6,Buena,-74.80585479699994,-8.47527694699994,-74.65507125899995,-8.410884856999928,18.412000000000006
2006,PE-18C,84.935,85.966,UCAYALI,SELVA,TRANSVERSAL,PLANO,4.0,72.6,Buena,-74.53659860399995,-8.379288276999944,-74.53111063199992,-8.371781250999959,1.0309999999999917
2007,PE-3N,1055.086,1055.406,LA LIBERTAD,SIERRA,LONGITUDINAL DE LA SIERRA,MONTAÑOSO,2.0,53.0,Buena,-78.26272582999991,-7.984024047999924,-78.26011383699995,-7.984419629999934,0.31999999999993634
2008,PE-34H,271.54,276.362,PUNO,SELVA,TRANSVERSAL,MONTAÑOSO,2.0,36.21,Buena,-69.26262405599994,-14.187331026999914,-69.23278390099995,-14.201850752999917,4.822000000000003
2009,PE-3N,1423.426,1423.688,CAJAMARCA,SIERRA,LONGITUDINAL DE LA SIERRA,MONTAÑOSO,2.0,33.11,Buena,-78.63987679799993,-6.556440203999955,-78.64126014699991,-6.557846068999936,0.262000000000171
2010,PE-32A,291.411,297.079,AYACUCHO,SIERRA,RAMAL,MONTAÑOSO,1.0,44.1,Buena,-74.15372820699992,-13.60208194899991,-74.15963888399995,-13.594807234999905,5.668000000000006
2011,PE-32A,197.884,207.655,AYACUCHO,SIERRA,RAMAL,MONTAÑOSO,1.0,44.1,Buena,-73.91544093999994,-13.957883340999956,-73.91154241099991,-13.92148102099992,9.771000000000015
2012,PE-28B,460.258,461.218,CUSCO,SELVA,VARIANTE,ONDULADO,2.0,56.43,Buena,-72.7051067349999,-12.849809646999915,-72.69937029599993,-12.855808017999948,0.9600000000000364
2013,PE-26B,81.465,96.675,HUANCAVELICA,SIERRA,RAMAL,MONTAÑOSO,1.0,40.51,Buena,-74.71507546599992,-13.03266154299996,-74.64309669699992,-13.077116002999958,15.209999999999994
2014,PE-26B,164.584,174.204,AYACUCHO,SIERRA,RAMAL,ONDULADO,1.0,43.03,Buena,-74.37977600099993,-13.028833388999942,-74.3193424989999,-13.05540276399995,9.620000000000005
2015,PE-28G,0.0,5.31,CUSCO,SIERRA,RAMAL,ONDULADO,2.0,66.89,Buena,-71.9548610569999,-13.533140956999944,-71.96965980499994,-13.512273787999959,5.31
2016,PE-1N,26.763,26.808,LIMA,COSTA,LONGITUDINAL DE LA COSTA,PLANO,2.0,80.89,Buena,-77.0678749189999,-11.89649150799994,-77.06789705799991,-11.896083052999927,0.04499999999999815
2017,PE-02,40.095,49.058,PIURA,COSTA,TRANSVERSAL,PLANO,2.0,80.89,Buena,-81.03196143499991,-5.108982085999912,-81.10456733899991,-5.084675579999953,8.963000000000001
2018,PE-3NA,106.015,114.95,ANCASH,SIERRA,VARIANTE,MONTAÑOSO,1.0,44.1,Buena,-78.04688448399992,-8.554427096999916,-78.04041107699993,-8.515846772999907,8.935000000000002
2019,PE-32A,35.703,40.47,AYACUCHO,SIERRA,RAMAL,MONTAÑOSO,1.0,33.11,Buena,-73.97448311999995,-14.515748753999958,-73.93832500199994,-14.49880765599994,4.766999999999996
2020,PE-30D,216.379,219.177,AYACUCHO,SIERRA,TRANSVERSAL,,0.0,0.0,Buena,-74.30748850799995,-13.678449784999941,-74.29724261099994,-13.660203060999947,2.798000000000002
2021,PE-12,58.479,61.081,ANCASH,SIERRA,TRANSVERSAL,ONDULADO,2.0,68.7,Buena,-78.30860201799993,-8.66665401399996,-78.2881640519999,-8.663348355999915,2.602000000000004
2022,PE-30D,189.57,191.091,AYACUCHO,SIERRA,TRANSVERSAL,,0.0,0.0,Buena,-74.32794323699994,-13.832317162999914,-74.33605608999994,-13.822596326999928,1.521000000000015
2023,PE-5NC,201.91,205.532,AMAZONAS,SELVA,RAMAL,ONDULADO,1.0,41.29,Buena,-77.8760566709999,-4.783563613999945,-77.8495989839999,-4.76313801699996,3.622000000000014
2024,PE-38,149.701,164.826,TACNA,SIERRA,TRANSVERSAL,ONDULADO,1.0,33.11,Regular,-69.87851524399991,-17.33152580199993,-69.79665946999995,-17.232767104999937,15.125
2025,PE-38,120.373,143.296,TACNA,SIERRA,TRANSVERSAL,MONTAÑOSO,1.0,31.95,Regular,-69.95602607699993,-17.435945510999943,-69.89976832699995,-17.382558935999953,22.922999999999988
2026,PE-5NC,12.54,26.049,AMAZONAS,SELVA,RAMAL,PLANO,2.0,70.33,Buena,-78.55752754199995,-5.636121749999916,-78.54844013699994,-5.534137489999921,13.509
2027,PE-34C,7.179,7.342,AREQUIPA,SIERRA,VARIANTE,PLANO,2.0,75.08,Regular,-71.52519057699993,-16.425539999999955,-71.52367658299994,-16.425445143999923,0.16299999999999937
2028,PE-3SK,10.55,28.0,CUSCO,SIERRA,RAMAL,ONDULADO,1.0,43.03,Mala,-71.33576519299993,-14.91330624099993,-71.40492057799992,-14.789384841999947,17.45
2029,PE-3SK,0.0,10.55,CUSCO,SIERRA,RAMAL,ONDULADO,1.0,49.53,Regular,-71.31577299799994,-14.987951332999955,-71.33576519299993,-14.91330624099993,10.55
2030,PE-34E,23.833,23.989,AREQUIPA,SIERRA,RAMAL,ONDULADO,1.0,49.53,Regular,-71.38522674799992,-15.884976269999925,-71.3862584009999,-15.884071855999935,0.15600000000000236
2031,PE-34G,0.0,15.758,CUSCO,SIERRA,RAMAL,ONDULADO,1.0,34.85,Buena,-71.30501086899994,-14.528161608999937,-71.2977905269999,-14.43512916599991,15.758
2032,PE-28C,105.184,126.434,JUNIN,SELVA,RAMAL,ONDULADO,0.0,0.0,Sin Informacion,-74.04613117699995,-12.040961309999943,-74.05119026799991,-12.013195565999922,21.25
2033,PE-10C,0.0,32.414,LA LIBERTAD,SIERRA,RAMAL,MONTAÑOSO,1.0,40.51,Mala,-77.90437522899992,-7.79235437199992,-77.81487107899994,-7.810209302999908,32.414
2034,PE-10C,234.578,296.051,LA LIBERTAD,SIERRA,RAMAL,MONTAÑOSO,1.0,40.51,Mala,-77.29778536399994,-8.279176069999949,-77.31226285299994,-8.455147109999928,61.472999999999985
2035,PE-10C,123.439,157.55,LA LIBERTAD,SIERRA,RAMAL,MONTAÑOSO,1.0,40.51,Mala,-77.60648346799991,-7.900864806999948,-77.48231223599993,-8.010181993999936,34.11100000000002
2036,PE-10C,105.985,123.439,LA LIBERTAD,SELVA,RAMAL,MONTAÑOSO,1.0,37.47,Mala,-77.63425254799995,-7.837171554999941,-77.60648346799991,-7.900864806999948,17.453999999999994
2037,PE-10C,94.112,105.985,LA LIBERTAD,SELVA,RAMAL,MONTAÑOSO,1.0,37.47,Mala,-77.66295759699995,-7.81491878099996,-77.63425254799995,-7.837171554999941,11.873000000000005
2038,PE-10C,157.55,172.601,LA LIBERTAD,SIERRA,RAMAL,MONTAÑOSO,1.0,44.1,Regular,-77.48231223599993,-8.010181993999936,-77.43712021899995,-8.05836605199994,15.050999999999988
2039,PE-10C,33.407,94.112,LA LIBERTAD,SIERRA,RAMAL,MONTAÑOSO,1.0,40.51,Mala,-77.80950109799994,-7.805087409999942,-77.66295759699995,-7.81491878099996,60.705
2040,PE-28B,161.901,172.031,AYACUCHO,SELVA,VARIANTE,MONTAÑOSO,1.0,40.61,Regular,-73.83119591399992,-12.60072932199995,-73.79445648199993,-12.62244796799996,10.129999999999995
2041,PE-28C,126.434,143.354,JUNIN,SELVA,RAMAL,ONDULADO,0.0,0.0,Sin Informacion,-74.05119026799991,-12.013195565999922,-73.94580834499993,-11.922609004999913,16.920000000000016
2042,PE-28C,143.354,185.8,JUNIN,SELVA,RAMAL,ONDULADO,0.0,0.0,Sin Informacion,-73.94580834499993,-11.922609004999913,-74.11360138999993,-11.777934338999955,42.446
2043,PE-28C,185.8,216.975,JUNIN,SELVA,RAMAL,ONDULADO,0.0,0.0,Sin Informacion,-74.11360138999993,-11.777934338999955,-74.30632196399995,-11.667214091999938,31.174999999999983
2044,PE-28B,80.686,82.441,AYACUCHO,SIERRA,VARIANTE,MONTAÑOSO,1.0,44.1,Regular,-74.0058392329999,-12.889490101999911,-74.00053469999995,-12.888446292999959,1.7549999999999955
2045,PE-28B,137.512,138.522,AYACUCHO,SELVA,VARIANTE,MONTAÑOSO,1.0,40.61,Regular,-73.88727412399993,-12.718650772999922,-73.88617896999995,-12.72087478599991,1.009999999999991
2046,PE-28B,115.689,116.924,AYACUCHO,SIERRA,VARIANTE,MONTAÑOSO,1.0,44.1,Regular,-73.98945375699992,-12.755775595999921,-73.99056893399995,-12.75524428299991,1.2350000000000136
2047,PE-28B,160.441,161.901,AYACUCHO,SELVA,VARIANTE,MONTAÑOSO,1.0,40.61,Regular,-73.83526554199995,-12.611379993999947,-73.83119591399992,-12.60072932199995,1.460000000000008
2048,PE-28B,77.441,79.206,AYACUCHO,SIERRA,VARIANTE,MONTAÑOSO,1.0,44.1,Regular,-74.02026674699994,-12.88208317799996,-74.00867979599991,-12.88913786899991,1.7650000000000006
2049,PE-28B,79.206,80.686,AYACUCHO,SIERRA,VARIANTE,MONTAÑOSO,1.0,44.1,Regular,-74.00867979599991,-12.88913786899991,-74.0058392329999,-12.889490101999911,1.480000000000004
2050,PE-34I,25.532,28.438,PUNO,SIERRA,RAMAL,PLANO,2.0,68.22,Mala,-69.65109413099992,-15.273098326999957,-69.63004814399994,-15.289250900999946,2.905999999999999
2051,PE-34I,6.712,9.052,PUNO,SIERRA,RAMAL,PLANO,2.0,78.24,Buena,-69.77551841799993,-15.205821990999937,-69.75884338499992,-15.203256478999947,2.34
2052,PE-34I,62.312,64.864,PUNO,SIERRA,RAMAL,PLANO,2.0,52.87,Buena,-69.45373344599994,-15.45167732199991,-69.43737180799991,-15.455649225999935,2.5520000000000067
2053,PE-34I,48.115,52.136,PUNO,SIERRA,RAMAL,PLANO,2.0,52.87,Buena,-69.50506935599992,-15.367005493999955,-69.50495147799995,-15.396598815999937,4.021000000000001
2054,PE-34I,65.909,72.234,PUNO,SIERRA,RAMAL,PLANO,2.0,52.87,Buena,-69.43545319899994,-15.463552873999959,-69.39609671199992,-15.474816344999908,6.324999999999989
2055,PE-34I,31.776,39.444,PUNO,SIERRA,RAMAL,PLANO,2.0,44.78,Buena,-69.60416120099995,-15.305054431999906,-69.53741749699992,-15.31031367299994,7.668000000000003
2056,PE-34I,72.234,77.783,PUNO,SIERRA,RAMAL,PLANO,2.0,44.78,Buena,-69.39609671199992,-15.474816344999908,-69.35501349099991,-15.488557516999947,5.549000000000007
2057,PE-34I,39.444,45.873,PUNO,SIERRA,RAMAL,PLANO,2.0,35.54,Buena,-69.53742058599994,-15.31031308799993,-69.50943400999995,-15.35192215199993,6.428999999999995
2058,PE-34I,52.136,62.312,PUNO,SIERRA,RAMAL,PLANO,2.0,44.78,Buena,-69.50495147799995,-15.396598815999937,-69.45373344599994,-15.45167732199991,10.175999999999995
2059,PE-34H,126.735,135.749,PUNO,SIERRA,TRANSVERSAL,ONDULADO,2.0,34.85,Buena,-69.62999916199993,-14.765710829999932,-69.60200018799992,-14.716609389999917,9.013999999999996
2060,PE-34H,47.891,53.082,PUNO,SIERRA,TRANSVERSAL,PLANO,2.0,78.24,Buena,-69.8279762279999,-15.233757018999938,-69.83370241699993,-15.19760600199993,5.1910000000000025
2061,PE-34H,88.913,89.952,PUNO,SIERRA,TRANSVERSAL,ONDULADO,4.0,62.45,Buena,-69.8652133949999,-14.915618895999955,-69.85635566799994,-14.912117003999924,1.0390000000000015
2062,PE-34H,69.545,70.343,PUNO,SIERRA,TRANSVERSAL,PLANO,2.0,42.22,Buena,-69.80211536299993,-15.05684769699991,-69.80174446199993,-15.048925399999916,0.7980000000000018
2063,PE-34H,70.343,82.742,PUNO,SIERRA,TRANSVERSAL,PLANO,2.0,78.24,Buena,-69.80174446199993,-15.048925399999916,-69.85733647199993,-14.960330649999946,12.399000000000001
2064,PE-34H,90.396,126.735,PUNO,SIERRA,TRANSVERSAL,ONDULADO,2.0,43.03,Buena,-69.8524708679999,-14.912065029999951,-69.62999916199993,-14.765710829999932,36.339
2065,PE-34H,68.865,69.287,PUNO,SIERRA,TRANSVERSAL,PLANO,2.0,42.22,Buena,-69.80573082099994,-15.062782286999948,-69.80348777899991,-15.059118270999932,0.42200000000001125
2066,PE-34H,165.663,195.663,PUNO,SIERRA,TRANSVERSAL,MONTAÑOSO,2.0,33.43,Buena,-69.68778808999991,-14.513152531999935,-69.53656005999994,-14.469833373999904,30.0
2067,PE-34H,226.193,227.208,PUNO,SIERRA,TRANSVERSAL,MONTAÑOSO,2.0,36.21,Buena,-69.46556472999993,-14.327409743999908,-69.46501541299995,-14.31966209399991,1.0149999999999864
2068,PE-34H,233.616,266.072,PUNO,SELVA,TRANSVERSAL,MONTAÑOSO,2.0,32.27,Buena,-69.4308104559999,-14.279283169999928,-69.28797149899992,-14.16196250899992,32.45599999999999
2069,PE-34H,197.675,226.193,PUNO,SIERRA,TRANSVERSAL,MONTAÑOSO,2.0,33.43,Buena,-69.53399156299992,-14.452528221999955,-69.46556472999993,-14.327409743999908,28.518
2070,PE-34H,53.082,68.663,PUNO,SIERRA,TRANSVERSAL,PLANO,2.0,78.24,Buena,-69.83370241699993,-15.19760600199993,-69.80677986199993,-15.064525603999925,15.580999999999996
2071,PE-3SD,0.0,0.172,HUANCAVELICA,SIERRA,VARIANTE,ONDULADO,2.0,66.89,Buena,-75.08399168299991,-12.29986514399991,-75.08242416399992,-12.300073623999936,0.172
2072,PE-34G,30.219,32.079,CUSCO,SIERRA,RAMAL,ONDULADO,2.0,66.89,Buena,-71.29270877699992,-14.348902538999937,-71.27955601899993,-14.339374724999914,1.8599999999999994
2073,PE-34H,301.208,326.256,PUNO,SELVA,TRANSVERSAL,MONTAÑOSO,2.0,32.27,Buena,-69.15457153599993,-14.22164153999995,-69.04795670699991,-14.113509157999943,25.047999999999945
2074,PE-34H,161.54,165.663,PUNO,SIERRA,TRANSVERSAL,MONTAÑOSO,2.0,33.43,Buena,-69.66560901299994,-14.534968283999945,-69.68778808999991,-14.513152531999935,4.123000000000019
2075,PE-34H,227.208,233.616,PUNO,SIERRA,TRANSVERSAL,MONTAÑOSO,2.0,33.43,Buena,-69.46501541299995,-14.31966209399991,-69.4308104559999,-14.279283169999928,6.4080000000000155
2076,PE-34H,326.256,326.437,PUNO,SELVA,TRANSVERSAL,MONTAÑOSO,4.0,32.27,Buena,-69.04795670699991,-14.113509157999943,-69.0465847179999,-14.11249083499996,0.18100000000004002
2077,PE-5NC,182.256,186.234,AMAZONAS,SELVA,RAMAL,ONDULADO,1.0,41.29,Buena,-78.00126916699992,-4.871981980999919,-77.9782485959999,-4.852975844999946,3.9780000000000086
2078,PE-18A,55.099,57.227,HUANUCO,SIERRA,TRANSVERSAL,MONTAÑOSO,2.0,53.0,Buena,-76.07954597499992,-9.676877974999911,-76.07699394199994,-9.66762351999995,2.128
2079,PE-18A,45.627,49.933,HUANUCO,SIERRA,TRANSVERSAL,MONTAÑOSO,2.0,53.0,Buena,-76.09504401499993,-9.724081050999928,-76.08818413599994,-9.704002714999945,4.305999999999997
2080,PE-38,174.607,180.412,PUNO,SIERRA,TRANSVERSAL,ONDULADO,1.0,33.11,Regular,-69.74029367999992,-17.173164672999917,-69.72094865899993,-17.129455797999924,5.805000000000007
2081,PE-18A,0.0,1.75,HUANUCO,SELVA,TRANSVERSAL,ONDULADO,2.0,62.45,Buena,-76.24958673299994,-9.952536323999936,-76.23884010299992,-9.94208908099995,1.75
2082,PE-5NC,26.049,29.049,AMAZONAS,SELVA,RAMAL,PLANO,2.0,70.33,Buena,-78.54844013699994,-5.534137489999921,-78.55150171899993,-5.507810672999938,3.0
2083,PE-22,75.92,76.448,LIMA,SIERRA,TRANSVERSAL,ONDULADO,2.0,68.7,Buena,-76.3897068789999,-11.848159884999916,-76.38708484499995,-11.84423331499994,0.5279999999999916
2084,PE-1N,843.471,848.494,LAMBAYEQUE,COSTA,LONGITUDINAL DE LA COSTA,PLANO,3.0,77.35,Buena,-80.19863657499991,-6.378484367999931,-80.2253731109999,-6.341736337999919,5.023000000000025
2085,PE-18A,57.227,58.347,HUANUCO,SIERRA,TRANSVERSAL,ONDULADO,2.0,62.45,Buena,-76.07699394199994,-9.66762351999995,-76.07163969599992,-9.665592821999951,1.1200000000000045
2086,PE-18A,64.063,67.647,HUANUCO,SIERRA,TRANSVERSAL,ONDULADO,2.0,62.45,Buena,-76.0644110849999,-9.657394608999937,-76.06133362399993,-9.646746721999932,3.584000000000003
2087,PE-18A,67.647,69.75,HUANUCO,SIERRA,TRANSVERSAL,ONDULADO,2.0,62.45,Buena,-76.06133362399993,-9.646746721999932,-76.06598663299991,-9.642196654999907,2.1029999999999944
2088,PE-18A,75.75,97.128,HUANUCO,SELVA,TRANSVERSAL,ONDULADO,2.0,56.43,Buena,-76.03779792799992,-9.614448546999938,-75.95168226599992,-9.496154980999961,21.378
2089,PE-18A,97.128,109.75,HUANUCO,SELVA,TRANSVERSAL,ONDULADO,2.0,56.43,Buena,-75.95168226599992,-9.496154980999961,-75.9719719759999,-9.407939949999957,12.622
2090,PE-18A,54.333,54.576,HUANUCO,SIERRA,TRANSVERSAL,ONDULADO,1.0,62.45,Buena,-76.0805811319999,-9.681502070999954,-76.08021283799991,-9.679811730999916,0.2430000000000021
2091,PE-18A,60.169,60.406,HUANUCO,SIERRA,TRANSVERSAL,ONDULADO,1.0,49.53,Buena,-76.05859085899993,-9.662005289999911,-76.0576776289999,-9.66025437299993,0.23700000000000188
2092,PE-18A,59.929,60.112,HUANUCO,SIERRA,TRANSVERSAL,ONDULADO,2.0,62.45,Buena,-76.06000137299992,-9.66361999499992,-76.05884646399994,-9.662454493999917,0.18299999999999983
2093,PE-1NM,4.225,14.335,PIURA,COSTA,VARIANTE,PLANO,2.0,53.68,Buena,-79.94185066099993,-4.447090148999905,-79.96859294599994,-4.410524564999946,10.110000000000001
2094,PE-1NM,0.0,3.59,PIURA,COSTA,VARIANTE,PLANO,2.0,53.68,Buena,-79.97250581799995,-4.43674144299996,-79.94879913199992,-4.447303771999941,3.59
2095,PE-14B,10.047,10.079,ANCASH,SIERRA,VARIANTE,MONTAÑOSO,1.0,0.0,Regular,-77.18394712799994,-9.404608542999938,-77.18374748899993,-9.404550961999917,0.03200000000000003
2096,PE-3SC,8.768,12.555,JUNIN,SIERRA,RAMAL,PLANO,2.0,75.08,Regular,-75.15388156799992,-12.155801671999939,-75.14516643399992,-12.170962965999934,3.786999999999999
2097,PE-18B,37.63,41.838,HUANUCO,SIERRA,TRANSVERSAL,ONDULADO,2.0,0.0,Mala,-76.01600027099994,-9.907913820999909,-75.9960969089999,-9.89873005499993,4.207999999999998
2098,PE-06A,51.607,55.579,LAMBAYEQUE,COSTA,TRANSVERSAL,ONDULADO,2.0,73.34,Buena,-79.4763604549999,-6.703535013999954,-79.4517828939999,-6.680861788999948,3.9720000000000013
2099,PE-34,0.0,42.868,AREQUIPA,SIERRA,TRANSVERSAL,PLANO,2.0,78.24,Buena,-71.87157663999994,-16.624111219999918,-72.0577823239999,-16.93856388899991,42.868
2100,PE-1N,167.558,181.172,LIMA,COSTA,LONGITUDINAL DE LA COSTA,PLANO,3.0,80.89,Buena,-77.6460501649999,-10.97137807699994,-77.68987149999992,-10.859912622999957,13.614000000000004
2101,PE-34F,105.152,108.299,CUSCO,SIERRA,RAMAL,MONTAÑOSO,2.0,55.0,Buena,-71.45809293699995,-14.11342361599992,-71.45108014599992,-14.097065273999931,3.1470000000000056
2102,PE-38,43.549,76.029,TACNA,SIERRA,TRANSVERSAL,MONTAÑOSO,2.0,55.7,Buena,-70.1276512149999,-17.714092254999912,-70.03289674599995,-17.537042226999915,32.48
2103,PE-34F,33.815,39.432,CUSCO,SIERRA,RAMAL,ONDULADO,2.0,62.45,Buena,-71.2926708899999,-14.580471365999927,-71.3057184459999,-14.535890736999932,5.617000000000004
2104,PE-38,1.779,5.21,TACNA,SIERRA,TRANSVERSAL,ONDULADO,2.0,66.89,Regular,-70.25154405399991,-17.990909422999948,-70.25845806699994,-17.987221765999948,3.431
2105,PE-34H,159.247,159.687,PUNO,SIERRA,TRANSVERSAL,MONTAÑOSO,2.0,33.43,Buena,-69.57059064399994,-14.66676265399991,-69.57397023899995,-14.664612112999919,0.4399999999999977
2106,PE-34G,32.079,40.775,CUSCO,SIERRA,RAMAL,ONDULADO,2.0,66.89,Buena,-71.27955601899993,-14.339374724999914,-71.21985898299994,-14.291989643999955,8.695999999999998
2107,PE-34F,101.734,101.736,CUSCO,SIERRA,RAMAL,ONDULADO,1.0,66.89,Buena,-71.45963517799993,-14.14397032699992,-71.4596359059999,-14.14394557199995,0.0020000000000095497
2108,PE-34F,4.819,9.076,CUSCO,SIERRA,RAMAL,ONDULADO,1.0,40.84,Buena,-71.3645339549999,-14.746461169999918,-71.33470069599991,-14.734350535999909,4.257000000000001
2109,PE-18A,70.15,75.75,HUANUCO,SIERRA,TRANSVERSAL,ONDULADO,2.0,62.45,Buena,-76.06506159199995,-9.640395510999952,-76.03779792799992,-9.614448546999938,5.599999999999994
2110,PE-06A,64.619,68.268,LAMBAYEQUE,COSTA,TRANSVERSAL,ONDULADO,2.0,76.18,Buena,-79.4019470209999,-6.63160705599995,-79.37558125699991,-6.622086113999956,3.649000000000001
2111,PE-3SF,80.195,100.2,APURIMAC,SIERRA,RAMAL,ONDULADO,1.0,55.02,Buena,-72.78018556199993,-14.030372907999947,-72.7164348309999,-14.103563219999955,20.00500000000001
2112,PE-32,0.0,15.416,AREQUIPA,COSTA,TRANSVERSAL,PLANO,2.0,53.68,Buena,-74.1728639399999,-15.876305725999941,-74.05824425499992,-15.85237615099993,15.416
2113,PE-32,34.787,41.201,AREQUIPA,SIERRA,TRANSVERSAL,ONDULADO,1.0,43.03,Buena,-73.92127192899994,-15.768930753999939,-73.87480354299993,-15.74988555899995,6.4140000000000015
2114,PE-32,27.478,34.787,AREQUIPA,SIERRA,TRANSVERSAL,ONDULADO,1.0,49.53,Buena,-73.96779823299994,-15.805351256999927,-73.92127192899994,-15.768930753999939,7.3089999999999975
2115,PE-32,41.201,46.95,AREQUIPA,SIERRA,TRANSVERSAL,MONTAÑOSO,1.0,40.51,Buena,-73.87480354299993,-15.74988555899995,-73.83993005899993,-15.720313112999918,5.749000000000002
2116,PE-32,87.5,90.244,AREQUIPA,SIERRA,TRANSVERSAL,ONDULADO,1.0,49.53,Buena,-73.66443199999992,-15.571386999999959,-73.65170459099994,-15.553214079999918,2.7439999999999998
2117,PE-32,15.416,25.869,AREQUIPA,COSTA,TRANSVERSAL,ONDULADO,1.0,52.05,Buena,-74.05824425499992,-15.85237615099993,-73.98053973599991,-15.807429206999927,10.453
2118,PE-06A,14.519,14.53,LAMBAYEQUE,COSTA,TRANSVERSAL,PLANO,2.0,62.03,Buena,-79.75426865199995,-6.76719284099994,-79.75416869399993,-6.767180981999957,0.010999999999999233
2119,PE-06A,62.068,64.619,LAMBAYEQUE,COSTA,TRANSVERSAL,ONDULADO,2.0,76.18,Buena,-79.41676139799995,-6.642261504999908,-79.4019470209999,-6.63160705599995,2.551000000000002
2120,PE-32A,122.969,131.132,AYACUCHO,SIERRA,RAMAL,MONTAÑOSO,1.0,44.1,Buena,-73.88583654699994,-14.174677758999906,-73.86397572099992,-14.162481457999945,8.163000000000011
2121,PE-08C,31.931,38.62,AMAZONAS,SELVA,RAMAL,ONDULADO,2.0,59.09,Buena,-77.9643671579999,-6.001727158999927,-77.97939967999991,-5.950245139999936,6.6889999999999965
2122,PE-18B,14.542,37.411,HUANUCO,SIERRA,TRANSVERSAL,ONDULADO,2.0,0.0,Mala,-76.04348161199994,-9.864900474999956,-76.01789665199993,-9.908338546999914,22.869
2123,PE-1NI,55.665,60.573,LAMBAYEQUE,COSTA,RAMAL,ONDULADO,4.0,52.05,Regular,-79.2943077079999,-6.794334411999955,-79.26292769199995,-6.795964486999935,4.908000000000001
2124,PE-32A,189.465,197.884,AYACUCHO,SIERRA,RAMAL,MONTAÑOSO,1.0,44.1,Buena,-73.89499363399995,-13.959544664999953,-73.91544093999994,-13.957883340999956,8.418999999999983
2125,PE-06A,4.447,6.695,LAMBAYEQUE,COSTA,TRANSVERSAL,PLANO,2.0,42.54,Buena,-79.81192051599993,-6.817195415999947,-79.80083480199994,-6.8079641049999395,2.248
2126,PE-1N,82.699,89.746,LIMA,COSTA,LONGITUDINAL DE LA COSTA,PLANO,3.0,80.89,Buena,-77.26730108699991,-11.557106640999905,-77.30010492899993,-11.503904506999959,7.046999999999997
2127,PE-40,65.687,70.582,TACNA,SIERRA,TRANSVERSAL,MONTAÑOSO,2.0,55.7,Buena,-69.92187779299991,-17.765563628999928,-69.90449714699992,-17.758596419999947,4.894999999999996
2128,PE-1N,33.619,36.019,LIMA,COSTA,LONGITUDINAL DE LA COSTA,PLANO,2.0,80.89,Buena,-77.09643070399994,-11.84710870999993,-77.11337463299992,-11.833550225999943,2.3999999999999986
2129,PE-40,111.018,121.106,TACNA,SIERRA,TRANSVERSAL,MONTAÑOSO,2.0,44.1,Regular,-69.81187899999992,-17.622925668999926,-69.75673925199993,-17.598314968999944,10.087999999999994
2130,PE-40,127.21,136.707,TACNA,SIERRA,TRANSVERSAL,MONTAÑOSO,2.0,33.11,Buena,-69.7310079529999,-17.588222452999958,-69.65471378799992,-17.57558794299996,9.497
2131,PE-40,18.579,24.144,TACNA,SIERRA,TRANSVERSAL,ONDULADO,2.0,68.7,Buena,-70.16382281199992,-17.91516431699995,-70.13176607499992,-17.87735925599992,5.564999999999998
2132,PE-40,70.582,75.641,TACNA,SIERRA,TRANSVERSAL,MONTAÑOSO,2.0,55.0,Regular,-69.90449714699992,-17.758596419999947,-69.89931033999994,-17.783920397999907,5.059000000000012
2133,PE-40,75.641,80.632,TACNA,SIERRA,TRANSVERSAL,MONTAÑOSO,2.0,55.7,Buena,-69.89931033999994,-17.783920397999907,-69.88086405599995,-17.75736816999995,4.991
2134,PE-40A,0.0,3.444,TACNA,SIERRA,RAMAL,ONDULADO,1.0,49.53,Regular,-69.59009823699995,-17.54321722499992,-69.57172018499995,-17.51810341299995,3.444
2135,PE-40A,30.001,32.706,TACNA,SIERRA,RAMAL,PLANO,1.0,33.66,Regular,-69.54922255999992,-17.360297304999904,-69.56133869699994,-17.34432178599991,2.705000000000002
2136,PE-40,24.144,39.734,TACNA,SIERRA,TRANSVERSAL,ONDULADO,2.0,68.7,Buena,-70.13176607499992,-17.87735925599992,-70.02662467999994,-17.834623336999925,15.590000000000003
2137,PE-40A,3.444,25.958,TACNA,SIERRA,RAMAL,ONDULADO,1.0,33.11,Regular,-69.57172018499995,-17.51810341299995,-69.5371012889999,-17.384050997999907,22.514
2138,PE-40,121.106,127.21,TACNA,SIERRA,TRANSVERSAL,MONTAÑOSO,2.0,33.11,Buena,-69.75673925199993,-17.598314968999944,-69.7310079529999,-17.588222452999958,6.103999999999999
2139,PE-40,14.145,18.579,TACNA,SIERRA,TRANSVERSAL,ONDULADO,2.0,68.7,Buena,-70.18161541599994,-17.95157353399992,-70.16382281199992,-17.91516431699995,4.434000000000001
2140,PE-40,93.977,111.018,TACNA,SIERRA,TRANSVERSAL,MONTAÑOSO,2.0,55.0,Regular,-69.83714613399991,-17.716587758999935,-69.81187899999992,-17.622925668999926,17.040999999999997
2141,PE-40,39.734,43.587,TACNA,SIERRA,TRANSVERSAL,ONDULADO,2.0,66.89,Regular,-70.02662467999994,-17.834623336999925,-70.0100898739999,-17.814558028999954,3.8530000000000015
2142,PE-40,43.587,55.471,TACNA,SIERRA,TRANSVERSAL,ONDULADO,2.0,49.53,Regular,-70.0100965119999,-17.814560280999956,-69.95943991399992,-17.778443470999946,11.883999999999993
2143,PE-40,136.707,147.232,TACNA,SIERRA,TRANSVERSAL,MONTAÑOSO,2.0,44.1,Regular,-69.65471378799992,-17.57558794299996,-69.59009823699995,-17.54321722499992,10.525000000000006
2144,PE-34,42.868,57.91,AREQUIPA,COSTA,TRANSVERSAL,ONDULADO,2.0,76.18,Buena,-72.0577823239999,-16.93856388899991,-72.10320999999993,-16.996919999999932,15.041999999999994
2145,PE-40,56.114,65.687,TACNA,SIERRA,TRANSVERSAL,MONTAÑOSO,2.0,55.0,Regular,-69.95634561899993,-17.77460325499993,-69.92187779299991,-17.765563628999928,9.573
2146,PE-18B,0.0,7.376,HUANUCO,SELVA,TRANSVERSAL,ONDULADO,2.0,0.0,Mala,-76.0934457539999,-9.831067940999958,-76.05527513099992,-9.828643516999932,7.376
2147,PE-40,80.632,93.977,TACNA,SIERRA,TRANSVERSAL,MONTAÑOSO,2.0,55.0,Regular,-69.88086405599995,-17.75736816999995,-69.83714613399991,-17.716587758999935,13.344999999999999
2148,PE-32A,302.84,324.48,AYACUCHO,SIERRA,RAMAL,MONTAÑOSO,1.0,33.11,Buena,-74.17016816499995,-13.56358296499991,-74.19494905499994,-13.438870034999923,21.640000000000043
2149,PE-1N,123.213,128.204,LIMA,COSTA,LONGITUDINAL DE LA COSTA,PLANO,3.0,80.89,Buena,-77.48575909199991,-11.309704147999923,-77.51231380899992,-11.273002332999909,4.991000000000014
2150,PE-34I,87.616,91.029,PUNO,SIERRA,RAMAL,PLANO,2.0,35.54,Mala,-69.33068084899992,-15.449935912999933,-69.30169169299995,-15.45803722599993,3.4129999999999967
2151,PE-30,0.0,5.071,ICA,COSTA,TRANSVERSAL,PLANO,2.0,78.24,Buena,-74.98067906999995,-15.14158754999994,-75.02129040999995,-15.163194947999955,5.071
2152,PE-36,30.531,44.352,MOQUEGUA,COSTA,TRANSVERSAL,PLANO,2.0,80.89,Buena,-71.25773538399994,-17.696201052999925,-71.33448053599994,-17.69025572399994,13.820999999999998
2153,PE-34I,78.334,82.243,PUNO,SIERRA,RAMAL,PLANO,2.0,27.57,Mala,-69.35246796699994,-15.492109490999951,-69.32898186599994,-15.491396233999922,3.908999999999992
2154,PE-08C,28.997,31.931,AMAZONAS,SELVA,RAMAL,ONDULADO,2.0,60.03,Buena,-77.9507680509999,-6.022790734999944,-77.9643671579999,-6.001727158999927,2.934000000000001
2155,PE-26A,0.0,43.682,HUANCAVELICA,SIERRA,RAMAL,MONTAÑOSO,1.0,44.1,Regular,-75.58616539999991,-13.213167598999917,-75.5212173459999,-13.331651687999909,43.682
2156,PE-06A,6.695,14.519,LAMBAYEQUE,COSTA,TRANSVERSAL,PLANO,2.0,42.54,Buena,-79.80083480199994,-6.8079641049999395,-79.75426865199995,-6.76719284099994,7.824
2157,PE-28D,113.799,118.0,HUANCAVELICA,SIERRA,RAMAL,ONDULADO,1.0,55.02,Buena,-75.08583346199993,-13.172682015999953,-75.07483074999993,-13.150355732999913,4.200999999999993
2158,PE-1NF,95.562,100.873,LA LIBERTAD,SIERRA,RAMAL,MONTAÑOSO,1.0,44.1,Regular,-78.7937030789999,-7.409484862999932,-78.8029337779999,-7.414626190999911,5.311000000000007
2159,PE-30B,123.091,135.875,APURIMAC,SIERRA,RAMAL,ONDULADO,1.0,55.02,Buena,-73.41414510499993,-13.891194988999928,-73.37647199399993,-13.831888385999946,12.784000000000006
2160,PE-28B,534.628,534.696,CUSCO,SIERRA,VARIANTE,MONTAÑOSO,2.0,38.2,Buena,-72.37543296799993,-13.083387374999916,-72.37596231599991,-13.083779910999908,0.06799999999998363
2161,PE-32A,207.655,215.814,AYACUCHO,SIERRA,RAMAL,MONTAÑOSO,1.0,33.11,Buena,-73.91154241099991,-13.92148102099992,-73.91997815899992,-13.903705941999931,8.158999999999992
2162,PE-36,5.344,9.299,MOQUEGUA,SIERRA,TRANSVERSAL,PLANO,2.0,78.24,Buena,-71.08850472099994,-17.55633569099996,-71.1161920479999,-17.578280242999938,3.954999999999999
2163,PE-18C,73.46,80.842,UCAYALI,SELVA,TRANSVERSAL,PLANO,2.0,72.6,Buena,-74.63667297399991,-8.406274795999934,-74.57144355799994,-8.389907836999953,7.382000000000005
2164,PE-1NG,0.0,15.0,LA LIBERTAD,COSTA,RAMAL,PLANO,0.0,0.0,Sin Informacion,-79.4194091409999,-7.480985343999919,-79.39520643899994,-7.364311470999951,15.0
2165,PE-32A,285.518,291.411,AYACUCHO,SIERRA,RAMAL,MONTAÑOSO,1.0,33.11,Buena,-74.14562977999992,-13.623581715999933,-74.15372820699992,-13.60208194899991,5.893000000000029
2166,PE-30B,170.286,180.286,APURIMAC,SIERRA,RAMAL,ONDULADO,1.0,55.02,Buena,-73.36142877599991,-13.673892080999906,-73.37694395499994,-13.658918731999904,10.0
2167,PE-12B,135.32,147.03,LA LIBERTAD,SIERRA,RAMAL,MONTAÑOSO,1.0,40.51,Mala,-77.34900421899994,-8.34387639299996,-77.3196468349999,-8.317947387999936,11.710000000000008
2168,PE-3SF,191.453,196.413,APURIMAC,SIERRA,RAMAL,MONTAÑOSO,1.0,33.11,Buena,-72.43911772199993,-14.125081017999946,-72.4185656439999,-14.135808151999925,4.960000000000008
2169,PE-28D,118.0,127.837,HUANCAVELICA,SIERRA,RAMAL,ONDULADO,1.0,55.02,Buena,-75.07483074999993,-13.150355732999913,-75.0577239989999,-13.088439940999933,9.837000000000003
2170,PE-1NF,100.873,111.221,CAJAMARCA,SIERRA,RAMAL,MONTAÑOSO,1.0,44.1,Regular,-78.8029308319999,-7.414627074999942,-78.80169489399992,-7.36549657899991,10.347999999999999
2171,PE-24,22.049,42.511,LIMA,COSTA,TRANSVERSAL,ONDULADO,2.0,73.34,Buena,-76.29558283999995,-13.080957983999951,-76.16521226099991,-13.009912204999921,20.462000000000003
2172,PE-24,64.589,68.276,LIMA,COSTA,TRANSVERSAL,ONDULADO,2.0,73.34,Buena,-76.05567403999993,-12.865618769999912,-76.02478737099995,-12.859190397999953,3.6869999999999976
2173,PE-28B,660.687,660.709,CUSCO,SIERRA,VARIANTE,ONDULADO,1.0,68.7,Buena,-71.85129498299995,-13.423569004999933,-71.85133422799993,-13.423677163999912,0.021999999999934516
2174,PE-04B,18.615,61.077,PIURA,SIERRA,TRANSVERSAL,MONTAÑOSO,2.0,55.7,Buena,-79.43646053299994,-5.788104063999924,-79.57233742099993,-5.936961334999921,42.462
2175,PE-18B,42.238,59.865,HUANUCO,SIERRA,TRANSVERSAL,ONDULADO,2.0,0.0,Mala,-75.99318004499992,-9.896794648999958,-75.90309999399994,-9.84595668299994,17.627000000000002
2176,PE-1N,708.764,715.634,LA LIBERTAD,COSTA,LONGITUDINAL DE LA COSTA,PLANO,3.0,80.89,Buena,-79.4274845459999,-7.203970621999929,-79.45171294699992,-7.149627317999943,6.8700000000000045
2177,PE-3SF,201.464,211.666,APURIMAC,SIERRA,RAMAL,ONDULADO,1.0,55.02,Buena,-72.38153329199992,-14.14042047299995,-72.30346664399991,-14.144073826999943,10.201999999999998
2178,PE-10B,18.832,31.239,LA LIBERTAD,SIERRA,TRANSVERSAL,MONTAÑOSO,1.0,40.51,Mala,-77.90434695999994,-7.792374268999936,-77.85907866399992,-7.7085075459999075,12.407
2179,PE-3SF,276.964,281.982,APURIMAC,SIERRA,RAMAL,MONTAÑOSO,1.0,40.51,Mala,-72.16985305199995,-13.909039939999957,-72.18514251699992,-13.875543593999907,5.018000000000029
2180,PE-3SF,196.413,201.464,APURIMAC,SIERRA,RAMAL,ONDULADO,1.0,49.53,Regular,-72.4185656439999,-14.135808151999925,-72.38153329199992,-14.14042047299995,5.050999999999988
2181,PE-26B,0.0,1.55,HUANCAVELICA,SIERRA,RAMAL,ONDULADO,2.0,66.89,Buena,-74.96878772899993,-12.786211901999934,-74.96091981799992,-12.784661995999954,1.55
2182,PE-1NI,91.329,96.606,CAJAMARCA,SIERRA,RAMAL,MONTAÑOSO,1.0,44.1,Regular,-79.12380666599995,-6.897894999999949,-79.14279395999995,-6.9022351959999355,5.277000000000001
2183,PE-24,226.133,254.608,JUNIN,SIERRA,TRANSVERSAL,ONDULADO,1.0,66.89,Buena,-75.61257732199994,-12.134083998999927,-75.47666664699994,-12.016611378999926,28.474999999999994
2184,PE-26A,91.0,119.35,HUANCAVELICA,SIERRA,RAMAL,MONTAÑOSO,0.0,0.0,Sin Informacion,-75.4120598579999,-13.310258594999937,-75.34528738599994,-13.232739117999927,28.349999999999994
2185,PE-08C,4.723,22.44,AMAZONAS,SELVA,RAMAL,MONTAÑOSO,2.0,48.16,Buena,-77.90561302999993,-6.191852123999922,-77.92009471699993,-6.060693423999908,17.717000000000002
2186,PE-06B,50.824,57.219,CAJAMARCA,SIERRA,RAMAL,ONDULADO,1.0,55.02,Buena,-78.98613477099991,-6.61372171499994,-78.96147636199993,-6.609331202999954,6.395000000000003
2187,PE-12A,0.0,7.569,ANCASH,SIERRA,TRANSVERSAL,MONTAÑOSO,1.0,44.1,Buena,-77.92209572799993,-8.679791541999919,-77.91652597099994,-8.700191446999952,7.569
2188,PE-1N,89.746,103.374,LIMA,COSTA,LONGITUDINAL DE LA COSTA,PLANO,3.0,77.35,Buena,-77.30010492899993,-11.503904506999959,-77.37213006299993,-11.415595931999917,13.628
2189,PE-30B,65.935,67.779,AYACUCHO,SIERRA,RAMAL,ONDULADO,1.0,55.02,Buena,-73.53353309599993,-14.222896575999926,-73.53659321899994,-14.214735753999946,1.843999999999994
2190,PE-26B,1.55,4.856,HUANCAVELICA,SIERRA,RAMAL,ONDULADO,2.0,66.89,Regular,-74.96091981799992,-12.784661995999954,-74.94362325299994,-12.800667334999957,3.306
2191,PE-32A,260.994,285.339,AYACUCHO,SIERRA,RAMAL,ONDULADO,1.0,55.02,Buena,-74.06608641499992,-13.751380122999933,-74.14533356099992,-13.625075441999911,24.34499999999997
2192,PE-18B,60.978,69.675,HUANUCO,SIERRA,TRANSVERSAL,ONDULADO,2.0,0.0,Regular,-75.90093902099994,-9.838912239999956,-75.89117703199992,-9.86348214499992,8.696999999999996
2193,PE-18B,69.675,80.665,HUANUCO,SIERRA,TRANSVERSAL,ONDULADO,2.0,0.0,Regular,-75.89117703199992,-9.86348214499992,-75.89760398899995,-9.915946959999928,10.990000000000009
2194,PE-18B,80.665,82.083,HUANUCO,SIERRA,TRANSVERSAL,ONDULADO,2.0,0.0,Regular,-75.89760398899995,-9.915946959999928,-75.8954970389999,-9.91683245799993,1.4179999999999922
2195,PE-18B,82.083,83.821,HUANUCO,SIERRA,TRANSVERSAL,ONDULADO,1.0,0.0,Regular,-75.8954970389999,-9.91683245799993,-75.89046214199993,-9.90904672399995,1.7379999999999995
2196,PE-1S,244.097,249.137,ICA,COSTA,LONGITUDINAL DE LA COSTA,PLANO,2.0,80.89,Buena,-76.12781707999994,-13.867057699999918,-76.09194656699992,-13.892226713999946,5.039999999999992
2197,PE-20A,138.614,164.064,JUNIN,SIERRA,TRANSVERSAL,MONTAÑOSO,1.0,44.1,Regular,-76.43656158399995,-11.34565353399995,-76.44395428099995,-11.17480575199994,25.44999999999999
2198,PE-20A,12.0419,14.8629,LIMA,COSTA,TRANSVERSAL,ONDULADO,2.0,67.04,Buena,-77.00428920599995,-11.858246340999926,-76.9997726229999,-11.834658803999957,2.8209999999999997
2199,PE-3SD,0.172,7.467,HUANCAVELICA,SIERRA,VARIANTE,ONDULADO,1.0,49.53,Buena,-75.08242416399992,-12.300073623999936,-75.0395506619999,-12.310937777999925,7.295
2200,PE-3SD,7.467,36.312,HUANCAVELICA,SIERRA,VARIANTE,MONTAÑOSO,1.0,44.1,Buena,-75.0395506619999,-12.310937777999925,-74.87270457699992,-12.39235190599993,28.845
2201,PE-12B,106.63,107.294,LA LIBERTAD,SELVA,RAMAL,MONTAÑOSO,1.0,37.47,Mala,-77.4586180149999,-8.342141890999926,-77.45668411299994,-8.342443465999906,0.6640000000000015
2202,PE-30D,195.47,198.523,AYACUCHO,SIERRA,TRANSVERSAL,,0.0,0.0,Buena,-74.35910446199995,-13.800963855999953,-74.34482471599995,-13.798061294999911,3.0529999999999973
2203,PE-30D,198.523,200.036,AYACUCHO,SIERRA,TRANSVERSAL,,0.0,0.0,Buena,-74.34482471599995,-13.798061294999911,-74.33946193199995,-13.787388717999931,1.5130000000000052
2204,PE-30D,204.256,205.857,AYACUCHO,SIERRA,TRANSVERSAL,,0.0,0.0,Buena,-74.32469114399993,-13.76093521599995,-74.32458641699992,-13.748432579999928,1.600999999999999
2205,PE-40,10.456,14.145,TACNA,SIERRA,TRANSVERSAL,ONDULADO,4.0,68.7,Buena,-70.2000447389999,-17.979223302999912,-70.18161541599994,-17.95157353399992,3.689
2206,PE-32,206.359,221.319,AYACUCHO,SIERRA,TRANSVERSAL,ONDULADO,1.0,55.02,Buena,-73.79444503799994,-14.991823195999928,-73.84395217899993,-14.971523284999932,14.95999999999998
2207,PE-32,275.704,295.542,AYACUCHO,SIERRA,TRANSVERSAL,MONTAÑOSO,1.0,40.51,Buena,-74.06695571999995,-14.745195503999923,-74.11928455899994,-14.688075214999913,19.837999999999965
2208,PE-24A,115.9,135.762,JUNIN,SIERRA,TRANSVERSAL,MONTAÑOSO,1.0,44.1,Buena,-74.95343104499995,-11.556007103999946,-74.88733815499995,-11.486520140999914,19.861999999999995
2209,PE-3SB,50.025,52.308,JUNIN,SIERRA,VARIANTE,ONDULADO,2.0,68.7,Buena,-75.24818801899994,-12.136756896999941,-75.24443090099993,-12.15407149799995,2.2830000000000013
2210,PE-24A,54.046,67.983,JUNIN,SIERRA,TRANSVERSAL,MONTAÑOSO,1.0,44.1,Buena,-75.08190983899993,-11.717928581999956,-75.05860239599991,-11.671726630999956,13.937000000000005
2211,PE-36C,0.0,13.702,PUNO,SIERRA,RAMAL,PLANO,1.0,27.57,Mala,-69.0918850509999,-16.60962173999991,-69.04792483999995,-16.57924969599992,13.702
2212,PE-36A,201.998,211.893,PUNO,SIERRA,TRANSVERSAL,PLANO,2.0,78.24,Buena,-69.81820258199991,-16.747126910999953,-69.73575859399995,-16.75311654099994,9.89500000000001
2213,PE-3SA,49.028,60.323,JUNIN,SIERRA,RAMAL,MONTAÑOSO,2.0,55.7,Buena,-75.66319847099993,-11.49451255799994,-75.69264030499994,-11.43704308699995,11.295000000000002
2214,PE-3SA,6.641,35.255,JUNIN,SIERRA,RAMAL,ONDULADO,2.0,68.7,Buena,-75.51433557399992,-11.761972314999923,-75.6345005039999,-11.580633162999959,28.614000000000004
2215,PE-3SF,50.309,55.235,APURIMAC,SIERRA,RAMAL,ONDULADO,1.0,43.03,Buena,-72.79015541099994,-13.906927108999923,-72.79433602599994,-13.908374540999944,4.926000000000002
2216,PE-3SH,35.432,38.053,PUNO,SIERRA,RAMAL,PLANO,2.0,60.6,Buena,-70.36502022899992,-14.809958585999937,-70.35607650199995,-14.790526996999915,2.620999999999995
2217,PE-3SB,46.729,50.025,JUNIN,SIERRA,VARIANTE,ONDULADO,2.0,66.89,Buena,-75.24691581699994,-12.108018874999914,-75.24818801899994,-12.136756896999941,3.2959999999999994
2218,PE-3SH,3.813,35.432,PUNO,SIERRA,RAMAL,PLANO,2.0,44.78,Mala,-70.34200286899994,-15.029502868999941,-70.36502022899992,-14.809958585999937,31.619000000000003
2219,PE-34C,10.126,10.924,AREQUIPA,SIERRA,VARIANTE,ONDULADO,4.0,66.89,Regular,-71.5024336919999,-16.427553906999947,-71.49837614299992,-16.42184154699993,0.798
2220,PE-26B,174.204,188.991,AYACUCHO,SIERRA,RAMAL,ONDULADO,1.0,49.53,Buena,-74.3193424989999,-13.05540276399995,-74.2280907089999,-13.080782172999932,14.787000000000006
2221,PE-1NA,0.0,0.58,LIMA,COSTA,VARIANTE,PLANO,2.0,77.35,Regular,-77.1580263219999,-11.78127083599992,-77.15963700399993,-11.777363409999907,0.58
2222,PE-26B,146.591,163.173,HUANCAVELICA,SIERRA,RAMAL,MONTAÑOSO,1.0,44.1,Buena,-74.44444476899992,-13.014316914999938,-74.3889694209999,-13.032543181999927,16.581999999999994
2223,PE-1N,148.186,154.466,LIMA,COSTA,LONGITUDINAL DE LA COSTA,PLANO,3.0,80.89,Buena,-77.59399300099994,-11.11837268399995,-77.58755494699994,-11.064889059999928,6.280000000000001
2224,PE-24,10.98,15.486,LIMA,COSTA,TRANSVERSAL,PLANO,2.0,77.35,Buena,-76.38492598899995,-13.076585910999938,-76.34774216999995,-13.06322242999994,4.506
2225,PE-24A,106.789,115.9,JUNIN,SIERRA,TRANSVERSAL,ONDULADO,1.0,49.53,Buena,-74.95317077599992,-11.62764358499993,-74.95343104499995,-11.556007103999946,9.111000000000004
2226,PE-3SF,31.808,36.008,APURIMAC,SIERRA,RAMAL,ONDULADO,1.0,49.53,Buena,-72.78835087899995,-13.837813340999958,-72.7740712879999,-13.861848237999936,4.200000000000003
2227,PE-1NL,1.914,2.347,PIURA,COSTA,RAMAL,PLANO,4.0,80.89,Buena,-80.68064377299993,-4.912521792999939,-80.6768818569999,-4.911554249999938,0.43300000000000005
2228,PE-1NK,15.277,15.973,PIURA,COSTA,RAMAL,PLANO,2.0,53.68,Buena,-80.71210021199994,-5.3449872959999425,-80.71418631699993,-5.350859408999952,0.6960000000000015
2229,PE-18C,0.0,25.156,UCAYALI,SELVA,TRANSVERSAL,ONDULADO,2.0,60.03,Buena,-75.0523673539999,-8.825414271999932,-74.96485328699993,-8.64398574799992,25.156
2230,PE-36,21.022,30.531,MOQUEGUA,SIERRA,TRANSVERSAL,PLANO,2.0,78.24,Buena,-71.20305080599991,-17.633864351999932,-71.25773538399994,-17.696201052999925,9.509
2231,PE-32,65.694,87.5,AREQUIPA,SIERRA,TRANSVERSAL,ONDULADO,1.0,49.53,Buena,-73.76310499999994,-15.58588599999996,-73.66443199999992,-15.571386999999959,21.805999999999997
2232,PE-5NC,46.121,79.399,AMAZONAS,SELVA,RAMAL,MONTAÑOSO,2.0,47.84,Buena,-78.45403273799991,-5.4212210419999565,-78.37915147599995,-5.288434084999949,33.278
2233,PE-06A,47.35,51.607,LAMBAYEQUE,COSTA,TRANSVERSAL,ONDULADO,2.0,76.18,Buena,-79.4987251949999,-6.734612241999912,-79.4763604549999,-6.703535013999954,4.256999999999998
2234,PE-24A,0.888,5.278,JUNIN,SIERRA,TRANSVERSAL,PLANO,2.0,68.22,Buena,-75.31934338499991,-11.909202677999929,-75.29637862599992,-11.879726818999927,4.39
2235,PE-3NC,15.176,20.353,CAJAMARCA,SIERRA,VARIANTE,MONTAÑOSO,1.0,44.1,Regular,-78.72853596599992,-6.480166297999915,-78.75072473999995,-6.476318616999947,5.177000000000001
2236,PE-3SB,42.452,46.729,JUNIN,SIERRA,VARIANTE,ONDULADO,2.0,68.7,Buena,-75.24249528399992,-12.074714642999936,-75.24691581699994,-12.108018874999914,4.277000000000001
2237,PE-32C,0.0,16.932,AYACUCHO,SIERRA,TRANSVERSAL,,0.0,0.0,Buena,-73.57155699999993,-15.273703999999952,-73.47508399999992,-15.23819999999995,16.932
2238,PE-32C,63.735,73.122,AYACUCHO,SIERRA,TRANSVERSAL,,0.0,0.0,Regular,-73.32406240499995,-15.35694024299994,-73.28552089699991,-15.376131793999946,9.387
2239,PE-3SG,94.169,94.608,CUSCO,SIERRA,RAMAL,ONDULADO,2.0,43.03,Buena,-72.08211071399995,-14.447013953999942,-72.08327710499992,-14.449247948999925,0.43900000000000716
2240,PE-32C,46.499,46.762,AYACUCHO,SIERRA,TRANSVERSAL,,0.0,0.0,Regular,-73.3451748359999,-15.280823186999953,-73.34408499999995,-15.279368999999917,0.2629999999999981
2241,PE-28G,5.31,7.409,CUSCO,SIERRA,RAMAL,ONDULADO,2.0,68.7,Buena,-71.96965980499994,-13.512273787999959,-71.97114911299991,-13.505258191999928,2.099
2242,PE-1N,108.252,118.216,LIMA,COSTA,LONGITUDINAL DE LA COSTA,PLANO,3.0,80.89,Buena,-77.39681168599992,-11.389917485999945,-77.45917534799992,-11.346452015999944,9.963999999999999
2243,PE-18C,82.627,84.672,UCAYALI,SELVA,TRANSVERSAL,PLANO,4.0,72.6,Buena,-74.55564880399993,-8.38630104099991,-74.53802516099995,-8.381268118999913,2.0450000000000017
2244,PE-06B,57.898,59.889,CAJAMARCA,SIERRA,RAMAL,ONDULADO,1.0,49.53,Buena,-78.9576123189999,-6.61269124699993,-78.94795318099995,-6.6190069689999405,1.9909999999999997
2245,PE-3SB,52.423,56.14,JUNIN,SIERRA,VARIANTE,ONDULADO,2.0,68.7,Buena,-75.24348633299991,-12.154352545999927,-75.2232714399999,-12.139372735999927,3.7169999999999987
2246,PE-28D,127.837,139.898,HUANCAVELICA,SIERRA,RAMAL,ONDULADO,1.0,55.02,Buena,-75.0577239989999,-13.088439940999933,-75.09167671199992,-13.027645110999913,12.060999999999993
2247,PE-24,74.797,79.106,LIMA,SIERRA,TRANSVERSAL,ONDULADO,1.0,66.89,Buena,-75.98976604399991,-12.840125619999924,-75.95739777999995,-12.848516839999945,4.3089999999999975
2248,PE-26A,119.35,130.868,HUANCAVELICA,SIERRA,RAMAL,ONDULADO,0.0,0.0,Sin Informacion,-75.34528738599994,-13.232739117999927,-75.31580931799994,-13.275588453999944,11.518
2249,PE-28B,173.404,173.634,AYACUCHO,SELVA,VARIANTE,ONDULADO,1.0,46.47,Buena,-73.7878348449999,-12.62231666599996,-73.78668004399992,-12.62061234999993,0.22999999999998977
2250,PE-28B,660.709,660.777,CUSCO,SIERRA,VARIANTE,ONDULADO,1.0,78.24,Buena,-71.85133422799993,-13.423677163999912,-71.85088515399991,-13.423977796999907,0.06800000000009732
2251,PE-36D,1.584,9.26,MOQUEGUA,SIERRA,TRANSVERSAL,PLANO,0.0,0.0,Sin Informacion,-71.11619439799995,-17.578282437999917,-71.04424285899995,-17.579998015999934,7.676
2252,PE-26B,163.173,164.584,AYACUCHO,SIERRA,RAMAL,ONDULADO,1.0,44.1,Buena,-74.38896698099995,-13.032536345999915,-74.37977059499991,-13.028829784999914,1.4110000000000014
2253,PE-5NC,243.112,257.595,LORETO,SELVA,RAMAL,ONDULADO,1.0,41.29,Buena,-77.66305604599995,-4.606901090999941,-77.59124183699993,-4.616504668999937,14.483000000000033
2254,PE-26B,76.293,81.465,HUANCAVELICA,SIERRA,RAMAL,MONTAÑOSO,1.0,44.1,Buena,-74.72439254299991,-12.993621512999937,-74.71507294499992,-13.03266625799995,5.171999999999997
2255,PE-28E,4.828,12.508,HUANCAVELICA,SIERRA,RAMAL,ONDULADO,2.0,55.02,Buena,-74.96396957299993,-13.337868023999931,-75.01963236799992,-13.322476533999918,7.679999999999999
2256,PE-06,2.343,3.218,LAMBAYEQUE,COSTA,TRANSVERSAL,PLANO,4.0,80.89,Buena,-79.88721275199993,-6.798181533999923,-79.89346313399994,-6.803001403999929,0.875
2257,PE-5NC,219.273,223.203,AMAZONAS,SELVA,RAMAL,ONDULADO,1.0,41.29,Buena,-77.7826919069999,-4.670165834999921,-77.76248527399991,-4.6498842589999185,3.930000000000007
2258,PE-5NA,128.46,137.097,PASCO,SELVA,VARIANTE,ONDULADO,2.0,34.12,Mala,-75.53372732199995,-10.031702012999915,-75.50602250299994,-9.981352357999924,8.637
2259,PE-32,46.95,50.25,AREQUIPA,SIERRA,TRANSVERSAL,MONTAÑOSO,1.0,44.1,Buena,-73.83993005899993,-15.720313112999918,-73.8208689999999,-15.696651999999915,3.299999999999997
2260,PE-28D,29.027,38.8,HUANCAVELICA,SIERRA,RAMAL,MONTAÑOSO,1.0,33.43,Buena,-75.4334953419999,-13.387320021999926,-75.4163845839999,-13.400378990999911,9.772999999999996
2261,PE-28D,51.319,56.069,HUANCAVELICA,SIERRA,RAMAL,MONTAÑOSO,1.0,33.43,Buena,-75.3661662209999,-13.389124684999956,-75.34638465299992,-13.367134687999908,4.75
2262,PE-32A,324.48,340.289,AYACUCHO,SIERRA,RAMAL,MONTAÑOSO,1.0,33.11,Buena,-74.19494905499994,-13.438870034999923,-74.1887099999999,-13.351059999999904,15.808999999999969
2263,PE-3SB,40.063,42.452,JUNIN,SIERRA,VARIANTE,ONDULADO,2.0,68.7,Buena,-75.24043614499993,-12.05395431799991,-75.24249528399992,-12.074714642999936,2.388999999999996
2264,PE-5NA,170.776,177.23,HUANUCO,SELVA,VARIANTE,ONDULADO,2.0,27.06,Mala,-75.51271225799991,-9.738805833999947,-75.50292968699995,-9.689458846999912,6.453999999999979
2265,PE-34I,9.477,10.077,PUNO,SIERRA,RAMAL,PLANO,2.0,78.24,Buena,-69.7558536539999,-15.205757140999935,-69.75153978899993,-15.209179522999932,0.5999999999999996
2266,PE-1S,190.887,210.541,ICA,COSTA,LONGITUDINAL DE LA COSTA,PLANO,0.0,80.89,Buena,-76.14516946399993,-13.414957284999957,-76.13871768099995,-13.583856060999949,19.653999999999996
2267,PE-1S,185.087,190.887,ICA,COSTA,LONGITUDINAL DE LA COSTA,PLANO,2.0,80.89,Buena,-76.19263140599992,-13.406275352999955,-76.14516946399993,-13.414957284999957,5.800000000000011
2268,PE-1S,222.365,224.396,ICA,COSTA,LONGITUDINAL DE LA COSTA,PLANO,0.0,77.35,Regular,-76.15979743399993,-13.683491548999939,-76.1511556719999,-13.700779052999906,2.0309999999999775
2269,PE-06A,72.134,85.134,CAJAMARCA,COSTA,TRANSVERSAL,ONDULADO,2.0,59.17,Buena,-79.34763908299993,-6.630304336999927,-79.24783048099994,-6.601076845999955,13.0
2270,PE-1N,24.069,24.968,LIMA,COSTA,LONGITUDINAL DE LA COSTA,PLANO,2.0,80.89,Buena,-77.07343322699995,-11.919210163999935,-77.07246846999993,-11.911554086999956,0.8990000000000009
2271,PE-20A,192.959,207.065,PASCO,SIERRA,TRANSVERSAL,PLANO,2.0,60.6,Buena,-76.35854477499993,-10.997081909999906,-76.29959952799993,-10.893579839999916,14.105999999999995
2272,PE-20A,191.875,192.959,PASCO,SIERRA,TRANSVERSAL,ONDULADO,1.0,55.02,Buena,-76.36506462099993,-11.002428054999939,-76.35854477499993,-10.997081909999906,1.0840000000000032
2273,PE-20A,100.372,102.0,LIMA,SIERRA,TRANSVERSAL,MONTAÑOSO,2.0,44.1,Regular,-76.61225008199995,-11.467513185999906,-76.60353749199993,-11.46174031299995,1.6280000000000001
2274,PE-20A,207.065,207.069,PASCO,SIERRA,TRANSVERSAL,PLANO,2.0,0.0,Buena,-76.29959952799993,-10.893579839999916,-76.29959242899992,-10.893544343999906,0.003999999999990678
2275,PE-3SD,37.206,63.455,HUANCAVELICA,SIERRA,VARIANTE,ONDULADO,1.0,49.53,Buena,-74.86709448399995,-12.39211772199991,-74.7701157589999,-12.376329229999953,26.248999999999995
2276,PE-3SD,169.588,179.621,HUANCAVELICA,SIERRA,VARIANTE,MONTAÑOSO,1.0,44.1,Buena,-74.37151375699995,-12.763890063999952,-74.38874485499991,-12.807008328999927,10.033000000000015
2277,PE-3NE,0.0,16.498,ANCASH,SIERRA,VARIANTE,ONDULADO,0.0,0.0,Buena,-77.1340341529999,-10.020548876999953,-77.19423468899993,-10.08593043399992,16.498
2278,PE-32,200.822,202.422,AYACUCHO,SIERRA,TRANSVERSAL,ONDULADO,2.0,49.53,Buena,-73.78505708199992,-15.01819788399996,-73.77772838499993,-15.015545180999936,1.5999999999999943
2279,PE-30D,240.482,242.145,AYACUCHO,SIERRA,TRANSVERSAL,,0.0,0.0,Buena,-74.2343979499999,-13.602950439999915,-74.22736331999994,-13.607340587999943,1.663000000000011
2280,PE-30D,116.578,125.845,AYACUCHO,SIERRA,TRANSVERSAL,,0.0,0.0,Buena,-74.62938106699994,-14.090186699999947,-74.58013688299991,-14.082598381999958,9.266999999999996
2281,PE-30D,205.857,207.957,AYACUCHO,SIERRA,TRANSVERSAL,,0.0,0.0,Buena,-74.32458641699992,-13.748432579999928,-74.31693436599994,-13.734305840999923,2.0999999999999943
2282,PE-30D,183.035,189.36,AYACUCHO,SIERRA,TRANSVERSAL,,0.0,0.0,Buena,-74.32595695999993,-13.879631529999926,-74.32757193999993,-13.834185109999908,6.325000000000017
2283,PE-10B,0.0,18.832,LA LIBERTAD,SIERRA,TRANSVERSAL,MONTAÑOSO,1.0,40.51,Buena,-77.9795205499999,-7.797358598999949,-77.90434695999994,-7.792374268999936,18.832
2284,PE-3SC,25.429,28.597,HUANCAVELICA,SIERRA,RAMAL,ONDULADO,2.0,43.03,Mala,-75.08962631199995,-12.241104125999925,-75.07095578099995,-12.257323351999958,3.168000000000003
2285,PE-28B,600.351,601.661,CUSCO,SIERRA,VARIANTE,ONDULADO,2.0,66.89,Buena,-72.2838700179999,-13.25014511899991,-72.27282031599992,-13.253151682999942,1.3099999999999454
2286,PE-28B,173.634,174.184,CUSCO,SELVA,VARIANTE,ONDULADO,1.0,46.47,Buena,-73.78668004399992,-12.62061234999993,-73.7891311649999,-12.61774444599996,0.5500000000000114
2287,PE-34G,15.758,16.954,CUSCO,SIERRA,RAMAL,ONDULADO,1.0,34.85,Buena,-71.2977905269999,-14.43512916599991,-71.30131530799991,-14.426248549999912,1.1960000000000015
2288,PE-3SH,38.053,39.297,PUNO,SIERRA,RAMAL,PLANO,2.0,78.24,Buena,-70.35608100899992,-14.790529250999953,-70.35001754799993,-14.785039901999937,1.2439999999999998
2289,PE-34F,92.26,93.362,CUSCO,SIERRA,RAMAL,ONDULADO,2.0,62.45,Mala,-71.42960137799992,-14.22241476299996,-71.4329483759999,-14.213497526999959,1.1019999999999897
2290,PE-28B,533.824,534.628,CUSCO,SIERRA,VARIANTE,MONTAÑOSO,2.0,55.0,Buena,-72.37270719899993,-13.081729168999914,-72.37543296799993,-13.083387374999916,0.8040000000000873
2291,PE-34G,16.954,18.954,CUSCO,SIERRA,RAMAL,ONDULADO,1.0,34.85,Buena,-71.30131530799991,-14.426248549999912,-71.30711173999993,-14.409852981999904,2.0
2292,PE-28B,517.696,518.813,CUSCO,SIERRA,VARIANTE,ONDULADO,2.0,40.84,Buena,-72.41406319899994,-13.06129612299992,-72.40569429999994,-13.065020992999905,1.1169999999999618
2293,PE-24A,39.611,53.143,JUNIN,SIERRA,TRANSVERSAL,MONTAÑOSO,1.0,44.1,Buena,-75.1622888409999,-11.770068476999938,-75.0848634539999,-11.723998048999931,13.532000000000004
2294,PE-28D,38.8,44.461,HUANCAVELICA,SIERRA,RAMAL,MONTAÑOSO,1.0,33.43,Buena,-75.4163845839999,-13.400378990999911,-75.3978359269999,-13.397970554999915,5.661000000000001
2295,PE-3SC,1.498,2.637,JUNIN,SIERRA,RAMAL,PLANO,2.0,75.08,Regular,-75.19839832299994,-12.087722498999938,-75.19307899499995,-12.096467971999914,1.139
2296,PE-5SB,0.0,80.763,JUNIN,SELVA,VARIANTE,,0.0,0.0,Sin Informacion,-74.8334079999999,-10.950803999999948,-74.31322681199993,-11.132704241999932,80.763
2297,PE-04,0.0,25.049,PIURA,COSTA,TRANSVERSAL,PLANO,2.0,77.35,Buena,-80.52283712399992,-6.025035282999909,-80.73219312799995,-5.946403257999918,25.049
2298,PE-24A,53.143,53.588,JUNIN,SIERRA,TRANSVERSAL,MONTAÑOSO,2.0,44.1,Buena,-75.0848634539999,-11.723998048999931,-75.08241679699995,-11.721196922999923,0.4450000000000003
2299,PE-1S,2.561,3.84,LIMA,COSTA,LONGITUDINAL DE LA COSTA,PLANO,3.0,80.89,Buena,-76.97738950999991,-12.080169759999933,-76.98115791599992,-12.08961721399993,1.279
2300,PE-04,47.2,55.238,PIURA,COSTA,TRANSVERSAL,PLANO,2.0,80.89,Buena,-80.92302894099993,-5.886543273999905,-80.99238159099991,-5.8655828009999595,8.037999999999997
2301,PE-18C,26.292,37.363,UCAYALI,SELVA,TRANSVERSAL,ONDULADO,2.0,60.03,Buena,-74.95806843699995,-8.645854949999944,-74.9051487829999,-8.57146230199993,11.070999999999998
2302,PE-28E,0.0,4.828,HUANCAVELICA,SIERRA,RAMAL,ONDULADO,1.0,49.53,Buena,-74.94004661199995,-13.373806326999954,-74.96396957299993,-13.337868023999931,4.828
2303,PE-1NK,5.014,10.116,PIURA,COSTA,RAMAL,PLANO,2.0,80.89,Buena,-80.67268383599992,-5.268988166999918,-80.69845152799991,-5.303648690999921,5.101999999999999
2304,PE-3SF,0.0,24.306,APURIMAC,SIERRA,RAMAL,ONDULADO,1.0,49.53,Buena,-72.9145419919999,-13.688462674999926,-72.83524945899995,-13.805775252999922,24.306
2305,PE-04,29.983,46.181,PIURA,COSTA,TRANSVERSAL,PLANO,2.0,77.35,Buena,-80.7748127289999,-5.933250793999946,-80.9146327919999,-5.889884947999917,16.197999999999997
2306,PE-3NA,115.288,134.15,ANCASH,SIERRA,VARIANTE,MONTAÑOSO,1.0,44.1,Buena,-78.04217226199995,-8.51402371699993,-78.04539871199995,-8.466007232999914,18.86200000000001
2307,PE-3SF,77.387,80.195,APURIMAC,SIERRA,RAMAL,ONDULADO,1.0,49.53,Buena,-72.79460334799995,-14.018638610999915,-72.78018556199993,-14.030372907999947,2.8079999999999927
2308,PE-1N,14.721,17.462,LIMA,COSTA,LONGITUDINAL DE LA COSTA,PLANO,3.0,80.89,Buena,-77.0620752449999,-12.002395873999944,-77.06535465999991,-11.977947675999928,2.7409999999999997
2309,PE-3SF,66.672,77.387,APURIMAC,SIERRA,RAMAL,ONDULADO,1.0,55.02,Buena,-72.8003997799999,-13.959423064999953,-72.79460334799995,-14.018638610999915,10.715000000000003
2310,PE-3SF,55.235,66.672,APURIMAC,SIERRA,RAMAL,ONDULADO,1.0,49.53,Buena,-72.79433602599994,-13.908374540999944,-72.8003997799999,-13.959423064999953,11.436999999999998
2311,PE-5NC,140.491,145.466,AMAZONAS,SELVA,RAMAL,ONDULADO,1.0,41.29,Buena,-78.23499168399991,-4.991167632999918,-78.21268506899992,-4.957399363999912,4.974999999999994
2312,PE-20C,94.811,130.139,LIMA,SIERRA,TRANSVERSAL,MONTAÑOSO,0.0,44.1,Regular,-76.65203285199993,-11.205606460999945,-76.54240681099992,-11.034384115999956,35.328
2313,PE-5NC,79.798,86.814,AMAZONAS,SELVA,RAMAL,MONTAÑOSO,2.0,47.84,Buena,-78.37746463099995,-5.285927026999957,-78.36274149099995,-5.23644627799996,7.015999999999991
2314,PE-5NC,29.47,46.121,AMAZONAS,SELVA,RAMAL,PLANO,2.0,70.33,Buena,-78.5537558979999,-5.5049199149999595,-78.45403671199995,-5.421220067999911,16.651000000000003
2315,PE-24,15.486,19.78,LIMA,COSTA,TRANSVERSAL,PLANO,2.0,77.35,Buena,-76.34774216999995,-13.06322242999994,-76.3179022999999,-13.075748819999944,4.2940000000000005
2316,PE-24,42.775,49.17,LIMA,COSTA,TRANSVERSAL,ONDULADO,2.0,73.34,Buena,-76.16568248999994,-13.007682829999908,-76.14269999999993,-12.961479999999938,6.395000000000003
2317,PE-5NA,45.192,46.407,PASCO,SELVA,VARIANTE,PLANO,4.0,43.98,Mala,-75.40245246899991,-10.57784461999995,-75.40791728799991,-10.568015855999931,1.2149999999999963
2318,PE-3SC,13.974,25.359,JUNIN,SIERRA,RAMAL,ONDULADO,2.0,43.03,Mala,-75.14822578399992,-12.176115035999942,-75.08962631199995,-12.241104125999925,11.385000000000002
2319,PE-20C,131.958,146.346,PASCO,SIERRA,TRANSVERSAL,MONTAÑOSO,0.0,33.11,Buena,-76.5301512289999,-11.040588124999942,-76.42365444899991,-11.034385243999907,14.388000000000005
2320,PE-5ND,84.657,116.517,AMAZONAS,SELVA,RAMAL,ONDULADO,0.0,0.0,Sin Informacion,-77.86273956299993,-4.596939563999911,-77.65795963099993,-4.553868071999943,31.86
2321,PE-1NF,0.0,11.322,LA LIBERTAD,COSTA,RAMAL,PLANO,2.0,77.35,Regular,-79.1524484059999,-7.839410175999944,-79.11278141999992,-7.759300183999926,11.322
2322,PE-1NF,36.103,41.3,LA LIBERTAD,COSTA,RAMAL,PLANO,2.0,62.03,Buena,-78.9520070609999,-7.660024241999906,-78.9331948809999,-7.618321217999949,5.196999999999996
2323,PE-20C,70.257,94.811,LIMA,SIERRA,TRANSVERSAL,MONTAÑOSO,0.0,33.11,Buena,-76.81284522999994,-11.267656325999951,-76.65203285199993,-11.205606460999945,24.554000000000002
2324,PE-1N,27.073,29.155,LIMA,COSTA,LONGITUDINAL DE LA COSTA,PLANO,2.0,80.89,Buena,-77.06805098899991,-11.893697988999918,-77.06910228899994,-11.874878767999917,2.0820000000000007
2325,PE-12A,226.392,241.981,HUANUCO,SIERRA,TRANSVERSAL,ONDULADO,1.0,43.03,Regular,-76.95294189499992,-8.65741920499994,-76.87506300799993,-8.656323524999948,15.588999999999999
2326,PE-38,24.978,43.549,TACNA,SIERRA,TRANSVERSAL,ONDULADO,2.0,68.7,Buena,-70.2264970139999,-17.819580533999954,-70.1276512149999,-17.714092254999912,18.570999999999998
2327,PE-38,5.21,11.54,TACNA,SIERRA,TRANSVERSAL,ONDULADO,2.0,68.7,Buena,-70.25845806699994,-17.987221765999948,-70.25652341699993,-17.93166266499992,6.329999999999999
2328,PE-3SH,0.0,3.25,PUNO,SIERRA,RAMAL,PLANO,2.0,68.22,Mala,-70.36597809199992,-15.04300799799995,-70.33941459699992,-15.033868789999929,3.25
2329,PE-28E,24.929,30.223,HUANCAVELICA,SIERRA,RAMAL,ONDULADO,1.0,55.02,Buena,-75.08796744999995,-13.250806565999937,-75.1061613359999,-13.220365122999908,5.2940000000000005
2330,PE-5ND,116.517,159.918,LORETO,SELVA,RAMAL,ONDULADO,0.0,0.0,Sin Informacion,-77.65795963099993,-4.553868071999943,-77.41768646199995,-4.566463469999917,43.40100000000001
2331,PE-04C,21.652,24.122,CAJAMARCA,SELVA,TRANSVERSAL,ONDULADO,2.0,60.03,Buena,-78.83395576499993,-5.892969130999916,-78.8188150769999,-5.878704330999938,2.469999999999999
2332,PE-1N,5.809,7.877,LIMA,COSTA,LONGITUDINAL DE LA COSTA,PLANO,3.0,80.89,Buena,-77.00950228399995,-12.034363023999958,-77.02569682899991,-12.043150203999915,2.0679999999999996
2333,PE-28,11.558,19.975,ICA,COSTA,TRANSVERSAL,PLANO,2.0,77.35,Buena,-76.24417877199994,-13.823926925999956,-76.28374653999992,-13.867503411999905,8.417000000000002
2334,PE-24A,206.821,207.299,JUNIN,SELVA,TRANSVERSAL,PLANO,2.0,70.33,Buena,-74.63788524099994,-11.25187176299994,-74.6370643699999,-11.248546032999911,0.47800000000000864
2335,PE-5ND,66.443,83.99,AMAZONAS,SELVA,RAMAL,ONDULADO,1.0,46.47,Buena,-77.98130189099993,-4.627718135999942,-77.86535161699993,-4.592037271999914,17.546999999999997
2336,PE-04,60.548,68.394,PIURA,COSTA,TRANSVERSAL,PLANO,2.0,77.35,Buena,-81.0284735589999,-5.836291070999948,-81.06619530499995,-5.801261831999909,7.846000000000004
2337,PE-5NB,83.291,88.161,LORETO,SELVA,RAMAL,PLANO,2.0,72.6,Buena,-76.26772036199992,-6.1063395209999385,-76.2480031799999,-6.06921475799993,4.8700000000000045
2338,PE-1N,624.329,651.352,LA LIBERTAD,COSTA,LONGITUDINAL DE LA COSTA,PLANO,3.0,80.89,Buena,-79.29756908099995,-7.73572491099992,-79.39823302499991,-7.5228106689999095,27.023000000000025
2339,PE-20C,146.346,157.363,PASCO,SIERRA,TRANSVERSAL,MONTAÑOSO,0.0,26.8,Mala,-76.42365444899991,-11.034385243999907,-76.3646566669999,-11.001413857999921,11.016999999999996
2340,PE-20C,16.503,20.881,LIMA,COSTA,TRANSVERSAL,ONDULADO,2.0,76.18,Buena,-77.17106959999995,-11.48853407599995,-77.13863663699993,-11.473050779999937,4.378
2341,PE-5NC,215.316,219.273,AMAZONAS,SELVA,RAMAL,ONDULADO,1.0,46.47,Buena,-77.81026267999994,-4.6896362299999055,-77.7826919069999,-4.670165834999921,3.9569999999999936
2342,PE-5NA,81.6,85.617,PASCO,SELVA,VARIANTE,ONDULADO,2.0,34.12,Mala,-75.54686489999995,-10.345228533999943,-75.5404016569999,-10.314852807999955,4.01700000000001
2343,PE-06B,96.407,103.367,CAJAMARCA,SIERRA,RAMAL,ONDULADO,1.0,49.53,Buena,-78.79192943999993,-6.559849958999905,-78.77475320499991,-6.545994169999915,6.960000000000008
2344,PE-20C,130.139,131.958,LIMA,SIERRA,TRANSVERSAL,MONTAÑOSO,0.0,44.1,Regular,-76.54240681099992,-11.034384115999956,-76.5301512289999,-11.040588124999942,1.8189999999999884
2345,PE-5ND,50.524,56.014,AMAZONAS,SELVA,RAMAL,ONDULADO,1.0,46.47,Buena,-78.04848891899991,-4.713085597999907,-78.02345835599994,-4.684377966999932,5.490000000000002
2346,PE-1SH,0.0,2.094,ICA,COSTA,VARIANTE,PLANO,0.0,0.0,Sin Informacion,-76.20353708599993,-13.725374803999955,-76.22250144799995,-13.727274873999932,2.094
2347,PE-20C,61.265,66.627,LIMA,SIERRA,TRANSVERSAL,ONDULADO,0.0,68.7,Buena,-76.86996841399991,-11.317134856999928,-76.83549890499995,-11.28189306999991,5.361999999999995
2348,PE-38,11.54,20.006,TACNA,SIERRA,TRANSVERSAL,ONDULADO,2.0,68.7,Buena,-70.25652341699993,-17.93166266499992,-70.23507552199993,-17.86000678399995,8.466000000000001
2349,PE-3NA,74.895,106.015,ANCASH,SIERRA,VARIANTE,MONTAÑOSO,1.0,40.51,Buena,-77.99485180599993,-8.601553252999906,-78.04688448399992,-8.554427096999916,31.120000000000005
2350,PE-24,106.846,129.252,LIMA,SIERRA,TRANSVERSAL,ONDULADO,2.0,66.89,Buena,-75.96958737999995,-12.707975019999935,-75.93201839999995,-12.568113249999953,22.406000000000006
2351,PE-3SF,38.233,50.309,APURIMAC,SIERRA,RAMAL,ONDULADO,1.0,49.53,Buena,-72.76959023199993,-13.870498214999941,-72.79015541099994,-13.906927108999923,12.076
2352,PE-5NA,47.474,69.192,PASCO,SELVA,VARIANTE,ONDULADO,2.0,34.12,Mala,-75.4137573239999,-10.56033706699992,-75.52162933299991,-10.428180658999906,21.717999999999996
2353,PE-18C,71.346,73.46,UCAYALI,SELVA,TRANSVERSAL,PLANO,2.0,72.6,Buena,-74.65507125899995,-8.410884856999928,-74.63667297399991,-8.406274795999934,2.11399999999999
2354,PE-28E,12.929,19.826,HUANCAVELICA,SIERRA,RAMAL,ONDULADO,1.0,49.53,Buena,-75.0230303649999,-13.320738534999919,-75.06541196199993,-13.281415534999951,6.897
2355,PE-5NC,145.466,149.991,AMAZONAS,SELVA,RAMAL,ONDULADO,1.0,46.47,Buena,-78.21268506899992,-4.957399363999912,-78.19674164399993,-4.936042435999923,4.525000000000006
2356,PE-04,25.049,29.983,PIURA,COSTA,TRANSVERSAL,PLANO,2.0,80.89,Buena,-80.73219312799995,-5.946403257999918,-80.7748127289999,-5.933250793999946,4.934000000000001
2357,PE-1NF,20.721,25.223,LA LIBERTAD,COSTA,RAMAL,PLANO,2.0,53.68,Regular,-79.03712603699995,-7.724966104999908,-78.99776526699992,-7.72655401499992,4.501999999999999
2358,PE-1N,7.877,13.072,LIMA,COSTA,LONGITUDINAL DE LA COSTA,PLANO,3.0,80.89,Buena,-77.02569682899991,-12.043150203999915,-77.0596748939999,-12.017771376999917,5.194999999999999
2359,PE-1N,22.738,22.741,LIMA,COSTA,LONGITUDINAL DE LA COSTA,PLANO,3.0,80.89,Buena,-77.07229354099991,-11.93123129299994,-77.07229412499993,-11.931224720999921,0.0030000000000001137
2360,PE-5NB,0.0,9.344,SAN MARTIN,SELVA,RAMAL,ONDULADO,2.0,60.03,Buena,-76.34708626299994,-6.507994095999948,-76.31903588699993,-6.464802507999934,9.344
2361,PE-5NB,113.766,124.106,LORETO,SELVA,RAMAL,PLANO,2.0,72.6,Buena,-76.16000499799992,-5.947158033999926,-76.10894934499993,-5.900527478999948,10.33999999999999
2362,PE-1N,1273.595,1274.224,TUMBES,COSTA,LONGITUDINAL DE LA COSTA,PLANO,3.0,80.89,Buena,-80.48458603699993,-3.597934506999934,-80.47996611899993,-3.593628320999926,0.6289999999999054
2363,PE-38,164.826,173.238,PUNO,SIERRA,TRANSVERSAL,ONDULADO,1.0,33.11,Regular,-69.79665946999995,-17.23277854899993,-69.7453449969999,-17.183742966999944,8.412000000000006
2364,PE-34G,20.189,28.954,CUSCO,SIERRA,RAMAL,ONDULADO,1.0,34.85,Mala,-71.31375676199991,-14.401306332999923,-71.2955262939999,-14.35244451199992,8.765
2365,PE-38A,71.618,72.634,PUNO,SIERRA,RAMAL,PLANO,1.0,75.08,Regular,-69.65591147999993,-16.17980104299994,-69.65116500899995,-16.171972274999916,1.0160000000000053
2366,PE-34G,28.954,30.189,CUSCO,SIERRA,RAMAL,ONDULADO,1.0,40.84,Regular,-71.2955262939999,-14.35244451199992,-71.2929523919999,-14.348767813999928,1.2349999999999994
2367,PE-38,185.114,209.803,PUNO,SIERRA,TRANSVERSAL,ONDULADO,1.0,33.11,Regular,-69.70251546599991,-17.099367661999906,-69.70768737799995,-16.89669418299991,24.688999999999993
2368,PE-34F,108.299,111.955,CUSCO,SIERRA,RAMAL,MONTAÑOSO,2.0,55.0,Buena,-71.45108014599992,-14.097065273999931,-71.43940609599991,-14.104521095999928,3.6559999999999917
2369,PE-12,10.261,20.639,ANCASH,COSTA,TRANSVERSAL,PLANO,2.0,80.89,Buena,-78.56813926099994,-8.91905622999991,-78.55540847799995,-8.829436348999934,10.378
2370,PE-38,76.029,88.543,TACNA,SIERRA,TRANSVERSAL,MONTAÑOSO,2.0,53.0,Mala,-70.03289674599995,-17.537042226999915,-70.03149604799995,-17.473709105999944,12.51400000000001
2371,PE-1S,47.017,57.681,LIMA,COSTA,LONGITUDINAL DE LA COSTA,PLANO,2.0,80.89,Buena,-76.77716919399995,-12.378626201999907,-76.75149042099991,-12.465326274999939,10.663999999999994
2372,PE-3N,1491.207,1491.217,CAJAMARCA,SIERRA,LONGITUDINAL DE LA SIERRA,MONTAÑOSO,4.0,0.0,Buena,-78.80978002299992,-6.373493047999943,-78.8097235159999,-6.373411147999946,0.009999999999990905
2373,PE-08B,29.355,30.011,CAJAMARCA,SIERRA,TRANSVERSAL,ONDULADO,2.0,68.7,Buena,-78.33781480499994,-7.104680602999906,-78.34184549999992,-7.100805876999914,0.6559999999999988
2374,PE-3SH,3.25,3.697,PUNO,SIERRA,RAMAL,PLANO,2.0,44.78,Mala,-70.3394141359999,-15.033872018999944,-70.34146341699994,-15.030386208999914,0.44700000000000006
2375,PE-30C,172.029,172.375,CUSCO,SELVA,TRANSVERSAL,MONTAÑOSO,2.0,42.62,Buena,-70.84643342899994,-13.335361331999934,-70.84651946999992,-13.332269708999945,0.34600000000000364
2376,PE-08B,4.994,5.834,CAJAMARCA,SIERRA,TRANSVERSAL,ONDULADO,2.0,68.7,Buena,-78.45985221799992,-7.1617050169999175,-78.45639419499992,-7.155170440999939,0.8399999999999999
2377,PE-30C,169.272,169.506,CUSCO,SELVA,TRANSVERSAL,MONTAÑOSO,2.0,37.47,Buena,-70.86703300499994,-13.347171782999908,-70.8650266759999,-13.346518340999921,0.23400000000000887
2378,PE-1N,32.019,33.074,LIMA,COSTA,LONGITUDINAL DE LA COSTA,PLANO,2.0,80.89,Buena,-77.0856929869999,-11.855705941999929,-77.09276647099995,-11.850040187999923,1.0549999999999997
2379,PE-1N,20.061,21.061,LIMA,COSTA,LONGITUDINAL DE LA COSTA,PLANO,2.0,80.89,Buena,-77.0694143039999,-11.955438177999952,-77.07083005699991,-11.946189630999925,1.0
2380,PE-08A,10.53,23.1,CAJAMARCA,SIERRA,RAMAL,MONTAÑOSO,2.0,55.0,Buena,-78.82830428999995,-7.170339583999919,-78.84093196999993,-7.120473724999954,12.570000000000002
2381,PE-08A,34.691,40.135,CAJAMARCA,SIERRA,RAMAL,MONTAÑOSO,2.0,55.7,Buena,-78.78371019699995,-7.086680566999917,-78.7627655469999,-7.098258395999949,5.4439999999999955
2382,PE-1NL,0.0,1.914,PIURA,COSTA,RAMAL,PLANO,2.0,80.89,Buena,-80.69695990299994,-4.917241113999921,-80.68064377299993,-4.912521792999939,1.914
2383,PE-1N,21.715,22.367,LIMA,COSTA,LONGITUDINAL DE LA COSTA,PLANO,2.0,80.89,Buena,-77.07142514999992,-11.940353143999914,-77.07198300199991,-11.93453739499995,0.652000000000001
2384,PE-32A,115.789,122.969,AYACUCHO,SIERRA,RAMAL,MONTAÑOSO,1.0,44.1,Buena,-73.90238284799995,-14.170111220999956,-73.88583654699994,-14.174677758999906,7.179999999999993
2385,PE-32A,68.808,80.818,AYACUCHO,SIERRA,RAMAL,MONTAÑOSO,1.0,33.11,Buena,-73.95533754899992,-14.35366737499993,-73.96932010599994,-14.295078013999955,12.009999999999991
2386,PE-32A,65.808,68.808,AYACUCHO,SIERRA,RAMAL,MONTAÑOSO,1.0,33.11,Buena,-73.96054667999994,-14.386249053999904,-73.95533754899992,-14.35366737499993,3.0
2387,PE-38A,64.48,66.359,PUNO,SIERRA,RAMAL,PLANO,1.0,52.87,Regular,-69.68064880399993,-16.239923476999934,-69.6770900269999,-16.222268492999945,1.8789999999999907
2388,PE-34F,9.704,33.815,CUSCO,SIERRA,RAMAL,ONDULADO,2.0,68.7,Buena,-71.32979629899995,-14.737124923999943,-71.2926708899999,-14.580471365999927,24.110999999999997
2389,PE-32A,165.669,174.441,AYACUCHO,SIERRA,RAMAL,MONTAÑOSO,1.0,33.11,Buena,-73.84061931399992,-14.01381978899991,-73.84774751399993,-13.984046139999919,8.771999999999991
2390,PE-34J,67.725,67.936,CUSCO,SIERRA,RAMAL,MONTAÑOSO,1.0,38.2,Regular,-71.15313787699995,-15.227526571999931,-71.15288184999991,-15.22603721999991,0.21100000000001273
2391,PE-38,88.543,89.873,TACNA,SIERRA,TRANSVERSAL,MONTAÑOSO,2.0,53.0,Buena,-70.03149604799995,-17.473709105999944,-70.02422737499995,-17.467008866999947,1.3299999999999983
2392,PE-1N,853.506,868.554,LAMBAYEQUE,COSTA,LONGITUDINAL DE LA COSTA,PLANO,3.0,77.35,Buena,-80.25330758299992,-6.306207438999934,-80.37508753399993,-6.247026779999942,15.048000000000002
2393,PE-34J,109.888,113.734,CUSCO,SIERRA,RAMAL,ONDULADO,1.0,34.85,Mala,-71.18982292899994,-14.93466858699992,-71.20016715199995,-14.903732119999916,3.8459999999999894
2394,PE-30D,211.467,216.379,AYACUCHO,SIERRA,TRANSVERSAL,,0.0,0.0,Buena,-74.31510788799994,-13.711484064999922,-74.30748850799995,-13.678449784999941,4.911999999999978
2395,PE-34F,111.955,113.24,CUSCO,SIERRA,RAMAL,MONTAÑOSO,1.0,38.2,Buena,-71.43941116299993,-14.104520797999953,-71.42898398699992,-14.101648558999955,1.2849999999999966
2396,PE-32A,40.47,45.504,AYACUCHO,SIERRA,RAMAL,MONTAÑOSO,1.0,44.1,Buena,-73.93832500199994,-14.49880765599994,-73.92602582599994,-14.466918785999951,5.033999999999999
2397,PE-32A,30.648,35.703,AYACUCHO,SIERRA,RAMAL,MONTAÑOSO,1.0,44.1,Buena,-74.00790524399991,-14.531118138999943,-73.97448311999995,-14.515748753999958,5.055000000000003
2398,PE-1NR,74.098,75.843,PIURA,COSTA,TRANSVERSAL,ONDULADO,0.0,0.0,Sin Informacion,-79.94878999999992,-5.163629999999955,-79.9386363939999,-5.154018614999927,1.7450000000000045
2399,PE-1NR,101.057,109.925,PIURA,SIERRA,TRANSVERSAL,ONDULADO,0.0,0.0,Sin Informacion,-79.86712992499992,-5.06231940999993,-79.85482909099994,-5.033937357999946,8.867999999999995
2400,PE-1NS,8.72,8.726,PIURA,COSTA,RAMAL,PLANO,0.0,0.0,Sin Informacion,-80.16319560999995,-5.103196289999914,-80.16316816499995,-5.1031525119999515,0.006000000000000227
2401,PE-14A,79.113,79.457,ANCASH,SIERRA,RAMAL,MONTAÑOSO,1.0,44.1,Regular,-77.16144884599993,-9.428257501999951,-77.16000899099993,-9.428893484999946,0.3439999999999941
2402,PE-3N,156.441,156.894,PASCO,SIERRA,LONGITUDINAL DE LA SIERRA,ONDULADO,2.0,43.03,Buena,-76.1806664309999,-10.520060964999914,-76.18012677299993,-10.516069089999917,0.45300000000000296
2403,PE-3N,1549.61,1549.638,CAJAMARCA,SELVA,LONGITUDINAL DE LA SIERRA,ONDULADO,1.0,41.29,Buena,-78.89861015399993,-6.048175769999943,-78.89850939599995,-6.047940720999918,0.02800000000002001
2404,PE-1NN,11.701,12.143,PIURA,COSTA,RAMAL,PLANO,2.0,69.78,Buena,-80.6317081709999,-4.817501609999908,-80.62909694599995,-4.814506079999944,0.44200000000000017
2405,PE-1NN,25.132,26.626,PIURA,COSTA,RAMAL,PLANO,2.0,77.35,Buena,-80.57419109299991,-4.717660143999922,-80.56921115699993,-4.705276904999948,1.4939999999999998
2406,PE-18C,25.156,26.292,UCAYALI,SELVA,TRANSVERSAL,ONDULADO,2.0,60.03,Buena,-74.96485328699993,-8.64398574799992,-74.95806843699995,-8.645854949999944,1.1360000000000028
2407,PE-34E,36.893,39.273,AREQUIPA,SIERRA,RAMAL,ONDULADO,1.0,34.85,Mala,-71.38629466799995,-15.768303228999912,-71.38980649899992,-15.750049260999958,2.3800000000000026
2408,PE-3N,1728.432,1757.928,PIURA,SELVA,LONGITUDINAL DE LA SIERRA,MONTAÑOSO,1.0,26.34,Buena,-79.4746572279999,-5.401404138999908,-79.40906618399993,-5.316422574999933,29.496000000000095
2409,PE-28A,64.329,69.552,ICA,SIERRA,TRANSVERSAL,PLANO,2.0,78.24,Buena,-75.63891722299991,-13.607770299999913,-75.59621996999994,-13.59584506099992,5.223000000000013
2410,PE-18B,14.198,14.542,HUANUCO,SIERRA,TRANSVERSAL,ONDULADO,2.0,0.0,Buena,-76.04538937199993,-9.863508530999923,-76.04348161199994,-9.864900474999956,0.3439999999999994
2411,PE-28A,40.368,46.378,ICA,SIERRA,TRANSVERSAL,PLANO,2.0,75.08,Buena,-75.81393787799993,-13.696084060999908,-75.77337433699995,-13.667913308999914,6.009999999999998
2412,PE-3N,1794.52,1794.553,PIURA,SIERRA,LONGITUDINAL DE LA SIERRA,MONTAÑOSO,2.0,26.8,Mala,-79.43483940599992,-5.158053320999954,-79.4350612369999,-5.158120138999948,0.03300000000012915
2413,PE-3N,1427.283,1428.161,CAJAMARCA,SIERRA,LONGITUDINAL DE LA SIERRA,MONTAÑOSO,2.0,44.1,Regular,-78.66769040699995,-6.553081248999945,-78.67126464799992,-6.5518455509999285,0.8780000000001564
2414,PE-3N,1423.688,1424.641,CAJAMARCA,SIERRA,LONGITUDINAL DE LA SIERRA,MONTAÑOSO,2.0,55.7,Buena,-78.64126014699991,-6.557846068999936,-78.64928436299994,-6.55892562899993,0.9529999999999745
2415,PE-28A,321.291,331.551,AYACUCHO,SIERRA,TRANSVERSAL,ONDULADO,2.0,66.89,Buena,-74.26343416299994,-13.191212982999957,-74.22827892099991,-13.142911159999926,10.259999999999991
2416,PE-28A,158.091,161.382,HUANCAVELICA,SIERRA,TRANSVERSAL,ONDULADO,2.0,62.45,Buena,-75.12468160999993,-13.493257549999953,-75.09972822299994,-13.482603254999958,3.290999999999997
2417,PE-18,14.23,15.481,LIMA,COSTA,TRANSVERSAL,PLANO,2.0,77.35,Buena,-77.32627487199994,-11.32282257099996,-77.32302474999995,-11.31223487899996,1.2509999999999994
2418,PE-28A,46.378,51.431,ICA,SIERRA,TRANSVERSAL,PLANO,2.0,78.24,Buena,-75.77337433699995,-13.667913308999914,-75.73794921699994,-13.649759493999909,5.052999999999997
2419,PE-28A,131.213,136.264,HUANCAVELICA,SIERRA,TRANSVERSAL,ONDULADO,2.0,68.7,Buena,-75.27682483799992,-13.582510384999921,-75.24921146399993,-13.57433771999996,5.051000000000016
2420,PE-28A,69.552,80.098,ICA,SIERRA,TRANSVERSAL,PLANO,2.0,75.08,Buena,-75.59621996999994,-13.59584506099992,-75.53535787999994,-13.566331342999945,10.545999999999992
2421,PE-28A,188.369,193.365,HUANCAVELICA,SIERRA,TRANSVERSAL,ONDULADO,0.0,66.89,Buena,-74.9542361739999,-13.397092393999912,-74.95388476999995,-13.367927989999941,4.996000000000009
2422,PE-28A,210.521,228.18,AYACUCHO,SIERRA,TRANSVERSAL,ONDULADO,2.0,66.89,Buena,-74.89252894999993,-13.38807586899992,-74.85539982299991,-13.35974058499994,17.65900000000002
2423,PE-1NR,79.211,89.293,PIURA,COSTA,TRANSVERSAL,ONDULADO,0.0,0.0,Sin Informacion,-79.9174402129999,-5.143025419999958,-79.88748803999994,-5.104762972999936,10.082000000000008
2424,PE-3N,1669.678,1685.678,PIURA,SIERRA,LONGITUDINAL DE LA SIERRA,MONTAÑOSO,1.0,44.1,Buena,-79.52251306499994,-5.660493122999924,-79.52449030799994,-5.573246121999944,16.0
2425,PE-18,134.945,137.336,LIMA,SIERRA,TRANSVERSAL,MONTAÑOSO,0.0,0.0,Buena,-76.78138092099994,-10.66730016799994,-76.76515180099994,-10.67425542399991,2.3910000000000196
2426,PE-10A,83.483,90.996,LA LIBERTAD,SIERRA,TRANSVERSAL,MONTAÑOSO,2.0,44.1,Buena,-78.54714393599994,-7.981935500999953,-78.50647339699992,-7.998800928999913,7.512999999999991
2427,PE-1N,22.741,24.069,LIMA,COSTA,LONGITUDINAL DE LA COSTA,PLANO,3.0,80.89,Buena,-77.07229412499993,-11.931224720999921,-77.07343322699995,-11.919210163999935,1.3279999999999994
2428,PE-1NI,70.708,71.928,CAJAMARCA,COSTA,RAMAL,ONDULADO,1.0,41.9,Regular,-79.1885948179999,-6.827991485999917,-79.1819638259999,-6.835976585999958,1.2199999999999989
2429,PE-5NC,79.399,79.798,AMAZONAS,SELVA,RAMAL,MONTAÑOSO,2.0,40.61,Buena,-78.37915138499994,-5.288434751999944,-78.37746463099995,-5.285927026999957,0.3990000000000009
2430,PE-18C,81.542,82.627,UCAYALI,SELVA,TRANSVERSAL,PLANO,4.0,72.6,Buena,-74.56526543899992,-8.388417293999908,-74.55564880399993,-8.38630104099991,1.0849999999999937
2431,PE-28A,1.265,1.323,ICA,COSTA,TRANSVERSAL,PLANO,2.0,77.35,Buena,-76.1484801119999,-13.680120358999943,-76.14794700699991,-13.680059989999904,0.05800000000000005
2432,PE-28A,95.963,101.002,HUANCAVELICA,SIERRA,TRANSVERSAL,ONDULADO,2.0,68.7,Buena,-75.4275477299999,-13.61286109599996,-75.3947025409999,-13.609172919999935,5.0390000000000015
2433,PE-28A,244.414,245.051,AYACUCHO,SIERRA,TRANSVERSAL,ONDULADO,2.0,66.89,Buena,-74.6905487809999,-13.354526409999949,-74.6850060079999,-13.354470447999915,0.6370000000000005
2434,PE-28A,196.765,201.858,HUANCAVELICA,SIERRA,TRANSVERSAL,ONDULADO,2.0,66.89,Buena,-74.93997552299993,-13.373920860999931,-74.9254134759999,-13.404947063999941,5.093000000000018
2435,PE-28A,236.624,237.138,HUANCAVELICA,SIERRA,TRANSVERSAL,ONDULADO,2.0,68.7,Buena,-74.73258933999995,-13.35748112899995,-74.73032376299994,-13.355215310999938,0.51400000000001
2436,PE-28A,168.146,169.548,HUANCAVELICA,SIERRA,TRANSVERSAL,ONDULADO,0.0,62.45,Buena,-75.04553636599991,-13.467490833999932,-75.0339720099999,-13.462050843999918,1.4020000000000152
2437,PE-28A,169.548,173.171,HUANCAVELICA,SIERRA,TRANSVERSAL,ONDULADO,0.0,66.89,Buena,-75.0339720099999,-13.462050843999918,-75.00492391799992,-13.453460740999958,3.6229999999999905
2438,PE-28A,120.45,121.187,HUANCAVELICA,SIERRA,TRANSVERSAL,ONDULADO,2.0,66.89,Buena,-75.32355498499993,-13.608353063999914,-75.31932266199993,-13.60483925099993,0.7369999999999948
2439,PE-28A,174.725,183.299,HUANCAVELICA,SIERRA,TRANSVERSAL,ONDULADO,0.0,66.89,Buena,-74.99894275199995,-13.447320262999938,-74.9602781079999,-13.426214917999914,8.574000000000012
2440,PE-20I,1.055,4.1,CALLAO,COSTA,RAMAL,,0.0,0.0,Sin Informacion,-77.11530191299994,-12.049857123999914,-77.12378699999994,-12.073579999999936,3.045
2441,PE-28A,206.972,210.521,HUANCAVELICA,SIERRA,TRANSVERSAL,ONDULADO,2.0,66.89,Buena,-74.89803999399993,-13.413352163999946,-74.89252894999993,-13.38807586899992,3.548999999999978
2442,PE-28A,173.171,174.725,HUANCAVELICA,SIERRA,TRANSVERSAL,ONDULADO,0.0,62.45,Buena,-75.00492391799992,-13.453460740999958,-74.99894275199995,-13.447320262999938,1.554000000000002
2443,PE-28A,333.155,335.936,AYACUCHO,SIERRA,TRANSVERSAL,ONDULADO,2.0,66.89,Buena,-74.22339464399994,-13.136550382999928,-74.21117334599995,-13.147509106999905,2.781000000000006
2444,PE-28A,193.365,196.672,HUANCAVELICA,SIERRA,TRANSVERSAL,ONDULADO,0.0,66.89,Buena,-74.95388476999995,-13.367927989999941,-74.94069181799995,-13.373369796999953,3.306999999999988
2445,PE-04,46.181,47.2,PIURA,COSTA,TRANSVERSAL,PLANO,2.0,80.89,Buena,-80.9146327919999,-5.889884947999917,-80.9230302069999,-5.886543475999929,1.0190000000000055
2446,PE-28A,136.264,142.977,HUANCAVELICA,SIERRA,TRANSVERSAL,ONDULADO,2.0,62.45,Buena,-75.24921146399993,-13.57433771999996,-75.22247250499993,-13.550641760999952,6.712999999999994
2447,PE-3N,1366.366,1371.498,CAJAMARCA,SIERRA,LONGITUDINAL DE LA SIERRA,MONTAÑOSO,1.0,44.1,Buena,-78.60372810399991,-6.763174030999949,-78.58016967799995,-6.7558803559999205,5.132000000000062
2448,PE-26B,75.45,76.293,HUANCAVELICA,SIERRA,RAMAL,MONTAÑOSO,1.0,44.1,Buena,-74.7276887239999,-12.992388965999908,-74.72439254299991,-12.993621512999937,0.8430000000000035
2449,PE-3SG,0.0,0.097,APURIMAC,SIERRA,RAMAL,ONDULADO,1.0,34.85,Buena,-72.24919147299994,-14.119505544999924,-72.24843978899992,-14.119340896999915,0.097
2450,PE-3N,1080.738,1082.879,LA LIBERTAD,SIERRA,LONGITUDINAL DE LA SIERRA,MONTAÑOSO,2.0,55.7,Buena,-78.14123535199991,-7.913976668999908,-78.13460922199994,-7.905216216999918,2.140999999999849
2451,PE-28A,0.0,0.35699999,ICA,COSTA,TRANSVERSAL,PLANO,0.0,77.35,Buena,-76.15979743399993,-13.683491548999939,-76.15653820999995,-13.682126705999906,0.35699999
2452,PE-3N,1054.729,1055.086,LA LIBERTAD,SIERRA,LONGITUDINAL DE LA SIERRA,MONTAÑOSO,2.0,40.51,Buena,-78.26340079699992,-7.987157063999916,-78.26272582999991,-7.984024047999924,0.3569999999999709
2453,PE-10A,90.996,96.316,LA LIBERTAD,SIERRA,TRANSVERSAL,MONTAÑOSO,1.0,44.1,Buena,-78.50647339699992,-7.998800928999913,-78.48881515499994,-8.00340301999995,5.320000000000007
2454,PE-1N,3.2,4.187,LIMA,COSTA,LONGITUDINAL DE LA COSTA,PLANO,3.0,80.89,Buena,-76.98928008099995,-12.035062378999953,-76.99585674899993,-12.02913955699995,0.9870000000000001
2455,PE-08A,23.1,26.9,CAJAMARCA,SIERRA,RAMAL,MONTAÑOSO,2.0,55.7,Buena,-78.84093196999993,-7.120473724999954,-78.82355193899991,-7.116344677999905,3.799999999999997
2456,PE-3N,1097.83,1099.946,LA LIBERTAD,SIERRA,LONGITUDINAL DE LA SIERRA,MONTAÑOSO,2.0,55.7,Buena,-78.06384080399994,-7.83231475599996,-78.05317236399992,-7.820543209999926,2.1159999999999854
2457,PE-20,7.961,8.073,CALLAO,COSTA,TRANSVERSAL,PLANO,2.0,77.35,Regular,-77.12620734199993,-11.996839501999943,-77.12635104599991,-11.99783543299992,0.1120000000000001
2458,PE-3N,1048.976,1051.189,LA LIBERTAD,SIERRA,LONGITUDINAL DE LA SIERRA,MONTAÑOSO,2.0,53.0,Buena,-78.28718157899993,-8.001046178999957,-78.29081886699993,-7.990698852999913,2.2129999999999654
2459,PE-18C,86.783,226.783,UCAYALI,SELVA,TRANSVERSAL,PLANO,0.0,0.0,Sin Informacion,-74.52502724999994,-8.376029477999907,-73.58630845599993,-8.240948912999954,140.0
2460,PE-1NS,0.0,7.428,PIURA,COSTA,RAMAL,PLANO,0.0,0.0,Sin Informacion,-80.18493921899994,-5.170403997999927,-80.1704048709999,-5.108063032999951,7.428
2461,PE-02C,0.0,4.832,PIURA,COSTA,RAMAL,PLANO,0.0,0.0,Sin Informacion,-80.01946830599991,-5.220973967999953,-79.99297460899993,-5.19297466799992,4.832
2462,PE-02C,4.832,7.197,PIURA,COSTA,RAMAL,PLANO,0.0,0.0,Sin Informacion,-79.99297460899993,-5.19297466799992,-79.98992341899992,-5.173776529999941,2.365
2463,PE-08,48.8,49.1,CAJAMARCA,COSTA,TRANSVERSAL,PLANO,2.0,80.89,Buena,-79.13579568199992,-7.249002331999918,-79.13373898999993,-7.250719278999952,0.30000000000000426
2464,PE-36B,11.387,13.407,MOQUEGUA,SIERRA,RAMAL,MONTAÑOSO,4.0,40.51,Buena,-70.47946532999993,-16.79113266899992,-70.47016131299995,-16.781690355999956,2.0199999999999996
2465,PE-32A,300.994,302.84,AYACUCHO,SIERRA,RAMAL,MONTAÑOSO,1.0,33.11,Buena,-74.16788981699995,-13.576755187999936,-74.17016816499995,-13.56358296499991,1.8459999999999468
2466,PE-1S,793.651,794.113,AREQUIPA,COSTA,LONGITUDINAL DE LA COSTA,PLANO,2.0,69.78,Mala,-72.99119351599995,-16.482783066999957,-72.98690070399994,-16.48329528599993,0.4620000000001028
2467,PE-1S,479.93,480.613,ICA,COSTA,LONGITUDINAL DE LA COSTA,PLANO,2.0,78.24,Buena,-74.99340756899994,-15.114885597999944,-74.99085223999992,-15.120531745999926,0.6829999999999927
2468,PE-1S,431.532,431.918,ICA,COSTA,LONGITUDINAL DE LA COSTA,PLANO,2.0,75.08,Buena,-75.03746463399995,-14.772300952999956,-75.03507244699995,-14.774901235999948,0.3860000000000241
2469,PE-1S,459.546,459.928,ICA,COSTA,LONGITUDINAL DE LA COSTA,PLANO,2.0,75.08,Buena,-74.98709194299994,-14.940874839999935,-74.9871149199999,-14.94430905999991,0.382000000000005
2470,PE-1S,12.637,14.27,LIMA,COSTA,LONGITUDINAL DE LA COSTA,PLANO,3.0,80.89,Buena,-76.98028306399993,-12.167384289999916,-76.97587571799994,-12.181491465999954,1.6329999999999991
2471,PE-1S,20.144,21.526,LIMA,COSTA,LONGITUDINAL DE LA COSTA,PLANO,5.0,80.89,Buena,-76.96731890799992,-12.230040689999953,-76.95628520199995,-12.236160378999955,1.3820000000000014
2472,PE-1S,4.088,6.152,LIMA,COSTA,LONGITUDINAL DE LA COSTA,PLANO,4.0,80.89,Buena,-76.98085219799992,-12.09184204199994,-76.97826464899993,-12.110316221999938,2.064
2473,PE-08B,511.45,521.45,SAN MARTIN,SELVA,TRANSVERSAL,ONDULADO,1.0,27.06,Mala,-77.19907122799992,-6.2730477879999285,-77.15331552799995,-6.2383327899999585,10.000000000000057
2474,PE-18A,54.825,55.085,HUANUCO,SIERRA,TRANSVERSAL,ONDULADO,1.0,43.03,Buena,-76.07941818199993,-9.67840194699994,-76.07968068299994,-9.676864802999944,0.259999999999998
2475,PE-08C,27.051,28.997,AMAZONAS,SELVA,RAMAL,MONTAÑOSO,2.0,48.16,Buena,-77.93944653199992,-6.034926533999908,-77.9507680509999,-6.022790734999944,1.9460000000000015
2476,PE-1SF,2.651,8.428,ICA,COSTA,RAMAL,PLANO,0.0,0.0,Sin Informacion,-76.1890259999999,-13.753158999999926,-76.23290302399994,-13.761737300999926,5.777000000000001
2477,PE-24A,196.659,205.208,JUNIN,SELVA,TRANSVERSAL,PLANO,1.0,50.38,Buena,-74.69762654699991,-11.30175793299992,-74.64679095899993,-11.262037469999939,8.549000000000007
2478,PE-1NG,26.193,27.245,LA LIBERTAD,COSTA,RAMAL,PLANO,2.0,42.54,Regular,-79.3179666659999,-7.299364999999909,-79.32552553799991,-7.296984765999923,1.0519999999999996
2479,PE-1NÑ,3.228,15.0,TUMBES,COSTA,VARIANTE,PLANO,0.0,0.0,Sin Informacion,-80.4699084689999,-3.609237309999912,-80.3968333979999,-3.546514014999957,11.772
2480,PE-34E,34.313,36.893,AREQUIPA,SIERRA,RAMAL,ONDULADO,1.0,43.03,Mala,-71.37914483299994,-15.792201151999905,-71.38629466799995,-15.768303228999912,2.5799999999999983
2481,PE-18,118.978,119.546,LIMA,SIERRA,TRANSVERSAL,MONTAÑOSO,1.0,40.51,Buena,-76.84946383499994,-10.739851532999921,-76.84644741999995,-10.73595299099992,0.568000000000012
2482,PE-18B,60.418,60.978,HUANUCO,SIERRA,TRANSVERSAL,ONDULADO,2.0,0.0,Regular,-75.90226967699994,-9.841559851999932,-75.90093902099994,-9.838912239999956,0.5600000000000023
2483,PE-22B,82.484,82.854,JUNIN,SELVA,TRANSVERSAL,MONTAÑOSO,2.0,46.75,Buena,-75.46118605999993,-11.185122999999919,-75.45750059799991,-11.18356056999994,0.37000000000000455
2484,PE-30D,203.529,204.256,AYACUCHO,SIERRA,TRANSVERSAL,,0.0,0.0,Buena,-74.3237266509999,-13.767588861999911,-74.32469114399993,-13.76093521599995,0.7270000000000039
2485,PE-30D,219.177,220.205,AYACUCHO,SIERRA,TRANSVERSAL,,0.0,0.0,Buena,-74.29724261099994,-13.660203060999947,-74.29793666499995,-13.652274339999906,1.02800000000002
2486,PE-30D,9.997,11.122,ICA,SIERRA,TRANSVERSAL,,0.0,0.0,Buena,-75.1373907219999,-14.470840628999952,-75.1351468599999,-14.462754482999912,1.125
2487,PE-30D,191.409,192.874,AYACUCHO,SIERRA,TRANSVERSAL,,0.0,0.0,Buena,-74.33794450699992,-13.820362046999946,-74.3472171599999,-13.813403059999928,1.4650000000000034
2488,PE-30D,192.874,194.488,AYACUCHO,SIERRA,TRANSVERSAL,,0.0,0.0,Buena,-74.3472171599999,-13.813403059999928,-74.35682838299994,-13.806941010999935,1.6140000000000043
2489,PE-30D,0.0,0.961,ICA,SIERRA,TRANSVERSAL,PLANO,0.0,0.0,Buena,-75.18965611999994,-14.532488619999924,-75.18267034999991,-14.527419839999936,0.961
2490,PE-30D,201.192,201.928,AYACUCHO,SIERRA,TRANSVERSAL,,0.0,0.0,Buena,-74.33325925399993,-13.781065147999925,-74.3265944979999,-13.780896889999951,0.73599999999999
2491,PE-30D,201.928,202.659,AYACUCHO,SIERRA,TRANSVERSAL,,0.0,0.0,Buena,-74.3265944979999,-13.780896889999951,-74.32457955099994,-13.775318783999921,0.7309999999999945
2492,PE-30D,200.036,201.192,AYACUCHO,SIERRA,TRANSVERSAL,,0.0,0.0,Buena,-74.33946193199995,-13.787388717999931,-74.33325925399993,-13.781065147999925,1.156000000000006
2493,PE-30D,244.012,245.811,AYACUCHO,SIERRA,TRANSVERSAL,,0.0,0.0,Buena,-74.2192378069999,-13.59446511799996,-74.20491932599992,-13.585684632999914,1.7990000000000066
2494,PE-30D,194.488,194.972,AYACUCHO,SIERRA,TRANSVERSAL,,0.0,0.0,Buena,-74.35682838299994,-13.806941010999935,-74.3599099509999,-13.804571006999936,0.48400000000000887
2495,PE-20,8.073,10.961,CALLAO,COSTA,TRANSVERSAL,PLANO,0.0,77.35,Regular,-77.12635104599991,-11.99783543299992,-77.12925086899992,-12.02333761199992,2.888
2496,PE-16A,0.0,0.99,LIMA,COSTA,TRANSVERSAL,PLANO,0.0,0.0,Regular,-77.79131899999993,-10.68040099999996,-77.78362799999991,-10.678090999999938,0.99
2497,PE-16A,206.954,207.414,LIMA,SIERRA,TRANSVERSAL,MONTAÑOSO,1.0,44.1,Regular,-76.77798307799992,-10.656376014999921,-76.77894628399991,-10.660233884999911,0.45999999999997954
2498,PE-16A,206.309,206.954,LIMA,SIERRA,TRANSVERSAL,MONTAÑOSO,2.0,44.1,Regular,-76.77736218699994,-10.650960035999958,-76.77798307799992,-10.656376014999921,0.6450000000000102
2499,PE-16A,205.848,206.309,LIMA,SIERRA,TRANSVERSAL,MONTAÑOSO,1.0,44.1,Regular,-76.77686299999993,-10.647487999999953,-76.77736218699994,-10.650960035999958,0.4609999999999843
2500,PE-3N,365.53,367.199,HUANUCO,SIERRA,LONGITUDINAL DE LA SIERRA,ONDULADO,0.0,62.45,Buena,-76.80263559399992,-9.82505552799995,-76.80566024799992,-9.838171004999936,1.6690000000000396
2501,PE-30C,243.089,243.314,MADRE DE DIOS,SELVA,TRANSVERSAL,ONDULADO,2.0,39.43,Buena,-70.38714027499992,-13.186477660999913,-70.3853492739999,-13.185970305999945,0.22499999999999432
2502,PE-3N,367.827,369.474,HUANUCO,SIERRA,LONGITUDINAL DE LA SIERRA,ONDULADO,2.0,62.45,Buena,-76.80911630299994,-9.841844997999942,-76.81799888599994,-9.847728728999925,1.6469999999999914
2503,PE-3SG,271.623,272.987,CUSCO,SIERRA,RAMAL,ONDULADO,1.0,43.03,Mala,-71.20709037799992,-14.894876479999937,-71.20016715199995,-14.903732119999916,1.3640000000000327
2504,PE-3SG,242.863,243.668,CUSCO,SIERRA,RAMAL,ONDULADO,1.0,43.03,Buena,-71.3946669899999,-14.77964103599993,-71.39229366799992,-14.77268409699991,0.8050000000000068
2505,PE-12B,106.339,106.539,ANCASH,SELVA,RAMAL,MONTAÑOSO,1.0,37.47,Mala,-77.46164512599995,-8.34063720699993,-77.45946141699994,-8.342217943999913,0.20000000000000284
2506,PE-30C,429.26,429.791,MADRE DE DIOS,SELVA,TRANSVERSAL,PLANO,2.0,41.59,Buena,-69.1697158849999,-12.585235594999915,-69.17231447499995,-12.580963350999923,0.5310000000000059
2507,PE-1N,1178.129,1180.456,TUMBES,COSTA,LONGITUDINAL DE LA COSTA,PLANO,3.0,77.35,Buena,-81.03026264899995,-4.102020013999947,-81.02090511499995,-4.08351168899992,2.326999999999998
2508,PE-1NF,70.597,71.618,LA LIBERTAD,SIERRA,RAMAL,ONDULADO,1.0,66.89,Regular,-78.81792006899991,-7.4856909189999215,-78.8184452719999,-7.478103123999915,1.0210000000000008
2509,PE-3SG,212.512,225.421,CUSCO,SIERRA,RAMAL,PLANO,1.0,44.78,Buena,-71.50821257699994,-14.763947464999944,-71.41863250699993,-14.781314849999944,12.908999999999992
2510,PE-20C,49.897,50.514,LIMA,SIERRA,TRANSVERSAL,ONDULADO,0.0,40.84,Buena,-76.95471656699993,-11.348123916999953,-76.95182046299993,-11.34558041999992,0.6170000000000044
2511,PE-08A,61.733,62.914,CAJAMARCA,SIERRA,RAMAL,ONDULADO,2.0,66.89,Buena,-78.61584878499991,-7.065429109999911,-78.6067036469999,-7.062929886999939,1.1810000000000045
2512,PE-1NJ,254.688,256.23,PIURA,COSTA,VARIANTE,PLANO,4.0,77.35,Buena,-80.61135368799995,-5.192715584999917,-80.61927806999995,-5.200450044999911,1.54200000000003
2513,PE-30C,222.902,223.188,CUSCO,SELVA,TRANSVERSAL,ONDULADO,2.0,50.38,Buena,-70.52577776099992,-13.194545381999944,-70.52497089699995,-13.19257912699993,0.28600000000000136
2514,PE-18,18.303,20.311,LIMA,COSTA,TRANSVERSAL,PLANO,2.0,80.89,Buena,-77.3242705049999,-11.287509032999935,-77.32657469799994,-11.269923791999929,2.007999999999999
2515,PE-36B,56.911,59.411,MOQUEGUA,SIERRA,RAMAL,MONTAÑOSO,2.0,53.0,Buena,-70.34806228699995,-16.50135678299995,-70.34805648699995,-16.47914667699996,2.5
2516,PE-14A,20.202,22.81,ANCASH,SIERRA,RAMAL,ONDULADO,1.0,40.84,Regular,-77.44479694899991,-9.505615747999911,-77.4432464059999,-9.505669153999918,2.607999999999997
2517,PE-36A,95.05,97.94,MOQUEGUA,SIERRA,TRANSVERSAL,ONDULADO,2.0,68.7,Buena,-70.61561327299995,-16.88879088899995,-70.61303126999991,-16.87119501299992,2.8900000000000006
2518,PE-30C,215.51,215.852,CUSCO,SELVA,TRANSVERSAL,ONDULADO,1.0,39.43,Buena,-70.5670209569999,-13.18878000199993,-70.56546089699992,-13.187529655999924,0.34200000000001296
2519,PE-5NB,88.161,89.766,LORETO,SELVA,RAMAL,PLANO,2.0,72.6,Buena,-76.2480031799999,-6.06921475799993,-76.25643679599995,-6.05817716599995,1.605000000000004
2520,PE-28D,68.844,69.481,HUANCAVELICA,SIERRA,RAMAL,MONTAÑOSO,1.0,38.2,Buena,-75.31925773599994,-13.291494369999953,-75.31976620299992,-13.288823890999936,0.6370000000000005
2521,PE-3N,2.714,3.786,JUNIN,SIERRA,LONGITUDINAL DE LA SIERRA,ONDULADO,2.0,62.45,Buena,-75.92997431099991,-11.513639846999922,-75.93175097499994,-11.50680331999996,1.072
2522,PE-36B,59.411,61.03,MOQUEGUA,SIERRA,RAMAL,MONTAÑOSO,1.0,40.51,Buena,-70.34805648699995,-16.47914667699996,-70.34538285299993,-16.46436703699993,1.6189999999999998
2523,PE-30C,149.701,150.127,CUSCO,SELVA,TRANSVERSAL,MONTAÑOSO,2.0,37.47,Buena,-70.89390996299994,-13.484146450999958,-70.89030058899993,-13.482833121999931,0.42600000000001614
2524,PE-30C,225.388,225.739,CUSCO,SELVA,TRANSVERSAL,ONDULADO,2.0,50.38,Buena,-70.51181138499993,-13.187040924999906,-70.50867793799995,-13.187267801999951,0.3509999999999991
2525,PE-04B,18.151,18.615,PIURA,SIERRA,TRANSVERSAL,MONTAÑOSO,2.0,33.11,Buena,-79.57596966799991,-5.935826448999933,-79.57233697099991,-5.93696168699995,0.46399999999999864
2526,PE-18,132.763,134.381,LIMA,SIERRA,TRANSVERSAL,MONTAÑOSO,2.0,44.1,Buena,-76.7828228699999,-10.67512948999996,-76.78365433499994,-10.665258900999959,1.617999999999995
2527,PE-3N,500.69,501.911,ANCASH,SIERRA,LONGITUDINAL DE LA SIERRA,ONDULADO,7.0,43.03,Buena,-77.29343775399991,-10.12158134699996,-77.28667677499993,-10.117326300999935,1.2210000000000036
2528,PE-36B,17.641,20.472,MOQUEGUA,SIERRA,RAMAL,MONTAÑOSO,1.0,33.11,Buena,-70.46375688699993,-16.74754147199991,-70.45519312399995,-16.726529376999906,2.831000000000003
2529,PE-30C,167.055,167.735,CUSCO,SELVA,TRANSVERSAL,MONTAÑOSO,2.0,37.47,Buena,-70.88518905699993,-13.35439681999992,-70.87998674399995,-13.351476087999913,0.6800000000000068
2530,PE-30C,179.247,180.048,CUSCO,SELVA,TRANSVERSAL,MONTAÑOSO,2.0,36.21,Buena,-70.80013312499995,-13.302049436999937,-70.79447416399995,-13.296439334999945,0.8009999999999877
2531,PE-5NA,120.029,120.42,PASCO,SELVA,VARIANTE,ONDULADO,2.0,59.09,Regular,-75.5429325099999,-10.09453773499996,-75.5452423719999,-10.092065496999908,0.39100000000000534
2532,PE-04C,0.0,0.673,CAJAMARCA,SELVA,TRANSVERSAL,ONDULADO,2.0,60.03,Buena,-78.89850939599995,-6.047940720999918,-78.89434623699992,-6.045583724999915,0.673
2533,PE-22,74.416,75.92,LIMA,SIERRA,TRANSVERSAL,ONDULADO,2.0,68.7,Buena,-76.40235250299992,-11.85194008399992,-76.3897068789999,-11.848159884999916,1.5040000000000049
2534,PE-30C,172.375,173.0,CUSCO,SELVA,TRANSVERSAL,MONTAÑOSO,2.0,36.21,Buena,-70.84651946999992,-13.332269999999937,-70.84412952199995,-13.32774315499995,0.625
2535,PE-30C,429.203,429.26,MADRE DE DIOS,SELVA,TRANSVERSAL,PLANO,2.0,35.23,Buena,-69.17331954999992,-12.594090361999918,-69.1697158849999,-12.585235594999915,0.05700000000001637
2536,PE-3N,771.856,778.304,ANCASH,SIERRA,LONGITUDINAL DE LA SIERRA,MONTAÑOSO,2.0,55.0,Buena,-78.20405892499991,-8.532990254999959,-78.16959642199993,-8.497150716999954,6.447999999999979
2537,PE-3N,477.317,487.534,ANCASH,SIERRA,LONGITUDINAL DE LA SIERRA,ONDULADO,0.0,55.02,Buena,-77.17935943599991,-10.134393691999946,-77.19373893699992,-10.086687087999906,10.216999999999985
2538,PE-3N,1789.242,1789.256,PIURA,SIERRA,LONGITUDINAL DE LA SIERRA,MONTAÑOSO,2.0,55.0,Regular,-79.4334427309999,-5.165652079999916,-79.43344324499992,-5.165645699999914,0.014000000000123691
2539,PE-3N,969.802,984.516,LA LIBERTAD,SIERRA,LONGITUDINAL DE LA SIERRA,ONDULADO,1.0,43.03,Mala,-78.1040277269999,-8.121093076999955,-78.15284194499992,-8.090027913999961,14.713999999999942
2540,PE-1NI,46.595,46.797,LAMBAYEQUE,COSTA,RAMAL,ONDULADO,1.0,52.05,Buena,-79.30743816199993,-6.868758696999919,-79.30382807299992,-6.860250572999917,0.20199999999999818
2541,PE-30C,158.145,158.955,CUSCO,SELVA,TRANSVERSAL,MONTAÑOSO,2.0,37.47,Buena,-70.90290797999995,-13.423877115999915,-70.90259812099993,-13.41687673499996,0.8100000000000023
2542,PE-3N,891.979,893.743,ANCASH,SIERRA,LONGITUDINAL DE LA SIERRA,ONDULADO,1.0,27.33,Buena,-77.99523925799991,-8.248952865999911,-77.99277677299995,-8.241837549999957,1.76400000000001
2543,PE-08B,367.204,368.604,AMAZONAS,SELVA,TRANSVERSAL,ONDULADO,1.0,41.29,Buena,-77.66717624099994,-6.214972035999949,-77.66063742999995,-6.214419935999956,1.3999999999999773
2544,PE-06B,57.219,57.898,CAJAMARCA,SIERRA,RAMAL,ONDULADO,1.0,49.53,Buena,-78.96147636199993,-6.609331202999954,-78.9576123189999,-6.61269124699993,0.679000000000002
2545,PE-3N,833.786,834.473,ANCASH,SIERRA,LONGITUDINAL DE LA SIERRA,ONDULADO,1.0,66.89,Buena,-78.03616287099993,-8.467227958999956,-78.03133537299993,-8.465409921999935,0.6870000000000118
2546,PE-3N,71.966,73.085,JUNIN,SIERRA,LONGITUDINAL DE LA SIERRA,ONDULADO,2.0,68.7,Buena,-76.01828956599991,-11.001483916999916,-76.02261062699995,-10.992671050999945,1.1189999999999998
2547,PE-24,105.774,106.846,LIMA,SIERRA,TRANSVERSAL,ONDULADO,2.0,66.89,Buena,-75.9650331659999,-12.715439415999924,-75.96958737999995,-12.707975019999935,1.0720000000000027
2548,PE-36A,211.893,213.561,PUNO,SIERRA,TRANSVERSAL,PLANO,2.0,75.08,Regular,-69.73575859399995,-16.75311654099994,-69.7195427719999,-16.748655173999907,1.6680000000000064
2549,PE-1N,1284.118,1285.501,TUMBES,COSTA,LONGITUDINAL DE LA COSTA,PLANO,3.0,77.35,Buena,-80.4089449789999,-3.550300636999907,-80.39683346599992,-3.546513915999924,1.3830000000000382
2550,PE-1N,74.805,77.772,LIMA,COSTA,LONGITUDINAL DE LA COSTA,PLANO,3.0,80.89,Buena,-77.23005065099994,-11.61294296899996,-77.25176795099992,-11.597901896999929,2.9669999999999987
2551,PE-3N,21.601,22.858,JUNIN,SIERRA,LONGITUDINAL DE LA SIERRA,ONDULADO,2.0,68.7,Buena,-75.88340948199993,-11.404393865999907,-75.88629913299991,-11.394733428999928,1.2570000000000014
2552,PE-1N,77.772,82.699,LIMA,COSTA,LONGITUDINAL DE LA COSTA,PLANO,3.0,80.89,Buena,-77.25176795099992,-11.597901896999929,-77.26730108699991,-11.557106640999905,4.9269999999999925
2553,PE-1NJ,85.597,86.623,LAMBAYEQUE,COSTA,VARIANTE,PLANO,2.0,80.89,Buena,-79.69370234399992,-5.9987113359999285,-79.70047068299993,-5.990721433999909,1.0260000000000105
2554,PE-26,81.05,82.121,HUANCAVELICA,SIERRA,TRANSVERSAL,MONTAÑOSO,1.0,44.1,Regular,-75.59291345199995,-13.21887868899995,-75.58616539999991,-13.213167598999917,1.070999999999998
2555,PE-34A,112.513,114.063,AREQUIPA,SIERRA,TRANSVERSAL,ONDULADO,2.0,62.45,Buena,-71.41052999999994,-16.054859999999906,-71.40036068499995,-16.06422931499992,1.5499999999999972
2556,PE-1N,732.649,735.458,LAMBAYEQUE,COSTA,LONGITUDINAL DE LA COSTA,PLANO,3.0,80.89,Buena,-79.57442775499993,-7.053456941999912,-79.5909985369999,-7.034233079999922,2.808999999999969
2557,PE-12A,176.62,177.024,HUANUCO,SIERRA,TRANSVERSAL,ONDULADO,2.0,49.53,Mala,-77.15053832099994,-8.604528880999908,-77.14794566099994,-8.607040722999955,0.40399999999999636
2558,PE-36A,289.344,294.15,PUNO,SIERRA,TRANSVERSAL,PLANO,2.0,68.22,Mala,-69.17159411699993,-16.610709019999945,-69.12941940399992,-16.62633152099994,4.805999999999983
2559,PE-3SC,0.0,0.803,JUNIN,SIERRA,RAMAL,ONDULADO,2.0,66.89,Regular,-75.20835161499991,-12.086124084999938,-75.2019274729999,-12.08245060899992,0.803
2560,PE-36B,128.255,130.444,PUNO,SIERRA,RAMAL,PLANO,2.0,68.22,Buena,-70.01018672999993,-16.07825645999992,-70.00856583699994,-16.058610417999944,2.188999999999993
2561,PE-1N,70.95,74.805,LIMA,COSTA,LONGITUDINAL DE LA COSTA,PLANO,3.0,80.89,Buena,-77.19697261699991,-11.601749084999938,-77.23005065099994,-11.61294296899996,3.855000000000004
2562,PE-3N,841.061,841.925,ANCASH,SIERRA,LONGITUDINAL DE LA SIERRA,ONDULADO,1.0,55.02,Buena,-78.02110862699993,-8.429765700999951,-78.01813031699993,-8.42465394699991,0.863999999999919
2563,PE-30C,225.739,226.02,CUSCO,SELVA,TRANSVERSAL,ONDULADO,2.0,39.43,Buena,-70.50868034399991,-13.18726539599993,-70.50659942699991,-13.18871688799993,0.2810000000000059
2564,PE-5NA,43.196,43.953,PASCO,SELVA,VARIANTE,PLANO,2.0,64.96,Buena,-75.39006050099994,-10.589074812999911,-75.39318466199995,-10.582796096999914,0.757000000000005
2565,PE-3N,338.333,339.525,HUANUCO,SIERRA,LONGITUDINAL DE LA SIERRA,ONDULADO,0.0,62.45,Buena,-76.72094819099993,-9.649008863999939,-76.72875283399992,-9.652952700999947,1.1919999999999504
2566,PE-3N,285.245,286.216,HUANUCO,SIERRA,LONGITUDINAL DE LA SIERRA,MONTAÑOSO,0.0,40.51,Buena,-76.51089712699991,-9.86919774799992,-76.51287659499991,-9.868875141999922,0.9710000000000036
2567,PE-3N,387.97,388.678,ANCASH,SIERRA,LONGITUDINAL DE LA SIERRA,ONDULADO,1.0,66.89,Buena,-76.94037029499992,-9.899870353999916,-76.94486635699991,-9.89565257399994,0.70799999999997
2568,PE-3N,833.386,833.786,ANCASH,SIERRA,LONGITUDINAL DE LA SIERRA,ONDULADO,1.0,66.89,Regular,-78.04541015599995,-8.465997695999931,-78.03616287099993,-8.467227958999956,0.39999999999997726
2569,PE-22,76.448,77.173,LIMA,SIERRA,TRANSVERSAL,ONDULADO,2.0,68.7,Buena,-76.38708484499995,-11.84423331499994,-76.38090324399991,-11.841869353999925,0.7250000000000085
2570,PE-3N,842.537,842.965,ANCASH,SIERRA,LONGITUDINAL DE LA SIERRA,ONDULADO,2.0,43.03,Buena,-78.01539039599993,-8.424880980999944,-78.01502036999995,-8.421826625999927,0.42799999999999727
2571,PE-3N,374.861,376.364,HUANUCO,SIERRA,LONGITUDINAL DE LA SIERRA,ONDULADO,2.0,62.45,Buena,-76.86174218299993,-9.857130826999935,-76.87310028099995,-9.862411498999961,1.502999999999986
2572,PE-36B,67.081,69.505,PUNO,SIERRA,RAMAL,MONTAÑOSO,1.0,53.0,Buena,-70.3286075019999,-16.414036796999937,-70.31995610899992,-16.39486374799992,2.4239999999999924
2573,PE-24,8.862,10.5,LIMA,COSTA,TRANSVERSAL,PLANO,2.0,80.89,Buena,-76.40355780699991,-13.073851778999938,-76.3899491759999,-13.077817524999944,1.638
2574,PE-18,107.313,107.854,LIMA,SIERRA,TRANSVERSAL,MONTAÑOSO,2.0,44.1,Buena,-76.87892312699995,-10.816732208999952,-76.87576595299993,-10.813619603999939,0.5409999999999968
2575,PE-30C,258.174,258.861,MADRE DE DIOS,SELVA,TRANSVERSAL,ONDULADO,2.0,59.09,Buena,-70.36618492199995,-13.097849425999925,-70.36420189199993,-13.091953902999933,0.6870000000000118
2576,PE-3N,334.689,335.803,HUANUCO,SIERRA,LONGITUDINAL DE LA SIERRA,ONDULADO,0.0,49.53,Buena,-76.71387215899995,-9.679030465999915,-76.71712647299995,-9.66979690799991,1.113999999999976
2577,PE-36A,19.515,21.036,MOQUEGUA,SIERRA,TRANSVERSAL,ONDULADO,4.0,62.45,Buena,-70.85561319899995,-17.14255077699994,-70.84491361199991,-17.133829644999935,1.5210000000000008
2578,PE-1N,218.244,219.079,ANCASH,COSTA,LONGITUDINAL DE LA COSTA,PLANO,3.0,69.78,Buena,-77.87114337799994,-10.59933490599991,-77.87022084999995,-10.591907250999952,0.835000000000008
2579,PE-3N,853.268,854.109,ANCASH,SIERRA,LONGITUDINAL DE LA SIERRA,ONDULADO,1.0,62.45,Buena,-78.0092940429999,-8.386546661999944,-78.00820853699992,-8.381797688999939,0.8410000000000082
2580,PE-30C,220.568,220.873,CUSCO,SELVA,TRANSVERSAL,ONDULADO,2.0,50.38,Buena,-70.53649948999993,-13.204633182999942,-70.53410579399991,-13.203799257999947,0.3049999999999784
2581,PE-3SG,240.856,241.286,CUSCO,SIERRA,RAMAL,ONDULADO,2.0,62.45,Buena,-71.40488850299994,-14.789355820999958,-71.40194226699992,-14.788737004999916,0.4300000000000068
2582,PE-5NA,122.923,123.538,PASCO,SELVA,VARIANTE,ONDULADO,2.0,56.43,Mala,-75.55090568899993,-10.07088193699991,-75.55233814299993,-10.065702475999956,0.6149999999999949
2583,PE-3N,859.784,860.585,ANCASH,SIERRA,LONGITUDINAL DE LA SIERRA,ONDULADO,2.0,66.89,Buena,-78.01439857499992,-8.349342345999958,-78.01554870599995,-8.343732833999923,0.8010000000000446
2584,PE-30,30.806,31.164,ICA,COSTA,TRANSVERSAL,PLANO,2.0,33.78,Buena,-75.13251715799993,-15.312597343999926,-75.1354522709999,-15.311172484999929,0.35800000000000054
2585,PE-3N,580.494,580.761,ANCASH,SIERRA,LONGITUDINAL DE LA SIERRA,ONDULADO,4.0,43.03,Buena,-77.53285026499992,-9.525826213999949,-77.53302001999992,-9.522367402999919,0.26699999999993906
2586,PE-1N,1049.914,1051.183,PIURA,COSTA,LONGITUDINAL DE LA COSTA,PLANO,3.0,69.78,Buena,-80.8365398279999,-4.845639970999912,-80.84788329799994,-4.847255375999907,1.2690000000000055
2587,PE-20C,66.627,68.708,LIMA,SIERRA,TRANSVERSAL,ONDULADO,0.0,66.89,Buena,-76.83549890499995,-11.28189306999991,-76.8196504419999,-11.27610932999994,2.081000000000003
2588,PE-5NA,123.538,124.653,PASCO,SELVA,VARIANTE,ONDULADO,2.0,41.29,Mala,-75.55233814299993,-10.065702475999956,-75.54678336199993,-10.059265938999943,1.115000000000009
2589,PE-3N,387.127,387.97,ANCASH,SIERRA,LONGITUDINAL DE LA SIERRA,ONDULADO,2.0,49.53,Buena,-76.93519820599994,-9.89573028999996,-76.94037029499992,-9.899870353999916,0.8430000000000177
2590,PE-36B,15.697,16.996,MOQUEGUA,SIERRA,RAMAL,MONTAÑOSO,7.0,44.1,Buena,-70.47055298999993,-16.76315250999994,-70.46586449299991,-16.752925671999947,1.2989999999999995
2591,PE-34I,47.094,48.115,PUNO,SIERRA,RAMAL,PLANO,2.0,52.87,Regular,-69.5026016249999,-15.358907698999928,-69.50506901499995,-15.367009923999944,1.0210000000000008
2592,PE-12A,315.467,316.415,SAN MARTIN,SELVA,TRANSVERSAL,PLANO,2.0,64.96,Mala,-76.4613616179999,-8.461329884999941,-76.46187210099993,-8.452772140999912,0.9480000000000359
2593,PE-34I,65.356,65.909,PUNO,SIERRA,RAMAL,PLANO,2.0,42.22,Buena,-69.43658638099993,-15.459304808999946,-69.43545256499993,-15.463555155999927,0.5530000000000115
2594,PE-3N,1558.321,1559.844,CAJAMARCA,SELVA,LONGITUDINAL DE LA SIERRA,ONDULADO,1.0,32.51,Buena,-78.9747182189999,-6.020081416999915,-78.98761203099991,-6.0223931189999576,1.5230000000001382
2595,PE-3N,784.046,784.47,ANCASH,SIERRA,LONGITUDINAL DE LA SIERRA,MONTAÑOSO,1.0,53.0,Mala,-78.14124870299992,-8.49763870199996,-78.13786888099992,-8.497880935999945,0.42399999999997817
2596,PE-30C,166.125,166.461,CUSCO,SELVA,TRANSVERSAL,ONDULADO,2.0,27.06,Buena,-70.8927832469999,-13.358102825999936,-70.89037193299993,-13.356032649999918,0.33600000000001273
2597,PE-34A,124.47,128.84,AREQUIPA,SIERRA,TRANSVERSAL,MONTAÑOSO,2.0,53.0,Buena,-71.3215101479999,-16.045053357999905,-71.28549112699994,-16.028563860999952,4.3700000000000045
2598,PE-3SG,271.053,271.623,CUSCO,SIERRA,RAMAL,ONDULADO,2.0,62.45,Mala,-71.2079086299999,-14.889926909999929,-71.20709037799992,-14.894876479999937,0.5699999999999932
2599,PE-3N,1490.59,1491.207,CAJAMARCA,SIERRA,LONGITUDINAL DE LA SIERRA,ONDULADO,4.0,55.02,Buena,-78.8121267649999,-6.3785174129999405,-78.80978002299992,-6.373493047999943,0.6170000000001892
2600,PE-08,174.921,176.28,CAJAMARCA,SIERRA,TRANSVERSAL,PLANO,4.0,75.08,Buena,-78.5110393679999,-7.188088619999917,-78.5007313189999,-7.181458168999939,1.3590000000000089
2601,PE-3N,1436.988,1437.261,CAJAMARCA,SIERRA,LONGITUDINAL DE LA SIERRA,MONTAÑOSO,1.0,55.7,Buena,-78.73579978899994,-6.561210631999927,-78.73811317899992,-6.562262491999945,0.27299999999991087
2602,PE-3N,1265.217,1266.229,CAJAMARCA,SIERRA,LONGITUDINAL DE LA SIERRA,PLANO,2.0,68.22,Buena,-78.43382286899993,-7.203982887999928,-78.44545440999991,-7.203801927999905,1.0119999999999436
2603,PE-36B,126.75,128.17,PUNO,SIERRA,RAMAL,PLANO,1.0,44.78,Buena,-70.0180357559999,-16.091807054999947,-70.01091589099991,-16.07896721499992,1.4199999999999875
2604,PE-38,209.803,227.857,PUNO,SIERRA,TRANSVERSAL,ONDULADO,1.0,27.33,Mala,-69.70768737799995,-16.89669418299991,-69.7195427719999,-16.748655173999907,18.054000000000002
2605,PE-3N,1422.566,1423.426,CAJAMARCA,SIERRA,LONGITUDINAL DE LA SIERRA,MONTAÑOSO,2.0,55.7,Buena,-78.63370256999991,-6.555901000999938,-78.63987679799993,-6.556440203999955,0.8599999999999
2606,PE-3N,1102.439,1103.459,LA LIBERTAD,SIERRA,LONGITUDINAL DE LA SIERRA,PLANO,2.0,52.87,Buena,-78.03566678999994,-7.819914625999957,-78.02685145399994,-7.820714622999958,1.0199999999999818
2607,PE-3N,1140.673,1141.065,CAJAMARCA,SIERRA,LONGITUDINAL DE LA SIERRA,ONDULADO,1.0,49.53,Buena,-78.02543461399995,-7.682491658999936,-78.02749714299995,-7.680741850999937,0.39200000000005275
2608,PE-3N,897.926,908.098,ANCASH,SIERRA,LONGITUDINAL DE LA SIERRA,MONTAÑOSO,1.0,26.8,Buena,-77.97607421899994,-8.234569549999947,-77.95399869499994,-8.210551103999933,10.171999999999912
2609,PE-1N,1048.691,1049.914,PIURA,COSTA,LONGITUDINAL DE LA COSTA,PLANO,3.0,77.35,Buena,-80.82567050099993,-4.8436840889999075,-80.8365398279999,-4.845639970999912,1.2229999999999563
2610,PE-3N,854.109,859.784,ANCASH,SIERRA,LONGITUDINAL DE LA SIERRA,ONDULADO,2.0,62.45,Buena,-78.00820853699992,-8.381797688999939,-78.01439857499992,-8.349342345999958,5.6749999999999545
2611,PE-3N,1288.698,1289.483,CAJAMARCA,SIERRA,LONGITUDINAL DE LA SIERRA,ONDULADO,2.0,68.7,Buena,-78.56221008299991,-7.097221374999947,-78.56855964599993,-7.097864150999953,0.7849999999998545
2612,PE-3N,330.046,331.041,HUANUCO,SIERRA,LONGITUDINAL DE LA SIERRA,ONDULADO,1.0,68.7,Buena,-76.68299696499992,-9.704719619999935,-76.69109499699994,-9.700773642999934,0.9950000000000045
2613,PE-30C,242.625,243.088,MADRE DE DIOS,SELVA,TRANSVERSAL,ONDULADO,2.0,60.03,Buena,-70.3883430269999,-13.18962629899994,-70.38711916799991,-13.186450831999935,0.46299999999999386
2614,PE-3SC,13.267,13.974,JUNIN,SIERRA,RAMAL,ONDULADO,2.0,62.45,Mala,-75.14535378599993,-12.173678861999917,-75.14822150399993,-12.176113133999934,0.7070000000000007
2615,PE-3N,150.051,151.092,PASCO,SIERRA,LONGITUDINAL DE LA SIERRA,ONDULADO,2.0,49.53,Buena,-76.19087982199994,-10.572086333999948,-76.19287915199993,-10.563066552999942,1.0410000000000252
2616,PE-3N,834.789,835.763,ANCASH,SIERRA,LONGITUDINAL DE LA SIERRA,ONDULADO,1.0,62.45,Buena,-78.03105817399995,-8.463167574999943,-78.03067016599994,-8.455686568999909,0.9740000000000464
2617,PE-3N,500.141,500.622,ANCASH,SIERRA,LONGITUDINAL DE LA SIERRA,PLANO,7.0,66.89,Buena,-77.29213800399992,-10.12178896699993,-77.29332721199995,-10.121931600999915,0.48099999999999454
2618,PE-14A,99.16,99.161,ANCASH,SIERRA,RAMAL,ONDULADO,1.0,49.53,Mala,-77.03829515899992,-9.330578363999905,-77.03829515899992,-9.330555053999944,0.0010000000000047748
2619,PE-3N,1023.732,1025.776,LA LIBERTAD,SIERRA,LONGITUDINAL DE LA SIERRA,ONDULADO,2.0,49.53,Buena,-78.26248931899994,-8.143314361999956,-78.26992506999994,-8.143157753999958,2.0440000000000964
2620,PE-3N,259.698,285.245,HUANUCO,SIERRA,LONGITUDINAL DE LA SIERRA,MONTAÑOSO,0.0,44.1,Buena,-76.42789455299993,-9.886887742999932,-76.51089712699991,-9.86919774799992,25.547000000000025
2621,PE-3N,435.108,445.083,ANCASH,SIERRA,LONGITUDINAL DE LA SIERRA,ONDULADO,2.0,68.7,Buena,-77.09674292299991,-9.947458456999925,-77.13283452699994,-10.016164903999936,9.975000000000023
2622,PE-3N,1347.257,1348.821,CAJAMARCA,SIERRA,LONGITUDINAL DE LA SIERRA,MONTAÑOSO,2.0,33.11,Buena,-78.67598814299993,-6.8298854579999215,-78.67322921699991,-6.819627761999925,1.5639999999998508
2623,PE-3N,966.55,969.802,LA LIBERTAD,SIERRA,LONGITUDINAL DE LA SIERRA,ONDULADO,1.0,27.33,Mala,-78.08235931399992,-8.125028609999958,-78.1040277269999,-8.121093076999955,3.2520000000000664
2624,PE-3N,1433.758,1436.919,CAJAMARCA,SIERRA,LONGITUDINAL DE LA SIERRA,MONTAÑOSO,2.0,33.11,Buena,-78.71467459799993,-6.54712676999992,-78.73529118399995,-6.560598614999947,3.161000000000058
2625,PE-24,265.295,266.122,JUNIN,SIERRA,TRANSVERSAL,ONDULADO,1.0,49.53,Buena,-75.42258237699991,-12.025088214999926,-75.4160305389999,-12.025481223999918,0.8269999999999982
2626,PE-18C,80.842,81.542,UCAYALI,SELVA,TRANSVERSAL,PLANO,4.0,72.6,Buena,-74.57144355799994,-8.389907836999953,-74.56526543899992,-8.388417293999908,0.7000000000000028
2627,PE-18,42.272,43.148,LIMA,SIERRA,TRANSVERSAL,PLANO,2.0,78.24,Buena,-77.24627494799995,-11.14586830099995,-77.24378224599991,-11.139566526999943,0.8760000000000048
2628,PE-3N,1774.287,1774.687,PIURA,SELVA,LONGITUDINAL DE LA SIERRA,MONTAÑOSO,1.0,59.09,Mala,-79.45214271799995,-5.236188879999929,-79.45216232099995,-5.236138566999955,0.3999999999998636
2629,PE-30C,257.661,258.174,MADRE DE DIOS,SELVA,TRANSVERSAL,ONDULADO,4.0,59.09,Buena,-70.36767104599994,-13.102222637999944,-70.36618492199995,-13.097849425999925,0.5129999999999768
2630,PE-3N,53.017,65.561,JUNIN,SIERRA,LONGITUDINAL DE LA SIERRA,ONDULADO,2.0,68.7,Buena,-75.98905163299992,-11.160560318999956,-76.00000717799992,-11.04954185999992,12.544000000000004
2631,PE-3N,1293.932,1305.137,CAJAMARCA,SIERRA,LONGITUDINAL DE LA SIERRA,ONDULADO,2.0,68.7,Buena,-78.57612609899991,-7.091611861999922,-78.59694150999991,-7.049737313999913,11.204999999999927
2632,PE-18,266.066,268.451,HUANUCO,SIERRA,TRANSVERSAL,ONDULADO,2.0,55.02,Buena,-76.3024443999999,-10.251703354999961,-76.28664172499992,-10.239459929999953,2.3850000000000477
2633,PE-34I,64.864,65.356,PUNO,SIERRA,RAMAL,PLANO,2.0,52.87,Regular,-69.43737180799991,-15.455649225999935,-69.43658294699992,-15.459305462999907,0.4919999999999902
2634,PE-38,89.873,91.293,TACNA,SIERRA,TRANSVERSAL,MONTAÑOSO,2.0,53.0,Buena,-70.02422737499995,-17.467008866999947,-70.03463974699991,-17.466787277999913,1.4200000000000017
2635,PE-3SB,39.355,40.063,JUNIN,SIERRA,VARIANTE,PLANO,2.0,75.08,Buena,-75.24580900799992,-12.053024059999927,-75.24043614499993,-12.05395431799991,0.7080000000000055
2636,PE-24,282.71,283.378,JUNIN,SIERRA,TRANSVERSAL,ONDULADO,2.0,55.02,Buena,-75.2860988999999,-12.058653639999932,-75.28284671299991,-12.053978788999927,0.6680000000000064
2637,PE-24,129.252,138.682,LIMA,SIERRA,TRANSVERSAL,ONDULADO,2.0,66.89,Buena,-75.93201839999995,-12.568113249999953,-75.91186118699994,-12.49266148299995,9.429999999999978
2638,PE-24,254.608,256.196,JUNIN,SIERRA,TRANSVERSAL,ONDULADO,2.0,66.89,Buena,-75.47666664699994,-12.016611378999926,-75.47626849499994,-12.002516890999914,1.5880000000000223
2639,PE-34F,102.869,105.152,CUSCO,SIERRA,RAMAL,ONDULADO,2.0,66.89,Buena,-71.45960399199993,-14.13368651099995,-71.45809293699995,-14.11342361599992,2.2830000000000013
2640,PE-3N,1001.745,1005.621,LA LIBERTAD,SIERRA,LONGITUDINAL DE LA SIERRA,ONDULADO,1.0,68.7,Buena,-78.17724990799991,-8.147350310999911,-78.19084592399992,-8.146280970999953,3.8759999999999764
2641,PE-24,195.108,205.334,LIMA,SIERRA,TRANSVERSAL,MONTAÑOSO,1.0,55.0,Buena,-75.67601011999994,-12.281479609999906,-75.64127611299995,-12.235321108999926,10.225999999999999
2642,PE-24,53.326,54.662,LIMA,COSTA,TRANSVERSAL,ONDULADO,2.0,73.34,Buena,-76.12245124999993,-12.938025099999948,-76.11332229999994,-12.930550529999948,1.3359999999999985
2643,PE-3N,1226.853,1234.775,CAJAMARCA,SIERRA,LONGITUDINAL DE LA SIERRA,ONDULADO,2.0,68.7,Buena,-78.21164856399992,-7.2857833909999385,-78.25790129599994,-7.253885139999909,7.9220000000000255
2644,PE-10C,32.414,33.407,LA LIBERTAD,SIERRA,RAMAL,MONTAÑOSO,5.0,40.51,Mala,-77.81487107899994,-7.810209302999908,-77.80950109799994,-7.805087409999942,0.992999999999995
2645,PE-3N,236.64,238.825,HUANUCO,SIERRA,LONGITUDINAL DE LA SIERRA,ONDULADO,2.0,66.89,Buena,-76.28174379199993,-9.92822986099992,-76.29918861399995,-9.922044753999955,2.1850000000000023
2646,PE-3N,253.551,259.698,HUANUCO,SIERRA,LONGITUDINAL DE LA SIERRA,ONDULADO,0.0,40.84,Buena,-76.40065956099994,-9.90155982999994,-76.42789455299993,-9.886887742999932,6.146999999999991
2647,PE-3N,1320.616,1321.7,CAJAMARCA,SIERRA,LONGITUDINAL DE LA SIERRA,ONDULADO,2.0,55.02,Buena,-78.57945825299993,-6.956900787999928,-78.58298787399991,-6.94826278599993,1.08400000000006
2648,PE-18,139.118,143.885,LIMA,SIERRA,TRANSVERSAL,MONTAÑOSO,1.0,33.11,Buena,-76.76797562899992,-10.669433643999923,-76.74234863499993,-10.683926904999907,4.766999999999996
2649,PE-18,73.431,75.213,LIMA,SIERRA,TRANSVERSAL,ONDULADO,1.0,55.02,Buena,-77.06217869699992,-10.99180375599991,-77.05364946999993,-10.979205864999926,1.7819999999999965
2650,PE-1NI,49.226,51.948,LAMBAYEQUE,COSTA,RAMAL,ONDULADO,4.0,52.05,Buena,-79.30266143299991,-6.84641025499991,-79.2944836339999,-6.82397999199992,2.7220000000000013
2651,PE-3N,1459.708,1460.018,CAJAMARCA,SIERRA,LONGITUDINAL DE LA SIERRA,MONTAÑOSO,2.0,55.0,Buena,-78.8830986019999,-6.475898742999959,-78.88549779199991,-6.474505027999953,0.30999999999994543
2652,PE-1N,580.58,598.402,LA LIBERTAD,COSTA,LONGITUDINAL DE LA COSTA,PLANO,3.0,77.35,Buena,-79.07912320899993,-8.030109155999924,-79.12778539399994,-7.8847920779999185,17.822000000000003
2653,PE-3SF,359.773,360.313,APURIMAC,SIERRA,RAMAL,MONTAÑOSO,1.0,40.51,Mala,-72.33816561599991,-13.689435836999905,-72.33590507499991,-13.690105437999932,0.5399999999999636
2654,PE-3N,541.943,543.449,ANCASH,SIERRA,LONGITUDINAL DE LA SIERRA,ONDULADO,7.0,62.45,Buena,-77.40352690599991,-9.864334140999915,-77.42466432899994,-9.813045759999909,1.5059999999999718
2655,PE-5NE,0.0,14.0,AMAZONAS,SELVA,RAMAL,ONDULADO,0.0,0.0,Buena,-77.81026267999994,-4.6896362299999055,-77.86273956299993,-4.596939563999911,14.0
2656,PE-5ND,83.99,84.657,AMAZONAS,SELVA,RAMAL,ONDULADO,0.0,0.0,Buena,-77.86535161699993,-4.592037271999914,-77.86273956299993,-4.596939563999911,0.6670000000000016
2657,PE-5NC,213.653,215.316,AMAZONAS,SELVA,RAMAL,ONDULADO,1.0,46.47,Buena,-77.81298732899995,-4.700350048999951,-77.81026267999994,-4.6896362299999055,1.663000000000011
2658,PE-38,91.293,120.373,TACNA,SIERRA,TRANSVERSAL,MONTAÑOSO,1.0,26.8,Mala,-70.03463935899993,-17.466787337999904,-69.95602607699993,-17.435945510999943,29.08
2659,PE-3N,1001.068,1001.745,LA LIBERTAD,SIERRA,LONGITUDINAL DE LA SIERRA,ONDULADO,1.0,68.7,Buena,-78.1741037939999,-8.143623142999957,-78.17724990799991,-8.147350310999911,0.6770000000000209
2660,PE-34E,5.425,6.848,AREQUIPA,SIERRA,RAMAL,ONDULADO,1.0,40.84,Regular,-71.40423152499994,-16.01519084699993,-71.39695548999993,-16.004606246999913,1.423
2661,PE-3N,1365.122,1365.71,CAJAMARCA,SIERRA,LONGITUDINAL DE LA SIERRA,MONTAÑOSO,2.0,44.1,Buena,-78.60718536399992,-6.767126082999937,-78.60593986499993,-6.764842986999952,0.5879999999999654
2662,PE-38,0.0,0.812,TACNA,SIERRA,TRANSVERSAL,ONDULADO,4.0,66.89,Regular,-70.26323698999994,-18.002523899999915,-70.2563766589999,-17.997333343999912,0.812
2663,PE-28B,172.031,172.29,AYACUCHO,SELVA,VARIANTE,MONTAÑOSO,1.0,40.61,Regular,-73.79445648199993,-12.62244796799996,-73.79265212999991,-12.623121261999927,0.25899999999998613
2664,PE-10A,20.181,25.341,LA LIBERTAD,COSTA,TRANSVERSAL,PLANO,2.0,69.78,Buena,-78.86481335099995,-8.07000135699991,-78.84096494799991,-8.031028144999937,5.16
2665,PE-28B,172.29,172.769,AYACUCHO,SELVA,VARIANTE,ONDULADO,2.0,59.09,Regular,-73.79265212999991,-12.623121261999927,-73.78906059299993,-12.623922347999951,0.4790000000000134
2666,PE-3N,1794.204,1794.218,PIURA,SIERRA,LONGITUDINAL DE LA SIERRA,MONTAÑOSO,1.0,26.8,Buena,-79.43310754599992,-5.157563090999929,-79.43319820799991,-5.157535521999932,0.014000000000123691
2667,PE-3N,1725.055,1728.4,PIURA,SIERRA,LONGITUDINAL DE LA SIERRA,MONTAÑOSO,1.0,44.1,Buena,-79.48151016199995,-5.39448131499995,-79.4746872369999,-5.401295845999925,3.3450000000000273
2668,PE-3N,1720.633,1725.055,PIURA,SIERRA,LONGITUDINAL DE LA SIERRA,MONTAÑOSO,1.0,33.11,Buena,-79.47911468699994,-5.419023654999933,-79.48151016199995,-5.39448131499995,4.4220000000000255
2669,PE-3N,1719.875,1720.633,PIURA,SIERRA,LONGITUDINAL DE LA SIERRA,MONTAÑOSO,2.0,33.11,Buena,-79.48213361899991,-5.422883634999948,-79.47911468699994,-5.419023654999933,0.7580000000000382
2670,PE-3N,1786.069,1789.242,PIURA,SIERRA,LONGITUDINAL DE LA SIERRA,MONTAÑOSO,2.0,55.0,Regular,-79.42453083499993,-5.192982473999962,-79.4334427309999,-5.165652079999916,3.173000000000002
2671,PE-3N,1686.408,1689.239,PIURA,SIERRA,LONGITUDINAL DE LA SIERRA,MONTAÑOSO,1.0,33.11,Buena,-79.52447509699994,-5.56857109099991,-79.52365794799994,-5.556817116999923,2.831000000000131
2672,PE-3N,1719.496,1719.804,PIURA,SIERRA,LONGITUDINAL DE LA SIERRA,MONTAÑOSO,2.0,55.0,Buena,-79.47829194299993,-5.423617394999951,-79.48141161199993,-5.423097559999917,0.3079999999999927
2673,PE-3N,1705.23,1716.951,PIURA,SIERRA,LONGITUDINAL DE LA SIERRA,MONTAÑOSO,1.0,33.11,Buena,-79.48998746799992,-5.481897593999918,-79.47951094799993,-5.439845957999921,11.721000000000004
2674,PE-3N,1718.92,1719.496,PIURA,SIERRA,LONGITUDINAL DE LA SIERRA,MONTAÑOSO,2.0,55.7,Buena,-79.47572459899993,-5.425278771999956,-79.47829194299993,-5.423617394999951,0.5760000000000218
2675,PE-3N,1790.756,1793.991,PIURA,SIERRA,LONGITUDINAL DE LA SIERRA,MONTAÑOSO,1.0,26.8,Mala,-79.43286758799991,-5.163579242999958,-79.43318547699994,-5.158907125999917,3.2349999999999
2676,PE-3N,1716.951,1718.92,PIURA,SIERRA,LONGITUDINAL DE LA SIERRA,MONTAÑOSO,2.0,33.11,Buena,-79.47951094799993,-5.439845957999921,-79.47572459899993,-5.425278771999956,1.969000000000051
2677,PE-3N,1689.239,1694.916,PIURA,SIERRA,LONGITUDINAL DE LA SIERRA,MONTAÑOSO,1.0,33.11,Buena,-79.52365794799994,-5.556817116999923,-79.51112274799993,-5.522028982999927,5.676999999999907
2678,PE-3N,1653.023,1668.023,PIURA,SIERRA,LONGITUDINAL DE LA SIERRA,MONTAÑOSO,2.0,55.0,Buena,-79.48962891399992,-5.744781515999932,-79.51795006599991,-5.6716966249999246,15.0
2679,PE-3N,1779.53,1780.374,PIURA,SIERRA,LONGITUDINAL DE LA SIERRA,MONTAÑOSO,1.0,31.95,Buena,-79.44917869499994,-5.220972060999941,-79.44839492499995,-5.215964718999942,0.8440000000000509
2680,PE-3N,1668.023,1669.678,PIURA,SIERRA,LONGITUDINAL DE LA SIERRA,MONTAÑOSO,2.0,44.1,Buena,-79.51795006599991,-5.6716966249999246,-79.52251306499994,-5.660493122999924,1.6550000000002
2681,PE-3N,1780.374,1784.586,PIURA,SIERRA,LONGITUDINAL DE LA SIERRA,MONTAÑOSO,1.0,26.8,Mala,-79.44839492499995,-5.215964718999942,-79.43201804699993,-5.199214238999957,4.211999999999989
2682,PE-08,176.28,177.43,CAJAMARCA,SIERRA,TRANSVERSAL,PLANO,4.0,75.08,Buena,-78.5007313189999,-7.181458168999939,-78.49140028399995,-7.174731110999915,1.1500000000000057
2683,PE-28A,0.35699999,1.265,ICA,COSTA,TRANSVERSAL,PLANO,4.0,77.35,Buena,-76.15653820999995,-13.682126705999906,-76.1484801119999,-13.680120358999943,0.9080000099999999
2684,PE-3N,22.858,53.017,JUNIN,SIERRA,LONGITUDINAL DE LA SIERRA,ONDULADO,2.0,68.7,Buena,-75.88629913299991,-11.394733428999928,-75.98905163299992,-11.160560318999956,30.159000000000002
2685,PE-28A,331.551,333.155,AYACUCHO,SIERRA,TRANSVERSAL,ONDULADO,2.0,66.89,Buena,-74.22827892099991,-13.142911159999926,-74.22339464399994,-13.136550382999928,1.603999999999985
2686,PE-3N,1055.406,1056.376,LA LIBERTAD,SIERRA,LONGITUDINAL DE LA SIERRA,MONTAÑOSO,2.0,55.7,Buena,-78.26011383699995,-7.984419629999934,-78.2563856889999,-7.984544353999922,0.9700000000000273
2687,PE-3N,961.963,966.55,LA LIBERTAD,SIERRA,LONGITUDINAL DE LA SIERRA,ONDULADO,1.0,33.11,Regular,-78.06979017999993,-8.134238616999937,-78.08235931399992,-8.125028609999958,4.586999999999989
2688,PE-3N,1086.488,1095.78,LA LIBERTAD,SIERRA,LONGITUDINAL DE LA SIERRA,MONTAÑOSO,2.0,55.7,Buena,-78.11688047299992,-7.880734798999924,-78.07659393799992,-7.834899680999911,9.291999999999916
2689,PE-28A,161.382,163.105,HUANCAVELICA,SIERRA,TRANSVERSAL,ONDULADO,0.0,62.45,Buena,-75.09972822299994,-13.482603254999958,-75.0843369509999,-13.479649476999953,1.7229999999999848
2690,PE-18,15.481,18.303,LIMA,COSTA,TRANSVERSAL,PLANO,2.0,69.78,Buena,-77.32302474999995,-11.31223487899996,-77.3242705049999,-11.287509032999935,2.822000000000001
2691,PE-3N,1113.713,1116.486,LA LIBERTAD,SIERRA,LONGITUDINAL DE LA SIERRA,ONDULADO,2.0,49.53,Buena,-77.99176634399993,-7.788537853999912,-77.9940998109999,-7.773217063999937,2.7730000000001382
2692,PE-3N,793.565,833.386,ANCASH,SIERRA,LONGITUDINAL DE LA SIERRA,MONTAÑOSO,2.0,55.0,Regular,-78.09823608399995,-8.486061095999958,-78.04541015599995,-8.465997695999931,39.82099999999991
2693,PE-18,12.263,14.23,LIMA,COSTA,TRANSVERSAL,PLANO,2.0,53.68,Buena,-77.33174514799992,-11.339160918999937,-77.32627199699994,-11.322817507999957,1.9670000000000005
2694,PE-14A,1.687,2.543,ANCASH,SIERRA,RAMAL,MONTAÑOSO,2.0,53.0,Mala,-77.51817368399992,-9.52704216299992,-77.5104612209999,-9.52644590299991,0.8560000000000001
2695,PE-18,260.422,262.347,HUANUCO,SIERRA,TRANSVERSAL,ONDULADO,2.0,55.02,Buena,-76.33703956999994,-10.282150883999918,-76.32648374599995,-10.270044618999918,1.9249999999999545
2696,PE-38,180.412,185.114,PUNO,SIERRA,TRANSVERSAL,ONDULADO,1.0,27.33,Mala,-69.72094865899993,-17.129455797999924,-69.70251546599991,-17.099367661999906,4.701999999999998
2697,PE-36B,69.505,71.376,PUNO,SIERRA,RAMAL,MONTAÑOSO,1.0,53.0,Buena,-70.31995610899992,-16.39486374799992,-70.3062614939999,-16.38954558499995,1.8710000000000093
2698,PE-18,263.058,264.601,HUANUCO,SIERRA,TRANSVERSAL,ONDULADO,2.0,55.02,Buena,-76.3219885819999,-10.266029100999958,-76.3119500709999,-10.258097301999953,1.5430000000000064
2699,PE-18,131.175,132.241,LIMA,SIERRA,TRANSVERSAL,MONTAÑOSO,2.0,44.1,Buena,-76.78172605599991,-10.68730959599992,-76.78268743099994,-10.678532533999942,1.0660000000000025
2700,PE-3N,1425.226,1425.835,CAJAMARCA,SIERRA,LONGITUDINAL DE LA SIERRA,MONTAÑOSO,2.0,55.7,Buena,-78.6533384089999,-6.559320709999952,-78.66115695899992,-6.556127502999914,0.6089999999999236
2701,PE-18,108.769,110.181,LIMA,SIERRA,TRANSVERSAL,MONTAÑOSO,2.0,33.11,Buena,-76.87654204599994,-10.806079560999933,-76.87642908399994,-10.796502117999921,1.411999999999992
2702,PE-18,138.381,138.931,LIMA,SIERRA,TRANSVERSAL,MONTAÑOSO,2.0,55.7,Buena,-76.77338192099995,-10.668283325999937,-76.76924768799995,-10.66865626899994,0.5500000000000114
2703,PE-18,264.601,266.066,HUANUCO,SIERRA,TRANSVERSAL,ONDULADO,1.0,55.02,Buena,-76.3119500709999,-10.258097301999953,-76.3024443999999,-10.251703354999961,1.464999999999975
2704,PE-18,93.904,95.154,LIMA,SIERRA,TRANSVERSAL,MONTAÑOSO,1.0,33.11,Buena,-76.96534559399993,-10.86359138599994,-76.9548354069999,-10.862239088999956,1.25
2705,PE-28A,94.612,95.963,HUANCAVELICA,SIERRA,TRANSVERSAL,ONDULADO,2.0,68.7,Buena,-75.43655638699994,-13.609454953999943,-75.4275477299999,-13.61286109599996,1.350999999999999
2706,PE-28A,241.961,244.414,HUANCAVELICA,SIERRA,TRANSVERSAL,ONDULADO,2.0,66.89,Buena,-74.69780620299991,-13.359891897999944,-74.6905487809999,-13.354526409999949,2.4529999999999745
2707,PE-28A,36.952,40.368,ICA,COSTA,TRANSVERSAL,PLANO,2.0,77.35,Buena,-75.83860145599994,-13.710591873999931,-75.81393787799993,-13.696084060999908,3.416000000000004
2708,PE-18,107.869,108.769,LIMA,SIERRA,TRANSVERSAL,MONTAÑOSO,2.0,33.11,Buena,-76.87577212499991,-10.813533608999933,-76.87654204599994,-10.806079560999933,0.9000000000000057
2709,PE-28A,142.977,146.384,HUANCAVELICA,SIERRA,TRANSVERSAL,ONDULADO,2.0,62.45,Buena,-75.22247250499993,-13.550641760999952,-75.19844149399995,-13.539298964999944,3.4069999999999823
2710,PE-28B,431.057,432.08,CUSCO,SELVA,VARIANTE,MONTAÑOSO,1.0,47.84,Buena,-72.55225100699994,-12.728583747999949,-72.56141451299993,-12.72668316599993,1.0229999999999677
2711,PE-18,95.154,96.27,LIMA,SIERRA,TRANSVERSAL,MONTAÑOSO,2.0,33.11,Buena,-76.9548354069999,-10.862239088999956,-76.94472013899991,-10.861192931999938,1.1159999999999997
2712,PE-18,126.875,131.175,LIMA,SIERRA,TRANSVERSAL,MONTAÑOSO,1.0,44.1,Buena,-76.80933924399994,-10.688150956999948,-76.78172605599991,-10.68730959599992,4.300000000000011
2713,PE-3N,860.585,862.342,ANCASH,SIERRA,LONGITUDINAL DE LA SIERRA,ONDULADO,2.0,43.03,Buena,-78.01554870599995,-8.343732833999923,-78.00626650099991,-8.33529969999995,1.7569999999999482
2714,PE-3N,1237.475,1264.79,CAJAMARCA,SIERRA,LONGITUDINAL DE LA SIERRA,ONDULADO,2.0,68.7,Buena,-78.26761544099992,-7.236478136999949,-78.42919159399992,-7.202721966999945,27.315000000000055
2715,PE-38,0.812,1.405,TACNA,SIERRA,TRANSVERSAL,ONDULADO,5.0,66.89,Regular,-70.2563766589999,-17.997333343999912,-70.25210761999995,-17.99415333299993,0.593
2716,PE-36A,9.6,11.515,MOQUEGUA,SIERRA,TRANSVERSAL,ONDULADO,4.0,66.89,Buena,-70.9213145619999,-17.188258340999937,-70.90462684899995,-17.184284760999958,1.915000000000001
2717,PE-3N,1116.486,1118.318,LA LIBERTAD,SIERRA,LONGITUDINAL DE LA SIERRA,ONDULADO,1.0,49.53,Buena,-77.9940998109999,-7.773217063999937,-77.9892929159999,-7.766977066999914,1.83199999999988
2718,PE-34A,109.672,112.513,AREQUIPA,SIERRA,TRANSVERSAL,ONDULADO,2.0,62.45,Buena,-71.43175114999991,-16.07016653599993,-71.41052999999994,-16.054859999999906,2.841000000000008
2719,PE-3N,1095.78,1097.83,LA LIBERTAD,SIERRA,LONGITUDINAL DE LA SIERRA,MONTAÑOSO,2.0,55.7,Buena,-78.07659393799992,-7.834899680999911,-78.06384080399994,-7.83231475599996,2.0499999999999545
2720,PE-10A,70.503,71.816,LA LIBERTAD,SIERRA,TRANSVERSAL,MONTAÑOSO,2.0,44.1,Buena,-78.58155837599992,-7.928689777999921,-78.5709463039999,-7.92709951799992,1.3130000000000024
2721,PE-3N,657.231,664.989,ANCASH,SIERRA,LONGITUDINAL DE LA SIERRA,ONDULADO,2.0,66.89,Buena,-77.82298183099994,-8.99128294399992,-77.84506598399992,-8.930977500999916,7.758000000000038
2722,PE-34F,100.947,101.734,CUSCO,SIERRA,RAMAL,ONDULADO,1.0,40.84,Buena,-71.45879836699993,-14.150798196999915,-71.45963517799993,-14.14397032699992,0.7869999999999919
2723,PE-3N,65.561,67.596,JUNIN,SIERRA,LONGITUDINAL DE LA SIERRA,ONDULADO,2.0,68.7,Buena,-76.00000717799992,-11.04954185999992,-75.99741422199992,-11.034820286999945,2.0349999999999966
2724,PE-38,20.006,24.978,TACNA,SIERRA,TRANSVERSAL,ONDULADO,2.0,66.89,Regular,-70.23507552199993,-17.86000678399995,-70.2264970139999,-17.819580533999954,4.972000000000001
2725,PE-3N,1141.065,1142.9,CAJAMARCA,SIERRA,LONGITUDINAL DE LA SIERRA,ONDULADO,1.0,43.03,Buena,-78.02749714299995,-7.680741850999937,-78.03164497699993,-7.67376651099994,1.8350000000000364
2726,PE-3N,889.972,891.979,ANCASH,SIERRA,LONGITUDINAL DE LA SIERRA,ONDULADO,1.0,27.33,Buena,-77.9967403409999,-8.254234313999916,-77.99523925799991,-8.248952865999911,2.007000000000062
2727,PE-08,90.33,91.707,CAJAMARCA,SIERRA,TRANSVERSAL,ONDULADO,2.0,68.7,Buena,-78.84766963999994,-7.223835006999934,-78.83856170799993,-7.221298758999922,1.3769999999999953
2728,PE-3N,1273.715,1275.159,CAJAMARCA,SIERRA,LONGITUDINAL DE LA SIERRA,PLANO,4.0,75.08,Regular,-78.50238335899991,-7.165788028999941,-78.50646784599991,-7.155788361999953,1.4440000000001874
2729,PE-3N,1391.01,1391.68,CAJAMARCA,SIERRA,LONGITUDINAL DE LA SIERRA,MONTAÑOSO,2.0,55.0,Buena,-78.52536709799995,-6.679601421999905,-78.52285957299995,-6.683223723999959,0.6700000000000728
2730,PE-3N,1442.448,1443.512,CAJAMARCA,SIERRA,LONGITUDINAL DE LA SIERRA,MONTAÑOSO,1.0,44.1,Buena,-78.77475320499991,-6.545994169999915,-78.78064720099991,-6.541876159999958,1.0639999999998508
2731,PE-3N,1111.994,1113.713,LA LIBERTAD,SIERRA,LONGITUDINAL DE LA SIERRA,ONDULADO,2.0,43.03,Buena,-77.97952194099992,-7.797307513999954,-77.99176634399993,-7.788537853999912,1.719000000000051
2732,PE-3N,1270.567,1271.675,CAJAMARCA,SIERRA,LONGITUDINAL DE LA SIERRA,PLANO,2.0,52.87,Buena,-78.47882288099993,-7.184035536999943,-78.4865067419999,-7.178293716999917,1.1079999999999472
2733,PE-3N,1155.312,1156.457,CAJAMARCA,SIERRA,LONGITUDINAL DE LA SIERRA,ONDULADO,0.0,55.02,Buena,-78.0495050369999,-7.61533492399991,-78.05914056799992,-7.611662573999922,1.1450000000002092
2734,PE-3N,1101.546,1102.385,LA LIBERTAD,SIERRA,LONGITUDINAL DE LA SIERRA,PLANO,4.0,55.7,Buena,-78.04317474399994,-7.817649840999934,-78.03606795699994,-7.820205562999945,0.8389999999999418
2735,PE-18,96.27,97.33,LIMA,SIERRA,TRANSVERSAL,MONTAÑOSO,1.0,33.11,Buena,-76.94472013899991,-10.861192931999938,-76.93640265899995,-10.857776429999944,1.0600000000000023
2736,PE-3N,335.803,338.333,HUANUCO,SIERRA,LONGITUDINAL DE LA SIERRA,ONDULADO,0.0,66.89,Buena,-76.71712647299995,-9.66979690799991,-76.72094819099993,-9.649008863999939,2.5300000000000296
2737,PE-3N,1277.163,1286.829,CAJAMARCA,SIERRA,LONGITUDINAL DE LA SIERRA,ONDULADO,2.0,68.7,Buena,-78.52412033099995,-7.148164748999932,-78.51226982799994,-7.144815497999957,9.66599999999994
2738,PE-3N,1159.779,1160.318,CAJAMARCA,SIERRA,LONGITUDINAL DE LA SIERRA,ONDULADO,0.0,62.45,Buena,-78.08440150299992,-7.61179990699992,-78.08634686199991,-7.613140122999937,0.5389999999999873
2739,PE-3N,1187.219,1187.484,CAJAMARCA,SIERRA,LONGITUDINAL DE LA SIERRA,ONDULADO,1.0,66.89,Buena,-78.11310662099993,-7.463465449999944,-78.11510463699994,-7.462625542999945,0.26499999999987267
2740,PE-10A,0.0,20.181,LA LIBERTAD,COSTA,TRANSVERSAL,PLANO,2.0,77.35,Buena,-79.02061910399993,-8.130820977999917,-78.86481335099995,-8.07000135699991,20.181
2741,PE-3SC,12.738,13.267,JUNIN,SIERRA,RAMAL,ONDULADO,2.0,62.45,Mala,-75.14362396899992,-12.171204186999944,-75.14535378599993,-12.173678861999917,0.5289999999999999
2742,PE-3N,1133.146,1133.953,LA LIBERTAD,SIERRA,LONGITUDINAL DE LA SIERRA,ONDULADO,1.0,43.03,Buena,-78.01532457999991,-7.709642851999945,-78.02174134199993,-7.707953454999938,0.8070000000000164
2743,PE-10A,41.082,65.573,LA LIBERTAD,SIERRA,TRANSVERSAL,ONDULADO,2.0,66.89,Buena,-78.72776222199991,-8.01366805999993,-78.61066169399993,-7.949051460999954,24.490999999999993
2744,PE-3N,339.658,341.322,HUANUCO,SIERRA,LONGITUDINAL DE LA SIERRA,ONDULADO,0.0,62.45,Buena,-76.72872924799992,-9.653425216999949,-76.73679690199992,-9.661039685999924,1.6639999999999873
2745,PE-3N,1390.575,1390.926,CAJAMARCA,SIERRA,LONGITUDINAL DE LA SIERRA,MONTAÑOSO,2.0,33.11,Buena,-78.52735612999993,-6.677354622999928,-78.52557945199993,-6.67890357999994,0.3509999999998854
2746,PE-3N,862.342,871.108,ANCASH,SIERRA,LONGITUDINAL DE LA SIERRA,ONDULADO,1.0,43.03,Buena,-78.00626650099991,-8.33529969999995,-77.96599960299994,-8.318758010999943,8.765999999999963
2747,PE-30C,166.461,167.055,CUSCO,SELVA,TRANSVERSAL,MONTAÑOSO,2.0,37.47,Buena,-70.89037193299993,-13.356032649999918,-70.8851830829999,-13.35439383299996,0.5939999999999941
2748,PE-34F,93.738,100.947,CUSCO,SIERRA,RAMAL,ONDULADO,2.0,66.89,Buena,-71.4343166349999,-14.209856032999937,-71.45879936199992,-14.150796889999924,7.209000000000003
2749,PE-5NA,76.909,77.962,PASCO,SELVA,VARIANTE,ONDULADO,2.0,27.06,Mala,-75.54909741299991,-10.377872490999948,-75.54890116199994,-10.372871213999929,1.0529999999999973
2750,PE-3N,500.134,500.141,ANCASH,SIERRA,LONGITUDINAL DE LA SIERRA,PLANO,7.0,66.89,Buena,-77.2921400429999,-10.121730000999946,-77.29213800399992,-10.12178896699993,0.007000000000005002
2751,PE-3N,1428.161,1430.857,CAJAMARCA,SIERRA,LONGITUDINAL DE LA SIERRA,MONTAÑOSO,2.0,44.1,Buena,-78.67126464799992,-6.5518455509999285,-78.69334411599993,-6.541810988999941,2.6959999999999127
2752,PE-3N,522.79,525.965,ANCASH,SIERRA,LONGITUDINAL DE LA SIERRA,ONDULADO,7.0,66.89,Buena,-77.34582789399991,-9.979089980999959,-77.36523699199995,-9.965023938999934,3.175000000000068
2753,PE-3N,301.581,302.106,HUANUCO,SIERRA,LONGITUDINAL DE LA SIERRA,ONDULADO,1.0,49.53,Buena,-76.61066365599993,-9.862780147999956,-76.60810216599992,-9.859130469999911,0.5249999999999773
2754,PE-3N,984.645,985.413,LA LIBERTAD,SIERRA,LONGITUDINAL DE LA SIERRA,ONDULADO,4.0,62.45,Mala,-78.15315555099994,-8.091150569999911,-78.15841865499993,-8.094808577999913,0.7680000000000291
2755,PE-3N,1019.294,1023.732,LA LIBERTAD,SIERRA,LONGITUDINAL DE LA SIERRA,ONDULADO,2.0,43.03,Buena,-78.23714415799992,-8.143068315999926,-78.26248931899994,-8.143314361999956,4.437999999999988
2756,PE-3N,1033.086,1038.794,LA LIBERTAD,SIERRA,LONGITUDINAL DE LA SIERRA,ONDULADO,2.0,49.53,Buena,-78.2933044429999,-8.085271834999958,-78.29959239699991,-8.048071121999953,5.708000000000084
2757,PE-34E,4.677,5.425,AREQUIPA,SIERRA,RAMAL,ONDULADO,1.0,49.53,Regular,-71.40792391699995,-16.020076169999925,-71.40423152499994,-16.01519084699993,0.7480000000000002
2758,PE-04C,0.673,6.8412,CAJAMARCA,SELVA,TRANSVERSAL,ONDULADO,2.0,59.09,Buena,-78.89434623699992,-6.045583724999915,-78.85873409899995,-6.007853006999937,6.1682
2759,PE-3N,1045.877,1048.276,LA LIBERTAD,SIERRA,LONGITUDINAL DE LA SIERRA,MONTAÑOSO,2.0,55.7,Buena,-78.30541748799993,-8.01272118199995,-78.29386715999993,-8.004769025999906,2.3990000000001146
2760,PE-3N,469.07,469.462,ANCASH,SIERRA,LONGITUDINAL DE LA SIERRA,MONTAÑOSO,2.0,40.51,Buena,-77.1582090679999,-10.146700647999921,-77.15840415799994,-10.148760242999913,0.3919999999999959
2761,PE-1SB,0.0,1.546,ICA,COSTA,RAMAL,PLANO,2.0,80.89,Buena,-76.15343571199992,-13.713527927999905,-76.16514778899995,-13.712412839999956,1.546
2762,PE-3N,1016.84,1019.294,LA LIBERTAD,SIERRA,LONGITUDINAL DE LA SIERRA,ONDULADO,2.0,43.03,Buena,-78.20859963999993,-8.147336830999961,-78.21100273499991,-8.151297675999956,2.453999999999951
2763,PE-1S,979.625,980.441,AREQUIPA,SIERRA,LONGITUDINAL DE LA COSTA,PLANO,2.0,78.24,Buena,-71.86713189399995,-16.617834453999933,-71.8714419499999,-16.623896189999925,0.8160000000000309
2764,PE-3N,851.05,851.782,ANCASH,SIERRA,LONGITUDINAL DE LA SIERRA,ONDULADO,2.0,49.53,Buena,-78.01142125899992,-8.395430555999951,-78.01216900899993,-8.391372193999928,0.7320000000000846
2765,PE-3N,852.615,853.268,ANCASH,SIERRA,LONGITUDINAL DE LA SIERRA,ONDULADO,1.0,66.89,Buena,-78.0104107869999,-8.385877887999925,-78.0088904879999,-8.38903900999992,0.65300000000002
2766,PE-3N,851.782,852.615,ANCASH,SIERRA,LONGITUDINAL DE LA SIERRA,ONDULADO,2.0,66.89,Buena,-78.01216900899993,-8.391372193999928,-78.0104107869999,-8.385877887999925,0.83299999999997
2767,PE-3N,231.5,233.2,HUANUCO,SIERRA,LONGITUDINAL DE LA SIERRA,ONDULADO,2.0,62.45,Mala,-76.24958793699994,-9.952506124999957,-76.25462045799992,-9.937945845999934,1.6999999999999886
2768,PE-36B,13.962,15.697,MOQUEGUA,SIERRA,RAMAL,MONTAÑOSO,1.0,44.1,Buena,-70.47016921099993,-16.777722682999922,-70.47055298999993,-16.76315250999994,1.7349999999999994
2769,PE-36A,115.498,117.915,MOQUEGUA,SIERRA,TRANSVERSAL,ONDULADO,2.0,62.45,Mala,-70.5113919339999,-16.85728869099995,-70.48983135499992,-16.85753294899996,2.4170000000000016
2770,PE-1S,299.075,299.457,ICA,COSTA,LONGITUDINAL DE LA COSTA,PLANO,4.0,77.35,Buena,-75.73247862499994,-14.083979103999923,-75.72972639499994,-14.086164864999944,0.382000000000005
2771,PE-1S,459.928,460.335,ICA,COSTA,LONGITUDINAL DE LA COSTA,PLANO,2.0,75.08,Buena,-74.9871149199999,-14.94430905999991,-74.98739794999995,-14.947959369999921,0.40699999999998226
2772,PE-1S,891.09,892.359,AREQUIPA,SIERRA,LONGITUDINAL DE LA COSTA,ONDULADO,2.0,66.89,Regular,-72.33106934499995,-16.446592193999948,-72.3214752799999,-16.43982804999996,1.2690000000000055
2773,PE-1S,372.84,384.238,ICA,COSTA,LONGITUDINAL DE LA COSTA,PLANO,2.0,80.89,Buena,-75.30488144499992,-14.490234579999935,-75.22316908399995,-14.48515444599991,11.398000000000025
2774,PE-1S,1315.209,1316.798,TACNA,COSTA,LONGITUDINAL DE LA COSTA,PLANO,2.0,69.78,Mala,-70.32749043899992,-18.199974764999922,-70.32578465999995,-18.214200425999934,1.5889999999999418
2775,PE-1S,1229.613,1248.758,TACNA,SIERRA,LONGITUDINAL DE LA COSTA,PLANO,2.0,68.22,Mala,-70.7439622089999,-17.77202847299992,-70.5705728559999,-17.816351693999934,19.144999999999982
2776,PE-1S,1296.599,1297.081,TACNA,COSTA,LONGITUDINAL DE LA COSTA,PLANO,4.0,77.35,Regular,-70.27853852999993,-18.04989414599993,-70.28106672199993,-18.05350342299994,0.4819999999999709
2777,PE-1S,885.752,887.277,AREQUIPA,SIERRA,LONGITUDINAL DE LA COSTA,ONDULADO,2.0,68.7,Buena,-72.3714547749999,-16.47496959399996,-72.35990869999995,-16.466861279999932,1.525000000000091
2778,PE-1S,1262.43,1285.875,TACNA,SIERRA,LONGITUDINAL DE LA COSTA,PLANO,2.0,68.22,Mala,-70.4568626599999,-17.87402151699996,-70.27280346799995,-17.985559451999904,23.444999999999936
2779,PE-1S,65.887,75.154,LIMA,COSTA,LONGITUDINAL DE LA COSTA,PLANO,7.0,80.89,Buena,-76.72159926499995,-12.53232803499992,-76.66391829899993,-12.589096215999916,9.266999999999996
2780,PE-1S,696.443,697.222,AREQUIPA,COSTA,LONGITUDINAL DE LA COSTA,ONDULADO,2.0,67.04,Buena,-73.67158558999995,-16.219997789999923,-73.6645189919999,-16.221728166999924,0.7789999999999964
2781,PE-1S,965.817,966.67,AREQUIPA,SIERRA,LONGITUDINAL DE LA COSTA,PLANO,2.0,78.24,Buena,-71.78372332999993,-16.527178729999946,-71.78991506299991,-16.52929953699993,0.8529999999999518
2782,PE-1S,410.796,419.298,ICA,COSTA,LONGITUDINAL DE LA COSTA,PLANO,2.0,69.78,Buena,-75.17544548799992,-14.653246830999933,-75.11559514399994,-14.692004145999931,8.50200000000001
2783,PE-1S,866.043,867.243,AREQUIPA,SIERRA,LONGITUDINAL DE LA COSTA,ONDULADO,2.0,66.89,Regular,-72.53717134099992,-16.54192405099991,-72.52644873799994,-16.538801304999936,1.2000000000000455
2784,PE-1S,431.918,433.068,ICA,COSTA,LONGITUDINAL DE LA COSTA,PLANO,2.0,75.08,Buena,-75.03507244699995,-14.774901235999948,-75.02794500999994,-14.782649585999934,1.1499999999999773
2785,PE-1S,963.204,965.139,AREQUIPA,SIERRA,LONGITUDINAL DE LA COSTA,PLANO,2.0,78.24,Buena,-71.80469398999992,-16.51512813499994,-71.78912051799995,-16.524028596999926,1.9350000000000591
2786,PE-1S,545.56,546.794,AREQUIPA,COSTA,LONGITUDINAL DE LA COSTA,PLANO,2.0,80.89,Buena,-74.70302765899993,-15.59146183699994,-74.69439851999994,-15.598492839999949,1.2340000000000373
2787,PE-1S,1290.882,1291.614,TACNA,SIERRA,LONGITUDINAL DE LA COSTA,PLANO,4.0,78.24,Buena,-70.25731063599994,-18.00663379899993,-70.25956042999991,-18.012821585999916,0.7319999999999709
2788,PE-1S,365.575,368.876,ICA,COSTA,LONGITUDINAL DE LA COSTA,PLANO,2.0,69.78,Buena,-75.37006297199991,-14.473495791999937,-75.34044310799993,-14.481099860999905,3.3009999999999877
2789,PE-1S,850.365,850.879,AREQUIPA,COSTA,LONGITUDINAL DE LA COSTA,MONTAÑOSO,2.0,52.57,Buena,-72.62941456099992,-16.60786505199991,-72.63151607999993,-16.603778339999906,0.51400000000001
2790,PE-1S,185.033,185.087,ICA,COSTA,LONGITUDINAL DE LA COSTA,PLANO,2.0,77.35,Buena,-76.1927594309999,-13.405798003999905,-76.19263140599992,-13.406275352999955,0.054000000000002046
2791,PE-1S,1326.67,1327.558,TACNA,COSTA,LONGITUDINAL DE LA COSTA,PLANO,2.0,77.35,Regular,-70.31507348999992,-18.302565986999923,-70.31411058599991,-18.310510278999914,0.88799999999992
2792,PE-1S,1310.338,1311.716,TACNA,COSTA,LONGITUDINAL DE LA COSTA,PLANO,2.0,77.35,Regular,-70.3375938399999,-18.157307085999946,-70.33404530199994,-18.169236319999925,1.377999999999929
2793,PE-1S,368.876,369.813,ICA,COSTA,LONGITUDINAL DE LA COSTA,PLANO,2.0,69.78,Buena,-75.34044310799993,-14.481099860999905,-75.33202880999994,-14.483245679999925,0.9370000000000118
2794,PE-1S,391.574,400.66,ICA,COSTA,LONGITUDINAL DE LA COSTA,ONDULADO,2.0,76.18,Buena,-75.20253620199992,-14.52307828399995,-75.2088698309999,-14.569850751999923,9.086000000000013
2795,PE-1S,82.76,85.711,LIMA,COSTA,LONGITUDINAL DE LA COSTA,PLANO,2.0,80.89,Buena,-76.66376558999991,-12.65495761099993,-76.6504196919999,-12.677851033999957,2.9509999999999934
2796,PE-1S,803.476,804.871,AREQUIPA,COSTA,LONGITUDINAL DE LA COSTA,PLANO,2.0,80.89,Buena,-72.91782244699993,-16.515563973999917,-72.90905368999995,-16.520477858999925,1.3949999999999818
2797,PE-1S,480.613,481.346,ICA,COSTA,LONGITUDINAL DE LA COSTA,PLANO,2.0,68.22,Buena,-74.99085223999992,-15.120531745999926,-74.98844373899993,-15.126740781999956,0.7330000000000041
2798,PE-1S,369.813,372.84,ICA,COSTA,LONGITUDINAL DE LA COSTA,PLANO,2.0,69.78,Buena,-75.33202880999994,-14.483245679999925,-75.30488144499992,-14.490234579999935,3.026999999999987
2799,PE-1S,786.707,787.484,AREQUIPA,COSTA,LONGITUDINAL DE LA COSTA,PLANO,2.0,73.34,Regular,-73.04785048999992,-16.474981959999923,-73.04451119599992,-16.480847686999937,0.7770000000000437
2800,PE-1S,730.826,732.194,AREQUIPA,COSTA,LONGITUDINAL DE LA COSTA,ONDULADO,2.0,67.04,Mala,-73.38065519999992,-16.308931009999924,-73.36924150999994,-16.310102069999914,1.3679999999999382
2801,PE-1S,429.421,431.532,ICA,COSTA,LONGITUDINAL DE LA COSTA,PLANO,2.0,75.08,Buena,-75.05054283999993,-14.758084379999957,-75.03746463399995,-14.772300952999956,2.11099999999999
2802,PE-1S,882.571,885.752,AREQUIPA,SIERRA,LONGITUDINAL DE LA COSTA,ONDULADO,2.0,68.7,Buena,-72.3955237099999,-16.491881763999913,-72.3714547749999,-16.47496959399996,3.1809999999999263
2803,PE-1S,750.95,752.215,AREQUIPA,COSTA,LONGITUDINAL DE LA COSTA,ONDULADO,2.0,73.34,Regular,-73.25331020399994,-16.38747256399995,-73.24328051499992,-16.39188873699993,1.2649999999999864
2804,PE-1S,404.964,410.796,ICA,COSTA,LONGITUDINAL DE LA COSTA,ONDULADO,2.0,73.34,Buena,-75.19571625499992,-14.605115975999922,-75.17544548799992,-14.653246830999933,5.831999999999994
2805,PE-1S,965.139,965.817,AREQUIPA,SIERRA,LONGITUDINAL DE LA COSTA,PLANO,2.0,78.24,Buena,-71.78912051799995,-16.524028596999926,-71.78372332999993,-16.527178729999946,0.6779999999999973
2806,PE-20A,138.064,138.614,LIMA,SIERRA,TRANSVERSAL,MONTAÑOSO,1.0,44.1,Regular,-76.4348736039999,-11.349269364999941,-76.43656634399991,-11.345649172999913,0.5500000000000114
2807,PE-20A,20.728,29.1,LIMA,COSTA,TRANSVERSAL,ONDULADO,2.0,52.05,Buena,-76.99375724799995,-11.819673537999961,-76.97036552399993,-11.75438880899992,8.372
2808,PE-20A,95.056,95.331,LIMA,SIERRA,TRANSVERSAL,MONTAÑOSO,2.0,44.1,Mala,-76.62499427699993,-11.46996846299993,-76.62233904199991,-11.468443061999949,0.2750000000000057
2809,PE-20A,19.829,20.728,LIMA,COSTA,TRANSVERSAL,ONDULADO,2.0,52.05,Buena,-76.99547232599991,-11.825728926999943,-76.99375724799995,-11.819673537999961,0.8990000000000009
2810,PE-18A,53.954,54.333,HUANUCO,SIERRA,TRANSVERSAL,MONTAÑOSO,1.0,40.51,Buena,-76.0783100129999,-9.683475493999936,-76.0805811319999,-9.681502070999954,0.3789999999999978
2811,PE-18A,122.525,122.998,HUANUCO,SELVA,TRANSVERSAL,ONDULADO,4.0,56.43,Buena,-76.00341104199993,-9.302929908999943,-76.0020431829999,-9.299163566999937,0.472999999999999
2812,PE-3N,1773.221,1774.287,PIURA,SELVA,LONGITUDINAL DE LA SIERRA,MONTAÑOSO,1.0,26.34,Mala,-79.44918905499992,-5.239559239999949,-79.45214271799995,-5.236188879999929,1.066000000000031
2813,PE-3N,908.098,909.003,ANCASH,SIERRA,LONGITUDINAL DE LA SIERRA,MONTAÑOSO,1.0,26.8,Buena,-77.95399869499994,-8.210551103999933,-77.95373254599991,-8.209273695999912,0.9050000000000864
2814,PE-18A,51.159,51.496,HUANUCO,SIERRA,TRANSVERSAL,ONDULADO,2.0,49.53,Buena,-76.08587085699992,-9.69515374599996,-76.08337346899992,-9.695245964999913,0.3370000000000033
2815,PE-18A,50.629,51.123,HUANUCO,SIERRA,TRANSVERSAL,ONDULADO,2.0,49.53,Buena,-76.08615682199991,-9.698954009999909,-76.08618736299991,-9.69522857699991,0.4939999999999998
2816,PE-18A,122.998,124.373,HUANUCO,SELVA,TRANSVERSAL,ONDULADO,2.0,56.43,Buena,-76.0020431829999,-9.299163566999937,-75.99565780199993,-9.28998301699994,1.375
2817,PE-18A,49.933,50.629,HUANUCO,SIERRA,TRANSVERSAL,MONTAÑOSO,2.0,55.0,Buena,-76.08818413599994,-9.704002714999945,-76.08615682199991,-9.698954009999909,0.695999999999998
2818,PE-18A,124.373,138.636,HUANUCO,SELVA,TRANSVERSAL,ONDULADO,2.0,59.09,Buena,-75.99565780199993,-9.28998301699994,-75.95961583299993,-9.187635658999909,14.262999999999991
2819,PE-3N,1085.37,1086.488,LA LIBERTAD,SIERRA,LONGITUDINAL DE LA SIERRA,MONTAÑOSO,2.0,55.7,Buena,-78.12243099799991,-7.888561547999927,-78.11688047299992,-7.880734798999924,1.1180000000001655
2820,PE-26B,74.681,75.45,HUANCAVELICA,SIERRA,RAMAL,MONTAÑOSO,1.0,44.1,Buena,-74.7329113859999,-12.996205889999942,-74.7276887239999,-12.992388965999908,0.7690000000000055
2821,PE-3N,1685.678,1686.408,PIURA,SIERRA,LONGITUDINAL DE LA SIERRA,MONTAÑOSO,1.0,33.11,Buena,-79.52449030799994,-5.573246121999944,-79.52447509699994,-5.56857109099991,0.7299999999997908
2822,PE-1S,577.608,578.134,AREQUIPA,COSTA,LONGITUDINAL DE LA COSTA,MONTAÑOSO,2.0,60.06,Buena,-74.46128650999992,-15.725859859999957,-74.45749189999992,-15.728603736999958,0.5260000000000673
2823,PE-3N,909.524,910.949,ANCASH,SIERRA,LONGITUDINAL DE LA SIERRA,MONTAÑOSO,1.0,26.8,Buena,-77.95223021399994,-8.207517988999939,-77.94993591299993,-8.205371856999932,1.4249999999999545
2824,PE-3N,909.003,909.524,ANCASH,SIERRA,LONGITUDINAL DE LA SIERRA,MONTAÑOSO,1.0,26.8,Buena,-77.95373254599991,-8.209273695999912,-77.95223021399994,-8.207517988999939,0.5209999999999582
2825,PE-24,181.888,191.688,LIMA,SIERRA,TRANSVERSAL,MONTAÑOSO,1.0,55.0,Buena,-75.7462999999999,-12.239977432999922,-75.7013394199999,-12.283307408999917,9.799999999999983
2826,PE-3N,1960.643,1961.933,PIURA,SIERRA,LONGITUDINAL DE LA SIERRA,ONDULADO,0.0,0.0,Buena,-79.6699163699999,-4.597298271999932,-79.66713978599995,-4.606078043999958,1.2899999999999636
2827,PE-24,19.78,22.049,LIMA,COSTA,TRANSVERSAL,PLANO,2.0,77.35,Buena,-76.3179022999999,-13.075748819999944,-76.29558283999995,-13.080957983999951,2.2689999999999984
2828,PE-1NQ,0.0,34.66,ANCASH,COSTA,VARIANTE,PLANO,0.0,0.0,Sin Informacion,-78.62124134499993,-8.967420273999949,-78.62124134499993,-8.967420273999949,34.66
2829,PE-3N,1758.338,1770.782,PIURA,SELVA,LONGITUDINAL DE LA SIERRA,MONTAÑOSO,1.0,26.34,Buena,-79.40909670799994,-5.316382945999919,-79.45273629299993,-5.240266015999907,12.44399999999996
2830,PE-3N,1795.171,1800.941,PIURA,SIERRA,LONGITUDINAL DE LA SIERRA,MONTAÑOSO,1.0,26.8,Mala,-79.45073930099994,-5.148145715999931,-79.4374541489999,-5.15588697599992,5.769999999999982
2831,PE-3N,1961.933,2001.933,PIURA,SIERRA,LONGITUDINAL DE LA SIERRA,MONTAÑOSO,0.0,0.0,Buena,-79.6699163699999,-4.597298271999932,-79.60146052699992,-4.456662994999931,40.0
2832,PE-16A,18.521,26.956,LIMA,COSTA,TRANSVERSAL,PLANO,0.0,0.0,Regular,-77.65666899999991,-10.65760599999993,-77.57585699999993,-10.657987999999932,8.434999999999999
2833,PE-16A,207.414,208.333,LIMA,SIERRA,TRANSVERSAL,MONTAÑOSO,1.0,33.11,Buena,-76.77894628399991,-10.660233884999911,-76.77549939999994,-10.666615350999905,0.9190000000000111
2834,PE-32C,61.553,63.735,AYACUCHO,SIERRA,TRANSVERSAL,,0.0,0.0,Regular,-73.32041220799994,-15.346087495999939,-73.32406240499995,-15.35694024299994,2.182000000000002
2835,PE-34A,238.311,239.618,PUNO,SIERRA,TRANSVERSAL,ONDULADO,2.0,68.7,Buena,-70.60311814399995,-15.693319955999925,-70.59339051499995,-15.690311667999936,1.306999999999988
2836,PE-36B,49.9,50.297,MOQUEGUA,SIERRA,RAMAL,MONTAÑOSO,1.0,33.11,Buena,-70.37874041999993,-16.547280439999952,-70.3809895629999,-16.544792213999926,0.39699999999999847
2837,PE-3N,1549.638,1549.662,CAJAMARCA,SELVA,LONGITUDINAL DE LA SIERRA,ONDULADO,1.0,41.29,Buena,-78.89850939599995,-6.047940720999918,-78.91041601899991,-6.044205314999942,0.024000000000114596
2838,PE-5NA,46.411,47.474,PASCO,SELVA,VARIANTE,PLANO,2.0,35.23,Mala,-75.40795502899994,-10.56797804599995,-75.4137573239999,-10.56033706699992,1.0629999999999953
2839,PE-3SC,0.803,1.498,JUNIN,SIERRA,RAMAL,PLANO,4.0,75.08,Regular,-75.2019274729999,-12.08245060899992,-75.19839832299994,-12.087722498999938,0.695
2840,PE-30C,228.144,228.631,CUSCO,SELVA,TRANSVERSAL,ONDULADO,2.0,50.38,Buena,-70.49762023499994,-13.176923831999943,-70.4940789929999,-13.175651720999952,0.48699999999999477
2841,PE-34I,9.052,9.477,PUNO,SIERRA,RAMAL,PLANO,2.0,42.22,Buena,-69.75884338499992,-15.203256478999947,-69.7558536539999,-15.205757140999935,0.4250000000000007
2842,PE-36A,213.561,214.705,PUNO,SIERRA,TRANSVERSAL,PLANO,2.0,75.08,Regular,-69.7195427719999,-16.748655173999907,-69.71653612199992,-16.73877753599993,1.1440000000000055
2843,PE-1SC,19.518,21.741,ICA,SIERRA,RAMAL,PLANO,2.0,68.22,Mala,-75.6808065649999,-13.946127434999937,-75.66943059499994,-13.93023314699991,2.222999999999999
2844,PE-28D,69.727,70.633,HUANCAVELICA,SIERRA,RAMAL,ONDULADO,1.0,40.84,Buena,-75.3175663049999,-13.28091970099996,-75.31455194099993,-13.273829555999953,0.9059999999999917
2845,PE-5NA,208.948,246.577,HUANUCO,SELVA,VARIANTE,ONDULADO,0.0,0.0,Sin Informacion,-75.26114982099995,-9.614879423999923,-75.01532248299992,-9.509693944999924,37.62899999999999
2846,PE-3N,1029.026,1030.28,LA LIBERTAD,SIERRA,LONGITUDINAL DE LA SIERRA,ONDULADO,2.0,55.02,Buena,-78.29260998799992,-8.124791934999905,-78.29642554499992,-8.112412726999935,1.2539999999999054
2847,PE-3N,985.493,988.541,LA LIBERTAD,SIERRA,LONGITUDINAL DE LA SIERRA,ONDULADO,1.0,43.03,Mala,-78.15871429399994,-8.094579696999915,-78.1587444779999,-8.08049271099992,3.048000000000002
2848,PE-3N,1214.585,1217.038,CAJAMARCA,SIERRA,LONGITUDINAL DE LA SIERRA,ONDULADO,2.0,66.89,Buena,-78.17297876999993,-7.3308624919999374,-78.1830044159999,-7.316205501999946,2.4529999999999745
2849,PE-1N,692.74,694.402,LA LIBERTAD,COSTA,LONGITUDINAL DE LA COSTA,PLANO,3.0,77.35,Buena,-79.4792221649999,-7.305373678999956,-79.47307928399994,-7.290317087999938,1.6620000000000346
2850,PE-1S,478.908,479.93,ICA,COSTA,LONGITUDINAL DE LA COSTA,PLANO,2.0,78.24,Buena,-74.99768928899994,-15.106640690999939,-74.99340756899994,-15.114885597999944,1.0219999999999914
2851,PE-1S,767.502,768.585,AREQUIPA,COSTA,LONGITUDINAL DE LA COSTA,ONDULADO,2.0,73.34,Regular,-73.14121798999992,-16.428245129999937,-73.13308384999993,-16.43194195399991,1.0830000000000837
2852,PE-1S,384.238,391.574,ICA,COSTA,LONGITUDINAL DE LA COSTA,PLANO,2.0,80.89,Buena,-75.22316908399995,-14.48515444599991,-75.20253620199992,-14.52307828399995,7.336000000000013
2853,PE-1S,834.646,836.94,AREQUIPA,COSTA,LONGITUDINAL DE LA COSTA,ONDULADO,2.0,67.04,Mala,-72.69553784199991,-16.620460881999918,-72.68903647399992,-16.63986351099993,2.2940000000000964
2854,PE-1S,239.109,239.709,ICA,COSTA,LONGITUDINAL DE LA COSTA,PLANO,2.0,80.89,Buena,-76.14280304999994,-13.824546179999913,-76.14100132499993,-13.829675881999947,0.5999999999999943
2855,PE-34A,60.488,62.013,AREQUIPA,SIERRA,TRANSVERSAL,ONDULADO,2.0,62.45,Buena,-71.67933481999995,-16.25173481999991,-71.67478999999992,-16.246059999999943,1.5249999999999986
2856,PE-22,134.109,135.384,JUNIN,SIERRA,TRANSVERSAL,MONTAÑOSO,2.0,55.7,Buena,-76.18506122799994,-11.596078159999934,-76.1753730769999,-11.599756240999909,1.2749999999999773
2857,PE-1NJ,259.6,261.036,PIURA,COSTA,VARIANTE,PLANO,2.0,77.35,Buena,-80.63175582299993,-5.227838515999906,-80.64155719099995,-5.236375861999932,1.4359999999999786
2858,PE-36A,92.921,94.319,MOQUEGUA,SIERRA,TRANSVERSAL,ONDULADO,2.0,68.7,Buena,-70.61601772199992,-16.89970262299994,-70.61569423999993,-16.893122742999935,1.3979999999999961
2859,PE-5NA,122.473,122.923,PASCO,SELVA,VARIANTE,ONDULADO,4.0,56.43,Mala,-75.55066049399994,-10.074922518999927,-75.55090568899993,-10.07088193699991,0.45000000000000284
2860,PE-28D,69.481,69.727,HUANCAVELICA,SIERRA,RAMAL,ONDULADO,1.0,40.84,Buena,-75.31976620299992,-13.288823890999936,-75.3175663049999,-13.28091970099996,0.24600000000000932
2861,PE-26,206.807,212.159,HUANCAVELICA,SIERRA,TRANSVERSAL,MONTAÑOSO,2.0,44.1,Buena,-75.05397676399991,-12.812484725999923,-75.04372316599995,-12.800251297999921,5.352000000000004
2862,PE-3N,654.927,655.754,ANCASH,SIERRA,LONGITUDINAL DE LA SIERRA,ONDULADO,0.0,43.03,Buena,-77.81807899499995,-9.007545470999958,-77.81885045399991,-9.002160981999907,0.8269999999999982
2863,PE-3N,841.925,842.537,ANCASH,SIERRA,LONGITUDINAL DE LA SIERRA,ONDULADO,2.0,55.02,Buena,-78.01813031699993,-8.42465394699991,-78.01539039599993,-8.424880980999944,0.61200000000008
2864,PE-3N,328.476,330.046,HUANUCO,SIERRA,LONGITUDINAL DE LA SIERRA,ONDULADO,2.0,68.7,Buena,-76.67051163399992,-9.711042426999938,-76.68299696499992,-9.704719619999935,1.5699999999999932
2865,PE-1N,43.969,48.755,LIMA,COSTA,LONGITUDINAL DE LA COSTA,PLANO,3.0,80.89,Buena,-77.15963699999992,-11.777363439999931,-77.13824672899995,-11.741396920999932,4.786000000000001
2866,PE-1NI,104.132,115.459,CAJAMARCA,SIERRA,RAMAL,MONTAÑOSO,0.0,0.0,Sin Informacion,-79.12985999999995,-6.926588332999927,-79.17910766499995,-6.977236747999939,11.326999999999998
2867,PE-08B,521.45,527.216,SAN MARTIN,SELVA,TRANSVERSAL,PLANO,2.0,27.46,Mala,-77.15331552799995,-6.2383327899999585,-77.1183853149999,-6.254410743999927,5.765999999999963
2868,PE-1NN,9.096,9.572,PIURA,COSTA,RAMAL,PLANO,2.0,69.78,Buena,-80.64786147699994,-4.833986281999955,-80.6441191859999,-4.832150995999939,0.4759999999999991
2869,PE-24,10.5,10.98,LIMA,COSTA,TRANSVERSAL,PLANO,2.0,77.35,Buena,-76.3899491759999,-13.077817524999944,-76.38492598899995,-13.076585910999938,0.4800000000000004
2870,PE-18B,59.865,60.418,HUANUCO,SIERRA,TRANSVERSAL,ONDULADO,2.0,0.0,Buena,-75.90309999399994,-9.84595668299994,-75.90226967699994,-9.841559851999932,0.5529999999999973
2871,PE-1NF,71.618,71.77,LA LIBERTAD,SIERRA,RAMAL,ONDULADO,1.0,66.89,Buena,-78.8184452719999,-7.478103123999915,-78.81144931499995,-7.474859901999935,0.15200000000000102
2872,PE-3NA,114.95,115.288,ANCASH,SIERRA,VARIANTE,MONTAÑOSO,1.0,38.2,Buena,-78.04040728599995,-8.515848655999946,-78.04216770999994,-8.514014239999938,0.33799999999999386
2873,PE-1NN,9.572,10.036,PIURA,COSTA,RAMAL,PLANO,2.0,35.7,Buena,-80.6441191859999,-4.832150995999939,-80.64130591899993,-4.828937529999905,0.4640000000000004
2874,PE-24A,0.0,0.888,JUNIN,SIERRA,TRANSVERSAL,PLANO,2.0,68.22,Buena,-75.32465248699992,-11.915191916999959,-75.31934338499991,-11.909202677999929,0.888
2875,PE-06,9.263,9.588,LAMBAYEQUE,COSTA,TRANSVERSAL,PLANO,2.0,80.89,Buena,-79.9346274639999,-6.8349441439999055,-79.93608713099991,-6.83713511499991,0.3249999999999993
2876,PE-34C,5.978,7.179,AREQUIPA,SIERRA,VARIANTE,PLANO,4.0,75.08,Regular,-71.53629559799992,-16.425119381999934,-71.52519057699993,-16.425539999999955,1.2010000000000005
2877,PE-3SG,19.586,20.016,APURIMAC,SIERRA,RAMAL,MONTAÑOSO,2.0,43.03,Buena,-72.19030697699992,-14.210726844999954,-72.18882228599995,-14.210994806999906,0.4299999999999997
2878,PE-34I,5.012,6.712,PUNO,SIERRA,RAMAL,PLANO,2.0,78.24,Buena,-69.78759370799992,-15.214088273999948,-69.77551841799993,-15.205821990999937,1.7000000000000002
2879,PE-08B,498.265,511.45,SAN MARTIN,SELVA,TRANSVERSAL,ONDULADO,1.0,27.06,Mala,-77.15849107799994,-6.359623089999957,-77.19907122799992,-6.2730477879999285,13.185000000000002
2880,PE-20A,207.069,208.501,PASCO,SIERRA,TRANSVERSAL,PLANO,2.0,75.08,Buena,-76.29959242899992,-10.893544343999906,-76.2975857749999,-10.88168943699992,1.4320000000000164
2881,PE-20A,191.375,191.875,PASCO,SIERRA,TRANSVERSAL,ONDULADO,1.0,55.02,Buena,-76.36375113999992,-11.005167170999925,-76.36506462099993,-11.002428054999939,0.5
2882,PE-20A,208.501,221.801,PASCO,SIERRA,TRANSVERSAL,PLANO,0.0,0.0,Buena,-76.2975857749999,-10.88168943699992,-76.23822599399995,-10.795084639999914,13.299999999999983
2883,PE-1S,0.0,1.235,LIMA,COSTA,LONGITUDINAL DE LA COSTA,PLANO,4.0,80.89,Buena,-76.97339732799992,-12.058600714999955,-76.97242731999995,-12.069246419999956,1.235
2884,PE-1S,19.067,20.144,LIMA,COSTA,LONGITUDINAL DE LA COSTA,PLANO,5.0,80.89,Buena,-76.97417776999993,-12.223022869999909,-76.96731890799992,-12.230040689999953,1.0769999999999982
2885,PE-18D,81.945,89.485,PASCO,SIERRA,TRANSVERSAL,ONDULADO,0.0,0.0,Sin Informacion,-75.7009682979999,-10.126638771999922,-75.67502647799995,-10.077016820999916,7.540000000000006
2886,PE-34C,4.058,5.406,AREQUIPA,SIERRA,VARIANTE,PLANO,4.0,75.08,Regular,-71.55109866499993,-16.41621100099991,-71.54127249699991,-16.423262500999954,1.3479999999999999
2887,PE-34E,177.42,204.249,CUSCO,SIERRA,RAMAL,ONDULADO,0.0,0.0,Mala,-71.31577299799994,-14.987951332999955,-71.41240692199995,-14.792436599999917,26.829000000000008
2888,PE-34C,14.834,16.048,AREQUIPA,SIERRA,VARIANTE,ONDULADO,2.0,66.89,Regular,-71.47069170599991,-16.418742881999947,-71.46940637699993,-16.415297067999916,1.2139999999999986
2889,PE-1NG,15.0,15.195,LA LIBERTAD,COSTA,RAMAL,PLANO,0.0,0.0,Sin Informacion,-79.39520643899994,-7.364311470999951,-79.39583666599992,-7.362761666999916,0.19500000000000028
2890,PE-08B,156.588,157.263,AMAZONAS,SELVA,TRANSVERSAL,ONDULADO,1.0,46.47,Buena,-78.02991774799995,-6.844753523999941,-78.0286595099999,-6.849525316999916,0.6750000000000114
2891,PE-30B,0.0,20.639,AYACUCHO,SIERRA,RAMAL,ONDULADO,1.0,43.03,Mala,-73.64627504499992,-14.609481985999935,-73.66313152899994,-14.47193804199992,20.639
2892,PE-3N,675.596,686.53,ANCASH,SIERRA,LONGITUDINAL DE LA SIERRA,MONTAÑOSO,2.0,44.1,Buena,-77.82293196199993,-8.852138220999905,-77.85641568999995,-8.815642044999947,10.933999999999969
2893,PE-20C,34.151,49.897,LIMA,SIERRA,TRANSVERSAL,ONDULADO,0.0,40.84,Buena,-77.06160722999994,-11.39230829099995,-76.95471656699993,-11.348123916999953,15.745999999999995
2894,PE-34A,43.306,60.488,AREQUIPA,SIERRA,TRANSVERSAL,MONTAÑOSO,2.0,55.0,Buena,-71.58138999999994,-16.342939999999942,-71.67933481999995,-16.25173481999991,17.182000000000002
2895,PE-12,25.264,58.479,ANCASH,COSTA,TRANSVERSAL,ONDULADO,2.0,76.18,Buena,-78.5486997129999,-8.789586777999943,-78.30860201799993,-8.66665401399996,33.215
2896,PE-1N,259.325,284.402,ANCASH,COSTA,LONGITUDINAL DE LA COSTA,PLANO,3.0,80.89,Buena,-78.05107350799994,-10.322472520999952,-78.11691541499994,-10.13941739899991,25.076999999999998
2897,PE-5NA,81.581,81.6,PASCO,SELVA,VARIANTE,ONDULADO,1.0,34.12,Mala,-75.5468471559999,-10.345400154999936,-75.54686489999995,-10.345228533999943,0.018999999999991246
2898,PE-5NC,205.532,210.001,AMAZONAS,SELVA,RAMAL,ONDULADO,1.0,46.47,Buena,-77.8495989839999,-4.76313801699996,-77.82697177099993,-4.732901470999934,4.468999999999994
2899,PE-16,0.0,37.23,LIMA,COSTA,TRANSVERSAL,PLANO,2.0,80.89,Buena,-77.80820610399991,-10.663254455999947,-77.67995680299993,-10.383212458999935,37.23
2900,PE-26,212.159,214.399,HUANCAVELICA,SIERRA,TRANSVERSAL,MONTAÑOSO,2.0,33.11,Buena,-75.04372316599995,-12.800251297999921,-75.03433227499994,-12.787961959999905,2.240000000000009
2901,PE-3SF,228.935,276.964,APURIMAC,SIERRA,RAMAL,MONTAÑOSO,1.0,44.1,Regular,-72.20083201099993,-14.067319267999949,-72.16985305199995,-13.909039939999957,48.028999999999996
2902,PE-1SC,15.869,19.518,ICA,COSTA,RAMAL,PLANO,2.0,69.78,Mala,-75.69554328899994,-13.971841811999923,-75.6808065649999,-13.946127434999937,3.649000000000001
2903,PE-14A,65.451,66.875,ANCASH,SIERRA,RAMAL,MONTAÑOSO,2.0,55.0,Regular,-77.17909944999991,-9.450405634999925,-77.17503679799995,-9.456163924999942,1.4240000000000066
2904,PE-3SF,145.062,191.453,APURIMAC,SIERRA,RAMAL,MONTAÑOSO,1.0,44.1,Regular,-72.57176022599992,-14.061330092999924,-72.43911772199993,-14.125081017999946,46.39099999999999
2905,PE-34A,138.703,154.118,AREQUIPA,SIERRA,TRANSVERSAL,MONTAÑOSO,2.0,55.0,Buena,-71.24976341199994,-15.97649406699992,-71.17758819799991,-15.895345464999934,15.414999999999992
2906,PE-3N,445.955,452.955,ANCASH,SIERRA,LONGITUDINAL DE LA SIERRA,ONDULADO,2.0,43.03,Buena,-77.13566970799991,-10.02416801499993,-77.14551544199992,-10.074367522999921,7.0
2907,PE-3N,1025.776,1028.952,LA LIBERTAD,SIERRA,LONGITUDINAL DE LA SIERRA,ONDULADO,1.0,49.53,Buena,-78.26992506999994,-8.143157753999958,-78.29216998099992,-8.125529750999931,3.175999999999931
2908,PE-3N,306.128,316.12,HUANUCO,SIERRA,LONGITUDINAL DE LA SIERRA,ONDULADO,1.0,66.89,Buena,-76.60364572899994,-9.844712146999939,-76.6471557619999,-9.804306029999907,9.992000000000019
2909,PE-5NA,120.42,122.328,PASCO,SELVA,VARIANTE,ONDULADO,2.0,32.51,Regular,-75.5452423719999,-10.092065496999908,-75.55068397499991,-10.076244353999925,1.9080000000000013
2910,PE-3N,73.085,86.375,JUNIN,SIERRA,LONGITUDINAL DE LA SIERRA,ONDULADO,2.0,66.89,Buena,-76.02261062699995,-10.992671050999945,-76.07617950399992,-10.89824294999994,13.290000000000006
2911,PE-3NA,0.0,15.979,ANCASH,SIERRA,VARIANTE,MONTAÑOSO,1.0,44.1,Buena,-77.96038320399992,-8.699709518999953,-77.92209572799993,-8.679791541999919,15.979
2912,PE-3N,579.016,580.078,ANCASH,SIERRA,LONGITUDINAL DE LA SIERRA,ONDULADO,2.0,55.02,Buena,-77.53187560999993,-9.538936792999948,-77.53254371799994,-9.528714863999937,1.0620000000000118
2913,PE-3N,376.449,379.513,ANCASH,SIERRA,LONGITUDINAL DE LA SIERRA,ONDULADO,2.0,43.03,Buena,-76.87296407199995,-9.861839320999934,-76.89242560199995,-9.864572726999938,3.0639999999999645
2914,PE-36B,35.887,49.9,MOQUEGUA,SIERRA,RAMAL,MONTAÑOSO,2.0,55.7,Buena,-70.40589607499993,-16.61452952399992,-70.37874041999993,-16.547280439999952,14.012999999999998
2915,PE-18C,85.966,86.783,UCAYALI,SELVA,TRANSVERSAL,PLANO,2.0,72.6,Buena,-74.53111063199992,-8.371781250999959,-74.52502724999994,-8.376029477999907,0.8170000000000073
2916,PE-18,172.203,180.73,PASCO,SIERRA,TRANSVERSAL,ONDULADO,2.0,55.02,Buena,-76.6724279579999,-10.60711684499995,-76.61742445699991,-10.610267153999928,8.526999999999987
2917,PE-1NI,11.835,15.232,LAMBAYEQUE,COSTA,RAMAL,PLANO,2.0,53.68,Buena,-79.58155475299992,-6.9167571489999204,-79.56044815999991,-6.897018438999908,3.3969999999999985
2918,PE-40,156.401,162.012,TACNA,SIERRA,TRANSVERSAL,ONDULADO,1.0,55.02,Buena,-69.51259930399993,-17.515548133999914,-69.46848437699992,-17.49832566999993,5.61099999999999
2919,PE-5NA,77.962,81.581,PASCO,SELVA,VARIANTE,ONDULADO,2.0,34.12,Mala,-75.54890116199994,-10.372871213999929,-75.5468471559999,-10.345400154999936,3.6189999999999998
2920,PE-16,90.574,96.078,ANCASH,SIERRA,TRANSVERSAL,MONTAÑOSO,2.0,55.0,Buena,-77.4371656159999,-10.15523676999993,-77.40764082099992,-10.139591090999943,5.504000000000005
2921,PE-14A,0.0,1.687,ANCASH,SIERRA,RAMAL,MONTAÑOSO,4.0,53.0,Mala,-77.5328458589999,-9.525826213999949,-77.51817368399992,-9.52704216299992,1.687
2922,PE-3N,1030.28,1031.826,LA LIBERTAD,SIERRA,LONGITUDINAL DE LA SIERRA,ONDULADO,1.0,55.02,Buena,-78.29642554499992,-8.112412726999935,-78.29109394999995,-8.09856427199992,1.5460000000000491
2923,PE-3N,455.061,469.07,ANCASH,SIERRA,LONGITUDINAL DE LA SIERRA,MONTAÑOSO,2.0,33.11,Buena,-77.15297737499992,-10.089925826999945,-77.1582090679999,-10.146700650999946,14.009000000000015
2924,PE-18,208.643,219.583,PASCO,SIERRA,TRANSVERSAL,ONDULADO,2.0,55.02,Buena,-76.58252255299993,-10.518101693999938,-76.5162271829999,-10.489852155999927,10.939999999999998
2925,PE-18,144.069,172.203,LIMA,SIERRA,TRANSVERSAL,MONTAÑOSO,2.0,33.11,Buena,-76.7413326379999,-10.685176917999911,-76.6724279579999,-10.60711684499995,28.134000000000015
2926,PE-3N,648.511,650.011,ANCASH,SIERRA,LONGITUDINAL DE LA SIERRA,ONDULADO,0.0,66.89,Buena,-77.80772972099993,-9.050886153999954,-77.8168239659999,-9.044665701999918,1.5
2927,PE-3N,1437.43,1442.448,CAJAMARCA,SIERRA,LONGITUDINAL DE LA SIERRA,MONTAÑOSO,1.0,44.1,Buena,-78.73969918099993,-6.561300966999909,-78.77475320499991,-6.545994169999915,5.018000000000029
2928,PE-12B,107.294,129.286,LA LIBERTAD,SELVA,RAMAL,MONTAÑOSO,1.0,37.47,Mala,-77.45668411299994,-8.342443465999906,-77.3837231629999,-8.345134734999931,21.992000000000004
2929,PE-1N,715.634,725.73,LA LIBERTAD,COSTA,LONGITUDINAL DE LA COSTA,PLANO,3.0,77.35,Buena,-79.45171294699992,-7.149627317999943,-79.52371706199995,-7.093625492999934,10.096000000000004
2930,PE-3N,842.965,846.414,ANCASH,SIERRA,LONGITUDINAL DE LA SIERRA,ONDULADO,1.0,43.03,Buena,-78.01502036999995,-8.421826625999927,-78.00728988599991,-8.410093306999954,3.4489999999999554
2931,PE-3SG,0.097,0.411,APURIMAC,SIERRA,RAMAL,ONDULADO,2.0,55.02,Buena,-72.24843978899992,-14.119340896999915,-72.24606895399995,-14.118280410999944,0.31399999999999995
2932,PE-5ND,0.0,10.23,AMAZONAS,SELVA,RAMAL,ONDULADO,1.0,41.29,Buena,-78.19674164399993,-4.936042435999923,-78.18702410599991,-4.864305739999907,10.23
2933,PE-1N,238.496,239.327,ANCASH,COSTA,LONGITUDINAL DE LA COSTA,PLANO,3.0,69.78,Buena,-77.92874974999995,-10.433233010999913,-77.92488927699992,-10.426866281999935,0.8309999999999889
2934,PE-22B,52.676,52.836,JUNIN,SIERRA,TRANSVERSAL,ONDULADO,1.0,66.89,Buena,-75.57340986999992,-11.34623346199993,-75.5719975799999,-11.346555602999956,0.1599999999999966
2935,PE-3N,303.471,306.128,HUANUCO,SIERRA,LONGITUDINAL DE LA SIERRA,ONDULADO,2.0,66.89,Buena,-76.60355807899992,-9.848900967999953,-76.60364572899994,-9.844712146999939,2.6569999999999823
2936,PE-5ND,56.014,66.443,AMAZONAS,SELVA,RAMAL,ONDULADO,1.0,41.29,Buena,-78.02345835599994,-4.684377966999932,-77.98130189099993,-4.627718135999942,10.428999999999995
2937,PE-1N,202.035,207.614,LIMA,COSTA,LONGITUDINAL DE LA COSTA,PLANO,3.0,77.35,Buena,-77.77868291199991,-10.699529517999906,-77.80820610399991,-10.663254455999947,5.579000000000008
2938,PE-3N,1056.376,1059.365,LA LIBERTAD,SIERRA,LONGITUDINAL DE LA SIERRA,MONTAÑOSO,2.0,55.7,Buena,-78.2563856889999,-7.984544353999922,-78.24198913599992,-7.987501143999907,2.9890000000000327
2939,PE-12,0.0,5.039,ANCASH,COSTA,TRANSVERSAL,PLANO,2.0,80.89,Buena,-78.61701749699995,-8.984508727999923,-78.58750555199993,-8.961020571999939,5.039
2940,PE-18,112.982,116.944,LIMA,SIERRA,TRANSVERSAL,MONTAÑOSO,2.0,44.1,Buena,-76.86129963399992,-10.77556195099993,-76.8614468419999,-10.747154136999939,3.9620000000000033
2941,PE-3N,784.47,793.262,ANCASH,SIERRA,LONGITUDINAL DE LA SIERRA,MONTAÑOSO,2.0,53.0,Mala,-78.13786888099992,-8.497880935999945,-78.10030262499993,-8.484892015999947,8.791999999999916
2942,PE-30B,135.875,146.169,APURIMAC,SIERRA,RAMAL,ONDULADO,1.0,49.53,Regular,-73.37647199399993,-13.831888385999946,-73.37419278599992,-13.805765738999924,10.294000000000011
2943,PE-3NB,15.009,15.281,CAJAMARCA,SIERRA,VARIANTE,MONTAÑOSO,1.0,44.1,Regular,-78.5579073209999,-6.841613533999919,-78.55605999999995,-6.841449999999952,0.27200000000000024
2944,PE-34I,77.872,78.334,PUNO,SIERRA,RAMAL,PLANO,2.0,35.54,Mala,-69.35476213299995,-15.489184547999912,-69.35246738199993,-15.492111831999921,0.4620000000000033
2945,PE-28D,73.085,77.921,HUANCAVELICA,SIERRA,RAMAL,ONDULADO,2.0,55.02,Buena,-75.30848710499993,-13.265834789999928,-75.29143726399991,-13.248117648999937,4.836000000000013
2946,PE-28D,7.652,29.027,HUANCAVELICA,SIERRA,RAMAL,MONTAÑOSO,1.0,33.43,Buena,-75.48883317799994,-13.524372599999936,-75.4334953419999,-13.387320021999926,21.375
2947,PE-3N,561.407,578.858,ANCASH,SIERRA,LONGITUDINAL DE LA SIERRA,ONDULADO,2.0,62.45,Buena,-77.48002181599992,-9.669692452999925,-77.53179931599993,-9.540462661999925,17.450999999999908
2948,PE-3SF,296.817,309.176,APURIMAC,SIERRA,RAMAL,MONTAÑOSO,1.0,44.1,Regular,-72.26296374299994,-13.814258410999912,-72.29043286899991,-13.76399978899991,12.35899999999998
2949,PE-28D,107.0,113.799,HUANCAVELICA,SIERRA,RAMAL,ONDULADO,1.0,55.02,Buena,-75.10416161599994,-13.218876870999907,-75.08583346199993,-13.172682015999953,6.799000000000007
2950,PE-26,214.399,223.301,HUANCAVELICA,SIERRA,TRANSVERSAL,MONTAÑOSO,2.0,44.1,Buena,-75.03433227499994,-12.787961959999905,-74.96878772899993,-12.786211901999934,8.901999999999987
2951,PE-34A,67.67,68.584,AREQUIPA,SIERRA,TRANSVERSAL,ONDULADO,2.0,62.45,Buena,-71.65766999999994,-16.215509999999938,-71.65047352099992,-16.213179286999946,0.9140000000000015
2952,PE-06B,45.184,50.824,CAJAMARCA,SIERRA,RAMAL,ONDULADO,1.0,49.53,Buena,-79.00225639299993,-6.638729094999917,-78.98613477099991,-6.61372171499994,5.640000000000001
2953,PE-40,148.2,151.598,TACNA,SIERRA,TRANSVERSAL,ONDULADO,1.0,49.53,Regular,-69.58266177099995,-17.54317759399993,-69.5532162639999,-17.532513082999913,3.3980000000000246
2954,PE-5ND,40.578,50.524,AMAZONAS,SELVA,RAMAL,ONDULADO,1.0,50.38,Buena,-78.11886033399992,-4.742714160999924,-78.04848891899991,-4.713085597999907,9.945999999999998
2955,PE-3N,578.858,579.016,ANCASH,SIERRA,LONGITUDINAL DE LA SIERRA,ONDULADO,2.0,43.03,Buena,-77.53179931599993,-9.540462661999925,-77.53187560999993,-9.538936792999948,0.15800000000001546
2956,PE-30B,146.169,160.286,APURIMAC,SIERRA,RAMAL,ONDULADO,1.0,55.02,Buena,-73.37419278599992,-13.805765738999924,-73.3497676849999,-13.733772277999947,14.11699999999999
2957,PE-08,26.328,26.916,CAJAMARCA,COSTA,TRANSVERSAL,PLANO,2.0,80.89,Buena,-79.26867732499994,-7.275901783999927,-79.26488536199992,-7.273736064999923,0.588000000000001
2958,PE-34A,210.702,233.852,PUNO,SIERRA,TRANSVERSAL,ONDULADO,2.0,62.45,Buena,-70.80154599999992,-15.683601199999941,-70.63848003399994,-15.688359534999904,23.150000000000006
2959,PE-3N,893.743,897.926,ANCASH,SIERRA,LONGITUDINAL DE LA SIERRA,MONTAÑOSO,1.0,31.95,Buena,-77.99277677299995,-8.241837549999957,-77.97607421899994,-8.234569549999947,4.182999999999993
2960,PE-3N,487.534,500.134,ANCASH,SIERRA,LONGITUDINAL DE LA SIERRA,PLANO,7.0,33.66,Buena,-77.19373893699992,-10.086687087999906,-77.2921400429999,-10.121730000999946,12.600000000000023
2961,PE-3N,403.949,435.108,ANCASH,SIERRA,LONGITUDINAL DE LA SIERRA,ONDULADO,1.0,68.7,Buena,-77.03897458699993,-9.850379213999929,-77.09674292299991,-9.947458456999925,31.158999999999992
2962,PE-5NB,90.574,113.766,LORETO,SELVA,RAMAL,ONDULADO,2.0,60.03,Buena,-76.25679900799992,-6.051372026999957,-76.16000499799992,-5.947158033999926,23.192000000000007
2963,PE-18A,51.496,52.132,HUANUCO,SIERRA,TRANSVERSAL,ONDULADO,2.0,43.03,Buena,-76.08337346899992,-9.695245964999913,-76.0850751079999,-9.691397327999937,0.6359999999999957
2964,PE-1N,0.533,3.2,LIMA,COSTA,LONGITUDINAL DE LA COSTA,PLANO,3.0,80.89,Buena,-76.97513406399992,-12.053950698999927,-76.98928008099995,-12.035062378999953,2.6670000000000003
2965,PE-1SC,10.641,15.869,ICA,COSTA,RAMAL,PLANO,2.0,80.89,Buena,-75.70561027499991,-14.011888503999955,-75.69554298399993,-13.971839881999927,5.228
2966,PE-3SH,40.322,41.23,PUNO,SIERRA,RAMAL,ONDULADO,2.0,68.7,Buena,-70.34107957999993,-14.77930605499995,-70.33611638799994,-14.771542328999942,0.9079999999999941
2967,PE-34I,45.873,47.094,PUNO,SIERRA,RAMAL,PLANO,2.0,42.22,Buena,-69.50943400999995,-15.35192215199993,-69.50260925399994,-15.358921050999925,1.2210000000000036
2968,PE-1SG,0.0,4.306,ICA,COSTA,VARIANTE,PLANO,0.0,0.0,Sin Informacion,-76.1890259999999,-13.753158999999926,-76.20790040599991,-13.717060959999912,4.306
2969,PE-28D,44.461,51.319,HUANCAVELICA,SIERRA,RAMAL,MONTAÑOSO,1.0,33.43,Buena,-75.3978359269999,-13.397970554999915,-75.3661662209999,-13.389124684999956,6.858000000000004
2970,PE-3N,1443.512,1459.708,CAJAMARCA,SIERRA,LONGITUDINAL DE LA SIERRA,MONTAÑOSO,2.0,44.1,Buena,-78.78064720099991,-6.541876159999958,-78.8830986019999,-6.475898742999959,16.19600000000014
2971,PE-3N,1038.794,1043.251,LA LIBERTAD,SIERRA,LONGITUDINAL DE LA SIERRA,ONDULADO,2.0,49.53,Buena,-78.29959239699991,-8.048071121999953,-78.3248901369999,-8.01376533499996,4.45699999999988
2972,PE-3N,381.911,387.127,ANCASH,SIERRA,LONGITUDINAL DE LA SIERRA,ONDULADO,2.0,55.02,Buena,-76.90827276399995,-9.870880601999943,-76.93519820599994,-9.89573028999996,5.216000000000008
2973,PE-32,221.319,225.449,AYACUCHO,SIERRA,TRANSVERSAL,ONDULADO,1.0,49.53,Buena,-73.84395217899993,-14.971523284999932,-73.85998641999993,-14.954406462999941,4.130000000000024
2974,PE-32,241.089,245.513,AYACUCHO,SIERRA,TRANSVERSAL,ONDULADO,1.0,55.02,Buena,-73.9181603909999,-14.88055333299991,-73.93589964699993,-14.849854333999929,4.424000000000007
2975,PE-32,266.039,270.717,AYACUCHO,SIERRA,TRANSVERSAL,MONTAÑOSO,1.0,40.51,Buena,-74.02861785899995,-14.771310805999917,-74.05129612199994,-14.754628417999925,4.677999999999997
2976,PE-32,230.483,241.089,AYACUCHO,SIERRA,TRANSVERSAL,ONDULADO,1.0,49.53,Buena,-73.87537884799991,-14.935078657999952,-73.9181603909999,-14.88055333299991,10.605999999999995
2977,PE-32,225.449,230.483,AYACUCHO,SIERRA,TRANSVERSAL,ONDULADO,1.0,55.02,Buena,-73.85998641999993,-14.954406462999941,-73.87537884799991,-14.935078657999952,5.033999999999992
2978,PE-32,202.422,206.359,AYACUCHO,SIERRA,TRANSVERSAL,ONDULADO,1.0,49.53,Buena,-73.77772838499993,-15.015545180999936,-73.79444503799994,-14.991823195999928,3.937000000000012
2979,PE-32,245.513,266.039,AYACUCHO,SIERRA,TRANSVERSAL,MONTAÑOSO,1.0,44.1,Buena,-73.93589964699993,-14.849854333999929,-74.02861785899995,-14.771310805999917,20.525999999999982
2980,PE-32,270.717,275.704,AYACUCHO,SIERRA,TRANSVERSAL,MONTAÑOSO,1.0,44.1,Buena,-74.05129612199994,-14.754628417999925,-74.06695571999995,-14.745195503999923,4.987000000000023
2981,PE-3N,1699.285,1705.23,PIURA,SIERRA,LONGITUDINAL DE LA SIERRA,MONTAÑOSO,1.0,44.1,Buena,-79.49525732599994,-5.501389753999945,-79.48998746799992,-5.481897593999918,5.944999999999936
2982,PE-3N,1652.027,1653.023,PIURA,SELVA,LONGITUDINAL DE LA SIERRA,MONTAÑOSO,2.0,55.0,Buena,-79.48718630699994,-5.750680074999934,-79.48962891399992,-5.744781515999932,0.9959999999998672
2983,PE-3N,1774.687,1779.53,PIURA,SELVA,LONGITUDINAL DE LA SIERRA,MONTAÑOSO,1.0,26.34,Mala,-79.45216232099995,-5.236138566999955,-79.44917869499994,-5.220972060999941,4.843000000000075
2984,PE-3N,1789.256,1790.756,PIURA,SIERRA,LONGITUDINAL DE LA SIERRA,MONTAÑOSO,1.0,26.8,Mala,-79.43344324499992,-5.165645699999914,-79.43286758799991,-5.163579242999958,1.5
2985,PE-3N,1694.916,1699.285,PIURA,SIERRA,LONGITUDINAL DE LA SIERRA,MONTAÑOSO,1.0,33.11,Buena,-79.51112274799993,-5.522028982999927,-79.49525732599994,-5.501389753999945,4.369000000000142
2986,PE-3N,1635.408,1646.176,PIURA,SELVA,LONGITUDINAL DE LA SIERRA,MONTAÑOSO,2.0,48.16,Buena,-79.43646053299994,-5.788104063999924,-79.46442848599992,-5.763075206999929,10.768000000000029
2987,PE-28D,139.898,143.9,HUANCAVELICA,SIERRA,RAMAL,ONDULADO,1.0,55.02,Buena,-75.09167671199992,-13.027645110999913,-75.08854654899994,-12.994598358999951,4.0020000000000095
2988,PE-26B,4.856,8.881,HUANCAVELICA,SIERRA,RAMAL,ONDULADO,2.0,49.53,Regular,-74.94362325299994,-12.800667334999957,-74.93247985799991,-12.81134033199993,4.025
2989,PE-3N,667.894,668.539,ANCASH,SIERRA,LONGITUDINAL DE LA SIERRA,MONTAÑOSO,2.0,55.0,Regular,-77.84411147899993,-8.89711697699994,-77.83956692499993,-8.894163612999932,0.6449999999999818
2990,PE-24,84.271,88.631,LIMA,SIERRA,TRANSVERSAL,ONDULADO,1.0,68.7,Buena,-75.92043671999994,-12.83060120999994,-75.8946454199999,-12.805046709999942,4.359999999999999
2991,PE-3N,149.066,150.031,PASCO,SIERRA,LONGITUDINAL DE LA SIERRA,ONDULADO,2.0,62.45,Buena,-76.18764495799991,-10.579219817999956,-76.19083815399995,-10.572261632999925,0.9650000000000034
2992,PE-3N,837.014,840.816,ANCASH,SIERRA,LONGITUDINAL DE LA SIERRA,ONDULADO,2.0,68.7,Buena,-78.02923965499991,-8.447698592999927,-78.02177858499994,-8.43017313799993,3.802000000000021
2993,PE-5NA,46.407,46.411,PASCO,SELVA,VARIANTE,PLANO,2.0,43.98,Mala,-75.40791728799991,-10.568015855999931,-75.40795502899994,-10.56797804599995,0.0040000000000048885
2994,PE-08A,0.0,5.054,CAJAMARCA,SIERRA,RAMAL,MONTAÑOSO,2.0,55.0,Buena,-78.84766963999994,-7.223835006999934,-78.82467541499994,-7.188657995999961,5.054
2995,PE-3SF,211.666,216.802,APURIMAC,SIERRA,RAMAL,ONDULADO,1.0,49.53,Regular,-72.30346664399991,-14.144073826999943,-72.26960893199993,-14.124502100999905,5.135999999999996
2996,PE-26B,66.931,74.681,HUANCAVELICA,SIERRA,RAMAL,MONTAÑOSO,1.0,44.1,Regular,-74.73215401699991,-12.971711742999958,-74.7329113859999,-12.996205889999942,7.75
2997,PE-22,11.101,12.481,LIMA,COSTA,TRANSVERSAL,PLANO,2.0,80.89,Buena,-76.89745150899995,-12.018704639999953,-76.88558769199994,-12.014684676999934,1.379999999999999
2998,PE-12B,54.775,106.065,ANCASH,SIERRA,RAMAL,MONTAÑOSO,1.0,40.51,Mala,-77.51178169199994,-8.451601027999914,-77.46312645799992,-8.33974681099994,51.29
2999,PE-1N,198.789,202.035,LIMA,COSTA,LONGITUDINAL DE LA COSTA,PLANO,3.0,77.35,Buena,-77.7622703749999,-10.723598326999934,-77.77868291199991,-10.699529517999906,3.2460000000000093
3000,PE-3SH,39.297,40.322,PUNO,SIERRA,RAMAL,ONDULADO,2.0,68.7,Buena,-70.35001754799993,-14.785039901999937,-70.34107957999993,-14.77930605499995,1.0250000000000057
3001,PE-3N,686.53,687.505,ANCASH,SIERRA,LONGITUDINAL DE LA SIERRA,ONDULADO,2.0,62.45,Mala,-77.85641568999995,-8.815642044999947,-77.86443901099994,-8.819524764999926,0.9750000000000227
3002,PE-28A,80.098,84.792,ICA,SIERRA,TRANSVERSAL,PLANO,2.0,75.08,Buena,-75.53535787999994,-13.566331342999945,-75.5117633079999,-13.588476227999934,4.694000000000003
3003,PE-3N,1489.411,1489.429,CAJAMARCA,SIERRA,LONGITUDINAL DE LA SIERRA,MONTAÑOSO,4.0,40.51,Buena,-78.81747828899995,-6.388785716999905,-78.81715846399993,-6.388892802999919,0.018000000000029104
3004,PE-3SF,216.802,219.118,APURIMAC,SIERRA,RAMAL,ONDULADO,1.0,55.02,Buena,-72.26960893199993,-14.124502100999905,-72.24919147299994,-14.119505544999924,2.3160000000000025
3005,PE-3N,664.989,667.894,ANCASH,SIERRA,LONGITUDINAL DE LA SIERRA,MONTAÑOSO,2.0,55.0,Buena,-77.84506598399992,-8.930977500999916,-77.84411147899993,-8.89711697699994,2.9049999999999727
3006,PE-5NB,48.737,54.09,SAN MARTIN,SELVA,RAMAL,MONTAÑOSO,2.0,48.16,Buena,-76.29206216999995,-6.37039948599994,-76.29005903399991,-6.334011919999909,5.3530000000000015
3007,PE-16,37.23,46.988,LIMA,SIERRA,TRANSVERSAL,PLANO,2.0,78.24,Buena,-77.67995680299993,-10.383212458999935,-77.62707565999995,-10.32508897899993,9.758000000000003
3008,PE-24,68.276,74.797,LIMA,SIERRA,TRANSVERSAL,ONDULADO,2.0,66.89,Buena,-76.02478737099995,-12.859190397999953,-75.98976604399991,-12.840125619999924,6.521000000000001
3009,PE-24A,181.217,196.159,JUNIN,SELVA,TRANSVERSAL,ONDULADO,1.0,46.47,Regular,-74.74024583199991,-11.372726231999934,-74.69728088399995,-11.305374145999906,14.941999999999979
3010,PE-28A,264.665,311.268,AYACUCHO,SIERRA,TRANSVERSAL,ONDULADO,2.0,66.89,Buena,-74.5240550819999,-13.343675739999924,-74.30241314699992,-13.241615550999938,46.60299999999995
3011,PE-28A,228.18,231.776,AYACUCHO,SIERRA,TRANSVERSAL,ONDULADO,2.0,66.89,Buena,-74.85539982299991,-13.35974058499994,-74.7864150289999,-13.351558588999922,3.5960000000000036
3012,PE-28A,237.138,241.961,HUANCAVELICA,SIERRA,TRANSVERSAL,ONDULADO,2.0,68.7,Buena,-74.73032376299994,-13.355215310999938,-74.69780620299991,-13.359891897999944,4.8230000000000075
3013,PE-28A,84.889,94.612,HUANCAVELICA,SIERRA,TRANSVERSAL,ONDULADO,2.0,68.7,Buena,-75.5111819519999,-13.589113784999938,-75.43655638699994,-13.609454953999943,9.722999999999999
3014,PE-28A,183.299,188.369,HUANCAVELICA,SIERRA,TRANSVERSAL,ONDULADO,0.0,62.45,Buena,-74.9602781079999,-13.426214917999914,-74.9542361739999,-13.397092393999912,5.069999999999993
3015,PE-28A,163.105,168.146,HUANCAVELICA,SIERRA,TRANSVERSAL,ONDULADO,0.0,66.89,Buena,-75.0843369509999,-13.479649476999953,-75.04553636599991,-13.467490833999932,5.040999999999997
3016,PE-28A,11.055,36.952,ICA,COSTA,TRANSVERSAL,PLANO,2.0,77.35,Buena,-76.0592956669999,-13.683157865999931,-75.83860145599994,-13.710591873999931,25.897
3017,PE-28A,201.858,206.972,HUANCAVELICA,SIERRA,TRANSVERSAL,ONDULADO,2.0,68.7,Buena,-74.9254134759999,-13.404947063999941,-74.89803999399993,-13.413352163999946,5.114000000000004
3018,PE-28A,146.384,153.296,HUANCAVELICA,SIERRA,TRANSVERSAL,ONDULADO,2.0,68.7,Buena,-75.19844149399995,-13.539298964999944,-75.15757617899993,-13.51201607899992,6.912000000000006
3019,PE-5NC,210.001,213.653,AMAZONAS,SELVA,RAMAL,ONDULADO,1.0,41.29,Buena,-77.82697177099993,-4.732901470999934,-77.81298732899995,-4.700350048999951,3.651999999999987
3020,PE-34C,220.132,221.516,PUNO,SIERRA,VARIANTE,MONTAÑOSO,2.0,33.43,Mala,-70.61006999999995,-15.704029999999932,-70.60226999999992,-15.694949999999949,1.3839999999999861
3021,PE-26,231.22,293.007,HUANCAVELICA,SIERRA,TRANSVERSAL,MONTAÑOSO,2.0,55.0,Regular,-74.9177966069999,-12.763482765999925,-74.9607930169999,-12.519272352999906,61.787000000000006
3022,PE-28D,94.359,98.323,HUANCAVELICA,SIERRA,RAMAL,ONDULADO,1.0,55.02,Buena,-75.2044124599999,-13.241086959999905,-75.17000788699994,-13.23100211399992,3.9639999999999986
3023,PE-24A,135.762,158.146,JUNIN,SIERRA,TRANSVERSAL,MONTAÑOSO,1.0,44.1,Regular,-74.88733815499995,-11.486520140999914,-74.80605395899994,-11.498890266999922,22.383999999999986
3024,PE-3SB,0.0,17.749,JUNIN,SIERRA,VARIANTE,PLANO,2.0,78.24,Buena,-75.48655802799993,-11.80375362999996,-75.36500358599994,-11.905857085999912,17.749
3025,PE-1N,604.125,611.255,LA LIBERTAD,COSTA,LONGITUDINAL DE LA COSTA,PLANO,3.0,80.89,Buena,-79.1524484059999,-7.839410175999944,-79.2023094679999,-7.7989761909999515,7.1299999999999955
3026,PE-1N,311.347,322.947,ANCASH,COSTA,LONGITUDINAL DE LA COSTA,PLANO,3.0,80.89,Buena,-78.22009916099995,-9.923230874999945,-78.18222291899991,-9.840531719999944,11.600000000000023
3027,PE-3N,1289.483,1293.932,CAJAMARCA,SIERRA,LONGITUDINAL DE LA SIERRA,ONDULADO,2.0,66.89,Regular,-78.56855964599993,-7.097864150999953,-78.57612609899991,-7.091611861999922,4.449000000000069
3028,PE-28D,98.323,102.8,HUANCAVELICA,SIERRA,RAMAL,ONDULADO,1.0,55.02,Buena,-75.17000788699994,-13.23100211399992,-75.14060020399995,-13.228372573999934,4.477000000000004
3029,PE-12B,147.03,161.395,LA LIBERTAD,SIERRA,RAMAL,MONTAÑOSO,1.0,40.51,Mala,-77.3196468349999,-8.317947387999936,-77.29778536399994,-8.279176069999949,14.365000000000009
3030,PE-06B,91.154,96.407,CAJAMARCA,SIERRA,RAMAL,ONDULADO,1.0,43.03,Buena,-78.8086779429999,-6.568483803999925,-78.79192943999993,-6.559849958999905,5.253
3031,PE-06B,60.32,91.154,CAJAMARCA,SIERRA,RAMAL,ONDULADO,1.0,49.53,Buena,-78.94619100799991,-6.622235190999959,-78.8086779429999,-6.568483803999925,30.833999999999996
3032,PE-14A,180.494,180.994,ANCASH,SIERRA,RAMAL,MONTAÑOSO,1.0,40.51,Mala,-76.9456704129999,-9.113525915999958,-76.94463177499995,-9.109158858999933,0.5
3033,PE-26B,58.054,66.931,HUANCAVELICA,SIERRA,RAMAL,MONTAÑOSO,1.0,40.51,Mala,-74.7596855029999,-12.96135524999994,-74.73215401699991,-12.971711742999958,8.876999999999995
3034,PE-3N,580.761,581.997,ANCASH,SIERRA,LONGITUDINAL DE LA SIERRA,ONDULADO,2.0,43.03,Buena,-77.53302001999992,-9.522367402999919,-77.53219032299995,-9.511503219999952,1.23599999999999
3035,PE-3N,1103.459,1111.994,LA LIBERTAD,SIERRA,LONGITUDINAL DE LA SIERRA,PLANO,2.0,44.78,Buena,-78.02685145399994,-7.820714622999958,-77.97952194099992,-7.797307513999954,8.534999999999854
3036,PE-1N,4.187,5.809,LIMA,COSTA,LONGITUDINAL DE LA COSTA,PLANO,6.0,80.89,Buena,-76.99585674899993,-12.02913955699995,-77.00950228399995,-12.034363023999958,1.6219999999999999
3037,PE-28D,77.921,82.777,HUANCAVELICA,SIERRA,RAMAL,ONDULADO,1.0,55.02,Buena,-75.29143726399991,-13.248117648999937,-75.2679538729999,-13.224521636999953,4.8559999999999945
3038,PE-28D,88.983,91.128,HUANCAVELICA,SIERRA,RAMAL,ONDULADO,1.0,55.02,Buena,-75.2393111049999,-13.241103176999957,-75.21827486699993,-13.246682820999922,2.144999999999996
3039,PE-18,110.313,112.982,LIMA,SIERRA,TRANSVERSAL,MONTAÑOSO,1.0,44.1,Buena,-76.8752783939999,-10.792429942999945,-76.86129963399992,-10.77556195099993,2.668999999999997
3040,PE-3N,670.458,675.596,ANCASH,SIERRA,LONGITUDINAL DE LA SIERRA,MONTAÑOSO,2.0,40.51,Buena,-77.8272978409999,-8.877445473999956,-77.82293196199993,-8.852138220999905,5.138000000000034
3041,PE-3SA,47.354,49.028,JUNIN,SIERRA,RAMAL,MONTAÑOSO,2.0,55.7,Buena,-75.6524210419999,-11.50349198799995,-75.66319847099993,-11.49451255799994,1.6739999999999995
3042,PE-1S,605.303,606.35,AREQUIPA,COSTA,LONGITUDINAL DE LA COSTA,ONDULADO,2.0,76.18,Buena,-74.30200268199991,-15.820320048999918,-74.29807892999992,-15.828361999999913,1.0470000000000255
3043,PE-26B,34.066,58.054,HUANCAVELICA,SIERRA,RAMAL,MONTAÑOSO,1.0,44.1,Regular,-74.83803707099992,-12.887188499999922,-74.7596855029999,-12.96135524999994,23.988
3044,PE-06B,2.484,20.497,CAJAMARCA,SIERRA,RAMAL,MONTAÑOSO,1.0,44.1,Buena,-79.23472198799993,-6.611643084999912,-79.10315744499991,-6.6461736729999075,18.012999999999998
3045,PE-28D,64.599,68.844,HUANCAVELICA,SIERRA,RAMAL,MONTAÑOSO,1.0,55.7,Buena,-75.32121258799992,-13.320398079999904,-75.3192576379999,-13.291494217999912,4.24499999999999
3046,PE-08C,38.62,39.38,AMAZONAS,SELVA,RAMAL,ONDULADO,2.0,59.09,Buena,-77.97939967999991,-5.950245139999936,-77.97883826299994,-5.943566066999949,0.7600000000000051
3047,PE-14A,133.349,160.975,ANCASH,SIERRA,RAMAL,MONTAÑOSO,1.0,40.51,Mala,-76.92553859899994,-9.235848035999936,-76.91245895299994,-9.14820236199995,27.626000000000005
3048,PE-08B,215.747,216.588,AMAZONAS,SIERRA,TRANSVERSAL,MONTAÑOSO,1.0,44.1,Buena,-77.88953729399992,-6.737979779999932,-77.89411344099994,-6.733621862999939,0.8409999999999798
3049,PE-3N,1043.277,1045.276,LA LIBERTAD,SIERRA,LONGITUDINAL DE LA SIERRA,MONTAÑOSO,2.0,40.51,Buena,-78.32575617399993,-8.013167437999925,-78.3105888849999,-8.011204198999906,1.9990000000000236
3050,PE-20C,20.881,23.439,LIMA,COSTA,TRANSVERSAL,ONDULADO,1.0,41.9,Buena,-77.13863663699993,-11.473050779999937,-77.13048627899991,-11.461097306999932,2.558
3051,PE-5NC,223.203,241.632,AMAZONAS,SELVA,RAMAL,ONDULADO,1.0,46.47,Buena,-77.76248527399991,-4.6498842589999185,-77.66952567699991,-4.608686415999955,18.429000000000002
3052,PE-36B,22.108,33.545,MOQUEGUA,SIERRA,RAMAL,MONTAÑOSO,2.0,55.7,Buena,-70.44969015999993,-16.713768640999945,-70.40685905999993,-16.628407981999942,11.437000000000001
3053,PE-10A,65.573,70.424,LA LIBERTAD,SIERRA,TRANSVERSAL,MONTAÑOSO,2.0,53.0,Buena,-78.61066169399993,-7.949051460999954,-78.58226150299993,-7.928761067999915,4.851000000000013
3054,PE-3N,0.0,2.714,JUNIN,SIERRA,LONGITUDINAL DE LA SIERRA,ONDULADO,2.0,62.45,Buena,-75.90932789099992,-11.522644942999932,-75.92997431099991,-11.513639846999922,2.714
3055,PE-3N,650.011,654.927,ANCASH,SIERRA,LONGITUDINAL DE LA SIERRA,ONDULADO,0.0,62.45,Buena,-77.8168239659999,-9.044665701999918,-77.81807899499995,-9.007545470999958,4.916000000000054
3056,PE-3N,252.289,253.551,HUANUCO,SIERRA,LONGITUDINAL DE LA SIERRA,ONDULADO,0.0,49.53,Buena,-76.39853992299993,-9.903556215999913,-76.40065956099994,-9.90155982999994,1.2620000000000005
3057,PE-36A,97.94,99.305,MOQUEGUA,SIERRA,TRANSVERSAL,ONDULADO,2.0,62.45,Buena,-70.61303126999991,-16.87119501299992,-70.60418885399991,-16.873047585999927,1.365000000000009
3058,PE-36B,73.144,113.416,PUNO,SIERRA,RAMAL,MONTAÑOSO,2.0,55.0,Buena,-70.29479735399991,-16.37800330199991,-70.09556878199993,-16.184168977999946,40.27199999999999
3059,PE-3N,655.754,655.756,ANCASH,SIERRA,LONGITUDINAL DE LA SIERRA,ONDULADO,0.0,66.89,Buena,-77.81885045399991,-9.002160981999907,-77.81884956399995,-9.002149581999959,0.0019999999999527063
3060,PE-3N,871.108,889.972,ANCASH,SIERRA,LONGITUDINAL DE LA SIERRA,ONDULADO,1.0,27.33,Buena,-77.96599960299994,-8.318758010999943,-77.9967403409999,-8.254234313999916,18.864000000000033
3061,PE-28D,143.9,165.093,HUANCAVELICA,SIERRA,RAMAL,ONDULADO,1.0,49.53,Buena,-75.08854654899994,-12.994598358999951,-75.09320233499994,-12.841720645999942,21.192999999999984
3062,PE-18,119.546,126.764,LIMA,SIERRA,TRANSVERSAL,MONTAÑOSO,2.0,40.51,Buena,-76.84644741999995,-10.73595299099992,-76.80963823999991,-10.688563159999944,7.217999999999989
3063,PE-3N,1154.197,1155.034,CAJAMARCA,SIERRA,LONGITUDINAL DE LA SIERRA,ONDULADO,1.0,62.45,Buena,-78.0467678949999,-7.62436816099995,-78.04866981499993,-7.617124556999954,0.8370000000002165
3064,PE-3N,988.541,1001.05,LA LIBERTAD,SIERRA,LONGITUDINAL DE LA SIERRA,ONDULADO,1.0,49.53,Regular,-78.1587444779999,-8.08049271099992,-78.17399974099993,-8.143321561999926,12.5089999999999
3065,PE-26B,8.881,14.257,HUANCAVELICA,SIERRA,RAMAL,ONDULADO,1.0,49.53,Regular,-74.93247992599993,-12.811340209999912,-74.90644772199994,-12.82332128899992,5.3759999999999994
3066,PE-3N,322.485,328.267,HUANUCO,SIERRA,LONGITUDINAL DE LA SIERRA,ONDULADO,1.0,66.89,Buena,-76.65594914799993,-9.756325319999917,-76.66868444099993,-9.71148790999996,5.781999999999982
3067,PE-3N,1062.479,1078.148,LA LIBERTAD,SIERRA,LONGITUDINAL DE LA SIERRA,MONTAÑOSO,2.0,55.7,Buena,-78.22977052999994,-7.973145314999954,-78.1525596429999,-7.915894343999923,15.668999999999869
3068,PE-3N,128.347,148.299,PASCO,SIERRA,LONGITUDINAL DE LA SIERRA,ONDULADO,2.0,68.7,Buena,-76.1946545699999,-10.694130210999958,-76.1853948179999,-10.585957507999922,19.951999999999998
3069,PE-18,27.425,42.272,LIMA,SIERRA,TRANSVERSAL,PLANO,2.0,60.6,Buena,-77.31063174999991,-11.218624742999907,-77.2462672929999,-11.14586661699991,14.846999999999998
3070,PE-08A,29.444,34.691,CAJAMARCA,SIERRA,RAMAL,MONTAÑOSO,2.0,55.0,Buena,-78.80723809599994,-7.113951019999945,-78.78371019699995,-7.086680566999917,5.247000000000003
3071,PE-36B,65.721,67.081,MOQUEGUA,SIERRA,RAMAL,MONTAÑOSO,1.0,53.0,Buena,-70.33265589399991,-16.425251826999954,-70.3286075019999,-16.414036796999937,1.3599999999999994
3072,PE-1N,284.402,289.398,ANCASH,COSTA,LONGITUDINAL DE LA COSTA,PLANO,3.0,77.35,Buena,-78.11691541499994,-10.13941739899991,-78.14028290199991,-10.100497568999913,4.996000000000038
3073,PE-06B,40.277,45.184,CAJAMARCA,SIERRA,RAMAL,ONDULADO,1.0,55.02,Buena,-79.0073558279999,-6.649125011999956,-79.00225639299993,-6.638729094999917,4.9069999999999965
3074,PE-3N,1051.189,1054.676,LA LIBERTAD,SIERRA,LONGITUDINAL DE LA SIERRA,MONTAÑOSO,2.0,55.0,Buena,-78.29081886699993,-7.990698852999913,-78.26346588099995,-7.987638473999937,3.4869999999998527
3075,PE-26,201.600229,206.807,HUANCAVELICA,SIERRA,TRANSVERSAL,ONDULADO,1.0,49.53,Buena,-75.09320233499994,-12.841720645999942,-75.05397676399991,-12.812484725999923,5.206770999999975
3076,PE-28D,82.777,88.983,HUANCAVELICA,SIERRA,RAMAL,ONDULADO,1.0,55.02,Buena,-75.2679538729999,-13.224521636999953,-75.2393111049999,-13.241103176999957,6.206000000000003
3077,PE-3N,1559.97,1559.993,CAJAMARCA,SELVA,LONGITUDINAL DE LA SIERRA,ONDULADO,2.0,56.43,Buena,-78.9890607989999,-6.022608962999925,-78.98933319399993,-6.022615120999944,0.02299999999991087
3078,PE-3SB,35.08,39.355,JUNIN,SIERRA,VARIANTE,PLANO,2.0,75.08,Buena,-75.27137174199993,-12.023863966999954,-75.24580900799992,-12.053024059999927,4.274999999999999
3079,PE-5NC,170.988,175.877,AMAZONAS,SELVA,RAMAL,ONDULADO,1.0,41.29,Buena,-78.07811732399995,-4.920104156999912,-78.0421212249999,-4.904310198999951,4.88900000000001
3080,PE-5ND,20.231,30.599,AMAZONAS,SELVA,RAMAL,ONDULADO,1.0,41.29,Buena,-78.17676160799994,-4.811763191999944,-78.15076571999992,-4.795889382999917,10.367999999999999
3081,PE-5NC,149.991,170.988,AMAZONAS,SELVA,RAMAL,ONDULADO,1.0,46.47,Buena,-78.19674164399993,-4.936042435999923,-78.07811732399995,-4.920104156999912,20.996999999999986
3082,PE-30C,158.955,159.253,CUSCO,SELVA,TRANSVERSAL,MONTAÑOSO,2.0,37.47,Buena,-70.90259933499993,-13.416877746999944,-70.9019715199999,-13.414501530999928,0.2979999999999734
3083,PE-1SC,82.153,96.253,HUANCAVELICA,SIERRA,RAMAL,ONDULADO,1.0,43.03,Buena,-75.4031008849999,-13.700018796999927,-75.39502525299991,-13.66720199599996,14.099999999999994
3084,PE-26,293.007,299.064,HUANCAVELICA,SIERRA,TRANSVERSAL,MONTAÑOSO,0.0,55.0,Regular,-74.9607930169999,-12.519272352999906,-74.99623267299995,-12.499522399999933,6.057000000000016
3085,PE-3N,1272.215,1273.715,CAJAMARCA,SIERRA,LONGITUDINAL DE LA SIERRA,PLANO,4.0,75.08,Buena,-78.49140028399995,-7.174731110999915,-78.50238335899991,-7.165788028999941,1.5
3086,PE-3N,1217.038,1226.853,CAJAMARCA,SIERRA,LONGITUDINAL DE LA SIERRA,ONDULADO,2.0,66.89,Buena,-78.1830044159999,-7.316205501999946,-78.21164856399992,-7.2857833909999385,9.815000000000055
3087,PE-3N,1266.858,1269.859,CAJAMARCA,SIERRA,LONGITUDINAL DE LA SIERRA,PLANO,2.0,68.22,Buena,-78.45112037599995,-7.203643798999906,-78.47221498099992,-7.188791594999941,3.0009999999999764
3088,PE-3N,12.501,16.826,JUNIN,SIERRA,LONGITUDINAL DE LA SIERRA,ONDULADO,2.0,68.7,Buena,-75.94598566099995,-11.446543144999907,-75.91976628399993,-11.420913427999949,4.325000000000001
3089,PE-3N,1286.829,1288.698,CAJAMARCA,SIERRA,LONGITUDINAL DE LA SIERRA,ONDULADO,2.0,68.7,Buena,-78.54862167899995,-7.103775761999941,-78.56221008299991,-7.097221374999947,1.8690000000001419
3090,PE-14A,108.049,108.05,ANCASH,SIERRA,RAMAL,ONDULADO,2.0,43.03,Mala,-76.99733274999994,-9.274687308999944,-76.9973188049999,-9.27468671999992,0.000999999999990564
3091,PE-14A,162.674,165.824,ANCASH,SIERRA,RAMAL,MONTAÑOSO,1.0,40.51,Mala,-76.9203209659999,-9.148406454999929,-76.9291276209999,-9.145131876999926,3.1500000000000057
3092,PE-12B,0.0,54.775,ANCASH,SIERRA,RAMAL,MONTAÑOSO,1.0,40.51,Mala,-77.59919277599994,-8.578963420999912,-77.51178169199994,-8.451601027999914,54.775
3093,PE-1SC,111.764,111.768,HUANCAVELICA,SIERRA,RAMAL,MONTAÑOSO,1.0,66.89,Buena,-75.35147666899991,-13.61701011699995,-75.35143216699993,-13.61703568799993,0.0040000000000048885
3094,PE-30B,50.187,65.935,AYACUCHO,SIERRA,RAMAL,ONDULADO,1.0,49.53,Regular,-73.53233486499994,-14.323568100999921,-73.53353309599993,-14.222896575999926,15.748000000000005
3095,PE-1N,848.494,853.506,LAMBAYEQUE,COSTA,LONGITUDINAL DE LA COSTA,PLANO,3.0,80.89,Buena,-80.2253731109999,-6.341736337999919,-80.25330758299992,-6.306207438999934,5.011999999999944
3096,PE-3N,1417.55,1422.486,CAJAMARCA,SIERRA,LONGITUDINAL DE LA SIERRA,MONTAÑOSO,2.0,44.1,Buena,-78.61486513799991,-6.576816115999918,-78.63369617099994,-6.556614187999912,4.936000000000149
3097,PE-16,100.877,107.635,ANCASH,SIERRA,TRANSVERSAL,MONTAÑOSO,2.0,55.0,Buena,-77.37567883199995,-10.148588676999907,-77.33561326499995,-10.176135811999927,6.75800000000001
3098,PE-28D,61.829,64.599,HUANCAVELICA,SIERRA,RAMAL,MONTAÑOSO,1.0,38.2,Buena,-75.31922095199991,-13.336733009999932,-75.32121258799992,-13.320398079999904,2.770000000000003
3099,PE-36,0.0,5.344,MOQUEGUA,SIERRA,TRANSVERSAL,PLANO,2.0,68.22,Buena,-71.0734715449999,-17.513081608999926,-71.08850472099994,-17.55633569099996,5.344
3100,PE-34A,4.072,14.663,AREQUIPA,SIERRA,TRANSVERSAL,ONDULADO,2.0,68.7,Buena,-71.74951551099991,-16.524573689999954,-71.69274229799993,-16.469852412999956,10.591000000000001
3101,PE-06B,20.497,30.387,CAJAMARCA,SIERRA,RAMAL,MONTAÑOSO,1.0,33.11,Buena,-79.10315744499991,-6.6461736729999075,-79.04406355799995,-6.669122508999919,9.89
3102,PE-3N,910.949,920.598,LA LIBERTAD,SIERRA,LONGITUDINAL DE LA SIERRA,ONDULADO,1.0,27.33,Buena,-77.94993591299993,-8.205371856999932,-77.95643997199994,-8.192865371999915,9.649000000000001
3103,PE-1NI,51.948,53.185,LAMBAYEQUE,COSTA,RAMAL,ONDULADO,4.0,44.1,Buena,-79.2944836339999,-6.82397999199992,-79.2918016669999,-6.812269402999959,1.2370000000000019
3104,PE-3N,1794.218,1794.245,PIURA,SIERRA,LONGITUDINAL DE LA SIERRA,MONTAÑOSO,2.0,26.8,Buena,-79.43319820799991,-5.157535521999932,-79.43338444099993,-5.157480988999907,0.026999999999816282
3105,PE-3N,469.462,475.144,ANCASH,SIERRA,LONGITUDINAL DE LA SIERRA,ONDULADO,0.0,43.03,Buena,-77.15840415699995,-10.148760228999947,-77.17484716599995,-10.133860693999907,5.682000000000016
3106,PE-5ND,10.23,20.231,AMAZONAS,SELVA,RAMAL,ONDULADO,1.0,46.47,Buena,-78.18702410599991,-4.864305739999907,-78.17676160799994,-4.811763191999944,10.001000000000001
3107,PE-3N,1460.208,1460.288,CAJAMARCA,SIERRA,LONGITUDINAL DE LA SIERRA,MONTAÑOSO,2.0,44.1,Buena,-78.88430023199993,-6.473653792999926,-78.88386387199995,-6.473325410999905,0.07999999999992724
3108,PE-02A,51.787,72.141,PIURA,COSTA,TRANSVERSAL,ONDULADO,2.0,76.18,Buena,-79.78226101899992,-5.427737789999924,-79.62365345099994,-5.395875993999937,20.354000000000006
3109,PE-5NA,137.097,138.936,HUANUCO,SELVA,VARIANTE,ONDULADO,2.0,34.12,Mala,-75.50602250299994,-9.981352357999924,-75.50913747999994,-9.966469309999923,1.8389999999999986
3110,PE-3N,1010.737,1016.84,LA LIBERTAD,SIERRA,LONGITUDINAL DE LA SIERRA,ONDULADO,2.0,43.03,Buena,-78.21100273499991,-8.151297675999956,-78.23714415799992,-8.143068315999926,6.1030000000000655
3111,PE-08A,5.054,10.53,CAJAMARCA,SIERRA,RAMAL,MONTAÑOSO,2.0,55.7,Buena,-78.82467541499994,-7.188657995999961,-78.82830428999995,-7.170339583999919,5.475999999999999
3112,PE-10A,36.072,41.082,LA LIBERTAD,SIERRA,TRANSVERSAL,ONDULADO,2.0,68.7,Buena,-78.76532356599995,-8.00357224399994,-78.72776222199991,-8.01366805999993,5.009999999999998
3113,PE-3N,369.474,374.779,HUANUCO,SIERRA,LONGITUDINAL DE LA SIERRA,ONDULADO,2.0,62.45,Buena,-76.81799888599994,-9.847728728999925,-76.8610857619999,-9.856867502999933,5.305000000000007
3114,PE-3N,475.144,477.317,ANCASH,SIERRA,LONGITUDINAL DE LA SIERRA,ONDULADO,0.0,49.53,Buena,-77.17484716599995,-10.133860693999907,-77.17935943599991,-10.134393691999946,2.173000000000002
3115,PE-02A,19.72,51.787,PIURA,COSTA,TRANSVERSAL,ONDULADO,2.0,76.18,Buena,-79.96479023799992,-5.2652642079999055,-79.78226101899992,-5.427737789999924,32.067
3116,PE-04B,0.0,15.429,LAMBAYEQUE,COSTA,TRANSVERSAL,ONDULADO,2.0,76.18,Buena,-79.69370234399992,-5.9987113359999285,-79.5968594499999,-5.934563350999952,15.429
3117,PE-3N,16.826,21.601,JUNIN,SIERRA,LONGITUDINAL DE LA SIERRA,ONDULADO,2.0,68.7,Buena,-75.91976628399993,-11.420913427999949,-75.88340948199993,-11.404393865999907,4.774999999999999
3118,PE-3N,165.642,165.729,PASCO,SIERRA,LONGITUDINAL DE LA SIERRA,ONDULADO,2.0,66.89,Buena,-76.18074989299993,-10.45161437999991,-76.18226849299992,-10.449412106999944,0.08700000000001751
3119,PE-06B,30.387,32.863,CAJAMARCA,SIERRA,RAMAL,ONDULADO,1.0,49.53,Buena,-79.04406355799995,-6.669122508999919,-79.03297614999991,-6.674596785999938,2.475999999999999
3120,PE-1N,128.204,143.186,LIMA,COSTA,LONGITUDINAL DE LA COSTA,PLANO,3.0,77.35,Buena,-77.51231380899992,-11.273002332999909,-77.5904578809999,-11.161830098999928,14.982
3121,PE-16,96.078,100.877,ANCASH,SIERRA,TRANSVERSAL,MONTAÑOSO,2.0,55.7,Buena,-77.40764082099992,-10.139591090999943,-77.37567883199995,-10.148588676999907,4.798999999999992
3122,PE-3N,302.106,303.471,HUANUCO,SIERRA,LONGITUDINAL DE LA SIERRA,ONDULADO,2.0,49.53,Buena,-76.60810216599992,-9.859130469999911,-76.60355807899992,-9.848900967999953,1.365000000000009
3123,PE-1NE,0.0,12.62,LIMA,COSTA,RAMAL,PLANO,2.0,77.35,Buena,-77.58755494699994,-11.064889059999928,-77.47802058899993,-11.08550039599993,12.62
3124,PE-3N,846.414,850.24999999,ANCASH,SIERRA,LONGITUDINAL DE LA SIERRA,ONDULADO,1.0,55.02,Buena,-78.00728988599991,-8.410093306999954,-78.01031875599995,-8.399284362999936,3.835999990000005
3125,PE-3N,1549.6,1549.61,CAJAMARCA,SELVA,LONGITUDINAL DE LA SIERRA,ONDULADO,1.0,41.29,Buena,-78.89863586399991,-6.048261229999923,-78.89861015399993,-6.048175769999943,0.009999999999990905
3126,PE-18,273.011,286.977,HUANUCO,SIERRA,TRANSVERSAL,ONDULADO,2.0,55.02,Buena,-76.25262062899992,-10.22445640999996,-76.20447788299992,-10.125881436999919,13.965999999999951
3127,PE-3N,1153.424,1154.172,CAJAMARCA,SIERRA,LONGITUDINAL DE LA SIERRA,ONDULADO,1.0,49.53,Buena,-78.04340123899993,-7.6287932479999085,-78.04668433899991,-7.624589735999905,0.7480000000000473
3128,PE-3N,638.273,648.476,ANCASH,SIERRA,LONGITUDINAL DE LA SIERRA,ONDULADO,2.0,68.7,Buena,-77.76072691399992,-9.123927900999945,-77.80742245399995,-9.050845198999923,10.202999999999975
3129,PE-08A,62.914,67.96,CAJAMARCA,SIERRA,RAMAL,ONDULADO,2.0,68.7,Buena,-78.6067036469999,-7.062929886999939,-78.59660216399993,-7.049034710999933,5.045999999999992
3130,PE-3SF,403.988,434.401,CUSCO,SIERRA,RAMAL,ONDULADO,1.0,55.02,Buena,-72.22009754399994,-13.628670305999947,-72.1924884419999,-13.499309007999955,30.41300000000001
3131,PE-10A,96.316,122.122,LA LIBERTAD,SIERRA,TRANSVERSAL,MONTAÑOSO,1.0,33.11,Buena,-78.48881515499994,-8.00340301999995,-78.32575617399993,-8.013167437999925,25.805999999999997
3132,PE-3N,1371.498,1374.102,CAJAMARCA,SIERRA,LONGITUDINAL DE LA SIERRA,MONTAÑOSO,2.0,44.1,Buena,-78.58016967799995,-6.7558803559999205,-78.58930015599992,-6.749507903999927,2.604000000000042
3133,PE-36B,52.923,56.911,MOQUEGUA,SIERRA,RAMAL,MONTAÑOSO,2.0,55.7,Buena,-70.36228736999993,-16.529626169999915,-70.34806228699995,-16.50135678299995,3.9879999999999995
3134,PE-08B,31.081,31.438,CAJAMARCA,SIERRA,TRANSVERSAL,MONTAÑOSO,1.0,44.1,Buena,-78.34497891699993,-7.091884214999936,-78.34364700299994,-7.086076735999939,0.3569999999999993
3135,PE-3N,835.763,837.014,ANCASH,SIERRA,LONGITUDINAL DE LA SIERRA,ONDULADO,2.0,62.45,Buena,-78.03067016599994,-8.455686568999909,-78.02923965499991,-8.447698592999927,1.2509999999999764
3136,PE-1NF,19.228,20.721,LA LIBERTAD,COSTA,RAMAL,PLANO,2.0,45.19,Mala,-79.05005723199992,-7.728598098999953,-79.03712603699995,-7.724966104999908,1.4929999999999986
3137,PE-5NA,116.605,120.029,PASCO,SELVA,VARIANTE,ONDULADO,2.0,32.51,Regular,-75.53163893699991,-10.118579998999905,-75.5429325099999,-10.09453773499996,3.4239999999999924
3138,PE-08A,54.315,57.862,CAJAMARCA,SIERRA,RAMAL,ONDULADO,2.0,49.53,Buena,-78.6840882489999,-7.078643734999957,-78.6669879879999,-7.0670004249999465,3.547000000000004
3139,PE-3N,389.847,403.949,ANCASH,SIERRA,LONGITUDINAL DE LA SIERRA,ONDULADO,1.0,68.7,Buena,-76.95219421399992,-9.89067840599995,-77.03897458699993,-9.850379213999929,14.102000000000032
3140,PE-34A,28.076,35.922,AREQUIPA,SIERRA,TRANSVERSAL,PLANO,2.0,68.22,Buena,-71.64832999999993,-16.42736999999994,-71.58453158899994,-16.405511588999957,7.8459999999999965
3141,PE-3NA,21.872,22.083,ANCASH,SIERRA,VARIANTE,MONTAÑOSO,2.0,53.0,Buena,-77.9012668769999,-8.663038901999926,-77.90052019699993,-8.660319673999936,0.21099999999999852
3142,PE-36B,131.316,155.586,PUNO,SIERRA,RAMAL,PLANO,2.0,68.22,Buena,-70.00869555699995,-16.04961002899995,-70.0176547289999,-15.854295542999921,24.27000000000001
3143,PE-5NC,175.877,182.256,AMAZONAS,SELVA,RAMAL,ONDULADO,1.0,46.47,Buena,-78.0421212249999,-4.904310198999951,-78.00126916699992,-4.871981980999919,6.378999999999991
3144,PE-3N,1395.64,1408.11,CAJAMARCA,SIERRA,LONGITUDINAL DE LA SIERRA,MONTAÑOSO,2.0,44.1,Buena,-78.5357395119999,-6.667690021999931,-78.58342740799992,-6.619909591999942,12.4699999999998
3145,PE-28D,59.604,61.829,HUANCAVELICA,SIERRA,RAMAL,MONTAÑOSO,1.0,38.2,Buena,-75.33218523399995,-13.345544754999935,-75.31922095199991,-13.336733009999932,2.2250000000000014
3146,PE-30B,118.286,123.091,APURIMAC,SIERRA,RAMAL,ONDULADO,1.0,49.53,Regular,-73.4343319219999,-13.926631938999947,-73.41414510499993,-13.891194988999928,4.804999999999993
3147,PE-30B,20.639,35.175,AYACUCHO,SIERRA,RAMAL,ONDULADO,1.0,49.53,Regular,-73.66313152899994,-14.47193804199992,-73.60516484599992,-14.41666964999996,14.535999999999998
3148,PE-1SC,49.799,76.846,HUANCAVELICA,SIERRA,RAMAL,MONTAÑOSO,1.0,44.1,Buena,-75.4900348889999,-13.768010403999938,-75.42625683699993,-13.721582017999935,27.047000000000004
3149,PE-3N,1142.9,1153.424,CAJAMARCA,SIERRA,LONGITUDINAL DE LA SIERRA,ONDULADO,1.0,49.53,Buena,-78.03164497699993,-7.67376651099994,-78.04340123899993,-7.6287932479999085,10.523999999999887
3150,PE-06B,32.863,40.277,CAJAMARCA,SIERRA,RAMAL,ONDULADO,1.0,49.53,Buena,-79.03297614999991,-6.674596785999938,-79.0073558279999,-6.649125011999956,7.4140000000000015
3151,PE-08A,40.135,54.315,CAJAMARCA,SIERRA,RAMAL,MONTAÑOSO,2.0,33.11,Buena,-78.7627655469999,-7.098258395999949,-78.6840882489999,-7.078643734999957,14.18
3152,PE-30B,160.286,170.286,APURIMAC,SIERRA,RAMAL,ONDULADO,1.0,55.02,Buena,-73.3497676849999,-13.733772277999947,-73.36142877599991,-13.673892080999906,10.0
3153,PE-3N,1234.775,1237.475,CAJAMARCA,SIERRA,LONGITUDINAL DE LA SIERRA,ONDULADO,2.0,68.7,Buena,-78.25790129599994,-7.253885139999909,-78.26761544099992,-7.236478136999949,2.699999999999818
3154,PE-5NC,241.632,243.112,AMAZONAS,SELVA,RAMAL,ONDULADO,1.0,41.29,Buena,-77.66952567699991,-4.608686415999955,-77.66305541999992,-4.6069011689999115,1.4799999999999898
3155,PE-30B,35.175,50.187,AYACUCHO,SIERRA,RAMAL,ONDULADO,1.0,43.03,Mala,-73.60516484599992,-14.41666964999996,-73.53233486499994,-14.323568100999921,15.012
3156,PE-3SF,101.081,120.355,APURIMAC,SIERRA,RAMAL,MONTAÑOSO,1.0,44.1,Regular,-72.70837974499995,-14.103288650999957,-72.6200741529999,-14.077505582999947,19.274
3157,PE-3N,1468.338,1468.36,CAJAMARCA,SELVA,LONGITUDINAL DE LA SIERRA,MONTAÑOSO,2.0,40.61,Buena,-78.85412025399995,-6.465229033999947,-78.85427616999993,-6.465339989999961,0.021999999999934516
3158,PE-3N,350.132,365.409,HUANUCO,SIERRA,LONGITUDINAL DE LA SIERRA,ONDULADO,1.0,66.89,Buena,-76.77119257899994,-9.70706466799993,-76.80205660999991,-9.824032538999916,15.276999999999987
3159,PE-3N,782.122,784.046,ANCASH,SIERRA,LONGITUDINAL DE LA SIERRA,MONTAÑOSO,2.0,53.0,Mala,-78.15735193699993,-8.50031546699995,-78.14124870299992,-8.49763870199996,1.9240000000000919
3160,PE-1SC,111.884,117.235,HUANCAVELICA,SIERRA,RAMAL,MONTAÑOSO,1.0,26.8,Buena,-75.35063362099993,-13.617677688999947,-75.3485441489999,-13.608668282999929,5.350999999999999
3161,PE-3N,1391.68,1395.64,CAJAMARCA,SIERRA,LONGITUDINAL DE LA SIERRA,MONTAÑOSO,2.0,55.0,Buena,-78.52285957299995,-6.683223723999959,-78.5357395119999,-6.667690021999931,3.9600000000000364
3162,PE-28D,70.633,73.085,HUANCAVELICA,SIERRA,RAMAL,ONDULADO,1.0,55.02,Buena,-75.31455194099993,-13.273829555999953,-75.30848710499993,-13.265834789999928,2.451999999999998
3163,PE-3SF,288.769,296.817,APURIMAC,SIERRA,RAMAL,MONTAÑOSO,1.0,40.51,Mala,-72.22415562899994,-13.84226481199994,-72.26296374299994,-13.814258410999912,8.048000000000002
3164,PE-20C,56.327,61.265,LIMA,SIERRA,TRANSVERSAL,ONDULADO,0.0,68.7,Buena,-76.90567410699992,-11.333550616999958,-76.86996841399991,-11.317134856999928,4.938000000000002
3165,PE-36B,61.03,64.37,MOQUEGUA,SIERRA,RAMAL,MONTAÑOSO,1.0,44.1,Buena,-70.34538285299993,-16.46436703699993,-70.34015240399992,-16.43399118399992,3.3400000000000034
3166,PE-3N,233.986,236.64,HUANUCO,SIERRA,LONGITUDINAL DE LA SIERRA,ONDULADO,2.0,66.89,Regular,-76.26116943399995,-9.937622069999918,-76.28174379199993,-9.92822986099992,2.6539999999999964
3167,PE-1NL,43.689,43.966,PIURA,COSTA,RAMAL,PLANO,4.0,80.89,Buena,-80.3360597599999,-4.913504667999916,-80.33509225799992,-4.911382944999957,0.277000000000001
3168,PE-3N,1408.11,1417.55,CAJAMARCA,SIERRA,LONGITUDINAL DE LA SIERRA,MONTAÑOSO,2.0,40.51,Buena,-78.58342740799992,-6.619909591999942,-78.61486513799991,-6.576816115999918,9.440000000000055
3169,PE-1NI,0.0,5.181,LAMBAYEQUE,COSTA,RAMAL,PLANO,2.0,69.78,Buena,-79.6423714789999,-6.980258249999906,-79.62170965099995,-6.93987795399994,5.181
3170,PE-3N,1082.879,1085.37,LA LIBERTAD,SIERRA,LONGITUDINAL DE LA SIERRA,MONTAÑOSO,2.0,55.7,Buena,-78.13460922199994,-7.905216216999918,-78.12243099799991,-7.888561547999927,2.4909999999999854
3171,PE-3SF,222.065,228.935,APURIMAC,SIERRA,RAMAL,ONDULADO,1.0,55.02,Buena,-72.24919147299994,-14.119505544999924,-72.21881434999995,-14.077939078999918,6.8700000000000045
3172,PE-3SF,332.531,359.773,APURIMAC,SIERRA,RAMAL,MONTAÑOSO,1.0,44.1,Regular,-72.35353853799995,-13.746250458999953,-72.33816561599991,-13.689435836999905,27.24200000000002
3173,PE-3N,753.144,771.856,ANCASH,SIERRA,LONGITUDINAL DE LA SIERRA,MONTAÑOSO,2.0,55.7,Buena,-78.23375068399992,-8.658710547999931,-78.20405892499991,-8.532990254999959,18.71199999999999
3174,PE-14A,99.31,107.796,ANCASH,SIERRA,RAMAL,ONDULADO,1.0,43.03,Mala,-77.03793848499993,-9.329372919999912,-77.00031390399994,-9.276325000999918,8.486000000000004
3175,PE-20C,0.0,12.005,LIMA,COSTA,TRANSVERSAL,PLANO,2.0,80.89,Buena,-77.19697261699991,-11.601749084999938,-77.2090692939999,-11.496566108999957,12.005
3176,PE-18,183.238,187.321,PASCO,SIERRA,TRANSVERSAL,ONDULADO,2.0,55.02,Buena,-76.6020790689999,-10.615093566999917,-76.5874818449999,-10.616677342999935,4.082999999999998
3177,PE-5NC,257.595,287.512,LORETO,SELVA,RAMAL,ONDULADO,1.0,50.38,Buena,-77.59124183699993,-4.616504668999937,-77.41535294899995,-4.566437917999906,29.916999999999973
3178,PE-1NL,55.325,55.98,PIURA,COSTA,RAMAL,PLANO,4.0,80.89,Buena,-80.28497291199994,-4.8278412029999345,-80.28224621299995,-4.822600687999909,0.654999999999994
3179,PE-3N,1118.318,1123.327,LA LIBERTAD,SIERRA,LONGITUDINAL DE LA SIERRA,ONDULADO,2.0,49.53,Buena,-77.9892929159999,-7.766977066999914,-77.98194021899991,-7.741576336999913,5.0090000000000146
3180,PE-02,7.918,40.095,PIURA,COSTA,TRANSVERSAL,PLANO,2.0,80.89,Buena,-80.75859260099992,-5.153470992999928,-81.03196143499991,-5.108982085999912,32.177
3181,PE-26B,14.257,34.066,HUANCAVELICA,SIERRA,RAMAL,ONDULADO,1.0,43.03,Mala,-74.90644772199994,-12.82332128899992,-74.83803707099992,-12.887188499999922,19.809000000000005
3182,PE-20C,50.514,56.327,LIMA,SIERRA,TRANSVERSAL,ONDULADO,0.0,55.02,Buena,-76.95182164899995,-11.345580813999959,-76.90567194599993,-11.333550020999951,5.812999999999995
3183,PE-1SC,96.253,106.05,HUANCAVELICA,SIERRA,RAMAL,ONDULADO,1.0,34.85,Buena,-75.39502442199995,-13.667204134999906,-75.3571548459999,-13.629800796999916,9.796999999999997
3184,PE-5NA,138.936,170.776,HUANUCO,SELVA,VARIANTE,ONDULADO,2.0,27.06,Mala,-75.50913747999994,-9.966469309999923,-75.51271225799991,-9.738805833999947,31.840000000000003
3185,PE-3N,286.216,301.581,HUANUCO,SIERRA,LONGITUDINAL DE LA SIERRA,ONDULADO,0.0,66.89,Buena,-76.51287659499991,-9.868875141999922,-76.61066365599993,-9.862780147999956,15.365000000000009
3186,PE-3SF,309.176,319.547,APURIMAC,SIERRA,RAMAL,ONDULADO,1.0,55.02,Buena,-72.29043286899991,-13.76399978899991,-72.3316948229999,-13.768020326999931,10.371000000000038
3187,PE-1SC,5.269,10.641,ICA,COSTA,RAMAL,PLANO,2.0,80.89,Buena,-75.70734985199994,-14.055005844999926,-75.70561027499991,-14.011888503999955,5.372
3188,PE-3N,1646.176,1652.027,PIURA,SELVA,LONGITUDINAL DE LA SIERRA,MONTAÑOSO,2.0,48.16,Buena,-79.46442848599992,-5.763075206999929,-79.48718630699994,-5.750680074999934,5.851000000000113
3189,PE-28D,102.8,106.802,HUANCAVELICA,SIERRA,RAMAL,ONDULADO,1.0,55.02,Buena,-75.14060020399995,-13.228372573999934,-75.1061613359999,-13.220365122999908,4.0020000000000095
3190,PE-3N,452.955,455.061,ANCASH,SIERRA,LONGITUDINAL DE LA SIERRA,ONDULADO,2.0,43.03,Buena,-77.14551544199992,-10.074367522999921,-77.15297737499992,-10.089925826999945,2.1059999999999945
3191,PE-22B,82.854,84.234,JUNIN,SELVA,TRANSVERSAL,PLANO,2.0,70.33,Buena,-75.45750059799991,-11.18356056999994,-75.44933125999995,-11.17445800999991,1.3799999999999955
3192,PE-28A,196.672,196.765,HUANCAVELICA,SIERRA,TRANSVERSAL,ONDULADO,2.0,66.89,Buena,-74.94069181799995,-13.373369796999953,-74.93997552299993,-13.373920860999931,0.09299999999998931
3193,PE-24,79.106,84.271,LIMA,SIERRA,TRANSVERSAL,ONDULADO,1.0,66.89,Buena,-75.95739777999995,-12.848516839999945,-75.92043671999994,-12.83060120999994,5.165000000000006
3194,PE-28A,231.776,236.624,AYACUCHO,SIERRA,TRANSVERSAL,ONDULADO,2.0,68.7,Buena,-74.7864150289999,-13.351558588999922,-74.73258933999995,-13.35748112899995,4.847999999999985
3195,PE-28A,51.431,64.329,ICA,SIERRA,TRANSVERSAL,PLANO,2.0,75.08,Buena,-75.73794921699994,-13.649759493999909,-75.63891722299991,-13.607770299999913,12.897999999999996
3196,PE-5NA,183.008,203.848,HUANUCO,SELVA,VARIANTE,ONDULADO,2.0,27.06,Mala,-75.45584678599994,-9.676439284999958,-75.28694974899992,-9.645677786999954,20.840000000000003
3197,PE-3N,388.678,389.847,ANCASH,SIERRA,LONGITUDINAL DE LA SIERRA,ONDULADO,1.0,68.7,Buena,-76.94486635699991,-9.89565257399994,-76.95219421399992,-9.89067840599995,1.1689999999999827
3198,PE-3SF,100.2,101.081,APURIMAC,SIERRA,RAMAL,MONTAÑOSO,1.0,55.02,Buena,-72.7164348309999,-14.103563219999955,-72.70837974499995,-14.103288650999957,0.8810000000000002
3199,PE-40,147.232,148.2,TACNA,SIERRA,TRANSVERSAL,MONTAÑOSO,2.0,44.1,Regular,-69.59009823699995,-17.54321722499992,-69.58266177099995,-17.54317759399993,0.9679999999999893
3200,PE-28D,56.069,59.604,HUANCAVELICA,SIERRA,RAMAL,MONTAÑOSO,1.0,33.43,Buena,-75.34638465299992,-13.367134687999908,-75.33218523399995,-13.345544754999935,3.5349999999999966
3201,PE-08B,101.718,101.865,CAJAMARCA,SIERRA,TRANSVERSAL,MONTAÑOSO,1.0,44.1,Regular,-78.1425437929999,-6.874107360999915,-78.14300622999991,-6.871861330999934,0.14699999999999136
3202,PE-3N,1784.586,1785.93,PIURA,SIERRA,LONGITUDINAL DE LA SIERRA,MONTAÑOSO,1.0,31.95,Buena,-79.43201804699993,-5.199214238999957,-79.4235095969999,-5.193151473999933,1.344000000000051
3203,PE-3SF,329.457,332.531,APURIMAC,SIERRA,RAMAL,MONTAÑOSO,1.0,44.1,Regular,-72.36351013199993,-13.76094245899992,-72.35353853799995,-13.746250458999953,3.0740000000000123
3204,PE-06B,0.0,2.484,CAJAMARCA,COSTA,RAMAL,MONTAÑOSO,1.0,47.92,Buena,-79.24783048099994,-6.601076845999955,-79.23472198799993,-6.611643084999912,2.484
3205,PE-02A,0.0,19.72,PIURA,COSTA,TRANSVERSAL,PLANO,2.0,80.89,Buena,-80.11239353299993,-5.244783175999942,-79.96479023799992,-5.2652642079999055,19.72
3206,PE-10B,40.132,57.417,LA LIBERTAD,SELVA,TRANSVERSAL,ONDULADO,1.0,41.29,Mala,-77.84168244699993,-7.641184316999954,-77.85131055099993,-7.5198926679999545,17.285000000000004
3207,PE-22C,0.0,9.5,LIMA,SIERRA,VARIANTE,ONDULADO,0.0,68.7,Sin Informacion,-76.4472579959999,-11.886157989999958,-76.38898277299995,-11.847291945999928,9.5
3208,PE-36A,31.165,37.06,MOQUEGUA,SIERRA,TRANSVERSAL,MONTAÑOSO,2.0,53.0,Buena,-70.84399982499991,-17.086268487999916,-70.85524706199993,-17.065458862999947,5.895000000000003
3209,PE-24A,158.146,181.217,JUNIN,SELVA,TRANSVERSAL,MONTAÑOSO,1.0,40.61,Regular,-74.80605395899994,-11.498890266999922,-74.74024583199991,-11.372726231999934,23.071000000000026
3210,PE-08B,30.381,31.081,CAJAMARCA,SIERRA,TRANSVERSAL,MONTAÑOSO,1.0,44.1,Buena,-78.34344673099991,-7.097923278999929,-78.34497891699993,-7.091884214999936,0.6999999999999993
3211,PE-3SG,150.743,151.347,CUSCO,SIERRA,RAMAL,ONDULADO,2.0,43.03,Buena,-71.88629984799991,-14.510153701999911,-71.88070196199993,-14.509893001999956,0.6040000000000134
3212,PE-28A,245.051,264.665,AYACUCHO,SIERRA,TRANSVERSAL,ONDULADO,2.0,66.89,Buena,-74.6850060079999,-13.354470447999915,-74.5240550819999,-13.343675739999924,19.614000000000033
3213,PE-28A,153.296,158.091,HUANCAVELICA,SIERRA,TRANSVERSAL,ONDULADO,2.0,62.45,Buena,-75.15757617899993,-13.51201607899992,-75.12468160999993,-13.493257549999953,4.795000000000016
3214,PE-28A,121.187,126.121,HUANCAVELICA,SIERRA,TRANSVERSAL,ONDULADO,2.0,62.45,Buena,-75.31932266199993,-13.60483925099993,-75.30441765699993,-13.593648339999959,4.9339999999999975
3215,PE-28A,311.438,321.291,AYACUCHO,SIERRA,TRANSVERSAL,ONDULADO,2.0,68.7,Buena,-74.30109123299991,-13.240945303999922,-74.26343416299994,-13.191212982999957,9.853000000000009
3216,PE-28D,91.128,94.359,HUANCAVELICA,SIERRA,RAMAL,ONDULADO,1.0,55.02,Buena,-75.21827486699993,-13.246682820999922,-75.20440988799993,-13.241086331999952,3.2309999999999945
3217,PE-34C,30.231,32.137,AREQUIPA,SIERRA,VARIANTE,ONDULADO,1.0,34.85,Mala,-71.3903437049999,-16.412799892999942,-71.38728999999995,-16.407189999999957,1.9059999999999988
3218,PE-14B,18.372,18.606,ANCASH,SIERRA,VARIANTE,MONTAÑOSO,1.0,44.1,Regular,-77.17091321599992,-9.357571607999944,-77.1717243189999,-9.355279921999909,0.23400000000000176
3219,PE-1N,36.233,38.847,LIMA,COSTA,LONGITUDINAL DE LA COSTA,PLANO,2.0,80.89,Buena,-77.11470437199995,-11.83248889999993,-77.12962728299993,-11.812689615999943,2.6140000000000043
3220,PE-30C,430.151,430.768,MADRE DE DIOS,SELVA,TRANSVERSAL,PLANO,2.0,72.6,Buena,-69.17399695599994,-12.578198590999932,-69.17344929699993,-12.573341877999951,0.6169999999999618
3221,PE-1SC,76.846,82.153,HUANCAVELICA,SIERRA,RAMAL,MONTAÑOSO,1.0,44.1,Buena,-75.42625683699993,-13.721582017999935,-75.4031008849999,-13.700018796999927,5.307000000000002
3222,PE-3N,379.513,381.911,ANCASH,SIERRA,LONGITUDINAL DE LA SIERRA,ONDULADO,2.0,43.03,Buena,-76.89242560199995,-9.864572726999938,-76.90827276399995,-9.870880601999943,2.3980000000000246
3223,PE-10A,25.341,36.072,LA LIBERTAD,COSTA,TRANSVERSAL,PLANO,2.0,77.35,Buena,-78.84096494799991,-8.031028144999937,-78.76532356599995,-8.00357224399994,10.731000000000002
3224,PE-3N,316.12,322.485,HUANUCO,SIERRA,LONGITUDINAL DE LA SIERRA,ONDULADO,1.0,62.45,Buena,-76.6471557619999,-9.804306029999907,-76.65594914799993,-9.756325319999917,6.365000000000009
3225,PE-14A,66.875,75.194,ANCASH,SIERRA,RAMAL,MONTAÑOSO,1.0,44.1,Regular,-77.17503679799995,-9.456163924999942,-77.15594614499992,-9.458292520999919,8.319000000000003
3226,PE-3N,331.255,334.689,HUANUCO,SIERRA,LONGITUDINAL DE LA SIERRA,ONDULADO,0.0,66.89,Buena,-76.69293867399995,-9.700260725999954,-76.71387215899995,-9.679030465999915,3.434000000000026
3227,PE-1N,338.014,342.991,ANCASH,COSTA,LONGITUDINAL DE LA COSTA,PLANO,3.0,77.35,Buena,-78.24628353999992,-9.751490500999921,-78.27139074799993,-9.717567158999941,4.976999999999975
3228,PE-3N,341.322,350.132,HUANUCO,SIERRA,LONGITUDINAL DE LA SIERRA,ONDULADO,2.0,66.89,Buena,-76.73679690199992,-9.661039685999924,-76.77119257899994,-9.70706466799993,8.810000000000002
3229,PE-1N,656.359,656.459,LA LIBERTAD,COSTA,LONGITUDINAL DE LA COSTA,PLANO,3.0,0.0,Buena,-79.4189667089999,-7.481943059999935,-79.4194091409999,-7.480985343999919,0.09999999999990905
3230,PE-36B,71.376,73.144,PUNO,SIERRA,RAMAL,MONTAÑOSO,1.0,55.0,Buena,-70.3062614939999,-16.38954558499995,-70.29479735399991,-16.37800330199991,1.7680000000000007
3231,PE-3N,1430.857,1433.758,CAJAMARCA,SIERRA,LONGITUDINAL DE LA SIERRA,MONTAÑOSO,2.0,44.1,Buena,-78.69334411599993,-6.541810988999941,-78.71467459799993,-6.54712676999992,2.9010000000000673
3232,PE-28A,114.061,120.45,HUANCAVELICA,SIERRA,TRANSVERSAL,ONDULADO,2.0,66.89,Buena,-75.3485441489999,-13.608668282999929,-75.32355498499993,-13.608353063999914,6.388999999999996
3233,PE-24A,5.278,5.757,JUNIN,SIERRA,TRANSVERSAL,PLANO,2.0,75.08,Buena,-75.29637862599992,-11.879726818999927,-75.29089434699995,-11.875844117999918,0.4790000000000001
3234,PE-1S,980.441,981.845,AREQUIPA,SIERRA,LONGITUDINAL DE LA COSTA,PLANO,2.0,78.24,Buena,-71.8714419499999,-16.623896189999925,-71.87185195099994,-16.63647036699996,1.4039999999999964
3235,PE-3N,67.596,71.966,JUNIN,SIERRA,LONGITUDINAL DE LA SIERRA,ONDULADO,2.0,68.7,Buena,-75.99741422199992,-11.034820286999945,-76.01828956599991,-11.001483916999916,4.36999999999999
3236,PE-1NI,60.573,61.159,LAMBAYEQUE,COSTA,RAMAL,ONDULADO,4.0,44.1,Mala,-79.26292769199995,-6.795964486999935,-79.25844024199995,-6.797504400999912,0.5859999999999985
3237,PE-14A,57.563,65.451,ANCASH,SIERRA,RAMAL,MONTAÑOSO,1.0,44.1,Regular,-77.19207130099994,-9.430938013999935,-77.17909944999991,-9.450405634999925,7.887999999999991
3238,PE-20,10.961,14.331,CALLAO,COSTA,TRANSVERSAL,PLANO,0.0,77.35,Regular,-77.12925086899992,-12.02333761199992,-77.1350814239999,-12.04759946699994,3.369999999999999
3239,PE-3SF,319.547,324.116,APURIMAC,SIERRA,RAMAL,ONDULADO,1.0,49.53,Regular,-72.3316948229999,-13.768020326999931,-72.34975756599994,-13.780277809999916,4.56899999999996
3240,PE-12A,92.525,93.539,ANCASH,SIERRA,TRANSVERSAL,MONTAÑOSO,2.0,49.53,Mala,-77.63485145599992,-8.55225181599991,-77.62907495699994,-8.556521361999955,1.0139999999999958
3241,PE-3N,668.539,670.458,ANCASH,SIERRA,LONGITUDINAL DE LA SIERRA,MONTAÑOSO,2.0,53.0,Mala,-77.83956692499993,-8.894163612999932,-77.8272978409999,-8.877445473999956,1.9189999999999827
3242,PE-1N,446.008,446.124,LA LIBERTAD,COSTA,LONGITUDINAL DE LA COSTA,PLANO,3.0,77.35,Buena,-78.62182492999995,-8.966438043999915,-78.62235657199994,-8.965526564999948,0.11600000000004229
3243,PE-5ND,30.599,40.578,AMAZONAS,SELVA,RAMAL,ONDULADO,1.0,46.47,Buena,-78.15076571999992,-4.795889382999917,-78.11886033399992,-4.742714160999924,9.979000000000003
3244,PE-1SC,106.05,111.764,HUANCAVELICA,SIERRA,RAMAL,MONTAÑOSO,1.0,33.43,Buena,-75.3571548459999,-13.629800796999916,-75.35147666899991,-13.61701011699995,5.713999999999999
3245,PE-3N,1005.683,1008.959,LA LIBERTAD,SIERRA,LONGITUDINAL DE LA SIERRA,ONDULADO,1.0,49.53,Buena,-78.19046112399991,-8.146494098999938,-78.19961782399992,-8.14405673999994,3.2759999999999536
3246,PE-18,20.311,27.425,LIMA,COSTA,TRANSVERSAL,PLANO,2.0,62.03,Buena,-77.32657469799994,-11.269923791999929,-77.31063174999991,-11.218624742999907,7.114000000000001
3247,PE-3N,121.687,128.347,PASCO,SIERRA,LONGITUDINAL DE LA SIERRA,ONDULADO,2.0,66.89,Buena,-76.23460689599995,-10.695508956999959,-76.1946545699999,-10.694130210999958,6.660000000000011
3248,PE-1N,674.149,684.193,LA LIBERTAD,COSTA,LONGITUDINAL DE LA COSTA,PLANO,3.0,80.89,Buena,-79.5366119009999,-7.419197567999959,-79.5211479269999,-7.358349348999923,10.043999999999983
3249,PE-3SF,120.355,145.062,APURIMAC,SIERRA,RAMAL,MONTAÑOSO,1.0,33.11,Buena,-72.6200741529999,-14.077505582999947,-72.57176022599992,-14.061330092999924,24.707000000000008
3250,PE-04B,15.429,17.967,LAMBAYEQUE,SIERRA,TRANSVERSAL,MONTAÑOSO,2.0,55.7,Buena,-79.5968594499999,-5.934563350999952,-79.57732262999991,-5.934988662999956,2.5379999999999985
3251,PE-3N,543.449,548.985,ANCASH,SIERRA,LONGITUDINAL DE LA SIERRA,ONDULADO,2.0,62.45,Buena,-77.42466432899994,-9.813045759999909,-77.44125362799991,-9.765360399999906,5.536000000000058
3252,PE-24,0.0,8.862,LIMA,COSTA,TRANSVERSAL,PLANO,2.0,80.89,Buena,-76.47259432599992,-13.031860782999956,-76.40355780699991,-13.073851778999938,8.862
3253,PE-14A,3.45,19.327,ANCASH,SIERRA,RAMAL,MONTAÑOSO,1.0,40.51,Mala,-77.50247863299995,-9.526430665999953,-77.44532311099994,-9.505585230999941,15.877000000000002
3254,PE-28A,126.121,131.213,HUANCAVELICA,SIERRA,TRANSVERSAL,ONDULADO,2.0,66.89,Buena,-75.30441765699993,-13.593648339999959,-75.27682483799992,-13.582510384999921,5.091999999999999
3255,PE-24,88.631,105.762,LIMA,SIERRA,TRANSVERSAL,ONDULADO,1.0,68.7,Buena,-75.8946454199999,-12.805046709999942,-75.96492583899993,-12.715446781999958,17.131
3256,PE-28A,101.002,114.061,HUANCAVELICA,SIERRA,TRANSVERSAL,ONDULADO,2.0,66.89,Buena,-75.3947025409999,-13.609172919999935,-75.3485441489999,-13.608668282999929,13.059000000000012
3257,PE-28A,1.323,11.055,ICA,COSTA,TRANSVERSAL,PLANO,2.0,77.35,Buena,-76.14794700699991,-13.680059989999904,-76.0592956669999,-13.683157865999931,9.732
3258,PE-28A,311.268,311.438,AYACUCHO,SIERRA,TRANSVERSAL,ONDULADO,2.0,68.7,Buena,-74.30241314699992,-13.241615550999938,-74.30109123299991,-13.240945303999922,0.17000000000001592
3259,PE-3N,1334.205,1340.567,CAJAMARCA,SIERRA,LONGITUDINAL DE LA SIERRA,ONDULADO,2.0,49.53,Buena,-78.63718531899991,-6.88949438599991,-78.67750051399992,-6.875399294999909,6.36200000000008
3260,PE-3N,655.756,657.231,ANCASH,SIERRA,LONGITUDINAL DE LA SIERRA,ONDULADO,0.0,66.89,Buena,-77.81884956399995,-9.002149581999959,-77.82298183099994,-8.99128294399992,1.4750000000000227
3261,PE-1N,348.147,363.205,ANCASH,COSTA,LONGITUDINAL DE LA COSTA,PLANO,3.0,77.35,Buena,-78.27362396399991,-9.675507912999933,-78.27029975099992,-9.54814646999995,15.057999999999993
3262,PE-3SD,160.457,161.006,HUANCAVELICA,SIERRA,VARIANTE,MONTAÑOSO,2.0,44.1,Buena,-74.38580322299993,-12.740888595999934,-74.3867061599999,-12.744498540999928,0.5490000000000066
3263,PE-10A,71.816,83.483,LA LIBERTAD,SIERRA,TRANSVERSAL,MONTAÑOSO,1.0,44.1,Buena,-78.5709463039999,-7.92709951799992,-78.54714393599994,-7.981935500999953,11.667000000000002
3264,PE-3N,1133.953,1140.673,LA LIBERTAD,SIERRA,LONGITUDINAL DE LA SIERRA,ONDULADO,1.0,49.53,Buena,-78.02174134199993,-7.707953454999938,-78.02543461399995,-7.682491658999936,6.720000000000027
3265,PE-18,0.0,11.563,LIMA,COSTA,TRANSVERSAL,PLANO,2.0,77.35,Buena,-77.37213006299993,-11.415595931999917,-77.33270072899995,-11.34510421799996,11.563
3266,PE-3N,1374.102,1375.776,CAJAMARCA,SIERRA,LONGITUDINAL DE LA SIERRA,MONTAÑOSO,2.0,33.11,Buena,-78.58930015599992,-6.749507903999927,-78.58233025999994,-6.741769993999924,1.6739999999999782
3267,PE-3N,1031.826,1033.086,LA LIBERTAD,SIERRA,LONGITUDINAL DE LA SIERRA,ONDULADO,2.0,55.02,Buena,-78.29109394999995,-8.09856427199992,-78.2933044429999,-8.085271834999958,1.259999999999991
3268,PE-28,0.0,3.167,ICA,COSTA,TRANSVERSAL,PLANO,2.0,77.35,Buena,-76.1390186939999,-13.835332154999946,-76.1677359549999,-13.83274091699991,3.167
3269,PE-3N,1375.776,1390.575,CAJAMARCA,SIERRA,LONGITUDINAL DE LA SIERRA,MONTAÑOSO,2.0,44.1,Buena,-78.58233025999994,-6.741769993999924,-78.52735612999993,-6.677354622999928,14.798999999999978
3270,PE-32,50.25,62.792,AREQUIPA,SIERRA,TRANSVERSAL,MONTAÑOSO,1.0,44.1,Buena,-73.8208689999999,-15.696651999999915,-73.78319499999992,-15.600194999999928,12.542000000000002
3271,PE-34A,298.424,300.885,PUNO,SIERRA,TRANSVERSAL,PLANO,4.0,75.08,Buena,-70.14709552399995,-15.498568208999927,-70.13598319599993,-15.481648071999928,2.4610000000000127
3272,PE-5NA,177.23,183.008,HUANUCO,SELVA,VARIANTE,ONDULADO,2.0,27.06,Mala,-75.50292968699995,-9.689458846999912,-75.45584678599994,-9.676439284999958,5.77800000000002
3273,PE-14A,165.824,180.494,ANCASH,SIERRA,RAMAL,MONTAÑOSO,1.0,44.1,Regular,-76.9291276209999,-9.145131876999926,-76.96014486199994,-9.162521055999946,14.669999999999987
3274,PE-18,116.944,118.978,LIMA,SIERRA,TRANSVERSAL,MONTAÑOSO,1.0,44.1,Buena,-76.8614468419999,-10.747154136999939,-76.84946383499994,-10.739851532999921,2.033999999999992
3275,PE-3N,239.937,252.289,HUANUCO,SIERRA,LONGITUDINAL DE LA SIERRA,ONDULADO,0.0,66.89,Buena,-76.30822943299995,-9.92037783099994,-76.39853992299993,-9.903556215999913,12.351999999999975
3276,PE-3SF,378.618,399.349,CUSCO,SIERRA,RAMAL,ONDULADO,1.0,55.02,Buena,-72.29422772399994,-13.66738898199992,-72.23295262199991,-13.630290645999935,20.730999999999995
3277,PE-1NA,0.58,19.37,LIMA,COSTA,VARIANTE,PLANO,2.0,77.35,Buena,-77.15963700399993,-11.777363409999907,-77.21486473099992,-11.637245177999944,18.790000000000003
3278,PE-3SF,281.982,288.769,APURIMAC,SIERRA,RAMAL,MONTAÑOSO,1.0,44.1,Regular,-72.18514251699992,-13.875543593999907,-72.22415562899994,-13.84226481199994,6.786999999999978
3279,PE-3N,778.304,782.122,ANCASH,SIERRA,LONGITUDINAL DE LA SIERRA,MONTAÑOSO,2.0,55.0,Regular,-78.16959642199993,-8.497150716999954,-78.15735193699993,-8.50031546699995,3.8179999999999836
3280,PE-28B,601.661,602.169,CUSCO,SIERRA,VARIANTE,ONDULADO,2.0,40.84,Buena,-72.27282031599992,-13.253151682999942,-72.26926994299993,-13.256057738999914,0.5080000000000382
3281,PE-1SJ,11.616,16.155,AREQUIPA,COSTA,RAMAL,PLANO,0.0,0.0,Buena,-71.75815999999992,-17.09089199999994,-71.78893381199993,-17.116047800999922,4.5390000000000015
3282,PE-5SA,0.0,3.447,JUNIN,SELVA,RAMAL,ONDULADO,2.0,41.29,Buena,-74.3058232059999,-11.137947780999923,-74.29107479999993,-11.131083239999953,3.447
3283,PE-5SA,3.687,16.152,JUNIN,SELVA,RAMAL,ONDULADO,2.0,41.29,Buena,-74.28887576999995,-11.131575349999935,-74.31820355899993,-11.077110785999935,12.465000000000002
3284,PE-5SA,16.152,16.668,JUNIN,SELVA,RAMAL,ONDULADO,2.0,27.06,Buena,-74.31820355899993,-11.077110785999935,-74.3178784399999,-11.07316372999992,0.5159999999999982
3285,PE-5SA,16.668,22.439,JUNIN,SELVA,RAMAL,ONDULADO,2.0,41.29,Buena,-74.3178784399999,-11.07316372999992,-74.31634484699993,-11.033469130999947,5.771000000000001
3286,PE-5SA,24.755,89.711,UCAYALI,SELVA,RAMAL,ONDULADO,0.0,0.0,Buena,-74.29899528199991,-11.030039360999922,-74.04658495199993,-10.90676077899991,64.956
3287,PE-5SA,22.439,24.438,JUNIN,SELVA,RAMAL,ONDULADO,2.0,27.06,Buena,-74.31634484699993,-11.033469130999947,-74.30065174999993,-11.03203699699992,1.9989999999999988
3288,PE-5SA,89.711,131.636,UCAYALI,SELVA,RAMAL,ONDULADO,0.0,0.0,Buena,-74.04658495199993,-10.90676077899991,-73.8140264399999,-10.887725835999959,41.925
3289,PE-5SA,131.636,159.5,JUNIN,SELVA,RAMAL,ONDULADO,0.0,0.0,Buena,-73.79655558099995,-10.892409431999909,-73.75563335499993,-10.735888183999919,27.864000000000004
3290,PE-06A,85.134,88.348,CAJAMARCA,COSTA,TRANSVERSAL,MONTAÑOSO,2.0,52.57,Buena,-79.24783047999995,-6.601076844999909,-79.2348475309999,-6.581610635999937,3.2139999999999986
3291,PE-06A,88.614,90.928,CAJAMARCA,COSTA,TRANSVERSAL,MONTAÑOSO,1.0,47.92,Buena,-79.23357754999995,-6.579741741999953,-79.22927379299995,-6.5614517369999135,2.313999999999993
3292,PE-06A,104.857,108.319,CAJAMARCA,SIERRA,TRANSVERSAL,MONTAÑOSO,1.0,33.11,Buena,-79.15825302799993,-6.499625087999959,-79.14966942199993,-6.496627541999942,3.4620000000000033
3293,PE-06A,113.248,123.958,CAJAMARCA,SIERRA,TRANSVERSAL,MONTAÑOSO,1.0,33.11,Buena,-79.1382269099999,-6.497303507999959,-79.12244227399992,-6.515142471999923,10.709999999999994
3294,PE-06A,123.958,151.419,CAJAMARCA,SIERRA,TRANSVERSAL,ONDULADO,1.0,55.02,Buena,-79.12244227399992,-6.515142471999923,-79.03882945499993,-6.468236685999955,27.461000000000013
3295,PE-06A,175.586,179.778,CAJAMARCA,SIERRA,TRANSVERSAL,ONDULADO,1.0,55.02,Buena,-78.91546030899991,-6.49776135299993,-78.89872977199991,-6.4818451569999525,4.191999999999979
3296,PE-06A,151.419,156.543,CAJAMARCA,SIERRA,TRANSVERSAL,ONDULADO,1.0,49.53,Buena,-79.03882945499993,-6.468236685999955,-79.01875873499995,-6.454982737999956,5.123999999999995
3297,PE-06A,156.543,171.126,CAJAMARCA,SIERRA,TRANSVERSAL,ONDULADO,1.0,55.02,Buena,-79.01875873499995,-6.454982737999956,-78.92890517199993,-6.471552139999915,14.582999999999998
3298,PE-06A,171.126,175.586,CAJAMARCA,SIERRA,TRANSVERSAL,ONDULADO,1.0,49.53,Buena,-78.92890517199993,-6.471552139999915,-78.91546030899991,-6.49776135299993,4.460000000000008
3299,PE-28C,0.0,1.108,CUSCO,SELVA,RAMAL,ONDULADO,2.0,56.43,Buena,-73.7890930179999,-12.617752074999942,-73.79470211699993,-12.609413245999917,1.108
3300,PE-28C,44.126,46.009,CUSCO,SELVA,RAMAL,ONDULADO,1.0,46.47,Buena,-73.93641853299994,-12.336847304999935,-73.93966102599995,-12.328788756999927,1.8830000000000027
3301,PE-28C,228.182,249.954,JUNIN,SELVA,RAMAL,PLANO,0.0,0.0,Regular,-74.41143997199993,-11.576066281999942,-74.48383378499994,-11.437084357999936,21.77200000000002
3302,PE-28C,251.85,264.483,JUNIN,SELVA,RAMAL,PLANO,0.0,0.0,Buena,-74.48901367199994,-11.43165302299991,-74.52787869799994,-11.334560153999917,12.63300000000001
3303,PE-28C,249.954,251.85,JUNIN,SELVA,RAMAL,PLANO,0.0,0.0,Regular,-74.48383378499994,-11.437084357999936,-74.48901367199994,-11.43165302299991,1.8959999999999866
3304,PE-1S,444.437,445.019,ICA,COSTA,LONGITUDINAL DE LA COSTA,PLANO,4.0,75.08,Buena,-74.94250122499994,-14.835807359999933,-74.94227849999993,-14.841061396999919,0.5819999999999936
3305,PE-1SG,5.557,6.038,ICA,COSTA,VARIANTE,PLANO,0.0,0.0,Sin Informacion,-76.21942016399993,-13.716467512999941,-76.22088606999995,-13.720529596999938,0.48099999999999987
3306,PE-3N,148.299,149.066,PASCO,SIERRA,LONGITUDINAL DE LA SIERRA,ONDULADO,2.0,62.45,Buena,-76.1853948179999,-10.585957507999922,-76.18764495799991,-10.579219817999956,0.7669999999999959
3307,PE-3N,224.616,225.171,HUANUCO,SIERRA,LONGITUDINAL DE LA SIERRA,ONDULADO,2.0,62.45,Buena,-76.23956656799993,-10.001967609999951,-76.24113475899992,-9.99720534699992,0.5549999999999784
3308,PE-18A,44.787,45.627,HUANUCO,SIERRA,TRANSVERSAL,MONTAÑOSO,2.0,53.0,Buena,-76.09813880899992,-9.730241775999957,-76.09504401499993,-9.724081050999928,0.8400000000000034
3309,PE-22,12.481,13.056,LIMA,COSTA,TRANSVERSAL,PLANO,2.0,80.89,Buena,-76.88558769199994,-12.014684676999934,-76.88056734499992,-12.013096255999926,0.5749999999999993
3310,PE-08C,22.44,27.051,AMAZONAS,SELVA,RAMAL,MONTAÑOSO,2.0,48.16,Buena,-77.92009471699993,-6.060693423999908,-77.93945160299995,-6.034918404999928,4.610999999999997
3311,PE-14C,0.0,55.89,ANCASH,SIERRA,RAMAL,,0.0,0.0,Sin Informacion,-77.6567278519999,-8.594186372999957,-77.5372023029999,-8.701478248999933,55.89
3312,PE-14C,191.18,227.18,ANCASH,SIERRA,RAMAL,,0.0,0.0,Sin Informacion,-77.22394547999994,-9.170685114999912,-77.1698866129999,-9.342060584999956,36.0
3313,PE-14C,170.6,191.18,ANCASH,SIERRA,RAMAL,,0.0,0.0,Sin Informacion,-77.31298939399994,-9.111684887999957,-77.22394547999994,-9.170685114999912,20.580000000000013
3314,PE-14C,155.8,170.6,ANCASH,SIERRA,RAMAL,,0.0,0.0,Sin Informacion,-77.35493150299993,-9.06670857599994,-77.31298939399994,-9.111684887999957,14.799999999999983
3315,PE-14C,144.26,155.8,ANCASH,SIERRA,RAMAL,,0.0,0.0,Sin Informacion,-77.37688026799992,-8.988352888999941,-77.35493150299993,-9.06670857599994,11.54000000000002
3316,PE-14C,105.67,121.67,ANCASH,SIERRA,RAMAL,,0.0,0.0,Sin Informacion,-77.3659155389999,-8.908321308999916,-77.37688026799992,-8.988352888999941,16.0
3317,PE-14C,98.59,104.546,ANCASH,SIERRA,RAMAL,,0.0,0.0,Sin Informacion,-77.38634908099993,-8.844377264999935,-77.36210065799992,-8.863812757999938,5.956000000000003
3318,PE-14C,86.3,98.59,ANCASH,SIERRA,RAMAL,,0.0,0.0,Sin Informacion,-77.43808844099993,-8.834035155999914,-77.38634908099993,-8.844377264999935,12.290000000000006
3319,PE-14C,61.96,82.647,ANCASH,SIERRA,RAMAL,,0.0,0.0,Sin Informacion,-77.5311798159999,-8.73445615299994,-77.46148239999991,-8.818727834999947,20.687000000000005
3320,PE-14C,55.89,61.96,ANCASH,SIERRA,RAMAL,,0.0,0.0,Sin Informacion,-77.5372023029999,-8.701478248999933,-77.5311798159999,-8.73445615299994,6.07
3321,PE-5NH,0.0,9.31,HUANUCO,SELVA,RAMAL,PLANO,0.0,0.0,Sin Informacion,-75.0319852849999,-9.38185342099996,-74.97013520299993,-9.380609336999953,9.31
3322,PE-20,0.0,19.45,CALLAO,COSTA,TRANSVERSAL,PLANO,0.0,0.0,Buena,-77.11283939899994,-11.83397457999996,-77.12620734199993,-11.996839501999943,19.45
3323,PE-20B,2.978,8.22,CALLAO,COSTA,VARIANTE,PLANO,0.0,0.0,Buena,-77.10620024499991,-12.022436506999952,-77.12710570399992,-12.038049107999939,5.242000000000001
3324,PE-28H,0.0,28.04,AYACUCHO,SELVA,RAMAL,,0.0,0.0,Buena,-73.83111569599993,-12.600545864999958,-73.85945087199991,-12.510973828999909,28.04
3325,PE-28H,28.04,51.24,AYACUCHO,SELVA,RAMAL,,0.0,0.0,Buena,-73.85945087199991,-12.510973828999909,-73.90855479999993,-12.410277931999929,23.200000000000003
3326,PE-28H,51.24,59.0,AYACUCHO,SELVA,RAMAL,,0.0,0.0,Buena,-73.90855479999993,-12.410277931999929,-73.93915360099993,-12.382323636999956,7.759999999999998
3327,PE-28H,59.0,70.04,AYACUCHO,SELVA,RAMAL,,0.0,0.0,Buena,-73.93915360099993,-12.382323636999956,-73.98148357199995,-12.333085662999906,11.040000000000006
3328,PE-28H,70.04,82.0,AYACUCHO,SELVA,RAMAL,,0.0,0.0,Buena,-73.98148357199995,-12.333085662999906,-74.02256753299991,-12.282068049999907,11.959999999999994
3329,PE-3SM,0.0,9.908,HUANCAVELICA,SIERRA,VARIANTE,,0.0,0.0,Buena,-74.92920399999991,-12.532262999999944,-74.92036916299992,-12.537313773999927,9.908
3330,PE-3SM,118.727,131.747,HUANCAVELICA,SIERRA,VARIANTE,,0.0,0.0,Buena,-74.46286398099994,-12.891743610999924,-74.43789812799992,-12.91485832099994,13.02000000000001
3331,PE-3SM,131.747,142.559,HUANCAVELICA,SIERRA,VARIANTE,,0.0,0.0,Buena,-74.43789812799992,-12.91485832099994,-74.39817742299994,-12.89006897999991,10.811999999999983
3332,PE-3SM,142.559,163.699,HUANCAVELICA,SIERRA,VARIANTE,,0.0,0.0,Buena,-74.39817742299994,-12.89006897999991,-74.34756292499992,-12.83962525599992,21.140000000000015
3333,PE-3SM,93.539,94.37,HUANCAVELICA,SIERRA,VARIANTE,,0.0,0.0,Buena,-74.5694572889999,-12.840202845999954,-74.56728387999993,-12.84337800399993,0.8310000000000031
3334,PE-3SM,94.37,101.225,HUANCAVELICA,SIERRA,VARIANTE,,0.0,0.0,Buena,-74.56728387999993,-12.84337800399993,-74.54497027999992,-12.849914171999956,6.85499999999999
3335,PE-3SM,101.225,118.727,HUANCAVELICA,SIERRA,VARIANTE,,0.0,0.0,Buena,-74.54497027999992,-12.849914171999956,-74.46286398099994,-12.891743610999924,17.50200000000001
3336,PE-3SM,71.539,93.539,HUANCAVELICA,SIERRA,VARIANTE,,0.0,0.0,Buena,-74.64316723499991,-12.736996115999943,-74.5694572889999,-12.840202845999954,22.0
3337,PE-3SM,62.306,67.837,HUANCAVELICA,SIERRA,VARIANTE,,0.0,0.0,Buena,-74.68474438599992,-12.707024824999905,-74.65400104499992,-12.716103562999933,5.531000000000006
3338,PE-3SM,67.837,71.539,HUANCAVELICA,SIERRA,VARIANTE,,0.0,0.0,Buena,-74.65400104499992,-12.716103562999933,-74.64316723499991,-12.736996115999943,3.701999999999998
3339,PE-3SM,44.097,50.806,HUANCAVELICA,SIERRA,VARIANTE,,0.0,0.0,Buena,-74.77880038199993,-12.634405621999917,-74.73979503399994,-12.645598760999917,6.708999999999996
3340,PE-3SM,50.806,62.306,HUANCAVELICA,SIERRA,VARIANTE,,0.0,0.0,Buena,-74.73979503399994,-12.645598760999917,-74.68474438599992,-12.707024824999905,11.5
3341,PE-3SM,30.491,44.097,HUANCAVELICA,SIERRA,VARIANTE,,0.0,0.0,Buena,-74.81673600599993,-12.57912045899991,-74.77880038199993,-12.634405621999917,13.606000000000002
3342,PE-3SM,9.908,18.309,HUANCAVELICA,SIERRA,VARIANTE,,0.0,0.0,Buena,-74.92036916299992,-12.537313773999927,-74.8943446319999,-12.540620561999958,8.401000000000002
3343,PE-3SM,18.309,30.491,HUANCAVELICA,SIERRA,VARIANTE,,0.0,0.0,Buena,-74.8943446319999,-12.540620561999958,-74.81673600599993,-12.57912045899991,12.181999999999999
3344,PE-3SV,0.0,19.1501,APURIMAC,SIERRA,RAMAL,ONDULADO,0.0,0.0,Regular,-72.81364577699992,-13.553673213999957,-72.88424898399995,-13.513352287999908,19.1501
3345,PE-22A,5.43,6.233,LIMA,COSTA,TRANSVERSAL,PLANO,2.0,45.19,Buena,-76.63415145899995,-12.645051955999918,-76.63014411899991,-12.633844375999956,0.8029999999999999
3346,PE-22A,6.233,24.212,LIMA,COSTA,TRANSVERSAL,PLANO,1.0,45.19,Buena,-76.63014411899991,-12.633844375999956,-76.54440094799992,-12.52471094099991,17.979
3347,PE-22A,24.212,27.413,LIMA,COSTA,TRANSVERSAL,ONDULADO,1.0,67.04,Buena,-76.54440094799992,-12.52471094099991,-76.51948115499994,-12.525702976999924,3.2010000000000005
3348,PE-22A,29.801,30.011,LIMA,COSTA,TRANSVERSAL,ONDULADO,1.0,44.1,Mala,-76.49902152999994,-12.523473739999929,-76.49827957199994,-12.523603438999942,0.21000000000000085
3349,PE-22A,27.413,29.801,LIMA,COSTA,TRANSVERSAL,ONDULADO,1.0,44.1,Buena,-76.51948115499994,-12.525702976999924,-76.49902152999994,-12.523473739999929,2.387999999999998
3350,PE-22A,30.011,34.808,LIMA,COSTA,TRANSVERSAL,ONDULADO,1.0,44.1,Mala,-76.49827957199994,-12.523603438999942,-76.46666145299992,-12.514995574999944,4.797000000000001
3351,PE-22A,34.808,58.269,LIMA,SIERRA,TRANSVERSAL,ONDULADO,1.0,34.85,Mala,-76.46666145299992,-12.514995574999944,-76.36646842999994,-12.358602523999934,23.461
3352,PE-22A,58.269,62.846,LIMA,SIERRA,TRANSVERSAL,ONDULADO,1.0,40.84,Regular,-76.36646842999994,-12.358602523999934,-76.32974052399993,-12.34379386899991,4.576999999999998
3353,PE-22A,62.846,77.334,LIMA,SIERRA,TRANSVERSAL,ONDULADO,1.0,34.85,Mala,-76.32974052399993,-12.34379386899991,-76.2502593289999,-12.29869187199995,14.488000000000007
3354,PE-22A,92.239,101.503,LIMA,SIERRA,TRANSVERSAL,ONDULADO,1.0,34.85,Mala,-76.23596766299994,-12.207340243999909,-76.22880554199992,-12.161241530999916,9.263999999999996
3355,PE-22A,101.503,117.909,LIMA,SIERRA,TRANSVERSAL,ONDULADO,1.0,34.85,Mala,-76.22880554199992,-12.161241530999916,-76.18267079299994,-12.11334992199994,16.406000000000006
3356,PE-22A,117.909,137.08,LIMA,SIERRA,TRANSVERSAL,ONDULADO,0.0,0.0,Sin Informacion,-76.18267079299994,-12.11334992199994,-76.11852931399994,-12.003972182999917,19.171000000000006
3357,PE-22A,137.08,142.937,LIMA,SIERRA,TRANSVERSAL,ONDULADO,0.0,0.0,Sin Informacion,-76.11852931399994,-12.003972182999917,-76.09787722899995,-11.926744086999918,5.856999999999999
3358,PE-22A,142.937,151.38,LIMA,SIERRA,TRANSVERSAL,ONDULADO,0.0,0.0,Sin Informacion,-76.09787722899995,-11.926744086999918,-76.10718777999995,-11.919593652999936,8.442999999999984
3359,PE-22A,151.38,183.511,LIMA,SIERRA,TRANSVERSAL,ONDULADO,0.0,0.0,Sin Informacion,-76.10718777999995,-11.919593652999936,-76.2572746159999,-11.734651572999951,32.131
3360,PE-1N,994.431,995.801,PIURA,COSTA,LONGITUDINAL DE LA COSTA,PLANO,3.0,77.35,Buena,-80.64554996699991,-5.195686562999924,-80.64897221699994,-5.18474744599996,1.3700000000000045
3361,PE-1SD,386.952,391.319,TACNA,COSTA,VARIANTE,PLANO,0.0,80.89,Sin Informacion,-70.2993447259999,-18.056987359999937,-70.2703369219999,-18.038078018999954,4.367000000000019
3362,PE-1SD,274.262,335.073,TACNA,COSTA,VARIANTE,PLANO,2.0,80.89,Buena,-71.14197374299994,-17.819157150999956,-70.69676463699994,-18.137438665999923,60.81099999999998
3363,PE-1SD,240.243,241.9,MOQUEGUA,COSTA,VARIANTE,PLANO,2.0,80.89,Buena,-71.33796294899992,-17.64065926899991,-71.34508142599992,-17.652181060999908,1.6570000000000107
3364,PE-1SD,248.561,274.262,MOQUEGUA,COSTA,VARIANTE,PLANO,2.0,80.89,Buena,-71.33690392299991,-17.68898042999996,-71.14197374299994,-17.819157150999956,25.700999999999993
3365,PE-1SD,237.705,239.192,MOQUEGUA,COSTA,VARIANTE,PLANO,4.0,80.89,Buena,-71.34143567099994,-17.62144348399994,-71.3371315039999,-17.632176091999952,1.4869999999999948
3366,PE-1SD,127.903,129.557,AREQUIPA,COSTA,VARIANTE,PLANO,2.0,80.89,Buena,-71.87488768999992,-17.131842475999917,-71.85976082199994,-17.13335664199991,1.6539999999999822
3367,PE-1SD,139.089,144.292,AREQUIPA,COSTA,VARIANTE,PLANO,2.0,77.35,Buena,-71.78893381199993,-17.116047800999922,-71.78593732999991,-17.15108649499996,5.203000000000003
3368,PE-1SD,133.708,134.199,AREQUIPA,COSTA,VARIANTE,PLANO,4.0,77.35,Buena,-71.82489503399995,-17.146290927999928,-71.82164750599992,-17.14352826599992,0.49100000000001387
3369,PE-1SD,107.915,108.435,AREQUIPA,COSTA,VARIANTE,PLANO,4.0,77.35,Buena,-72.00883725099993,-17.018495990999952,-72.00606837599992,-17.022346694999953,0.519999999999996
3370,PE-1SD,108.435,124.765,AREQUIPA,COSTA,VARIANTE,PLANO,2.0,77.35,Buena,-72.00606837599992,-17.022346694999953,-71.89735968299993,-17.113723513999958,16.33
3371,PE-1SD,19.967,20.33,AREQUIPA,COSTA,VARIANTE,ONDULADO,1.0,52.05,Buena,-72.48326893099994,-16.693794320999928,-72.47999674199991,-16.693430848999924,0.36299999999999955
3372,PE-3NG,0.0,22.785,JUNIN,SIERRA,RAMAL,,0.0,0.0,Regular,-75.91308590699992,-11.292526289999955,-76.07558435099992,-11.297060434999935,22.785
3373,PE-3NG,22.785,37.612,JUNIN,SIERRA,RAMAL,,0.0,0.0,Regular,-76.07558435099992,-11.297060434999935,-76.17381801199991,-11.230978603999915,14.827000000000002
3374,PE-3NG,37.612,43.439,JUNIN,SIERRA,RAMAL,,0.0,0.0,Regular,-76.17381801199991,-11.230978603999915,-76.2216369539999,-11.230409177999945,5.826999999999998
3375,PE-20A,5.468,9.946,LIMA,COSTA,TRANSVERSAL,PLANO,0.0,0.0,Mala,-77.04491994299991,-11.891489630999956,-77.01915720599993,-11.86271827999991,4.478
3376,PE-1S,400.66,404.964,ICA,COSTA,LONGITUDINAL DE LA COSTA,ONDULADO,2.0,73.34,Buena,-75.2088698309999,-14.569850751999923,-75.19571625499992,-14.605115975999922,4.303999999999974
3377,PE-40,8.486,10.456,TACNA,SIERRA,TRANSVERSAL,ONDULADO,2.0,68.7,Buena,-70.21485710099995,-17.989997863999918,-70.2000447389999,-17.979223302999912,1.9699999999999989
3378,PE-20A,30.705,33.595,LIMA,SIERRA,TRANSVERSAL,ONDULADO,2.0,49.53,Buena,-76.96736554599994,-11.741948642999944,-76.95838790599993,-11.724586184999907,2.8900000000000006
3379,PE-18,107.865,107.869,LIMA,SIERRA,TRANSVERSAL,MONTAÑOSO,2.0,44.1,Buena,-76.87577047699995,-10.813569714999915,-76.87577212499991,-10.813533608999933,0.0040000000000048885
3380,PE-3SD,36.312,37.022,HUANCAVELICA,SIERRA,VARIANTE,MONTAÑOSO,1.0,44.1,Regular,-74.87270457699992,-12.39235190599993,-74.86869570999994,-12.392648133999955,0.7100000000000009
3381,PE-3SF,219.118,222.065,APURIMAC,SIERRA,RAMAL,ONDULADO,1.0,55.02,Buena,-72.21881434999995,-14.077939078999918,-72.20083201099993,-14.067319267999949,2.9470000000000027
3382,PE-10B,31.239,40.132,LA LIBERTAD,SELVA,TRANSVERSAL,ONDULADO,1.0,41.29,Mala,-77.85907866399992,-7.7085075459999075,-77.84168244699993,-7.641184316999954,8.892999999999997
3383,PE-12B,129.286,135.32,LA LIBERTAD,SIERRA,RAMAL,MONTAÑOSO,1.0,40.51,Mala,-77.3837231629999,-8.345134734999931,-77.34900421899994,-8.34387639299996,6.033999999999992
3384,PE-08A,26.9,29.444,CAJAMARCA,SIERRA,RAMAL,MONTAÑOSO,2.0,55.7,Buena,-78.82355193899991,-7.116344677999905,-78.80723809599994,-7.113951019999945,2.5440000000000005
3385,PE-12A,241.981,244.002,HUANUCO,SIERRA,TRANSVERSAL,ONDULADO,1.0,43.03,Buena,-76.87506300799993,-8.656323524999948,-76.86205668499991,-8.661135748999925,2.021000000000015
3386,PE-14C,82.647,86.3,ANCASH,SIERRA,RAMAL,,0.0,0.0,Sin Informacion,-77.46148239999991,-8.818727834999947,-77.43808844099993,-8.834035155999914,3.6529999999999916
3387,PE-32,25.869,27.478,AREQUIPA,SIERRA,TRANSVERSAL,ONDULADO,1.0,49.53,Buena,-73.98053973599991,-15.807429206999927,-73.96779823299994,-15.805351256999927,1.6090000000000018
3388,PE-34A,175.83,177.784,AREQUIPA,SIERRA,TRANSVERSAL,ONDULADO,2.0,66.89,Buena,-71.02267173999991,-15.773060573999942,-71.00538999999992,-15.767559999999946,1.9539999999999793
3389,PE-5NI,4.445,6.725,LORETO,SELVA,RAMAL,PLANO,0.0,0.0,Buena,-73.24852699999991,-3.70573399999995,-73.25392099999993,-3.689709999999934,2.2799999999999994
3390,PE-34B,126.496,131.422,PUNO,SIERRA,RAMAL,MONTAÑOSO,2.0,55.0,Buena,-70.27030681699995,-14.410556438999947,-70.27296447799995,-14.373443602999942,4.926000000000002
3391,PE-34B,121.35,126.496,PUNO,SIERRA,RAMAL,MONTAÑOSO,2.0,55.7,Buena,-70.2596556389999,-14.447564198999942,-70.27030681699995,-14.410556438999947,5.146000000000001
3392,PE-34B,25.065,40.059,PUNO,SIERRA,RAMAL,PLANO,2.0,78.24,Buena,-70.2025554409999,-15.096295654999949,-70.18990934299995,-14.976801785999953,14.993999999999996
3393,PE-34B,225.67,230.66,PUNO,SIERRA,RAMAL,MONTAÑOSO,2.0,55.7,Buena,-70.4886294929999,-13.834066225999948,-70.4777507789999,-13.806245803999957,4.990000000000009
3394,PE-34B,96.377,101.008,PUNO,SIERRA,RAMAL,PLANO,2.0,78.24,Buena,-70.34389305199994,-14.599676131999956,-70.32031833799994,-14.582080172999952,4.631
3395,PE-34B,0.0,20.057,PUNO,SIERRA,RAMAL,PLANO,2.0,75.08,Buena,-70.23284807599993,-15.306856988999925,-70.21593015399992,-15.129241165999929,20.057
3396,PE-34B,201.902,214.198,PUNO,SIERRA,RAMAL,MONTAÑOSO,2.0,55.7,Buena,-70.48994512299993,-13.939691987999936,-70.5081136089999,-13.867433036999955,12.29600000000002
3397,PE-34B,131.422,138.064,PUNO,SIERRA,RAMAL,MONTAÑOSO,2.0,55.7,Buena,-70.27296447799995,-14.373443602999942,-70.24257259899991,-14.337211730999911,6.641999999999996
3398,PE-34B,232.675,233.15,PUNO,SIERRA,RAMAL,ONDULADO,2.0,68.7,Buena,-70.47024917599992,-13.793790816999945,-70.4721469879999,-13.792474746999915,0.4749999999999943
3399,PE-34B,235.924,236.357,PUNO,SIERRA,RAMAL,ONDULADO,2.0,62.45,Buena,-70.47577300599994,-13.779689469999937,-70.47487343899991,-13.776643290999914,0.4329999999999927
3400,PE-34B,239.381,239.835,PUNO,SIERRA,RAMAL,ONDULADO,2.0,43.03,Buena,-70.46801118499991,-13.76294089299995,-70.46560999499991,-13.759805972999914,0.45400000000000773
3401,PE-34B,294.26,294.499,PUNO,SELVA,RAMAL,ONDULADO,0.0,50.38,Buena,-70.35314559999995,-13.432836532999943,-70.35242508999994,-13.43240710099991,0.23900000000003274
3402,PE-34B,232.175,232.569,PUNO,SIERRA,RAMAL,MONTAÑOSO,2.0,68.7,Buena,-70.4748543629999,-13.80121781899993,-70.47117996299994,-13.795848845999956,0.39399999999997704
3403,PE-34B,176.666,182.887,PUNO,SIERRA,RAMAL,ONDULADO,2.0,68.7,Buena,-70.38847947099993,-14.09034883299995,-70.42469226199995,-14.070544424999923,6.221000000000004
3404,PE-34B,296.112,296.445,PUNO,SELVA,RAMAL,ONDULADO,0.0,50.38,Buena,-70.34173489199992,-13.439654641999937,-70.33858475599993,-13.440236011999957,0.33299999999997
3405,PE-34B,306.08,306.516,PUNO,SELVA,RAMAL,ONDULADO,0.0,41.29,Buena,-70.31461171299992,-13.401181788999907,-70.31773479499992,-13.401380872999937,0.43600000000003547
3406,PE-34B,290.131,290.728,PUNO,SELVA,RAMAL,ONDULADO,0.0,56.43,Buena,-70.38047599799995,-13.430412291999914,-70.3761249559999,-13.427815968999937,0.5970000000000368
3407,PE-34B,293.779,294.26,PUNO,SELVA,RAMAL,ONDULADO,0.0,60.03,Buena,-70.3560276039999,-13.434541701999933,-70.35314512899993,-13.432828521999909,0.48099999999999454
3408,PE-34B,101.008,102.108,PUNO,SIERRA,RAMAL,ONDULADO,4.0,68.7,Buena,-70.32031833799994,-14.582080172999952,-70.31353007399991,-14.585135413999922,1.1000000000000085
3409,PE-34B,182.887,183.335,PUNO,SIERRA,RAMAL,ONDULADO,4.0,68.7,Buena,-70.42469226199995,-14.070544424999923,-70.42863162399993,-14.06904983499993,0.4480000000000075
3410,PE-34B,176.498,176.666,PUNO,SIERRA,RAMAL,ONDULADO,2.0,55.02,Buena,-70.38711357199992,-14.092348098999935,-70.38849258499994,-14.090345382999942,0.16800000000000637
3411,PE-34B,217.023,217.459,PUNO,SIERRA,RAMAL,MONTAÑOSO,2.0,53.0,Buena,-70.51279416999995,-13.869754741999941,-70.51160091799994,-13.869162925999944,0.43600000000000705
3412,PE-34B,230.66,230.886,PUNO,SIERRA,RAMAL,MONTAÑOSO,2.0,33.11,Buena,-70.47776001799991,-13.806249960999935,-70.47783991299991,-13.805339917999959,0.2259999999999991
3413,PE-34B,217.459,217.904,PUNO,SIERRA,RAMAL,MONTAÑOSO,2.0,40.51,Buena,-70.51160310099993,-13.86916333299996,-70.5109272009999,-13.868257522999954,0.4449999999999932
3414,PE-34B,232.569,232.675,PUNO,SIERRA,RAMAL,MONTAÑOSO,2.0,55.7,Buena,-70.47116470399993,-13.795869826999933,-70.47024277699995,-13.793788683999935,0.10600000000002296
3415,PE-34B,239.835,240.523,PUNO,SIERRA,RAMAL,ONDULADO,2.0,62.45,Buena,-70.46561085199994,-13.75980874399994,-70.4651050569999,-13.75392723099992,0.6879999999999882
3416,PE-34B,240.523,240.865,PUNO,SIERRA,RAMAL,ONDULADO,2.0,43.03,Buena,-70.46510887199992,-13.75395011899991,-70.46263205899993,-13.751877842999932,0.34200000000001296
3417,PE-34B,286.772,287.396,PUNO,SELVA,RAMAL,ONDULADO,0.0,56.43,Buena,-70.40864711299992,-13.450554218999912,-70.40722274799992,-13.446710585999938,0.6240000000000236
3418,PE-34B,291.951,292.243,PUNO,SELVA,RAMAL,ONDULADO,0.0,60.03,Buena,-70.37048149199995,-13.426633834999905,-70.3654575349999,-13.428762435999943,0.29199999999997317
3419,PE-34K,64.154,72.245,PUNO,SIERRA,TRANSVERSAL,,0.0,0.0,Regular,-69.73556325599992,-14.48383758999995,-69.68778808999991,-14.513152531999935,8.091000000000008
3420,PE-34K,7.3,21.18,PUNO,SIERRA,TRANSVERSAL,,0.0,0.0,Mala,-70.1839672179999,-14.313949453999953,-70.06598275199991,-14.356415931999948,13.879999999999999
3421,PE-34K,34.245,64.154,PUNO,SIERRA,TRANSVERSAL,,0.0,0.0,Regular,-69.94989720799992,-14.37633991599995,-69.73556325599992,-14.48383758999995,29.909
3422,PE-34H,196.246,197.238,PUNO,SIERRA,TRANSVERSAL,MONTAÑOSO,2.0,33.43,Buena,-69.53592872799993,-14.464828490999935,-69.53561083699992,-14.45601488899996,0.9919999999999902
3423,PE-34H,69.287,69.545,PUNO,SIERRA,TRANSVERSAL,PLANO,2.0,78.24,Buena,-69.80348777899991,-15.059118270999932,-69.80211536299993,-15.05684769699991,0.25799999999999557
3424,PE-34H,159.687,161.54,PUNO,SIERRA,TRANSVERSAL,MONTAÑOSO,2.0,33.43,Buena,-69.65744518199995,-14.548323922999941,-69.66560901299994,-14.534968283999945,1.8529999999999802
3425,PE-34H,197.238,197.675,PUNO,SIERRA,TRANSVERSAL,MONTAÑOSO,2.0,53.0,Buena,-69.53561083699992,-14.45601488899996,-69.53399156299992,-14.452528221999955,0.4370000000000118
3426,PE-34H,68.663,68.865,PUNO,SIERRA,TRANSVERSAL,PLANO,2.0,42.22,Buena,-69.80677986199993,-15.064525603999925,-69.80573082099994,-15.062782286999948,0.20199999999999818
3427,PE-34H,195.663,196.246,PUNO,SIERRA,TRANSVERSAL,MONTAÑOSO,2.0,53.0,Buena,-69.53656005999994,-14.469833373999904,-69.53592872799993,-14.464828490999935,0.5829999999999984
3428,PE-34H,47.704,47.891,PUNO,SIERRA,TRANSVERSAL,PLANO,2.0,78.24,Buena,-69.82865102199992,-15.235274517999926,-69.8279762279999,-15.233757018999938,0.1869999999999976
3429,PE-34H,89.952,90.396,PUNO,SIERRA,TRANSVERSAL,ONDULADO,2.0,34.85,Buena,-69.85635566799994,-14.912117003999924,-69.8524708679999,-14.912065029999951,0.4440000000000026
3430,PE-34L,33.9,33.955,PUNO,SIERRA,TRANSVERSAL,,0.0,0.0,Regular,-69.35568490599991,-14.802335385999925,-69.3557780239999,-14.80277203399993,0.054999999999999716
3431,PE-34L,4.981,15.433,PUNO,SIERRA,TRANSVERSAL,,0.0,0.0,Regular,-69.53190946899991,-14.677203147999933,-69.45108324599994,-14.687645827999916,10.452
3432,PE-34L,15.433,33.9,PUNO,SIERRA,TRANSVERSAL,,0.0,0.0,Regular,-69.45108324599994,-14.687645827999916,-69.35568490599991,-14.802335385999925,18.467
3433,PE-34L,59.45,64.95,PUNO,SIERRA,TRANSVERSAL,,0.0,0.0,Regular,-69.36738900899991,-15.010263895999913,-69.39166069899994,-15.052550370999938,5.5
3434,PE-34L,99.237,110.22,PUNO,SIERRA,TRANSVERSAL,,0.0,0.0,Mala,-69.58907324199993,-15.190824820999921,-69.67569867299994,-15.204533843999911,10.983000000000004
3435,PE-04A,0.0,21.898,PIURA,COSTA,TRANSVERSAL,ONDULADO,0.0,0.0,Sin Informacion,-80.5326138929999,-5.93147350299995,-80.39023390999995,-6.027605938999955,21.898
3436,PE-04A,39.491,90.642,LAMBAYEQUE,COSTA,TRANSVERSAL,ONDULADO,0.0,0.0,Sin Informacion,-80.12654630899993,-5.94733247299996,-79.74066517699993,-5.984890389999919,51.150999999999996
3437,PE-36B,50.297,52.923,MOQUEGUA,SIERRA,RAMAL,MONTAÑOSO,2.0,55.7,Buena,-70.3809895629999,-16.544792213999926,-70.36228736999993,-16.529626169999915,2.6260000000000048
3438,PE-3SA,0.0,2.562,JUNIN,SIERRA,RAMAL,ONDULADO,2.0,68.7,Buena,-75.4750974289999,-11.787045451999916,-75.49176406899994,-11.770967483999925,2.562
3439,PE-3SA,35.255,47.354,JUNIN,SIERRA,RAMAL,ONDULADO,2.0,68.7,Buena,-75.6345005039999,-11.580633162999959,-75.6524210419999,-11.50349198799995,12.098999999999997
3440,PE-3SF,36.008,38.233,APURIMAC,SIERRA,RAMAL,ONDULADO,1.0,49.53,Buena,-72.7740712879999,-13.861848237999936,-72.76959023199993,-13.870498214999941,2.2249999999999943
3441,PE-34L,0.44,4.981,PUNO,SIERRA,TRANSVERSAL,,0.0,0.0,Regular,-69.56680901899995,-14.668170389999943,-69.53190946899991,-14.677203147999933,4.5409999999999995
3442,PE-18B,98.589,174.838,HUANUCO,SIERRA,TRANSVERSAL,ONDULADO,0.0,0.0,Sin Informacion,-75.77564398999994,-9.821060837999937,-75.5127639769999,-9.739957808999918,76.249
3443,PE-14,118.469,136.915,ANCASH,SIERRA,TRANSVERSAL,MONTAÑOSO,0.0,0.0,Buena,-77.59561415699994,-9.563849571999924,-77.55222329199995,-9.536696384999914,18.445999999999998
3444,PE-14,137.657,140.289,ANCASH,SIERRA,TRANSVERSAL,MONTAÑOSO,0.0,0.0,Buena,-77.55626522499995,-9.534742687999938,-77.54468896399993,-9.526083549999953,2.6319999999999766
3445,PE-14,66.215,69.271,ANCASH,SIERRA,TRANSVERSAL,MONTAÑOSO,1.0,40.51,Buena,-77.80931415399994,-9.549814493999918,-77.78470550899993,-9.544892432999916,3.0559999999999974
3446,PE-14,45.372,50.811,ANCASH,SIERRA,TRANSVERSAL,ONDULADO,2.0,68.7,Buena,-77.95289766499991,-9.53702431499994,-77.91033476399991,-9.540881316999958,5.439
3447,PE-14,55.688,56.768,ANCASH,SIERRA,TRANSVERSAL,ONDULADO,2.0,66.89,Buena,-77.89535385199991,-9.559910687999945,-77.89014600999991,-9.55929541599994,1.0799999999999983
3448,PE-14,10.838,15.286,ANCASH,COSTA,TRANSVERSAL,PLANO,2.0,80.89,Buena,-78.1915331429999,-9.43858784999992,-78.15734712999995,-9.444643138999936,4.448
3449,PE-14,145.464,146.601,ANCASH,SIERRA,TRANSVERSAL,MONTAÑOSO,0.0,0.0,Buena,-77.53820458299992,-9.521115197999904,-77.5326608229999,-9.52757829099994,1.1370000000000005
3450,PE-14,140.289,141.393,ANCASH,SIERRA,TRANSVERSAL,MONTAÑOSO,0.0,0.0,Buena,-77.54468896399993,-9.526083549999953,-77.54379589299992,-9.519386462999933,1.1040000000000134
3451,PE-14,141.393,142.41,ANCASH,SIERRA,TRANSVERSAL,MONTAÑOSO,0.0,0.0,Buena,-77.54379589299992,-9.519386462999933,-77.54474070999993,-9.513132925999912,1.016999999999996
3452,PE-14,142.41,144.445,ANCASH,SIERRA,TRANSVERSAL,MONTAÑOSO,0.0,0.0,Buena,-77.54474070999993,-9.513132925999912,-77.53907626799992,-9.512751988999923,2.0349999999999966
3453,PE-14,5.085,10.838,ANCASH,COSTA,TRANSVERSAL,PLANO,2.0,77.35,Buena,-78.23516506099992,-9.462263510999946,-78.1915331429999,-9.43858784999992,5.752999999999999
3454,PE-14,15.286,20.734,ANCASH,COSTA,TRANSVERSAL,PLANO,2.0,77.35,Buena,-78.15734712999995,-9.444643138999936,-78.12709592999994,-9.48055430799991,5.448000000000002
3455,PE-14,64.708,66.215,ANCASH,SIERRA,TRANSVERSAL,MONTAÑOSO,1.0,40.51,Buena,-77.8225969369999,-9.546761631999914,-77.80931415399994,-9.549814493999918,1.507000000000005
3456,PE-14,93.869,100.093,ANCASH,SIERRA,TRANSVERSAL,MONTAÑOSO,1.0,44.1,Buena,-77.68847159899991,-9.559026285999948,-77.6636961829999,-9.553641925999955,6.224000000000004
3457,PE-14,28.14,38.158,ANCASH,SIERRA,TRANSVERSAL,ONDULADO,2.0,68.7,Buena,-78.07288596599994,-9.502815962999932,-77.99450601799992,-9.513849257999937,10.018
3458,PE-14,109.404,112.987,ANCASH,SIERRA,TRANSVERSAL,MONTAÑOSO,1.0,33.11,Buena,-77.64065269399993,-9.559320932999924,-77.6234124479999,-9.54586405699996,3.5829999999999984
3459,PE-14,69.271,93.869,ANCASH,SIERRA,TRANSVERSAL,MONTAÑOSO,1.0,44.1,Buena,-77.78470550899993,-9.544892432999916,-77.68847159899991,-9.559026285999948,24.598
3460,PE-14,56.991,64.708,ANCASH,SIERRA,TRANSVERSAL,MONTAÑOSO,1.0,44.1,Buena,-77.88824773999994,-9.559105642999953,-77.8225969369999,-9.546761631999914,7.716999999999999
3461,PE-14,50.811,55.688,ANCASH,SIERRA,TRANSVERSAL,ONDULADO,2.0,68.7,Buena,-77.91033476399991,-9.540881316999958,-77.89535385199991,-9.559910687999945,4.8770000000000024
3462,PE-14,38.158,45.372,ANCASH,SIERRA,TRANSVERSAL,ONDULADO,2.0,68.7,Buena,-77.99450601799992,-9.513849257999937,-77.95289766499991,-9.53702431499994,7.213999999999999
3463,PE-14,112.987,118.469,ANCASH,SIERRA,TRANSVERSAL,MONTAÑOSO,0.0,0.0,Buena,-77.6234124479999,-9.54586405699996,-77.59561415699994,-9.563849571999924,5.481999999999999
3464,PE-14,20.734,25.261,ANCASH,SIERRA,TRANSVERSAL,PLANO,2.0,75.08,Buena,-78.12709592999994,-9.48055430799991,-78.09211258699992,-9.49305320499991,4.5269999999999975
3465,PE-14,0.0,5.085,ANCASH,COSTA,TRANSVERSAL,PLANO,2.0,80.89,Buena,-78.27344262699995,-9.485014648999936,-78.23516506099992,-9.462263510999946,5.085
3466,PE-14,100.093,109.082,ANCASH,SIERRA,TRANSVERSAL,MONTAÑOSO,1.0,33.11,Buena,-77.6636961829999,-9.553641925999955,-77.63956883899993,-9.556741712999951,8.98899999999999
3467,PE-28C,99.684,105.184,JUNIN,SELVA,RAMAL,ONDULADO,0.0,0.0,Sin Informacion,-74.06131672899994,-12.090243717999954,-74.04613117699995,-12.040961309999943,5.5
3468,PE-1N,1043.646,1050.691,PIURA,COSTA,LONGITUDINAL DE LA COSTA,PLANO,3.0,69.78,Buena,-80.78444344199994,-4.853498007999917,-80.79904067699994,-4.842599854999946,7.045000000000073
3469,PE-1SE,0.0,21.095,ICA,COSTA,VARIANTE,PLANO,0.0,0.0,Buena,-76.1931422749999,-13.404753100999926,-76.1666095299999,-13.588181800999905,21.095
3470,PE-1SE,35.004,41.11,ICA,COSTA,VARIANTE,PLANO,0.0,0.0,Buena,-76.16519251099993,-13.712414688999957,-76.16664419999995,-13.763752369999906,6.106000000000002
3471,PE-5NI,38.072,50.072,LORETO,SELVA,RAMAL,PLANO,0.0,0.0,Sin Informacion,-73.09312399999993,-3.497112999999956,-73.15147048299991,-3.4418913469999097,12.0
3472,PE-1NU,0.0,14.186,PIURA,,RAMAL,,0.0,0.0,Buena,-80.44646705999992,-5.144296244999907,-80.40882143999994,-5.023892491999959,14.186
3473,PE-1NU,27.464,27.963,PIURA,,RAMAL,,0.0,0.0,Buena,-80.34706556999993,-4.938864720999959,-80.34498936699993,-4.934870008999951,0.49900000000000233
3474,PE-5NA,69.192,72.442,PASCO,SELVA,VARIANTE,ONDULADO,2.0,34.12,Mala,-75.52162933299991,-10.428180658999906,-75.53637133099994,-10.404930575999913,3.25
3475,PE-14C,104.546,105.67,ANCASH,SIERRA,RAMAL,,0.0,0.0,Sin Informacion,-77.36210065799992,-8.863812757999938,-77.35344405799992,-8.865881140999932,1.1239999999999952
3476,PE-14C,121.67,144.26,ANCASH,SIERRA,RAMAL,,0.0,0.0,Sin Informacion,-77.35344405799992,-8.865881140999932,-77.3659155389999,-8.908321308999916,22.58999999999999
3477,PE-02,0.0,7.918,PIURA,COSTA,TRANSVERSAL,PLANO,2.0,80.89,Buena,-80.68918145599991,-5.170124195999961,-80.75859260099992,-5.153470992999928,7.918
3478,PE-04A,0.0,39.491,LAMBAYEQUE,COSTA,TRANSVERSAL,ONDULADO,0.0,0.0,Sin Informacion,-80.39023390999995,-6.027605938999955,-80.12654630899993,-5.94733247299996,39.491
3479,PE-1N,154.466,167.558,LIMA,COSTA,LONGITUDINAL DE LA COSTA,PLANO,3.0,80.89,Buena,-77.58755494699994,-11.064889059999928,-77.6460501649999,-10.97137807699994,13.091999999999985
3480,PE-1NA,19.37,22.85,LIMA,COSTA,VARIANTE,PLANO,2.0,77.35,Buena,-77.21486473099992,-11.637245177999944,-77.23005065099994,-11.61294296899996,3.4800000000000004
3481,PE-1S,210.541,221.407,ICA,COSTA,LONGITUDINAL DE LA COSTA,PLANO,0.0,80.89,Buena,-76.13871768099995,-13.583856060999949,-76.15857683799993,-13.67591172899995,10.866000000000014
3482,PE-1N,412.877,424.275,ANCASH,COSTA,LONGITUDINAL DE LA COSTA,PLANO,3.0,69.78,Buena,-78.57022113499994,-9.09244685899995,-78.61904782999994,-9.01471112999991,11.397999999999968
3483,PE-28,3.167,11.558,ICA,COSTA,TRANSVERSAL,PLANO,2.0,77.35,Buena,-76.1677359549999,-13.83274091699991,-76.24417877199994,-13.823926925999956,8.391
3484,PE-1SG,4.306,5.557,ICA,COSTA,VARIANTE,PLANO,0.0,0.0,Sin Informacion,-76.20790040599991,-13.717060959999912,-76.21942016399993,-13.716467512999941,1.2510000000000003
3485,PE-1NI,46.797,48.738,LAMBAYEQUE,COSTA,RAMAL,ONDULADO,1.0,52.05,Buena,-79.30392455899994,-6.859886167999946,-79.30393277899992,-6.859890505999942,1.9410000000000025
3486,PE-3SG,151.347,152.061,CUSCO,SIERRA,RAMAL,ONDULADO,1.0,43.03,Buena,-71.88070196199993,-14.509893001999956,-71.87486294999991,-14.509364779999942,0.7139999999999986
3487,PE-3N,1212.999,1213.511,CAJAMARCA,SIERRA,LONGITUDINAL DE LA SIERRA,ONDULADO,2.0,66.89,Buena,-78.16250308799994,-7.335271075999913,-78.16702762099993,-7.336143316999937,0.5119999999999436
3488,PE-3N,1424.641,1425.226,CAJAMARCA,SIERRA,LONGITUDINAL DE LA SIERRA,MONTAÑOSO,2.0,55.7,Buena,-78.64928436299994,-6.55892562899993,-78.6533384089999,-6.559320709999952,0.5850000000000364
3489,PE-3N,1770.782,1773.221,PIURA,SELVA,LONGITUDINAL DE LA SIERRA,MONTAÑOSO,1.0,26.34,Buena,-79.45273629299993,-5.240266015999907,-79.44918905499992,-5.239559239999949,2.439000000000078
3490,PE-34L,89.698,99.237,PUNO,SIERRA,TRANSVERSAL,,0.0,0.0,Mala,-69.55223464999995,-15.120328960999927,-69.58907324199993,-15.190824820999921,9.539000000000001
3491,PE-34K,25.86,34.245,PUNO,SIERRA,TRANSVERSAL,,0.0,0.0,Regular,-70.02350193699993,-14.36158168499992,-69.94989720799992,-14.37633991599995,8.384999999999998
3492,PE-20A,29.1,30.705,LIMA,SIERRA,TRANSVERSAL,ONDULADO,2.0,49.53,Buena,-76.97036552399993,-11.75438880899992,-76.96736554599994,-11.741948642999944,1.6049999999999969
3493,PE-20A,42.505,44.023,LIMA,SIERRA,TRANSVERSAL,ONDULADO,2.0,49.53,Buena,-76.89771293399991,-11.680689891999918,-76.88598426199991,-11.686685083999919,1.5180000000000007
3494,PE-20A,33.595,35.2,LIMA,SIERRA,TRANSVERSAL,ONDULADO,2.0,49.53,Buena,-76.95838790599993,-11.724586184999907,-76.95116805999993,-11.718765258999952,1.605000000000004
3495,PE-28H,123.0,164.6,JUNIN,SIERRA,RAMAL,,0.0,0.0,Sin Informacion,-74.05119026799991,-12.013195565999922,-74.21706353899992,-11.845556192999936,41.599999999999994
3496,PE-3SW,17.44,32.383,CUSCO,SIERRA,VARIANTE,,0.0,0.0,Buena,-71.77243513999991,-14.599758237999936,-71.7309504399999,-14.67872660699993,14.943000000000001
3497,PE-3SW,0.0,7.101,CUSCO,SIERRA,VARIANTE,,0.0,0.0,Buena,-71.85500717199994,-14.512729644999922,-71.82855177599993,-14.548863732999905,7.101
3498,PE-3N,1100.108,1100.707,LA LIBERTAD,SIERRA,LONGITUDINAL DE LA SIERRA,MONTAÑOSO,2.0,55.7,Buena,-78.05231475799991,-7.820899962999931,-78.05287162499991,-7.812110261999919,0.5990000000001601
3499,PE-3N,1275.793,1275.898,CAJAMARCA,SIERRA,LONGITUDINAL DE LA SIERRA,PLANO,4.0,78.24,Buena,-78.5072891289999,-7.148158388999946,-78.5079863979999,-7.147005058999923,0.10500000000001819
3500,PE-3N,1275.898,1275.973,CAJAMARCA,SIERRA,LONGITUDINAL DE LA SIERRA,PLANO,2.0,78.24,Buena,-78.5079863979999,-7.147005058999923,-78.50854352699992,-7.146126094999943,0.07500000000004547
3501,PE-3N,1275.973,1276.163,CAJAMARCA,SIERRA,LONGITUDINAL DE LA SIERRA,PLANO,2.0,75.08,Regular,-78.50854352699992,-7.146126094999943,-78.50876686799995,-7.145796316999906,0.19000000000005457
3502,PE-1SC,49.799,76.846,HUANCAVELICA,SIERRA,RAMAL,MONTAÑOSO,1.0,44.1,Buena,-75.52335275399992,-13.814211345999922,-75.4900348889999,-13.768010403999938,27.047000000000004
3503,PE-3S,0.0,0.953,JUNIN,SIERRA,LONGITUDINAL DE LA SIERRA,ONDULADO,2.0,78.24,Buena,-75.90924094699994,-11.522661727999946,-75.90125871799995,-11.521361211999931,0.953
3504,PE-3S,157.986,159.749,HUANCAVELICA,SIERRA,LONGITUDINAL DE LA SIERRA,ONDULADO,2.0,68.7,Buena,-75.08399168299991,-12.29986514399991,-75.0798969519999,-12.312593128999936,1.7630000000000052
3505,PE-3S,117.942,118.3,JUNIN,SIERRA,LONGITUDINAL DE LA SIERRA,PLANO,6.0,78.24,Buena,-75.24056750799991,-12.021450972999958,-75.23870613699995,-12.024259705999953,0.3580000000000041
3506,PE-3S,131.472,133.182,JUNIN,SIERRA,LONGITUDINAL DE LA SIERRA,ONDULADO,2.0,68.7,Buena,-75.22014020499995,-12.126641697999958,-75.22326838799995,-12.139359654999907,1.7099999999999795
3507,PE-3S,127.295,130.719,JUNIN,SIERRA,LONGITUDINAL DE LA SIERRA,ONDULADO,2.0,68.7,Buena,-75.21257489499993,-12.09075364399996,-75.21810999399992,-12.120118193999929,3.4239999999999924
3508,PE-3S,119.138,121.495,JUNIN,SIERRA,LONGITUDINAL DE LA SIERRA,PLANO,6.0,78.24,Buena,-75.2343184149999,-12.030776802999924,-75.23044392199995,-12.047278913999946,2.3569999999999993
3509,PE-3S,126.528,127.295,JUNIN,SIERRA,LONGITUDINAL DE LA SIERRA,PLANO,2.0,78.24,Buena,-75.20835161499991,-12.086124084999938,-75.21257489499993,-12.09075364399996,0.7669999999999959
3510,PE-3S,31.375,35.123,JUNIN,SIERRA,LONGITUDINAL DE LA SIERRA,ONDULADO,1.0,62.45,Buena,-75.76463364999995,-11.69990927799995,-75.75198002899992,-11.722179351999955,3.7479999999999976
3511,PE-3S,31.234,31.375,JUNIN,SIERRA,LONGITUDINAL DE LA SIERRA,ONDULADO,1.0,68.7,Buena,-75.76574472399994,-11.69926490599994,-75.76463364999995,-11.69990927799995,0.14099999999999824
3512,PE-3S,77.493,80.099,JUNIN,SIERRA,LONGITUDINAL DE LA SIERRA,PLANO,2.0,68.22,Buena,-75.49015659999992,-11.804196455999943,-75.4750974289999,-11.787045451999916,2.6060000000000088
3513,PE-3S,102.336,105.92,JUNIN,SIERRA,LONGITUDINAL DE LA SIERRA,PLANO,2.0,75.08,Buena,-75.32465248699992,-11.915191916999959,-75.3084366359999,-11.938514634999933,3.584000000000003
3514,PE-3S,98.257,102.336,JUNIN,SIERRA,LONGITUDINAL DE LA SIERRA,PLANO,2.0,75.08,Buena,-75.34829651799993,-11.886886445999949,-75.32465248699992,-11.915191916999959,4.0789999999999935
3515,PE-3S,189.969,190.517,HUANCAVELICA,SIERRA,LONGITUDINAL DE LA SIERRA,ONDULADO,2.0,66.89,Buena,-75.0006237639999,-12.497726610999905,-74.99623267299995,-12.499522399999933,0.5480000000000018
3516,PE-3S,428.159,429.979,AYACUCHO,SIERRA,LONGITUDINAL DE LA SIERRA,ONDULADO,2.0,49.53,Buena,-74.18871517399992,-13.35116907999992,-74.17323612399991,-13.341971103999924,1.8199999999999932
3517,PE-3S,382.84,384.091,AYACUCHO,SIERRA,LONGITUDINAL DE LA SIERRA,MONTAÑOSO,2.0,53.0,Buena,-74.21117334599995,-13.147509106999905,-74.21397252799994,-13.156242937999934,1.2510000000000332
3518,PE-3S,384.091,385.078,AYACUCHO,SIERRA,LONGITUDINAL DE LA SIERRA,ONDULADO,4.0,66.89,Buena,-74.21397252799994,-13.156242937999934,-74.21584221099994,-13.158728130999918,0.9869999999999663
3519,PE-3S,307.831,308.739,HUANCAVELICA,SIERRA,LONGITUDINAL DE LA SIERRA,ONDULADO,2.0,49.53,Buena,-74.38874485499991,-12.807008328999927,-74.38525393599991,-12.813426640999921,0.9079999999999586
3520,PE-3S,340.587,342.423,AYACUCHO,SIERRA,LONGITUDINAL DE LA SIERRA,MONTAÑOSO,2.0,53.0,Buena,-74.23914015999992,-12.940351273999909,-74.22975107699995,-12.952748343999929,1.8360000000000127
3521,PE-3S,543.448,544.468,APURIMAC,SIERRA,LONGITUDINAL DE LA SIERRA,ONDULADO,2.0,49.53,Buena,-73.72899222099994,-13.518021207999936,-73.7213799999999,-13.516569999999945,1.0199999999999818
3522,PE-3S,584.937,586.437,APURIMAC,SIERRA,LONGITUDINAL DE LA SIERRA,ONDULADO,2.0,43.03,Buena,-73.57334215899994,-13.604425695999907,-73.57430724099993,-13.614476347999926,1.5
3523,PE-3S,583.72,584.937,APURIMAC,SIERRA,LONGITUDINAL DE LA SIERRA,ONDULADO,2.0,43.03,Buena,-73.5804837579999,-13.608843839999906,-73.57334215899994,-13.604425695999907,1.2169999999999845
3524,PE-3S,1117.24,1153.245,CUSCO,SIERRA,LONGITUDINAL DE LA SIERRA,ONDULADO,2.0,66.89,Buena,-71.21985825299993,-14.291988973999935,-70.9876675079999,-14.485131294999917,36.00499999999988
3525,PE-3S,1113.787,1117.24,CUSCO,SIERRA,LONGITUDINAL DE LA SIERRA,ONDULADO,2.0,66.89,Buena,-71.23552874899991,-14.268326449999904,-71.21985825299993,-14.291988973999935,3.4529999999999745
3526,PE-3S,1090.998,1113.787,CUSCO,SIERRA,LONGITUDINAL DE LA SIERRA,PLANO,2.0,68.22,Buena,-71.38779553199993,-14.159472409999921,-71.23552874899991,-14.268326449999904,22.788999999999987
3527,PE-3S,1086.315,1090.998,CUSCO,SIERRA,LONGITUDINAL DE LA SIERRA,PLANO,2.0,75.08,Buena,-71.41290788899994,-14.125712710999949,-71.38779553199993,-14.159472409999921,4.682999999999993
3528,PE-3S,1083.059,1086.315,CUSCO,SIERRA,LONGITUDINAL DE LA SIERRA,PLANO,2.0,68.22,Buena,-71.42830473099991,-14.101075979999905,-71.41290788899994,-14.125712710999949,3.2560000000000855
3529,PE-3S,1065.175,1083.059,CUSCO,SIERRA,LONGITUDINAL DE LA SIERRA,PLANO,2.0,68.22,Buena,-71.49013226999995,-13.98096626499995,-71.42830473099991,-14.101075979999905,17.884000000000015
3530,PE-3S,630.83,631.837,APURIMAC,SIERRA,LONGITUDINAL DE LA SIERRA,ONDULADO,2.0,43.03,Buena,-73.3769614819999,-13.65881679499995,-73.3670899999999,-13.650339999999915,1.0069999999999482
3531,PE-3S,687.6,688.553,APURIMAC,SIERRA,LONGITUDINAL DE LA SIERRA,ONDULADO,1.0,49.53,Buena,-73.11867453399992,-13.69109974099996,-73.11237663199995,-13.693028309999931,0.9529999999999745
3532,PE-3S,761.767,763.097,APURIMAC,SIERRA,LONGITUDINAL DE LA SIERRA,ONDULADO,2.0,62.45,Buena,-72.91272643299993,-13.699302075999924,-72.91456525199993,-13.688482661999956,1.3299999999999272
3533,PE-3S,777.578,778.432,APURIMAC,SIERRA,LONGITUDINAL DE LA SIERRA,ONDULADO,2.0,62.45,Buena,-72.89576764499992,-13.636254504999954,-72.8886266479999,-13.634737869999924,0.8540000000000418
3534,PE-3S,775.62,777.578,APURIMAC,SIERRA,LONGITUDINAL DE LA SIERRA,ONDULADO,2.0,62.45,Buena,-72.90609722599993,-13.642461455999921,-72.89576764499992,-13.636254504999954,1.95799999999997
3535,PE-3S,782.281,783.281,APURIMAC,SIERRA,LONGITUDINAL DE LA SIERRA,ONDULADO,2.0,66.89,Buena,-72.87139194499991,-13.620851092999942,-72.86513478599994,-13.61390396999991,1.0
3536,PE-3S,939.822,946.122,CUSCO,SIERRA,LONGITUDINAL DE LA SIERRA,PLANO,2.0,68.22,Buena,-72.19248844299995,-13.499309007999955,-72.14886237299993,-13.46258442699991,6.2999999999999545
3537,PE-3S,985.559,987.311,CUSCO,SIERRA,LONGITUDINAL DE LA SIERRA,ONDULADO,2.0,62.45,Buena,-71.86238892799992,-13.55326982899993,-71.84806185299993,-13.560162216999913,1.7520000000000664
3538,PE-3S,984.095,985.068,CUSCO,SIERRA,LONGITUDINAL DE LA SIERRA,ONDULADO,2.0,68.7,Buena,-71.87641960499991,-13.54995822099994,-71.86773067799993,-13.552228108999941,0.9729999999999563
3539,PE-3S,969.708,970.994,CUSCO,SIERRA,LONGITUDINAL DE LA SIERRA,ONDULADO,4.0,62.45,Buena,-71.98640404499992,-13.526307092999957,-71.98045748499993,-13.532893732999923,1.2860000000000582
3540,PE-3S,964.169,964.916,CUSCO,SIERRA,LONGITUDINAL DE LA SIERRA,ONDULADO,2.0,62.45,Buena,-72.0051875499999,-13.508080139999947,-71.99815431699994,-13.507407551999904,0.7470000000000709
3541,PE-3S,973.021,973.673,CUSCO,SIERRA,LONGITUDINAL DE LA SIERRA,ONDULADO,6.0,62.45,Buena,-71.97041701799992,-13.528754952999918,-71.96644953499992,-13.531987212999923,0.6520000000000437
3542,PE-3S,982.692,984.095,CUSCO,SIERRA,LONGITUDINAL DE LA SIERRA,ONDULADO,2.0,68.7,Buena,-71.8888791629999,-13.546564462999925,-71.87641960499991,-13.54995822099994,1.40300000000002
3543,PE-3S,1019.922,1021.848,CUSCO,SIERRA,LONGITUDINAL DE LA SIERRA,ONDULADO,2.0,62.45,Buena,-71.63250699999992,-13.673827999999958,-71.62154240299992,-13.684668913999928,1.9259999999999309
3544,PE-3S,1016.504,1017.948,CUSCO,SIERRA,LONGITUDINAL DE LA SIERRA,ONDULADO,2.0,62.45,Buena,-71.63928170799994,-13.692280256999936,-71.63031881599994,-13.685459885999933,1.44399999999996
3545,PE-3S,1024.875,1065.175,CUSCO,SIERRA,LONGITUDINAL DE LA SIERRA,ONDULADO,2.0,62.45,Buena,-71.5981410629999,-13.687435858999947,-71.49013226999995,-13.98096626499995,40.299999999999955
3546,PE-3S,1314.101,1314.276,PUNO,SIERRA,LONGITUDINAL DE LA SIERRA,PLANO,4.0,78.24,Buena,-70.13618412599993,-15.480153314999939,-70.13532213799994,-15.481403648999958,0.17499999999995453
3547,PE-3S,1314.276,1316.173,PUNO,SIERRA,LONGITUDINAL DE LA SIERRA,PLANO,5.0,78.24,Buena,-70.13532213799994,-15.481403648999958,-70.1245903329999,-15.48506585499996,1.8969999999999345
3548,PE-3S,1512.464,1512.917,PUNO,SIERRA,LONGITUDINAL DE LA SIERRA,PLANO,2.0,78.24,Buena,-69.05202868099991,-16.57664173099994,-69.04812844799994,-16.57833338699993,0.45299999999997453
3549,PE-3S,1512.917,1514.315,PUNO,SIERRA,LONGITUDINAL DE LA SIERRA,PLANO,2.0,78.24,Buena,-69.04812844799994,-16.57833338699993,-69.03507634699992,-16.580444444999955,1.3980000000001382
3550,PE-5S,109.102,110.102,JUNIN,SELVA,LONGITUDINAL DE LA SELVA,PLANO,2.0,64.96,Buena,-74.6339392239999,-11.240041947999941,-74.62880917099994,-11.227875580999921,1.0
3551,PE-5S,129.796,130.314,JUNIN,SELVA,LONGITUDINAL DE LA SELVA,PLANO,2.0,43.98,Buena,-74.53233580999995,-11.330056505999949,-74.52954306499993,-11.33370673099995,0.5180000000000007
3552,PE-5S,130.42,130.52,JUNIN,SELVA,LONGITUDINAL DE LA SELVA,PLANO,2.0,43.98,Buena,-74.5288468729999,-11.334397022999951,-74.52787900399994,-11.33455543599996,0.10000000000002274
3553,PE-5S,108.13,108.982,JUNIN,SELVA,LONGITUDINAL DE LA SELVA,ONDULADO,2.0,56.43,Buena,-74.63990476799995,-11.235436405999906,-74.63450930499994,-11.24093496699993,0.8520000000000039
3554,PE-5S,150.13,152.686,JUNIN,SELVA,LONGITUDINAL DE LA SELVA,PLANO,2.0,43.98,Buena,-74.42325859099992,-11.259110454999927,-74.42636451999994,-11.241769663999946,2.5560000000000116
3555,PE-5S,18.868,19.982,JUNIN,SELVA,LONGITUDINAL DE LA SELVA,ONDULADO,2.0,56.43,Buena,-75.16185827599992,-10.930882511999926,-75.15358905699992,-10.933693927999911,1.1140000000000008
3556,PE-5S,18.26,18.868,JUNIN,SELVA,LONGITUDINAL DE LA SELVA,ONDULADO,2.0,56.43,Buena,-75.16666479899993,-10.933364254999958,-75.16185827599992,-10.930882511999926,0.607999999999997
3557,PE-5S,3.569,5.221,JUNIN,SELVA,LONGITUDINAL DE LA SELVA,ONDULADO,2.0,60.03,Buena,-75.26726157099995,-10.946377540999947,-75.25323068499995,-10.949981865999916,1.6520000000000001
3558,PE-5S,17.615,18.26,JUNIN,SELVA,LONGITUDINAL DE LA SELVA,ONDULADO,2.0,56.43,Buena,-75.17058238499993,-10.937579439999922,-75.16666479899993,-10.933364254999958,0.6450000000000031
3559,PE-5S,12.892,13.388,JUNIN,SELVA,LONGITUDINAL DE LA SELVA,ONDULADO,2.0,59.09,Buena,-75.20626507999992,-10.939873298999942,-75.20313584599995,-10.937646582999946,0.49600000000000044
3560,PE-5S,58.784,59.657,JUNIN,SELVA,LONGITUDINAL DE LA SELVA,ONDULADO,4.0,59.09,Buena,-74.87652822699994,-10.924957995999932,-74.87054903699993,-10.93017263799993,0.8729999999999976
3561,PE-5S,80.915,81.338,JUNIN,SELVA,LONGITUDINAL DE LA SELVA,ONDULADO,2.0,59.09,Buena,-74.74824107899991,-11.041604201999917,-74.74634138599993,-11.044948965999936,0.4229999999999876
3562,PE-5S,45.028,46.318,JUNIN,SELVA,LONGITUDINAL DE LA SELVA,ONDULADO,2.0,59.09,Buena,-74.98454095599993,-10.876992143999928,-74.97361019399995,-10.881391375999954,1.2899999999999991
3563,PE-3ND,0.855,1.225,CAJAMARCA,SIERRA,RAMAL,,0.0,0.0,Buena,-78.80867027099993,-6.368106948999923,-78.80600456199994,-6.367540252999959,0.3700000000000001
3564,PE-3ND,13.942,15.998,CAJAMARCA,SIERRA,RAMAL,,0.0,0.0,Buena,-78.75835144899992,-6.370457764999912,-78.7511644519999,-6.3547239779999245,2.055999999999999
3565,PE-3ND,1.727,3.285,CAJAMARCA,SIERRA,RAMAL,,0.0,0.0,Regular,-78.80543643199991,-6.36713459099991,-78.79367778999995,-6.366450895999947,1.558
3566,PE-3ND,5.49,7.214,CAJAMARCA,SIERRA,RAMAL,,0.0,0.0,Buena,-78.79435121799992,-6.365018841999927,-78.79048505199995,-6.361459947999947,1.7240000000000002
3567,PE-3ND,3.285,5.49,CAJAMARCA,SIERRA,RAMAL,,0.0,0.0,Regular,-78.79367778999995,-6.366450895999947,-78.79435121799992,-6.365018841999927,2.205
3568,PE-3ND,15.998,18.269,CAJAMARCA,SIERRA,RAMAL,,0.0,0.0,Regular,-78.7511644519999,-6.3547239779999245,-78.73384984599994,-6.349784634999935,2.270999999999999
3569,PE-3ND,18.269,19.75,CAJAMARCA,SIERRA,RAMAL,,0.0,0.0,Buena,-78.73384984599994,-6.349784634999935,-78.72706281799992,-6.340588228999934,1.4810000000000016
3570,PE-3ND,20.137,21.559,CAJAMARCA,SIERRA,RAMAL,,0.0,0.0,Regular,-78.72562076999992,-6.337263605999908,-78.71704402499995,-6.329880571999922,1.4220000000000006
3571,PE-3ND,19.75,20.137,CAJAMARCA,SIERRA,RAMAL,,0.0,0.0,Regular,-78.72706281799992,-6.340588228999934,-78.72562076999992,-6.337263605999908,0.38700000000000045
3572,PE-3ND,21.559,22.896,CAJAMARCA,SIERRA,RAMAL,,0.0,0.0,Regular,-78.71704402499995,-6.329880571999922,-78.70720368999991,-6.326918788999933,1.3369999999999997
3573,PE-3ND,23.26,24.04,CAJAMARCA,SIERRA,RAMAL,,0.0,0.0,Buena,-78.70338432999995,-6.325074849999908,-78.69929791099992,-6.317645942999945,0.7799999999999976
3574,PE-3ND,25.445,26.032,CAJAMARCA,SIERRA,RAMAL,,0.0,0.0,Regular,-78.70368955299995,-6.313258955999913,-78.7031493909999,-6.31283196399994,0.5869999999999997
3575,PE-3ND,24.895,25.445,CAJAMARCA,SIERRA,RAMAL,,0.0,0.0,Regular,-78.69985583899995,-6.316206283999918,-78.70368955299995,-6.313258955999913,0.5500000000000007
3576,PE-3ND,26.285,26.685,CAJAMARCA,SIERRA,RAMAL,,0.0,0.0,Regular,-78.70379695799994,-6.31214654799993,-78.70528662599992,-6.310790081999926,0.3999999999999986
3577,PE-3ND,27.414,29.028,CAJAMARCA,SIERRA,RAMAL,,0.0,0.0,Regular,-78.70717846399992,-6.307746897999948,-78.7028213719999,-6.309976425999935,1.6139999999999972
3578,PE-3ND,26.685,27.414,CAJAMARCA,SIERRA,RAMAL,,0.0,0.0,Regular,-78.70528662599992,-6.310790081999926,-78.70717846399992,-6.307746897999948,0.7290000000000028
3579,PE-3ND,29.028,30.911,CAJAMARCA,SIERRA,RAMAL,,0.0,0.0,Regular,-78.7028213719999,-6.309976425999935,-78.7029530669999,-6.297495620999939,1.8830000000000027
3580,PE-3ND,30.911,31.708,CAJAMARCA,SIERRA,RAMAL,,0.0,0.0,Regular,-78.7029530669999,-6.297495620999939,-78.69899799899991,-6.29647605699995,0.796999999999997
3581,PE-3ND,38.421,38.765,CAJAMARCA,SIERRA,RAMAL,,0.0,0.0,Mala,-78.68928297299993,-6.271421078999936,-78.6908799759999,-6.2701449609999145,0.3440000000000012
3582,PE-3ND,37.394,38.11,CAJAMARCA,SIERRA,RAMAL,,0.0,0.0,Mala,-78.69105381199995,-6.279197146999934,-78.68980846699992,-6.276355790999958,0.7160000000000011
3583,PE-3ND,40.296,40.792,CAJAMARCA,SIERRA,RAMAL,,0.0,0.0,Mala,-78.69887139399992,-6.261976355999934,-78.6989291669999,-6.260122114999945,0.4960000000000022
3584,PE-3ND,48.2,48.883,CAJAMARCA,SIERRA,RAMAL,,0.0,0.0,Regular,-78.70804279599992,-6.241102800999954,-78.71262960699994,-6.23924603599994,0.6829999999999998
3585,PE-3ND,71.753,72.01,CAJAMARCA,SIERRA,RAMAL,,0.0,0.0,Regular,-78.7235978189999,-6.166095162999909,-78.72164931599991,-6.16501220899994,0.257000000000005
3586,PE-3ND,81.542,83.751,CAJAMARCA,SIERRA,RAMAL,,0.0,0.0,Regular,-78.70636142899991,-6.148984103999908,-78.69160461299992,-6.150669593999908,2.209000000000003
3587,PE-3ND,79.965,81.342,CAJAMARCA,SIERRA,RAMAL,,0.0,0.0,Mala,-78.71441026699995,-6.14869675999995,-78.7074580069999,-6.147854969999912,1.3769999999999953
3588,PE-3ND,81.342,81.542,CAJAMARCA,SIERRA,RAMAL,,0.0,0.0,Mala,-78.7074580069999,-6.147854969999912,-78.70636142899991,-6.148984103999908,0.20000000000000284
3589,PE-3ND,84.956,86.734,CAJAMARCA,SIERRA,RAMAL,,0.0,0.0,Regular,-78.69432467799993,-6.144077868999943,-78.70078491099991,-6.132483971999932,1.7779999999999916
3590,PE-3ND,86.734,87.742,CAJAMARCA,SIERRA,RAMAL,,0.0,0.0,Regular,-78.70078491099991,-6.132483971999932,-78.7071505049999,-6.128697399999908,1.0080000000000098
3591,PE-3ND,102.81,102.957,CAJAMARCA,SELVA,RAMAL,,0.0,0.0,Mala,-78.75844387299992,-6.062201122999909,-78.7593271909999,-6.0607309969999505,0.14699999999999136
3592,PE-3ND,102.48,102.81,CAJAMARCA,SELVA,RAMAL,,0.0,0.0,Mala,-78.75696396299992,-6.063170345999936,-78.75844387299992,-6.062201122999909,0.3299999999999983
3593,PE-3ND,102.957,115.424,CAJAMARCA,SELVA,RAMAL,,0.0,0.0,Regular,-78.7593271909999,-6.0607309969999505,-78.7905043749999,-6.033991758999946,12.467000000000013
3594,PE-3ND,131.359,134.211,CAJAMARCA,SELVA,RAMAL,,0.0,0.0,Regular,-78.83712601799994,-6.025628950999931,-78.8395953449999,-6.014971215999935,2.852000000000004
3595,PE-3ND,130.297,131.359,CAJAMARCA,SELVA,RAMAL,,0.0,0.0,Regular,-78.83418558499994,-6.029052839999906,-78.83712601799994,-6.025628950999931,1.0620000000000118
3596,PE-3ND,134.549,137.794,CAJAMARCA,SELVA,RAMAL,,0.0,0.0,Regular,-78.8376669889999,-6.01284235199995,-78.8587069859999,-6.007936131999941,3.2450000000000045
3597,PE-3ND,134.211,134.549,CAJAMARCA,SELVA,RAMAL,,0.0,0.0,Mala,-78.8395953449999,-6.014971215999935,-78.8376669889999,-6.01284235199995,0.33799999999999386
3598,PE-3ND,22.896,23.26,CAJAMARCA,SIERRA,RAMAL,,0.0,0.0,Buena,-78.70720368999991,-6.326918788999933,-78.70338432999995,-6.325074849999908,0.36400000000000077
3599,PE-3ND,47.874,48.2,CAJAMARCA,SIERRA,RAMAL,,0.0,0.0,Regular,-78.7103138029999,-6.243044432999909,-78.70804279599992,-6.241102800999954,0.3260000000000005
3600,PE-3ND,24.673,24.895,CAJAMARCA,SIERRA,RAMAL,,0.0,0.0,Regular,-78.6980363269999,-6.316780040999959,-78.69985583899995,-6.316206283999918,0.2220000000000013
3601,PE-3ND,26.21,26.285,CAJAMARCA,SIERRA,RAMAL,,0.0,0.0,Regular,-78.70212737399993,-6.312954545999958,-78.70379695799994,-6.31214654799993,0.07499999999999929
3602,PE-3ND,102.157,102.48,CAJAMARCA,SELVA,RAMAL,,0.0,0.0,Mala,-78.75657788699993,-6.064746209999953,-78.75696396299992,-6.063170345999936,0.3230000000000075
3603,PE-3ND,83.751,84.807,CAJAMARCA,SIERRA,RAMAL,,0.0,0.0,Mala,-78.69261607899995,-6.145705654999915,-78.69432467799993,-6.144077868999943,1.0559999999999974
3604,PE-1N,143.186,148.186,LIMA,COSTA,LONGITUDINAL DE LA COSTA,PLANO,3.0,80.89,Buena,-77.5904578809999,-11.161830098999928,-77.59399300099994,-11.11837268399995,5.0
3605,PE-5N,0.0,0.41,JUNIN,SELVA,LONGITUDINAL DE LA SELVA,ONDULADO,2.0,56.43,Buena,-75.2941063049999,-10.960402635999912,-75.29461627299992,-10.962838076999958,0.41
3606,PE-5N,62.527,72.748,PASCO,SELVA,LONGITUDINAL DE LA SELVA,MONTAÑOSO,2.0,36.21,Buena,-75.1675253329999,-10.708919151999908,-75.1266247659999,-10.682875201999934,10.221000000000004
3607,PE-5N,42.008,51.886,PASCO,SELVA,LONGITUDINAL DE LA SELVA,MONTAÑOSO,2.0,36.21,Buena,-75.26378819799993,-10.72569945999993,-75.21252996299995,-10.745379961999959,9.878
3608,PE-5N,58.957,62.527,PASCO,SELVA,LONGITUDINAL DE LA SELVA,MONTAÑOSO,2.0,32.27,Buena,-75.18132135399992,-10.718442410999955,-75.1675253329999,-10.708919151999908,3.5700000000000003
3609,PE-5N,52.567,58.957,PASCO,SELVA,LONGITUDINAL DE LA SELVA,MONTAÑOSO,2.0,32.27,Buena,-75.20958791699991,-10.741023421999955,-75.18132135399992,-10.718442410999955,6.390000000000001
3610,PE-5N,76.983,78.14,PASCO,SELVA,LONGITUDINAL DE LA SELVA,MONTAÑOSO,2.0,32.27,Buena,-75.11701981999994,-10.659700942999905,-75.11451635899994,-10.650455594999926,1.1569999999999965
3611,PE-5N,72.748,76.983,PASCO,SELVA,LONGITUDINAL DE LA SELVA,MONTAÑOSO,2.0,32.27,Buena,-75.1266247659999,-10.682875201999934,-75.11701981999994,-10.659700942999905,4.234999999999999
3612,PE-5N,98.394,146.045,PASCO,SELVA,LONGITUDINAL DE LA SELVA,MONTAÑOSO,2.0,26.34,Regular,-75.0726784549999,-10.509763693999957,-74.98602312499992,-10.325541011999917,47.65099999999998
3613,PE-5N,81.513,98.394,PASCO,SELVA,LONGITUDINAL DE LA SELVA,MONTAÑOSO,2.0,26.34,Regular,-75.11195407899993,-10.623999602999959,-75.0726784549999,-10.509763693999957,16.881
3614,PE-5N,211.909,241.632,HUANUCO,SELVA,LONGITUDINAL DE LA SELVA,ONDULADO,2.0,27.06,Buena,-75.01228765699994,-9.813996022999959,-75.01309012799993,-9.558484292999935,29.723000000000013
3615,PE-5N,209.455,212.119,HUANUCO,SELVA,LONGITUDINAL DE LA SELVA,ONDULADO,2.0,34.12,Buena,-75.0148445239999,-9.838305875999936,-75.01228765699994,-9.813996022999959,2.6639999999999873
3616,PE-5N,241.632,250.647,HUANUCO,SELVA,LONGITUDINAL DE LA SELVA,ONDULADO,2.0,27.06,Buena,-75.01309012799993,-9.558484292999935,-75.0217003969999,-9.48281641999995,9.014999999999986
3617,PE-5N,256.933,261.968,HUANUCO,SELVA,LONGITUDINAL DE LA SELVA,PLANO,2.0,33.41,Buena,-75.02710967099995,-9.430209827999931,-75.03072505599994,-9.385782673999927,5.035000000000025
3618,PE-5N,261.968,264.425,HUANUCO,SELVA,LONGITUDINAL DE LA SELVA,PLANO,2.0,27.46,Buena,-75.03072505599994,-9.385782673999927,-75.0337206559999,-9.367750885999953,2.4569999999999936
3619,PE-5N,264.425,307.181,HUANUCO,SELVA,LONGITUDINAL DE LA SELVA,PLANO,2.0,27.46,Buena,-75.0337206559999,-9.367750885999953,-75.03000962899995,-9.015021838999928,42.75599999999997
3620,PE-5N,250.647,256.933,HUANUCO,SELVA,LONGITUDINAL DE LA SELVA,ONDULADO,2.0,27.06,Buena,-75.0217003969999,-9.48281641999995,-75.02710967099995,-9.430209827999931,6.286000000000001
3621,PE-5N,469.96,473.073,HUANUCO,SELVA,LONGITUDINAL DE LA SELVA,MONTAÑOSO,2.0,46.75,Buena,-75.86436760999993,-9.197901851999916,-75.88290881599994,-9.19585196099996,3.1129999999999995
3622,PE-5N,484.269,484.574,HUANUCO,SELVA,LONGITUDINAL DE LA SELVA,MONTAÑOSO,2.0,48.16,Buena,-75.96149450999991,-9.179185483999959,-75.96285691399993,-9.177056112999935,0.3050000000000068
3623,PE-5N,483.247,484.269,HUANUCO,SELVA,LONGITUDINAL DE LA SELVA,MONTAÑOSO,2.0,48.16,Buena,-75.95962184099994,-9.18763705799995,-75.96149450999991,-9.179185483999959,1.0219999999999914
3624,PE-5N,484.574,486.839,HUANUCO,SELVA,LONGITUDINAL DE LA SELVA,MONTAÑOSO,2.0,48.16,Buena,-75.96285691399993,-9.177056112999935,-75.97236248599995,-9.152607059999923,2.2649999999999864
3625,PE-5N,473.073,474.644,HUANUCO,SELVA,LONGITUDINAL DE LA SELVA,MONTAÑOSO,2.0,37.47,Buena,-75.88290881599994,-9.19585196099996,-75.89473909999992,-9.195425977999946,1.5710000000000264
3626,PE-5N,474.644,475.61,HUANUCO,SELVA,LONGITUDINAL DE LA SELVA,MONTAÑOSO,2.0,42.62,Buena,-75.89473909999992,-9.195425977999946,-75.90208022599995,-9.19210234499991,0.9660000000000082
3627,PE-5N,482.247,483.247,HUANUCO,SELVA,LONGITUDINAL DE LA SELVA,MONTAÑOSO,2.0,48.16,Buena,-75.95512492199992,-9.186885976999918,-75.95962184099994,-9.18763705799995,1.0
3628,PE-5N,475.61,482.247,HUANUCO,SELVA,LONGITUDINAL DE LA SELVA,MONTAÑOSO,2.0,48.16,Buena,-75.90208022599995,-9.19210234499991,-75.95512492199992,-9.186885976999918,6.6370000000000005
3629,PE-5N,439.503,444.278,UCAYALI,SELVA,LONGITUDINAL DE LA SELVA,ONDULADO,2.0,60.03,Buena,-75.75032150099992,-9.143950727999936,-75.77708454999993,-9.149568834999911,4.775000000000034
3630,PE-5N,447.51,450.339,UCAYALI,SELVA,LONGITUDINAL DE LA SELVA,ONDULADO,2.0,60.03,Buena,-75.78672216599995,-9.141719670999919,-75.79111753599994,-9.163423431999945,2.8290000000000077
3631,PE-5N,454.443,469.96,HUANUCO,SELVA,LONGITUDINAL DE LA SELVA,MONTAÑOSO,2.0,48.16,Buena,-75.7942964419999,-9.187671270999942,-75.86436760999993,-9.197901851999916,15.516999999999996
3632,PE-5N,450.726,454.443,UCAYALI,SELVA,LONGITUDINAL DE LA SELVA,MONTAÑOSO,2.0,48.16,Buena,-75.79295604799995,-9.166082394999933,-75.7942964419999,-9.187671270999942,3.7169999999999845
3633,PE-5N,444.278,446.694,UCAYALI,SELVA,LONGITUDINAL DE LA SELVA,ONDULADO,2.0,60.03,Buena,-75.77708454999993,-9.149568834999911,-75.78684686999992,-9.137339624999925,2.415999999999997
3634,PE-5N,434.473,439.304,UCAYALI,SELVA,LONGITUDINAL DE LA SELVA,ONDULADO,2.0,59.09,Buena,-75.74415206899994,-9.103851317999954,-75.75048880999992,-9.142499573999942,4.83099999999996
3635,PE-5N,429.302,434.473,UCAYALI,SELVA,LONGITUDINAL DE LA SELVA,ONDULADO,2.0,56.43,Buena,-75.7129739959999,-9.080813812999907,-75.74415206899994,-9.103851317999954,5.170999999999992
3636,PE-5N,425.492,427.148,UCAYALI,SELVA,LONGITUDINAL DE LA SELVA,ONDULADO,2.0,56.43,Buena,-75.68489093499994,-9.073029336999923,-75.6983413879999,-9.075924010999927,1.656000000000006
3637,PE-5N,427.665,429.302,UCAYALI,SELVA,LONGITUDINAL DE LA SELVA,ONDULADO,2.0,56.43,Buena,-75.69975280799991,-9.080015181999954,-75.7129739959999,-9.080813812999907,1.6370000000000005
3638,PE-5N,420.478,420.482,UCAYALI,SELVA,LONGITUDINAL DE LA SELVA,ONDULADO,2.0,60.03,Buena,-75.6490782329999,-9.059816410999929,-75.64911393199992,-9.059810329999948,0.004000000000019099
3639,PE-5N,390.562,395.475,UCAYALI,SELVA,LONGITUDINAL DE LA SELVA,PLANO,2.0,70.33,Buena,-75.44701200899993,-8.981281808999938,-75.47385239899995,-9.00230599699995,4.913000000000011
3640,PE-5N,395.475,400.475,UCAYALI,SELVA,LONGITUDINAL DE LA SELVA,PLANO,2.0,72.6,Buena,-75.47385239899995,-9.00230599699995,-75.48299913799991,-9.02945509999995,5.0
3641,PE-5N,400.475,403.649,UCAYALI,SELVA,LONGITUDINAL DE LA SELVA,ONDULADO,2.0,60.03,Buena,-75.48299913799991,-9.02945509999995,-75.5071512849999,-9.037890152999921,3.173999999999978
3642,PE-5N,380.511,390.562,UCAYALI,SELVA,LONGITUDINAL DE LA SELVA,PLANO,2.0,72.6,Buena,-75.38892393399993,-8.943090316999928,-75.44701200899993,-8.981281808999938,10.050999999999988
3643,PE-5N,403.649,420.478,UCAYALI,SELVA,LONGITUDINAL DE LA SELVA,ONDULADO,2.0,60.03,Buena,-75.5071512849999,-9.037890152999921,-75.6490782329999,-9.059816410999929,16.829000000000008
3644,PE-5N,368.558,380.511,UCAYALI,SELVA,LONGITUDINAL DE LA SELVA,PLANO,2.0,72.6,Buena,-75.31877381499993,-8.884095247999937,-75.38892393399993,-8.943090316999928,11.953000000000031
3645,PE-5N,319.614,327.047,UCAYALI,SELVA,LONGITUDINAL DE LA SELVA,PLANO,2.0,27.46,Buena,-75.04332075999992,-8.903919988999917,-75.05101364399991,-8.837306389999924,7.43300000000005
3646,PE-5N,307.181,319.614,HUANUCO,SELVA,LONGITUDINAL DE LA SELVA,PLANO,2.0,27.46,Buena,-75.03000962899995,-9.015021838999928,-75.04332075999992,-8.903919988999917,12.432999999999993
3647,PE-5N,558.948,559.569,SAN MARTIN,SELVA,LONGITUDINAL DE LA SELVA,ONDULADO,2.0,60.03,Buena,-76.23663569299993,-8.733409955999946,-76.23871527199992,-8.72815247299991,0.6209999999999809
3648,PE-5N,559.569,561.235,SAN MARTIN,SELVA,LONGITUDINAL DE LA SELVA,ONDULADO,2.0,50.38,Buena,-76.23871527199992,-8.72815247299991,-76.24539980599991,-8.714900347999958,1.6660000000000537
3649,PE-5N,549.589,550.968,SAN MARTIN,SELVA,LONGITUDINAL DE LA SELVA,ONDULADO,2.0,50.38,Buena,-76.16653639399993,-8.747187837999945,-76.1783207929999,-8.750696622999953,1.3789999999999054
3650,PE-5N,557.525,558.787,SAN MARTIN,SELVA,LONGITUDINAL DE LA SELVA,ONDULADO,2.0,60.03,Buena,-76.22891895599992,-8.743209965999938,-76.23606672099993,-8.73465667399995,1.2620000000000573
3651,PE-5N,557.015,557.525,SAN MARTIN,SELVA,LONGITUDINAL DE LA SELVA,ONDULADO,2.0,50.38,Buena,-76.22629770299994,-8.746764191999944,-76.22891895599992,-8.743209965999938,0.5099999999999909
3652,PE-5N,352.767,355.515,UCAYALI,SELVA,LONGITUDINAL DE LA SELVA,PLANO,2.0,72.6,Buena,-75.21424275299995,-8.82944776499994,-75.23520937899991,-8.827891032999958,2.7479999999999905
3653,PE-5N,355.515,368.558,UCAYALI,SELVA,LONGITUDINAL DE LA SELVA,PLANO,2.0,72.6,Buena,-75.23520937899991,-8.827891032999958,-75.31877381499993,-8.884095247999937,13.043000000000006
3654,PE-5N,327.047,328.341,UCAYALI,SELVA,LONGITUDINAL DE LA SELVA,PLANO,2.0,33.41,Buena,-75.05103763499994,-8.837054252999906,-75.05237052199993,-8.825689633999957,1.2939999999999827
3655,PE-5N,591.145,592.087,SAN MARTIN,SELVA,LONGITUDINAL DE LA SELVA,ONDULADO,2.0,60.03,Buena,-76.3184131029999,-8.463669522999908,-76.32301016499991,-8.456470467999907,0.9420000000000073
3656,PE-5N,592.087,593.617,SAN MARTIN,SELVA,LONGITUDINAL DE LA SELVA,ONDULADO,2.0,50.38,Buena,-76.32301016499991,-8.456470467999907,-76.3270821189999,-8.443259325999918,1.5299999999999727
3657,PE-5N,593.978,594.452,SAN MARTIN,SELVA,LONGITUDINAL DE LA SELVA,ONDULADO,2.0,56.43,Buena,-76.32806665699991,-8.440177323999933,-76.32896353799993,-8.435970888999918,0.4740000000000464
3658,PE-5N,594.452,595.103,SAN MARTIN,SELVA,LONGITUDINAL DE LA SELVA,ONDULADO,2.0,41.29,Buena,-76.32896353799993,-8.435970888999918,-76.32807754599992,-8.430187169999954,0.6509999999999536
3659,PE-5N,595.103,596.31,SAN MARTIN,SELVA,LONGITUDINAL DE LA SELVA,ONDULADO,2.0,56.43,Buena,-76.32807754599992,-8.430187169999954,-76.3259802469999,-8.420136395999918,1.2069999999999936
3660,PE-5N,604.931,607.37,SAN MARTIN,SELVA,LONGITUDINAL DE LA SELVA,PLANO,2.0,41.59,Buena,-76.33798942899995,-8.351659627999936,-76.34329477499995,-8.330457417999924,2.4389999999999645
3661,PE-5N,603.733,604.931,SAN MARTIN,SELVA,LONGITUDINAL DE LA SELVA,PLANO,2.0,41.59,Buena,-76.33570589699991,-8.362097174999917,-76.33798942899995,-8.351659627999936,1.1980000000000928
3662,PE-5N,597.094,598.74,SAN MARTIN,SELVA,LONGITUDINAL DE LA SELVA,ONDULADO,2.0,41.29,Buena,-76.32141998499992,-8.415626324999948,-76.31803601699994,-8.401147342999934,1.6459999999999582
3663,PE-5N,638.231,638.95,SAN MARTIN,SELVA,LONGITUDINAL DE LA SELVA,ONDULADO,2.0,41.29,Mala,-76.51440429699994,-8.18394279499995,-76.51819249899995,-8.186622232999923,0.7190000000000509
3664,PE-5N,637.493,637.494,SAN MARTIN,SELVA,LONGITUDINAL DE LA SELVA,PLANO,2.0,43.98,Buena,-76.5084056849999,-8.186622618999934,-76.50841864299991,-8.186619785999937,0.0009999999999763531
3665,PE-5N,637.493,638.231,SAN MARTIN,SELVA,LONGITUDINAL DE LA SELVA,ONDULADO,2.0,41.29,Buena,-76.50841864299991,-8.186619785999937,-76.51440429699994,-8.18394279499995,0.7379999999999427
3666,PE-5N,809.077,810.207,SAN MARTIN,SELVA,LONGITUDINAL DE LA SELVA,ONDULADO,2.0,39.43,Buena,-76.73488522999992,-7.195097625999949,-76.73506150999992,-7.185385715999928,1.1299999999999955
3667,PE-5N,810.207,811.044,SAN MARTIN,SELVA,LONGITUDINAL DE LA SELVA,ONDULADO,2.0,60.03,Buena,-76.73506150999992,-7.185385715999928,-76.7369084579999,-7.178835153999955,0.8369999999999891
3668,PE-5N,858.541,868.84,SAN MARTIN,SELVA,LONGITUDINAL DE LA SELVA,ONDULADO,2.0,60.03,Buena,-76.49096874599991,-7.036144880999927,-76.42365338999991,-6.98584922799995,10.298999999999978
3669,PE-5N,884.368,885.127,SAN MARTIN,SELVA,LONGITUDINAL DE LA SELVA,PLANO,2.0,72.6,Buena,-76.3316060919999,-6.9159184069999355,-76.33355606299995,-6.90925578599996,0.7589999999999009
3670,PE-5N,877.43,878.711,SAN MARTIN,SELVA,LONGITUDINAL DE LA SELVA,ONDULADO,2.0,56.43,Buena,-76.39125419999993,-6.927041279999912,-76.37932649099992,-6.92389765899992,1.2810000000000628
3671,PE-5N,874.442,877.262,SAN MARTIN,SELVA,LONGITUDINAL DE LA SELVA,ONDULADO,2.0,56.43,Buena,-76.41319270199995,-6.943360648999942,-76.39279808399993,-6.927442647999953,2.8199999999999363
3672,PE-5N,878.711,882.04,SAN MARTIN,SELVA,LONGITUDINAL DE LA SELVA,ONDULADO,2.0,41.29,Buena,-76.37932649099992,-6.92389765899992,-76.34781788299995,-6.923904010999934,3.328999999999951
3673,PE-5N,873.664,873.667,SAN MARTIN,SELVA,LONGITUDINAL DE LA SELVA,ONDULADO,2.0,56.43,Buena,-76.41698441999995,-6.949852391999912,-76.41695077999992,-6.949795894999909,0.0030000000000427463
3674,PE-5N,883.696,883.934,SAN MARTIN,SELVA,LONGITUDINAL DE LA SELVA,PLANO,2.0,72.6,Buena,-76.3347702289999,-6.920945672999949,-76.33285058299992,-6.919467418999943,0.2379999999999427
3675,PE-5N,872.143,873.664,SAN MARTIN,SELVA,LONGITUDINAL DE LA SELVA,ONDULADO,2.0,56.43,Buena,-76.42412927299995,-6.9619861209999385,-76.41698441999995,-6.949852391999912,1.5209999999999582
3676,PE-5N,882.04,883.696,SAN MARTIN,SELVA,LONGITUDINAL DE LA SELVA,PLANO,2.0,64.96,Buena,-76.34781788299995,-6.923904010999934,-76.3347702289999,-6.920945672999949,1.6560000000000628
3677,PE-5N,868.84,872.143,SAN MARTIN,SELVA,LONGITUDINAL DE LA SELVA,ONDULADO,2.0,56.43,Buena,-76.42365338999991,-6.98584922799995,-76.42412927299995,-6.9619861209999385,3.3029999999999973
3678,PE-5N,873.667,874.442,SAN MARTIN,SELVA,LONGITUDINAL DE LA SELVA,ONDULADO,2.0,41.29,Buena,-76.41695077999992,-6.949795894999909,-76.41319270199995,-6.943360648999942,0.7749999999999773
3679,PE-5N,885.127,900.544,SAN MARTIN,SELVA,LONGITUDINAL DE LA SELVA,PLANO,2.0,72.6,Buena,-76.33355606299995,-6.90925578599996,-76.32365325699993,-6.792772703999958,15.41700000000003
3680,PE-5N,939.364,940.455,SAN MARTIN,SELVA,LONGITUDINAL DE LA SELVA,PLANO,2.0,64.96,Mala,-76.34380693299994,-6.516744223999922,-76.34708915399995,-6.50799497099996,1.0910000000000082
3681,PE-5N,940.794,942.734,SAN MARTIN,SELVA,LONGITUDINAL DE LA SELVA,ONDULADO,2.0,41.29,Buena,-76.34983320799995,-6.508662304999916,-76.38131298699994,-6.529302414999961,1.9400000000000546
3682,PE-5N,939.256,939.364,SAN MARTIN,SELVA,LONGITUDINAL DE LA SELVA,PLANO,2.0,72.6,Mala,-76.34398920399991,-6.517704909999907,-76.34380693299994,-6.516744223999922,0.10800000000006094
3683,PE-5N,1081.115,1098.97,SAN MARTIN,SELVA,LONGITUDINAL DE LA SELVA,ONDULADO,2.0,60.03,Buena,-77.16954127799994,-6.052502477999951,-77.2972533599999,-5.961447802999942,17.855000000000018
3684,PE-5N,1263.442,1278.222,AMAZONAS,SELVA,LONGITUDINAL DE LA SELVA,MONTAÑOSO,2.0,48.16,Buena,-78.01728774499992,-5.917200801999911,-78.12469987199995,-5.917935537999938,14.779999999999973
3685,PE-5N,1255.089,1257.113,AMAZONAS,SELVA,LONGITUDINAL DE LA SELVA,MONTAÑOSO,2.0,46.75,Buena,-77.96561123399994,-5.932007720999934,-77.97884812099994,-5.9435539449999055,2.0240000000001146
3686,PE-5N,1257.113,1258.235,AMAZONAS,SELVA,LONGITUDINAL DE LA SELVA,MONTAÑOSO,2.0,46.75,Buena,-77.97884812099994,-5.9435539449999055,-77.98058404599993,-5.936322480999934,1.1219999999998436
3687,PE-5N,1235.405,1250.236,AMAZONAS,SELVA,LONGITUDINAL DE LA SELVA,MONTAÑOSO,2.0,48.16,Buena,-77.9825152379999,-5.857726050999929,-77.96487650299991,-5.8992678959999125,14.831000000000131
3688,PE-5N,1258.235,1263.442,AMAZONAS,SELVA,LONGITUDINAL DE LA SELVA,MONTAÑOSO,2.0,46.75,Buena,-77.98058404599993,-5.936322480999934,-78.01728774499992,-5.917200801999911,5.207000000000107
3689,PE-5N,1387.129,1388.593,CAJAMARCA,SELVA,LONGITUDINAL DE LA SELVA,PLANO,4.0,70.33,Buena,-78.80177633699992,-5.71864800599991,-78.80342867099995,-5.706598456999927,1.4640000000001692
3690,PE-5N,1310.741,1311.856,AMAZONAS,SELVA,LONGITUDINAL DE LA SELVA,MONTAÑOSO,2.0,48.16,Buena,-78.33770412399991,-5.794094604999941,-78.34718393899993,-5.79070486899991,1.115000000000009
3691,PE-5N,1310.546,1310.593,AMAZONAS,SELVA,LONGITUDINAL DE LA SELVA,MONTAÑOSO,2.0,37.47,Buena,-78.3363270669999,-5.795030984999926,-78.3366997199999,-5.794882196999936,0.047000000000025466
3692,PE-5N,1189.396,1195.117,AMAZONAS,SELVA,LONGITUDINAL DE LA SELVA,MONTAÑOSO,2.0,47.84,Buena,-77.82812431999992,-5.703092922999929,-77.8636110029999,-5.6970106849999524,5.721000000000004
3693,PE-5N,1215.146,1235.405,AMAZONAS,SIERRA,LONGITUDINAL DE LA SELVA,MONTAÑOSO,2.0,55.0,Buena,-77.92658349999994,-5.777138237999907,-77.9825152379999,-5.857726050999929,20.259000000000015
3694,PE-5N,1159.301,1164.247,SAN MARTIN,SIERRA,LONGITUDINAL DE LA SELVA,ONDULADO,2.0,66.89,Buena,-77.6984465459999,-5.662735802999919,-77.72107124299993,-5.6714954379999085,4.94600000000014
3695,PE-5N,1423.443,1425.823,CAJAMARCA,SELVA,LONGITUDINAL DE LA SELVA,PLANO,2.0,70.33,Buena,-78.8247345449999,-5.469632998999941,-78.83376878699994,-5.449462154999935,2.380000000000109
3696,PE-5N,1425.823,1443.674,CAJAMARCA,SELVA,LONGITUDINAL DE LA SELVA,PLANO,2.0,70.33,Buena,-78.83376878699994,-5.449462154999935,-78.79646041399991,-5.344329001999938,17.850999999999885
3697,PE-5N,1410.881,1413.432,CAJAMARCA,SELVA,LONGITUDINAL DE LA SELVA,PLANO,2.0,70.33,Buena,-78.8065355299999,-5.570220186999961,-78.8109944869999,-5.54841728599996,2.550999999999931
3698,PE-5N,1498.14,1539.773,CAJAMARCA,SELVA,LONGITUDINAL DE LA SELVA,ONDULADO,2.0,34.12,Buena,-79.00473319499991,-5.133951646999947,-79.08807059599991,-5.005543798999952,41.63299999999981
3699,PE-5N,1539.773,1546.057,CAJAMARCA,SELVA,LONGITUDINAL DE LA SELVA,ONDULADO,2.0,56.43,Buena,-79.08807059599991,-5.005543798999952,-79.11588118399993,-4.977478469999937,6.2840000000001055
3700,PE-5N,946.689,948.708,SAN MARTIN,SELVA,LONGITUDINAL DE LA SELVA,ONDULADO,2.0,50.38,Buena,-76.39195150899991,-6.498584730999937,-76.40505448999994,-6.480746501999931,2.0190000000000055
3701,PE-5N,944.431,946.689,SAN MARTIN,SELVA,LONGITUDINAL DE LA SELVA,ONDULADO,4.0,50.38,Buena,-76.38709275799994,-6.510461062999923,-76.39195150899991,-6.498584730999937,2.2579999999999245
3702,PE-5N,942.734,944.431,SAN MARTIN,SELVA,LONGITUDINAL DE LA SELVA,ONDULADO,4.0,41.29,Buena,-76.38131298699994,-6.529302414999961,-76.38709275799994,-6.510461062999923,1.6970000000000027
3703,PE-5N,151.323,153.071,PASCO,SELVA,LONGITUDINAL DE LA SELVA,ONDULADO,2.0,27.06,Regular,-74.98204305799993,-10.302036382999916,-74.97956232599995,-10.287480742999946,1.7479999999999905
3704,PE-5N,40.812,42.008,PASCO,SELVA,LONGITUDINAL DE LA SELVA,MONTAÑOSO,4.0,36.21,Buena,-75.26629451499991,-10.734582707999948,-75.26378819799993,-10.72569945999993,1.196000000000005
3705,PE-5N,1283.808,1284.637,AMAZONAS,SELVA,LONGITUDINAL DE LA SELVA,MONTAÑOSO,2.0,42.62,Buena,-78.15257939999992,-5.888871381999934,-78.15300745999991,-5.894468174999929,0.8289999999999509
3706,PE-5SA,89.711,131.636,JUNIN,SELVA,RAMAL,ONDULADO,0.0,0.0,Buena,-73.8140264399999,-10.887725835999959,-73.79655558099995,-10.892409431999909,41.925
3707,PE-14,25.261,28.14,ANCASH,SIERRA,TRANSVERSAL,ONDULADO,2.0,68.7,Buena,-78.09211258699992,-9.49305320499991,-78.07288596599994,-9.502815962999932,2.8790000000000013
3708,PE-14A,2.543,3.45,ANCASH,SIERRA,RAMAL,MONTAÑOSO,1.0,40.51,Mala,-77.5104612209999,-9.52644590299991,-77.50247863299995,-9.526430665999953,0.907
3709,PE-14A,108.05,133.349,ANCASH,SIERRA,RAMAL,MONTAÑOSO,1.0,40.51,Mala,-76.9973188049999,-9.27468671999992,-76.92553859899994,-9.235848035999936,25.298999999999992
3710,PE-14A,333.889,343.005,HUANUCO,SELVA,RAMAL,ONDULADO,1.0,0.0,Sin Informacion,-76.55140726099995,-9.267380334999928,-76.5419434659999,-9.26121483299994,9.115999999999985
3711,PE-14A,419.104,423.593,HUANUCO,SELVA,RAMAL,ONDULADO,1.0,34.12,Mala,-76.02815904599993,-9.324474536999958,-76.01535313699992,-9.31937881999994,4.489000000000033
3712,PE-3SW,7.101,17.44,CUSCO,SIERRA,VARIANTE,,0.0,0.0,Buena,-71.82855177599993,-14.548863732999905,-71.77243513999991,-14.599758237999936,10.339000000000002
3713,PE-3SW,48.175,62.177,CUSCO,SIERRA,VARIANTE,,0.0,0.0,Buena,-71.61241861999991,-14.735760351999943,-71.52205096999995,-14.801346280999951,14.002000000000002
3714,PE-20A,0.0,5.468,LIMA,COSTA,TRANSVERSAL,PLANO,0.0,0.0,Mala,-77.04491994299991,-11.891489630999956,-77.07227101399991,-11.931398803999912,5.468
3715,PE-38,173.238,174.607,PUNO,SIERRA,TRANSVERSAL,ONDULADO,1.0,33.11,Regular,-69.7453449969999,-17.183742966999944,-69.74029367999992,-17.173164672999917,1.3689999999999998
3716,PE-1S,239.712,240.41,ICA,COSTA,LONGITUDINAL DE LA COSTA,PLANO,2.0,80.89,Buena,-76.14099236099992,-13.829701549999925,-76.1390186939999,-13.835332154999946,0.6980000000000075
3717,PE-20A,18.706,19.829,LIMA,COSTA,TRANSVERSAL,ONDULADO,2.0,67.04,Buena,-76.9997726229999,-11.834658803999957,-76.99547232599991,-11.825728926999943,1.123000000000001
3718,PE-3SW,65.661,78.117,CUSCO,SIERRA,VARIANTE,,0.0,0.0,Buena,-71.4974883239999,-14.80714379099993,-71.41240692199995,-14.792436599999917,12.456000000000003
3719,PE-18,187.321,187.529,PASCO,SIERRA,TRANSVERSAL,ONDULADO,2.0,55.02,Buena,-76.5874818449999,-10.616677342999935,-76.58738594399995,-10.612863943999912,0.2079999999999984
3720,PE-5NC,0.0,12.54,AMAZONAS,SELVA,RAMAL,PLANO,2.0,70.33,Buena,-78.61717605599995,-5.71716880799994,-78.55752754199995,-5.636121749999916,12.54
3721,PE-3SB,29.631,34.615,JUNIN,SIERRA,VARIANTE,PLANO,2.0,78.24,Buena,-75.29212951699992,-11.985074996999913,-75.27137174199993,-12.023863966999954,4.984000000000002
3722,PE-34G,18.954,20.189,CUSCO,SIERRA,RAMAL,ONDULADO,1.0,34.85,Buena,-71.30711173999993,-14.409852981999904,-71.31375676199991,-14.401306332999923,1.2349999999999994
3723,PE-32,98.734,103.974,AREQUIPA,SIERRA,TRANSVERSAL,ONDULADO,1.0,43.03,Buena,-73.59285222999995,-15.518616667999936,-73.56449848499994,-15.488533031999907,5.240000000000009
3724,PE-32,103.974,114.963,AREQUIPA,SIERRA,TRANSVERSAL,ONDULADO,1.0,43.03,Buena,-73.56449848499994,-15.488533031999907,-73.5576858519999,-15.408206939999957,10.98899999999999
3725,PE-32,120.222,130.45,AYACUCHO,SIERRA,TRANSVERSAL,MONTAÑOSO,2.0,40.51,Buena,-73.58303070099993,-15.374074935999943,-73.57951899799991,-15.304887691999909,10.227999999999994
3726,PE-32,90.244,93.797,AREQUIPA,SIERRA,TRANSVERSAL,ONDULADO,1.0,43.03,Buena,-73.65170459099994,-15.553214079999918,-73.62972348399995,-15.538736921999941,3.5529999999999973
3727,PE-32,114.963,115.493,AYACUCHO,SIERRA,TRANSVERSAL,ONDULADO,1.0,49.53,Buena,-73.5576858519999,-15.408206939999957,-73.56030317999995,-15.406045578999908,0.5300000000000011
3728,PE-32,93.797,98.734,AREQUIPA,SIERRA,TRANSVERSAL,ONDULADO,1.0,49.53,Buena,-73.62972348399995,-15.538736921999941,-73.59285222999995,-15.518616667999936,4.936999999999998
3729,PE-32,130.45,134.533,AYACUCHO,SIERRA,TRANSVERSAL,MONTAÑOSO,2.0,44.1,Buena,-73.57951899799991,-15.304887691999909,-73.57142639199992,-15.271255492999956,4.082999999999998
3730,PE-32,115.493,120.222,AYACUCHO,SIERRA,TRANSVERSAL,ONDULADO,2.0,49.53,Buena,-73.56030317999995,-15.406045578999908,-73.58303070099993,-15.374074935999943,4.728999999999999
3731,PE-1NR,75.843,77.021,PIURA,COSTA,TRANSVERSAL,ONDULADO,0.0,0.0,Sin Informacion,-79.9386363939999,-5.154018614999927,-79.93191036499991,-5.147749902999919,1.1779999999999973
3732,PE-3S,980.762,981.944,CUSCO,SIERRA,LONGITUDINAL DE LA SIERRA,ONDULADO,6.0,68.7,Buena,-71.90461948599994,-13.54067510199991,-71.89550263399991,-13.544698112999924,1.1820000000000164
3733,PE-3S,981.944,982.692,CUSCO,SIERRA,LONGITUDINAL DE LA SIERRA,ONDULADO,6.0,68.7,Buena,-71.89550263399991,-13.544698112999924,-71.8888791629999,-13.546564462999925,0.7480000000000473
3734,PE-18,91.904,93.904,LIMA,SIERRA,TRANSVERSAL,MONTAÑOSO,2.0,33.11,Buena,-76.97352286299991,-10.878023722999956,-76.96534559399993,-10.86359138599994,2.0
3735,PE-18,97.33,95.876,LIMA,SIERRA,TRANSVERSAL,MONTAÑOSO,2.0,33.11,Buena,-76.93640265899995,-10.857776429999944,-76.92510115999994,-10.85387161999995,-1.4539999999999935
3736,PE-18,98.575,99.015,LIMA,SIERRA,TRANSVERSAL,MONTAÑOSO,2.0,33.11,Buena,-76.90476329599994,-10.85209307699995,-76.90259531599992,-10.84855644399994,0.4399999999999977
3737,PE-34J,70.571,72.263,CUSCO,SIERRA,RAMAL,MONTAÑOSO,1.0,40.51,Mala,-71.14739330299994,-15.206641298999955,-71.15040892699994,-15.193069041999934,1.6920000000000073
3738,PE-34J,0.0,0.093,AREQUIPA,SIERRA,RAMAL,ONDULADO,1.0,66.89,Buena,-71.00528277899991,-15.767632234999951,-71.00521829699994,-15.766713792999951,0.093
3739,PE-34J,60.09,65.523,CUSCO,SIERRA,RAMAL,MONTAÑOSO,1.0,33.43,Buena,-71.13936059399992,-15.29049503099992,-71.1514428989999,-15.245924927999909,5.432999999999993
3740,PE-3N,175.136,180.703,HUANUCO,SIERRA,LONGITUDINAL DE LA SIERRA,ONDULADO,2.0,62.45,Buena,-76.20253561399994,-10.375874185999919,-76.1815299989999,-10.33797454799992,5.567000000000007
3741,PE-34H,276.362,301.208,PUNO,SELVA,TRANSVERSAL,MONTAÑOSO,2.0,32.27,Buena,-69.23278390099995,-14.201850752999917,-69.15457153599993,-14.22164153999995,24.846000000000004
3742,PE-3S,1452.605,1472.092,PUNO,SIERRA,LONGITUDINAL DE LA SIERRA,PLANO,2.0,78.24,Buena,-69.39714501599991,-16.212520388999906,-69.26084576699992,-16.320637698999917,19.48700000000008
3743,PE-3S,1501.592,1511.062,PUNO,SIERRA,LONGITUDINAL DE LA SIERRA,PLANO,2.0,78.24,Buena,-69.10294017699994,-16.49573302099992,-69.0412033739999,-16.557688024999948,9.4699999999998
3744,PE-3S,1364.762,1368.892,PUNO,SIERRA,LONGITUDINAL DE LA SIERRA,PLANO,2.0,68.22,Buena,-70.01763879499993,-15.854304930999945,-69.9863595189999,-15.863526495999906,4.130000000000109
3745,PE-3S,1442.092,1447.666,PUNO,SIERRA,LONGITUDINAL DE LA SIERRA,PLANO,2.0,78.24,Buena,-69.4681901809999,-16.222560418999933,-69.42814933299991,-16.204836452999928,5.573999999999842
3746,PE-18D,25.497,33.109,HUANUCO,SIERRA,TRANSVERSAL,ONDULADO,0.0,0.0,Sin Informacion,-76.01620042799993,-10.339159995999921,-75.97079379399992,-10.303513598999928,7.612000000000002
3747,PE-1SD,335.073,338.173,TACNA,COSTA,VARIANTE,PLANO,2.0,80.89,Buena,-70.69676463699994,-18.137438665999923,-70.67557716399995,-18.15614699999992,3.1000000000000227
3748,PE-3S,1452.605,1512.464,PUNO,SIERRA,LONGITUDINAL DE LA SIERRA,PLANO,2.0,78.24,Buena,-69.0412033739999,-16.557688024999948,-69.05202868099991,-16.57664173099994,59.858999999999924
3749,PE-18A,69.75,70.15,HUANUCO,SIERRA,TRANSVERSAL,ONDULADO,2.0,62.45,Buena,-76.06598663299991,-9.642196654999907,-76.06506159199995,-9.640395510999952,0.4000000000000057
