fecha,anio,mes,dia_semana,hora3,fallecidos,CANTIDAD DE LESIONADOS,CLASE SINIESTRO,CAUSA FACTOR PRINCIPAL,SUPERFICIE DE CALZADA,TIPO DE VÍA,RED VIAL,DEPARTAMENTO,PROVINCIA,DISTRITO,lat,lon,"('ruta',)",km_red
2021-01-01,2021,1,4,0,1,0,CHOQUE,IMPRUDENCIA DEL CONDUCTOR,ASFALTADA,CARRETERA,NACIONAL,LA LIBERTAD,VIRU,VIRU,-8.432617,-78.772242,PE-1N,514.4852664743818
2021-01-01,2021,1,4,0,1,0,CHOQUE CON OBJETO FIJO,EN PROCESO DE INVESTIGACIÓN,ASFALTADA,CARRETERA,NACIONAL,LAMBAYEQUE,LAMBAYEQUE,LAMBAYEQUE,-6.680472,-79.903582,PE-1N,796.1624853993976
2021-01-02,2021,1,5,0,1,1,CHOQUE,EN PROCESO DE INVESTIGACIÓN,ASFALTADA,CARRETERA,NACIONAL,JUNIN,YAULI,MOROCOCHA,-11.5916549,-76.0752901,PE-22,148.18848040437254
2021-01-02,2021,1,5,0,1,0,CHOQUE,IMPRUDENCIA DEL CONDUCTOR,ASFALTADA,CARRETERA,NACIONAL,PUNO,AZANGARO,AZANGARO,-14.92116,-70.204043,PE-34B,46.76047020918495
2021-01-03,2021,1,6,0,1,0,ATROPELLO FUGA,EN PROCESO DE INVESTIGACIÓN,ASFALTADA,CARRETERA,NACIONAL,LIMA,LIMA,VILLA EL SALVADOR,-12.225604,-76.971698,PE-1S,19.45963389083492
2021-01-03,2021,1,6,0,1,1,CHOQUE,IMPRUDENCIA DEL CONDUCTOR,ASFALTADA,CARRETERA,NACIONAL,LA LIBERTAD,ASCOPE,CHICAMA,-7.84524,-79.150883,PE-1N,603.5389719964317
2021-01-03,2021,1,6,0,1,3,DESPISTE,IMPRUDENCIA DEL CONDUCTOR,ASFALTADA,CARRETERA,NACIONAL,LIMA,HUAURA,PACCHO,-10.88706939738808,-76.98079339602495,PE-18,90.19129461065046
2021-01-03,2021,1,6,0,1,0,ATROPELLO,EN PROCESO DE INVESTIGACIÓN,CONCRETO,CARRETERA,NACIONAL,JUNIN,SATIPO,MAZAMARI,-11.299122793253288,-74.54719269575503,PE-5S,125.82367084953458
2021-01-03,2021,1,6,0,1,1,ATROPELLO,IMPRUDENCIA DEL CONDUCTOR,ASFALTADA,CARRETERA,NACIONAL,LA LIBERTAD,VIRU,VIRU,-8.42432,-78.781809,PE-1N,515.9030864224549
2021-01-04,2021,1,0,0,1,1,CHOQUE,IMPRUDENCIA DEL CONDUCTOR,ASFALTADA,CARRETERA,NACIONAL,AREQUIPA,AREQUIPA,LA JOYA,-16.528801,-71.758877,PE-34A,2.7664708266644893
2021-01-04,2021,1,0,0,1,1,CHOQUE,IMPRUDENCIA DEL CONDUCTOR,ASFALTADA,CARRETERA,NACIONAL,ANCASH,CASMA,CASMA,-9.48456685315444,-78.27405272080628,PE-1N,371.210217488312
2021-01-04,2021,1,0,0,1,2,CHOQUE,IMPRUDENCIA DEL CONDUCTOR,ASFALTADA,CARRETERA,NACIONAL,LA LIBERTAD,PACASMAYO,PACASMAYO,-7.41567,-79.548581,PE-1N,675.632010512886
2021-01-04,2021,1,0,0,1,1,CHOQUE,EN PROCESO DE INVESTIGACIÓN,ASFALTADA,CARRETERA,NACIONAL,AREQUIPA,CAMANA,SAMUEL PASTOR,-16.6066661330461,-72.6996068528726,PE-1S,833.0452715207646
2021-01-05,2021,1,1,0,1,0,ATROPELLO,IMPRUDENCIA DEL PEATÓN,ASFALTADA,CARRETERA,NACIONAL,APURIMAC,AYMARAES,COTARUSE,-14.51889722017264,-73.2761202903143,PE-30A,297.70632626541857
2021-01-05,2021,1,1,0,1,0,ATROPELLO FUGA,EN PROCESO DE INVESTIGACIÓN,ASFALTADA,CARRETERA,NACIONAL,LIMA,BARRANCA,SUPE,-10.788981442173975,-77.71142585156548,PE-1N,189.48843389521235
2021-01-06,2021,1,2,0,1,0,ATROPELLO,IMPRUDENCIA DEL PEATÓN,ASFALTADA,CARRETERA,NACIONAL,PUNO,HUANCANE,TARACO,-15.257925,-69.876396,PE-34H,41.39865945087588
2021-01-06,2021,1,2,0,1,0,ATROPELLO FUGA,EN PROCESO DE INVESTIGACIÓN,ASFALTADA,CARRETERA,NACIONAL,JUNIN,HUANCAYO,CULLHUAS,-12.2348153,-75.1553866,PE-3S,146.549293501612
2021-01-07,2021,1,3,0,1,0,ATROPELLO,IMPRUDENCIA DEL PEATÓN,ASFALTADA,CARRETERA,NACIONAL,ANCASH,SANTA,SANTA,-9.004006503532352,-78.61846985128324,PE-1N,441.71323906689497
2021-01-08,2021,1,4,0,1,0,CHOQUE,IMPRUDENCIA DEL CONDUCTOR,ASFALTADA,CARRETERA,NACIONAL,ICA,ICA,PUEBLO NUEVO,-14.11280351736792,-75.71768884490805,PE-1S,303.30231800327687
2021-01-09,2021,1,5,0,2,0,CHOQUE,EN PROCESO DE INVESTIGACIÓN,ASFALTADA,CARRETERA,NACIONAL,AREQUIPA,CARAVELI,LOMAS,-15.296713,-74.915512,PE-1S,501.9102313971736
2021-01-09,2021,1,5,0,1,4,CHOQUE,IMPRUDENCIA DEL CONDUCTOR,ASFALTADA,CARRETERA,NACIONAL,LIMA,BARRANCA,PATIVILCA,-10.658884060554785,-77.6526383087629,PE-16A,18.945840818347012
2021-01-09,2021,1,5,0,1,0,CHOQUE,IMPRUDENCIA DEL CONDUCTOR,ASFALTADA,CARRETERA,NACIONAL,ICA,ICA,SAN JOSE DE LOS MOLINOS,-13.963668753161592,-75.69515216658996,PE-1SC,16.76150299535873
2021-01-10,2021,1,6,0,1,0,ATROPELLO,EN PROCESO DE INVESTIGACIÓN,ASFALTADA,CARRETERA,NACIONAL,LAMBAYEQUE,LAMBAYEQUE,MOTUPE,-6.145723,-79.718245,PE-1NJ,67.12660411551639
2021-01-10,2021,1,6,0,1,0,ATROPELLO FUGA,EN PROCESO DE INVESTIGACIÓN,ASFALTADA,CARRETERA,NACIONAL,LIMA,HUAURA,VEGUETA,-11.030083804634163,-77.5926482784233,PE-1N,158.38989605713124
2021-01-10,2021,1,6,0,1,1,CHOQUE,IMPRUDENCIA DEL CONDUCTOR,ASFALTADA,CARRETERA,NACIONAL,SAN MARTIN,MOYOBAMBA,CALZADA,-6.039758,-77.060566,PE-5N,1067.9749061688374
2021-01-10,2021,1,6,0,1,0,VOLCADURA,IMPRUDENCIA DEL CONDUCTOR,ASFALTADA,CARRETERA,NACIONAL,LAMBAYEQUE,CHICLAYO,NUEVA ARICA,-6.880811,-79.363869,PE-1NI,39.14894002387733
2021-01-10,2021,1,6,0,1,1,CHOQUE,IMPRUDENCIA DEL CONDUCTOR,ASFALTADA,CARRETERA,NACIONAL,HUANUCO,HUANUCO,AMARILIS,-9.913026,-76.23101,PE-18A,5.234412924017731
2021-01-10,2021,1,6,0,1,1,CHOQUE,IMPRUDENCIA DEL CONDUCTOR,ASFALTADA,CARRETERA,NACIONAL,LIMA,HUARAL,CHANCAY,-11.605630713512038,-77.24177233479881,PE-1N,76.38501441802617
2021-01-11,2021,1,0,0,1,0,ATROPELLO,EN PROCESO DE INVESTIGACIÓN,ASFALTADA,CARRETERA,NACIONAL,LAMBAYEQUE,LAMBAYEQUE,LAMBAYEQUE,-6.637867,-79.950015,PE-1N,803.1920312151892
2021-01-11,2021,1,0,0,1,2,DESPISTE,IMPRUDENCIA DEL CONDUCTOR,ASFALTADA,CARRETERA,NACIONAL,TACNA,TARATA,TARATA,-17.4667790645833,-70.0345603030153,PE-38,91.28399608452116
2021-01-11,2021,1,0,0,1,0,ATROPELLO,EN PROCESO DE INVESTIGACIÓN,TROCHA,CARRETERA,NACIONAL,CUSCO,ESPINAR,OCORURO,-14.9720021054264,-71.1823097310146,PE-34J,104.27615683763489
2021-01-11,2021,1,0,0,1,4,CHOQUE,IMPRUDENCIA DEL CONDUCTOR,ASFALTADA,CARRETERA,NACIONAL,LA LIBERTAD,ASCOPE,CHICAMA,-7.743064,-79.08115,PE-1NF,15.384299611341763
2021-01-11,2021,1,0,0,1,1,CHOQUE,IMPRUDENCIA DEL CONDUCTOR,ASFALTADA,CARRETERA,NACIONAL,MOQUEGUA,MARISCAL NIETO,MOQUEGUA,-17.192137,-70.918786,PE-36A,9.05562325847836
2021-01-11,2021,1,0,0,1,1,DESPISTE,IMPRUDENCIA DEL CONDUCTOR,ASFALTADA,CARRETERA,NACIONAL,PUNO,SAN ROMAN,CABANA,-15.617333238431144,-70.32051956332245,PE-34A,275.3262111403581
2021-01-12,2021,1,1,0,1,1,CHOQUE,EN PROCESO DE INVESTIGACIÓN,ASFALTADA,CARRETERA,NACIONAL,LAMBAYEQUE,LAMBAYEQUE,MOTUPE,-6.152203,-79.710059,PE-1NJ,65.96433331170114
2021-01-12,2021,1,1,0,1,0,CHOQUE,NEGLIGENCIA DEL CONDUCTOR,ASFALTADA,CARRETERA,NACIONAL,LIMA,HUAURA,HUACHO,-11.18428545214436,-77.57624035482478,PE-1N,140.25676703311785
2021-01-13,2021,1,2,0,1,0,ATROPELLO FUGA,EN PROCESO DE INVESTIGACIÓN,ASFALTADA,CARRETERA,NACIONAL,LA LIBERTAD,ASCOPE,CHICAMA,-7.879217,-79.130121,PE-1N,599.0678441524004
2021-01-13,2021,1,2,0,1,0,ATROPELLO,IMPRUDENCIA DEL PEATÓN,ASFALTADA,CARRETERA,NACIONAL,JUNIN,HUANCAYO,SAN JERONIMO DE TUNAN,-11.9379866,-75.3100902,PE-3S,105.71593528673652
2021-01-13,2021,1,2,0,1,1,CHOQUE,EN PROCESO DE INVESTIGACIÓN,ASFALTADA,CARRETERA,NACIONAL,PASCO,PASCO,NINACACA,-10.8866919,-76.0892939,PE-3N,88.29921673955921
2021-01-14,2021,1,3,0,1,0,DESPISTE,EN PROCESO DE INVESTIGACIÓN,ASFALTADA,CARRETERA,NACIONAL,AREQUIPA,CAYLLOMA,MAJES,-16.500643,-72.4077,PE-1S,880.9545472036515
2021-01-14,2021,1,3,0,1,0,CAÍDA DE PASAJERO,NEGLIGENCIA DEL CONDUCTOR,ASFALTADA,CARRETERA,NACIONAL,LA LIBERTAD,TRUJILLO,LAREDO,-8.099108,-78.982811,PE-10A,5.781104745423787
2021-01-14,2021,1,3,0,1,1,CHOQUE,IMPRUDENCIA DEL CONDUCTOR,ASFALTADA,CARRETERA,NACIONAL,APURIMAC,ABANCAY,TAMBURCO,-13.614821498578369,-72.86526021208026,PE-3S,783.1693021811407
2021-01-14,2021,1,3,0,1,1,CHOQUE,IMPRUDENCIA DEL CONDUCTOR,ASFALTADA,CARRETERA,NACIONAL,SAN MARTIN,HUALLAGA,SACANCHE,-7.073887318598815,-76.72643989863553,PE-5N,827.9513893946103
2021-01-16,2021,1,5,0,1,4,CHOQUE,IMPRUDENCIA DEL CONDUCTOR,ASFALTADA,CARRETERA,NACIONAL,JUNIN,JAUJA,LLOCLLAPAMPA,-11.7902744,-75.5797941,PE-3S,61.63960882205181
2021-01-16,2021,1,5,0,1,0,ATROPELLO,IMPRUDENCIA DEL PEATÓN,ASFALTADA,CARRETERA,NACIONAL,PIURA,TALARA,MANCORA,-4.106487634262628,-81.0503375330624,PE-1N,1175.8400033146063
2021-01-16,2021,1,5,0,1,0,CHOQUE,IMPRUDENCIA DEL CONDUCTOR,ASFALTADA,CARRETERA,NACIONAL,CAJAMARCA,HUALGAYOC,BAMBAMARCA,-6.644675,-78.562526,PE-3N,1403.8849319878027
2021-01-16,2021,1,5,0,1,0,DESPISTE,EN PROCESO DE INVESTIGACIÓN,ASFALTADA,CARRETERA,NACIONAL,AMAZONAS,CHACHAPOYAS,MARISCAL CASTILLA,-6.56383559956039,-77.8300923222641,PE-08B,264.36177049445433
2021-01-17,2021,1,6,0,1,0,DESPISTE,IMPRUDENCIA DEL CONDUCTOR,TROCHA,CARRETERA,NACIONAL,CAJAMARCA,HUALGAYOC,BAMBAMARCA,-6.68536,-78.535275,PE-3N,1387.3945147605134
2021-01-17,2021,1,6,0,1,0,VOLCADURA,EN PROCESO DE INVESTIGACIÓN,ASFALTADA,CARRETERA,NACIONAL,LIMA,HUAURA,HUAURA,-11.081563591935444,-77.48472744108078,PE-1NE,11.758031453201635
2021-01-17,2021,1,6,0,1,0,CAÍDA DE PASAJERO,IMPRUDENCIA DEL PEATÓN,ASFALTADA,CARRETERA,NACIONAL,CALLAO,CALLAO,CALLAO,-12.05437213181773,-77.14261674714892,PE-20,15.527010522289808
2021-01-17,2021,1,6,0,1,1,CHOQUE FUGA,EN PROCESO DE INVESTIGACIÓN,ASFALTADA,CARRETERA,NACIONAL,AMAZONAS,BONGARA,CHURUJA,-6.022337627219859,-77.95092654049742,PE-08C,29.050455037560408
2021-01-17,2021,1,6,0,1,3,CHOQUE,EN PROCESO DE INVESTIGACIÓN,ASFALTADA,CARRETERA,NACIONAL,LA LIBERTAD,CHEPEN,PACANGA,-7.16757,-79.440498,PE-1N,713.1347815415631
2021-01-17,2021,1,6,0,1,1,CHOQUE,EN PROCESO DE INVESTIGACIÓN,CONCRETO,CARRETERA,NACIONAL,HUANUCO,LEONCIO PRADO,LUYANDO,-9.267493,-75.989647,PE-18A,127.15038791078427
2021-01-18,2021,1,0,0,3,0,DESPISTE,IMPRUDENCIA DEL CONDUCTOR,AFIRMADO,CARRETERA,NACIONAL,HUANUCO,LEONCIO PRADO,JOSE CRESPO Y CASTILLO,-8.746876,-76.16051,PE-5N,548.9208641516772
2021-01-18,2021,1,0,0,1,7,CHOQUE,NEGLIGENCIA DEL CONDUCTOR,ASFALTADA,CARRETERA,NACIONAL,CUSCO,QUISPICANCHI,CCATCA,-13.623972,-71.58057,PE-30C,18.81022324255064
2021-01-18,2021,1,0,0,2,2,CHOQUE,NEGLIGENCIA DEL CONDUCTOR,ASFALTADA,CARRETERA,NACIONAL,PUNO,SAN ROMAN,SAN MIGUEL,-15.4318244,-70.1419972,PE-3S,1309.6221175116184
2021-01-19,2021,1,1,0,1,0,ATROPELLO,IMPRUDENCIA DEL PEATÓN,ASFALTADA,CARRETERA,NACIONAL,JUNIN,JAUJA,PARCO,-11.7990963,-75.5462135,PE-3S,67.00998297360061
2021-01-19,2021,1,1,0,1,0,ATROPELLO,EN PROCESO DE INVESTIGACIÓN,ASFALTADA,CARRETERA,NACIONAL,LAMBAYEQUE,LAMBAYEQUE,OLMOS,-5.798397,-79.835812,PE-1NJ,114.7336006108512
2021-01-19,2021,1,1,0,1,0,DESPISTE,IMPRUDENCIA DEL CONDUCTOR,ASFALTADA,CARRETERA,NACIONAL,CUSCO,QUISPICANCHI,CAMANTI,-13.185256374970326,-70.42503835104611,PE-30C,237.49969590833268
2021-01-19,2021,1,1,0,1,0,ATROPELLO,EN PROCESO DE INVESTIGACIÓN,ASFALTADA,CARRETERA,NACIONAL,AREQUIPA,CARAVELI,CHALA,-15.848355,-74.258278,PE-1S,612.4484256970338
2021-01-19,2021,1,1,0,1,1,DESPISTE,IMPRUDENCIA DEL CONDUCTOR,ASFALTADA,CARRETERA,NACIONAL,ICA,ICA,SALAS,-14.001949,-75.767842,PE-1S,289.04222429465653
2021-01-21,2021,1,3,0,1,3,DESPISTE,IMPRUDENCIA DEL CONDUCTOR,ASFALTADA,CARRETERA,NACIONAL,PIURA,MORROPON,BUENOS AIRES,-5.283625,-79.9524199,PE-02A,22.417540197002698
2021-01-21,2021,1,3,0,1,0,ATROPELLO,EN PROCESO DE INVESTIGACIÓN,ASFALTADA,CARRETERA,NACIONAL,JUNIN,JUNIN,CARHUAMAYO,-10.9409313,-76.0498808,PE-3N,80.7911209883035
2021-01-21,2021,1,3,0,1,3,DESPISTE,NEGLIGENCIA DEL CONDUCTOR,ASFALTADA,CARRETERA,NACIONAL,ICA,ICA,SANTIAGO,-14.33265468433435,-75.664020917132,PE-1S,329.22556577225606
2021-01-21,2021,1,3,0,1,0,ATROPELLO,IMPRUDENCIA DEL PEATÓN,ASFALTADA,CARRETERA,NACIONAL,PIURA,SULLANA,SULLANA,-4.911118771722453,-80.69726784119618,PE-1N,1029.7995566778743
2021-01-21,2021,1,3,0,1,0,ATROPELLO,EN PROCESO DE INVESTIGACIÓN,ASFALTADA,CARRETERA,NACIONAL,JUNIN,HUANCAYO,CHILCA,-12.0831302,-75.2030827,PE-3SC,0.6593604192578221
2021-01-22,2021,1,4,0,1,0,CHOQUE,IMPRUDENCIA DEL CONDUCTOR,ASFALTADA,CARRETERA,NACIONAL,AREQUIPA,AREQUIPA,CERRO COLORADO,-16.3180079,-71.6027605,PE-34A,47.15036496038967
2021-01-23,2021,1,5,0,1,1,CHOQUE FUGA,EN PROCESO DE INVESTIGACIÓN,ASFALTADA,CARRETERA,NACIONAL,JUNIN,CONCEPCION,CONCEPCION,-11.9108847,-75.3279751,PE-3S,101.73829029532796
2021-01-23,2021,1,5,0,1,2,CHOQUE,IMPRUDENCIA DEL CONDUCTOR,ASFALTADA,CARRETERA,NACIONAL,PUNO,SAN ANTONIO DE PUTINA,QUILCAPUNCU,-14.90459240150889,-69.7541340962868,PE-34H,101.52592167795568
2021-01-23,2021,1,5,0,1,1,CHOQUE,IMPRUDENCIA DEL CONDUCTOR,ASFALTADA,CARRETERA,NACIONAL,AYACUCHO,HUAMANGA,VINCHOS,-13.341398,-74.538772,PE-28A,262.85274341163034
2021-01-23,2021,1,5,0,1,0,ATROPELLO,EN PROCESO DE INVESTIGACIÓN,ASFALTADA,CARRETERA,NACIONAL,LIMA,LIMA,PUENTE PIEDRA,-11.897187,-77.067866,PE-1N,26.686217721631547
2021-01-23,2021,1,5,0,1,0,ATROPELLO,IMPRUDENCIA DEL CONDUCTOR,ASFALTADA,CARRETERA,NACIONAL,CUSCO,URUBAMBA,OLLANTAYTAMBO,-13.258314,-72.250823,PE-28B,605.1133499724187
2021-01-23,2021,1,5,0,2,0,DESPISTE,EN PROCESO DE INVESTIGACIÓN,ASFALTADA,CARRETERA,NACIONAL,AREQUIPA,AREQUIPA,CERRO COLORADO,-16.3944495,-71.5835,PE-34A,37.1644788348742
2021-01-24,2021,1,6,0,1,0,CHOQUE,IMPRUDENCIA DEL CONDUCTOR,ASFALTADA,CARRETERA,NACIONAL,ICA,ICA,SANTIAGO,-14.278243270178807,-75.68278177837077,PE-1S,322.7281962124775
2021-01-24,2021,1,6,0,1,5,CHOQUE,IMPRUDENCIA DEL CONDUCTOR,ASFALTADA,CARRETERA,NACIONAL,SAN MARTIN,PICOTA,PICOTA,-6.9250035300956325,-76.34251605692607,PE-5N,882.6132295378071
2021-01-24,2021,1,6,0,1,0,DESPISTE,EN PROCESO DE INVESTIGACIÓN,ASFALTADA,CARRETERA,NACIONAL,CALLAO,CALLAO,VENTANILLA,-11.881892360721375,-77.12626527470516,PE-20,6.591130901696012
2021-01-26,2021,1,1,0,1,0,ATROPELLO FUGA,EN PROCESO DE INVESTIGACIÓN,ASFALTADA,CARRETERA,NACIONAL,ICA,PISCO,TUPAC AMARU INCA,-13.706171,-76.151294,PE-1S,224.9969808034265
2021-01-26,2021,1,1,0,1,0,CHOQUE,IMPRUDENCIA DEL CONDUCTOR,ASFALTADA,CARRETERA,NACIONAL,SAN MARTIN,MARISCAL CACERES,HUICUNGO,-7.316294859438296,-76.77509505872386,PE-10B,281.8931118870163
2021-01-26,2021,1,1,0,1,0,ESPECIAL,IMPRUDENCIA DEL CONDUCTOR,ASFALTADA,CARRETERA,NACIONAL,PUNO,CHUCUITO,DESAGUADERO,-16.58229113,-69.06036235,PE-36A,304.1504491155404
2021-01-26,2021,1,1,0,1,0,ATROPELLO,IMPRUDENCIA DEL PEATÓN,ASFALTADA,CARRETERA,NACIONAL,PUNO,PUNO,PUNO,-15.844639,-70.028528,PE-3S,1363.2088233893262
2021-01-26,2021,1,1,0,1,0,ATROPELLO,IMPRUDENCIA DEL PEATÓN,ASFALTADA,CARRETERA,NACIONAL,MOQUEGUA,MARISCAL NIETO,MOQUEGUA,-17.20663,-70.921486,PE-36A,6.548956772935778
2021-01-27,2021,1,2,0,1,0,ATROPELLO,IMPRUDENCIA DEL PEATÓN,ASFALTADA,CARRETERA,NACIONAL,TACNA,TACNA,TACNA,-18.00906,-70.231249,PE-40,5.409517533842738
2021-01-27,2021,1,2,0,1,0,VOLCADURA,IMPRUDENCIA DEL CONDUCTOR,ASFALTADA,CARRETERA,NACIONAL,HUANUCO,PACHITEA,UMARI,-9.833197,-76.065763,PE-18B,5.551272118583772
2021-01-27,2021,1,2,0,1,0,DESPISTE,EN PROCESO DE INVESTIGACIÓN,ASFALTADA,CARRETERA,NACIONAL,LAMBAYEQUE,CHICLAYO,PIMENTEL,-6.737074,-79.881409,PE-1N,788.9058115146689
2021-01-27,2021,1,2,0,1,0,CHOQUE,EN PROCESO DE INVESTIGACIÓN,ASFALTADA,CARRETERA,NACIONAL,LAMBAYEQUE,CHICLAYO,LAGUNAS,-6.985744,-79.629806,PE-1N,742.5255362434823
2021-01-27,2021,1,2,0,1,0,DESPISTE,EN PROCESO DE INVESTIGACIÓN,ASFALTADA,CARRETERA,NACIONAL,JUNIN,YAULI,PACCHA,-11.4378895,-75.935218,PE-3N,14.030221567769347
2021-01-28,2021,1,3,0,1,1,CHOQUE FUGA,IMPRUDENCIA DEL CONDUCTOR,ASFALTADA,CARRETERA,NACIONAL,LIMA,LIMA,COMAS,-11.932369,-77.072179,PE-1N,22.61023556582876
2021-01-28,2021,1,3,0,1,4,CHOQUE,IMPRUDENCIA DEL CONDUCTOR,ASFALTADA,CARRETERA,NACIONAL,PIURA,SECHURA,CRISTO NOS VALGA,-5.573981,-80.580521,PE-1N,949.3825641132436
2021-01-29,2021,1,4,0,1,0,ATROPELLO,EN PROCESO DE INVESTIGACIÓN,AFIRMADO,CARRETERA,NACIONAL,LAMBAYEQUE,CHICLAYO,REQUE,-6.876218,-79.816787,PE-1N,766.9719603708111
2021-01-29,2021,1,4,0,2,0,DESPISTE,EN PROCESO DE INVESTIGACIÓN,AFIRMADO,CARRETERA,NACIONAL,AMAZONAS,RODRIGUEZ DE MENDOZA,MARISCAL BENAVIDES,-6.3407682286398686,-77.50705857466426,PE-08B,398.9924744188873
2021-01-29,2021,1,4,0,4,0,CHOQUE,IMPRUDENCIA DEL CONDUCTOR,ASFALTADA,CARRETERA,NACIONAL,PUNO,SAN ROMAN,CABANILLAS,-15.6609065,-70.4690692,PE-34A,255.53711091107704
2021-01-29,2021,1,4,0,1,5,DESPISTE,IMPRUDENCIA DEL CONDUCTOR,ASFALTADA,CARRETERA,NACIONAL,ANCASH,HUARAZ,INDEPENDENCIA,-9.5553723,-77.6120294,PE-14,115.44286739731186
2021-01-29,2021,1,4,0,1,0,ATROPELLO,NEGLIGENCIA DEL CONDUCTOR,ASFALTADA,CARRETERA,NACIONAL,PUNO,SAN ROMAN,CARACOTO,-15.5359261,-70.1144705,PE-3S,1324.4612692244266
2021-01-29,2021,1,4,0,1,2,DESPISTE,IMPRUDENCIA DEL CONDUCTOR,ASFALTADA,CARRETERA,NACIONAL,PUNO,LAMPA,CALAPUJA,-15.2802355,-70.2564289,PE-3S,1288.3641334518163
2021-01-30,2021,1,5,0,1,0,ATROPELLO FUGA,EN PROCESO DE INVESTIGACIÓN,ASFALTADA,CARRETERA,NACIONAL,LIMA,HUAURA,HUACHO,-11.169286827738713,-77.58567814112875,PE-1N,142.20988417265733
2021-01-30,2021,1,5,0,1,0,ATROPELLO,EN PROCESO DE INVESTIGACIÓN,ASFALTADA,CARRETERA,NACIONAL,LA LIBERTAD,SANCHEZ CARRION,HUAMACHUCO,-7.818645,-78.019036,PE-3N,1104.5493718897574
2021-01-30,2021,1,5,0,1,1,CHOQUE,IMPRUDENCIA DEL CONDUCTOR,ASFALTADA,CARRETERA,NACIONAL,SAN MARTIN,LAMAS,TABALOSOS,-6.393684,-76.628262,PE-5N,983.9141300089448
2021-01-30,2021,1,5,0,2,0,DESPISTE,NEGLIGENCIA DEL CONDUCTOR,ASFALTADA,CARRETERA,NACIONAL,PIURA,PAITA,PAITA,-5.103051878962269,-81.06725659719011,PE-02,44.06519858806071
2021-01-30,2021,1,5,0,1,0,CHOQUE,EN PROCESO DE INVESTIGACIÓN,ASFALTADA,CARRETERA,NACIONAL,CUSCO,URUBAMBA,OLLANTAYTAMBO,-13.203964,-72.297491,PE-28B,592.7750254581673
2021-01-30,2021,1,5,0,1,0,DESPISTE,IMPRUDENCIA DEL CONDUCTOR,ASFALTADA,CARRETERA,NACIONAL,AREQUIPA,AREQUIPA,UCHUMAYO,-16.447971,-71.696988,PE-34A,18.067103345846483
2021-01-30,2021,1,5,0,1,1,CHOQUE,EN PROCESO DE INVESTIGACIÓN,ASFALTADA,CARRETERA,NACIONAL,AMAZONAS,UTCUBAMBA,EL MILAGRO,-5.669654,-78.58634,PE-5NC,6.37576968443059
2021-01-30,2021,1,5,0,1,1,CHOQUE,IMPRUDENCIA DEL CONDUCTOR,CONCRETO,CARRETERA,NACIONAL,CALLAO,CALLAO,CALLAO,-12.033276606846124,-77.10028573127246,PE-20B,4.329790620548668
2021-01-30,2021,1,5,0,2,1,CHOQUE,EN PROCESO DE INVESTIGACIÓN,ASFALTADA,CARRETERA,NACIONAL,LAMBAYEQUE,CHICLAYO,CHICLAYO,-6.794637,-79.863534,PE-1N,780.076398363784
2021-01-31,2021,1,6,0,1,4,CHOQUE,EN PROCESO DE INVESTIGACIÓN,ASFALTADA,CARRETERA,NACIONAL,AREQUIPA,CARAVELI,CHAPARRA,-16.033304,-73.999519,PE-1S,653.0058651218451
2021-01-31,2021,1,6,0,1,1,CHOQUE,IMPRUDENCIA DEL CONDUCTOR,ASFALTADA,CARRETERA,NACIONAL,PIURA,MORROPON,CHULUCANAS,-5.13616,-80.115052,PE-1NR,47.19022125246659
2021-01-31,2021,1,6,0,1,3,CHOQUE,IMPRUDENCIA DEL CONDUCTOR,CONCRETO,CARRETERA,NACIONAL,HUANUCO,LEONCIO PRADO,SANTO DOMINGO DE ANDA,-9.052429849137347,-76.07697428021588,PE-5N,505.6800002139865
2021-02-01,2021,2,0,0,1,1,DESPISTE,IMPRUDENCIA DEL CONDUCTOR,ASFALTADA,CARRETERA,NACIONAL,PUNO,SANDIA,SANDIA,-14.365523022552429,-69.48053229031025,PE-34H,219.4311787176449
2021-02-01,2021,2,0,0,2,5,CHOQUE,IMPRUDENCIA DEL CONDUCTOR,ASFALTADA,CARRETERA,NACIONAL,PIURA,PIURA,CATACAOS,-5.260848,-80.613699,PE-1N,984.49447689692
2021-02-02,2021,2,1,0,1,0,CHOQUE,IMPRUDENCIA DEL CONDUCTOR,ASFALTADA,CARRETERA,NACIONAL,SAN MARTIN,MOYOBAMBA,CALZADA,-6.042342803993313,-77.05495127659906,PE-5N,1067.290335888735
2021-02-02,2021,2,1,0,1,1,CHOQUE,IMPRUDENCIA DEL CONDUCTOR,ASFALTADA,CARRETERA,NACIONAL,ICA,ICA,SANTIAGO,-14.240577,-75.692856,PE-1S,318.4213485763359
2021-02-02,2021,2,1,0,1,0,CHOQUE,IMPRUDENCIA DEL CONDUCTOR,ASFALTADA,CARRETERA,NACIONAL,HUANUCO,LEONCIO PRADO,RUPA-RUPA,-9.31989,-75.99349,PE-18A,120.29599550321994
2021-02-02,2021,2,1,0,1,0,ATROPELLO,IMPRUDENCIA DEL CONDUCTOR,ASFALTADA,CARRETERA,NACIONAL,ANCASH,CASMA,CASMA,-9.47433373914006,-78.2960977852209,PE-1N,374.1632286768101
2021-02-03,2021,2,2,0,1,1,DESPISTE,IMPRUDENCIA DEL CONDUCTOR,ASFALTADA,CARRETERA,NACIONAL,TACNA,TACNA,SAMA,-18.170141,-70.647195,PE-1SD,341.8896603734168
2021-02-03,2021,2,2,0,2,2,DESPISTE,IMPRUDENCIA DEL CONDUCTOR,TROCHA,CARRETERA,NACIONAL,ANCASH,HUARI,UCO,-9.160781225717082,-76.92738104820685,PE-14A,154.6536276903926
2021-02-03,2021,2,2,0,1,0,DESPISTE,INFRAESTRUCTURA Y ENTORNO VIAL,ASFALTADA,CARRETERA,NACIONAL,MOQUEGUA,MARISCAL NIETO,CARUMAS,-16.72916,-70.453007,PE-36B,20.059343594271105
2021-02-04,2021,2,3,0,1,0,CHOQUE FUGA,IMPRUDENCIA DEL CONDUCTOR,ASFALTADA,CARRETERA,NACIONAL,PUNO,EL COLLAO,PILCUYO,-16.11862696,-69.59255185,PE-3S,1423.4347538064387
2021-02-04,2021,2,3,0,1,0,DESPISTE,IMPRUDENCIA DEL CONDUCTOR,ASFALTADA,CARRETERA,NACIONAL,HUANUCO,HUANUCO,CHINCHAO,-9.712672764117524,-76.09245650562782,PE-18A,47.8150894759663
2021-02-05,2021,2,4,0,1,0,ATROPELLO,IMPRUDENCIA DEL CONDUCTOR,ASFALTADA,CARRETERA,NACIONAL,CUSCO,CANCHIS,SICUANI,-14.2758759830276,-71.2356738655972,PE-3S,1114.676350368198
2021-02-05,2021,2,4,0,1,1,CHOQUE,IMPRUDENCIA DEL CONDUCTOR,ASFALTADA,CARRETERA,NACIONAL,ICA,ICA,SALAS,-13.934894,-75.869417,PE-1S,274.1372439717341
2021-02-05,2021,2,4,0,1,3,DESPISTE,IMPRUDENCIA DEL CONDUCTOR,ASFALTADA,CARRETERA,NACIONAL,AREQUIPA,ISLAY,MOLLENDO,-16.6779758,-71.9100334,PE-34,7.197900473085605
2021-02-05,2021,2,4,0,1,0,ATROPELLO,IMPRUDENCIA DEL PEATÓN,ASFALTADA,CARRETERA,NACIONAL,LA LIBERTAD,ASCOPE,PAIJAN,-7.733987,-79.300616,PE-1N,624.7191921377228
2021-02-07,2021,2,6,0,2,0,CHOQUE,IMPRUDENCIA DEL CONDUCTOR,ASFALTADA,CARRETERA,NACIONAL,ICA,ICA,SALAS,-14.005534,-75.766709,PE-1S,289.4569473139697
2021-02-07,2021,2,6,0,1,0,DESPISTE,EN PROCESO DE INVESTIGACIÓN,ASFALTADA,CARRETERA,NACIONAL,AREQUIPA,CAMANA,SAMUEL PASTOR,-16.604922514552918,-72.63072251414734,PE-1S,850.7261843752409
2021-02-08,2021,2,0,0,1,0,CHOQUE,EN PROCESO DE INVESTIGACIÓN,ASFALTADA,CARRETERA,NACIONAL,ANCASH,HUAYLAS,CARAZ,-9.02562827779985,-77.8208550385728,PE-3N,652.2009995635599
2021-02-08,2021,2,0,0,1,0,CHOQUE,EN PROCESO DE INVESTIGACIÓN,,CARRETERA,NACIONAL,MADRE DE DIOS,TAMBOPATA,TAMBOPATA,-12.6768762957303,-69.3683650006837,PE-30C,402.8669929523564
2021-02-09,2021,2,1,0,1,1,DESPISTE,EN PROCESO DE INVESTIGACIÓN,ASFALTADA,CARRETERA,NACIONAL,APURIMAC,COTABAMBAS,HAQUIRA,-14.223052227128653,-72.15168099959223,PE-3SG,36.66059381725338
2021-02-09,2021,2,1,0,1,0,ATROPELLO,IMPRUDENCIA DEL PEATÓN,ASFALTADA,CARRETERA,NACIONAL,LIMA,LIMA,SAN JUAN DE MIRAFLORES,-12.156762275040451,-76.98325306177139,PE-1S,11.417847978077027
2021-02-10,2021,2,2,0,1,0,CHOQUE,IMPRUDENCIA DEL CONDUCTOR,ASFALTADA,CARRETERA,NACIONAL,LA LIBERTAD,ASCOPE,CHICAMA,-7.834859,-79.157289,PE-1N,604.8603579492501
2021-02-10,2021,2,2,0,1,0,DESPISTE,IMPRUDENCIA DEL CONDUCTOR,ASFALTADA,CARRETERA,NACIONAL,LIMA,LIMA,LURIN,-12.290935854275048,-76.86632484197618,PE-1S,33.049380027310406
2021-02-10,2021,2,2,0,1,0,CHOQUE FUGA,EN PROCESO DE INVESTIGACIÓN,AFIRMADO,CARRETERA,NACIONAL,SAN MARTIN,MARISCAL CACERES,JUANJUI,-7.191479494207583,-76.73389059871813,PE-5N,809.4908918815861
2021-02-11,2021,2,3,0,1,0,CHOQUE,EN PROCESO DE INVESTIGACIÓN,ASFALTADA,CARRETERA,NACIONAL,CAJAMARCA,JAEN,PUCARA,-6.0414394,-79.1254947,PE-3N,1578.2611092486677
2021-02-12,2021,2,4,0,1,0,ATROPELLO,EN PROCESO DE INVESTIGACIÓN,ASFALTADA,CARRETERA,NACIONAL,LIMA,LIMA,SAN MARTIN DE PORRES,-11.954708647868603,-77.08510190248491,PE-20F,3.3818521030888635
2021-02-13,2021,2,5,0,1,0,ATROPELLO,IMPRUDENCIA DEL CONDUCTOR,ASFALTADA,CARRETERA,NACIONAL,LIMA,LIMA,EL AGUSTINO,-12.030233594117089,-76.99354463022675,PE-1N,3.910972092463985
2021-02-13,2021,2,5,0,1,1,ATROPELLO,IMPRUDENCIA DEL PEATÓN,ASFALTADA,CARRETERA,NACIONAL,PUNO,CHUCUITO,JULI,-16.21621,-69.45559,PE-3S,1444.3114302764682
2021-02-13,2021,2,5,0,1,2,CHOQUE,IMPRUDENCIA DEL CONDUCTOR,ASFALTADA,CARRETERA,NACIONAL,SAN MARTIN,PICOTA,PICOTA,-6.91336178149583,-76.3323315713814,PE-5N,884.6589761487072
2021-02-13,2021,2,5,0,1,0,ATROPELLO,IMPRUDENCIA DEL CONDUCTOR,AFIRMADO,CARRETERA,NACIONAL,LA LIBERTAD,TRUJILLO,HUANCHACO,-8.012936,-79.071356,PE-1N,582.6684486076915
2021-02-14,2021,2,6,0,1,0,VOLCADURA,EN PROCESO DE INVESTIGACIÓN,ASFALTADA,CARRETERA,NACIONAL,PIURA,SULLANA,IGNACIO ESCUDERO,-4.844994929619984,-80.88665301972264,PE-1N,1055.5196535178618
2021-02-15,2021,2,0,0,2,4,ESPECIAL,IMPRUDENCIA DEL CONDUCTOR,ASFALTADA,CARRETERA,NACIONAL,CAJAMARCA,CONTUMAZA,TANTARICA,-7.19824358,-78.95239371,PE-08,76.52248502821354
2021-02-16,2021,2,1,0,6,3,CHOQUE,IMPRUDENCIA DEL CONDUCTOR,ASFALTADA,CARRETERA,NACIONAL,PUNO,HUANCANE,TARACO,-15.2968047,-69.9693645,PE-34H,30.39625481099132
2021-02-16,2021,2,1,0,1,0,ATROPELLO,EN PROCESO DE INVESTIGACIÓN,ASFALTADA,CARRETERA,NACIONAL,JUNIN,HUANCAYO,VIQUES,-12.1572836,-75.2356973,PE-3SZ,
2021-02-16,2021,2,1,0,1,1,CHOQUE,EN PROCESO DE INVESTIGACIÓN,ASFALTADA,CARRETERA,NACIONAL,JUNIN,JAUJA,ACOLLA,-11.708441,-75.55653763,PE-3SA,14.534123497528457
2021-02-16,2021,2,1,0,1,0,DESPISTE,EN PROCESO DE INVESTIGACIÓN,ASFALTADA,CARRETERA,NACIONAL,LAMBAYEQUE,LAMBAYEQUE,OLMOS,-5.960593,-79.672984,PE-04B,5.562189027942634
2021-02-17,2021,2,2,0,1,4,CHOQUE,IMPRUDENCIA DEL CONDUCTOR,ASFALTADA,CARRETERA,NACIONAL,ICA,NASCA,VISTA ALEGRE,-14.97386555992674,-74.98803833433065,PE-1S,463.2706946536094
2021-02-17,2021,2,2,0,1,2,ATROPELLO FUGA,EN PROCESO DE INVESTIGACIÓN,ASFALTADA,CARRETERA,NACIONAL,PIURA,PIURA,CASTILLA,-5.1798425,-80.5700802,PE-1NJ,199.242230566542
2021-02-17,2021,2,2,0,1,0,ATROPELLO FUGA,IMPRUDENCIA DEL CONDUCTOR,ASFALTADA,CARRETERA,NACIONAL,LAMBAYEQUE,CHICLAYO,PIMENTEL,-6.833033,-79.926935,PE-06,8.411480981669424
2021-02-18,2021,2,3,0,1,1,DESPISTE,IMPRUDENCIA DEL CONDUCTOR,ASFALTADA,CARRETERA,NACIONAL,ICA,ICA,SALAS,-13.923069,-75.993168,PE-1S,260.6452709539469
2021-02-18,2021,2,3,0,2,0,VOLCADURA,IMPRUDENCIA DEL CONDUCTOR,ASFALTADA,CARRETERA,NACIONAL,AREQUIPA,CAMANA,QUILCA,-16.666286,-72.556992,PE-1SD,10.739988770576018
2021-02-18,2021,2,3,0,1,0,ATROPELLO FUGA,EN PROCESO DE INVESTIGACIÓN,ASFALTADA,CARRETERA,NACIONAL,LIMA,LIMA,RIMAC,-12.043103204032894,-77.02317771163345,PE-1N,7.600986792613595
2021-02-19,2021,2,4,0,1,0,ATROPELLO FUGA,IMPRUDENCIA DEL PEATÓN,ASFALTADA,CARRETERA,NACIONAL,PUNO,CHUCUITO,POMATA,-16.34595052,-69.24282331,PE-3S,1475.9285299856924
2021-02-19,2021,2,4,0,1,0,CHOQUE,EN PROCESO DE INVESTIGACIÓN,CONCRETO,CARRETERA,NACIONAL,CALLAO,CALLAO,CALLAO,-11.959804478406474,-77.12836781252078,PE-20,15.306024671467732
2021-02-19,2021,2,4,0,2,2,DESPISTE,IMPERICIA DEL CONDUCTOR,AFIRMADO,CARRETERA,NACIONAL,ANCASH,PALLASCA,TAUCA,-8.449816342225832,-78.02931243646064,PE-3N,836.6404826621307
2021-02-19,2021,2,4,0,1,0,CHOQUE,IMPRUDENCIA DEL CONDUCTOR,ASFALTADA,CARRETERA,NACIONAL,CUSCO,CHUMBIVILCAS,QUIÑOTA,-14.320065,-72.13885,PE-3SG,59.43068101102016
2021-02-19,2021,2,4,0,1,0,ATROPELLO FUGA,EN PROCESO DE INVESTIGACIÓN,ASFALTADA,CARRETERA,NACIONAL,HUANUCO,HUANUCO,AMARILIS,-9.913444,-76.231121,PE-18A,5.186441716451248
2021-02-19,2021,2,4,0,1,1,DESPISTE,EN PROCESO DE INVESTIGACIÓN,TROCHA,CARRETERA,NACIONAL,PIURA,PIURA,LA ARENA,-5.35371130978209,-80.7164430447336,PE-1NK,16.379788129315425
2021-02-20,2021,2,5,0,1,0,DESPISTE,IMPRUDENCIA DEL CONDUCTOR,AFIRMADO,CARRETERA,NACIONAL,HUANUCO,HUANUCO,QUISQUI (KICHKI),-9.89296941835359,-76.4520505758337,PE-3N,265.1617011721889
2021-02-20,2021,2,5,0,1,1,ATROPELLO FUGA,EN PROCESO DE INVESTIGACIÓN,ASFALTADA,CARRETERA,NACIONAL,PUNO,PUNO,ACORA,-15.967404649767197,-69.80668923289836,PE-3S,1395.3590253881205
2021-02-21,2021,2,6,0,1,1,DESPISTE,EN PROCESO DE INVESTIGACIÓN,ASFALTADA,CARRETERA,NACIONAL,PIURA,MORROPON,SALITRAL,-5.371868812921817,-79.820396398911,PE-02A,43.91128674884227
2021-02-21,2021,2,6,0,1,2,CHOQUE,IMPRUDENCIA DEL CONDUCTOR,ASFALTADA,CARRETERA,NACIONAL,PIURA,PIURA,VEINTISEIS DE OCTUBRE,-5.160125,-80.693127,PE-1N,1001.56246539522
2021-02-21,2021,2,6,0,1,0,VOLCADURA,EN PROCESO DE INVESTIGACIÓN,ASFALTADA,CARRETERA,NACIONAL,PIURA,SULLANA,QUERECOTILLO,-4.807883,-80.623159,PE-1NN,13.126323216454024
2021-02-21,2021,2,6,0,1,0,DESPISTE,EN PROCESO DE INVESTIGACIÓN,ASFALTADA,CARRETERA,NACIONAL,PIURA,SULLANA,QUERECOTILLO,-4.7495287,-80.5879604,PE-1NN,21.06778501954108
2021-02-21,2021,2,6,0,3,2,CHOQUE,IMPRUDENCIA DEL CONDUCTOR,ASFALTADA,CARRETERA,NACIONAL,LA LIBERTAD,PACASMAYO,SAN PEDRO DE LLOC,-7.434894,-79.50161,PE-1N,667.9804731768443
2021-02-22,2021,2,0,0,1,0,ATROPELLO FUGA,EN PROCESO DE INVESTIGACIÓN,ASFALTADA,CARRETERA,NACIONAL,ANCASH,SANTA,NUEVO CHIMBOTE,-9.15415057421513,-78.50331610768579,PE-1N,430.53611523644827
2021-02-22,2021,2,0,0,1,0,VOLCADURA,IMPRUDENCIA DEL CONDUCTOR,ASFALTADA,CARRETERA,NACIONAL,LIMA,LIMA,INDEPENDENCIA,-11.988294226428462,-77.06414607991313,PE-1N,16.298527586509195
2021-02-22,2021,2,0,0,1,0,ATROPELLO,EN PROCESO DE INVESTIGACIÓN,ASFALTADA,CARRETERA,NACIONAL,LAMBAYEQUE,CHICLAYO,LA VICTORIA,-6.802063778798723,-79.84676677752996,PE-1N,777.9188126513568
2021-02-22,2021,2,0,0,1,0,DESPISTE,EN PROCESO DE INVESTIGACIÓN,ASFALTADA,CARRETERA,NACIONAL,LIMA,HUAURA,HUAURA,-11.062979683742768,-77.5774509197476,PE-1NE,1.1346173682373084
2021-02-23,2021,2,1,0,1,1,CHOQUE,IMPRUDENCIA DEL CONDUCTOR,ASFALTADA,CARRETERA,NACIONAL,LA LIBERTAD,GRAN CHIMU,CASCAS,-7.530991,-78.806241,PE-1NF,64.2068762554384
2021-02-23,2021,2,1,0,1,0,DESPISTE,EN PROCESO DE INVESTIGACIÓN,ASFALTADA,CARRETERA,NACIONAL,LAMBAYEQUE,CHICLAYO,LA VICTORIA,-6.8379207,-79.8293674,PE-1N,771.7395935906558
2021-02-23,2021,2,1,0,1,0,DESPISTE,EN PROCESO DE INVESTIGACIÓN,CONCRETO,CARRETERA,NACIONAL,CALLAO,CALLAO,CALLAO,-12.050285363986184,-77.11806391190329,PE-20I,1.070683609357298
2021-02-23,2021,2,1,0,1,0,ATROPELLO FUGA,EN PROCESO DE INVESTIGACIÓN,ASFALTADA,CARRETERA,NACIONAL,ANCASH,SANTA,SAMANCO,-9.251160715910917,-78.4393731434623,PE-1N,405.84671251496
2021-02-23,2021,2,1,0,1,0,ATROPELLO FUGA,EN PROCESO DE INVESTIGACIÓN,ASFALTADA,CARRETERA,NACIONAL,LIMA,LIMA,SANTA ANITA,-12.057,-76.974,PE-1N,0.1751434122167866
2021-02-24,2021,2,2,0,1,1,CHOQUE,IMPRUDENCIA DEL CONDUCTOR,ASFALTADA,CARRETERA,NACIONAL,LA LIBERTAD,ASCOPE,CHICAMA,-7.838814,-79.152311,PE-1NF,0.0696293749957277
2021-02-24,2021,2,2,0,1,0,CHOQUE,IMPRUDENCIA DEL CONDUCTOR,ASFALTADA,CARRETERA,NACIONAL,AREQUIPA,ISLAY,DEAN VALDIVIA,-17.122811,-71.887054,PE-1SD,126.2642606749439
2021-02-24,2021,2,2,0,1,0,CHOQUE,IMPRUDENCIA DEL CONDUCTOR,ASFALTADA,CARRETERA,NACIONAL,TACNA,TACNA,TACNA,-17.979841,-70.282731,PE-1S,1284.5750200658354
2021-02-25,2021,2,3,0,1,1,CHOQUE,EN PROCESO DE INVESTIGACIÓN,ASFALTADA,CARRETERA,NACIONAL,LIMA,HUARAL,CHANCAY,-11.598373816167577,-77.25110706721921,PE-1N,77.68302296090259
2021-02-25,2021,2,3,0,1,0,CHOQUE FUGA,IMPRUDENCIA DEL CONDUCTOR,ASFALTADA,CARRETERA,NACIONAL,LA LIBERTAD,ASCOPE,PAIJAN,-7.704619,-79.314822,PE-1N,628.420608932774
2021-02-26,2021,2,4,0,1,0,CHOQUE,IMPRUDENCIA DEL CONDUCTOR,ASFALTADA,CARRETERA,NACIONAL,MOQUEGUA,MARISCAL NIETO,MOQUEGUA,-17.20612,-71.386858,PE-1S,1084.9373361413088
2021-02-26,2021,2,4,0,1,1,ATROPELLO,EN PROCESO DE INVESTIGACIÓN,ASFALTADA,CARRETERA,NACIONAL,JUNIN,JAUJA,LEONOR ORDOÑEZ,-11.8616999,-75.41395513,PE-3SB,10.433371613109454
2021-02-27,2021,2,5,0,1,0,VOLCADURA,IMPRUDENCIA DEL CONDUCTOR,ASFALTADA,CARRETERA,NACIONAL,ICA,ICA,ICA,-14.063037153649963,-75.74121214851782,PE-1S,296.4252985698604
2021-02-27,2021,2,5,0,1,0,DESPISTE,IMPRUDENCIA DEL CONDUCTOR,ASFALTADA,CARRETERA,NACIONAL,ICA,PISCO,HUMAY,-13.733104,-75.923859,PE-28A,27.00565357951054
2021-02-27,2021,2,5,0,1,0,DESPISTE,IMPRUDENCIA DEL CONDUCTOR,ASFALTADA,CARRETERA,NACIONAL,ICA,ICA,SANTIAGO,-14.1786410782402,-75.71557504710242,PE-1S,310.80877562961393
2021-02-27,2021,2,5,0,1,0,CHOQUE,EN PROCESO DE INVESTIGACIÓN,ASFALTADA,CARRETERA,NACIONAL,LAMBAYEQUE,LAMBAYEQUE,OLMOS,-5.9863394,-79.7392495,PE-1NJ,90.9621992714134
2021-02-27,2021,2,5,0,1,0,ATROPELLO,EN PROCESO DE INVESTIGACIÓN,ASFALTADA,CARRETERA,NACIONAL,LIMA,LIMA,EL AGUSTINO,-12.032477409451634,-76.99107365892452,PE-1N,3.550942359765998
2021-02-27,2021,2,5,0,1,0,CHOQUE,EN PROCESO DE INVESTIGACIÓN,ASFALTADA,CARRETERA,NACIONAL,JUNIN,JAUJA,CURICACA,-11.8143497,-75.61393633,PE-3S,56.395425832540575
2021-02-27,2021,2,5,0,1,3,CHOQUE,IMPRUDENCIA DEL CONDUCTOR,ASFALTADA,CARRETERA,NACIONAL,PUNO,LAMPA,CALAPUJA,-15.2779016,-70.2241947,PE-34B,3.6295549002331184
2021-02-27,2021,2,5,0,4,1,CHOQUE,IMPRUDENCIA DEL CONDUCTOR,ASFALTADA,CARRETERA,NACIONAL,TUMBES,CONTRALMIRANTE VILLAR,CANOAS DE PUNTA SAL,-4.053658966728172,-80.95568770884869,PE-1N,1188.5692334008552
2021-02-28,2021,2,6,0,1,0,DESPISTE,EN PROCESO DE INVESTIGACIÓN,ASFALTADA,CARRETERA,NACIONAL,PIURA,SULLANA,SULLANA,-4.916857978078274,-80.69707447355155,PE-1N,1029.1759028854426
2021-02-28,2021,2,6,0,1,0,ATROPELLO FUGA,IMPRUDENCIA DEL CONDUCTOR,ASFALTADA,CARRETERA,NACIONAL,LA LIBERTAD,TRUJILLO,SALAVERRY,-8.283801,-78.91814,PE-1N,538.7561223466162
2021-02-28,2021,2,6,0,2,0,ATROPELLO,IMPRUDENCIA DEL CONDUCTOR,ASFALTADA,CARRETERA,NACIONAL,PUNO,SAN ROMAN,SAN MIGUEL,-15.466583,-70.138198,PE-3S,1313.1869877510724
2021-02-28,2021,2,6,0,1,1,CHOQUE,IMPRUDENCIA DEL CONDUCTOR,ASFALTADA,CARRETERA,NACIONAL,LA LIBERTAD,TRUJILLO,LAREDO,-8.048596,-78.849761,PE-10A,23.137775266087584
2021-03-01,2021,3,0,0,1,0,ATROPELLO,IMPRUDENCIA DEL PEATÓN,ASFALTADA,CARRETERA,NACIONAL,LIMA,HUARAL,CHANCAY,-11.53777846548452,-77.2829764573073,PE-1N,85.54360567911853
2021-03-02,2021,3,1,0,1,1,DESPISTE,IMPRUDENCIA DEL CONDUCTOR,ASFALTADA,CARRETERA,NACIONAL,HUANCAVELICA,HUAYTARA,PILPICHACA,-13.450225,-74.983666,PE-28A,176.69366082998056
2021-03-02,2021,3,1,0,1,2,DESPISTE,IMPRUDENCIA DEL CONDUCTOR,ASFALTADA,CARRETERA,NACIONAL,ICA,PISCO,SAN CLEMENTE,-13.630134,-76.152208,PE-1S,216.01630229958653
2021-03-02,2021,3,1,0,4,0,CHOQUE,IMPRUDENCIA DEL CONDUCTOR,ASFALTADA,CARRETERA,NACIONAL,CUSCO,QUISPICANCHI,OCONGATE,-13.652514,-71.305902,PE-30C,67.68325643627672
2021-03-02,2021,3,1,0,1,0,DESPISTE,EN PROCESO DE INVESTIGACIÓN,ASFALTADA,CARRETERA,NACIONAL,LA LIBERTAD,SANCHEZ CARRION,HUAMACHUCO,-7.915461,-78.14592,PE-3N,1079.713248249904
2021-03-03,2021,3,2,0,1,1,CHOQUE,IMPRUDENCIA DEL CONDUCTOR,ASFALTADA,CARRETERA,NACIONAL,ANCASH,RECUAY,CATAC,-9.859137723842816,-77.40590948703202,PE-3N,542.0817094627637
2021-03-03,2021,3,2,0,1,2,CHOQUE,IMPRUDENCIA DEL CONDUCTOR,ASFALTADA,CARRETERA,NACIONAL,SAN MARTIN,PICOTA,PICOTA,-6.89955,-76.33663,PE-5N,886.250730219156
2021-03-03,2021,3,2,0,1,0,CHOQUE,IMPRUDENCIA DEL CONDUCTOR,ASFALTADA,CARRETERA,NACIONAL,CUSCO,CANCHIS,MARANGANI,-14.321561,-71.200158,PE-3S,1121.1447921715192
2021-03-03,2021,3,2,0,1,0,CAÍDA DE PASAJERO,NEGLIGENCIA DEL CONDUCTOR,AFIRMADO,CARRETERA,NACIONAL,CUSCO,CHUMBIVILCAS,QUIÑOTA,-14.311253,-72.142777,PE-3SG,57.65452094687243
2021-03-04,2021,3,3,0,1,0,CHOQUE,IMPRUDENCIA DEL CONDUCTOR,ASFALTADA,CARRETERA,NACIONAL,LIMA,HUAURA,SANTA MARIA,-11.112764002167914,-77.59242894031976,PE-1N,148.8328755179833
2021-03-04,2021,3,3,0,1,0,CHOQUE,EN PROCESO DE INVESTIGACIÓN,ASFALTADA,CARRETERA,NACIONAL,LAMBAYEQUE,LAMBAYEQUE,MORROPE,-6.6306533,-79.9547741,PE-1N,804.1494272557436
2021-03-05,2021,3,4,0,1,0,DESPISTE,NEGLIGENCIA DEL CONDUCTOR,ASFALTADA,CARRETERA,NACIONAL,AREQUIPA,AREQUIPA,YURA,-16.1780492,-71.6472994,PE-34A,72.76458395119825
2021-03-05,2021,3,4,0,1,1,ATROPELLO,EN PROCESO DE INVESTIGACIÓN,ASFALTADA,CARRETERA,NACIONAL,JUNIN,HUANCAYO,SAPALLANGA,-12.1380528,-75.16620673,PE-3SC,6.906042583787144
2021-03-05,2021,3,4,0,1,0,ATROPELLO,IMPRUDENCIA DEL CONDUCTOR,ASFALTADA,CARRETERA,NACIONAL,LIMA,LIMA,SAN JUAN DE MIRAFLORES,-12.185667,-76.974538,PE-1S,14.754570242133678
2021-03-06,2021,3,5,0,1,0,ATROPELLO FUGA,IMPRUDENCIA DEL PEATÓN,ASFALTADA,CARRETERA,NACIONAL,LAMBAYEQUE,CHICLAYO,LAGUNAS,-6.938924,-79.723199,PE-1N,754.4069502361848
2021-03-06,2021,3,5,0,3,0,ATROPELLO,IMPRUDENCIA DEL CONDUCTOR,ASFALTADA,CARRETERA,NACIONAL,LIMA,LIMA,COMAS,-11.939114,-77.071492,PE-1N,21.85364256054589
2021-03-06,2021,3,5,0,1,0,DESPISTE,EN PROCESO DE INVESTIGACIÓN,CASCAJO/RIPIO,CARRETERA,NACIONAL,LIMA,HUARAL,SANTA CRUZ DE ANDAMARCA,-11.129518303906018,-76.62382890757128,PE-20C,106.99500777316032
2021-03-06,2021,3,5,0,1,0,ATROPELLO,EN PROCESO DE INVESTIGACIÓN,ASFALTADA,CARRETERA,NACIONAL,JUNIN,SATIPO,RIO NEGRO,-11.214738164264311,-74.6551090295526,PE-5S,105.24546700525092
2021-03-06,2021,3,5,0,1,0,ATROPELLO,IMPRUDENCIA DEL PEATÓN,ASFALTADA,CARRETERA,NACIONAL,MOQUEGUA,MARISCAL NIETO,MOQUEGUA,-17.639785,-70.930033,PE-1S,1199.424045608941
2021-03-07,2021,3,6,0,1,0,CHOQUE CON OBJETO FIJO,IMPRUDENCIA DEL CONDUCTOR,ASFALTADA,CARRETERA,NACIONAL,LIMA,LIMA,SANTA ROSA,-11.790793427187957,-77.14873099633672,PE-1N,42.03401431535151
2021-03-07,2021,3,6,0,1,0,ATROPELLO,EN PROCESO DE INVESTIGACIÓN,ASFALTADA,CARRETERA,NACIONAL,HUANUCO,AMBO,CONCHAMARCA,-10.066035262288748,-76.21928850486164,PE-3N,216.92087991027543
2021-03-07,2021,3,6,0,1,1,CHOQUE,IMPRUDENCIA DEL CONDUCTOR,ASFALTADA,CARRETERA,NACIONAL,PIURA,PIURA,CATACAOS,-5.283955992646325,-80.61486486635837,PE-1N,981.9036721883268
2021-03-08,2021,3,0,0,1,0,CHOQUE,EN PROCESO DE INVESTIGACIÓN,ASFALTADA,CARRETERA,NACIONAL,LAMBAYEQUE,LAMBAYEQUE,JAYANCA,-6.3450316,-79.770666,PE-1NJ,41.90502068913542
2021-03-08,2021,3,0,0,1,0,CHOQUE CON OBJETO FIJO,EN PROCESO DE INVESTIGACIÓN,,CARRETERA,NACIONAL,PIURA,SULLANA,MARCAVELICA,-4.859390536930436,-80.77017540941709,PE-1N,1041.892279059358
2021-03-08,2021,3,0,0,3,2,VOLCADURA,EN PROCESO DE INVESTIGACIÓN,ASFALTADA,CARRETERA,NACIONAL,LIMA,HUARAL,SAN MIGUEL DE ACOS,-11.276480953144809,-76.82007008530744,PE-20C,68.64824680782161
2021-03-08,2021,3,0,0,1,0,CHOQUE,IMPRUDENCIA DEL CONDUCTOR,ASFALTADA,CARRETERA,NACIONAL,LA LIBERTAD,PACASMAYO,GUADALUPE,-7.238599,-79.459271,PE-1N,703.2461690644226
2021-03-08,2021,3,0,0,1,7,CHOQUE,IMPRUDENCIA DEL CONDUCTOR,ASFALTADA,CARRETERA,NACIONAL,PUNO,AZANGARO,SAN ANTON,-14.4807473,-70.2578329,PE-34B,116.5336954340314
2021-03-08,2021,3,0,0,1,0,CHOQUE,IMPRUDENCIA DEL CONDUCTOR,ASFALTADA,CARRETERA,NACIONAL,PUNO,CHUCUITO,JULI,-16.18222040768753,-69.53192410164623,PE-3S,1433.3341031518528
2021-03-08,2021,3,0,0,1,0,CHOQUE,EN PROCESO DE INVESTIGACIÓN,ASFALTADA,CARRETERA,NACIONAL,CAJAMARCA,JAEN,JAEN,-5.685918175899451,-78.79005609596572,PE-5N,1391.9921585539037
2021-03-08,2021,3,0,0,1,3,DESPISTE,EN PROCESO DE INVESTIGACIÓN,ASFALTADA,CARRETERA,NACIONAL,LIMA,HUAURA,SAYAN,-11.209470868955776,-77.30811335932076,PE-18,28.481913005147245
2021-03-08,2021,3,0,0,1,0,ATROPELLO FUGA,EN PROCESO DE INVESTIGACIÓN,ASFALTADA,CARRETERA,NACIONAL,LIMA,BARRANCA,SUPE,-10.847684232280365,-77.69390695701968,PE-1N,184.5763964106189
2021-03-08,2021,3,0,0,1,0,CHOQUE CON OBJETO FIJO,EN PROCESO DE INVESTIGACIÓN,ASFALTADA,CARRETERA,NACIONAL,LAMBAYEQUE,LAMBAYEQUE,OLMOS,-6.154283393625945,-80.4744833231973,PE-1N,883.593161580326
2021-03-09,2021,3,1,0,1,0,DESPISTE,EN PROCESO DE INVESTIGACIÓN,ASFALTADA,CARRETERA,NACIONAL,PIURA,AYABACA,AYABACA,-4.704679385931243,-79.79501006503793,PE-1NT,66.69154812699043
2021-03-09,2021,3,1,0,1,0,CHOQUE FUGA,EN PROCESO DE INVESTIGACIÓN,ASFALTADA,CARRETERA,NACIONAL,LA LIBERTAD,TRUJILLO,HUANCHACO,-7.99302,-79.074555,PE-1N,584.9552512478679
2021-03-10,2021,3,2,0,1,0,CHOQUE CON OBJETO FIJO,INFRAESTRUCTURA Y ENTORNO VIAL,ASFALTADA,CARRETERA,NACIONAL,PIURA,TALARA,PARIÑAS,-4.5940524,-81.1739242,PE-1N,1098.515916462615
2021-03-10,2021,3,2,0,1,3,DESPISTE,EN PROCESO DE INVESTIGACIÓN,ASFALTADA,CARRETERA,NACIONAL,AREQUIPA,CAMANA,OCOÑA,-16.48163,-73.000389,PE-1S,792.6562493818334
2021-03-10,2021,3,2,0,2,0,DESPISTE,EN PROCESO DE INVESTIGACIÓN,ASFALTADA,CARRETERA,NACIONAL,PIURA,PAITA,LA HUACA,-5.11413,-80.88071,PE-02,23.058587020645923
2021-03-11,2021,3,3,0,1,1,DESPISTE,IMPRUDENCIA DEL CONDUCTOR,ASFALTADA,CARRETERA,NACIONAL,PIURA,PIURA,VEINTISEIS DE OCTUBRE,-5.140422,-80.699239,PE-1N,1003.8380900538576
2021-03-11,2021,3,3,0,1,0,CHOQUE CON OBJETO FIJO,IMPRUDENCIA DEL CONDUCTOR,ASFALTADA,CARRETERA,NACIONAL,LIMA,LIMA,PUENTE PIEDRA,-11.91275,-77.07335,PE-1N,24.802295514942767
2021-03-12,2021,3,4,0,2,1,CHOQUE,IMPRUDENCIA DEL CONDUCTOR,ASFALTADA,CARRETERA,NACIONAL,HUANUCO,LEONCIO PRADO,JOSE CRESPO Y CASTILLO,-8.894713,-76.096844,PE-5N,526.1612957428424
2021-03-12,2021,3,4,0,1,23,CHOQUE,EN PROCESO DE INVESTIGACIÓN,ASFALTADA,CARRETERA,NACIONAL,LAMBAYEQUE,LAMBAYEQUE,OLMOS,-6.3690787,-80.2055165,PE-1N,844.7590400660206
2021-03-12,2021,3,4,0,1,0,ATROPELLO,EN PROCESO DE INVESTIGACIÓN,ASFALTADA,CARRETERA,NACIONAL,PIURA,PIURA,CASTILLA,-5.185041,-80.586141,PE-1NJ,201.1125632654329
2021-03-12,2021,3,4,0,1,0,CHOQUE,IMPRUDENCIA DEL CONDUCTOR,ASFALTADA,CARRETERA,NACIONAL,LA LIBERTAD,TRUJILLO,LAREDO,-8.016867521254301,-78.83514398371496,PE-10A,27.087072117368923
2021-03-12,2021,3,4,0,1,1,CHOQUE FUGA,IMPRUDENCIA DEL CONDUCTOR,ASFALTADA,CARRETERA,NACIONAL,JUNIN,CHANCHAMAYO,SAN RAMON,-11.126949689311978,-75.36334645316921,PE-22B,95.61892671707332
2021-03-12,2021,3,4,0,1,0,DESPISTE,IMPRUDENCIA DEL CONDUCTOR,ASFALTADA,CARRETERA,NACIONAL,PIURA,SECHURA,VICE,-5.402755,-80.752317,PE-1NK,24.014572462842665
2021-03-12,2021,3,4,0,1,0,CHOQUE,IMPRUDENCIA DEL CONDUCTOR,ASFALTADA,CARRETERA,NACIONAL,AREQUIPA,AREQUIPA,YURA,-16.278201,-71.658954,PE-34A,56.27987996617313
2021-03-12,2021,3,4,0,1,1,CHOQUE,EN PROCESO DE INVESTIGACIÓN,ASFALTADA,CARRETERA,NACIONAL,PASCO,PASCO,VICCO,-10.818273679466634,-76.20787658954369,PE-3N,103.89822773318224
2021-03-13,2021,3,5,0,1,0,ATROPELLO,IMPRUDENCIA DEL CONDUCTOR,ASFALTADA,CARRETERA,NACIONAL,AREQUIPA,AREQUIPA,CERRO COLORADO,-16.3758069,-71.5751028,PE-34A,39.57271286565322
2021-03-13,2021,3,5,0,2,8,CHOQUE,IMPRUDENCIA DEL CONDUCTOR,ASFALTADA,CARRETERA,NACIONAL,HUANCAVELICA,HUAYTARA,PILPICHACA,-13.353474,-74.954488,PE-28E,2.7844748244472783
2021-03-13,2021,3,5,0,2,0,DESPISTE,EN PROCESO DE INVESTIGACIÓN,ASFALTADA,CARRETERA,NACIONAL,LIMA,HUAURA,HUACHO,-11.248954826898862,-77.52969139879113,PE-1N,131.47391125218428
2021-03-13,2021,3,5,0,1,0,ESPECIAL,IMPRUDENCIA DEL CONDUCTOR,ASFALTADA,CARRETERA,NACIONAL,SAN MARTIN,RIOJA,PARDO MIGUEL,-5.746693705628321,-77.47625704613425,PE-5N,1130.7604650733776
2021-03-13,2021,3,5,0,1,0,ATROPELLO,IMPRUDENCIA DEL CONDUCTOR,ASFALTADA,CARRETERA,NACIONAL,SAN MARTIN,RIOJA,NUEVA CAJAMARCA,-5.92532612047425,-77.31517099342778,PE-5N,1103.4352917583
2021-03-14,2021,3,6,0,1,0,ATROPELLO FUGA,EN PROCESO DE INVESTIGACIÓN,ASFALTADA,CARRETERA,NACIONAL,LIMA,LIMA,COMAS,-11.946883,-77.070858,PE-1N,20.98758612250231
2021-03-14,2021,3,6,0,1,0,DESPISTE,IMPRUDENCIA DEL CONDUCTOR,ASFALTADA,CARRETERA,NACIONAL,AREQUIPA,CAYLLOMA,SAN ANTONIO DE CHUCA,-15.663868,-71.05266,PE-34J,14.023557116591062
2021-03-14,2021,3,6,0,1,0,CHOQUE,EN PROCESO DE INVESTIGACIÓN,ASFALTADA,CARRETERA,NACIONAL,JUNIN,CONCEPCION,MATAHUASI,-11.894049,-75.341376,PE-3S,99.37304491211266
2021-03-15,2021,3,0,0,1,4,CHOQUE,NEGLIGENCIA DEL CONDUCTOR,TROCHA,CARRETERA,NACIONAL,AYACUCHO,LA MAR,AYNA,-12.624625,-73.789154,PE-28B,172.70822075880284
2021-03-15,2021,3,0,0,1,0,ATROPELLO,IMPRUDENCIA DEL CONDUCTOR,ASFALTADA,CARRETERA,NACIONAL,PUNO,HUANCANE,TARACO,-15.290999,-69.95277,PE-34H,32.29121898182443
2021-03-16,2021,3,1,0,1,0,ATROPELLO,EN PROCESO DE INVESTIGACIÓN,ASFALTADA,CARRETERA,NACIONAL,LA LIBERTAD,CHEPEN,PACANGA,-7.151852,-79.449101,PE-1N,715.2536438895772
2021-03-17,2021,3,2,0,1,1,CHOQUE,INFRAESTRUCTURA Y ENTORNO VIAL,ASFALTADA,CARRETERA,NACIONAL,CUSCO,ANTA,LIMATAMBO,-13.454315,-72.411212,PE-3S,901.3915264124204
2021-03-17,2021,3,2,0,1,3,CHOQUE,IMPRUDENCIA DEL CONDUCTOR,ASFALTADA,CARRETERA,NACIONAL,TACNA,TACNA,TACNA,-17.975617,-70.2867008,PE-1S,1283.9515014665965
2021-03-18,2021,3,3,0,1,2,CHOQUE,EN PROCESO DE INVESTIGACIÓN,,CARRETERA,NACIONAL,MADRE DE DIOS,TAMBOPATA,INAMBARI,-12.883538,-70.026828,PE-30C,320.8043516238149
2021-03-18,2021,3,3,0,1,1,DESPISTE,EN PROCESO DE INVESTIGACIÓN,ASFALTADA,CARRETERA,NACIONAL,ICA,PALPA,SANTA CRUZ,-14.495542593746388,-75.28891236341828,PE-1S,374.7024523797047
2021-03-18,2021,3,3,0,1,0,ATROPELLO FUGA,EN PROCESO DE INVESTIGACIÓN,ASFALTADA,CARRETERA,NACIONAL,LIMA,CAÑETE,CHILCA,-12.47704286581339,-76.74824147897822,PE-1S,59.02191904268587
2021-03-19,2021,3,4,0,1,0,CHOQUE,IMPRUDENCIA DEL CONDUCTOR,ASFALTADA,CARRETERA,NACIONAL,CUSCO,CUSCO,SAYLLA,-13.566591,-71.833875,PE-3S,989.0060491076443
2021-03-19,2021,3,4,0,1,0,CHOQUE,EN PROCESO DE INVESTIGACIÓN,ASFALTADA,CARRETERA,NACIONAL,PIURA,PIURA,TAMBO GRANDE,-4.930936712113596,-80.5380034003376,PE-1NL,18.322136282034364
2021-03-19,2021,3,4,0,1,1,DESPISTE,IMPRUDENCIA DEL CONDUCTOR,ASFALTADA,CARRETERA,NACIONAL,PUNO,LAMPA,SANTA LUCIA,-15.68907120928058,-70.81193843738657,PE-34A,209.2902597203535
2021-03-19,2021,3,4,0,1,0,CHOQUE,IMPRUDENCIA DEL CONDUCTOR,ASFALTADA,CARRETERA,NACIONAL,LA LIBERTAD,PACASMAYO,SAN PEDRO DE LLOC,-7.434928,-79.501621,PE-1N,667.9765856454426
2021-03-19,2021,3,4,0,4,2,DESPISTE,INFRAESTRUCTURA Y ENTORNO VIAL,TROCHA,CARRETERA,NACIONAL,CUSCO,LA CONVENCION,ECHARATE,-12.6442572040192,-72.9332272616422,PE-28B,354.60916070848083
2021-03-19,2021,3,4,0,2,0,DESPISTE,EN PROCESO DE INVESTIGACIÓN,ASFALTADA,CARRETERA,NACIONAL,LIMA,OYON,OYON,-10.67120414605662,-76.76976285249098,PE-18,137.88118344758058
2021-03-20,2021,3,5,0,1,3,DESPISTE,EN PROCESO DE INVESTIGACIÓN,ASFALTADA,CARRETERA,NACIONAL,LA LIBERTAD,VIRU,GUADALUPITO,-8.964107,-78.624423,PE-1N,446.40358159431696
2021-03-20,2021,3,5,0,1,0,ATROPELLO FUGA,EN PROCESO DE INVESTIGACIÓN,ASFALTADA,CARRETERA,NACIONAL,LIMA,HUAURA,HUACHO,-11.120528053750226,-77.59414475468402,PE-1N,147.95122590633787
2021-03-20,2021,3,5,0,2,2,CHOQUE,IMPRUDENCIA DEL CONDUCTOR,ASFALTADA,CARRETERA,NACIONAL,LIMA,BARRANCA,PARAMONGA,-10.65249977216015,-77.84463793068983,PE-1N,211.5360267328572
2021-03-20,2021,3,5,0,1,0,ATROPELLO,EN PROCESO DE INVESTIGACIÓN,ASFALTADA,CARRETERA,NACIONAL,HUANUCO,AMBO,CONCHAMARCA,-10.058429,-76.222235,PE-3N,217.82211036800825
2021-03-20,2021,3,5,0,1,0,CHOQUE,IMPRUDENCIA DEL CONDUCTOR,ASFALTADA,CARRETERA,NACIONAL,LIMA,LIMA,EL AGUSTINO,-12.0427,-76.98674,PE-1N,2.324448239577532
2021-03-20,2021,3,5,0,1,1,CHOQUE,IMPRUDENCIA DEL CONDUCTOR,ASFALTADA,CARRETERA,NACIONAL,AREQUIPA,AREQUIPA,YURA,-16.0735194,-71.4758204,PE-34A,104.7981788716388
2021-03-20,2021,3,5,0,1,0,CHOQUE,IMPRUDENCIA DEL CONDUCTOR,ASFALTADA,CARRETERA,NACIONAL,LAMBAYEQUE,LAMBAYEQUE,LAMBAYEQUE,-6.661266789375377,-79.9278410687739,PE-1N,799.5879746781943
2021-03-20,2021,3,5,0,1,0,CAÍDA DE PASAJERO,EN PROCESO DE INVESTIGACIÓN,ASFALTADA,CARRETERA,NACIONAL,JUNIN,SATIPO,RIO NEGRO,-11.205682145657612,-74.66242047948204,PE-5S,103.9478354312772
2021-03-20,2021,3,5,0,1,0,CHOQUE,EN PROCESO DE INVESTIGACIÓN,ASFALTADA,CARRETERA,NACIONAL,LA LIBERTAD,PACASMAYO,SAN JOSE,-7.336833,-79.495344,PE-1N,688.0902350377656
2021-03-20,2021,3,5,0,1,0,DESPISTE,IMPRUDENCIA DEL CONDUCTOR,ASFALTADA,CARRETERA,NACIONAL,CAJAMARCA,SAN MARCOS,PEDRO GALVEZ,-7.32351431,-78.17276079,PE-3N,1215.602517198003
2021-03-21,2021,3,6,0,1,4,CHOQUE,IMPRUDENCIA DEL CONDUCTOR,AFIRMADO,CARRETERA,NACIONAL,CAJAMARCA,CONTUMAZA,YONAN,-7.222726156837997,-79.20615785520997,PE-08,37.46936273474685
2021-03-21,2021,3,6,0,1,0,CHOQUE,EN PROCESO DE INVESTIGACIÓN,ASFALTADA,CARRETERA,NACIONAL,JUNIN,SATIPO,RIO NEGRO,-11.103631107497216,-74.69443274237562,PE-5S,90.4569253786469
2021-03-21,2021,3,6,0,1,0,CHOQUE FUGA,EN PROCESO DE INVESTIGACIÓN,ASFALTADA,CARRETERA,NACIONAL,CAJAMARCA,JAEN,JAEN,-5.696099,-78.806165,PE-5N,1389.8300000781246
2021-03-21,2021,3,6,0,1,0,CHOQUE,EN PROCESO DE INVESTIGACIÓN,ASFALTADA,CARRETERA,NACIONAL,ANCASH,CASMA,YAUTAN,-9.51666637187945,-77.98920716539112,PE-14,38.84324802106711
2021-03-21,2021,3,6,0,1,1,CHOQUE,IMPRUDENCIA DEL CONDUCTOR,ASFALTADA,CARRETERA,NACIONAL,PUNO,HUANCANE,TARACO,-15.2710254,-69.895208,PE-34H,38.858518987081865
2021-03-21,2021,3,6,0,1,0,ATROPELLO FUGA,IMPRUDENCIA DEL PEATÓN,ASFALTADA,CARRETERA,NACIONAL,AREQUIPA,CAMANA,OCOÑA,-16.438828,-73.103706,PE-1S,778.774400958604
2021-03-21,2021,3,6,0,1,0,CHOQUE,IMPRUDENCIA DEL CONDUCTOR,ASFALTADA,CARRETERA,NACIONAL,LA LIBERTAD,PACASMAYO,GUADALUPE,-7.255380444143223,-79.4904159816797,PE-1N,699.077998836874
2021-03-22,2021,3,0,0,1,0,CHOQUE,EN PROCESO DE INVESTIGACIÓN,ASFALTADA,CARRETERA,NACIONAL,CAJAMARCA,JAEN,PUCARA,-6.0517875,-79.1069385,PE-3N,1575.686327607507
2021-03-22,2021,3,0,0,1,1,DESPISTE,IMPRUDENCIA DEL CONDUCTOR,ASFALTADA,CARRETERA,NACIONAL,SAN MARTIN,MOYOBAMBA,JEPELACIO,-6.134287719090137,-76.8424262397659,PE-5N,1037.1011611868958
2021-03-22,2021,3,0,0,1,0,ATROPELLO,IMPRUDENCIA DEL PEATÓN,ASFALTADA,CARRETERA,NACIONAL,PUNO,CARABAYA,MACUSANI,-13.9932258,-70.4806316,PE-34B,194.94893702925788
2021-03-22,2021,3,0,0,2,1,CHOQUE,EN PROCESO DE INVESTIGACIÓN,ASFALTADA,CARRETERA,NACIONAL,AMAZONAS,UTCUBAMBA,BAGUA GRANDE,-5.724799032198174,-78.47560712182704,PE-5N,1328.648472337857
2021-03-22,2021,3,0,0,1,1,ATROPELLO,IMPRUDENCIA DEL CONDUCTOR,ASFALTADA,CARRETERA,NACIONAL,PUNO,SAN ROMAN,CARACOTO,-15.5497222,-70.1086111,PE-3S,1326.1124693748045
2021-03-22,2021,3,0,0,3,0,CHOQUE,IMPRUDENCIA DEL CONDUCTOR,ASFALTADA,CARRETERA,NACIONAL,JUNIN,SATIPO,PANGOA,-11.373984884323086,-74.49930280995058,PE-28C,258.7752276997733
2021-03-23,2021,3,1,0,1,0,ATROPELLO,EN PROCESO DE INVESTIGACIÓN,ASFALTADA,CARRETERA,NACIONAL,CAJAMARCA,JAEN,BELLAVISTA,-5.55862433981325,-78.80684133885843,PE-5N,1412.194272331013
2021-03-23,2021,3,1,0,3,18,CHOQUE,EN PROCESO DE INVESTIGACIÓN,ASFALTADA,CARRETERA,NACIONAL,LAMBAYEQUE,CHICLAYO,LAGUNAS,-6.95708341461093,-79.69393886021302,PE-1N,750.58518142603
2021-03-23,2021,3,1,0,1,1,ATROPELLO,NEGLIGENCIA DEL CONDUCTOR,ASFALTADA,CARRETERA,NACIONAL,LA LIBERTAD,PACASMAYO,SAN JOSE,-7.346123,-79.511216,PE-1N,685.9763424049687
2021-03-23,2021,3,1,0,1,0,DESPISTE,NEGLIGENCIA DEL CONDUCTOR,ASFALTADA,CARRETERA,NACIONAL,PUNO,LAMPA,NICASIO,-15.250495244586451,-70.31697922152009,PE-3S,1280.360451813528
2021-03-24,2021,3,2,0,1,0,CHOQUE,EN PROCESO DE INVESTIGACIÓN,ASFALTADA,CARRETERA,NACIONAL,JUNIN,CHANCHAMAYO,PICHANAQUI,-10.967878005677097,-74.7917760942454,PE-5S,69.90680313603008
2021-03-25,2021,3,3,0,1,3,DESPISTE,EN PROCESO DE INVESTIGACIÓN,,CARRETERA,NACIONAL,APURIMAC,GRAU,CHUQUIBAMBILLA,-14.104414840976938,-72.74611625204166,PE-3SF,92.65721205251948
2021-03-25,2021,3,3,0,1,0,CHOQUE,EN PROCESO DE INVESTIGACIÓN,ASFALTADA,CARRETERA,NACIONAL,LAMBAYEQUE,LAMBAYEQUE,MOTUPE,-6.1578438,-79.7023381,PE-1NJ,64.90334908874867
2021-03-25,2021,3,3,0,1,0,CHOQUE FUGA,EN PROCESO DE INVESTIGACIÓN,ASFALTADA,CARRETERA,NACIONAL,LA LIBERTAD,OTUZCO,SALPO,-7.999311010082164,-78.68804637143906,PE-10A,49.236015178734014
2021-03-26,2021,3,4,0,1,0,CHOQUE,IMPRUDENCIA DEL CONDUCTOR,ASFALTADA,CARRETERA,NACIONAL,TACNA,TACNA,POCOLLAY,-17.986708,-70.210552,PE-40,9.068639285643023
2021-03-26,2021,3,4,0,1,1,DESPISTE,EN PROCESO DE INVESTIGACIÓN,ASFALTADA,CARRETERA,NACIONAL,PIURA,MORROPON,LA MATANZA,-5.329315,-80.0771,PE-1NJ,181.22872122571
2021-03-26,2021,3,4,0,1,0,VOLCADURA,NEGLIGENCIA DEL CONDUCTOR,TROCHA,CARRETERA,NACIONAL,CAJAMARCA,SAN MIGUEL,NIEPOS,-6.90688137,-79.13921384,PE-1NI,97.3541010591492
2021-03-26,2021,3,4,0,1,3,CHOQUE,IMPRUDENCIA DEL CONDUCTOR,ASFALTADA,CARRETERA,NACIONAL,AREQUIPA,AREQUIPA,YURA,-16.178638,-71.647253,PE-34A,72.70087427482872
2021-03-26,2021,3,4,0,1,1,CHOQUE,EN PROCESO DE INVESTIGACIÓN,,CARRETERA,NACIONAL,MADRE DE DIOS,TAMBOPATA,LAS PIEDRAS,-12.0725992,-69.1198846,PE-30C,492.06786361411554
2021-03-26,2021,3,4,0,1,1,DESPISTE,IMPRUDENCIA DEL CONDUCTOR,ASFALTADA,CARRETERA,NACIONAL,APURIMAC,ANDAHUAYLAS,TUMAY HUARACA,-13.947494514996482,-73.4382497707236,PE-30B,114.01089315269655
2021-03-27,2021,3,5,0,1,1,CHOQUE,IMPRUDENCIA DEL CONDUCTOR,ASFALTADA,CARRETERA,NACIONAL,ICA,PISCO,INDEPENDENCIA,-13.693049,-76.021685,PE-28A,15.322703564745536
2021-03-27,2021,3,5,0,1,0,INCENDIO,EN PROCESO DE INVESTIGACIÓN,ASFALTADA,CARRETERA,NACIONAL,LIMA,HUAROCHIRI,SAN MATEO,-11.791667,-76.337556,PE-22,85.67971570695286
2021-03-27,2021,3,5,0,1,2,CHOQUE,EN PROCESO DE INVESTIGACIÓN,ASFALTADA,CARRETERA,NACIONAL,LIMA,LIMA,VILLA EL SALVADOR,-12.244081782334527,-76.94098072336237,PE-1S,23.409233223220184
2021-03-27,2021,3,5,0,1,0,CHOQUE,EN PROCESO DE INVESTIGACIÓN,ASFALTADA,CARRETERA,NACIONAL,PIURA,PIURA,TAMBO GRANDE,-4.8322721,-80.2882567,PE-1NL,54.714067441234846
2021-03-27,2021,3,5,0,1,0,ATROPELLO FUGA,EN PROCESO DE INVESTIGACIÓN,ASFALTADA,CARRETERA,NACIONAL,LA LIBERTAD,ASCOPE,CHICAMA,-7.887445,-79.126379,PE-1N,598.0695765822932
2021-03-28,2021,3,6,0,1,1,CHOQUE,EN PROCESO DE INVESTIGACIÓN,ASFALTADA,CARRETERA,NACIONAL,LAMBAYEQUE,CHICLAYO,TUMAN,-6.745034,-79.689578,PE-06A,23.58451647471147
2021-03-28,2021,3,6,0,1,0,ATROPELLO FUGA,IMPRUDENCIA DEL CONDUCTOR,ASFALTADA,CARRETERA,NACIONAL,PUNO,SAN ROMAN,JULIACA,-15.520849288682257,-70.17885623135186,PE-34A,294.12171512386
2021-03-28,2021,3,6,0,1,1,CHOQUE FUGA,EN PROCESO DE INVESTIGACIÓN,ASFALTADA,CARRETERA,NACIONAL,PIURA,PIURA,CASTILLA,-5.181108,-80.57434,PE-1NJ,199.7346072431405
2021-03-29,2021,3,0,0,1,2,CHOQUE,IMPRUDENCIA DEL CONDUCTOR,ASFALTADA,CARRETERA,NACIONAL,HUANUCO,HUANUCO,PILLCO MARCA,-9.987041,-76.244492,PE-3N,226.3565277733998
2021-03-29,2021,3,0,0,1,0,DESPISTE,EN PROCESO DE INVESTIGACIÓN,ASFALTADA,CARRETERA,NACIONAL,LIMA,BARRANCA,PARAMONGA,-10.64844032844232,-77.85044760795031,PE-1N,212.26679766203105
2021-03-30,2021,3,1,0,1,0,DESPISTE,EN PROCESO DE INVESTIGACIÓN,ASFALTADA,CARRETERA,NACIONAL,LIMA,HUAURA,VEGUETA,-10.963269842130025,-77.64632993513834,PE-1N,168.45489307330382
2021-03-30,2021,3,1,0,1,0,CHOQUE,IMPRUDENCIA DEL CONDUCTOR,ASFALTADA,CARRETERA,NACIONAL,PUNO,LAMPA,CALAPUJA,-15.25751,-70.22343,PE-34B,5.88081665969123
2021-03-30,2021,3,1,0,2,0,CHOQUE,EN PROCESO DE INVESTIGACIÓN,ASFALTADA,CARRETERA,NACIONAL,ICA,NASCA,EL INGENIO,-14.687108,-75.123428,PE-1S,418.19693576763245
2021-03-30,2021,3,1,0,1,0,ATROPELLO,IMPRUDENCIA DEL PEATÓN,ASFALTADA,CARRETERA,NACIONAL,LIMA,HUARAL,CHANCAY,-11.494018696999127,-77.30373700042851,PE-1N,90.9151061194423
2021-03-30,2021,3,1,0,1,1,ATROPELLO,IMPRUDENCIA DEL PEATÓN,ASFALTADA,CARRETERA,NACIONAL,PUNO,MELGAR,AYAVIRI,-14.9186437,-70.5641597,PE-3S,1228.232712522352
2021-03-30,2021,3,1,0,1,0,CHOQUE,IMPRUDENCIA DEL CONDUCTOR,ASFALTADA,CARRETERA,NACIONAL,CUSCO,CUSCO,SAYLLA,-13.565124,-71.837256,PE-3S,988.6049895678972
2021-03-31,2021,3,2,0,1,3,CHOQUE,IMPRUDENCIA DEL CONDUCTOR,ASFALTADA,CARRETERA,NACIONAL,AYACUCHO,HUAMANGA,AYACUCHO,-13.046056,-74.224796,PE-3S,363.2794824494804
2021-03-31,2021,3,2,0,1,0,ATROPELLO,EN PROCESO DE INVESTIGACIÓN,ASFALTADA,CARRETERA,NACIONAL,LAMBAYEQUE,CHICLAYO,CHONGOYAPE,-6.6321239,-79.3980907,PE-06A,65.05616630195246
2021-03-31,2021,3,2,0,1,3,DESPISTE,EN PROCESO DE INVESTIGACIÓN,ASFALTADA,CARRETERA,NACIONAL,JUNIN,CONCEPCION,MITO,-11.948392,-75.325018,PE-3SB,24.19767775308257
2021-03-31,2021,3,2,0,1,1,ATROPELLO,IMPRUDENCIA DEL CONDUCTOR,ASFALTADA,CARRETERA,NACIONAL,ANCASH,CARHUAZ,TINCO,-9.269004270679783,-77.67599794945315,PE-3N,617.4610994363727
2021-03-31,2021,3,2,0,1,0,CHOQUE,IMPRUDENCIA DEL CONDUCTOR,ASFALTADA,CARRETERA,NACIONAL,LA LIBERTAD,ASCOPE,PAIJAN,-7.715331,-79.310961,PE-1N,627.1537779060322
2021-04-01,2021,4,3,0,1,0,ATROPELLO FUGA,EN PROCESO DE INVESTIGACIÓN,ASFALTADA,CARRETERA,NACIONAL,LA LIBERTAD,ASCOPE,CHICAMA,-7.839252,-79.152646,PE-1N,604.152957953873
2021-04-01,2021,4,3,0,2,0,CHOQUE,EN PROCESO DE INVESTIGACIÓN,ASFALTADA,CARRETERA,NACIONAL,ANCASH,SANTA,NUEVO CHIMBOTE,-9.15999212082273,-78.49698374553051,PE-1N,429.592674024376
2021-04-01,2021,4,3,0,1,0,ESPECIAL,NEGLIGENCIA DEL CONDUCTOR,ASFALTADA,CARRETERA,NACIONAL,AYACUCHO,HUAMANGA,AYACUCHO,-13.16257,-74.2396644,PE-28A,328.5654866509189
2021-04-02,2021,4,4,0,1,0,ATROPELLO,IMPRUDENCIA DEL PEATÓN,ASFALTADA,CARRETERA,NACIONAL,TACNA,TACNA,TACNA,-18.029503,-70.264294,PE-1S,1293.8310124550444
2021-04-03,2021,4,5,0,1,0,ATROPELLO,IMPRUDENCIA DEL CONDUCTOR,ASFALTADA,CARRETERA,NACIONAL,ANCASH,YUNGAY,YUNGAY,-9.12154631379743,-77.76274894606632,PE-3N,638.6252132562493
2021-04-04,2021,4,6,0,1,7,DESPISTE,IMPRUDENCIA DEL CONDUCTOR,ASFALTADA,CARRETERA,NACIONAL,ICA,ICA,SALAS,-13.93082,-75.925659,PE-1S,268.03801736755355
2021-04-04,2021,4,6,0,1,1,CHOQUE,IMPRUDENCIA DEL CONDUCTOR,ASFALTADA,CARRETERA,NACIONAL,LA LIBERTAD,CHEPEN,PACANGA,-7.156068,-79.444243,PE-1N,714.5407338345971
2021-04-04,2021,4,6,0,1,0,DESPISTE,EN PROCESO DE INVESTIGACIÓN,TROCHA,CARRETERA,NACIONAL,PIURA,AYABACA,PACAIPAMPA,-5.008129,-79.713425,PE-1NR,146.40636744899382
2021-04-04,2021,4,6,0,1,0,CHOQUE,IMPRUDENCIA DEL CONDUCTOR,ASFALTADA,CARRETERA,NACIONAL,ANCASH,HUARAZ,TARICA,-9.44103432558107,-77.54961201855198,PE-3N,590.5379711314536
2021-04-04,2021,4,6,0,1,0,ATROPELLO,IMPRUDENCIA DEL PEATÓN,ASFALTADA,CARRETERA,NACIONAL,LIMA,HUAURA,VEGUETA,-10.928013700836738,-77.65143687572593,PE-1N,172.41440837937824
2021-04-04,2021,4,6,0,1,0,CHOQUE FUGA,EN PROCESO DE INVESTIGACIÓN,ASFALTADA,CARRETERA,NACIONAL,CUSCO,CANCHIS,SAN PEDRO,-14.184078,-71.351995,PE-3S,1096.1787619036393
2021-04-05,2021,4,0,0,1,6,CHOQUE,IMPRUDENCIA DEL CONDUCTOR,ASFALTADA,CARRETERA,NACIONAL,HUANCAVELICA,HUAYTARA,PILPICHACA,-13.44379,-74.964815,PE-28A,180.05953479821122
2021-04-05,2021,4,0,0,1,0,CHOQUE,IMPRUDENCIA DEL CONDUCTOR,ASFALTADA,CARRETERA,NACIONAL,AYACUCHO,HUAMANGA,CARMEN ALTO,-13.2162044,-74.2269812,PE-3S,400.7335859334988
2021-04-05,2021,4,0,0,1,0,CHOQUE FUGA,EN PROCESO DE INVESTIGACIÓN,ASFALTADA,CARRETERA,NACIONAL,JUNIN,SATIPO,MAZAMARI,-11.30223695862583,-74.54661386778807,PE-5S,126.18357944994617
2021-04-05,2021,4,0,0,1,0,DESPISTE,IMPRUDENCIA DEL CONDUCTOR,ASFALTADA,CARRETERA,NACIONAL,APURIMAC,COTABAMBAS,MARA,-14.065016610059931,-72.06663619986575,PE-3SY,
2021-04-06,2021,4,1,0,1,1,DESPISTE,IMPRUDENCIA DEL CONDUCTOR,ASFALTADA,CARRETERA,NACIONAL,CAJAMARCA,SAN PABLO,SAN BERNARDINO,-7.165161,-78.83830201,PE-08A,13.608028762464086
2021-04-06,2021,4,1,0,1,1,CHOQUE,IMPRUDENCIA DEL CONDUCTOR,ASFALTADA,CARRETERA,NACIONAL,HUANUCO,HUANUCO,CHINCHAO,-9.529889,-75.965192,PE-18A,90.67566245542127
2021-04-06,2021,4,1,0,1,1,DESPISTE,EN PROCESO DE INVESTIGACIÓN,ASFALTADA,CARRETERA,NACIONAL,CAJAMARCA,CUTERVO,CHOROS,-6.02857,-78.791621,PE-3ND,116.5249535978542
2021-04-06,2021,4,1,0,1,1,DESPISTE,IMPRUDENCIA DEL CONDUCTOR,ASFALTADA,CARRETERA,NACIONAL,CUSCO,ANTA,ANTA,-13.474206,-72.15724,PE-3S,944.5774659312988
2021-04-07,2021,4,2,0,1,0,CHOQUE,EN PROCESO DE INVESTIGACIÓN,ASFALTADA,CARRETERA,NACIONAL,ANCASH,CASMA,COMANDANTE NOEL,-9.426303877037506,-78.36322055623961,PE-1N,383.8316846661998
2021-04-07,2021,4,2,0,1,0,ESPECIAL,IMPRUDENCIA DEL CONDUCTOR,ASFALTADA,CARRETERA,NACIONAL,AREQUIPA,ISLAY,COCACHACRA,-17.03281264289713,-71.69802188826868,PE-1S,1039.4002577157348
2021-04-07,2021,4,2,0,1,0,ATROPELLO,IMPRUDENCIA DEL CONDUCTOR,ASFALTADA,CARRETERA,NACIONAL,LIMA,LIMA,PUENTE PIEDRA,-11.83371,-77.113468,PE-1N,36.0160251095549
2021-04-08,2021,4,3,0,11,19,DESPISTE,IMPRUDENCIA DEL CONDUCTOR,ASFALTADA,CARRETERA,NACIONAL,AYACUCHO,PARINACOCHAS,CORACORA,-14.6399303,-73.71511169,PE-30A,237.74292929818455
2021-04-08,2021,4,3,0,1,1,DESPISTE,IMPRUDENCIA DEL CONDUCTOR,TROCHA,CARRETERA,NACIONAL,LIMA,BARRANCA,PARAMONGA,-10.56150256814494,-77.75940758797587,PE-16,13.20594389264878
2021-04-08,2021,4,3,0,1,1,ATROPELLO,IMPRUDENCIA DEL PEATÓN,ASFALTADA,CARRETERA,NACIONAL,SAN MARTIN,RIOJA,NUEVA CAJAMARCA,-5.821697,-77.378454,PE-5N,1117.0710470309584
2021-04-08,2021,4,3,0,2,0,CHOQUE,IMPRUDENCIA DEL CONDUCTOR,ASFALTADA,CARRETERA,NACIONAL,PUNO,CHUCUITO,JULI,-16.16267320425616,-69.54302245792485,PE-3S,1430.8456668645151
2021-04-08,2021,4,3,0,1,2,CHOQUE,IMPRUDENCIA DEL CONDUCTOR,ASFALTADA,CARRETERA,NACIONAL,CUSCO,QUISPICANCHI,OCONGATE,-13.6114352,-71.2451296,PE-30C,76.28187090046622
2021-04-09,2021,4,4,0,1,0,DESPISTE,EN PROCESO DE INVESTIGACIÓN,ASFALTADA,CARRETERA,NACIONAL,LIMA,LIMA,SAN MARTIN DE PORRES,-12.0208394,-77.0591224,PE-1N,12.730088976606917
2021-04-09,2021,4,4,0,1,3,CHOQUE,IMPRUDENCIA DEL CONDUCTOR,ASFALTADA,CARRETERA,NACIONAL,AREQUIPA,AREQUIPA,SAN JUAN DE TARUCANI,-16.019093,-71.2838097,PE-34A,130.44677417921565
2021-04-09,2021,4,4,0,1,2,CHOQUE,IMPRUDENCIA DEL CONDUCTOR,ASFALTADA,CARRETERA,NACIONAL,CAJAMARCA,CONTUMAZA,CONTUMAZA,-7.23580207,-78.70758406,PE-08,108.533595120158
2021-04-09,2021,4,4,0,1,1,DESPISTE,IMPRUDENCIA DEL CONDUCTOR,ASFALTADA,CARRETERA,NACIONAL,HUANUCO,HUANUCO,CHINCHAO,-9.525074,-75.954437,PE-18A,92.11115458574788
2021-04-09,2021,4,4,0,1,0,ATROPELLO,EN PROCESO DE INVESTIGACIÓN,ASFALTADA,CARRETERA,NACIONAL,SAN MARTIN,SAN MARTIN,TARAPOTO,-6.533466,-76.373776,PE-5N,942.4392316762612
2021-04-09,2021,4,4,0,1,0,CHOQUE,IMPRUDENCIA DEL CONDUCTOR,ASFALTADA,CARRETERA,NACIONAL,APURIMAC,ANDAHUAYLAS,ANDAHUAYLAS,-13.664063,-73.406394,PE-3S,627.1982017651577
2021-04-10,2021,4,5,0,1,0,DESPISTE,IMPRUDENCIA DEL CONDUCTOR,ASFALTADA,CARRETERA,NACIONAL,CUSCO,CANAS,PAMPAMARCA,-14.124041695076892,-71.45938409956628,PE-34F,103.93727299602122
2021-04-10,2021,4,5,0,1,0,ATROPELLO,EN PROCESO DE INVESTIGACIÓN,ASFALTADA,CARRETERA,NACIONAL,LAMBAYEQUE,CHICLAYO,PIMENTEL,-6.779284,-79.8729521,PE-1N,782.074504523394
2021-04-10,2021,4,5,0,1,0,ATROPELLO FUGA,EN PROCESO DE INVESTIGACIÓN,TROCHA,CARRETERA,NACIONAL,APURIMAC,ANDAHUAYLAS,JOSE MARIA ARGUEDAS,-13.770326,-73.35418,PE-30B,154.45642819192184
2021-04-10,2021,4,5,0,1,0,ATROPELLO,IMPRUDENCIA DEL PEATÓN,ASFALTADA,CARRETERA,NACIONAL,HUANUCO,HUANUCO,AMARILIS,-9.888402,-76.207281,PE-18A,9.29203253190617
2021-04-10,2021,4,5,0,1,2,CHOQUE,EN PROCESO DE INVESTIGACIÓN,ASFALTADA,CARRETERA,NACIONAL,JUNIN,JAUJA,CURICACA,-11.814453,-75.614052,PE-3S,56.37803649321731
2021-04-11,2021,4,6,0,1,0,CHOQUE,EN PROCESO DE INVESTIGACIÓN,ASFALTADA,CARRETERA,NACIONAL,LIMA,LIMA,LURIN,-12.28545,-76.87457,PE-1S,31.967299463437318
2021-04-11,2021,4,6,0,1,0,CHOQUE,IMPRUDENCIA DEL CONDUCTOR,ASFALTADA,CARRETERA,NACIONAL,LA LIBERTAD,VIRU,GUADALUPITO,-8.957886,-78.629494,PE-1N,447.349697829838
2021-04-11,2021,4,6,0,1,1,ATROPELLO,EN PROCESO DE INVESTIGACIÓN,,CARRETERA,NACIONAL,LIMA,BARRANCA,BARRANCA,-10.73740879294424,-77.74961095594773,PE-1N,196.71520481954207
2021-04-11,2021,4,6,0,1,0,CHOQUE,IMPRUDENCIA DEL CONDUCTOR,ASFALTADA,CARRETERA,NACIONAL,SAN MARTIN,SAN MARTIN,LA BANDA DE SHILCAYO,-6.490609,-76.334311,PE-5NB,3.022751905917373
2021-04-11,2021,4,6,0,1,4,CHOQUE,IMPRUDENCIA DEL CONDUCTOR,ASFALTADA,CARRETERA,NACIONAL,PUNO,LAMPA,CALAPUJA,-15.306874856261128,-70.23276326719375,PE-3S,1292.4462798675877
2021-04-12,2021,4,0,0,1,0,CHOQUE,IMPRUDENCIA DEL CONDUCTOR,ASFALTADA,CARRETERA,NACIONAL,LIMA,BARRANCA,PARAMONGA,-10.65534662249617,-77.8399700098646,PE-1N,210.97644840586784
2021-04-12,2021,4,0,0,20,14,DESPISTE,IMPRUDENCIA DEL CONDUCTOR,AFIRMADO,CARRETERA,NACIONAL,ANCASH,SIHUAS,SAN JUAN,-8.69666005388224,-77.53486365347635,PE-14C,55.182398680451946
2021-04-12,2021,4,0,0,1,0,ESPECIAL,INFRAESTRUCTURA Y ENTORNO VIAL,ASFALTADA,CARRETERA,NACIONAL,SAN MARTIN,LAMAS,TABALOSOS,-6.38853,-76.62908,PE-5N,984.5178967975006
2021-04-12,2021,4,0,0,1,0,CHOQUE,EN PROCESO DE INVESTIGACIÓN,ASFALTADA,CARRETERA,NACIONAL,PIURA,PIURA,LA ARENA,-5.3270303,-80.7091891,PE-1NK,13.225538522746469
2021-04-12,2021,4,0,0,1,0,CHOQUE,EN PROCESO DE INVESTIGACIÓN,ASFALTADA,CARRETERA,NACIONAL,ANCASH,CASMA,COMANDANTE NOEL,-9.386123724420107,-78.38270036653594,PE-1N,388.7747780086126
2021-04-13,2021,4,1,0,1,2,VOLCADURA,IMPRUDENCIA DEL CONDUCTOR,ASFALTADA,CARRETERA,NACIONAL,AREQUIPA,AREQUIPA,VITOR,-16.44309281961517,-71.98043251709701,PE-1S,939.4186753256802
2021-04-13,2021,4,1,0,1,0,DESPISTE,EN PROCESO DE INVESTIGACIÓN,ASFALTADA,CARRETERA,NACIONAL,LA LIBERTAD,SANCHEZ CARRION,HUAMACHUCO,-7.818842,-78.051671,PE-3N,1100.2472095486582
2021-04-13,2021,4,1,0,1,0,ATROPELLO FUGA,EN PROCESO DE INVESTIGACIÓN,ASFALTADA,CARRETERA,NACIONAL,LIMA,LIMA,ATE,-12.016930624496403,-76.89219493519806,PE-22,11.712620695045011
2021-04-14,2021,4,2,0,1,3,DESPISTE,IMPRUDENCIA DEL CONDUCTOR,ASFALTADA,CARRETERA,NACIONAL,PUNO,PUNO,PUNO,-15.78966549,-70.03369678,PE-3S,1354.7015288863045
2021-04-14,2021,4,2,0,1,4,CHOQUE,IMPRUDENCIA DEL CONDUCTOR,ASFALTADA,CARRETERA,NACIONAL,ICA,ICA,LA TINGUIÑA,-14.016173,-75.705801,PE-1SC,10.16817095701932
2021-04-14,2021,4,2,0,1,0,DESPISTE,IMPRUDENCIA DEL CONDUCTOR,ASFALTADA,CARRETERA,NACIONAL,JUNIN,TARMA,TARMA,-11.443254109535014,-75.69294148260842,PE-3SA,57.0681377407256
2021-04-15,2021,4,3,0,1,1,CHOQUE,EN PROCESO DE INVESTIGACIÓN,ASFALTADA,CARRETERA,NACIONAL,CAJAMARCA,JAEN,PUCARA,-6.040112930190763,-79.0328333510505,PE-3N,1566.0764324342367
2021-04-16,2021,4,4,0,1,0,ATROPELLO,IMPRUDENCIA DEL PEATÓN,ASFALTADA,CARRETERA,NACIONAL,ICA,NASCA,EL INGENIO,-14.71645977,-75.09105373,PE-1S,423.0798145517988
2021-04-16,2021,4,4,0,1,0,CHOQUE,EN PROCESO DE INVESTIGACIÓN,ASFALTADA,CARRETERA,NACIONAL,PIURA,PAITA,PAITA,-5.1131573,-81.0028846,PE-02,36.84000192691601
2021-04-16,2021,4,4,0,1,0,ATROPELLO FUGA,IMPRUDENCIA DEL CONDUCTOR,ASFALTADA,CARRETERA,NACIONAL,CUSCO,LA CONVENCION,ECHARATE,-12.764117,-72.586902,PE-28B,438.1539865498447
2021-04-16,2021,4,4,0,1,0,CHOQUE,IMPRUDENCIA DEL CONDUCTOR,ASFALTADA,CARRETERA,NACIONAL,PUNO,CHUCUITO,JULI,-16.184,-69.531,PE-3S,1433.5511565504978
2021-04-17,2021,4,5,0,1,0,CHOQUE,EN PROCESO DE INVESTIGACIÓN,ASFALTADA,CARRETERA,NACIONAL,AREQUIPA,AREQUIPA,LA JOYA,-16.518226425911358,-71.79940535161711,PE-1S,963.8651291904856
2021-04-17,2021,4,5,0,2,2,CHOQUE,IMPRUDENCIA DEL CONDUCTOR,ASFALTADA,CARRETERA,NACIONAL,ICA,NASCA,VISTA ALEGRE,-14.858588,-74.972278,PE-1S,448.869019131282
2021-04-18,2021,4,6,0,1,0,DESPISTE,IMPRUDENCIA DEL CONDUCTOR,ASFALTADA,CARRETERA,NACIONAL,AREQUIPA,AREQUIPA,CHIGUATA,-16.408865127793135,-71.42158259761975,PE-34C,25.872118330176797
2021-04-18,2021,4,6,0,3,0,DESPISTE,EN PROCESO DE INVESTIGACIÓN,ASFALTADA,CARRETERA,NACIONAL,JUNIN,YAULI,YAULI,-11.6130433,-76.0269168,PE-22,154.95109076366705
2021-04-19,2021,4,0,0,1,0,ATROPELLO FUGA,EN PROCESO DE INVESTIGACIÓN,ASFALTADA,CARRETERA,NACIONAL,PIURA,PIURA,CATACAOS,-5.228093,-80.653777,PE-1N,990.2435269982158
2021-04-19,2021,4,0,0,1,0,ATROPELLO,IMPRUDENCIA DEL PEATÓN,ASFALTADA,CARRETERA,NACIONAL,LIMA,LIMA,SANTIAGO DE SURCO,-12.143660765494351,-76.98169504559282,PE-1S,9.92712610500525
2021-04-19,2021,4,0,0,1,9,DESPISTE,INFRAESTRUCTURA Y ENTORNO VIAL,ASFALTADA,CARRETERA,NACIONAL,ICA,ICA,SAN JOSE DE LOS MOLINOS,-13.837511143746196,-75.55509477784405,PE-1SC,44.82822701487335
2021-04-20,2021,4,1,0,2,3,CHOQUE,EN PROCESO DE INVESTIGACIÓN,ASFALTADA,CARRETERA,NACIONAL,LAMBAYEQUE,CHICLAYO,PATAPO,-6.740117852627036,-79.67576966896017,PE-06A,25.257228992288432
2021-04-21,2021,4,2,0,1,0,CHOQUE,IMPRUDENCIA DEL CONDUCTOR,ASFALTADA,CARRETERA,NACIONAL,ICA,ICA,SALAS,-13.9346253,-75.870705217,PE-1S,273.99612108301307
2021-04-21,2021,4,2,0,1,0,DESPISTE,INFRAESTRUCTURA Y ENTORNO VIAL,ASFALTADA,CARRETERA,NACIONAL,AREQUIPA,CAMANA,SAMUEL PASTOR,-16.605183,-72.630501,PE-1S,850.6887506858443
2021-04-21,2021,4,2,0,1,1,DESPISTE,EN PROCESO DE INVESTIGACIÓN,ASFALTADA,CARRETERA,NACIONAL,HUANCAVELICA,CASTROVIRREYNA,ARMA,-13.185949,-75.572333,PE-26,88.78487387590874
2021-04-21,2021,4,2,0,1,0,ATROPELLO,EN PROCESO DE INVESTIGACIÓN,ASFALTADA,CARRETERA,NACIONAL,LAMBAYEQUE,CHICLAYO,PIMENTEL,-6.7296316,-79.8883738,PE-1N,790.0362946515295
2021-04-21,2021,4,2,0,1,0,ATROPELLO,EN PROCESO DE INVESTIGACIÓN,ASFALTADA,CARRETERA,NACIONAL,JUNIN,JUNIN,CARHUAMAYO,-10.9311262,-76.0555103,PE-3N,82.04569619128395
2021-04-21,2021,4,2,0,1,0,ATROPELLO,IMPRUDENCIA DEL PEATÓN,ASFALTADA,CARRETERA,NACIONAL,TUMBES,TUMBES,TUMBES,-3.568419150202117,-80.45914645042534,PE-1N,1277.8502863213034
2021-04-22,2021,4,3,0,3,0,DESPISTE,NEGLIGENCIA DEL CONDUCTOR,ASFALTADA,CARRETERA,NACIONAL,LA LIBERTAD,VIRU,GUADALUPITO,-8.960994,-78.628281,PE-1N,446.9507958377399
2021-04-22,2021,4,3,0,1,0,ATROPELLO FUGA,EN PROCESO DE INVESTIGACIÓN,ASFALTADA,CARRETERA,NACIONAL,JUNIN,JAUJA,ACOLLA,-11.70311,-75.559091,PE-3SA,15.157724203202385
2021-04-22,2021,4,3,0,1,2,CHOQUE,IMPRUDENCIA DEL CONDUCTOR,ASFALTADA,CARRETERA,NACIONAL,HUANUCO,HUANUCO,PILLCO MARCA,-9.950517,-76.250307,PE-3N,231.6845384751512
2021-04-22,2021,4,3,0,1,0,ATROPELLO,IMPRUDENCIA DEL PEATÓN,ASFALTADA,CARRETERA,NACIONAL,LIMA,LIMA,SANTIAGO DE SURCO,-12.139552,-76.981017,PE-1S,9.466885066154138
2021-04-23,2021,4,4,0,1,1,DESPISTE,EN PROCESO DE INVESTIGACIÓN,ASFALTADA,CARRETERA,NACIONAL,AREQUIPA,CARAVELI,BELLA UNION,-15.615523,-74.649963,PE-1S,551.9776235171605
2021-04-23,2021,4,4,0,1,0,ATROPELLO,IMPRUDENCIA DEL PEATÓN,ASFALTADA,CARRETERA,NACIONAL,MOQUEGUA,MARISCAL NIETO,MOQUEGUA,-17.20278080851402,-70.91790671033618,PE-36A,7.1339449955640974
2021-04-23,2021,4,4,0,1,0,CHOQUE,IMPRUDENCIA DEL CONDUCTOR,ASFALTADA,CARRETERA,NACIONAL,ICA,NASCA,MARCONA,-15.1371348,-74.9825958,PE-1S,482.6613408789077
2021-04-23,2021,4,4,0,1,0,ATROPELLO FUGA,IMPRUDENCIA DEL CONDUCTOR,ASFALTADA,CARRETERA,NACIONAL,PUNO,EL COLLAO,ILAVE,-16.124706747287654,-69.58561060283843,PE-3S,1424.4364561483635
2021-04-23,2021,4,4,0,1,0,DESPISTE,IMPRUDENCIA DEL CONDUCTOR,ASFALTADA,CARRETERA,NACIONAL,SAN MARTIN,LAMAS,TABALOSOS,-6.38954,-76.628213,PE-5N,984.3706583150986
2021-04-23,2021,4,4,0,2,1,CHOQUE,IMPRUDENCIA DEL CONDUCTOR,ASFALTADA,CARRETERA,NACIONAL,PUNO,LAMPA,SANTA LUCIA,-15.689975004885174,-70.52936698439152,PE-34A,247.7357781455001
2021-04-23,2021,4,4,0,1,0,CHOQUE,IMPRUDENCIA DEL CONDUCTOR,ASFALTADA,CARRETERA,NACIONAL,CAJAMARCA,CHOTA,HUAMBOS,-6.46931532,-79.04992001,PE-06A,149.04061212018286
2021-04-23,2021,4,4,0,1,0,CHOQUE,IMPRUDENCIA DEL CONDUCTOR,ASFALTADA,CARRETERA,NACIONAL,CUSCO,ESPINAR,ESPINAR,-14.780251,-71.396026,PE-3SG,242.68344715871515
2021-04-24,2021,4,5,0,1,6,CHOQUE,EN PROCESO DE INVESTIGACIÓN,ASFALTADA,CARRETERA,NACIONAL,JUNIN,CONCEPCION,MITO,-11.94441779,-75.33027359,PE-3SE,685.137
2021-04-24,2021,4,5,0,1,0,CHOQUE,EN PROCESO DE INVESTIGACIÓN,ASFALTADA,CARRETERA,NACIONAL,JUNIN,CHANCHAMAYO,PERENE,-10.89080429083629,-74.94928842950357,PE-5S,49.24056196027702
2021-04-24,2021,4,5,0,1,0,DESPISTE,EN PROCESO DE INVESTIGACIÓN,ASFALTADA,CARRETERA,NACIONAL,LAMBAYEQUE,CHICLAYO,REQUE,-6.8548202,-79.8257166,PE-1N,769.8014520545643
2021-04-25,2021,4,6,0,1,0,ATROPELLO,EN PROCESO DE INVESTIGACIÓN,CONCRETO,CARRETERA,NACIONAL,CALLAO,CALLAO,CALLAO,-12.050127977587698,-77.13967692583283,PE-20,14.93636257242959
2021-04-25,2021,4,6,0,1,0,CHOQUE,IMPRUDENCIA DEL CONDUCTOR,ASFALTADA,CARRETERA,NACIONAL,PUNO,HUANCANE,VILQUE CHICO,-15.1201561,-69.5422729,PE-34L,88.60944725390024
2021-04-25,2021,4,6,0,1,1,ATROPELLO,EN PROCESO DE INVESTIGACIÓN,,CARRETERA,NACIONAL,PASCO,PASCO,VICCO,-10.86696127535042,-76.28819879898643,PE-20A,210.457511090961
2021-04-25,2021,4,6,0,1,2,CHOQUE,IMPRUDENCIA DEL CONDUCTOR,ASFALTADA,CARRETERA,NACIONAL,PUNO,PUNO,PAUCARCOLLA,-15.778642,-70.032045,PE-3S,1353.4300770172565
2021-04-25,2021,4,6,0,1,2,ATROPELLO FUGA,IMPRUDENCIA DEL CONDUCTOR,ASFALTADA,CARRETERA,NACIONAL,PUNO,CHUCUITO,DESAGUADERO,-16.577499,-69.053221,PE-36A,305.1362731711743
2021-04-25,2021,4,6,0,1,0,CHOQUE,IMPRUDENCIA DEL CONDUCTOR,ASFALTADA,CARRETERA,NACIONAL,JUNIN,SATIPO,PANGOA,-11.506640080742583,-74.45938332501434,PE-28C,239.35381097920316
2021-04-25,2021,4,6,0,1,0,CHOQUE,EN PROCESO DE INVESTIGACIÓN,CONCRETO,CARRETERA,NACIONAL,CALLAO,CALLAO,CALLAO,-11.969749205859332,-77.12548212654109,PE-20,16.451483407016266
2021-04-26,2021,4,0,0,1,0,ATROPELLO FUGA,EN PROCESO DE INVESTIGACIÓN,ASFALTADA,CARRETERA,NACIONAL,LIMA,LIMA,SAN MARTIN DE PORRES,-12.018517,-77.059519,PE-1N,12.988251319679256
2021-04-26,2021,4,0,0,1,0,DESPISTE,IMPRUDENCIA DEL CONDUCTOR,ASFALTADA,CARRETERA,NACIONAL,PUNO,EL COLLAO,ILAVE,-16.28037824,-69.68476687,PE-38A,59.77717939181506
2021-04-26,2021,4,0,0,1,0,ATROPELLO FUGA,EN PROCESO DE INVESTIGACIÓN,ASFALTADA,CARRETERA,NACIONAL,LAMBAYEQUE,LAMBAYEQUE,JAYANCA,-6.420400190210845,-79.83478720198148,PE-1NJ,30.581474493233443
2021-04-26,2021,4,0,0,1,0,ATROPELLO,IMPRUDENCIA DEL CONDUCTOR,ASFALTADA,CARRETERA,NACIONAL,HUANUCO,LEONCIO PRADO,PUCAYACU,-8.7514023548135,-76.1221856331335,PE-5N,543.1955152696896
2021-04-26,2021,4,0,0,1,0,ATROPELLO,IMPRUDENCIA DEL PEATÓN,ASFALTADA,CARRETERA,NACIONAL,LIMA,LIMA,LOS OLIVOS,-12.007427,-77.061738,PE-1N,14.18847924022701
2021-04-26,2021,4,0,0,1,1,CHOQUE,IMPRUDENCIA DEL CONDUCTOR,ASFALTADA,CARRETERA,NACIONAL,SAN MARTIN,HUALLAGA,SACANCHE,-7.072906374001675,-76.71596313007927,PE-5N,829.1114047449835
2021-04-26,2021,4,0,0,1,0,CHOQUE,IMPRUDENCIA DEL CONDUCTOR,ASFALTADA,CARRETERA,NACIONAL,PIURA,PAITA,PAITA,-5.102095,-81.069194,PE-02,44.30599157813043
2021-04-26,2021,4,0,0,2,2,DESPISTE,IMPRUDENCIA DEL CONDUCTOR,ASFALTADA,CARRETERA,NACIONAL,LIMA,LIMA,CHACLACAYO,-11.980851,-76.792388,PE-22,22.570267708313025
2021-04-27,2021,4,1,0,1,0,ATROPELLO FUGA,EN PROCESO DE INVESTIGACIÓN,ASFALTADA,CARRETERA,NACIONAL,ICA,NASCA,NASCA,-14.826,-74.955,PE-1S,442.38607214625074
2021-04-27,2021,4,1,0,1,0,CHOQUE,IMPRUDENCIA DEL CONDUCTOR,ASFALTADA,CARRETERA,NACIONAL,LA LIBERTAD,TRUJILLO,HUANCHACO,-8.024046,-79.076353,PE-1N,581.3184272116188
2021-04-27,2021,4,1,0,1,0,CHOQUE,EN PROCESO DE INVESTIGACIÓN,ASFALTADA,CARRETERA,NACIONAL,LAMBAYEQUE,CHICLAYO,REQUE,-6.8626205138730185,-79.81867247722157,PE-1N,768.5890480533733
2021-04-28,2021,4,2,0,1,0,ATROPELLO,IMPRUDENCIA DEL CONDUCTOR,ASFALTADA,CARRETERA,NACIONAL,CUSCO,QUISPICANCHI,QUIQUIJANA,-13.804365,-71.545984,PE-3S,1041.522225521299
2021-04-29,2021,4,3,0,1,2,DESPISTE,IMPRUDENCIA DEL CONDUCTOR,ASFALTADA,CARRETERA,NACIONAL,JUNIN,YAULI,PACCHA,-11.485281,-75.9531612,PE-3N,7.435671384781376
2021-04-29,2021,4,3,0,1,1,DESPISTE,NEGLIGENCIA DEL CONDUCTOR,ASFALTADA,CARRETERA,NACIONAL,LIMA,HUARAL,CHANCAY,-11.398112453019715,-77.33464609261696,PE-18,4.722989593573736
2021-04-29,2021,4,3,0,1,0,ATROPELLO,EN PROCESO DE INVESTIGACIÓN,CONCRETO,CARRETERA,NACIONAL,CALLAO,CALLAO,CALLAO,-11.994407401910234,-77.12599190223546,PE-20,19.180379805471983
2021-04-29,2021,4,3,0,1,0,ATROPELLO,IMPRUDENCIA DEL CONDUCTOR,ASFALTADA,CARRETERA,NACIONAL,LIMA,HUAURA,VEGUETA,-10.989429946855031,-77.63791485551336,PE-1N,165.19618035174648
2021-04-29,2021,4,3,0,1,0,CHOQUE CON OBJETO FIJO,IMPRUDENCIA DEL CONDUCTOR,ASFALTADA,CARRETERA,NACIONAL,TUMBES,TUMBES,CORRALES,-3.603042926354615,-80.49703530897278,PE-1N,1272.0661254071165
2021-04-30,2021,4,4,0,1,0,CHOQUE,NEGLIGENCIA DEL CONDUCTOR,ASFALTADA,CARRETERA,NACIONAL,PUNO,HUANCANE,PUSI,-15.3979771,-70.0630439,PE-34H,12.358220653307738
2021-04-30,2021,4,4,0,1,0,ATROPELLO FUGA,IMPRUDENCIA DEL CONDUCTOR,ASFALTADA,CARRETERA,NACIONAL,TUMBES,TUMBES,TUMBES,-3.553035560485589,-80.42390441286221,PE-1N,1282.429193918731
2021-04-30,2021,4,4,0,1,0,CHOQUE,IMPRUDENCIA DEL CONDUCTOR,ASFALTADA,CARRETERA,NACIONAL,LA LIBERTAD,TRUJILLO,VICTOR LARCO HERRERA,-8.15108,-79.034121,PE-1N,563.0203102432598
2021-05-01,2021,5,5,0,1,0,ATROPELLO,IMPRUDENCIA DEL PEATÓN,ASFALTADA,CARRETERA,NACIONAL,LIMA,BARRANCA,BARRANCA,-10.738742225081932,-77.74812410503186,PE-1N,196.4950185291444
2021-05-01,2021,5,5,0,1,0,CHOQUE,EN PROCESO DE INVESTIGACIÓN,ASFALTADA,CARRETERA,NACIONAL,JUNIN,HUANCAYO,SICAYA,-12.023939,-75.271322,PE-3SB,35.08978056541179
2021-05-01,2021,5,5,0,1,1,ATROPELLO,NEGLIGENCIA DEL CONDUCTOR,ASFALTADA,CARRETERA,NACIONAL,CUSCO,CALCA,LAMAY,-13.374216,-71.917709,PE-28B,650.2737669453098
2021-05-01,2021,5,5,0,1,1,DESPISTE,EN PROCESO DE INVESTIGACIÓN,ASFALTADA,CARRETERA,NACIONAL,CAJAMARCA,CHOTA,CHOTA,-6.56770394,-78.64263126,PE-3N,1424.0266146762906
2021-05-01,2021,5,5,0,1,0,ATROPELLO,IMPRUDENCIA DEL PEATÓN,ASFALTADA,CARRETERA,NACIONAL,PUNO,SAN ROMAN,JULIACA,-15.5354642,-70.1146895,PE-3S,1324.4050018286682
2021-05-01,2021,5,5,0,1,0,CHOQUE,EN PROCESO DE INVESTIGACIÓN,ASFALTADA,CARRETERA,NACIONAL,ICA,PISCO,SAN CLEMENTE,-13.679986618506526,-76.14755565186188,PE-28A,1.3660408730469689
2021-05-02,2021,5,6,0,1,0,CHOQUE,EN PROCESO DE INVESTIGACIÓN,ASFALTADA,CARRETERA,NACIONAL,JUNIN,CHANCHAMAYO,CHANCHAMAYO,-11.05411900879454,-75.32400898727913,PE-22B,107.31842042693656
2021-05-02,2021,5,6,0,2,0,DESPISTE,IMPRUDENCIA DEL CONDUCTOR,TROCHA,CARRETERA,NACIONAL,PUNO,SANDIA,SAN PEDRO DE PUTINA PUNCO,-14.119034,-69.050906,PE-34H,325.59368590212296
2021-05-03,2021,5,0,0,1,1,DESPISTE,IMPRUDENCIA DEL CONDUCTOR,CASCAJO/RIPIO,CARRETERA,NACIONAL,APURIMAC,COTABAMBAS,COYLLURQUI,-13.977506644269104,-72.38680757070567,PE-3SX,
2021-05-03,2021,5,0,0,1,0,ATROPELLO,IMPRUDENCIA DEL PEATÓN,ASFALTADA,CARRETERA,NACIONAL,LIMA,LIMA,EL AGUSTINO,-12.033464037862172,-76.99048730611834,PE-1N,3.417555807063287
2021-05-03,2021,5,0,0,1,1,CHOQUE,IMPRUDENCIA DEL CONDUCTOR,ASFALTADA,CARRETERA,NACIONAL,PUNO,CHUCUITO,DESAGUADERO,-16.54100210832694,-69.05834507787692,PE-3S,1508.441965707524
2021-05-03,2021,5,0,0,1,1,CHOQUE,EN PROCESO DE INVESTIGACIÓN,ASFALTADA,CARRETERA,NACIONAL,PIURA,PIURA,CATACAOS,-5.221969,-80.654578,PE-1N,991.0850338843388
2021-05-04,2021,5,1,0,1,0,CHOQUE CON OBJETO FIJO,IMPRUDENCIA DEL CONDUCTOR,ASFALTADA,CARRETERA,NACIONAL,HUANUCO,AMBO,SAN RAFAEL,-10.258065,-76.147926,PE-3N,191.7084891923584
2021-05-04,2021,5,1,0,1,0,CHOQUE,IMPRUDENCIA DEL CONDUCTOR,ASFALTADA,CARRETERA,NACIONAL,ICA,ICA,SUBTANJALLA,-14.008209193958823,-75.76604954345218,PE-1S,289.7602381529916
2021-05-04,2021,5,1,0,1,0,ATROPELLO,IMPRUDENCIA DEL CONDUCTOR,ASFALTADA,CARRETERA,NACIONAL,CUSCO,CANCHIS,SAN PEDRO,-14.1841,-71.35309818,PE-3S,1096.0586270360286
2021-05-05,2021,5,2,0,1,0,ATROPELLO,EN PROCESO DE INVESTIGACIÓN,ASFALTADA,CARRETERA,NACIONAL,PIURA,PIURA,CATACAOS,-5.255503,-80.616913,PE-1N,985.1895342718208
2021-05-05,2021,5,2,0,1,0,DESPISTE,EN PROCESO DE INVESTIGACIÓN,,CARRETERA,NACIONAL,JUNIN,SATIPO,PANGOA,-11.33568,-74.52846,PE-28C,264.3540448663911
2021-05-05,2021,5,2,0,1,0,CHOQUE,EN PROCESO DE INVESTIGACIÓN,ASFALTADA,CARRETERA,NACIONAL,ICA,PISCO,SAN CLEMENTE,-13.678722126115671,-76.13532408819252,PE-28A,2.6995230681188125
2021-05-05,2021,5,2,0,3,1,DESPISTE,NEGLIGENCIA DEL CONDUCTOR,ASFALTADA,CARRETERA,NACIONAL,CUSCO,LA CONVENCION,HUAYOPATA,-13.133249,-72.316248,PE-28B,555.7565744895696
2021-05-05,2021,5,2,0,1,1,DESPISTE,NEGLIGENCIA DEL CONDUCTOR,ASFALTADA,CARRETERA,NACIONAL,CUSCO,ANTA,LIMATAMBO,-13.457944,-72.4116,PE-3S,899.9326637303387
2021-05-05,2021,5,2,0,1,1,CHOQUE,IMPRUDENCIA DEL CONDUCTOR,ASFALTADA,CARRETERA,NACIONAL,LIMA,BARRANCA,BARRANCA,-10.7369133660656,-77.74969622049346,PE-1N,196.7592908065137
2021-05-05,2021,5,2,0,1,0,DESPISTE,EN PROCESO DE INVESTIGACIÓN,ASFALTADA,CARRETERA,NACIONAL,LAMBAYEQUE,CHICLAYO,MONSEFU,-6.8512811,-79.8269899,PE-1N,770.2166297413448
2021-05-06,2021,5,3,0,1,0,ATROPELLO,EN PROCESO DE INVESTIGACIÓN,CONCRETO,CARRETERA,NACIONAL,LIMA,LIMA,CHACLACAYO,-11.9919966,-76.8256921,PE-22,18.68684337059567
2021-05-07,2021,5,4,0,2,0,CHOQUE,IMPRUDENCIA DEL CONDUCTOR,ASFALTADA,CARRETERA,NACIONAL,LA LIBERTAD,VIRU,VIRU,-8.412773,-78.798247,PE-1N,518.2083731331217
2021-05-07,2021,5,4,0,1,0,ATROPELLO,EN PROCESO DE INVESTIGACIÓN,ASFALTADA,CARRETERA,NACIONAL,ICA,NASCA,NASCA,-14.8729674,-74.9904761,PE-1S,451.394342532202
2021-05-07,2021,5,4,0,1,0,ATROPELLO,IMPRUDENCIA DEL PEATÓN,ASFALTADA,CARRETERA,NACIONAL,PUNO,HUANCANE,TARACO,-15.281613,-69.9257604,PE-34H,35.37331734143491
2021-05-07,2021,5,4,0,1,2,DESPISTE,EN PROCESO DE INVESTIGACIÓN,ASFALTADA,CARRETERA,NACIONAL,PIURA,TALARA,LA BREA,-4.68356635520392,-81.09414331545014,PE-1N,1084.8518451248017
2021-05-07,2021,5,4,0,1,0,DESPISTE,IMPRUDENCIA DEL CONDUCTOR,ASFALTADA,CARRETERA,NACIONAL,LA LIBERTAD,SANTIAGO DE CHUCO,SANTIAGO DE CHUCO,-8.141737,-78.197709,PE-3N,1008.3769686981094
2021-05-07,2021,5,4,0,1,0,CHOQUE,IMPRUDENCIA DEL CONDUCTOR,ASFALTADA,CARRETERA,NACIONAL,AREQUIPA,CAYLLOMA,SAN ANTONIO DE CHUCA,-15.841667921338228,-71.10177723625667,PE-34A,164.30728102423473
2021-05-07,2021,5,4,0,2,0,DESPISTE,IMPRUDENCIA DEL CONDUCTOR,ASFALTADA,CARRETERA,NACIONAL,ANCASH,HUAYLAS,CARAZ,-9.077566096117572,-77.78314446226604,PE-3N,644.1799815192483
2021-05-08,2021,5,5,0,1,0,CHOQUE,EN PROCESO DE INVESTIGACIÓN,ASFALTADA,CARRETERA,NACIONAL,JUNIN,CHANCHAMAYO,PICHANAQUI,-10.932901566892642,-74.86769527334864,PE-5S,60.0901311106914
2021-05-08,2021,5,5,0,1,1,CHOQUE,IMPRUDENCIA DEL CONDUCTOR,ASFALTADA,CARRETERA,NACIONAL,APURIMAC,ABANCAY,CURAHUASI,-13.541964783452272,-72.80367104108937,PE-3S,821.6583452650755
2021-05-08,2021,5,5,0,1,0,ATROPELLO,IMPRUDENCIA DEL CONDUCTOR,ASFALTADA,CARRETERA,NACIONAL,AYACUCHO,HUAMANGA,SAN JUAN BAUTISTA,-13.203862,-74.217087,PE-3S,398.18191100333377
2021-05-08,2021,5,5,0,1,0,CHOQUE,EN PROCESO DE INVESTIGACIÓN,ASFALTADA,CARRETERA,NACIONAL,PUNO,CHUCUITO,POMATA,-16.260407,-69.296237,PE-3S,1464.84688787654
2021-05-08,2021,5,5,0,1,0,CHOQUE,IMPRUDENCIA DEL CONDUCTOR,ASFALTADA,CARRETERA,NACIONAL,SAN MARTIN,MOYOBAMBA,CALZADA,-6.0414216,-77.1308047,PE-5N,1076.1257027091997
2021-05-08,2021,5,5,0,1,0,CHOQUE,IMPRUDENCIA DEL CONDUCTOR,ASFALTADA,CARRETERA,NACIONAL,LA LIBERTAD,VIRU,GUADALUPITO,-8.954141,-78.629623,PE-1N,447.7628931358076
2021-05-08,2021,5,5,0,2,3,CHOQUE,IMPRUDENCIA DEL CONDUCTOR,ASFALTADA,CARRETERA,NACIONAL,LA LIBERTAD,VIRU,VIRU,-8.415622,-78.789251,PE-1N,517.1642514636817
2021-05-08,2021,5,5,0,1,1,DESPISTE,IMPRUDENCIA DEL CONDUCTOR,ASFALTADA,CARRETERA,NACIONAL,APURIMAC,ABANCAY,CURAHUASI,-13.540684,-72.690852,PE-3S,849.3854859364446
2021-05-09,2021,5,6,0,1,0,ATROPELLO,IMPRUDENCIA DEL PEATÓN,ASFALTADA,CARRETERA,NACIONAL,LIMA,LIMA,SAN JUAN DE MIRAFLORES,-12.17513,-76.97776,PE-1S,13.53706152488882
2021-05-09,2021,5,6,0,2,0,DESPISTE,IMPRUDENCIA DEL CONDUCTOR,ASFALTADA,CARRETERA,NACIONAL,APURIMAC,COTABAMBAS,COTABAMBAS,-13.6899950332972,-72.3357962695401,PE-3SF,360.3288928756105
2021-05-09,2021,5,6,0,1,2,CHOQUE,IMPRUDENCIA DEL CONDUCTOR,ASFALTADA,CARRETERA,NACIONAL,SAN MARTIN,MOYOBAMBA,MOYOBAMBA,-6.045477,-77.015953,PE-5N,1062.664869571165
2021-05-10,2021,5,0,0,2,0,DESPISTE,EN PROCESO DE INVESTIGACIÓN,ASFALTADA,CARRETERA,NACIONAL,LAMBAYEQUE,CHICLAYO,LAGUNAS,-6.974972,-79.672524,PE-1N,747.476905117683
2021-05-10,2021,5,0,0,1,0,DESPISTE,EN PROCESO DE INVESTIGACIÓN,ASFALTADA,CARRETERA,NACIONAL,LAMBAYEQUE,LAMBAYEQUE,MORROPE,-6.525155041984445,-80.04043742758363,PE-1N,819.3869227929555
2021-05-10,2021,5,0,0,1,0,CHOQUE,IMPRUDENCIA DEL CONDUCTOR,ASFALTADA,CARRETERA,NACIONAL,PUNO,AZANGARO,SAN ANTON,-14.5411033,-70.2900262,PE-34B,108.48809186330416
2021-05-10,2021,5,0,0,1,1,CHOQUE,EN PROCESO DE INVESTIGACIÓN,ASFALTADA,CARRETERA,NACIONAL,ICA,ICA,SANTIAGO,-14.218953,-75.707239,PE-1S,315.5353529961611
2021-05-10,2021,5,0,0,1,0,CHOQUE,EN PROCESO DE INVESTIGACIÓN,ASFALTADA,CARRETERA,NACIONAL,PIURA,PIURA,CATACAOS,-5.276932,-80.613759,PE-1N,982.687728252554
2021-05-10,2021,5,0,0,1,0,ATROPELLO FUGA,EN PROCESO DE INVESTIGACIÓN,CONCRETO,CARRETERA,NACIONAL,LIMA,LIMA,LOS OLIVOS,-11.965534,-77.067883,PE-1N,18.8906335544014
2021-05-11,2021,5,1,0,2,0,ATROPELLO,NEGLIGENCIA DEL CONDUCTOR,ASFALTADA,CARRETERA,NACIONAL,PUNO,HUANCANE,TARACO,-15.298358082645134,-70.00006019210296,PE-34H,26.6129752283113
2021-05-11,2021,5,1,0,1,2,CHOQUE,EN PROCESO DE INVESTIGACIÓN,ASFALTADA,CARRETERA,NACIONAL,ICA,PALPA,SANTA CRUZ,-14.490291747835574,-75.30455818676043,PE-1S,372.8754916332472
2021-05-12,2021,5,2,0,1,1,ATROPELLO,IMPRUDENCIA DEL CONDUCTOR,ASFALTADA,CARRETERA,NACIONAL,TACNA,TACNA,LA YARADA LOS PALOS,-18.158335,-70.462288,PE-1SD,365.86095183806
2021-05-13,2021,5,3,0,1,1,DESPISTE,EN PROCESO DE INVESTIGACIÓN,ASFALTADA,CARRETERA,NACIONAL,AREQUIPA,CARAVELI,ATICO,-16.302635,-73.396271,PE-1S,728.8967536266264
2021-05-13,2021,5,3,0,1,0,CHOQUE,EN PROCESO DE INVESTIGACIÓN,ASFALTADA,CARRETERA,NACIONAL,LAMBAYEQUE,CHICLAYO,CHICLAYO,-6.785434,-79.869206,PE-1N,781.275735386095
2021-05-13,2021,5,3,0,1,5,CHOQUE,IMPRUDENCIA DEL CONDUCTOR,ASFALTADA,CARRETERA,NACIONAL,HUANUCO,LEONCIO PRADO,JOSE CRESPO Y CASTILLO,-8.963253,-76.095438,PE-5N,517.1175038756979
2021-05-13,2021,5,3,0,1,0,ATROPELLO,EN PROCESO DE INVESTIGACIÓN,,CARRETERA,NACIONAL,PUNO,SAN ROMAN,SAN MIGUEL,-15.43497260605749,-70.14088673661455,PE-3S,1309.9681647432828
2021-05-14,2021,5,4,0,1,0,DESPISTE,EN PROCESO DE INVESTIGACIÓN,ASFALTADA,CARRETERA,NACIONAL,LA LIBERTAD,PATAZ,TAYABAMBA,-8.304154,-77.270799,PE-10C,244.3695045364749
2021-05-14,2021,5,4,0,1,2,CHOQUE,EN PROCESO DE INVESTIGACIÓN,ASFALTADA,CARRETERA,NACIONAL,CAJAMARCA,JAEN,JAEN,-5.836237,-78.756643,PE-5N,1370.491784752032
2021-05-14,2021,5,4,0,1,0,VOLCADURA,IMPRUDENCIA DEL CONDUCTOR,ASFALTADA,CARRETERA,NACIONAL,HUANUCO,HUANUCO,CHINCHAO,-9.695459,-76.086889,PE-18A,51.03999239997273
2021-05-15,2021,5,5,0,1,0,CHOQUE,NEGLIGENCIA DEL CONDUCTOR,ASFALTADA,CARRETERA,NACIONAL,CUSCO,LA CONVENCION,SANTA ANA,-12.804034,-72.683129,PE-28B,454.1552408384875
2021-05-15,2021,5,5,0,1,0,VOLCADURA,EN PROCESO DE INVESTIGACIÓN,TROCHA,CARRETERA,NACIONAL,CUSCO,ESPINAR,COPORAQUE,-14.748404,-71.484805,PE-3S,1133.651838854928
2021-05-15,2021,5,5,0,2,3,CHOQUE,IMPRUDENCIA DEL CONDUCTOR,ASFALTADA,CARRETERA,NACIONAL,ANCASH,CARHUAZ,ACOPAMPA,-9.300778609747743,-77.62263159386384,PE-3N,609.7951121724025
2021-05-15,2021,5,5,0,1,0,ATROPELLO FUGA,IMPRUDENCIA DEL CONDUCTOR,TROCHA,CARRETERA,NACIONAL,CUSCO,PAUCARTAMBO,KOSÑIPATA,-12.964499,-71.4214,PE-3S,1002.0315074177672
2021-05-15,2021,5,5,0,1,0,CHOQUE,IMPRUDENCIA DEL CONDUCTOR,ASFALTADA,CARRETERA,NACIONAL,LA LIBERTAD,CHEPEN,PACANGA,-7.178046,-79.437756,PE-1N,711.9307893455637
2021-05-16,2021,5,6,0,1,1,VOLCADURA,EN PROCESO DE INVESTIGACIÓN,ASFALTADA,CARRETERA,NACIONAL,AREQUIPA,AREQUIPA,YURA,-16.077201,-71.512188,PE-34A,100.73782481271734
2021-05-16,2021,5,6,0,2,1,CHOQUE,IMPRUDENCIA DEL CONDUCTOR,ASFALTADA,CARRETERA,NACIONAL,CUSCO,CUSCO,SAYLLA,-13.567006,-71.833,PE-3S,989.1113343300584
2021-05-16,2021,5,6,0,1,1,CHOQUE,EN PROCESO DE INVESTIGACIÓN,,CARRETERA,NACIONAL,PASCO,PASCO,NINACACA,-10.869821905685251,-76.11155199290695,PE-3N,91.36682658218942
2021-05-16,2021,5,6,0,1,1,CHOQUE FUGA,EN PROCESO DE INVESTIGACIÓN,ASFALTADA,CARRETERA,NACIONAL,LAMBAYEQUE,LAMBAYEQUE,MOTUPE,-6.213567,-79.701722,PE-1NJ,58.53499492590207
2021-05-16,2021,5,6,0,1,0,ATROPELLO FUGA,EN PROCESO DE INVESTIGACIÓN,ASFALTADA,CARRETERA,NACIONAL,LAMBAYEQUE,LAMBAYEQUE,MOTUPE,-6.2216688,-79.7073985,PE-1NJ,57.43643260948679
2021-05-17,2021,5,0,0,1,0,CHOQUE,IMPRUDENCIA DEL CONDUCTOR,ASFALTADA,CARRETERA,NACIONAL,SAN MARTIN,HUALLAGA,TINGO DE SAPOSOA,-7.08700928856264,-76.6352227872794,PE-5N,840.0376572937574
2021-05-17,2021,5,0,0,1,0,ATROPELLO,IMPRUDENCIA DEL PEATÓN,ASFALTADA,CARRETERA,NACIONAL,CALLAO,CALLAO,VENTANILLA,-11.904060014292073,-77.1284922344765,PE-20,9.070922258744654
2021-05-17,2021,5,0,0,1,2,CHOQUE,IMPRUDENCIA DEL CONDUCTOR,ASFALTADA,CARRETERA,NACIONAL,TACNA,TARATA,ESTIQUE,-17.700525,-70.102507,PE-38,46.84347891630922
2021-05-18,2021,5,1,0,1,0,ATROPELLO FUGA,IMPRUDENCIA DEL CONDUCTOR,ASFALTADA,CARRETERA,NACIONAL,PUNO,PUNO,PAUCARCOLLA,-15.735935,-70.056914,PE-3S,1347.4579211478956
2021-05-18,2021,5,1,0,1,0,CHOQUE,IMPRUDENCIA DEL CONDUCTOR,ASFALTADA,CARRETERA,NACIONAL,LIMA,LIMA,ATE,-12.007770915494971,-76.85896757387667,PE-22,15.685457785324232
2021-05-18,2021,5,1,0,1,0,CHOQUE,EN PROCESO DE INVESTIGACIÓN,ASFALTADA,CARRETERA,NACIONAL,JUNIN,TARMA,TARMA,-11.390965899569627,-75.68829563662541,PE-22B,36.84973921322785
2021-05-18,2021,5,1,0,1,1,DESPISTE,EN PROCESO DE INVESTIGACIÓN,ASFALTADA,CARRETERA,NACIONAL,AMAZONAS,BAGUA,BAGUA,-5.598773694574039,-78.55107903073039,PE-5NC,18.38662242479664
2021-05-18,2021,5,1,0,1,0,CHOQUE,EN PROCESO DE INVESTIGACIÓN,,CARRETERA,NACIONAL,MADRE DE DIOS,TAMBOPATA,TAMBOPATA,-12.6138,-69.243869,PE-30C,418.9049288134304
2021-05-19,2021,5,2,0,1,2,DESPISTE,IMPRUDENCIA DEL CONDUCTOR,ASFALTADA,CARRETERA,NACIONAL,AYACUCHO,HUAMANGA,VINCHOS,-13.26641253167358,-74.30822444180802,PE-28A,305.17834990504014
2021-05-19,2021,5,2,0,3,1,CHOQUE,IMPRUDENCIA DEL CONDUCTOR,ASFALTADA,CARRETERA,NACIONAL,PIURA,MORROPON,CHULUCANAS,-5.136257,-80.331393,PE-1NJ,233.40047663536512
2021-05-19,2021,5,2,0,2,0,DESPISTE,NEGLIGENCIA DEL CONDUCTOR,ASFALTADA,CARRETERA,NACIONAL,CUSCO,LA CONVENCION,HUAYOPATA,-13.123531,-72.333281,PE-28B,550.5769407701769
2021-05-20,2021,5,3,0,1,0,DESPISTE,EN PROCESO DE INVESTIGACIÓN,ASFALTADA,CARRETERA,NACIONAL,HUANUCO,LEONCIO PRADO,MARIANO DAMASO BERAUN,-9.358401,-75.979258,PE-18A,115.57462675855211
2021-05-20,2021,5,3,0,1,0,DESPISTE,EN PROCESO DE INVESTIGACIÓN,ASFALTADA,CARRETERA,NACIONAL,ANCASH,SANTA,SAMANCO,-9.324390969991786,-78.40631869203264,PE-1N,396.3459002956486
2021-05-21,2021,5,4,0,1,0,CHOQUE,IMPRUDENCIA DEL CONDUCTOR,ASFALTADA,CARRETERA,NACIONAL,ICA,ICA,ICA,-14.081115969144776,-75.7356150195617,PE-1S,298.6080227926408
2021-05-22,2021,5,5,0,1,1,CHOQUE,IMPRUDENCIA DEL CONDUCTOR,ASFALTADA,CARRETERA,NACIONAL,APURIMAC,AYMARAES,COTARUSE,-14.552146173470527,-73.38386531211128,PE-30A,284.5697859427922
2021-05-22,2021,5,5,0,1,1,CHOQUE,IMPRUDENCIA DEL CONDUCTOR,ASFALTADA,CARRETERA,NACIONAL,LA LIBERTAD,TRUJILLO,HUANCHACO,-8.040941,-79.084076,PE-1N,579.3926682787383
2021-05-22,2021,5,5,0,1,3,ATROPELLO,EN PROCESO DE INVESTIGACIÓN,ASFALTADA,CARRETERA,NACIONAL,LA LIBERTAD,TRUJILLO,TRUJILLO,-8.132569,-79.02341,PE-1N,560.4915748171679
2021-05-23,2021,5,6,0,1,0,CAÍDA DE PASAJERO,EN PROCESO DE INVESTIGACIÓN,ASFALTADA,CARRETERA,NACIONAL,PIURA,PIURA,TAMBO GRANDE,-4.898257,-80.35187,PE-1NL,41.22144040009382
2021-05-23,2021,5,6,0,1,0,CHOQUE,EN PROCESO DE INVESTIGACIÓN,ASFALTADA,CARRETERA,NACIONAL,LAMBAYEQUE,LAMBAYEQUE,OLMOS,-5.9407622508173565,-79.60256158934189,PE-04B,14.378066526678282
2021-05-24,2021,5,0,0,1,1,DESPISTE,IMPRUDENCIA DEL CONDUCTOR,ASFALTADA,CARRETERA,NACIONAL,CAJAMARCA,CHOTA,LLAMA,-6.538239205064491,-79.12057235970696,PE-06A,129.93664178822152
2021-05-24,2021,5,0,0,1,0,CHOQUE,IMPRUDENCIA DEL CONDUCTOR,ASFALTADA,CARRETERA,NACIONAL,JUNIN,SATIPO,MAZAMARI,-11.293946470583588,-74.54910274211872,PE-5S,125.19274544016216
2021-05-25,2021,5,1,0,1,2,CHOQUE,EN PROCESO DE INVESTIGACIÓN,ASFALTADA,CARRETERA,NACIONAL,LAMBAYEQUE,LAMBAYEQUE,MOTUPE,-6.1602298,-79.6997597,PE-1NJ,64.505747934525
2021-05-25,2021,5,1,0,5,6,CHOQUE,NEGLIGENCIA DEL CONDUCTOR,ASFALTADA,CARRETERA,NACIONAL,AREQUIPA,ISLAY,MOLLENDO,-16.839662,-71.858213,PE-1S,1004.440453123498
2021-05-25,2021,5,1,0,1,1,DESPISTE,NEGLIGENCIA DEL CONDUCTOR,TROCHA,CARRETERA,NACIONAL,JUNIN,CHANCHAMAYO,PICHANAQUI,-11.0198215161014,-74.75027911457556,PE-5S,78.30240443858096
2021-05-25,2021,5,1,0,1,0,CHOQUE,IMPRUDENCIA DEL CONDUCTOR,ASFALTADA,CARRETERA,NACIONAL,AREQUIPA,CARAVELI,ATIQUIPA,-15.81381,-74.354744,PE-1S,598.0005463290902
2021-05-25,2021,5,1,0,1,0,ATROPELLO,IMPRUDENCIA DEL CONDUCTOR,ASFALTADA,CARRETERA,NACIONAL,CAJAMARCA,CAJAMARCA,NAMORA,-7.20238724,-78.32503492,PE-3N,1247.0911870401633
2021-05-26,2021,5,2,0,1,0,CHOQUE,IMPRUDENCIA DEL CONDUCTOR,ASFALTADA,CARRETERA,NACIONAL,LIMA,LIMA,LURIN,-12.295693338530304,-76.85870128496227,PE-1S,34.031761314225726
2021-05-26,2021,5,2,0,1,0,ATROPELLO,IMPRUDENCIA DEL PEATÓN,ASFALTADA,CARRETERA,NACIONAL,CUSCO,CUSCO,SAYLLA,-13.5657362822115,-71.8359251424733,PE-3S,988.7644106292092
2021-05-26,2021,5,2,0,1,3,DESPISTE,IMPRUDENCIA DEL CONDUCTOR,ASFALTADA,CARRETERA,NACIONAL,CUSCO,URUBAMBA,OLLANTAYTAMBO,-13.13635,-72.284437,PE-28B,570.3429621511307
2021-05-27,2021,5,3,0,1,0,CHOQUE,EN PROCESO DE INVESTIGACIÓN,ASFALTADA,CARRETERA,NACIONAL,AREQUIPA,CAYLLOMA,SAN ANTONIO DE CHUCA,-15.755638,-70.949413,PE-34A,185.237439677776
2021-05-27,2021,5,3,0,1,0,ATROPELLO,IMPRUDENCIA DEL CONDUCTOR,ASFALTADA,CARRETERA,NACIONAL,PUNO,SAN ANTONIO DE PUTINA,PUTINA,-14.914385,-69.861438,PE-34H,89.34185614925177
2021-05-28,2021,5,4,0,1,0,DESPISTE,IMPRUDENCIA DEL CONDUCTOR,ASFALTADA,CARRETERA,NACIONAL,APURIMAC,GRAU,PROGRESO,-14.091548205417949,-72.4669091751593,PE-3SF,181.64902609924889
2021-05-28,2021,5,4,0,3,0,DESPISTE,IMPRUDENCIA DEL CONDUCTOR,ASFALTADA,CARRETERA,NACIONAL,PUNO,AZANGARO,SANTIAGO DE PUPUJA,-15.00976941005684,-70.1810931569851,PE-34B,36.282397106292464
2021-05-28,2021,5,4,0,1,1,CHOQUE,IMPRUDENCIA DEL CONDUCTOR,ASFALTADA,CARRETERA,NACIONAL,LA LIBERTAD,TRUJILLO,HUANCHACO,-8.064051,-79.090253,PE-1N,577.0075222314315
2021-05-28,2021,5,4,0,1,0,CHOQUE,IMPRUDENCIA DEL CONDUCTOR,TROCHA,CARRETERA,NACIONAL,CUSCO,CHUMBIVILCAS,VELILLE,-14.574877,-71.722283,PE-3SG,180.42258600134116
2021-05-28,2021,5,4,0,1,2,CHOQUE,IMPRUDENCIA DEL CONDUCTOR,ASFALTADA,CARRETERA,NACIONAL,TACNA,TACNA,LA YARADA LOS PALOS,-18.122931,-70.38478,PE-1SD,375.08353771612747
2021-05-28,2021,5,4,0,2,0,ATROPELLO,IMPRUDENCIA DEL PEATÓN,ASFALTADA,CARRETERA,NACIONAL,LIMA,LIMA,LURIN,-12.249579685482042,-76.9317592700767,PE-1S,24.58559478945977
2021-05-28,2021,5,4,0,2,0,DESPISTE,IMPRUDENCIA DEL CONDUCTOR,ASFALTADA,CARRETERA,NACIONAL,MOQUEGUA,ILO,PACOCHA,-17.287596,-71.452845,PE-1SD,190.6907164507868
2021-05-28,2021,5,4,0,2,0,CHOQUE,EN PROCESO DE INVESTIGACIÓN,ASFALTADA,CARRETERA,NACIONAL,JUNIN,SATIPO,RIO NEGRO,-11.21403305737037,-74.65583372642733,PE-5S,105.13315120259632
2021-05-29,2021,5,5,0,1,2,DESPISTE,IMPRUDENCIA DEL CONDUCTOR,ASFALTADA,CARRETERA,NACIONAL,LIMA,BARRANCA,PARAMONGA,-10.639530450713131,-77.85450685967196,PE-1N,213.42117743375212
2021-05-29,2021,5,5,0,2,1,CHOQUE FUGA,IMPRUDENCIA DEL CONDUCTOR,ASFALTADA,CARRETERA,NACIONAL,AREQUIPA,CARAVELI,CHALA,-15.8632427205141,-74.2205506526191,PE-1S,618.3945656539912
2021-05-29,2021,5,5,0,1,0,CHOQUE,IMPRUDENCIA DEL CONDUCTOR,ASFALTADA,CARRETERA,NACIONAL,JUNIN,CHANCHAMAYO,PICHANAQUI,-10.932906833946245,-74.86763641307203,PE-5S,60.09507169226869
2021-05-29,2021,5,5,0,2,0,CHOQUE,NEGLIGENCIA DEL CONDUCTOR,ASFALTADA,CARRETERA,NACIONAL,LIMA,BARRANCA,SUPE,-10.846962438545894,-77.69401368089524,PE-1N,184.76545560277063
2021-05-30,2021,5,6,0,1,0,ATROPELLO,EN PROCESO DE INVESTIGACIÓN,,CARRETERA,NACIONAL,LIMA,HUARAL,CHANCAY,-11.473509184753135,-77.3090648284244,PE-1N,93.28750128964032
2021-05-30,2021,5,6,0,1,2,DESPISTE,EN PROCESO DE INVESTIGACIÓN,ASFALTADA,CARRETERA,NACIONAL,ANCASH,BOLOGNESI,CHIQUIAN,-10.1371034428677,-77.16717840766506,PE-3N,473.39193218867393
2021-05-30,2021,5,6,0,1,0,ATROPELLO FUGA,EN PROCESO DE INVESTIGACIÓN,ASFALTADA,CARRETERA,NACIONAL,ICA,ICA,SALAS,-13.975654,-75.776505,PE-1S,285.98364340228943
2021-05-30,2021,5,6,0,1,1,DESPISTE,EN PROCESO DE INVESTIGACIÓN,ASFALTADA,CARRETERA,NACIONAL,LAMBAYEQUE,LAMBAYEQUE,MOTUPE,-6.3038644,-79.7571286,PE-1NJ,46.75968127416017
2021-05-31,2021,5,0,0,1,6,CHOQUE,EN PROCESO DE INVESTIGACIÓN,ASFALTADA,CARRETERA,NACIONAL,LAMBAYEQUE,LAMBAYEQUE,PACORA,-6.447826279111889,-79.85437276207495,PE-1NJ,26.81538002911824
2021-05-31,2021,5,0,0,1,0,ATROPELLO,EN PROCESO DE INVESTIGACIÓN,ASFALTADA,CARRETERA,NACIONAL,LAMBAYEQUE,CHICLAYO,POMALCA,-6.785794,-79.777171,PE-06A,10.519004964134496
2021-05-31,2021,5,0,0,1,1,CHOQUE,EN PROCESO DE INVESTIGACIÓN,ASFALTADA,CARRETERA,NACIONAL,LAMBAYEQUE,CHICLAYO,REQUE,-6.883133,-79.811744,PE-1N,766.0267986120302
2021-06-01,2021,6,1,0,1,0,ATROPELLO,IMPRUDENCIA DEL PEATÓN,ASFALTADA,CARRETERA,NACIONAL,LA LIBERTAD,VIRU,GUADALUPITO,-8.945029,-78.629661,PE-1N,448.768035430496
2021-06-01,2021,6,1,0,1,1,CHOQUE,IMPRUDENCIA DEL CONDUCTOR,ASFALTADA,CARRETERA,NACIONAL,CUSCO,ANTA,ANCAHUASI,-13.45296,-72.3110282,PE-3S,925.5077403753146
2021-06-01,2021,6,1,0,1,0,ATROPELLO,IMPRUDENCIA DEL PEATÓN,CONCRETO,CARRETERA,NACIONAL,LIMA,LIMA,PUENTE PIEDRA,-11.839958,-77.105521,PE-1N,34.89799624653886
2021-06-01,2021,6,1,0,1,0,ATROPELLO,IMPRUDENCIA DEL CONDUCTOR,ASFALTADA,CARRETERA,NACIONAL,CUSCO,CANCHIS,MARANGANI,-14.3699936,-71.15261,PE-3S,1128.671863273142
2021-06-01,2021,6,1,0,2,3,CHOQUE,EN PROCESO DE INVESTIGACIÓN,ASFALTADA,CARRETERA,NACIONAL,JUNIN,JAUJA,JAUJA,-11.7919703,-75.4637969,PE-3S,81.4524273736178
2021-06-01,2021,6,1,0,1,0,CHOQUE,EN PROCESO DE INVESTIGACIÓN,CONCRETO,CARRETERA,NACIONAL,LIMA,LIMA,CHACLACAYO,-11.995138,-76.832106,PE-22,18.38823484865108
2021-06-02,2021,6,2,0,3,1,CHOQUE,IMPRUDENCIA DEL CONDUCTOR,ASFALTADA,CARRETERA,NACIONAL,TACNA,TACNA,LA YARADA LOS PALOS,-18.265441,-70.31958,PE-1S,1322.5224032732256
2021-06-02,2021,6,2,0,1,0,DESPISTE,EN PROCESO DE INVESTIGACIÓN,,CARRETERA,NACIONAL,TUMBES,TUMBES,CORRALES,-3.609553141701579,-80.50655188567089,PE-1N,1270.780669990301
2021-06-03,2021,6,3,0,1,0,ATROPELLO FUGA,IMPRUDENCIA DEL PEATÓN,ASFALTADA,CARRETERA,NACIONAL,LA LIBERTAD,ASCOPE,PAIJAN,-7.720955,-79.308816,PE-1N,626.4843129395085
2021-06-03,2021,6,3,0,1,8,DESPISTE,EN PROCESO DE INVESTIGACIÓN,AFIRMADO,CARRETERA,NACIONAL,LA LIBERTAD,SANCHEZ CARRION,CHUGAY,-7.814912,-77.78488,PE-10C,36.807157683813145
2021-06-03,2021,6,3,0,1,0,CHOQUE,EN PROCESO DE INVESTIGACIÓN,ASFALTADA,CARRETERA,NACIONAL,AREQUIPA,AREQUIPA,LA JOYA,-16.652031,-71.871478,PE-1S,983.5692816496256
2021-06-03,2021,6,3,0,2,0,DESPISTE,IMPRUDENCIA DEL CONDUCTOR,ASFALTADA,CARRETERA,NACIONAL,CAJAMARCA,HUALGAYOC,HUALGAYOC,-6.75591833,-78.59191,PE-3N,1368.2533376333306
2021-06-03,2021,6,3,0,1,2,CHOQUE,IMPRUDENCIA DEL CONDUCTOR,ASFALTADA,CARRETERA,NACIONAL,CUSCO,ANTA,ANTA,-13.463903,-72.1505,PE-3S,945.888534079754
2021-06-03,2021,6,3,0,1,1,DESPISTE,IMPRUDENCIA DEL CONDUCTOR,ASFALTADA,CARRETERA,NACIONAL,HUANUCO,HUAMALIES,MONZON,-9.23654,-76.08865,PE-14A,404.0794074255904
2021-06-03,2021,6,3,0,1,2,DESPISTE,NEGLIGENCIA DEL CONDUCTOR,ASFALTADA,CARRETERA,NACIONAL,LA LIBERTAD,ASCOPE,CHOCOPE,-7.792066,-79.212409,PE-1N,612.5940281396082
2021-06-03,2021,6,3,0,1,3,CHOQUE,IMPRUDENCIA DEL CONDUCTOR,ASFALTADA,CARRETERA,NACIONAL,CUSCO,URUBAMBA,MARAS,-13.3392319938701,-72.1256394083759,PE-28F,34.5378464464443
2021-06-04,2021,6,4,0,1,0,ATROPELLO FUGA,EN PROCESO DE INVESTIGACIÓN,ASFALTADA,CARRETERA,NACIONAL,LAMBAYEQUE,CHICLAYO,LAGUNAS,-7.053486484973509,-79.57466683493602,PE-1N,732.6636771144367
2021-06-04,2021,6,4,0,1,1,CHOQUE,IMPRUDENCIA DEL CONDUCTOR,ASFALTADA,CARRETERA,NACIONAL,ICA,PISCO,TUPAC AMARU INCA,-13.691589,-76.155895,PE-1S,223.3145781179888
2021-06-05,2021,6,5,0,1,0,CHOQUE,IMPRUDENCIA DEL CONDUCTOR,ASFALTADA,CARRETERA,NACIONAL,ICA,ICA,ICA,-14.068129,-75.739607,PE-1S,297.0158428665095
2021-06-05,2021,6,5,0,1,0,CHOQUE,IMPRUDENCIA DEL CONDUCTOR,ASFALTADA,CARRETERA,NACIONAL,LIMA,BARRANCA,BARRANCA,-10.74335385211497,-77.74478858668942,PE-1N,195.87937057505445
2021-06-05,2021,6,5,0,1,0,ATROPELLO,NEGLIGENCIA DEL CONDUCTOR,ASFALTADA,CARRETERA,NACIONAL,CALLAO,CALLAO,CALLAO,-11.964816246932532,-77.12666276482737,PE-20,15.890701983046238
2021-06-05,2021,6,5,0,1,2,CHOQUE,EN PROCESO DE INVESTIGACIÓN,ASFALTADA,CARRETERA,NACIONAL,AREQUIPA,AREQUIPA,LA JOYA,-16.7048278,-71.8703738,PE-1S,989.4193482370088
2021-06-06,2021,6,6,0,1,0,CHOQUE,EN PROCESO DE INVESTIGACIÓN,ASFALTADA,CARRETERA,NACIONAL,LAMBAYEQUE,CHICLAYO,CAYALTI,-6.9093866,-79.5208461,PE-1NI,20.649615870895005
2021-06-06,2021,6,6,0,2,2,CHOQUE,EN PROCESO DE INVESTIGACIÓN,,CARRETERA,NACIONAL,MADRE DE DIOS,TAMBOPATA,LAS PIEDRAS,-12.553359210855694,-69.14675291731938,PE-30C,434.558027921264
2021-06-06,2021,6,6,0,1,0,CHOQUE,IMPRUDENCIA DEL CONDUCTOR,ASFALTADA,CARRETERA,NACIONAL,LA LIBERTAD,TRUJILLO,HUANCHACO,-8.048334,-79.086153,PE-1N,578.6272727705731
2021-06-07,2021,6,0,0,1,3,DESPISTE,EN PROCESO DE INVESTIGACIÓN,ASFALTADA,CARRETERA,NACIONAL,AREQUIPA,AREQUIPA,YURA,-16.12403,-71.635381,PE-34A,80.10402948962195
2021-06-07,2021,6,0,0,1,0,ATROPELLO FUGA,EN PROCESO DE INVESTIGACIÓN,ASFALTADA,CARRETERA,NACIONAL,SAN MARTIN,RIOJA,RIOJA,-6.051064,-77.151714,PE-5N,1079.0215593054754
2021-06-07,2021,6,0,0,1,1,CHOQUE,EN PROCESO DE INVESTIGACIÓN,AFIRMADO,CARRETERA,NACIONAL,LAMBAYEQUE,LAMBAYEQUE,MORROPE,-6.4702476,-80.1128442,PE-1N,829.4377406421628
2021-06-07,2021,6,0,0,1,2,CHOQUE,IMPRUDENCIA DEL CONDUCTOR,ASFALTADA,CARRETERA,NACIONAL,ICA,PISCO,PARACAS,-13.832273,-76.171214,PE-28,3.5476959033695907
2021-06-08,2021,6,1,0,18,5,DESPISTE,IMPRUDENCIA DEL CONDUCTOR,AFIRMADO,CARRETERA,NACIONAL,LA LIBERTAD,PATAZ,PARCOY,-7.891157,-77.629046,PE-10C,117.3032599583636
2021-06-09,2021,6,2,0,1,0,ATROPELLO,IMPRUDENCIA DEL PEATÓN,CONCRETO,CARRETERA,NACIONAL,AYACUCHO,HUAMANGA,AYACUCHO,-13.17009,-74.21035,PE-3S,389.4925838157082
2021-06-09,2021,6,2,0,1,0,CHOQUE,IMPRUDENCIA DEL CONDUCTOR,CONCRETO,CARRETERA,NACIONAL,LIMA,LIMA,EL AGUSTINO,-12.031138,-77.002644,PE-1N,4.976749823145364
2021-06-09,2021,6,2,0,1,2,CHOQUE,EN PROCESO DE INVESTIGACIÓN,ASFALTADA,CARRETERA,NACIONAL,LA LIBERTAD,ASCOPE,CHOCOPE,-7.804772,-79.193644,PE-1N,610.1013003209824
2021-06-09,2021,6,2,0,1,1,DESPISTE,EN PROCESO DE INVESTIGACIÓN,ASFALTADA,CARRETERA,NACIONAL,CUSCO,CANAS,PAMPAMARCA,-14.113702,-71.458108,PE-34F,105.12129193832372
2021-06-09,2021,6,2,0,1,0,ATROPELLO,EN PROCESO DE INVESTIGACIÓN,ASFALTADA,CARRETERA,NACIONAL,AREQUIPA,AREQUIPA,SANTA RITA DE SIGUAS,-16.4164454,-72.0415901,PE-1S,932.2458910842604
2021-06-10,2021,6,3,0,1,2,CHOQUE,IMPRUDENCIA DEL CONDUCTOR,ASFALTADA,CARRETERA,NACIONAL,APURIMAC,AYMARAES,COLCABAMBA,-14.034292517777958,-73.22030496516825,PE-3SA,0.0
2021-06-10,2021,6,3,0,1,0,DESPISTE,IMPRUDENCIA DEL CONDUCTOR,ASFALTADA,CARRETERA,NACIONAL,HUANUCO,HUANUCO,CHINCHAO,-9.711524,-76.094453,PE-18A,48.12615978975143
2021-06-11,2021,6,4,0,1,0,CHOQUE,EN PROCESO DE INVESTIGACIÓN,ASFALTADA,CARRETERA,NACIONAL,ANCASH,HUARMEY,HUARMEY,-10.037025290858397,-78.16308242805525,PE-1N,296.966716131132
2021-06-11,2021,6,4,0,1,4,CHOQUE,EN PROCESO DE INVESTIGACIÓN,ASFALTADA,CARRETERA,NACIONAL,CAJAMARCA,JAEN,POMAHUACA,-6.002936,-79.168209,PE-3N,1585.190625910337
2021-06-11,2021,6,4,0,1,0,CHOQUE,EN PROCESO DE INVESTIGACIÓN,ASFALTADA,CARRETERA,NACIONAL,AREQUIPA,ISLAY,DEAN VALDIVIA,-17.126998,-71.88132,PE-1SD,127.03210352679312
2021-06-11,2021,6,4,0,1,0,CHOQUE,IMPRUDENCIA DEL CONDUCTOR,ASFALTADA,CARRETERA,NACIONAL,PUNO,SAN ROMAN,SAN MIGUEL,-15.44113627531588,-70.14031827403376,PE-3S,1310.6359435965996
2021-06-12,2021,6,5,0,2,0,CHOQUE,IMPRUDENCIA DEL CONDUCTOR,ASFALTADA,CARRETERA,NACIONAL,CAJAMARCA,CUTERVO,CHOROS,-5.9653776,-78.84773207,PE-04C,12.32624049754893
2021-06-12,2021,6,5,0,1,0,CHOQUE,IMPRUDENCIA DEL CONDUCTOR,AFIRMADO,CARRETERA,NACIONAL,LA LIBERTAD,TRUJILLO,LAREDO,-8.063745,-78.859234,PE-10A,21.1192470248528
2021-06-12,2021,6,5,0,3,0,DESPISTE,EN PROCESO DE INVESTIGACIÓN,TROCHA,CARRETERA,NACIONAL,ANCASH,PALLASCA,PALLASCA,-8.281153351406177,-77.9918369232945,PE-3N,885.5394975767643
2021-06-12,2021,6,5,0,1,0,ATROPELLO,EN PROCESO DE INVESTIGACIÓN,ASFALTADA,CARRETERA,NACIONAL,AREQUIPA,AREQUIPA,CERRO COLORADO,-16.3153818,-71.6065318,PE-34A,47.6522227500662
2021-06-12,2021,6,5,0,1,0,CHOQUE,EN PROCESO DE INVESTIGACIÓN,ASFALTADA,CARRETERA,NACIONAL,LAMBAYEQUE,LAMBAYEQUE,LAMBAYEQUE,-6.692028,-79.903736,PE-1N,794.9216470374029
2021-06-12,2021,6,5,0,1,0,ATROPELLO,EN PROCESO DE INVESTIGACIÓN,ASFALTADA,CARRETERA,NACIONAL,LAMBAYEQUE,LAMBAYEQUE,TUCUME,-6.4893174,-79.8574452,PE-1NJ,22.18331769956242
2021-06-13,2021,6,6,0,1,0,DESPISTE,EN PROCESO DE INVESTIGACIÓN,ASFALTADA,CARRETERA,NACIONAL,PIURA,PIURA,PIURA,-5.046088,-80.70223,PE-1N,1014.844001741702
2021-06-13,2021,6,6,0,1,0,ATROPELLO FUGA,EN PROCESO DE INVESTIGACIÓN,ASFALTADA,CARRETERA,NACIONAL,LA LIBERTAD,TRUJILLO,HUANCHACO,-8.089253,-79.09689,PE-1N,574.1101142988698
2021-06-13,2021,6,6,0,1,2,CHOQUE,IMPRUDENCIA DEL CONDUCTOR,ASFALTADA,CARRETERA,NACIONAL,SAN MARTIN,RIOJA,NUEVA CAJAMARCA,-5.919407,-77.318197,PE-5N,1104.17112699761
2021-06-13,2021,6,6,0,1,0,CHOQUE FUGA,IMPRUDENCIA DEL CONDUCTOR,ASFALTADA,CARRETERA,NACIONAL,LIMA,HUARAL,CHANCAY,-11.600641488817583,-77.2478833363662,PE-1N,77.25028218293758
2021-06-13,2021,6,6,0,1,0,CHOQUE,IMPRUDENCIA DEL CONDUCTOR,ASFALTADA,CARRETERA,NACIONAL,LIMA,BARRANCA,PATIVILCA,-10.696839077604036,-77.7831887438248,PE-1N,202.6181778265667
2021-06-13,2021,6,6,0,1,0,CHOQUE FUGA,EN PROCESO DE INVESTIGACIÓN,ASFALTADA,CARRETERA,NACIONAL,CAJAMARCA,JAEN,JAEN,-5.676544528004914,-78.77824641056534,PE-5N,1393.6879654492673
2021-06-14,2021,6,0,0,1,0,ATROPELLO FUGA,IMPRUDENCIA DEL CONDUCTOR,ASFALTADA,CARRETERA,NACIONAL,PUNO,SAN ROMAN,JULIACA,-15.540820543812828,-70.21040975838613,PE-34A,289.95208058089355
2021-06-14,2021,6,0,0,1,1,CHOQUE,EN PROCESO DE INVESTIGACIÓN,,CARRETERA,NACIONAL,AREQUIPA,AREQUIPA,VITOR,-16.436571,-71.995343,PE-1S,937.669062494687
2021-06-14,2021,6,0,0,1,0,ATROPELLO FUGA,EN PROCESO DE INVESTIGACIÓN,ASFALTADA,CARRETERA,NACIONAL,CAJAMARCA,CAJAMARCA,CAJAMARCA,-7.0983,-78.559943,PE-3N,1288.3942097653426
2021-06-15,2021,6,1,0,1,0,DESPISTE,IMPRUDENCIA DEL CONDUCTOR,ASFALTADA,CARRETERA,NACIONAL,TACNA,TACNA,PACHIA,-17.825808,-70.021437,PE-40,41.75897875823964
2021-06-15,2021,6,1,0,1,1,CHOQUE,IMPRUDENCIA DEL CONDUCTOR,ASFALTADA,CARRETERA,NACIONAL,AREQUIPA,CAMANA,QUILCA,-16.666453065904008,-72.57973363860539,PE-1SD,5.840271633480357
2021-06-16,2021,6,2,0,2,1,DESPISTE,EN PROCESO DE INVESTIGACIÓN,ASFALTADA,CARRETERA,NACIONAL,HUANCAVELICA,HUANCAVELICA,HUANDO,-12.514322,-74.969003,PE-26,294.1710345079094
2021-06-16,2021,6,2,0,1,0,ATROPELLO,IMPRUDENCIA DEL PEATÓN,CONCRETO,CARRETERA,NACIONAL,LIMA,HUAROCHIRI,CHICLA,-11.734287793443714,-76.260489446376,PE-22,102.0770094112619
2021-06-16,2021,6,2,0,1,0,CHOQUE,EN PROCESO DE INVESTIGACIÓN,ASFALTADA,CARRETERA,NACIONAL,LAMBAYEQUE,LAMBAYEQUE,MOTUPE,-6.024251,-79.683434,PE-1NJ,82.29192673873452
2021-06-16,2021,6,2,0,1,1,CHOQUE,IMPRUDENCIA DEL CONDUCTOR,ASFALTADA,CARRETERA,NACIONAL,AREQUIPA,CAMANA,SAMUEL PASTOR,-16.64149615479502,-72.62531820964662,PE-1S,846.3748679519055
2021-06-17,2021,6,3,0,1,0,DESPISTE,EN PROCESO DE INVESTIGACIÓN,ASFALTADA,CARRETERA,NACIONAL,LAMBAYEQUE,CHICLAYO,OYOTUN,-6.862141175009053,-79.30387614648784,PE-1NI,46.75754493117421
2021-06-17,2021,6,3,0,2,1,VOLCADURA,IMPRUDENCIA DEL CONDUCTOR,ASFALTADA,CARRETERA,NACIONAL,PUNO,SAN ROMAN,CABANILLAS,-15.652198101772528,-70.35858040240547,PE-34A,269.4789475221684
2021-06-17,2021,6,3,0,1,0,CHOQUE,EN PROCESO DE INVESTIGACIÓN,ASFALTADA,CARRETERA,NACIONAL,PIURA,PIURA,VEINTISEIS DE OCTUBRE,-5.172982,-80.681983,PE-1N,999.7276100688076
2021-06-18,2021,6,4,0,26,17,DESPISTE,INFRAESTRUCTURA Y ENTORNO VIAL,ASFALTADA,CARRETERA,NACIONAL,AYACUCHO,LUCANAS,LEONCIO PRADO,-14.839697,-74.730312,PE-30A,39.768408607510445
2021-06-18,2021,6,4,0,1,0,ATROPELLO,IMPRUDENCIA DEL PEATÓN,ASFALTADA,CARRETERA,NACIONAL,JUNIN,JAUJA,CANCHAYLLO,-11.768112,-75.708467,PE-3S,42.72094045401765
2021-06-18,2021,6,4,0,1,0,CHOQUE,EN PROCESO DE INVESTIGACIÓN,ASFALTADA,CARRETERA,NACIONAL,LA LIBERTAD,TRUJILLO,HUANCHACO,-7.992123,-79.075046,PE-1N,585.0662982419497
2021-06-18,2021,6,4,0,1,0,ATROPELLO,EN PROCESO DE INVESTIGACIÓN,ASFALTADA,CARRETERA,NACIONAL,AREQUIPA,CAYLLOMA,MAJES,-16.43124767221205,-72.30939473733457,PE-1S,893.9533372898662
2021-06-19,2021,6,5,0,1,0,ATROPELLO,IMPRUDENCIA DEL PEATÓN,ASFALTADA,CARRETERA,NACIONAL,LIMA,HUARAL,CHANCAY,-11.578115,-77.262181,PE-1N,80.30674613427136
2021-06-19,2021,6,5,0,1,0,DESPISTE,NEGLIGENCIA DEL CONDUCTOR,ASFALTADA,CARRETERA,NACIONAL,APURIMAC,AYMARAES,COTARUSE,-14.471905018115224,-73.23739505374836,PE-30A,313.28524580363097
2021-06-19,2021,6,5,0,4,3,DESPISTE,INFRAESTRUCTURA Y ENTORNO VIAL,ASFALTADA,CARRETERA,NACIONAL,CAJAMARCA,SAN MARCOS,ICHOCAN,-7.36073167,-78.130325,PE-3N,1198.523432796519
2021-06-19,2021,6,5,0,2,0,CHOQUE,IMPRUDENCIA DEL CONDUCTOR,ASFALTADA,CARRETERA,NACIONAL,CUSCO,QUISPICANCHI,OCONGATE,-13.6636006387845,-71.3408141570007,PE-30C,63.0550669101647
2021-06-19,2021,6,5,0,1,0,DESPISTE,IMPRUDENCIA DEL CONDUCTOR,AFIRMADO,CARRETERA,NACIONAL,ANCASH,CARLOS FERMIN FITZCARRALD,SAN LUIS,-9.090929980876298,-77.33650086310438,PE-14C,165.2646156602705
2021-06-19,2021,6,5,0,1,0,ATROPELLO FUGA,IMPRUDENCIA DEL PEATÓN,ASFALTADA,CARRETERA,NACIONAL,CALLAO,CALLAO,CALLAO,-11.994543831713845,-77.1258039981221,PE-20,19.19305329036855
2021-06-20,2021,6,6,0,1,0,ATROPELLO,EN PROCESO DE INVESTIGACIÓN,ASFALTADA,CARRETERA,NACIONAL,HUANCAVELICA,HUAYTARA,PILPICHACA,-13.454586,-75.019227,PE-28A,171.42765748342757
2021-06-20,2021,6,6,0,1,0,CHOQUE,EN PROCESO DE INVESTIGACIÓN,ASFALTADA,CARRETERA,NACIONAL,ANCASH,SANTA,SAMANCO,-9.27756941674308,-78.41736935898118,PE-1N,401.9816435340676
2021-06-20,2021,6,6,0,1,0,ATROPELLO,IMPRUDENCIA DEL PEATÓN,ASFALTADA,CARRETERA,NACIONAL,JUNIN,CONCEPCION,CONCEPCION,-11.903968,-75.333544,PE-3S,100.76256482821088
2021-06-20,2021,6,6,0,1,0,ATROPELLO FUGA,IMPRUDENCIA DEL PEATÓN,ASFALTADA,CARRETERA,NACIONAL,JUNIN,JAUJA,ACOLLA,-11.6927491,-75.5640005,PE-3SA,16.36725435663336
2021-06-20,2021,6,6,0,1,2,CHOQUE,EN PROCESO DE INVESTIGACIÓN,ASFALTADA,CARRETERA,NACIONAL,LAMBAYEQUE,LAMBAYEQUE,JAYANCA,-6.4166449,-79.8325378,PE-1NJ,31.06718787884421
2021-06-20,2021,6,6,0,1,0,ATROPELLO FUGA,EN PROCESO DE INVESTIGACIÓN,ASFALTADA,CARRETERA,NACIONAL,LA LIBERTAD,TRUJILLO,HUANCHACO,-8.042738,-79.084645,PE-1N,579.2050789039633
2021-06-21,2021,6,0,0,1,0,ATROPELLO FUGA,EN PROCESO DE INVESTIGACIÓN,ASFALTADA,CARRETERA,NACIONAL,LIMA,LIMA,LURIN,-12.25263,-76.92798,PE-1S,25.115873057153596
2021-06-21,2021,6,0,0,1,0,CHOQUE,IMPRUDENCIA DEL CONDUCTOR,ASFALTADA,CARRETERA,NACIONAL,CUSCO,ANTA,ZURITE,-13.489164,-72.240726,PE-3S,934.3881079248716
2021-06-21,2021,6,0,0,1,0,CHOQUE,EN PROCESO DE INVESTIGACIÓN,ASFALTADA,CARRETERA,NACIONAL,LAMBAYEQUE,CHICLAYO,LA VICTORIA,-6.813826,-79.829436,PE-1N,774.4123621543338
2021-06-21,2021,6,0,0,1,2,DESPISTE,IMPRUDENCIA DEL CONDUCTOR,ASFALTADA,CARRETERA,NACIONAL,ANCASH,HUARAZ,PIRA,-9.559358645745403,-77.70584727008071,PE-14,91.05780050578473
2021-06-21,2021,6,0,0,1,0,ATROPELLO,IMPRUDENCIA DEL CONDUCTOR,ASFALTADA,CARRETERA,NACIONAL,ICA,ICA,SANTIAGO,-14.294216,-75.678891,PE-1S,324.5655222412597
2021-06-21,2021,6,0,0,1,0,CHOQUE,IMPRUDENCIA DEL CONDUCTOR,CONCRETO,CARRETERA,NACIONAL,LIMA,LIMA,LURIGANCHO,-11.921471,-76.676499,PE-22,38.4248029212861
2021-06-22,2021,6,1,0,1,0,ATROPELLO FUGA,EN PROCESO DE INVESTIGACIÓN,ASFALTADA,CARRETERA,NACIONAL,LIMA,LIMA,INDEPENDENCIA,-11.988199,-77.0645344,PE-1N,16.3157277680936
2021-06-22,2021,6,1,0,1,5,CHOQUE,IMPRUDENCIA DEL CONDUCTOR,ASFALTADA,CARRETERA,NACIONAL,ICA,ICA,SALAS,-13.960023,-75.784643,PE-1S,284.0423960913729
2021-06-22,2021,6,1,0,1,0,CHOQUE,EN PROCESO DE INVESTIGACIÓN,ASFALTADA,CARRETERA,NACIONAL,LAMBAYEQUE,LAMBAYEQUE,JAYANCA,-6.379078,-79.8114,PE-1NJ,35.92635891897377
2021-06-22,2021,6,1,0,1,1,DESPISTE,NEGLIGENCIA DEL CONDUCTOR,ASFALTADA,CARRETERA,NACIONAL,PUNO,LAMPA,PUCARA,-15.0972742,-70.3563098,PE-3S,1261.583511967414
2021-06-22,2021,6,1,0,1,0,DESPISTE,EN PROCESO DE INVESTIGACIÓN,ASFALTADA,CARRETERA,NACIONAL,PIURA,AYABACA,SUYO,-4.576617439173308,-80.18218691777935,PE-1NL,88.77240437711333
2021-06-22,2021,6,1,0,1,1,CHOQUE,IMPRUDENCIA DEL CONDUCTOR,ASFALTADA,CARRETERA,NACIONAL,PUNO,CARABAYA,SAN GABAN,-13.433582290622404,-70.32961247842753,PE-34B,298.47729418342936
2021-06-22,2021,6,1,0,1,4,CHOQUE,IMPRUDENCIA DEL CONDUCTOR,ASFALTADA,CARRETERA,NACIONAL,AYACUCHO,HUAMANGA,OCROS,-13.40222,-73.904601,PE-3S,491.0282559818453
2021-06-23,2021,6,2,0,1,0,CHOQUE,NEGLIGENCIA DEL CONDUCTOR,ASFALTADA,CARRETERA,NACIONAL,TUMBES,TUMBES,CORRALES,-3.5857820643741536,-80.47399562260193,PE-1N,1275.3162427001746
2021-06-23,2021,6,2,0,1,1,CHOQUE,EN PROCESO DE INVESTIGACIÓN,ASFALTADA,CARRETERA,NACIONAL,LAMBAYEQUE,LAMBAYEQUE,LAMBAYEQUE,-6.6813219,-79.9039121,PE-1N,796.1263068305904
2021-06-23,2021,6,2,0,1,0,ATROPELLO,IMPRUDENCIA DEL CONDUCTOR,ASFALTADA,CARRETERA,NACIONAL,JUNIN,JAUJA,MUQUI,-11.82927446,-75.44316147,PE-3SB,5.648684127005181
2021-06-23,2021,6,2,0,1,0,ATROPELLO FUGA,IMPRUDENCIA DEL CONDUCTOR,ASFALTADA,CARRETERA,NACIONAL,HUANUCO,LEONCIO PRADO,MARIANO DAMASO BERAUN,-9.431958843446022,-75.96656942106995,PE-18A,106.94081525509183
2021-06-24,2021,6,3,0,1,1,CHOQUE,IMPRUDENCIA DEL CONDUCTOR,ASFALTADA,CARRETERA,NACIONAL,HUANUCO,LEONCIO PRADO,DANIEL ALOMIA ROBLES,-9.18857425256514,-75.9226630949866,PE-5N,478.1541251191944
2021-06-24,2021,6,3,0,1,0,CHOQUE,IMPRUDENCIA DEL CONDUCTOR,ASFALTADA,CARRETERA,NACIONAL,LA LIBERTAD,ASCOPE,PAIJAN,-7.678769635511184,-79.32439874352757,PE-1N,631.4872556570216
2021-06-24,2021,6,3,0,3,6,CHOQUE,IMPRUDENCIA DEL CONDUCTOR,ASFALTADA,CARRETERA,NACIONAL,LA LIBERTAD,TRUJILLO,MOCHE,-8.14565,-79.012371,PE-1N,558.0906729030705
2021-06-24,2021,6,3,0,1,0,DESPISTE,IMPRUDENCIA DEL CONDUCTOR,ASFALTADA,CARRETERA,NACIONAL,HUANUCO,HUANUCO,PILLCO MARCA,-9.980643,-76.244816,PE-3N,227.09791622505983
2021-06-24,2021,6,3,0,1,0,ATROPELLO,IMPRUDENCIA DEL PEATÓN,ASFALTADA,CARRETERA,NACIONAL,PUNO,AZANGARO,ASILLO,-14.674477,-70.366127,PE-34B,87.42137758104646
2021-06-24,2021,6,3,0,1,0,CHOQUE,EN PROCESO DE INVESTIGACIÓN,ASFALTADA,CARRETERA,NACIONAL,ICA,ICA,PARCONA,-14.056365,-75.708581,PE-1SC,5.068118260583086
2021-06-24,2021,6,3,0,2,1,CHOQUE,EN PROCESO DE INVESTIGACIÓN,,CARRETERA,NACIONAL,MADRE DE DIOS,TAMBOPATA,TAMBOPATA,-12.6597346510363,-69.3203245597664,PE-30C,408.2890987122552
2021-06-25,2021,6,4,0,1,0,CHOQUE,NEGLIGENCIA DEL CONDUCTOR,ASFALTADA,CARRETERA,NACIONAL,CALLAO,CALLAO,VENTANILLA,-11.873062591288354,-77.12711328495267,PE-20,5.606410119703994
2021-06-25,2021,6,4,0,2,2,DESPISTE,IMPRUDENCIA DEL CONDUCTOR,ASFALTADA,CARRETERA,NACIONAL,CUSCO,QUISPICANCHI,CAMANTI,-13.18691557,-70.51575479,PE-3S,1025.4945229222596
2021-06-25,2021,6,4,0,1,0,ATROPELLO FUGA,EN PROCESO DE INVESTIGACIÓN,ASFALTADA,CARRETERA,NACIONAL,LIMA,LIMA,RIMAC,-12.04274739463909,-77.02300806760132,PE-1N,7.574974861504241
2021-06-25,2021,6,4,0,1,1,CHOQUE,IMPRUDENCIA DEL CONDUCTOR,ASFALTADA,CARRETERA,NACIONAL,LA LIBERTAD,TRUJILLO,LAREDO,-8.096285,-78.962737,PE-10A,8.072524478302558
2021-06-26,2021,6,5,0,1,0,ATROPELLO,IMPRUDENCIA DEL PEATÓN,ASFALTADA,CARRETERA,NACIONAL,LAMBAYEQUE,CHICLAYO,PIMENTEL,-6.752748818246737,-79.86678567443747,PE-1N,786.5278561020818
2021-06-27,2021,6,6,0,1,0,CHOQUE,IMPRUDENCIA DEL CONDUCTOR,ASFALTADA,CARRETERA,NACIONAL,SAN MARTIN,SAN MARTIN,MORALES,-6.49826,-76.39229,PE-5N,946.73100479866
2021-06-27,2021,6,6,0,1,0,ATROPELLO FUGA,EN PROCESO DE INVESTIGACIÓN,,CARRETERA,NACIONAL,MADRE DE DIOS,TAMBOPATA,INAMBARI,-12.8771848139546,-70.0402617188448,PE-30C,319.05131510821946
2021-06-27,2021,6,6,0,1,0,DESPISTE,EN PROCESO DE INVESTIGACIÓN,ASFALTADA,CARRETERA,NACIONAL,ICA,ICA,PARCONA,-14.0611623,-75.7207144,PE-1SC,3.610864384656222
2021-06-27,2021,6,6,0,1,1,ATROPELLO,IMPRUDENCIA DEL PEATÓN,ASFALTADA,CARRETERA,NACIONAL,SAN MARTIN,RIOJA,ELIAS SOPLIN VARGAS,-5.979007,-77.288573,PE-5N,1096.8036147480243
2021-06-27,2021,6,6,0,1,0,ATROPELLO FUGA,NEGLIGENCIA DEL CONDUCTOR,ASFALTADA,CARRETERA,NACIONAL,CALLAO,CALLAO,CALLAO,-11.99989364,-77.118705716,PE-20B,6.989031359413727
2021-06-27,2021,6,6,0,1,0,ATROPELLO FUGA,EN PROCESO DE INVESTIGACIÓN,ASFALTADA,CARRETERA,NACIONAL,CALLAO,CALLAO,CALLAO,-11.999880281798202,-77.118723779655,PE-20B,6.991202885751669
2021-06-27,2021,6,6,0,1,1,CHOQUE,IMPRUDENCIA DEL CONDUCTOR,ASFALTADA,CARRETERA,NACIONAL,TUMBES,TUMBES,CORRALES,-3.583833236874771,-80.47256820971259,PE-1N,1275.583805643064
2021-06-28,2021,6,0,0,1,1,CHOQUE,EN PROCESO DE INVESTIGACIÓN,ASFALTADA,CARRETERA,NACIONAL,PIURA,PIURA,CASTILLA,-5.231254,-80.635399,PE-1NJ,260.15342223948886
2021-06-28,2021,6,0,0,2,0,CHOQUE,EN PROCESO DE INVESTIGACIÓN,ASFALTADA,CARRETERA,NACIONAL,LAMBAYEQUE,LAMBAYEQUE,MOTUPE,-6.0373276,-79.677065,PE-1NJ,80.65059816474138
2021-06-28,2021,6,0,0,1,2,CHOQUE,EN PROCESO DE INVESTIGACIÓN,ASFALTADA,CARRETERA,NACIONAL,LIMA,LIMA,COMAS,-11.924998397515166,-77.07287307237524,PE-1N,23.42909584058921
2021-06-28,2021,6,0,0,1,1,DESPISTE,EN PROCESO DE INVESTIGACIÓN,ASFALTADA,CARRETERA,NACIONAL,HUANCAVELICA,TAYACAJA,AHUAYCHA,-12.39026,-74.89023,PE-3SD,34.151651835686145
2021-06-28,2021,6,0,0,1,0,ATROPELLO FUGA,EN PROCESO DE INVESTIGACIÓN,ASFALTADA,CARRETERA,NACIONAL,LIMA,LIMA,EL AGUSTINO,-12.032365258669795,-77.00653383140924,PE-1N,5.420068448808111
2021-06-28,2021,6,0,0,1,0,CHOQUE,EN PROCESO DE INVESTIGACIÓN,ASFALTADA,CARRETERA,NACIONAL,PIURA,PIURA,CASTILLA,-5.211506667,-80.62212667,PE-1NJ,257.4940720734205
2021-06-29,2021,6,1,0,1,0,CHOQUE,IMPRUDENCIA DEL CONDUCTOR,TROCHA,CARRETERA,NACIONAL,PUNO,SAN ANTONIO DE PUTINA,PUTINA,-14.944266577912035,-69.86740881756783,PE-34H,84.90120746232881
2021-06-29,2021,6,1,0,1,3,DESPISTE,IMPRUDENCIA DEL CONDUCTOR,ASFALTADA,CARRETERA,NACIONAL,LA LIBERTAD,SANCHEZ CARRION,HUAMACHUCO,-7.883144,-78.118494,PE-3N,1086.149114813095
2021-06-30,2021,6,2,0,1,6,CHOQUE,EN PROCESO DE INVESTIGACIÓN,ASFALTADA,CARRETERA,NACIONAL,HUANCAVELICA,HUANCAVELICA,ACORIA,-12.531054,-74.922456,PE-3SM,0.8244005214612868
2021-06-30,2021,6,2,0,1,2,CHOQUE,IMPRUDENCIA DEL CONDUCTOR,ASFALTADA,CARRETERA,NACIONAL,LIMA,LIMA,LURIN,-12.28184,-76.88049,PE-1S,31.209450760053745
2021-07-01,2021,7,3,0,1,0,ATROPELLO FUGA,IMPRUDENCIA DEL CONDUCTOR,ASFALTADA,CARRETERA,NACIONAL,CUSCO,CANCHIS,MARANGANI,-14.36536,-71.15689,PE-3S,1127.983070001658
2021-07-01,2021,7,3,0,1,0,VOLCADURA,IMPRUDENCIA DEL PEATÓN,ASFALTADA,CARRETERA,NACIONAL,LIMA,LIMA,SANTIAGO DE SURCO,-12.132164945357,-76.97838078248924,PE-1S,8.596799452638642
2021-07-02,2021,7,4,0,1,0,DESPISTE,EN PROCESO DE INVESTIGACIÓN,ASFALTADA,CARRETERA,NACIONAL,HUANCAVELICA,TAYACAJA,AHUAYCHA,-12.530598,-74.945567,PE-3S,199.19423330016733
2021-07-02,2021,7,4,0,1,0,ATROPELLO,EN PROCESO DE INVESTIGACIÓN,ASFALTADA,CARRETERA,NACIONAL,LIMA,LIMA,LOS OLIVOS,-11.967712,-77.067618,PE-1N,18.645126222835238
2021-07-02,2021,7,4,0,1,0,CHOQUE,EN PROCESO DE INVESTIGACIÓN,ASFALTADA,CARRETERA,NACIONAL,HUANCAVELICA,CHURCAMPA,ANCO,-12.6850796376415,-74.5864762496305,PE-3S,274.70312596593703
2021-07-02,2021,7,4,0,1,0,ATROPELLO FUGA,EN PROCESO DE INVESTIGACIÓN,ASFALTADA,CARRETERA,NACIONAL,LA LIBERTAD,PACASMAYO,GUADALUPE,-7.305328,-79.443897,PE-08,3.9764885084470007
2021-07-03,2021,7,5,0,1,4,CHOQUE,IMPRUDENCIA DEL CONDUCTOR,ASFALTADA,CARRETERA,NACIONAL,CAJAMARCA,JAEN,BELLAVISTA,-5.598685,-78.781379,PE-5N,1406.4724623562554
2021-07-03,2021,7,5,0,1,0,CHOQUE,EN PROCESO DE INVESTIGACIÓN,ASFALTADA,CARRETERA,NACIONAL,LA LIBERTAD,CHEPEN,PACANGA,-7.178163,-79.4377261,PE-1N,711.9177704226285
2021-07-03,2021,7,5,0,1,2,CHOQUE,EN PROCESO DE INVESTIGACIÓN,ASFALTADA,CARRETERA,NACIONAL,LAMBAYEQUE,LAMBAYEQUE,MORROPE,-6.57292291453814,-79.9909434882227,PE-1N,811.6973523450558
2021-07-03,2021,7,5,0,1,0,ATROPELLO,IMPRUDENCIA DEL PEATÓN,CONCRETO,CARRETERA,NACIONAL,LIMA,LIMA,ATE,-12.00750801125261,-76.85646207678862,PE-22,15.982160920220151
2021-07-04,2021,7,6,0,1,0,VOLCADURA,EN PROCESO DE INVESTIGACIÓN,ASFALTADA,CARRETERA,NACIONAL,LIMA,LIMA,SANTIAGO DE SURCO,-12.131299,-76.978347,PE-1S,8.505695241362252
2021-07-04,2021,7,6,0,1,0,CHOQUE,IMPRUDENCIA DEL CONDUCTOR,ASFALTADA,CARRETERA,NACIONAL,PUNO,SANDIA,SAN JUAN DEL ORO,-14.210239112782633,-69.14277791443065,PE-34H,304.71899841863075
2021-07-04,2021,7,6,0,1,0,CHOQUE,EN PROCESO DE INVESTIGACIÓN,ASFALTADA,CARRETERA,NACIONAL,AREQUIPA,ISLAY,COCACHACRA,-16.88814,-71.846429,PE-1S,1009.9231284912222
2021-07-04,2021,7,6,0,1,0,CHOQUE,IMPRUDENCIA DEL CONDUCTOR,ASFALTADA,CARRETERA,NACIONAL,SAN MARTIN,MOYOBAMBA,MOYOBAMBA,-6.065207,-76.923387,PE-5N,1051.0362036057284
2021-07-04,2021,7,6,0,1,0,ATROPELLO,IMPRUDENCIA DEL CONDUCTOR,ASFALTADA,CARRETERA,NACIONAL,CALLAO,CALLAO,VENTANILLA,-11.915812389435017,-77.12852595735622,PE-20,10.368158805009166
2021-07-04,2021,7,6,0,1,0,ATROPELLO FUGA,EN PROCESO DE INVESTIGACIÓN,ASFALTADA,CARRETERA,NACIONAL,CUSCO,CANCHIS,SICUANI,-14.305062,-71.210537,PE-3S,1119.0080992060468
2021-07-06,2021,7,1,0,2,0,DESPISTE,NEGLIGENCIA DEL CONDUCTOR,TROCHA,CARRETERA,NACIONAL,PUNO,SANDIA,SAN JUAN DEL ORO,-14.211377970111968,-69.1442638354776,PE-34H,304.51384113860195
2021-07-06,2021,7,1,0,2,2,DESPISTE,IMPRUDENCIA DEL CONDUCTOR,ASFALTADA,CARRETERA,NACIONAL,LIMA,HUAURA,SAYAN,-11.191100360128829,-77.30334008873774,PE-18,30.59496005048128
2021-07-07,2021,7,2,0,1,0,CHOQUE,EN PROCESO DE INVESTIGACIÓN,,CARRETERA,NACIONAL,MADRE DE DIOS,TAMBOPATA,INAMBARI,-12.885875129843052,-70.02098674946659,PE-30C,321.4940386991783
2021-07-07,2021,7,2,0,1,0,CHOQUE,IMPRUDENCIA DEL CONDUCTOR,ASFALTADA,CARRETERA,NACIONAL,LA LIBERTAD,ASCOPE,RAZURI,-7.6118045,-79.3688091,PE-1N,640.547488481123
2021-07-07,2021,7,2,0,1,0,CHOQUE,EN PROCESO DE INVESTIGACIÓN,ASFALTADA,CARRETERA,NACIONAL,LIMA,LIMA,COMAS,-11.910779,-77.05586,PE-20A,2.4456298544043045
2021-07-07,2021,7,2,0,8,8,CHOQUE,IMPRUDENCIA DEL CONDUCTOR,ASFALTADA,CARRETERA,NACIONAL,TACNA,TACNA,LA YARADA LOS PALOS,-18.125966,-70.391346,PE-1SD,374.3059234525117
2021-07-07,2021,7,2,0,2,1,CHOQUE,IMPRUDENCIA DEL CONDUCTOR,ASFALTADA,CARRETERA,NACIONAL,PUNO,CHUCUITO,ZEPITA,-16.43036876686359,-69.16751835808462,PE-3S,1489.9473440447446
2021-07-08,2021,7,3,0,1,2,CHOQUE,IMPRUDENCIA DEL CONDUCTOR,ASFALTADA,CARRETERA,NACIONAL,ANCASH,HUAYLAS,CARAZ,-9.072865102671804,-77.78696410785597,PE-3N,644.8903333134675
2021-07-08,2021,7,3,0,1,3,DESPISTE,IMPRUDENCIA DEL CONDUCTOR,ASFALTADA,CARRETERA,NACIONAL,TACNA,TACNA,ALTO DE LA ALIANZA,-17.995197,-70.262317,PE-38,4.114600275301699
2021-07-08,2021,7,3,0,1,0,CHOQUE,EN PROCESO DE INVESTIGACIÓN,ASFALTADA,CARRETERA,NACIONAL,LA LIBERTAD,PACASMAYO,PACASMAYO,-7.407695,-79.557017,PE-1N,676.9175390135105
2021-07-09,2021,7,4,0,1,0,ATROPELLO FUGA,EN PROCESO DE INVESTIGACIÓN,ASFALTADA,CARRETERA,NACIONAL,CAJAMARCA,CHOTA,CHOTA,-6.5754156,-78.63548693,PE-3N,1418.5382996518813
2021-07-09,2021,7,4,0,1,0,ATROPELLO FUGA,IMPRUDENCIA DEL CONDUCTOR,ASFALTADA,CARRETERA,NACIONAL,PUNO,AZANGARO,SANTIAGO DE PUPUJA,-15.017495,-70.1798524,PE-34B,35.420793931659674
2021-07-10,2021,7,5,0,1,0,CHOQUE,EN PROCESO DE INVESTIGACIÓN,ASFALTADA,CARRETERA,NACIONAL,ANCASH,CASMA,CASMA,-9.45911297221642,-78.33128691074788,PE-1N,378.6535220298044
2021-07-10,2021,7,5,0,2,1,DESPISTE,EN PROCESO DE INVESTIGACIÓN,CASCAJO/RIPIO,CARRETERA,NACIONAL,HUANCAVELICA,TAYACAJA,QUICHUAS,-12.4888976,-74.6497887,PE-3SD,95.65638742022124
2021-07-10,2021,7,5,0,1,0,CHOQUE,IMPRUDENCIA DEL CONDUCTOR,ASFALTADA,CARRETERA,NACIONAL,CALLAO,CALLAO,CALLAO,-12.038659507054833,-77.12718311012668,PE-20,12.682439568478372
2021-07-10,2021,7,5,0,1,0,CHOQUE,NEGLIGENCIA DEL CONDUCTOR,ASFALTADA,CARRETERA,NACIONAL,CUSCO,ANTA,ANTA,-13.463102,-72.147352,PE-3S,946.2970626652962
2021-07-10,2021,7,5,0,1,0,ATROPELLO FUGA,EN PROCESO DE INVESTIGACIÓN,ASFALTADA,CARRETERA,NACIONAL,LA LIBERTAD,TRUJILLO,HUANCHACO,-8.126609,-79.075534,PE-1N,568.7059687414683
2021-07-11,2021,7,6,0,1,0,ATROPELLO,IMPRUDENCIA DEL CONDUCTOR,ASFALTADA,CARRETERA,NACIONAL,CUSCO,CUSCO,SAYLLA,-13.555456,-71.856487,PE-3S,986.2568375661118
2021-07-11,2021,7,6,0,1,1,DESPISTE,EN PROCESO DE INVESTIGACIÓN,ASFALTADA,CARRETERA,NACIONAL,PIURA,SULLANA,IGNACIO ESCUDERO,-4.83667332625442,-80.8964646475364,PE-1N,1056.9467811011214
2021-07-11,2021,7,6,0,1,0,ATROPELLO FUGA,EN PROCESO DE INVESTIGACIÓN,ASFALTADA,CARRETERA,NACIONAL,SAN MARTIN,RIOJA,NUEVA CAJAMARCA,-5.907573,-77.324103,PE-5N,1105.6350518314453
2021-07-11,2021,7,6,0,1,0,ATROPELLO,IMPRUDENCIA DEL PEATÓN,ASFALTADA,CARRETERA,NACIONAL,CALLAO,CALLAO,CALLAO,-11.994312950467313,-77.1259433100459,PE-20,19.16941866504836
2021-07-12,2021,7,0,0,1,2,CHOQUE,IMPRUDENCIA DEL CONDUCTOR,ASFALTADA,CARRETERA,NACIONAL,SAN MARTIN,SAN MARTIN,LA BANDA DE SHILCAYO,-6.517511240967366,-76.3615952657631,PE-5N,941.3273078404573
2021-07-12,2021,7,0,0,1,0,CHOQUE,EN PROCESO DE INVESTIGACIÓN,ASFALTADA,CARRETERA,NACIONAL,ANCASH,SANTA,NEPEÑA,-9.234413370363791,-78.44856350500798,PE-1N,408.02344503544106
2021-07-12,2021,7,0,0,4,6,CHOQUE,EN PROCESO DE INVESTIGACIÓN,ASFALTADA,CARRETERA,NACIONAL,AREQUIPA,CAYLLOMA,SAN ANTONIO DE CHUCA,-15.758273,-70.965986,PE-34A,182.59703981224348
2021-07-12,2021,7,0,0,1,0,CHOQUE,EN PROCESO DE INVESTIGACIÓN,ASFALTADA,CARRETERA,NACIONAL,ICA,ICA,SANTIAGO,-14.215792,-75.709245,PE-1S,315.12387356036675
2021-07-12,2021,7,0,0,1,0,CHOQUE,IMPRUDENCIA DEL CONDUCTOR,ASFALTADA,CARRETERA,NACIONAL,LA LIBERTAD,CHEPEN,CHEPEN,-7.320172,-79.370243,PE-08,12.769359502367315
2021-07-12,2021,7,0,0,2,0,CHOQUE,EN PROCESO DE INVESTIGACIÓN,ASFALTADA,CARRETERA,NACIONAL,JUNIN,CHANCHAMAYO,PERENE,-10.893806921559912,-74.93667564283874,PE-5S,50.75767544021173
2021-07-12,2021,7,0,0,2,4,CHOQUE,EN PROCESO DE INVESTIGACIÓN,ASFALTADA,CARRETERA,NACIONAL,CAJAMARCA,CAJAMARCA,MAGDALENA,-7.280169,-78.588818,PE-08,125.39026382057789
2021-07-12,2021,7,0,0,1,0,ATROPELLO FUGA,EN PROCESO DE INVESTIGACIÓN,ASFALTADA,CARRETERA,NACIONAL,LAMBAYEQUE,CHICLAYO,PIMENTEL,-6.7432016,-79.8756589,PE-1N,787.9736839912488
2021-07-13,2021,7,1,0,1,0,CHOQUE,IMPRUDENCIA DEL CONDUCTOR,ASFALTADA,CARRETERA,NACIONAL,PUNO,CHUCUITO,POMATA,-16.314404199339357,-69.26494716577756,PE-3S,1471.3572903074094
2021-07-14,2021,7,2,0,1,0,DESPISTE,IMPRUDENCIA DEL CONDUCTOR,ASFALTADA,CARRETERA,NACIONAL,LAMBAYEQUE,LAMBAYEQUE,MOTUPE,-6.017674981373157,-79.68494826132546,PE-1NJ,83.10118726113109
2021-07-14,2021,7,2,0,1,0,ATROPELLO FUGA,EN PROCESO DE INVESTIGACIÓN,ASFALTADA,CARRETERA,NACIONAL,CALLAO,CALLAO,VENTANILLA,-11.91642125254102,-77.1289141925749,PE-20,10.43932030034188
2021-07-14,2021,7,2,0,1,0,ATROPELLO FUGA,EN PROCESO DE INVESTIGACIÓN,,CARRETERA,NACIONAL,LIMA,HUAURA,HUACHO,-11.159255736074789,-77.59199499462859,PE-1N,143.51524065746568
2021-07-15,2021,7,3,0,1,0,ATROPELLO,EN PROCESO DE INVESTIGACIÓN,ASFALTADA,CARRETERA,NACIONAL,LIMA,LIMA,SAN MARTIN DE PORRES,-12.018492884416814,-77.05971127194398,PE-1N,12.994538340862311
2021-07-15,2021,7,3,0,1,1,DESPISTE,NEGLIGENCIA DEL CONDUCTOR,ASFALTADA,CARRETERA,NACIONAL,SAN MARTIN,RIOJA,RIOJA,-6.031427,-77.206819,PE-5N,1085.8571793342155
2021-07-16,2021,7,4,0,1,0,ATROPELLO,EN PROCESO DE INVESTIGACIÓN,ASFALTADA,CARRETERA,NACIONAL,PIURA,AYABACA,PAIMAS,-4.624891353749046,-79.95898957912434,PE-1NT,25.082882696616156
2021-07-16,2021,7,4,0,1,0,ATROPELLO FUGA,EN PROCESO DE INVESTIGACIÓN,TROCHA,CARRETERA,NACIONAL,CALLAO,CALLAO,CALLAO,-11.988771741260638,-77.12541766532088,PE-20,18.55510972041805
2021-07-17,2021,7,5,0,1,0,DESPISTE,EN PROCESO DE INVESTIGACIÓN,ASFALTADA,CARRETERA,NACIONAL,HUANCAVELICA,HUAYTARA,PILPICHACA,-13.4521672174203,-74.9973989385413,PE-28A,174.1620392633921
2021-07-17,2021,7,5,0,1,0,CHOQUE,IMPRUDENCIA DEL CONDUCTOR,ASFALTADA,CARRETERA,NACIONAL,SAN MARTIN,LAMAS,TABALOSOS,-6.31581427443118,-76.7068584524363,PE-5N,1006.7108537160744
2021-07-17,2021,7,5,0,1,0,ATROPELLO FUGA,IMPRUDENCIA DEL CONDUCTOR,ASFALTADA,CARRETERA,NACIONAL,CALLAO,CALLAO,CALLAO,-12.001538390304228,-77.12682896429786,PE-20,8.488277592524089
2021-07-18,2021,7,6,0,1,0,ATROPELLO,IMPRUDENCIA DEL PEATÓN,ASFALTADA,CARRETERA,NACIONAL,LIMA,HUAURA,HUACHO,-11.11998170758802,-77.59402055291598,PE-1N,148.00889998229826
2021-07-18,2021,7,6,0,1,0,ATROPELLO,IMPRUDENCIA DEL PEATÓN,ASFALTADA,CARRETERA,NACIONAL,TACNA,TACNA,SAMA,-17.876742,-70.451452,PE-1S,1263.0814166257524
2021-07-18,2021,7,6,0,1,0,CHOQUE,EN PROCESO DE INVESTIGACIÓN,ASFALTADA,CARRETERA,NACIONAL,PIURA,TALARA,EL ALTO,-4.228173353940337,-81.17287156157471,PE-1N,1153.475475126286
2021-07-18,2021,7,6,0,1,1,CHOQUE FUGA,EN PROCESO DE INVESTIGACIÓN,,CARRETERA,NACIONAL,LIMA,HUAURA,VEGUETA,-10.92706561404527,-77.6518670560507,PE-1N,172.52822566386573
2021-07-18,2021,7,6,0,1,0,ATROPELLO FUGA,EN PROCESO DE INVESTIGACIÓN,ASFALTADA,CARRETERA,NACIONAL,AREQUIPA,AREQUIPA,CERRO COLORADO,-16.3122898,-71.6097602,PE-34A,48.14054517198062
2021-07-19,2021,7,0,0,1,1,DESPISTE,IMPRUDENCIA DEL CONDUCTOR,ASFALTADA,CARRETERA,NACIONAL,CAJAMARCA,CAJAMARCA,CAJAMARCA,-7.16536638,-78.4903542,PE-08B,1.333111797982515
2021-07-19,2021,7,0,0,1,0,ATROPELLO FUGA,EN PROCESO DE INVESTIGACIÓN,ASFALTADA,CARRETERA,NACIONAL,HUANUCO,AMBO,CONCHAMARCA,-10.076634,-76.218674,PE-3N,215.7070480243303
2021-07-19,2021,7,0,0,1,1,CHOQUE,IMPRUDENCIA DEL CONDUCTOR,ASFALTADA,CARRETERA,NACIONAL,LA LIBERTAD,PACASMAYO,PACASMAYO,-7.414561,-79.549833,PE-1N,675.8165228210539
2021-07-19,2021,7,0,0,1,0,CAÍDA DE PASAJERO,IMPRUDENCIA DEL CONDUCTOR,ASFALTADA,CARRETERA,NACIONAL,CALLAO,CALLAO,CALLAO,-11.944257565480138,-77.13135089364027,PE-20,13.526033549590656
2021-07-19,2021,7,0,0,1,0,CHOQUE,EN PROCESO DE INVESTIGACIÓN,ASFALTADA,CARRETERA,NACIONAL,ANCASH,SANTA,CHIMBOTE,-8.65878291287488,-78.26001658413668,PE-12,64.45940139374405
2021-07-19,2021,7,0,0,1,0,ATROPELLO,IMPRUDENCIA DEL CONDUCTOR,ASFALTADA,CARRETERA,NACIONAL,MOQUEGUA,ILO,ILO,-17.674146,-71.362063,PE-1SD,245.31704088345555
2021-07-21,2021,7,2,0,2,0,CHOQUE,IMPRUDENCIA DEL CONDUCTOR,ASFALTADA,CARRETERA,NACIONAL,LIMA,LIMA,SAN MARTIN DE PORRES,-11.996599900441687,-77.1126382063782,PE-20B,6.314
2021-07-22,2021,7,3,0,1,0,ATROPELLO,IMPRUDENCIA DEL PEATÓN,ASFALTADA,CARRETERA,NACIONAL,CALLAO,CALLAO,CALLAO,-12.044608902861452,-77.12655512713319,PE-20,13.339080132794264
2021-07-22,2021,7,3,0,1,0,DESPISTE,IMPRUDENCIA DEL CONDUCTOR,ASFALTADA,CARRETERA,NACIONAL,CUSCO,QUISPICANCHI,MARCAPATA,-13.60481,-71.05254,PE-30C,107.65666194469588
2021-07-22,2021,7,3,0,1,0,CHOQUE,EN PROCESO DE INVESTIGACIÓN,ASFALTADA,CARRETERA,NACIONAL,PIURA,SECHURA,SECHURA,-5.5149555,-80.8180217,PE-1NK,42.88873718095308
2021-07-22,2021,7,3,0,1,1,CHOQUE,EN PROCESO DE INVESTIGACIÓN,ASFALTADA,CARRETERA,NACIONAL,LIMA,BARRANCA,PATIVILCA,-10.679559589668054,-77.7163400820985,PE-16A,11.377300716908806
2021-07-22,2021,7,3,0,1,1,DESPISTE,EN PROCESO DE INVESTIGACIÓN,ASFALTADA,CARRETERA,NACIONAL,AREQUIPA,CAMANA,SAMUEL PASTOR,-16.65850694762996,-72.62754665518834,PE-1S,844.4892383496185
2021-07-24,2021,7,5,0,1,1,ATROPELLO,IMPRUDENCIA DEL CONDUCTOR,ASFALTADA,CARRETERA,NACIONAL,LA LIBERTAD,CHEPEN,PACANGA,-7.17782,-79.437801,PE-1N,711.9556325302302
2021-07-24,2021,7,5,0,1,0,DESPISTE,IMPRUDENCIA DEL CONDUCTOR,ASFALTADA,CARRETERA,NACIONAL,LIMA,LIMA,SAN JUAN DE MIRAFLORES,-12.161923483339992,-76.98217035419115,PE-1S,11.999061372607116
2021-07-24,2021,7,5,0,2,0,DESPISTE,IMPRUDENCIA DEL CONDUCTOR,ASFALTADA,CARRETERA,NACIONAL,LA LIBERTAD,SANCHEZ CARRION,HUAMACHUCO,-7.879601,-78.115746,PE-3N,1086.6664999259635
2021-07-24,2021,7,5,0,1,1,CHOQUE,IMPRUDENCIA DEL CONDUCTOR,ASFALTADA,CARRETERA,NACIONAL,LIMA,LIMA,CARABAYLLO,-11.7697199377438,-76.9776987730433,PE-20A,27.008640836306483
2021-07-24,2021,7,5,0,1,0,CHOQUE,EN PROCESO DE INVESTIGACIÓN,ASFALTADA,CARRETERA,NACIONAL,AREQUIPA,AREQUIPA,LA JOYA,-16.4900947,-71.8785765,PE-1S,954.525800605402
2021-07-25,2021,7,6,0,1,0,CHOQUE,IMPRUDENCIA DEL CONDUCTOR,CONCRETO,CARRETERA,NACIONAL,JUNIN,JUNIN,JUNIN,-11.133637,-75.991793,PE-3N,56.01781096307107
2021-07-25,2021,7,6,0,1,1,CHOQUE,IMPRUDENCIA DEL CONDUCTOR,ASFALTADA,CARRETERA,NACIONAL,TACNA,TACNA,CIUDAD NUEVA,-17.912879,-70.25429,PE-38,13.621974134628823
2021-07-25,2021,7,6,0,1,1,DESPISTE,EN PROCESO DE INVESTIGACIÓN,ASFALTADA,CARRETERA,NACIONAL,HUANCAVELICA,CASTROVIRREYNA,CAPILLAS,-13.36776,-75.753572,PE-26,51.33208144265974
2021-07-25,2021,7,6,0,1,4,CHOQUE,IMPRUDENCIA DEL CONDUCTOR,ASFALTADA,CARRETERA,NACIONAL,PUNO,SAN ROMAN,CARACOTO,-15.542887851004048,-70.11173133097323,PE-3S,1325.285098818856
2021-07-26,2021,7,0,0,1,0,ATROPELLO FUGA,IMPRUDENCIA DEL CONDUCTOR,ASFALTADA,CARRETERA,NACIONAL,LIMA,LIMA,LURIN,-12.27417798072395,-76.89269725178508,PE-1S,29.634026386163157
2021-07-26,2021,7,0,0,1,0,ATROPELLO FUGA,EN PROCESO DE INVESTIGACIÓN,ASFALTADA,CARRETERA,NACIONAL,PUNO,PUNO,PICHACANI,-16.15886424789081,-70.0763590190361,PE-36B,116.8939723213566
2021-07-26,2021,7,0,0,1,0,DESPISTE,IMPRUDENCIA DEL CONDUCTOR,ASFALTADA,CARRETERA,NACIONAL,TACNA,TARATA,ESTIQUE,-17.683828,-70.090605,PE-38,49.13396697033904
2021-07-26,2021,7,0,0,1,0,CHOQUE FUGA,EN PROCESO DE INVESTIGACIÓN,ASFALTADA,CARRETERA,NACIONAL,PIURA,SULLANA,IGNACIO ESCUDERO,-4.845828788121268,-80.88498466459286,PE-1N,1055.313596728579
2021-07-27,2021,7,1,0,1,0,CHOQUE,EN PROCESO DE INVESTIGACIÓN,ASFALTADA,CARRETERA,NACIONAL,ANCASH,SANTA,NEPEÑA,-9.19170848429488,-78.46640674787727,PE-1N,424.7475250277423
2021-07-27,2021,7,1,0,1,0,ATROPELLO,EN PROCESO DE INVESTIGACIÓN,ASFALTADA,CARRETERA,NACIONAL,ANCASH,CASMA,COMANDANTE NOEL,-9.426593350318022,-78.36302120525744,PE-1N,383.7926630024484
2021-07-27,2021,7,1,0,1,0,ATROPELLO FUGA,EN PROCESO DE INVESTIGACIÓN,ASFALTADA,CARRETERA,NACIONAL,CAJAMARCA,CAJABAMBA,CAJABAMBA,-7.613195,-78.053616,PE-3N,1155.8300890840944
2021-07-27,2021,7,1,0,1,1,DESPISTE,IMPRUDENCIA DEL CONDUCTOR,ASFALTADA,CARRETERA,NACIONAL,ANCASH,BOLOGNESI,CAJACAY,-10.153448460439156,-77.43872082583397,PE-16,90.24047116978024
2021-07-27,2021,7,1,0,1,0,ATROPELLO FUGA,EN PROCESO DE INVESTIGACIÓN,ASFALTADA,CARRETERA,NACIONAL,CUSCO,QUISPICANCHI,ANDAHUAYLILLAS,-13.674539,-71.669498,PE-3S,1012.5371707967614
2021-07-27,2021,7,1,0,1,0,DESPISTE,EN PROCESO DE INVESTIGACIÓN,ASFALTADA,CARRETERA,NACIONAL,PIURA,SECHURA,VICE,-5.44151,-80.81274,PE-1NK,34.426207140955675
2021-07-28,2021,7,2,0,1,0,CHOQUE,NEGLIGENCIA DEL CONDUCTOR,ASFALTADA,CARRETERA,NACIONAL,PUNO,EL COLLAO,ILAVE,-16.1573249503931,-69.55000696037474,PE-3S,1429.8907861541077
2021-07-28,2021,7,2,0,1,0,CHOQUE,IMPRUDENCIA DEL CONDUCTOR,ASFALTADA,CARRETERA,NACIONAL,LIMA,LIMA,SANTIAGO DE SURCO,-12.122129181041265,-76.97709000235113,PE-1S,7.466105658137235
2021-07-28,2021,7,2,0,1,0,CHOQUE,EN PROCESO DE INVESTIGACIÓN,ASFALTADA,CARRETERA,NACIONAL,AREQUIPA,ISLAY,DEAN VALDIVIA,-17.140725,-71.801246,PE-1SD,136.51588290829164
2021-07-29,2021,7,3,0,1,0,ATROPELLO FUGA,EN PROCESO DE INVESTIGACIÓN,ASFALTADA,CARRETERA,NACIONAL,JUNIN,JAUJA,MUQUI,-11.8443335,-75.4282329,PE-3SB,7.963982650871346
2021-07-29,2021,7,3,0,1,0,CHOQUE,EN PROCESO DE INVESTIGACIÓN,ASFALTADA,CARRETERA,NACIONAL,PIURA,PIURA,VEINTISEIS DE OCTUBRE,-5.144777,-80.697911,PE-1N,1003.3391976713286
2021-07-29,2021,7,3,0,1,1,DESPISTE,EN PROCESO DE INVESTIGACIÓN,ASFALTADA,CARRETERA,NACIONAL,HUANCAVELICA,HUAYTARA,PILPICHACA,-13.3719266755726,-74.9434985220271,PE-28A,196.32520671552123
2021-07-29,2021,7,3,0,1,0,CHOQUE,EN PROCESO DE INVESTIGACIÓN,ASFALTADA,CARRETERA,NACIONAL,HUANCAVELICA,ANGARAES,LIRCAY,-13.088449,-74.622072,PE-26B,100.68192093432444
2021-07-29,2021,7,3,0,1,0,ATROPELLO FUGA,EN PROCESO DE INVESTIGACIÓN,ASFALTADA,CARRETERA,NACIONAL,JUNIN,JAUJA,LEONOR ORDOÑEZ,-11.866267,-75.411093,PE-3SB,11.021884077143632
2021-07-30,2021,7,4,0,1,0,CHOQUE,EN PROCESO DE INVESTIGACIÓN,ASFALTADA,CARRETERA,NACIONAL,AREQUIPA,AREQUIPA,CERRO COLORADO,-16.344685,-71.581465,PE-34A,43.10899619239783
2021-07-30,2021,7,4,0,1,1,ATROPELLO,IMPRUDENCIA DEL PEATÓN,ASFALTADA,CARRETERA,NACIONAL,LAMBAYEQUE,LAMBAYEQUE,JAYANCA,-6.3369347926516175,-79.76568276892179,PE-1NJ,42.96991686571437
2021-07-31,2021,7,5,0,1,0,CHOQUE,EN PROCESO DE INVESTIGACIÓN,ASFALTADA,CARRETERA,NACIONAL,LA LIBERTAD,PACASMAYO,PACASMAYO,-7.397249,-79.557872,PE-1N,678.1358093692329
2021-07-31,2021,7,5,0,1,0,VOLCADURA,IMPRUDENCIA DEL CONDUCTOR,ASFALTADA,CARRETERA,NACIONAL,APURIMAC,ANDAHUAYLAS,ANDAHUAYLAS,-13.665293,-73.383853,PE-30B,177.71258805434354
2021-08-01,2021,8,6,0,2,1,ATROPELLO,EN PROCESO DE INVESTIGACIÓN,ASFALTADA,CARRETERA,NACIONAL,ICA,ICA,SANTIAGO,-14.206483,-75.714058,PE-1S,313.95285154728106
2021-08-01,2021,8,6,0,1,0,VOLCADURA,IMPRUDENCIA DEL CONDUCTOR,ASFALTADA,CARRETERA,NACIONAL,CAJAMARCA,CONTUMAZA,YONAN,-7.253871,-79.079097,PE-08,55.92865596230196
2021-08-01,2021,8,6,0,1,1,ATROPELLO,IMPRUDENCIA DEL CONDUCTOR,ASFALTADA,CARRETERA,NACIONAL,CUSCO,CANCHIS,SICUANI,-14.22136,-71.28799,PE-3S,1104.3852274319788
2021-08-01,2021,8,6,0,1,0,ATROPELLO,EN PROCESO DE INVESTIGACIÓN,ASFALTADA,CARRETERA,NACIONAL,LAMBAYEQUE,LAMBAYEQUE,MORROPE,-6.595664,-79.976538,PE-1N,808.7149340833513
2021-08-01,2021,8,6,0,1,0,CHOQUE,IMPRUDENCIA DEL CONDUCTOR,ASFALTADA,CARRETERA,NACIONAL,PUNO,CARABAYA,MACUSANI,-14.1704231,-70.3346811,PE-34B,164.8766199664182
2021-08-01,2021,8,6,0,1,0,ATROPELLO FUGA,EN PROCESO DE INVESTIGACIÓN,ASFALTADA,CARRETERA,NACIONAL,PIURA,HUANCABAMBA,HUANCABAMBA,-5.25665757,-79.46255343,PE-02A,141.5340286206342
2021-08-01,2021,8,6,0,1,0,CHOQUE,IMPRUDENCIA DEL CONDUCTOR,ASFALTADA,CARRETERA,NACIONAL,ANCASH,RECUAY,RECUAY,-9.723791969787198,-77.45699374041939,PE-3N,554.0939955619604
2021-08-01,2021,8,6,0,1,0,CHOQUE CON OBJETO FIJO,EN PROCESO DE INVESTIGACIÓN,ASFALTADA,CARRETERA,NACIONAL,LIMA,LIMA,SAN MARTIN DE PORRES,-12.020936452251252,-77.05918365829173,PE-1N,12.720636201834678
2021-08-02,2021,8,0,0,1,2,CHOQUE,EN PROCESO DE INVESTIGACIÓN,ASFALTADA,CARRETERA,NACIONAL,PIURA,SULLANA,SULLANA,-5.01321,-80.70007,PE-1N,1018.4880669358696
2021-08-02,2021,8,0,0,1,3,DESPISTE,EN PROCESO DE INVESTIGACIÓN,ASFALTADA,CARRETERA,NACIONAL,HUANCAVELICA,CASTROVIRREYNA,ARMA,-13.1208769860007,-75.5427216953769,PE-26,105.27473792023504
2021-08-02,2021,8,0,0,1,0,DESPISTE,EN PROCESO DE INVESTIGACIÓN,ASFALTADA,CARRETERA,NACIONAL,LIMA,LIMA,SAN BARTOLO,-12.38429587608215,-76.77102851603604,PE-1S,47.93857153104096
2021-08-03,2021,8,1,0,2,1,CHOQUE,NEGLIGENCIA DEL CONDUCTOR,ASFALTADA,CARRETERA,NACIONAL,AYACUCHO,LA MAR,TAMBO,-12.962231,-74.076273,PE-28B,42.64339864581968
2021-08-03,2021,8,1,0,1,0,ATROPELLO FUGA,EN PROCESO DE INVESTIGACIÓN,ASFALTADA,CARRETERA,NACIONAL,LAMBAYEQUE,CHICLAYO,LA VICTORIA,-6.817081171582661,-79.82943875697003,PE-1N,774.0512792978125
2021-08-03,2021,8,1,0,1,4,DESPISTE,IMPRUDENCIA DEL CONDUCTOR,ASFALTADA,CARRETERA,NACIONAL,SAN MARTIN,SAN MARTIN,LA BANDA DE SHILCAYO,-6.49832,-76.340749,PE-5NB,1.5681361245077037
2021-08-04,2021,8,2,0,1,1,CHOQUE,IMPRUDENCIA DEL CONDUCTOR,ASFALTADA,CARRETERA,NACIONAL,LAMBAYEQUE,LAMBAYEQUE,OLMOS,-6.281792018219773,-80.30686674668517,PE-1N,860.0286367701755
2021-08-04,2021,8,2,0,1,1,CHOQUE,IMPRUDENCIA DEL CONDUCTOR,ASFALTADA,CARRETERA,NACIONAL,LA LIBERTAD,CHEPEN,PACANGA,-7.168367,-79.440414,PE-1N,713.0459316186674
2021-08-05,2021,8,3,0,1,2,CHOQUE FUGA,EN PROCESO DE INVESTIGACIÓN,ASFALTADA,CARRETERA,NACIONAL,LAMBAYEQUE,CHICLAYO,PIMENTEL,-6.7767084,-79.8745727,PE-1N,782.4122257457808
2021-08-05,2021,8,3,0,1,0,CHOQUE,EN PROCESO DE INVESTIGACIÓN,ASFALTADA,CARRETERA,NACIONAL,JUNIN,SATIPO,PANGOA,-11.408608463246155,-74.48906960331489,PE-28C,254.5934358924789
2021-08-05,2021,8,3,0,1,0,DESPISTE,EN PROCESO DE INVESTIGACIÓN,ASFALTADA,CARRETERA,NACIONAL,ANCASH,HUARMEY,HUARMEY,-9.999281556007912,-78.18488797955541,PE-1N,301.84905420905767
2021-08-05,2021,8,3,0,1,1,CHOQUE,NEGLIGENCIA DEL CONDUCTOR,ASFALTADA,CARRETERA,NACIONAL,PUNO,SAN ROMAN,CABANILLAS,-15.6535889,-70.3585267,PE-34A,269.32620306999297
2021-08-05,2021,8,3,0,1,0,CHOQUE,IMPRUDENCIA DEL CONDUCTOR,ASFALTADA,CARRETERA,NACIONAL,CAJAMARCA,CAJABAMBA,CAJABAMBA,-7.61178933,-78.05854328,PE-3N,1156.3905308548583
2021-08-05,2021,8,3,0,1,0,CHOQUE,IMPRUDENCIA DEL CONDUCTOR,ASFALTADA,CARRETERA,NACIONAL,LAMBAYEQUE,CHICLAYO,TUMAN,-6.744491581501243,-79.68672388694293,PE-06A,23.918631387224124
2021-08-05,2021,8,3,0,1,0,ATROPELLO FUGA,EN PROCESO DE INVESTIGACIÓN,ASFALTADA,CARRETERA,NACIONAL,LA LIBERTAD,TRUJILLO,HUANCHACO,-8.128608,-79.072843,PE-1N,568.3289079751743
2021-08-05,2021,8,3,0,1,0,CAÍDA DE PASAJERO,EN PROCESO DE INVESTIGACIÓN,,CARRETERA,NACIONAL,LAMBAYEQUE,LAMBAYEQUE,LAMBAYEQUE,-6.626742,-79.888111,PE-1NJ,6.432721835335287
2021-08-05,2021,8,3,0,1,0,CHOQUE,IMPRUDENCIA DEL CONDUCTOR,ASFALTADA,CARRETERA,NACIONAL,ANCASH,RECUAY,CATAC,-10.136476105001297,-77.30179868370803,PE-16,121.0300749000765
2021-08-06,2021,8,4,0,1,2,CHOQUE,EN PROCESO DE INVESTIGACIÓN,ASFALTADA,CARRETERA,NACIONAL,CUSCO,URUBAMBA,URUBAMBA,-13.277328,-72.209828,PE-28B,610.1422640222056
2021-08-06,2021,8,4,0,1,0,DESPISTE,EN PROCESO DE INVESTIGACIÓN,,CARRETERA,NACIONAL,MOQUEGUA,MARISCAL NIETO,MOQUEGUA,-17.266918,-71.190611,PE-1S,1106.9257901010749
2021-08-06,2021,8,4,0,1,1,VOLCADURA,IMPRUDENCIA DEL CONDUCTOR,ASFALTADA,CARRETERA,NACIONAL,LA LIBERTAD,VIRU,VIRU,-8.486936,-78.695287,PE-1N,503.9462186573732
2021-08-06,2021,8,4,0,1,0,ATROPELLO,IMPRUDENCIA DEL CONDUCTOR,ASFALTADA,CARRETERA,NACIONAL,PUNO,AZANGARO,AZANGARO,-14.899844350752929,-70.19152211824833,PE-34B,50.47834850176416
2021-08-06,2021,8,4,0,1,0,ATROPELLO,EN PROCESO DE INVESTIGACIÓN,AFIRMADO,CARRETERA,NACIONAL,ANCASH,HUARI,UCO,-9.210169251087024,-76.94633119681846,PE-14A,141.5501581556827
2021-08-06,2021,8,4,0,1,0,ATROPELLO,IMPRUDENCIA DEL PEATÓN,ASFALTADA,CARRETERA,NACIONAL,PUNO,SAN ROMAN,CABANILLAS,-15.671918992152094,-70.37607365423928,PE-34A,266.4698484563885
2021-08-07,2021,8,5,0,1,0,CHOQUE,IMPRUDENCIA DEL CONDUCTOR,ASFALTADA,CARRETERA,NACIONAL,LAMBAYEQUE,CHICLAYO,POMALCA,-6.765193006862402,-79.73642526223388,PE-06A,16.556124752848504
2021-08-07,2021,8,5,0,3,2,DESPISTE,EN PROCESO DE INVESTIGACIÓN,ASFALTADA,CARRETERA,NACIONAL,HUANCAVELICA,CASTROVIRREYNA,TICRAPO,-13.4647297908054,-75.4726935919309,PE-28D,15.768044734518067
2021-08-07,2021,8,5,0,1,2,CHOQUE,IMPRUDENCIA DEL CONDUCTOR,ASFALTADA,CARRETERA,NACIONAL,LIMA,BARRANCA,PARAMONGA,-10.43982860426835,-77.72763843361777,PE-16,28.05997536958065
2021-08-07,2021,8,5,0,1,0,CHOQUE FUGA,EN PROCESO DE INVESTIGACIÓN,ASFALTADA,CARRETERA,NACIONAL,LIMA,LIMA,LOS OLIVOS,-11.95932691237056,-77.06894151054783,PE-1N,19.594610887081288
2021-08-08,2021,8,6,0,1,3,CHOQUE,EN PROCESO DE INVESTIGACIÓN,ASFALTADA,CARRETERA,NACIONAL,AREQUIPA,AREQUIPA,SAN JUAN DE TARUCANI,-16.056325,-71.351488,PE-34A,120.87819350463184
2021-08-08,2021,8,6,0,1,0,CHOQUE,EN PROCESO DE INVESTIGACIÓN,ASFALTADA,CARRETERA,NACIONAL,PIURA,SULLANA,SULLANA,-4.91808,-80.69704,PE-1N,1029.0406992807398
2021-08-08,2021,8,6,0,1,2,CHOQUE,IMPRUDENCIA DEL CONDUCTOR,ASFALTADA,CARRETERA,NACIONAL,CUSCO,CUSCO,SAYLLA,-13.5670037299904,-71.8330807948842,PE-3S,989.1032600423172
2021-08-09,2021,8,0,0,4,0,DESPISTE,EN PROCESO DE INVESTIGACIÓN,TROCHA,CARRETERA,NACIONAL,PIURA,AYABACA,AYABACA,-4.707886182295068,-79.8152446530959,PE-1NT,60.78382352067644
2021-08-09,2021,8,0,0,1,0,ATROPELLO,IMPRUDENCIA DEL PEATÓN,ASFALTADA,CARRETERA,NACIONAL,LA LIBERTAD,VIRU,VIRU,-8.413602,-78.795044,PE-1N,517.8446730108833
2021-08-09,2021,8,0,0,2,3,CHOQUE,EN PROCESO DE INVESTIGACIÓN,ASFALTADA,CARRETERA,NACIONAL,AMAZONAS,LUYA,TINGO,-6.3665074,-77.9123043,PE-08B,292.3336010412499
2021-08-09,2021,8,0,0,1,0,ATROPELLO,IMPRUDENCIA DEL PEATÓN,ASFALTADA,CARRETERA,NACIONAL,PUNO,AZANGARO,SAN ANTON,-14.3762327,-70.2723183,PE-34B,131.1050879588235
2021-08-09,2021,8,0,0,1,1,CHOQUE,IMPRUDENCIA DEL CONDUCTOR,ASFALTADA,CARRETERA,NACIONAL,ICA,NASCA,NASCA,-14.9557571,-74.9865888,PE-1S,461.20159110139
2021-08-09,2021,8,0,0,1,0,CHOQUE,IMPRUDENCIA DEL CONDUCTOR,ASFALTADA,CARRETERA,NACIONAL,APURIMAC,ANDAHUAYLAS,ANDAHUAYLAS,-13.663746,-73.401938,PE-3S,627.7038576692598
2021-08-10,2021,8,1,0,1,0,ATROPELLO,IMPRUDENCIA DEL CONDUCTOR,ASFALTADA,CARRETERA,NACIONAL,LA LIBERTAD,PACASMAYO,PACASMAYO,-7.401758,-79.558541,PE-1N,677.6315050330476
2021-08-10,2021,8,1,0,1,0,CHOQUE,EN PROCESO DE INVESTIGACIÓN,ASFALTADA,CARRETERA,NACIONAL,AREQUIPA,CAYLLOMA,MAJES,-16.52672749,-72.47583574,PE-1S,872.8558053154592
2021-08-10,2021,8,1,0,2,4,CHOQUE,EN PROCESO DE INVESTIGACIÓN,ASFALTADA,CARRETERA,NACIONAL,AREQUIPA,AREQUIPA,SAN JUAN DE TARUCANI,-16.0533172,-71.3398551,PE-34A,122.23133907726964
2021-08-11,2021,8,2,0,1,0,DESPISTE,IMPRUDENCIA DEL CONDUCTOR,ASFALTADA,CARRETERA,NACIONAL,PUNO,EL COLLAO,ILAVE,-16.094536571516453,-69.62836501823872,PE-38A,82.50330145709779
2021-08-11,2021,8,2,0,1,0,CHOQUE,IMPRUDENCIA DEL CONDUCTOR,TROCHA,CARRETERA,NACIONAL,PUNO,PUNO,ACORA,-16.016363487328523,-69.74656868360596,PE-3S,1403.8949112054029
2021-08-12,2021,8,3,0,3,0,CHOQUE,EN PROCESO DE INVESTIGACIÓN,ASFALTADA,CARRETERA,NACIONAL,ANCASH,HUARMEY,HUARMEY,-10.018976475818723,-78.1714024188635,PE-1N,299.18501991946755
2021-08-12,2021,8,3,0,1,0,ATROPELLO FUGA,EN PROCESO DE INVESTIGACIÓN,ASFALTADA,CARRETERA,NACIONAL,LIMA,BARRANCA,PARAMONGA,-10.409898606576563,-77.70758590407858,PE-16,32.59923623562484
2021-08-12,2021,8,3,0,1,0,ATROPELLO,NEGLIGENCIA DEL CONDUCTOR,ASFALTADA,CARRETERA,NACIONAL,LA LIBERTAD,PACASMAYO,GUADALUPE,-7.260811,-79.488582,PE-1N,698.3197460432407
2021-08-13,2021,8,4,0,1,1,DESPISTE,IMPRUDENCIA DEL CONDUCTOR,ASFALTADA,CARRETERA,NACIONAL,LIMA,OYON,PACHANGARA,-10.79902,-76.877347,PE-18,109.80784539039274
2021-08-13,2021,8,4,0,2,0,CHOQUE,IMPRUDENCIA DEL CONDUCTOR,ASFALTADA,CARRETERA,NACIONAL,LA LIBERTAD,VIRU,GUADALUPITO,-8.960879,-78.628476,PE-1N,446.97552346770806
2021-08-14,2021,8,5,0,2,0,DESPISTE,IMPRUDENCIA DEL CONDUCTOR,ASFALTADA,CARRETERA,NACIONAL,AYACUCHO,CANGALLO,PARAS,-13.3600941935845,-74.7363379894998,PE-28A,236.33870593432167
2021-08-14,2021,8,5,0,1,0,ATROPELLO FUGA,IMPRUDENCIA DEL PEATÓN,ASFALTADA,CARRETERA,NACIONAL,PUNO,SAN ROMAN,JULIACA,-15.522635296777686,-70.18038200269928,PE-34A,293.8658525114395
2021-08-14,2021,8,5,0,1,1,DESPISTE,EN PROCESO DE INVESTIGACIÓN,ASFALTADA,CARRETERA,NACIONAL,PIURA,HUANCABAMBA,HUARMACA,-5.632853,-79.539087,PE-3N,1675.6533021206135
2021-08-14,2021,8,5,0,1,0,ATROPELLO FUGA,EN PROCESO DE INVESTIGACIÓN,ASFALTADA,CARRETERA,NACIONAL,PUNO,CHUCUITO,ZEPITA,-16.579315890548937,-69.23732047953027,PE-36A,281.45129663399035
2021-08-14,2021,8,5,0,1,0,DESPISTE,EN PROCESO DE INVESTIGACIÓN,ASFALTADA,CARRETERA,NACIONAL,AREQUIPA,CAYLLOMA,SAN ANTONIO DE CHUCA,-15.7107648,-71.0535778,PE-34J,8.594975426696646
2021-08-14,2021,8,5,0,1,0,ATROPELLO,IMPRUDENCIA DEL PEATÓN,ASFALTADA,CARRETERA,NACIONAL,PUNO,SANDIA,SAN PEDRO DE PUTINA PUNCO,-14.124600416139788,-69.06971989553416,PE-34H,323.0425652001225
2021-08-14,2021,8,5,0,1,1,CHOQUE,EN PROCESO DE INVESTIGACIÓN,ASFALTADA,CARRETERA,NACIONAL,PIURA,PIURA,PIURA,-5.108808,-80.70334,PE-1N,1007.8487585265344
2021-08-15,2021,8,6,0,4,8,VOLCADURA,EN PROCESO DE INVESTIGACIÓN,ASFALTADA,CARRETERA,NACIONAL,AREQUIPA,AREQUIPA,YURA,-16.0773788,-71.5119481,PE-34A,100.77188862536774
2021-08-15,2021,8,6,0,1,0,DESPISTE,EN PROCESO DE INVESTIGACIÓN,,CARRETERA,NACIONAL,APURIMAC,ABANCAY,PICHIRHUA,-13.897412,-73.045318,PE-30A,413.7109372623866
2021-08-15,2021,8,6,0,2,13,CHOQUE,IMPRUDENCIA DEL CONDUCTOR,ASFALTADA,CARRETERA,NACIONAL,LA LIBERTAD,ASCOPE,CHICAMA,-7.905446,-79.117592,PE-1N,595.8512853203076
2021-08-15,2021,8,6,0,1,2,CHOQUE,EN PROCESO DE INVESTIGACIÓN,ASFALTADA,CARRETERA,NACIONAL,AREQUIPA,AREQUIPA,CERRO COLORADO,-16.344693541797753,-71.58154509738962,PE-34A,43.10804907605182
2021-08-16,2021,8,0,0,1,1,CHOQUE,IMPRUDENCIA DEL CONDUCTOR,ASFALTADA,CARRETERA,NACIONAL,LIMA,BARRANCA,PATIVILCA,-10.67480465875352,-77.7820020705566,PE-16A,1.3945134406221469
2021-08-16,2021,8,0,0,1,0,CHOQUE,EN PROCESO DE INVESTIGACIÓN,ASFALTADA,CARRETERA,NACIONAL,PIURA,SULLANA,IGNACIO ESCUDERO,-4.847456,-80.862573,PE-1N,1052.8164730705616
2021-08-17,2021,8,1,0,1,0,DESPISTE,IMPRUDENCIA DEL CONDUCTOR,ASFALTADA,CARRETERA,NACIONAL,LIMA,HUAURA,HUACHO,-11.415470624925003,-77.3721247536458,PE-18,0.0137415054024994
2021-08-17,2021,8,1,0,1,0,CHOQUE,IMPRUDENCIA DEL CONDUCTOR,ASFALTADA,CARRETERA,NACIONAL,PUNO,SAN ROMAN,JULIACA,-15.481624085932646,-70.13807659980661,PE-34A,300.6586177778174
2021-08-17,2021,8,1,0,1,0,CHOQUE,EN PROCESO DE INVESTIGACIÓN,ASFALTADA,CARRETERA,NACIONAL,AREQUIPA,CAMANA,SAMUEL PASTOR,-16.63406,-72.69027,PE-1S,836.2804933559617
2021-08-17,2021,8,1,0,1,0,DESPISTE,IMPRUDENCIA DEL CONDUCTOR,ASFALTADA,CARRETERA,NACIONAL,CUSCO,QUISPICANCHI,OCONGATE,-13.63413,-71.414767,PE-30C,51.35251553880758
2021-08-18,2021,8,2,0,1,3,CHOQUE,IMPRUDENCIA DEL CONDUCTOR,ASFALTADA,CARRETERA,NACIONAL,LAMBAYEQUE,LAMBAYEQUE,OLMOS,-5.716098575425028,-79.89015333284517,PE-1NJ,125.9585260568824
2021-08-18,2021,8,2,0,1,0,ATROPELLO FUGA,EN PROCESO DE INVESTIGACIÓN,ASFALTADA,CARRETERA,NACIONAL,LIMA,LIMA,ANCON,-11.766540978342896,-77.1585640015816,PE-1N,45.16770660029879
2021-08-19,2021,8,3,0,1,0,ESPECIAL,EN PROCESO DE INVESTIGACIÓN,ASFALTADA,CARRETERA,NACIONAL,LIMA,LIMA,ATE,-12.009152403430903,-76.8665668308386,PE-22,14.773601851529298
2021-08-20,2021,8,4,0,1,3,CHOQUE,EN PROCESO DE INVESTIGACIÓN,ASFALTADA,CARRETERA,NACIONAL,LA LIBERTAD,TRUJILLO,SALAVERRY,-8.223941,-78.947018,PE-1N,546.1965909231242
2021-08-20,2021,8,4,0,1,0,CHOQUE,EN PROCESO DE INVESTIGACIÓN,ASFALTADA,CARRETERA,NACIONAL,PIURA,SECHURA,CRISTO NOS VALGA,-5.556816,-80.5833767,PE-1N,951.3051889356852
2021-08-20,2021,8,4,0,1,0,CHOQUE,EN PROCESO DE INVESTIGACIÓN,ASFALTADA,CARRETERA,NACIONAL,JUNIN,TARMA,PALCA,-11.284677252964508,-75.56587403945369,PE-22B,61.44364643196741
2021-08-20,2021,8,4,0,1,0,DESPISTE,EN PROCESO DE INVESTIGACIÓN,ASFALTADA,CARRETERA,NACIONAL,HUANCAVELICA,HUANCAVELICA,YAULI,-12.72358,-74.91105,PE-26,242.0585367909533
2021-08-21,2021,8,5,0,1,0,CHOQUE,IMPRUDENCIA DEL CONDUCTOR,ASFALTADA,CARRETERA,NACIONAL,SAN MARTIN,PICOTA,PICOTA,-6.915948,-76.331708,PE-5N,884.3660181291524
2021-08-21,2021,8,5,0,1,0,ATROPELLO FUGA,IMPRUDENCIA DEL CONDUCTOR,ASFALTADA,CARRETERA,NACIONAL,CUSCO,CUSCO,SAYLLA,-13.576465,-71.818137,PE-3S,991.0412515741484
2021-08-22,2021,8,6,0,1,0,ATROPELLO FUGA,EN PROCESO DE INVESTIGACIÓN,ASFALTADA,CARRETERA,NACIONAL,LAMBAYEQUE,CHICLAYO,PIMENTEL,-6.74260038811071,-79.87630776178625,PE-1N,788.0713218530225
2021-08-22,2021,8,6,0,1,6,CHOQUE,EN PROCESO DE INVESTIGACIÓN,ASFALTADA,CARRETERA,NACIONAL,PIURA,PIURA,TAMBO GRANDE,-5.146997,-80.399774,PE-1NJ,241.12212466990852
2021-08-22,2021,8,6,0,1,0,ATROPELLO,EN PROCESO DE INVESTIGACIÓN,ASFALTADA,CARRETERA,NACIONAL,LA LIBERTAD,CHEPEN,CHEPEN,-7.192562,-79.429835,PE-1N,710.0553393699784
2021-08-22,2021,8,6,0,1,0,ATROPELLO FUGA,IMPRUDENCIA DEL PEATÓN,ASFALTADA,CARRETERA,NACIONAL,ANCASH,RECUAY,CATAC,-10.123422660189847,-77.2917998883457,PE-3N,500.3256503464154
2021-08-22,2021,8,6,0,1,0,ATROPELLO,IMPRUDENCIA DEL CONDUCTOR,ASFALTADA,CARRETERA,NACIONAL,CUSCO,CUSCO,SAYLLA,-13.574089,-71.822298,PE-3S,990.5189838465268
2021-08-22,2021,8,6,0,1,1,ATROPELLO,EN PROCESO DE INVESTIGACIÓN,ASFALTADA,CARRETERA,NACIONAL,ANCASH,CARHUAZ,CARHUAZ,-9.290181130686992,-77.63631689737846,PE-3N,611.7423628224028
2021-08-22,2021,8,6,0,1,0,ATROPELLO,EN PROCESO DE INVESTIGACIÓN,ASFALTADA,CARRETERA,NACIONAL,PIURA,PIURA,CURA MORI,-5.406318,-80.612744,PE-1N,968.2774282753418
2021-08-22,2021,8,6,0,1,0,CHOQUE,EN PROCESO DE INVESTIGACIÓN,ASFALTADA,CARRETERA,NACIONAL,JUNIN,CHANCHAMAYO,PERENE,-10.887453951344517,-74.96213591334514,PE-5S,47.758975138848825
2021-08-22,2021,8,6,0,1,0,CHOQUE,IMPRUDENCIA DEL CONDUCTOR,ASFALTADA,CARRETERA,NACIONAL,SAN MARTIN,LAMAS,LAMAS,-6.4786,-76.5049,PE-5N,964.097655567551
2021-08-22,2021,8,6,0,1,0,ATROPELLO,IMPRUDENCIA DEL PEATÓN,ASFALTADA,CARRETERA,NACIONAL,PUNO,SAN ROMAN,CABANILLAS,-15.6604137,-70.3640193,PE-34A,268.3530139805035
2021-08-22,2021,8,6,0,1,0,ATROPELLO,EN PROCESO DE INVESTIGACIÓN,ASFALTADA,CARRETERA,NACIONAL,LIMA,LIMA,SAN BARTOLO,-12.385301876174216,-76.77000388201724,PE-1S,48.09717615632389
2021-08-22,2021,8,6,0,1,0,DESPISTE,EN PROCESO DE INVESTIGACIÓN,,CARRETERA,NACIONAL,APURIMAC,ABANCAY,CIRCA,-13.788102,-72.947077,PE-30A,433.3989549847586
2021-08-22,2021,8,6,0,1,1,CHOQUE,EN PROCESO DE INVESTIGACIÓN,ASFALTADA,CARRETERA,NACIONAL,LIMA,LIMA,SANTIAGO DE SURCO,-12.136135592917787,-76.98027384452413,PE-1S,9.081095222077302
2021-08-23,2021,8,0,0,1,0,ATROPELLO,EN PROCESO DE INVESTIGACIÓN,ASFALTADA,CARRETERA,NACIONAL,AREQUIPA,AREQUIPA,CERRO COLORADO,-16.380119,-71.575573,PE-34A,39.045638929913125
2021-08-23,2021,8,0,0,1,0,ATROPELLO,EN PROCESO DE INVESTIGACIÓN,ASFALTADA,CARRETERA,NACIONAL,JUNIN,CHANCHAMAYO,CHANCHAMAYO,-10.96547650312027,-75.29715499333851,PE-22B,119.50441425386413
2021-08-23,2021,8,0,0,1,2,DESPISTE,IMPRUDENCIA DEL CONDUCTOR,ASFALTADA,CARRETERA,NACIONAL,JUNIN,CONCEPCION,SAN JOSE DE QUERO,-12.02837173,-75.49696083,PE-24,251.80826026953696
2021-08-23,2021,8,0,0,1,0,CHOQUE,IMPRUDENCIA DEL CONDUCTOR,ASFALTADA,CARRETERA,NACIONAL,PUNO,AZANGARO,POTONI,-14.345605,-70.265136,PE-34B,134.69442067122068
2021-08-24,2021,8,1,0,1,1,DESPISTE,EN PROCESO DE INVESTIGACIÓN,AFIRMADO,CARRETERA,NACIONAL,AREQUIPA,CARAVELI,CHALA,-15.835401795882706,-74.28632532759525,PE-1S,609.026110290455
2021-08-24,2021,8,1,0,1,0,ATROPELLO FUGA,IMPRUDENCIA DEL CONDUCTOR,ASFALTADA,CARRETERA,NACIONAL,CALLAO,CALLAO,CALLAO,-12.04008653464044,-77.11817511604997,PE-20B,7.211117305176041
2021-08-25,2021,8,2,0,1,0,CHOQUE,EN PROCESO DE INVESTIGACIÓN,ASFALTADA,CARRETERA,NACIONAL,LIMA,LIMA,ANCON,-11.747908536582289,-77.14419924189143,PE-1N,47.78317098993906
2021-08-25,2021,8,2,0,1,0,CHOQUE,EN PROCESO DE INVESTIGACIÓN,ASFALTADA,CARRETERA,NACIONAL,ICA,NASCA,VISTA ALEGRE,-14.852055115064632,-74.95893936213601,PE-1S,447.2483433457972
2021-08-26,2021,8,3,0,1,0,DESPISTE,EN PROCESO DE INVESTIGACIÓN,ASFALTADA,CARRETERA,NACIONAL,ANCASH,CASMA,COMANDANTE NOEL,-9.397139067784908,-78.37755124469402,PE-1N,387.4296124598755
2021-08-27,2021,8,4,0,1,0,DESPISTE,IMPRUDENCIA DEL CONDUCTOR,ASFALTADA,CARRETERA,NACIONAL,LAMBAYEQUE,CHICLAYO,LAGUNAS,-6.984775,-79.632255,PE-1N,742.8176298067513
2021-08-27,2021,8,4,0,1,0,ATROPELLO,IMPRUDENCIA DEL PEATÓN,ASFALTADA,CARRETERA,NACIONAL,PUNO,CHUCUITO,ZEPITA,-16.446858938145773,-69.1557598223219,PE-3S,1492.6224116712094
2021-08-28,2021,8,5,0,1,0,ATROPELLO FUGA,EN PROCESO DE INVESTIGACIÓN,ASFALTADA,CARRETERA,NACIONAL,PUNO,PUNO,PAUCARCOLLA,-15.741107,-70.055667,PE-3S,1348.0435611764976
2021-08-28,2021,8,5,0,1,1,DESPISTE,IMPRUDENCIA DEL CONDUCTOR,ASFALTADA,CARRETERA,NACIONAL,PASCO,PASCO,YANACANCHA,-10.648581684980654,-76.16596516813496,PE-3N,138.94504833422516
2021-08-29,2021,8,6,0,3,0,CHOQUE,EN PROCESO DE INVESTIGACIÓN,ASFALTADA,CARRETERA,NACIONAL,JUNIN,SATIPO,PANGOA,-11.5012756,-74.462138,PE-28C,240.1945401571406
2021-08-29,2021,8,6,0,1,1,ATROPELLO,EN PROCESO DE INVESTIGACIÓN,,CARRETERA,NACIONAL,TUMBES,CONTRALMIRANTE VILLAR,ZORRITOS,-3.688651717580485,-80.69309408187267,PE-1N,1246.7240013290657
2021-08-29,2021,8,6,0,1,0,CHOQUE,EN PROCESO DE INVESTIGACIÓN,ASFALTADA,CARRETERA,NACIONAL,AREQUIPA,AREQUIPA,LA JOYA,-16.534123,-71.800476,PE-1S,967.934202980206
2021-08-29,2021,8,6,0,1,0,CHOQUE,IMPRUDENCIA DEL CONDUCTOR,ASFALTADA,CARRETERA,NACIONAL,LA LIBERTAD,ASCOPE,CHICAMA,-7.797383,-79.139556,PE-1NF,4.927350834420962
2021-08-29,2021,8,6,0,1,0,CHOQUE,IMPRUDENCIA DEL CONDUCTOR,ASFALTADA,CARRETERA,NACIONAL,JUNIN,JAUJA,ACOLLA,-11.627955,-75.610138,PE-3SA,28.025768077772987
2021-08-29,2021,8,6,0,1,0,ATROPELLO FUGA,EN PROCESO DE INVESTIGACIÓN,ASFALTADA,CARRETERA,NACIONAL,PUNO,PUNO,PUNO,-15.857428010436852,-69.95893651961683,PE-3S,1372.4797694466552
2021-08-29,2021,8,6,0,1,2,CHOQUE FUGA,IMPRUDENCIA DEL CONDUCTOR,ASFALTADA,CARRETERA,NACIONAL,CUSCO,CANCHIS,SICUANI,-14.311344,-71.20653,PE-3S,1119.8231919190855
2021-08-29,2021,8,6,0,1,1,CHOQUE,IMPRUDENCIA DEL CONDUCTOR,ASFALTADA,CARRETERA,NACIONAL,HUANUCO,HUANUCO,AMARILIS,-9.9471,-76.243748,PE-18A,0.9208462107326578
2021-08-30,2021,8,0,0,1,0,CHOQUE,EN PROCESO DE INVESTIGACIÓN,ASFALTADA,CARRETERA,NACIONAL,PIURA,SULLANA,LANCONES,-4.590882927240664,-80.52013984767824,PE-1NN,44.12288013006879
2021-08-30,2021,8,0,0,2,1,CHOQUE FUGA,EN PROCESO DE INVESTIGACIÓN,,CARRETERA,NACIONAL,MADRE DE DIOS,TAMBOPATA,LABERINTO,-12.724883,-69.501244,PE-30C,387.5043949615707
2021-08-30,2021,8,0,0,3,0,DESPISTE,EN PROCESO DE INVESTIGACIÓN,ASFALTADA,CARRETERA,NACIONAL,PIURA,AYABACA,SUYO,-4.6100363652065885,-80.20189582280238,PE-1NL,84.32106499311388
2021-08-30,2021,8,0,0,1,0,CHOQUE,EN PROCESO DE INVESTIGACIÓN,ASFALTADA,CARRETERA,NACIONAL,PIURA,MORROPON,LA MATANZA,-5.437378,-80.025549,PE-1NJ,167.96929424611287
2021-08-30,2021,8,0,0,2,1,CHOQUE,EN PROCESO DE INVESTIGACIÓN,ASFALTADA,CARRETERA,NACIONAL,AREQUIPA,CAYLLOMA,MAJES,-16.495378794538727,-72.40047620927999,PE-1S,881.9177216119418
2021-08-30,2021,8,0,0,1,0,ATROPELLO FUGA,EN PROCESO DE INVESTIGACIÓN,ASFALTADA,CARRETERA,NACIONAL,PUNO,CHUCUITO,POMATA,-16.333942999999998,-69.25176561666667,PE-3S,1474.080676816021
2021-08-30,2021,8,0,0,1,0,ATROPELLO FUGA,IMPRUDENCIA DEL PEATÓN,ASFALTADA,CARRETERA,NACIONAL,AREQUIPA,AREQUIPA,UCHUMAYO,-16.408352,-71.611134,PE-34A,33.03752651049971
2021-08-31,2021,8,1,0,33,34,CHOQUE CON OBJETO FIJO,IMPRUDENCIA DEL CONDUCTOR,ASFALTADA,CARRETERA,NACIONAL,LIMA,HUAROCHIRI,MATUCANA,-11.825675129785294,-76.36702348348194,PE-22,79.55087571207527
2021-08-31,2021,8,1,0,1,0,ATROPELLO FUGA,IMPRUDENCIA DEL CONDUCTOR,ASFALTADA,CARRETERA,NACIONAL,AREQUIPA,AREQUIPA,CERRO COLORADO,-16.3533374,-71.5802103,PE-34A,42.128463394490936
2021-09-01,2021,9,2,0,2,0,CHOQUE,EN PROCESO DE INVESTIGACIÓN,ASFALTADA,CARRETERA,NACIONAL,LIMA,BARRANCA,PARAMONGA,-10.599986435299568,-77.87112052775612,PE-1N,218.17202992679705
2021-09-01,2021,9,2,0,1,0,DESPISTE,INFRAESTRUCTURA Y ENTORNO VIAL,ASFALTADA,CARRETERA,NACIONAL,PUNO,EL COLLAO,ILAVE,-16.22351356304293,-69.67727820219523,PE-38A,66.22775225985222
2021-09-01,2021,9,2,0,1,0,ATROPELLO,IMPRUDENCIA DEL CONDUCTOR,ASFALTADA,CARRETERA,NACIONAL,CUSCO,CALCA,LAMAY,-13.375819,-71.916846,PE-28B,650.4723231139787
2021-09-01,2021,9,2,0,1,1,CHOQUE,IMPRUDENCIA DEL CONDUCTOR,ASFALTADA,CARRETERA,NACIONAL,PUNO,CHUCUITO,ZEPITA,-16.453691272636267,-69.14991796620194,PE-3S,1493.7560718528755
2021-09-02,2021,9,3,0,1,0,CHOQUE CON OBJETO FIJO,IMPRUDENCIA DEL CONDUCTOR,AFIRMADO,CARRETERA,NACIONAL,CAJAMARCA,CUTERVO,CUTERVO,-6.39384815,-78.82548222,PE-3N,1488.2632238273748
2021-09-03,2021,9,4,0,2,1,CHOQUE,IMPRUDENCIA DEL CONDUCTOR,ASFALTADA,CARRETERA,NACIONAL,TACNA,TACNA,SAMA,-18.170531,-70.646438,PE-1SD,341.9896586683625
2021-09-03,2021,9,4,0,1,0,ATROPELLO FUGA,EN PROCESO DE INVESTIGACIÓN,ASFALTADA,CARRETERA,NACIONAL,LIMA,BARRANCA,PARAMONGA,-10.599432782782976,-77.87115271263951,PE-1N,218.23324024132123
2021-09-04,2021,9,5,0,1,0,ATROPELLO FUGA,EN PROCESO DE INVESTIGACIÓN,ASFALTADA,CARRETERA,NACIONAL,TUMBES,TUMBES,TUMBES,-3.545990898046043,-80.39612513905165,PE-1N,1285.5991541700994
2021-09-05,2021,9,6,0,1,1,CHOQUE,EN PROCESO DE INVESTIGACIÓN,,CARRETERA,NACIONAL,MADRE DE DIOS,TAMBOPATA,LAS PIEDRAS,-12.5250136,-69.1370259,PE-30C,437.8802553299303
2021-09-05,2021,9,6,0,1,0,CHOQUE,IMPRUDENCIA DEL CONDUCTOR,ASFALTADA,CARRETERA,NACIONAL,PASCO,PASCO,TINYAHUARCO,-10.747063196154816,-76.26107092726097,PE-3N,114.16232670876104
2021-09-05,2021,9,6,0,1,0,CHOQUE,IMPRUDENCIA DEL CONDUCTOR,ASFALTADA,CARRETERA,NACIONAL,LA LIBERTAD,CHEPEN,PACANGA,-7.131972,-79.472647,PE-1N,718.6606348725251
2021-09-06,2021,9,0,0,1,5,CHOQUE,IMPRUDENCIA DEL CONDUCTOR,ASFALTADA,CARRETERA,NACIONAL,PUNO,PUNO,PUNO,-15.82311960038636,-70.03120599505986,PE-3S,1359.7575831539402
2021-09-06,2021,9,0,0,1,1,CHOQUE,IMPRUDENCIA DEL CONDUCTOR,ASFALTADA,CARRETERA,NACIONAL,SAN MARTIN,SAN MARTIN,MORALES,-6.48848,-76.39972,PE-5N,947.8521532341985
2021-09-06,2021,9,0,0,1,0,ATROPELLO,NEGLIGENCIA DEL CONDUCTOR,ASFALTADA,CARRETERA,NACIONAL,CUSCO,CANCHIS,SICUANI,-14.2199641390098,-71.2897240922569,PE-3S,1104.1423258978534
2021-09-07,2021,9,1,0,1,6,CHOQUE,IMPRUDENCIA DEL CONDUCTOR,ASFALTADA,CARRETERA,NACIONAL,ICA,PISCO,SAN CLEMENTE,-13.676159,-76.15865,PE-1S,221.43880075729857
2021-09-07,2021,9,1,0,1,0,ATROPELLO,EN PROCESO DE INVESTIGACIÓN,ASFALTADA,CARRETERA,NACIONAL,ICA,CHINCHA,TAMBO DE MORA,-13.477207,-76.184357,PE-1SE,8.39514646319329
2021-09-07,2021,9,1,0,1,0,CHOQUE,EN PROCESO DE INVESTIGACIÓN,ASFALTADA,CARRETERA,NACIONAL,AREQUIPA,CARAVELI,YAUCA,-15.667729172402368,-74.54660298180991,PE-1S,564.7871010946377
2021-09-07,2021,9,1,0,2,0,CHOQUE,EN PROCESO DE INVESTIGACIÓN,ASFALTADA,CARRETERA,NACIONAL,JUNIN,TARMA,PALCA,-11.33764144123931,-75.5575597232838,PE-22B,54.79161784456275
2021-09-07,2021,9,1,0,1,0,CHOQUE,IMPRUDENCIA DEL CONDUCTOR,ASFALTADA,CARRETERA,NACIONAL,PUNO,LAMPA,PUCARA,-14.976911672207429,-70.4454168107595,PE-3S,1243.0378706253484
2021-09-07,2021,9,1,0,1,1,ATROPELLO,EN PROCESO DE INVESTIGACIÓN,ASFALTADA,CARRETERA,NACIONAL,ICA,PALPA,LLIPATA,-14.630707,-75.187448,PE-1S,407.9299139333143
2021-09-08,2021,9,2,0,1,0,ATROPELLO,IMPRUDENCIA DEL CONDUCTOR,ASFALTADA,CARRETERA,NACIONAL,JUNIN,YAULI,LA OROYA,-11.521031,-75.905211,PE-3S,0.4983716695399717
2021-09-08,2021,9,2,0,1,0,ATROPELLO FUGA,IMPRUDENCIA DEL CONDUCTOR,ASFALTADA,CARRETERA,NACIONAL,LAMBAYEQUE,CHICLAYO,CHICLAYO,-6.792049,-79.865118,PE-1N,780.4130089963653
2021-09-08,2021,9,2,0,1,2,CHOQUE,IMPRUDENCIA DEL CONDUCTOR,ASFALTADA,CARRETERA,NACIONAL,LIMA,HUAURA,SAYAN,-11.138761819360765,-77.27290781387161,PE-1NE,36.138630889935335
2021-09-08,2021,9,2,0,1,0,CHOQUE,IMPRUDENCIA DEL CONDUCTOR,ASFALTADA,CARRETERA,NACIONAL,PUNO,AZANGARO,SAMAN,-15.30053128987367,-70.02410067448778,PE-34H,23.99082097304125
2021-09-08,2021,9,2,0,1,0,CHOQUE,EN PROCESO DE INVESTIGACIÓN,ASFALTADA,CARRETERA,NACIONAL,JUNIN,SATIPO,PANGOA,-11.44894297291743,-74.48510519927761,PE-28C,248.4479702355592
2021-09-09,2021,9,3,0,1,0,ATROPELLO FUGA,EN PROCESO DE INVESTIGACIÓN,ASFALTADA,CARRETERA,NACIONAL,LIMA,HUARAL,CHANCAY,-11.457522,-77.321459,PE-1N,95.7673872920967
2021-09-09,2021,9,3,0,1,0,CHOQUE,IMPRUDENCIA DEL CONDUCTOR,ASFALTADA,CARRETERA,NACIONAL,CUSCO,CALCA,TARAY,-13.429176,-71.863166,PE-28G,28.78913403166948
2021-09-09,2021,9,3,0,1,0,CHOQUE,EN PROCESO DE INVESTIGACIÓN,ASFALTADA,CARRETERA,NACIONAL,JUNIN,CHANCHAMAYO,PERENE,-10.946973812713598,-75.2221705341921,PE-5S,10.73427267815826
2021-09-10,2021,9,4,0,1,0,ATROPELLO,IMPRUDENCIA DEL PEATÓN,ASFALTADA,CARRETERA,NACIONAL,JUNIN,JAUJA,LEONOR ORDOÑEZ,-11.8742168,-75.4044973,PE-3SB,12.151925171536128
2021-09-11,2021,9,5,0,1,1,DESPISTE,IMPRUDENCIA DEL CONDUCTOR,ASFALTADA,CARRETERA,NACIONAL,CAJAMARCA,CAJABAMBA,CONDEBAMBA,-7.585538,-78.133861,PE-3N,1170.8296426990023
2021-09-11,2021,9,5,0,1,0,ATROPELLO,NEGLIGENCIA DEL CONDUCTOR,ASFALTADA,CARRETERA,NACIONAL,ANCASH,HUARAZ,INDEPENDENCIA,-9.509058417527417,-77.532194,PE-3N,582.2674170064213
2021-09-11,2021,9,5,0,1,0,ESPECIAL,EN PROCESO DE INVESTIGACIÓN,ASFALTADA,CARRETERA,NACIONAL,LIMA,LIMA,CHACLACAYO,-11.985570801507548,-76.8095719742455,PE-22,20.267757607960267
2021-09-11,2021,9,5,0,1,2,CHOQUE,EN PROCESO DE INVESTIGACIÓN,ASFALTADA,CARRETERA,NACIONAL,PIURA,MORROPON,LA MATANZA,-5.240542,-80.089013,PE-02A,2.6932534931321457
2021-09-12,2021,9,6,0,1,1,CHOQUE,IMPRUDENCIA DEL CONDUCTOR,ASFALTADA,CARRETERA,NACIONAL,CUSCO,URUBAMBA,YUCAY,-13.330792,-72.071909,PE-28B,627.6814005509698
2021-09-13,2021,9,0,0,2,0,CHOQUE,EN PROCESO DE INVESTIGACIÓN,ASFALTADA,CARRETERA,NACIONAL,LA LIBERTAD,PACASMAYO,GUADALUPE,-7.323069,-79.481149,PE-1N,690.7287911385824
2021-09-13,2021,9,0,0,1,0,ATROPELLO FUGA,IMPRUDENCIA DEL CONDUCTOR,ASFALTADA,CARRETERA,NACIONAL,AREQUIPA,AREQUIPA,JOSE LUIS BUSTAMANTE Y RIVERO,-16.425485761082975,-71.53318932425682,PE-34C,6.317960877485739
2021-09-13,2021,9,0,0,1,0,CHOQUE,IMPRUDENCIA DEL CONDUCTOR,ASFALTADA,CARRETERA,NACIONAL,PUNO,SAN ROMAN,JULIACA,-15.495436,-70.120294,PE-3S,1317.729410552533
2021-09-13,2021,9,0,0,1,4,CHOQUE,IMPRUDENCIA DEL CONDUCTOR,ASFALTADA,CARRETERA,NACIONAL,LIMA,HUAURA,PACCHO,-10.913021559228133,-77.00273990850796,PE-18,85.56958516847197
2021-09-13,2021,9,0,0,1,0,DESPISTE,EN PROCESO DE INVESTIGACIÓN,ASFALTADA,CARRETERA,NACIONAL,JUNIN,CHANCHAMAYO,CHANCHAMAYO,-11.022674418229409,-75.31631646869266,PE-22B,111.71715754236564
2021-09-13,2021,9,0,0,1,0,CHOQUE,IMPRUDENCIA DEL CONDUCTOR,ASFALTADA,CARRETERA,NACIONAL,MOQUEGUA,ILO,ILO,-17.64352615684302,-71.3391691409166,PE-1SD,240.5846902576672
2021-09-13,2021,9,0,0,1,0,ATROPELLO FUGA,EN PROCESO DE INVESTIGACIÓN,ASFALTADA,CARRETERA,NACIONAL,PIURA,MORROPON,CHULUCANAS,-5.139167,-80.173203,PE-1NS,3.863810459896317
2021-09-14,2021,9,1,0,1,2,CHOQUE,IMPRUDENCIA DEL CONDUCTOR,ASFALTADA,CARRETERA,NACIONAL,AREQUIPA,CAYLLOMA,SAN ANTONIO DE CHUCA,-15.7617292,-70.9896114,PE-34A,179.62131690040053
2021-09-14,2021,9,1,0,1,0,CHOQUE,EN PROCESO DE INVESTIGACIÓN,,CARRETERA,NACIONAL,APURIMAC,COTABAMBAS,CHALLHUAHUACHO,-14.143804300351665,-72.30288533023071,PE-3SF,211.73586984395172
2021-09-14,2021,9,1,0,1,0,CHOQUE,IMPRUDENCIA DEL CONDUCTOR,ASFALTADA,CARRETERA,NACIONAL,JUNIN,JAUJA,SAN LORENZO,-11.845242,-75.386895,PE-3S,91.93477892402612
2021-09-14,2021,9,1,0,1,0,DESPISTE,EN PROCESO DE INVESTIGACIÓN,ASFALTADA,CARRETERA,NACIONAL,LIMA,LIMA,LOS OLIVOS,-11.9661888,-77.0678143,PE-1N,18.816464092910486
2021-09-15,2021,9,2,0,2,71,DESPISTE,EN PROCESO DE INVESTIGACIÓN,ASFALTADA,CARRETERA,NACIONAL,LAMBAYEQUE,CHICLAYO,LAGUNAS,-7.051415,-79.576526,PE-1N,732.9717282217437
2021-09-15,2021,9,2,0,1,0,CHOQUE,IMPRUDENCIA DEL CONDUCTOR,ASFALTADA,CARRETERA,NACIONAL,LA LIBERTAD,CHEPEN,CHEPEN,-7.214056,-79.429342,PE-1N,707.5804950513738
2021-09-15,2021,9,2,0,1,0,ATROPELLO FUGA,IMPRUDENCIA DEL CONDUCTOR,ASFALTADA,CARRETERA,NACIONAL,LA LIBERTAD,ASCOPE,CHICAMA,-7.974314,-79.081129,PE-1N,587.1519631287467
2021-09-16,2021,9,3,0,1,0,ATROPELLO,IMPRUDENCIA DEL PEATÓN,ASFALTADA,CARRETERA,NACIONAL,PUNO,PUNO,ACORA,-16.000244595944547,-69.76599430623706,PE-3S,1401.1525708606307
2021-09-17,2021,9,4,0,1,0,CHOQUE,EN PROCESO DE INVESTIGACIÓN,ASFALTADA,CARRETERA,NACIONAL,ICA,PISCO,PISCO,-13.699175,-76.165262,PE-1SE,33.566599675640745
2021-09-18,2021,9,5,0,1,2,DESPISTE,EN PROCESO DE INVESTIGACIÓN,ASFALTADA,CARRETERA,NACIONAL,CAJAMARCA,SAN MARCOS,GREGORIO PITA,-7.286192,-78.213168,PE-3N,1227.0238593453123
2021-09-18,2021,9,5,0,1,1,CAÍDA DE PASAJERO,EN PROCESO DE INVESTIGACIÓN,ASFALTADA,CARRETERA,NACIONAL,ICA,CHINCHA,CHINCHA BAJA,-13.4609451,-76.136483,PE-1S,196.6162757499066
2021-09-18,2021,9,5,0,1,0,CHOQUE,IMPRUDENCIA DEL CONDUCTOR,ASFALTADA,CARRETERA,NACIONAL,PUNO,AZANGARO,AZANGARO,-14.812665868258437,-70.24852685644093,PE-34B,62.00447961184511
2021-09-18,2021,9,5,0,1,1,CHOQUE,IMPRUDENCIA DEL CONDUCTOR,ASFALTADA,CARRETERA,NACIONAL,SAN MARTIN,SAN MARTIN,CACATACHI,-6.46943,-76.40892,PE-5N,950.522899991797
2021-09-18,2021,9,5,0,1,2,DESPISTE,EN PROCESO DE INVESTIGACIÓN,ASFALTADA,CARRETERA,NACIONAL,LIMA,BARRANCA,SUPE,-10.788557,-77.711797,PE-1N,189.55055519259892
2021-09-18,2021,9,5,0,1,0,ATROPELLO,EN PROCESO DE INVESTIGACIÓN,ASFALTADA,CARRETERA,NACIONAL,AREQUIPA,AREQUIPA,LA JOYA,-16.678236572097173,-71.8708634030674,PE-1S,986.4730198275164
2021-09-19,2021,9,6,0,1,0,ATROPELLO FUGA,EN PROCESO DE INVESTIGACIÓN,ASFALTADA,CARRETERA,NACIONAL,PUNO,SAN ROMAN,SAN MIGUEL,-15.4497307,-70.1411055,PE-3S,1311.5467847130783
2021-09-19,2021,9,6,0,1,1,CHOQUE,IMPRUDENCIA DEL CONDUCTOR,ASFALTADA,CARRETERA,NACIONAL,CAJAMARCA,CAJAMARCA,CAJAMARCA,-7.14659055,-78.50834705,PE-3N,1275.9371470565036
2021-09-19,2021,9,6,0,1,2,CHOQUE,IMPRUDENCIA DEL CONDUCTOR,ASFALTADA,CARRETERA,NACIONAL,CUSCO,QUISPICANCHI,OCONGATE,-13.621524,-71.397627,PE-30C,54.64474385911313
2021-09-19,2021,9,6,0,2,2,CHOQUE,IMPRUDENCIA DEL CONDUCTOR,ASFALTADA,CARRETERA,NACIONAL,TUMBES,TUMBES,TUMBES,-3.5515163619640027,-80.41422487721141,PE-1N,1283.5166892312427
2021-09-20,2021,9,0,0,1,6,DESPISTE,IMPRUDENCIA DEL CONDUCTOR,ASFALTADA,CARRETERA,NACIONAL,APURIMAC,ANDAHUAYLAS,SAN JERONIMO,-13.65386872563591,-73.31742164664246,PE-3S,640.5923820579044
2021-09-20,2021,9,0,0,2,19,CHOQUE,EN PROCESO DE INVESTIGACIÓN,ASFALTADA,CARRETERA,NACIONAL,PIURA,PIURA,TAMBO GRANDE,-5.077639,-80.430419,PE-1NU,7.701148111175942
2021-09-21,2021,9,1,0,1,7,DESPISTE,IMPRUDENCIA DEL CONDUCTOR,ASFALTADA,CARRETERA,NACIONAL,LIMA,HUARAL,AUCALLAMA,-11.602196,-77.197035,PE-1N,70.9301545889225
2021-09-21,2021,9,1,0,1,0,CHOQUE,EN PROCESO DE INVESTIGACIÓN,ASFALTADA,CARRETERA,NACIONAL,JUNIN,HUANCAYO,SAN AGUSTIN,-12.025156,-75.237934,PE-3S,118.42554177238073
2021-09-21,2021,9,1,0,1,0,CHOQUE,IMPRUDENCIA DEL CONDUCTOR,ASFALTADA,CARRETERA,NACIONAL,CUSCO,CHUMBIVILCAS,LLUSCO,-14.347746,-72.111246,PE-3SG,70.74165174472195
2021-09-22,2021,9,2,0,1,0,ATROPELLO FUGA,EN PROCESO DE INVESTIGACIÓN,ASFALTADA,CARRETERA,NACIONAL,AREQUIPA,ISLAY,COCACHACRA,-16.981594,-71.776746,PE-1S,1023.0454164755304
2021-09-22,2021,9,2,0,1,0,CHOQUE FUGA,EN PROCESO DE INVESTIGACIÓN,ASFALTADA,CARRETERA,NACIONAL,LA LIBERTAD,TRUJILLO,SALAVERRY,-8.324195,-78.897364,PE-1N,533.6534994890578
2021-09-22,2021,9,2,0,2,3,CHOQUE,EN PROCESO DE INVESTIGACIÓN,ASFALTADA,CARRETERA,NACIONAL,AREQUIPA,CAYLLOMA,MAJES,-16.372293,-72.171032,PE-1S,910.8577460876162
2021-09-22,2021,9,2,0,1,0,CHOQUE,IMPRUDENCIA DEL CONDUCTOR,ASFALTADA,CARRETERA,NACIONAL,PUNO,HUANCANE,HUANCANE,-15.2162068,-69.8305542,PE-34H,49.94106377705712
2021-09-22,2021,9,2,0,1,1,ATROPELLO,IMPRUDENCIA DEL CONDUCTOR,ASFALTADA,CARRETERA,NACIONAL,LAMBAYEQUE,LAMBAYEQUE,MOTUPE,-6.166112969135729,-79.69931417118441,PE-1NJ,63.84983888227909
2021-09-23,2021,9,3,0,1,0,ATROPELLO,IMPRUDENCIA DEL CONDUCTOR,ASFALTADA,CARRETERA,NACIONAL,SAN MARTIN,LAMAS,TABALOSOS,-6.38746,-76.62982,PE-5N,984.6616588745032
2021-09-23,2021,9,3,0,1,0,CHOQUE CON OBJETO FIJO,IMPRUDENCIA DEL CONDUCTOR,ASFALTADA,CARRETERA,NACIONAL,LIMA,LIMA,SAN JUAN DE MIRAFLORES,-12.168898,-76.979617,PE-1S,12.818224662505743
2021-09-23,2021,9,3,0,1,5,CHOQUE,IMPRUDENCIA DEL CONDUCTOR,ASFALTADA,CARRETERA,NACIONAL,ICA,CHINCHA,EL CARMEN,-13.549631121672846,-76.13308179365009,PE-1S,206.66849942814488
2021-09-23,2021,9,3,0,1,4,CHOQUE,IMPRUDENCIA DEL CONDUCTOR,ASFALTADA,CARRETERA,NACIONAL,TUMBES,CONTRALMIRANTE VILLAR,CANOAS DE PUNTA SAL,-4.03217977682774,-80.96008122895779,PE-1N,1191.1630690267589
2021-09-24,2021,9,4,0,1,0,DESPISTE,EN PROCESO DE INVESTIGACIÓN,ASFALTADA,CARRETERA,NACIONAL,AYACUCHO,LUCANAS,LEONCIO PRADO,-14.693459,-74.515248,PE-30A,76.03691494525182
2021-09-24,2021,9,4,0,1,1,DESPISTE,EN PROCESO DE INVESTIGACIÓN,ASFALTADA,CARRETERA,NACIONAL,AREQUIPA,CAYLLOMA,CALLALLI,-15.587193,-71.050195,PE-34J,22.60940068346737
2021-09-24,2021,9,4,0,1,0,CHOQUE,EN PROCESO DE INVESTIGACIÓN,ASFALTADA,CARRETERA,NACIONAL,PIURA,AYABACA,SUYO,-4.5517,-80.0963,PE-1NL,99.1092632365052
2021-09-24,2021,9,4,0,1,0,CHOQUE,EN PROCESO DE INVESTIGACIÓN,ASFALTADA,CARRETERA,NACIONAL,SAN MARTIN,MOYOBAMBA,CALZADA,-6.03501466,-77.11573144,PE-5N,1074.2863759406353
2021-09-24,2021,9,4,0,1,3,CHOQUE,IMPRUDENCIA DEL CONDUCTOR,ASFALTADA,CARRETERA,NACIONAL,ICA,ICA,SANTIAGO,-14.144087162902592,-75.7160197317997,PE-1S,306.79975795315124
2021-09-25,2021,9,5,0,1,0,CHOQUE,EN PROCESO DE INVESTIGACIÓN,TROCHA,CARRETERA,NACIONAL,LAMBAYEQUE,LAMBAYEQUE,MORROPE,-6.525331,-80.0401517,PE-1N,819.349985615479
2021-09-25,2021,9,5,0,1,0,CHOQUE,IMPRUDENCIA DEL CONDUCTOR,ASFALTADA,CARRETERA,NACIONAL,LA LIBERTAD,VIRU,CHAO,-8.53713,-78.679147,PE-1N,498.06079496907313
2021-09-25,2021,9,5,0,1,0,CHOQUE,EN PROCESO DE INVESTIGACIÓN,ASFALTADA,CARRETERA,NACIONAL,LAMBAYEQUE,LAMBAYEQUE,MOCHUMI,-6.532391,-79.865197,PE-1NJ,17.3093230030608
2021-09-25,2021,9,5,0,1,0,CHOQUE,IMPRUDENCIA DEL CONDUCTOR,ASFALTADA,CARRETERA,NACIONAL,JUNIN,JAUJA,JAUJA,-11.778941,-75.483473,PE-3SA,1.301016280960037
2021-09-26,2021,9,6,0,1,6,DESPISTE,IMPRUDENCIA DEL CONDUCTOR,ASFALTADA,CARRETERA,NACIONAL,CUSCO,CHUMBIVILCAS,VELILLE,-14.618753,-71.740671,PE-3SW,23.142120759128524
2021-09-27,2021,9,0,0,1,1,DESPISTE,IMPRUDENCIA DEL CONDUCTOR,ASFALTADA,CARRETERA,NACIONAL,CUSCO,CANCHIS,CHECACUPE,-13.9934193,-71.4626391,PE-3S,1069.0728921683492
2021-09-27,2021,9,0,0,4,2,DESPISTE,IMPRUDENCIA DEL CONDUCTOR,ASFALTADA,CARRETERA,NACIONAL,JUNIN,JAUJA,LLOCLLAPAMPA,-11.783232,-75.575759,PE-3S,62.56309490343566
2021-09-27,2021,9,0,0,3,3,CHOQUE,IMPRUDENCIA DEL CONDUCTOR,ASFALTADA,CARRETERA,NACIONAL,AREQUIPA,AREQUIPA,LA JOYA,-16.510706,-71.8120445,PE-1S,962.2813452288416
2021-09-27,2021,9,0,0,1,3,CHOQUE FUGA,EN PROCESO DE INVESTIGACIÓN,ASFALTADA,CARRETERA,NACIONAL,LAMBAYEQUE,LAMBAYEQUE,OLMOS,-5.9627901,-79.7535165,PE-1NJ,94.09680206795623
2021-09-29,2021,9,2,0,1,2,CHOQUE,EN PROCESO DE INVESTIGACIÓN,,CARRETERA,NACIONAL,PIURA,PIURA,VEINTISEIS DE OCTUBRE,-5.178513,-80.666801,PE-02,0.0
2021-09-29,2021,9,2,0,1,0,CHOQUE,IMPRUDENCIA DEL CONDUCTOR,ASFALTADA,CARRETERA,NACIONAL,PUNO,MOHO,MOHO,-15.3149803,-69.5636829,PE-34I,36.4526821768637
2021-09-30,2021,9,3,0,1,0,VOLCADURA,IMPRUDENCIA DEL CONDUCTOR,ASFALTADA,CARRETERA,NACIONAL,SAN MARTIN,PICOTA,SAN HILARION,-6.99929,-76.44187,PE-5N,866.0849942862671
2021-09-30,2021,9,3,0,1,3,CHOQUE,IMPRUDENCIA DEL CONDUCTOR,AFIRMADO,CARRETERA,NACIONAL,CAJAMARCA,CONTUMAZA,YONAN,-7.23926398,-79.22229602,PE-08,34.01392439475584
2021-09-30,2021,9,3,0,1,0,CHOQUE,IMPRUDENCIA DEL CONDUCTOR,ASFALTADA,CARRETERA,NACIONAL,PUNO,LAMPA,CALAPUJA,-15.3458064,-70.1807105,PE-3S,1299.8234747907893
2021-09-30,2021,9,3,0,1,0,ATROPELLO,IMPRUDENCIA DEL PEATÓN,ASFALTADA,CARRETERA,NACIONAL,PUNO,SAN ROMAN,JULIACA,-15.4634461,-70.1389322,PE-3S,1312.973218578979
2021-10-01,2021,10,4,0,1,0,CHOQUE,EN PROCESO DE INVESTIGACIÓN,ASFALTADA,CARRETERA,NACIONAL,CAJAMARCA,JAEN,JAEN,-5.832726,-78.748357,PE-5N,1369.0018362635124
2021-10-01,2021,10,4,0,1,0,CHOQUE,EN PROCESO DE INVESTIGACIÓN,ASFALTADA,CARRETERA,NACIONAL,LIMA,BARRANCA,SUPE,-10.856982110062484,-77.69072533603766,PE-1N,181.9786973082078
2021-10-01,2021,10,4,0,1,0,CHOQUE,EN PROCESO DE INVESTIGACIÓN,ASFALTADA,CARRETERA,NACIONAL,ANCASH,SANTA,SANTA,-8.998258205771755,-78.61797806714192,PE-1N,442.3514769430642
2021-10-02,2021,10,5,0,5,25,DESPISTE,EN PROCESO DE INVESTIGACIÓN,ASFALTADA,CARRETERA,NACIONAL,HUANCAVELICA,HUAYTARA,TAMBO,-13.5020815314854,-75.1389084543188,PE-28A,156.24111618136817
2021-10-02,2021,10,5,0,1,1,DESPISTE,EN PROCESO DE INVESTIGACIÓN,,CARRETERA,NACIONAL,ANCASH,SIHUAS,CASHAPAMPA,-8.595565513920915,-77.65579275880476,PE-14C,1.1344425400310798
2021-10-02,2021,10,5,0,1,0,ATROPELLO FUGA,EN PROCESO DE INVESTIGACIÓN,ASFALTADA,CARRETERA,NACIONAL,PIURA,PIURA,CATACAOS,-5.228525,-80.65309,PE-1N,990.1565080456468
2021-10-02,2021,10,5,0,1,0,CHOQUE,EN PROCESO DE INVESTIGACIÓN,ASFALTADA,CARRETERA,NACIONAL,ICA,ICA,SALAS,-13.951114,-75.79674,PE-1S,282.4007478957173
2021-10-03,2021,10,6,0,1,0,ATROPELLO FUGA,EN PROCESO DE INVESTIGACIÓN,ASFALTADA,CARRETERA,NACIONAL,PUNO,EL COLLAO,ILAVE,-16.164515,-69.649208,PE-38A,73.4941668345515
2021-10-03,2021,10,6,0,1,0,ATROPELLO,EN PROCESO DE INVESTIGACIÓN,ASFALTADA,CARRETERA,NACIONAL,LA LIBERTAD,ASCOPE,CHICAMA,-7.920846350651576,-79.11031771336556,PE-1N,593.962892942562
2021-10-03,2021,10,6,0,1,0,ATROPELLO FUGA,EN PROCESO DE INVESTIGACIÓN,ASFALTADA,CARRETERA,NACIONAL,LA LIBERTAD,VIRU,CHAO,-8.537008,-78.67925,PE-1N,498.0779891319404
2021-10-04,2021,10,0,0,1,9,CHOQUE,IMPRUDENCIA DEL CONDUCTOR,ASFALTADA,CARRETERA,NACIONAL,CAJAMARCA,CAJAMARCA,SAN JUAN,-7.257916,-78.506222,PE-08,151.67419948488904
2021-10-04,2021,10,0,0,1,0,CHOQUE,EN PROCESO DE INVESTIGACIÓN,ASFALTADA,CARRETERA,NACIONAL,LIMA,BARRANCA,PATIVILCA,-10.660912731104885,-77.61419528129836,PE-16A,22.80284251540003
2021-10-04,2021,10,0,0,1,1,CHOQUE FUGA,IMPRUDENCIA DEL CONDUCTOR,ASFALTADA,CARRETERA,NACIONAL,PUNO,EL COLLAO,ILAVE,-16.096062197858306,-69.63340754356499,PE-38A,81.92096414025204
2021-10-05,2021,10,1,0,1,0,VOLCADURA,EN PROCESO DE INVESTIGACIÓN,ASFALTADA,CARRETERA,NACIONAL,AREQUIPA,ISLAY,MEJIA,-17.086751,-71.916428,PE-1SD,120.99685780356374
2021-10-05,2021,10,1,0,1,19,DESPISTE,IMPRUDENCIA DEL CONDUCTOR,ASFALTADA,CARRETERA,NACIONAL,ANCASH,RECUAY,CATAC,-9.92304537452372,-77.38727145292336,PE-3N,533.2719108373084
2021-10-05,2021,10,1,0,1,1,CHOQUE,EN PROCESO DE INVESTIGACIÓN,ASFALTADA,CARRETERA,NACIONAL,PIURA,MORROPON,LA MATANZA,-5.39129720817052,-80.04823204396705,PE-1NJ,173.6568118924029
2021-10-05,2021,10,1,0,1,0,VOLCADURA,EN PROCESO DE INVESTIGACIÓN,CONCRETO,CARRETERA,NACIONAL,ANCASH,HUARAZ,HUARAZ,-9.535526805679268,-77.5319712920164,PE-3N,579.3695988078539
2021-10-05,2021,10,1,0,1,0,ATROPELLO FUGA,IMPRUDENCIA DEL PEATÓN,ASFALTADA,CARRETERA,NACIONAL,JUNIN,CONCEPCION,CONCEPCION,-11.906613,-75.331392,PE-3S,101.13731593715836
2021-10-06,2021,10,2,0,1,0,VOLCADURA,IMPRUDENCIA DEL CONDUCTOR,ASFALTADA,CARRETERA,NACIONAL,JUNIN,JAUJA,LEONOR ORDOÑEZ,-11.8488028,-75.4238195,PE-3SB,8.649793269627231
2021-10-06,2021,10,2,0,1,0,ATROPELLO,EN PROCESO DE INVESTIGACIÓN,ASFALTADA,CARRETERA,NACIONAL,LIMA,LIMA,SANTIAGO DE SURCO,-12.13134804927549,-76.97835262250652,PE-1S,8.511020903079949
2021-10-07,2021,10,3,0,1,0,ATROPELLO FUGA,EN PROCESO DE INVESTIGACIÓN,ASFALTADA,CARRETERA,NACIONAL,PIURA,PIURA,VEINTISEIS DE OCTUBRE,-5.169773,-80.691237,PE-02,0.233826315192993
2021-10-07,2021,10,3,0,2,2,CHOQUE,EN PROCESO DE INVESTIGACIÓN,ASFALTADA,CARRETERA,NACIONAL,PIURA,MORROPON,CHULUCANAS,-5.14669,-80.269904,PE-1NJ,226.40232125747457
2021-10-07,2021,10,3,0,1,0,CHOQUE,EN PROCESO DE INVESTIGACIÓN,ASFALTADA,CARRETERA,NACIONAL,CAJAMARCA,JAEN,POMAHUACA,-5.952115307253124,-79.23049087953318,PE-3N,1595.156139215824
2021-10-07,2021,10,3,0,1,0,CHOQUE CON OBJETO FIJO,EN PROCESO DE INVESTIGACIÓN,ASFALTADA,CARRETERA,NACIONAL,LIMA,LIMA,SANTIAGO DE SURCO,-12.096454474769404,-76.97998552236754,PE-1S,4.604648218864167
2021-10-07,2021,10,3,0,1,0,CHOQUE,EN PROCESO DE INVESTIGACIÓN,ASFALTADA,CARRETERA,NACIONAL,LAMBAYEQUE,CHICLAYO,POMALCA,-6.753705,-79.726366,PE-06A,18.600036169333947
2021-10-08,2021,10,4,0,1,0,DESPISTE,EN PROCESO DE INVESTIGACIÓN,,CARRETERA,NACIONAL,JUNIN,CHANCHAMAYO,PERENE,-10.948163637161352,-75.22282116619475,PE-5S,10.582418590211816
2021-10-08,2021,10,4,0,2,0,DESPISTE,IMPRUDENCIA DEL CONDUCTOR,ASFALTADA,CARRETERA,NACIONAL,ANCASH,CORONGO,LA PAMPA,-8.678306725546722,-77.91874039512558,PE-3NA,17.29517715484824
2021-10-08,2021,10,4,0,1,3,CHOQUE CON OBJETO FIJO,IMPRUDENCIA DEL CONDUCTOR,ASFALTADA,CARRETERA,NACIONAL,CAJAMARCA,CAJAMARCA,LLACANORA,-7.203913,-78.435135,PE-3N,1265.331249165561
2021-10-08,2021,10,4,0,1,0,ATROPELLO FUGA,EN PROCESO DE INVESTIGACIÓN,ASFALTADA,CARRETERA,NACIONAL,PUNO,SAN ROMAN,SAN MIGUEL,-15.460852,-70.1393179,PE-3S,1312.7143845342928
2021-10-08,2021,10,4,0,1,1,CHOQUE,IMPRUDENCIA DEL CONDUCTOR,ASFALTADA,CARRETERA,NACIONAL,ANCASH,HUARAZ,INDEPENDENCIA,-9.524184217703764,-77.54526433498175,PE-14,140.6889163002581
2021-10-09,2021,10,5,0,1,0,ATROPELLO,EN PROCESO DE INVESTIGACIÓN,ASFALTADA,CARRETERA,NACIONAL,ICA,PALPA,PALPA,-14.531044,-75.187675,PE-30D,0.2709042564009363
2021-10-09,2021,10,5,0,1,0,ATROPELLO,EN PROCESO DE INVESTIGACIÓN,ASFALTADA,CARRETERA,NACIONAL,AREQUIPA,AREQUIPA,CERRO COLORADO,-16.342429,-71.585874,PE-34A,43.82089924054196
2021-10-09,2021,10,5,0,1,0,CHOQUE,IMPRUDENCIA DEL CONDUCTOR,ASFALTADA,CARRETERA,NACIONAL,CUSCO,CANCHIS,TINTA,-14.152643949371454,-71.39154812679948,PE-3S,1090.1438571444305
2021-10-09,2021,10,5,0,2,19,DESPISTE,IMPRUDENCIA DEL CONDUCTOR,ASFALTADA,CARRETERA,NACIONAL,CUSCO,LA CONVENCION,HUAYOPATA,-13.100004191349283,-72.37735462678407,PE-28B,539.1332583999244
2021-10-09,2021,10,5,0,1,0,CHOQUE,IMPRUDENCIA DEL CONDUCTOR,ASFALTADA,CARRETERA,NACIONAL,CUSCO,CANCHIS,SAN PEDRO,-14.184457,-71.350138,PE-3S,1096.387544886562
2021-10-09,2021,10,5,0,1,1,DESPISTE,EN PROCESO DE INVESTIGACIÓN,ASFALTADA,CARRETERA,NACIONAL,ANCASH,SANTA,NUEVO CHIMBOTE,-9.12566274667016,-78.534261575131,PE-1N,435.14206356725015
2021-10-09,2021,10,5,0,1,0,ATROPELLO,IMPRUDENCIA DEL PEATÓN,ASFALTADA,CARRETERA,NACIONAL,ANCASH,SANTA,SAMANCO,-9.277351779240735,-78.41748933380784,PE-1N,402.0084354470872
2021-10-09,2021,10,5,0,2,0,DESPISTE,IMPRUDENCIA DEL CONDUCTOR,ASFALTADA,CARRETERA,NACIONAL,CUSCO,ESPINAR,PALLPATA,-14.897640632862313,-71.20320446892045,PE-3SG,272.1567447275494
2021-10-09,2021,10,5,0,1,0,ATROPELLO FUGA,EN PROCESO DE INVESTIGACIÓN,,CARRETERA,NACIONAL,LIMA,HUAURA,HUAURA,-11.069352186346697,-77.5858579607905,PE-1N,153.93550662171532
2021-10-10,2021,10,6,0,1,0,ATROPELLO FUGA,EN PROCESO DE INVESTIGACIÓN,ASFALTADA,CARRETERA,NACIONAL,AREQUIPA,CAMANA,MARISCAL CACERES,-16.59056493575648,-72.78737207987088,PE-1S,820.6558939267385
2021-10-10,2021,10,6,0,1,0,DESPISTE,EN PROCESO DE INVESTIGACIÓN,,CARRETERA,NACIONAL,JUNIN,CHANCHAMAYO,CHANCHAMAYO,-10.94929265319884,-75.25945059336534,PE-5S,4.519371280758119
2021-10-10,2021,10,6,0,1,0,ATROPELLO,EN PROCESO DE INVESTIGACIÓN,ASFALTADA,CARRETERA,NACIONAL,LA LIBERTAD,TRUJILLO,SALAVERRY,-8.344752,-78.884327,PE-1N,530.9595428926516
2021-10-10,2021,10,6,0,1,0,DESPISTE,EN PROCESO DE INVESTIGACIÓN,ASFALTADA,CARRETERA,NACIONAL,JUNIN,CHANCHAMAYO,PERENE,-10.950734286619117,-75.22382805324851,PE-5S,10.277761188678948
2021-10-10,2021,10,6,0,1,0,CHOQUE,IMPRUDENCIA DEL CONDUCTOR,ASFALTADA,CARRETERA,NACIONAL,SAN MARTIN,SAN MARTIN,JUAN GUERRA,-6.58914,-76.30856,PE-5N,928.8933055217586
2021-10-10,2021,10,6,0,1,0,ATROPELLO FUGA,IMPRUDENCIA DEL PEATÓN,ASFALTADA,CARRETERA,NACIONAL,CUSCO,ANTA,ANTA,-13.4978881537579,-72.2048472862061,PE-3S,938.4627362127046
2021-10-10,2021,10,6,0,1,0,ATROPELLO,EN PROCESO DE INVESTIGACIÓN,ASFALTADA,CARRETERA,NACIONAL,ICA,ICA,SANTIAGO,-14.203936083965612,-75.71465816079,PE-1S,313.66411876583896
2021-10-11,2021,10,0,0,1,0,ATROPELLO,IMPRUDENCIA DEL CONDUCTOR,ASFALTADA,CARRETERA,NACIONAL,LIMA,LIMA,PUENTE PIEDRA,-11.85678293839159,-77.08418178294279,PE-1N,31.815123799062235
2021-10-11,2021,10,0,0,1,0,ATROPELLO,EN PROCESO DE INVESTIGACIÓN,ASFALTADA,CARRETERA,NACIONAL,LAMBAYEQUE,LAMBAYEQUE,JAYANCA,-6.35043,-79.77535,PE-1NJ,41.11205498231222
2021-10-12,2021,10,1,0,1,2,CHOQUE,EN PROCESO DE INVESTIGACIÓN,ASFALTADA,CARRETERA,NACIONAL,LA LIBERTAD,ASCOPE,CHICAMA,-7.608115,-78.915286,PE-1NF,43.596330309507344
2021-10-12,2021,10,1,0,2,0,DESPISTE,IMPRUDENCIA DEL CONDUCTOR,TROCHA,CARRETERA,NACIONAL,HUANUCO,PACHITEA,PANAO,-9.890868,-75.973724,PE-18B,45.89836921453663
2021-10-13,2021,10,2,0,1,0,ATROPELLO FUGA,IMPERICIA DEL CONDUCTOR,ASFALTADA,CARRETERA,NACIONAL,PUNO,SAN ROMAN,JULIACA,-15.5272356,-70.1847564,PE-34A,293.17390579164777
2021-10-13,2021,10,2,0,2,0,DESPISTE,IMPRUDENCIA DEL CONDUCTOR,TROCHA,CARRETERA,NACIONAL,AYACUCHO,VICTOR FAJARDO,CAYARA,-13.799645,-73.98397,PE-32A,239.3995963654721
2021-10-13,2021,10,2,0,1,0,ATROPELLO,EN PROCESO DE INVESTIGACIÓN,ASFALTADA,CARRETERA,NACIONAL,ICA,ICA,SALAS,-13.9342557,-75.8747975,PE-1S,273.55185318636273
2021-10-13,2021,10,2,0,1,0,DESPISTE,IMPRUDENCIA DEL CONDUCTOR,ASFALTADA,CARRETERA,NACIONAL,PASCO,PASCO,HUARIACA,-10.456805066766291,-76.17842262552362,PE-3N,164.97919011876002
2021-10-13,2021,10,2,0,1,0,CHOQUE,EN PROCESO DE INVESTIGACIÓN,ASFALTADA,CARRETERA,NACIONAL,LIMA,LIMA,ATE,-12.064065824660595,-76.97142736402085,PE-1S,0.6458270437881617
2021-10-13,2021,10,2,0,1,0,CHOQUE,EN PROCESO DE INVESTIGACIÓN,ASFALTADA,CARRETERA,NACIONAL,ANCASH,CASMA,COMANDANTE NOEL,-9.408976122088768,-78.37199728459997,PE-1N,385.9832490786116
2021-10-13,2021,10,2,0,1,1,CHOQUE,EN PROCESO DE INVESTIGACIÓN,,CARRETERA,NACIONAL,TACNA,TACNA,PALCA,-17.78209,-69.96217,PE-40,54.7914829654958
2021-10-13,2021,10,2,0,1,0,CHOQUE,EN PROCESO DE INVESTIGACIÓN,ASFALTADA,CARRETERA,NACIONAL,LAMBAYEQUE,CHICLAYO,CHICLAYO,-6.792700197413746,-79.86458647590561,PE-1N,780.3206136103317
2021-10-14,2021,10,3,0,1,1,DESPISTE,IMPRUDENCIA DEL CONDUCTOR,ASFALTADA,CARRETERA,NACIONAL,SAN MARTIN,HUALLAGA,TINGO DE SAPOSOA,-7.08634749784297,-76.6335848255816,PE-5N,840.2342864294383
2021-10-14,2021,10,3,0,1,1,ESPECIAL,EN PROCESO DE INVESTIGACIÓN,ASFALTADA,CARRETERA,NACIONAL,LIMA,LIMA,LURIN,-12.26494543869256,-76.90744130881495,PE-1S,27.732695099273617
2021-10-14,2021,10,3,0,1,6,CHOQUE,EN PROCESO DE INVESTIGACIÓN,ASFALTADA,CARRETERA,NACIONAL,AREQUIPA,AREQUIPA,YURA,-16.290627,-71.654266,PE-34A,54.68788134792486
2021-10-14,2021,10,3,0,1,0,CHOQUE,IMPRUDENCIA DEL CONDUCTOR,ASFALTADA,CARRETERA,NACIONAL,PUNO,CARABAYA,MACUSANI,-14.0653303,-70.43374,PE-34B,184.2079322732497
2021-10-15,2021,10,4,0,1,0,DESPISTE,IMPRUDENCIA DEL CONDUCTOR,ASFALTADA,CARRETERA,NACIONAL,PUNO,SAN ROMAN,JULIACA,-15.486112067198365,-70.12419282206257,PE-3S,1316.3281519928787
2021-10-15,2021,10,4,0,1,0,CHOQUE,EN PROCESO DE INVESTIGACIÓN,ASFALTADA,CARRETERA,NACIONAL,AREQUIPA,CAYLLOMA,MAJES,-16.411364,-72.235137,PE-1S,902.7531377946794
2021-10-15,2021,10,4,0,1,0,CHOQUE,IMPRUDENCIA DEL CONDUCTOR,ASFALTADA,CARRETERA,NACIONAL,PUNO,HUANCANE,TARACO,-15.2963057,-69.9679999,PE-34H,30.55286906111874
2021-10-15,2021,10,4,0,1,4,CHOQUE,IMPRUDENCIA DEL CONDUCTOR,ASFALTADA,CARRETERA,NACIONAL,LA LIBERTAD,OTUZCO,OTUZCO,-7.966566,-78.638102,PE-10A,60.2934714827976
2021-10-16,2021,10,5,0,7,30,CHOQUE,EN PROCESO DE INVESTIGACIÓN,ASFALTADA,CARRETERA,NACIONAL,AREQUIPA,AREQUIPA,YURA,-16.110026,-71.624234,PE-34A,82.43922621665547
2021-10-16,2021,10,5,0,1,1,CHOQUE,EN PROCESO DE INVESTIGACIÓN,ASFALTADA,CARRETERA,NACIONAL,ICA,ICA,SUBTANJALLA,-14.0179962526892,-75.76281890181394,PE-1S,290.89692749176487
2021-10-16,2021,10,5,0,1,0,ATROPELLO,EN PROCESO DE INVESTIGACIÓN,ASFALTADA,CARRETERA,NACIONAL,PIURA,PIURA,VEINTISEIS DE OCTUBRE,-5.195031,-80.647883,PE-1N,994.6776847270304
2021-10-16,2021,10,5,0,1,0,ATROPELLO FUGA,EN PROCESO DE INVESTIGACIÓN,ASFALTADA,CARRETERA,NACIONAL,LA LIBERTAD,ASCOPE,CHICAMA,-7.984490824747274,-79.07726218234363,PE-1N,585.9463820391104
2021-10-17,2021,10,6,0,1,0,ATROPELLO FUGA,EN PROCESO DE INVESTIGACIÓN,ASFALTADA,CARRETERA,NACIONAL,CAJAMARCA,SAN MARCOS,GREGORIO PITA,-7.29288983,-78.20605241,PE-3N,1225.2655856502445
2021-10-17,2021,10,6,0,1,1,CHOQUE,IMPERICIA DEL CONDUCTOR,ASFALTADA,CARRETERA,NACIONAL,PIURA,PIURA,VEINTISEIS DE OCTUBRE,-5.185351,-80.692227,PE-1N,1000.3406449879466
2021-10-17,2021,10,6,0,1,0,CHOQUE,IMPRUDENCIA DEL CONDUCTOR,ASFALTADA,CARRETERA,NACIONAL,CALLAO,CALLAO,VENTANILLA,-11.871167460788834,-77.12763899304517,PE-20,5.390394815370447
2021-10-17,2021,10,6,0,1,0,DESPISTE,IMPRUDENCIA DEL CONDUCTOR,ASFALTADA,CARRETERA,NACIONAL,AYACUCHO,HUAMANGA,SAN JUAN BAUTISTA,-13.205522,-74.214854,PE-3S,397.7792120304989
2021-10-17,2021,10,6,0,1,1,DESPISTE,EN PROCESO DE INVESTIGACIÓN,ASFALTADA,CARRETERA,NACIONAL,AYACUCHO,LUCANAS,LUCANAS,-14.6416945,-74.286133,PE-30A,105.5266458250246
2021-10-17,2021,10,6,0,1,1,CHOQUE,IMPRUDENCIA DEL CONDUCTOR,ASFALTADA,CARRETERA,NACIONAL,SAN MARTIN,RIOJA,NUEVA CAJAMARCA,-5.813047,-77.388991,PE-5N,1118.5795419973056
2021-10-17,2021,10,6,0,1,0,CHOQUE,IMPRUDENCIA DEL CONDUCTOR,ASFALTADA,CARRETERA,NACIONAL,CUSCO,ANTA,LIMATAMBO,-13.48035914616058,-72.44639397031499,PE-3S,892.7328583235472
2021-10-18,2021,10,0,0,1,0,ATROPELLO,IMPRUDENCIA DEL CONDUCTOR,ASFALTADA,CARRETERA,NACIONAL,LA LIBERTAD,VIRU,GUADALUPITO,-8.9568,-78.629543,PE-1N,447.4695796907019
2021-10-18,2021,10,0,0,4,14,DESPISTE,EN PROCESO DE INVESTIGACIÓN,ASFALTADA,CARRETERA,NACIONAL,PIURA,SECHURA,SECHURA,-5.5168821,-80.8173725,PE-1NK,43.10704218958322
2021-10-18,2021,10,0,0,1,0,ESPECIAL,NEGLIGENCIA DEL CONDUCTOR,CONCRETO,CARRETERA,NACIONAL,ANCASH,POMABAMBA,POMABAMBA,-8.817023375448127,-77.46082265358588,PE-14C,82.42809723969245
2021-10-19,2021,10,1,0,1,0,ATROPELLO FUGA,EN PROCESO DE INVESTIGACIÓN,ASFALTADA,CARRETERA,NACIONAL,PUNO,EL COLLAO,PILCUYO,-16.120120186865673,-69.59073203994765,PE-3S,1423.6901188265704
2021-10-19,2021,10,1,0,1,0,CHOQUE,EN PROCESO DE INVESTIGACIÓN,AFIRMADO,CARRETERA,NACIONAL,LA LIBERTAD,SANTIAGO DE CHUCO,MOLLEPATA,-8.192991,-77.95382,PE-3N,919.9006900093368
2021-10-19,2021,10,1,0,1,0,CHOQUE FUGA,EN PROCESO DE INVESTIGACIÓN,ASFALTADA,CARRETERA,NACIONAL,PIURA,PIURA,TAMBO GRANDE,-4.8232,-80.2824,PE-1NL,55.91209934138868
2021-10-19,2021,10,1,0,1,0,DESPISTE,EN PROCESO DE INVESTIGACIÓN,ASFALTADA,CARRETERA,NACIONAL,LIMA,LIMA,LURIN,-12.272783,-76.895042,PE-1S,29.33607469726354
2021-10-20,2021,10,2,0,1,0,DESPISTE,IMPRUDENCIA DEL CONDUCTOR,ASFALTADA,CARRETERA,NACIONAL,LA LIBERTAD,VIRU,GUADALUPITO,-8.7090699,-78.638141,PE-1N,475.8132153979351
2021-10-20,2021,10,2,0,1,1,CHOQUE,EN PROCESO DE INVESTIGACIÓN,ASFALTADA,CARRETERA,NACIONAL,ICA,ICA,SANTIAGO,-14.20346,-75.71473,PE-1S,313.6110895081754
2021-10-21,2021,10,3,0,1,1,CHOQUE,IMPRUDENCIA DEL CONDUCTOR,ASFALTADA,CARRETERA,NACIONAL,PUNO,SAN ANTONIO DE PUTINA,PUTINA,-14.911956,-69.843649,PE-34H,91.36815458029082
2021-10-21,2021,10,3,0,1,0,ATROPELLO,EN PROCESO DE INVESTIGACIÓN,ASFALTADA,CARRETERA,NACIONAL,LIMA,LIMA,PUENTE PIEDRA,-11.843605,-77.1009174,PE-1N,34.248573611770595
2021-10-22,2021,10,4,0,1,2,CHOQUE,EN PROCESO DE INVESTIGACIÓN,ASFALTADA,CARRETERA,NACIONAL,ICA,PISCO,INDEPENDENCIA,-13.68554280002415,-76.04584596729649,PE-28A,12.555945823573898
2021-10-23,2021,10,5,0,1,2,ATROPELLO,EN PROCESO DE INVESTIGACIÓN,ASFALTADA,CARRETERA,NACIONAL,AREQUIPA,AREQUIPA,CERRO COLORADO,-16.3417439,-71.5864711,PE-34A,43.91298919658397
2021-10-23,2021,10,5,0,1,1,CHOQUE CON OBJETO FIJO,IMPRUDENCIA DEL PEATÓN,ASFALTADA,CARRETERA,NACIONAL,PUNO,EL COLLAO,ILAVE,-16.126179,-69.5841,PE-3S,1424.6653084313998
2021-10-23,2021,10,5,0,1,1,ATROPELLO,EN PROCESO DE INVESTIGACIÓN,ASFALTADA,CARRETERA,NACIONAL,AREQUIPA,AREQUIPA,CERRO COLORADO,-16.312718,-71.609441,PE-34A,48.08303779528564
2021-10-23,2021,10,5,0,1,0,ATROPELLO,EN PROCESO DE INVESTIGACIÓN,ASFALTADA,CARRETERA,NACIONAL,LIMA,LIMA,PUENTE PIEDRA,-11.867990397187135,-77.07250888776531,PE-1N,30.03322639970078
2021-10-23,2021,10,5,0,1,0,ATROPELLO,IMPRUDENCIA DEL PEATÓN,ASFALTADA,CARRETERA,NACIONAL,PUNO,CHUCUITO,POMATA,-16.302485,-69.272968,PE-3S,1469.9426933739187
2021-10-23,2021,10,5,0,1,0,ATROPELLO,IMPRUDENCIA DEL PEATÓN,ASFALTADA,CARRETERA,NACIONAL,LAMBAYEQUE,LAMBAYEQUE,PACORA,-6.428107430525241,-79.83996384542908,PE-1NJ,29.54693358772133
2021-10-24,2021,10,6,0,1,0,DESPISTE,IMPRUDENCIA DEL CONDUCTOR,ASFALTADA,CARRETERA,NACIONAL,LA LIBERTAD,VIRU,VIRU,-8.404379,-78.83144,PE-1N,521.9822513415345
2021-10-24,2021,10,6,0,1,0,CHOQUE,IMPRUDENCIA DEL CONDUCTOR,ASFALTADA,CARRETERA,NACIONAL,CUSCO,QUISPICANCHI,OROPESA,-13.577853631427942,-71.8162539589751,PE-3S,991.295872270814
2021-10-24,2021,10,6,0,1,0,ATROPELLO FUGA,EN PROCESO DE INVESTIGACIÓN,ASFALTADA,CARRETERA,NACIONAL,LA LIBERTAD,ASCOPE,CHICAMA,-7.897459,-79.121425,PE-1N,596.831994310979
2021-10-24,2021,10,6,0,1,0,CHOQUE FUGA,EN PROCESO DE INVESTIGACIÓN,ASFALTADA,CARRETERA,NACIONAL,LAMBAYEQUE,LAMBAYEQUE,JAYANCA,-6.40171981871663,-79.82507764876418,PE-1NJ,32.9236277830266
2021-10-24,2021,10,6,0,1,0,ATROPELLO,IMPRUDENCIA DEL PEATÓN,ASFALTADA,CARRETERA,NACIONAL,CUSCO,QUISPICANCHI,OROPESA,-13.599007882950222,-71.77005162057515,PE-3S,996.966196574728
2021-10-24,2021,10,6,0,1,0,ATROPELLO FUGA,EN PROCESO DE INVESTIGACIÓN,ASFALTADA,CARRETERA,NACIONAL,LAMBAYEQUE,LAMBAYEQUE,OLMOS,-5.9856029,-79.7399993,PE-1NJ,91.06940917668956
2021-10-24,2021,10,6,0,1,2,CHOQUE,IMPRUDENCIA DEL CONDUCTOR,ASFALTADA,CARRETERA,NACIONAL,HUANUCO,HUANUCO,PILLCO MARCA,-10.003893,-76.238939,PE-3N,224.39237724806367
2021-10-25,2021,10,0,0,1,0,DESPISTE,IMPRUDENCIA DEL CONDUCTOR,ASFALTADA,CARRETERA,NACIONAL,CUSCO,LA CONVENCION,MARANURA,-12.962535685409884,-72.66932958938133,PE-28B,473.38769392411126
2021-10-25,2021,10,0,0,1,1,CHOQUE,IMPRUDENCIA DEL CONDUCTOR,ASFALTADA,CARRETERA,NACIONAL,SAN MARTIN,RIOJA,RIOJA,-6.026225,-77.216984,PE-5N,1087.1194788070302
2021-10-25,2021,10,0,0,1,0,DESPISTE,EN PROCESO DE INVESTIGACIÓN,ASFALTADA,CARRETERA,NACIONAL,AREQUIPA,ISLAY,MOLLENDO,-16.701865,-71.927131,PE-34,10.392763882038102
2021-10-26,2021,10,1,0,2,2,CHOQUE,IMPRUDENCIA DEL CONDUCTOR,ASFALTADA,CARRETERA,NACIONAL,SAN MARTIN,LAMAS,CAYNARACHI,-6.30668,-76.28044,PE-5NB,57.96084395528428
2021-10-27,2021,10,2,0,4,0,CHOQUE,EN PROCESO DE INVESTIGACIÓN,,CARRETERA,NACIONAL,ANCASH,CASMA,CASMA,-9.44577888981608,-78.35032774850156,PE-1N,381.2479655611416
2021-10-27,2021,10,2,0,1,1,DESPISTE,EN PROCESO DE INVESTIGACIÓN,ASFALTADA,CARRETERA,NACIONAL,ANCASH,HUAYLAS,HUALLANCA,-8.835898852740346,-77.82921911378003,PE-3N,678.0856553444127
2021-10-27,2021,10,2,0,1,0,ATROPELLO,IMPRUDENCIA DEL PEATÓN,ASFALTADA,CARRETERA,NACIONAL,PUNO,LAMPA,CALAPUJA,-15.3125314,-70.228747,PE-3S,1293.1719875191843
2021-10-27,2021,10,2,0,1,1,DESPISTE,EN PROCESO DE INVESTIGACIÓN,ASFALTADA,CARRETERA,NACIONAL,ICA,NASCA,MARCONA,-15.291831,-75.105973,PE-30,24.67682921105328
2021-10-27,2021,10,2,0,1,0,ATROPELLO,EN PROCESO DE INVESTIGACIÓN,ASFALTADA,CARRETERA,NACIONAL,LAMBAYEQUE,CHICLAYO,LAGUNAS,-6.9920752,-79.6199359,PE-1N,741.1702238174686
2021-10-27,2021,10,2,0,1,0,DESPISTE,EN PROCESO DE INVESTIGACIÓN,ASFALTADA,CARRETERA,NACIONAL,AREQUIPA,CARAVELI,ATIQUIPA,-15.814545781165224,-74.31659275520566,PE-1S,603.0624368428054
2021-10-27,2021,10,2,0,1,0,DESPISTE,IMPRUDENCIA DEL CONDUCTOR,ASFALTADA,CARRETERA,NACIONAL,CALLAO,CALLAO,CALLAO,-11.979772281188811,-77.12524665595598,PE-20,17.561209406671512
2021-10-28,2021,10,3,0,1,2,DESPISTE,EN PROCESO DE INVESTIGACIÓN,ASFALTADA,CARRETERA,NACIONAL,HUANCAVELICA,TAYACAJA,ACOSTAMBO,-12.3657552,-75.0411332,PE-3S,168.26753988836523
2021-10-28,2021,10,3,0,1,2,CHOQUE,EN PROCESO DE INVESTIGACIÓN,ASFALTADA,CARRETERA,NACIONAL,ICA,PISCO,SAN CLEMENTE,-13.666781,-76.151503,PE-1S,220.1153789931961
2021-10-29,2021,10,4,0,2,2,CHOQUE,EN PROCESO DE INVESTIGACIÓN,ASFALTADA,CARRETERA,NACIONAL,ICA,PISCO,INDEPENDENCIA,-13.696581802747886,-76.01277935008501,PE-28A,16.36898452725661
2021-10-29,2021,10,4,0,1,0,CHOQUE,IMPRUDENCIA DEL CONDUCTOR,ASFALTADA,CARRETERA,NACIONAL,CUSCO,QUISPICANCHI,OCONGATE,-13.659394,-71.421189,PE-30C,45.46829646824594
2021-10-30,2021,10,5,0,1,4,VOLCADURA,EN PROCESO DE INVESTIGACIÓN,ASFALTADA,CARRETERA,NACIONAL,ICA,ICA,SALAS,-13.926327,-75.981552,PE-1S,261.94988093616195
2021-10-30,2021,10,5,0,1,0,CHOQUE,IMPRUDENCIA DEL CONDUCTOR,ASFALTADA,CARRETERA,NACIONAL,PUNO,AZANGARO,SANTIAGO DE PUPUJA,-15.018986909545212,-70.17962331131936,PE-34B,35.254603934455766
2021-10-30,2021,10,5,0,1,0,ATROPELLO,EN PROCESO DE INVESTIGACIÓN,ASFALTADA,CARRETERA,NACIONAL,ANCASH,YUNGAY,RANRAHIRCA,-9.172139965514432,-77.72451687642409,PE-3N,631.0723944066903
2021-10-30,2021,10,5,0,1,0,CHOQUE,IMPRUDENCIA DEL CONDUCTOR,ASFALTADA,CARRETERA,NACIONAL,CAJAMARCA,SAN MARCOS,CHANCAY,-7.39785598,-78.12549721,PE-3N,1201.2725508452763
2021-10-31,2021,10,6,0,1,0,ATROPELLO,EN PROCESO DE INVESTIGACIÓN,ASFALTADA,CARRETERA,NACIONAL,LIMA,LIMA,COMAS,-11.93558826014672,-77.07187589247279,PE-1N,22.24914956865211
2021-10-31,2021,10,6,0,2,0,DESPISTE,EN PROCESO DE INVESTIGACIÓN,ASFALTADA,CARRETERA,NACIONAL,AREQUIPA,CARAVELI,LOMAS,-15.417790153193678,-74.89032153302107,PE-1S,515.8808575544875
2021-10-31,2021,10,6,0,1,10,DESPISTE,EN PROCESO DE INVESTIGACIÓN,ASFALTADA,CARRETERA,NACIONAL,ANCASH,BOLOGNESI,AQUIA,-9.944539668579552,-77.09080972696864,PE-3N,434.053498377909
2021-10-31,2021,10,6,0,1,0,CAÍDA DE PASAJERO,EN PROCESO DE INVESTIGACIÓN,ASFALTADA,CARRETERA,NACIONAL,ANCASH,HUARI,UCO,-9.189245077397938,-76.92889855963195,PE-14A,150.11396860682612
2021-10-31,2021,10,6,0,1,0,ATROPELLO FUGA,EN PROCESO DE INVESTIGACIÓN,ASFALTADA,CARRETERA,NACIONAL,PIURA,PIURA,VEINTISEIS DE OCTUBRE,-5.169754,-80.691815,PE-02,0.296841526963838
2021-10-31,2021,10,6,0,3,4,CHOQUE,IMPRUDENCIA DEL CONDUCTOR,ASFALTADA,CARRETERA,NACIONAL,PUNO,SAN ROMAN,SAN MIGUEL,-15.4423868,-70.1406484,PE-3S,1310.7699963191756
2021-11-01,2021,11,0,0,1,0,ATROPELLO,IMPRUDENCIA DEL PEATÓN,ASFALTADA,CARRETERA,NACIONAL,PUNO,CHUCUITO,ZEPITA,-16.568724323768997,-69.25935742268182,PE-36A,278.8025587654125
2021-11-01,2021,11,0,0,1,0,DESPISTE,EN PROCESO DE INVESTIGACIÓN,ASFALTADA,CARRETERA,NACIONAL,HUANCAVELICA,CASTROVIRREYNA,SANTA ANA,-12.990179,-75.089773,PE-28D,144.40566629019563
2021-11-01,2021,11,0,0,1,0,CHOQUE,EN PROCESO DE INVESTIGACIÓN,,CARRETERA,NACIONAL,JUNIN,SATIPO,PANGOA,-11.45558,-74.49283,PE-28C,248.5206597125272
2021-11-02,2021,11,1,0,1,0,CHOQUE,IMPRUDENCIA DEL CONDUCTOR,ASFALTADA,CARRETERA,NACIONAL,LIMA,LIMA,PUENTE PIEDRA,-11.853004,-77.089262,PE-1N,32.54036352188405
2021-11-02,2021,11,1,0,1,4,CHOQUE,IMPRUDENCIA DEL CONDUCTOR,ASFALTADA,CARRETERA,NACIONAL,SAN MARTIN,RIOJA,PARDO MIGUEL,-5.7443182,-77.4920366,PE-5N,1132.526689678558
2021-11-02,2021,11,1,0,1,0,ATROPELLO,EN PROCESO DE INVESTIGACIÓN,ASFALTADA,CARRETERA,NACIONAL,CALLAO,CALLAO,CALLAO,-11.986945636020454,-77.12551634359441,PE-20,18.353974276820857
2021-11-02,2021,11,1,0,1,0,ATROPELLO,EN PROCESO DE INVESTIGACIÓN,ASFALTADA,CARRETERA,NACIONAL,ICA,ICA,SALAS,-13.971763775730947,-75.77856388564376,PE-1S,285.49813496001883
2021-11-03,2021,11,2,0,1,1,DESPISTE,EN PROCESO DE INVESTIGACIÓN,ASFALTADA,CARRETERA,NACIONAL,ICA,ICA,SALAS,-13.930957,-75.926299,PE-1S,267.9699347411856
2021-11-03,2021,11,2,0,1,0,ATROPELLO,IMPRUDENCIA DEL PEATÓN,ASFALTADA,CARRETERA,NACIONAL,CUSCO,ANTA,ANTA,-13.4767,-72.159212,PE-3S,944.2392584940123
2021-11-04,2021,11,3,0,1,1,DESPISTE,EN PROCESO DE INVESTIGACIÓN,ASFALTADA,CARRETERA,NACIONAL,AREQUIPA,CAMANA,OCOÑA,-16.448390189145695,-73.11756476619998,PE-1S,771.763060694417
2021-11-04,2021,11,3,0,1,0,ATROPELLO,EN PROCESO DE INVESTIGACIÓN,ASFALTADA,CARRETERA,NACIONAL,LAMBAYEQUE,LAMBAYEQUE,LAMBAYEQUE,-6.7258713293797925,-79.8909311994564,PE-1N,790.5395634920558
2021-11-04,2021,11,3,0,1,1,ATROPELLO,IMPRUDENCIA DEL CONDUCTOR,ASFALTADA,CARRETERA,NACIONAL,CUSCO,URUBAMBA,URUBAMBA,-13.27875312492858,-72.19782312772281,PE-28B,611.9263794801252
2021-11-05,2021,11,4,0,1,0,ATROPELLO FUGA,IMPRUDENCIA DEL PEATÓN,ASFALTADA,CARRETERA,NACIONAL,CUSCO,ANTA,PUCYURA,-13.477075301294391,-72.12008725593644,PE-3S,949.722452839418
2021-11-05,2021,11,4,0,1,0,CAÍDA DE PASAJERO,EN PROCESO DE INVESTIGACIÓN,ASFALTADA,CARRETERA,NACIONAL,LIMA,LIMA,PUENTE PIEDRA,-11.899768,-77.067954,PE-1N,26.40235223855464
2021-11-05,2021,11,4,0,2,0,ATROPELLO,IMPRUDENCIA DEL CONDUCTOR,ASFALTADA,CARRETERA,NACIONAL,CUSCO,CANCHIS,MARANGANI,-14.362684477097222,-71.15961012326181,PE-3S,1127.5657840537788
2021-11-05,2021,11,4,0,1,0,CHOQUE,EN PROCESO DE INVESTIGACIÓN,ASFALTADA,CARRETERA,NACIONAL,LIMA,LIMA,SAN JUAN DE LURIGANCHO,-12.024278499330748,-76.96404421516526,PE-22,3.222605113745911
2021-11-05,2021,11,4,0,2,2,CHOQUE,EN PROCESO DE INVESTIGACIÓN,ASFALTADA,CARRETERA,NACIONAL,LAMBAYEQUE,LAMBAYEQUE,MOCHUMI,-6.59103,-79.87774,PE-1NJ,10.550994784686008
2021-11-05,2021,11,4,0,1,0,CHOQUE,IMPRUDENCIA DEL CONDUCTOR,ASFALTADA,CARRETERA,NACIONAL,LIMA,LIMA,SAN MARTIN DE PORRES,-12.026782,-77.058355,PE-1N,12.073584303440445
2021-11-05,2021,11,4,0,1,0,ATROPELLO FUGA,EN PROCESO DE INVESTIGACIÓN,ASFALTADA,CARRETERA,NACIONAL,LIMA,LIMA,SAN JUAN DE MIRAFLORES,-12.184364,-76.974964,PE-1S,14.603097405331772
2021-11-06,2021,11,5,0,1,4,DESPISTE,IMPRUDENCIA DEL PASAJERO/OCUPANTE,ASFALTADA,CARRETERA,NACIONAL,LA LIBERTAD,OTUZCO,OTUZCO,-7.972887285785017,-78.64350609182706,PE-10A,59.26586356041852
2021-11-06,2021,11,5,0,1,0,CHOQUE,EN PROCESO DE INVESTIGACIÓN,ASFALTADA,CARRETERA,NACIONAL,CAJAMARCA,CAJAMARCA,CAJAMARCA,-7.1970432,-78.50881536,PE-08,173.6086579761731
2021-11-06,2021,11,5,0,1,1,VOLCADURA,EN PROCESO DE INVESTIGACIÓN,ASFALTADA,CARRETERA,NACIONAL,LAMBAYEQUE,CHICLAYO,PIMENTEL,-6.754212798303056,-79.86549869180372,PE-1N,786.3103378102029
2021-11-06,2021,11,5,0,1,1,DESPISTE,EN PROCESO DE INVESTIGACIÓN,ASFALTADA,CARRETERA,NACIONAL,ICA,PISCO,HUMAY,-13.7151848,-75.8502231,PE-28A,35.470292328080376
2021-11-06,2021,11,5,0,1,1,ATROPELLO,IMPRUDENCIA DEL CONDUCTOR,ASFALTADA,CARRETERA,NACIONAL,LA LIBERTAD,PACASMAYO,GUADALUPE,-7.252419,-79.484165,PE-1N,699.8591082719181
2021-11-06,2021,11,5,0,1,0,ATROPELLO FUGA,IMPRUDENCIA DEL CONDUCTOR,ASFALTADA,CARRETERA,NACIONAL,PUNO,SAN ROMAN,SAN MIGUEL,-15.4534463,-70.140514,PE-3S,1311.9367560775515
2021-11-06,2021,11,5,0,1,0,DESPISTE,IMPRUDENCIA DEL CONDUCTOR,AFIRMADO,CARRETERA,NACIONAL,ANCASH,HUARAZ,PIRA,-9.55948043434102,-77.68818743824498,PE-14,93.92891706387014
2021-11-07,2021,11,6,0,1,0,ATROPELLO FUGA,EN PROCESO DE INVESTIGACIÓN,,CARRETERA,NACIONAL,TUMBES,ZARUMILLA,PAPAYAL,-3.523786981441944,-80.35049360155682,PE-1N,1291.2955526446704
2021-11-07,2021,11,6,0,1,1,ATROPELLO FUGA,EN PROCESO DE INVESTIGACIÓN,ASFALTADA,CARRETERA,NACIONAL,LIMA,HUARAL,CHANCAY,-11.595705,-77.254904,PE-1N,78.1953141363646
2021-11-07,2021,11,6,0,1,0,ATROPELLO FUGA,EN PROCESO DE INVESTIGACIÓN,ASFALTADA,CARRETERA,NACIONAL,PIURA,SULLANA,MIGUEL CHECA,-5.14547,-80.797084,PE-02,12.274083365472784
2021-11-07,2021,11,6,0,1,0,ATROPELLO,EN PROCESO DE INVESTIGACIÓN,ASFALTADA,CARRETERA,NACIONAL,LIMA,LIMA,LOS OLIVOS,-11.9377688,-77.0718313,PE-1N,22.006392686783094
2021-11-07,2021,11,6,0,1,0,DESPISTE,EN PROCESO DE INVESTIGACIÓN,ASFALTADA,CARRETERA,NACIONAL,LAMBAYEQUE,CHICLAYO,NUEVA ARICA,-6.881456,-79.364877,PE-1NI,39.02291966460896
2021-11-07,2021,11,6,0,1,0,CHOQUE,EN PROCESO DE INVESTIGACIÓN,ASFALTADA,CARRETERA,NACIONAL,LIMA,LIMA,LOS OLIVOS,-11.9625772,-77.06838513,PE-1N,19.227917181814355
2021-11-07,2021,11,6,0,1,1,CHOQUE,IMPRUDENCIA DEL CONDUCTOR,ASFALTADA,CARRETERA,NACIONAL,LA LIBERTAD,ASCOPE,CHICAMA,-7.97602,-79.080414,PE-1N,586.9466242932323
2021-11-08,2021,11,0,0,1,0,CHOQUE FUGA,EN PROCESO DE INVESTIGACIÓN,ASFALTADA,CARRETERA,NACIONAL,CAJAMARCA,JAEN,JAEN,-5.72850235746191,-78.79640223986553,PE-5N,1385.8762741989544
2021-11-08,2021,11,0,0,1,2,CHOQUE,EN PROCESO DE INVESTIGACIÓN,ASFALTADA,CARRETERA,NACIONAL,LIMA,LIMA,ATE,-12.006873185625013,-76.8523680755825,PE-22,16.4710536228221
2021-11-08,2021,11,0,0,1,0,DESPISTE,EN PROCESO DE INVESTIGACIÓN,TROCHA,CARRETERA,NACIONAL,LA LIBERTAD,SANCHEZ CARRION,HUAMACHUCO,-7.79029,-77.96874,PE-10B,2.462647677657077
2021-11-08,2021,11,0,0,1,10,DESPISTE,EN PROCESO DE INVESTIGACIÓN,ASFALTADA,CARRETERA,NACIONAL,LA LIBERTAD,ASCOPE,CHICAMA,-7.908891,-79.116131,PE-1N,595.4352961810815
2021-11-10,2021,11,2,0,1,0,ATROPELLO,IMPRUDENCIA DEL CONDUCTOR,ASFALTADA,CARRETERA,NACIONAL,PUNO,SAN ROMAN,CARACOTO,-15.5458888,-70.1103135,PE-3S,1325.6504997297054
2021-11-10,2021,11,2,0,1,0,DESPISTE,IMPRUDENCIA DEL CONDUCTOR,ASFALTADA,CARRETERA,NACIONAL,CUSCO,ANTA,LIMATAMBO,-13.461079,-72.410298,PE-3S,899.4740496234009
2021-11-11,2021,11,3,0,1,0,DESPISTE,IMPRUDENCIA DEL CONDUCTOR,ASFALTADA,CARRETERA,NACIONAL,CUSCO,CANCHIS,MARANGANI,-14.361736303383893,-71.16063313725412,PE-3S,1127.4131770246702
2021-11-11,2021,11,3,0,1,0,DESPISTE,IMPRUDENCIA DEL CONDUCTOR,ASFALTADA,CARRETERA,NACIONAL,CUSCO,URUBAMBA,OLLANTAYTAMBO,-13.171462802840676,-72.28498423266853,PE-28B,581.2282979966876
2021-11-11,2021,11,3,0,1,0,ATROPELLO,EN PROCESO DE INVESTIGACIÓN,ASFALTADA,CARRETERA,NACIONAL,LAMBAYEQUE,CHICLAYO,MONSEFU,-6.8499306,-79.8274704,PE-1N,770.3751663044845
2021-11-12,2021,11,4,0,1,0,DESPISTE,EN PROCESO DE INVESTIGACIÓN,ASFALTADA,CARRETERA,NACIONAL,LIMA,LIMA,SAN MARTIN DE PORRES,-12.03548,-77.04769,PE-1N,10.473300188228135
2021-11-12,2021,11,4,0,1,1,CHOQUE,EN PROCESO DE INVESTIGACIÓN,ASFALTADA,CARRETERA,NACIONAL,AREQUIPA,CARAVELI,ACARI,-15.6403496,-74.6205816,PE-1S,556.2647347511313
2021-11-12,2021,11,4,0,1,0,ATROPELLO FUGA,EN PROCESO DE INVESTIGACIÓN,ASFALTADA,CARRETERA,NACIONAL,LIMA,LIMA,PUCUSANA,-12.460258,-76.752788,PE-1S,57.10388810876861
2021-11-13,2021,11,5,0,3,1,CHOQUE,EN PROCESO DE INVESTIGACIÓN,ASFALTADA,CARRETERA,NACIONAL,ICA,NASCA,VISTA ALEGRE,-14.900542673578514,-74.9836313041812,PE-1S,455.0403944124802
2021-11-13,2021,11,5,0,3,2,CHOQUE,IMPRUDENCIA DEL CONDUCTOR,ASFALTADA,CARRETERA,NACIONAL,LIMA,HUAURA,VEGUETA,-10.921073,-77.655477,PE-1N,173.3131837184999
2021-11-14,2021,11,6,0,1,0,ATROPELLO FUGA,EN PROCESO DE INVESTIGACIÓN,ASFALTADA,CARRETERA,NACIONAL,PIURA,PIURA,CATACAOS,-5.263178,-80.669254,PE-1NK,4.258558725693987
2021-11-14,2021,11,6,0,1,1,DESPISTE,IMPRUDENCIA DEL CONDUCTOR,ASFALTADA,CARRETERA,NACIONAL,LA LIBERTAD,VIRU,GUADALUPITO,-8.758983,-78.633522,PE-1N,470.2192854479793
2021-11-15,2021,11,0,0,1,0,DESPISTE,IMPRUDENCIA DEL CONDUCTOR,AFIRMADO,CARRETERA,NACIONAL,APURIMAC,ANDAHUAYLAS,JOSE MARIA ARGUEDAS,-13.792394992816895,-73.36776668872947,PE-30B,150.91087116809533
2021-11-15,2021,11,0,0,1,0,CHOQUE,EN PROCESO DE INVESTIGACIÓN,ASFALTADA,CARRETERA,NACIONAL,CAJAMARCA,JAEN,JAEN,-5.780846072599503,-78.78300712393961,PE-5N,1377.7263634470664
2021-11-15,2021,11,0,0,1,0,CHOQUE,EN PROCESO DE INVESTIGACIÓN,,CARRETERA,NACIONAL,CUSCO,QUISPICANCHI,OCONGATE,-13.66458707670798,-71.32957751137612,PE-30C,64.33907983610989
2021-11-15,2021,11,0,0,1,0,ATROPELLO,EN PROCESO DE INVESTIGACIÓN,ASFALTADA,CARRETERA,NACIONAL,LA LIBERTAD,VIRU,VIRU,-8.408359,-78.815551,PE-1N,520.1698308105227
2021-11-15,2021,11,0,0,1,1,ATROPELLO,IMPRUDENCIA DEL PEATÓN,ASFALTADA,CARRETERA,NACIONAL,SAN MARTIN,SAN MARTIN,LA BANDA DE SHILCAYO,-6.5047,-76.34368,PE-5NB,0.5339752327543472
2021-11-16,2021,11,1,0,2,2,CHOQUE,EN PROCESO DE INVESTIGACIÓN,ASFALTADA,CARRETERA,NACIONAL,LIMA,HUAROCHIRI,RICARDO PALMA,-11.9141255,-76.614149,PE-22,45.82695777498769
2021-11-16,2021,11,1,0,2,0,CHOQUE,IMPRUDENCIA DEL CONDUCTOR,ASFALTADA,CARRETERA,NACIONAL,LIMA,HUAURA,HUAURA,-11.061715,-77.554551,PE-1NE,3.6914446463690513
2021-11-16,2021,11,1,0,1,0,CHOQUE,IMPRUDENCIA DEL CONDUCTOR,AFIRMADO,CARRETERA,NACIONAL,CUSCO,CHUMBIVILCAS,SANTO TOMAS,-14.416293415833662,-72.08515990840874,PE-3SG,88.42903118532884
2021-11-16,2021,11,1,0,1,0,CHOQUE,IMPRUDENCIA DEL CONDUCTOR,ASFALTADA,CARRETERA,NACIONAL,CUSCO,CANAS,KUNTURKANKI,-14.519610843746896,-71.29822375344027,PE-34G,1.3623430693569785
2021-11-17,2021,11,2,0,1,1,CHOQUE,EN PROCESO DE INVESTIGACIÓN,ASFALTADA,CARRETERA,NACIONAL,LIMA,LIMA,LURIN,-12.276698676526443,-76.88912629060971,PE-1S,30.11118576290675
2021-11-17,2021,11,2,0,1,0,CHOQUE,IMPRUDENCIA DEL CONDUCTOR,AFIRMADO,CARRETERA,NACIONAL,CAJAMARCA,CAJAMARCA,CAJAMARCA,-7.17477274507342,-78.491620090553,PE-08,177.4110334877342
2021-11-17,2021,11,2,0,2,2,DESPISTE,IMPRUDENCIA DEL CONDUCTOR,AFIRMADO,CARRETERA,NACIONAL,LA LIBERTAD,SANCHEZ CARRION,HUAMACHUCO,-7.821043,-78.052167,PE-3N,1100.121967020093
2021-11-17,2021,11,2,0,1,0,CHOQUE,IMPRUDENCIA DEL CONDUCTOR,ASFALTADA,CARRETERA,NACIONAL,LA LIBERTAD,TRUJILLO,POROTO,-8.002149,-78.76972,PE-10A,35.498235037698365
2021-11-17,2021,11,2,0,1,0,ATROPELLO FUGA,EN PROCESO DE INVESTIGACIÓN,ASFALTADA,CARRETERA,NACIONAL,AREQUIPA,CAMANA,SAMUEL PASTOR,-16.62827020553261,-72.6930890789305,PE-1S,835.5586934248248
2021-11-17,2021,11,2,0,1,0,ATROPELLO FUGA,EN PROCESO DE INVESTIGACIÓN,ASFALTADA,CARRETERA,NACIONAL,LA LIBERTAD,TRUJILLO,SALAVERRY,-8.25924,-78.931955,PE-1N,541.9195139117876
2021-11-18,2021,11,3,0,1,1,DESPISTE,IMPRUDENCIA DEL CONDUCTOR,ASFALTADA,CARRETERA,NACIONAL,PUNO,AZANGARO,POTONI,-14.3529749,-70.2682848,PE-34B,133.7836122130794
2021-11-18,2021,11,3,0,1,1,CHOQUE,EN PROCESO DE INVESTIGACIÓN,,CARRETERA,NACIONAL,LORETO,MAYNAS,PUNCHANA,-3.720411303265196,-73.2425450347904,PE-5NI,2.961607377787739
2021-11-18,2021,11,3,0,1,0,ATROPELLO FUGA,EN PROCESO DE INVESTIGACIÓN,ASFALTADA,CARRETERA,NACIONAL,LIMA,BARRANCA,SUPE,-10.791308617020889,-77.70925909555447,PE-1N,189.1387098777969
2021-11-18,2021,11,3,0,1,1,CHOQUE FUGA,EN PROCESO DE INVESTIGACIÓN,ASFALTADA,CARRETERA,NACIONAL,AREQUIPA,ISLAY,DEAN VALDIVIA,-17.1411545,-71.8357064,PE-1SD,132.42262742759334
2021-11-19,2021,11,4,0,1,0,DESPISTE,IMPRUDENCIA DEL CONDUCTOR,ASFALTADA,CARRETERA,NACIONAL,CUSCO,LA CONVENCION,HUAYOPATA,-13.093662331396777,-72.38584510102147,PE-28B,537.4648337249971
2021-11-19,2021,11,4,0,1,0,DESPISTE,EN PROCESO DE INVESTIGACIÓN,ASFALTADA,CARRETERA,NACIONAL,AREQUIPA,CAYLLOMA,SAN ANTONIO DE CHUCA,-15.8920264,-71.1723788,PE-34A,154.79516105247947
2021-11-19,2021,11,4,0,3,0,CHOQUE,EN PROCESO DE INVESTIGACIÓN,ASFALTADA,CARRETERA,NACIONAL,PIURA,SECHURA,SECHURA,-5.957526,-80.531208,PE-1N,906.5161944815716
2021-11-19,2021,11,4,0,1,0,CHOQUE,EN PROCESO DE INVESTIGACIÓN,ASFALTADA,CARRETERA,NACIONAL,HUANCAVELICA,HUAYTARA,PILPICHACA,-13.447842,-74.979233,PE-28A,177.45159863752386
2021-11-20,2021,11,5,0,1,3,DESPISTE,EN PROCESO DE INVESTIGACIÓN,ASFALTADA,CARRETERA,NACIONAL,HUANCAVELICA,CHURCAMPA,ANCO,-12.6737149,-74.5938041,PE-3S,272.93854852403985
2021-11-20,2021,11,5,0,1,0,ATROPELLO FUGA,EN PROCESO DE INVESTIGACIÓN,ASFALTADA,CARRETERA,NACIONAL,PASCO,PASCO,HUARIACA,-10.432468046334192,-76.19413896976683,PE-3N,168.10722889266003
2021-11-20,2021,11,5,0,1,2,DESPISTE,IMPRUDENCIA DEL CONDUCTOR,ASFALTADA,CARRETERA,NACIONAL,CUSCO,LA CONVENCION,HUAYOPATA,-13.03181522295676,-72.47147570753424,PE-28B,508.8671434041966
2021-11-20,2021,11,5,0,3,3,DESPISTE,IMPRUDENCIA DEL CONDUCTOR,ASFALTADA,CARRETERA,NACIONAL,PUNO,CARABAYA,OLLACHEA,-13.85624105236558,-70.50906033566767,PE-34B,219.821415095404
2021-11-20,2021,11,5,0,1,0,CHOQUE,IMPRUDENCIA DEL CONDUCTOR,ASFALTADA,CARRETERA,NACIONAL,LA LIBERTAD,PACASMAYO,GUADALUPE,-7.268483,-79.481162,PE-1N,697.1068369534985
2021-11-20,2021,11,5,0,1,1,DESPISTE,EN PROCESO DE INVESTIGACIÓN,ASFALTADA,CARRETERA,NACIONAL,ICA,ICA,PUEBLO NUEVO,-14.1152592,-75.717401,PE-1S,303.57567453792217
2021-11-21,2021,11,6,0,1,2,CHOQUE,EN PROCESO DE INVESTIGACIÓN,ASFALTADA,CARRETERA,NACIONAL,AREQUIPA,AREQUIPA,YURA,-16.0768203,-71.498348,PE-34A,102.28103088397106
2021-11-21,2021,11,6,0,1,0,ATROPELLO FUGA,EN PROCESO DE INVESTIGACIÓN,ASFALTADA,CARRETERA,NACIONAL,LIMA,LIMA,SANTA ANITA,-12.054748568596857,-76.9747883993657,PE-1N,0.43715393977971
2021-11-21,2021,11,6,0,1,0,CHOQUE FUGA,EN PROCESO DE INVESTIGACIÓN,ASFALTADA,CARRETERA,NACIONAL,CAJAMARCA,JAEN,JAEN,-5.72867,-78.79662,PE-5N,1385.871368430655
2021-11-21,2021,11,6,0,1,0,ATROPELLO FUGA,IMPRUDENCIA DEL CONDUCTOR,ASFALTADA,CARRETERA,NACIONAL,SAN MARTIN,RIOJA,NUEVA CAJAMARCA,-5.93185,-77.311865,PE-5N,1102.625799855653
2021-11-21,2021,11,6,0,1,1,DESPISTE,EN PROCESO DE INVESTIGACIÓN,ASFALTADA,CARRETERA,NACIONAL,LIMA,LIMA,SAN MARTIN DE PORRES,-12.023133862305114,-77.05883491680459,PE-1N,12.476747367846883
2021-11-21,2021,11,6,0,1,0,CHOQUE,IMPRUDENCIA DEL CONDUCTOR,ASFALTADA,CARRETERA,NACIONAL,PUNO,PUNO,CHUCUITO,-15.915259,-69.882214,PE-3S,1384.6379500180517
2021-11-21,2021,11,6,0,1,1,DESPISTE,IMPRUDENCIA DEL CONDUCTOR,ASFALTADA,CARRETERA,NACIONAL,PUNO,EL COLLAO,ILAVE,-16.120117,-69.6431889,PE-38A,78.83090475580454
2021-11-21,2021,11,6,0,1,0,CHOQUE FUGA,EN PROCESO DE INVESTIGACIÓN,ASFALTADA,CARRETERA,NACIONAL,LAMBAYEQUE,CHICLAYO,CHONGOYAPE,-6.67677,-79.44425,PE-06A,56.56404790501711
2021-11-21,2021,11,6,0,1,0,CAÍDA DE PASAJERO,IMPRUDENCIA DEL PASAJERO/OCUPANTE,ASFALTADA,CARRETERA,NACIONAL,APURIMAC,ANDAHUAYLAS,SANTA MARIA DE CHICMO,-13.653259,-73.512845,PE-3S,606.7199187678287
2021-11-21,2021,11,6,0,1,0,VOLCADURA,EN PROCESO DE INVESTIGACIÓN,ASFALTADA,CARRETERA,NACIONAL,ICA,ICA,ICA,-14.050054741709207,-75.74768866124752,PE-1S,294.8165109189072
2021-11-21,2021,11,6,0,1,0,ATROPELLO,EN PROCESO DE INVESTIGACIÓN,ASFALTADA,CARRETERA,NACIONAL,LIMA,LIMA,COMAS,-11.948593590159216,-77.07040605702021,PE-1N,20.79997788432376
2021-11-21,2021,11,6,0,1,0,DESPISTE,IMPRUDENCIA DEL CONDUCTOR,ASFALTADA,CARRETERA,NACIONAL,CUSCO,CANCHIS,SAN PABLO,-14.208523296311345,-71.30307608103304,PE-3S,1102.2231273957057
2021-11-22,2021,11,0,0,1,0,ATROPELLO,EN PROCESO DE INVESTIGACIÓN,ASFALTADA,CARRETERA,NACIONAL,LIMA,BARRANCA,PATIVILCA,-10.701313305679356,-77.77938884946218,PE-1N,201.99386563855475
2021-11-24,2021,11,2,0,1,0,ATROPELLO FUGA,EN PROCESO DE INVESTIGACIÓN,ASFALTADA,CARRETERA,NACIONAL,LA LIBERTAD,ASCOPE,CHICAMA,-7.9131651,-79.1142003,PE-1N,594.9161507210496
2021-11-26,2021,11,4,0,1,0,ATROPELLO FUGA,EN PROCESO DE INVESTIGACIÓN,ASFALTADA,CARRETERA,NACIONAL,LIMA,HUAURA,SANTA MARIA,-11.087076,-77.583176,PE-1N,151.8897583436809
2021-11-26,2021,11,4,0,1,0,CHOQUE,IMPRUDENCIA DEL CONDUCTOR,ASFALTADA,CARRETERA,NACIONAL,PUNO,SAN ROMAN,JULIACA,-15.474065430197102,-70.1372390623389,PE-3S,1313.6888654811478
2021-11-26,2021,11,4,0,1,1,CHOQUE FUGA,EN PROCESO DE INVESTIGACIÓN,ASFALTADA,CARRETERA,NACIONAL,AREQUIPA,CARAVELI,CHAPARRA,-15.923091132318184,-74.11629154492239,PE-1S,634.0095290321171
2021-11-26,2021,11,4,0,1,0,ATROPELLO,IMPRUDENCIA DEL PEATÓN,ASFALTADA,CARRETERA,NACIONAL,PUNO,SAN ROMAN,SAN MIGUEL,-15.4067364,-70.1510499,PE-3S,1306.8574784338443
2021-11-26,2021,11,4,0,1,0,CHOQUE,IMPRUDENCIA DEL CONDUCTOR,ASFALTADA,CARRETERA,NACIONAL,PUNO,LAMPA,CALAPUJA,-15.316983871125714,-70.2013545703828,PE-3S,1296.1272327101335
2021-11-27,2021,11,5,0,1,0,ATROPELLO FUGA,EN PROCESO DE INVESTIGACIÓN,ASFALTADA,CARRETERA,NACIONAL,LIMA,BARRANCA,SUPE,-10.80227534236085,-77.70341739914097,PE-1N,196.9797244212588
2021-11-27,2021,11,5,0,3,0,CHOQUE,EN PROCESO DE INVESTIGACIÓN,ASFALTADA,CARRETERA,NACIONAL,ICA,NASCA,EL INGENIO,-14.79576350848956,-75.01151937151305,PE-1S,435.3599036329417
2021-11-27,2021,11,5,0,1,1,VOLCADURA,EN PROCESO DE INVESTIGACIÓN,ASFALTADA,CARRETERA,NACIONAL,AREQUIPA,AREQUIPA,YURA,-16.2298412,-71.6631733,PE-34A,64.89594602253764
2021-11-27,2021,11,5,0,1,0,ATROPELLO FUGA,EN PROCESO DE INVESTIGACIÓN,ASFALTADA,CARRETERA,NACIONAL,LIMA,HUAURA,VEGUETA,-11.01178525978156,-77.60715901155308,PE-1N,160.98878904002643
2021-11-27,2021,11,5,0,1,0,CHOQUE,EN PROCESO DE INVESTIGACIÓN,ASFALTADA,CARRETERA,NACIONAL,PIURA,PIURA,CASTILLA,-5.144498,-80.453441,PE-1NJ,247.1081443967775
2021-11-27,2021,11,5,0,1,2,CHOQUE,IMPRUDENCIA DEL CONDUCTOR,ASFALTADA,CARRETERA,NACIONAL,HUANUCO,HUANUCO,CHINCHAO,-9.714798,-76.093146,PE-18A,47.52904827214542
2021-11-28,2021,11,6,0,1,0,ATROPELLO,IMPRUDENCIA DEL PEATÓN,ASFALTADA,CARRETERA,NACIONAL,LIMA,HUARAL,CHANCAY,-11.59467336960713,-77.25587577000407,PE-1N,78.35085531115139
2021-11-28,2021,11,6,0,1,0,DESPISTE,IMPRUDENCIA DEL CONDUCTOR,AFIRMADO,CARRETERA,NACIONAL,LA LIBERTAD,SANTIAGO DE CHUCO,ANGASMARCA,-8.125711,-78.037049,PE-3N,951.0937434064924
2021-11-28,2021,11,6,0,1,0,ATROPELLO,EN PROCESO DE INVESTIGACIÓN,ASFALTADA,CARRETERA,NACIONAL,LIMA,LIMA,INDEPENDENCIA,-11.985648529695183,-77.06467143077859,PE-1N,16.596730704883637
2021-11-28,2021,11,6,0,1,0,CHOQUE FUGA,EN PROCESO DE INVESTIGACIÓN,ASFALTADA,CARRETERA,NACIONAL,ICA,NASCA,NASCA,-14.829565,-74.943561,PE-1S,443.7412732567329
2021-11-28,2021,11,6,0,1,3,DESPISTE,EN PROCESO DE INVESTIGACIÓN,ASFALTADA,CARRETERA,NACIONAL,ICA,NASCA,NASCA,-14.877768,-74.993321,PE-1S,452.026463368565
2021-11-28,2021,11,6,0,1,2,DESPISTE,EN PROCESO DE INVESTIGACIÓN,ASFALTADA,CARRETERA,NACIONAL,ICA,PISCO,PARACAS,-13.8884303,-76.1007584,PE-1S,248.0947984335388
2021-11-28,2021,11,6,0,1,1,CHOQUE,EN PROCESO DE INVESTIGACIÓN,ASFALTADA,CARRETERA,NACIONAL,SAN MARTIN,MOYOBAMBA,CALZADA,-6.037476,-77.123668,PE-5N,1075.203405471949
2021-11-29,2021,11,0,0,1,0,ATROPELLO FUGA,IMPRUDENCIA DEL CONDUCTOR,ASFALTADA,CARRETERA,NACIONAL,PUNO,SAN ROMAN,JULIACA,-15.4468199,-70.1415445,PE-3S,1311.24138562269
2021-11-29,2021,11,0,0,1,0,CHOQUE FUGA,EN PROCESO DE INVESTIGACIÓN,ASFALTADA,CARRETERA,NACIONAL,ICA,ICA,PUEBLO NUEVO,-14.108721,-75.718157,PE-1S,302.8479966860125
2021-11-29,2021,11,0,0,1,0,ATROPELLO,EN PROCESO DE INVESTIGACIÓN,ASFALTADA,CARRETERA,NACIONAL,PIURA,PIURA,CASTILLA,-5.223012,-80.628987,PE-1NJ,258.98356266752535
2021-11-29,2021,11,0,0,1,0,DESPISTE,IMPRUDENCIA DEL CONDUCTOR,ASFALTADA,CARRETERA,NACIONAL,TUMBES,CONTRALMIRANTE VILLAR,ZORRITOS,-3.86861030979828,-80.82938784263142,PE-1N,1219.4512933366973
2021-12-01,2021,12,2,0,2,0,CHOQUE,IMPRUDENCIA DEL CONDUCTOR,ASFALTADA,CARRETERA,NACIONAL,CUSCO,QUISPICANCHI,OROPESA,-13.595791849235129,-71.78020456935981,PE-3S,995.8072391478966
2021-12-02,2021,12,3,0,1,0,CHOQUE,IMPRUDENCIA DEL CONDUCTOR,ASFALTADA,CARRETERA,NACIONAL,TUMBES,TUMBES,LA CRUZ,-3.6307421369780535,-80.57235174136059,PE-1N,1262.6316508039442
2021-12-02,2021,12,3,0,1,0,ATROPELLO FUGA,EN PROCESO DE INVESTIGACIÓN,ASFALTADA,CARRETERA,NACIONAL,LAMBAYEQUE,LAMBAYEQUE,MOTUPE,-6.1537335,-79.7078371,PE-1NJ,65.66504957284485
2021-12-03,2021,12,4,0,1,0,ATROPELLO FUGA,IMPRUDENCIA DEL CONDUCTOR,ASFALTADA,CARRETERA,NACIONAL,SAN MARTIN,MOYOBAMBA,JEPELACIO,-6.127369,-76.843872,PE-5N,1038.0022051425694
2021-12-03,2021,12,4,0,1,3,DESPISTE,EN PROCESO DE INVESTIGACIÓN,ASFALTADA,CARRETERA,NACIONAL,PIURA,PIURA,CASTILLA,-5.157905,-80.498647,PE-1NJ,252.36172181556967
2021-12-03,2021,12,4,0,2,1,DESPISTE,IMPRUDENCIA DEL CONDUCTOR,AFIRMADO,CARRETERA,NACIONAL,APURIMAC,ANDAHUAYLAS,HUANCARAMA,-13.641459,-73.097459,PE-3S,711.7926142683125
2021-12-05,2021,12,6,0,1,0,ATROPELLO,EN PROCESO DE INVESTIGACIÓN,EMPEDRADO,CARRETERA,NACIONAL,LIMA,LIMA,ATE,-12.012510749146264,-76.87878810644341,PE-22,13.277108969464193
2021-12-05,2021,12,6,0,1,0,CHOQUE,EN PROCESO DE INVESTIGACIÓN,,CARRETERA,NACIONAL,CUSCO,ANTA,ANTA,-13.49562146800394,-72.18019619222027,PE-3S,941.2107308497962
2021-12-05,2021,12,6,0,1,3,CHOQUE,IMPRUDENCIA DEL CONDUCTOR,ASFALTADA,CARRETERA,NACIONAL,LIMA,HUARAL,AUCALLAMA,-11.569692,-77.202781,PE-20C,3.765586209804962
2021-12-05,2021,12,6,0,1,0,DESPISTE,INFRAESTRUCTURA Y ENTORNO VIAL,ASFALTADA,CARRETERA,NACIONAL,PUNO,EL COLLAO,SANTA ROSA,-16.643848210040442,-69.71485007913589,PE-38A,10.558318522233176
2021-12-05,2021,12,6,0,1,1,CHOQUE,EN PROCESO DE INVESTIGACIÓN,ASFALTADA,CARRETERA,NACIONAL,ICA,PALPA,SANTA CRUZ,-14.50349,-75.256953,PE-1S,378.42449248601656
2021-12-05,2021,12,6,0,1,0,ATROPELLO,EN PROCESO DE INVESTIGACIÓN,ASFALTADA,CARRETERA,NACIONAL,LIMA,LIMA,ATE,-12.072798427511898,-76.97388851495127,PE-1S,1.6585641907898667
2021-12-05,2021,12,6,0,1,2,DESPISTE,EN PROCESO DE INVESTIGACIÓN,ASFALTADA,CARRETERA,NACIONAL,AREQUIPA,CAYLLOMA,MAJES,-16.538482051303,-72.51726972660755,PE-1S,868.232686496373
2021-12-05,2021,12,6,0,1,3,DESPISTE,EN PROCESO DE INVESTIGACIÓN,ASFALTADA,CARRETERA,NACIONAL,HUANCAVELICA,HUAYTARA,HUAYTARA,-13.6038446,-75.3175364,PE-28A,121.93832903413112
2021-12-05,2021,12,6,0,1,0,ATROPELLO FUGA,EN PROCESO DE INVESTIGACIÓN,ASFALTADA,CARRETERA,NACIONAL,PIURA,SECHURA,SECHURA,-5.56417321160881,-80.8218015616626,PE-1NK,48.50405336060853
2021-12-05,2021,12,6,0,1,0,ATROPELLO,EN PROCESO DE INVESTIGACIÓN,ASFALTADA,CARRETERA,NACIONAL,LIMA,BARRANCA,SUPE,-10.829079376898283,-77.70009623782502,PE-1N,189.75589299813927
2021-12-06,2021,12,0,0,1,0,ATROPELLO FUGA,IMPRUDENCIA DEL PEATÓN,ASFALTADA,CARRETERA,NACIONAL,CUSCO,ANTA,ANCAHUASI,-13.459905961050266,-72.29229923407908,PE-3S,927.6807160364688
2021-12-06,2021,12,0,0,1,0,ATROPELLO,IMPRUDENCIA DEL PEATÓN,ASFALTADA,CARRETERA,NACIONAL,PUNO,AZANGARO,SAN ANTON,-14.430196,-70.2589258,PE-34B,123.687136077314
2021-12-06,2021,12,0,0,1,0,ATROPELLO,IMPRUDENCIA DEL PEATÓN,ASFALTADA,CARRETERA,NACIONAL,ANCASH,HUARAZ,HUARAZ,-9.5631808,-77.5390986,PE-3N,576.0474556522252
2021-12-07,2021,12,1,0,1,0,CHOQUE,EN PROCESO DE INVESTIGACIÓN,ASFALTADA,CARRETERA,NACIONAL,LIMA,LIMA,CHACLACAYO,-11.985720245080582,-76.80978528061422,PE-22,20.234701665132214
2021-12-07,2021,12,1,0,1,0,CHOQUE,EN PROCESO DE INVESTIGACIÓN,ASFALTADA,CARRETERA,NACIONAL,CALLAO,CALLAO,CALLAO,-11.972424576844084,-77.1248169387054,PE-20,16.751529151509413
2021-12-07,2021,12,1,0,1,0,CHOQUE,NEGLIGENCIA DEL CONDUCTOR,CONCRETO,CARRETERA,NACIONAL,CALLAO,CALLAO,CALLAO,-12.038259793695234,-77.12717963582398,PE-20,12.638885964148564
2021-12-08,2021,12,2,0,1,0,ATROPELLO FUGA,IMPRUDENCIA DEL CONDUCTOR,ASFALTADA,CARRETERA,NACIONAL,PASCO,PASCO,VICCO,-10.810985467282697,-76.23864765339725,PE-20A,219.9868002151763
2021-12-08,2021,12,2,0,1,0,CHOQUE,EN PROCESO DE INVESTIGACIÓN,ASFALTADA,CARRETERA,NACIONAL,LAMBAYEQUE,CHICLAYO,PIMENTEL,-6.751879484350171,-79.8676442770372,PE-1N,786.6631875352574
2021-12-08,2021,12,2,0,1,0,CHOQUE,IMPRUDENCIA DEL CONDUCTOR,ASFALTADA,CARRETERA,NACIONAL,UCAYALI,CORONEL PORTILLO,YARINACOCHA,-8.40977,-74.650205,PE-18C,71.90242849435515
2021-12-08,2021,12,2,0,1,0,VOLCADURA,IMPRUDENCIA DEL CONDUCTOR,ASFALTADA,CARRETERA,NACIONAL,SAN MARTIN,SAN MARTIN,LA BANDA DE SHILCAYO,-6.42122732,-76.291237,PE-5NB,29.6907008102739
2021-12-09,2021,12,3,0,1,0,ATROPELLO FUGA,EN PROCESO DE INVESTIGACIÓN,ASFALTADA,CARRETERA,NACIONAL,PUNO,PUNO,PAUCARCOLLA,-15.752785753272578,-70.05233133972958,PE-3S,1349.3814775448093
2021-12-09,2021,12,3,0,1,2,DESPISTE,IMPRUDENCIA DEL CONDUCTOR,ASFALTADA,CARRETERA,NACIONAL,APURIMAC,ANDAHUAYLAS,SANTA MARIA DE CHICMO,-13.611073,-73.575278,PE-3S,585.949087589441
2021-12-10,2021,12,4,0,1,0,ATROPELLO,IMPRUDENCIA DEL PEATÓN,ASFALTADA,CARRETERA,NACIONAL,PUNO,EL COLLAO,ILAVE,-16.08053640545883,-69.65219393210701,PE-3S,1415.692992791165
2021-12-10,2021,12,4,0,1,0,ATROPELLO FUGA,EN PROCESO DE INVESTIGACIÓN,ASFALTADA,CARRETERA,NACIONAL,AREQUIPA,AREQUIPA,LA JOYA,-16.569711312640678,-71.8303789791813,PE-1S,972.999785089606
2021-12-10,2021,12,4,0,1,2,ATROPELLO FUGA,IMPRUDENCIA DEL CONDUCTOR,ASFALTADA,CARRETERA,NACIONAL,LA LIBERTAD,TRUJILLO,HUANCHACO,-8.002536,-79.071728,PE-1N,583.8553711698039
2021-12-10,2021,12,4,0,1,0,ATROPELLO FUGA,EN PROCESO DE INVESTIGACIÓN,ASFALTADA,CARRETERA,NACIONAL,LIMA,BARRANCA,SUPE,-10.858267596199711,-77.69031756830302,PE-1N,181.6222745539669
2021-12-10,2021,12,4,0,1,1,DESPISTE,EN PROCESO DE INVESTIGACIÓN,AFIRMADO,CARRETERA,NACIONAL,PIURA,AYABACA,AYABACA,-4.654003900781257,-79.73730502191634,PE-1NT,82.0359884494635
2021-12-11,2021,12,5,0,1,2,CHOQUE,EN PROCESO DE INVESTIGACIÓN,ASFALTADA,CARRETERA,NACIONAL,PIURA,SULLANA,QUERECOTILLO,-4.836912863178541,-80.65014654787663,PE-1NN,8.684662944894363
2021-12-11,2021,12,5,0,1,7,CHOQUE,EN PROCESO DE INVESTIGACIÓN,ASFALTADA,CARRETERA,NACIONAL,LIMA,LIMA,VILLA EL SALVADOR,-12.1951485,-76.9727995,PE-1S,15.831500014359069
2021-12-12,2021,12,6,0,1,0,CAÍDA DE PASAJERO,IMPRUDENCIA DEL CONDUCTOR,ASFALTADA,CARRETERA,NACIONAL,PUNO,SAN ROMAN,JULIACA,-15.466688,-70.138269,PE-3S,1313.1932064612893
2021-12-12,2021,12,6,0,1,0,DESPISTE,EN PROCESO DE INVESTIGACIÓN,ASFALTADA,CARRETERA,NACIONAL,CALLAO,CALLAO,CALLAO,-12.041565034775047,-77.10440847210458,PE-20B,5.683493650901887
2021-12-12,2021,12,6,0,1,0,ATROPELLO,IMPRUDENCIA DEL PEATÓN,ASFALTADA,CARRETERA,NACIONAL,LIMA,HUAURA,HUACHO,-11.306502113545593,-77.48817080324059,PE-1N,123.65461481524902
2021-12-12,2021,12,6,0,2,0,DESPISTE,EN PROCESO DE INVESTIGACIÓN,ASFALTADA,CARRETERA,NACIONAL,LA LIBERTAD,OTUZCO,SALPO,-8.018895,-78.715078,PE-10A,43.232455755013184
2021-12-12,2021,12,6,0,1,0,DESPISTE,EN PROCESO DE INVESTIGACIÓN,ASFALTADA,CARRETERA,NACIONAL,PIURA,PIURA,PIURA,-5.11873130880967,-80.7018813777461,PE-1N,1006.740044438104
2021-12-12,2021,12,6,0,4,16,CHOQUE,IMPRUDENCIA DEL CONDUCTOR,ASFALTADA,CARRETERA,NACIONAL,PUNO,HUANCANE,PUSI,-15.40756,-70.0659119,PE-34H,11.261151872084488
2021-12-13,2021,12,0,0,2,0,DESPISTE,INFRAESTRUCTURA Y ENTORNO VIAL,ASFALTADA,CARRETERA,NACIONAL,AYACUCHO,CANGALLO,PARAS,-13.333705,-74.597611,PE-28A,256.05677901832763
2021-12-13,2021,12,0,0,1,0,CHOQUE,IMPRUDENCIA DEL CONDUCTOR,ASFALTADA,CARRETERA,NACIONAL,LA LIBERTAD,VIRU,VIRU,-8.423766875656197,-78.78223717052951,PE-1N,515.9798991181267
2021-12-13,2021,12,0,0,1,0,ATROPELLO,EN PROCESO DE INVESTIGACIÓN,ASFALTADA,CARRETERA,NACIONAL,LIMA,BARRANCA,SUPE,-10.787009620009208,-77.7128743936837,PE-1N,189.75826289299485
2021-12-14,2021,12,1,0,1,0,CHOQUE,EN PROCESO DE INVESTIGACIÓN,ASFALTADA,CARRETERA,NACIONAL,LIMA,LIMA,LOS OLIVOS,-11.954954,-77.084784,PE-20F,3.41312465659024
2021-12-15,2021,12,2,0,1,0,DESPISTE,IMPRUDENCIA DEL CONDUCTOR,ASFALTADA,CARRETERA,NACIONAL,PUNO,SANDIA,CUYOCUYO,-14.441577221899978,-69.53008537150941,PE-34H,199.31257278923007
2021-12-15,2021,12,2,0,1,3,CHOQUE FUGA,EN PROCESO DE INVESTIGACIÓN,ASFALTADA,CARRETERA,NACIONAL,AREQUIPA,ISLAY,ISLAY,-16.921667,-72.053889,PE-34,39.44105822540264
2021-12-15,2021,12,2,0,1,0,ATROPELLO FUGA,EN PROCESO DE INVESTIGACIÓN,ASFALTADA,CARRETERA,NACIONAL,ICA,NASCA,NASCA,-14.819407482236658,-74.97213789560045,PE-1S,440.3829263018197
2021-12-16,2021,12,3,0,1,0,CHOQUE,EN PROCESO DE INVESTIGACIÓN,ASFALTADA,CARRETERA,NACIONAL,AREQUIPA,AREQUIPA,CERRO COLORADO,-16.362821,-71.578105,PE-34A,41.05056207746114
2021-12-16,2021,12,3,0,1,0,ATROPELLO,IMPRUDENCIA DEL CONDUCTOR,ASFALTADA,CARRETERA,NACIONAL,LA LIBERTAD,TRUJILLO,LAREDO,-8.021698,-78.838331,PE-10A,26.42938476360138
2021-12-17,2021,12,4,0,1,0,DESPISTE,EN PROCESO DE INVESTIGACIÓN,ASFALTADA,CARRETERA,NACIONAL,HUANCAVELICA,HUAYTARA,PILPICHACA,-13.3680319,-74.9544355,PE-28A,193.30331197021985
2021-12-17,2021,12,4,0,2,0,CHOQUE,IMPRUDENCIA DEL CONDUCTOR,AFIRMADO,CARRETERA,NACIONAL,LA LIBERTAD,SANCHEZ CARRION,HUAMACHUCO,-7.874474,-78.115444,PE-3N,1087.2562978067008
2021-12-18,2021,12,5,0,1,0,CHOQUE,IMPRUDENCIA DEL CONDUCTOR,ASFALTADA,CARRETERA,NACIONAL,SAN MARTIN,LAMAS,TABALOSOS,-6.38832,-76.62916,PE-5N,984.541807382462
2021-12-19,2021,12,6,0,1,1,CHOQUE,IMPRUDENCIA DEL CONDUCTOR,ASFALTADA,CARRETERA,NACIONAL,LIMA,HUAURA,HUAURA,-11.07467669370586,-77.50771876853804,PE-1NE,9.080858393986569
2021-12-19,2021,12,6,0,1,0,CHOQUE,EN PROCESO DE INVESTIGACIÓN,ASFALTADA,CARRETERA,NACIONAL,LIMA,LIMA,COMAS,-11.93071,-77.07231,PE-1N,22.79760860544257
2021-12-19,2021,12,6,0,1,0,CHOQUE,EN PROCESO DE INVESTIGACIÓN,AFIRMADO,CARRETERA,NACIONAL,AREQUIPA,CARAVELI,CHAPARRA,-15.924556166453849,-74.11293799237252,PE-1S,634.403736441231
2021-12-19,2021,12,6,0,1,0,CHOQUE,IMPRUDENCIA DEL CONDUCTOR,ASFALTADA,CARRETERA,NACIONAL,ANCASH,YUNGAY,MANCOS,-9.204923228231642,-77.6955183049935,PE-3N,625.5974320828243
2021-12-19,2021,12,6,0,2,0,CHOQUE,EN PROCESO DE INVESTIGACIÓN,ASFALTADA,CARRETERA,NACIONAL,AREQUIPA,CAMANA,QUILCA,-16.69516898840381,-72.45780429248134,PE-1SD,24.113321455568062
2021-12-19,2021,12,6,0,4,0,CHOQUE,IMPRUDENCIA DEL CONDUCTOR,ASFALTADA,CARRETERA,NACIONAL,SAN MARTIN,SAN MARTIN,JUAN GUERRA,-6.57864,-76.32731,PE-5N,931.6347021303498
2021-12-19,2021,12,6,0,1,0,CHOQUE FUGA,IMPRUDENCIA DEL CONDUCTOR,ASFALTADA,CARRETERA,NACIONAL,PUNO,SAN ROMAN,SAN MIGUEL,-15.468342,-70.109546,PE-34H,2.43706028486283
2021-12-19,2021,12,6,0,1,0,CHOQUE,IMPRUDENCIA DEL CONDUCTOR,ASFALTADA,CARRETERA,NACIONAL,LA LIBERTAD,SANCHEZ CARRION,HUAMACHUCO,-7.823078133059083,-78.05591943206889,PE-3N,1099.5293391111638
2021-12-20,2021,12,0,0,1,39,DESPISTE,EN PROCESO DE INVESTIGACIÓN,ASFALTADA,CARRETERA,NACIONAL,PIURA,PIURA,TAMBO GRANDE,-5.1432175,-80.3709129,PE-1NJ,237.87153360601167
2021-12-20,2021,12,0,0,1,0,CHOQUE,EN PROCESO DE INVESTIGACIÓN,ASFALTADA,CARRETERA,NACIONAL,LA LIBERTAD,VIRU,VIRU,-8.42680234191626,-78.7797538799474,PE-1N,515.5489579730378
2021-12-20,2021,12,0,0,1,1,CHOQUE,EN PROCESO DE INVESTIGACIÓN,ASFALTADA,CARRETERA,NACIONAL,CAJAMARCA,CAJABAMBA,CONDEBAMBA,-7.527567,-78.148252,PE-3N,1178.0933345065691
2021-12-21,2021,12,1,0,1,0,ATROPELLO FUGA,EN PROCESO DE INVESTIGACIÓN,ASFALTADA,CARRETERA,NACIONAL,LIMA,HUAURA,HUACHO,-11.412563,-77.374989,PE-1N,103.8327268337882
2021-12-21,2021,12,1,0,1,0,DESPISTE,EN PROCESO DE INVESTIGACIÓN,ASFALTADA,CARRETERA,NACIONAL,LAMBAYEQUE,CHICLAYO,PIMENTEL,-6.738122,-79.880227,PE-1N,788.7313564531851
2021-12-21,2021,12,1,0,1,1,ATROPELLO,IMPRUDENCIA DEL CONDUCTOR,ASFALTADA,CARRETERA,NACIONAL,LIMA,HUARAL,CHANCAY,-11.594510466066575,-77.25601446496525,PE-1N,78.37405937688776
2021-12-21,2021,12,1,0,1,0,CHOQUE,IMPRUDENCIA DEL CONDUCTOR,ASFALTADA,CARRETERA,NACIONAL,PUNO,SAN ROMAN,SAN MIGUEL,-15.3696859,-70.1682585,PE-3S,1302.6150099956758
2021-12-21,2021,12,1,0,1,3,CHOQUE,IMPRUDENCIA DEL CONDUCTOR,ASFALTADA,CARRETERA,NACIONAL,SAN MARTIN,SAN MARTIN,LA BANDA DE SHILCAYO,-6.50662008002051,-76.3455071890182,PE-5NB,0.2318748413745895
2021-12-21,2021,12,1,0,1,0,CHOQUE,EN PROCESO DE INVESTIGACIÓN,ASFALTADA,CARRETERA,NACIONAL,LAMBAYEQUE,LAMBAYEQUE,LAMBAYEQUE,-6.705867,-79.902938,PE-1N,793.2076372304082
2021-12-21,2021,12,1,0,1,0,ATROPELLO,IMPRUDENCIA DEL PEATÓN,ASFALTADA,CARRETERA,NACIONAL,CUSCO,CANCHIS,SAN PEDRO,-14.182470022437494,-71.36738053960617,PE-3S,1094.4390697950366
2021-12-21,2021,12,1,0,1,1,DESPISTE,EN PROCESO DE INVESTIGACIÓN,ASFALTADA,CARRETERA,NACIONAL,PIURA,PIURA,CASTILLA,-5.161759,-80.511191,PE-1NJ,192.416348767008
2021-12-21,2021,12,1,0,2,0,CHOQUE,IMPRUDENCIA DEL CONDUCTOR,ASFALTADA,CARRETERA,NACIONAL,LA LIBERTAD,TRUJILLO,HUANCHACO,-8.095328,-79.098546,PE-1N,573.4019049793333
2021-12-22,2021,12,2,0,1,0,DESPISTE,EN PROCESO DE INVESTIGACIÓN,ASFALTADA,CARRETERA,NACIONAL,LIMA,LIMA,SAN MARTIN DE PORRES,-12.0133494,-77.0603835,PE-1N,13.542020164128123
2021-12-22,2021,12,2,0,1,1,CHOQUE,IMPRUDENCIA DEL CONDUCTOR,TROCHA,CARRETERA,NACIONAL,ANCASH,POMABAMBA,POMABAMBA,-8.830359046098112,-77.44144099349027,PE-14C,85.69713078573031
2021-12-22,2021,12,2,0,1,0,CHOQUE,IMPRUDENCIA DEL CONDUCTOR,ASFALTADA,CARRETERA,NACIONAL,LA LIBERTAD,PACASMAYO,SAN JOSE,-7.337082,-79.495932,PE-1N,688.0195733621234
2021-12-22,2021,12,2,0,1,0,CHOQUE,IMPRUDENCIA DEL CONDUCTOR,ASFALTADA,CARRETERA,NACIONAL,CUSCO,CHUMBIVILCAS,SANTO TOMAS,-14.437471,-72.08432,PE-3SG,92.21969579214276
2021-12-22,2021,12,2,0,1,0,CHOQUE,IMPRUDENCIA DEL CONDUCTOR,ASFALTADA,CARRETERA,NACIONAL,PUNO,AZANGARO,ASILLO,-14.745463811047548,-70.3543804087206,PE-34B,78.82841165974702
2021-12-22,2021,12,2,0,1,0,CHOQUE,EN PROCESO DE INVESTIGACIÓN,ASFALTADA,CARRETERA,NACIONAL,LA LIBERTAD,VIRU,VIRU,-8.430496,-78.776379,PE-1N,514.9980074987394
2021-12-23,2021,12,3,0,1,4,CHOQUE,EN PROCESO DE INVESTIGACIÓN,ASFALTADA,CARRETERA,NACIONAL,ICA,ICA,SALAS,-13.905014823942032,-76.05095184372767,PE-1S,253.86417325620533
2021-12-23,2021,12,3,0,1,0,DESPISTE,IMPRUDENCIA DEL CONDUCTOR,ASFALTADA,CARRETERA,NACIONAL,PUNO,SANDIA,SANDIA,-14.285873869758916,-69.4341251892528,PE-34H,232.7969895367839
2021-12-23,2021,12,3,0,1,0,CHOQUE,EN PROCESO DE INVESTIGACIÓN,ASFALTADA,CARRETERA,NACIONAL,LAMBAYEQUE,LAMBAYEQUE,OLMOS,-5.991169,-79.721475,PE-1NJ,88.8307537155715
2021-12-24,2021,12,4,0,1,0,CHOQUE,IMPRUDENCIA DEL CONDUCTOR,ASFALTADA,CARRETERA,NACIONAL,SAN MARTIN,SAN MARTIN,LA BANDA DE SHILCAYO,-6.55107,-76.34146,PE-5N,935.274935877377
2021-12-24,2021,12,4,0,1,0,CHOQUE FUGA,EN PROCESO DE INVESTIGACIÓN,ASFALTADA,CARRETERA,NACIONAL,CAJAMARCA,JAEN,JAEN,-5.806591834708754,-78.7727343803987,PE-5N,1374.4502910066496
2021-12-24,2021,12,4,0,1,1,CHOQUE CON OBJETO FIJO,EN PROCESO DE INVESTIGACIÓN,ASFALTADA,CARRETERA,NACIONAL,LIMA,HUAURA,HUAURA,-11.060704324300827,-77.5624305525138,PE-1NE,2.812892279280494
2021-12-25,2021,12,5,0,1,0,DESPISTE,EN PROCESO DE INVESTIGACIÓN,ASFALTADA,CARRETERA,NACIONAL,LAMBAYEQUE,LAMBAYEQUE,JAYANCA,-6.328429754718869,-79.76351553266412,PE-1NJ,43.94381620648007
2021-12-25,2021,12,5,0,1,1,CHOQUE,EN PROCESO DE INVESTIGACIÓN,ASFALTADA,CARRETERA,NACIONAL,AREQUIPA,CAYLLOMA,SAN ANTONIO DE CHUCA,-15.759281,-70.932057,PE-34A,187.2602026336922
2021-12-25,2021,12,5,0,1,0,CHOQUE,EN PROCESO DE INVESTIGACIÓN,ASFALTADA,CARRETERA,NACIONAL,ICA,NASCA,VISTA ALEGRE,-14.9084803174106,-74.98480375259908,PE-1S,455.9266061241327
2021-12-25,2021,12,5,0,1,4,DESPISTE,IMPRUDENCIA DEL CONDUCTOR,ASFALTADA,CARRETERA,NACIONAL,CUSCO,CHUMBIVILCAS,VELILLE,-14.5711517,-71.8120606,PE-3SW,10.417045399935294
2021-12-25,2021,12,5,0,1,1,CHOQUE FUGA,EN PROCESO DE INVESTIGACIÓN,ASFALTADA,CARRETERA,NACIONAL,PIURA,PIURA,VEINTISEIS DE OCTUBRE,-5.176398,-80.67267,PE-1N,998.61776546228
2021-12-25,2021,12,5,0,1,0,ATROPELLO FUGA,EN PROCESO DE INVESTIGACIÓN,ASFALTADA,CARRETERA,NACIONAL,HUANUCO,HUANUCO,PILLCO MARCA,-10.033127,-76.234572,PE-3N,220.98843780517595
2021-12-26,2021,12,6,0,1,0,DESPISTE,EN PROCESO DE INVESTIGACIÓN,ASFALTADA,CARRETERA,NACIONAL,LIMA,LIMA,CHACLACAYO,-11.990416,-76.820875,PE-22,18.89873366748492
2021-12-26,2021,12,6,0,1,0,ATROPELLO FUGA,EN PROCESO DE INVESTIGACIÓN,ASFALTADA,CARRETERA,NACIONAL,LAMBAYEQUE,LAMBAYEQUE,OLMOS,-5.747039639523959,-79.87042842461791,PE-1NJ,121.69969586394816
2021-12-27,2021,12,0,0,1,0,CHOQUE,EN PROCESO DE INVESTIGACIÓN,ASFALTADA,CARRETERA,NACIONAL,LIMA,LIMA,LURIGANCHO,-11.931703,-76.692086,PE-22,36.291667612770304
2021-12-27,2021,12,0,0,1,0,CHOQUE,IMPRUDENCIA DEL CONDUCTOR,ASFALTADA,CARRETERA,NACIONAL,CALLAO,CALLAO,CALLAO,-11.985128045581396,-77.12521423663608,PE-20,18.152155737352
2021-12-27,2021,12,0,0,1,0,CHOQUE,IMPRUDENCIA DEL CONDUCTOR,ASFALTADA,CARRETERA,NACIONAL,PUNO,PUNO,PUNO,-15.853722,-69.963299,PE-3S,1371.853913685723
2021-12-27,2021,12,0,0,1,0,CHOQUE,NEGLIGENCIA DEL CONDUCTOR,ASFALTADA,CARRETERA,NACIONAL,PUNO,LAMPA,LAMPA,-15.212994359035113,-70.35131148436571,PE-3S,1274.719777662486
2021-12-28,2021,12,1,0,1,0,CHOQUE,IMPRUDENCIA DEL CONDUCTOR,ASFALTADA,CARRETERA,NACIONAL,PUNO,CARABAYA,CRUCERO,-14.3529249,-70.081084,PE-34K,19.487016890382037
2021-12-29,2021,12,2,0,1,0,DESPISTE,IMPRUDENCIA DEL CONDUCTOR,ASFALTADA,CARRETERA,NACIONAL,CUSCO,ESPINAR,PALLPATA,-14.88137023269232,-71.21465549153032,PE-3SG,269.86195165568233
2021-12-29,2021,12,2,0,1,0,ATROPELLO FUGA,EN PROCESO DE INVESTIGACIÓN,ASFALTADA,CARRETERA,NACIONAL,LAMBAYEQUE,CHICLAYO,LA VICTORIA,-6.801760935825376,-79.84689468372586,PE-1N,777.9390544700742
2021-12-29,2021,12,2,0,1,0,ATROPELLO,EN PROCESO DE INVESTIGACIÓN,ASFALTADA,CARRETERA,NACIONAL,LA LIBERTAD,PACASMAYO,SAN JOSE,-7.339899,-79.503357,PE-1N,687.1395960808528
2021-12-30,2021,12,3,0,1,0,CHOQUE,IMPRUDENCIA DEL CONDUCTOR,ASFALTADA,CARRETERA,NACIONAL,PUNO,CHUCUITO,DESAGUADERO,-16.58572099912765,-69.06567490499069,PE-36A,303.42618387311006
2021-12-30,2021,12,3,0,1,4,DESPISTE,EN PROCESO DE INVESTIGACIÓN,ASFALTADA,CARRETERA,NACIONAL,LIMA,LIMA,LURIN,-12.301834,-76.845125,PE-1S,35.662417034198484
2021-12-31,2021,12,4,0,2,0,CHOQUE,IMPRUDENCIA DEL CONDUCTOR,ASFALTADA,CARRETERA,NACIONAL,ANCASH,RECUAY,CATAC,-9.969805916630804,-77.3589046601169,PE-3N,524.9346553784735
2021-12-31,2021,12,4,0,1,0,ATROPELLO,EN PROCESO DE INVESTIGACIÓN,ASFALTADA,CARRETERA,NACIONAL,LIMA,LIMA,LURIGANCHO,-11.933058498741993,-76.69317478959006,PE-22,36.0979400664645
2021-12-31,2021,12,4,0,1,0,CHOQUE,NEGLIGENCIA DEL CONDUCTOR,ASFALTADA,CARRETERA,NACIONAL,CALLAO,CALLAO,CALLAO,-12.024209442238538,-77.12873359104283,PE-20,11.06794065318374
2021-12-31,2021,12,4,0,1,1,CHOQUE,IMPRUDENCIA DEL CONDUCTOR,ASFALTADA,CARRETERA,NACIONAL,LIMA,HUAURA,SAYAN,-11.039807703262472,-77.11205005274367,PE-18,63.59723277257174
2021-12-31,2021,12,4,0,4,4,DESPISTE,EN PROCESO DE INVESTIGACIÓN,ASFALTADA,CARRETERA,NACIONAL,AREQUIPA,AREQUIPA,YURA,-16.2248434,-71.6634792,PE-34A,65.68601011636585
2021-12-31,2021,12,4,0,1,1,ATROPELLO,IMPRUDENCIA DEL PEATÓN,ASFALTADA,CARRETERA,NACIONAL,HUANUCO,LEONCIO PRADO,JOSE CRESPO Y CASTILLO,-8.952813221693319,-76.10167218422438,PE-5N,518.4561577923475
2022-01-01,2022,1,5,0,1,1,CHOQUE,IMPRUDENCIA DEL CONDUCTOR,ASFALTADA,CARRETERA,NACIONAL,CUSCO,ESPINAR,ALTO PICHIGUA,-14.73723063652993,-71.32631439224909,PE-34F,10.09695057112409
2022-01-01,2022,1,5,0,1,2,ATROPELLO,IMPRUDENCIA DEL CONDUCTOR,ASFALTADA,CARRETERA,NACIONAL,JUNIN,HUANCAYO,HUANCAN,-12.110581,-75.216347,PE-3S,129.60792669052594
2022-01-02,2022,1,6,0,1,0,ATROPELLO FUGA,EN PROCESO DE INVESTIGACIÓN,ASFALTADA,CARRETERA,NACIONAL,ICA,ICA,SALAS,-13.971056,-75.779005,PE-1S,285.40663845211816
2022-01-02,2022,1,6,0,1,7,DESPISTE,NEGLIGENCIA DEL CONDUCTOR,AFIRMADO,CARRETERA,NACIONAL,LA LIBERTAD,SANTIAGO DE CHUCO,QUIRUVILCA,-8.105542,-78.296194,PE-3N,1030.927002769495
2022-01-02,2022,1,6,0,1,0,ATROPELLO,IMPRUDENCIA DEL PEATÓN,ASFALTADA,CARRETERA,NACIONAL,CUSCO,CANCHIS,TINTA,-14.121408,-71.41428,PE-3S,1085.809835118606
2022-01-03,2022,1,0,0,1,0,CHOQUE,EN PROCESO DE INVESTIGACIÓN,ASFALTADA,CARRETERA,NACIONAL,LIMA,LIMA,CHORRILLOS,-12.221114594425702,-76.97614819371015,PE-1S,18.764869550503672
2022-01-03,2022,1,0,0,1,0,CHOQUE,EN PROCESO DE INVESTIGACIÓN,ASFALTADA,CARRETERA,NACIONAL,SAN MARTIN,MOYOBAMBA,MOYOBAMBA,-6.082243,-76.884668,PE-5N,1045.9125793455698
2022-01-03,2022,1,0,0,1,1,DESPISTE,EN PROCESO DE INVESTIGACIÓN,ASFALTADA,CARRETERA,NACIONAL,CAJAMARCA,CONTUMAZA,YONAN,-7.240266,-79.057652,PE-08,59.0513337777994
2022-01-03,2022,1,0,0,1,0,ATROPELLO,IMPRUDENCIA DEL PEATÓN,ASFALTADA,CARRETERA,NACIONAL,CUSCO,CUSCO,SAYLLA,-13.55588917373734,-71.85594867584527,PE-3S,986.3318029774769
2022-01-03,2022,1,0,0,1,0,CHOQUE,EN PROCESO DE INVESTIGACIÓN,ASFALTADA,CARRETERA,NACIONAL,LIMA,LIMA,PUENTE PIEDRA,-11.890384903545833,-77.06837829493487,PE-1N,27.439681944479485
2022-01-04,2022,1,1,0,1,1,VOLCADURA,IMPRUDENCIA DEL CONDUCTOR,TROCHA,CARRETERA,NACIONAL,HUANUCO,PACHITEA,PANAO,-9.902059,-75.999937,PE-18B,40.102382515527545
2022-01-04,2022,1,1,0,1,0,ATROPELLO,EN PROCESO DE INVESTIGACIÓN,ASFALTADA,CARRETERA,NACIONAL,LIMA,LIMA,SAN MARTIN DE PORRES,-12.02323,-77.058815,PE-1N,12.466003884519283
2022-01-04,2022,1,1,0,1,4,CHOQUE,IMPRUDENCIA DEL CONDUCTOR,ASFALTADA,CARRETERA,NACIONAL,HUANUCO,HUANUCO,CHINCHAO,-9.577413,-76.024176,PE-18A,81.02413413970208
2022-01-05,2022,1,2,0,1,0,CHOQUE,EN PROCESO DE INVESTIGACIÓN,ASFALTADA,CARRETERA,NACIONAL,LIMA,LIMA,SAN JUAN DE MIRAFLORES,-12.172018297607602,-76.97873171240589,PE-1S,13.176932863043444
2022-01-05,2022,1,2,0,1,0,DESPISTE,IMPRUDENCIA DEL CONDUCTOR,ASFALTADA,CARRETERA,NACIONAL,PUNO,SAN ROMAN,CARACOTO,-15.599523018953684,-70.09527050806683,PE-3S,1331.8488718167514
2022-01-05,2022,1,2,0,1,1,VOLCADURA,EN PROCESO DE INVESTIGACIÓN,ASFALTADA,CARRETERA,NACIONAL,AREQUIPA,ISLAY,ISLAY,-16.920378,-72.050103,PE-34,38.988186781098406
2022-01-05,2022,1,2,0,1,0,CHOQUE,EN PROCESO DE INVESTIGACIÓN,ASFALTADA,CARRETERA,NACIONAL,LA LIBERTAD,TRUJILLO,SALAVERRY,-8.204563,-78.958988,PE-1N,548.7475551461832
2022-01-06,2022,1,3,0,1,0,ATROPELLO,EN PROCESO DE INVESTIGACIÓN,ASFALTADA,CARRETERA,NACIONAL,ICA,PISCO,SAN CLEMENTE,-13.627379,-76.172521,PE-1SE,25.44918041760201
2022-01-07,2022,1,4,0,1,0,CHOQUE,IMPRUDENCIA DEL CONDUCTOR,ASFALTADA,CARRETERA,NACIONAL,CUSCO,QUISPICANCHI,OCONGATE,-13.606140564367696,-71.20272030062668,PE-30C,81.24450244455188
2022-01-07,2022,1,4,0,1,2,CHOQUE,NEGLIGENCIA DEL CONDUCTOR,ASFALTADA,CARRETERA,NACIONAL,SAN MARTIN,MOYOBAMBA,MOYOBAMBA,-6.057292,-76.932873,PE-5N,1052.4107054922845
2022-01-07,2022,1,4,0,1,1,CHOQUE,IMPRUDENCIA DEL CONDUCTOR,ASFALTADA,CARRETERA,NACIONAL,PUNO,SAN ROMAN,JULIACA,-15.481370461726788,-70.13464537865062,PE-3S,1314.3704067886104
2022-01-07,2022,1,4,0,1,0,DESPISTE,IMPRUDENCIA DEL CONDUCTOR,ASFALTADA,CARRETERA,NACIONAL,CUSCO,CALCA,PISAC,-13.42684412675796,-71.85445808563742,PE-28G,30.10872179339672
2022-01-08,2022,1,5,0,3,1,DESPISTE,IMPRUDENCIA DEL CONDUCTOR,ASFALTADA,CARRETERA,NACIONAL,LIMA,HUAURA,HUACHO,-11.214710867714132,-77.55449110659245,PE-1N,136.1337842456371
2022-01-08,2022,1,5,0,1,0,CHOQUE,IMPRUDENCIA DEL CONDUCTOR,ASFALTADA,CARRETERA,NACIONAL,SAN MARTIN,MOYOBAMBA,MOYOBAMBA,-6.05454983,-76.93673561,PE-5N,1052.9352010319983
2022-01-09,2022,1,6,0,1,0,ATROPELLO,IMPRUDENCIA DEL CONDUCTOR,ASFALTADA,CARRETERA,NACIONAL,PUNO,EL COLLAO,ILAVE,-16.135414213373448,-69.64369664845323,PE-38A,76.76548948111116
2022-01-09,2022,1,6,0,1,0,DESPISTE,EN PROCESO DE INVESTIGACIÓN,ASFALTADA,CARRETERA,NACIONAL,LA LIBERTAD,PACASMAYO,GUADALUPE,-7.299342,-79.415822,PE-08,7.189488442326463
2022-01-09,2022,1,6,0,3,2,CHOQUE,EN PROCESO DE INVESTIGACIÓN,ASFALTADA,CARRETERA,NACIONAL,AREQUIPA,CARAVELI,LOMAS,-15.481438476431409,-74.85966725034878,PE-1S,523.9466519446405
2022-01-09,2022,1,6,0,1,0,ATROPELLO,IMPRUDENCIA DEL PEATÓN,ASFALTADA,CARRETERA,NACIONAL,LIMA,LIMA,SAN BARTOLO,-12.385164664801556,-76.77044923432662,PE-1S,48.05112215540389
2022-01-09,2022,1,6,0,1,0,CHOQUE,IMPRUDENCIA DEL CONDUCTOR,ASFALTADA,CARRETERA,NACIONAL,SAN MARTIN,RIOJA,AWAJUN,-5.790776,-77.41728,PE-5N,1122.564898404908
2022-01-09,2022,1,6,0,1,0,CHOQUE,IMPRUDENCIA DEL CONDUCTOR,ASFALTADA,CARRETERA,NACIONAL,JUNIN,SATIPO,PANGOA,-11.4743929,-74.4793899,PE-28C,245.09129583316525
2022-01-10,2022,1,0,0,1,0,DESPISTE,IMPRUDENCIA DEL CONDUCTOR,ASFALTADA,CARRETERA,NACIONAL,LIMA,HUAURA,SANTA MARIA,-11.09203,-77.58439,PE-1N,151.31937639371745
2022-01-10,2022,1,0,0,1,0,ATROPELLO,IMPRUDENCIA DEL PEATÓN,ASFALTADA,CARRETERA,NACIONAL,JUNIN,TARMA,TARMA,-11.398206122160406,-75.68685284052289,PE-22B,36.02702752413187
2022-01-10,2022,1,0,0,1,0,DESPISTE,EN PROCESO DE INVESTIGACIÓN,ASFALTADA,CARRETERA,NACIONAL,LIMA,LIMA,SANTIAGO DE SURCO,-12.124371627362988,-76.97719929375269,PE-1S,7.713940736647502
2022-01-10,2022,1,0,0,1,0,CHOQUE,EN PROCESO DE INVESTIGACIÓN,ASFALTADA,CARRETERA,NACIONAL,ANCASH,SANTA,NUEVO CHIMBOTE,-9.152771,-78.50487,PE-1N,430.7635077995533
2022-01-10,2022,1,0,0,1,0,ATROPELLO,IMPRUDENCIA DEL PEATÓN,ASFALTADA,CARRETERA,NACIONAL,LIMA,HUAURA,SAYAN,-11.187992887222167,-77.30319548992247,PE-18,30.942611448890894
2022-01-10,2022,1,0,0,2,1,CHOQUE,IMPRUDENCIA DEL CONDUCTOR,ASFALTADA,CARRETERA,NACIONAL,CUSCO,ESPINAR,CONDOROMA,-15.246490395905036,-71.1512566787835,PE-34J,65.45626696280328
2022-01-11,2022,1,1,0,1,1,CHOQUE,EN PROCESO DE INVESTIGACIÓN,ASFALTADA,CARRETERA,NACIONAL,ANCASH,CASMA,CASMA,-9.47325,-78.30741,PE-1N,375.5893806054704
2022-01-11,2022,1,1,0,1,0,CHOQUE,IMPRUDENCIA DEL CONDUCTOR,ASFALTADA,CARRETERA,NACIONAL,TACNA,TACNA,TACNA,-18.164303256503395,-70.3355345977059,PE-1S,1311.1455234907842
2022-01-12,2022,1,2,0,1,1,DESPISTE,EN PROCESO DE INVESTIGACIÓN,ASFALTADA,CARRETERA,NACIONAL,HUANCAVELICA,TAYACAJA,QUICHUAS,-12.496579,-74.720855,PE-3S,235.331194683145
2022-01-12,2022,1,2,0,1,0,ATROPELLO,EN PROCESO DE INVESTIGACIÓN,ASFALTADA,CARRETERA,NACIONAL,LAMBAYEQUE,CHICLAYO,LAGUNAS,-6.929354736645017,-79.73863542845908,PE-1N,756.4225656020789
2022-01-13,2022,1,3,0,1,0,CHOQUE,NEGLIGENCIA DEL CONDUCTOR,ASFALTADA,CARRETERA,NACIONAL,ICA,CHINCHA,ALTO LARAN,-13.4441628,-76.1355111,PE-1S,194.75892607848056
2022-01-13,2022,1,3,0,1,0,ATROPELLO FUGA,IMPRUDENCIA DEL CONDUCTOR,ASFALTADA,CARRETERA,NACIONAL,CUSCO,ANTA,ANTA,-13.465644673047192,-72.14040684030022,PE-3S,947.101360444912
2022-01-13,2022,1,3,0,2,2,CHOQUE,EN PROCESO DE INVESTIGACIÓN,ASFALTADA,CARRETERA,NACIONAL,PIURA,HUANCABAMBA,HUARMACA,-5.883344,-79.537538,PE-04B,42.02580476726197
2022-01-13,2022,1,3,0,1,0,CHOQUE,IMPRUDENCIA DEL CONDUCTOR,ASFALTADA,CARRETERA,NACIONAL,PUNO,EL COLLAO,ILAVE,-16.09348415310147,-69.62616561009612,PE-3S,1418.8437993036007
2022-01-14,2022,1,4,0,2,1,DESPISTE,IMPRUDENCIA DEL CONDUCTOR,ASFALTADA,CARRETERA,NACIONAL,PUNO,CARABAYA,SAN GABAN,-13.4037645,-70.3089502,PE-34B,303.6248618583458
2022-01-14,2022,1,4,0,1,0,VOLCADURA,IMPRUDENCIA DEL CONDUCTOR,ASFALTADA,CARRETERA,NACIONAL,SAN MARTIN,SAN MARTIN,LA BANDA DE SHILCAYO,-6.46204258484236,-76.3075259136862,PE-5NB,11.935449824935604
2022-01-14,2022,1,4,0,1,0,ATROPELLO,IMPRUDENCIA DEL CONDUCTOR,ASFALTADA,CARRETERA,NACIONAL,LIMA,LIMA,PUENTE PIEDRA,-11.913491414372915,-77.07381770920416,PE-1N,24.707161230214407
2022-01-15,2022,1,5,0,1,1,VOLCADURA,EN PROCESO DE INVESTIGACIÓN,ASFALTADA,CARRETERA,NACIONAL,PIURA,MORROPON,CHULUCANAS,-5.169457,-80.18693,PE-1NJ,216.65827060024696
2022-01-15,2022,1,5,0,1,0,CHOQUE,EN PROCESO DE INVESTIGACIÓN,ASFALTADA,CARRETERA,NACIONAL,JUNIN,SATIPO,SATIPO,-11.247685849517891,-74.63719189770524,PE-24A,207.3812946308024
2022-01-15,2022,1,5,0,1,0,CHOQUE,EN PROCESO DE INVESTIGACIÓN,ASFALTADA,CARRETERA,NACIONAL,AREQUIPA,CARAVELI,ATICO,-16.242134387643762,-73.57263022618606,PE-1S,707.5599933908659
2022-01-15,2022,1,5,0,1,0,DESPISTE,IMPRUDENCIA DEL CONDUCTOR,ASFALTADA,CARRETERA,NACIONAL,PUNO,CARABAYA,MACUSANI,-14.0951379,-70.3834199,PE-34B,175.9889383358631
2022-01-15,2022,1,5,0,1,0,ATROPELLO,IMPRUDENCIA DEL CONDUCTOR,ASFALTADA,CARRETERA,NACIONAL,CUSCO,CANCHIS,MARANGANI,-14.386878306773752,-71.13783989801603,PE-3S,1131.162399647155
2022-01-15,2022,1,5,0,1,2,CHOQUE,EN PROCESO DE INVESTIGACIÓN,ASFALTADA,CARRETERA,NACIONAL,LAMBAYEQUE,LAMBAYEQUE,MORROPE,-6.576851,-79.988526,PE-1N,811.1863694957904
2022-01-15,2022,1,5,0,1,1,DESPISTE,EN PROCESO DE INVESTIGACIÓN,,CARRETERA,NACIONAL,JUNIN,CHANCHAMAYO,PERENE,-10.942997349301974,-75.2178364467561,PE-5S,11.42904862137748
2022-01-15,2022,1,5,0,1,2,CHOQUE,EN PROCESO DE INVESTIGACIÓN,CONCRETO,CARRETERA,NACIONAL,SAN MARTIN,RIOJA,NUEVA CAJAMARCA,-5.933622,-77.311038,PE-5N,1102.4093509351876
2022-01-16,2022,1,6,0,2,1,DESPISTE,IMPRUDENCIA DEL CONDUCTOR,ASFALTADA,CARRETERA,NACIONAL,PUNO,CHUCUITO,POMATA,-16.369813,-69.2249847,PE-3S,1479.6058756727084
2022-01-16,2022,1,6,0,2,3,CHOQUE,EN PROCESO DE INVESTIGACIÓN,ASFALTADA,CARRETERA,NACIONAL,AREQUIPA,AREQUIPA,LA JOYA,-16.5133522,-71.8084117,PE-1S,962.761675576835
2022-01-16,2022,1,6,0,1,0,ATROPELLO,IMPRUDENCIA DEL CONDUCTOR,ASFALTADA,CARRETERA,NACIONAL,TUMBES,TUMBES,TUMBES,-3.534944221495855,-80.37715784699547,PE-1N,1288.0627710595145
2022-01-18,2022,1,1,0,1,0,DESPISTE,IMPRUDENCIA DEL CONDUCTOR,ASFALTADA,CARRETERA,NACIONAL,PUNO,LAMPA,SANTA LUCIA,-15.6907928,-70.5942683,PE-34A,239.5092403416889
2022-01-18,2022,1,1,0,1,4,CHOQUE,IMPRUDENCIA DEL CONDUCTOR,ASFALTADA,CARRETERA,NACIONAL,HUANUCO,AMBO,AMBO,-10.1430053,-76.1955216,PE-3N,207.58196823066876
2022-01-18,2022,1,1,0,1,0,CHOQUE,EN PROCESO DE INVESTIGACIÓN,ASFALTADA,CARRETERA,NACIONAL,AREQUIPA,CARAVELI,YAUCA,-15.660819535299668,-74.56546523908517,PE-1S,562.6259524317385
2022-01-18,2022,1,1,0,1,1,CHOQUE CON OBJETO FIJO,EN PROCESO DE INVESTIGACIÓN,ASFALTADA,CARRETERA,NACIONAL,AREQUIPA,AREQUIPA,AREQUIPA,-16.415782,-71.551365,PE-34C,4.002089850533797
2022-01-19,2022,1,2,0,1,2,DESPISTE,IMPRUDENCIA DEL CONDUCTOR,ASFALTADA,CARRETERA,NACIONAL,JUNIN,YAULI,LA OROYA,-11.610237,-75.976422,PE-22,161.95865734020435
2022-01-19,2022,1,2,0,1,1,CHOQUE FUGA,EN PROCESO DE INVESTIGACIÓN,ASFALTADA,CARRETERA,NACIONAL,AREQUIPA,AREQUIPA,CERRO COLORADO,-16.363203,-71.578079,PE-34A,41.00854016996003
2022-01-19,2022,1,2,0,1,0,ATROPELLO FUGA,IMPERICIA DEL CONDUCTOR,ASFALTADA,CARRETERA,NACIONAL,CUSCO,CUSCO,SAYLLA,-13.563570706947669,-71.84049246873444,PE-3S,988.2143433101346
2022-01-20,2022,1,3,0,3,12,DESPISTE,EN PROCESO DE INVESTIGACIÓN,ASFALTADA,CARRETERA,NACIONAL,AREQUIPA,CAYLLOMA,SAN ANTONIO DE CHUCA,-15.671403,-71.052133,PE-34J,13.192192878582212
2022-01-20,2022,1,3,0,1,0,DESPISTE,EN PROCESO DE INVESTIGACIÓN,,CARRETERA,NACIONAL,JUNIN,TARMA,ACOBAMBA,-11.35362532943492,-75.66239113005282,PE-22B,42.19908097091552
2022-01-20,2022,1,3,0,1,0,DESPISTE,IMPRUDENCIA DEL CONDUCTOR,ASFALTADA,CARRETERA,NACIONAL,TUMBES,ZARUMILLA,AGUAS VERDES,-3.4839760878288,-80.25838308128853,PE-1NO,5.207653842800717
2022-01-20,2022,1,3,0,1,1,CHOQUE,EN PROCESO DE INVESTIGACIÓN,ASFALTADA,CARRETERA,NACIONAL,AREQUIPA,CARAVELI,ATICO,-16.23112327858188,-73.59952494853842,PE-1S,704.4443784070328
2022-01-21,2022,1,4,0,1,0,CHOQUE FUGA,EN PROCESO DE INVESTIGACIÓN,ASFALTADA,CARRETERA,NACIONAL,LA LIBERTAD,VIRU,GUADALUPITO,-8.741275,-78.634681,PE-1N,472.1881305758186
2022-01-21,2022,1,4,0,1,0,CHOQUE,EN PROCESO DE INVESTIGACIÓN,ASFALTADA,CARRETERA,NACIONAL,LAMBAYEQUE,LAMBAYEQUE,LAMBAYEQUE,-6.708673857241669,-79.90361268205403,PE-1N,792.9028144418646
2022-01-21,2022,1,4,0,1,4,DESPISTE,EN PROCESO DE INVESTIGACIÓN,,CARRETERA,NACIONAL,ANCASH,RECUAY,CATAC,-9.946351022990324,-77.38170942837297,PE-3N,529.1651565530685
2022-01-21,2022,1,4,0,1,0,CHOQUE,EN PROCESO DE INVESTIGACIÓN,ASFALTADA,CARRETERA,NACIONAL,LIMA,LIMA,LURIN,-12.289421067505211,-76.86866818905403,PE-1S,32.74443367321983
2022-01-21,2022,1,4,0,1,0,CHOQUE,IMPRUDENCIA DEL CONDUCTOR,ASFALTADA,CARRETERA,NACIONAL,PUNO,HUANCANE,PUSI,-15.378331779272118,-70.0571616431556,PE-34H,14.607406432834669
2022-01-21,2022,1,4,0,1,1,DESPISTE,IMPRUDENCIA DEL CONDUCTOR,ASFALTADA,CARRETERA,NACIONAL,TUMBES,TUMBES,TUMBES,-3.5356606816561085,-80.37896221963575,PE-1N,1287.846444251795
2022-01-22,2022,1,5,0,2,0,DESPISTE,EN PROCESO DE INVESTIGACIÓN,ASFALTADA,CARRETERA,NACIONAL,CAJAMARCA,CONTUMAZA,CONTUMAZA,-7.33690021,-78.79378894,PE-1NF,122.79362750649148
2022-01-22,2022,1,5,0,1,0,ATROPELLO,IMPRUDENCIA DEL PEATÓN,ASFALTADA,CARRETERA,NACIONAL,CALLAO,CALLAO,CALLAO,-12.046638238382068,-77.13209852397658,PE-20,13.98645270158914
2022-01-22,2022,1,5,0,1,0,DESPISTE,IMPRUDENCIA DEL CONDUCTOR,ASFALTADA,CARRETERA,NACIONAL,ICA,CHINCHA,CHINCHA BAJA,-13.529696,-76.183139,PE-1SE,14.211506603371904
2022-01-22,2022,1,5,0,1,4,DESPISTE,INFRAESTRUCTURA Y ENTORNO VIAL,ASFALTADA,CARRETERA,NACIONAL,AYACUCHO,CANGALLO,PARAS,-13.3517798898971,-74.7836958674792,PE-28A,231.927753622859
2022-01-22,2022,1,5,0,1,4,DESPISTE,IMPRUDENCIA DEL CONDUCTOR,ASFALTADA,CARRETERA,NACIONAL,JUNIN,YAULI,LA OROYA,-11.605365,-75.971077,PE-22,162.80720499292727
2022-01-22,2022,1,5,0,4,3,CHOQUE,EN PROCESO DE INVESTIGACIÓN,ASFALTADA,CARRETERA,NACIONAL,AREQUIPA,CAMANA,OCOÑA,-16.48807984203104,-73.02118859585194,PE-1S,790.162029089599
2022-01-22,2022,1,5,0,3,5,CHOQUE,EN PROCESO DE INVESTIGACIÓN,ASFALTADA,CARRETERA,NACIONAL,AREQUIPA,AREQUIPA,SAN JUAN DE TARUCANI,-16.058517,-71.355349,PE-34A,120.39530245802418
2022-01-22,2022,1,5,0,1,0,CHOQUE,IMPRUDENCIA DEL CONDUCTOR,ASFALTADA,CARRETERA,NACIONAL,JUNIN,CONCEPCION,ORCOTUNA,-11.9744062,-75.3007962,PE-3SB,28.122484064677472
2022-01-22,2022,1,5,0,1,0,ATROPELLO,EN PROCESO DE INVESTIGACIÓN,ASFALTADA,CARRETERA,NACIONAL,LIMA,LIMA,SANTIAGO DE SURCO,-12.153347346790111,-76.98395309001715,PE-1S,11.03008459742564
2022-01-23,2022,1,6,0,1,0,CHOQUE,IMPERICIA DEL CONDUCTOR,ASFALTADA,CARRETERA,NACIONAL,PUNO,LAMPA,CALAPUJA,-15.3065146,-70.2330651,PE-3S,1292.3957047137076
2022-01-23,2022,1,6,0,2,0,DESPISTE,EN PROCESO DE INVESTIGACIÓN,ASFALTADA,CARRETERA,NACIONAL,ICA,PISCO,INDEPENDENCIA,-13.716453,-75.970584,PE-28A,21.46232241857441
2022-01-23,2022,1,6,0,1,1,CHOQUE,EN PROCESO DE INVESTIGACIÓN,ASFALTADA,CARRETERA,NACIONAL,PIURA,SECHURA,SECHURA,-6.026737,-80.522233,PE-1N,898.7164300614903
2022-01-23,2022,1,6,0,1,0,CHOQUE,IMPRUDENCIA DEL CONDUCTOR,ASFALTADA,CARRETERA,NACIONAL,SAN MARTIN,MOYOBAMBA,MOYOBAMBA,-6.047933,-76.979441,PE-5N,1058.3853885190708
2022-01-23,2022,1,6,0,2,0,CHOQUE,IMPRUDENCIA DEL CONDUCTOR,ASFALTADA,CARRETERA,NACIONAL,ICA,CHINCHA,TAMBO DE MORA,-13.476075278306704,-76.1839681188437,PE-1SE,8.263631495134126
2022-01-23,2022,1,6,0,1,0,ATROPELLO,IMPRUDENCIA DEL CONDUCTOR,ASFALTADA,CARRETERA,NACIONAL,PUNO,HUANCANE,HUATASANI,-15.049521566625504,-69.80174029740061,PE-34H,70.28348257186909
2022-01-23,2022,1,6,0,1,40,DESPISTE,EN PROCESO DE INVESTIGACIÓN,ASFALTADA,CARRETERA,NACIONAL,LIMA,BARRANCA,PARAMONGA,-10.63917854,-77.85469021,PE-1N,213.46120118186485
2022-01-23,2022,1,6,0,1,0,ATROPELLO,EN PROCESO DE INVESTIGACIÓN,ASFALTADA,CARRETERA,NACIONAL,LAMBAYEQUE,CHICLAYO,LA VICTORIA,-6.801423,-79.850091,PE-1N,778.2941860685926
2022-01-23,2022,1,6,0,4,4,CHOQUE,EN PROCESO DE INVESTIGACIÓN,ASFALTADA,CARRETERA,NACIONAL,PIURA,PIURA,CASTILLA,-5.166927,-80.528331,PE-1NJ,194.39992719717696
2022-01-23,2022,1,6,0,1,0,CHOQUE FUGA,EN PROCESO DE INVESTIGACIÓN,ASFALTADA,CARRETERA,NACIONAL,PIURA,MORROPON,CHULUCANAS,-5.0048659,-80.2229152,PE-1NR,21.35032562030765
2022-01-23,2022,1,6,0,1,1,ATROPELLO FUGA,IMPRUDENCIA DEL PEATÓN,ASFALTADA,CARRETERA,NACIONAL,HUANUCO,HUANUCO,PILLCO MARCA,-10.0134291517104,-76.2358841832359,PE-3N,223.28699787501716
2022-01-23,2022,1,6,0,1,1,CHOQUE,EN PROCESO DE INVESTIGACIÓN,ASFALTADA,CARRETERA,NACIONAL,LAMBAYEQUE,CHICLAYO,NUEVA ARICA,-6.8718087,-79.3298177,PE-1NI,43.272358538566365
2022-01-24,2022,1,0,0,1,0,DESPISTE,EN PROCESO DE INVESTIGACIÓN,ASFALTADA,CARRETERA,NACIONAL,ANCASH,HUARMEY,HUARMEY,-10.139020945647744,-78.11708769171571,PE-1N,284.4489993574161
2022-01-24,2022,1,0,0,2,1,CHOQUE,EN PROCESO DE INVESTIGACIÓN,ASFALTADA,CARRETERA,NACIONAL,LIMA,LIMA,ATE,-12.061300215225032,-76.97222202697768,PE-1S,0.3262886659884125
2022-01-24,2022,1,0,0,1,0,ATROPELLO,IMPRUDENCIA DEL PEATÓN,ASFALTADA,CARRETERA,NACIONAL,ICA,PISCO,INDEPENDENCIA,-13.732020897040178,-75.93328403930165,PE-28A,25.95698682605984
2022-01-24,2022,1,0,0,2,0,ATROPELLO,EN PROCESO DE INVESTIGACIÓN,ASFALTADA,CARRETERA,NACIONAL,AREQUIPA,ISLAY,PUNTA DE BOMBON,-17.174419,-71.770636,PE-1SD,148.44094348281482
2022-01-25,2022,1,1,0,1,0,CHOQUE,IMPRUDENCIA DEL CONDUCTOR,ASFALTADA,CARRETERA,NACIONAL,JUNIN,YAULI,LA OROYA,-11.5246257,-75.9121852,PE-22,174.74250570674857
2022-01-25,2022,1,1,0,1,0,ATROPELLO,EN PROCESO DE INVESTIGACIÓN,ASFALTADA,CARRETERA,NACIONAL,LIMA,LIMA,SAN JUAN DE MIRAFLORES,-12.1805924,-76.9760667,PE-1S,14.16888626384595
2022-01-25,2022,1,1,0,1,0,CHOQUE,EN PROCESO DE INVESTIGACIÓN,ASFALTADA,CARRETERA,NACIONAL,AREQUIPA,ISLAY,MEJIA,-17.1104051070626,-71.8991648010727,PE-1SD,124.37238095176691
2022-01-25,2022,1,1,0,1,0,CHOQUE,EN PROCESO DE INVESTIGACIÓN,ASFALTADA,CARRETERA,NACIONAL,AREQUIPA,CAYLLOMA,SAN ANTONIO DE CHUCA,-15.843563,-71.106597,PE-34A,163.7455616015094
2022-01-25,2022,1,1,0,1,2,CHOQUE,IMPRUDENCIA DEL CONDUCTOR,ASFALTADA,CARRETERA,NACIONAL,PUNO,CHUCUITO,ZEPITA,-16.569921367119754,-69.25691668026715,PE-36A,279.097049748111
2022-01-25,2022,1,1,0,1,0,ATROPELLO FUGA,EN PROCESO DE INVESTIGACIÓN,ASFALTADA,CARRETERA,NACIONAL,PUNO,HUANCANE,PUSI,-15.4178728,-70.0689953,PE-34H,10.080652188169774
2022-01-26,2022,1,2,0,1,0,VOLCADURA,IMPRUDENCIA DEL CONDUCTOR,ASFALTADA,CARRETERA,NACIONAL,CUSCO,QUISPICANCHI,OCONGATE,-13.65966217913052,-71.36296134726351,PE-30C,60.56116917273504
2022-01-27,2022,1,3,0,1,0,DESPISTE,IMPRUDENCIA DEL CONDUCTOR,ASFALTADA,CARRETERA,NACIONAL,HUANUCO,LEONCIO PRADO,LUYANDO,-9.238196,-75.990316,PE-18A,130.40400720564506
2022-01-27,2022,1,3,0,1,5,CHOQUE,IMPRUDENCIA DEL CONDUCTOR,ASFALTADA,CARRETERA,NACIONAL,HUANUCO,HUANUCO,PILLCO MARCA,-9.949219,-76.250995,PE-3N,231.81208914663657
2022-01-28,2022,1,4,0,1,0,ATROPELLO,IMPRUDENCIA DEL CONDUCTOR,ASFALTADA,CARRETERA,NACIONAL,SAN MARTIN,SAN MARTIN,MORALES,-6.486156,-76.39055,PE-5N,947.51650622815
2022-01-28,2022,1,4,0,1,1,CHOQUE,IMPRUDENCIA DEL CONDUCTOR,AFIRMADO,CARRETERA,NACIONAL,PUNO,EL COLLAO,ILAVE,-16.24095244075126,-69.68082364939654,PE-38A,64.36790446978858
2022-01-28,2022,1,4,0,1,0,DESPISTE,IMPRUDENCIA DEL CONDUCTOR,ASFALTADA,CARRETERA,NACIONAL,PUNO,MELGAR,AYAVIRI,-14.954512,-70.5146254,PE-3S,1234.906090409886
2022-01-28,2022,1,4,0,1,3,ATROPELLO FUGA,IMPRUDENCIA DEL PEATÓN,ASFALTADA,CARRETERA,NACIONAL,ICA,CHINCHA,TAMBO DE MORA,-13.48064866882319,-76.18441131162028,PE-1SE,8.775303782745972
2022-01-28,2022,1,4,0,1,0,ATROPELLO FUGA,EN PROCESO DE INVESTIGACIÓN,ASFALTADA,CARRETERA,NACIONAL,LIMA,LIMA,RIMAC,-12.042152628931484,-77.02061367069078,PE-1N,7.301797860298631
2022-01-29,2022,1,5,0,1,0,ATROPELLO,IMPRUDENCIA DEL PEATÓN,ASFALTADA,CARRETERA,NACIONAL,JUNIN,HUANCAYO,EL TAMBO,-12.029801,-75.234779,PE-3S,119.02412780445958
2022-01-29,2022,1,5,0,1,0,CHOQUE,IMPERICIA DEL CONDUCTOR,ASFALTADA,CARRETERA,NACIONAL,CUSCO,ESPINAR,OCORURO,-15.048068904848686,-71.13118878631418,PE-34J,93.88324841269016
2022-01-29,2022,1,5,0,2,0,CHOQUE,IMPRUDENCIA DEL CONDUCTOR,ASFALTADA,CARRETERA,NACIONAL,HUANUCO,HUANUCO,SANTA MARIA DEL VALLE,-9.842552,-76.136056,PE-18A,19.809214767145946
2022-01-29,2022,1,5,0,1,0,CHOQUE FUGA,NEGLIGENCIA DEL CONDUCTOR,ASFALTADA,CARRETERA,NACIONAL,SAN MARTIN,RIOJA,NUEVA CAJAMARCA,-5.927639,-77.314049,PE-5N,1103.1507917315084
2022-01-30,2022,1,6,0,1,0,VOLCADURA,EN PROCESO DE INVESTIGACIÓN,ASFALTADA,CARRETERA,NACIONAL,LIMA,LIMA,SANTIAGO DE SURCO,-12.141153345291308,-76.98128810467387,PE-1S,9.64636212380726
2022-01-30,2022,1,6,0,1,0,ATROPELLO FUGA,EN PROCESO DE INVESTIGACIÓN,ASFALTADA,CARRETERA,NACIONAL,LA LIBERTAD,VIRU,CHAO,-8.529504,-78.682131,PE-1N,499.01030620509823
2022-01-30,2022,1,6,0,1,0,CHOQUE,EN PROCESO DE INVESTIGACIÓN,ASFALTADA,CARRETERA,NACIONAL,LIMA,LIMA,SAN MARTIN DE PORRES,-12.022886281559128,-77.05922110245548,PE-1N,12.510126019924034
2022-01-30,2022,1,6,0,1,0,DESPISTE,EN PROCESO DE INVESTIGACIÓN,ASFALTADA,CARRETERA,NACIONAL,HUANCAVELICA,ANGARAES,LIRCAY,-13.03259,-74.71472,PE-26B,81.4727345087679
2022-01-31,2022,1,0,0,1,9,CHOQUE,IMPRUDENCIA DEL CONDUCTOR,ASFALTADA,CARRETERA,NACIONAL,PUNO,EL COLLAO,ILAVE,-16.2569127,-69.6829824,PE-38A,62.611579392352354
2022-02-01,2022,2,1,0,1,0,ATROPELLO,EN PROCESO DE INVESTIGACIÓN,,CARRETERA,NACIONAL,JUNIN,TARMA,PALCA,-11.351937043927538,-75.59772310644954,PE-22B,49.80566230691147
2022-02-01,2022,2,1,0,3,0,CHOQUE,EN PROCESO DE INVESTIGACIÓN,ASFALTADA,CARRETERA,NACIONAL,LAMBAYEQUE,LAMBAYEQUE,OLMOS,-5.978231948237736,-79.74728283782693,PE-1NJ,92.2072668816482
2022-02-02,2022,2,2,0,1,0,ATROPELLO,IMPRUDENCIA DEL PEATÓN,ASFALTADA,CARRETERA,NACIONAL,PUNO,SAN ROMAN,JULIACA,-15.5187966,-70.1770208,PE-34A,294.4214350142378
2022-02-02,2022,2,2,0,1,0,ATROPELLO,EN PROCESO DE INVESTIGACIÓN,ASFALTADA,CARRETERA,NACIONAL,LIMA,LIMA,SAN MARTIN DE PORRES,-12.020893494197905,-77.05935531665118,PE-1N,12.7282858294465
2022-02-02,2022,2,2,0,1,0,CHOQUE,EN PROCESO DE INVESTIGACIÓN,ASFALTADA,CARRETERA,NACIONAL,CAJAMARCA,HUALGAYOC,HUALGAYOC,-6.726036,-78.57479,PE-3N,1378.7869256456977
2022-02-02,2022,2,2,0,1,2,ATROPELLO,IMPRUDENCIA DEL PEATÓN,ASFALTADA,CARRETERA,NACIONAL,JUNIN,JAUJA,LEONOR ORDOÑEZ,-11.862694,-75.413345,PE-3SB,10.560735002558276
2022-02-02,2022,2,2,0,1,0,ATROPELLO FUGA,EN PROCESO DE INVESTIGACIÓN,ASFALTADA,CARRETERA,NACIONAL,LIMA,LIMA,ATE,-12.012293875275123,-76.87820424799322,PE-22,13.350585388099418
2022-02-03,2022,2,3,0,1,0,DESPISTE,IMPRUDENCIA DEL CONDUCTOR,ASFALTADA,CARRETERA,NACIONAL,CUSCO,CHUMBIVILCAS,SANTO TOMAS,-14.549508457539153,-72.04748801690361,PE-3SG,114.55733108068958
2022-02-03,2022,2,3,0,1,1,CHOQUE,IMPRUDENCIA DEL CONDUCTOR,ASFALTADA,CARRETERA,NACIONAL,SAN MARTIN,RIOJA,RIOJA,-6.024967,-77.218665,PE-5N,1087.3492846795934
2022-02-03,2022,2,3,0,2,2,CHOQUE,EN PROCESO DE INVESTIGACIÓN,ASFALTADA,CARRETERA,NACIONAL,AREQUIPA,ISLAY,MOLLENDO,-17.063167,-71.949771,PE-1SD,116.52785224947384
2022-02-04,2022,2,4,0,1,0,DESPISTE,IMPRUDENCIA DEL CONDUCTOR,ASFALTADA,CARRETERA,NACIONAL,PUNO,MELGAR,UMACHIRI,-14.8007541,-70.7124488,PE-3S,1206.848295628802
2022-02-04,2022,2,4,0,1,1,CHOQUE FUGA,IMPRUDENCIA DEL CONDUCTOR,ASFALTADA,CARRETERA,NACIONAL,PUNO,EL COLLAO,ILAVE,-16.0969018,-69.6183043,PE-3S,1419.7710603850155
2022-02-04,2022,2,4,0,1,0,ATROPELLO FUGA,IMPRUDENCIA DEL CONDUCTOR,ASFALTADA,CARRETERA,NACIONAL,LA LIBERTAD,TRUJILLO,TRUJILLO,-8.136703,-79.027147,PE-1N,561.1183787276038
2022-02-04,2022,2,4,0,1,0,ATROPELLO,IMPRUDENCIA DEL CONDUCTOR,ASFALTADA,CARRETERA,NACIONAL,CUSCO,CANAS,PAMPAMARCA,-14.153503,-71.456701,PE-34F,100.56059105755789
2022-02-04,2022,2,4,0,2,3,CHOQUE,EN PROCESO DE INVESTIGACIÓN,ASFALTADA,CARRETERA,NACIONAL,PIURA,PIURA,CASTILLA,-5.144435,-80.450707,PE-1NJ,246.8035819231461
2022-02-05,2022,2,5,0,1,0,ATROPELLO,EN PROCESO DE INVESTIGACIÓN,ASFALTADA,CARRETERA,NACIONAL,CAJAMARCA,CONTUMAZA,TANTARICA,-7.21637833,-78.91612,PE-08,81.76198911187846
2022-02-06,2022,2,6,0,1,0,CHOQUE,EN PROCESO DE INVESTIGACIÓN,ASFALTADA,CARRETERA,NACIONAL,LIMA,LIMA,INDEPENDENCIA,-11.990121634387853,-77.06409531702582,PE-1N,16.09802558214905
2022-02-06,2022,2,6,0,1,0,ATROPELLO FUGA,EN PROCESO DE INVESTIGACIÓN,,CARRETERA,NACIONAL,ANCASH,HUAYLAS,CARAZ,-9.01541772344234,-77.8196142837176,PE-3N,653.344510860317
2022-02-06,2022,2,6,0,5,13,CHOQUE,EN PROCESO DE INVESTIGACIÓN,ASFALTADA,CARRETERA,NACIONAL,AREQUIPA,CAYLLOMA,SAN ANTONIO DE CHUCA,-15.946451,-71.1926249,PE-34A,147.65922451414713
2022-02-06,2022,2,6,0,1,0,DESPISTE,IMPRUDENCIA DEL CONDUCTOR,ASFALTADA,CARRETERA,NACIONAL,ICA,ICA,SALAS,-13.929557214532462,-75.96813851672198,PE-1S,263.44181344134284
2022-02-06,2022,2,6,0,3,2,CHOQUE,IMPRUDENCIA DEL CONDUCTOR,ASFALTADA,CARRETERA,NACIONAL,ANCASH,RECUAY,CATAC,-10.123321332874571,-77.29294883730833,PE-16,123.19980875000044
2022-02-06,2022,2,6,0,1,1,ATROPELLO,EN PROCESO DE INVESTIGACIÓN,ASFALTADA,CARRETERA,NACIONAL,PIURA,PIURA,CATACAOS,-5.26845348170665,-80.6723013796813,PE-1NK,4.942507472767951
2022-02-06,2022,2,6,0,1,2,CHOQUE,IMPRUDENCIA DEL CONDUCTOR,ASFALTADA,CARRETERA,NACIONAL,PUNO,PUNO,PICHACANI,-16.049958,-70.0086957,PE-36B,131.2822929411018
2022-02-07,2022,2,0,0,1,1,CHOQUE,IMPRUDENCIA DEL CONDUCTOR,ASFALTADA,CARRETERA,NACIONAL,ANCASH,CARHUAZ,CARHUAZ,-9.288136626822714,-77.63937597094557,PE-3N,612.1485950849788
2022-02-07,2022,2,0,0,1,3,CHOQUE,EN PROCESO DE INVESTIGACIÓN,ASFALTADA,CARRETERA,NACIONAL,AREQUIPA,CARAVELI,ATICO,-16.253110546838176,-73.53632185950711,PE-1S,711.782625424797
2022-02-07,2022,2,0,0,2,19,CHOQUE,EN PROCESO DE INVESTIGACIÓN,ASFALTADA,CARRETERA,NACIONAL,LAMBAYEQUE,LAMBAYEQUE,MORROPE,-6.455592,-80.132743,PE-1N,832.1693690679158
2022-02-07,2022,2,0,0,1,15,DESPISTE,EN PROCESO DE INVESTIGACIÓN,ASFALTADA,CARRETERA,NACIONAL,ANCASH,HUARMEY,HUARMEY,-10.03529470018497,-78.16431663177666,PE-1N,297.20079737522013
2022-02-07,2022,2,0,0,1,0,ATROPELLO,EN PROCESO DE INVESTIGACIÓN,ASFALTADA,CARRETERA,NACIONAL,LA LIBERTAD,SANTIAGO DE CHUCO,QUIRUVILCA,-7.991032414607562,-78.38900774084026,PE-10A,111.65133395256858
2022-02-07,2022,2,0,0,1,0,CHOQUE,EN PROCESO DE INVESTIGACIÓN,,CARRETERA,NACIONAL,SAN MARTIN,LAMAS,TABALOSOS,-6.36143,-76.66204,PE-5N,992.0146828240304
2022-02-08,2022,2,1,0,1,0,ATROPELLO,EN PROCESO DE INVESTIGACIÓN,,CARRETERA,NACIONAL,JUNIN,SATIPO,SATIPO,-11.234711969836171,-74.5939974291448,PE-5S,116.68722825326114
2022-02-08,2022,2,1,0,1,1,CHOQUE,EN PROCESO DE INVESTIGACIÓN,ASFALTADA,CARRETERA,NACIONAL,LAMBAYEQUE,CHICLAYO,REQUE,-6.902120701832457,-79.78225346271503,PE-1N,762.1292960308936
2022-02-08,2022,2,1,0,1,0,CHOQUE,EN PROCESO DE INVESTIGACIÓN,ASFALTADA,CARRETERA,NACIONAL,AREQUIPA,CAYLLOMA,MAJES,-16.390132,-72.200493,PE-1S,907.1390762993476
2022-02-08,2022,2,1,0,1,0,ATROPELLO,NEGLIGENCIA DEL CONDUCTOR,ASFALTADA,CARRETERA,NACIONAL,PUNO,CARABAYA,SAN GABAN,-13.506092,-70.422063,PE-34B,279.7700984672361
2022-02-08,2022,2,1,0,2,7,CHOQUE,IMPRUDENCIA DEL CONDUCTOR,ASFALTADA,CARRETERA,NACIONAL,CUSCO,QUISPICANCHI,ANDAHUAYLILLAS,-13.67468779683094,-71.66918807448901,PE-3S,1012.573488133124
2022-02-09,2022,2,2,0,1,0,ATROPELLO FUGA,EN PROCESO DE INVESTIGACIÓN,ASFALTADA,CARRETERA,NACIONAL,LIMA,HUARAL,HUARAL,-11.509562,-77.205765,PE-20C,10.477443750330918
2022-02-09,2022,2,2,0,17,7,DESPISTE,EN PROCESO DE INVESTIGACIÓN,TROCHA,CARRETERA,NACIONAL,LA LIBERTAD,PATAZ,TAYABAMBA,-8.384521,-77.284063,PE-10C,275.9756650641993
2022-02-09,2022,2,2,0,1,0,ATROPELLO FUGA,EN PROCESO DE INVESTIGACIÓN,ASFALTADA,CARRETERA,NACIONAL,LAMBAYEQUE,LAMBAYEQUE,JAYANCA,-6.3304186,-79.7639598,PE-1NJ,43.71776237887386
2022-02-10,2022,2,3,0,1,0,DESPISTE,EN PROCESO DE INVESTIGACIÓN,ASFALTADA,CARRETERA,NACIONAL,ANCASH,CASMA,CASMA,-9.484032,-78.281749,PE-1N,372.09308003167024
2022-02-10,2022,2,3,0,1,0,CHOQUE,EN PROCESO DE INVESTIGACIÓN,ASFALTADA,CARRETERA,NACIONAL,LA LIBERTAD,VIRU,CHAO,-8.590080452300967,-78.66819817448243,PE-1N,491.9735309940624
2022-02-11,2022,2,4,0,1,1,ATROPELLO,EN PROCESO DE INVESTIGACIÓN,ASFALTADA,CARRETERA,NACIONAL,ICA,PISCO,PISCO,-13.716464,-76.216519,PE-1SG,5.237701903320364
2022-02-12,2022,2,5,0,1,0,ATROPELLO FUGA,EN PROCESO DE INVESTIGACIÓN,ASFALTADA,CARRETERA,NACIONAL,LIMA,LIMA,RIMAC,-12.040106536581677,-77.01654726379101,PE-1N,6.802897359344184
2022-02-12,2022,2,5,0,1,0,DESPISTE,EN PROCESO DE INVESTIGACIÓN,ASFALTADA,CARRETERA,NACIONAL,AREQUIPA,CAMANA,SAMUEL PASTOR,-16.648059318862124,-72.68785246907481,PE-1S,837.8313084847875
2022-02-12,2022,2,5,0,1,0,ATROPELLO FUGA,EN PROCESO DE INVESTIGACIÓN,ASFALTADA,CARRETERA,NACIONAL,PASCO,PASCO,VICCO,-10.836318742320746,-76.18613456752321,PE-3N,100.65272550975354
2022-02-12,2022,2,5,0,1,0,CHOQUE,NEGLIGENCIA DEL CONDUCTOR,ASFALTADA,CARRETERA,NACIONAL,PUNO,PUNO,PICHACANI,-16.1112701,-70.0297388,PE-36B,124.31687331265866
2022-02-12,2022,2,5,0,1,0,ATROPELLO FUGA,EN PROCESO DE INVESTIGACIÓN,ASFALTADA,CARRETERA,NACIONAL,ANCASH,HUARMEY,HUARMEY,-10.075498,-78.15332,PE-1N,292.5201950191106
2022-02-12,2022,2,5,0,2,2,CHOQUE,IMPRUDENCIA DEL CONDUCTOR,ASFALTADA,CARRETERA,NACIONAL,LA LIBERTAD,VIRU,CHAO,-8.629983,-78.6379,PE-1N,485.9955171468255
2022-02-13,2022,2,6,0,1,0,ATROPELLO FUGA,IMPRUDENCIA DEL PEATÓN,ASFALTADA,CARRETERA,NACIONAL,ANCASH,HUAYLAS,CARAZ,-9.059866613550511,-77.79339190266721,PE-3N,646.5893472453392
2022-02-13,2022,2,6,0,1,1,ATROPELLO,IMPRUDENCIA DEL CONDUCTOR,ASFALTADA,CARRETERA,NACIONAL,ICA,PISCO,TUPAC AMARU INCA,-13.707554620623949,-76.15189478836413,PE-1S,225.1620776280112
2022-02-13,2022,2,6,0,1,3,CHOQUE,EN PROCESO DE INVESTIGACIÓN,,CARRETERA,NACIONAL,JUNIN,CHANCHAMAYO,CHANCHAMAYO,-11.021431768679024,-75.31607065947233,PE-22B,111.86171134450004
2022-02-13,2022,2,6,0,3,0,CHOQUE,IMPRUDENCIA DEL CONDUCTOR,CONCRETO,CARRETERA,NACIONAL,SAN MARTIN,MOYOBAMBA,MOYOBAMBA,-6.047752,-76.96917,PE-5N,1057.2471857623616
2022-02-13,2022,2,6,0,1,7,CHOQUE,EN PROCESO DE INVESTIGACIÓN,,CARRETERA,NACIONAL,JUNIN,CHANCHAMAYO,SAN RAMON,-11.183463508152816,-75.45801435173927,PE-22B,82.81268454783893
2022-02-13,2022,2,6,0,1,1,CHOQUE,EN PROCESO DE INVESTIGACIÓN,ASFALTADA,CARRETERA,NACIONAL,LAMBAYEQUE,LAMBAYEQUE,LAMBAYEQUE,-6.728604328879039,-79.88923069193943,PE-1N,790.1836387392706
2022-02-13,2022,2,6,0,1,0,DESPISTE,EN PROCESO DE INVESTIGACIÓN,,CARRETERA,NACIONAL,JUNIN,CHANCHAMAYO,CHANCHAMAYO,-10.912437370412336,-75.28551934525889,PE-5N,7.282807691319564
2022-02-14,2022,2,0,0,1,0,CHOQUE,IMPRUDENCIA DEL CONDUCTOR,ASFALTADA,CARRETERA,NACIONAL,TUMBES,CONTRALMIRANTE VILLAR,ZORRITOS,-3.706016665328983,-80.71842003395297,PE-1N,1243.303190158754
2022-02-14,2022,2,0,0,1,0,DESPISTE,EN PROCESO DE INVESTIGACIÓN,ASFALTADA,CARRETERA,NACIONAL,PIURA,SECHURA,SECHURA,-5.8266419,-81.033544,PE-04,61.769044483322936
2022-02-14,2022,2,0,0,1,2,CHOQUE,IMPRUDENCIA DEL CONDUCTOR,ASFALTADA,CARRETERA,NACIONAL,ANCASH,CARHUAZ,ANTA,-9.34259126030526,-77.601775910701,PE-3N,603.8746618978822
2022-02-14,2022,2,0,0,1,1,CHOQUE,IMPRUDENCIA DEL CONDUCTOR,ASFALTADA,CARRETERA,NACIONAL,ICA,CHINCHA,SUNAMPE,-13.410299,-76.171796,PE-1S,187.90818714108852
2022-02-14,2022,2,0,0,1,1,CHOQUE,EN PROCESO DE INVESTIGACIÓN,ASFALTADA,CARRETERA,NACIONAL,ICA,NASCA,NASCA,-14.950102,-74.987234,PE-1S,460.5724229631505
2022-02-14,2022,2,0,0,1,0,CHOQUE,EN PROCESO DE INVESTIGACIÓN,ASFALTADA,CARRETERA,NACIONAL,PIURA,PIURA,CATACAOS,-5.30591043101296,-80.7010944563905,PE-1NK,10.5638294728772
2022-02-14,2022,2,0,0,1,2,CHOQUE,EN PROCESO DE INVESTIGACIÓN,ASFALTADA,CARRETERA,NACIONAL,LA LIBERTAD,PACASMAYO,GUADALUPE,-7.309379,-79.391084,PE-08,10.154409518634894
2022-02-15,2022,2,1,0,1,6,CHOQUE,EN PROCESO DE INVESTIGACIÓN,ASFALTADA,CARRETERA,NACIONAL,ANCASH,HUARMEY,HUARMEY,-10.56637563,-77.87376066,PE-1N,222.0120917756368
2022-02-16,2022,2,2,0,6,0,VOLCADURA,EN PROCESO DE INVESTIGACIÓN,ASFALTADA,CARRETERA,NACIONAL,AREQUIPA,AREQUIPA,SAN JUAN DE TARUCANI,-16.054185,-71.340628,PE-34A,122.10227323473504
2022-02-16,2022,2,2,0,1,1,CHOQUE,IMPRUDENCIA DEL CONDUCTOR,ASFALTADA,CARRETERA,NACIONAL,PIURA,PIURA,VEINTISEIS DE OCTUBRE,-5.153855,-80.695247,PE-1N,1002.2938284428438
2022-02-16,2022,2,2,0,1,0,ATROPELLO,IMPRUDENCIA DEL PEATÓN,ASFALTADA,CARRETERA,NACIONAL,JUNIN,JAUJA,MUQUIYAUYO,-11.826432,-75.446335,PE-3SB,5.184214192904362
2022-02-16,2022,2,2,0,6,0,CHOQUE,IMPRUDENCIA DEL CONDUCTOR,ASFALTADA,CARRETERA,NACIONAL,PIURA,PIURA,CASTILLA,-5.1522816,-80.480036,PE-1NJ,250.19671362080325
2022-02-17,2022,2,3,0,1,2,DESPISTE,EN PROCESO DE INVESTIGACIÓN,ASFALTADA,CARRETERA,NACIONAL,PIURA,HUANCABAMBA,HUARMACA,-5.53634,-79.51849,PE-3N,1692.586884108281
2022-02-17,2022,2,3,0,1,0,CHOQUE,IMPRUDENCIA DEL CONDUCTOR,ASFALTADA,CARRETERA,NACIONAL,LA LIBERTAD,TRUJILLO,HUANCHACO,-8.11178,-79.094655,PE-1N,571.4281718750171
2022-02-17,2022,2,3,0,1,4,DESPISTE,IMPRUDENCIA DEL CONDUCTOR,ASFALTADA,CARRETERA,NACIONAL,PUNO,CHUCUITO,HUACULLANI,-16.648757,-69.451141,PE-36A,250.4328204520285
2022-02-17,2022,2,3,0,1,0,ATROPELLO,IMPRUDENCIA DEL PEATÓN,ASFALTADA,CARRETERA,NACIONAL,LIMA,HUARAL,CHANCAY,-11.537540959005987,-77.2831052179633,PE-1N,85.57337881084165
2022-02-17,2022,2,3,0,3,0,DESPISTE,IMPRUDENCIA DEL CONDUCTOR,ASFALTADA,CARRETERA,NACIONAL,ANCASH,HUARAZ,OLLEROS,-9.642707213395807,-77.48862439564475,PE-3N,564.7380589805473
2022-02-17,2022,2,3,0,1,0,CHOQUE,EN PROCESO DE INVESTIGACIÓN,ASFALTADA,CARRETERA,NACIONAL,LAMBAYEQUE,LAMBAYEQUE,LAMBAYEQUE,-6.689126,-79.9037,PE-1N,795.2433667002991
2022-02-17,2022,2,3,0,1,0,ATROPELLO,IMPRUDENCIA DEL PEATÓN,CONCRETO,CARRETERA,NACIONAL,CALLAO,CALLAO,CALLAO,-11.979787040024192,-77.12487629988695,PE-20,17.561445005873423
2022-02-18,2022,2,4,0,1,0,CHOQUE FUGA,EN PROCESO DE INVESTIGACIÓN,ASFALTADA,CARRETERA,NACIONAL,ICA,ICA,SALAS,-13.943722660495268,-75.80869573155678,PE-1S,280.8805139114226
2022-02-19,2022,2,5,0,1,0,CHOQUE,EN PROCESO DE INVESTIGACIÓN,ASFALTADA,CARRETERA,NACIONAL,ICA,PISCO,HUMAY,-13.723774,-75.895687,PE-28A,30.248448867264603
2022-02-19,2022,2,5,0,1,0,ATROPELLO FUGA,EN PROCESO DE INVESTIGACIÓN,ASFALTADA,CARRETERA,NACIONAL,LIMA,LIMA,LURIN,-12.29307353457454,-76.86297765548466,PE-1S,33.48351558324182
2022-02-19,2022,2,5,0,1,0,ATROPELLO,IMPRUDENCIA DEL PEATÓN,ASFALTADA,CARRETERA,NACIONAL,JUNIN,HUANCAYO,SICAYA,-12.026477,-75.269575,PE-3SB,35.430042520870586
2022-02-19,2022,2,5,0,2,0,CHOQUE,IMPRUDENCIA DEL CONDUCTOR,ASFALTADA,CARRETERA,NACIONAL,MADRE DE DIOS,TAMBOPATA,TAMBOPATA,-12.58088333477853,-69.20341726821762,PE-30C,425.0122208996359
2022-02-20,2022,2,6,0,1,0,ATROPELLO,EN PROCESO DE INVESTIGACIÓN,ASFALTADA,CARRETERA,NACIONAL,LIMA,LIMA,ANCON,-11.808526,-77.13254253,PE-1N,39.401685260916274
2022-02-20,2022,2,6,0,1,0,ATROPELLO FUGA,IMPRUDENCIA DEL PEATÓN,ASFALTADA,CARRETERA,NACIONAL,TACNA,TACNA,TACNA,-18.0624,-70.287386,PE-1S,1298.2744367618866
2022-02-20,2022,2,6,0,1,1,CHOQUE,IMPRUDENCIA DEL CONDUCTOR,ASFALTADA,CARRETERA,NACIONAL,PUNO,PUNO,ACORA,-16.05827,-69.69661,PE-3S,1410.6563340850803
2022-02-20,2022,2,6,0,1,0,CHOQUE,EN PROCESO DE INVESTIGACIÓN,ASFALTADA,CARRETERA,NACIONAL,LAMBAYEQUE,LAMBAYEQUE,LAMBAYEQUE,-6.727169572652818,-79.8901308417955,PE-1N,790.370295733578
2022-02-20,2022,2,6,0,1,0,ATROPELLO FUGA,IMPRUDENCIA DEL CONDUCTOR,ASFALTADA,CARRETERA,NACIONAL,CUSCO,URUBAMBA,HUAYLLABAMBA,-13.3318242,-72.0596769,PE-28B,629.213443774474
2022-02-20,2022,2,6,0,1,0,CHOQUE,IMPERICIA DEL CONDUCTOR,ASFALTADA,CARRETERA,NACIONAL,SAN MARTIN,RIOJA,NUEVA CAJAMARCA,-5.944189,-77.305847,PE-5N,1101.1054924639652
2022-02-20,2022,2,6,0,1,0,ATROPELLO,EN PROCESO DE INVESTIGACIÓN,ASFALTADA,CARRETERA,NACIONAL,AREQUIPA,AREQUIPA,CERRO COLORADO,-16.382368,-71.577284,PE-34A,38.732132143563454
2022-02-21,2022,2,0,0,1,0,DESPISTE,EN PROCESO DE INVESTIGACIÓN,ASFALTADA,CARRETERA,NACIONAL,CAJAMARCA,CAJAMARCA,CAJAMARCA,-7.17930167,-78.48539833,PE-3N,1271.5074483872656
2022-02-21,2022,2,0,0,1,0,DESPISTE,IMPRUDENCIA DEL CONDUCTOR,ASFALTADA,CARRETERA,NACIONAL,ICA,ICA,SANTIAGO,-14.280672093464643,-75.68218313423354,PE-1S,323.0022978345271
2022-02-21,2022,2,0,0,1,0,CHOQUE,IMPRUDENCIA DEL CONDUCTOR,ASFALTADA,CARRETERA,NACIONAL,LIMA,HUAURA,SAYAN,-11.1404,-77.23035,PE-18,44.62303033325326
2022-02-22,2022,2,1,0,1,0,ATROPELLO FUGA,EN PROCESO DE INVESTIGACIÓN,ASFALTADA,CARRETERA,NACIONAL,LA LIBERTAD,PACASMAYO,JEQUETEPEQUE,-7.364211367187465,-79.52776551923222,PE-1N,683.2176649721257
2022-02-22,2022,2,1,0,1,0,CHOQUE,EN PROCESO DE INVESTIGACIÓN,ASFALTADA,CARRETERA,NACIONAL,AREQUIPA,CARAVELI,ATIQUIPA,-15.812568464821371,-74.38580123214663,PE-1S,592.1412712389301
2022-02-22,2022,2,1,0,1,0,DESPISTE,EN PROCESO DE INVESTIGACIÓN,ASFALTADA,CARRETERA,NACIONAL,LA LIBERTAD,CHEPEN,CHEPEN,-7.20012376560909,-79.42825350892518,PE-1N,709.1990570903562
2022-02-22,2022,2,1,0,1,1,CHOQUE,IMPRUDENCIA DEL CONDUCTOR,ASFALTADA,CARRETERA,NACIONAL,LIMA,HUAURA,HUACHO,-11.138223067622045,-77.59695584784023,PE-1N,145.9544735519952
2022-02-22,2022,2,1,0,1,1,DESPISTE,EN PROCESO DE INVESTIGACIÓN,ASFALTADA,CARRETERA,NACIONAL,ICA,ICA,SANTIAGO,-14.2709061,-75.6839471,PE-1S,321.9094666510079
2022-02-22,2022,2,1,0,1,0,ATROPELLO,EN PROCESO DE INVESTIGACIÓN,ASFALTADA,CARRETERA,NACIONAL,ANCASH,HUARMEY,HUARMEY,-10.332245,-78.047975,PE-1N,258.1725055118146
2022-02-23,2022,2,2,0,1,1,ATROPELLO,EN PROCESO DE INVESTIGACIÓN,ASFALTADA,CARRETERA,NACIONAL,CAJAMARCA,CONTUMAZA,YONAN,-7.19294555,-78.97348878,PE-08,73.73484962087551
2022-02-23,2022,2,2,0,2,3,DESPISTE,IMPRUDENCIA DEL CONDUCTOR,TROCHA,CARRETERA,NACIONAL,LA LIBERTAD,PATAZ,PARCOY,-8.044529146280775,-77.44012180968068,PE-10C,169.05689694139068
2022-02-23,2022,2,2,0,1,6,CHOQUE,EN PROCESO DE INVESTIGACIÓN,ASFALTADA,CARRETERA,NACIONAL,AREQUIPA,CAYLLOMA,MAJES,-16.378563,-72.181366,PE-1S,909.5526297409403
2022-02-23,2022,2,2,0,1,0,ATROPELLO,EN PROCESO DE INVESTIGACIÓN,ASFALTADA,CARRETERA,NACIONAL,LAMBAYEQUE,LAMBAYEQUE,MORROPE,-6.544446,-80.014918,PE-1N,815.8452524876967
2022-02-23,2022,2,2,0,1,0,ATROPELLO,EN PROCESO DE INVESTIGACIÓN,ASFALTADA,CARRETERA,NACIONAL,LAMBAYEQUE,CHICLAYO,REQUE,-6.872421,-79.817412,PE-1N,767.4044568584407
2022-02-24,2022,2,3,0,3,2,CHOQUE,IMPRUDENCIA DEL CONDUCTOR,ASFALTADA,CARRETERA,NACIONAL,PUNO,AZANGARO,SAMAN,-15.3413794,-70.0436795,PE-34H,18.93616847995727
2022-02-24,2022,2,3,0,2,0,CHOQUE,EN PROCESO DE INVESTIGACIÓN,ASFALTADA,CARRETERA,NACIONAL,LAMBAYEQUE,CHICLAYO,PATAPO,-6.740838,-79.53269,PE-06A,42.18726609728972
2022-02-24,2022,2,3,0,1,0,ATROPELLO FUGA,IMPRUDENCIA DEL CONDUCTOR,TROCHA,CARRETERA,NACIONAL,CUSCO,CUSCO,CUSCO,-13.516553,-71.992016,PE-3S,966.5342393638994
2022-02-24,2022,2,3,0,1,0,CHOQUE CON OBJETO FIJO,IMPRUDENCIA DEL CONDUCTOR,ASFALTADA,CARRETERA,NACIONAL,JUNIN,JAUJA,ACOLLA,-11.7097313959511,-75.5559882928531,PE-3SA,14.38603813503174
2022-02-25,2022,2,4,0,1,2,CHOQUE,EN PROCESO DE INVESTIGACIÓN,ASFALTADA,CARRETERA,NACIONAL,CAJAMARCA,JAEN,JAEN,-5.721137,-78.800079,PE-5N,1386.7934028119098
2022-02-25,2022,2,4,0,1,1,CHOQUE,IMPRUDENCIA DEL CONDUCTOR,ASFALTADA,CARRETERA,NACIONAL,PUNO,PUNO,PUNO,-15.865961,-69.941804,PE-3S,1374.6062033371472
2022-02-25,2022,2,4,0,1,0,CHOQUE FUGA,EN PROCESO DE INVESTIGACIÓN,ASFALTADA,CARRETERA,NACIONAL,PIURA,MORROPON,BUENOS AIRES,-5.28354871301154,-79.9539359154332,PE-02A,22.249120657913288
2022-02-25,2022,2,4,0,1,1,DESPISTE,EN PROCESO DE INVESTIGACIÓN,ASFALTADA,CARRETERA,NACIONAL,LAMBAYEQUE,LAMBAYEQUE,MORROPE,-6.42869747121557,-80.16217139090038,PE-1N,836.6116843012238
2022-02-25,2022,2,4,0,1,0,ATROPELLO,EN PROCESO DE INVESTIGACIÓN,ASFALTADA,CARRETERA,NACIONAL,LIMA,LIMA,ATE,-12.005992210769222,-76.84781483192452,PE-22,17.01869164964605
2022-02-25,2022,2,4,0,1,1,CHOQUE,IMPRUDENCIA DEL CONDUCTOR,ASFALTADA,CARRETERA,NACIONAL,CUSCO,LA CONVENCION,KIMBIRI,-12.601006,-73.755868,PE-28B,178.51978452448444
2022-02-26,2022,2,5,0,1,0,CHOQUE,IMPRUDENCIA DEL CONDUCTOR,ASFALTADA,CARRETERA,NACIONAL,LIMA,HUARAL,CHANCAY,-11.601846,-77.246566,PE-1N,77.0549350314709
2022-02-26,2022,2,5,0,1,0,VOLCADURA,IMPRUDENCIA DEL CONDUCTOR,ASFALTADA,CARRETERA,NACIONAL,HUANUCO,HUANUCO,CHINCHAO,-9.627725,-76.063042,PE-18A,71.80737711990372
2022-02-26,2022,2,5,0,2,9,CHOQUE,IMPRUDENCIA DEL CONDUCTOR,ASFALTADA,CARRETERA,NACIONAL,PUNO,LAMPA,CALAPUJA,-15.2881063,-70.2244787,PE-34B,2.5034626919568947
2022-02-26,2022,2,5,0,1,23,CHOQUE,EN PROCESO DE INVESTIGACIÓN,,CARRETERA,NACIONAL,JUNIN,CHANCHAMAYO,SAN RAMON,-11.146291707939652,-75.39992088493442,PE-22B,90.98784780618392
2022-02-26,2022,2,5,0,1,1,DESPISTE,EN PROCESO DE INVESTIGACIÓN,ASFALTADA,CARRETERA,NACIONAL,LA LIBERTAD,VIRU,CHAO,-8.572443440024923,-78.67179754713541,PE-1N,493.9972842730666
2022-02-26,2022,2,5,0,1,3,CHOQUE,IMPRUDENCIA DEL CONDUCTOR,ASFALTADA,CARRETERA,NACIONAL,TUMBES,CONTRALMIRANTE VILLAR,CANOAS DE PUNTA SAL,-4.05709329669435,-80.96238258703987,PE-1N,1187.714073230119
2022-02-26,2022,2,5,0,1,0,CHOQUE CON OBJETO FIJO,EN PROCESO DE INVESTIGACIÓN,ASFALTADA,CARRETERA,NACIONAL,AREQUIPA,AREQUIPA,YANAHUARA,-16.408001,-71.560112,PE-34C,2.7282400449658555
2022-02-27,2022,2,6,0,1,0,ATROPELLO,EN PROCESO DE INVESTIGACIÓN,ASFALTADA,CARRETERA,NACIONAL,AREQUIPA,AREQUIPA,CERRO COLORADO,-16.315405,-71.606316,PE-34A,47.63184757558432
2022-02-27,2022,2,6,0,1,2,ATROPELLO,EN PROCESO DE INVESTIGACIÓN,ASFALTADA,CARRETERA,NACIONAL,LAMBAYEQUE,LAMBAYEQUE,TUCUME,-6.525814,-79.864103,PE-1NJ,18.049048551546385
2022-02-27,2022,2,6,0,1,0,DESPISTE,EN PROCESO DE INVESTIGACIÓN,,CARRETERA,NACIONAL,MADRE DE DIOS,TAMBOPATA,TAMBOPATA,-12.591308,-69.182342,PE-30C,427.65431095305945
2022-02-27,2022,2,6,0,1,0,DESPISTE,IMPRUDENCIA DEL CONDUCTOR,ASFALTADA,CARRETERA,NACIONAL,JUNIN,YAULI,LA OROYA,-11.608632,-75.84178,PE-3S,15.763292972352984
2022-02-27,2022,2,6,0,1,0,ATROPELLO,EN PROCESO DE INVESTIGACIÓN,ASFALTADA,CARRETERA,NACIONAL,LA LIBERTAD,TRUJILLO,HUANCHACO,-8.012744,-79.071152,PE-1N,582.6967327756864
2022-02-28,2022,2,0,0,1,0,ATROPELLO FUGA,EN PROCESO DE INVESTIGACIÓN,ASFALTADA,CARRETERA,NACIONAL,LIMA,LIMA,RIMAC,-12.043272018432615,-77.02549743652344,PE-1N,7.854442501621301
2022-02-28,2022,2,0,0,1,2,CHOQUE,EN PROCESO DE INVESTIGACIÓN,ASFALTADA,CARRETERA,NACIONAL,LIMA,LIMA,CHACLACAYO,-11.9677171,-76.7455216,PE-22,28.910683399805777
2022-02-28,2022,2,0,0,1,0,CHOQUE,EN PROCESO DE INVESTIGACIÓN,ASFALTADA,CARRETERA,NACIONAL,LAMBAYEQUE,CHICLAYO,TUMAN,-6.739669356730316,-79.71388946070171,PE-06A,20.752176130161672
2022-02-28,2022,2,0,0,1,0,CHOQUE,IMPRUDENCIA DEL CONDUCTOR,ASFALTADA,CARRETERA,NACIONAL,HUANUCO,LEONCIO PRADO,DANIEL ALOMIA ROBLES,-9.18738,-75.940817,PE-5N,480.3000175941566
2022-02-28,2022,2,0,0,1,1,DESPISTE,IMPRUDENCIA DEL CONDUCTOR,ASFALTADA,CARRETERA,NACIONAL,PUNO,CHUCUITO,ZEPITA,-16.489,-69.11,PE-3S,1500.3883809355734
2022-03-01,2022,3,1,0,1,4,DESPISTE,IMPRUDENCIA DEL CONDUCTOR,AFIRMADO,CARRETERA,NACIONAL,AYACUCHO,HUAMANGA,CARMEN ALTO,-13.233523,-74.23572,PE-3S,405.708185724555
2022-03-02,2022,3,2,0,1,0,ATROPELLO FUGA,EN PROCESO DE INVESTIGACIÓN,ASFALTADA,CARRETERA,NACIONAL,AREQUIPA,AREQUIPA,CERRO COLORADO,-16.331331,-71.593308,PE-34A,45.31579876015135
2022-03-02,2022,3,2,0,1,0,CHOQUE,IMPRUDENCIA DEL CONDUCTOR,AFIRMADO,CARRETERA,NACIONAL,AYACUCHO,PAUCAR DEL SARA SARA,PAUSA,-15.2842392,-73.3467253,PE-32C,46.08535557243456
2022-03-03,2022,3,3,0,1,0,ATROPELLO,IMPRUDENCIA DEL PEATÓN,ASFALTADA,CARRETERA,NACIONAL,PUNO,EL COLLAO,ILAVE,-16.116216,-69.595246,PE-3S,1423.0423142586158
2022-03-03,2022,3,3,0,3,3,DESPISTE,EN PROCESO DE INVESTIGACIÓN,ASFALTADA,CARRETERA,NACIONAL,PIURA,PIURA,VEINTISEIS DE OCTUBRE,-5.197347,-80.687538,PE-1N,999.4266332202104
2022-03-03,2022,3,3,0,1,3,DESPISTE,EN PROCESO DE INVESTIGACIÓN,ASFALTADA,CARRETERA,NACIONAL,HUANCAVELICA,HUAYTARA,HUAYTARA,-13.607529162762743,-75.32030773156066,PE-28A,122.9025997938276
2022-03-04,2022,3,4,0,1,1,DESPISTE,EN PROCESO DE INVESTIGACIÓN,ASFALTADA,CARRETERA,NACIONAL,HUANCAVELICA,HUAYTARA,HUAYTARA,-13.582339,-75.274279,PE-28A,131.49640752534114
2022-03-05,2022,3,5,0,1,0,ATROPELLO FUGA,EN PROCESO DE INVESTIGACIÓN,,CARRETERA,NACIONAL,LIMA,LIMA,VILLA EL SALVADOR,-12.240213,-76.947585,PE-1S,22.573537546025637
2022-03-05,2022,3,5,0,1,0,CHOQUE,EN PROCESO DE INVESTIGACIÓN,ASFALTADA,CARRETERA,NACIONAL,ICA,ICA,SALAS,-13.98487844663524,-75.77287120456951,PE-1S,287.0791016354292
2022-03-05,2022,3,5,0,1,2,DESPISTE,IMPERICIA DEL CONDUCTOR,AFIRMADO,CARRETERA,NACIONAL,CUSCO,LA CONVENCION,ECHARATE,-12.641036,-72.910948,PE-28B,357.8810666224879
2022-03-05,2022,3,5,0,2,2,CHOQUE,EN PROCESO DE INVESTIGACIÓN,ASFALTADA,CARRETERA,NACIONAL,AREQUIPA,AREQUIPA,SAN JUAN DE TARUCANI,-16.054261,-71.341154,PE-34A,122.0435138998421
2022-03-05,2022,3,5,0,1,0,ATROPELLO,IMPRUDENCIA DEL PEATÓN,ASFALTADA,CARRETERA,NACIONAL,CALLAO,CALLAO,CALLAO,-12.041549295628164,-77.12666804475543,PE-20,13.004173193780778
2022-03-05,2022,3,5,0,1,0,DESPISTE,EN PROCESO DE INVESTIGACIÓN,ASFALTADA,CARRETERA,NACIONAL,LA LIBERTAD,VIRU,GUADALUPITO,-8.701750045827943,-78.63940710194512,PE-1N,476.7256981269559
2022-03-05,2022,3,5,0,1,0,CHOQUE,EN PROCESO DE INVESTIGACIÓN,ASFALTADA,CARRETERA,NACIONAL,CAJAMARCA,JAEN,JAEN,-5.688243548265175,-78.7921113792726,PE-5N,1391.6446371335603
2022-03-05,2022,3,5,0,3,2,CHOQUE,EN PROCESO DE INVESTIGACIÓN,ASFALTADA,CARRETERA,NACIONAL,LAMBAYEQUE,LAMBAYEQUE,LAMBAYEQUE,-6.615792791171574,-79.88478356339581,PE-1NJ,7.699383507971478
2022-03-06,2022,3,6,0,1,0,ATROPELLO FUGA,IMPRUDENCIA DEL PEATÓN,ASFALTADA,CARRETERA,NACIONAL,CUSCO,QUISPICANCHI,ANDAHUAYLILLAS,-13.680533903172822,-71.66163543419401,PE-3S,1013.6571862684234
2022-03-06,2022,3,6,0,1,0,ATROPELLO FUGA,EN PROCESO DE INVESTIGACIÓN,,CARRETERA,NACIONAL,TACNA,TACNA,TACNA,-18.196019,-70.327957,PE-1S,1314.7679239455792
2022-03-06,2022,3,6,0,1,0,DESPISTE,NEGLIGENCIA DEL CONDUCTOR,ASFALTADA,CARRETERA,NACIONAL,PUNO,HUANCANE,TARACO,-15.2713891,-69.8962317,PE-34H,38.741415780991474
2022-03-06,2022,3,6,0,1,5,DESPISTE,EN PROCESO DE INVESTIGACIÓN,ASFALTADA,CARRETERA,NACIONAL,HUANCAVELICA,HUAYTARA,PILPICHACA,-13.41957,-74.95678,PE-28A,184.6203748988273
2022-03-06,2022,3,6,0,1,0,CHOQUE,IMPERICIA DEL CONDUCTOR,ASFALTADA,CARRETERA,NACIONAL,CUSCO,QUISPICANCHI,MARCAPATA,-13.590382682521708,-70.95496693686286,PE-30C,129.8564222093326
2022-03-06,2022,3,6,0,1,0,ATROPELLO FUGA,EN PROCESO DE INVESTIGACIÓN,,CARRETERA,NACIONAL,CAJAMARCA,CAJABAMBA,CONDEBAMBA,-7.46713058,-78.11290494,PE-3N,1186.795925701562
2022-03-06,2022,3,6,0,1,0,VOLCADURA,EN PROCESO DE INVESTIGACIÓN,,CARRETERA,NACIONAL,APURIMAC,GRAU,MICAELA BASTIDAS,-14.07484338971626,-72.62212003892782,PE-3SF,117.96975253929062
2022-03-07,2022,3,0,0,1,1,CAÍDA DE PASAJERO,IMPRUDENCIA DEL CONDUCTOR,ASFALTADA,CARRETERA,NACIONAL,TUMBES,CONTRALMIRANTE VILLAR,CANOAS DE PUNTA SAL,-3.914975098119045,-80.88801017523916,PE-1N,1210.777579178432
2022-03-07,2022,3,0,0,5,3,CHOQUE,EN PROCESO DE INVESTIGACIÓN,ASFALTADA,CARRETERA,NACIONAL,CAJAMARCA,CAJAMARCA,LLACANORA,-7.195726,-78.368729,PE-3N,1254.3655455405867
2022-03-07,2022,3,0,0,1,0,ATROPELLO,EN PROCESO DE INVESTIGACIÓN,ASFALTADA,CARRETERA,NACIONAL,AREQUIPA,AREQUIPA,SANTA RITA DE SIGUAS,-16.410435,-72.055252,PE-1S,930.640919760924
2022-03-07,2022,3,0,0,1,0,CHOQUE,IMPRUDENCIA DEL CONDUCTOR,ASFALTADA,CARRETERA,NACIONAL,LA LIBERTAD,CHEPEN,PACANGA,-7.150350381087838,-79.4508880048356,PE-1N,715.5124163280286
2022-03-08,2022,3,1,0,1,0,CHOQUE,EN PROCESO DE INVESTIGACIÓN,ASFALTADA,CARRETERA,NACIONAL,LIMA,LIMA,EL AGUSTINO,-12.02946,-76.999036,PE-1N,4.544995777915635
2022-03-08,2022,3,1,0,1,0,CHOQUE,IMPRUDENCIA DEL CONDUCTOR,ASFALTADA,CARRETERA,NACIONAL,PUNO,SAN ROMAN,JULIACA,-15.492,-70.144125,PE-34A,299.2272803482047
2022-03-08,2022,3,1,0,3,2,CHOQUE,IMPRUDENCIA DEL CONDUCTOR,ASFALTADA,CARRETERA,NACIONAL,ICA,CHINCHA,CHINCHA ALTA,-13.412786,-76.084959,PE-26,8.152361803258836
2022-03-09,2022,3,2,0,1,0,ATROPELLO,IMPRUDENCIA DEL PEATÓN,ASFALTADA,CARRETERA,NACIONAL,LA LIBERTAD,VIRU,CHAO,-8.539943,-78.67644,PE-1N,497.6301190019812
2022-03-09,2022,3,2,0,2,5,DESPISTE,NEGLIGENCIA DEL CONDUCTOR,ASFALTADA,CARRETERA,NACIONAL,ICA,CHINCHA,GROCIO PRADO,-13.353544938238636,-76.22172841728349,PE-1S,178.44495112937412
2022-03-09,2022,3,2,0,1,0,CHOQUE,EN PROCESO DE INVESTIGACIÓN,ASFALTADA,CARRETERA,NACIONAL,LAMBAYEQUE,LAMBAYEQUE,LAMBAYEQUE,-6.723075,-79.892557,PE-1N,790.8983185262067
2022-03-09,2022,3,2,0,1,0,CHOQUE,EN PROCESO DE INVESTIGACIÓN,ASFALTADA,CARRETERA,NACIONAL,LIMA,LIMA,RIMAC,-12.04027,-77.01653,PE-1N,6.810899145861168
2022-03-09,2022,3,2,0,1,0,DESPISTE,EN PROCESO DE INVESTIGACIÓN,TROCHA,CARRETERA,NACIONAL,AREQUIPA,CARAVELI,QUICACHA,-15.62316608,-73.79733259,PE-32,59.65292460108642
2022-03-10,2022,3,3,0,1,0,DESPISTE,EN PROCESO DE INVESTIGACIÓN,TROCHA,CARRETERA,NACIONAL,ANCASH,PALLASCA,PALLASCA,-8.268228316316504,-77.99048105842314,PE-3N,887.9845002643532
2022-03-11,2022,3,4,0,1,7,CHOQUE,IMPRUDENCIA DEL CONDUCTOR,ASFALTADA,CARRETERA,NACIONAL,CUSCO,CANCHIS,CHECACUPE,-14.020605855797989,-71.45716071152206,PE-3S,1072.169590246674
2022-03-12,2022,3,5,0,1,1,CHOQUE,EN PROCESO DE INVESTIGACIÓN,ASFALTADA,CARRETERA,NACIONAL,ANCASH,HUARMEY,HUARMEY,-10.203143,-78.050151,PE-1N,274.1905270200353
2022-03-12,2022,3,5,0,1,0,ATROPELLO FUGA,EN PROCESO DE INVESTIGACIÓN,,CARRETERA,NACIONAL,SAN MARTIN,LAMAS,CAYNARACHI,-6.14327275397964,-76.2690696093467,PE-5NB,78.50499314395057
2022-03-12,2022,3,5,0,1,0,CHOQUE,IMPRUDENCIA DEL CONDUCTOR,ASFALTADA,CARRETERA,NACIONAL,HUANUCO,LEONCIO PRADO,PUEBLO NUEVO,-9.149739,-75.988285,PE-5N,488.8103627878677
2022-03-13,2022,3,6,0,1,0,ATROPELLO,EN PROCESO DE INVESTIGACIÓN,ASFALTADA,CARRETERA,NACIONAL,AREQUIPA,ISLAY,ISLAY,-16.998379,-72.062978,PE-1SD,98.65052326507865
2022-03-13,2022,3,6,0,1,0,ATROPELLO FUGA,EN PROCESO DE INVESTIGACIÓN,ASFALTADA,CARRETERA,NACIONAL,ICA,ICA,SALAS,-13.930563763669994,-75.93926083155701,PE-1S,266.5664964052212
2022-03-13,2022,3,6,0,2,1,CHOQUE,IMPRUDENCIA DEL CONDUCTOR,ASFALTADA,CARRETERA,NACIONAL,LIMA,HUAURA,VEGUETA,-11.002744,-77.617208,PE-1N,162.48000934294328
2022-03-13,2022,3,6,0,1,1,DESPISTE,IMPRUDENCIA DEL CONDUCTOR,ASFALTADA,CARRETERA,NACIONAL,LIMA,HUAURA,SAYAN,-11.13827,-77.202376,PE-18,47.743569456281136
2022-03-13,2022,3,6,0,1,0,CHOQUE,EN PROCESO DE INVESTIGACIÓN,,CARRETERA,NACIONAL,JUNIN,SATIPO,SATIPO,-11.247796338571344,-74.63722939014922,PE-24A,207.3553309275621
2022-03-13,2022,3,6,0,1,0,CHOQUE,EN PROCESO DE INVESTIGACIÓN,ASFALTADA,CARRETERA,NACIONAL,CAJAMARCA,JAEN,PUCARA,-6.059592,-79.075479,PE-3N,1571.7611239501914
2022-03-14,2022,3,0,0,1,1,CHOQUE,EN PROCESO DE INVESTIGACIÓN,ASFALTADA,CARRETERA,NACIONAL,ANCASH,CASMA,CASMA,-9.457931,-78.33327,PE-1N,378.9078621353007
2022-03-14,2022,3,0,0,3,1,CHOQUE,IMPRUDENCIA DEL CONDUCTOR,ASFALTADA,CARRETERA,NACIONAL,HUANUCO,LEONCIO PRADO,MARIANO DAMASO BERAUN,-9.443862,-75.973997,PE-18A,105.0117328549636
2022-03-14,2022,3,0,0,1,0,ATROPELLO FUGA,IMPRUDENCIA DEL PEATÓN,ASFALTADA,CARRETERA,NACIONAL,HUANUCO,HUANUCO,PILLCO MARCA,-10.010606,-76.236774,PE-3N,223.6140128391252
2022-03-14,2022,3,0,0,2,4,CHOQUE,EN PROCESO DE INVESTIGACIÓN,ASFALTADA,CARRETERA,NACIONAL,CAJAMARCA,CAJAMARCA,SAN JUAN,-7.2774845,-78.52642799,PE-08,136.7536074204992
2022-03-14,2022,3,0,0,1,2,CHOQUE,IMPERICIA DEL CONDUCTOR,ASFALTADA,CARRETERA,NACIONAL,PIURA,MORROPON,LA MATANZA,-5.34912333203378,-80.0677052977847,PE-1NJ,178.8011826150658
2022-03-14,2022,3,0,0,2,3,CHOQUE,IMPRUDENCIA DEL CONDUCTOR,ASFALTADA,CARRETERA,NACIONAL,ANCASH,SANTA,CHIMBOTE,-9.09944219246969,-78.56271890109753,PE-1N,439.4040283816618
2022-03-14,2022,3,0,0,1,1,DESPISTE,EN PROCESO DE INVESTIGACIÓN,,CARRETERA,NACIONAL,APURIMAC,AYMARAES,COTARUSE,-14.4620480456075,-73.2359517232308,PE-30A,314.5360421090282
2022-03-14,2022,3,0,0,3,0,DESPISTE,IMPRUDENCIA DEL CONDUCTOR,AFIRMADO,CARRETERA,NACIONAL,LIMA,HUARAL,ATAVILLOS ALTO,-11.26035498474348,-76.74175576376878,PE-20C,79.41523858388855
2022-03-14,2022,3,0,0,1,1,CHOQUE,IMPRUDENCIA DEL CONDUCTOR,ASFALTADA,CARRETERA,NACIONAL,PIURA,PIURA,VEINTISEIS DE OCTUBRE,-5.178503,-80.666686,PE-1N,997.9078328719444
2022-03-16,2022,3,2,0,1,0,CHOQUE,IMPRUDENCIA DEL CONDUCTOR,ASFALTADA,CARRETERA,NACIONAL,AYACUCHO,HUANTA,HUANTA,-12.928738,-74.267617,PE-3S,336.0190701555692
2022-03-16,2022,3,2,0,1,3,CHOQUE,EN PROCESO DE INVESTIGACIÓN,ASFALTADA,CARRETERA,NACIONAL,AREQUIPA,CAYLLOMA,SAN ANTONIO DE CHUCA,-15.865493,-71.130546,PE-34A,160.2034102985771
2022-03-16,2022,3,2,0,1,0,ATROPELLO,EN PROCESO DE INVESTIGACIÓN,,CARRETERA,NACIONAL,PASCO,OXAPAMPA,OXAPAMPA,-10.574368742497535,-75.40626162704564,PE-5NA,45.78302659373653
2022-03-16,2022,3,2,0,1,0,CHOQUE,EN PROCESO DE INVESTIGACIÓN,ASFALTADA,CARRETERA,NACIONAL,LAMBAYEQUE,CHICLAYO,POMALCA,-6.780738,-79.775901,PE-06A,11.09737063791459
2022-03-16,2022,3,2,0,1,0,ATROPELLO FUGA,EN PROCESO DE INVESTIGACIÓN,,CARRETERA,NACIONAL,TACNA,TACNA,TACNA,-18.299647,-70.315496,PE-1S,1326.342945098375
2022-03-17,2022,3,3,0,1,0,ATROPELLO FUGA,EN PROCESO DE INVESTIGACIÓN,ASFALTADA,CARRETERA,NACIONAL,LAMBAYEQUE,CHICLAYO,LAGUNAS,-6.927695,-79.74143,PE-1N,756.7831179031006
2022-03-17,2022,3,3,0,1,0,CHOQUE,IMPRUDENCIA DEL CONDUCTOR,ASFALTADA,CARRETERA,NACIONAL,SAN MARTIN,MOYOBAMBA,MOYOBAMBA,-6.045425,-77.016127,PE-5N,1062.6834404664064
2022-03-17,2022,3,3,0,1,1,DESPISTE,IMPRUDENCIA DEL CONDUCTOR,ASFALTADA,CARRETERA,NACIONAL,PIURA,TALARA,LOS ORGANOS,-4.221164057682058,-81.16719623639703,PE-1N,1155.2975733470776
2022-03-18,2022,3,4,0,1,0,DESPISTE,IMPRUDENCIA DEL CONDUCTOR,ASFALTADA,CARRETERA,NACIONAL,PUNO,MOHO,MOHO,-15.31287060453219,-69.5469975128075,PE-34I,38.31827122674124
2022-03-18,2022,3,4,0,1,4,CHOQUE,IMPRUDENCIA DEL CONDUCTOR,ASFALTADA,CARRETERA,NACIONAL,LA LIBERTAD,CHEPEN,PACANGA,-7.123959,-79.482107,PE-1N,720.0308671383506
2022-03-18,2022,3,4,0,1,0,CHOQUE,EN PROCESO DE INVESTIGACIÓN,,CARRETERA,NACIONAL,CAJAMARCA,CUTERVO,CUTERVO,-6.381019,-78.813507,PE-3N,1490.3330979484738
2022-03-19,2022,3,5,0,1,0,CHOQUE,IMPRUDENCIA DEL CONDUCTOR,ASFALTADA,CARRETERA,NACIONAL,PUNO,PUNO,PICHACANI,-16.134248643016267,-70.04472892880808,PE-36B,121.29453236367682
2022-03-19,2022,3,5,0,1,0,ATROPELLO FUGA,IMPRUDENCIA DEL CONDUCTOR,ASFALTADA,CARRETERA,NACIONAL,PUNO,MELGAR,AYAVIRI,-14.9063508,-70.5833486,PE-3S,1225.749512938969
2022-03-20,2022,3,6,0,1,0,CHOQUE,IMPRUDENCIA DEL CONDUCTOR,ASFALTADA,CARRETERA,NACIONAL,LIMA,HUAURA,VEGUETA,-11.002965,-77.617296,PE-1N,162.47500897103302
2022-03-20,2022,3,6,0,1,1,DESPISTE,IMPRUDENCIA DEL CONDUCTOR,ASFALTADA,CARRETERA,NACIONAL,JUNIN,HUANCAYO,SICAYA,-12.0298718,-75.2663292,PE-3SB,35.94591662700942
2022-03-20,2022,3,6,0,2,0,DESPISTE,EN PROCESO DE INVESTIGACIÓN,,CARRETERA,NACIONAL,LIMA,LIMA,ATE,-12.0101,-76.8703,PE-22,14.320327820685073
2022-03-20,2022,3,6,0,1,0,VOLCADURA,EN PROCESO DE INVESTIGACIÓN,,CARRETERA,NACIONAL,APURIMAC,GRAU,CHUQUIBAMBILLA,-14.052714002905486,-72.76267135628318,PE-3SF,83.68575280939845
2022-03-20,2022,3,6,0,1,0,CHOQUE,IMPRUDENCIA DEL CONDUCTOR,ASFALTADA,CARRETERA,NACIONAL,LA LIBERTAD,VIRU,VIRU,-8.388479,-78.851144,PE-1N,524.8772417312395
2022-03-20,2022,3,6,0,1,1,CHOQUE,IMPRUDENCIA DEL CONDUCTOR,ASFALTADA,CARRETERA,NACIONAL,TACNA,TACNA,TACNA,-17.981974,-70.280788,PE-1S,1284.8853530768251
2022-03-21,2022,3,0,0,1,0,CHOQUE,IMPRUDENCIA DEL CONDUCTOR,ASFALTADA,CARRETERA,NACIONAL,HUANUCO,LEONCIO PRADO,MARIANO DAMASO BERAUN,-9.345312,-75.982546,PE-18A,117.16893791618728
2022-03-21,2022,3,0,0,1,0,DESPISTE,EN PROCESO DE INVESTIGACIÓN,,CARRETERA,NACIONAL,LIMA,LIMA,ATE,-12.06114766146284,-76.97248530948352,PE-1S,0.3002987720578891
2022-03-21,2022,3,0,0,1,4,CHOQUE,IMPRUDENCIA DEL CONDUCTOR,ASFALTADA,CARRETERA,NACIONAL,PIURA,SECHURA,SECHURA,-5.78294,-80.544911,PE-1N,925.8121222697124
2022-03-21,2022,3,0,0,1,0,DESPISTE,IMPERICIA DEL CONDUCTOR,ASFALTADA,CARRETERA,NACIONAL,CUSCO,ESPINAR,CONDOROMA,-15.351627,-71.104512,PE-34J,51.84905326433248
2022-03-21,2022,3,0,0,4,1,CHOQUE,IMPRUDENCIA DEL CONDUCTOR,ASFALTADA,CARRETERA,NACIONAL,LA LIBERTAD,VIRU,VIRU,-8.403789,-78.834177,PE-1N,522.2922872343353
2022-03-23,2022,3,2,0,1,3,DESPISTE,EN PROCESO DE INVESTIGACIÓN,,CARRETERA,NACIONAL,JUNIN,CHANCHAMAYO,PICHANAQUI,-10.939242044136048,-74.86162280623186,PE-5S,61.0521280961363
2022-03-23,2022,3,2,0,1,1,DESPISTE,EN PROCESO DE INVESTIGACIÓN,ASFALTADA,CARRETERA,NACIONAL,PIURA,MORROPON,CHULUCANAS,-5.030273,-80.200573,PE-1NR,25.71735241102308
2022-03-24,2022,3,3,0,1,0,ESPECIAL,EN PROCESO DE INVESTIGACIÓN,ASFALTADA,CARRETERA,NACIONAL,CALLAO,CALLAO,CALLAO,-12.040701675627345,-77.11587471962183,PE-20I,0.0417161480042131
2022-03-24,2022,3,3,0,1,0,ATROPELLO FUGA,IMPRUDENCIA DEL PEATÓN,ASFALTADA,CARRETERA,NACIONAL,CALLAO,CALLAO,CALLAO,-11.97529867702563,-77.12500823797006,PE-20,17.06667416782389
2022-03-25,2022,3,4,0,1,0,ATROPELLO,IMPRUDENCIA DEL CONDUCTOR,ASFALTADA,CARRETERA,NACIONAL,PIURA,PIURA,LAS LOMAS,-4.75594792446089,-80.29782228265425,PE-1NL,64.11901218094982
2022-03-26,2022,3,5,0,1,0,DESPISTE,IMPRUDENCIA DEL CONDUCTOR,ASFALTADA,CARRETERA,NACIONAL,CUSCO,CANCHIS,SICUANI,-14.292153543743536,-71.21975426759026,PE-3S,1117.2606788962817
2022-03-26,2022,3,5,0,1,0,VOLCADURA,EN PROCESO DE INVESTIGACIÓN,ASFALTADA,CARRETERA,NACIONAL,SAN MARTIN,RIOJA,PARDO MIGUEL,-5.674651,-77.675794,PE-5N,1155.9423073475205
2022-03-26,2022,3,5,0,2,2,CHOQUE,IMPRUDENCIA DEL CONDUCTOR,ASFALTADA,CARRETERA,NACIONAL,PUNO,PUNO,CHUCUITO,-15.9302331,-69.8740858,PE-3S,1386.5573291671362
2022-03-26,2022,3,5,0,1,0,CHOQUE,IMPRUDENCIA DEL CONDUCTOR,ASFALTADA,CARRETERA,NACIONAL,CUSCO,QUISPICANCHI,URCOS,-13.694242768343637,-71.59844714159948,PE-3S,1026.4826177588593
2022-03-26,2022,3,5,0,2,2,CHOQUE,IMPRUDENCIA DEL CONDUCTOR,ASFALTADA,CARRETERA,NACIONAL,LA LIBERTAD,ASCOPE,CHOCOPE,-7.776087,-79.251727,PE-1N,617.5284959102364
2022-03-26,2022,3,5,0,1,1,CHOQUE,EN PROCESO DE INVESTIGACIÓN,,CARRETERA,NACIONAL,CAJAMARCA,CAJAMARCA,CAJAMARCA,-7.16543873,-78.50264764,PE-3N,1273.77665041029
2022-03-26,2022,3,5,0,1,0,ATROPELLO FUGA,EN PROCESO DE INVESTIGACIÓN,,CARRETERA,NACIONAL,LIMA,LIMA,LURIN,-12.2979310064019,-76.8538862432187,PE-1S,34.612753803032504
2022-03-27,2022,3,6,0,1,1,CHOQUE,IMPRUDENCIA DEL CONDUCTOR,ASFALTADA,CARRETERA,NACIONAL,PUNO,CHUCUITO,ZEPITA,-16.430825738404142,-69.16693919707568,PE-3S,1490.0391841408634
2022-03-27,2022,3,6,0,1,0,DESPISTE,EN PROCESO DE INVESTIGACIÓN,,CARRETERA,NACIONAL,JUNIN,CHANCHAMAYO,PERENE,-10.94005315194511,-75.19719296823605,PE-5S,14.259095892442234
2022-03-27,2022,3,6,0,1,0,CHOQUE,IMPRUDENCIA DEL CONDUCTOR,ASFALTADA,CARRETERA,NACIONAL,PIURA,PIURA,TAMBO GRANDE,-4.8572942381084765,-80.30894809168305,PE-1NL,50.99934557388666
2022-03-27,2022,3,6,0,1,0,CHOQUE,IMPRUDENCIA DEL CONDUCTOR,ASFALTADA,CARRETERA,NACIONAL,PIURA,SULLANA,LANCONES,-4.5267446551044825,-80.47315803688726,PE-1NN,55.39341789776127
2022-03-27,2022,3,6,0,1,2,CHOQUE,IMPRUDENCIA DEL CONDUCTOR,ASFALTADA,CARRETERA,NACIONAL,PUNO,HUANCANE,PUSI,-15.4194085,-70.0694522,PE-34H,9.904916458557732
2022-03-27,2022,3,6,0,1,4,CHOQUE,IMPRUDENCIA DEL CONDUCTOR,ASFALTADA,CARRETERA,NACIONAL,HUANUCO,LEONCIO PRADO,MARIANO DAMASO BERAUN,-9.3336001,-75.989034,PE-18A,118.66104958757838
2022-03-27,2022,3,6,0,1,0,ATROPELLO,EN PROCESO DE INVESTIGACIÓN,,CARRETERA,NACIONAL,LIMA,LIMA,EL AGUSTINO,-12.0318839845185,-76.9880235183415,PE-22,0.4697517014931232
2022-03-27,2022,3,6,0,1,0,DESPISTE,EN PROCESO DE INVESTIGACIÓN,ASFALTADA,CARRETERA,NACIONAL,HUANCAVELICA,HUAYTARA,HUAYTARA,-13.598955,-75.362833,PE-28A,107.3000487921514
2022-03-27,2022,3,6,0,1,0,DESPISTE,IMPRUDENCIA DEL CONDUCTOR,ASFALTADA,CARRETERA,NACIONAL,PIURA,TALARA,EL ALTO,-4.232034909771605,-81.17430923443803,PE-1N,1152.813357486186
2022-03-27,2022,3,6,0,1,1,CHOQUE,IMPRUDENCIA DEL CONDUCTOR,ASFALTADA,CARRETERA,NACIONAL,LIMA,HUARAL,AUCALLAMA,-11.61340138800391,-77.23109716729165,PE-1N,74.92521638204806
2022-03-27,2022,3,6,0,1,1,ATROPELLO,IMPRUDENCIA DEL PEATÓN,ASFALTADA,CARRETERA,NACIONAL,CUSCO,CANCHIS,SAN PEDRO,-14.19004,-71.33704,PE-3S,1097.9544414939353
2022-03-28,2022,3,0,0,1,6,DESPISTE,EN PROCESO DE INVESTIGACIÓN,ASFALTADA,CARRETERA,NACIONAL,ANCASH,CORONGO,CUSCA,-8.59749149683882,-77.7673569121848,PE-12A,41.37484566822975
2022-03-29,2022,3,1,0,1,0,VOLCADURA,EN PROCESO DE INVESTIGACIÓN,ASFALTADA,CARRETERA,NACIONAL,MADRE DE DIOS,TAMBOPATA,LAS PIEDRAS,-12.542110676520997,-69.14294938385845,PE-30C,435.88206601261845
2022-03-29,2022,3,1,0,1,0,CHOQUE,IMPRUDENCIA DEL CONDUCTOR,CONCRETO,CARRETERA,NACIONAL,CUSCO,LA CONVENCION,SANTA ANA,-12.865908784558725,-72.69354675932448,PE-28B,462.90562346429937
2022-03-29,2022,3,1,0,2,2,DESPISTE,IMPRUDENCIA DEL CONDUCTOR,ASFALTADA,CARRETERA,NACIONAL,LA LIBERTAD,VIRU,GUADALUPITO,-8.928619,-78.635569,PE-1N,450.71814166386406
2022-03-29,2022,3,1,0,1,0,CHOQUE,IMPRUDENCIA DEL CONDUCTOR,ASFALTADA,CARRETERA,NACIONAL,PIURA,SULLANA,SULLANA,-4.913389273271774,-80.67215728939541,PE-1NL,2.929507628048745
2022-03-29,2022,3,1,0,1,0,CHOQUE,EN PROCESO DE INVESTIGACIÓN,ASFALTADA,CARRETERA,NACIONAL,LAMBAYEQUE,LAMBAYEQUE,OLMOS,-5.988544,-79.737082,PE-1NJ,90.64654367249295
2022-03-29,2022,3,1,0,2,0,CHOQUE,EN PROCESO DE INVESTIGACIÓN,ASFALTADA,CARRETERA,NACIONAL,ICA,NASCA,NASCA,-14.82183,-74.965426,PE-1S,441.1547436008691
2022-03-30,2022,3,2,0,1,0,ATROPELLO FUGA,EN PROCESO DE INVESTIGACIÓN,ASFALTADA,CARRETERA,NACIONAL,LAMBAYEQUE,CHICLAYO,LAGUNAS,-6.9605555444952,-79.6329412734483,PE-1NI,2.5219191225786224
2022-03-31,2022,3,3,0,1,3,VOLCADURA,EN PROCESO DE INVESTIGACIÓN,ASFALTADA,CARRETERA,NACIONAL,AREQUIPA,AREQUIPA,SAN JUAN DE TARUCANI,-16.040969,-71.306209,PE-34A,126.20554552941506
2022-03-31,2022,3,3,0,1,4,DESPISTE,EN PROCESO DE INVESTIGACIÓN,ASFALTADA,CARRETERA,NACIONAL,CAJAMARCA,JAEN,BELLAVISTA,-5.54315214,-78.81293259,PE-5N,1414.052149211898
2022-03-31,2022,3,3,0,1,0,CHOQUE,EN PROCESO DE INVESTIGACIÓN,ASFALTADA,CARRETERA,NACIONAL,ICA,ICA,SANTIAGO,-14.338981,-75.657434,PE-1S,330.2277082527472
2022-03-31,2022,3,3,0,1,0,CHOQUE,IMPRUDENCIA DEL CONDUCTOR,ASFALTADA,CARRETERA,NACIONAL,PUNO,SAN ROMAN,SAN MIGUEL,-15.390739875214,-70.15734758251114,PE-3S,1305.073058480657
2022-04-01,2022,4,4,0,1,1,CHOQUE,IMPRUDENCIA DEL CONDUCTOR,ASFALTADA,CARRETERA,NACIONAL,PASCO,PASCO,YANACANCHA,-10.631896218235813,-76.17575646148282,PE-3N,142.66551325808132
2022-04-01,2022,4,4,0,1,1,VOLCADURA,IMPRUDENCIA DEL CONDUCTOR,ASFALTADA,CARRETERA,NACIONAL,HUANUCO,HUANUCO,CHINCHAO,-9.627556,-76.064694,PE-18A,71.62389513615253
2022-04-01,2022,4,4,0,2,0,CHOQUE,EN PROCESO DE INVESTIGACIÓN,ASFALTADA,CARRETERA,NACIONAL,LAMBAYEQUE,CHICLAYO,LA VICTORIA,-6.831415,-79.829203,PE-1N,772.4612626512593
2022-04-01,2022,4,4,0,1,0,DESPISTE,IMPRUDENCIA DEL CONDUCTOR,ASFALTADA,CARRETERA,NACIONAL,CUSCO,ESPINAR,PICHIGUA,-14.702299,-71.29476,PE-34F,15.86310764828766
2022-04-02,2022,4,5,0,1,1,DESPISTE,IMPRUDENCIA DEL CONDUCTOR,ASFALTADA,CARRETERA,NACIONAL,LA LIBERTAD,PACASMAYO,SAN PEDRO DE LLOC,-7.535771,-79.391251,PE-1N,649.7142901117953
2022-04-02,2022,4,5,0,1,0,CHOQUE FUGA,IMPRUDENCIA DEL CONDUCTOR,ASFALTADA,CARRETERA,NACIONAL,PIURA,PIURA,VEINTISEIS DE OCTUBRE,-5.156432112715408,-80.69423672241072,PE-1N,1001.98861757381
2022-04-03,2022,4,6,0,1,0,DESPISTE,EN PROCESO DE INVESTIGACIÓN,ASFALTADA,CARRETERA,NACIONAL,CAJAMARCA,CAJABAMBA,CONDEBAMBA,-7.48439,-78.12322667,PE-3N,1184.5568934379871
2022-04-03,2022,4,6,0,1,0,ATROPELLO FUGA,EN PROCESO DE INVESTIGACIÓN,ASFALTADA,CARRETERA,NACIONAL,PUNO,PUNO,PUNO,-15.811211,-70.037411,PE-3S,1357.2782241029126
2022-04-03,2022,4,6,0,1,0,ATROPELLO FUGA,EN PROCESO DE INVESTIGACIÓN,ASFALTADA,CARRETERA,NACIONAL,AREQUIPA,AREQUIPA,LA JOYA,-16.681891,-71.87044,PE-1S,986.8787028461056
2022-04-03,2022,4,6,0,1,0,VOLCADURA,EN PROCESO DE INVESTIGACIÓN,,CARRETERA,NACIONAL,LIMA,LIMA,LURIN,-12.280727,-76.882445,PE-1S,30.96382436440326
2022-04-03,2022,4,6,0,1,0,CHOQUE,IMPRUDENCIA DEL CONDUCTOR,ASFALTADA,CARRETERA,NACIONAL,HUANUCO,LEONCIO PRADO,RUPA-RUPA,-9.290993,-75.997895,PE-18A,124.10233328181138
2022-04-03,2022,4,6,0,1,0,DESPISTE,EN PROCESO DE INVESTIGACIÓN,ASFALTADA,CARRETERA,NACIONAL,AREQUIPA,ISLAY,PUNTA DE BOMBON,-17.245326,-71.5346,PE-1SD,178.69049111350492
2022-04-03,2022,4,6,0,1,2,DESPISTE,EN PROCESO DE INVESTIGACIÓN,ASFALTADA,CARRETERA,NACIONAL,PIURA,SULLANA,MIGUEL CHECA,-5.149621,-80.776899,PE-02,9.990806733594123
2022-04-03,2022,4,6,0,1,0,CHOQUE,EN PROCESO DE INVESTIGACIÓN,ASFALTADA,CARRETERA,NACIONAL,AREQUIPA,CARAVELI,QUICACHA,-15.659318,-73.814743,PE-32,54.86872285551487
2022-04-04,2022,4,0,0,1,1,DESPISTE,IMPRUDENCIA DEL CONDUCTOR,ASFALTADA,CARRETERA,NACIONAL,LIMA,HUARAL,HUARAL,-11.48223689255879,-77.14968139972801,PE-20C,19.130139546114187
2022-04-04,2022,4,0,0,1,0,DESPISTE,IMPRUDENCIA DEL CONDUCTOR,TROCHA,CARRETERA,NACIONAL,CUSCO,CHUMBIVILCAS,SANTO TOMAS,-14.416599576045073,-72.08528251932682,PE-3SG,88.46639233972284
2022-04-05,2022,4,1,0,2,3,CHOQUE,EN PROCESO DE INVESTIGACIÓN,ASFALTADA,CARRETERA,NACIONAL,AREQUIPA,AREQUIPA,YURA,-16.065461,-71.529031,PE-34A,98.19736593516105
2022-04-07,2022,4,3,0,1,0,ATROPELLO FUGA,EN PROCESO DE INVESTIGACIÓN,ASFALTADA,CARRETERA,NACIONAL,CALLAO,CALLAO,CALLAO,-11.964147797833713,-77.12688746061761,PE-20,15.812828895723602
2022-04-07,2022,4,3,0,1,2,DESPISTE,IMPRUDENCIA DEL CONDUCTOR,ASFALTADA,CARRETERA,NACIONAL,APURIMAC,ANDAHUAYLAS,PACOBAMBA,-13.612065,-73.133971,PE-3S,703.3004783910111
2022-04-07,2022,4,3,0,2,4,DESPISTE,EN PROCESO DE INVESTIGACIÓN,,CARRETERA,NACIONAL,JUNIN,SATIPO,PAMPA HERMOSA,-11.506833589328837,-74.82128792509911,PE-24A,155.1225220671861
2022-04-07,2022,4,3,0,1,0,ATROPELLO,IMPRUDENCIA DEL PEATÓN,ASFALTADA,CARRETERA,NACIONAL,HUANUCO,HUANUCO,SANTA MARIA DEL VALLE,-9.861162,-76.169409,PE-18A,14.951166574712126
2022-04-08,2022,4,4,0,1,1,CHOQUE,IMPRUDENCIA DEL CONDUCTOR,ASFALTADA,CARRETERA,NACIONAL,PUNO,EL COLLAO,SANTA ROSA,-16.706640482593375,-69.56922224540719,PE-36A,233.46810511668764
2022-04-08,2022,4,4,0,1,0,ATROPELLO,IMPRUDENCIA DEL CONDUCTOR,ASFALTADA,CARRETERA,NACIONAL,HUANUCO,LEONCIO PRADO,MARIANO DAMASO BERAUN,-9.443688,-75.973703,PE-18A,105.04782735657837
2022-04-09,2022,4,5,0,1,0,DESPISTE,IMPRUDENCIA DEL CONDUCTOR,ASFALTADA,CARRETERA,NACIONAL,CUSCO,ESPINAR,CONDOROMA,-15.35757714745863,-71.09403047319799,PE-34J,50.5102155382251
2022-04-09,2022,4,5,0,1,0,ATROPELLO,EN PROCESO DE INVESTIGACIÓN,,CARRETERA,NACIONAL,LIMA,LIMA,ANCON,-11.814028,-77.128788,PE-1N,38.68337093118578
2022-04-10,2022,4,6,0,1,1,CHOQUE FUGA,EN PROCESO DE INVESTIGACIÓN,ASFALTADA,CARRETERA,NACIONAL,LAMBAYEQUE,CHICLAYO,CHONGOYAPE,-6.675546,-79.439688,PE-06A,57.09327786732226
2022-04-10,2022,4,6,0,1,0,ATROPELLO FUGA,EN PROCESO DE INVESTIGACIÓN,ASFALTADA,CARRETERA,NACIONAL,PUNO,PUNO,PAUCARCOLLA,-15.7325123,-70.0578456,PE-3S,1347.0672059465242
2022-04-10,2022,4,6,0,1,0,CHOQUE FUGA,EN PROCESO DE INVESTIGACIÓN,ASFALTADA,CARRETERA,NACIONAL,SAN MARTIN,LAMAS,ALONSO DE ALVARADO,-6.245819,-76.784112,PE-5N,1021.0781920390745
2022-04-10,2022,4,6,0,1,1,DESPISTE,IMPRUDENCIA DEL CONDUCTOR,ASFALTADA,CARRETERA,NACIONAL,TUMBES,ZARUMILLA,AGUAS VERDES,-3.4829212500110605,-80.2544043030435,PE-1NO,5.669036107002078
2022-04-10,2022,4,6,0,1,0,DESPISTE,EN PROCESO DE INVESTIGACIÓN,,CARRETERA,NACIONAL,APURIMAC,AYMARAES,COTARUSE,-14.516122294566,-73.2648146010096,PE-30A,304.16453391241686
2022-04-10,2022,4,6,0,2,1,CHOQUE,EN PROCESO DE INVESTIGACIÓN,ASFALTADA,CARRETERA,NACIONAL,CAJAMARCA,CAJAMARCA,ENCAÑADA,-7.11869881,-78.33576852,PE-08B,26.630849337433624
2022-04-11,2022,4,0,0,1,0,ATROPELLO,IMPRUDENCIA DEL CONDUCTOR,ASFALTADA,CARRETERA,NACIONAL,LIMA,HUAURA,HUAURA,-11.06594,-77.58721,PE-1N,154.3430232286786
2022-04-11,2022,4,0,0,1,2,CHOQUE,EN PROCESO DE INVESTIGACIÓN,ASFALTADA,CARRETERA,NACIONAL,CAJAMARCA,SAN IGNACIO,CHIRINOS,-5.32838,-78.79727,PE-5N,1445.438609873035
2022-04-11,2022,4,0,0,1,0,ATROPELLO,IMPRUDENCIA DEL PEATÓN,ASFALTADA,CARRETERA,NACIONAL,LA LIBERTAD,VIRU,VIRU,-8.47521,-78.707538,PE-1N,505.81857759419495
2022-04-11,2022,4,0,0,1,0,ATROPELLO,IMPRUDENCIA DEL PEATÓN,ASFALTADA,CARRETERA,NACIONAL,PUNO,EL COLLAO,ILAVE,-16.094836,-69.623235,PE-3S,1419.190783013076
2022-04-12,2022,4,1,0,1,3,CHOQUE,EN PROCESO DE INVESTIGACIÓN,,CARRETERA,NACIONAL,JUNIN,CHANCHAMAYO,PICHANAQUI,-10.957707363940512,-74.82562239297226,PE-5S,65.73761640776738
2022-04-12,2022,4,1,0,1,5,CHOQUE,IMPRUDENCIA DEL CONDUCTOR,ASFALTADA,CARRETERA,NACIONAL,JUNIN,JAUJA,SINCOS,-11.88678,-75.39043,PE-3SB,14.21137121451502
2022-04-12,2022,4,1,0,1,1,CHOQUE,IMPRUDENCIA DEL CONDUCTOR,ASFALTADA,CARRETERA,NACIONAL,HUANUCO,LEONCIO PRADO,PUEBLO NUEVO,-9.0726769,-76.0640611,PE-5N,502.7745243711129
2022-04-12,2022,4,1,0,2,0,CHOQUE,IMPRUDENCIA DEL CONDUCTOR,ASFALTADA,CARRETERA,NACIONAL,JUNIN,CONCEPCION,MATAHUASI,-11.89142,-75.34304,PE-3S,99.0307305521508
2022-04-12,2022,4,1,0,1,1,CHOQUE,EN PROCESO DE INVESTIGACIÓN,ASFALTADA,CARRETERA,NACIONAL,ICA,NASCA,NASCA,-14.841315,-74.942224,PE-30A,0.027968256111352
2022-04-12,2022,4,1,0,1,0,CHOQUE,EN PROCESO DE INVESTIGACIÓN,ASFALTADA,CARRETERA,NACIONAL,ICA,ICA,SUBTANJALLA,-14.00787,-75.765825,PE-1S,289.7319291354314
2022-04-13,2022,4,2,0,1,0,ATROPELLO,IMPERICIA DEL CONDUCTOR,ASFALTADA,CARRETERA,NACIONAL,CUSCO,ANTA,ANCAHUASI,-13.474138758380366,-72.27845128192435,PE-3S,929.9244883653294
2022-04-13,2022,4,2,0,1,1,CHOQUE,EN PROCESO DE INVESTIGACIÓN,ASFALTADA,CARRETERA,NACIONAL,LAMBAYEQUE,LAMBAYEQUE,MORROPE,-6.53168955444354,-80.031733841186,PE-1N,818.1821359075213
2022-04-13,2022,4,2,0,1,0,CHOQUE,EN PROCESO DE INVESTIGACIÓN,ASFALTADA,CARRETERA,NACIONAL,AREQUIPA,AREQUIPA,LA JOYA,-16.657997,-71.871372,PE-1S,984.2303156090712
2022-04-13,2022,4,2,0,1,0,ATROPELLO,EN PROCESO DE INVESTIGACIÓN,,CARRETERA,NACIONAL,LIMA,LIMA,PUENTE PIEDRA,-11.861387,-77.078387,PE-1N,31.01071690193966
2022-04-14,2022,4,3,0,1,0,ATROPELLO,IMPRUDENCIA DEL PEATÓN,ASFALTADA,CARRETERA,NACIONAL,LA LIBERTAD,TRUJILLO,HUANCHACO,-8.003335366008683,-79.07130712635922,PE-1N,583.7566642295362
2022-04-14,2022,4,3,0,2,0,CHOQUE,IMPERICIA DEL CONDUCTOR,ASFALTADA,CARRETERA,NACIONAL,SAN MARTIN,MOYOBAMBA,MOYOBAMBA,-6.046564,-77.035053,PE-5N,1064.840036995918
2022-04-14,2022,4,3,0,1,1,ESPECIAL,EN PROCESO DE INVESTIGACIÓN,,CARRETERA,NACIONAL,JUNIN,CHANCHAMAYO,CHANCHAMAYO,-10.9825602199244,-75.3079675448741,PE-22B,116.89190400426608
2022-04-14,2022,4,3,0,1,0,DESPISTE,EN PROCESO DE INVESTIGACIÓN,ASFALTADA,CARRETERA,NACIONAL,ANCASH,HUARMEY,HUARMEY,-10.403397,-77.974306,PE-1N,246.092340214421
2022-04-14,2022,4,3,0,1,0,ATROPELLO,EN PROCESO DE INVESTIGACIÓN,ASFALTADA,CARRETERA,NACIONAL,LA LIBERTAD,VIRU,CHAO,-8.529139,-78.682165,PE-1N,499.0505902146133
2022-04-14,2022,4,3,0,1,0,CHOQUE FUGA,EN PROCESO DE INVESTIGACIÓN,ASFALTADA,CARRETERA,NACIONAL,LA LIBERTAD,VIRU,VIRU,-8.440818786493223,-78.7534320963491,PE-1N,512.2259287590723
2022-04-15,2022,4,4,0,2,0,CHOQUE,EN PROCESO DE INVESTIGACIÓN,,CARRETERA,NACIONAL,LIMA,LIMA,LURIGANCHO,-12.018346,-76.911652,PE-22,9.074106496802376
2022-04-15,2022,4,4,0,1,0,CHOQUE,EN PROCESO DE INVESTIGACIÓN,ASFALTADA,CARRETERA,NACIONAL,PIURA,PIURA,CASTILLA,-5.2079184,-80.6212371,PE-1NJ,257.08486231264857
2022-04-15,2022,4,4,0,1,0,ATROPELLO FUGA,EN PROCESO DE INVESTIGACIÓN,ASFALTADA,CARRETERA,NACIONAL,PIURA,PIURA,TAMBO GRANDE,-5.139098,-80.349455,PE-1NJ,235.43842356990868
2022-04-16,2022,4,5,0,1,0,ATROPELLO FUGA,EN PROCESO DE INVESTIGACIÓN,ASFALTADA,CARRETERA,NACIONAL,TUMBES,CONTRALMIRANTE VILLAR,ZORRITOS,-3.718510946147052,-80.75336839688924,PE-1N,1238.8552471708308
2022-04-16,2022,4,5,0,1,3,DESPISTE,EN PROCESO DE INVESTIGACIÓN,ASFALTADA,CARRETERA,NACIONAL,HUANCAVELICA,HUAYTARA,HUAYTARA,-13.581158,-75.244149,PE-28A,135.2240111758502
2022-04-17,2022,4,6,0,1,0,ATROPELLO FUGA,EN PROCESO DE INVESTIGACIÓN,,CARRETERA,NACIONAL,LIMA,LIMA,LURIGANCHO,-11.921435,-76.675836,PE-22,38.49893393371813
2022-04-17,2022,4,6,0,1,1,CHOQUE,EN PROCESO DE INVESTIGACIÓN,ASFALTADA,CARRETERA,NACIONAL,PIURA,PIURA,EL TALLAN,-5.467806,-80.603836,PE-1N,961.4037327133512
2022-04-18,2022,4,0,0,1,1,CHOQUE,EN PROCESO DE INVESTIGACIÓN,,CARRETERA,NACIONAL,CAJAMARCA,CAJAMARCA,CAJAMARCA,-7.14512578,-78.51381524,PE-3N,1286.704682032698
2022-04-18,2022,4,0,0,1,0,ATROPELLO,EN PROCESO DE INVESTIGACIÓN,,CARRETERA,NACIONAL,LIMA,LIMA,LOS OLIVOS,-11.937526,-77.071828,PE-1N,22.033578401166768
2022-04-18,2022,4,0,0,1,0,ATROPELLO FUGA,EN PROCESO DE INVESTIGACIÓN,ASFALTADA,CARRETERA,NACIONAL,LIMA,HUAURA,VEGUETA,-10.892130785708703,-77.67582893812603,PE-1N,177.25087298903344
2022-04-18,2022,4,0,0,1,0,ATROPELLO,EN PROCESO DE INVESTIGACIÓN,ASFALTADA,CARRETERA,NACIONAL,HUANCAVELICA,HUAYTARA,TAMBO,-13.472465,-75.065095,PE-28A,165.73048564919912
2022-04-19,2022,4,1,0,2,0,CHOQUE,IMPRUDENCIA DEL CONDUCTOR,ASFALTADA,CARRETERA,NACIONAL,LA LIBERTAD,PACASMAYO,GUADALUPE,-7.272699,-79.477915,PE-1N,696.5018550275645
2022-04-19,2022,4,1,0,1,0,ATROPELLO,IMPRUDENCIA DEL PEATÓN,ASFALTADA,CARRETERA,NACIONAL,ANCASH,SANTA,CHIMBOTE,-9.072562692594683,-78.58902475388773,PE-1N,416.3434853718536
2022-04-19,2022,4,1,0,1,1,DESPISTE,EN PROCESO DE INVESTIGACIÓN,,CARRETERA,NACIONAL,TACNA,TACNA,SAMA,-17.805173051007888,-70.59319312095045,PE-1S,1246.0674121911038
2022-04-19,2022,4,1,0,1,2,CHOQUE,EN PROCESO DE INVESTIGACIÓN,ASFALTADA,CARRETERA,NACIONAL,ICA,ICA,SANTIAGO,-14.258504,-75.687392,PE-1S,320.48545045944223
2022-04-19,2022,4,1,0,1,0,ATROPELLO FUGA,EN PROCESO DE INVESTIGACIÓN,ASFALTADA,CARRETERA,NACIONAL,CALLAO,CALLAO,CALLAO,-11.942374412178228,-77.13127055456906,PE-20,13.317782160164562
2022-04-20,2022,4,2,0,1,0,CHOQUE,EN PROCESO DE INVESTIGACIÓN,ASFALTADA,CARRETERA,NACIONAL,LAMBAYEQUE,LAMBAYEQUE,MORROPE,-6.519502,-80.047729,PE-1N,820.4083771752927
2022-04-20,2022,4,2,0,1,1,ATROPELLO,IMPRUDENCIA DEL PEATÓN,ASFALTADA,CARRETERA,NACIONAL,MADRE DE DIOS,TAMBOPATA,INAMBARI,-12.885302,-70.023002,PE-30C,321.26634398732847
2022-04-20,2022,4,2,0,1,0,CHOQUE,IMPRUDENCIA DEL CONDUCTOR,ASFALTADA,CARRETERA,NACIONAL,PUNO,CHUCUITO,ZEPITA,-16.51236746735443,-69.0882216243112,PE-3S,1503.980027021348
2022-04-20,2022,4,2,0,1,2,ATROPELLO,EN PROCESO DE INVESTIGACIÓN,ASFALTADA,CARRETERA,NACIONAL,LA LIBERTAD,PACASMAYO,SAN PEDRO DE LLOC,-7.452900319944818,-79.49065446539922,PE-1N,665.1574219268617
2022-04-20,2022,4,2,0,1,0,CAÍDA DE PASAJERO,EN PROCESO DE INVESTIGACIÓN,,CARRETERA,NACIONAL,APURIMAC,ANDAHUAYLAS,ANDAHUAYLAS,-13.661499,-73.41861,PE-3S,625.6774919652919
2022-04-21,2022,4,3,0,1,1,CHOQUE,IMPRUDENCIA DEL CONDUCTOR,ASFALTADA,CARRETERA,NACIONAL,LIMA,LIMA,VILLA EL SALVADOR,-12.23387967,-76.96018262,PE-1S,21.03303926638984
2022-04-21,2022,4,3,0,1,0,CHOQUE,EN PROCESO DE INVESTIGACIÓN,ASFALTADA,CARRETERA,NACIONAL,LAMBAYEQUE,CHICLAYO,LA VICTORIA,-6.80138108906246,-79.8501031078304,PE-1N,778.2965118047773
2022-04-22,2022,4,4,0,1,0,VOLCADURA,EN PROCESO DE INVESTIGACIÓN,,CARRETERA,NACIONAL,LIMA,LIMA,EL AGUSTINO,-12.030099,-76.994874,PE-1N,4.042931581151209
2022-04-22,2022,4,4,0,1,0,CHOQUE FUGA,EN PROCESO DE INVESTIGACIÓN,ASFALTADA,CARRETERA,NACIONAL,ANCASH,SANTA,SANTA,-8.99838,-78.617956,PE-1N,442.338119374583
2022-04-22,2022,4,4,0,1,0,CHOQUE,EN PROCESO DE INVESTIGACIÓN,ASFALTADA,CARRETERA,NACIONAL,PIURA,PIURA,LA UNION,-5.37607494666028,-80.7360660846995,PE-1NK,19.892700455072085
2022-04-22,2022,4,4,0,1,1,CHOQUE,IMPRUDENCIA DEL CONDUCTOR,ASFALTADA,CARRETERA,NACIONAL,LAMBAYEQUE,LAMBAYEQUE,LAMBAYEQUE,-6.68541,-79.90401,PE-1N,795.6569225865653
2022-04-22,2022,4,4,0,1,0,CHOQUE,EN PROCESO DE INVESTIGACIÓN,,CARRETERA,NACIONAL,LIMA,LIMA,RIMAC,-12.037505,-77.013085,PE-1N,6.3301672517186125
2022-04-22,2022,4,4,0,2,1,DESPISTE,EN PROCESO DE INVESTIGACIÓN,AFIRMADO,CARRETERA,NACIONAL,CAJAMARCA,JAEN,PUCARA,-6.050729,-79.111278,PE-3N,1576.2053831320345
2022-04-22,2022,4,4,0,1,0,ATROPELLO,IMPRUDENCIA DEL CONDUCTOR,ASFALTADA,CARRETERA,NACIONAL,CUSCO,QUISPICANCHI,ANDAHUAYLILLAS,-13.659085,-71.684303,PE-3S,1010.147881429129
2022-04-22,2022,4,4,0,1,0,CHOQUE,IMPRUDENCIA DEL CONDUCTOR,ASFALTADA,CARRETERA,NACIONAL,CALLAO,CALLAO,CALLAO,-11.97825375670512,-77.1251388585664,PE-20,17.393177449209134
2022-04-22,2022,4,4,0,1,6,DESPISTE,EN PROCESO DE INVESTIGACIÓN,ASFALTADA,CARRETERA,NACIONAL,CAJAMARCA,CAJAMARCA,CAJAMARCA,-6.94076667,-78.602535,PE-3N,1324.5263138122152
2022-04-23,2022,4,5,0,1,3,DESPISTE,NEGLIGENCIA DEL CONDUCTOR,ASFALTADA,CARRETERA,NACIONAL,ICA,CHINCHA,EL CARMEN,-13.5880020850848,-76.1666014901762,PE-1SE,21.076546862903548
2022-04-23,2022,4,5,0,1,0,CHOQUE,IMPRUDENCIA DEL CONDUCTOR,AFIRMADO,CARRETERA,NACIONAL,LA LIBERTAD,SANCHEZ CARRION,HUAMACHUCO,-7.811837831275429,-77.99813368338158,PE-3N,1108.027351497722
2022-04-24,2022,4,6,0,1,2,DESPISTE,IMPRUDENCIA DEL CONDUCTOR,ASFALTADA,CARRETERA,NACIONAL,LIMA,BARRANCA,PARAMONGA,-10.4300781274231,-77.72620077863833,PE-16,29.187243801620998
2022-04-24,2022,4,6,0,1,0,ATROPELLO FUGA,EN PROCESO DE INVESTIGACIÓN,,CARRETERA,NACIONAL,LIMA,LIMA,ATE,-12.010227,-76.869461,PE-22,14.41503173169136
2022-04-24,2022,4,6,0,1,1,DESPISTE,EN PROCESO DE INVESTIGACIÓN,ASFALTADA,CARRETERA,NACIONAL,AREQUIPA,AREQUIPA,SANTA RITA DE SIGUAS,-16.399693,-72.079581,PE-1S,927.7808496761304
2022-04-24,2022,4,6,0,1,0,CHOQUE,EN PROCESO DE INVESTIGACIÓN,,CARRETERA,NACIONAL,LIMA,LIMA,COMAS,-11.9248181,-77.07283723,PE-1N,23.44837886233513
2022-04-25,2022,4,0,0,1,0,ATROPELLO,IMPRUDENCIA DEL PEATÓN,ASFALTADA,CARRETERA,NACIONAL,TUMBES,CONTRALMIRANTE VILLAR,ZORRITOS,-3.662981246515234,-80.62639891105772,PE-1N,1255.291984171056
2022-04-25,2022,4,0,0,1,0,DESPISTE,IMPRUDENCIA DEL CONDUCTOR,ASFALTADA,CARRETERA,NACIONAL,CUSCO,CALCA,SAN SALVADOR,-13.525397347780364,-71.7385437299712,PE-28B,678.3999096395619
2022-04-25,2022,4,0,0,1,0,ATROPELLO FUGA,EN PROCESO DE INVESTIGACIÓN,,CARRETERA,NACIONAL,LAMBAYEQUE,CHICLAYO,CAYALTI,-6.896417,-79.55292,PE-1NI,16.318383026569062
2022-04-25,2022,4,0,0,1,1,CHOQUE,IMPRUDENCIA DEL CONDUCTOR,ASFALTADA,CARRETERA,NACIONAL,PUNO,CARABAYA,CRUCERO,-14.3608,-70.025842,PE-34K,25.59191192652445
2022-04-26,2022,4,1,0,1,0,ATROPELLO FUGA,EN PROCESO DE INVESTIGACIÓN,,CARRETERA,NACIONAL,LIMA,LIMA,LURIGANCHO,-12.020773,-76.935817,PE-22,6.388869542709034
2022-04-26,2022,4,1,0,1,0,ATROPELLO,EN PROCESO DE INVESTIGACIÓN,ASFALTADA,CARRETERA,NACIONAL,LAMBAYEQUE,LAMBAYEQUE,ILLIMO,-6.469726,-79.855742,PE-1NJ,24.37153863745002
2022-04-26,2022,4,1,0,1,1,CHOQUE,EN PROCESO DE INVESTIGACIÓN,ASFALTADA,CARRETERA,NACIONAL,PIURA,PIURA,CATACAOS,-5.30587037026959,-80.7009737569852,PE-1NK,10.549779587841106
2022-04-27,2022,4,2,0,1,2,DESPISTE,EN PROCESO DE INVESTIGACIÓN,ASFALTADA,CARRETERA,NACIONAL,ANCASH,SIHUAS,CASHAPAMPA,-8.57898229972838,-77.6251307817713,PE-12A,79.23372620277998
2022-04-27,2022,4,2,0,1,0,VOLCADURA,NEGLIGENCIA DEL CONDUCTOR,ASFALTADA,CARRETERA,NACIONAL,APURIMAC,CHINCHEROS,CHINCHEROS,-13.515317,-73.706191,PE-3S,547.978135496213
2022-04-28,2022,4,3,0,3,1,CHOQUE,IMPRUDENCIA DEL CONDUCTOR,ASFALTADA,CARRETERA,NACIONAL,PIURA,SECHURA,SECHURA,-5.888105,-80.535133,PE-1N,914.1086992419612
2022-04-28,2022,4,3,0,2,0,CHOQUE,EN PROCESO DE INVESTIGACIÓN,ASFALTADA,CARRETERA,NACIONAL,ANCASH,HUARMEY,HUARMEY,-10.406937,-77.967914,PE-1N,245.2865272893608
2022-04-28,2022,4,3,0,1,0,ATROPELLO,IMPRUDENCIA DEL PEATÓN,ASFALTADA,CARRETERA,NACIONAL,LIMA,HUARAL,AUCALLAMA,-11.585092443615777,-77.20195230876205,PE-20C,2.0461886511081078
2022-04-29,2022,4,4,0,1,0,DESPISTE,EN PROCESO DE INVESTIGACIÓN,,CARRETERA,NACIONAL,LIMA,LIMA,EL AGUSTINO,-12.0300017597309,-76.9944029603122,PE-1N,4.003787344214005
2022-04-29,2022,4,4,0,1,0,ATROPELLO,IMPRUDENCIA DEL CONDUCTOR,ASFALTADA,CARRETERA,NACIONAL,CUSCO,QUISPICANCHI,LUCRE,-13.606023773923676,-71.7527789836053,PE-3S,999.002461253108
2022-04-29,2022,4,4,0,1,0,CHOQUE,EN PROCESO DE INVESTIGACIÓN,ASFALTADA,CARRETERA,NACIONAL,LA LIBERTAD,OTUZCO,AGALLPAMPA,-7.997595822678272,-78.43345642106226,PE-10A,105.20454147389526
2022-04-29,2022,4,4,0,1,0,ATROPELLO,EN PROCESO DE INVESTIGACIÓN,,CARRETERA,NACIONAL,LIMA,LIMA,LURIGANCHO,-11.930346,-76.691038,PE-22,36.4807503806095
2022-04-29,2022,4,4,0,1,2,CHOQUE,EN PROCESO DE INVESTIGACIÓN,ASFALTADA,CARRETERA,NACIONAL,ICA,PISCO,SAN ANDRES,-13.815436,-76.147472,PE-1S,237.97924585654192
2022-04-30,2022,4,5,0,1,0,ATROPELLO,IMPRUDENCIA DEL CONDUCTOR,ASFALTADA,CARRETERA,NACIONAL,LA LIBERTAD,CHEPEN,CHEPEN,-7.231615,-79.450002,PE-1N,704.5269037676884
2022-04-30,2022,4,5,0,1,0,DESPISTE,EN PROCESO DE INVESTIGACIÓN,ASFALTADA,CARRETERA,NACIONAL,LA LIBERTAD,CHEPEN,CHEPEN,-7.226003,-79.442813,PE-1N,705.5369560296112
2022-04-30,2022,4,5,0,1,0,ATROPELLO,EN PROCESO DE INVESTIGACIÓN,,CARRETERA,NACIONAL,LIMA,LIMA,PUNTA NEGRA,-12.36425,-76.792136,PE-1S,44.73831127648097
2022-04-30,2022,4,5,0,2,1,CHOQUE,EN PROCESO DE INVESTIGACIÓN,ASFALTADA,CARRETERA,NACIONAL,ICA,NASCA,EL INGENIO,-14.797733,-75.008648,PE-1S,435.73841020235824
2022-05-01,2022,5,6,0,1,0,DESPISTE,EN PROCESO DE INVESTIGACIÓN,ASFALTADA,CARRETERA,NACIONAL,ICA,ICA,SUBTANJALLA,-14.014031,-75.763981,PE-1S,290.4413201412872
2022-05-01,2022,5,6,0,1,0,ATROPELLO FUGA,EN PROCESO DE INVESTIGACIÓN,ASFALTADA,CARRETERA,NACIONAL,ICA,PISCO,TUPAC AMARU INCA,-13.709009,-76.152234,PE-1S,225.32696838427933
2022-05-01,2022,5,6,0,1,0,CHOQUE FUGA,EN PROCESO DE INVESTIGACIÓN,ASFALTADA,CARRETERA,NACIONAL,LAMBAYEQUE,LAMBAYEQUE,LAMBAYEQUE,-6.72289,-79.892609,PE-1N,790.9191377487879
2022-05-01,2022,5,6,0,1,0,ATROPELLO FUGA,IMPRUDENCIA DEL PEATÓN,ASFALTADA,CARRETERA,NACIONAL,LIMA,HUAURA,HUAURA,-11.0422,-77.58955,PE-1N,157.01078917138378
2022-05-01,2022,5,6,0,1,0,DESPISTE,EN PROCESO DE INVESTIGACIÓN,ASFALTADA,CARRETERA,NACIONAL,CUSCO,QUISPICANCHI,LUCRE,-13.607601,-71.729269,PE-3S,1001.7979603328334
2022-05-01,2022,5,6,0,2,0,CHOQUE,EN PROCESO DE INVESTIGACIÓN,ASFALTADA,CARRETERA,NACIONAL,ANCASH,HUARMEY,HUARMEY,-10.21200346185269,-78.04846020880257,PE-1N,273.1980155170535
2022-05-01,2022,5,6,0,1,3,DESPISTE,NEGLIGENCIA DEL CONDUCTOR,TROCHA,CARRETERA,NACIONAL,AYACUCHO,HUAMANGA,CHIARA,-13.34226175,-74.17256924,PE-3S,430.057123004237
2022-05-01,2022,5,6,0,1,0,CHOQUE,EN PROCESO DE INVESTIGACIÓN,ASFALTADA,CARRETERA,NACIONAL,CAJAMARCA,CAJAMARCA,CAJAMARCA,-7.14752309,-78.52239026,PE-3N,1285.989669371655
2022-05-01,2022,5,6,0,1,0,DESPISTE,IMPRUDENCIA DEL CONDUCTOR,ASFALTADA,CARRETERA,NACIONAL,PUNO,CHUCUITO,HUACULLANI,-16.61708505221071,-69.42479615457934,PE-36A,255.0968255909585
2022-05-01,2022,5,6,0,2,0,DESPISTE,EN PROCESO DE INVESTIGACIÓN,ASFALTADA,CARRETERA,NACIONAL,AREQUIPA,ISLAY,DEAN VALDIVIA,-17.144423,-71.829075,PE-1SD,133.2160587017256
2022-05-01,2022,5,6,0,1,0,ATROPELLO FUGA,IMPRUDENCIA DEL CONDUCTOR,ASFALTADA,CARRETERA,NACIONAL,JUNIN,HUANCAYO,VIQUES,-12.154393,-75.217452,PE-3S,134.99051480698378
2022-05-02,2022,5,0,0,1,0,ATROPELLO,EN PROCESO DE INVESTIGACIÓN,ASFALTADA,CARRETERA,NACIONAL,LIMA,CAÑETE,CHILCA,-12.478985,-76.74743,PE-1S,59.25220319152232
2022-05-02,2022,5,0,0,2,0,VOLCADURA,IMPRUDENCIA DEL CONDUCTOR,ASFALTADA,CARRETERA,NACIONAL,ICA,CHINCHA,ALTO LARAN,-13.461462,-76.136362,PE-1S,196.6727612492992
2022-05-02,2022,5,0,0,1,0,ATROPELLO,EN PROCESO DE INVESTIGACIÓN,ASFALTADA,CARRETERA,NACIONAL,ANCASH,YUNGAY,MANCOS,-9.22590221023343,-77.6851273339738,PE-3N,622.8899805189262
2022-05-02,2022,5,0,0,1,0,ATROPELLO FUGA,EN PROCESO DE INVESTIGACIÓN,ASFALTADA,CARRETERA,NACIONAL,PUNO,SAN ROMAN,SAN MIGUEL,-15.436021334732173,-70.14045229836972,PE-3S,1310.0856896846835
2022-05-02,2022,5,0,0,2,1,DESPISTE,EN PROCESO DE INVESTIGACIÓN,ASFALTADA,CARRETERA,NACIONAL,ANCASH,BOLOGNESI,CHIQUIAN,-10.1349697561606,-77.1566121102087,PE-3N,462.324101938261
2022-05-02,2022,5,0,0,1,0,CHOQUE,EN PROCESO DE INVESTIGACIÓN,ASFALTADA,CARRETERA,NACIONAL,CAJAMARCA,CAJABAMBA,CAJABAMBA,-7.61033042,-78.06769556,PE-3N,1157.4119180731327
2022-05-03,2022,5,1,0,1,1,CHOQUE,EN PROCESO DE INVESTIGACIÓN,ASFALTADA,CARRETERA,NACIONAL,LA LIBERTAD,ASCOPE,CHOCOPE,-7.791920466724055,-79.21250134887943,PE-1N,612.6058683067432
2022-05-03,2022,5,1,0,1,1,DESPISTE,EN PROCESO DE INVESTIGACIÓN,,CARRETERA,NACIONAL,JUNIN,CHANCHAMAYO,CHANCHAMAYO,-10.993944704481336,-75.31311423121596,PE-22B,115.32817465622814
2022-05-03,2022,5,1,0,1,0,CHOQUE,EN PROCESO DE INVESTIGACIÓN,,CARRETERA,NACIONAL,PUNO,EL COLLAO,ILAVE,-16.147482407028615,-69.56467858031846,PE-3S,1427.972212358634
2022-05-03,2022,5,1,0,1,0,DESPISTE,IMPRUDENCIA DEL CONDUCTOR,ASFALTADA,CARRETERA,NACIONAL,ANCASH,SANTA,CHIMBOTE,-8.832204318417629,-78.55520393642605,PE-12,20.33097365641253
2022-05-03,2022,5,1,0,1,0,CHOQUE,EN PROCESO DE INVESTIGACIÓN,ASFALTADA,CARRETERA,NACIONAL,AREQUIPA,CAYLLOMA,MAJES,-16.369883,-72.167225,PE-1S,911.3441196542382
2022-05-05,2022,5,3,0,2,1,DESPISTE,IMPRUDENCIA DEL CONDUCTOR,ASFALTADA,CARRETERA,NACIONAL,PUNO,SANDIA,CUYOCUYO,-14.43080725205699,-69.51307720131344,PE-34H,201.9977130648216
2022-05-05,2022,5,3,0,1,2,CHOQUE,EN PROCESO DE INVESTIGACIÓN,ASFALTADA,CARRETERA,NACIONAL,CAJAMARCA,CUTERVO,CUTERVO,-6.36504833,-78.79028,PE-3ND,6.065111029895441
2022-05-05,2022,5,3,0,1,0,ATROPELLO FUGA,IMPRUDENCIA DEL PEATÓN,ASFALTADA,CARRETERA,NACIONAL,CUSCO,ANTA,CACHIMAYO,-13.48311,-72.078307,PE-3S,954.517069050382
2022-05-06,2022,5,4,0,1,0,DESPISTE,IMPRUDENCIA DEL CONDUCTOR,ASFALTADA,CARRETERA,NACIONAL,PUNO,CHUCUITO,POMATA,-16.256341071570372,-69.29767010067168,PE-3S,1464.211094420414
2022-05-06,2022,5,4,0,1,0,CHOQUE,EN PROCESO DE INVESTIGACIÓN,ASFALTADA,CARRETERA,NACIONAL,ICA,PISCO,SAN CLEMENTE,-13.634972,-76.152674,PE-1S,216.552799543625
2022-05-06,2022,5,4,0,2,0,CHOQUE,EN PROCESO DE INVESTIGACIÓN,ASFALTADA,CARRETERA,NACIONAL,LAMBAYEQUE,LAMBAYEQUE,MORROPE,-6.63277,-79.953358,PE-1N,803.8673500330315
2022-05-06,2022,5,4,0,1,0,ATROPELLO FUGA,EN PROCESO DE INVESTIGACIÓN,ASFALTADA,CARRETERA,NACIONAL,ANCASH,SANTA,NUEVO CHIMBOTE,-9.11642537082716,-78.54427763687636,PE-1N,436.6343372127339
2022-05-06,2022,5,4,0,1,1,DESPISTE,EN PROCESO DE INVESTIGACIÓN,,CARRETERA,NACIONAL,MADRE DE DIOS,TAMBOPATA,TAMBOPATA,-12.6383539631703,-69.2594289613153,PE-30C,415.2455289906165
2022-05-06,2022,5,4,0,4,5,DESPISTE,EN PROCESO DE INVESTIGACIÓN,AFIRMADO,CARRETERA,NACIONAL,HUANCAVELICA,CASTROVIRREYNA,COCAS,-13.252398,-75.359586,PE-26A,111.73171488256918
2022-05-06,2022,5,4,0,1,0,ATROPELLO FUGA,EN PROCESO DE INVESTIGACIÓN,ASFALTADA,CARRETERA,NACIONAL,CUSCO,ANTA,ANCAHUASI,-13.459032,-72.294688,PE-3S,927.4036972936756
2022-05-07,2022,5,5,0,1,0,DESPISTE,IMPRUDENCIA DEL CONDUCTOR,ASFALTADA,CARRETERA,NACIONAL,LIMA,OYON,OYON,-10.687471020914945,-76.80911596481312,PE-18,126.95585013945546
2022-05-07,2022,5,5,0,1,0,DESPISTE,IMPRUDENCIA DEL CONDUCTOR,ASFALTADA,CARRETERA,NACIONAL,TUMBES,TUMBES,TUMBES,-3.5570086644170167,-80.45008590612804,PE-1N,1279.4908766793735
2022-05-07,2022,5,5,0,1,0,CAÍDA DE PASAJERO,EN PROCESO DE INVESTIGACIÓN,ASFALTADA,CARRETERA,NACIONAL,CAJAMARCA,CUTERVO,CUTERVO,-6.36501478341352,-78.790447575007,PE-3ND,6.081101743975966
2022-05-07,2022,5,5,0,1,0,ATROPELLO,EN PROCESO DE INVESTIGACIÓN,ASFALTADA,CARRETERA,NACIONAL,AREQUIPA,AREQUIPA,YURA,-16.295182,-71.629422,PE-34A,51.00025477447655
2022-05-08,2022,5,6,0,1,1,DESPISTE,EN PROCESO DE INVESTIGACIÓN,ASFALTADA,CARRETERA,NACIONAL,CAJAMARCA,HUALGAYOC,BAMBAMARCA,-6.68165931,-78.53031906,PE-3N,1388.6775220081602
2022-05-08,2022,5,6,0,1,1,DESPISTE,IMPRUDENCIA DEL CONDUCTOR,ASFALTADA,CARRETERA,NACIONAL,LA LIBERTAD,CHEPEN,CHEPEN,-7.214381,-79.429597,PE-1N,707.534729756829
2022-05-08,2022,5,6,0,1,0,CHOQUE CON OBJETO FIJO,EN PROCESO DE INVESTIGACIÓN,ASFALTADA,CARRETERA,NACIONAL,ANCASH,YUNGAY,MANCOS,-9.191041264832544,-77.71195251202728,PE-3N,628.4060765476
2022-05-08,2022,5,6,0,1,1,CHOQUE CON OBJETO FIJO,EN PROCESO DE INVESTIGACIÓN,ASFALTADA,CARRETERA,NACIONAL,ICA,PISCO,HUMAY,-13.7184738,-75.8668238,PE-28A,33.48413749775666
2022-05-08,2022,5,6,0,1,0,DESPISTE,EN PROCESO DE INVESTIGACIÓN,AFIRMADO,CARRETERA,NACIONAL,CAJAMARCA,SAN PABLO,SAN BERNARDINO,-7.21591823,-78.77398246,PE-08,100.09543725307265
2022-05-08,2022,5,6,0,1,0,ATROPELLO,IMPRUDENCIA DEL PEATÓN,ASFALTADA,CARRETERA,NACIONAL,SAN MARTIN,RIOJA,PARDO MIGUEL,-5.704024,-77.594965,PE-5N,1145.7905690165587
2022-05-09,2022,5,0,0,1,1,CHOQUE FUGA,EN PROCESO DE INVESTIGACIÓN,ASFALTADA,CARRETERA,NACIONAL,LIMA,LIMA,SAN BARTOLO,-12.386021,-76.769327,PE-1S,48.20578435171667
2022-05-09,2022,5,0,0,1,0,ATROPELLO FUGA,EN PROCESO DE INVESTIGACIÓN,ASFALTADA,CARRETERA,NACIONAL,PUNO,SAN ROMAN,SAN MIGUEL,-15.4592374,-70.1395813,PE-3S,1312.5448044690197
2022-05-09,2022,5,0,0,1,3,CHOQUE,EN PROCESO DE INVESTIGACIÓN,ASFALTADA,CARRETERA,NACIONAL,PIURA,PIURA,CATACAOS,-5.278817372096089,-80.68013765709854,PE-1NK,6.429299276279509
2022-05-09,2022,5,0,0,1,1,DESPISTE,EN PROCESO DE INVESTIGACIÓN,ASFALTADA,CARRETERA,NACIONAL,PIURA,MORROPON,CHULUCANAS,-5.121639,-80.128277,PE-1NR,44.88514024632977
2022-05-09,2022,5,0,0,1,0,CHOQUE,IMPRUDENCIA DEL CONDUCTOR,ASFALTADA,CARRETERA,NACIONAL,PIURA,SULLANA,SULLANA,-4.913453409734056,-80.6721137886538,PE-1NL,2.936734102782723
2022-05-09,2022,5,0,0,1,2,CHOQUE,IMPRUDENCIA DEL CONDUCTOR,ASFALTADA,CARRETERA,NACIONAL,TUMBES,TUMBES,CORRALES,-3.611388481298515,-80.50967921464728,PE-1N,1270.3766117074829
2022-05-09,2022,5,0,0,1,0,CHOQUE,IMPRUDENCIA DEL CONDUCTOR,ASFALTADA,CARRETERA,NACIONAL,PIURA,SULLANA,SULLANA,-4.916179203674546,-80.66409399576936,PE-1NL,3.874613240692911
2022-05-10,2022,5,1,0,7,1,CHOQUE,IMPRUDENCIA DEL CONDUCTOR,ASFALTADA,CARRETERA,NACIONAL,PUNO,HUANCANE,HUANCANE,-15.2355974,-69.8292837,PE-34H,47.625789761758334
2022-05-11,2022,5,2,0,1,2,DESPISTE,IMPRUDENCIA DEL CONDUCTOR,TROCHA,CARRETERA,NACIONAL,PUNO,SANDIA,YANAHUAYA,-14.240761690814937,-69.15695065487148,PE-34H,297.2883344974901
2022-05-11,2022,5,2,0,2,17,CHOQUE,EN PROCESO DE INVESTIGACIÓN,ASFALTADA,CARRETERA,NACIONAL,LAMBAYEQUE,LAMBAYEQUE,MORROPE,-6.455893,-80.132488,PE-1N,832.1270061643379
2022-05-12,2022,5,3,0,2,10,CHOQUE,EN PROCESO DE INVESTIGACIÓN,ASFALTADA,CARRETERA,NACIONAL,AREQUIPA,AREQUIPA,UCHUMAYO,-16.470246,-71.692165,PE-34A,14.321829486994012
2022-05-12,2022,5,3,0,1,2,DESPISTE,IMPRUDENCIA DEL CONDUCTOR,ASFALTADA,CARRETERA,NACIONAL,PUNO,PUNO,ACORA,-16.024146133773815,-69.73722878919689,PE-3S,1405.2156886462717
2022-05-12,2022,5,3,0,1,1,CHOQUE,IMPRUDENCIA DEL CONDUCTOR,ASFALTADA,CARRETERA,NACIONAL,LA LIBERTAD,VIRU,VIRU,-8.377373,-78.860858,PE-1N,526.5097487486595
2022-05-12,2022,5,3,0,1,0,ATROPELLO,IMPRUDENCIA DEL PEATÓN,ASFALTADA,CARRETERA,NACIONAL,PUNO,SAN ROMAN,CABANILLAS,-15.6469796,-70.3557862,PE-34A,270.2097701058297
2022-05-12,2022,5,3,0,1,3,DESPISTE,EN PROCESO DE INVESTIGACIÓN,,CARRETERA,NACIONAL,JUNIN,CHANCHAMAYO,CHANCHAMAYO,-10.99535598018256,-75.31456226825117,PE-22B,115.08105966877724
2022-05-13,2022,5,4,0,1,0,ATROPELLO,IMPRUDENCIA DEL CONDUCTOR,ASFALTADA,CARRETERA,NACIONAL,LA LIBERTAD,SANCHEZ CARRION,HUAMACHUCO,-7.798368,-77.979569,PE-3N,1111.876135604732
2022-05-13,2022,5,4,0,1,0,DESPISTE,IMPRUDENCIA DEL CONDUCTOR,AFIRMADO,CARRETERA,NACIONAL,ANCASH,MARISCAL LUZURIAGA,LLUMPA,-8.954780824501626,-77.36403224784864,PE-14C,114.61049046659149
2022-05-13,2022,5,4,0,3,3,DESPISTE,IMPRUDENCIA DEL CONDUCTOR,ASFALTADA,CARRETERA,NACIONAL,JUNIN,CONCEPCION,MITO,-11.9460573130092,-75.328205332467,PE-3SB,23.764073694920445
2022-05-13,2022,5,4,0,1,1,ATROPELLO,EN PROCESO DE INVESTIGACIÓN,ASFALTADA,CARRETERA,NACIONAL,AREQUIPA,AREQUIPA,LA JOYA,-16.497109,-71.835723,PE-1S,959.344073219744
2022-05-13,2022,5,4,0,2,0,CHOQUE,IMPRUDENCIA DEL CONDUCTOR,ASFALTADA,CARRETERA,NACIONAL,PUNO,EL COLLAO,SANTA ROSA,-16.90780928709047,-69.70675279593272,PE-38,208.4326854206913
2022-05-13,2022,5,4,0,1,0,CHOQUE FUGA,IMPRUDENCIA DEL CONDUCTOR,ASFALTADA,CARRETERA,NACIONAL,PUNO,SAN ROMAN,JULIACA,-15.5243284,-70.1819582,PE-34A,293.61430266953937
2022-05-14,2022,5,5,0,9,18,DESPISTE,EN PROCESO DE INVESTIGACIÓN,AFIRMADO,CARRETERA,NACIONAL,ANCASH,SIHUAS,CASHAPAMPA,-8.564146651819044,-77.63079332757098,PE-12A,86.23249683055691
2022-05-14,2022,5,5,0,1,0,ATROPELLO,IMPRUDENCIA DEL CONDUCTOR,ASFALTADA,CARRETERA,NACIONAL,PASCO,PASCO,HUAYLLAY,-10.994750396287248,-76.35567281454678,PE-20A,193.3779058269185
2022-05-15,2022,5,6,0,1,0,CHOQUE,EN PROCESO DE INVESTIGACIÓN,ASFALTADA,CARRETERA,NACIONAL,LAMBAYEQUE,LAMBAYEQUE,LAMBAYEQUE,-6.6910073,-79.9038109,PE-1N,795.0349842657477
2022-05-15,2022,5,6,0,1,1,CHOQUE FUGA,EN PROCESO DE INVESTIGACIÓN,ASFALTADA,CARRETERA,NACIONAL,HUANUCO,LEONCIO PRADO,JOSE CRESPO Y CASTILLO,-8.905989,-76.093755,PE-5N,524.8267204863439
2022-05-15,2022,5,6,0,2,0,CHOQUE,IMPRUDENCIA DEL CONDUCTOR,ASFALTADA,CARRETERA,NACIONAL,PUNO,SAN ANTONIO DE PUTINA,ANANEA,-14.662329891518588,-69.57634081744473,PE-34H,142.68981291640424
2022-05-15,2022,5,6,0,1,0,ATROPELLO FUGA,IMPRUDENCIA DEL PEATÓN,ASFALTADA,CARRETERA,NACIONAL,LIMA,HUARAL,CHANCAY,-11.57892,-77.2619,PE-1N,80.21322860545969
2022-05-16,2022,5,0,0,2,0,CHOQUE,EN PROCESO DE INVESTIGACIÓN,ASFALTADA,CARRETERA,NACIONAL,ICA,ICA,SALAS,-13.958563,-75.78566,PE-1S,283.84750397343635
2022-05-16,2022,5,0,0,1,0,CHOQUE,IMPRUDENCIA DEL CONDUCTOR,ADOQUINADO,CARRETERA,NACIONAL,PIURA,PIURA,CATACAOS,-5.295863,-80.617741,PE-1N,980.5516034661588
2022-05-16,2022,5,0,0,1,0,ATROPELLO,IMPRUDENCIA DEL PEATÓN,ASFALTADA,CARRETERA,NACIONAL,TUMBES,CONTRALMIRANTE VILLAR,ZORRITOS,-3.684780265894736,-80.68891524247249,PE-1N,1247.3575705470903
2022-05-16,2022,5,0,0,1,0,ATROPELLO,IMPRUDENCIA DEL PEATÓN,ASFALTADA,CARRETERA,NACIONAL,PIURA,SULLANA,SULLANA,-5.016998967166749,-80.70028238695588,PE-1N,1018.0682680550613
2022-05-16,2022,5,0,0,1,0,CHOQUE,EN PROCESO DE INVESTIGACIÓN,ASFALTADA,CARRETERA,NACIONAL,LAMBAYEQUE,CHICLAYO,POMALCA,-6.7522605,-79.725199,PE-06A,18.810816177262183
2022-05-17,2022,5,1,0,1,0,CHOQUE,EN PROCESO DE INVESTIGACIÓN,ASFALTADA,CARRETERA,NACIONAL,CAJAMARCA,CAJAMARCA,CAJAMARCA,-7.16561589,-78.50029531,PE-08B,0.238131530062365
2022-05-17,2022,5,1,0,1,0,ATROPELLO,EN PROCESO DE INVESTIGACIÓN,ASFALTADA,CARRETERA,NACIONAL,AREQUIPA,AREQUIPA,YURA,-16.2505026466129,-71.6779159628935,PE-34A,60.69347722772345
2022-05-18,2022,5,2,0,2,0,CHOQUE,EN PROCESO DE INVESTIGACIÓN,ASFALTADA,CARRETERA,NACIONAL,AREQUIPA,AREQUIPA,CERRO COLORADO,-16.400563605979364,-71.58423260368195,PE-34A,36.477912044725805
2022-05-19,2022,5,3,0,2,1,CHOQUE,EN PROCESO DE INVESTIGACIÓN,,CARRETERA,NACIONAL,PASCO,OXAPAMPA,VILLA RICA,-10.742715145971738,-75.28161434092334,PE-5N,38.58131971328732
2022-05-20,2022,5,4,0,1,0,CHOQUE CON OBJETO FIJO,IMPRUDENCIA DEL CONDUCTOR,ASFALTADA,CARRETERA,NACIONAL,CUSCO,QUISPICANCHI,OCONGATE,-13.633322,-71.383243,PE-30C,56.7770392067632
2022-05-20,2022,5,4,0,1,0,ATROPELLO,IMPRUDENCIA DEL CONDUCTOR,ASFALTADA,CARRETERA,NACIONAL,JUNIN,CONCEPCION,ORCOTUNA,-11.965227558079103,-75.30833759209574,PE-3SB,26.81866108734556
2022-05-21,2022,5,5,0,1,0,ATROPELLO FUGA,EN PROCESO DE INVESTIGACIÓN,ASFALTADA,CARRETERA,NACIONAL,LAMBAYEQUE,LAMBAYEQUE,JAYANCA,-6.387917,-79.819777,PE-1NJ,34.556165275749414
2022-05-21,2022,5,5,0,1,0,CHOQUE,EN PROCESO DE INVESTIGACIÓN,ASFALTADA,CARRETERA,NACIONAL,PIURA,PIURA,CASTILLA,-5.1506,-80.47459,PE-1NJ,249.5620050226572
2022-05-21,2022,5,5,0,1,0,ATROPELLO,IMPRUDENCIA DEL PEATÓN,ASFALTADA,CARRETERA,NACIONAL,PUNO,CHUCUITO,JULI,-16.218310263745206,-69.49077599235127,PE-3S,1439.5869144717608
2022-05-22,2022,5,6,0,1,0,CHOQUE,IMPRUDENCIA DEL CONDUCTOR,ASFALTADA,CARRETERA,NACIONAL,PIURA,SULLANA,LANCONES,-4.562178544039255,-80.48681071173851,PE-1NN,49.1569772362507
2022-05-22,2022,5,6,0,1,0,VOLCADURA,EN PROCESO DE INVESTIGACIÓN,,CARRETERA,NACIONAL,APURIMAC,GRAU,CHUQUIBAMBILLA,-14.10356582408187,-72.7059108655267,PE-3SF,101.9388144985884
2022-05-22,2022,5,6,0,1,0,ATROPELLO,EN PROCESO DE INVESTIGACIÓN,ASFALTADA,CARRETERA,NACIONAL,ICA,ICA,ICA,-14.070721665571629,-75.73888862919776,PE-1S,297.31454468165623
2022-05-22,2022,5,6,0,1,0,CHOQUE,IMPRUDENCIA DEL CONDUCTOR,ASFALTADA,CARRETERA,NACIONAL,JUNIN,TARMA,PALCA,-11.27715335576957,-75.56268806467526,PE-22B,62.40660454771628
2022-05-23,2022,5,0,0,2,4,DESPISTE,IMPRUDENCIA DEL CONDUCTOR,ASFALTADA,CARRETERA,NACIONAL,PUNO,CHUCUITO,POMATA,-16.357683,-69.234044,PE-3S,1477.7371933292686
2022-05-23,2022,5,0,0,1,0,CHOQUE,IMPRUDENCIA DEL CONDUCTOR,ASFALTADA,CARRETERA,NACIONAL,LA LIBERTAD,PACASMAYO,GUADALUPE,-7.310261,-79.480748,PE-1N,692.1659657438844
2022-05-23,2022,5,0,0,1,1,CHOQUE,IMPRUDENCIA DEL CONDUCTOR,ASFALTADA,CARRETERA,NACIONAL,HUANUCO,AMBO,AMBO,-10.090184,-76.217113,PE-3N,214.147272446994
2022-05-24,2022,5,1,0,1,0,ATROPELLO FUGA,EN PROCESO DE INVESTIGACIÓN,ASFALTADA,CARRETERA,NACIONAL,PIURA,PIURA,CURA MORI,-5.389647,-80.614189,PE-1N,970.1264305298037
2022-05-24,2022,5,1,0,1,0,ATROPELLO FUGA,IMPRUDENCIA DEL CONDUCTOR,ASFALTADA,CARRETERA,NACIONAL,PUNO,MOHO,MOHO,-15.296643,-69.6199068,PE-34I,29.802994053134917
2022-05-25,2022,5,2,0,1,0,ATROPELLO FUGA,EN PROCESO DE INVESTIGACIÓN,ASFALTADA,CARRETERA,NACIONAL,LIMA,HUARAL,AUCALLAMA,-11.61153,-77.23506,PE-1N,75.40421327646449
2022-05-25,2022,5,2,0,1,3,DESPISTE,NEGLIGENCIA DEL CONDUCTOR,ASFALTADA,CARRETERA,NACIONAL,TACNA,TARATA,ESTIQUE-PAMPA,-17.5277109,-70.0362652,PE-38,78.13965153230463
2022-05-25,2022,5,2,0,1,0,DESPISTE,IMPRUDENCIA DEL CONDUCTOR,ASFALTADA,CARRETERA,NACIONAL,ICA,PISCO,SAN CLEMENTE,-13.682240055849617,-76.10700038200025,PE-28A,5.815263654644443
2022-05-26,2022,5,3,0,1,0,CHOQUE,IMPRUDENCIA DEL CONDUCTOR,ASFALTADA,CARRETERA,NACIONAL,PIURA,SULLANA,MARCAVELICA,-4.857721850190255,-80.73245275661782,PE-1N,1037.5994824776117
2022-05-26,2022,5,3,0,1,0,ATROPELLO,EN PROCESO DE INVESTIGACIÓN,ASFALTADA,CARRETERA,NACIONAL,AREQUIPA,AREQUIPA,CERRO COLORADO,-16.405982,-71.591284,PE-34A,35.19218658358149
2022-05-27,2022,5,4,0,1,0,ATROPELLO FUGA,EN PROCESO DE INVESTIGACIÓN,ASFALTADA,CARRETERA,NACIONAL,LIMA,HUARAL,AUCALLAMA,-11.61655,-77.22741,PE-1NA,22.34251161771176
2022-05-27,2022,5,4,0,1,0,DESPISTE,IMPRUDENCIA DEL CONDUCTOR,ASFALTADA,CARRETERA,NACIONAL,PUNO,MELGAR,AYAVIRI,-14.8408481,-70.6528306,PE-3S,1214.6742886602894
2022-05-28,2022,5,5,0,1,0,CHOQUE FUGA,EN PROCESO DE INVESTIGACIÓN,ASFALTADA,CARRETERA,NACIONAL,ANCASH,SANTA,NUEVO CHIMBOTE,-9.132806,-78.526513,PE-1N,433.98801859908815
2022-05-28,2022,5,5,0,1,0,DESPISTE,IMPRUDENCIA DEL CONDUCTOR,ASFALTADA,CARRETERA,NACIONAL,PUNO,CHUCUITO,JULI,-16.1970959,-69.5231013,PE-3S,1435.2223531863665
2022-05-28,2022,5,5,0,1,0,DESPISTE,EN PROCESO DE INVESTIGACIÓN,,CARRETERA,NACIONAL,JUNIN,CHANCHAMAYO,CHANCHAMAYO,-10.999357042791,-75.3138467117064,PE-22B,114.6130211672308
2022-05-28,2022,5,5,0,1,0,CHOQUE,EN PROCESO DE INVESTIGACIÓN,ASFALTADA,CARRETERA,NACIONAL,ICA,ICA,PUEBLO NUEVO,-14.127625,-75.716393,PE-1S,304.95014293477453
2022-05-29,2022,5,6,0,1,1,CHOQUE,NEGLIGENCIA DEL CONDUCTOR,ASFALTADA,CARRETERA,NACIONAL,ICA,CHINCHA,CHINCHA ALTA,-13.43475527999848,-76.13456720527745,PE-1S,193.7147826604356
2022-05-29,2022,5,6,0,1,0,ATROPELLO FUGA,EN PROCESO DE INVESTIGACIÓN,,CARRETERA,NACIONAL,JUNIN,SATIPO,MAZAMARI,-11.316353514052738,-74.54050887410403,PE-5S,127.97718449189628
2022-05-29,2022,5,6,0,1,0,CHOQUE CON OBJETO FIJO,NEGLIGENCIA DEL CONDUCTOR,ASFALTADA,CARRETERA,NACIONAL,CUSCO,CUSCO,CUSCO,-13.517767,-71.995508,PE-3S,967.0607936178094
2022-05-29,2022,5,6,0,1,0,CHOQUE,EN PROCESO DE INVESTIGACIÓN,ASFALTADA,CARRETERA,NACIONAL,LAMBAYEQUE,LAMBAYEQUE,MOTUPE,-6.039101,-79.676422,PE-1NJ,80.44168092253531
2022-05-29,2022,5,6,0,2,0,CHOQUE,IMPRUDENCIA DEL CONDUCTOR,ASFALTADA,CARRETERA,NACIONAL,LA LIBERTAD,PACASMAYO,GUADALUPE,-7.319234,-79.480246,PE-1N,691.164607205917
2022-05-29,2022,5,6,0,1,0,ATROPELLO,IMPRUDENCIA DEL PEATÓN,ASFALTADA,CARRETERA,NACIONAL,LA LIBERTAD,TRUJILLO,HUANCHACO,-8.016863,-79.073086,PE-1N,582.1925380675577
2022-05-30,2022,5,0,0,1,0,ATROPELLO,IMPRUDENCIA DEL CONDUCTOR,ASFALTADA,CARRETERA,NACIONAL,CALLAO,CALLAO,CALLAO,-11.996399401372072,-77.12622202581116,PE-20,19.401858597514945
2022-05-30,2022,5,0,0,1,0,CHOQUE,IMPRUDENCIA DEL CONDUCTOR,ASFALTADA,CARRETERA,NACIONAL,LA LIBERTAD,TRUJILLO,LAREDO,-8.100600137744339,-78.94272472159018,PE-10A,10.553537015166272
2022-06-01,2022,6,2,0,1,0,ATROPELLO,IMPRUDENCIA DEL PEATÓN,ASFALTADA,CARRETERA,NACIONAL,LIMA,HUARAL,AUCALLAMA,-11.594394857044657,-77.20144803209064,PE-20C,1.0075039827469443
2022-06-02,2022,6,3,0,1,0,DESPISTE,EN PROCESO DE INVESTIGACIÓN,ASFALTADA,CARRETERA,NACIONAL,ICA,PISCO,PARACAS,-13.897395,-76.080437,PE-1S,250.50846691850623
2022-06-03,2022,6,4,0,1,0,ATROPELLO,IMPRUDENCIA DEL CONDUCTOR,ASFALTADA,CARRETERA,NACIONAL,PUNO,LAMPA,PUCARA,-14.9737186,-70.4617742,PE-3S,1241.222542766027
2022-06-03,2022,6,4,0,1,0,DESPISTE,INFRAESTRUCTURA Y ENTORNO VIAL,TROCHA,CARRETERA,NACIONAL,PUNO,AZANGARO,SAN ANTON,-14.577643229825163,-70.29668030476903,PE-34B,104.43474458792438
2022-06-04,2022,6,5,0,2,1,DESPISTE,INFRAESTRUCTURA Y ENTORNO VIAL,ASFALTADA,CARRETERA,NACIONAL,PUNO,LAMPA,CALAPUJA,-15.294135,-70.223175,PE-34B,1.8226591727549823
2022-06-04,2022,6,5,0,1,0,DESPISTE,IMPRUDENCIA DEL CONDUCTOR,ASFALTADA,CARRETERA,NACIONAL,AYACUCHO,HUAMANGA,JESUS NAZARENO,-13.13727664,-74.21051279,PE-3S,381.1336394218631
2022-06-04,2022,6,5,0,1,0,CHOQUE,IMPRUDENCIA DEL CONDUCTOR,ASFALTADA,CARRETERA,NACIONAL,PUNO,CHUCUITO,ZEPITA,-16.488321601736654,-69.11035532776755,PE-3S,1500.297958656929
2022-06-04,2022,6,5,0,1,1,CHOQUE,IMPRUDENCIA DEL CONDUCTOR,ASFALTADA,CARRETERA,NACIONAL,TACNA,TACNA,SAMA,-18.16691804414193,-70.6537413023782,PE-1SD,341.03266433941286
2022-06-05,2022,6,6,0,2,0,DESPISTE,EN PROCESO DE INVESTIGACIÓN,ASFALTADA,CARRETERA,NACIONAL,LAMBAYEQUE,LAMBAYEQUE,LAMBAYEQUE,-6.684792,-79.904011,PE-1N,795.7254139757987
2022-06-05,2022,6,6,0,1,0,ATROPELLO FUGA,IMPRUDENCIA DEL PEATÓN,ASFALTADA,CARRETERA,NACIONAL,ANCASH,HUARAZ,TARICA,-9.413827339375976,-77.56467275113332,PE-3N,594.5650930807188
2022-06-05,2022,6,6,0,1,1,CHOQUE,IMPRUDENCIA DEL CONDUCTOR,ASFALTADA,CARRETERA,NACIONAL,HUANUCO,HUANUCO,CHINCHAO,-9.496673,-75.95111,PE-18A,97.02744620888396
2022-06-05,2022,6,6,0,1,3,CHOQUE,EN PROCESO DE INVESTIGACIÓN,ASFALTADA,CARRETERA,NACIONAL,LAMBAYEQUE,CHICLAYO,PICSI,-6.750403843919744,-79.72370134756918,PE-06A,19.08153975167034
2022-06-05,2022,6,6,0,1,0,DESPISTE,IMPRUDENCIA DEL CONDUCTOR,ASFALTADA,CARRETERA,NACIONAL,PUNO,PUNO,PICHACANI,-16.187036391641616,-70.09894608608309,PE-36B,112.90710649820612
2022-06-05,2022,6,6,0,1,0,CHOQUE,IMPRUDENCIA DEL CONDUCTOR,ASFALTADA,CARRETERA,NACIONAL,PUNO,EL COLLAO,ILAVE,-16.07493851132279,-69.6652400814053,PE-3S,1414.2623987971506
2022-06-06,2022,6,0,0,2,1,CHOQUE,IMPRUDENCIA DEL CONDUCTOR,ASFALTADA,CARRETERA,NACIONAL,PIURA,PIURA,VEINTISEIS DE OCTUBRE,-5.126459,-80.700992,PE-1N,1005.3930942747407
2022-06-06,2022,6,0,0,1,1,CHOQUE,IMPRUDENCIA DEL CONDUCTOR,ASFALTADA,CARRETERA,NACIONAL,TUMBES,CONTRALMIRANTE VILLAR,CANOAS DE PUNTA SAL,-4.1007025618874655,-81.02849897588948,PE-1N,1178.374537252759
2022-06-06,2022,6,0,0,2,0,VOLCADURA,EN PROCESO DE INVESTIGACIÓN,,CARRETERA,NACIONAL,APURIMAC,GRAU,MICAELA BASTIDAS,-14.082098401459197,-72.61768348431015,PE-3SF,122.40263535299462
2022-06-07,2022,6,1,0,1,0,ATROPELLO FUGA,EN PROCESO DE INVESTIGACIÓN,ASFALTADA,CARRETERA,NACIONAL,JUNIN,YAULI,LA OROYA,-11.58366,-75.95685,PE-22,165.81468465260258
2022-06-07,2022,6,1,0,1,1,CHOQUE CON OBJETO FIJO,EN PROCESO DE INVESTIGACIÓN,ASFALTADA,CARRETERA,NACIONAL,AREQUIPA,AREQUIPA,SACHACA,-16.408497,-71.559893,PE-34C,2.7768212758121087
2022-06-07,2022,6,1,0,3,1,CHOQUE,EN PROCESO DE INVESTIGACIÓN,ASFALTADA,CARRETERA,NACIONAL,ANCASH,CASMA,CASMA,-9.730268,-78.263684,PE-1N,341.283609278872
2022-06-07,2022,6,1,0,1,0,CHOQUE,IMPRUDENCIA DEL CONDUCTOR,ASFALTADA,CARRETERA,NACIONAL,CUSCO,QUISPICANCHI,CAMANTI,-13.2391075,-70.7698199155,PE-30C,187.72031125108117
2022-06-07,2022,6,1,0,1,0,ATROPELLO,IMPRUDENCIA DEL PEATÓN,ASFALTADA,CARRETERA,NACIONAL,CALLAO,CALLAO,CALLAO,-12.031659682711798,-77.12741864082965,PE-20,11.879441516999698
2022-06-07,2022,6,1,0,1,0,CHOQUE,IMPRUDENCIA DEL CONDUCTOR,ASFALTADA,CARRETERA,NACIONAL,PUNO,PUNO,PUNO,-15.781644544278436,-70.03232718002589,PE-3S,1353.7858513126214
2022-06-08,2022,6,2,0,1,0,DESPISTE,EN PROCESO DE INVESTIGACIÓN,ASFALTADA,CARRETERA,NACIONAL,LA LIBERTAD,ASCOPE,RAZURI,-7.574973071313438,-79.3699211119346,PE-1N,644.7494114884603
2022-06-08,2022,6,2,0,1,0,ATROPELLO,IMPRUDENCIA DEL PEATÓN,ASFALTADA,CARRETERA,NACIONAL,LIMA,HUARAL,HUARAL,-11.503774232574075,-77.22944492817412,PE-1NB,7.338537694170663
2022-06-08,2022,6,2,0,1,0,ATROPELLO FUGA,IMPRUDENCIA DEL PEATÓN,ASFALTADA,CARRETERA,NACIONAL,CUSCO,ESPINAR,ESPINAR,-14.772371,-71.390948,PE-34F,0.1499787462805335
2022-06-09,2022,6,3,0,1,1,DESPISTE,IMPRUDENCIA DEL CONDUCTOR,ASFALTADA,CARRETERA,NACIONAL,CUSCO,CALCA,SAN SALVADOR,-13.5019426,-71.771753315,PE-28B,673.6288005054148
2022-06-09,2022,6,3,0,1,0,ATROPELLO,IMPRUDENCIA DEL PEATÓN,ASFALTADA,CARRETERA,NACIONAL,LA LIBERTAD,VIRU,VIRU,-8.382137,-78.856709,PE-1N,525.8107377515449
2022-06-10,2022,6,4,0,1,0,CHOQUE,IMPRUDENCIA DEL CONDUCTOR,ASFALTADA,CARRETERA,NACIONAL,LA LIBERTAD,CHEPEN,PACANGA,-7.183863,-79.43292,PE-1N,711.0900444122398
2022-06-10,2022,6,4,0,1,0,DESPISTE,EN PROCESO DE INVESTIGACIÓN,ASFALTADA,CARRETERA,NACIONAL,HUANCAVELICA,HUAYTARA,HUAYTARA,-13.562104,-75.242429,PE-28A,140.1494049688537
2022-06-10,2022,6,4,0,1,0,CHOQUE,IMPRUDENCIA DEL CONDUCTOR,ASFALTADA,CARRETERA,NACIONAL,PIURA,SULLANA,SULLANA,-4.913425684076633,-80.6722321698199,PE-1NL,2.923494750186239
2022-06-11,2022,6,5,0,1,0,DESPISTE,IMPRUDENCIA DEL CONDUCTOR,ASFALTADA,CARRETERA,NACIONAL,CUSCO,ANTA,CHINCHAYPUJIO,-13.6897472,-72.3214502,PE-3SF,365.7996788023866
2022-06-11,2022,6,5,0,1,3,DESPISTE,INFRAESTRUCTURA Y ENTORNO VIAL,ASFALTADA,CARRETERA,NACIONAL,PUNO,CARABAYA,OLLACHEA,-13.7297195,-70.4624681,PE-34B,244.0695520114104
2022-06-11,2022,6,5,0,1,0,CHOQUE,IMPRUDENCIA DEL CONDUCTOR,ASFALTADA,CARRETERA,NACIONAL,PASCO,PASCO,TINYAHUARCO,-10.76784963356476,-76.25232065922202,PE-3N,111.6395661717722
2022-06-11,2022,6,5,0,1,0,ATROPELLO,EN PROCESO DE INVESTIGACIÓN,,CARRETERA,NACIONAL,PUNO,EL COLLAO,ILAVE,-16.098931,-69.637053,PE-38A,81.4116333501051
2022-06-11,2022,6,5,0,1,0,ATROPELLO,IMPRUDENCIA DEL PEATÓN,ASFALTADA,CARRETERA,NACIONAL,ICA,CHINCHA,GROCIO PRADO,-13.357459443530985,-76.21887442619116,PE-1S,178.97726487439837
2022-06-11,2022,6,5,0,2,21,DESPISTE,EN PROCESO DE INVESTIGACIÓN,CONCRETO,CARRETERA,NACIONAL,ANCASH,BOLOGNESI,CAJACAY,-10.155781401635291,-77.35437200219378,PE-16,103.58859259115016
2022-06-12,2022,6,6,0,3,9,CHOQUE,EN PROCESO DE INVESTIGACIÓN,ASFALTADA,CARRETERA,NACIONAL,AREQUIPA,CAYLLOMA,SAN ANTONIO DE CHUCA,-15.9879738,-71.2530199,PE-34A,137.3255258271106
2022-06-13,2022,6,0,0,1,0,CHOQUE,EN PROCESO DE INVESTIGACIÓN,ASFALTADA,CARRETERA,NACIONAL,LAMBAYEQUE,LAMBAYEQUE,MORROPE,-6.5546024,-80.0044064,PE-1N,814.2206713441001
2022-06-13,2022,6,0,0,1,0,ATROPELLO FUGA,IMPRUDENCIA DEL CONDUCTOR,ASFALTADA,CARRETERA,NACIONAL,PIURA,PIURA,VEINTISEIS DE OCTUBRE,-5.154443,-80.694879,PE-1N,1002.2196307112514
2022-06-13,2022,6,0,0,1,0,DESPISTE,IMPRUDENCIA DEL CONDUCTOR,ASFALTADA,CARRETERA,NACIONAL,CUSCO,URUBAMBA,MARAS,-13.2808894,-72.2044021,PE-28B,610.854443357281
2022-06-14,2022,6,1,0,1,0,CHOQUE,EN PROCESO DE INVESTIGACIÓN,,CARRETERA,NACIONAL,PIURA,MORROPON,CHULUCANAS,-5.115703,-80.172681,PE-1NS,6.4829203659298615
2022-06-14,2022,6,1,0,2,1,CHOQUE FUGA,IMPRUDENCIA DEL CONDUCTOR,ASFALTADA,CARRETERA,NACIONAL,MADRE DE DIOS,TAMBOPATA,LAS PIEDRAS,-12.462089,-69.139226,PE-30C,445.3113376313267
2022-06-15,2022,6,2,0,3,2,CHOQUE,IMPRUDENCIA DEL CONDUCTOR,ASFALTADA,CARRETERA,NACIONAL,HUANUCO,AMBO,SAN RAFAEL,-10.348741,-76.181179,PE-3N,179.41327683411637
2022-06-15,2022,6,2,0,1,0,ATROPELLO,IMPRUDENCIA DEL PEATÓN,ASFALTADA,CARRETERA,NACIONAL,LIMA,HUARAL,CHANCAY,-11.458679036780996,-77.31875178714486,PE-1N,95.44014646863316
2022-06-15,2022,6,2,0,1,4,CHOQUE,EN PROCESO DE INVESTIGACIÓN,ASFALTADA,CARRETERA,NACIONAL,PIURA,SECHURA,SECHURA,-5.78526,-80.544164,PE-1N,925.5429615707952
2022-06-16,2022,6,3,0,1,0,CAÍDA DE PASAJERO,EN PROCESO DE INVESTIGACIÓN,,CARRETERA,NACIONAL,JUNIN,SATIPO,PANGOA,-11.42430245600796,-74.49028730392457,PE-28C,252.7827110697086
2022-06-16,2022,6,3,0,1,0,ATROPELLO,IMPRUDENCIA DEL PEATÓN,ASFALTADA,CARRETERA,NACIONAL,PUNO,EL COLLAO,ILAVE,-16.09321098083501,-69.62685221545878,PE-3S,1418.769373638324
2022-06-17,2022,6,4,0,1,0,ATROPELLO FUGA,EN PROCESO DE INVESTIGACIÓN,ASFALTADA,CARRETERA,NACIONAL,AREQUIPA,AREQUIPA,UCHUMAYO,-16.4076046,-71.6069105,PE-34A,33.4996393910866
2022-06-17,2022,6,4,0,1,0,ATROPELLO,IMPRUDENCIA DEL CONDUCTOR,TROCHA,CARRETERA,NACIONAL,JUNIN,JUNIN,JUNIN,-11.15606437107398,-75.98931021088528,PE-3N,53.5171534178934
2022-06-17,2022,6,4,0,1,0,CHOQUE,IMPRUDENCIA DEL CONDUCTOR,ASFALTADA,CARRETERA,NACIONAL,TACNA,TACNA,CIUDAD NUEVA,-17.85870663852436,-70.23456561578813,PE-38,20.159603407362475
2022-06-18,2022,6,5,0,2,0,CHOQUE,EN PROCESO DE INVESTIGACIÓN,,CARRETERA,NACIONAL,JUNIN,CHANCHAMAYO,PERENE,-10.8924752450509,-74.9201045999835,PE-5S,52.6564585607119
2022-06-18,2022,6,5,0,1,1,CHOQUE,EN PROCESO DE INVESTIGACIÓN,ASFALTADA,CARRETERA,NACIONAL,LIMA,LIMA,ANCON,-11.783713693158605,-77.15584501205656,PE-1N,43.26892483761953
2022-06-18,2022,6,5,0,2,0,CHOQUE,EN PROCESO DE INVESTIGACIÓN,ASFALTADA,CARRETERA,NACIONAL,ANCASH,CASMA,CASMA,-9.537932192874925,-78.27469914507645,PE-1N,364.4318172384317
2022-06-18,2022,6,5,0,1,0,ATROPELLO,IMPRUDENCIA DEL PEATÓN,ASFALTADA,CARRETERA,NACIONAL,PUNO,EL COLLAO,ILAVE,-16.2790519,-69.685407,PE-38A,59.935377368000765
2022-06-18,2022,6,5,0,1,0,ATROPELLO FUGA,EN PROCESO DE INVESTIGACIÓN,CONCRETO,CARRETERA,NACIONAL,JUNIN,JAUJA,PARCO,-11.8000124,-75.543203,PE-3S,67.36200873578301
2022-06-18,2022,6,5,0,1,0,DESPISTE,IMPRUDENCIA DEL CONDUCTOR,ASFALTADA,CARRETERA,NACIONAL,CUSCO,ANTA,CHINCHAYPUJIO,-13.6905237,-72.3205757,PE-3SF,365.6984950313848
2022-06-18,2022,6,5,0,1,0,CHOQUE,EN PROCESO DE INVESTIGACIÓN,ASFALTADA,CARRETERA,NACIONAL,LAMBAYEQUE,CHICLAYO,LAGUNAS,-6.99424,-79.6189,PE-1N,740.9041114105459
2022-06-19,2022,6,6,0,1,0,CHOQUE FUGA,EN PROCESO DE INVESTIGACIÓN,AFIRMADO,CARRETERA,NACIONAL,PIURA,TALARA,PARIÑAS,-4.58834299940658,-81.18214129984908,PE-1N,1099.6237740413155
2022-06-19,2022,6,6,0,1,0,ATROPELLO FUGA,EN PROCESO DE INVESTIGACIÓN,ASFALTADA,CARRETERA,NACIONAL,LIMA,LIMA,LURIGANCHO,-12.021297496382838,-76.92534142797355,PE-22,7.537168695936968
2022-06-19,2022,6,6,0,1,0,CHOQUE,EN PROCESO DE INVESTIGACIÓN,ASFALTADA,CARRETERA,NACIONAL,LA LIBERTAD,VIRU,CHAO,-8.500596,-78.69027,PE-1N,502.3318828786036
2022-06-19,2022,6,6,0,1,0,DESPISTE,IMPRUDENCIA DEL CONDUCTOR,TROCHA,CARRETERA,NACIONAL,HUANUCO,PACHITEA,PANAO,-9.904127,-76.005707,PE-18B,38.92872886890363
2022-06-19,2022,6,6,0,1,1,CHOQUE,IMPRUDENCIA DEL CONDUCTOR,ASFALTADA,CARRETERA,NACIONAL,SAN MARTIN,RIOJA,ELIAS SOPLIN VARGAS,-5.999937,-77.264614,PE-5N,1093.1359272065922
2022-06-19,2022,6,6,0,2,2,DESPISTE,EN PROCESO DE INVESTIGACIÓN,ASFALTADA,CARRETERA,NACIONAL,LIMA,CAJATAMBO,CAJATAMBO,-10.464184170789936,-77.07241705154529,PE-16A,124.5051256693395
2022-06-19,2022,6,6,0,1,0,CHOQUE,IMPRUDENCIA DEL CONDUCTOR,ASFALTADA,CARRETERA,NACIONAL,CUSCO,LA CONVENCION,ECHARATE,-12.649021047920526,-73.0487232648291,PE-28B,334.002029260661
2022-06-19,2022,6,6,0,1,0,CHOQUE,IMPRUDENCIA DEL CONDUCTOR,ASFALTADA,CARRETERA,NACIONAL,LA LIBERTAD,PACASMAYO,GUADALUPE,-7.250215,-79.479839,PE-1N,700.3946793502295
2022-06-19,2022,6,6,0,1,1,ATROPELLO,IMPRUDENCIA DEL PEATÓN,ASFALTADA,CARRETERA,NACIONAL,SAN MARTIN,RIOJA,NUEVA CAJAMARCA,-5.869872,-77.343031,PE-5N,1110.304311767656
2022-06-19,2022,6,6,0,1,0,ATROPELLO FUGA,EN PROCESO DE INVESTIGACIÓN,ASFALTADA,CARRETERA,NACIONAL,LIMA,LIMA,PUENTE PIEDRA,-11.848859643195157,-77.09430987844938,PE-1N,33.29966451107727
2022-06-20,2022,6,0,0,1,0,ATROPELLO FUGA,EN PROCESO DE INVESTIGACIÓN,,CARRETERA,NACIONAL,MADRE DE DIOS,TAMBOPATA,INAMBARI,-12.884931,-70.024299,PE-30C,321.1193629797263
2022-06-20,2022,6,0,0,1,6,DESPISTE,IMPRUDENCIA DEL CONDUCTOR,TROCHA,CARRETERA,NACIONAL,PIURA,HUANCABAMBA,HUARMACA,-5.787842,-79.445615,PE-3N,1637.6306135690586
2022-06-21,2022,6,1,0,1,0,ATROPELLO FUGA,EN PROCESO DE INVESTIGACIÓN,ASFALTADA,CARRETERA,NACIONAL,LIMA,LIMA,SAN JUAN DE MIRAFLORES,-12.14478,-76.98172,PE-1S,10.049384768466268
2022-06-21,2022,6,1,0,1,0,DESPISTE,IMPRUDENCIA DEL CONDUCTOR,ASFALTADA,CARRETERA,NACIONAL,PIURA,MORROPON,CHALACO,-5.021568,-79.734421,PE-1NR,139.53176390305006
2022-06-21,2022,6,1,0,1,0,VOLCADURA,EN PROCESO DE INVESTIGACIÓN,CONCRETO,CARRETERA,NACIONAL,CAJAMARCA,CONTUMAZA,CHILETE,-7.226389,-78.838611,PE-1NF,149.12347749667242
2022-06-21,2022,6,1,0,1,0,ATROPELLO,EN PROCESO DE INVESTIGACIÓN,ASFALTADA,CARRETERA,NACIONAL,ICA,PISCO,TUPAC AMARU INCA,-13.711096,-76.152763,PE-1S,225.56475449449923
2022-06-22,2022,6,2,0,1,0,VOLCADURA,IMPRUDENCIA DEL CONDUCTOR,ASFALTADA,CARRETERA,NACIONAL,JUNIN,CHANCHAMAYO,SAN RAMON,-11.165122927351826,-75.42829321203547,PE-22B,87.00305363764869
2022-06-23,2022,6,3,0,1,1,DESPISTE,EN PROCESO DE INVESTIGACIÓN,AFIRMADO,CARRETERA,NACIONAL,PIURA,PIURA,CURA MORI,-5.39432110512937,-80.6138139425431,PE-1N,969.608367387184
2022-06-23,2022,6,3,0,1,0,CHOQUE,EN PROCESO DE INVESTIGACIÓN,ASFALTADA,CARRETERA,NACIONAL,PIURA,PIURA,PIURA,-5.208412,-80.649925,PE-1N,992.6214731083684
2022-06-24,2022,6,4,0,1,0,ATROPELLO FUGA,EN PROCESO DE INVESTIGACIÓN,ASFALTADA,CARRETERA,NACIONAL,ICA,ICA,SALAS,-13.971264,-75.77885,PE-1S,285.4347030558339
2022-06-24,2022,6,4,0,1,0,DESPISTE,EN PROCESO DE INVESTIGACIÓN,ASFALTADA,CARRETERA,NACIONAL,LAMBAYEQUE,LAMBAYEQUE,MOTUPE,-6.24051,-79.71961,PE-1NJ,54.944688359188106
2022-06-24,2022,6,4,0,2,0,ATROPELLO,EN PROCESO DE INVESTIGACIÓN,ASFALTADA,CARRETERA,NACIONAL,ANCASH,CASMA,CASMA,-9.47635125904905,-78.30329085854329,PE-1N,374.99475499995873
2022-06-25,2022,6,5,0,1,0,DESPISTE,IMPRUDENCIA DEL CONDUCTOR,ASFALTADA,CARRETERA,NACIONAL,JUNIN,YAULI,LA OROYA,-11.737881,-75.743432,PE-3S,37.334725387018885
2022-06-25,2022,6,5,0,2,32,DESPISTE,NEGLIGENCIA DEL CONDUCTOR,AFIRMADO,CARRETERA,NACIONAL,ANCASH,MARISCAL LUZURIAGA,PISCOBAMBA,-8.865947605991478,-77.35329340112088,PE-14C,121.69174381536864
2022-06-25,2022,6,5,0,1,0,CHOQUE,IMPRUDENCIA DEL CONDUCTOR,ASFALTADA,CARRETERA,NACIONAL,LA LIBERTAD,PACASMAYO,SAN PEDRO DE LLOC,-7.460453,-79.451174,PE-1N,660.7279161077084
2022-06-25,2022,6,5,0,1,0,CHOQUE,IMPRUDENCIA DEL CONDUCTOR,ASFALTADA,CARRETERA,NACIONAL,CAJAMARCA,CAJAMARCA,CAJAMARCA,-6.98808840400377,-78.57384583881584,PE-3N,1313.9287893833916
2022-06-25,2022,6,5,0,1,0,DESPISTE,EN PROCESO DE INVESTIGACIÓN,ASFALTADA,CARRETERA,NACIONAL,CAJAMARCA,CELENDIN,CELENDIN,-6.88766667,-78.11678167,PE-08B,111.99657867415196
2022-06-25,2022,6,5,0,1,0,CHOQUE,IMPRUDENCIA DEL CONDUCTOR,ASFALTADA,CARRETERA,NACIONAL,TACNA,TACNA,SAMA,-17.838756623536323,-70.52637650366653,PE-1S,1254.0714117639538
2022-06-25,2022,6,5,0,1,0,ATROPELLO FUGA,EN PROCESO DE INVESTIGACIÓN,ASFALTADA,CARRETERA,NACIONAL,ICA,PISCO,INDEPENDENCIA,-13.683217,-76.064119,PE-28A,10.531908893140008
2022-06-25,2022,6,5,0,1,0,CHOQUE,IMPRUDENCIA DEL CONDUCTOR,ASFALTADA,CARRETERA,NACIONAL,UCAYALI,CORONEL PORTILLO,CALLERIA,-8.40348,-74.625249,PE-18C,74.75088269831842
2022-06-26,2022,6,6,0,1,0,DESPISTE,IMPRUDENCIA DEL CONDUCTOR,ASFALTADA,CARRETERA,NACIONAL,CUSCO,CANCHIS,MARANGANI,-14.395139,-71.134351,PE-3S,1132.1455099288323
2022-06-26,2022,6,6,0,1,0,ATROPELLO,EN PROCESO DE INVESTIGACIÓN,ASFALTADA,CARRETERA,NACIONAL,LIMA,LIMA,SAN JUAN DE MIRAFLORES,-12.175225937648378,-76.97774592276338,PE-1S,13.547639966695334
2022-06-26,2022,6,6,0,1,0,CHOQUE,EN PROCESO DE INVESTIGACIÓN,ASFALTADA,CARRETERA,NACIONAL,LIMA,BARRANCA,PARAMONGA,-10.64214973136169,-77.80167817048151,PE-16,2.5234094133996017
2022-06-26,2022,6,6,0,1,0,CHOQUE,EN PROCESO DE INVESTIGACIÓN,,CARRETERA,NACIONAL,MADRE DE DIOS,TAHUAMANU,TAHUAMANU,-11.811876,-69.180757,PE-30C,525.1201245081413
2022-06-26,2022,6,6,0,1,0,CHOQUE,IMPRUDENCIA DEL CONDUCTOR,ASFALTADA,CARRETERA,NACIONAL,LA LIBERTAD,CHEPEN,PACANGA,-7.13939,-79.463869,PE-1N,717.3904160094552
2022-06-27,2022,6,0,0,1,0,ATROPELLO FUGA,EN PROCESO DE INVESTIGACIÓN,ASFALTADA,CARRETERA,NACIONAL,LIMA,LIMA,EL AGUSTINO,-12.03186857113612,-76.98848593151921,PE-22,0.4227331581871053
2022-06-27,2022,6,0,0,1,0,DESPISTE,EN PROCESO DE INVESTIGACIÓN,ASFALTADA,CARRETERA,NACIONAL,LIMA,LIMA,CHACLACAYO,-11.978427911890416,-76.78207926382203,PE-22,23.93725302576764
2022-06-27,2022,6,0,0,1,0,DESPISTE,IMPRUDENCIA DEL CONDUCTOR,ASFALTADA,CARRETERA,NACIONAL,PUNO,LAMPA,SANTA LUCIA,-15.6880311,-70.8102044,PE-34A,209.51281604540452
2022-06-27,2022,6,0,0,1,0,DESPISTE,EN PROCESO DE INVESTIGACIÓN,ASFALTADA,CARRETERA,NACIONAL,LAMBAYEQUE,LAMBAYEQUE,LAMBAYEQUE,-6.648391,-79.942871,PE-1N,801.7810193891651
2022-06-27,2022,6,0,0,1,2,DESPISTE,NEGLIGENCIA DEL CONDUCTOR,AFIRMADO,CARRETERA,NACIONAL,AYACUCHO,HUANCA SANCOS,CARAPO,-13.7773756952253,-74.3259621976569,PE-30D,202.3923690664786
2022-06-27,2022,6,0,0,1,0,CHOQUE,EN PROCESO DE INVESTIGACIÓN,ASFALTADA,CARRETERA,NACIONAL,LA LIBERTAD,SANTIAGO DE CHUCO,QUIRUVILCA,-7.998345,-78.307615,PE-3N,1050.360193222126
2022-06-27,2022,6,0,0,1,0,ATROPELLO,IMPRUDENCIA DEL PEATÓN,ASFALTADA,CARRETERA,NACIONAL,JUNIN,HUANCAYO,HUALHUAS,-11.982411,-75.262406,PE-3S,113.10127988178488
2022-06-28,2022,6,1,0,1,0,CHOQUE,EN PROCESO DE INVESTIGACIÓN,,CARRETERA,NACIONAL,JUNIN,SATIPO,PANGOA,-11.4430638434703,-74.4919174674897,PE-28C,249.07023586909992
2022-06-28,2022,6,1,0,1,0,ATROPELLO FUGA,EN PROCESO DE INVESTIGACIÓN,ASFALTADA,CARRETERA,NACIONAL,LIMA,LIMA,LURIN,-12.250331378864685,-76.93051276432485,PE-1S,24.74323159584677
2022-06-28,2022,6,1,0,2,2,DESPISTE,EN PROCESO DE INVESTIGACIÓN,ASFALTADA,CARRETERA,NACIONAL,LIMA,LIMA,VILLA EL SALVADOR,-12.22223131897444,-76.97444197707152,PE-1N,0.0
2022-06-28,2022,6,1,0,1,3,CHOQUE,IMPRUDENCIA DEL CONDUCTOR,ASFALTADA,CARRETERA,NACIONAL,JUNIN,JAUJA,CURICACA,-11.78715,-75.67505,PE-3S,48.05751380076092
2022-06-29,2022,6,2,0,1,0,DESPISTE,IMPRUDENCIA DEL CONDUCTOR,ASFALTADA,CARRETERA,NACIONAL,PUNO,EL COLLAO,ILAVE,-16.12115082,-69.58969485,PE-3S,1423.848603853658
2022-06-29,2022,6,2,0,1,1,CHOQUE,IMPRUDENCIA DEL CONDUCTOR,ASFALTADA,CARRETERA,NACIONAL,SAN MARTIN,RIOJA,RIOJA,-6.029269,-77.210712,PE-5N,1086.3493314587276
2022-06-29,2022,6,2,0,1,0,ATROPELLO FUGA,EN PROCESO DE INVESTIGACIÓN,ASFALTADA,CARRETERA,NACIONAL,JUNIN,JAUJA,JAUJA,-11.77974511,-75.48229265,PE-3SA,1.145817605428275
2022-06-30,2022,6,3,0,1,0,ATROPELLO FUGA,EN PROCESO DE INVESTIGACIÓN,ASFALTADA,CARRETERA,NACIONAL,LIMA,LIMA,LURIN,-12.254755,-76.924147,PE-1S,25.594081751153425
2022-06-30,2022,6,3,0,1,0,ATROPELLO FUGA,EN PROCESO DE INVESTIGACIÓN,ASFALTADA,CARRETERA,NACIONAL,JUNIN,JUNIN,CARHUAMAYO,-10.904987503772606,-76.07006557262896,PE-3N,85.36570537533476
2022-06-30,2022,6,3,0,1,0,CHOQUE,IMPRUDENCIA DEL CONDUCTOR,ASFALTADA,CARRETERA,NACIONAL,TACNA,TACNA,LA YARADA LOS PALOS,-18.17592327950679,-70.50039473125472,PE-1SD,360.9317359767238
2022-06-30,2022,6,3,0,1,0,ATROPELLO FUGA,EN PROCESO DE INVESTIGACIÓN,ASFALTADA,CARRETERA,NACIONAL,LIMA,LIMA,ANCON,-11.770736277951563,-77.15902010039257,PE-1N,44.70288319199433
2022-06-30,2022,6,3,0,1,2,CHOQUE,EN PROCESO DE INVESTIGACIÓN,ASFALTADA,CARRETERA,NACIONAL,CAJAMARCA,SAN IGNACIO,SAN IGNACIO,-5.100353,-79.0455366,PE-5N,1514.2096998844142
2022-07-01,2022,7,4,0,1,1,DESPISTE,IMPRUDENCIA DEL CONDUCTOR,ASFALTADA,CARRETERA,NACIONAL,CUSCO,CHUMBIVILCAS,SANTO TOMAS,-14.4821734391772,-72.0938381362104,PE-3SG,99.53402593997632
2022-07-01,2022,7,4,0,1,0,CHOQUE,EN PROCESO DE INVESTIGACIÓN,,CARRETERA,NACIONAL,CAJAMARCA,HUALGAYOC,BAMBAMARCA,-6.691349,-78.541895,PE-3N,1386.064234763804
2022-07-01,2022,7,4,0,1,0,ATROPELLO,EN PROCESO DE INVESTIGACIÓN,ASFALTADA,CARRETERA,NACIONAL,LAMBAYEQUE,LAMBAYEQUE,MOTUPE,-6.14817101787074,-79.7156908860278,PE-1N,815.9362811769837
2022-07-01,2022,7,4,0,1,0,DESPISTE,IMPRUDENCIA DEL CONDUCTOR,ASFALTADA,CARRETERA,NACIONAL,APURIMAC,CHINCHEROS,CHINCHEROS,-13.499955,-73.808258,PE-3S,526.526262147517
2022-07-01,2022,7,4,0,1,1,ATROPELLO,IMPRUDENCIA DEL PEATÓN,ASFALTADA,CARRETERA,NACIONAL,SAN MARTIN,MOYOBAMBA,MOYOBAMBA,-6.046127,-77.017082,PE-5N,1062.8119646938956
2022-07-01,2022,7,4,0,1,0,DESPISTE,EN PROCESO DE INVESTIGACIÓN,ASFALTADA,CARRETERA,NACIONAL,ANCASH,SANTA,CHIMBOTE,-8.9076392268264,-78.56746390954739,PE-12,11.559802494781968
2022-07-02,2022,7,5,0,1,0,ATROPELLO,IMPRUDENCIA DEL CONDUCTOR,ASFALTADA,CARRETERA,NACIONAL,JUNIN,CONCEPCION,CHAMBARA,-12.025631,-75.420456,PE-24,265.55305691724004
2022-07-02,2022,7,5,0,1,1,ATROPELLO FUGA,EN PROCESO DE INVESTIGACIÓN,ASFALTADA,CARRETERA,NACIONAL,LAMBAYEQUE,CHICLAYO,REQUE,-6.888183,-79.804553,PE-1N,765.0477435324251
2022-07-03,2022,7,6,0,3,6,CHOQUE,IMPRUDENCIA DEL CONDUCTOR,ASFALTADA,CARRETERA,NACIONAL,ICA,CHINCHA,GROCIO PRADO,-13.38707444,-76.20203622,PE-1S,182.73143017721344
2022-07-03,2022,7,6,0,1,0,ATROPELLO,IMPRUDENCIA DEL CONDUCTOR,ASFALTADA,CARRETERA,NACIONAL,LA LIBERTAD,ASCOPE,CHICAMA,-7.8757916009639155,-79.13215306921666,PE-1N,599.5050020953022
2022-07-03,2022,7,6,0,1,0,DESPISTE,EN PROCESO DE INVESTIGACIÓN,ASFALTADA,CARRETERA,NACIONAL,LIMA,BARRANCA,PATIVILCA,-10.661403010346053,-77.77216329846316,PE-16A,3.3452801160888344
2022-07-03,2022,7,6,0,1,0,CHOQUE,EN PROCESO DE INVESTIGACIÓN,,CARRETERA,NACIONAL,JUNIN,SATIPO,RIO NEGRO,-11.21196936009697,-74.65767326686544,PE-5S,104.82609830434014
2022-07-05,2022,7,1,0,2,3,CHOQUE,EN PROCESO DE INVESTIGACIÓN,ASFALTADA,CARRETERA,NACIONAL,AREQUIPA,ISLAY,MOLLENDO,-16.867949,-71.851756,PE-1S,1007.6256666207664
2022-07-05,2022,7,1,0,1,3,CHOQUE,EN PROCESO DE INVESTIGACIÓN,ASFALTADA,CARRETERA,NACIONAL,LAMBAYEQUE,LAMBAYEQUE,LAMBAYEQUE,-6.725805,-79.891082,PE-1N,790.5543298231784
2022-07-06,2022,7,2,0,1,2,CHOQUE,EN PROCESO DE INVESTIGACIÓN,ASFALTADA,CARRETERA,NACIONAL,CAJAMARCA,SAN PABLO,SAN BERNARDINO,-7.218075,-78.74925667,PE-08,103.10385747239609
2022-07-06,2022,7,2,0,1,0,ATROPELLO FUGA,EN PROCESO DE INVESTIGACIÓN,ASFALTADA,CARRETERA,NACIONAL,LA LIBERTAD,TRUJILLO,LAREDO,-8.097352,-78.974404,PE-10A,6.735480595230595
2022-07-06,2022,7,2,0,1,0,ATROPELLO,EN PROCESO DE INVESTIGACIÓN,ASFALTADA,CARRETERA,NACIONAL,PIURA,PIURA,VEINTISEIS DE OCTUBRE,-5.173715,-80.680308,PE-1N,999.523781886972
2022-07-06,2022,7,2,0,1,0,DESPISTE,IMPRUDENCIA DEL CONDUCTOR,ASFALTADA,CARRETERA,NACIONAL,AYACUCHO,HUANTA,HUAMANGUILLA,-13.029388202246906,-74.2173077460767,PE-3S,359.7027061369861
2022-07-06,2022,7,2,0,1,1,DESPISTE,IMPRUDENCIA DEL CONDUCTOR,ASFALTADA,CARRETERA,NACIONAL,CUSCO,CANAS,KUNTURKANKI,-14.641781,-71.2764293,PE-34F,25.93183762790461
2022-07-07,2022,7,3,0,1,0,CHOQUE,IMPRUDENCIA DEL CONDUCTOR,ASFALTADA,CARRETERA,NACIONAL,LIMA,HUAURA,HUACHO,-11.150481207183622,-77.59657497740974,PE-1N,144.6030194669177
2022-07-07,2022,7,3,0,2,2,CHOQUE,EN PROCESO DE INVESTIGACIÓN,ASFALTADA,CARRETERA,NACIONAL,ANCASH,SANTA,NEPEÑA,-9.232379,-78.448749,PE-1N,408.2504914233394
2022-07-07,2022,7,3,0,1,0,ATROPELLO,IMPRUDENCIA DEL CONDUCTOR,ASFALTADA,CARRETERA,NACIONAL,SAN MARTIN,RIOJA,PARDO MIGUEL,-5.730581,-77.514495,PE-5N,1135.5523406792229
2022-07-08,2022,7,4,0,1,0,DESPISTE,IMPRUDENCIA DEL CONDUCTOR,ASFALTADA,CARRETERA,NACIONAL,PUNO,HUANCANE,COJATA,-15.06603095073276,-69.42749699270799,PE-34L,69.54737525764232
2022-07-10,2022,7,6,0,1,3,CHOQUE FUGA,IMPRUDENCIA DEL CONDUCTOR,ASFALTADA,CARRETERA,NACIONAL,SAN MARTIN,RIOJA,PARDO MIGUEL,-5.738795,-77.501768,PE-5N,1133.8153385574897
2022-07-10,2022,7,6,0,1,0,ATROPELLO FUGA,EN PROCESO DE INVESTIGACIÓN,ASFALTADA,CARRETERA,NACIONAL,ANCASH,SANTA,CHIMBOTE,-9.10585030813847,-78.55573139992703,PE-1N,438.342127388905
2022-07-10,2022,7,6,0,1,0,ATROPELLO,IMPRUDENCIA DEL PEATÓN,ASFALTADA,CARRETERA,NACIONAL,SAN MARTIN,RIOJA,AWAJUN,-5.818199,-77.382588,PE-5N,1117.670008286491
2022-07-10,2022,7,6,0,1,0,ATROPELLO,IMPRUDENCIA DEL PEATÓN,ASFALTADA,CARRETERA,NACIONAL,CUSCO,QUISPICANCHI,HUARO,-13.6823583,-71.6541899,PE-3S,1014.5164378052368
2022-07-10,2022,7,6,0,1,0,CHOQUE FUGA,IMPRUDENCIA DEL CONDUCTOR,ASFALTADA,CARRETERA,NACIONAL,SAN MARTIN,RIOJA,AWAJUN,-5.81718,-77.383978,PE-5N,1117.8606327928817
2022-07-10,2022,7,6,0,1,0,ATROPELLO,IMPRUDENCIA DEL CONDUCTOR,ASFALTADA,CARRETERA,NACIONAL,ANCASH,SANTA,CHIMBOTE,-9.10589784811372,-78.5557733535328,PE-1N,438.3411646052964
2022-07-10,2022,7,6,0,1,0,CHOQUE,IMPRUDENCIA DEL CONDUCTOR,ASFALTADA,CARRETERA,NACIONAL,LA LIBERTAD,PACASMAYO,GUADALUPE,-7.303484,-79.478253,PE-1N,692.9519408305571
2022-07-10,2022,7,6,0,1,1,CHOQUE,EN PROCESO DE INVESTIGACIÓN,,CARRETERA,NACIONAL,MADRE DE DIOS,TAMBOPATA,INAMBARI,-12.891986,-70.065377,PE-30C,315.35188153845803
2022-07-10,2022,7,6,0,1,0,CHOQUE,IMPRUDENCIA DEL CONDUCTOR,ASFALTADA,CARRETERA,NACIONAL,CUSCO,QUISPICANCHI,QUIQUIJANA,-13.8278411,-71.5396619,PE-3S,1045.6410241105618
2022-07-10,2022,7,6,0,1,0,CHOQUE,IMPRUDENCIA DEL CONDUCTOR,ASFALTADA,CARRETERA,NACIONAL,CUSCO,QUISPICANCHI,URCOS,-13.6866028,-71.611283,PE-3S,1023.2380341890828
2022-07-10,2022,7,6,0,1,1,CHOQUE,IMPRUDENCIA DEL CONDUCTOR,ASFALTADA,CARRETERA,NACIONAL,LA LIBERTAD,TRUJILLO,LAREDO,-8.052487,-78.851766,PE-10A,22.651022471140084
2022-07-11,2022,7,0,0,1,0,ATROPELLO FUGA,EN PROCESO DE INVESTIGACIÓN,ASFALTADA,CARRETERA,NACIONAL,ICA,PISCO,HUANCANO,-13.605339615380815,-75.62303332510473,PE-28A,66.19606028179649
2022-07-11,2022,7,0,0,1,14,VOLCADURA,EN PROCESO DE INVESTIGACIÓN,ASFALTADA,CARRETERA,NACIONAL,CAJAMARCA,CHOTA,LLAMA,-6.510966,-79.118425,PE-06A,123.07659523374426
2022-07-12,2022,7,1,0,1,0,DESPISTE,EN PROCESO DE INVESTIGACIÓN,,CARRETERA,NACIONAL,APURIMAC,AYMARAES,TINTAY,-13.951929228837376,-73.14033970459101,PE-30A,399.25911676234233
2022-07-12,2022,7,1,0,1,0,DESPISTE,EN PROCESO DE INVESTIGACIÓN,,CARRETERA,NACIONAL,CAJAMARCA,CUTERVO,SOCOTA,-6.328728,-78.713119,PE-3ND,22.08411073052073
2022-07-12,2022,7,1,0,2,0,DESPISTE,IMPRUDENCIA DEL CONDUCTOR,ASFALTADA,CARRETERA,NACIONAL,LA LIBERTAD,VIRU,GUADALUPITO,-8.702087,-78.639476,PE-1N,476.6878789837317
2022-07-12,2022,7,1,0,1,0,CHOQUE,EN PROCESO DE INVESTIGACIÓN,ASFALTADA,CARRETERA,NACIONAL,CAJAMARCA,CUTERVO,CUTERVO,-6.368741,-78.779169,PE-3ND,10.189268219875192
2022-07-14,2022,7,3,0,1,1,DESPISTE,EN PROCESO DE INVESTIGACIÓN,ASFALTADA,CARRETERA,NACIONAL,LIMA,CAÑETE,CHILCA,-12.467895289616358,-76.75040776641067,PE-1S,57.98598372127385
2022-07-15,2022,7,4,0,1,0,ATROPELLO FUGA,IMPERICIA DEL CONDUCTOR,ASFALTADA,CARRETERA,NACIONAL,PUNO,CHUCUITO,JULI,-16.236553,-69.376548,PE-3S,1455.7325997409514
2022-07-15,2022,7,4,0,1,1,CHOQUE,IMPRUDENCIA DEL CONDUCTOR,ASFALTADA,CARRETERA,NACIONAL,SAN MARTIN,RIOJA,NUEVA CAJAMARCA,-5.935687,-77.309991,PE-5N,1102.1530949431008
2022-07-15,2022,7,4,0,1,0,CAÍDA DE PASAJERO,EN PROCESO DE INVESTIGACIÓN,ASFALTADA,CARRETERA,NACIONAL,LA LIBERTAD,VIRU,VIRU,-8.411636,-78.802653,PE-1N,518.7081766657362
2022-07-15,2022,7,4,0,1,1,ATROPELLO,EN PROCESO DE INVESTIGACIÓN,ASFALTADA,CARRETERA,NACIONAL,AREQUIPA,ISLAY,COCACHACRA,-17.065689,-71.720833,PE-1SJ,6.189988896000579
2022-07-16,2022,7,5,0,1,0,CHOQUE,EN PROCESO DE INVESTIGACIÓN,ASFALTADA,CARRETERA,NACIONAL,ANCASH,CASMA,CASMA,-9.451092,-78.345081,PE-1N,380.41179924509447
2022-07-16,2022,7,5,0,1,0,CHOQUE,IMPRUDENCIA DEL CONDUCTOR,ASFALTADA,CARRETERA,NACIONAL,PUNO,CHUCUITO,JULI,-16.220431,-69.391403,PE-3S,1453.5708273085745
2022-07-16,2022,7,5,0,2,0,CHOQUE,IMPRUDENCIA DEL CONDUCTOR,ASFALTADA,CARRETERA,NACIONAL,SAN MARTIN,RIOJA,RIOJA,-6.054252,-77.165076,PE-5N,1080.560619236826
2022-07-17,2022,7,6,0,1,0,ATROPELLO,EN PROCESO DE INVESTIGACIÓN,ASFALTADA,CARRETERA,NACIONAL,LIMA,LIMA,RIMAC,-12.0414462,-77.032747,PE-1N,8.68514682078094
2022-07-17,2022,7,6,0,1,0,CHOQUE CON OBJETO FIJO,IMPRUDENCIA DEL CONDUCTOR,ASFALTADA,CARRETERA,NACIONAL,UCAYALI,CORONEL PORTILLO,CALLERIA,-8.397753,-74.602609,PE-18C,77.31429978972331
2022-07-17,2022,7,6,0,1,0,ATROPELLO FUGA,EN PROCESO DE INVESTIGACIÓN,ASFALTADA,CARRETERA,NACIONAL,LAMBAYEQUE,LAMBAYEQUE,LAMBAYEQUE,-6.689793,-79.903521,PE-1N,795.1688403153499
2022-07-18,2022,7,0,0,1,0,ATROPELLO FUGA,EN PROCESO DE INVESTIGACIÓN,ASFALTADA,CARRETERA,NACIONAL,LIMA,LIMA,VILLA EL SALVADOR,-12.195246,-76.972876,PE-1S,15.84366403630867
2022-07-18,2022,7,0,0,1,0,CHOQUE,IMPRUDENCIA DEL CONDUCTOR,ASFALTADA,CARRETERA,NACIONAL,SAN MARTIN,RIOJA,RIOJA,-6.035245,-77.199399,PE-5N,1084.9345958513484
2022-07-18,2022,7,0,0,1,2,ATROPELLO,IMPRUDENCIA DEL PEATÓN,ASFALTADA,CARRETERA,NACIONAL,CUSCO,ANTA,ANCAHUASI,-13.4625344678638,-72.2872897292519,PE-3S,928.2969028015026
2022-07-18,2022,7,0,0,1,0,ATROPELLO,IMPRUDENCIA DEL PEATÓN,ASFALTADA,CARRETERA,NACIONAL,PUNO,PUNO,PAUCARCOLLA,-15.6436849,-70.0829097,PE-3S,1336.900464463103
2022-07-20,2022,7,2,0,1,0,CHOQUE,IMPRUDENCIA DEL CONDUCTOR,ASFALTADA,CARRETERA,NACIONAL,LIMA,HUAURA,HUACHO,-11.120190190215116,-77.59397243294644,PE-1N,147.98567192715302
2022-07-20,2022,7,2,0,1,0,ATROPELLO,IMPRUDENCIA DEL PEATÓN,ASFALTADA,CARRETERA,NACIONAL,JUNIN,HUANCAYO,EL TAMBO,-12.053836,-75.224944,PE-3S,122.45805293548918
2022-07-20,2022,7,2,0,1,0,CHOQUE,IMPRUDENCIA DEL CONDUCTOR,ASFALTADA,CARRETERA,NACIONAL,UCAYALI,CORONEL PORTILLO,CALLERIA,-8.395968,-74.595744,PE-18C,78.09295955175675
2022-07-20,2022,7,2,0,1,1,CHOQUE,IMPRUDENCIA DEL CONDUCTOR,ASFALTADA,CARRETERA,NACIONAL,ICA,PISCO,SAN CLEMENTE,-13.654171,-76.17378,PE-1SE,28.35774410062145
2022-07-20,2022,7,2,0,1,0,CHOQUE,IMPRUDENCIA DEL CONDUCTOR,ASFALTADA,CARRETERA,NACIONAL,CUSCO,ESPINAR,OCORURO,-15.1313954,-71.1118835,PE-34J,84.21721883851019
2022-07-20,2022,7,2,0,1,0,CHOQUE,IMPRUDENCIA DEL CONDUCTOR,ASFALTADA,CARRETERA,NACIONAL,CUSCO,ESPINAR,ESPINAR,-14.821055,-71.44522,PE-3SW,71.32357139984401
2022-07-20,2022,7,2,0,1,0,CHOQUE,EN PROCESO DE INVESTIGACIÓN,ASFALTADA,CARRETERA,NACIONAL,ANCASH,CASMA,CASMA,-9.498109,-78.27814,PE-1N,369.5133500525373
2022-07-20,2022,7,2,0,1,0,ATROPELLO,EN PROCESO DE INVESTIGACIÓN,ASFALTADA,CARRETERA,NACIONAL,PIURA,PIURA,CATACAOS,-5.271768,-80.673933,PE-1NK,5.351462461941116
2022-07-20,2022,7,2,0,1,0,CHOQUE,IMPRUDENCIA DEL CONDUCTOR,ASFALTADA,CARRETERA,NACIONAL,PUNO,HUANCANE,HUANCANE,-15.1432686,-69.8198488,PE-34H,59.432818593075126
2022-07-21,2022,7,3,0,1,1,CHOQUE,IMPRUDENCIA DEL CONDUCTOR,ASFALTADA,CARRETERA,NACIONAL,ICA,PISCO,SAN ANDRES,-13.721737021950393,-76.15562898657214,PE-1S,226.78188802928085
2022-07-21,2022,7,3,0,1,0,CHOQUE,IMPRUDENCIA DEL CONDUCTOR,ASFALTADA,CARRETERA,NACIONAL,PUNO,CHUCUITO,HUACULLANI,-16.593188,-69.377548,PE-36A,263.6668806536351
2022-07-21,2022,7,3,0,2,1,CHOQUE,IMPRUDENCIA DEL CONDUCTOR,ASFALTADA,CARRETERA,NACIONAL,AYACUCHO,HUAMANGA,CARMEN ALTO,-13.209896264100284,-74.22590733364764,PE-3S,399.6821983523088
2022-07-22,2022,7,4,0,1,0,ATROPELLO,NEGLIGENCIA DEL CONDUCTOR,ASFALTADA,CARRETERA,NACIONAL,LA LIBERTAD,TRUJILLO,VICTOR LARCO HERRERA,-8.143138,-79.049077,PE-1N,565.1906690779384
2022-07-23,2022,7,5,0,1,2,DESPISTE,IMPRUDENCIA DEL CONDUCTOR,ASFALTADA,CARRETERA,NACIONAL,JUNIN,YAULI,LA OROYA,-11.530042812309487,-75.89507774491513,PE-3S,2.4282220022634182
2022-07-23,2022,7,5,0,1,1,CHOQUE FUGA,IMPRUDENCIA DEL CONDUCTOR,ASFALTADA,CARRETERA,NACIONAL,LA LIBERTAD,VIRU,VIRU,-8.405742,-78.826346,PE-1N,521.3987937308968
2022-07-24,2022,7,6,0,1,1,CHOQUE,EN PROCESO DE INVESTIGACIÓN,ASFALTADA,CARRETERA,NACIONAL,LA LIBERTAD,VIRU,VIRU,-8.41160984395962,-78.8027982981897,PE-1N,518.7244048918396
2022-07-24,2022,7,6,0,2,0,CHOQUE,EN PROCESO DE INVESTIGACIÓN,ASFALTADA,CARRETERA,NACIONAL,CAJAMARCA,JAEN,JAEN,-5.67933,-78.781723,PE-5N,1393.1675556656328
2022-07-24,2022,7,6,0,1,0,ATROPELLO,IMPRUDENCIA DEL PEATÓN,ASFALTADA,CARRETERA,NACIONAL,JUNIN,CHANCHAMAYO,CHANCHAMAYO,-11.05921439028324,-75.33461923908422,PE-22B,105.90450333627152
2022-07-24,2022,7,6,0,1,0,DESPISTE,EN PROCESO DE INVESTIGACIÓN,ASFALTADA,CARRETERA,NACIONAL,LIMA,HUAURA,SANTA MARIA,-11.07249,-77.58434,PE-1N,153.5494780456716
2022-07-24,2022,7,6,0,1,0,CHOQUE,IMPRUDENCIA DEL CONDUCTOR,ASFALTADA,CARRETERA,NACIONAL,CUSCO,LA CONVENCION,SANTA ANA,-12.8943499,-72.685834,PE-28B,466.4123523272401
2022-07-24,2022,7,6,0,1,0,ATROPELLO FUGA,IMPRUDENCIA DEL PEATÓN,ASFALTADA,CARRETERA,NACIONAL,LIMA,HUAURA,HUAURA,-11.06574,-77.58729,PE-1N,154.367075619536
2022-07-25,2022,7,0,0,1,1,CHOQUE,IMPRUDENCIA DEL CONDUCTOR,ASFALTADA,CARRETERA,NACIONAL,TUMBES,ZARUMILLA,ZARUMILLA,-3.5042908551342644,-80.28501209300856,PE-1NO,1.428030181772871
2022-07-25,2022,7,0,0,1,0,CHOQUE,EN PROCESO DE INVESTIGACIÓN,ASFALTADA,CARRETERA,NACIONAL,PIURA,MORROPON,LA MATANZA,-5.199792,-80.125745,PE-1NJ,207.4482523421166
2022-07-25,2022,7,0,0,1,1,CHOQUE,EN PROCESO DE INVESTIGACIÓN,ASFALTADA,CARRETERA,NACIONAL,CUSCO,ESPINAR,COPORAQUE,-14.798321,-71.523037,PE-3SW,61.79391508982224
2022-07-25,2022,7,0,0,1,0,ATROPELLO,IMPRUDENCIA DEL PEATÓN,ASFALTADA,CARRETERA,NACIONAL,CUSCO,ANTA,CACHIMAYO,-13.4868578,-72.05602,PE-28F,0.4309909831784277
2022-07-25,2022,7,0,0,1,0,ATROPELLO FUGA,EN PROCESO DE INVESTIGACIÓN,ASFALTADA,CARRETERA,NACIONAL,CUSCO,CANCHIS,MARANGANI,-14.402531,-71.133024,PE-3S,1132.9666845998229
2022-07-25,2022,7,0,0,1,0,CHOQUE FUGA,IMPRUDENCIA DEL CONDUCTOR,ASFALTADA,CARRETERA,NACIONAL,TUMBES,ZARUMILLA,ZARUMILLA,-3.5140786247308133,-80.25758482125407,PE-1N,1302.2506666869383
2022-07-26,2022,7,1,0,1,3,CHOQUE,IMPRUDENCIA DEL CONDUCTOR,ASFALTADA,CARRETERA,NACIONAL,AYACUCHO,HUANTA,LURICOCHA,-12.90620418,-74.31250074,PE-3S,327.076457347035
2022-07-26,2022,7,1,0,1,0,DESPISTE,EN PROCESO DE INVESTIGACIÓN,ASFALTADA,CARRETERA,NACIONAL,PIURA,SULLANA,LANCONES,-4.512467200096413,-80.44880933132615,PE-1NN,58.90241760429544
2022-07-26,2022,7,1,0,1,0,DESPISTE,EN PROCESO DE INVESTIGACIÓN,ASFALTADA,CARRETERA,NACIONAL,LA LIBERTAD,TRUJILLO,MOCHE,-8.150144,-79.011424,PE-1N,557.5823810843244
2022-07-26,2022,7,1,0,1,0,CHOQUE FUGA,EN PROCESO DE INVESTIGACIÓN,ASFALTADA,CARRETERA,NACIONAL,PIURA,PIURA,LAS LOMAS,-4.6702417344145415,-80.24634522162751,PE-1NL,75.88562548465191
2022-07-26,2022,7,1,0,1,0,ATROPELLO FUGA,EN PROCESO DE INVESTIGACIÓN,ASFALTADA,CARRETERA,NACIONAL,AREQUIPA,AREQUIPA,YURA,-16.29761,-71.62601,PE-34A,50.54242511240103
2022-07-26,2022,7,1,0,1,0,ATROPELLO FUGA,IMPRUDENCIA DEL PEATÓN,ASFALTADA,CARRETERA,NACIONAL,PUNO,PUNO,PICHACANI,-16.141077389881424,-70.05228815537463,PE-36B,120.19742619633784
2022-07-27,2022,7,2,0,1,0,ATROPELLO,IMPRUDENCIA DEL PEATÓN,ASFALTADA,CARRETERA,NACIONAL,ICA,ICA,SALAS,-13.928336672324372,-75.97409156267743,PE-1S,262.78549273224354
2022-07-27,2022,7,2,0,1,0,CHOQUE,IMPRUDENCIA DEL CONDUCTOR,ASFALTADA,CARRETERA,NACIONAL,LIMA,LIMA,LURIN,-12.283256,-76.878624,PE-1S,31.46450698494715
2022-07-27,2022,7,2,0,1,1,DESPISTE,IMPRUDENCIA DEL CONDUCTOR,ASFALTADA,CARRETERA,NACIONAL,LA LIBERTAD,PACASMAYO,SAN PEDRO DE LLOC,-7.45568,-79.4791,PE-1N,663.8586721064702
2022-07-27,2022,7,2,0,1,0,CHOQUE,IMPRUDENCIA DEL CONDUCTOR,ASFALTADA,CARRETERA,NACIONAL,PASCO,PASCO,YANACANCHA,-10.693986356239142,-76.2299305049702,PE-3N,122.54951392679578
2022-07-27,2022,7,2,0,1,0,ATROPELLO FUGA,EN PROCESO DE INVESTIGACIÓN,ASFALTADA,CARRETERA,NACIONAL,HUANUCO,LEONCIO PRADO,JOSE CRESPO Y CASTILLO,-8.856348,-76.107646,PE-5N,530.701375792835
2022-07-28,2022,7,3,0,4,2,DESPISTE,EN PROCESO DE INVESTIGACIÓN,TROCHA,CARRETERA,NACIONAL,ANCASH,PALLASCA,TAUCA,-8.43632045818227,-78.0948132461431,PE-3N,818.2948571972158
2022-07-28,2022,7,3,0,1,1,DESPISTE,IMPRUDENCIA DEL CONDUCTOR,ASFALTADA,CARRETERA,NACIONAL,LIMA,HUAURA,HUACHO,-11.39592,-77.39865,PE-1N,108.98009736736188
2022-07-28,2022,7,3,0,1,3,DESPISTE,IMPRUDENCIA DEL CONDUCTOR,ASFALTADA,CARRETERA,NACIONAL,AYACUCHO,CANGALLO,PARAS,-13.358444,-74.82262,PE-28A,229.91118980452487
2022-07-28,2022,7,3,0,3,0,DESPISTE,IMPRUDENCIA DEL CONDUCTOR,ASFALTADA,CARRETERA,NACIONAL,JUNIN,CHANCHAMAYO,SAN RAMON,-11.1777721,-75.4521144,PE-22B,83.74244152294493
2022-07-28,2022,7,3,0,1,0,ATROPELLO FUGA,EN PROCESO DE INVESTIGACIÓN,ASFALTADA,CARRETERA,NACIONAL,LIMA,LIMA,RIMAC,-12.041213287871356,-77.03289512282687,PE-1N,8.712289153993828
2022-07-28,2022,7,3,0,1,0,ATROPELLO,IMPRUDENCIA DEL PEATÓN,ASFALTADA,CARRETERA,NACIONAL,LA LIBERTAD,VIRU,VIRU,-8.362982,-78.871678,PE-1N,528.5044368481491
2022-07-29,2022,7,4,0,1,0,CHOQUE,IMPRUDENCIA DEL CONDUCTOR,ASFALTADA,CARRETERA,NACIONAL,LA LIBERTAD,TRUJILLO,LAREDO,-8.032543,-78.841541,PE-10A,25.160748300387063
2022-07-29,2022,7,4,0,1,0,ATROPELLO,IMPRUDENCIA DEL PEATÓN,ASFALTADA,CARRETERA,NACIONAL,JUNIN,HUANCAYO,HUACRAPUQUIO,-12.188843658535474,-75.19176714279406,PE-3S,139.75568327779345
2022-07-29,2022,7,4,0,1,0,ATROPELLO,EN PROCESO DE INVESTIGACIÓN,ASFALTADA,CARRETERA,NACIONAL,LA LIBERTAD,PACASMAYO,GUADALUPE,-7.305280085254747,-79.47914506524577,PE-08,0.0134064217419385
2022-07-29,2022,7,4,0,1,4,CHOQUE,IMPRUDENCIA DEL CONDUCTOR,ASFALTADA,CARRETERA,NACIONAL,PUNO,PUNO,PLATERIA,-15.954076,-69.825822,PE-3S,1392.8257771453448
2022-07-29,2022,7,4,0,1,0,ATROPELLO,IMPRUDENCIA DEL PEATÓN,ASFALTADA,CARRETERA,NACIONAL,LIMA,HUAURA,SAYAN,-11.064363317397373,-77.14055653278339,PE-18,59.12347811680328
2022-07-29,2022,7,4,0,1,1,CHOQUE,EN PROCESO DE INVESTIGACIÓN,ASFALTADA,CARRETERA,NACIONAL,PIURA,PIURA,VEINTISEIS DE OCTUBRE,-5.184714,-80.692297,PE-1N,1000.3406449879466
2022-07-29,2022,7,4,0,1,0,CHOQUE,EN PROCESO DE INVESTIGACIÓN,ASFALTADA,CARRETERA,NACIONAL,CAJAMARCA,JAEN,JAEN,-5.83172,-78.7479,PE-5N,1368.879643263339
2022-07-29,2022,7,4,0,1,0,ATROPELLO,IMPRUDENCIA DEL PEATÓN,ASFALTADA,CARRETERA,NACIONAL,PUNO,AZANGARO,SANTIAGO DE PUPUJA,-15.016569,-70.179992,PE-34B,35.5239033626021
2022-07-30,2022,7,5,0,1,0,CHOQUE,EN PROCESO DE INVESTIGACIÓN,,CARRETERA,NACIONAL,CAJAMARCA,CAJAMARCA,CAJAMARCA,-7.16516909,-78.48339357,PE-08B,2.099838675928081
2022-07-30,2022,7,5,0,1,0,CHOQUE,EN PROCESO DE INVESTIGACIÓN,ASFALTADA,CARRETERA,NACIONAL,CUSCO,ANTA,LIMATAMBO,-13.526324,-72.50997,PE-3S,882.0585321159245
2022-07-30,2022,7,5,0,16,0,DESPISTE,IMPRUDENCIA DEL CONDUCTOR,ASFALTADA,CARRETERA,NACIONAL,JUNIN,SATIPO,PANGOA,-11.334122656690024,-74.52024756353343,PE-5S,131.3563533925263
2022-07-30,2022,7,5,0,1,0,ATROPELLO,IMPRUDENCIA DEL CONDUCTOR,ASFALTADA,CARRETERA,NACIONAL,TACNA,TACNA,ALTO DE LA ALIANZA,-17.99371,-70.252171,PE-38,1.4542748200279847
2022-07-31,2022,7,6,0,2,1,CHOQUE,EN PROCESO DE INVESTIGACIÓN,,CARRETERA,NACIONAL,CAJAMARCA,CAJAMARCA,LOS BAÑOS DEL INCA,-7.150736,-78.455716,PE-08B,7.076586777809791
2022-07-31,2022,7,6,0,1,4,CHOQUE,EN PROCESO DE INVESTIGACIÓN,ASFALTADA,CARRETERA,NACIONAL,CAJAMARCA,JAEN,JAEN,-5.786813,-78.783611,PE-5N,1377.0635391945216
2022-07-31,2022,7,6,0,2,6,CHOQUE,EN PROCESO DE INVESTIGACIÓN,ASFALTADA,CARRETERA,NACIONAL,LIMA,LIMA,LURIN,-12.250281,-76.930691,PE-1S,24.724916302436785
2022-08-01,2022,8,0,0,2,7,CHOQUE,EN PROCESO DE INVESTIGACIÓN,,CARRETERA,NACIONAL,MADRE DE DIOS,TAMBOPATA,TAMBOPATA,-12.659232,-69.319099,PE-30C,408.4291011253495
2022-08-01,2022,8,0,0,1,0,CHOQUE,IMPRUDENCIA DEL CONDUCTOR,ASFALTADA,CARRETERA,NACIONAL,LA LIBERTAD,VIRU,VIRU,-8.471488042913176,-78.71155052733202,PE-1N,506.42289388021953
2022-08-01,2022,8,0,0,1,0,CHOQUE,IMPRUDENCIA DEL CONDUCTOR,ASFALTADA,CARRETERA,NACIONAL,CUSCO,URUBAMBA,MARAS,-13.375879,-72.11607,PE-28F,26.810062341977083
2022-08-02,2022,8,1,0,2,0,ATROPELLO FUGA,IMPRUDENCIA DEL PEATÓN,ASFALTADA,CARRETERA,NACIONAL,PUNO,SAN ROMAN,CABANA,-15.562104,-70.24031,PE-34A,285.9507918471895
2022-08-02,2022,8,1,0,1,0,DESPISTE,EN PROCESO DE INVESTIGACIÓN,ASFALTADA,CARRETERA,NACIONAL,PIURA,PIURA,VEINTISEIS DE OCTUBRE,-5.178632,-80.666543,PE-1N,997.8879607247508
2022-08-02,2022,8,1,0,1,1,CHOQUE,EN PROCESO DE INVESTIGACIÓN,ASFALTADA,CARRETERA,NACIONAL,LA LIBERTAD,TRUJILLO,LAREDO,-8.112546,-78.999485,PE-10A,3.315392617307284
2022-08-04,2022,8,3,0,1,0,ATROPELLO FUGA,EN PROCESO DE INVESTIGACIÓN,ASFALTADA,CARRETERA,NACIONAL,LA LIBERTAD,TRUJILLO,HUANCHACO,-8.120221,-79.084022,PE-1N,569.9007213984958
2022-08-04,2022,8,3,0,1,1,DESPISTE,EN PROCESO DE INVESTIGACIÓN,AFIRMADO,CARRETERA,NACIONAL,ANCASH,PALLASCA,SANTA ROSA,-8.45605682708533,-78.08144758808645,PE-3N,825.8934659688163
2022-08-04,2022,8,3,0,1,0,CHOQUE FUGA,EN PROCESO DE INVESTIGACIÓN,ASFALTADA,CARRETERA,NACIONAL,CAJAMARCA,SAN IGNACIO,CHIRINOS,-5.358821,-78.791773,PE-5N,1441.9687934598094
2022-08-04,2022,8,3,0,1,1,CAÍDA DE PASAJERO,EN PROCESO DE INVESTIGACIÓN,CONCRETO,CARRETERA,NACIONAL,CALLAO,CALLAO,VENTANILLA,-11.889928212601054,-77.12605166149483,PE-20,7.478706138149639
2022-08-05,2022,8,4,0,1,0,ATROPELLO,EN PROCESO DE INVESTIGACIÓN,ASFALTADA,CARRETERA,NACIONAL,ANCASH,CASMA,CASMA,-9.480335188456207,-78.29283734231547,PE-1N,373.3959302962873
2022-08-05,2022,8,4,0,1,1,DESPISTE,IMPRUDENCIA DEL CONDUCTOR,ASFALTADA,CARRETERA,NACIONAL,APURIMAC,ANDAHUAYLAS,KISHUARA,-13.691124,-73.169512,PE-3S,672.9025562160168
2022-08-06,2022,8,5,0,1,2,DESPISTE,IMPRUDENCIA DEL CONDUCTOR,TROCHA,CARRETERA,NACIONAL,AYACUCHO,PAUCAR DEL SARA SARA,PAUSA,-15.31144,-73.34788,PE-32C,51.86828318003191
2022-08-06,2022,8,5,0,1,1,CHOQUE,EN PROCESO DE INVESTIGACIÓN,ASFALTADA,CARRETERA,NACIONAL,AREQUIPA,AREQUIPA,SAN JUAN DE TARUCANI,-16.005391,-71.270422,PE-34A,133.73046403407824
2022-08-06,2022,8,5,0,1,1,DESPISTE,EN PROCESO DE INVESTIGACIÓN,ASFALTADA,CARRETERA,NACIONAL,MADRE DE DIOS,TAMBOPATA,LAS PIEDRAS,-12.554492,-69.147944,PE-30C,434.3735082461213
2022-08-06,2022,8,5,0,1,0,ATROPELLO FUGA,NEGLIGENCIA DEL CONDUCTOR,ASFALTADA,CARRETERA,NACIONAL,ANCASH,CARHUAZ,YUNGAR,-9.3653672259614,-77.59391386761,PE-3N,601.200140906819
2022-08-06,2022,8,5,0,1,0,ATROPELLO FUGA,EN PROCESO DE INVESTIGACIÓN,ASFALTADA,CARRETERA,NACIONAL,LAMBAYEQUE,LAMBAYEQUE,LAMBAYEQUE,-6.6648402,-79.923696,PE-1N,798.9817399997094
2022-08-06,2022,8,5,0,1,0,CHOQUE,EN PROCESO DE INVESTIGACIÓN,ASFALTADA,CARRETERA,NACIONAL,PIURA,PIURA,TAMBO GRANDE,-4.890839580118923,-80.32858155992086,PE-1NL,46.35310279250358
2022-08-07,2022,8,6,0,1,0,ATROPELLO FUGA,EN PROCESO DE INVESTIGACIÓN,ASFALTADA,CARRETERA,NACIONAL,ICA,PISCO,PISCO,-13.69499103644271,-76.1640349012398,PE-1SE,33.09363942053917
2022-08-07,2022,8,6,0,1,0,ATROPELLO FUGA,IMPRUDENCIA DEL PEATÓN,ASFALTADA,CARRETERA,NACIONAL,CUSCO,CANCHIS,SAN PABLO,-14.2028068229023,-71.31008320786603,PE-3S,1101.2358114740678
2022-08-07,2022,8,6,0,1,0,ATROPELLO FUGA,EN PROCESO DE INVESTIGACIÓN,ASFALTADA,CARRETERA,NACIONAL,LIMA,HUAURA,HUACHO,-11.178727170830298,-77.5801062075591,PE-1N,141.00249050149176
2022-08-07,2022,8,6,0,1,0,CHOQUE,IMPRUDENCIA DEL CONDUCTOR,ASFALTADA,CARRETERA,NACIONAL,LA LIBERTAD,CHEPEN,CHEPEN,-7.222826,-79.438933,PE-1N,706.0930099533794
2022-08-07,2022,8,6,0,2,1,DESPISTE,IMPRUDENCIA DEL CONDUCTOR,ASFALTADA,CARRETERA,NACIONAL,HUANUCO,HUAMALIES,MONZON,-9.215974,-76.253808,PE-14A,381.9727628086552
2022-08-07,2022,8,6,0,1,4,DESPISTE,EN PROCESO DE INVESTIGACIÓN,ASFALTADA,CARRETERA,NACIONAL,ICA,CHINCHA,GROCIO PRADO,-13.352225,-76.222516,PE-1S,178.27610211314098
2022-08-07,2022,8,6,0,1,5,DESPISTE,IMPRUDENCIA DEL CONDUCTOR,ASFALTADA,CARRETERA,NACIONAL,PIURA,PIURA,VEINTISEIS DE OCTUBRE,-5.149578,-80.696486,PE-1N,1002.7857489142312
2022-08-07,2022,8,6,0,1,0,CHOQUE CON OBJETO FIJO,EN PROCESO DE INVESTIGACIÓN,ASFALTADA,CARRETERA,NACIONAL,MADRE DE DIOS,TAHUAMANU,TAHUAMANU,-11.859529,-69.147114,PE-30C,518.6501993836133
2022-08-07,2022,8,6,0,1,0,ATROPELLO,EN PROCESO DE INVESTIGACIÓN,ASFALTADA,CARRETERA,NACIONAL,LIMA,LIMA,CHACLACAYO,-11.97372633877707,-76.76030960606235,PE-22,26.822603172652904
2022-08-08,2022,8,0,0,1,3,CHOQUE CON OBJETO FIJO,IMPRUDENCIA DEL CONDUCTOR,ASFALTADA,CARRETERA,NACIONAL,CUSCO,ESPINAR,ESPINAR,-14.770705922541334,-71.38786726929791,PE-34F,0.530752395297349
2022-08-08,2022,8,0,0,1,0,CHOQUE,IMPRUDENCIA DEL CONDUCTOR,ASFALTADA,CARRETERA,NACIONAL,ICA,CHINCHA,CHINCHA BAJA,-13.550856,-76.181042,PE-1SE,16.571278368648365
2022-08-08,2022,8,0,0,1,0,DESPISTE,EN PROCESO DE INVESTIGACIÓN,ASFALTADA,CARRETERA,NACIONAL,LIMA,LIMA,ANCON,-11.729107825290674,-77.16485530147563,PE-1N,54.44205779242349
2022-08-08,2022,8,0,0,1,0,ATROPELLO FUGA,EN PROCESO DE INVESTIGACIÓN,AFIRMADO,CARRETERA,NACIONAL,CUSCO,PAUCARTAMBO,KOSÑIPATA,-12.9650199,-71.4373363,PE-5S,702.7857909002289
2022-08-08,2022,8,0,0,4,0,CHOQUE,IMPRUDENCIA DEL CONDUCTOR,ASFALTADA,CARRETERA,NACIONAL,CUSCO,QUISPICANCHI,QUIQUIJANA,-13.838127,-71.536362,PE-3S,1046.8777644325542
2022-08-08,2022,8,0,0,1,0,CAÍDA DE PASAJERO,EN PROCESO DE INVESTIGACIÓN,ASFALTADA,CARRETERA,NACIONAL,ICA,ICA,PARCONA,-14.053411647010996,-75.70586567905632,PE-1SC,5.509099640885058
2022-08-08,2022,8,0,0,1,0,DESPISTE,EN PROCESO DE INVESTIGACIÓN,ASFALTADA,CARRETERA,NACIONAL,PIURA,SULLANA,SULLANA,-4.920598239780908,-80.63019672290905,PE-1NL,7.685988903898722
2022-08-09,2022,8,1,0,1,0,ATROPELLO,EN PROCESO DE INVESTIGACIÓN,ASFALTADA,CARRETERA,NACIONAL,CALLAO,CALLAO,CALLAO,-11.99537093592066,-77.12587874855186,PE-20,19.284215835321483
2022-08-10,2022,8,2,0,2,1,CHOQUE,IMPRUDENCIA DEL CONDUCTOR,ASFALTADA,CARRETERA,NACIONAL,LA LIBERTAD,VIRU,CHAO,-8.499772,-78.690465,PE-1N,502.4251108169277
2022-08-10,2022,8,2,0,2,0,CHOQUE,IMPRUDENCIA DEL CONDUCTOR,ASFALTADA,CARRETERA,NACIONAL,LA LIBERTAD,ASCOPE,CHOCOPE,-7.772321,-79.255668,PE-1N,618.13121026505
2022-08-11,2022,8,3,0,1,0,CHOQUE,IMPRUDENCIA DEL CONDUCTOR,ASFALTADA,CARRETERA,NACIONAL,JUNIN,CONCEPCION,ORCOTUNA,-11.96316459265405,-75.30982355220488,PE-3SB,26.5404390361485
2022-08-11,2022,8,3,0,1,3,CHOQUE,EN PROCESO DE INVESTIGACIÓN,,CARRETERA,NACIONAL,MADRE DE DIOS,TAMBOPATA,INAMBARI,-12.925405,-70.299655,PE-30C,286.2898709957957
2022-08-11,2022,8,3,0,1,1,ATROPELLO,IMPRUDENCIA DEL CONDUCTOR,ASFALTADA,CARRETERA,NACIONAL,ICA,PISCO,PISCO,-13.716623,-76.21358,PE-1SG,4.920565957105661
2022-08-12,2022,8,4,0,1,0,ATROPELLO FUGA,EN PROCESO DE INVESTIGACIÓN,ASFALTADA,CARRETERA,NACIONAL,LA LIBERTAD,TRUJILLO,HUANCHACO,-8.090622,-79.09733,PE-1N,573.9485911800481
2022-08-12,2022,8,4,0,1,0,DESPISTE,EN PROCESO DE INVESTIGACIÓN,ASFALTADA,CARRETERA,NACIONAL,PIURA,PIURA,PIURA,-5.1846409851612885,-80.6489166240722,PE-1N,995.8087872012042
2022-08-12,2022,8,4,0,1,1,CHOQUE,IMPRUDENCIA DEL CONDUCTOR,ASFALTADA,CARRETERA,NACIONAL,SAN MARTIN,MOYOBAMBA,HABANA,-6.0874,-77.085152,PE-08B,548.6133002622489
2022-08-13,2022,8,5,0,1,0,CHOQUE,IMPRUDENCIA DEL CONDUCTOR,ASFALTADA,CARRETERA,NACIONAL,LIMA,HUAURA,HUACHO,-11.301694152040682,-77.49158262185176,PE-1N,124.30407173485828
2022-08-13,2022,8,5,0,1,3,DESPISTE,IMPRUDENCIA DEL CONDUCTOR,ASFALTADA,CARRETERA,NACIONAL,LIMA,HUAURA,CHECRAS,-10.86345689997128,-76.96466261213189,PE-18,93.9794140302568
2022-08-13,2022,8,5,0,1,0,ATROPELLO FUGA,IMPRUDENCIA DEL CONDUCTOR,ASFALTADA,CARRETERA,NACIONAL,LIMA,HUAURA,VEGUETA,-10.9432,-77.64738,PE-1N,170.67661849350682
2022-08-13,2022,8,5,0,1,0,CHOQUE,EN PROCESO DE INVESTIGACIÓN,ASFALTADA,CARRETERA,NACIONAL,LAMBAYEQUE,LAMBAYEQUE,OLMOS,-5.939578,-79.759518,PE-1NJ,96.76344424995746
2022-08-13,2022,8,5,0,1,0,ATROPELLO,IMPERICIA DEL CONDUCTOR,ASFALTADA,CARRETERA,NACIONAL,PUNO,SAN ROMAN,SAN MIGUEL,-15.455654366486025,-70.10072345093727,PE-34H,4.591476135402161
2022-08-14,2022,8,6,0,1,2,DESPISTE,IMPRUDENCIA DEL CONDUCTOR,ASFALTADA,CARRETERA,NACIONAL,PUNO,CHUCUITO,JULI,-16.2509416,-69.3587262,PE-3S,1458.0090821825745
2022-08-14,2022,8,6,0,1,0,ATROPELLO,EN PROCESO DE INVESTIGACIÓN,ASFALTADA,CARRETERA,NACIONAL,LIMA,LIMA,VILLA EL SALVADOR,-12.24078967457405,-76.94706750505482,PE-1S,22.65304567494705
2022-08-14,2022,8,6,0,1,0,CHOQUE,IMPRUDENCIA DEL CONDUCTOR,ASFALTADA,CARRETERA,NACIONAL,ICA,ICA,SANTIAGO,-14.390245,-75.601089,PE-1S,338.73061794035385
2022-08-14,2022,8,6,0,1,0,DESPISTE,IMPRUDENCIA DEL CONDUCTOR,ASFALTADA,CARRETERA,NACIONAL,CUSCO,QUISPICANCHI,MARCAPATA,-13.5776715,-70.9256111,PE-30C,134.08230152898847
2022-08-14,2022,8,6,0,1,0,CHOQUE,IMPRUDENCIA DEL CONDUCTOR,ASFALTADA,CARRETERA,NACIONAL,TACNA,TACNA,LA YARADA LOS PALOS,-18.149862,-70.443709,PE-1SD,368.11830209633206
2022-08-14,2022,8,6,0,1,1,DESPISTE,EN PROCESO DE INVESTIGACIÓN,ASFALTADA,CARRETERA,NACIONAL,CAJAMARCA,CELENDIN,JOSE GALVEZ,-6.94201167,-78.190175,PE-08B,82.98176125100035
2022-08-14,2022,8,6,0,1,0,DESPISTE,EN PROCESO DE INVESTIGACIÓN,ASFALTADA,CARRETERA,NACIONAL,PIURA,SECHURA,SECHURA,-5.598874,-80.835954,PE-1NK,52.67534749945775
2022-08-15,2022,8,0,0,1,0,CHOQUE,IMPRUDENCIA DEL CONDUCTOR,ASFALTADA,CARRETERA,NACIONAL,CUSCO,ANTA,LIMATAMBO,-13.45163,-72.411301,PE-3S,901.0766207311674
2022-08-15,2022,8,0,0,1,0,CHOQUE,EN PROCESO DE INVESTIGACIÓN,ASFALTADA,CARRETERA,NACIONAL,LAMBAYEQUE,LAMBAYEQUE,MOCHUMI,-6.541648,-79.864795,PE-1NJ,16.25817476217154
2022-08-15,2022,8,0,0,1,1,CHOQUE,IMPRUDENCIA DEL CONDUCTOR,ASFALTADA,CARRETERA,NACIONAL,PUNO,CHUCUITO,JULI,-16.216189,-69.499112,PE-3S,1438.650327574917
2022-08-16,2022,8,1,0,1,1,CHOQUE,EN PROCESO DE INVESTIGACIÓN,ASFALTADA,CARRETERA,NACIONAL,ANCASH,CASMA,CASMA,-9.438507,-78.355124,PE-1N,382.2115566307764
2022-08-16,2022,8,1,0,8,0,CHOQUE,IMPRUDENCIA DEL CONDUCTOR,ASFALTADA,CARRETERA,NACIONAL,CUSCO,CANCHIS,MARANGANI,-14.349936641726169,-71.1777858914201,PE-3S,1125.1072520025932
2022-08-16,2022,8,1,0,1,0,ATROPELLO,IMPRUDENCIA DEL PEATÓN,ASFALTADA,CARRETERA,NACIONAL,TUMBES,TUMBES,TUMBES,-3.5561734269643166,-80.44382035685847,PE-1N,1280.191553221475
2022-08-16,2022,8,1,0,1,0,ATROPELLO,IMPRUDENCIA DEL PEATÓN,TROCHA,CARRETERA,NACIONAL,HUANUCO,HUANUCO,QUISQUI (KICHKI),-9.921653,-76.359124,PE-3N,246.0222767201052
2022-08-17,2022,8,2,0,1,1,CHOQUE,EN PROCESO DE INVESTIGACIÓN,ASFALTADA,CARRETERA,NACIONAL,ICA,NASCA,NASCA,-14.86775937553085,-74.98377710043235,PE-1S,450.4687727435068
2022-08-17,2022,8,2,0,1,0,DESPISTE,IMPRUDENCIA DEL CONDUCTOR,ASFALTADA,CARRETERA,NACIONAL,LA LIBERTAD,VIRU,CHAO,-8.50491,-78.688881,PE-1N,501.8315039276122
2022-08-17,2022,8,2,0,1,3,CHOQUE,IMPRUDENCIA DEL CONDUCTOR,ASFALTADA,CARRETERA,NACIONAL,PUNO,SAN ROMAN,CABANILLAS,-15.6790683,-70.4039444,PE-34A,263.2880638995846
2022-08-17,2022,8,2,0,1,2,DESPISTE,EN PROCESO DE INVESTIGACIÓN,ASFALTADA,CARRETERA,NACIONAL,ICA,ICA,SALAS,-13.934904228274034,-75.86539410116751,PE-1S,274.571310078881
2022-08-18,2022,8,3,0,1,0,CHOQUE,EN PROCESO DE INVESTIGACIÓN,ASFALTADA,CARRETERA,NACIONAL,PASCO,PASCO,HUARIACA,-10.43900461819994,-76.19083504719426,PE-3N,167.27164877711397
2022-08-18,2022,8,3,0,1,1,DESPISTE,IMPRUDENCIA DEL CONDUCTOR,ASFALTADA,CARRETERA,NACIONAL,JUNIN,JAUJA,CURICACA,-11.79082920119049,-75.6894009748328,PE-3S,46.336836472191166
2022-08-18,2022,8,3,0,1,0,VOLCADURA,EN PROCESO DE INVESTIGACIÓN,ASFALTADA,CARRETERA,NACIONAL,CAJAMARCA,CAJAMARCA,LOS BAÑOS DEL INCA,-7.16498167,-78.475735,PE-08B,2.9433908118279195
2022-08-20,2022,8,5,0,2,0,CHOQUE,NEGLIGENCIA DEL CONDUCTOR,ASFALTADA,CARRETERA,NACIONAL,PUNO,SAN ROMAN,SAN MIGUEL,-15.4107567,-70.149596,PE-3S,1307.3006023108023
2022-08-20,2022,8,5,0,1,0,VOLCADURA,IMPRUDENCIA DEL CONDUCTOR,ASFALTADA,CARRETERA,NACIONAL,PUNO,SAN ROMAN,SAN MIGUEL,-15.47996,-70.11978,PE-34H,0.7376297450067544
2022-08-20,2022,8,5,0,1,1,DESPISTE,EN PROCESO DE INVESTIGACIÓN,TROCHA,CARRETERA,NACIONAL,ANCASH,HUARI,HUANTAR,-9.45038473266791,-77.17980723488128,PE-14A,65.37374812512887
2022-08-20,2022,8,5,0,1,0,ATROPELLO,EN PROCESO DE INVESTIGACIÓN,ASFALTADA,CARRETERA,NACIONAL,LA LIBERTAD,CHEPEN,PACANGA,-7.080469,-79.543838,PE-1N,728.2802368526621
2022-08-21,2022,8,6,0,1,0,ATROPELLO,IMPRUDENCIA DEL PEATÓN,ASFALTADA,CARRETERA,NACIONAL,UCAYALI,CORONEL PORTILLO,CAMPOVERDE,-8.462914202544406,-74.79043359000752,PE-18C,55.10702168139657
2022-08-21,2022,8,6,0,4,17,DESPISTE,IMPRUDENCIA DEL CONDUCTOR,ASFALTADA,CARRETERA,NACIONAL,CUSCO,LA CONVENCION,HUAYOPATA,-13.134524372311049,-72.30551066918457,PE-28B,559.762274032836
2022-08-21,2022,8,6,0,1,0,DESPISTE,EN PROCESO DE INVESTIGACIÓN,ASFALTADA,CARRETERA,NACIONAL,ICA,ICA,PUEBLO NUEVO,-14.123743,-75.716513,PE-1S,304.5187414580828
2022-08-21,2022,8,6,0,1,0,ATROPELLO FUGA,EN PROCESO DE INVESTIGACIÓN,ASFALTADA,CARRETERA,NACIONAL,LA LIBERTAD,TRUJILLO,MOCHE,-8.172859,-78.999754,PE-1N,554.4674958072408
2022-08-21,2022,8,6,0,1,0,ATROPELLO FUGA,EN PROCESO DE INVESTIGACIÓN,ASFALTADA,CARRETERA,NACIONAL,HUANUCO,LEONCIO PRADO,LUYANDO,-9.236276,-75.990074,PE-18A,130.61778901615114
2022-08-22,2022,8,0,0,1,0,ATROPELLO FUGA,IMPRUDENCIA DEL CONDUCTOR,ASFALTADA,CARRETERA,NACIONAL,PUNO,PUNO,PLATERIA,-15.941423923055954,-69.8608213651606,PE-3S,1388.5463854327131
2022-08-22,2022,8,0,0,1,0,CHOQUE,EN PROCESO DE INVESTIGACIÓN,ASFALTADA,CARRETERA,NACIONAL,LA LIBERTAD,VIRU,GUADALUPITO,-8.966218,-78.621979,PE-1N,446.0374624791045
2022-08-22,2022,8,0,0,1,1,CHOQUE,IMPRUDENCIA DEL CONDUCTOR,ASFALTADA,CARRETERA,NACIONAL,LA LIBERTAD,VIRU,VIRU,-8.364427,-78.870685,PE-1N,528.3104434769374
2022-08-22,2022,8,0,0,1,3,CHOQUE,EN PROCESO DE INVESTIGACIÓN,ASFALTADA,CARRETERA,NACIONAL,ICA,NASCA,MARCONA,-15.294279,-75.129566,PE-30,27.44714101187833
2022-08-22,2022,8,0,0,1,0,CHOQUE,IMPRUDENCIA DEL CONDUCTOR,ASFALTADA,CARRETERA,NACIONAL,PUNO,CHUCUITO,DESAGUADERO,-16.592826040394534,-69.07447273556632,PE-36A,302.1109790295102
2022-08-23,2022,8,1,0,3,3,CHOQUE,EN PROCESO DE INVESTIGACIÓN,ASFALTADA,CARRETERA,NACIONAL,AREQUIPA,AREQUIPA,UCHUMAYO,-16.430772,-71.69295,PE-34A,21.496576019205524
2022-08-23,2022,8,1,0,1,0,CHOQUE,EN PROCESO DE INVESTIGACIÓN,ASFALTADA,CARRETERA,NACIONAL,LIMA,LIMA,EL AGUSTINO,-12.03010121507606,-77.00158913661262,PE-1N,4.8289991150608
2022-08-23,2022,8,1,0,1,0,CHOQUE,EN PROCESO DE INVESTIGACIÓN,ASFALTADA,CARRETERA,NACIONAL,AREQUIPA,AREQUIPA,VITOR,-16.481673,-71.902491,PE-1S,951.288756554167
2022-08-23,2022,8,1,0,1,0,ATROPELLO,IMPRUDENCIA DEL CONDUCTOR,ASFALTADA,CARRETERA,NACIONAL,LA LIBERTAD,CHEPEN,PACANGA,-7.153337,-79.447408,PE-1N,715.0040440984632
2022-08-24,2022,8,2,0,2,0,CHOQUE,IMPRUDENCIA DEL CONDUCTOR,ASFALTADA,CARRETERA,NACIONAL,JUNIN,SATIPO,SATIPO,-11.236908688363789,-74.59163535621825,PE-5S,117.05031302190147
2022-08-24,2022,8,2,0,1,0,ATROPELLO,EN PROCESO DE INVESTIGACIÓN,ASFALTADA,CARRETERA,NACIONAL,PIURA,MORROPON,BUENOS AIRES,-5.244092,-79.983219,PE-02A,16.567745578099725
2022-08-24,2022,8,2,0,1,0,ATROPELLO,EN PROCESO DE INVESTIGACIÓN,ASFALTADA,CARRETERA,NACIONAL,ANCASH,HUARAZ,HUARAZ,-9.542900409793337,-77.53353210762585,PE-3N,578.477797199485
2022-08-25,2022,8,3,0,1,0,DESPISTE,EN PROCESO DE INVESTIGACIÓN,ASFALTADA,CARRETERA,NACIONAL,LAMBAYEQUE,LAMBAYEQUE,OLMOS,-5.982158,-79.743202,PE-1NJ,91.5813193392544
2022-08-25,2022,8,3,0,1,0,ATROPELLO,EN PROCESO DE INVESTIGACIÓN,ASFALTADA,CARRETERA,NACIONAL,LIMA,LIMA,ATE,-12.01224672467052,-76.8780904627646,PE-22,13.365105519936323
2022-08-25,2022,8,3,0,2,0,CHOQUE,IMPRUDENCIA DEL CONDUCTOR,ASFALTADA,CARRETERA,NACIONAL,PUNO,SAN ROMAN,CARACOTO,-15.5541218,-70.106811,PE-3S,1326.6360032837822
2022-08-25,2022,8,3,0,1,0,CHOQUE,IMPRUDENCIA DEL CONDUCTOR,ASFALTADA,CARRETERA,NACIONAL,JUNIN,JUNIN,CARHUAMAYO,-10.920776904776764,-76.06148025523774,PE-3N,83.37463185780611
2022-08-25,2022,8,3,0,1,0,CAÍDA DE PASAJERO,EN PROCESO DE INVESTIGACIÓN,ASFALTADA,CARRETERA,NACIONAL,ICA,CHINCHA,TAMBO DE MORA,-13.417491,-76.189702,PE-1SE,1.4663889274265325
2022-08-26,2022,8,4,0,1,2,CHOQUE,IMPRUDENCIA DEL CONDUCTOR,ASFALTADA,CARRETERA,NACIONAL,ICA,PISCO,SAN ANDRES,-13.75241922372558,-76.23002256284606,PE-1SG,9.855171622401144
2022-08-26,2022,8,4,0,1,0,CHOQUE,IMPRUDENCIA DEL CONDUCTOR,ASFALTADA,CARRETERA,NACIONAL,PUNO,MELGAR,SANTA ROSA,-14.511090871386196,-70.92338917480916,PE-3S,1161.2216716965695
2022-08-26,2022,8,4,0,1,0,ATROPELLO FUGA,EN PROCESO DE INVESTIGACIÓN,ASFALTADA,CARRETERA,NACIONAL,LIMA,LIMA,ANCON,-11.773241,-77.159443,PE-1N,44.42351021224607
2022-08-26,2022,8,4,0,1,0,CHOQUE,EN PROCESO DE INVESTIGACIÓN,ASFALTADA,CARRETERA,NACIONAL,LAMBAYEQUE,CHICLAYO,LAGUNAS,-6.9788991,-79.6453884,PE-1N,744.4126396102191
2022-08-26,2022,8,4,0,1,0,CHOQUE,IMPRUDENCIA DEL CONDUCTOR,ASFALTADA,CARRETERA,NACIONAL,ICA,ICA,SANTIAGO,-14.136837733086454,-75.71752216110073,PE-1S,305.979170116043
2022-08-27,2022,8,5,0,1,1,CHOQUE,IMPRUDENCIA DEL CONDUCTOR,ASFALTADA,CARRETERA,NACIONAL,CUSCO,CUSCO,CUSCO,-13.498365288326452,-71.97271225515456,PE-28G,8.188322264432582
2022-08-27,2022,8,5,0,1,0,CHOQUE,EN PROCESO DE INVESTIGACIÓN,ASFALTADA,CARRETERA,NACIONAL,LIMA,LIMA,SANTIAGO DE SURCO,-12.1119264,-76.9778515,PE-1S,6.334420472601336
2022-08-27,2022,8,5,0,1,0,ATROPELLO,EN PROCESO DE INVESTIGACIÓN,ASFALTADA,CARRETERA,NACIONAL,PIURA,SULLANA,SULLANA,-4.919471520306107,-80.63773288648704,PE-1NL,6.834566870071702
2022-08-28,2022,8,6,0,1,0,ATROPELLO FUGA,EN PROCESO DE INVESTIGACIÓN,ASFALTADA,CARRETERA,NACIONAL,LAMBAYEQUE,CHICLAYO,LA VICTORIA,-6.8018,-79.8415,PE-1N,777.3188359036479
2022-08-28,2022,8,6,0,1,0,ATROPELLO,IMPRUDENCIA DEL PEATÓN,ASFALTADA,CARRETERA,NACIONAL,CUSCO,ANTA,ANTA,-13.495006009696889,-72.17907058881109,PE-3S,941.3475894346036
2022-08-28,2022,8,6,0,1,0,CHOQUE,EN PROCESO DE INVESTIGACIÓN,ASFALTADA,CARRETERA,NACIONAL,AREQUIPA,ISLAY,MOLLENDO,-17.054827,-71.963093,PE-1SD,114.82479901304188
2022-08-28,2022,8,6,0,1,0,ATROPELLO,IMPRUDENCIA DEL PEATÓN,ASFALTADA,CARRETERA,NACIONAL,JUNIN,SATIPO,SATIPO,-11.247901566201907,-74.6372883987367,PE-24A,207.3427366234609
2022-08-29,2022,8,0,0,1,0,ATROPELLO,EN PROCESO DE INVESTIGACIÓN,ASFALTADA,CARRETERA,NACIONAL,LIMA,LIMA,PUENTE PIEDRA,-11.8293549,-77.1187043,PE-1N,36.75899406050255
2022-08-30,2022,8,1,0,1,0,CHOQUE CON OBJETO FIJO,EN PROCESO DE INVESTIGACIÓN,ASFALTADA,CARRETERA,NACIONAL,AREQUIPA,AREQUIPA,JOSE LUIS BUSTAMANTE Y RIVERO,-16.425451,-71.5318611,PE-34C,6.461148723283958
2022-08-30,2022,8,1,0,1,0,ATROPELLO,EN PROCESO DE INVESTIGACIÓN,ASFALTADA,CARRETERA,NACIONAL,LAMBAYEQUE,LAMBAYEQUE,OLMOS,-5.989715,-79.706363,PE-1NJ,87.2713924367288
2022-08-30,2022,8,1,0,1,0,ATROPELLO FUGA,IMPRUDENCIA DEL CONDUCTOR,ASFALTADA,CARRETERA,NACIONAL,JUNIN,HUANCAYO,SAN AGUSTIN,-12.015720113908449,-75.24374119704983,PE-3S,117.23305684180002
2022-08-30,2022,8,1,0,1,0,DESPISTE,IMPRUDENCIA DEL CONDUCTOR,ASFALTADA,CARRETERA,NACIONAL,HUANUCO,HUAMALIES,MONZON,-9.209676,-76.151048,PE-14A,395.4764146067668
2022-08-30,2022,8,1,0,1,0,ATROPELLO,EN PROCESO DE INVESTIGACIÓN,ASFALTADA,CARRETERA,NACIONAL,LIMA,LIMA,LOS OLIVOS,-11.9770516,-77.08195513,PE-20J,
2022-08-30,2022,8,1,0,1,0,ATROPELLO,EN PROCESO DE INVESTIGACIÓN,ASFALTADA,CARRETERA,NACIONAL,LIMA,LIMA,PUENTE PIEDRA,-11.872988,-77.06937683,PE-1N,29.383081664654117
2022-09-02,2022,9,4,0,1,0,DESPISTE,IMPRUDENCIA DEL CONDUCTOR,ASFALTADA,CARRETERA,NACIONAL,PUNO,MELGAR,SANTA ROSA,-14.6000202,-70.8358466,PE-3S,1175.8436124693917
2022-09-03,2022,9,5,0,1,1,CHOQUE FUGA,EN PROCESO DE INVESTIGACIÓN,ASFALTADA,CARRETERA,NACIONAL,ICA,PISCO,SAN CLEMENTE,-13.593712926364402,-76.1450036305988,PE-1S,211.83634264829183
2022-09-03,2022,9,5,0,2,2,CHOQUE,EN PROCESO DE INVESTIGACIÓN,ASFALTADA,CARRETERA,NACIONAL,AREQUIPA,AREQUIPA,SAN JUAN DE TARUCANI,-16.0537867,-71.3401677,PE-34A,122.16987088443098
2022-09-03,2022,9,5,0,1,6,CHOQUE,IMPRUDENCIA DEL CONDUCTOR,ASFALTADA,CARRETERA,NACIONAL,HUANUCO,HUANUCO,QUISQUI (KICHKI),-9.892991,-76.449561,PE-3N,264.8304375314916
2022-09-04,2022,9,6,0,1,4,DESPISTE,IMPRUDENCIA DEL CONDUCTOR,ASFALTADA,CARRETERA,NACIONAL,CUSCO,ESPINAR,CONDOROMA,-15.245361,-71.151901,PE-34J,65.59279256109075
2022-09-04,2022,9,6,0,1,0,ATROPELLO FUGA,IMPRUDENCIA DEL CONDUCTOR,ASFALTADA,CARRETERA,NACIONAL,JUNIN,JAUJA,SINCOS,-11.881666616868475,-75.39622566016249,PE-3SB,13.367341797534689
2022-09-04,2022,9,6,0,1,0,CHOQUE,IMPRUDENCIA DEL CONDUCTOR,ASFALTADA,CARRETERA,NACIONAL,PUNO,LAMPA,SANTA LUCIA,-15.6534716,-70.6776218,PE-34A,227.4977944357755
2022-09-04,2022,9,6,0,1,1,CHOQUE,IMPRUDENCIA DEL CONDUCTOR,ASFALTADA,CARRETERA,NACIONAL,HUANUCO,LEONCIO PRADO,PUEBLO NUEVO,-9.079752,-76.063805,PE-5N,501.8917819139208
2022-09-04,2022,9,6,0,1,0,DESPISTE,IMPRUDENCIA DEL CONDUCTOR,ASFALTADA,CARRETERA,NACIONAL,CUSCO,QUISPICANCHI,CAMANTI,-13.21818,-70.727843,PE-30C,193.0172917316281
2022-09-04,2022,9,6,0,1,0,ATROPELLO FUGA,IMPRUDENCIA DEL PEATÓN,ASFALTADA,CARRETERA,NACIONAL,TACNA,TACNA,LA YARADA LOS PALOS,-18.160299,-70.466707,PE-1SD,365.2930887153868
2022-09-04,2022,9,6,0,3,0,CHOQUE,EN PROCESO DE INVESTIGACIÓN,ASFALTADA,CARRETERA,NACIONAL,AMAZONAS,UTCUBAMBA,JAMALCA,-5.819257,-78.2851812,PE-5N,1303.8307578245197
2022-09-04,2022,9,6,0,1,1,DESPISTE,IMPRUDENCIA DEL CONDUCTOR,ASFALTADA,CARRETERA,NACIONAL,ICA,CHINCHA,CHINCHA BAJA,-13.516056,-76.183805,PE-1SE,12.701453696035571
2022-09-04,2022,9,6,0,1,0,CHOQUE,EN PROCESO DE INVESTIGACIÓN,ASFALTADA,CARRETERA,NACIONAL,LA LIBERTAD,PACASMAYO,SAN PEDRO DE LLOC,-7.418508,-79.503362,PE-1N,670.3681466077454
2022-09-04,2022,9,6,0,1,0,ATROPELLO,IMPRUDENCIA DEL PEATÓN,ASFALTADA,CARRETERA,NACIONAL,ANCASH,CARHUAZ,ANTA,-9.362727629586129,-77.5948208322117,PE-3N,601.5075268890703
2022-09-05,2022,9,0,0,1,1,DESPISTE,IMPRUDENCIA DEL CONDUCTOR,ASFALTADA,CARRETERA,NACIONAL,TACNA,TACNA,PALCA,-17.720346,-69.85268,PE-40,91.37607355520188
2022-09-05,2022,9,0,0,1,1,CHOQUE,EN PROCESO DE INVESTIGACIÓN,ASFALTADA,CARRETERA,NACIONAL,PIURA,PIURA,CATACAOS,-5.291043,-80.694731,PE-1NK,8.638303494659809
2022-09-05,2022,9,0,0,1,0,CHOQUE,IMPRUDENCIA DEL CONDUCTOR,ASFALTADA,CARRETERA,NACIONAL,PIURA,PIURA,LAS LOMAS,-4.635888944321333,-80.21608463004686,PE-1NL,81.01762100586171
2022-09-05,2022,9,0,0,1,0,ATROPELLO FUGA,EN PROCESO DE INVESTIGACIÓN,ASFALTADA,CARRETERA,NACIONAL,ICA,PISCO,SAN ANDRES,-13.712419582998914,-76.16259411098763,PE-1SB,1.2183141829172228
2022-09-06,2022,9,1,0,1,0,ATROPELLO FUGA,EN PROCESO DE INVESTIGACIÓN,ASFALTADA,CARRETERA,NACIONAL,CUSCO,ANTA,ANCAHUASI,-13.461588,-72.289324,PE-3S,928.0526835060734
2022-09-06,2022,9,1,0,1,5,CHOQUE,IMPRUDENCIA DEL CONDUCTOR,ASFALTADA,CARRETERA,NACIONAL,LA LIBERTAD,SANCHEZ CARRION,HUAMACHUCO,-7.797149,-77.979515,PE-3N,1112.0112081331597
2022-09-06,2022,9,1,0,1,0,CHOQUE,EN PROCESO DE INVESTIGACIÓN,ASFALTADA,CARRETERA,NACIONAL,AREQUIPA,AREQUIPA,UCHUMAYO,-16.4480264906928,-71.6963396678696,PE-34A,17.996397212356733
2022-09-06,2022,9,1,0,1,0,CHOQUE,EN PROCESO DE INVESTIGACIÓN,ASFALTADA,CARRETERA,NACIONAL,ICA,ICA,SALAS,-13.932476501803674,-75.90137908551644,PE-1S,270.67057700701366
2022-09-06,2022,9,1,0,1,0,ATROPELLO,IMPRUDENCIA DEL PEATÓN,ASFALTADA,CARRETERA,NACIONAL,PUNO,CHUCUITO,ZEPITA,-16.420344386832223,-69.17697611976979,PE-3S,1488.2444695958338
2022-09-07,2022,9,2,0,3,4,DESPISTE,EN PROCESO DE INVESTIGACIÓN,AFIRMADO,CARRETERA,NACIONAL,CAJAMARCA,HUALGAYOC,BAMBAMARCA,-6.81184833,-78.52093,PE-3NB,27.74769926282401
2022-09-07,2022,9,2,0,1,0,ATROPELLO,IMPRUDENCIA DEL CONDUCTOR,ASFALTADA,CARRETERA,NACIONAL,ICA,CHINCHA,CHINCHA BAJA,-13.52451224,-76.18294515,PE-1SE,13.638956053207682
2022-09-07,2022,9,2,0,1,6,DESPISTE,IMPRUDENCIA DEL CONDUCTOR,ASFALTADA,CARRETERA,NACIONAL,ICA,CHINCHA,GROCIO PRADO,-13.37090848,-76.21061733,PE-1S,180.7205230759129
2022-09-07,2022,9,2,0,1,0,ATROPELLO,EN PROCESO DE INVESTIGACIÓN,ASFALTADA,CARRETERA,NACIONAL,PIURA,PIURA,TAMBO GRANDE,-4.937904985516145,-80.34658990521181,PE-1NU,27.582936047705584
2022-09-07,2022,9,2,0,1,0,ATROPELLO,EN PROCESO DE INVESTIGACIÓN,ASFALTADA,CARRETERA,NACIONAL,LAMBAYEQUE,LAMBAYEQUE,MOTUPE,-6.1622747,-79.6995453,PE-1NJ,64.2763758181024
2022-09-08,2022,9,3,0,1,0,ATROPELLO FUGA,EN PROCESO DE INVESTIGACIÓN,ASFALTADA,CARRETERA,NACIONAL,LAMBAYEQUE,CHICLAYO,MONSEFU,-6.8525446,-79.826536,PE-1N,770.0685852997774
2022-09-08,2022,9,3,0,1,0,CHOQUE CON OBJETO FIJO,EN PROCESO DE INVESTIGACIÓN,ASFALTADA,CARRETERA,NACIONAL,LIMA,LIMA,SANTIAGO DE SURCO,-12.14513265714188,-76.98188781738283,PE-1S,10.091001229680622
2022-09-08,2022,9,3,0,1,0,ATROPELLO,EN PROCESO DE INVESTIGACIÓN,ASFALTADA,CARRETERA,NACIONAL,LA LIBERTAD,VIRU,VIRU,-8.361588718090237,-78.87269059512508,PE-1N,528.6949865719153
2022-09-09,2022,9,4,0,1,0,CHOQUE,IMPRUDENCIA DEL CONDUCTOR,ASFALTADA,CARRETERA,NACIONAL,TUMBES,TUMBES,TUMBES,-3.546450350732249,-80.39683026628057,PE-1N,1285.505338891054
2022-09-09,2022,9,4,0,1,0,DESPISTE,EN PROCESO DE INVESTIGACIÓN,ASFALTADA,CARRETERA,NACIONAL,AREQUIPA,AREQUIPA,UCHUMAYO,-16.4473730886001,-71.6987912068164,PE-34A,18.289999837446764
2022-09-09,2022,9,4,0,3,0,DESPISTE,EN PROCESO DE INVESTIGACIÓN,TROCHA,CARRETERA,NACIONAL,LIMA,CAJATAMBO,HUANCAPON,-10.463511,-77.098645,PE-16A,100.12732904716351
2022-09-09,2022,9,4,0,1,0,ATROPELLO,EN PROCESO DE INVESTIGACIÓN,,CARRETERA,NACIONAL,CAJAMARCA,CAJAMARCA,CAJAMARCA,-7.1889496,-78.472057,PE-3N,1269.8330822179398
2022-09-09,2022,9,4,0,1,0,ATROPELLO,EN PROCESO DE INVESTIGACIÓN,TROCHA,CARRETERA,NACIONAL,AREQUIPA,AREQUIPA,LA JOYA,-16.643654,-71.8715585,PE-1S,982.6413188869748
2022-09-09,2022,9,4,0,1,1,ATROPELLO,EN PROCESO DE INVESTIGACIÓN,ASFALTADA,CARRETERA,NACIONAL,LAMBAYEQUE,CHICLAYO,CHICLAYO,-6.767848,-79.872157,PE-1N,783.8318795093747
2022-09-09,2022,9,4,0,2,0,CHOQUE,EN PROCESO DE INVESTIGACIÓN,ASFALTADA,CARRETERA,NACIONAL,AMAZONAS,LUYA,SAN JERONIMO,-5.9214044,-78.1221324,PE-5N,1277.7725958846927
2022-09-10,2022,9,5,0,1,0,CHOQUE,EN PROCESO DE INVESTIGACIÓN,ASFALTADA,CARRETERA,NACIONAL,CAJAMARCA,CAJAMARCA,CAJAMARCA,-7.18324759955135,-78.480325900348,PE-3N,1270.7588919219886
2022-09-10,2022,9,5,0,1,3,DESPISTE,EN PROCESO DE INVESTIGACIÓN,ASFALTADA,CARRETERA,NACIONAL,CAJAMARCA,CELENDIN,JOSE GALVEZ,-6.941962,-78.190139,PE-08B,82.98215641736374
2022-09-10,2022,9,5,0,1,2,CHOQUE,IMPRUDENCIA DEL CONDUCTOR,ASFALTADA,CARRETERA,NACIONAL,JUNIN,TARMA,LA UNION,-11.37485093259026,-75.88154385098277,PE-3N,25.203193666976617
2022-09-10,2022,9,5,0,1,0,ATROPELLO,IMPRUDENCIA DEL PEATÓN,ASFALTADA,CARRETERA,NACIONAL,HUANUCO,HUANUCO,CHURUBAMBA,-9.8394522753849,-76.1236411880271,PE-18A,21.58066092026698
2022-09-10,2022,9,5,0,1,2,CHOQUE,EN PROCESO DE INVESTIGACIÓN,ASFALTADA,CARRETERA,NACIONAL,LAMBAYEQUE,LAMBAYEQUE,OLMOS,-6.3143388,-80.2453331,PE-1N,852.2429777561838
2022-09-10,2022,9,5,0,1,1,ATROPELLO,EN PROCESO DE INVESTIGACIÓN,ASFALTADA,CARRETERA,NACIONAL,PIURA,MORROPON,SALITRAL,-5.435089,-79.767511,PE-02A,53.693411828308015
2022-09-10,2022,9,5,0,2,0,ATROPELLO,EN PROCESO DE INVESTIGACIÓN,ASFALTADA,CARRETERA,NACIONAL,ICA,CHINCHA,EL CARMEN,-13.57847387,-76.17195543,PE-1SE,19.86748822801028
2022-09-11,2022,9,6,0,1,0,CHOQUE CON OBJETO FIJO,EN PROCESO DE INVESTIGACIÓN,ASFALTADA,CARRETERA,NACIONAL,CAJAMARCA,CAJABAMBA,CAJABAMBA,-7.61436643,-78.05144613,PE-3N,1155.5611003052152
2022-09-11,2022,9,6,0,1,0,CHOQUE,IMPRUDENCIA DEL CONDUCTOR,ASFALTADA,CARRETERA,NACIONAL,ICA,CHINCHA,EL CARMEN,-13.59524097,-76.1658727273,PE-1SE,21.86621329641481
2022-09-11,2022,9,6,0,5,7,CHOQUE,EN PROCESO DE INVESTIGACIÓN,ASFALTADA,CARRETERA,NACIONAL,AREQUIPA,CAYLLOMA,SAN ANTONIO DE CHUCA,-15.7111933,-71.0532133,PE-34J,8.53553380447601
2022-09-11,2022,9,6,0,2,3,DESPISTE,IMPRUDENCIA DEL CONDUCTOR,TROCHA,CARRETERA,NACIONAL,HUANCAVELICA,CASTROVIRREYNA,SAN JUAN,-13.239866,-75.6172,PE-26,77.1054834470922
2022-09-11,2022,9,6,0,1,0,CHOQUE,EN PROCESO DE INVESTIGACIÓN,,CARRETERA,NACIONAL,CUSCO,CANAS,KUNTURKANKI,-14.547866,-71.297084,PE-34F,37.89676447156703
2022-09-12,2022,9,0,0,1,0,ATROPELLO,EN PROCESO DE INVESTIGACIÓN,ASFALTADA,CARRETERA,NACIONAL,LAMBAYEQUE,CHICLAYO,PIMENTEL,-6.770169,-79.875999,PE-1N,783.3342060853103
2022-09-12,2022,9,0,0,1,0,CHOQUE,IMPRUDENCIA DEL CONDUCTOR,ASFALTADA,CARRETERA,NACIONAL,AYACUCHO,HUANTA,SIVIA,-12.51206576,-73.85891497,PE-28H,27.89770153585649
2022-09-12,2022,9,0,0,1,0,ATROPELLO,EN PROCESO DE INVESTIGACIÓN,ASFALTADA,CARRETERA,NACIONAL,LA LIBERTAD,TRUJILLO,HUANCHACO,-7.987828,-79.076388,PE-1N,585.564741953603
2022-09-13,2022,9,1,0,1,0,CHOQUE,IMPRUDENCIA DEL CONDUCTOR,ASFALTADA,CARRETERA,NACIONAL,CUSCO,ESPINAR,PALLPATA,-14.880277,-71.216049,PE-3SG,269.6680727878991
2022-09-13,2022,9,1,0,1,2,CHOQUE,IMPRUDENCIA DEL CONDUCTOR,ASFALTADA,CARRETERA,NACIONAL,ANCASH,CARHUAZ,TINCO,-9.272423427454903,-77.65352364408837,PE-3N,614.733119665616
2022-09-14,2022,9,2,0,1,0,ATROPELLO,IMPRUDENCIA DEL PEATÓN,CONCRETO,CARRETERA,NACIONAL,SAN MARTIN,MOYOBAMBA,JEPELACIO,-6.166125,-76.835254,PE-5N,1033.2654287010027
2022-09-14,2022,9,2,0,2,0,DESPISTE,IMPERICIA DEL CONDUCTOR,CONCRETO,CARRETERA,NACIONAL,LIMA,OYON,OYON,-10.688409322162904,-76.73704985468738,PE-18,144.70594607134186
2022-09-14,2022,9,2,0,1,0,ATROPELLO,IMPRUDENCIA DEL CONDUCTOR,ASFALTADA,CARRETERA,NACIONAL,CUSCO,ANTA,ANTA,-13.4853890121181,-72.1671185752288,PE-3S,942.9889137944864
2022-09-15,2022,9,3,0,1,0,DESPISTE,IMPRUDENCIA DEL CONDUCTOR,ASFALTADA,CARRETERA,NACIONAL,LA LIBERTAD,TRUJILLO,HUANCHACO,-8.081512,-79.094993,PE-1N,575.0315363899441
2022-09-15,2022,9,3,0,1,0,CHOQUE,EN PROCESO DE INVESTIGACIÓN,ASFALTADA,CARRETERA,NACIONAL,LAMBAYEQUE,LAMBAYEQUE,MOTUPE,-6.092057,-79.702956,PE-1NJ,73.49031143528573
2022-09-16,2022,9,4,0,1,0,ATROPELLO,EN PROCESO DE INVESTIGACIÓN,ASFALTADA,CARRETERA,NACIONAL,CAJAMARCA,JAEN,JAEN,-5.69136,-78.796985,PE-5N,1391.007131247852
2022-09-16,2022,9,4,0,1,0,CHOQUE,IMPRUDENCIA DEL CONDUCTOR,ASFALTADA,CARRETERA,NACIONAL,LA LIBERTAD,CHEPEN,CHEPEN,-7.28922,-79.318503,PE-08,19.746829473940256
2022-09-16,2022,9,4,0,1,0,ATROPELLO,IMPRUDENCIA DEL CONDUCTOR,ASFALTADA,CARRETERA,NACIONAL,CUSCO,URUBAMBA,URUBAMBA,-13.31146,-72.10569,PE-28B,623.3726097198411
2022-09-16,2022,9,4,0,1,0,CHOQUE,IMPRUDENCIA DEL CONDUCTOR,ASFALTADA,CARRETERA,NACIONAL,TACNA,TACNA,TACNA,-18.093488,-70.308857,PE-1S,1302.419499343425
2022-09-17,2022,9,5,0,1,1,DESPISTE,IMPERICIA DEL CONDUCTOR,ASFALTADA,CARRETERA,NACIONAL,CUSCO,CHUMBIVILCAS,VELILLE,-14.647346650448808,-71.74718137447346,PE-3SW,27.15947128488501
2022-09-17,2022,9,5,0,1,0,CHOQUE,IMPRUDENCIA DEL CONDUCTOR,ASFALTADA,CARRETERA,NACIONAL,CALLAO,CALLAO,CALLAO,-11.959308,-77.128291,PE-20,15.256857942633024
2022-09-17,2022,9,5,0,1,0,ATROPELLO FUGA,IMPRUDENCIA DEL CONDUCTOR,ASFALTADA,CARRETERA,NACIONAL,PUNO,SAN ROMAN,SAN MIGUEL,-15.4741577,-70.1138208,PE-34H,1.6440303651527193
2022-09-17,2022,9,5,0,1,0,CHOQUE,EN PROCESO DE INVESTIGACIÓN,ASFALTADA,CARRETERA,NACIONAL,CAJAMARCA,SAN IGNACIO,CHIRINOS,-5.256299,-78.823819,PE-5N,1456.173775412408
2022-09-17,2022,9,5,0,1,0,ATROPELLO FUGA,EN PROCESO DE INVESTIGACIÓN,ASFALTADA,CARRETERA,NACIONAL,ANCASH,YUNGAY,YUNGAY,-9.141556235369022,-77.74627407668684,PE-3N,635.5130529808276
2022-09-17,2022,9,5,0,2,5,DESPISTE,IMPRUDENCIA DEL CONDUCTOR,TROCHA,CARRETERA,NACIONAL,HUANCAVELICA,HUAYTARA,PILPICHACA,-13.324067,-75.007877,PE-28E,11.125640737738316
2022-09-17,2022,9,5,0,1,2,CHOQUE,EN PROCESO DE INVESTIGACIÓN,ASFALTADA,CARRETERA,NACIONAL,CAJAMARCA,HUALGAYOC,BAMBAMARCA,-6.65279051917876,-78.5430953793554,PE-3N,1399.6990164652457
2022-09-17,2022,9,5,0,1,0,ATROPELLO,IMPRUDENCIA DEL PEATÓN,ASFALTADA,CARRETERA,NACIONAL,JUNIN,SATIPO,SATIPO,-11.2436331,-74.6357376,PE-24A,207.83720582017537
2022-09-17,2022,9,5,0,1,0,CHOQUE,IMPRUDENCIA DEL CONDUCTOR,ASFALTADA,CARRETERA,NACIONAL,SAN MARTIN,RIOJA,RIOJA,-6.053877,-77.163105,PE-5N,1080.3395397660952
2022-09-18,2022,9,6,0,1,0,CAÍDA DE PASAJERO,EN PROCESO DE INVESTIGACIÓN,ASFALTADA,CARRETERA,NACIONAL,CAJAMARCA,SAN MARCOS,PEDRO GALVEZ,-7.29905,-78.198676,PE-3N,1223.7756185029657
2022-09-18,2022,9,6,0,1,0,CHOQUE,IMPRUDENCIA DEL CONDUCTOR,ASFALTADA,CARRETERA,NACIONAL,PIURA,SECHURA,VICE,-5.469913,-80.82344,PE-1NK,37.88792141004831
2022-09-18,2022,9,6,0,2,0,CHOQUE,IMPRUDENCIA DEL CONDUCTOR,ASFALTADA,CARRETERA,NACIONAL,PUNO,EL COLLAO,PILCUYO,-16.160358801219843,-69.54606419761319,PE-3S,1430.4308828322996
2022-09-18,2022,9,6,0,1,0,DESPISTE,IMPRUDENCIA DEL CONDUCTOR,ASFALTADA,CARRETERA,NACIONAL,CUSCO,CANCHIS,MARANGANI,-14.349923,-71.177755,PE-3S,1125.1095682951093
2022-09-18,2022,9,6,0,1,0,CHOQUE,IMPRUDENCIA DEL CONDUCTOR,ASFALTADA,CARRETERA,NACIONAL,PUNO,SAN ANTONIO DE PUTINA,QUILCAPUNCU,-14.840342,-69.658276,PE-34H,117.20065787262588
2022-09-18,2022,9,6,0,2,0,CHOQUE,IMPRUDENCIA DEL CONDUCTOR,ASFALTADA,CARRETERA,NACIONAL,PUNO,LAMPA,CALAPUJA,-15.3039903,-70.2346426,PE-3S,1292.0703849112338
2022-09-18,2022,9,6,0,1,0,CHOQUE,EN PROCESO DE INVESTIGACIÓN,ASFALTADA,CARRETERA,NACIONAL,LAMBAYEQUE,CHICLAYO,CAYALTI,-6.909578,-79.5756,PE-1NI,12.833878338504467
2022-09-19,2022,9,0,0,2,7,CHOQUE,IMPRUDENCIA DEL CONDUCTOR,ASFALTADA,CARRETERA,NACIONAL,PUNO,SAN ROMAN,JULIACA,-15.5248121,-70.1823854,PE-34A,293.5439980589671
2022-09-19,2022,9,0,0,1,1,DESPISTE,EN PROCESO DE INVESTIGACIÓN,ASFALTADA,CARRETERA,NACIONAL,CUSCO,CUSCO,CUSCO,-13.5039,-72.03,PE-3S,960.5763599802194
2022-09-19,2022,9,0,0,1,0,CHOQUE,EN PROCESO DE INVESTIGACIÓN,ASFALTADA,CARRETERA,NACIONAL,PIURA,PIURA,TAMBO GRANDE,-4.930085923710307,-80.34309258528504,PE-1NU,28.538678855909065
2022-09-20,2022,9,1,0,1,1,DESPISTE,IMPRUDENCIA DEL CONDUCTOR,TROCHA,CARRETERA,NACIONAL,PASCO,OXAPAMPA,VILLA RICA,-10.743858820997618,-75.28328704496644,PE-5N,38.36194885027778
2022-09-20,2022,9,1,0,1,0,CHOQUE FUGA,EN PROCESO DE INVESTIGACIÓN,ASFALTADA,CARRETERA,NACIONAL,ANCASH,SANTA,SANTA,-8.971967,-78.619423,PE-1N,445.33145514146406
2022-09-20,2022,9,1,0,1,1,CHOQUE,EN PROCESO DE INVESTIGACIÓN,ASFALTADA,CARRETERA,NACIONAL,ANCASH,HUARAZ,PIRA,-9.557842959279954,-77.71577080634562,PE-14,88.72915645966066
2022-09-20,2022,9,1,0,1,0,ATROPELLO,IMPRUDENCIA DEL CONDUCTOR,ASFALTADA,CARRETERA,NACIONAL,CUSCO,QUISPICANCHI,CAMANTI,-13.18870558,-70.56733807,PE-30C,215.4764759031432
2022-09-21,2022,9,2,0,1,2,VOLCADURA,EN PROCESO DE INVESTIGACIÓN,ASFALTADA,CARRETERA,NACIONAL,CAJAMARCA,CAJAMARCA,LOS BAÑOS DEL INCA,-7.14746,-78.410655,PE-08B,15.189918823262058
2022-09-22,2022,9,3,0,1,3,CHOQUE,IMPRUDENCIA DEL CONDUCTOR,ASFALTADA,CARRETERA,NACIONAL,JUNIN,CHANCHAMAYO,CHANCHAMAYO,-11.009900151796131,-75.3148358568203,PE-22B,113.32185728528044
2022-09-22,2022,9,3,0,1,1,CHOQUE,IMPRUDENCIA DEL CONDUCTOR,ASFALTADA,CARRETERA,NACIONAL,LA LIBERTAD,PACASMAYO,SAN PEDRO DE LLOC,-7.452841,-79.491639,PE-1N,665.2638175159159
2022-09-22,2022,9,3,0,1,0,CAÍDA DE PASAJERO,NEGLIGENCIA DEL CONDUCTOR,ASFALTADA,CARRETERA,NACIONAL,PUNO,CHUCUITO,POMATA,-16.3188653,-69.2619712,PE-3S,1471.8853364339247
2022-09-23,2022,9,4,0,1,0,VOLCADURA,EN PROCESO DE INVESTIGACIÓN,ASFALTADA,CARRETERA,NACIONAL,CAJAMARCA,JAEN,BELLAVISTA,-5.4699993,-78.8695289,PE-02B,125.94498336282052
2022-09-23,2022,9,4,0,1,0,CHOQUE,EN PROCESO DE INVESTIGACIÓN,ASFALTADA,CARRETERA,NACIONAL,LA LIBERTAD,SANTIAGO DE CHUCO,QUIRUVILCA,-7.99038,-78.289765,PE-3N,1051.3106245386168
2022-09-23,2022,9,4,0,1,1,CHOQUE,EN PROCESO DE INVESTIGACIÓN,ASFALTADA,CARRETERA,NACIONAL,AREQUIPA,AREQUIPA,YURA,-16.0749634,-71.3894822,PE-34A,115.72808044389902
2022-09-23,2022,9,4,0,2,0,CHOQUE,EN PROCESO DE INVESTIGACIÓN,ASFALTADA,CARRETERA,NACIONAL,LIMA,CAÑETE,SAN VICENTE DE CAÑETE,-13.115001207152378,-76.40609300723047,PE-1S,143.8417320774754
2022-09-23,2022,9,4,0,1,5,CHOQUE,EN PROCESO DE INVESTIGACIÓN,ASFALTADA,CARRETERA,NACIONAL,AREQUIPA,AREQUIPA,LA JOYA,-16.516848,-71.801721,PE-1S,963.5744973946128
2022-09-24,2022,9,5,0,1,2,ATROPELLO,IMPRUDENCIA DEL CONDUCTOR,ASFALTADA,CARRETERA,NACIONAL,PIURA,PIURA,VEINTISEIS DE OCTUBRE,-5.176789842275441,-80.67205087888206,PE-1N,998.5377220109102
2022-09-24,2022,9,5,0,1,0,DESPISTE,EN PROCESO DE INVESTIGACIÓN,ASFALTADA,CARRETERA,NACIONAL,ICA,ICA,ICA,-14.080545190958231,-75.7364876418671,PE-1S,298.4941210716626
2022-09-24,2022,9,5,0,2,1,DESPISTE,IMPRUDENCIA DEL CONDUCTOR,ASFALTADA,CARRETERA,NACIONAL,JUNIN,YAULI,LA OROYA,-11.542940888342654,-75.88567921078274,PE-3S,4.656702003196143
2022-09-24,2022,9,5,0,5,34,DESPISTE,EN PROCESO DE INVESTIGACIÓN,ASFALTADA,CARRETERA,NACIONAL,CAJAMARCA,CHOTA,LLAMA,-6.6197644,-79.2930539,PE-06A,78.71745888974716
2022-09-24,2022,9,5,0,1,1,CHOQUE,IMPRUDENCIA DEL CONDUCTOR,ASFALTADA,CARRETERA,NACIONAL,PUNO,EL COLLAO,ILAVE,-16.1,-69.614,PE-3S,1420.3512068022046
2022-09-24,2022,9,5,0,1,0,CHOQUE FUGA,EN PROCESO DE INVESTIGACIÓN,,CARRETERA,NACIONAL,PIURA,PIURA,CATACAOS,-5.235008,-80.643725,PE-1N,988.9348191899602
2022-09-24,2022,9,5,0,1,0,ATROPELLO,EN PROCESO DE INVESTIGACIÓN,CONCRETO,CARRETERA,NACIONAL,LIMA,LIMA,SAN JUAN DE MIRAFLORES,-12.161989629466984,-76.98187166679622,PE-1S,12.015434090630512
2022-09-25,2022,9,6,0,1,0,DESPISTE,EN PROCESO DE INVESTIGACIÓN,ASFALTADA,CARRETERA,NACIONAL,ICA,ICA,SUBTANJALLA,-14.007825733795688,-75.76587204272653,PE-1S,289.72558560816265
2022-09-25,2022,9,6,0,1,0,ATROPELLO,EN PROCESO DE INVESTIGACIÓN,ASFALTADA,CARRETERA,NACIONAL,LIMA,LIMA,LURIGANCHO,-12.02054195933565,-76.92034182449075,PE-22,8.090652309740829
2022-09-25,2022,9,6,0,1,0,ATROPELLO,EN PROCESO DE INVESTIGACIÓN,ASFALTADA,CARRETERA,NACIONAL,AREQUIPA,AREQUIPA,CERRO COLORADO,-16.340941,-71.587464,PE-34A,44.05393349675926
2022-09-25,2022,9,6,0,1,0,ATROPELLO FUGA,EN PROCESO DE INVESTIGACIÓN,ASFALTADA,CARRETERA,NACIONAL,LAMBAYEQUE,LAMBAYEQUE,MOTUPE,-6.264661,-79.734632,PE-1NJ,51.78934834508832
2022-09-25,2022,9,6,0,1,0,ATROPELLO FUGA,EN PROCESO DE INVESTIGACIÓN,ASFALTADA,CARRETERA,NACIONAL,LA LIBERTAD,VIRU,VIRU,-8.439653,-78.756004,PE-1N,512.5367547474492
2022-09-25,2022,9,6,0,4,1,CHOQUE,IMPRUDENCIA DEL CONDUCTOR,ASFALTADA,CARRETERA,NACIONAL,CUSCO,ESPINAR,OCORURO,-15.134830209200096,-71.11232130724382,PE-34J,83.83154877623979
2022-09-25,2022,9,6,0,1,0,CHOQUE,EN PROCESO DE INVESTIGACIÓN,ASFALTADA,CARRETERA,NACIONAL,LA LIBERTAD,CHEPEN,CHEPEN,-7.225261,-79.441864,PE-1N,705.6705472990055
2022-09-25,2022,9,6,0,1,0,ATROPELLO,IMPRUDENCIA DEL PEATÓN,ASFALTADA,CARRETERA,NACIONAL,PUNO,AZANGARO,SAMAN,-15.2986737,-70.0041685,PE-34H,26.166125413297497
2022-09-25,2022,9,6,0,1,0,ATROPELLO FUGA,EN PROCESO DE INVESTIGACIÓN,ASFALTADA,CARRETERA,NACIONAL,LIMA,LIMA,SAN MARTIN DE PORRES,-12.03096,-77.056493,PE-1N,11.570521459607232
2022-09-25,2022,9,6,0,1,0,ATROPELLO FUGA,IMPRUDENCIA DEL CONDUCTOR,ASFALTADA,CARRETERA,NACIONAL,CUSCO,ANTA,ANCAHUASI,-13.443094,-72.3258691,PE-3S,923.513388576258
2022-09-25,2022,9,6,0,1,0,CHOQUE,EN PROCESO DE INVESTIGACIÓN,ASFALTADA,CARRETERA,NACIONAL,PIURA,PIURA,CATACAOS,-5.230762,-80.649735,PE-1N,989.7240793076078
2022-09-26,2022,9,0,0,1,0,ATROPELLO,EN PROCESO DE INVESTIGACIÓN,ASFALTADA,CARRETERA,NACIONAL,LIMA,LIMA,LOS OLIVOS,-11.937325489263406,-77.07183834107147,PE-1N,22.055919787098745
2022-09-26,2022,9,0,0,1,0,ATROPELLO,IMPRUDENCIA DEL CONDUCTOR,ASFALTADA,CARRETERA,NACIONAL,JUNIN,CHANCHAMAYO,CHANCHAMAYO,-11.05513940839344,-75.32507095194653,PE-22B,107.1496148686266
2022-09-27,2022,9,1,0,1,1,CHOQUE,IMPRUDENCIA DEL CONDUCTOR,ASFALTADA,CARRETERA,NACIONAL,TACNA,TARATA,TARATA,-17.486377064836503,-70.03535122740591,PE-38,86.8688313587884
2022-09-27,2022,9,1,0,2,2,DESPISTE,EN PROCESO DE INVESTIGACIÓN,ASFALTADA,CARRETERA,NACIONAL,ANCASH,SIHUAS,SIHUAS,-8.554169556512898,-77.63231125198146,PE-12A,93.0178970125736
2022-09-28,2022,9,2,0,3,0,DESPISTE,IMPRUDENCIA DEL CONDUCTOR,AFIRMADO,CARRETERA,NACIONAL,LIMA,CAJATAMBO,CAJATAMBO,-10.539394113562087,-76.9222783487711,PE-16A,165.4540275629788
2022-09-28,2022,9,2,0,1,2,ATROPELLO,EN PROCESO DE INVESTIGACIÓN,ASFALTADA,CARRETERA,NACIONAL,LAMBAYEQUE,CHICLAYO,LA VICTORIA,-6.800802,-79.85263,PE-1N,778.5840427811247
2022-09-28,2022,9,2,0,1,0,CHOQUE FUGA,IMPRUDENCIA DEL CONDUCTOR,ASFALTADA,CARRETERA,NACIONAL,PUNO,EL COLLAO,ILAVE,-16.0746542,-69.6659172,PE-3S,1414.1883973358365
2022-09-28,2022,9,2,0,1,0,DESPISTE,IMPRUDENCIA DEL CONDUCTOR,AFIRMADO,CARRETERA,NACIONAL,HUANUCO,HUANUCO,SANTA MARIA DEL VALLE,-9.880419524313712,-76.19139227887348,PE-18A,11.33248339304392
2022-09-29,2022,9,3,0,1,3,DESPISTE,EN PROCESO DE INVESTIGACIÓN,ASFALTADA,CARRETERA,NACIONAL,CAJAMARCA,CAJAMARCA,CAJAMARCA,-7.145457,-78.517004,PE-08,177.02149275890997
2022-09-29,2022,9,3,0,4,15,VOLCADURA,IMPRUDENCIA DEL CONDUCTOR,ASFALTADA,CARRETERA,NACIONAL,CUSCO,QUISPICANCHI,QUIQUIJANA,-13.779691,-71.5721246,PE-3S,1037.3983508451631
2022-09-29,2022,9,3,0,5,12,DESPISTE,IMPRUDENCIA DEL CONDUCTOR,ASFALTADA,CARRETERA,NACIONAL,CUSCO,QUISPICANCHI,URCOS,-13.682981,-71.601747,PE-30C,1.60652860531118
2022-09-30,2022,9,4,0,1,0,CHOQUE,IMPRUDENCIA DEL CONDUCTOR,ASFALTADA,CARRETERA,NACIONAL,TACNA,JORGE BASADRE,ITE,-17.89004252231127,-70.97987672251102,PE-1SD,293.6798152173132
2022-09-30,2022,9,4,0,3,0,CHOQUE,EN PROCESO DE INVESTIGACIÓN,ASFALTADA,CARRETERA,NACIONAL,CAJAMARCA,JAEN,POMAHUACA,-5.927889,-79.301348,PE-3N,1603.970325964034
2022-09-30,2022,9,4,0,1,0,ATROPELLO,EN PROCESO DE INVESTIGACIÓN,ASFALTADA,CARRETERA,NACIONAL,ICA,CHINCHA,CHINCHA BAJA,-13.4971638773255,-76.1402541059521,PE-1SE,10.45492864915596
2022-10-01,2022,10,5,0,1,0,ATROPELLO FUGA,IMPRUDENCIA DEL PEATÓN,ASFALTADA,CARRETERA,NACIONAL,PIURA,SECHURA,VICE,-5.487949563690543,-80.82341722911619,PE-1NK,39.884338699680285
2022-10-01,2022,10,5,0,1,1,CHOQUE,EN PROCESO DE INVESTIGACIÓN,ASFALTADA,CARRETERA,NACIONAL,LIMA,BARRANCA,PATIVILCA,-10.66644,-77.736418,PE-16A,7.874400594237902
2022-10-01,2022,10,5,0,1,7,CHOQUE,IMPRUDENCIA DEL CONDUCTOR,ASFALTADA,CARRETERA,NACIONAL,JUNIN,CHANCHAMAYO,PICHANAQUI,-10.93326927284781,-74.86730365543939,PE-5S,60.14899367235596
2022-10-01,2022,10,5,0,1,0,ATROPELLO,EN PROCESO DE INVESTIGACIÓN,ASFALTADA,CARRETERA,NACIONAL,ICA,ICA,SALAS,-14.000404,-75.76811,PE-1S,288.8707246961174
2022-10-01,2022,10,5,0,3,2,DESPISTE,IMPRUDENCIA DEL CONDUCTOR,ASFALTADA,CARRETERA,NACIONAL,ICA,CHINCHA,TAMBO DE MORA,-13.42019236,-76.18764161,PE-1SE,1.8410651568725056
2022-10-01,2022,10,5,0,1,0,CHOQUE,IMPRUDENCIA DEL CONDUCTOR,CONCRETO,CARRETERA,NACIONAL,JUNIN,SATIPO,SATIPO,-11.261780753678371,-74.6378720284313,PE-24A,205.9482754802416
2022-10-02,2022,10,6,0,1,0,ATROPELLO,EN PROCESO DE INVESTIGACIÓN,AFIRMADO,CARRETERA,NACIONAL,LA LIBERTAD,ASCOPE,CHICAMA,-7.832513,-79.149217,PE-1NF,0.8509782318734126
2022-10-02,2022,10,6,0,1,0,CHOQUE,EN PROCESO DE INVESTIGACIÓN,ASFALTADA,CARRETERA,NACIONAL,ICA,NASCA,NASCA,-14.987139011804674,-74.99568299838792,PE-1S,465.1244967478153
2022-10-02,2022,10,6,0,1,1,VOLCADURA,IMPRUDENCIA DEL CONDUCTOR,ASFALTADA,CARRETERA,NACIONAL,JUNIN,HUANCAYO,CULLHUAS,-12.2073,-75.173784,PE-3S,142.620835542348
2022-10-02,2022,10,6,0,1,0,DESPISTE,EN PROCESO DE INVESTIGACIÓN,ASFALTADA,CARRETERA,NACIONAL,LAMBAYEQUE,CHICLAYO,PICSI,-6.7411976,-79.7161823,PE-06A,20.430557057772177
2022-10-02,2022,10,6,0,1,33,CHOQUE,IMPRUDENCIA DEL CONDUCTOR,ASFALTADA,CARRETERA,NACIONAL,LA LIBERTAD,ASCOPE,CHICAMA,-7.832145,-79.149068,PE-1NF,0.8950675005452084
2022-10-02,2022,10,6,0,1,0,ATROPELLO,IMPRUDENCIA DEL CONDUCTOR,ASFALTADA,CARRETERA,NACIONAL,CUSCO,LA CONVENCION,MARANURA,-12.9563698,-72.6736112,PE-28B,474.8673625147287
2022-10-03,2022,10,0,0,1,1,CHOQUE,EN PROCESO DE INVESTIGACIÓN,ASFALTADA,CARRETERA,NACIONAL,PASCO,PASCO,YANACANCHA,-10.542373862227407,-76.18979912470938,PE-3N,153.4722317106378
2022-10-03,2022,10,0,0,1,0,DESPISTE,EN PROCESO DE INVESTIGACIÓN,,CARRETERA,NACIONAL,LIMA,LIMA,PUNTA HERMOSA,-12.3317711172414,-76.8210779708697,PE-1S,39.93758619476908
2022-10-03,2022,10,0,0,3,4,CHOQUE,EN PROCESO DE INVESTIGACIÓN,ASFALTADA,CARRETERA,NACIONAL,ICA,PISCO,HUMAY,-13.728955,-75.910783,PE-28A,28.504348729043095
2022-10-03,2022,10,0,0,1,0,CHOQUE,IMPRUDENCIA DEL CONDUCTOR,ASFALTADA,CARRETERA,NACIONAL,TUMBES,TUMBES,CORRALES,-3.609503953880128,-80.50651960329908,PE-1N,1270.7865856273938
2022-10-04,2022,10,1,0,1,0,CHOQUE,NEGLIGENCIA DEL CONDUCTOR,ASFALTADA,CARRETERA,NACIONAL,SAN MARTIN,RIOJA,RIOJA,-6.050985,-77.151191,PE-5N,1078.9646177501709
2022-10-04,2022,10,1,0,1,0,ATROPELLO FUGA,EN PROCESO DE INVESTIGACIÓN,ASFALTADA,CARRETERA,NACIONAL,PUNO,CHUCUITO,ZEPITA,-16.56978768425826,-69.25715261508257,PE-36A,279.06773769675414
2022-10-06,2022,10,3,0,1,1,CHOQUE,IMPRUDENCIA DEL CONDUCTOR,ASFALTADA,CARRETERA,NACIONAL,SAN MARTIN,RIOJA,ELIAS SOPLIN VARGAS,-5.990655,-77.281353,PE-5N,1095.2534561895266
2022-10-06,2022,10,3,0,1,2,CHOQUE,IMPRUDENCIA DEL CONDUCTOR,ASFALTADA,CARRETERA,NACIONAL,PUNO,PUNO,PAUCARCOLLA,-15.7377667,-70.0565938,PE-3S,1347.6617151771725
2022-10-06,2022,10,3,0,1,0,CHOQUE,IMPRUDENCIA DEL CONDUCTOR,ASFALTADA,CARRETERA,NACIONAL,UCAYALI,CORONEL PORTILLO,CAMPOVERDE,-8.458604,-74.784945,PE-18C,55.87368835358588
2022-10-07,2022,10,4,0,1,4,DESPISTE,IMPRUDENCIA DEL CONDUCTOR,ASFALTADA,CARRETERA,NACIONAL,PUNO,HUANCANE,HUANCANE,-15.1974972,-69.8337977,PE-34H,53.09604882891697
2022-10-07,2022,10,4,0,3,8,CHOQUE,IMPRUDENCIA DEL CONDUCTOR,ASFALTADA,CARRETERA,NACIONAL,PUNO,SAN ROMAN,CABANA,-15.5734434,-70.2555246,PE-34A,283.8854295841499
2022-10-08,2022,10,5,0,1,0,DESPISTE,IMPRUDENCIA DEL CONDUCTOR,ASFALTADA,CARRETERA,NACIONAL,TACNA,TARATA,ESTIQUE,-17.624558,-70.063216,PE-38,58.51981140782375
2022-10-08,2022,10,5,0,3,0,CHOQUE,IMPRUDENCIA DEL CONDUCTOR,ASFALTADA,CARRETERA,NACIONAL,PASCO,PASCO,YANACANCHA,-10.62567909407184,-76.1754491504982,PE-3N,143.51656486632527
2022-10-08,2022,10,5,0,1,0,ATROPELLO,IMPRUDENCIA DEL PEATÓN,ASFALTADA,CARRETERA,NACIONAL,PUNO,PUNO,ACORA,-15.97023,-69.799618,PE-3S,1396.192038375459
2022-10-09,2022,10,6,0,1,0,ATROPELLO,EN PROCESO DE INVESTIGACIÓN,ASFALTADA,CARRETERA,NACIONAL,LIMA,LIMA,SAN JUAN DE MIRAFLORES,-12.18412895251892,-76.9750320403075,PE-1S,14.576015389792111
2022-10-09,2022,10,6,0,2,0,ATROPELLO FUGA,EN PROCESO DE INVESTIGACIÓN,ASFALTADA,CARRETERA,NACIONAL,ANCASH,SANTA,SANTA,-8.98506,-78.617104,PE-1N,443.8149664397672
2022-10-09,2022,10,6,0,1,1,DESPISTE,EN PROCESO DE INVESTIGACIÓN,TROCHA,CARRETERA,NACIONAL,LA LIBERTAD,SANCHEZ CARRION,CHUGAY,-7.819402,-77.883862,PE-10C,9.479226350624986
2022-10-09,2022,10,6,0,1,0,CHOQUE FUGA,EN PROCESO DE INVESTIGACIÓN,,CARRETERA,NACIONAL,MADRE DE DIOS,TAMBOPATA,INAMBARI,-12.908503,-69.917314,PE-30C,334.3338151582741
2022-10-09,2022,10,6,0,1,0,VOLCADURA,IMPRUDENCIA DEL CONDUCTOR,ASFALTADA,CARRETERA,NACIONAL,JUNIN,HUANCAYO,PUCARA,-12.18702,-75.137475363,PE-3SC,15.894194597912916
2022-10-09,2022,10,6,0,1,0,ATROPELLO,EN PROCESO DE INVESTIGACIÓN,ASFALTADA,CARRETERA,NACIONAL,LIMA,HUAURA,VEGUETA,-10.94224418532031,-77.64774076130703,PE-1N,170.78930246877573
2022-10-09,2022,10,6,0,1,0,ATROPELLO FUGA,EN PROCESO DE INVESTIGACIÓN,ASFALTADA,CARRETERA,NACIONAL,LIMA,LIMA,SAN JUAN DE LURIGANCHO,-12.022451784997166,-76.95885835454386,PE-22,3.8238569373219726
2022-10-10,2022,10,0,0,1,4,CHOQUE,EN PROCESO DE INVESTIGACIÓN,ASFALTADA,CARRETERA,NACIONAL,LAMBAYEQUE,CHICLAYO,CHONGOYAPE,-6.6899555,-79.4646875,PE-06A,53.63758519347292
2022-10-10,2022,10,0,0,1,0,CHOQUE,EN PROCESO DE INVESTIGACIÓN,ASFALTADA,CARRETERA,NACIONAL,CAJAMARCA,JAEN,JAEN,-5.7047076,-78.8041574,PE-5N,1388.8174665179265
2022-10-10,2022,10,0,0,1,0,ATROPELLO,IMPRUDENCIA DEL PEATÓN,ASFALTADA,CARRETERA,NACIONAL,JUNIN,HUANCAYO,EL TAMBO,-12.056469,-75.223212,PE-3S,122.80465542073792
2022-10-10,2022,10,0,0,1,0,ATROPELLO,IMPRUDENCIA DEL CONDUCTOR,ASFALTADA,CARRETERA,NACIONAL,TACNA,TACNA,ALTO DE LA ALIANZA,-17.988221,-70.249818,PE-38,2.13056278031604
2022-10-11,2022,10,1,0,1,0,ATROPELLO FUGA,EN PROCESO DE INVESTIGACIÓN,ASFALTADA,CARRETERA,NACIONAL,ANCASH,CASMA,COMANDANTE NOEL,-9.42186241971136,-78.36607663519267,PE-1N,384.4148372289996
2022-10-11,2022,10,1,0,1,0,DESPISTE,IMPRUDENCIA DEL CONDUCTOR,ASFALTADA,CARRETERA,NACIONAL,LA LIBERTAD,VIRU,GUADALUPITO,-8.92813500059261,-78.63566665364824,PE-1N,450.7727239363842
2022-10-11,2022,10,1,0,2,1,CHOQUE,IMPRUDENCIA DEL CONDUCTOR,ASFALTADA,CARRETERA,NACIONAL,JUNIN,JAUJA,CURICACA,-11.764219,-75.711394,PE-3S,42.11242386024143
2022-10-11,2022,10,1,0,2,1,CHOQUE,IMPRUDENCIA DEL CONDUCTOR,ASFALTADA,CARRETERA,NACIONAL,PUNO,SAN ROMAN,CARACOTO,-15.545403800470606,-70.11054538351236,PE-3S,1325.5912822606758
2022-10-11,2022,10,1,0,1,0,CHOQUE,IMPRUDENCIA DEL CONDUCTOR,ASFALTADA,CARRETERA,NACIONAL,PIURA,PIURA,TAMBO GRANDE,-4.836175209450524,-80.29283881953421,PE-1NL,54.04190137703268
2022-10-12,2022,10,2,0,1,0,ATROPELLO,IMPRUDENCIA DEL PEATÓN,CONCRETO,CARRETERA,NACIONAL,CALLAO,CALLAO,CALLAO,-12.0564581,-77.144569917,PE-20,15.853076526218798
2022-10-13,2022,10,3,0,1,0,CHOQUE,EN PROCESO DE INVESTIGACIÓN,ASFALTADA,CARRETERA,NACIONAL,LAMBAYEQUE,LAMBAYEQUE,LAMBAYEQUE,-6.702838872057488,-79.9027044106271,PE-1N,793.5437999172482
2022-10-13,2022,10,3,0,1,0,VOLCADURA,IMPRUDENCIA DEL CONDUCTOR,TROCHA,CARRETERA,NACIONAL,JUNIN,SATIPO,MAZAMARI,-11.334264671255134,-74.5111546913697,PE-5S,132.36283550499405
2022-10-14,2022,10,4,0,2,0,CHOQUE,IMPRUDENCIA DEL CONDUCTOR,ASFALTADA,CARRETERA,NACIONAL,JUNIN,HUANCAYO,SAN AGUSTIN,-12.016419,-75.243433,PE-3S,117.31540786655452
2022-10-14,2022,10,4,0,1,0,DESPISTE,IMPRUDENCIA DEL CONDUCTOR,ASFALTADA,CARRETERA,NACIONAL,APURIMAC,CHINCHEROS,HUACCANA,-13.489784,-73.813201,PE-3S,524.3491915168502
2022-10-14,2022,10,4,0,1,0,DESPISTE,INFRAESTRUCTURA Y ENTORNO VIAL,ASFALTADA,CARRETERA,NACIONAL,PIURA,SULLANA,IGNACIO ESCUDERO,-4.796714912300754,-80.9405978393252,PE-1N,1063.553148009774
2022-10-14,2022,10,4,0,1,7,CHOQUE,EN PROCESO DE INVESTIGACIÓN,ASFALTADA,CARRETERA,NACIONAL,LAMBAYEQUE,LAMBAYEQUE,MORROPE,-6.4314563,-80.1601104,PE-1N,836.231149739786
2022-10-15,2022,10,5,0,3,1,CHOQUE,IMPRUDENCIA DEL CONDUCTOR,ASFALTADA,CARRETERA,NACIONAL,TACNA,TACNA,POCOLLAY,-17.995516,-70.221094,PE-40,7.579984597900561
2022-10-15,2022,10,5,0,1,0,CHOQUE,IMPRUDENCIA DEL CONDUCTOR,ASFALTADA,CARRETERA,NACIONAL,PIURA,MORROPON,CHULUCANAS,-5.129888,-80.120564,PE-1NR,46.25928799486869
2022-10-16,2022,10,6,0,1,1,CHOQUE,IMPRUDENCIA DEL CONDUCTOR,ASFALTADA,CARRETERA,NACIONAL,JUNIN,CHANCHAMAYO,CHANCHAMAYO,-11.067801149852883,-75.33676024143207,PE-22B,104.8185664533557
2022-10-16,2022,10,6,0,1,1,CHOQUE,IMPRUDENCIA DEL CONDUCTOR,ASFALTADA,CARRETERA,NACIONAL,CUSCO,QUISPICANCHI,URCOS,-13.731879285753203,-71.60063693181013,PE-3S,1030.9139181316382
2022-10-16,2022,10,6,0,1,1,CHOQUE,IMPRUDENCIA DEL CONDUCTOR,ASFALTADA,CARRETERA,NACIONAL,SAN MARTIN,RIOJA,RIOJA,-6.040358,-77.190356,PE-5N,1083.7859248340503
2022-10-16,2022,10,6,0,3,2,DESPISTE,EN PROCESO DE INVESTIGACIÓN,ASFALTADA,CARRETERA,NACIONAL,ANCASH,CASMA,CASMA,-9.770923,-78.234891,PE-1N,335.5016332927382
2022-10-16,2022,10,6,0,1,2,DESPISTE,IMPRUDENCIA DEL CONDUCTOR,ASFALTADA,CARRETERA,NACIONAL,JUNIN,YAULI,MOROCOCHA,-11.599837,-76.173188,PE-22,135.56701557692907
2022-10-16,2022,10,6,0,1,0,DESPISTE,EN PROCESO DE INVESTIGACIÓN,,CARRETERA,NACIONAL,APURIMAC,AYMARAES,COTARUSE,-14.5016661956099,-73.2561679933871,PE-30A,307.42551686442727
2022-10-16,2022,10,6,0,1,1,CHOQUE,EN PROCESO DE INVESTIGACIÓN,ASFALTADA,CARRETERA,NACIONAL,AREQUIPA,CAYLLOMA,MAJES,-16.426715,-72.260806,PE-1S,899.5299563993608
2022-10-16,2022,10,6,0,1,0,ATROPELLO,IMPRUDENCIA DEL PEATÓN,ASFALTADA,CARRETERA,NACIONAL,LA LIBERTAD,VIRU,CHAO,-8.508694,-78.687557,PE-1N,501.3889549241168
2022-10-16,2022,10,6,0,1,0,DESPISTE,IMPRUDENCIA DEL CONDUCTOR,ASFALTADA,CARRETERA,NACIONAL,LA LIBERTAD,TRUJILLO,LAREDO,-8.105556921897492,-78.99334986361261,PE-10A,4.3491153018038
2022-10-17,2022,10,0,0,1,3,CHOQUE FUGA,EN PROCESO DE INVESTIGACIÓN,ASFALTADA,CARRETERA,NACIONAL,LAMBAYEQUE,LAMBAYEQUE,MOCHUMI,-6.5785914,-79.8746824,PE-1NJ,11.972188041399765
2022-10-17,2022,10,0,0,1,1,ATROPELLO,IMPRUDENCIA DEL CONDUCTOR,ASFALTADA,CARRETERA,NACIONAL,CUSCO,ANTA,ZURITE,-13.489434883491962,-72.24052265359757,PE-3S,934.4191614094984
2022-10-18,2022,10,1,0,2,1,DESPISTE,IMPRUDENCIA DEL CONDUCTOR,TROCHA,CARRETERA,NACIONAL,LA LIBERTAD,SANCHEZ CARRION,COCHORCO,-7.778838,-77.76138,PE-10C,66.70098232929371
2022-10-18,2022,10,1,0,1,0,ATROPELLO,IMPRUDENCIA DEL PEATÓN,EMPEDRADO,CARRETERA,NACIONAL,UCAYALI,CORONEL PORTILLO,CALLERIA,-8.384031,-74.54604,PE-18C,83.71488540413982
2022-10-18,2022,10,1,0,1,0,ATROPELLO,IMPRUDENCIA DEL PEATÓN,ASFALTADA,CARRETERA,NACIONAL,PUNO,PUNO,ACORA,-15.96115275585092,-69.81569065508157,PE-3S,1394.1683805674636
2022-10-19,2022,10,2,0,1,4,DESPISTE,EN PROCESO DE INVESTIGACIÓN,ASFALTADA,CARRETERA,NACIONAL,ICA,ICA,SALAS,-14.00055522161072,-75.76813952987881,PE-1S,288.8855513656113
2022-10-20,2022,10,3,0,1,1,CHOQUE,IMPRUDENCIA DEL CONDUCTOR,ASFALTADA,CARRETERA,NACIONAL,LORETO,MAYNAS,IQUITOS,-3.7437743,-73.2424293,PE-5NI,0.6965790687774553
2022-10-20,2022,10,3,0,1,0,CHOQUE,IMPRUDENCIA DEL CONDUCTOR,ASFALTADA,CARRETERA,NACIONAL,JUNIN,SATIPO,RIO NEGRO,-11.19766679326466,-74.66462006310384,PE-5S,102.95543005196627
2022-10-21,2022,10,4,0,1,0,CHOQUE,EN PROCESO DE INVESTIGACIÓN,ASFALTADA,CARRETERA,NACIONAL,PASCO,PASCO,CHAUPIMARCA,-10.7163567172497,-76.24258502249458,PE-3N,118.4789707332899
2022-10-21,2022,10,4,0,7,3,CHOQUE,EN PROCESO DE INVESTIGACIÓN,ASFALTADA,CARRETERA,NACIONAL,LIMA,LIMA,PUNTA HERMOSA,-12.332332547463732,-76.82065955391347,PE-1S,40.01439563839477
2022-10-21,2022,10,4,0,1,0,ATROPELLO,IMPRUDENCIA DEL CONDUCTOR,ASFALTADA,CARRETERA,NACIONAL,CALLAO,CALLAO,CALLAO,-11.9571297,-77.128831317,PE-20,15.00991664328568
2022-10-21,2022,10,4,0,1,0,CHOQUE,IMPRUDENCIA DEL CONDUCTOR,ASFALTADA,CARRETERA,NACIONAL,LA LIBERTAD,ASCOPE,CHICAMA,-7.634195853020548,-78.93936596008311,PE-1NF,39.357443593303664
2022-10-21,2022,10,4,0,2,0,ATROPELLO,EN PROCESO DE INVESTIGACIÓN,ASFALTADA,CARRETERA,NACIONAL,ANCASH,HUARMEY,HUARMEY,-10.180887,-78.070966,PE-1N,277.5726117093983
2022-10-22,2022,10,5,0,1,0,CHOQUE,EN PROCESO DE INVESTIGACIÓN,ASFALTADA,CARRETERA,NACIONAL,ICA,PISCO,SAN ANDRES,-13.724683,-76.222012,PE-1SG,6.534962233801045
2022-10-22,2022,10,5,0,1,2,CHOQUE,EN PROCESO DE INVESTIGACIÓN,ASFALTADA,CARRETERA,NACIONAL,PIURA,SECHURA,CRISTO NOS VALGA,-5.5478073,-80.5849894,PE-1N,952.3165257583744
2022-10-22,2022,10,5,0,1,0,CHOQUE,EN PROCESO DE INVESTIGACIÓN,ASFALTADA,CARRETERA,NACIONAL,ANCASH,SANTA,NUEVO CHIMBOTE,-9.146313,-78.511861,PE-1N,431.8058191859
2022-10-22,2022,10,5,0,1,0,CHOQUE,EN PROCESO DE INVESTIGACIÓN,ASFALTADA,CARRETERA,NACIONAL,ICA,PISCO,SAN ANDRES,-13.7125937403694,-76.1615861223051,PE-1SB,1.0882248759668465
2022-10-22,2022,10,5,0,1,0,ATROPELLO,IMPRUDENCIA DEL PEATÓN,ASFALTADA,CARRETERA,NACIONAL,CUSCO,CUSCO,WANCHAQ,-13.5330045,-71.9584463,PE-3S,974.540008742978
2022-10-22,2022,10,5,0,1,0,DESPISTE,NEGLIGENCIA DEL CONDUCTOR,ASFALTADA,CARRETERA,NACIONAL,CUSCO,ESPINAR,ESPINAR,-14.81369644941654,-71.39221523941819,PE-3SK,24.51368573527269
2022-10-23,2022,10,6,0,1,0,DESPISTE,IMPERICIA DEL CONDUCTOR,ASFALTADA,CARRETERA,NACIONAL,SAN MARTIN,MOYOBAMBA,CALZADA,-6.041973,-77.132429,PE-5N,1076.3186629621046
2022-10-23,2022,10,6,0,1,1,CHOQUE,IMPRUDENCIA DEL CONDUCTOR,ASFALTADA,CARRETERA,NACIONAL,JUNIN,JAUJA,PARCO,-11.802236,-75.528333,PE-3S,69.1351242421571
2022-10-23,2022,10,6,0,3,8,DESPISTE,NEGLIGENCIA DEL CONDUCTOR,ASFALTADA,CARRETERA,NACIONAL,LA LIBERTAD,VIRU,GUADALUPITO,-8.787714,-78.640269,PE-1N,466.9542006080682
2022-10-23,2022,10,6,0,1,0,DESPISTE,IMPRUDENCIA DEL CONDUCTOR,AFIRMADO,CARRETERA,NACIONAL,PIURA,AYABACA,PAIMAS,-4.670343319942845,-79.89076984122505,PE-1NT,37.30293591304169
2022-10-23,2022,10,6,0,1,0,ATROPELLO,EN PROCESO DE INVESTIGACIÓN,ASFALTADA,CARRETERA,NACIONAL,LAMBAYEQUE,LAMBAYEQUE,MORROPE,-6.5912381,-79.9794219,PE-1N,809.3001876746154
2022-10-24,2022,10,0,0,1,0,ATROPELLO,EN PROCESO DE INVESTIGACIÓN,ASFALTADA,CARRETERA,NACIONAL,AREQUIPA,AREQUIPA,CERRO COLORADO,-16.4072297,-71.6049182,PE-34A,33.71789406755274
2022-10-24,2022,10,0,0,1,0,DESPISTE,EN PROCESO DE INVESTIGACIÓN,ASFALTADA,CARRETERA,NACIONAL,PIURA,PIURA,PIURA,-5.048571,-80.702771,PE-1N,1014.563509417414
2022-10-24,2022,10,0,0,1,0,CHOQUE CON OBJETO FIJO,IMPRUDENCIA DEL CONDUCTOR,ASFALTADA,CARRETERA,NACIONAL,TUMBES,TUMBES,TUMBES,-3.5550008808020586,-80.43687968382321,PE-1N,1280.9725017603523
2022-10-24,2022,10,0,0,1,0,CHOQUE,EN PROCESO DE INVESTIGACIÓN,ASFALTADA,CARRETERA,NACIONAL,LA LIBERTAD,CHEPEN,CHEPEN,-7.1905379225024655,-79.43022090778861,PE-1N,710.2838129481294
2022-10-24,2022,10,0,0,1,0,ATROPELLO,EN PROCESO DE INVESTIGACIÓN,ASFALTADA,CARRETERA,NACIONAL,ICA,PALPA,SANTA CRUZ,-14.4954663,-75.2725431,PE-1S,376.5040691693736
2022-10-24,2022,10,0,0,1,0,CHOQUE,EN PROCESO DE INVESTIGACIÓN,ASFALTADA,CARRETERA,NACIONAL,CUSCO,ESPINAR,ESPINAR,-14.8601,-71.275891,PE-3SG,260.9621086466043
2022-10-26,2022,10,2,0,1,13,CHOQUE,EN PROCESO DE INVESTIGACIÓN,ASFALTADA,CARRETERA,NACIONAL,LAMBAYEQUE,LAMBAYEQUE,LAMBAYEQUE,-6.673352,-79.9135,PE-1N,797.5102343943043
2022-10-26,2022,10,2,0,1,0,CHOQUE,IMPRUDENCIA DEL CONDUCTOR,ASFALTADA,CARRETERA,NACIONAL,UCAYALI,CORONEL PORTILLO,CAMPOVERDE,-8.524143,-74.865134,PE-18C,44.30763875626074
2022-10-26,2022,10,2,0,1,0,CHOQUE FUGA,IMPRUDENCIA DEL CONDUCTOR,ASFALTADA,CARRETERA,NACIONAL,CUSCO,CANCHIS,SICUANI,-14.267190471484216,-71.23508063147825,PE-3S,1113.653636910842
2022-10-26,2022,10,2,0,1,0,ATROPELLO,EN PROCESO DE INVESTIGACIÓN,ASFALTADA,CARRETERA,NACIONAL,ICA,NASCA,VISTA ALEGRE,-14.852785,-74.960668,PE-1S,447.4518202983584
2022-10-27,2022,10,3,0,1,0,ESPECIAL,IMPRUDENCIA DEL CONDUCTOR,ASFALTADA,CARRETERA,NACIONAL,JUNIN,CHANCHAMAYO,SAN RAMON,-11.211064288533125,-75.48924918672195,PE-22B,77.36198551061982
2022-10-27,2022,10,3,0,1,0,CHOQUE,IMPRUDENCIA DEL CONDUCTOR,ASFALTADA,CARRETERA,NACIONAL,SAN MARTIN,MOYOBAMBA,CALZADA,-6.037927,-77.105069,PE-5N,1072.9797696909814
2022-10-27,2022,10,3,0,1,1,CHOQUE,IMPRUDENCIA DEL CONDUCTOR,ASFALTADA,CARRETERA,NACIONAL,PIURA,PIURA,VEINTISEIS DE OCTUBRE,-5.168052397024789,-80.69619479673428,PE-02,0.81510291511919
2022-10-28,2022,10,4,0,1,0,CHOQUE,EN PROCESO DE INVESTIGACIÓN,ASFALTADA,CARRETERA,NACIONAL,LAMBAYEQUE,LAMBAYEQUE,JAYANCA,-6.366941,-79.789168,PE-1NJ,38.7240735655858
2022-10-28,2022,10,4,0,1,1,DESPISTE,EN PROCESO DE INVESTIGACIÓN,ASFALTADA,CARRETERA,NACIONAL,ICA,NASCA,VISTA ALEGRE,-14.8514547,-74.9574237,PE-1S,447.0714943284372
2022-10-29,2022,10,5,0,2,6,DESPISTE,IMPRUDENCIA DEL CONDUCTOR,ASFALTADA,CARRETERA,NACIONAL,PUNO,EL COLLAO,SANTA ROSA,-16.7533892,-69.8371142,PE-36A,199.84497249294392
2022-10-29,2022,10,5,0,2,1,CHOQUE,EN PROCESO DE INVESTIGACIÓN,ASFALTADA,CARRETERA,NACIONAL,AREQUIPA,AREQUIPA,VITOR,-16.466434,-71.927508,PE-1S,947.9740121018295
2022-10-29,2022,10,5,0,1,0,CHOQUE,EN PROCESO DE INVESTIGACIÓN,ASFALTADA,CARRETERA,NACIONAL,LA LIBERTAD,VIRU,VIRU,-8.424366,-78.781794,PE-1N,515.898178194176
2022-10-30,2022,10,6,0,1,1,DESPISTE,IMPRUDENCIA DEL CONDUCTOR,ASFALTADA,CARRETERA,NACIONAL,CUSCO,QUISPICANCHI,OROPESA,-13.6024625,-71.7601825,PE-3S,998.1067995052858
2022-10-30,2022,10,6,0,1,0,DESPISTE,NEGLIGENCIA DEL CONDUCTOR,ASFALTADA,CARRETERA,NACIONAL,TACNA,TACNA,LA YARADA LOS PALOS,-18.1706661,-70.4890929,PE-1SD,362.39563587303945
2022-10-30,2022,10,6,0,1,0,CHOQUE,EN PROCESO DE INVESTIGACIÓN,ASFALTADA,CARRETERA,NACIONAL,LIMA,LIMA,ANCON,-11.745722,-77.141868,PE-1N,48.13378038071964
2022-10-30,2022,10,6,0,1,0,DESPISTE,EN PROCESO DE INVESTIGACIÓN,ASFALTADA,CARRETERA,NACIONAL,PIURA,SULLANA,SULLANA,-4.919,-80.65,PE-1NL,5.475892892597871
2022-10-30,2022,10,6,0,1,0,ESPECIAL,IMPRUDENCIA DEL CONDUCTOR,ASFALTADA,CARRETERA,NACIONAL,AYACUCHO,HUAMANGA,VINCHOS,-13.34596,-74.395226,PE-28A,282.53460084606354
2022-10-31,2022,10,0,0,1,0,DESPISTE,IMPRUDENCIA DEL CONDUCTOR,AFIRMADO,CARRETERA,NACIONAL,HUANUCO,PACHITEA,UMARI,-9.841272291178845,-76.04664984568397,PE-18B,9.51880466639075
2022-10-31,2022,10,0,0,1,0,VOLCADURA,EN PROCESO DE INVESTIGACIÓN,ASFALTADA,CARRETERA,NACIONAL,LIMA,LIMA,LA MOLINA,-12.069432,-76.972235,PE-1NA,0.0
2022-10-31,2022,10,0,0,1,0,CHOQUE FUGA,EN PROCESO DE INVESTIGACIÓN,ASFALTADA,CARRETERA,NACIONAL,LIMA,CAÑETE,MALA,-12.698218,-76.641776,PE-1S,125.8946098968902
2022-11-01,2022,11,1,0,1,0,DESPISTE,IMPRUDENCIA DEL CONDUCTOR,ASFALTADA,CARRETERA,NACIONAL,SAN MARTIN,RIOJA,RIOJA,-6.022477,-77.223255,PE-5N,1087.9267659694317
2022-11-01,2022,11,1,0,1,3,DESPISTE,EN PROCESO DE INVESTIGACIÓN,ASFALTADA,CARRETERA,NACIONAL,LIMA,LIMA,PUCUSANA,-12.459259897902475,-76.75292140903727,PE-1S,56.99361544451532
2022-11-01,2022,11,1,0,1,0,CHOQUE,IMPRUDENCIA DEL CONDUCTOR,ASFALTADA,CARRETERA,NACIONAL,JUNIN,SATIPO,SATIPO,-11.232148562319404,-74.63073844269753,PE-5S,109.74711262390402
2022-11-02,2022,11,2,0,4,0,CHOQUE,IMPRUDENCIA DEL CONDUCTOR,ASFALTADA,CARRETERA,NACIONAL,CUSCO,CANCHIS,SICUANI,-14.309054081565096,-71.20804508980757,PE-3S,1119.5226342054086
2022-11-03,2022,11,3,0,2,3,DESPISTE,IMPRUDENCIA DEL CONDUCTOR,CASCAJO/RIPIO,CARRETERA,NACIONAL,JUNIN,CONCEPCION,COMAS,-11.766582,-75.225867,PE-24A,31.079429532795054
2022-11-03,2022,11,3,0,2,1,DESPISTE,IMPRUDENCIA DEL CONDUCTOR,ASFALTADA,CARRETERA,NACIONAL,CUSCO,CHUMBIVILCAS,VELILLE,-14.565905801608682,-71.92223637130661,PE-3SG,141.67950486498452
2022-11-04,2022,11,4,0,1,0,ATROPELLO,IMPRUDENCIA DEL CONDUCTOR,ASFALTADA,CARRETERA,NACIONAL,TUMBES,TUMBES,TUMBES,-3.5349228046492853,-80.37709149983799,PE-1N,1288.0705408656383
2022-11-04,2022,11,4,0,1,26,CHOQUE,IMPRUDENCIA DEL CONDUCTOR,ASFALTADA,CARRETERA,NACIONAL,PUNO,PUNO,CHUCUITO,-15.886,-69.902,PE-3S,1379.7214602534286
2022-11-04,2022,11,4,0,1,1,CHOQUE,IMPRUDENCIA DEL CONDUCTOR,ASFALTADA,CARRETERA,NACIONAL,HUANUCO,LEONCIO PRADO,SANTO DOMINGO DE ANDA,-9.062008,-76.075449,PE-5N,504.6086216636597
2022-11-05,2022,11,5,0,1,0,ATROPELLO,IMPRUDENCIA DEL CONDUCTOR,ASFALTADA,CARRETERA,NACIONAL,JUNIN,JAUJA,MUQUIYAUYO,-11.820896,-75.451566,PE-3SB,4.352943073521917
2022-11-05,2022,11,5,0,1,0,CHOQUE,EN PROCESO DE INVESTIGACIÓN,ASFALTADA,CARRETERA,NACIONAL,ICA,ICA,SANTIAGO,-14.184147,-75.714582,PE-1S,311.428457921637
2022-11-05,2022,11,5,0,1,0,ATROPELLO,EN PROCESO DE INVESTIGACIÓN,ASFALTADA,CARRETERA,NACIONAL,LIMA,LIMA,PUENTE PIEDRA,-11.8662825,-77.0735316127,PE-1N,30.25437099462533
2022-11-06,2022,11,6,0,1,0,CHOQUE,IMPRUDENCIA DEL CONDUCTOR,ASFALTADA,CARRETERA,NACIONAL,JUNIN,HUANCAYO,SAN AGUSTIN,-12.0198684,-75.2418035,PE-3S,117.72789818432216
2022-11-06,2022,11,6,0,1,0,ATROPELLO FUGA,EN PROCESO DE INVESTIGACIÓN,ASFALTADA,CARRETERA,NACIONAL,LIMA,LIMA,LURIN,-12.257543,-76.919539,PE-1S,26.182794592564097
2022-11-06,2022,11,6,0,1,0,ATROPELLO FUGA,EN PROCESO DE INVESTIGACIÓN,ASFALTADA,CARRETERA,NACIONAL,LIMA,LIMA,LURIN,-12.2833156,-76.87833662,PE-1S,31.495140313367955
2022-11-06,2022,11,6,0,1,0,DESPISTE,IMPRUDENCIA DEL CONDUCTOR,ASFALTADA,CARRETERA,NACIONAL,TACNA,TARATA,ESTIQUE,-17.636026,-70.067803,PE-38,57.03861117147261
2022-11-06,2022,11,6,0,1,12,CHOQUE,EN PROCESO DE INVESTIGACIÓN,ASFALTADA,CARRETERA,NACIONAL,CAJAMARCA,JAEN,JAEN,-5.84315,-78.76675,PE-04C,32.268581985849984
2022-11-06,2022,11,6,0,1,0,CHOQUE,EN PROCESO DE INVESTIGACIÓN,ASFALTADA,CARRETERA,NACIONAL,AREQUIPA,ISLAY,DEAN VALDIVIA,-17.1277704,-71.8043096,PE-1SJ,16.155
2022-11-06,2022,11,6,0,1,0,ATROPELLO FUGA,EN PROCESO DE INVESTIGACIÓN,ASFALTADA,CARRETERA,NACIONAL,LA LIBERTAD,TRUJILLO,VICTOR LARCO HERRERA,-8.149811,-79.041772,PE-1N,564.0796161257227
2022-11-06,2022,11,6,0,1,0,CHOQUE,EN PROCESO DE INVESTIGACIÓN,ASFALTADA,CARRETERA,NACIONAL,AREQUIPA,CAYLLOMA,SAN ANTONIO DE CHUCA,-15.782378,-71.03263,PE-34A,174.34160531941754
2022-11-07,2022,11,0,0,1,0,DESPISTE,EN PROCESO DE INVESTIGACIÓN,ASFALTADA,CARRETERA,NACIONAL,LIMA,LIMA,SAN MARTIN DE PORRES,-12.0333318,-77.0534675,PE-1N,11.149683659698804
2022-11-07,2022,11,0,0,1,0,CHOQUE,IMPRUDENCIA DEL CONDUCTOR,ASFALTADA,CARRETERA,NACIONAL,PUNO,EL COLLAO,ILAVE,-16.15599462706685,-69.64763955560258,PE-38A,74.45099332254983
2022-11-07,2022,11,0,0,1,0,CHOQUE FUGA,EN PROCESO DE INVESTIGACIÓN,ASFALTADA,CARRETERA,NACIONAL,AMAZONAS,BAGUA,IMAZA,-4.978891167603997,-78.22605997323991,PE-5NC,142.25968423893468
2022-11-07,2022,11,0,0,1,0,ATROPELLO,IMPRUDENCIA DEL CONDUCTOR,ASFALTADA,CARRETERA,NACIONAL,CUSCO,CANCHIS,SAN PABLO,-14.2069359,-71.3050337,PE-3S,1101.9481614526117
2022-11-07,2022,11,0,0,2,0,ATROPELLO,IMPRUDENCIA DEL CONDUCTOR,ASFALTADA,CARRETERA,NACIONAL,PUNO,AZANGARO,SAN ANTON,-14.47164,-70.2516024,PE-34B,117.97685439309956
2022-11-07,2022,11,0,0,1,1,CHOQUE,IMPRUDENCIA DEL CONDUCTOR,ASFALTADA,CARRETERA,NACIONAL,CUSCO,QUISPICANCHI,QUIQUIJANA,-13.775057681298277,-71.57359153206748,PE-3S,1036.85509318852
2022-11-08,2022,11,1,0,1,0,ATROPELLO,EN PROCESO DE INVESTIGACIÓN,ASFALTADA,CARRETERA,NACIONAL,CALLAO,CALLAO,CALLAO,-11.9421195,-77.131295821,PE-20,13.28989706172202
2022-11-08,2022,11,1,0,1,0,CHOQUE,EN PROCESO DE INVESTIGACIÓN,ASFALTADA,CARRETERA,NACIONAL,CALLAO,CALLAO,CALLAO,-11.989341,-77.1259525195,PE-20,18.620073485576192
2022-11-08,2022,11,1,0,1,0,CHOQUE,IMPRUDENCIA DEL CONDUCTOR,ASFALTADA,CARRETERA,NACIONAL,PIURA,AYABACA,SUYO,-4.482080425046179,-79.98689501037242,PE-1NL,117.20037718900636
2022-11-09,2022,11,2,0,1,3,DESPISTE,IMPRUDENCIA DEL CONDUCTOR,ASFALTADA,CARRETERA,NACIONAL,ANCASH,HUARAZ,HUARAZ,-9.542851144952715,-77.53317436122363,PE-3N,578.5165570984501
2022-11-09,2022,11,2,0,1,0,ESPECIAL,IMPRUDENCIA DEL CONDUCTOR,TROCHA,CARRETERA,NACIONAL,PASCO,PASCO,CHAUPIMARCA,-10.723588252502376,-76.25115200296258,PE-3N,117.17311789975476
2022-11-10,2022,11,3,0,3,1,CHOQUE,EN PROCESO DE INVESTIGACIÓN,ASFALTADA,CARRETERA,NACIONAL,ICA,ICA,SUBTANJALLA,-14.033763480341069,-75.75632772796854,PE-1S,292.7865167663427
2022-11-10,2022,11,3,0,1,4,DESPISTE,IMPRUDENCIA DEL CONDUCTOR,ASFALTADA,CARRETERA,NACIONAL,PUNO,CHUCUITO,JULI,-16.21074849595897,-69.44360923499507,PE-3S,1445.8453527643032
2022-11-11,2022,11,4,0,1,0,ATROPELLO,EN PROCESO DE INVESTIGACIÓN,ASFALTADA,CARRETERA,NACIONAL,ANCASH,CARHUAZ,TINCO,-9.270052555325533,-77.67497629401554,PE-3N,617.2988579763704
2022-11-11,2022,11,4,0,1,0,CHOQUE,IMPRUDENCIA DEL CONDUCTOR,ASFALTADA,CARRETERA,NACIONAL,CAJAMARCA,CONTUMAZA,TANTARICA,-7.20511167,-78.93261833,PE-08,79.29389219297278
2022-11-11,2022,11,4,0,1,0,CHOQUE,EN PROCESO DE INVESTIGACIÓN,ASFALTADA,CARRETERA,NACIONAL,CAJAMARCA,JAEN,JAEN,-5.7514041,-78.790566,PE-5N,1383.1296977376776
2022-11-11,2022,11,4,0,1,1,DESPISTE,IMPRUDENCIA DEL CONDUCTOR,ASFALTADA,CARRETERA,NACIONAL,PIURA,SECHURA,SECHURA,-5.840359,-80.850268,PE-1NK,81.20603756891379
2022-11-11,2022,11,4,0,1,3,DESPISTE,EN PROCESO DE INVESTIGACIÓN,ASFALTADA,CARRETERA,NACIONAL,LIMA,LIMA,LURIN,-12.275870433639133,-76.89007762093257,PE-1S,29.9749398639412
2022-11-11,2022,11,4,0,1,0,ATROPELLO FUGA,IMPRUDENCIA DEL CONDUCTOR,ASFALTADA,CARRETERA,NACIONAL,JUNIN,HUANCAYO,SICAYA,-12.032325,-75.264093,PE-3SB,36.31047544741836
2022-11-12,2022,11,5,0,1,0,ATROPELLO,EN PROCESO DE INVESTIGACIÓN,ASFALTADA,CARRETERA,NACIONAL,ICA,ICA,SANTIAGO,-14.20654449242348,-75.71407415451067,PE-1S,313.95902712697307
2022-11-12,2022,11,5,0,1,0,ATROPELLO,EN PROCESO DE INVESTIGACIÓN,ASFALTADA,CARRETERA,NACIONAL,AREQUIPA,ISLAY,PUNTA DE BOMBON,-17.221262,-71.649945,PE-1SD,162.34406579562847
2022-11-12,2022,11,5,0,1,0,CHOQUE,EN PROCESO DE INVESTIGACIÓN,ASFALTADA,CARRETERA,NACIONAL,PIURA,SULLANA,LANCONES,-4.6199069751643655,-80.53929613734319,PE-1NN,40.14141959659861
2022-11-12,2022,11,5,0,1,1,CHOQUE,EN PROCESO DE INVESTIGACIÓN,ASFALTADA,CARRETERA,NACIONAL,LIMA,LIMA,LURIGANCHO,-12.020841026337164,-76.92263775270905,PE-22,7.836453721356612
2022-11-12,2022,11,5,0,1,0,ATROPELLO FUGA,EN PROCESO DE INVESTIGACIÓN,ASFALTADA,CARRETERA,NACIONAL,HUANUCO,LEONCIO PRADO,LUYANDO,-9.212693095456332,-75.98727095164786,PE-18A,133.25287397323413
2022-11-13,2022,11,6,0,1,0,ATROPELLO,EN PROCESO DE INVESTIGACIÓN,ASFALTADA,CARRETERA,NACIONAL,ICA,PISCO,PARACAS,-13.874253,-76.125205,PE-1S,244.9286443595304
2022-11-13,2022,11,6,0,2,0,CHOQUE,IMPRUDENCIA DEL CONDUCTOR,ASFALTADA,CARRETERA,NACIONAL,LA LIBERTAD,TRUJILLO,HUANCHACO,-8.088236,-79.096604,PE-1N,574.2292107642292
2022-11-14,2022,11,0,0,1,0,CHOQUE,EN PROCESO DE INVESTIGACIÓN,ASFALTADA,CARRETERA,NACIONAL,ANCASH,SANTA,NUEVO CHIMBOTE,-9.154906856773838,-78.50250768004118,PE-1N,430.4148470978801
2022-11-14,2022,11,0,0,2,5,DESPISTE,IMPRUDENCIA DEL CONDUCTOR,ASFALTADA,CARRETERA,NACIONAL,JUNIN,JAUJA,CURICACA,-11.763505,-75.713138,PE-3S,41.897618478610994
2022-11-14,2022,11,0,0,1,0,CHOQUE,EN PROCESO DE INVESTIGACIÓN,,CARRETERA,NACIONAL,MADRE DE DIOS,TAMBOPATA,LABERINTO,-12.753833,-69.554536,PE-30C,380.78277227107793
2022-11-15,2022,11,1,0,1,0,ATROPELLO,EN PROCESO DE INVESTIGACIÓN,ASFALTADA,CARRETERA,NACIONAL,LIMA,LIMA,ANCON,-11.813834,-77.128701,PE-1N,38.69520076537091
2022-11-15,2022,11,1,0,1,0,ATROPELLO,EN PROCESO DE INVESTIGACIÓN,ASFALTADA,CARRETERA,NACIONAL,LIMA,LIMA,SAN MARTIN DE PORRES,-12.00976,-77.060729,PE-1N,13.919423050671323
2022-11-16,2022,11,2,0,1,1,CHOQUE,EN PROCESO DE INVESTIGACIÓN,ASFALTADA,CARRETERA,NACIONAL,LIMA,LIMA,LOS OLIVOS,-11.974377,-77.066469,PE-1N,17.888568652184325
2022-11-16,2022,11,2,0,1,0,ATROPELLO FUGA,IMPRUDENCIA DEL PEATÓN,ASFALTADA,CARRETERA,NACIONAL,LA LIBERTAD,CHEPEN,PACANGA,-7.15281476530781,-79.44806478639671,PE-1N,715.0970453933286
2022-11-16,2022,11,2,0,2,0,DESPISTE,EN PROCESO DE INVESTIGACIÓN,ASFALTADA,CARRETERA,NACIONAL,ANCASH,BOLOGNESI,HUALLANCA,-9.89893811844632,-76.94136645151447,PE-3N,388.1215293960264
2022-11-16,2022,11,2,0,1,0,DESPISTE,IMPRUDENCIA DEL CONDUCTOR,ASFALTADA,CARRETERA,NACIONAL,PUNO,LAMPA,SANTA LUCIA,-15.6931733,-70.8136945,PE-34A,208.7827627840477
2022-11-17,2022,11,3,0,1,0,ATROPELLO FUGA,EN PROCESO DE INVESTIGACIÓN,ASFALTADA,CARRETERA,NACIONAL,ICA,PISCO,TUPAC AMARU INCA,-13.692376,-76.15555,PE-1S,223.40411305628908
2022-11-17,2022,11,3,0,1,0,ATROPELLO,IMPRUDENCIA DEL CONDUCTOR,ASFALTADA,CARRETERA,NACIONAL,CUSCO,URUBAMBA,YUCAY,-13.323544391560455,-72.08126416001991,PE-28B,626.3910166174439
2022-11-18,2022,11,4,0,1,2,CHOQUE,IMPRUDENCIA DEL CONDUCTOR,ASFALTADA,CARRETERA,NACIONAL,AYACUCHO,HUAMANGA,CHIARA,-13.30830702,-74.22658492,PE-3S,418.4632881129031
2022-11-18,2022,11,4,0,1,0,DESPISTE,EN PROCESO DE INVESTIGACIÓN,ASFALTADA,CARRETERA,NACIONAL,ANCASH,CASMA,CASMA,-9.634016830211207,-78.25794921682309,PE-1N,353.1666156578807
2022-11-18,2022,11,4,0,11,16,DESPISTE,IMPRUDENCIA DEL CONDUCTOR,ASFALTADA,CARRETERA,NACIONAL,LA LIBERTAD,PACASMAYO,SAN PEDRO DE LLOC,-7.453194,-79.490454,PE-1N,665.1289172554375
2022-11-19,2022,11,5,0,1,0,ATROPELLO FUGA,EN PROCESO DE INVESTIGACIÓN,ASFALTADA,CARRETERA,NACIONAL,CUSCO,ANTA,ANTA,-13.4744457142765,-72.15729923800652,PE-3S,944.5531435238748
2022-11-19,2022,11,5,0,1,0,CHOQUE,EN PROCESO DE INVESTIGACIÓN,ASFALTADA,CARRETERA,NACIONAL,LIMA,LIMA,ATE,-12.006904216614387,-76.85291753105753,PE-22,16.406507255708682
2022-11-19,2022,11,5,0,1,0,CHOQUE,EN PROCESO DE INVESTIGACIÓN,ASFALTADA,CARRETERA,NACIONAL,ICA,ICA,SALAS,-13.9049924,-76.0526704,PE-1S,253.6775109638299
2022-11-19,2022,11,5,0,1,0,DESPISTE,IMPRUDENCIA DEL CONDUCTOR,ASFALTADA,CARRETERA,NACIONAL,PASCO,PASCO,YANACANCHA,-10.693849303700125,-76.23033818124274,PE-34A,89.6863816076586
2022-11-19,2022,11,5,0,2,0,CHOQUE,IMPRUDENCIA DEL CONDUCTOR,ASFALTADA,CARRETERA,NACIONAL,LA LIBERTAD,TRUJILLO,SALAVERRY,-8.187631489027199,-78.99450323406467,PE-10,1.423271135430239
2022-11-19,2022,11,5,0,1,0,ATROPELLO,EN PROCESO DE INVESTIGACIÓN,ASFALTADA,CARRETERA,NACIONAL,ICA,PISCO,TUPAC AMARU INCA,-13.715865607530723,-76.15407544571597,PE-1S,226.11109208061933
2022-11-19,2022,11,5,0,1,7,CHOQUE,EN PROCESO DE INVESTIGACIÓN,ASFALTADA,CARRETERA,NACIONAL,ICA,PISCO,PARACAS,-13.788802275390925,-76.16369918469702,PE-1S,234.5489479388641
2022-11-19,2022,11,5,0,1,0,CHOQUE,IMPRUDENCIA DEL CONDUCTOR,ASFALTADA,CARRETERA,NACIONAL,LA LIBERTAD,TRUJILLO,VICTOR LARCO HERRERA,-8.152316034586216,-79.0352888893091,PE-1N,563.2114253189708
2022-11-20,2022,11,6,0,1,0,DESPISTE,IMPRUDENCIA DEL CONDUCTOR,ASFALTADA,CARRETERA,NACIONAL,PUNO,CHUCUITO,JULI,-16.210565,-69.443086,PE-3S,1445.9062050714565
2022-11-20,2022,11,6,0,1,0,ATROPELLO FUGA,EN PROCESO DE INVESTIGACIÓN,ASFALTADA,CARRETERA,NACIONAL,ICA,ICA,SALAS,-13.930394538485976,-75.94484165252497,PE-1S,265.9629234156508
2022-11-20,2022,11,6,0,1,0,CHOQUE,EN PROCESO DE INVESTIGACIÓN,ASFALTADA,CARRETERA,NACIONAL,AREQUIPA,ISLAY,MOLLENDO,-16.853712,-72.019081,PE-34,29.85916751939679
2022-11-20,2022,11,6,0,1,0,DESPISTE,IMPRUDENCIA DEL CONDUCTOR,ASFALTADA,CARRETERA,NACIONAL,CAJAMARCA,JAEN,POMAHUACA,-5.94338333,-79.24861833,PE-3N,1597.536691032819
2022-11-20,2022,11,6,0,1,1,CHOQUE,IMPRUDENCIA DEL CONDUCTOR,ASFALTADA,CARRETERA,NACIONAL,AYACUCHO,HUAMANGA,VINCHOS,-13.340947792469663,-74.4440927122932,PE-28A,275.41796927752404
2022-11-20,2022,11,6,0,1,0,ATROPELLO FUGA,EN PROCESO DE INVESTIGACIÓN,ASFALTADA,CARRETERA,NACIONAL,JUNIN,HUANCAYO,SAN JERONIMO DE TUNAN,-11.945276,-75.293872,PE-3S,107.68661755811324
2022-11-21,2022,11,0,0,1,0,CHOQUE CON OBJETO FIJO,EN PROCESO DE INVESTIGACIÓN,ASFALTADA,CARRETERA,NACIONAL,CAJAMARCA,CAJABAMBA,CONDEBAMBA,-7.534292,-78.150196,PE-3N,1177.2735525741264
2022-11-21,2022,11,0,0,1,2,CHOQUE,EN PROCESO DE INVESTIGACIÓN,ASFALTADA,CARRETERA,NACIONAL,AMAZONAS,BAGUA,BAGUA,-5.595394874665108,-78.55226755142213,PE-5NC,18.79000634700908
2022-11-21,2022,11,0,0,1,0,ATROPELLO FUGA,IMPRUDENCIA DEL CONDUCTOR,ASFALTADA,CARRETERA,NACIONAL,TUMBES,TUMBES,CORRALES,-3.613267651050405,-80.5126616962128,PE-1N,1269.9836369816228
2022-11-22,2022,11,1,0,2,1,DESPISTE,IMPRUDENCIA DEL CONDUCTOR,ASFALTADA,CARRETERA,NACIONAL,PUNO,LAMPA,SANTA LUCIA,-15.6652879,-70.6545816,PE-34A,230.34708071457416
2022-11-22,2022,11,1,0,1,0,DESPISTE,IMPRUDENCIA DEL CONDUCTOR,ASFALTADA,CARRETERA,NACIONAL,PUNO,CHUCUITO,POMATA,-16.258607033241013,-69.31235783197457,PE-3S,1462.6623388018045
2022-11-23,2022,11,2,0,1,0,ATROPELLO,EN PROCESO DE INVESTIGACIÓN,ASFALTADA,CARRETERA,NACIONAL,LIMA,LIMA,PUENTE PIEDRA,-11.836296,-77.110072,PE-1N,35.54441684233999
2022-11-24,2022,11,3,0,3,0,DESPISTE,EN PROCESO DE INVESTIGACIÓN,ASFALTADA,CARRETERA,NACIONAL,ANCASH,CASMA,CASMA,-9.464706714278517,-78.32151757369546,PE-1N,377.4133650076138
2022-11-24,2022,11,3,0,1,0,CHOQUE FUGA,IMPRUDENCIA DEL CONDUCTOR,ASFALTADA,CARRETERA,NACIONAL,PUNO,AZANGARO,ACHAYA,-15.2347754,-70.2225144,PE-34B,8.39112634873682
2022-11-24,2022,11,3,0,1,0,DESPISTE,EN PROCESO DE INVESTIGACIÓN,ASFALTADA,CARRETERA,NACIONAL,PIURA,TALARA,LA BREA,-4.745630167960368,-80.99869404834216,PE-1N,1072.1793282452552
2022-11-25,2022,11,4,0,1,0,CHOQUE,EN PROCESO DE INVESTIGACIÓN,ASFALTADA,CARRETERA,NACIONAL,AREQUIPA,AREQUIPA,YURA,-16.06676,-71.367636,PE-34A,118.57039544976185
2022-11-26,2022,11,5,0,1,1,CHOQUE,EN PROCESO DE INVESTIGACIÓN,ASFALTADA,CARRETERA,NACIONAL,LA LIBERTAD,TRUJILLO,LAREDO,-8.098803,-78.95821,PE-10A,8.648206500873044
2022-11-26,2022,11,5,0,1,0,ATROPELLO FUGA,IMPRUDENCIA DEL CONDUCTOR,ASFALTADA,CARRETERA,NACIONAL,TACNA,TACNA,TACNA,-18.292291,-70.316267,PE-1S,1325.5227841924318
2022-11-26,2022,11,5,0,1,3,CHOQUE,IMPRUDENCIA DEL CONDUCTOR,ASFALTADA,CARRETERA,NACIONAL,PUNO,SAN ROMAN,JULIACA,-15.5057408,-70.1625425,PE-34A,296.558018534076
2022-11-27,2022,11,6,0,1,0,DESPISTE,IMPRUDENCIA DEL CONDUCTOR,ASFALTADA,CARRETERA,NACIONAL,JUNIN,SATIPO,PANGOA,-11.335421824341116,-74.52830982076205,PE-28C,264.3828094404176
2022-11-27,2022,11,6,0,1,2,CHOQUE,IMPRUDENCIA DEL CONDUCTOR,ASFALTADA,CARRETERA,NACIONAL,LA LIBERTAD,TRUJILLO,LAREDO,-8.088592,-78.914284,PE-10A,13.986400772123044
2022-11-27,2022,11,6,0,1,0,CHOQUE,IMPRUDENCIA DEL CONDUCTOR,ASFALTADA,CARRETERA,NACIONAL,PUNO,SAN ROMAN,JULIACA,-15.4846997748164,-70.12472922649498,PE-3S,1316.1182839997318
2022-11-27,2022,11,6,0,1,0,ATROPELLO,EN PROCESO DE INVESTIGACIÓN,ASFALTADA,CARRETERA,NACIONAL,LAMBAYEQUE,LAMBAYEQUE,MORROPE,-6.59945,-79.9742,PE-1N,808.2220388259178
2022-11-28,2022,11,0,0,1,0,DESPISTE,EN PROCESO DE INVESTIGACIÓN,ASFALTADA,CARRETERA,NACIONAL,LIMA,LIMA,SAN MARTIN DE PORRES,-12.015476,-77.060042,PE-1N,13.31579022623478
2022-11-28,2022,11,0,0,1,1,CHOQUE,EN PROCESO DE INVESTIGACIÓN,ASFALTADA,CARRETERA,NACIONAL,LAMBAYEQUE,LAMBAYEQUE,MOCHUMI,-6.557046,-79.868481,PE-1NJ,14.45960317225985
2022-11-29,2022,11,1,0,1,1,CHOQUE,IMPRUDENCIA DEL CONDUCTOR,ASFALTADA,CARRETERA,NACIONAL,PUNO,PUNO,PUNO,-15.79571107077108,-70.03609831460312,PE-3S,1355.4651406531646
2022-11-30,2022,11,2,0,1,0,DESPISTE,IMPRUDENCIA DEL CONDUCTOR,ASFALTADA,CARRETERA,NACIONAL,LIMA,LIMA,SANTIAGO DE SURCO,-12.09583,-76.980239,PE-1S,4.534403682159575
2022-11-30,2022,11,2,0,1,4,CHOQUE,IMPRUDENCIA DEL CONDUCTOR,ASFALTADA,CARRETERA,NACIONAL,JUNIN,SATIPO,SATIPO,-11.244718413375502,-74.6359741146946,PE-24A,207.708623284014
2022-11-30,2022,11,2,0,1,0,ATROPELLO FUGA,IMPRUDENCIA DEL CONDUCTOR,ASFALTADA,CARRETERA,NACIONAL,CUSCO,ANTA,ANTA,-13.4730593,-72.1321214,PE-3S,948.3105774224948
2022-11-30,2022,11,2,0,2,1,CHOQUE FUGA,IMPRUDENCIA DEL CONDUCTOR,ASFALTADA,CARRETERA,NACIONAL,JUNIN,JUNIN,JUNIN,-10.98545057789502,-76.03603285812332,PE-3N,74.77333785019295
2022-12-01,2022,12,3,0,1,4,DESPISTE,EN PROCESO DE INVESTIGACIÓN,TROCHA,CARRETERA,NACIONAL,LA LIBERTAD,SANCHEZ CARRION,SARTIMBAMBA,-7.522421,-77.730014,PE-10B,81.3791642648629
2022-12-01,2022,12,3,0,1,1,DESPISTE,IMPRUDENCIA DEL CONDUCTOR,ASFALTADA,CARRETERA,NACIONAL,HUANUCO,LEONCIO PRADO,HERMILIO VALDIZAN,-9.168768,-75.965217,PE-5N,485.2971858626494
2022-12-01,2022,12,3,0,1,0,CHOQUE,EN PROCESO DE INVESTIGACIÓN,ASFALTADA,CARRETERA,NACIONAL,JUNIN,CHANCHAMAYO,PICHANAQUI,-10.924733571008897,-74.87667399210798,PE-5S,58.755248796207816
2022-12-01,2022,12,3,0,1,1,CHOQUE,IMPRUDENCIA DEL CONDUCTOR,ASFALTADA,CARRETERA,NACIONAL,PIURA,MORROPON,LA MATANZA,-5.230776,-80.049811,PE-02A,7.202117274495079
2022-12-02,2022,12,4,0,1,0,ATROPELLO,EN PROCESO DE INVESTIGACIÓN,ASFALTADA,CARRETERA,NACIONAL,LAMBAYEQUE,LAMBAYEQUE,JAYANCA,-6.337246,-79.765726,PE-1NJ,42.93564365131723
2022-12-02,2022,12,4,0,1,3,CHOQUE,IMPRUDENCIA DEL CONDUCTOR,ASFALTADA,CARRETERA,NACIONAL,PUNO,LAMPA,SANTA LUCIA,-15.681142490713002,-70.5560874746419,PE-34A,244.041813364077
2022-12-02,2022,12,4,0,1,1,CHOQUE,EN PROCESO DE INVESTIGACIÓN,ASFALTADA,CARRETERA,NACIONAL,LIMA,LIMA,ATE,-12.01503277091015,-76.90017695554093,PE-22,10.497546821755522
2022-12-02,2022,12,4,0,1,0,CHOQUE,IMPRUDENCIA DEL CONDUCTOR,ASFALTADA,CARRETERA,NACIONAL,ANCASH,SANTA,SANTA,-9.00736985783495,-78.61861512295174,PE-1N,441.3408134095998
2022-12-02,2022,12,4,0,1,0,DESPISTE,EN PROCESO DE INVESTIGACIÓN,ASFALTADA,CARRETERA,NACIONAL,LIMA,LIMA,LURIGANCHO,-11.944786203706464,-76.7097334987167,PE-22,33.75782408467648
2022-12-03,2022,12,5,0,1,0,VOLCADURA,IMPRUDENCIA DEL CONDUCTOR,ASFALTADA,CARRETERA,NACIONAL,PUNO,CHUCUITO,DESAGUADERO,-16.557421618333436,-69.04112213057007,PE-3S,1511.0331845654391
2022-12-03,2022,12,5,0,1,0,CHOQUE,IMPRUDENCIA DEL CONDUCTOR,ASFALTADA,CARRETERA,NACIONAL,PASCO,PASCO,YANACANCHA,-10.695710050194045,-76.23564348831137,PE-3N,121.56919352501744
2022-12-03,2022,12,5,0,1,1,CHOQUE,EN PROCESO DE INVESTIGACIÓN,ASFALTADA,CARRETERA,NACIONAL,LAMBAYEQUE,LAMBAYEQUE,PACORA,-6.4390482,-79.8487323,PE-1NJ,27.98562610302744
2022-12-03,2022,12,5,0,1,0,DESPISTE,IMPRUDENCIA DEL CONDUCTOR,ASFALTADA,CARRETERA,NACIONAL,CUSCO,CANCHIS,COMBAPATA,-14.096407674043547,-71.43777373554188,PE-3S,1081.5773230788725
2022-12-04,2022,12,6,0,1,0,DESPISTE,EN PROCESO DE INVESTIGACIÓN,ASFALTADA,CARRETERA,NACIONAL,AREQUIPA,AREQUIPA,SAN JUAN DE SIGUAS,-16.370604,-72.137765,PE-1S,920.4418454916748
2022-12-04,2022,12,6,0,1,0,ATROPELLO FUGA,INFRAESTRUCTURA Y ENTORNO VIAL,ASFALTADA,CARRETERA,NACIONAL,PUNO,AZANGARO,SANTIAGO DE PUPUJA,-15.130574637961988,-70.21605306603558,PE-34B,19.909298070843963
2022-12-05,2022,12,0,0,1,0,CHOQUE,IMPRUDENCIA DEL CONDUCTOR,ASFALTADA,CARRETERA,NACIONAL,LA LIBERTAD,PACASMAYO,GUADALUPE,-7.248407,-79.476552,PE-1N,700.8156730850751
2022-12-05,2022,12,0,0,1,0,DESPISTE,IMPERICIA DEL CONDUCTOR,ASFALTADA,CARRETERA,NACIONAL,PUNO,CHUCUITO,JULI,-16.254420133597243,-69.34710849877888,PE-3S,1459.211704410798
2022-12-05,2022,12,0,0,1,0,CHOQUE,IMPRUDENCIA DEL CONDUCTOR,ASFALTADA,CARRETERA,NACIONAL,MADRE DE DIOS,TAMBOPATA,TAMBOPATA,-12.644865,-69.277755,PE-30C,413.0275343424167
2022-12-05,2022,12,0,0,1,0,DESPISTE,IMPRUDENCIA DEL CONDUCTOR,ASFALTADA,CARRETERA,NACIONAL,CUSCO,CANAS,KUNTURKANKI,-14.61397281432543,-71.28630941514878,PE-34F,29.744930144026117
2022-12-05,2022,12,0,0,1,1,CHOQUE,IMPRUDENCIA DEL CONDUCTOR,ASFALTADA,CARRETERA,NACIONAL,LIMA,HUAURA,VEGUETA,-10.98525573145307,-77.64325434119341,PE-1N,165.94830680120668
2022-12-06,2022,12,1,0,1,0,ATROPELLO FUGA,IMPRUDENCIA DEL CONDUCTOR,ASFALTADA,CARRETERA,NACIONAL,APURIMAC,CHINCHEROS,CHINCHEROS,-13.500488,-73.808641,PE-3S,526.5947804416875
2022-12-06,2022,12,1,0,1,3,CHOQUE,EN PROCESO DE INVESTIGACIÓN,ASFALTADA,CARRETERA,NACIONAL,LAMBAYEQUE,CHICLAYO,MONSEFU,-6.8444147,-79.8293059,PE-1N,771.0195893566091
2022-12-06,2022,12,1,0,1,1,CHOQUE,IMPRUDENCIA DEL CONDUCTOR,ASFALTADA,CARRETERA,NACIONAL,ICA,CHINCHA,CHINCHA BAJA,-13.50844825,-76.18486274,PE-1SE,11.853201411185662
2022-12-06,2022,12,1,0,1,0,DESPISTE,IMPRUDENCIA DEL CONDUCTOR,ASFALTADA,CARRETERA,NACIONAL,HUANUCO,PACHITEA,PANAO,-9.89185574757498,-75.97310896254768,PE-18B,45.75286083682093
2022-12-06,2022,12,1,0,1,3,CHOQUE,IMPRUDENCIA DEL CONDUCTOR,ASFALTADA,CARRETERA,NACIONAL,CUSCO,QUISPICANCHI,OROPESA,-13.595739065519709,-71.78046881939404,PE-3S,995.778052875044
2022-12-06,2022,12,1,0,1,0,ATROPELLO,EN PROCESO DE INVESTIGACIÓN,,CARRETERA,NACIONAL,MOQUEGUA,MARISCAL NIETO,MOQUEGUA,-17.193508550840217,-70.91759698233433,PE-36A,8.857739671432038
2022-12-07,2022,12,2,0,1,0,DESPISTE,NEGLIGENCIA DEL CONDUCTOR,ASFALTADA,CARRETERA,NACIONAL,LA LIBERTAD,OTUZCO,OTUZCO,-7.961210168746557,-78.636891555716,PE-10A,61.41915498146835
2022-12-07,2022,12,2,0,2,0,CHOQUE,EN PROCESO DE INVESTIGACIÓN,ASFALTADA,CARRETERA,NACIONAL,PIURA,SECHURA,SECHURA,-6.0892981,-80.5001784,PE-1N,891.3485426965477
2022-12-07,2022,12,2,0,1,2,VOLCADURA,EN PROCESO DE INVESTIGACIÓN,ASFALTADA,CARRETERA,NACIONAL,ANCASH,HUARAZ,INDEPENDENCIA,-9.528202970424427,-77.54444130242483,PE-14,140.0481013605649
2022-12-07,2022,12,2,0,1,0,ATROPELLO,EN PROCESO DE INVESTIGACIÓN,ASFALTADA,CARRETERA,NACIONAL,AMAZONAS,UTCUBAMBA,JAMALCA,-5.883872401994309,-78.20081233978273,PE-5N,1289.8680184461853
2022-12-08,2022,12,3,0,1,0,ESPECIAL,INFRAESTRUCTURA Y ENTORNO VIAL,ASFALTADA,CARRETERA,NACIONAL,AYACUCHO,LUCANAS,PUQUIO,-14.64194,-74.047936,PE-30A,182.2287227157344
2022-12-08,2022,12,3,0,2,2,VOLCADURA,EN PROCESO DE INVESTIGACIÓN,ASFALTADA,CARRETERA,NACIONAL,CUSCO,LA CONVENCION,HUAYOPATA,-13.124599798851245,-72.33221523548895,PE-28B,552.2742622490695
2022-12-08,2022,12,3,0,1,1,DESPISTE,EN PROCESO DE INVESTIGACIÓN,ASFALTADA,CARRETERA,NACIONAL,CAJAMARCA,CHOTA,COCHABAMBA,-6.49894333,-78.82061,PE-3N,1451.03103635457
2022-12-08,2022,12,3,0,1,0,DESPISTE,IMPRUDENCIA DEL CONDUCTOR,ASFALTADA,CARRETERA,NACIONAL,PUNO,HUANCANE,TARACO,-15.299009076997503,-69.98580957023911,PE-34H,28.190533828292963
2022-12-09,2022,12,4,0,1,0,DESPISTE,EN PROCESO DE INVESTIGACIÓN,ASFALTADA,CARRETERA,NACIONAL,ICA,ICA,SALAS,-13.931783,-75.914188,PE-1S,269.28298547743174
2022-12-09,2022,12,4,0,1,0,ATROPELLO,IMPRUDENCIA DEL PEATÓN,ASFALTADA,CARRETERA,NACIONAL,PUNO,CHUCUITO,ZEPITA,-16.5830728,-69.2295886,PE-36A,282.3825345602804
2022-12-09,2022,12,4,0,1,0,ATROPELLO FUGA,EN PROCESO DE INVESTIGACIÓN,ASFALTADA,CARRETERA,NACIONAL,SAN MARTIN,RIOJA,NUEVA CAJAMARCA,-5.80581,-77.39851,PE-5N,1119.9031967972996
2022-12-10,2022,12,5,0,1,0,CHOQUE CON OBJETO FIJO,EN PROCESO DE INVESTIGACIÓN,ASFALTADA,CARRETERA,NACIONAL,SAN MARTIN,MOYOBAMBA,HABANA,-6.115332,-77.094342,PE-08B,545.3293405323054
2022-12-10,2022,12,5,0,2,1,CHOQUE,IMPRUDENCIA DEL CONDUCTOR,ASFALTADA,CARRETERA,NACIONAL,JUNIN,JAUJA,CURICACA,-11.788858,-75.668149,PE-3S,48.84529631838048
2022-12-10,2022,12,5,0,1,0,CHOQUE CON OBJETO FIJO,IMPRUDENCIA DEL CONDUCTOR,CONCRETO,CARRETERA,NACIONAL,CALLAO,CALLAO,CALLAO,-12.0386153180246,-77.099686344007,PE-20B,4.918741476249105
2022-12-10,2022,12,5,0,1,0,ATROPELLO FUGA,EN PROCESO DE INVESTIGACIÓN,ASFALTADA,CARRETERA,NACIONAL,LIMA,LIMA,SAN JUAN DE MIRAFLORES,-12.183602550323704,-76.97522781345661,PE-1S,14.51399454197747
2022-12-11,2022,12,6,0,1,0,ATROPELLO,EN PROCESO DE INVESTIGACIÓN,ASFALTADA,CARRETERA,NACIONAL,LIMA,LIMA,LURIGANCHO,-11.951577,-76.726837,PE-22,31.66333107847961
2022-12-11,2022,12,6,0,1,0,ATROPELLO,IMPRUDENCIA DEL CONDUCTOR,ASFALTADA,CARRETERA,NACIONAL,JUNIN,HUANCAYO,SICAYA,-12.054954,-75.283905,PE-24,283.1975763453057
2022-12-11,2022,12,6,0,2,0,DESPISTE,IMPRUDENCIA DEL CONDUCTOR,ASFALTADA,CARRETERA,NACIONAL,TACNA,TACNA,PALCA,-17.7816758,-69.960725,PE-40,54.996513127375245
2022-12-11,2022,12,6,0,1,0,ATROPELLO,EN PROCESO DE INVESTIGACIÓN,ASFALTADA,CARRETERA,NACIONAL,LIMA,LIMA,COMAS,-11.924983900113457,-77.07292633774752,PE-1N,23.43123936612448
2022-12-11,2022,12,6,0,1,0,DESPISTE,EN PROCESO DE INVESTIGACIÓN,ASFALTADA,CARRETERA,NACIONAL,ANCASH,PALLASCA,TAUCA,-8.424965607503932,-78.01537559310515,PE-3N,842.5408062141335
2022-12-11,2022,12,6,0,1,0,CHOQUE,IMPRUDENCIA DEL CONDUCTOR,ASFALTADA,CARRETERA,NACIONAL,JUNIN,HUANCAYO,CHILCA,-12.083191,-75.203209,PE-3SC,0.6442293753747096
2022-12-11,2022,12,6,0,2,4,DESPISTE,EN PROCESO DE INVESTIGACIÓN,ASFALTADA,CARRETERA,NACIONAL,PIURA,SULLANA,MIGUEL CHECA,-5.1307716,-80.8296016,PE-02,16.276403058032177
2022-12-12,2022,12,0,0,1,0,DESPISTE,IMPRUDENCIA DEL CONDUCTOR,ASFALTADA,CARRETERA,NACIONAL,JUNIN,CHANCHAMAYO,PERENE,-10.955558578167285,-75.22837130424345,PE-5S,9.505639099167086
2022-12-12,2022,12,0,0,1,0,ATROPELLO,IMPRUDENCIA DEL CONDUCTOR,ASFALTADA,CARRETERA,NACIONAL,JUNIN,HUANCAYO,HUANCAN,-12.116658,-75.180572,PE-3SC,4.685094010103116
2022-12-13,2022,12,1,0,1,0,ATROPELLO FUGA,EN PROCESO DE INVESTIGACIÓN,AFIRMADO,CARRETERA,NACIONAL,PIURA,PIURA,CASTILLA,-5.182648240572088,-80.57897714696101,PE-1NJ,200.2758782352392
2022-12-14,2022,12,2,0,1,0,CHOQUE,IMPRUDENCIA DEL CONDUCTOR,ASFALTADA,CARRETERA,NACIONAL,LA LIBERTAD,TRUJILLO,SIMBAL,-8.013975,-78.832225,PE-10A,27.54445869194827
2022-12-14,2022,12,2,0,1,0,VOLCADURA,IMPRUDENCIA DEL CONDUCTOR,ASFALTADA,CARRETERA,NACIONAL,CUSCO,CANCHIS,CHECACUPE,-14.012664,-71.457956,PE-3S,1071.2771611234964
2022-12-14,2022,12,2,0,1,0,ATROPELLO FUGA,EN PROCESO DE INVESTIGACIÓN,ASFALTADA,CARRETERA,NACIONAL,LA LIBERTAD,VIRU,VIRU,-8.412123662190222,-78.8008278148734,PE-1N,518.5006589002866
2022-12-15,2022,12,3,0,1,0,ATROPELLO FUGA,EN PROCESO DE INVESTIGACIÓN,ASFALTADA,CARRETERA,NACIONAL,LAMBAYEQUE,LAMBAYEQUE,LAMBAYEQUE,-6.673127,-79.90011,PE-1NJ,1.131450066017534
2022-12-15,2022,12,3,0,1,0,DESPISTE,IMPRUDENCIA DEL CONDUCTOR,ASFALTADA,CARRETERA,NACIONAL,LA LIBERTAD,TRUJILLO,SALAVERRY,-8.178108,-78.992894,PE-1N,553.5113150296035
2022-12-15,2022,12,3,0,1,2,VOLCADURA,IMPRUDENCIA DEL CONDUCTOR,ASFALTADA,CARRETERA,NACIONAL,JUNIN,JAUJA,ACOLLA,-11.6706701,-75.57409,PE-3SA,19.081922148528875
2022-12-15,2022,12,3,0,1,0,VOLCADURA,EN PROCESO DE INVESTIGACIÓN,ASFALTADA,CARRETERA,NACIONAL,CUSCO,ESPINAR,OCORURO,-15.0379146,-71.1376333,PE-34J,95.21978090879804
2022-12-15,2022,12,3,0,3,0,CHOQUE,IMPRUDENCIA DEL CONDUCTOR,ASFALTADA,CARRETERA,NACIONAL,PASCO,PASCO,VICCO,-10.842177547433543,-76.26215447471071,PE-20A,214.86877832926663
2022-12-16,2022,12,4,0,1,0,CHOQUE,IMPRUDENCIA DEL CONDUCTOR,ASFALTADA,CARRETERA,NACIONAL,LA LIBERTAD,CHEPEN,PACANGA,-7.1187,-79.48835,PE-1N,720.9329478548873
2022-12-16,2022,12,4,0,2,4,CHOQUE,EN PROCESO DE INVESTIGACIÓN,ASFALTADA,CARRETERA,NACIONAL,LAMBAYEQUE,LAMBAYEQUE,LAMBAYEQUE,-6.6365542,-79.8906636,PE-1NJ,5.310519678689693
2022-12-16,2022,12,4,0,1,0,ATROPELLO,IMPRUDENCIA DEL PEATÓN,AFIRMADO,CARRETERA,NACIONAL,PIURA,SULLANA,SULLANA,-4.915,-80.691,PE-1NL,0.7310366565679718
2022-12-16,2022,12,4,0,1,0,DESPISTE,IMPRUDENCIA DEL CONDUCTOR,ASFALTADA,CARRETERA,NACIONAL,LA LIBERTAD,GRAN CHIMU,CASCAS,-7.594535020727171,-78.88960892189267,PE-1NF,47.21470307635562
2022-12-16,2022,12,4,0,1,0,CHOQUE,EN PROCESO DE INVESTIGACIÓN,ASFALTADA,CARRETERA,NACIONAL,LAMBAYEQUE,CHICLAYO,CHONGOYAPE,-6.6572423,-79.4276372,PE-06A,59.74856690936002
2022-12-17,2022,12,5,0,1,1,DESPISTE,EN PROCESO DE INVESTIGACIÓN,ASFALTADA,CARRETERA,NACIONAL,ANCASH,RECUAY,CATAC,-9.946212455525938,-77.3817788327808,PE-3N,529.1840800079035
2022-12-17,2022,12,5,0,1,2,DESPISTE,IMPRUDENCIA DEL CONDUCTOR,ASFALTADA,CARRETERA,NACIONAL,AYACUCHO,SUCRE,QUEROBAMBA,-13.986602,-73.850651,PE-32A,171.89099556184215
2022-12-18,2022,12,6,0,1,0,ATROPELLO FUGA,EN PROCESO DE INVESTIGACIÓN,ASFALTADA,CARRETERA,NACIONAL,LIMA,LIMA,LURIN,-12.250006357950348,-76.93125838153544,PE-1S,24.65741492968874
2022-12-18,2022,12,6,0,1,0,CHOQUE,EN PROCESO DE INVESTIGACIÓN,ASFALTADA,CARRETERA,NACIONAL,AREQUIPA,AREQUIPA,YURA,-16.29621,-71.642363,PE-34A,52.620398488670666
2022-12-19,2022,12,0,0,1,1,DESPISTE,EN PROCESO DE INVESTIGACIÓN,ASFALTADA,CARRETERA,NACIONAL,LIMA,LIMA,PUENTE PIEDRA,-11.8627248,-77.0772256,PE-1N,30.82168914945804
2022-12-19,2022,12,0,0,1,0,VOLCADURA,EN PROCESO DE INVESTIGACIÓN,ASFALTADA,CARRETERA,NACIONAL,LIMA,LIMA,PUENTE PIEDRA,-11.900399,-77.067679,PE-1N,26.33073420837921
2022-12-19,2022,12,0,0,1,0,ATROPELLO,IMPRUDENCIA DEL PEATÓN,ASFALTADA,CARRETERA,NACIONAL,JUNIN,HUANCAYO,EL TAMBO,-12.053305,-75.233278,PE-24,287.525
2022-12-19,2022,12,0,0,1,0,ATROPELLO FUGA,EN PROCESO DE INVESTIGACIÓN,ASFALTADA,CARRETERA,NACIONAL,PIURA,PIURA,TAMBO GRANDE,-4.903164773382002,-80.34626822118075,PE-1NL,42.04785656033592
2022-12-19,2022,12,0,0,1,2,ATROPELLO,EN PROCESO DE INVESTIGACIÓN,ASFALTADA,CARRETERA,NACIONAL,PIURA,SULLANA,MIGUEL CHECA,-5.127405,-80.834232,PE-02,16.91068195036344
2022-12-20,2022,12,1,0,1,0,CHOQUE,IMPRUDENCIA DEL CONDUCTOR,TROCHA,CARRETERA,NACIONAL,AYACUCHO,HUAMANGA,VINCHOS,-13.262814,-74.313207,PE-28A,306.2543563968047
2022-12-20,2022,12,1,0,1,0,VOLCADURA,EN PROCESO DE INVESTIGACIÓN,ASFALTADA,CARRETERA,NACIONAL,LIMA,LIMA,RIMAC,-12.04102990326416,-77.03330573589118,PE-1N,8.760982099535857
2022-12-20,2022,12,1,0,2,0,DESPISTE,IMPRUDENCIA DEL CONDUCTOR,ASFALTADA,CARRETERA,NACIONAL,JUNIN,YAULI,LA OROYA,-11.522878,-75.896354,PE-3S,1.604889671053764
2022-12-20,2022,12,1,0,1,0,ATROPELLO,EN PROCESO DE INVESTIGACIÓN,ASFALTADA,CARRETERA,NACIONAL,LIMA,LIMA,PUCUSANA,-12.450924,-76.75534,PE-1S,56.03666897318493
2022-12-20,2022,12,1,0,1,0,CHOQUE,EN PROCESO DE INVESTIGACIÓN,ASFALTADA,CARRETERA,NACIONAL,LA LIBERTAD,PACASMAYO,GUADALUPE,-7.311197,-79.480883,PE-1N,692.0612115097897
2022-12-21,2022,12,2,0,1,0,CHOQUE,INFRAESTRUCTURA Y ENTORNO VIAL,ASFALTADA,CARRETERA,NACIONAL,PUNO,PUNO,CHUCUITO,-15.90013409668344,-69.88882902488676,PE-3S,1382.8394999341904
2022-12-21,2022,12,2,0,1,0,ATROPELLO,IMPRUDENCIA DEL PEATÓN,ASFALTADA,CARRETERA,NACIONAL,JUNIN,HUANCAYO,PILCOMAYO,-12.044905,-75.252199,PE-3SB,38.21206371044072
2022-12-21,2022,12,2,0,1,2,CHOQUE,IMPRUDENCIA DEL CONDUCTOR,ASFALTADA,CARRETERA,NACIONAL,JUNIN,SATIPO,MAZAMARI,-11.322435142214069,-74.53659806109265,PE-5S,128.80363368922752
2022-12-21,2022,12,2,0,1,0,DESPISTE,EN PROCESO DE INVESTIGACIÓN,ASFALTADA,CARRETERA,NACIONAL,MADRE DE DIOS,TAMBOPATA,LAS PIEDRAS,-12.359385,-69.153991,PE-30C,457.62294625799615
2022-12-21,2022,12,2,0,1,0,ATROPELLO FUGA,EN PROCESO DE INVESTIGACIÓN,ASFALTADA,CARRETERA,NACIONAL,LIMA,LIMA,PUENTE PIEDRA,-11.835598,-77.111331,PE-20,0.2449589198898187
2022-12-21,2022,12,2,0,1,2,CHOQUE,IMPRUDENCIA DEL CONDUCTOR,ASFALTADA,CARRETERA,NACIONAL,LIMA,HUAURA,HUAURA,-11.06219,-77.55213,PE-1NE,3.9636643604411135
2022-12-21,2022,12,2,0,1,0,CHOQUE,EN PROCESO DE INVESTIGACIÓN,ASFALTADA,CARRETERA,NACIONAL,LIMA,LIMA,LURIN,-12.249877,-76.931362,PE-1S,24.63981136865288
2022-12-22,2022,12,3,0,2,2,CHOQUE,EN PROCESO DE INVESTIGACIÓN,ASFALTADA,CARRETERA,NACIONAL,ANCASH,CASMA,CASMA,-9.445646,-78.350371,PE-1N,381.2627141472792
2022-12-22,2022,12,3,0,1,1,ATROPELLO,EN PROCESO DE INVESTIGACIÓN,ASFALTADA,CARRETERA,NACIONAL,ICA,ICA,SANTIAGO,-14.1853908,-75.7144103,PE-1S,311.5668679235751
2022-12-23,2022,12,4,0,4,0,CHOQUE,IMPRUDENCIA DEL CONDUCTOR,ASFALTADA,CARRETERA,NACIONAL,ANCASH,SANTA,NUEVO CHIMBOTE,-9.131875997,-78.52748606,PE-1N,434.1353713704547
2022-12-23,2022,12,4,0,2,1,CHOQUE,IMPRUDENCIA DEL CONDUCTOR,ASFALTADA,CARRETERA,NACIONAL,LA LIBERTAD,CHEPEN,PACANGA,-7.178833728458344,-79.4373320667413,PE-1N,711.8320577166418
2022-12-23,2022,12,4,0,1,0,CHOQUE,EN PROCESO DE INVESTIGACIÓN,,CARRETERA,NACIONAL,MADRE DE DIOS,TAHUAMANU,TAHUAMANU,-11.7926840460836,-69.1849551896851,PE-30C,527.3119892697443
2022-12-23,2022,12,4,0,1,1,CHOQUE,IMPRUDENCIA DEL CONDUCTOR,ASFALTADA,CARRETERA,NACIONAL,PIURA,SECHURA,CRISTO NOS VALGA,-5.528242,-80.589899,PE-1N,954.5467950402692
2022-12-23,2022,12,4,0,1,1,DESPISTE,IMPRUDENCIA DEL CONDUCTOR,ASFALTADA,CARRETERA,NACIONAL,CUSCO,ESPINAR,ALTO PICHIGUA,-14.7367389,-71.3256878,PE-34F,10.191690792715509
2022-12-24,2022,12,5,0,1,0,ATROPELLO,IMPRUDENCIA DEL CONDUCTOR,ASFALTADA,CARRETERA,NACIONAL,PIURA,PIURA,CASTILLA,-5.190967273943175,-80.6055176561906,PE-1NJ,254.01089932192343
2022-12-24,2022,12,5,0,1,1,VOLCADURA,IMPRUDENCIA DEL CONDUCTOR,ASFALTADA,CARRETERA,NACIONAL,CUSCO,ESPINAR,CONDOROMA,-15.3191984,-71.1253199,PE-34J,56.33042726819327
2022-12-24,2022,12,5,0,1,0,ATROPELLO,EN PROCESO DE INVESTIGACIÓN,ASFALTADA,CARRETERA,NACIONAL,ICA,PISCO,INDEPENDENCIA,-13.709045,-75.9864218,PE-28A,19.55300116038699
2022-12-24,2022,12,5,0,1,0,ATROPELLO,EN PROCESO DE INVESTIGACIÓN,ASFALTADA,CARRETERA,NACIONAL,LAMBAYEQUE,LAMBAYEQUE,MOTUPE,-6.2305182,-79.7133815,PE-1NJ,56.2510007206198
2022-12-24,2022,12,5,0,1,1,CHOQUE,IMPRUDENCIA DEL CONDUCTOR,ASFALTADA,CARRETERA,NACIONAL,LIMA,HUAURA,HUACHO,-11.18402,-77.57669,PE-1N,140.30814295311728
2022-12-24,2022,12,5,0,1,0,CHOQUE FUGA,EN PROCESO DE INVESTIGACIÓN,ASFALTADA,CARRETERA,NACIONAL,PUNO,CHUCUITO,DESAGUADERO,-16.618889,-69.149559,PE-36A,291.8556686358379
2022-12-25,2022,12,6,0,1,0,ATROPELLO FUGA,EN PROCESO DE INVESTIGACIÓN,ASFALTADA,CARRETERA,NACIONAL,LIMA,LIMA,SANTIAGO DE SURCO,-12.144819356636646,-76.98190654884502,PE-1S,10.057303823547423
2022-12-25,2022,12,6,0,2,0,DESPISTE,IMPRUDENCIA DEL CONDUCTOR,ASFALTADA,CARRETERA,NACIONAL,JUNIN,JAUJA,CURICACA,-11.81465824504324,-75.62874008771473,PE-3S,54.31110845497135
2022-12-25,2022,12,6,0,1,1,CHOQUE,IMPRUDENCIA DEL CONDUCTOR,ASFALTADA,CARRETERA,NACIONAL,PIURA,PIURA,CATACAOS,-5.233518,-80.645968,PE-1N,989.2235817711908
2022-12-26,2022,12,0,0,1,0,CHOQUE,EN PROCESO DE INVESTIGACIÓN,ASFALTADA,CARRETERA,NACIONAL,CALLAO,CALLAO,CALLAO,-11.9439428,-77.1315501,PE-20,13.49297762915582
2022-12-26,2022,12,0,0,1,1,CHOQUE,EN PROCESO DE INVESTIGACIÓN,ASFALTADA,CARRETERA,NACIONAL,AREQUIPA,AREQUIPA,LA JOYA,-16.5619253,-71.8240875,PE-1S,971.906653651968
2022-12-27,2022,12,1,0,2,4,CHOQUE,IMPRUDENCIA DEL CONDUCTOR,ASFALTADA,CARRETERA,NACIONAL,JUNIN,JAUJA,PACCHA,-11.825113,-75.499218,PE-3S,73.76966477765464
2022-12-27,2022,12,1,0,1,1,DESPISTE,EN PROCESO DE INVESTIGACIÓN,,CARRETERA,NACIONAL,MADRE DE DIOS,TAMBOPATA,LAS PIEDRAS,-12.175021,-69.114092,PE-30C,480.43573717268754
2022-12-27,2022,12,1,0,2,3,CHOQUE,EN PROCESO DE INVESTIGACIÓN,ASFALTADA,CARRETERA,NACIONAL,CAJAMARCA,CAJAMARCA,MAGDALENA,-7.27770333,-78.59512833,PE-08,124.62328134534825
2022-12-27,2022,12,1,0,1,0,CHOQUE,IMPRUDENCIA DEL CONDUCTOR,ASFALTADA,CARRETERA,NACIONAL,CUSCO,CANCHIS,CHECACUPE,-14.046643,-71.447767,PE-3S,1075.382987285625
2022-12-27,2022,12,1,0,2,0,CHOQUE,IMPRUDENCIA DEL CONDUCTOR,ASFALTADA,CARRETERA,NACIONAL,TACNA,TACNA,SAMA,-18.127199,-70.708028,PE-1SD,333.49710881792186
2022-12-28,2022,12,2,0,1,1,CHOQUE,IMPRUDENCIA DEL CONDUCTOR,ASFALTADA,CARRETERA,NACIONAL,LA LIBERTAD,TRUJILLO,VICTOR LARCO HERRERA,-8.133712,-79.064233,PE-1N,567.2018261164852
2022-12-28,2022,12,2,0,1,0,CHOQUE,IMPRUDENCIA DEL CONDUCTOR,ASFALTADA,CARRETERA,NACIONAL,JUNIN,CHANCHAMAYO,SAN RAMON,-11.11006265592424,-75.3426289488776,PE-22B,99.11726478640064
2022-12-28,2022,12,2,0,1,0,CHOQUE FUGA,IMPRUDENCIA DEL CONDUCTOR,ASFALTADA,CARRETERA,NACIONAL,CUSCO,ANTA,LIMATAMBO,-13.5020023542712,-72.4952346239632,PE-3S,886.2666290052865
2022-12-28,2022,12,2,0,1,0,ATROPELLO FUGA,EN PROCESO DE INVESTIGACIÓN,ASFALTADA,CARRETERA,NACIONAL,JUNIN,HUANCAYO,CULLHUAS,-12.2696677,-75.1242455,PE-3S,152.03618056378957
2022-12-28,2022,12,2,0,4,1,CHOQUE,EN PROCESO DE INVESTIGACIÓN,ASFALTADA,CARRETERA,NACIONAL,ICA,PISCO,PARACAS,-13.805843718923224,-76.1534953254719,PE-1S,236.7338960426093
2022-12-29,2022,12,3,0,1,0,ATROPELLO FUGA,EN PROCESO DE INVESTIGACIÓN,ASFALTADA,CARRETERA,NACIONAL,CUSCO,ANTA,ANTA,-13.47583905853345,-72.12783103066586,PE-3S,948.866355030618
2022-12-29,2022,12,3,0,2,2,CHOQUE,EN PROCESO DE INVESTIGACIÓN,ASFALTADA,CARRETERA,NACIONAL,ICA,PISCO,HUMAY,-13.72278527950069,-75.88518324361718,PE-28A,31.41084764314423
2022-12-29,2022,12,3,0,1,0,ATROPELLO FUGA,EN PROCESO DE INVESTIGACIÓN,ASFALTADA,CARRETERA,NACIONAL,LIMA,LIMA,SAN MARTIN DE PORRES,-12.03542145104657,-77.04759117506946,PE-1N,10.46405368658715
2022-12-30,2022,12,4,0,1,0,CHOQUE,IMPRUDENCIA DEL CONDUCTOR,ASFALTADA,CARRETERA,NACIONAL,PUNO,HUANCANE,TARACO,-15.2934527,-69.9602214,PE-34H,31.445818226541533
2022-12-30,2022,12,4,0,1,0,CHOQUE,EN PROCESO DE INVESTIGACIÓN,ASFALTADA,CARRETERA,NACIONAL,LIMA,LIMA,ATE,-12.067143,-76.971589,PE-1S,0.9853773295414124
2022-12-30,2022,12,4,0,1,0,ATROPELLO,IMPRUDENCIA DEL PEATÓN,ASFALTADA,CARRETERA,NACIONAL,PUNO,AZANGARO,ASILLO,-14.674068728944974,-70.3663212984862,PE-34B,87.46747533178322
2022-12-30,2022,12,4,0,1,1,CHOQUE,IMPRUDENCIA DEL CONDUCTOR,ASFALTADA,CARRETERA,NACIONAL,JUNIN,JAUJA,MUQUI,-11.82719,-75.445205,PE-3SB,5.329995477415876
2022-12-31,2022,12,5,0,1,0,ATROPELLO FUGA,IMPRUDENCIA DEL CONDUCTOR,ASFALTADA,CARRETERA,NACIONAL,PUNO,CHUCUITO,DESAGUADERO,-16.546402039438025,-69.05188392863842,PE-3S,1509.3470851492357
2022-12-31,2022,12,5,0,1,0,CHOQUE,EN PROCESO DE INVESTIGACIÓN,ASFALTADA,CARRETERA,NACIONAL,LAMBAYEQUE,LAMBAYEQUE,OLMOS,-5.8471795,-79.8080689,PE-1NJ,108.5257760180549
2022-12-31,2022,12,5,0,1,0,ATROPELLO,IMPRUDENCIA DEL PEATÓN,ASFALTADA,CARRETERA,NACIONAL,PUNO,SAN ROMAN,JULIACA,-15.519566454491216,-70.17767871292796,PE-34A,294.311207088912
2022-12-31,2022,12,5,0,1,0,ATROPELLO,IMPRUDENCIA DEL PEATÓN,ASFALTADA,CARRETERA,NACIONAL,LORETO,MAYNAS,PUNCHANA,-3.7229428,-73.2412068,PE-5NI,2.6953433243254694
2022-12-31,2022,12,5,0,1,0,DESPISTE,EN PROCESO DE INVESTIGACIÓN,ASFALTADA,CARRETERA,NACIONAL,LA LIBERTAD,TRUJILLO,SALAVERRY,-8.179401,-78.991284,PE-1N,553.2827562893465
2022-12-31,2022,12,5,0,1,0,ATROPELLO,IMPRUDENCIA DEL CONDUCTOR,ASFALTADA,CARRETERA,NACIONAL,LA LIBERTAD,ASCOPE,CHICAMA,-7.868086,-79.135907,PE-1N,600.4495441743339
2022-12-31,2022,12,5,0,1,0,ATROPELLO FUGA,EN PROCESO DE INVESTIGACIÓN,,CARRETERA,NACIONAL,LIMA,LIMA,ANCON,-11.7849027,-77.1545913,PE-1N,43.03239846869152
2022-12-31,2022,12,5,0,1,0,ATROPELLO FUGA,EN PROCESO DE INVESTIGACIÓN,ASFALTADA,CARRETERA,NACIONAL,LIMA,LIMA,ANCON,-11.783896,-77.155454,PE-1N,43.21328094023973
2023-01-01,2023,1,6,0,1,0,CHOQUE,IMPRUDENCIA DEL CONDUCTOR,ASFALTADA,CARRETERA,NACIONAL,LIMA,LIMA,LURIGANCHO,-12.02115428,-76.92843602,PE-22,7.19836359112858
2023-01-01,2023,1,6,0,1,0,DESPISTE,EN PROCESO DE INVESTIGACIÓN,ASFALTADA,CARRETERA,NACIONAL,ICA,ICA,SAN JOSE DE LOS MOLINOS,-13.945351,-75.680238,PE-1SC,19.626502947140537
2023-01-01,2023,1,6,0,1,0,DESPISTE,IMPRUDENCIA DEL CONDUCTOR,ASFALTADA,CARRETERA,NACIONAL,MOQUEGUA,ILO,PACOCHA,-17.54765,-71.361506,PE-1SD,229.07717353269413
2023-01-01,2023,1,6,0,1,0,CHOQUE,EN PROCESO DE INVESTIGACIÓN,ASFALTADA,CARRETERA,NACIONAL,LA LIBERTAD,PACASMAYO,PACASMAYO,-7.392707921590365,-79.55616788912027,PE-1N,678.6808404022258
2023-01-01,2023,1,6,0,1,0,CHOQUE FUGA,EN PROCESO DE INVESTIGACIÓN,ASFALTADA,CARRETERA,NACIONAL,LA LIBERTAD,TRUJILLO,HUANCHACO,-8.086548612579318,-79.09628712208378,PE-1N,574.452850349899
2023-01-01,2023,1,6,0,1,0,ATROPELLO,IMPRUDENCIA DEL CONDUCTOR,ASFALTADA,CARRETERA,NACIONAL,CUSCO,ANTA,ANTA,-13.485952609764276,-72.16745477434834,PE-3S,942.9211436479673
2023-01-01,2023,1,6,0,1,3,CHOQUE,IMPRUDENCIA DEL CONDUCTOR,ASFALTADA,CARRETERA,NACIONAL,PUNO,PUNO,PAUCARCOLLA,-15.755179,-70.051617,PE-3S,1349.6566096909648
2023-01-01,2023,1,6,0,1,0,CHOQUE,IMPRUDENCIA DEL CONDUCTOR,CONCRETO,CARRETERA,NACIONAL,ANCASH,SANTA,COISHCO,-9.019175,-78.616854,PE-1N,423.7065608755451
2023-01-02,2023,1,0,0,1,0,ATROPELLO FUGA,IMPRUDENCIA DEL CONDUCTOR,ASFALTADA,CARRETERA,NACIONAL,LIMA,LIMA,RIMAC,-12.040883004231532,-77.03392535182245,PE-1N,8.829771779953555
2023-01-02,2023,1,0,0,1,0,ATROPELLO,IMPRUDENCIA DEL PEATÓN,ASFALTADA,CARRETERA,NACIONAL,LIMA,LIMA,SAN JUAN DE MIRAFLORES,-12.162271,-76.981829,PE-1S,12.04657681809017
2023-01-02,2023,1,0,0,1,0,CHOQUE,IMPRUDENCIA DEL CONDUCTOR,ASFALTADA,CARRETERA,NACIONAL,LIMA,LIMA,PUENTE PIEDRA,-11.856181,-77.085165,PE-1N,31.93920878272588
2023-01-02,2023,1,0,0,1,0,CHOQUE FUGA,EN PROCESO DE INVESTIGACIÓN,ASFALTADA,CARRETERA,NACIONAL,HUANUCO,LEONCIO PRADO,JOSE CRESPO Y CASTILLO,-8.908303,-76.093992,PE-5N,524.570486559675
2023-01-02,2023,1,0,0,1,0,CHOQUE,IMPRUDENCIA DEL CONDUCTOR,ASFALTADA,CARRETERA,NACIONAL,TACNA,TACNA,LA YARADA LOS PALOS,-18.118923,-70.375177,PE-1SD,376.2017333990164
2023-01-02,2023,1,0,0,1,0,CHOQUE,EN PROCESO DE INVESTIGACIÓN,AFIRMADO,CARRETERA,NACIONAL,HUANUCO,MARAÑON,CHOLON,-8.611078754179244,-76.62656868189325,PE-12A,283.24018612252195
2023-01-02,2023,1,0,0,1,3,CHOQUE,IMPRUDENCIA DEL CONDUCTOR,ASFALTADA,CARRETERA,NACIONAL,CUSCO,CANAS,LAYO,-14.45243,-71.07294,PE-3S,1142.5436337307906
2023-01-02,2023,1,0,0,1,1,CHOQUE,IMPRUDENCIA DEL CONDUCTOR,ASFALTADA,CARRETERA,NACIONAL,CUSCO,URUBAMBA,YUCAY,-13.329805040296536,-72.07244714749359,PE-28B,627.5704086813874
2023-01-04,2023,1,2,0,1,0,CHOQUE,IMPRUDENCIA DEL CONDUCTOR,ASFALTADA,CARRETERA,NACIONAL,LIMA,LIMA,SANTIAGO DE SURCO,-12.131482,-76.978481,PE-1S,8.52965670979402
2023-01-04,2023,1,2,0,1,0,ATROPELLO,EN PROCESO DE INVESTIGACIÓN,ASFALTADA,CARRETERA,NACIONAL,HUANUCO,LEONCIO PRADO,PUEBLO NUEVO,-9.089441171810178,-76.0609985078864,PE-5N,500.6806467010209
2023-01-05,2023,1,3,0,1,0,ATROPELLO FUGA,IMPRUDENCIA DEL PEATÓN,ASFALTADA,CARRETERA,NACIONAL,JUNIN,HUANCAYO,SAÑO,-11.96927,-75.269729,PE-3S,111.47351499943804
2023-01-06,2023,1,4,0,1,0,ATROPELLO,IMPRUDENCIA DEL CONDUCTOR,ASFALTADA,CARRETERA,NACIONAL,LIMA,BARRANCA,SUPE PUERTO,-10.7795219583702,-77.7184361835695,PE-1N,190.7701684855228
2023-01-07,2023,1,5,0,1,0,ATROPELLO,IMPRUDENCIA DEL CONDUCTOR,ASFALTADA,CARRETERA,NACIONAL,PIURA,PIURA,CATACAOS,-5.243447,-80.649673,PE-1NK,1.186493830427828
2023-01-07,2023,1,5,0,7,3,DESPISTE,EN PROCESO DE INVESTIGACIÓN,ASFALTADA,CARRETERA,NACIONAL,ANCASH,SIHUAS,SIHUAS,-8.555527568174606,-77.63024466024649,PE-12A,93.36563075216928
2023-01-07,2023,1,5,0,1,0,CHOQUE,EN PROCESO DE INVESTIGACIÓN,ASFALTADA,CARRETERA,NACIONAL,CAJAMARCA,CAJAMARCA,LLACANORA,-7.207936,-78.393538,PE-3N,1257.7751375469163
2023-01-08,2023,1,6,0,1,0,VOLCADURA,EN PROCESO DE INVESTIGACIÓN,ASFALTADA,CARRETERA,NACIONAL,AREQUIPA,ISLAY,ISLAY,-16.963416,-72.056223,PE-34,46.7516774177348
2023-01-08,2023,1,6,0,1,5,DESPISTE,EN PROCESO DE INVESTIGACIÓN,ASFALTADA,CARRETERA,NACIONAL,LA LIBERTAD,ASCOPE,CHOCOPE,-7.7883674,-79.2343937,PE-1N,615.1286735043809
2023-01-10,2023,1,1,0,1,2,DESPISTE,EN PROCESO DE INVESTIGACIÓN,,CARRETERA,NACIONAL,JUNIN,CHANCHAMAYO,PERENE,-10.9322421968806,-75.1413398635242,PE-5S,21.426852668410877
2023-01-10,2023,1,1,0,1,3,DESPISTE,EN PROCESO DE INVESTIGACIÓN,ASFALTADA,CARRETERA,NACIONAL,JUNIN,YAULI,MOROCOCHA,-11.5905703206316,-76.0732114912677,PE-22,148.47203804220092
2023-01-11,2023,1,2,0,1,0,ATROPELLO FUGA,EN PROCESO DE INVESTIGACIÓN,ASFALTADA,CARRETERA,NACIONAL,AREQUIPA,AREQUIPA,CERRO COLORADO,-16.34020780458742,-71.58874609128446,PE-34A,44.21523288330166
2023-01-11,2023,1,2,0,1,2,CHOQUE,EN PROCESO DE INVESTIGACIÓN,ASFALTADA,CARRETERA,NACIONAL,CAJAMARCA,JAEN,BELLAVISTA,-5.54959636459341,-78.810569156061,PE-5N,1413.2947069222914
2023-01-12,2023,1,3,0,2,1,DESPISTE,EN PROCESO DE INVESTIGACIÓN,ASFALTADA,CARRETERA,NACIONAL,HUANUCO,LEONCIO PRADO,JOSE CRESPO Y CASTILLO,-8.861548183357028,-76.1040314029657,PE-5N,529.9500820890854
2023-01-12,2023,1,3,0,1,0,ATROPELLO,IMPRUDENCIA DEL CONDUCTOR,ASFALTADA,CARRETERA,NACIONAL,HUANUCO,HUANUCO,AMARILIS,-9.944877832863565,-76.24018227990604,PE-18A,1.395938560244702
2023-01-12,2023,1,3,0,4,5,CHOQUE,IMPRUDENCIA DEL CONDUCTOR,ASFALTADA,CARRETERA,NACIONAL,PIURA,PIURA,EL TALLAN,-5.45404133454041,-80.6067177147605,PE-1N,962.9576899805388
2023-01-13,2023,1,4,0,1,0,ATROPELLO,IMPRUDENCIA DEL CONDUCTOR,ASFALTADA,CARRETERA,NACIONAL,HUANUCO,HUANUCO,CHINCHAO,-9.630918,-76.06591,PE-18A,71.26190346526752
2023-01-14,2023,1,5,0,1,0,ATROPELLO,IMPRUDENCIA DEL PEATÓN,ASFALTADA,CARRETERA,NACIONAL,LIMA,HUAURA,VEGUETA,-11.00132,-77.61942,PE-1N,162.77021725442697
2023-01-14,2023,1,5,0,1,0,CHOQUE,EN PROCESO DE INVESTIGACIÓN,ASFALTADA,CARRETERA,NACIONAL,AREQUIPA,AREQUIPA,CERRO COLORADO,-16.346681,-71.581686,PE-34A,42.88633827268741
2023-01-15,2023,1,6,0,1,0,DESPISTE,IMPRUDENCIA DEL CONDUCTOR,ASFALTADA,CARRETERA,NACIONAL,PIURA,PIURA,PIURA,-5.0411083,-80.701613,PE-1N,1015.3985936015556
2023-01-15,2023,1,6,0,1,0,CHOQUE,EN PROCESO DE INVESTIGACIÓN,ASFALTADA,CARRETERA,NACIONAL,SAN MARTIN,MOYOBAMBA,MOYOBAMBA,-6.049138,-77.040499,PE-5N,1065.5197564068494
2023-01-15,2023,1,6,0,1,0,ATROPELLO,IMPRUDENCIA DEL PEATÓN,ASFALTADA,CARRETERA,NACIONAL,LIMA,HUAURA,SANTA MARIA,-11.07643,-77.5829,PE-1N,153.08373554069377
2023-01-15,2023,1,6,0,1,0,ATROPELLO FUGA,EN PROCESO DE INVESTIGACIÓN,ASFALTADA,CARRETERA,NACIONAL,LA LIBERTAD,TRUJILLO,VICTOR LARCO HERRERA,-8.1408261,-79.0522763,PE-1N,565.6344599417822
2023-01-16,2023,1,0,0,3,5,DESPISTE,IMPRUDENCIA DEL CONDUCTOR,ASFALTADA,CARRETERA,NACIONAL,TACNA,TACNA,TACNA,-18.226601,-70.324208,PE-1S,1318.184390559466
2023-01-16,2023,1,0,0,1,0,CHOQUE,EN PROCESO DE INVESTIGACIÓN,,CARRETERA,NACIONAL,MADRE DE DIOS,TAMBOPATA,TAMBOPATA,-12.636616,-69.259765,PE-30C,415.4588365054565
2023-01-16,2023,1,0,0,1,0,ATROPELLO FUGA,IMPRUDENCIA DEL CONDUCTOR,ASFALTADA,CARRETERA,NACIONAL,LA LIBERTAD,TRUJILLO,LAREDO,-8.099256,-78.957468,PE-10A,8.74476159762894
2023-01-17,2023,1,1,0,1,0,CAÍDA DE PASAJERO,IMPRUDENCIA DEL PEATÓN,ASFALTADA,CARRETERA,NACIONAL,LIMA,LIMA,PUENTE PIEDRA,-11.840191,-77.105128,PE-1N,34.84811539163238
2023-01-18,2023,1,2,0,1,1,DESPISTE,EN PROCESO DE INVESTIGACIÓN,,CARRETERA,NACIONAL,MADRE DE DIOS,TAMBOPATA,LAS PIEDRAS,-12.520654,-69.135652,PE-30C,438.3881606481245
2023-01-18,2023,1,2,0,1,0,CHOQUE,EN PROCESO DE INVESTIGACIÓN,ASFALTADA,CARRETERA,NACIONAL,JUNIN,YAULI,LA OROYA,-11.613197,-75.980424,PE-22,161.39709303823892
2023-01-18,2023,1,2,0,1,0,CHOQUE,EN PROCESO DE INVESTIGACIÓN,,CARRETERA,NACIONAL,MADRE DE DIOS,TAMBOPATA,LABERINTO,-12.747705,-69.550746,PE-30C,381.575283748912
2023-01-19,2023,1,3,0,2,0,ATROPELLO,IMPRUDENCIA DEL CONDUCTOR,ASFALTADA,CARRETERA,NACIONAL,LIMA,LIMA,SANTIAGO DE SURCO,-12.13080149,-76.97813265,PE-1S,8.44571446269302
2023-01-19,2023,1,3,0,1,0,CHOQUE,IMPRUDENCIA DEL CONDUCTOR,ASFALTADA,CARRETERA,NACIONAL,LA LIBERTAD,PACASMAYO,GUADALUPE,-7.235858,-79.455789,PE-1N,703.7350166542668
2023-01-20,2023,1,4,0,1,0,ATROPELLO,EN PROCESO DE INVESTIGACIÓN,ASFALTADA,CARRETERA,NACIONAL,LAMBAYEQUE,CHICLAYO,LA VICTORIA,-6.7999111,-79.8323033,PE-1N,776.2770354090403
2023-01-21,2023,1,5,0,1,0,DESPISTE,IMPRUDENCIA DEL CONDUCTOR,ASFALTADA,CARRETERA,NACIONAL,LIMA,LIMA,LURIGANCHO,-12.02089,-76.921351,PE-22,7.975650213677049
2023-01-21,2023,1,5,0,1,0,CHOQUE,EN PROCESO DE INVESTIGACIÓN,ASFALTADA,CARRETERA,NACIONAL,LAMBAYEQUE,LAMBAYEQUE,MOTUPE,-6.3191066,-79.7610646,PE-1NJ,45.013195349320384
2023-01-21,2023,1,5,0,1,4,DESPISTE,NEGLIGENCIA DEL CONDUCTOR,ASFALTADA,CARRETERA,NACIONAL,LIMA,LIMA,SANTIAGO DE SURCO,-12.152397,-76.983898,PE-1S,10.925167201566603
2023-01-22,2023,1,6,0,1,3,CHOQUE FUGA,EN PROCESO DE INVESTIGACIÓN,ASFALTADA,CARRETERA,NACIONAL,AMAZONAS,UTCUBAMBA,BAGUA GRANDE,-5.745,-78.453929,PE-5N,1325.3622813319023
2023-01-22,2023,1,6,0,1,0,ATROPELLO,IMPRUDENCIA DEL CONDUCTOR,ASFALTADA,CARRETERA,NACIONAL,LIMA,LIMA,ANCON,-11.75082036,-77.14656204,PE-1N,47.37025900492799
2023-01-22,2023,1,6,0,1,1,DESPISTE,EN PROCESO DE INVESTIGACIÓN,ASFALTADA,CARRETERA,NACIONAL,LAMBAYEQUE,LAMBAYEQUE,LAMBAYEQUE,-6.5943648,-79.8784604,PE-1NJ,10.172428457550083
2023-01-22,2023,1,6,0,1,0,ATROPELLO,EN PROCESO DE INVESTIGACIÓN,ASFALTADA,CARRETERA,NACIONAL,ICA,NASCA,NASCA,-14.927497,-74.987946,PE-1S,458.0547694689339
2023-01-22,2023,1,6,0,1,0,CHOQUE,EN PROCESO DE INVESTIGACIÓN,ASFALTADA,CARRETERA,NACIONAL,AREQUIPA,AREQUIPA,UCHUMAYO,-16.4599736,-71.6905902,PE-34A,16.08933309788092
2023-01-22,2023,1,6,0,1,0,ATROPELLO,EN PROCESO DE INVESTIGACIÓN,ASFALTADA,CARRETERA,NACIONAL,LAMBAYEQUE,CHICLAYO,CAYALTI,-6.901633,-79.5490827,PE-1NI,17.038488549458588
2023-01-22,2023,1,6,0,1,0,VOLCADURA,IMPRUDENCIA DEL CONDUCTOR,ASFALTADA,CARRETERA,NACIONAL,CUSCO,CALCA,CALCA,-13.31730380895184,-72.03439457263616,PE-28B,632.8826040972812
2023-01-23,2023,1,0,0,1,0,DESPISTE,IMPRUDENCIA DEL CONDUCTOR,ASFALTADA,CARRETERA,NACIONAL,PIURA,PIURA,VEINTISEIS DE OCTUBRE,-5.129106,-80.700489,PE-1N,1005.0958137404016
2023-01-23,2023,1,0,0,1,0,ATROPELLO FUGA,EN PROCESO DE INVESTIGACIÓN,ASFALTADA,CARRETERA,NACIONAL,JUNIN,JAUJA,JAUJA,-11.78752,-75.47391,PE-3S,80.23985779535228
2023-01-24,2023,1,1,0,1,0,CAÍDA DE PASAJERO,EN PROCESO DE INVESTIGACIÓN,ASFALTADA,CARRETERA,NACIONAL,LA LIBERTAD,ASCOPE,CHICAMA,-7.889695,-79.125187,PE-1N,597.7875950996771
2023-01-24,2023,1,1,0,2,0,CHOQUE,IMPRUDENCIA DEL CONDUCTOR,ASFALTADA,CARRETERA,NACIONAL,ANCASH,SANTA,COISHCO,-9.018497,-78.617341,PE-1N,423.7988591107015
2023-01-25,2023,1,2,0,1,1,ATROPELLO,IMPRUDENCIA DEL CONDUCTOR,ASFALTADA,CARRETERA,NACIONAL,CUSCO,URUBAMBA,URUBAMBA,-13.308173804658148,-72.1185755933679,PE-28B,621.9138129676331
2023-01-26,2023,1,3,0,1,0,ATROPELLO FUGA,EN PROCESO DE INVESTIGACIÓN,ASFALTADA,CARRETERA,NACIONAL,LIMA,LIMA,PUENTE PIEDRA,-11.836209,-77.11015,PE-1N,35.55687467374364
2023-01-26,2023,1,3,0,1,0,CHOQUE FUGA,IMPRUDENCIA DEL CONDUCTOR,ASFALTADA,CARRETERA,NACIONAL,SAN MARTIN,MOYOBAMBA,MOYOBAMBA,-6.045455,-76.958378,PE-5N,1055.6276723317828
2023-01-27,2023,1,4,0,1,2,DESPISTE,IMPRUDENCIA DEL CONDUCTOR,ASFALTADA,CARRETERA,NACIONAL,MOQUEGUA,MARISCAL NIETO,CARUMAS,-16.710329517710125,-70.44683063026633,PE-36B,22.60055697322858
2023-01-27,2023,1,4,0,1,0,DESPISTE,EN PROCESO DE INVESTIGACIÓN,ASFALTADA,CARRETERA,NACIONAL,ICA,ICA,OCUCAJE,-14.3520459,-75.6435243,PE-1S,332.32164283508934
2023-01-27,2023,1,4,0,1,2,DESPISTE,IMPRUDENCIA DEL CONDUCTOR,ASFALTADA,CARRETERA,NACIONAL,LA LIBERTAD,VIRU,GUADALUPITO,-8.954251,-78.629556,PE-1N,447.7507603397987
2023-01-28,2023,1,5,0,1,0,ATROPELLO,IMPRUDENCIA DEL PEATÓN,ASFALTADA,CARRETERA,NACIONAL,LIMA,LIMA,CARABAYLLO,-11.755908,-76.974774,PE-20A,28.752219215205777
2023-01-28,2023,1,5,0,1,5,CHOQUE,EN PROCESO DE INVESTIGACIÓN,ASFALTADA,CARRETERA,NACIONAL,ICA,NASCA,NASCA,-14.987353,-74.995931,PE-1S,465.1592815570221
2023-01-28,2023,1,5,0,1,0,ATROPELLO,IMPRUDENCIA DEL PEATÓN,ASFALTADA,CARRETERA,NACIONAL,LIMA,LIMA,ATE,-12.01389364,-76.88334248,PE-22,12.742045589149328
2023-01-28,2023,1,5,0,1,4,DESPISTE,IMPRUDENCIA DEL CONDUCTOR,ASFALTADA,CARRETERA,NACIONAL,CUSCO,LA CONVENCION,HUAYOPATA,-13.075151,-72.398731,PE-28B,520.5984320903761
2023-01-28,2023,1,5,0,1,0,ATROPELLO,EN PROCESO DE INVESTIGACIÓN,ASFALTADA,CARRETERA,NACIONAL,JUNIN,HUANCAYO,PILCOMAYO,-12.0463081,-75.2508535,PE-3SB,38.42562271395787
2023-01-29,2023,1,6,0,2,0,DESPISTE,EN PROCESO DE INVESTIGACIÓN,ASFALTADA,CARRETERA,NACIONAL,AREQUIPA,AREQUIPA,YURA,-16.104889,-71.618319,PE-34A,84.09440314716933
2023-01-29,2023,1,6,0,1,0,DESPISTE,IMPRUDENCIA DEL CONDUCTOR,ASFALTADA,CARRETERA,NACIONAL,LA LIBERTAD,VIRU,VIRU,-8.45586055986174,-78.728059441547,PE-1N,508.93273324913184
2023-01-30,2023,1,0,0,1,0,ATROPELLO FUGA,IMPRUDENCIA DEL CONDUCTOR,ASFALTADA,CARRETERA,NACIONAL,LIMA,LIMA,VILLA EL SALVADOR,-12.231327467703029,-76.96538686033865,PE-1S,20.399428720196493
2023-01-30,2023,1,0,0,1,1,DESPISTE,IMPRUDENCIA DEL CONDUCTOR,TROCHA,CARRETERA,NACIONAL,APURIMAC,ANDAHUAYLAS,ANDAHUAYLAS,-13.872184,-73.398548,PE-30B,126.70413659461931
2023-01-30,2023,1,0,0,1,6,CHOQUE,IMPRUDENCIA DEL CONDUCTOR,ASFALTADA,CARRETERA,NACIONAL,ANCASH,HUARAZ,OLLEROS,-9.62729801785534,-77.4987975439949,PE-3N,566.8660912318962
2023-01-30,2023,1,0,0,1,1,CHOQUE,EN PROCESO DE INVESTIGACIÓN,,CARRETERA,NACIONAL,MADRE DE DIOS,TAMBOPATA,LAS PIEDRAS,-11.95189,-69.130112,PE-30C,506.0565274180989
2023-01-30,2023,1,0,0,1,1,CHOQUE CON OBJETO FIJO,NEGLIGENCIA DEL CONDUCTOR,ASFALTADA,CARRETERA,NACIONAL,CUSCO,URUBAMBA,URUBAMBA,-13.278097,-72.187868,PE-28B,613.0146423955865
2023-01-31,2023,1,1,0,1,1,DESPISTE,IMPRUDENCIA DEL CONDUCTOR,ASFALTADA,CARRETERA,NACIONAL,JUNIN,HUANCAYO,CULLHUAS,-12.211415,-75.174176,PE-1NU,0.0
2023-01-31,2023,1,1,0,1,0,DESPISTE,IMPRUDENCIA DEL CONDUCTOR,ASFALTADA,CARRETERA,NACIONAL,CAJAMARCA,CAJAMARCA,NAMORA,-7.19434,-78.346385,PE-3N,1249.8141243255968
2023-01-31,2023,1,1,0,1,0,ATROPELLO,EN PROCESO DE INVESTIGACIÓN,ASFALTADA,CARRETERA,NACIONAL,CAJAMARCA,CHOTA,CHOTA,-6.606444,-78.623498,PE-3N,1415.47875673982
2023-02-01,2023,2,2,0,1,0,ATROPELLO,EN PROCESO DE INVESTIGACIÓN,ASFALTADA,CARRETERA,NACIONAL,ICA,CHINCHA,EL CARMEN,-13.555881,-76.133432,PE-1S,207.3597700516572
2023-02-01,2023,2,2,0,1,0,ATROPELLO FUGA,IMPRUDENCIA DEL CONDUCTOR,ASFALTADA,CARRETERA,NACIONAL,TUMBES,TUMBES,CORRALES,-3.608802608870834,-80.50536626830808,PE-1N,1270.9370581461872
2023-02-02,2023,2,3,0,1,0,ATROPELLO FUGA,EN PROCESO DE INVESTIGACIÓN,ASFALTADA,CARRETERA,NACIONAL,LA LIBERTAD,TRUJILLO,LAREDO,-8.020921,-78.838109,PE-10A,26.51921379943103
2023-02-04,2023,2,5,0,1,5,DESPISTE,EN PROCESO DE INVESTIGACIÓN,ASFALTADA,CARRETERA,NACIONAL,CAJAMARCA,CHOTA,COCHABAMBA,-6.48030333,-78.87960333,PE-3N,1458.6198171517492
2023-02-04,2023,2,5,0,2,1,DESPISTE,EN PROCESO DE INVESTIGACIÓN,ASFALTADA,CARRETERA,NACIONAL,AREQUIPA,ISLAY,ISLAY,-16.9204153,-72.0492302,PE-34,38.892607469357735
2023-02-04,2023,2,5,0,1,0,CHOQUE,IMPRUDENCIA DEL CONDUCTOR,ASFALTADA,CARRETERA,NACIONAL,SAN MARTIN,MOYOBAMBA,CALZADA,-6.041167,-77.134194,PE-5NE,0.0
2023-02-04,2023,2,5,0,1,0,ATROPELLO FUGA,EN PROCESO DE INVESTIGACIÓN,ASFALTADA,CARRETERA,NACIONAL,JUNIN,JAUJA,ATAURA,-11.792625,-75.462974,PE-3S,81.56049780939826
2023-02-04,2023,2,5,0,1,0,ATROPELLO FUGA,EN PROCESO DE INVESTIGACIÓN,ASFALTADA,CARRETERA,NACIONAL,CAJAMARCA,CAJAMARCA,LLACANORA,-7.20721063347287,-78.3870052610324,PE-3N,1256.7763565568043
2023-02-05,2023,2,6,0,1,0,ATROPELLO FUGA,EN PROCESO DE INVESTIGACIÓN,ASFALTADA,CARRETERA,NACIONAL,CAJAMARCA,SAN IGNACIO,NAMBALLE,-5.01839740966754,-79.0873508050405,PE-3N,1788.2151403733103
2023-02-05,2023,2,6,0,1,0,CHOQUE,EN PROCESO DE INVESTIGACIÓN,ASFALTADA,CARRETERA,NACIONAL,AREQUIPA,AREQUIPA,LA JOYA,-16.62429,-71.87165,PE-34,0.020625618549394
2023-02-05,2023,2,6,0,1,0,ATROPELLO,IMPRUDENCIA DEL CONDUCTOR,ASFALTADA,CARRETERA,NACIONAL,CUSCO,QUISPICANCHI,ANDAHUAYLILLAS,-13.605801870107378,-71.72711387009552,PE-28B,690.9501323754722
2023-02-05,2023,2,6,0,1,0,ATROPELLO,IMPRUDENCIA DEL PEATÓN,ASFALTADA,CARRETERA,NACIONAL,LA LIBERTAD,TRUJILLO,HUANCHACO,-8.003237,-79.071385,PE-1N,583.769845541242
2023-02-05,2023,2,6,0,1,0,DESPISTE,IMPRUDENCIA DEL CONDUCTOR,ASFALTADA,CARRETERA,NACIONAL,CUSCO,CALCA,TARAY,-13.425327,-71.861593,PE-28G,29.274176379280085
2023-02-06,2023,2,0,0,1,0,CHOQUE,IMPRUDENCIA DEL CONDUCTOR,ASFALTADA,CARRETERA,NACIONAL,SAN MARTIN,RIOJA,ELIAS SOPLIN VARGAS,-5.970251,-77.292919,PE-5N,1097.884706013033
2023-02-06,2023,2,0,0,1,1,CHOQUE,IMPRUDENCIA DEL CONDUCTOR,ASFALTADA,CARRETERA,NACIONAL,ANCASH,SANTA,NEPEÑA,-9.234863491354368,-78.4485196935065,PE-1N,407.9731838319894
2023-02-06,2023,2,0,0,1,1,DESPISTE,EN PROCESO DE INVESTIGACIÓN,ASFALTADA,CARRETERA,NACIONAL,AREQUIPA,ISLAY,PUNTA DE BOMBON,-17.1690929,-71.7867987,PE-1SD,146.60153185033343
2023-02-06,2023,2,0,0,1,0,CHOQUE,IMPRUDENCIA DEL CONDUCTOR,ASFALTADA,CARRETERA,NACIONAL,LA LIBERTAD,PACASMAYO,GUADALUPE,-7.237837,-79.458427,PE-1N,703.3713860809537
2023-02-07,2023,2,1,0,1,2,DESPISTE,IMPRUDENCIA DEL CONDUCTOR,ASFALTADA,CARRETERA,NACIONAL,PIURA,MORROPON,LA MATANZA,-5.336733,-80.073728,PE-1NJ,180.3267787650082
2023-02-07,2023,2,1,0,1,0,CHOQUE,EN PROCESO DE INVESTIGACIÓN,ASFALTADA,CARRETERA,NACIONAL,LIMA,LIMA,PUENTE PIEDRA,-11.850768,-77.091932,PE-1N,32.945299880929404
2023-02-07,2023,2,1,0,1,0,ATROPELLO,IMPRUDENCIA DEL PEATÓN,ASFALTADA,CARRETERA,NACIONAL,LIMA,LIMA,PUENTE PIEDRA,-11.835905,-77.110451,PE-1N,35.603854704014005
2023-02-07,2023,2,1,0,1,0,ATROPELLO,IMPRUDENCIA DEL PEATÓN,ASFALTADA,CARRETERA,NACIONAL,LIMA,LIMA,PUCUSANA,-12.458473,-76.753223,PE-1S,56.901409439298334
2023-02-07,2023,2,1,0,1,0,ATROPELLO,IMPRUDENCIA DEL PEATÓN,ASFALTADA,CARRETERA,NACIONAL,LIMA,LIMA,SANTA ANITA,-12.053680727636,-76.97535993996986,PE-1N,0.5700338502901525
2023-02-09,2023,2,3,0,1,6,DESPISTE,IMPRUDENCIA DEL CONDUCTOR,ASFALTADA,CARRETERA,NACIONAL,JUNIN,TARMA,SAN PEDRO DE CAJAS,-11.2325400467819,-75.9393639449429,PE-3N,43.201858620766856
2023-02-09,2023,2,3,0,1,0,ATROPELLO FUGA,EN PROCESO DE INVESTIGACIÓN,ASFALTADA,CARRETERA,NACIONAL,JUNIN,JAUJA,MUQUIYAUYO,-11.817768,-75.456077,PE-3SB,3.749944276703556
2023-02-10,2023,2,4,0,1,0,CHOQUE,IMPRUDENCIA DEL CONDUCTOR,TROCHA,CARRETERA,NACIONAL,LA LIBERTAD,SANCHEZ CARRION,MARCABAL,-7.704554,-78.020546,PE-3N,1134.4412506423644
2023-02-10,2023,2,4,0,1,0,CHOQUE,EN PROCESO DE INVESTIGACIÓN,ASFALTADA,CARRETERA,NACIONAL,LAMBAYEQUE,LAMBAYEQUE,OLMOS,-5.7528335,-79.8637888,PE-1NJ,120.6814855479396
2023-02-10,2023,2,4,0,2,2,CHOQUE,NEGLIGENCIA DEL CONDUCTOR,ASFALTADA,CARRETERA,NACIONAL,ICA,CHINCHA,EL CARMEN,-13.5531479,-76.1808916,PE-1SE,16.823270351097236
2023-02-11,2023,2,5,0,1,1,CHOQUE CON OBJETO FIJO,INFRAESTRUCTURA Y ENTORNO VIAL,ASFALTADA,CARRETERA,NACIONAL,APURIMAC,CHINCHEROS,ANCO_HUALLO,-13.546849,-73.652318,PE-3S,562.294735345745
2023-02-11,2023,2,5,0,1,0,CHOQUE,IMPRUDENCIA DEL CONDUCTOR,ASFALTADA,CARRETERA,NACIONAL,PUNO,SAN ROMAN,CABANILLAS,-15.6716812,-70.3756205,PE-34A,266.5254316698484
2023-02-11,2023,2,5,0,1,0,CAÍDA DE PASAJERO,EN PROCESO DE INVESTIGACIÓN,ASFALTADA,CARRETERA,NACIONAL,CAJAMARCA,CAJAMARCA,CAJAMARCA,-7.16844810049675,-78.5000551295241,PE-3N,1273.3342799448037
2023-02-11,2023,2,5,0,1,0,CAÍDA DE PASAJERO,IMPRUDENCIA DEL PEATÓN,ASFALTADA,CARRETERA,NACIONAL,LA LIBERTAD,CHEPEN,PACANGA,-7.107442,-79.502711,PE-1N,722.9512941078489
2023-02-11,2023,2,5,0,1,0,ATROPELLO,EN PROCESO DE INVESTIGACIÓN,,CARRETERA,NACIONAL,CUSCO,CHUMBIVILCAS,VELILLE,-14.5104862527707,-71.8846521955976,PE-3SG,150.92002436413898
2023-02-11,2023,2,5,0,1,0,CHOQUE,EN PROCESO DE INVESTIGACIÓN,ASFALTADA,CARRETERA,NACIONAL,AREQUIPA,ISLAY,PUNTA DE BOMBON,-17.17519227,-71.7683892,PE-1SD,148.69548056393097
2023-02-11,2023,2,5,0,1,0,ATROPELLO,EN PROCESO DE INVESTIGACIÓN,ASFALTADA,CARRETERA,NACIONAL,ANCASH,HUARAZ,HUARAZ,-9.559331324511644,-77.5391381909354,PE-3N,576.4824918969181
2023-02-12,2023,2,6,0,1,0,DESPISTE,EN PROCESO DE INVESTIGACIÓN,ASFALTADA,CARRETERA,NACIONAL,PIURA,MORROPON,CHULUCANAS,-5.00297,-80.22238,PE-1NR,21.130539364634814
2023-02-12,2023,2,6,0,1,0,CHOQUE FUGA,EN PROCESO DE INVESTIGACIÓN,ASFALTADA,CARRETERA,NACIONAL,PIURA,PIURA,VEINTISEIS DE OCTUBRE,-5.215316,-80.653421,PE-1N,991.820658423022
2023-02-12,2023,2,6,0,1,0,ATROPELLO FUGA,EN PROCESO DE INVESTIGACIÓN,ASFALTADA,CARRETERA,NACIONAL,LAMBAYEQUE,LAMBAYEQUE,MORROPE,-6.6232301,-79.9594697,PE-1N,805.1226627046254
2023-02-12,2023,2,6,0,1,0,ATROPELLO,IMPRUDENCIA DEL CONDUCTOR,ASFALTADA,CARRETERA,NACIONAL,LA LIBERTAD,PACASMAYO,SAN PEDRO DE LLOC,-7.418904,-79.508174,PE-1N,670.9027201421965
2023-02-12,2023,2,6,0,1,0,ATROPELLO,IMPRUDENCIA DEL PEATÓN,ASFALTADA,CARRETERA,NACIONAL,ICA,CHINCHA,CHINCHA ALTA,-13.413549,-76.119516,PE-26,4.45639675233215
2023-02-13,2023,2,0,0,1,4,ATROPELLO,EN PROCESO DE INVESTIGACIÓN,ASFALTADA,CARRETERA,NACIONAL,HUANUCO,LEONCIO PRADO,PUCAYACU,-8.799882,-76.124235,PE-5N,537.2147776843727
2023-02-14,2023,2,1,0,1,0,DESPISTE,IMPRUDENCIA DEL CONDUCTOR,ASFALTADA,CARRETERA,NACIONAL,TUMBES,CONTRALMIRANTE VILLAR,ZORRITOS,-3.6859205240924737,-80.69030458774681,PE-1N,1247.1584940611156
2023-02-14,2023,2,1,0,1,1,CHOQUE,IMPRUDENCIA DEL CONDUCTOR,ASFALTADA,CARRETERA,NACIONAL,LA LIBERTAD,TRUJILLO,SALAVERRY,-8.180820935495795,-78.98939246653913,PE-1N,553.0212415314584
2023-02-14,2023,2,1,0,1,0,CHOQUE,EN PROCESO DE INVESTIGACIÓN,ASFALTADA,CARRETERA,NACIONAL,AREQUIPA,ISLAY,MOLLENDO,-16.710369,-71.93324,PE-34,11.531510487829664
2023-02-14,2023,2,1,0,1,0,CHOQUE,IMPRUDENCIA DEL CONDUCTOR,ASFALTADA,CARRETERA,NACIONAL,LIMA,LIMA,LURIN,-12.259001,-76.917202,PE-1S,26.48384708248909
2023-02-15,2023,2,2,0,1,0,ATROPELLO FUGA,EN PROCESO DE INVESTIGACIÓN,ASFALTADA,CARRETERA,NACIONAL,JUNIN,CONCEPCION,CONCEPCION,-11.933564,-75.314174,PE-3S,104.8978214986957
2023-02-16,2023,2,3,0,1,1,DESPISTE,EN PROCESO DE INVESTIGACIÓN,ASFALTADA,CARRETERA,NACIONAL,ANCASH,RECUAY,CATAC,-9.803765383656309,-77.43352384188863,PE-1NA,22.85
2023-02-16,2023,2,3,0,1,0,ATROPELLO,IMPRUDENCIA DEL CONDUCTOR,ASFALTADA,CARRETERA,NACIONAL,PUNO,SAN ROMAN,JULIACA,-15.537445,-70.113837,PE-3S,1324.6425182201085
2023-02-16,2023,2,3,0,1,0,VOLCADURA,INFRAESTRUCTURA Y ENTORNO VIAL,ASFALTADA,CARRETERA,NACIONAL,PUNO,PUNO,PUNO,-15.907341340571223,-70.0292319138402,PE-36B,147.88813230325607
2023-02-17,2023,2,4,0,1,0,DESPISTE,IMPRUDENCIA DEL CONDUCTOR,ASFALTADA,CARRETERA,NACIONAL,APURIMAC,ANDAHUAYLAS,SANTA MARIA DE CHICMO,-13.65197,-73.525866,PE-3S,603.9449772324336
2023-02-17,2023,2,4,0,1,4,CHOQUE,EN PROCESO DE INVESTIGACIÓN,ASFALTADA,CARRETERA,NACIONAL,LAMBAYEQUE,CHICLAYO,LAGUNAS,-6.9501631,-79.7050193,PE-1N,752.0349178725861
2023-02-17,2023,2,4,0,1,1,DESPISTE,NEGLIGENCIA DEL CONDUCTOR,ASFALTADA,CARRETERA,NACIONAL,LA LIBERTAD,TRUJILLO,SALAVERRY,-8.197440354374862,-78.98890430124881,PE-10,2.690858317083761
2023-02-17,2023,2,4,0,1,0,CHOQUE FUGA,IMPRUDENCIA DEL CONDUCTOR,ASFALTADA,CARRETERA,NACIONAL,CUSCO,CANCHIS,SICUANI,-14.28866,-71.22268,PE-3S,1116.7602604415497
2023-02-18,2023,2,5,0,1,0,ATROPELLO,EN PROCESO DE INVESTIGACIÓN,ASFALTADA,CARRETERA,NACIONAL,LA LIBERTAD,CHEPEN,CHEPEN,-7.320516,-79.368589,PE-08,12.956408443812288
2023-02-18,2023,2,5,0,1,1,CHOQUE,IMPRUDENCIA DEL CONDUCTOR,ASFALTADA,CARRETERA,NACIONAL,LA LIBERTAD,VIRU,GUADALUPITO,-8.916976,-78.638052,PE-1N,452.03417803141264
2023-02-18,2023,2,5,0,1,0,DESPISTE,IMPRUDENCIA DEL CONDUCTOR,ASFALTADA,CARRETERA,NACIONAL,JUNIN,JUNIN,JUNIN,-11.589779,-76.069946,PE-22,148.88638646198623
2023-02-18,2023,2,5,0,1,0,CHOQUE,EN PROCESO DE INVESTIGACIÓN,,CARRETERA,NACIONAL,JUNIN,SATIPO,SATIPO,-11.264311344610896,-74.6507902733359,PE-24C,
2023-02-19,2023,2,6,0,2,0,CHOQUE,EN PROCESO DE INVESTIGACIÓN,ASFALTADA,CARRETERA,NACIONAL,AREQUIPA,AREQUIPA,LA JOYA,-16.603001210382747,-71.856422323722,PE-1S,977.6241897623644
2023-02-19,2023,2,6,0,1,3,CHOQUE,IMPRUDENCIA DEL CONDUCTOR,ASFALTADA,CARRETERA,NACIONAL,JUNIN,JAUJA,HUARIPAMPA,-11.814635,-75.492336,PE-3S,76.27022429792498
2023-02-19,2023,2,6,0,1,1,DESPISTE,IMPRUDENCIA DEL CONDUCTOR,ASFALTADA,CARRETERA,NACIONAL,HUANCAVELICA,ACOBAMBA,ROSARIO,-12.721039002976054,-74.65324223969996,PE-3SM,68.4131356866253
2023-02-19,2023,2,6,0,1,1,DESPISTE,IMPRUDENCIA DEL CONDUCTOR,ASFALTADA,CARRETERA,NACIONAL,JUNIN,JAUJA,CURICACA,-11.763482,-75.713338,PE-3S,41.882246619202334
2023-02-20,2023,2,0,0,1,0,ATROPELLO FUGA,EN PROCESO DE INVESTIGACIÓN,ASFALTADA,CARRETERA,NACIONAL,JUNIN,HUANCAYO,PILCOMAYO,-12.04074,-75.256145,PE-3SB,37.58187236692984
2023-02-20,2023,2,0,0,1,0,CHOQUE CON OBJETO FIJO,IMPRUDENCIA DEL CONDUCTOR,ASFALTADA,CARRETERA,NACIONAL,CUSCO,ESPINAR,OCORURO,-15.061951155471377,-71.12463943903795,PE-34J,92.16781235543974
2023-02-20,2023,2,0,0,1,0,ATROPELLO,IMPRUDENCIA DEL PEATÓN,ASFALTADA,CARRETERA,NACIONAL,LIMA,LIMA,SANTIAGO DE SURCO,-12.148067,-76.982726,PE-1S,10.428710349087652
2023-02-20,2023,2,0,0,1,0,ATROPELLO,IMPRUDENCIA DEL CONDUCTOR,ASFALTADA,CARRETERA,NACIONAL,CALLAO,CALLAO,CALLAO,-12.0381007227926,-77.1270561033516,PE-20B,8.215021865532556
2023-02-20,2023,2,0,0,1,1,DESPISTE,EN PROCESO DE INVESTIGACIÓN,ASFALTADA,CARRETERA,NACIONAL,CAJAMARCA,CAJAMARCA,MAGDALENA,-7.277752,-78.595073,PE-08,124.63153321119044
2023-02-21,2023,2,1,0,1,0,ATROPELLO,IMPRUDENCIA DEL CONDUCTOR,ASFALTADA,CARRETERA,NACIONAL,JUNIN,HUANCAYO,SICAYA,-12.021569,-75.272421,PE-3SB,34.331089806258774
2023-02-22,2023,2,2,0,1,0,CHOQUE,IMPRUDENCIA DEL CONDUCTOR,ASFALTADA,CARRETERA,NACIONAL,LIMA,LIMA,RIMAC,-12.04125616,-77.03300977,PE-1N,8.72029358572627
2023-02-23,2023,2,3,0,1,0,CHOQUE,EN PROCESO DE INVESTIGACIÓN,ASFALTADA,CARRETERA,NACIONAL,CALLAO,CALLAO,MI PERU,-11.8493148704598,-77.1215267256503,PE-20,2.239919352752816
2023-02-23,2023,2,3,0,2,5,CHOQUE,EN PROCESO DE INVESTIGACIÓN,ASFALTADA,CARRETERA,NACIONAL,AREQUIPA,CAYLLOMA,SAN ANTONIO DE CHUCA,-15.9852395,-71.2534252,PE-34A,137.66306443381788
2023-02-23,2023,2,3,0,1,0,ATROPELLO FUGA,EN PROCESO DE INVESTIGACIÓN,ASFALTADA,CARRETERA,NACIONAL,ICA,PISCO,SAN CLEMENTE,-13.6721,-76.156093,PE-1S,220.89335414117352
2023-02-24,2023,2,4,0,2,0,DESPISTE,EN PROCESO DE INVESTIGACIÓN,ASFALTADA,CARRETERA,NACIONAL,LAMBAYEQUE,CHICLAYO,REQUE,-6.8957082,-79.7925815,PE-1N,763.4785153747222
2023-02-24,2023,2,4,0,1,0,CHOQUE,IMPRUDENCIA DEL CONDUCTOR,ASFALTADA,CARRETERA,NACIONAL,PUNO,AZANGARO,SAN ANTON,-14.5817911,-70.320926,PE-34B,100.92419353130109
2023-02-24,2023,2,4,0,4,0,CHOQUE,IMPERICIA DEL CONDUCTOR,ASFALTADA,CARRETERA,NACIONAL,HUANUCO,PUERTO INCA,PUERTO INCA,-9.39639,-75.007674,PE-5NH,3.6947940062673097
2023-02-24,2023,2,4,0,1,0,ATROPELLO,IMPRUDENCIA DEL PEATÓN,ASFALTADA,CARRETERA,NACIONAL,JUNIN,HUANCAYO,HUALHUAS,-11.981565965738762,-75.26283319727084,PE-3S,112.99893979875893
2023-02-24,2023,2,4,0,1,0,CHOQUE,IMPRUDENCIA DEL CONDUCTOR,ASFALTADA,CARRETERA,NACIONAL,ANCASH,RECUAY,CATAC,-10.135261,-77.301813,PE-16,121.16893647126258
2023-02-25,2023,2,5,0,1,0,ATROPELLO FUGA,EN PROCESO DE INVESTIGACIÓN,ASFALTADA,CARRETERA,NACIONAL,LIMA,LIMA,SAN JUAN DE MIRAFLORES,-12.193135,-76.972682,PE-1S,15.609376245574586
2023-02-25,2023,2,5,0,1,1,DESPISTE,IMPRUDENCIA DEL CONDUCTOR,ASFALTADA,CARRETERA,NACIONAL,PIURA,SULLANA,MIGUEL CHECA,-5.144486,-80.8013583,PE-02,12.76020480203622
2023-02-25,2023,2,5,0,2,0,DESPISTE,IMPRUDENCIA DEL CONDUCTOR,ASFALTADA,CARRETERA,NACIONAL,JUNIN,YAULI,LA OROYA,-11.692424580201966,-75.76872460034205,PE-3S,30.312976544909446
2023-02-25,2023,2,5,0,2,5,DESPISTE,NEGLIGENCIA DEL CONDUCTOR,ASFALTADA,CARRETERA,NACIONAL,ANCASH,HUARMEY,HUARMEY,-10.468939,-77.915878,PE-1N,234.0373868918769
2023-02-25,2023,2,5,0,1,0,ATROPELLO FUGA,IMPRUDENCIA DEL CONDUCTOR,ASFALTADA,CARRETERA,NACIONAL,CUSCO,QUISPICANCHI,URCOS,-13.726514,-71.601007,PE-3S,1030.2781952061596
2023-02-25,2023,2,5,0,1,0,ATROPELLO,EN PROCESO DE INVESTIGACIÓN,ASFALTADA,CARRETERA,NACIONAL,AREQUIPA,AREQUIPA,SANTA RITA DE SIGUAS,-16.410143,-72.055948,PE-1S,930.5597394877728
2023-02-25,2023,2,5,0,1,0,DESPISTE,IMPRUDENCIA DEL CONDUCTOR,ASFALTADA,CARRETERA,NACIONAL,PUNO,CARABAYA,OLLACHEA,-13.857579035302946,-70.50982939376166,PE-34B,219.64552403962975
2023-02-26,2023,2,6,0,1,0,CHOQUE,IMPRUDENCIA DEL CONDUCTOR,ASFALTADA,CARRETERA,NACIONAL,PUNO,CARABAYA,AYAPATA,-13.336090691646229,-70.33358221300524,PE-34B,320.6518207017853
2023-02-26,2023,2,6,0,1,0,CHOQUE,INFRAESTRUCTURA Y ENTORNO VIAL,ASFALTADA,CARRETERA,NACIONAL,PUNO,PUNO,PUNO,-15.896424612792597,-70.02816973794772,PE-1N,0.0
2023-02-26,2023,2,6,0,1,5,CHOQUE,EN PROCESO DE INVESTIGACIÓN,ASFALTADA,CARRETERA,NACIONAL,ICA,PISCO,PARACAS,-13.770627,-76.23561,PE-1SF,9.451197356264569
2023-02-26,2023,2,6,0,1,4,DESPISTE,EN PROCESO DE INVESTIGACIÓN,ASFALTADA,CARRETERA,NACIONAL,LA LIBERTAD,SANTIAGO DE CHUCO,QUIRUVILCA,-8.01323428707867,-78.32692440865974,PE-10A,121.98662496820884
2023-02-26,2023,2,6,0,1,0,VOLCADURA,EN PROCESO DE INVESTIGACIÓN,ASFALTADA,CARRETERA,NACIONAL,CAJAMARCA,CHOTA,HUAMBOS,-6.466382,-78.932785,PE-06A,170.30760228899075
2023-02-26,2023,2,6,0,1,0,CHOQUE,EN PROCESO DE INVESTIGACIÓN,ASFALTADA,CARRETERA,NACIONAL,LAMBAYEQUE,CHICLAYO,LA VICTORIA,-6.8025881,-79.8443795,PE-1N,777.6480573374141
2023-02-26,2023,2,6,0,2,0,CHOQUE,EN PROCESO DE INVESTIGACIÓN,ASFALTADA,CARRETERA,NACIONAL,AREQUIPA,AREQUIPA,SANTA RITA DE SIGUAS,-16.402085,-72.074322,PE-1S,928.40213305956
2023-02-26,2023,2,6,0,1,0,ATROPELLO FUGA,IMPRUDENCIA DEL PEATÓN,ASFALTADA,CARRETERA,NACIONAL,CUSCO,QUISPICANCHI,CAMANTI,-13.234963,-70.761281,PE-30C,188.75482856468324
2023-02-27,2023,2,0,0,1,0,ATROPELLO,IMPRUDENCIA DEL CONDUCTOR,ASFALTADA,CARRETERA,NACIONAL,ANCASH,SANTA,NUEVO CHIMBOTE,-9.153935,-78.503551,PE-1N,430.5710012611706
2023-02-27,2023,2,0,0,2,2,CHOQUE,IMPRUDENCIA DEL CONDUCTOR,ASFALTADA,CARRETERA,NACIONAL,CUSCO,ANTA,PUCYURA,-13.479761234037042,-72.08823867847434,PE-3S,953.3753259009824
2023-02-27,2023,2,0,0,1,0,VOLCADURA,IMPRUDENCIA DEL CONDUCTOR,ASFALTADA,CARRETERA,NACIONAL,CUSCO,CANCHIS,SICUANI,-14.245413975381846,-71.25646413711475,PE-3S,1108.783441449617
2023-02-28,2023,2,1,0,1,1,DESPISTE,EN PROCESO DE INVESTIGACIÓN,ASFALTADA,CARRETERA,NACIONAL,AREQUIPA,AREQUIPA,YURA,-16.208137,-71.652492,PE-34A,69.2218288406192
2023-02-28,2023,2,1,0,1,28,VOLCADURA,IMPRUDENCIA DEL CONDUCTOR,ASFALTADA,CARRETERA,NACIONAL,CUSCO,QUISPICANCHI,CUSIPATA,-13.912691,-71.501857,PE-3S,1057.056667725132
2023-02-28,2023,2,1,0,1,0,ATROPELLO,IMPRUDENCIA DEL CONDUCTOR,ASFALTADA,CARRETERA,NACIONAL,LIMA,HUAURA,VEGUETA,-11.02054,-77.59848,PE-1N,159.62437926100827
2023-02-28,2023,2,1,0,1,0,CHOQUE,IMPRUDENCIA DEL CONDUCTOR,ASFALTADA,CARRETERA,NACIONAL,CAJAMARCA,JAEN,BELLAVISTA,-5.65303167,-78.74728667,PE-5N,1398.0501098687248
2023-03-01,2023,3,2,0,1,0,ATROPELLO FUGA,IMPRUDENCIA DEL CONDUCTOR,ASFALTADA,CARRETERA,NACIONAL,TUMBES,ZARUMILLA,PAPAYAL,-3.513917994766684,-80.31783696205841,PE-1N,1295.0862229420852
2023-03-01,2023,3,2,0,2,1,CHOQUE,IMPRUDENCIA DEL CONDUCTOR,ASFALTADA,CARRETERA,NACIONAL,JUNIN,YAULI,PACCHA,-11.431631,-75.931629,PE-3N,14.853721741892478
2023-03-01,2023,3,2,0,1,2,CHOQUE,IMPRUDENCIA DEL CONDUCTOR,ASFALTADA,CARRETERA,NACIONAL,PUNO,SAN ROMAN,CABANILLAS,-15.672656616209402,-70.37792971503441,PE-34A,266.25221171497844
2023-03-01,2023,3,2,0,1,1,ATROPELLO,IMPRUDENCIA DEL CONDUCTOR,ASFALTADA,CARRETERA,NACIONAL,LA LIBERTAD,PACASMAYO,SAN PEDRO DE LLOC,-7.441096,-79.502069,PE-1N,667.2668544561645
2023-03-01,2023,3,2,0,1,0,ATROPELLO,EN PROCESO DE INVESTIGACIÓN,ASFALTADA,CARRETERA,NACIONAL,AREQUIPA,AREQUIPA,LA JOYA,-16.526249,-71.7853308,PE-1S,965.6151540557606
2023-03-02,2023,3,3,0,1,0,CHOQUE,IMPRUDENCIA DEL CONDUCTOR,ASFALTADA,CARRETERA,NACIONAL,LIMA,HUAURA,HUAURA,-11.071165237804934,-77.58512732558226,PE-1N,153.71817283824095
2023-03-02,2023,3,3,0,1,0,ATROPELLO,NEGLIGENCIA DEL CONDUCTOR,ASFALTADA,CARRETERA,NACIONAL,PUNO,SAN ROMAN,JULIACA,-15.480696,-70.132039,PE-3S,1314.744821717257
2023-03-03,2023,3,4,0,1,2,DESPISTE,IMPRUDENCIA DEL CONDUCTOR,ASFALTADA,CARRETERA,NACIONAL,LAMBAYEQUE,LAMBAYEQUE,OLMOS,-5.942054,-79.639296,PE-04B,10.160009790237837
2023-03-03,2023,3,4,0,4,1,VOLCADURA,EN PROCESO DE INVESTIGACIÓN,,CARRETERA,NACIONAL,APURIMAC,ABANCAY,LAMBRAMA,-13.865215776551064,-72.77140369455645,PE-3SF,36.86594335125099
2023-03-03,2023,3,4,0,2,0,CHOQUE,IMPRUDENCIA DEL CONDUCTOR,ASFALTADA,CARRETERA,NACIONAL,LIMA,BARRANCA,PATIVILCA,-10.689576,-77.787159,PE-1N,203.5324156858348
2023-03-04,2023,3,5,0,1,0,ATROPELLO,IMPRUDENCIA DEL PEATÓN,ASFALTADA,CARRETERA,NACIONAL,LIMA,LIMA,PUNTA HERMOSA,-12.308394055205584,-76.83660706823704,PE-1S,36.85620910345474
2023-03-04,2023,3,5,0,1,0,CHOQUE,EN PROCESO DE INVESTIGACIÓN,ASFALTADA,CARRETERA,NACIONAL,ICA,CHINCHA,EL CARMEN,-13.5529807364185,-76.1807497671501,PE-1SE,16.806365764759935
2023-03-04,2023,3,5,0,2,2,DESPISTE,EN PROCESO DE INVESTIGACIÓN,ASFALTADA,CARRETERA,NACIONAL,CUSCO,CANCHIS,TINTA,-14.117727,-71.415727,PE-3S,1085.371812276206
2023-03-05,2023,3,6,0,1,0,ATROPELLO,IMPRUDENCIA DEL PEATÓN,ASFALTADA,CARRETERA,NACIONAL,CUSCO,CANCHIS,SICUANI,-14.24516005,-71.25143527,PE-3S,1109.3330594464303
2023-03-05,2023,3,6,0,1,1,CHOQUE,EN PROCESO DE INVESTIGACIÓN,ASFALTADA,CARRETERA,NACIONAL,LA LIBERTAD,VIRU,CHAO,-8.532783,-78.681809,PE-1N,498.6464881612861
2023-03-05,2023,3,6,0,1,0,DESPISTE,EN PROCESO DE INVESTIGACIÓN,ASFALTADA,CARRETERA,NACIONAL,CAJAMARCA,JAEN,PUCARA,-6.041541,-79.125163,PE-3N,1578.2220559470018
2023-03-05,2023,3,6,0,1,0,CHOQUE,EN PROCESO DE INVESTIGACIÓN,ASFALTADA,CARRETERA,NACIONAL,AREQUIPA,ISLAY,COCACHACRA,-17.0885637,-71.7546942,PE-1NA,0.0
2023-03-05,2023,3,6,0,2,2,CHOQUE,IMPRUDENCIA DEL CONDUCTOR,ASFALTADA,CARRETERA,NACIONAL,LA LIBERTAD,VIRU,VIRU,-8.4369753,-78.7622822,PE-1N,513.288236254184
2023-03-05,2023,3,6,0,1,0,CHOQUE,EN PROCESO DE INVESTIGACIÓN,ASFALTADA,CARRETERA,NACIONAL,LAMBAYEQUE,CHICLAYO,PATAPO,-6.7363369,-79.5400284,PE-06A,41.23002735902556
2023-03-06,2023,3,0,0,1,6,DESPISTE,IMPERICIA DEL CONDUCTOR,ASFALTADA,CARRETERA,NACIONAL,TACNA,TACNA,SAMA,-18.141939,-70.691846,PE-1SD,335.8032745242873
2023-03-06,2023,3,0,0,1,1,DESPISTE,EN PROCESO DE INVESTIGACIÓN,TROCHA,CARRETERA,NACIONAL,LA LIBERTAD,PATAZ,PARCOY,-7.909212,-77.57818,PE-10C,129.02914148837309
2023-03-08,2023,3,2,0,1,0,CHOQUE FUGA,EN PROCESO DE INVESTIGACIÓN,ASFALTADA,CARRETERA,NACIONAL,CUSCO,CANCHIS,SICUANI,-14.2263873,-71.282296,PE-3S,1105.2141703360935
2023-03-08,2023,3,2,0,2,3,DESPISTE,NEGLIGENCIA DEL CONDUCTOR,ASFALTADA,CARRETERA,NACIONAL,PIURA,PIURA,CASTILLA,-5.139239044625019,-80.44386807118774,PE-1NU,0.6328205371698784
2023-03-08,2023,3,2,0,1,0,CHOQUE,IMPRUDENCIA DEL CONDUCTOR,ASFALTADA,CARRETERA,NACIONAL,LIMA,LIMA,LURIN,-12.24646301046602,-76.93613311515227,PE-1S,23.9993973077735
2023-03-09,2023,3,3,0,1,0,CHOQUE,IMPRUDENCIA DEL CONDUCTOR,ASFALTADA,CARRETERA,NACIONAL,CUSCO,ANTA,ANTA,-13.477006,-72.120795,PE-3S,949.6447754843596
2023-03-09,2023,3,3,0,2,1,DESPISTE,EN PROCESO DE INVESTIGACIÓN,AFIRMADO,CARRETERA,NACIONAL,LA LIBERTAD,SANCHEZ CARRION,COCHORCO,-7.774657,-77.776896,PE-10C,52.76072944392813
2023-03-10,2023,3,4,0,1,0,CHOQUE,EN PROCESO DE INVESTIGACIÓN,ASFALTADA,CARRETERA,NACIONAL,ICA,PISCO,INDEPENDENCIA,-13.71068482,-75.982976,PE-28A,19.969727770706168
2023-03-11,2023,3,5,0,1,0,ATROPELLO FUGA,IMPRUDENCIA DEL CONDUCTOR,ASFALTADA,CARRETERA,NACIONAL,LA LIBERTAD,PACASMAYO,SAN PEDRO DE LLOC,-7.5310834,-79.3937702,PE-1N,650.3062977345388
2023-03-11,2023,3,5,0,1,0,ATROPELLO,IMPRUDENCIA DEL PEATÓN,ASFALTADA,CARRETERA,NACIONAL,JUNIN,HUANCAYO,HUANCAYO,-12.071543,-75.214018,PE-3S,124.75573723956325
2023-03-11,2023,3,5,0,1,3,DESPISTE,IMPRUDENCIA DEL CONDUCTOR,ASFALTADA,CARRETERA,NACIONAL,LA LIBERTAD,VIRU,VIRU,-8.4587126,-78.7252153,PE-1N,508.4883093194625
2023-03-12,2023,3,6,0,1,0,ATROPELLO FUGA,EN PROCESO DE INVESTIGACIÓN,ASFALTADA,CARRETERA,NACIONAL,LAMBAYEQUE,LAMBAYEQUE,LAMBAYEQUE,-6.6889868,-79.9037983,PE-1N,795.2593055291845
2023-03-12,2023,3,6,0,1,8,CHOQUE,EN PROCESO DE INVESTIGACIÓN,ASFALTADA,CARRETERA,NACIONAL,AREQUIPA,CAYLLOMA,SAN ANTONIO DE CHUCA,-15.986356,-71.254004,PE-34A,137.5275619255682
2023-03-12,2023,3,6,0,1,0,ATROPELLO FUGA,EN PROCESO DE INVESTIGACIÓN,ASFALTADA,CARRETERA,NACIONAL,LAMBAYEQUE,CHICLAYO,PATAPO,-6.7393081,-79.6362104,PE-06A,30.1202418927788
2023-03-12,2023,3,6,0,1,0,ATROPELLO,IMPRUDENCIA DEL PEATÓN,ASFALTADA,CARRETERA,NACIONAL,LIMA,LIMA,CHORRILLOS,-12.218937,-76.977076,PE-1S,18.504108245214976
2023-03-13,2023,3,0,0,1,0,CHOQUE,EN PROCESO DE INVESTIGACIÓN,ASFALTADA,CARRETERA,NACIONAL,ICA,NASCA,NASCA,-14.8405,-74.93178,PE-30A,1.2449879564750044
2023-03-13,2023,3,0,0,1,0,CAÍDA DE PASAJERO,EN PROCESO DE INVESTIGACIÓN,ASFALTADA,CARRETERA,NACIONAL,LIMA,LIMA,ANCON,-11.812734,-77.12962,PE-1N,38.84278289845125
2023-03-13,2023,3,0,0,1,0,DESPISTE,EN PROCESO DE INVESTIGACIÓN,AFIRMADO,CARRETERA,NACIONAL,AMAZONAS,RODRIGUEZ DE MENDOZA,LONGAR,-6.3699019,-77.5221742,PE-08B,404.27291413090666
2023-03-13,2023,3,0,0,2,1,CHOQUE,INFRAESTRUCTURA Y ENTORNO VIAL,ASFALTADA,CARRETERA,NACIONAL,PUNO,PUNO,PUNO,-15.876976,-69.926815,PE-3S,1376.663465201313
2023-03-15,2023,3,2,0,1,0,CHOQUE,IMPRUDENCIA DEL CONDUCTOR,ASFALTADA,CARRETERA,NACIONAL,LIMA,LIMA,SAN BORJA,-12.10486683,-76.9790993,PE-1S,5.542115236564221
2023-03-15,2023,3,2,0,1,0,CHOQUE,IMPRUDENCIA DEL CONDUCTOR,ASFALTADA,CARRETERA,NACIONAL,LA LIBERTAD,TRUJILLO,TRUJILLO,-8.122764353828762,-79.00702002867499,PE-10A,1.9045812893833085
2023-03-15,2023,3,2,0,1,1,CHOQUE,IMPRUDENCIA DEL CONDUCTOR,ASFALTADA,CARRETERA,NACIONAL,CUSCO,ANTA,LIMATAMBO,-13.46172,-72.42498,PE-3S,896.5170861672783
2023-03-16,2023,3,3,0,2,2,CHOQUE,IMPRUDENCIA DEL CONDUCTOR,ASFALTADA,CARRETERA,NACIONAL,LA LIBERTAD,VIRU,GUADALUPITO,-8.703279,-78.639559,PE-1N,476.55584521050906
2023-03-16,2023,3,3,0,1,0,ATROPELLO,EN PROCESO DE INVESTIGACIÓN,ASFALTADA,CARRETERA,NACIONAL,JUNIN,JAUJA,ACOLLA,-11.734159642247311,-75.5435030793657,PE-3SA,11.491663381594131
2023-03-16,2023,3,3,0,1,2,CHOQUE FUGA,EN PROCESO DE INVESTIGACIÓN,ASFALTADA,CARRETERA,NACIONAL,LA LIBERTAD,TRUJILLO,LAREDO,-8.096748,-78.933935,PE-10A,11.62006654302128
2023-03-17,2023,3,4,0,1,0,CHOQUE,EN PROCESO DE INVESTIGACIÓN,ASFALTADA,CARRETERA,NACIONAL,LA LIBERTAD,VIRU,VIRU,-8.4535225,-78.7307148,PE-1N,509.32322192447344
2023-03-17,2023,3,4,0,1,1,DESPISTE,INFRAESTRUCTURA Y ENTORNO VIAL,ASFALTADA,CARRETERA,NACIONAL,ANCASH,SANTA,SAMANCO,-9.309308,-78.404054,PE-1N,398.0535554793841
2023-03-17,2023,3,4,0,1,0,CHOQUE,IMPRUDENCIA DEL CONDUCTOR,ASFALTADA,CARRETERA,NACIONAL,CALLAO,CALLAO,CALLAO,-12.0356703147664,-77.1275317486346,PE-20,12.348570307252777
2023-03-17,2023,3,4,0,2,11,DESPISTE,EN PROCESO DE INVESTIGACIÓN,ASFALTADA,CARRETERA,NACIONAL,CUSCO,ESPINAR,COPORAQUE,-14.594712454714225,-71.69237393059306,PE-3SG,192.3376092704233
2023-03-18,2023,3,5,0,1,0,ATROPELLO,EN PROCESO DE INVESTIGACIÓN,,CARRETERA,NACIONAL,JUNIN,SATIPO,PANGOA,-11.341346571971489,-74.5264837042514,PE-28C,263.66598256276785
2023-03-19,2023,3,6,0,1,0,ATROPELLO FUGA,EN PROCESO DE INVESTIGACIÓN,ASFALTADA,CARRETERA,NACIONAL,LIMA,LIMA,PUENTE PIEDRA,-11.872306,-77.069443,PE-1N,29.457492155849742
2023-03-19,2023,3,6,0,1,0,DESPISTE,IMPRUDENCIA DEL CONDUCTOR,ASFALTADA,CARRETERA,NACIONAL,LIMA,LIMA,PUENTE PIEDRA,-11.894874,-77.068026,PE-1N,26.949972192716565
2023-03-19,2023,3,6,0,1,0,DESPISTE,EN PROCESO DE INVESTIGACIÓN,,CARRETERA,NACIONAL,APURIMAC,ABANCAY,ABANCAY,-13.648404652881789,-72.91160080326752,PE-3S,774.6443341640614
2023-03-19,2023,3,6,0,1,0,CHOQUE FUGA,IMPRUDENCIA DEL CONDUCTOR,ASFALTADA,CARRETERA,NACIONAL,LA LIBERTAD,PACASMAYO,GUADALUPE,-7.3015006,-79.40920413,PE-08,7.96649782976821
2023-03-19,2023,3,6,0,1,0,CHOQUE,EN PROCESO DE INVESTIGACIÓN,ASFALTADA,CARRETERA,NACIONAL,ICA,PISCO,TUPAC AMARU INCA,-13.710448864541,-76.1526324164968,PE-1S,225.4919394255081
2023-03-20,2023,3,0,0,5,0,CHOQUE,EN PROCESO DE INVESTIGACIÓN,ASFALTADA,CARRETERA,NACIONAL,CUSCO,ESPINAR,OCORURO,-15.080543,-71.118673,PE-34J,89.99471098993392
2023-03-20,2023,3,0,0,1,1,DESPISTE,IMPRUDENCIA DEL CONDUCTOR,ASFALTADA,CARRETERA,NACIONAL,CUSCO,LA CONVENCION,HUAYOPATA,-13.081439,-72.372732,PE-28B,533.7911426166992
2023-03-20,2023,3,0,0,6,2,CHOQUE,IMPRUDENCIA DEL CONDUCTOR,ASFALTADA,CARRETERA,NACIONAL,MOQUEGUA,MARISCAL NIETO,CARUMAS,-16.867802,-70.174824,PE-36A,157.16377514019737
2023-03-20,2023,3,0,0,1,1,CHOQUE,EN PROCESO DE INVESTIGACIÓN,ASFALTADA,CARRETERA,NACIONAL,LAMBAYEQUE,LAMBAYEQUE,MOCHUMI,-6.5401119,-79.8654315,PE-1NJ,16.440321489120432
2023-03-20,2023,3,0,0,1,0,CHOQUE,IMPRUDENCIA DEL CONDUCTOR,ASFALTADA,CARRETERA,NACIONAL,TUMBES,TUMBES,CORRALES,-3.61890513694658,-80.5230475166071,PE-1N,1268.6565367523656
2023-03-22,2023,3,2,0,1,2,DESPISTE,IMPRUDENCIA DEL CONDUCTOR,ASFALTADA,CARRETERA,NACIONAL,HUANUCO,LEONCIO PRADO,RUPA-RUPA,-9.318745693285788,-75.99399260364935,PE-18A,120.43235574248934
2023-03-22,2023,3,2,0,1,6,CHOQUE,NEGLIGENCIA DEL CONDUCTOR,ASFALTADA,CARRETERA,NACIONAL,LIMA,LIMA,ATE,-12.00078285218256,-76.83970770106689,PE-22,17.98924737906463
2023-03-23,2023,3,3,0,1,0,CHOQUE,NEGLIGENCIA DEL CONDUCTOR,ASFALTADA,CARRETERA,NACIONAL,PUNO,HUANCANE,TARACO,-15.297443,-69.971059,PE-34H,30.20120715118196
2023-03-23,2023,3,3,0,1,1,DESPISTE,EN PROCESO DE INVESTIGACIÓN,ASFALTADA,CARRETERA,NACIONAL,LA LIBERTAD,TRUJILLO,MOCHE,-8.1678427,-79.0062774,PE-1N,555.3783414626015
2023-03-23,2023,3,3,0,1,0,ATROPELLO,IMPRUDENCIA DEL PEATÓN,ASFALTADA,CARRETERA,NACIONAL,PUNO,PUNO,PUNO,-15.856885213494076,-70.01730126709124,PE-36B,155.24630552784043
2023-03-24,2023,3,4,0,1,1,CHOQUE,IMPRUDENCIA DEL CONDUCTOR,ASFALTADA,CARRETERA,NACIONAL,CAJAMARCA,JAEN,JAEN,-5.7322838221991,-78.7942005622683,PE-5N,1385.3927010672576
2023-03-25,2023,3,5,0,1,0,CHOQUE FUGA,IMPRUDENCIA DEL CONDUCTOR,ASFALTADA,CARRETERA,NACIONAL,LIMA,LIMA,CHACLACAYO,-11.987369,-76.813531,PE-22,19.70649667204802
2023-03-25,2023,3,5,0,1,0,CHOQUE,IMPRUDENCIA DEL CONDUCTOR,CONCRETO,CARRETERA,NACIONAL,CAJAMARCA,CAJAMARCA,CAJAMARCA,-7.159406622702537,-78.50606201097115,PE-3N,1274.6720367409189
2023-03-25,2023,3,5,0,1,0,CHOQUE,IMPRUDENCIA DEL CONDUCTOR,ASFALTADA,CARRETERA,NACIONAL,PUNO,CARABAYA,CRUCERO,-14.358028300296024,-70.04317924682455,PE-34K,23.678880999925003
2023-03-25,2023,3,5,0,1,1,DESPISTE,EN PROCESO DE INVESTIGACIÓN,,CARRETERA,NACIONAL,JUNIN,SATIPO,PANGOA,-11.347177182110103,-74.52259144050672,PE-28C,262.87053436753035
2023-03-25,2023,3,5,0,1,2,DESPISTE,IMPRUDENCIA DEL CONDUCTOR,ASFALTADA,CARRETERA,NACIONAL,CAJAMARCA,CHOTA,CHOTA,-6.569412,-78.642637,PE-3N,1424.0295714597146
2023-03-25,2023,3,5,0,1,1,CHOQUE FUGA,EN PROCESO DE INVESTIGACIÓN,ASFALTADA,CARRETERA,NACIONAL,LAMBAYEQUE,LAMBAYEQUE,MOTUPE,-6.1529429,-79.7089523,PE-1NJ,65.81675198502359
2023-03-25,2023,3,5,0,1,3,CHOQUE,EN PROCESO DE INVESTIGACIÓN,ASFALTADA,CARRETERA,NACIONAL,LAMBAYEQUE,LAMBAYEQUE,MOCHUMI,-6.5724738,-79.8729364,PE-1NJ,12.677948848464268
2023-03-25,2023,3,5,0,1,0,DESPISTE,EN PROCESO DE INVESTIGACIÓN,ASFALTADA,CARRETERA,NACIONAL,LAMBAYEQUE,CHICLAYO,CHONGOYAPE,-6.6306573,-79.4031901,PE-06A,64.4466486318902
2023-03-26,2023,3,6,0,1,0,ATROPELLO FUGA,EN PROCESO DE INVESTIGACIÓN,ASFALTADA,CARRETERA,NACIONAL,LAMBAYEQUE,CHICLAYO,LAGUNAS,-6.9934706,-79.6192751,PE-1N,740.9989363487167
2023-03-26,2023,3,6,0,1,0,ATROPELLO FUGA,EN PROCESO DE INVESTIGACIÓN,ASFALTADA,CARRETERA,NACIONAL,JUNIN,HUANCAYO,PILCOMAYO,-12.043244,-75.253751,PE-3SB,37.962380378531925
2023-03-26,2023,3,6,0,1,0,CHOQUE,IMPRUDENCIA DEL CONDUCTOR,ASFALTADA,CARRETERA,NACIONAL,LA LIBERTAD,VIRU,GUADALUPITO,-8.823747,-78.656478,PE-1N,462.5401877643122
2023-03-26,2023,3,6,0,1,0,ATROPELLO FUGA,IMPRUDENCIA DEL PEATÓN,ASFALTADA,CARRETERA,NACIONAL,AYACUCHO,HUAMANGA,AYACUCHO,-13.156250362036891,-74.23552026327653,PE-28A,329.79261446266213
2023-03-26,2023,3,6,0,1,0,ATROPELLO FUGA,EN PROCESO DE INVESTIGACIÓN,ASFALTADA,CARRETERA,NACIONAL,PUNO,CARABAYA,CRUCERO,-14.31605971863866,-70.17004524564946,PE-34K,8.844850520691775
2023-03-26,2023,3,6,0,1,0,ATROPELLO,IMPRUDENCIA DEL PEATÓN,ASFALTADA,CARRETERA,NACIONAL,PUNO,PUNO,PICHACANI,-16.055244,-70.008579,PE-36B,130.77010547128128
2023-03-27,2023,3,0,0,6,3,CHOQUE,EN PROCESO DE INVESTIGACIÓN,ASFALTADA,CARRETERA,NACIONAL,AREQUIPA,CAYLLOMA,CALLALLI,-15.5074258,-71.0610151,PE-34J,32.235740342673914
2023-03-27,2023,3,0,0,1,0,ATROPELLO,IMPRUDENCIA DEL PEATÓN,ASFALTADA,CARRETERA,NACIONAL,LA LIBERTAD,CHEPEN,CHEPEN,-7.307159051327986,-79.3384229904756,PE-08,16.7351496841382
2023-03-28,2023,3,1,0,1,0,DESPISTE,IMPRUDENCIA DEL CONDUCTOR,ASFALTADA,CARRETERA,NACIONAL,CAJAMARCA,CELENDIN,UTCO,-6.84887,-78.115247,PE-3N,1240.756028549532
2023-03-28,2023,3,1,0,1,1,CHOQUE CON OBJETO FIJO,INFRAESTRUCTURA Y ENTORNO VIAL,ASFALTADA,CARRETERA,NACIONAL,PUNO,EL COLLAO,ILAVE,-16.077551912456574,-69.65912999116429,PE-3S,1414.932015360816
2023-03-28,2023,3,1,0,1,6,CHOQUE,IMPRUDENCIA DEL CONDUCTOR,ASFALTADA,CARRETERA,NACIONAL,LIMA,LIMA,CARABAYLLO,-11.789697,-76.982849,PE-20A,24.609778477284944
2023-03-28,2023,3,1,0,1,2,DESPISTE,EN PROCESO DE INVESTIGACIÓN,ASFALTADA,CARRETERA,NACIONAL,HUANCAVELICA,TAYACAJA,ÑAHUIMPUQUIO,-12.304519,-75.051337,PE-3SD,5.491495677217768
2023-03-28,2023,3,1,0,1,0,ATROPELLO,IMPRUDENCIA DEL PEATÓN,ASFALTADA,CARRETERA,NACIONAL,LIMA,LIMA,COMAS,-11.927892649661825,-77.07262012961597,PE-1N,23.109318569511466
2023-03-29,2023,3,2,0,1,0,ESPECIAL,INFRAESTRUCTURA Y ENTORNO VIAL,ASFALTADA,CARRETERA,NACIONAL,JUNIN,HUANCAYO,SICAYA,-12.0309284,-75.2654001,PE-3SB,36.10036106066613
2023-03-31,2023,3,4,0,1,1,DESPISTE,IMPRUDENCIA DEL CONDUCTOR,ASFALTADA,CARRETERA,NACIONAL,JUNIN,JAUJA,ACOLLA,-11.671501,-75.573306,PE-3SA,18.9600974107813
2023-03-31,2023,3,4,0,1,1,DESPISTE,EN PROCESO DE INVESTIGACIÓN,ASFALTADA,CARRETERA,NACIONAL,ICA,CHINCHA,GROCIO PRADO,-13.352328819001915,-76.22230765071272,PE-1S,178.29832803885722
2023-03-31,2023,3,4,0,1,0,CHOQUE,IMPRUDENCIA DEL CONDUCTOR,ASFALTADA,CARRETERA,NACIONAL,LIMA,LIMA,SAN BORJA,-12.109276,-76.978491,PE-1S,6.034896501607765
2023-03-31,2023,3,4,0,1,0,ATROPELLO,EN PROCESO DE INVESTIGACIÓN,ASFALTADA,CARRETERA,NACIONAL,AREQUIPA,AREQUIPA,LA JOYA,-16.496820032482,-71.8362456946931,PE-1S,959.2798678166632
2023-04-01,2023,4,5,0,1,0,CHOQUE FUGA,IMPRUDENCIA DEL CONDUCTOR,ASFALTADA,CARRETERA,NACIONAL,LA LIBERTAD,VIRU,VIRU,-8.432932,-78.771482,PE-1N,514.3946565983964
2023-04-01,2023,4,5,0,1,0,ATROPELLO,IMPRUDENCIA DEL PEATÓN,ASFALTADA,CARRETERA,NACIONAL,LIMA,LIMA,LURIN,-12.285617,-76.874719,PE-1S,31.963233601939717
2023-04-02,2023,4,6,0,1,5,DESPISTE,IMPRUDENCIA DEL CONDUCTOR,ASFALTADA,CARRETERA,NACIONAL,JUNIN,YAULI,PACCHA,-11.4451984965114,-75.94448454958057,PE-3N,12.723905447060158
2023-04-02,2023,4,6,0,1,0,ATROPELLO FUGA,EN PROCESO DE INVESTIGACIÓN,ASFALTADA,CARRETERA,NACIONAL,LIMA,LIMA,PUNTA HERMOSA,-12.316674301303449,-76.83106026157697,PE-1S,37.95032250473511
2023-04-02,2023,4,6,0,1,0,CHOQUE FUGA,IMPRUDENCIA DEL CONDUCTOR,ASFALTADA,CARRETERA,NACIONAL,LIMA,LIMA,LURIGANCHO,-12.021318,-76.930528,PE-22,6.970049489854566
2023-04-02,2023,4,6,0,6,0,DESPISTE,EN PROCESO DE INVESTIGACIÓN,,CARRETERA,NACIONAL,JUNIN,CHANCHAMAYO,CHANCHAMAYO,-10.99374459767851,-75.31295830401066,PE-22B,115.35457093906103
2023-04-02,2023,4,6,0,1,2,CHOQUE,IMPRUDENCIA DEL CONDUCTOR,ASFALTADA,CARRETERA,NACIONAL,HUANUCO,HUAMALIES,MONZON,-9.209372976011164,-76.14696421911982,PE-14A,395.96538624962255
2023-04-02,2023,4,6,0,1,1,ATROPELLO,IMPRUDENCIA DEL CONDUCTOR,ASFALTADA,CARRETERA,NACIONAL,LIMA,HUAURA,VEGUETA,-10.92414,-77.65299,PE-1N,172.8768788337528
2023-04-02,2023,4,6,0,1,0,ATROPELLO FUGA,EN PROCESO DE INVESTIGACIÓN,,CARRETERA,NACIONAL,JUNIN,CHANCHAMAYO,SAN RAMON,-11.124648509846644,-75.35769246705271,PE-22B,96.29305093587811
2023-04-03,2023,4,0,0,1,0,CHOQUE,IMPRUDENCIA DEL CONDUCTOR,ASFALTADA,CARRETERA,NACIONAL,PUNO,EL COLLAO,ILAVE,-16.173728959368795,-69.53539959576443,PE-3S,1432.3381998429652
2023-04-03,2023,4,0,0,2,1,CHOQUE,EN PROCESO DE INVESTIGACIÓN,ASFALTADA,CARRETERA,NACIONAL,LA LIBERTAD,SANTIAGO DE CHUCO,QUIRUVILCA,-8.009781446893705,-78.33764790792301,PE-10A,119.62053940559966
2023-04-03,2023,4,0,0,1,1,DESPISTE,IMPRUDENCIA DEL CONDUCTOR,ASFALTADA,CARRETERA,NACIONAL,PIURA,PIURA,CASTILLA,-5.167527,-80.530208,PE-1NJ,194.6182806894793
2023-04-04,2023,4,1,0,1,0,ATROPELLO,IMPRUDENCIA DEL CONDUCTOR,ASFALTADA,CARRETERA,NACIONAL,CUSCO,CUSCO,CUSCO,-13.50731,-71.99928,PE-3S,964.7988679871122
2023-04-05,2023,4,2,0,1,1,CHOQUE,IMPRUDENCIA DEL CONDUCTOR,ASFALTADA,CARRETERA,NACIONAL,AYACUCHO,HUAMANGA,SAN JUAN BAUTISTA,-13.1870753,-74.2081645,PE-3S,393.4585241284397
2023-04-05,2023,4,2,0,1,1,ESPECIAL,INFRAESTRUCTURA Y ENTORNO VIAL,CONCRETO,CARRETERA,NACIONAL,CAJAMARCA,CONTUMAZA,YONAN,-7.251452,-79.127976,PE-08,49.85537426047893
2023-04-05,2023,4,2,0,2,1,ESPECIAL,INFRAESTRUCTURA Y ENTORNO VIAL,ASFALTADA,CARRETERA,NACIONAL,CAJAMARCA,CONTUMAZA,YONAN,-7.221245,-79.160288,PE-08,44.26929730369079
2023-04-05,2023,4,2,0,4,0,DESPISTE,EN PROCESO DE INVESTIGACIÓN,ASFALTADA,CARRETERA,NACIONAL,HUANCAVELICA,HUANCAVELICA,HUANDO,-12.5918229,-74.9362092,PE-26,278.5023359542872
2023-04-05,2023,4,2,0,1,0,ATROPELLO FUGA,IMPRUDENCIA DEL CONDUCTOR,ASFALTADA,CARRETERA,NACIONAL,PUNO,CHUCUITO,POMATA,-16.27672348666517,-69.28878528233996,PE-3S,1466.8948628279388
2023-04-05,2023,4,2,0,1,1,DESPISTE,EN PROCESO DE INVESTIGACIÓN,ASFALTADA,CARRETERA,NACIONAL,APURIMAC,ANDAHUAYLAS,TALAVERA,-13.658174,-73.430306,PE-3S,624.297655150501
2023-04-06,2023,4,3,0,1,0,CHOQUE,EN PROCESO DE INVESTIGACIÓN,ASFALTADA,CARRETERA,NACIONAL,LA LIBERTAD,VIRU,VIRU,-8.398212,-78.842789,PE-1N,523.4580253046809
2023-04-06,2023,4,3,0,3,2,CHOQUE,IMPRUDENCIA DEL CONDUCTOR,ASFALTADA,CARRETERA,NACIONAL,PUNO,SAN ROMAN,CABANILLAS,-15.662930740253149,-70.36474406302504,PE-34A,268.06805028804416
2023-04-07,2023,4,4,0,1,0,ATROPELLO FUGA,IMPRUDENCIA DEL PEATÓN,ASFALTADA,CARRETERA,NACIONAL,LIMA,LIMA,LURIN,-12.30289024592764,-76.84266349381855,PE-1S,35.95551562439158
2023-04-07,2023,4,4,0,1,1,DESPISTE,IMPRUDENCIA DEL CONDUCTOR,ASFALTADA,CARRETERA,NACIONAL,LIMA,LIMA,EL AGUSTINO,-12.0299579102563,-76.99432096385232,PE-1N,3.998400471827426
2023-04-07,2023,4,4,0,1,1,CHOQUE,IMPRUDENCIA DEL CONDUCTOR,ASFALTADA,CARRETERA,NACIONAL,CUSCO,ESPINAR,CONDOROMA,-15.429467,-71.070263,PE-34J,41.40922707169368
2023-04-07,2023,4,4,0,2,3,CHOQUE,EN PROCESO DE INVESTIGACIÓN,ASFALTADA,CARRETERA,NACIONAL,AMAZONAS,BONGARA,CHURUJA,-5.987933,-77.9656785,PE-08C,33.58726231010105
2023-04-08,2023,4,5,0,1,0,ATROPELLO,IMPRUDENCIA DEL CONDUCTOR,ASFALTADA,CARRETERA,NACIONAL,LIMA,LIMA,ANCON,-11.75884746,-77.15368618,PE-1N,46.18790801472876
2023-04-08,2023,4,5,0,1,0,CHOQUE,EN PROCESO DE INVESTIGACIÓN,ASFALTADA,CARRETERA,NACIONAL,LA LIBERTAD,PACASMAYO,GUADALUPE,-7.2659762,-79.4835611,PE-1N,697.5015094548115
2023-04-08,2023,4,5,0,1,0,ATROPELLO,IMPRUDENCIA DEL PEATÓN,ASFALTADA,CARRETERA,NACIONAL,LIMA,LIMA,CHORRILLOS,-12.214472,-76.976484,PE-1S,18.00519241104456
2023-04-08,2023,4,5,0,1,1,DESPISTE,EN PROCESO DE INVESTIGACIÓN,ASFALTADA,CARRETERA,NACIONAL,AREQUIPA,CAYLLOMA,SAN ANTONIO DE CHUCA,-15.9735405,-71.24066382,PE-34A,139.797206262835
2023-04-08,2023,4,5,0,1,1,CHOQUE,EN PROCESO DE INVESTIGACIÓN,ASFALTADA,CARRETERA,NACIONAL,ICA,ICA,SANTIAGO,-14.3741487,-75.6221788,PE-1S,335.70097369831785
2023-04-08,2023,4,5,0,1,0,ATROPELLO,IMPRUDENCIA DEL PEATÓN,ASFALTADA,CARRETERA,NACIONAL,CUSCO,CANCHIS,TINTA,-14.117321,-71.415777,PE-3S,1085.3335950029646
2023-04-09,2023,4,6,0,1,0,CHOQUE,EN PROCESO DE INVESTIGACIÓN,,CARRETERA,NACIONAL,ICA,CHINCHA,EL CARMEN,-13.553249,-76.133279,PE-1S,207.0686480343645
2023-04-09,2023,4,6,0,1,0,DESPISTE,IMPRUDENCIA DEL CONDUCTOR,AFIRMADO,CARRETERA,NACIONAL,JUNIN,YAULI,SANTA BARBARA DE CARHUACAYAN,-11.216984036648473,-76.4387511682559,PE-20A,159.13047847631955
2023-04-09,2023,4,6,0,1,2,DESPISTE,EN PROCESO DE INVESTIGACIÓN,ASFALTADA,CARRETERA,NACIONAL,AREQUIPA,AREQUIPA,YURA,-16.217848,-71.658131,PE-34A,67.40969510233053
2023-04-09,2023,4,6,0,1,0,CHOQUE FUGA,IMPRUDENCIA DEL CONDUCTOR,ASFALTADA,CARRETERA,NACIONAL,PIURA,PIURA,CASTILLA,-5.166233,-80.52626,PE-1NJ,194.15801296783096
2023-04-09,2023,4,6,0,2,5,DESPISTE,IMPRUDENCIA DEL CONDUCTOR,ASFALTADA,CARRETERA,NACIONAL,ICA,ICA,SAN JOSE DE LOS MOLINOS,-13.9046784,-75.6667099,PE-1SC,25.7972859117976
2023-04-09,2023,4,6,0,1,0,ATROPELLO,EN PROCESO DE INVESTIGACIÓN,ASFALTADA,CARRETERA,NACIONAL,LIMA,LIMA,ATE,-12.01301814,-76.88077749,PE-22,13.037001534341377
2023-04-09,2023,4,6,0,1,0,CHOQUE,IMPRUDENCIA DEL CONDUCTOR,ASFALTADA,CARRETERA,NACIONAL,LA LIBERTAD,VIRU,VIRU,-8.444912399374674,-78.74393815516827,PE-1N,511.0875954856322
2023-04-09,2023,4,6,0,1,2,CHOQUE,EN PROCESO DE INVESTIGACIÓN,ASFALTADA,CARRETERA,NACIONAL,AREQUIPA,AREQUIPA,LA JOYA,-16.521519,-71.793228,PE-1S,964.6198796220434
2023-04-10,2023,4,0,0,3,14,CHOQUE,IMPRUDENCIA DEL CONDUCTOR,ASFALTADA,CARRETERA,NACIONAL,JUNIN,JAUJA,SINCOS,-11.902573544074787,-75.36858249887199,PE-3SB,17.218690937999536
2023-04-10,2023,4,0,0,1,0,ATROPELLO,IMPRUDENCIA DEL CONDUCTOR,ASFALTADA,CARRETERA,NACIONAL,CALLAO,CALLAO,MI PERU,-11.8422136100802,-77.1155101642242,PE-20,1.2043277328776802
2023-04-10,2023,4,0,0,1,2,DESPISTE,IMPRUDENCIA DEL CONDUCTOR,ASFALTADA,CARRETERA,NACIONAL,ICA,CHINCHA,EL CARMEN,-13.555856,-76.133447,PE-1S,207.35710163258895
2023-04-10,2023,4,0,0,1,0,CHOQUE,IMPRUDENCIA DEL CONDUCTOR,ASFALTADA,CARRETERA,NACIONAL,PUNO,HUANCANE,PUSI,-15.4012999,-70.0640514,PE-34H,11.977401469632648
2023-04-11,2023,4,1,0,1,2,CHOQUE,EN PROCESO DE INVESTIGACIÓN,,CARRETERA,NACIONAL,JUNIN,SATIPO,SATIPO,-11.217399729959128,-74.60862085617151,PE-5S,113.07520221181962
2023-04-11,2023,4,1,0,1,1,CHOQUE,IMPRUDENCIA DEL CONDUCTOR,ASFALTADA,CARRETERA,NACIONAL,JUNIN,TARMA,LA UNION,-11.358069,-75.887458,PE-3N,27.24937981704277
2023-04-11,2023,4,1,0,1,1,CHOQUE,EN PROCESO DE INVESTIGACIÓN,,CARRETERA,NACIONAL,JUNIN,CHANCHAMAYO,SAN RAMON,-11.086179443825404,-75.3296147699993,PE-22B,102.34858406005576
2023-04-11,2023,4,1,0,1,1,CHOQUE,IMPRUDENCIA DEL CONDUCTOR,ASFALTADA,CARRETERA,NACIONAL,LA LIBERTAD,SANTIAGO DE CHUCO,QUIRUVILCA,-7.971877963742601,-78.20692775474994,PE-3N,1065.4603141965115
2023-04-11,2023,4,1,0,1,0,VOLCADURA,IMPRUDENCIA DEL CONDUCTOR,ASFALTADA,CARRETERA,NACIONAL,CUSCO,CANAS,KUNTURKANKI,-14.465613,-71.296353,PE-34G,10.329317039305849
2023-04-11,2023,4,1,0,1,0,ATROPELLO FUGA,EN PROCESO DE INVESTIGACIÓN,ASFALTADA,CARRETERA,NACIONAL,LA LIBERTAD,TRUJILLO,SALAVERRY,-8.1846915,-78.9843106,PE-1N,552.3143827863477
2023-04-11,2023,4,1,0,1,0,ATROPELLO FUGA,EN PROCESO DE INVESTIGACIÓN,ASFALTADA,CARRETERA,NACIONAL,ICA,PISCO,SAN CLEMENTE,-13.6645926,-76.1721012,PE-1SE,29.533421921782768
2023-04-12,2023,4,2,0,1,6,CHOQUE,IMPRUDENCIA DEL CONDUCTOR,ASFALTADA,CARRETERA,NACIONAL,LIMA,HUAURA,SAYAN,-11.0632945802522,-77.13831415892751,PE-18,59.397872206217166
2023-04-14,2023,4,4,0,1,0,CHOQUE,EN PROCESO DE INVESTIGACIÓN,ASFALTADA,CARRETERA,NACIONAL,ICA,NASCA,VISTA ALEGRE,-14.8494452,-74.9523298,PE-1S,446.4750588302392
2023-04-14,2023,4,4,0,1,1,ATROPELLO,EN PROCESO DE INVESTIGACIÓN,ASFALTADA,CARRETERA,NACIONAL,AREQUIPA,AREQUIPA,YURA,-16.3072,-71.61498,PE-34A,48.94020956673377
2023-04-15,2023,4,5,0,1,1,CHOQUE,EN PROCESO DE INVESTIGACIÓN,ASFALTADA,CARRETERA,NACIONAL,AREQUIPA,AREQUIPA,CERRO COLORADO,-16.3537393,-71.5802957,PE-34A,42.08698274805579
2023-04-16,2023,4,6,0,1,0,CHOQUE,EN PROCESO DE INVESTIGACIÓN,ASFALTADA,CARRETERA,NACIONAL,ICA,ICA,SANTIAGO,-14.287122,-75.680386,PE-1S,323.7446242011635
2023-04-16,2023,4,6,0,1,0,CHOQUE,EN PROCESO DE INVESTIGACIÓN,ASFALTADA,CARRETERA,NACIONAL,ICA,NASCA,NASCA,-14.830576,-74.943533,PE-1S,443.8508645286014
2023-04-16,2023,4,6,0,1,0,DESPISTE,IMPRUDENCIA DEL CONDUCTOR,ASFALTADA,CARRETERA,NACIONAL,PUNO,PUNO,PICHACANI,-16.155726693520567,-70.07052965333484,PE-36B,117.6442360317327
2023-04-17,2023,4,0,0,1,0,CHOQUE,IMPRUDENCIA DEL CONDUCTOR,ASFALTADA,CARRETERA,NACIONAL,CUSCO,QUISPICANCHI,OCONGATE,-13.629155,-71.161994,PE-30C,87.23707633430033
2023-04-18,2023,4,1,0,1,0,CHOQUE,IMPRUDENCIA DEL CONDUCTOR,ASFALTADA,CARRETERA,NACIONAL,SAN MARTIN,MOYOBAMBA,CALZADA,-6.039307,-77.063784,PE-5N,1068.3437029139825
2023-04-18,2023,4,1,0,1,0,CHOQUE,IMPRUDENCIA DEL CONDUCTOR,ASFALTADA,CARRETERA,NACIONAL,CAJAMARCA,CAJAMARCA,LLACANORA,-7.204042,-78.433789,PE-3N,1265.2139734257928
2023-04-19,2023,4,2,0,3,0,ESPECIAL,EN PROCESO DE INVESTIGACIÓN,,CARRETERA,NACIONAL,APURIMAC,ABANCAY,ABANCAY,-13.687394201473383,-72.91617435322118,PE-3S,763.3143436080899
2023-04-19,2023,4,2,0,1,0,ATROPELLO FUGA,IMPRUDENCIA DEL PEATÓN,ASFALTADA,CARRETERA,NACIONAL,LIMA,HUAURA,SANTA MARIA,-11.112826181198692,-77.59239609576456,PE-1N,148.8279154829852
2023-04-20,2023,4,3,0,2,0,DESPISTE,EN PROCESO DE INVESTIGACIÓN,TROCHA,CARRETERA,NACIONAL,LA LIBERTAD,SANCHEZ CARRION,CHUGAY,-7.7912379,-77.881626,PE-10C,19.245752336119303
2023-04-22,2023,4,5,0,1,0,ATROPELLO FUGA,EN PROCESO DE INVESTIGACIÓN,ASFALTADA,CARRETERA,NACIONAL,ICA,ICA,SALAS,-13.930998,-75.921602,PE-1S,268.4772951069665
2023-04-22,2023,4,5,0,2,0,DESPISTE,INFRAESTRUCTURA Y ENTORNO VIAL,ASFALTADA,CARRETERA,NACIONAL,PUNO,EL COLLAO,ILAVE,-16.100205103325116,-69.63772587873513,PE-38A,81.25660885774852
2023-04-22,2023,4,5,0,1,0,DESPISTE,IMPRUDENCIA DEL CONDUCTOR,ASFALTADA,CARRETERA,NACIONAL,HUANUCO,LEONCIO PRADO,MARIANO DAMASO BERAUN,-9.454685794965952,-75.97475061094863,PE-18A,103.58949750896755
2023-04-22,2023,4,5,0,1,4,CHOQUE,EN PROCESO DE INVESTIGACIÓN,ASFALTADA,CARRETERA,NACIONAL,AREQUIPA,AREQUIPA,VITOR,-16.4635059,-71.9539885,PE-1S,943.5007222703956
2023-04-22,2023,4,5,0,1,1,CHOQUE,EN PROCESO DE INVESTIGACIÓN,,CARRETERA,NACIONAL,JUNIN,SATIPO,RIO NEGRO,-11.212027242484282,-74.6576407602702,PE-5S,104.83318454347676
2023-04-22,2023,4,5,0,1,0,ATROPELLO,EN PROCESO DE INVESTIGACIÓN,ASFALTADA,CARRETERA,NACIONAL,SAN MARTIN,RIOJA,ELIAS SOPLIN VARGAS,-5.972135,-77.29197,PE-5NI,0.0
2023-04-22,2023,4,5,0,1,0,DESPISTE,IMPRUDENCIA DEL CONDUCTOR,ASFALTADA,CARRETERA,NACIONAL,CAJAMARCA,CAJAMARCA,CAJAMARCA,-7.1852737819788,-78.4771390743091,PE-3N,1270.3852279956911
2023-04-22,2023,4,5,0,1,0,ATROPELLO FUGA,EN PROCESO DE INVESTIGACIÓN,ASFALTADA,CARRETERA,NACIONAL,LA LIBERTAD,VIRU,GUADALUPITO,-8.819418437527293,-78.65648743844363,PE-1N,463.0179389130455
2023-04-22,2023,4,5,0,1,0,ATROPELLO,EN PROCESO DE INVESTIGACIÓN,,CARRETERA,NACIONAL,JUNIN,SATIPO,SATIPO,-11.244928870846287,-74.58249600550744,PE-5S,118.41813477853955
2023-04-24,2023,4,0,0,1,0,CHOQUE,IMPRUDENCIA DEL CONDUCTOR,ASFALTADA,CARRETERA,NACIONAL,LIMA,LIMA,ATE,-12.008281,-76.860416,PE-22,15.506652755496768
2023-04-24,2023,4,0,0,1,0,ATROPELLO FUGA,EN PROCESO DE INVESTIGACIÓN,ASFALTADA,CARRETERA,NACIONAL,PIURA,PIURA,CASTILLA,-5.229633662923322,-80.63342540340778,PE-1NJ,259.87208193433645
2023-04-24,2023,4,0,0,1,0,DESPISTE,EN PROCESO DE INVESTIGACIÓN,ASFALTADA,CARRETERA,NACIONAL,HUANCAVELICA,HUAYTARA,HUAYTARA,-13.572986,-75.248862,PE-28A,136.4158266616679
2023-04-24,2023,4,0,0,1,11,CHOQUE,EN PROCESO DE INVESTIGACIÓN,ASFALTADA,CARRETERA,NACIONAL,AREQUIPA,AREQUIPA,SACHACA,-16.409559,-71.5584385,PE-34C,2.9731984279050323
2023-04-24,2023,4,0,0,5,0,CHOQUE,EN PROCESO DE INVESTIGACIÓN,ASFALTADA,CARRETERA,NACIONAL,AREQUIPA,AREQUIPA,YURA,-16.250302,-71.67779,PE-1N,0.0
2023-04-25,2023,4,1,0,2,0,CHOQUE,IMPRUDENCIA DEL CONDUCTOR,ASFALTADA,CARRETERA,NACIONAL,JUNIN,CONCEPCION,CONCEPCION,-11.90861516978763,-75.32981326321523,PE-3S,101.41742489949272
2023-04-25,2023,4,1,0,1,3,DESPISTE,EN PROCESO DE INVESTIGACIÓN,ASFALTADA,CARRETERA,NACIONAL,ICA,CHINCHA,GROCIO PRADO,-13.383238,-76.204166,PE-1S,182.2504147843389
2023-04-25,2023,4,1,0,1,0,DESPISTE,EN PROCESO DE INVESTIGACIÓN,ASFALTADA,CARRETERA,NACIONAL,ICA,PALPA,LLIPATA,-14.55633,-75.200388,PE-1S,398.8201043615833
2023-04-25,2023,4,1,0,1,0,ATROPELLO,IMPRUDENCIA DEL PEATÓN,ASFALTADA,CARRETERA,NACIONAL,SAN MARTIN,RIOJA,AWAJUN,-5.802748,-77.40234,PE-5N,1120.4459861097223
2023-04-25,2023,4,1,0,1,0,CHOQUE FUGA,EN PROCESO DE INVESTIGACIÓN,ASFALTADA,CARRETERA,NACIONAL,TACNA,TACNA,TACNA,-18.088136147462045,-70.32679608840952,PE-1SD,382.4753435463896
2023-04-26,2023,4,2,0,1,0,ATROPELLO,IMPRUDENCIA DEL CONDUCTOR,ASFALTADA,CARRETERA,NACIONAL,PIURA,PIURA,CATACAOS,-5.271774,-80.673656,PE-1NK,5.3393170530623335
2023-04-27,2023,4,3,0,1,0,ATROPELLO,EN PROCESO DE INVESTIGACIÓN,ASFALTADA,CARRETERA,NACIONAL,AREQUIPA,AREQUIPA,YURA,-16.2503384,-71.6777896,PE-34A,60.71588284289397
2023-04-27,2023,4,3,0,1,0,ATROPELLO FUGA,EN PROCESO DE INVESTIGACIÓN,ASFALTADA,CARRETERA,NACIONAL,LIMA,LIMA,LA MOLINA,-12.075539,-76.974923,PE-1S,1.981280073878937
2023-04-28,2023,4,4,0,1,0,CHOQUE,IMPRUDENCIA DEL CONDUCTOR,ASFALTADA,CARRETERA,NACIONAL,JUNIN,HUANCAYO,HUANCAN,-12.116567,-75.216672,PE-3S,130.2903358513407
2023-04-28,2023,4,4,0,1,0,CHOQUE,IMPRUDENCIA DEL CONDUCTOR,ASFALTADA,CARRETERA,NACIONAL,PASCO,PASCO,YANACANCHA,-10.626955020268475,-76.17705339745523,PE-3N,143.27721828112604
2023-04-29,2023,4,5,0,1,0,DESPISTE,IMPRUDENCIA DEL CONDUCTOR,ASFALTADA,CARRETERA,NACIONAL,CAJAMARCA,CHOTA,CHOTA,-6.543833,-78.681006,PE-3N,1429.4643494401084
2023-04-29,2023,4,5,0,1,0,CHOQUE,IMPRUDENCIA DEL CONDUCTOR,ASFALTADA,CARRETERA,NACIONAL,CUSCO,CUSCO,CUSCO,-13.503908,-72.019702,PE-3S,962.2150677296668
2023-04-29,2023,4,5,0,1,0,CHOQUE,IMPRUDENCIA DEL CONDUCTOR,ASFALTADA,CARRETERA,NACIONAL,SAN MARTIN,RIOJA,NUEVA CAJAMARCA,-5.959961,-77.298212,PE-5N,1099.164703067674
2023-04-29,2023,4,5,0,1,0,CHOQUE,IMPRUDENCIA DEL CONDUCTOR,ASFALTADA,CARRETERA,NACIONAL,LA LIBERTAD,TRUJILLO,TRUJILLO,-8.1302045,-79.0136583,PE-10A,0.7794265015279105
2023-04-29,2023,4,5,0,4,0,DESPISTE,EN PROCESO DE INVESTIGACIÓN,ASFALTADA,CARRETERA,NACIONAL,HUANCAVELICA,CASTROVIRREYNA,ARMA,-13.134932,-75.54407,PE-26,103.47429231848189
2023-04-29,2023,4,5,0,1,0,VOLCADURA,EN PROCESO DE INVESTIGACIÓN,ASFALTADA,CARRETERA,NACIONAL,LIMA,LIMA,VILLA EL SALVADOR,-12.242372,-76.944312,PE-1S,22.999960099339415
2023-04-29,2023,4,5,0,1,0,DESPISTE,IMPRUDENCIA DEL CONDUCTOR,ASFALTADA,CARRETERA,NACIONAL,LA LIBERTAD,PACASMAYO,SAN PEDRO DE LLOC,-7.478889,-79.420416,PE-1N,656.713210608334
2023-04-30,2023,4,6,0,1,0,DESPISTE,EN PROCESO DE INVESTIGACIÓN,ASFALTADA,CARRETERA,NACIONAL,AREQUIPA,ISLAY,COCACHACRA,-16.980637,-71.774132,PE-1S,1023.4701945049414
2023-04-30,2023,4,6,0,2,1,DESPISTE,NEGLIGENCIA DEL CONDUCTOR,ASFALTADA,CARRETERA,NACIONAL,LIMA,LIMA,EL AGUSTINO,-12.030709,-76.983637,PE-22,0.9661345297984076
2023-04-30,2023,4,6,0,1,0,ATROPELLO,IMPRUDENCIA DEL PEATÓN,ASFALTADA,CARRETERA,NACIONAL,AYACUCHO,HUAMANGA,QUINUA,-13.0392014856918,-74.1338174603751,PE-28B,19.72670414893534
2023-05-01,2023,5,0,0,1,0,DESPISTE,IMPRUDENCIA DEL CONDUCTOR,ASFALTADA,CARRETERA,NACIONAL,LA LIBERTAD,OTUZCO,SALPO,-7.979006,-78.648122,PE-10A,57.764983340916
2023-05-01,2023,5,0,0,1,0,ATROPELLO,IMPRUDENCIA DEL PEATÓN,ASFALTADA,CARRETERA,NACIONAL,ICA,NASCA,NASCA,-14.8354178,-74.9246159,PE-30A,2.2376482485470066
2023-05-01,2023,5,0,0,1,3,CHOQUE,IMPRUDENCIA DEL CONDUCTOR,ASFALTADA,CARRETERA,NACIONAL,CAJAMARCA,SAN IGNACIO,SAN IGNACIO,-5.11516,-78.970649,PE-5N,1487.253209517794
2023-05-01,2023,5,0,0,1,0,CHOQUE,IMPRUDENCIA DEL CONDUCTOR,ASFALTADA,CARRETERA,NACIONAL,CUSCO,CANCHIS,SICUANI,-14.221547,-71.28787,PE-3S,1104.4084580091255
2023-05-01,2023,5,0,0,1,0,ATROPELLO,EN PROCESO DE INVESTIGACIÓN,ASFALTADA,CARRETERA,NACIONAL,LA LIBERTAD,ASCOPE,CHICAMA,-7.948986,-79.09301,PE-1N,590.2508243870453
2023-05-01,2023,5,0,0,1,0,CHOQUE,IMPRUDENCIA DEL PEATÓN,ASFALTADA,CARRETERA,NACIONAL,LA LIBERTAD,VIRU,GUADALUPITO,-8.9103176,-78.639243,PE-1N,452.7816714850487
2023-05-01,2023,5,0,0,1,12,CHOQUE,EN PROCESO DE INVESTIGACIÓN,ASFALTADA,CARRETERA,NACIONAL,ICA,CHINCHA,GROCIO PRADO,-13.336721,-76.233743,PE-1S,176.17027821347563
2023-05-02,2023,5,1,0,1,0,CHOQUE,IMPRUDENCIA DEL CONDUCTOR,ASFALTADA,CARRETERA,NACIONAL,LA LIBERTAD,VIRU,CHAO,-8.588582,-78.668333,PE-1N,492.13946300372936
2023-05-02,2023,5,1,0,2,0,DESPISTE,IMPRUDENCIA DEL CONDUCTOR,AFIRMADO,CARRETERA,NACIONAL,LA LIBERTAD,CHEPEN,CHEPEN,-7.279487574361421,-79.30900776967442,PE-08,21.2862857880117
2023-05-02,2023,5,1,0,1,0,CHOQUE FUGA,IMPRUDENCIA DEL CONDUCTOR,ASFALTADA,CARRETERA,NACIONAL,JUNIN,HUANCAYO,SAPALLANGA,-12.147979,-75.159387,PE-3SC,7.943948074402453
2023-05-03,2023,5,2,0,1,0,DESPISTE,IMPRUDENCIA DEL CONDUCTOR,ASFALTADA,CARRETERA,NACIONAL,PUNO,CARABAYA,OLLACHEA,-13.8697922,-70.5121516,PE-34B,216.9272058569736
2023-05-03,2023,5,2,0,1,0,DESPISTE,IMPRUDENCIA DEL CONDUCTOR,ASFALTADA,CARRETERA,NACIONAL,TUMBES,ZARUMILLA,ZARUMILLA,-3.507851516222535,-80.2973716666135,PE-1NO,0.0
2023-05-03,2023,5,2,0,1,0,CHOQUE,EN PROCESO DE INVESTIGACIÓN,ASFALTADA,CARRETERA,NACIONAL,ANCASH,RECUAY,LLACLLIN,-10.197042,-77.5546551,PE-16,64.75368444171356
2023-05-04,2023,5,3,0,1,2,CHOQUE,EN PROCESO DE INVESTIGACIÓN,ASFALTADA,CARRETERA,NACIONAL,ICA,NASCA,MARCONA,-15.100606,-75.0012526,PE-1S,478.1352317524048
2023-05-04,2023,5,3,0,1,0,CHOQUE,IMPRUDENCIA DEL CONDUCTOR,ASFALTADA,CARRETERA,NACIONAL,ICA,ICA,SANTIAGO,-14.28342,-75.68165,PE-1S,323.3095351864919
2023-05-05,2023,5,4,0,1,0,DESPISTE,IMPRUDENCIA DEL CONDUCTOR,ASFALTADA,CARRETERA,NACIONAL,CUSCO,CANAS,LAYO,-14.460058,-71.066607,PE-3S,1143.6279677796442
2023-05-05,2023,5,4,0,1,1,DESPISTE,IMPRUDENCIA DEL CONDUCTOR,ASFALTADA,CARRETERA,NACIONAL,PUNO,PUNO,PICHACANI,-16.276122,-70.194402,PE-36B,93.87613668612246
2023-05-05,2023,5,4,0,1,0,CHOQUE,IMPRUDENCIA DEL CONDUCTOR,ASFALTADA,CARRETERA,NACIONAL,PUNO,CARABAYA,AJOYANI,-14.2357036,-70.2449078,PE-34B,150.06474436703448
2023-05-05,2023,5,4,0,1,0,ATROPELLO,IMPRUDENCIA DEL PEATÓN,ASFALTADA,CARRETERA,NACIONAL,JUNIN,HUANCAYO,CHILCA,-12.100522,-75.216756,PE-3S,128.48084058735645
2023-05-06,2023,5,5,0,1,0,ATROPELLO FUGA,EN PROCESO DE INVESTIGACIÓN,ASFALTADA,CARRETERA,NACIONAL,UCAYALI,CORONEL PORTILLO,YARINACOCHA,-8.409032,-74.647506,PE-18C,72.2140900814562
2023-05-06,2023,5,5,0,1,4,DESPISTE,EN PROCESO DE INVESTIGACIÓN,TROCHA,CARRETERA,NACIONAL,LA LIBERTAD,BOLIVAR,BAMBAMARCA,-7.441539095635639,-77.69836557860195,PE-10B,98.3053159330066
2023-05-06,2023,5,5,0,1,0,CHOQUE,IMPRUDENCIA DEL CONDUCTOR,ASFALTADA,CARRETERA,NACIONAL,LIMA,LIMA,SANTIAGO DE SURCO,-12.143686,-76.981723,PE-1S,9.93041026207728
2023-05-06,2023,5,5,0,1,0,CHOQUE,IMPRUDENCIA DEL CONDUCTOR,ASFALTADA,CARRETERA,NACIONAL,LIMA,LIMA,SANTIAGO DE SURCO,-12.143750308314194,-76.98170268928794,PE-1S,9.937008935350194
2023-05-06,2023,5,5,0,1,0,ATROPELLO,EN PROCESO DE INVESTIGACIÓN,ASFALTADA,CARRETERA,NACIONAL,ANCASH,SANTA,NUEVO CHIMBOTE,-9.161346,-78.495372,PE-1N,429.36240996771016
2023-05-07,2023,5,6,0,1,2,DESPISTE,EN PROCESO DE INVESTIGACIÓN,,CARRETERA,NACIONAL,PASCO,OXAPAMPA,OXAPAMPA,-10.640763153088637,-75.38786621522597,PE-5NA,36.44329576319054
2023-05-08,2023,5,0,0,2,0,DESPISTE,EN PROCESO DE INVESTIGACIÓN,,CARRETERA,NACIONAL,APURIMAC,ABANCAY,CIRCA,-13.78832022,-72.94705484,PE-30A,433.3770665540221
2023-05-08,2023,5,0,0,1,0,CHOQUE,IMPRUDENCIA DEL CONDUCTOR,ASFALTADA,CARRETERA,NACIONAL,LA LIBERTAD,TRUJILLO,LAREDO,-8.073092,-78.867206,PE-10A,19.746648011469844
2023-05-08,2023,5,0,0,1,24,CHOQUE,EN PROCESO DE INVESTIGACIÓN,ASFALTADA,CARRETERA,NACIONAL,LIMA,LIMA,SAN BORJA,-12.094176,-76.980606,PE-1S,4.347533020444756
2023-05-08,2023,5,0,0,3,0,CHOQUE,IMPRUDENCIA DEL CONDUCTOR,ASFALTADA,CARRETERA,NACIONAL,CUSCO,QUISPICANCHI,URCOS,-13.710043,-71.597223,PE-3S,1028.380001177727
2023-05-08,2023,5,0,0,1,0,DESPISTE,NEGLIGENCIA DEL CONDUCTOR,ASFALTADA,CARRETERA,NACIONAL,PUNO,LAMPA,SANTA LUCIA,-15.6507989,-70.7334132,PE-34A,220.23100795868865
2023-05-09,2023,5,1,0,2,0,ATROPELLO,EN PROCESO DE INVESTIGACIÓN,ASFALTADA,CARRETERA,NACIONAL,LA LIBERTAD,PACASMAYO,JEQUETEPEQUE,-7.3661421,-79.5300156,PE-1N,682.89058256237
2023-05-09,2023,5,1,0,2,4,CHOQUE,IMPRUDENCIA DEL CONDUCTOR,ASFALTADA,CARRETERA,NACIONAL,JUNIN,JUNIN,CARHUAMAYO,-10.91089928075512,-76.06661079155415,PE-3N,84.60724043090946
2023-05-10,2023,5,2,0,1,0,ATROPELLO FUGA,EN PROCESO DE INVESTIGACIÓN,ASFALTADA,CARRETERA,NACIONAL,LIMA,LIMA,VILLA EL SALVADOR,-12.24054167,-76.9477022,PE-1S,22.578936478749718
2023-05-10,2023,5,2,0,1,0,ATROPELLO,EN PROCESO DE INVESTIGACIÓN,ASFALTADA,CARRETERA,NACIONAL,LA LIBERTAD,VIRU,CHAO,-8.688299568046988,-78.63463067085851,PE-1N,478.3147315032934
2023-05-10,2023,5,2,0,1,2,DESPISTE,EN PROCESO DE INVESTIGACIÓN,TROCHA,CARRETERA,NACIONAL,ANCASH,CARHUAZ,CARHUAZ,-9.283060554239968,-77.64921018219094,PE-3N,613.3681413016706
2023-05-11,2023,5,3,0,1,0,DESPISTE,IMPRUDENCIA DEL CONDUCTOR,ASFALTADA,CARRETERA,NACIONAL,ICA,PALPA,LLIPATA,-14.5581442,-75.2023289,PE-1S,399.1111493843074
2023-05-11,2023,5,3,0,1,0,CHOQUE,IMPRUDENCIA DEL CONDUCTOR,ASFALTADA,CARRETERA,NACIONAL,CAJAMARCA,CAJAMARCA,LOS BAÑOS DEL INCA,-7.141737,-78.390571,PE-08B,18.296209602030853
2023-05-12,2023,5,4,0,1,0,CHOQUE,NEGLIGENCIA DEL CONDUCTOR,ASFALTADA,CARRETERA,NACIONAL,ICA,ICA,LOS AQUIJES,-14.093277,-75.7173961,PE-1S,301.12252595515247
2023-05-12,2023,5,4,0,1,0,CHOQUE,IMPRUDENCIA DEL CONDUCTOR,ASFALTADA,CARRETERA,NACIONAL,CAJAMARCA,CHOTA,CHOTA,-6.544263,-78.681978,PE-3N,1429.5696475340417
2023-05-12,2023,5,4,0,1,0,ATROPELLO,IMPRUDENCIA DEL PEATÓN,ASFALTADA,CARRETERA,NACIONAL,LIMA,LIMA,LURIN,-12.28162677,-76.88079856,PE-1S,31.168587343699155
2023-05-13,2023,5,5,0,1,3,CHOQUE,IMPRUDENCIA DEL CONDUCTOR,ASFALTADA,CARRETERA,NACIONAL,JUNIN,YAULI,MOROCOCHA,-11.597276,-76.145393,PE-22,138.45193668474028
2023-05-13,2023,5,5,0,3,23,DESPISTE,NEGLIGENCIA DEL CONDUCTOR,TROCHA,CARRETERA,NACIONAL,LA LIBERTAD,SANTIAGO DE CHUCO,QUIRUVILCA,-8.020769,-78.316386,PE-3N,1042.0206966390997
2023-05-13,2023,5,5,0,1,0,ATROPELLO,EN PROCESO DE INVESTIGACIÓN,ASFALTADA,CARRETERA,NACIONAL,LA LIBERTAD,TRUJILLO,VICTOR LARCO HERRERA,-8.136443,-79.058955,PE-1N,566.5335457026414
2023-05-13,2023,5,5,0,1,1,DESPISTE,EN PROCESO DE INVESTIGACIÓN,ASFALTADA,CARRETERA,NACIONAL,AREQUIPA,AREQUIPA,LA JOYA,-16.685099,-71.870726,PE-1S,987.233473345354
2023-05-13,2023,5,5,0,1,0,ATROPELLO,IMPRUDENCIA DEL CONDUCTOR,ASFALTADA,CARRETERA,NACIONAL,CAJAMARCA,CAJABAMBA,CAJABAMBA,-7.6288114,-78.0434344,PE-3N,1153.4232558137285
2023-05-13,2023,5,5,0,1,0,ATROPELLO,EN PROCESO DE INVESTIGACIÓN,ASFALTADA,CARRETERA,NACIONAL,AREQUIPA,AREQUIPA,UCHUMAYO,-16.409763,-71.619783,PE-34A,32.09145073388769
2023-05-14,2023,5,6,0,1,0,ATROPELLO FUGA,EN PROCESO DE INVESTIGACIÓN,ASFALTADA,CARRETERA,NACIONAL,AREQUIPA,AREQUIPA,CERRO COLORADO,-16.338207,-71.590511,PE-34A,44.50606935837115
2023-05-14,2023,5,6,0,1,0,ATROPELLO FUGA,EN PROCESO DE INVESTIGACIÓN,ASFALTADA,CARRETERA,NACIONAL,LA LIBERTAD,TRUJILLO,TRUJILLO,-8.117398,-79.003102,PE-10A,2.64304788091294
2023-05-14,2023,5,6,0,1,3,DESPISTE,IMPRUDENCIA DEL CONDUCTOR,ASFALTADA,CARRETERA,NACIONAL,CUSCO,ESPINAR,OCORURO,-14.967764,-71.177229,PE-34J,105.17646059672389
2023-05-14,2023,5,6,0,1,0,DESPISTE,IMPRUDENCIA DEL CONDUCTOR,ASFALTADA,CARRETERA,NACIONAL,PIURA,PIURA,PIURA,-5.0791,-80.7067,PE-1N,1011.157893818594
2023-05-14,2023,5,6,0,1,0,ATROPELLO FUGA,IMPRUDENCIA DEL PEATÓN,ASFALTADA,CARRETERA,NACIONAL,ICA,CHINCHA,CHINCHA BAJA,-13.506279,-76.141225,PE-1S,201.6530412141804
2023-05-14,2023,5,6,0,1,3,CHOQUE CON OBJETO FIJO,NEGLIGENCIA DEL CONDUCTOR,ASFALTADA,CARRETERA,NACIONAL,CAJAMARCA,CHOTA,CHOTA,-6.568921078120778,-78.6483907627679,PE-3N,1425.3324826885564
2023-05-14,2023,5,6,0,1,0,DESPISTE,IMPRUDENCIA DEL CONDUCTOR,ASFALTADA,CARRETERA,NACIONAL,CUSCO,LA CONVENCION,SANTA ANA,-12.816532,-72.691208,PE-28B,456.00661434683695
2023-05-14,2023,5,6,0,1,2,CHOQUE,IMPRUDENCIA DEL CONDUCTOR,ASFALTADA,CARRETERA,NACIONAL,SAN MARTIN,MOYOBAMBA,CALZADA,-6.044833,-77.144262,PE-5N,1077.9396864660855
2023-05-14,2023,5,6,0,1,0,ATROPELLO,IMPRUDENCIA DEL PEATÓN,ASFALTADA,CARRETERA,NACIONAL,LIMA,LIMA,LURIN,-12.302955,-76.84265,PE-1S,35.96026314503038
2023-05-14,2023,5,6,0,1,2,CHOQUE FUGA,IMPRUDENCIA DEL CONDUCTOR,ASFALTADA,CARRETERA,NACIONAL,LIMA,HUAURA,HUACHO,-11.13609,-77.59694,PE-1N,146.1872696473499
2023-05-15,2023,5,0,0,1,0,DESPISTE,IMPRUDENCIA DEL CONDUCTOR,ASFALTADA,CARRETERA,NACIONAL,CAJAMARCA,JAEN,SAN FELIPE,-5.781063,-79.392888,PE-3N,1629.620718664184
2023-05-15,2023,5,0,0,1,3,DESPISTE,EN PROCESO DE INVESTIGACIÓN,ASFALTADA,CARRETERA,NACIONAL,LA LIBERTAD,VIRU,GUADALUPITO,-8.69716478565437,-78.63794517639676,PE-1N,477.26127880322247
2023-05-15,2023,5,0,0,1,0,DESPISTE,EN PROCESO DE INVESTIGACIÓN,ASFALTADA,CARRETERA,NACIONAL,LA LIBERTAD,ASCOPE,CHICAMA,-7.748804,-79.100962,PE-1NF,13.081869854444893
2023-05-15,2023,5,0,0,1,0,ATROPELLO,IMPRUDENCIA DEL PEATÓN,ASFALTADA,CARRETERA,NACIONAL,PIURA,PIURA,CATACAOS,-5.227757585565833,-80.65413186806087,PE-1N,990.2952866635156
2023-05-17,2023,5,2,0,2,7,DESPISTE,IMPRUDENCIA DEL CONDUCTOR,ASFALTADA,CARRETERA,NACIONAL,CUSCO,CANCHIS,TINTA,-14.152876,-71.391394,PE-3S,1090.174317446732
2023-05-18,2023,5,3,0,1,0,ATROPELLO,IMPRUDENCIA DEL PEATÓN,ASFALTADA,CARRETERA,NACIONAL,LA LIBERTAD,TRUJILLO,HUANCHACO,-8.010899,-79.070726,PE-1N,582.9067133612606
2023-05-19,2023,5,4,0,1,0,ATROPELLO FUGA,EN PROCESO DE INVESTIGACIÓN,ASFALTADA,CARRETERA,NACIONAL,LIMA,LIMA,ATE,-12.008269,-76.860337,PE-22,15.515970662455365
2023-05-19,2023,5,4,0,1,0,ATROPELLO,IMPRUDENCIA DEL CONDUCTOR,ASFALTADA,CARRETERA,NACIONAL,TACNA,TACNA,ALTO DE LA ALIANZA,-17.999789,-70.259936,PE-38,0.4043853699242126
2023-05-20,2023,5,5,0,1,1,CHOQUE,EN PROCESO DE INVESTIGACIÓN,ASFALTADA,CARRETERA,NACIONAL,HUANCAVELICA,TAYACAJA,QUICHUAS,-12.495509,-74.72221,PE-3S,235.12787547916
2023-05-20,2023,5,5,0,1,0,VOLCADURA,IMPRUDENCIA DEL CONDUCTOR,ASFALTADA,CARRETERA,NACIONAL,LIMA,LIMA,LURIGANCHO,-12.02100704,-76.92451146,PE-22,7.6300964456305955
2023-05-20,2023,5,5,0,1,0,ATROPELLO,IMPRUDENCIA DEL PEATÓN,ASFALTADA,CARRETERA,NACIONAL,LIMA,LIMA,LURIN,-12.245601,-76.937863,PE-1S,23.788178113543044
2023-05-21,2023,5,6,0,1,0,DESPISTE,IMPRUDENCIA DEL CONDUCTOR,ASFALTADA,CARRETERA,NACIONAL,LIMA,LIMA,LURIN,-12.272526,-76.895531,PE-1S,29.27582580796444
2023-05-21,2023,5,6,0,1,2,DESPISTE,IMPRUDENCIA DEL CONDUCTOR,ASFALTADA,CARRETERA,NACIONAL,CAJAMARCA,CONTUMAZA,YONAN,-7.250003,-79.23128,PE-08,32.177864085413404
2023-05-21,2023,5,6,0,1,0,CHOQUE,NEGLIGENCIA DEL CONDUCTOR,ASFALTADA,CARRETERA,NACIONAL,PUNO,CHUCUITO,JULI,-16.232840478985725,-69.37964395665307,PE-3S,1455.256592441719
2023-05-21,2023,5,6,0,1,0,CHOQUE FUGA,EN PROCESO DE INVESTIGACIÓN,ASFALTADA,CARRETERA,NACIONAL,TACNA,TACNA,TACNA,-18.07401,-70.31412,PE-1SD,384.5156850983101
2023-05-21,2023,5,6,0,5,13,DESPISTE,NEGLIGENCIA DEL CONDUCTOR,ASFALTADA,CARRETERA,NACIONAL,LA LIBERTAD,OTUZCO,SALPO,-7.989281,-78.65696,PE-10A,56.2132298464804
2023-05-21,2023,5,6,0,1,0,ATROPELLO,EN PROCESO DE INVESTIGACIÓN,ASFALTADA,CARRETERA,NACIONAL,LIMA,LIMA,SAN JUAN DE MIRAFLORES,-12.14689319,-76.98213285,PE-1S,10.286027988330446
2023-05-22,2023,5,0,0,5,4,CHOQUE,IMPRUDENCIA DEL CONDUCTOR,ASFALTADA,CARRETERA,NACIONAL,LA LIBERTAD,TRUJILLO,LAREDO,-8.095889628467335,-78.96662371540658,PE-10A,7.615323315222926
2023-05-22,2023,5,0,0,2,0,DESPISTE,IMPRUDENCIA DEL CONDUCTOR,ASFALTADA,CARRETERA,NACIONAL,PIURA,HUANCABAMBA,HUARMACA,-5.8306,-79.4774,PE-04B,27.371053951346205
2023-05-22,2023,5,0,0,1,0,CHOQUE,EN PROCESO DE INVESTIGACIÓN,ASFALTADA,CARRETERA,NACIONAL,PIURA,PIURA,VEINTISEIS DE OCTUBRE,-5.1731216,-80.6819183,PE-1N,999.7158703215013
2023-05-22,2023,5,0,0,1,0,CHOQUE,EN PROCESO DE INVESTIGACIÓN,ASFALTADA,CARRETERA,NACIONAL,ICA,NASCA,NASCA,-14.8216762,-74.9659506,PE-1S,441.0958240519412
2023-05-22,2023,5,0,0,1,0,CHOQUE,IMPRUDENCIA DEL CONDUCTOR,ASFALTADA,CARRETERA,NACIONAL,CAJAMARCA,CONTUMAZA,YONAN,-7.179834,-79.013475,PE-08,68.70112296698643
2023-05-22,2023,5,0,0,1,0,CHOQUE,IMPRUDENCIA DEL CONDUCTOR,ASFALTADA,CARRETERA,NACIONAL,LIMA,LIMA,PUENTE PIEDRA,-11.899354,-77.067782,PE-1N,26.44667298103668
2023-05-24,2023,5,2,0,1,2,CHOQUE,IMPRUDENCIA DEL CONDUCTOR,ASFALTADA,CARRETERA,NACIONAL,LIMA,LIMA,SAN JUAN DE MIRAFLORES,-12.17345044,-76.97824974,PE-1S,13.343889757288135
2023-05-25,2023,5,3,0,1,0,ATROPELLO FUGA,EN PROCESO DE INVESTIGACIÓN,ASFALTADA,CARRETERA,NACIONAL,JUNIN,YAULI,LA OROYA,-11.533625193904708,-75.92073628580673,PE-22,173.3580105829861
2023-05-25,2023,5,3,0,1,0,VOLCADURA,EN PROCESO DE INVESTIGACIÓN,,CARRETERA,NACIONAL,APURIMAC,COTABAMBAS,CHALLHUAHUACHO,-14.135799582207303,-72.29192155566227,PE-3SF,213.6574458346649
2023-05-26,2023,5,4,0,1,2,DESPISTE,EN PROCESO DE INVESTIGACIÓN,,CARRETERA,NACIONAL,CALLAO,CALLAO,VENTANILLA,-11.920192,-77.129354,PE-20,10.858520505147151
2023-05-26,2023,5,4,0,1,0,CHOQUE,IMPRUDENCIA DEL CONDUCTOR,ASFALTADA,CARRETERA,NACIONAL,PUNO,PUNO,PICHACANI,-15.994118,-70.018,PE-36B,137.50493802845855
2023-05-26,2023,5,4,0,1,0,CHOQUE,IMPRUDENCIA DEL CONDUCTOR,ASFALTADA,CARRETERA,NACIONAL,LIMA,LIMA,VILLA EL SALVADOR,-12.229045,-76.968166,PE-1S,20.00091936506936
2023-05-27,2023,5,5,0,1,0,ATROPELLO FUGA,EN PROCESO DE INVESTIGACIÓN,ASFALTADA,CARRETERA,NACIONAL,CUSCO,ANTA,ANTA,-13.479735,-72.161786,PE-3S,943.8161356041325
2023-05-27,2023,5,5,0,1,0,ATROPELLO,IMPRUDENCIA DEL PEATÓN,ASFALTADA,CARRETERA,NACIONAL,LIMA,LIMA,PUENTE PIEDRA,-11.841271,-77.10371989,PE-1N,34.65187933988461
2023-05-28,2023,5,6,0,1,1,CHOQUE CON OBJETO FIJO,EN PROCESO DE INVESTIGACIÓN,ASFALTADA,CARRETERA,NACIONAL,LIMA,LIMA,SAN MARTIN DE PORRES,-12.03520243,-77.04900501,PE-1N,10.620160192113556
2023-05-28,2023,5,6,0,1,18,CHOQUE,IMPRUDENCIA DEL CONDUCTOR,ASFALTADA,CARRETERA,NACIONAL,CUSCO,QUISPICANCHI,OROPESA,-13.583174,-71.809139,PE-3S,992.2626639776794
2023-05-28,2023,5,6,0,1,1,DESPISTE,IMPRUDENCIA DEL CONDUCTOR,ASFALTADA,CARRETERA,NACIONAL,ICA,ICA,SALAS,-13.935944409257443,-75.8491343109834,PE-1S,276.3335034946608
2023-05-28,2023,5,6,0,1,0,ATROPELLO,EN PROCESO DE INVESTIGACIÓN,ASFALTADA,CARRETERA,NACIONAL,ICA,CHINCHA,CHINCHA ALTA,-13.43404,-76.13442,PE-1S,193.6345699160568
2023-05-28,2023,5,6,0,1,0,ATROPELLO,EN PROCESO DE INVESTIGACIÓN,,CARRETERA,NACIONAL,ANCASH,YUNGAY,YUNGAY,-9.14052709790822,-77.7471902755061,PE-3N,635.6652656597195
2023-05-28,2023,5,6,0,1,0,ATROPELLO,EN PROCESO DE INVESTIGACIÓN,ASFALTADA,CARRETERA,NACIONAL,ICA,ICA,SALAS,-13.9432475,-75.8094135,PE-1S,280.7874566333383
2023-05-29,2023,5,0,0,1,0,DESPISTE,EN PROCESO DE INVESTIGACIÓN,,CARRETERA,NACIONAL,ANCASH,HUAYLAS,CARAZ,-9.051116041190456,-77.80928457218126,PE-3N,648.6830741501609
2023-05-30,2023,5,1,0,1,0,CHOQUE CON OBJETO FIJO,IMPRUDENCIA DEL CONDUCTOR,ASFALTADA,CARRETERA,NACIONAL,JUNIN,HUANCAYO,HUANCAN,-12.1025811,-75.1893799,PE-3SC,3.254703049249283
2023-05-30,2023,5,1,0,1,0,CHOQUE,IMPRUDENCIA DEL CONDUCTOR,ASFALTADA,CARRETERA,NACIONAL,PUNO,SAN ROMAN,CABANILLAS,-15.6794794,-70.4226893,PE-34A,261.10494907521087
2023-06-01,2023,6,3,0,3,0,DESPISTE,IMPRUDENCIA DEL CONDUCTOR,ASFALTADA,CARRETERA,NACIONAL,PUNO,AZANGARO,SAN ANTON,-14.45016003079707,-70.26022634739518,PE-34B,121.04040591140564
2023-06-01,2023,6,3,0,1,1,DESPISTE,IMPRUDENCIA DEL CONDUCTOR,ASFALTADA,CARRETERA,NACIONAL,CAJAMARCA,CONTUMAZA,YONAN,-7.179736,-79.013894,PE-08,68.65315032448916
2023-06-01,2023,6,3,0,1,1,VOLCADURA,EN PROCESO DE INVESTIGACIÓN,ASFALTADA,CARRETERA,NACIONAL,AREQUIPA,AREQUIPA,VITOR,-16.483697,-71.891388,PE-1S,952.6614208252372
2023-06-02,2023,6,4,0,1,0,DESPISTE,IMPRUDENCIA DEL CONDUCTOR,ASFALTADA,CARRETERA,NACIONAL,PUNO,CARABAYA,AJOYANI,-14.268941614299992,-70.24374956769704,PE-34B,146.32537605118475
2023-06-02,2023,6,4,0,1,0,ATROPELLO,IMPRUDENCIA DEL PEATÓN,ASFALTADA,CARRETERA,NACIONAL,LA LIBERTAD,TRUJILLO,VICTOR LARCO HERRERA,-8.146174,-79.046022,PE-1N,564.7087576818673
2023-06-02,2023,6,4,0,1,1,DESPISTE,IMPRUDENCIA DEL CONDUCTOR,ASFALTADA,CARRETERA,NACIONAL,PUNO,PUNO,PLATERIA,-15.943626427585274,-69.84356935453165,PE-3S,1390.440900816557
2023-06-03,2023,6,5,0,1,0,VOLCADURA,EN PROCESO DE INVESTIGACIÓN,ASFALTADA,CARRETERA,NACIONAL,AREQUIPA,AREQUIPA,CERRO COLORADO,-16.3761299,-71.5749322,PE-34A,39.53311900042811
2023-06-03,2023,6,5,0,1,0,CHOQUE,EN PROCESO DE INVESTIGACIÓN,ASFALTADA,CARRETERA,NACIONAL,ICA,CHINCHA,CHINCHA BAJA,-13.458801,-76.136465,PE-1S,196.37891040124344
2023-06-03,2023,6,5,0,1,0,CHOQUE,IMPERICIA DEL CONDUCTOR,ASFALTADA,CARRETERA,NACIONAL,PASCO,PASCO,YANACANCHA,-10.694413327213852,-76.22084291435928,PE-3N,125.35295823006751
2023-06-03,2023,6,5,0,1,0,CHOQUE,IMPRUDENCIA DEL CONDUCTOR,ASFALTADA,CARRETERA,NACIONAL,CAJAMARCA,JAEN,JAEN,-5.73233586372732,-78.7941690463139,PE-5N,1385.3859947885762
2023-06-03,2023,6,5,0,1,2,CHOQUE FUGA,IMPRUDENCIA DEL CONDUCTOR,ASFALTADA,CARRETERA,NACIONAL,PUNO,EL COLLAO,ILAVE,-16.120983,-69.641112,PE-38A,78.57885335399861
2023-06-04,2023,6,6,0,4,1,CHOQUE,EN PROCESO DE INVESTIGACIÓN,ASFALTADA,CARRETERA,NACIONAL,AREQUIPA,AREQUIPA,VITOR,-16.4421602,-71.9821118,PE-1S,939.213264529434
2023-06-04,2023,6,6,0,1,0,ATROPELLO,IMPRUDENCIA DEL CONDUCTOR,ASFALTADA,CARRETERA,NACIONAL,LA LIBERTAD,TRUJILLO,LAREDO,-8.097259,-78.973816,PE-10A,6.8016172916880775
2023-06-04,2023,6,6,0,1,0,CHOQUE FUGA,IMPRUDENCIA DEL CONDUCTOR,ASFALTADA,CARRETERA,NACIONAL,LA LIBERTAD,PACASMAYO,SAN PEDRO DE LLOC,-7.466729,-79.437885,PE-1N,659.1216115089951
2023-06-04,2023,6,6,0,1,0,DESPISTE,IMPRUDENCIA DEL CONDUCTOR,ASFALTADA,CARRETERA,NACIONAL,CAJAMARCA,CUTERVO,SOCOTA,-6.328544,-78.709728,PE-3ND,22.51445686571079
2023-06-04,2023,6,6,0,1,0,ATROPELLO FUGA,EN PROCESO DE INVESTIGACIÓN,ASFALTADA,CARRETERA,NACIONAL,LIMA,LIMA,VILLA EL SALVADOR,-12.235937,-76.956483,PE-1S,21.49557878249462
2023-06-04,2023,6,6,0,1,0,ATROPELLO FUGA,EN PROCESO DE INVESTIGACIÓN,ASFALTADA,CARRETERA,NACIONAL,LIMA,LIMA,SANTIAGO DE SURCO,-12.136873,-76.980469,PE-1S,9.165086523033343
2023-06-04,2023,6,6,0,1,1,DESPISTE,IMPRUDENCIA DEL CONDUCTOR,ASFALTADA,CARRETERA,NACIONAL,PUNO,PUNO,PUNO,-15.798502,-70.035459,PE-3S,1355.7926530604177
2023-06-04,2023,6,6,0,1,2,CHOQUE,EN PROCESO DE INVESTIGACIÓN,ASFALTADA,CARRETERA,NACIONAL,ICA,ICA,SANTIAGO,-14.217789,-75.707994,PE-1S,315.383102083575
2023-06-04,2023,6,6,0,3,5,DESPISTE,NEGLIGENCIA DEL CONDUCTOR,ASFALTADA,CARRETERA,NACIONAL,LA LIBERTAD,TRUJILLO,SALAVERRY,-8.204235,-78.959428,PE-1N,548.8082649065816
2023-06-04,2023,6,6,0,2,0,CHOQUE,IMPRUDENCIA DEL CONDUCTOR,ASFALTADA,CARRETERA,NACIONAL,CAJAMARCA,CAJABAMBA,CONDEBAMBA,-7.491161,-78.129118,PE-3N,1183.0811726998331
2023-06-04,2023,6,6,0,1,0,DESPISTE,IMPRUDENCIA DEL CONDUCTOR,TROCHA,CARRETERA,NACIONAL,LA LIBERTAD,PATAZ,HUANCASPATA,-8.456675,-77.309041,PE-10C,298.1331218374791
2023-06-04,2023,6,6,0,1,0,CHOQUE,EN PROCESO DE INVESTIGACIÓN,ASFALTADA,CARRETERA,NACIONAL,LIMA,LIMA,ANCON,-11.79253,-77.146759,PE-1N,41.74760785424758
2023-06-05,2023,6,0,0,1,2,DESPISTE,IMPRUDENCIA DEL CONDUCTOR,ASFALTADA,CARRETERA,NACIONAL,ICA,PISCO,SAN ANDRES,-13.715879,-76.164719,PE-1SE,35.4107168555834
2023-06-05,2023,6,0,0,1,0,DESPISTE,IMPRUDENCIA DEL CONDUCTOR,ASFALTADA,CARRETERA,NACIONAL,CUSCO,ESPINAR,ESPINAR,-14.840621,-71.303332,PE-3SG,257.21938399688497
2023-06-05,2023,6,0,0,1,4,DESPISTE,EN PROCESO DE INVESTIGACIÓN,ASFALTADA,CARRETERA,NACIONAL,HUANCAVELICA,HUANCAVELICA,YAULI,-12.900834791495589,-74.80867094364609,PE-26B,42.96658887194651
2023-06-06,2023,6,1,0,1,0,VOLCADURA,IMPRUDENCIA DEL CONDUCTOR,ASFALTADA,CARRETERA,NACIONAL,CUSCO,ESPINAR,ESPINAR,-14.789314,-71.421632,PE-3SG,225.421
2023-06-06,2023,6,1,0,1,1,CHOQUE,IMPRUDENCIA DEL CONDUCTOR,ASFALTADA,CARRETERA,NACIONAL,CAJAMARCA,HUALGAYOC,HUALGAYOC,-6.742944,-78.584581,PE-3N,1375.4599196906445
2023-06-07,2023,6,2,0,2,1,CHOQUE,IMPRUDENCIA DEL CONDUCTOR,ASFALTADA,CARRETERA,NACIONAL,LIMA,LIMA,SANTIAGO DE SURCO,-12.118224698717238,-76.97713221891348,PE-1S,7.03393073844174
2023-06-07,2023,6,2,0,1,1,CHOQUE,IMPRUDENCIA DEL CONDUCTOR,ASFALTADA,CARRETERA,NACIONAL,PUNO,SAN ROMAN,JULIACA,-15.486437,-70.142996,PE-34A,299.8420366135752
2023-06-08,2023,6,3,0,1,0,ATROPELLO,IMPRUDENCIA DEL PEATÓN,ASFALTADA,CARRETERA,NACIONAL,CALLAO,CALLAO,CALLAO,-12.0446162274835,-77.126587086002,PE-20,13.341196004322558
2023-06-08,2023,6,3,0,1,0,CHOQUE CON OBJETO FIJO,IMPRUDENCIA DEL CONDUCTOR,ASFALTADA,CARRETERA,NACIONAL,CAJAMARCA,CHOTA,CHOTA,-6.61159,-78.584688,PE-3N,1410.234673684382
2023-06-09,2023,6,4,0,1,0,ATROPELLO,IMPRUDENCIA DEL PEATÓN,ASFALTADA,CARRETERA,NACIONAL,PUNO,SAN ROMAN,JULIACA,-15.471592,-70.137529,PE-3S,1313.5233019138348
2023-06-09,2023,6,4,0,1,2,DESPISTE,EN PROCESO DE INVESTIGACIÓN,TROCHA,CARRETERA,NACIONAL,LA LIBERTAD,SANTIAGO DE CHUCO,QUIRUVILCA,-8.0991802,-78.1759705,PE-3N,993.3376676086846
2023-06-09,2023,6,4,0,3,0,DESPISTE,EN PROCESO DE INVESTIGACIÓN,ASFALTADA,CARRETERA,NACIONAL,JUNIN,YAULI,MOROCOCHA,-11.599754861359546,-76.15355181382482,PE-22,137.4904483210671
2023-06-10,2023,6,5,0,1,0,ATROPELLO FUGA,EN PROCESO DE INVESTIGACIÓN,ASFALTADA,CARRETERA,NACIONAL,CUSCO,CUSCO,SAYLLA,-13.558364481137904,-71.85124396798871,PE-3S,986.914606728067
2023-06-10,2023,6,5,0,1,1,ATROPELLO,IMPRUDENCIA DEL CONDUCTOR,ASFALTADA,CARRETERA,NACIONAL,CUSCO,URUBAMBA,URUBAMBA,-13.282029,-72.158012,PE-28B,616.6859387820841
2023-06-10,2023,6,5,0,5,0,CHOQUE,EN PROCESO DE INVESTIGACIÓN,ASFALTADA,CARRETERA,NACIONAL,AREQUIPA,CAYLLOMA,SAN ANTONIO DE CHUCA,-15.786562,-71.037052,PE-34A,173.67770076214498
2023-06-10,2023,6,5,0,1,3,VOLCADURA,INFRAESTRUCTURA Y ENTORNO VIAL,AFIRMADO,CARRETERA,NACIONAL,AYACUCHO,HUAMANGA,TAMBILLO,-13.1709764552515,-74.1685308709823,PE-3SL,10.981886284539335
2023-06-10,2023,6,5,0,1,0,ATROPELLO FUGA,EN PROCESO DE INVESTIGACIÓN,ASFALTADA,CARRETERA,NACIONAL,LIMA,LIMA,ATE,-12.009093,-76.864798,PE-22,14.980482171946582
2023-06-10,2023,6,5,0,1,3,CHOQUE,IMPRUDENCIA DEL CONDUCTOR,ASFALTADA,CARRETERA,NACIONAL,TACNA,JORGE BASADRE,LOCUMBA,-17.692287,-70.85954,PE-1S,1209.4124356386294
2023-06-10,2023,6,5,0,1,0,ATROPELLO,IMPRUDENCIA DEL PEATÓN,ASFALTADA,CARRETERA,NACIONAL,LIMA,LIMA,ANCON,-11.806201,-77.134166,PE-1N,39.71099332515538
2023-06-11,2023,6,6,0,1,0,VOLCADURA,EN PROCESO DE INVESTIGACIÓN,ASFALTADA,CARRETERA,NACIONAL,LIMA,CAÑETE,CHILCA,-12.426547,-76.753608,PE-1S,53.27030634659268
2023-06-11,2023,6,6,0,1,0,DESPISTE,IMPRUDENCIA DEL CONDUCTOR,ASFALTADA,CARRETERA,NACIONAL,CAJAMARCA,CAJAMARCA,LOS BAÑOS DEL INCA,-7.164906,-78.47059,PE-08B,3.5099875412058896
2023-06-11,2023,6,6,0,1,1,CHOQUE,IMPRUDENCIA DEL CONDUCTOR,ASFALTADA,CARRETERA,NACIONAL,PUNO,PUNO,ACORA,-16.005143,-69.76017,PE-3S,1401.9793500678902
2023-06-11,2023,6,6,0,5,2,DESPISTE,EN PROCESO DE INVESTIGACIÓN,,CARRETERA,NACIONAL,ANCASH,CORONGO,YANAC,-8.61912652990421,-77.8638266602448,PE-12A,25.533734872140275
2023-06-12,2023,6,0,0,1,0,ATROPELLO,IMPRUDENCIA DEL PEATÓN,ASFALTADA,CARRETERA,NACIONAL,LIMA,LIMA,CHACLACAYO,-11.982035,-76.797168,PE-22,21.93459957448193
2023-06-12,2023,6,0,0,1,0,ATROPELLO FUGA,EN PROCESO DE INVESTIGACIÓN,ASFALTADA,CARRETERA,NACIONAL,CAJAMARCA,JAEN,PUCARA,-6.047501,-79.045497,PE-3N,1567.9603133303287
2023-06-12,2023,6,0,0,1,1,DESPISTE,EN PROCESO DE INVESTIGACIÓN,TROCHA,CARRETERA,NACIONAL,ANCASH,CARLOS FERMIN FITZCARRALD,SAN LUIS,-9.11070449141259,-77.3156033735478,PE-14C,170.27767840515244
2023-06-12,2023,6,0,0,1,0,ATROPELLO,IMPRUDENCIA DEL CONDUCTOR,ASFALTADA,CARRETERA,NACIONAL,JUNIN,JAUJA,HUARIPAMPA,-11.811586525589233,-75.47382070126794,PE-3SB,1.632735224261827
2023-06-12,2023,6,0,0,6,11,CHOQUE,EN PROCESO DE INVESTIGACIÓN,ASFALTADA,CARRETERA,NACIONAL,AREQUIPA,AREQUIPA,YURA,-16.2938643,-71.6391367,PE-34A,52.14763980317949
2023-06-12,2023,6,0,0,1,1,CHOQUE,IMPRUDENCIA DEL CONDUCTOR,ASFALTADA,CARRETERA,NACIONAL,CUSCO,ESPINAR,ESPINAR,-14.798394,-71.42181,PE-3SG,239.277
2023-06-12,2023,6,0,0,2,2,DESPISTE,EN PROCESO DE INVESTIGACIÓN,ASFALTADA,CARRETERA,NACIONAL,JUNIN,YAULI,LA OROYA,-11.566416067581692,-75.86168999681944,PE-3S,9.97621494574102
2023-06-12,2023,6,0,0,1,0,ATROPELLO,EN PROCESO DE INVESTIGACIÓN,ASFALTADA,CARRETERA,NACIONAL,LIMA,LIMA,SAN MARTIN DE PORRES,-12.033849,-77.052185,PE-1N,10.998544294803573
2023-06-13,2023,6,1,0,1,0,CHOQUE,EN PROCESO DE INVESTIGACIÓN,ASFALTADA,CARRETERA,NACIONAL,CALLAO,CALLAO,CALLAO,-11.9469751337747,-77.1315834711881,PE-20,13.82737293925588
2023-06-13,2023,6,1,0,1,0,ATROPELLO FUGA,IMPRUDENCIA DEL CONDUCTOR,ASFALTADA,CARRETERA,NACIONAL,PUNO,EL COLLAO,ILAVE,-16.160136,-69.648405,PE-38A,73.98585513422341
2023-06-14,2023,6,2,0,1,0,ATROPELLO,IMPRUDENCIA DEL CONDUCTOR,ASFALTADA,CARRETERA,NACIONAL,CUSCO,CANCHIS,CHECACUPE,-13.991498,-71.464515,PE-3S,1068.7719211550432
2023-06-14,2023,6,2,0,1,2,DESPISTE,NEGLIGENCIA DEL CONDUCTOR,ASFALTADA,CARRETERA,NACIONAL,CAJAMARCA,CELENDIN,CELENDIN,-6.888349,-78.121467,PE-08B,110.3719615676338
2023-06-14,2023,6,2,0,1,0,DESPISTE,IMPRUDENCIA DEL CONDUCTOR,TROCHA,CARRETERA,NACIONAL,ICA,PALPA,PALPA,-14.427941,-75.121371,PE-30D,15.986865870735883
2023-06-15,2023,6,3,0,1,0,CHOQUE,NEGLIGENCIA DEL CONDUCTOR,ASFALTADA,CARRETERA,NACIONAL,ICA,NASCA,MARCONA,-15.3185077,-75.1413688,PE-30,32.7005000121577
2023-06-15,2023,6,3,0,1,0,CHOQUE FUGA,EN PROCESO DE INVESTIGACIÓN,ASFALTADA,CARRETERA,NACIONAL,LA LIBERTAD,TRUJILLO,HUANCHACO,-8.0994527,-79.0990956,PE-1N,572.9333298568737
2023-06-16,2023,6,4,0,1,0,ATROPELLO FUGA,EN PROCESO DE INVESTIGACIÓN,ASFALTADA,CARRETERA,NACIONAL,LIMA,LIMA,SANTIAGO DE SURCO,-12.11946773240162,-76.97718852870648,PE-1S,7.1711496561901
2023-06-16,2023,6,4,0,1,0,ATROPELLO FUGA,IMPRUDENCIA DEL CONDUCTOR,ASFALTADA,CARRETERA,NACIONAL,CUSCO,URUBAMBA,URUBAMBA,-13.305271,-72.121061,PE-28B,621.4970165520457
2023-06-16,2023,6,4,0,1,0,DESPISTE,IMPRUDENCIA DEL CONDUCTOR,ASFALTADA,CARRETERA,NACIONAL,CAJAMARCA,CHOTA,LLAMA,-6.51352848171515,-79.1888854547926,PE-06A,99.21711057248558
2023-06-17,2023,6,5,0,1,0,ATROPELLO FUGA,EN PROCESO DE INVESTIGACIÓN,ASFALTADA,CARRETERA,NACIONAL,LIMA,LIMA,LURIN,-12.292872,-76.863096,PE-1S,33.460798197567854
2023-06-17,2023,6,5,0,1,0,ATROPELLO,EN PROCESO DE INVESTIGACIÓN,ASFALTADA,CARRETERA,NACIONAL,LIMA,LIMA,ATE,-12.00990055,-76.86931821,PE-22,14.438555140401943
2023-06-17,2023,6,5,0,1,0,DESPISTE,EN PROCESO DE INVESTIGACIÓN,ASFALTADA,CARRETERA,NACIONAL,JUNIN,JAUJA,CURICACA,-11.7961585171155,-75.6587503727499,PE-3S,50.24109387831177
2023-06-17,2023,6,5,0,1,0,CAÍDA DE PASAJERO,EN PROCESO DE INVESTIGACIÓN,ASFALTADA,CARRETERA,NACIONAL,JUNIN,JAUJA,SINCOS,-11.8805289574069,-75.3974471372183,PE-3SB,13.185106195060886
2023-06-17,2023,6,5,0,4,1,VOLCADURA,IMPRUDENCIA DEL CONDUCTOR,CONCRETO,CARRETERA,NACIONAL,CAJAMARCA,CHOTA,COCHABAMBA,-6.475688,-78.889047,PE-06A,184.53171456744371
2023-06-17,2023,6,5,0,1,0,CHOQUE,IMPRUDENCIA DEL CONDUCTOR,ASFALTADA,CARRETERA,NACIONAL,PUNO,SAN ROMAN,JULIACA,-15.470420572817096,-70.13776478505466,PE-3S,1313.4438449132838
2023-06-17,2023,6,5,0,1,0,CHOQUE FUGA,IMPRUDENCIA DEL CONDUCTOR,ASFALTADA,CARRETERA,NACIONAL,LA LIBERTAD,TRUJILLO,HUANCHACO,-8.047795,-79.08601,PE-1N,578.682870137696
2023-06-18,2023,6,6,0,1,0,ATROPELLO FUGA,EN PROCESO DE INVESTIGACIÓN,ASFALTADA,CARRETERA,NACIONAL,LIMA,LIMA,ATE,-12.00829,-76.860486,PE-22,15.498335411219635
2023-06-18,2023,6,6,0,1,0,CHOQUE FUGA,IMPRUDENCIA DEL CONDUCTOR,ASFALTADA,CARRETERA,NACIONAL,PIURA,PIURA,CASTILLA,-5.193530793231174,-80.61389743833014,PE-1NJ,254.9838317717452
2023-06-18,2023,6,6,0,1,0,CHOQUE,EN PROCESO DE INVESTIGACIÓN,ASFALTADA,CARRETERA,NACIONAL,AREQUIPA,AREQUIPA,VITOR,-16.4812985,-71.905956782,PE-1S,950.9087153583456
2023-06-18,2023,6,6,0,1,0,CHOQUE,EN PROCESO DE INVESTIGACIÓN,ASFALTADA,CARRETERA,NACIONAL,LA LIBERTAD,VIRU,CHAO,-8.564295,-78.673883,PE-1N,494.933794520689
2023-06-18,2023,6,6,0,3,2,DESPISTE,IMPRUDENCIA DEL CONDUCTOR,ASFALTADA,CARRETERA,NACIONAL,PUNO,CHUCUITO,HUACULLANI,-16.664977185860323,-69.49539723914677,PE-36A,244.6348194041817
2023-06-19,2023,6,0,0,1,0,ATROPELLO,IMPRUDENCIA DEL PEATÓN,ASFALTADA,CARRETERA,NACIONAL,SAN MARTIN,MOYOBAMBA,MOYOBAMBA,-6.042893,-76.965481,PE-5N,1056.577418959139
2023-06-19,2023,6,0,0,1,0,CHOQUE,IMPRUDENCIA DEL CONDUCTOR,ASFALTADA,CARRETERA,NACIONAL,PIURA,PIURA,VEINTISEIS DE OCTUBRE,-5.1777574,-80.669671,PE-1N,998.2505392168968
2023-06-19,2023,6,0,0,1,0,ATROPELLO FUGA,EN PROCESO DE INVESTIGACIÓN,ASFALTADA,CARRETERA,NACIONAL,LIMA,LIMA,SAN MARTIN DE PORRES,-12.025267,-77.058607,PE-1N,12.241910181089525
2023-06-20,2023,6,1,0,1,1,DESPISTE,IMPRUDENCIA DEL CONDUCTOR,ASFALTADA,CARRETERA,NACIONAL,LA LIBERTAD,VIRU,CHAO,-8.6964019,-78.637656,PE-1N,477.35195911175305
2023-06-20,2023,6,1,0,1,2,VOLCADURA,EN PROCESO DE INVESTIGACIÓN,ASFALTADA,CARRETERA,NACIONAL,JUNIN,YAULI,YAULI,-11.617074328289943,-76.01496218776182,PE-22,156.4729040491032
2023-06-21,2023,6,2,0,1,0,ATROPELLO,IMPRUDENCIA DEL PEATÓN,ASFALTADA,CARRETERA,NACIONAL,HUANCAVELICA,HUANCAVELICA,IZCUCHACA,-12.50056,-74.996911,PE-26,298.92448140469594
2023-06-23,2023,6,4,0,2,21,CHOQUE,IMPRUDENCIA DEL CONDUCTOR,ASFALTADA,CARRETERA,NACIONAL,ICA,PISCO,SAN ANDRES,-13.805451,-76.153678,PE-1S,236.68666811063704
2023-06-23,2023,6,4,0,2,1,CHOQUE,IMPRUDENCIA DEL CONDUCTOR,ASFALTADA,CARRETERA,NACIONAL,APURIMAC,CHINCHEROS,ANCO_HUALLO,-13.545866,-73.64539,PE-3S,563.1724695701727
2023-06-23,2023,6,4,0,1,0,ATROPELLO,IMPRUDENCIA DEL PEATÓN,ASFALTADA,CARRETERA,NACIONAL,CUSCO,CUSCO,POROY,-13.496994,-72.037106,PE-3S,959.3983306912248
2023-06-24,2023,6,5,0,1,0,ATROPELLO FUGA,EN PROCESO DE INVESTIGACIÓN,ASFALTADA,CARRETERA,NACIONAL,LIMA,CAÑETE,CHILCA,-12.437548,-76.755526,PE-1S,54.512558596107496
2023-06-24,2023,6,5,0,3,0,CHOQUE,EN PROCESO DE INVESTIGACIÓN,ASFALTADA,CARRETERA,NACIONAL,LA LIBERTAD,OTUZCO,OTUZCO,-7.957534,-78.619513,PE-10A,63.86590731426514
2023-06-24,2023,6,5,0,1,0,ATROPELLO,IMPRUDENCIA DEL PEATÓN,ASFALTADA,CARRETERA,NACIONAL,LORETO,MAYNAS,PUNCHANA,-3.7084704,-73.2477063,PE-5NI,4.176367866348548
2023-06-25,2023,6,6,0,1,0,CHOQUE,IMPRUDENCIA DEL CONDUCTOR,CONCRETO,CARRETERA,NACIONAL,ANCASH,SANTA,NUEVO CHIMBOTE,-9.176811,-78.478681,PE-1N,426.8706861720883
2023-06-25,2023,6,6,0,1,0,ATROPELLO,IMPRUDENCIA DEL PEATÓN,ASFALTADA,CARRETERA,NACIONAL,TACNA,TACNA,TACNA,-18.1661333,-70.33496388888888,PE-1S,1311.3577488076205
2023-06-25,2023,6,6,0,1,0,CHOQUE,IMPRUDENCIA DEL CONDUCTOR,ASFALTADA,CARRETERA,NACIONAL,PIURA,PIURA,CATACAOS,-5.234182,-80.64505,PE-1N,989.1022051928646
2023-06-25,2023,6,6,0,1,2,CHOQUE,EN PROCESO DE INVESTIGACIÓN,ASFALTADA,CARRETERA,NACIONAL,AREQUIPA,CAYLLOMA,MAJES,-16.437011,-72.317559,PE-1S,892.8781130109357
2023-06-26,2023,6,0,0,1,0,CHOQUE,EN PROCESO DE INVESTIGACIÓN,ASFALTADA,CARRETERA,NACIONAL,LIMA,LIMA,INDEPENDENCIA,-11.979265,-77.065758,PE-1N,17.311501268770076
2023-06-27,2023,6,1,0,1,0,ATROPELLO FUGA,IMPRUDENCIA DEL PEATÓN,ASFALTADA,CARRETERA,NACIONAL,LIMA,LIMA,PUNTA HERMOSA,-12.32425,-76.826043,PE-1S,38.94811013892921
2023-06-27,2023,6,1,0,1,0,ATROPELLO,EN PROCESO DE INVESTIGACIÓN,ASFALTADA,CARRETERA,NACIONAL,ICA,PISCO,SAN CLEMENTE,-13.68329,-76.159812,PE-1S,222.3398820345447
2023-06-28,2023,6,2,0,1,1,DESPISTE,EN PROCESO DE INVESTIGACIÓN,ASFALTADA,CARRETERA,NACIONAL,JUNIN,JAUJA,PARCO,-11.784689,-75.567452,PE-3S,63.51202209786523
2023-06-28,2023,6,2,0,1,2,DESPISTE,EN PROCESO DE INVESTIGACIÓN,ASFALTADA,CARRETERA,NACIONAL,CAJAMARCA,CAJAMARCA,MATARA,-7.266884,-78.253109,PE-3N,1232.835672099587
2023-06-28,2023,6,2,0,1,0,VOLCADURA,IMPRUDENCIA DEL CONDUCTOR,ASFALTADA,CARRETERA,NACIONAL,SAN MARTIN,RIOJA,NUEVA CAJAMARCA,-5.895687,-77.33009,PE-5N,1107.1080928835418
2023-06-29,2023,6,3,0,1,1,CHOQUE,EN PROCESO DE INVESTIGACIÓN,ASFALTADA,CARRETERA,NACIONAL,LIMA,LIMA,SANTA ANITA,-12.05348693,-76.97551192,PE-1N,0.5964401901885628
2023-06-29,2023,6,3,0,1,19,DESPISTE,NEGLIGENCIA DEL CONDUCTOR,ASFALTADA,CARRETERA,NACIONAL,LA LIBERTAD,SANTIAGO DE CHUCO,QUIRUVILCA,-7.9943869,-78.3065265,PE-3N,1050.360193222126
2023-06-29,2023,6,3,0,1,1,DESPISTE,IMPRUDENCIA DEL CONDUCTOR,ASFALTADA,CARRETERA,NACIONAL,CUSCO,ESPINAR,ESPINAR,-14.832791273839296,-71.31109441131858,PE-3SG,256.0130948503646
2023-06-29,2023,6,3,0,1,5,CHOQUE,IMPRUDENCIA DEL CONDUCTOR,ASFALTADA,CARRETERA,NACIONAL,JUNIN,JAUJA,PARCO,-11.80231,-75.53106,PE-3S,68.83586841689458
2023-06-30,2023,6,4,0,1,0,DESPISTE,EN PROCESO DE INVESTIGACIÓN,AFIRMADO,CARRETERA,NACIONAL,HUANCAVELICA,CASTROVIRREYNA,CASTROVIRREYNA,-13.34814,-75.335747,PE-28D,58.74876484095781
2023-06-30,2023,6,4,0,1,0,ATROPELLO,IMPRUDENCIA DEL PEATÓN,ASFALTADA,CARRETERA,NACIONAL,JUNIN,HUANCAYO,EL TAMBO,-12.033926193787016,-75.23212692492673,PE-3S,119.55624870691592
2023-06-30,2023,6,4,0,1,0,ATROPELLO FUGA,EN PROCESO DE INVESTIGACIÓN,ASFALTADA,CARRETERA,NACIONAL,LA LIBERTAD,TRUJILLO,SALAVERRY,-8.203856,-78.959776,PE-1N,548.8642475860153
2023-06-30,2023,6,4,0,3,2,CHOQUE,IMPRUDENCIA DEL CONDUCTOR,ASFALTADA,CARRETERA,NACIONAL,PUNO,CHUCUITO,POMATA,-16.3488161,-69.2406372,PE-3S,1476.3734106793415
2023-07-01,2023,7,5,0,1,0,CHOQUE,IMPRUDENCIA DEL CONDUCTOR,ASFALTADA,CARRETERA,NACIONAL,CUSCO,ESPINAR,CONDOROMA,-15.34732,-71.10871,PE-34J,52.5266912343193
2023-07-01,2023,7,5,0,1,0,ATROPELLO,EN PROCESO DE INVESTIGACIÓN,ASFALTADA,CARRETERA,NACIONAL,LIMA,LIMA,SANTIAGO DE SURCO,-12.11145463,-76.97827634,PE-1S,6.276569706997083
2023-07-02,2023,7,6,0,1,0,DESPISTE,IMPRUDENCIA DEL CONDUCTOR,ASFALTADA,CARRETERA,NACIONAL,PUNO,PUNO,PICHACANI,-16.224586,-70.124156,PE-36B,106.83473168339572
2023-07-02,2023,7,6,0,1,0,ATROPELLO,IMPRUDENCIA DEL PEATÓN,ASFALTADA,CARRETERA,NACIONAL,LIMA,LIMA,ATE,-12.017291,-76.897926,PE-22,10.91405658284759
2023-07-02,2023,7,6,0,1,0,ATROPELLO FUGA,EN PROCESO DE INVESTIGACIÓN,ASFALTADA,CARRETERA,NACIONAL,LIMA,LIMA,LURIN,-12.257932560259317,-76.91872174565239,PE-1S,26.28110577330141
2023-07-03,2023,7,0,0,1,0,ATROPELLO,IMPRUDENCIA DEL PEATÓN,ASFALTADA,CARRETERA,NACIONAL,JUNIN,HUANCAYO,HUALHUAS,-11.9797736,-75.2638076,PE-3S,112.77820490197531
2023-07-03,2023,7,0,0,1,0,CHOQUE FUGA,IMPRUDENCIA DEL CONDUCTOR,ASFALTADA,CARRETERA,NACIONAL,TUMBES,ZARUMILLA,AGUAS VERDES,-3.4843348395075604,-80.25920921141396,PE-1NO,5.108703905064571
2023-07-05,2023,7,2,0,1,0,DESPISTE,IMPRUDENCIA DEL CONDUCTOR,ASFALTADA,CARRETERA,NACIONAL,LA LIBERTAD,OTUZCO,OTUZCO,-7.9671586,-78.639135,PE-10A,60.15964333237512
2023-07-05,2023,7,2,0,1,0,CHOQUE,EN PROCESO DE INVESTIGACIÓN,ASFALTADA,CARRETERA,NACIONAL,AREQUIPA,AREQUIPA,VITOR,-16.449881,-71.964544,PE-1S,941.2761489655652
2023-07-06,2023,7,3,0,1,2,DESPISTE,EN PROCESO DE INVESTIGACIÓN,ASFALTADA,CARRETERA,NACIONAL,LA LIBERTAD,TRUJILLO,SALAVERRY,-8.194049,-78.972105,PE-1N,550.61018791527
2023-07-06,2023,7,3,0,1,0,DESPISTE,EN PROCESO DE INVESTIGACIÓN,AFIRMADO,CARRETERA,NACIONAL,LA LIBERTAD,OTUZCO,OTUZCO,-7.960285,-78.631749,PE-10A,62.26344474249769
2023-07-06,2023,7,3,0,1,0,CHOQUE,IMPRUDENCIA DEL CONDUCTOR,ASFALTADA,CARRETERA,NACIONAL,PIURA,PIURA,CASTILLA,-5.17328,-80.5488,PE-1NJ,196.77466718077812
2023-07-07,2023,7,4,0,1,1,CAÍDA DE PASAJERO,EN PROCESO DE INVESTIGACIÓN,TROCHA,CARRETERA,NACIONAL,ANCASH,CARLOS FERMIN FITZCARRALD,SAN LUIS,-9.16927849825107,-77.2244298766206,PE-14C,191.01148966324456
2023-07-07,2023,7,4,0,1,1,CHOQUE,IMPRUDENCIA DEL CONDUCTOR,ASFALTADA,CARRETERA,NACIONAL,CUSCO,QUISPICANCHI,HUARO,-13.688098911516184,-71.64729981873255,PE-3S,1015.508406423222
2023-07-08,2023,7,5,0,1,0,ATROPELLO,IMPRUDENCIA DEL CONDUCTOR,ASFALTADA,CARRETERA,NACIONAL,AYACUCHO,HUAMANGA,VINCHOS,-13.320545746970089,-74.35264164599063,PE-28A,289.55988916621874
2023-07-08,2023,7,5,0,1,0,CHOQUE,IMPRUDENCIA DEL CONDUCTOR,ASFALTADA,CARRETERA,NACIONAL,PUNO,SAN ROMAN,CABANA,-15.562489091068612,-70.24074548293383,PE-34A,285.8879027996075
2023-07-08,2023,7,5,0,1,0,CHOQUE,IMPRUDENCIA DEL CONDUCTOR,ASFALTADA,CARRETERA,NACIONAL,PIURA,MORROPON,CHULUCANAS,-5.145191,-80.275411,PE-1NJ,227.0375518286307
2023-07-08,2023,7,5,0,1,0,ATROPELLO,EN PROCESO DE INVESTIGACIÓN,ASFALTADA,CARRETERA,NACIONAL,AREQUIPA,AREQUIPA,LA JOYA,-16.532018,-71.796382,PE-1S,967.4327460594378
2023-07-09,2023,7,6,0,2,0,DESPISTE,IMPRUDENCIA DEL CONDUCTOR,ASFALTADA,CARRETERA,NACIONAL,PUNO,SAN ROMAN,CARACOTO,-15.5492753,-70.1088494,PE-3S,1326.0568385069146
2023-07-09,2023,7,6,0,1,0,ATROPELLO,IMPRUDENCIA DEL PEATÓN,ASFALTADA,CARRETERA,NACIONAL,ICA,ICA,SANTIAGO,-14.289297288815796,-75.67934457989088,PE-1S,324.00884423803143
2023-07-10,2023,7,0,0,1,0,DESPISTE,IMPRUDENCIA DEL CONDUCTOR,ASFALTADA,CARRETERA,NACIONAL,LA LIBERTAD,PACASMAYO,GUADALUPE,-7.2710136,-79.4791791,PE-1N,696.7411686274849
2023-07-10,2023,7,0,0,1,0,ATROPELLO,IMPRUDENCIA DEL CONDUCTOR,ASFALTADA,CARRETERA,NACIONAL,PUNO,SAN ROMAN,CARACOTO,-15.5419721,-70.1119631,PE-3S,1325.1821476601688
2023-07-10,2023,7,0,0,1,3,DESPISTE,IMPRUDENCIA DEL CONDUCTOR,ASFALTADA,CARRETERA,NACIONAL,CUSCO,LA CONVENCION,HUAYOPATA,-13.055588,-72.428333,PE-28B,514.7246208076625
2023-07-10,2023,7,0,0,1,4,CHOQUE FUGA,EN PROCESO DE INVESTIGACIÓN,ASFALTADA,CARRETERA,NACIONAL,PIURA,MORROPON,CHULUCANAS,-5.157349,-80.177424,PE-1NS,1.7395338615956295
2023-07-11,2023,7,1,0,1,0,DESPISTE,IMPRUDENCIA DEL CONDUCTOR,ASFALTADA,CARRETERA,NACIONAL,TUMBES,CONTRALMIRANTE VILLAR,ZORRITOS,-3.851229883307808,-80.8281758789849,PE-1N,1221.4012478890402
2023-07-12,2023,7,2,0,1,1,DESPISTE,EN PROCESO DE INVESTIGACIÓN,ASFALTADA,CARRETERA,NACIONAL,LIMA,LIMA,INDEPENDENCIA,-11.98102546742494,-77.06550025297803,PE-1N,17.116088197495195
2023-07-12,2023,7,2,0,2,4,CHOQUE,IMPRUDENCIA DEL CONDUCTOR,ASFALTADA,CARRETERA,NACIONAL,PUNO,CHUCUITO,JULI,-16.2239721,-69.4623816,PE-3S,1442.7802397303728
2023-07-12,2023,7,2,0,2,1,CHOQUE,IMPRUDENCIA DEL CONDUCTOR,ASFALTADA,CARRETERA,NACIONAL,CAJAMARCA,CONTUMAZA,CHILETE,-7.22595800802044,-78.8762654033148,PE-08,86.92711251647111
2023-07-12,2023,7,2,0,1,0,ATROPELLO FUGA,EN PROCESO DE INVESTIGACIÓN,ASFALTADA,CARRETERA,NACIONAL,PUNO,PUNO,CHUCUITO,-15.901532229327907,-69.88841594055835,PE-3S,1382.9983994455677
2023-07-13,2023,7,3,0,1,2,CHOQUE,EN PROCESO DE INVESTIGACIÓN,ASFALTADA,CARRETERA,NACIONAL,ICA,PISCO,SAN CLEMENTE,-13.682287,-76.1634073,PE-1SE,31.71105911862128
2023-07-13,2023,7,3,0,1,0,CHOQUE,IMPRUDENCIA DEL CONDUCTOR,ASFALTADA,CARRETERA,NACIONAL,PUNO,HUANCANE,PUSI,-15.4064452,-70.0655803,PE-34H,11.388727483943947
2023-07-13,2023,7,3,0,1,0,CHOQUE,IMPRUDENCIA DEL CONDUCTOR,ASFALTADA,CARRETERA,NACIONAL,ICA,PALPA,LLIPATA,-14.6274104,-75.1886216,PE-1S,407.54443846836807
2023-07-14,2023,7,4,0,1,0,CHOQUE,IMPRUDENCIA DEL CONDUCTOR,ASFALTADA,CARRETERA,NACIONAL,PUNO,PUNO,PICHACANI,-16.134785534110286,-70.04528753553053,PE-36B,121.21113250383092
2023-07-15,2023,7,5,0,3,9,DESPISTE,IMPRUDENCIA DEL CONDUCTOR,ASFALTADA,CARRETERA,NACIONAL,CAJAMARCA,HUALGAYOC,HUALGAYOC,-6.7758188,-78.6417937,PE-3N,1358.315291485848
2023-07-16,2023,7,6,0,1,1,VOLCADURA,IMPRUDENCIA DEL CONDUCTOR,ASFALTADA,CARRETERA,NACIONAL,CAJAMARCA,SAN MARCOS,GREGORIO PITA,-7.324748,-78.17082,PE-3N,1215.358718716311
2023-07-16,2023,7,6,0,1,0,DESPISTE,EN PROCESO DE INVESTIGACIÓN,AFIRMADO,CARRETERA,NACIONAL,LA LIBERTAD,PATAZ,PARCOY,-8.049815659119059,-77.43703641620576,PE-10C,171.51470743811456
2023-07-16,2023,7,6,0,1,1,CHOQUE FUGA,EN PROCESO DE INVESTIGACIÓN,ASFALTADA,CARRETERA,NACIONAL,PIURA,PIURA,TAMBO GRANDE,-4.991636,-80.220575,PE-1NR,19.40242065477085
2023-07-16,2023,7,6,0,1,0,DESPISTE,EN PROCESO DE INVESTIGACIÓN,ASFALTADA,CARRETERA,NACIONAL,HUANCAVELICA,HUANCAVELICA,ACORIA,-12.5010409,-74.72031999,PE-3S,236.56965360167663
2023-07-17,2023,7,0,0,1,0,CHOQUE,IMPRUDENCIA DEL CONDUCTOR,ASFALTADA,CARRETERA,NACIONAL,PUNO,AZANGARO,TIRAPATA,-14.990365,-70.3610238,PE-3SH,8.704472504123794
2023-07-17,2023,7,0,0,2,2,DESPISTE,INFRAESTRUCTURA Y ENTORNO VIAL,ASFALTADA,CARRETERA,NACIONAL,PIURA,HUANCABAMBA,HUARMACA,-5.82389,-79.46549,PE-04B,25.06095365978558
2023-07-17,2023,7,0,0,4,0,DESPISTE,EN PROCESO DE INVESTIGACIÓN,AFIRMADO,CARRETERA,NACIONAL,LA LIBERTAD,PATAZ,PIAS,-7.927728065647655,-77.53649355559405,PE-10C,142.35998292521094
2023-07-18,2023,7,1,0,12,12,DESPISTE,EN PROCESO DE INVESTIGACIÓN,TROCHA,CARRETERA,NACIONAL,ANCASH,CARLOS FERMIN FITZCARRALD,SAN LUIS,-9.08847557836807,-77.3395828417028,PE-14C,164.80174751300973
2023-07-18,2023,7,1,0,1,1,CHOQUE,IMPRUDENCIA DEL CONDUCTOR,ASFALTADA,CARRETERA,NACIONAL,ANCASH,HUARI,HUARI,-9.394171646954865,-77.14233216814972,PE-14A,84.2155301667009
2023-07-18,2023,7,1,0,1,0,ATROPELLO FUGA,EN PROCESO DE INVESTIGACIÓN,ASFALTADA,CARRETERA,NACIONAL,JUNIN,CHUPACA,HUAMANCACA CHICO,-12.08168,-75.24747,PE-3SZ,
2023-07-19,2023,7,2,0,1,1,DESPISTE,IMPRUDENCIA DEL CONDUCTOR,ASFALTADA,CARRETERA,NACIONAL,ICA,NASCA,MARCONA,-15.209869344349125,-74.95349047129068,PE-1S,491.33163742014926
2023-07-19,2023,7,2,0,1,0,ATROPELLO FUGA,IMPRUDENCIA DEL CONDUCTOR,ASFALTADA,CARRETERA,NACIONAL,PUNO,HUANCANE,VILQUE CHICO,-15.187462646660697,-69.58667081619853,PE-34L,98.78502371501152
2023-07-20,2023,7,3,0,1,0,ATROPELLO,IMPRUDENCIA DEL PEATÓN,ASFALTADA,CARRETERA,NACIONAL,CUSCO,LA CONVENCION,SANTA ANA,-12.808549228990096,-72.68628538993764,PE-28B,454.8556136082255
2023-07-20,2023,7,3,0,1,0,ATROPELLO,IMPRUDENCIA DEL PEATÓN,ASFALTADA,CARRETERA,NACIONAL,CUSCO,ANTA,PUCYURA,-13.478702,-72.099329,PE-3S,952.14890402505
2023-07-21,2023,7,4,0,1,0,ATROPELLO,IMPRUDENCIA DEL PEATÓN,ASFALTADA,CARRETERA,NACIONAL,PUNO,SAN ROMAN,SAN MIGUEL,-15.4003079,-70.1533852,PE-3S,1306.1484955060382
2023-07-22,2023,7,5,0,2,0,DESPISTE,IMPRUDENCIA DEL CONDUCTOR,ASFALTADA,CARRETERA,NACIONAL,LA LIBERTAD,SANCHEZ CARRION,HUAMACHUCO,-7.854673,-78.10386143,PE-3N,1090.216392624224
2023-07-22,2023,7,5,0,2,1,CHOQUE,EN PROCESO DE INVESTIGACIÓN,ASFALTADA,CARRETERA,NACIONAL,AMAZONAS,CHACHAPOYAS,CHACHAPOYAS,-6.2382314,-77.9202878,PE-08B,310.81119618443734
2023-07-22,2023,7,5,0,1,0,ATROPELLO,IMPRUDENCIA DEL PEATÓN,ASFALTADA,CARRETERA,NACIONAL,LIMA,LIMA,PUNTA NEGRA,-12.368523,-76.787539,PE-1S,45.4273161989984
2023-07-22,2023,7,5,0,1,2,DESPISTE,EN PROCESO DE INVESTIGACIÓN,ASFALTADA,CARRETERA,NACIONAL,HUANCAVELICA,TAYACAJA,ACOSTAMBO,-12.377309439038198,-75.04829933967022,PE-3S,169.87780413920694
2023-07-23,2023,7,6,0,1,0,ATROPELLO FUGA,IMPRUDENCIA DEL CONDUCTOR,ASFALTADA,CARRETERA,NACIONAL,CUSCO,QUISPICANCHI,URCOS,-13.70468,-71.59616,PE-3S,1027.754176366325
2023-07-23,2023,7,6,0,1,0,ATROPELLO,EN PROCESO DE INVESTIGACIÓN,ASFALTADA,CARRETERA,NACIONAL,LIMA,LIMA,INDEPENDENCIA,-12.00245,-77.062072,PE-1N,14.715333391230844
2023-07-23,2023,7,6,0,2,0,CHOQUE,IMPRUDENCIA DEL CONDUCTOR,ASFALTADA,CARRETERA,NACIONAL,ICA,NASCA,MARCONA,-15.2065156,-74.9553179,PE-1S,490.91084867916567
2023-07-23,2023,7,6,0,1,0,ATROPELLO,IMPRUDENCIA DEL PEATÓN,ASFALTADA,CARRETERA,NACIONAL,CUSCO,CUSCO,SAYLLA,-13.563295,-71.841146,PE-3S,988.1372443172156
2023-07-23,2023,7,6,0,1,0,ATROPELLO,EN PROCESO DE INVESTIGACIÓN,ASFALTADA,CARRETERA,NACIONAL,AREQUIPA,AREQUIPA,LA JOYA,-16.678188,-71.871045,PE-1S,986.4673779080492
2023-07-24,2023,7,0,0,1,0,CHOQUE,EN PROCESO DE INVESTIGACIÓN,ASFALTADA,CARRETERA,NACIONAL,ICA,ICA,ICA,-14.0767502,-75.7385829,PE-1S,297.98965588810296
2023-07-24,2023,7,0,0,1,1,CHOQUE,IMPRUDENCIA DEL CONDUCTOR,ASFALTADA,CARRETERA,NACIONAL,LA LIBERTAD,CHEPEN,PACANGA,-7.11847936148862,-79.48854409391606,PE-1N,720.9650930119852
2023-07-25,2023,7,1,0,1,0,DESPISTE,EN PROCESO DE INVESTIGACIÓN,ASFALTADA,CARRETERA,NACIONAL,LIMA,LIMA,EL AGUSTINO,-12.03025778,-76.9939365,PE-1N,3.945951630055614
2023-07-26,2023,7,2,0,1,0,CHOQUE FUGA,EN PROCESO DE INVESTIGACIÓN,ASFALTADA,CARRETERA,NACIONAL,CUSCO,ESPINAR,PICHIGUA,-14.69015601,-71.2827434,PE-34F,17.97066917874033
2023-07-26,2023,7,2,0,1,0,ATROPELLO,EN PROCESO DE INVESTIGACIÓN,ASFALTADA,CARRETERA,NACIONAL,LA LIBERTAD,CHEPEN,CHEPEN,-7.30472731,-79.3348948,PE-08,17.209678049026316
2023-07-26,2023,7,2,0,1,0,ATROPELLO,EN PROCESO DE INVESTIGACIÓN,ASFALTADA,CARRETERA,NACIONAL,CUSCO,ESPINAR,OCORURO,-15.004788,-71.163553,PE-34J,99.87497427213174
2023-07-26,2023,7,2,0,1,0,CHOQUE,IMPRUDENCIA DEL CONDUCTOR,TROCHA,CARRETERA,NACIONAL,PUNO,PUNO,ACORA,-16.047864,-69.708915,PE-3S,1409.0326819496263
2023-07-26,2023,7,2,0,1,0,VOLCADURA,IMPRUDENCIA DEL CONDUCTOR,ASFALTADA,CARRETERA,NACIONAL,SAN MARTIN,MOYOBAMBA,CALZADA,-6.041742,-77.141574,PE-5N,1077.4879053239056
2023-07-26,2023,7,2,0,2,1,DESPISTE,INFRAESTRUCTURA Y ENTORNO VIAL,ASFALTADA,CARRETERA,NACIONAL,AYACUCHO,HUANTA,UCHURACCAY,-12.763619478703257,-74.00480741814614,PE-28B,111.37655534075678
2023-07-27,2023,7,3,0,1,0,DESPISTE,EN PROCESO DE INVESTIGACIÓN,ASFALTADA,CARRETERA,NACIONAL,LIMA,LIMA,SAN JUAN DE MIRAFLORES,-12.19210476,-76.97262969,PE-1S,15.495730633199267
2023-07-27,2023,7,3,0,1,1,DESPISTE,EN PROCESO DE INVESTIGACIÓN,ASFALTADA,CARRETERA,NACIONAL,AREQUIPA,CAYLLOMA,SAN ANTONIO DE CHUCA,-15.761795,-70.989748,PE-34A,179.61056693408324
2023-07-28,2023,7,4,0,1,5,DESPISTE,EN PROCESO DE INVESTIGACIÓN,ASFALTADA,CARRETERA,NACIONAL,LIMA,HUAURA,HUACHO,-11.3995,-77.39173,PE-1N,107.01035346829758
2023-07-28,2023,7,4,0,1,0,CHOQUE,IMPRUDENCIA DEL CONDUCTOR,ASFALTADA,CARRETERA,NACIONAL,LA LIBERTAD,SANCHEZ CARRION,HUAMACHUCO,-7.811103864819987,-78.05283795922684,PE-3N,1100.7322333274196
2023-07-28,2023,7,4,0,1,3,CHOQUE CON OBJETO FIJO,EN PROCESO DE INVESTIGACIÓN,ASFALTADA,CARRETERA,NACIONAL,HUANCAVELICA,TAYACAJA,ACOSTAMBO,-12.378300729362945,-75.0485996535858,PE-3S,169.9898172419561
2023-07-28,2023,7,4,0,1,1,DESPISTE,IMPRUDENCIA DEL CONDUCTOR,ASFALTADA,CARRETERA,NACIONAL,CAJAMARCA,CONTUMAZA,YONAN,-7.25253949865547,-79.1246402773862,PE-08,50.272984496675775
2023-07-29,2023,7,5,0,2,1,DESPISTE,EN PROCESO DE INVESTIGACIÓN,ASFALTADA,CARRETERA,NACIONAL,ANCASH,HUARAZ,OLLEROS,-9.6462648,-77.4872321,PE-3N,564.2976358715149
2023-07-29,2023,7,5,0,1,0,ATROPELLO,IMPRUDENCIA DEL PEATÓN,ASFALTADA,CARRETERA,NACIONAL,PUNO,PUNO,ACORA,-16.012649,-69.751072,PE-3S,1403.260721540932
2023-07-29,2023,7,5,0,1,0,VOLCADURA,NEGLIGENCIA DEL CONDUCTOR,ASFALTADA,CARRETERA,NACIONAL,AYACUCHO,LA MAR,TAMBO,-12.94969510295809,-74.01757465344146,PE-28B,62.52294507316054
2023-07-29,2023,7,5,0,1,2,DESPISTE,IMPRUDENCIA DEL CONDUCTOR,ASFALTADA,CARRETERA,NACIONAL,LA LIBERTAD,OTUZCO,SALPO,-7.991491530019913,-78.66085942613947,PE-10A,55.60204277075532
2023-07-29,2023,7,5,0,2,0,CHOQUE,EN PROCESO DE INVESTIGACIÓN,ASFALTADA,CARRETERA,NACIONAL,LIMA,LIMA,SANTIAGO DE SURCO,-12.091023,-76.980921,PE-1S,3.997265990063229
2023-07-30,2023,7,6,0,13,17,DESPISTE,IMPRUDENCIA DEL CONDUCTOR,ASFALTADA,CARRETERA,NACIONAL,PIURA,HUANCABAMBA,HUARMACA,-5.88354,-79.5367939,PE-04B,41.942869555907
2023-07-30,2023,7,6,0,1,0,ATROPELLO,EN PROCESO DE INVESTIGACIÓN,ASFALTADA,CARRETERA,NACIONAL,PIURA,SECHURA,SECHURA,-5.67723630900685,-80.8491431991328,PE-1NK,61.609221003413765
2023-07-30,2023,7,6,0,2,0,VOLCADURA,EN PROCESO DE INVESTIGACIÓN,ASFALTADA,CARRETERA,NACIONAL,CAJAMARCA,HUALGAYOC,HUALGAYOC,-6.726774,-78.577094,PE-3N,1378.4907473079236
2023-07-30,2023,7,6,0,1,0,CHOQUE,IMPRUDENCIA DEL CONDUCTOR,ASFALTADA,CARRETERA,NACIONAL,PUNO,AZANGARO,ASILLO,-14.7224841,-70.3612001,PE-34B,81.84947223837804
2023-07-30,2023,7,6,0,1,0,CHOQUE,EN PROCESO DE INVESTIGACIÓN,,CARRETERA,NACIONAL,APURIMAC,ANDAHUAYLAS,SANTA MARIA DE CHICMO,-13.652913,-73.527599,PE-3S,603.493147394925
2023-07-30,2023,7,6,0,1,0,DESPISTE,EN PROCESO DE INVESTIGACIÓN,ASFALTADA,CARRETERA,NACIONAL,HUANCAVELICA,TAYACAJA,PAMPAS,-12.480327,-74.823946,PE-3S,219.81739842144657
2023-07-31,2023,7,0,0,1,0,ATROPELLO FUGA,EN PROCESO DE INVESTIGACIÓN,ASFALTADA,CARRETERA,NACIONAL,JUNIN,JAUJA,SAUSA,-11.789064,-75.477722,PE-3S,79.71990307383764
2023-07-31,2023,7,0,0,1,0,ATROPELLO,IMPRUDENCIA DEL PEATÓN,CASCAJO/RIPIO,CARRETERA,NACIONAL,SAN MARTIN,RIOJA,PARDO MIGUEL,-5.688564,-77.632204,PE-5N,1150.2704239794405
2023-07-31,2023,7,0,0,1,1,CAÍDA DE PASAJERO,IMPRUDENCIA DEL CONDUCTOR,ASFALTADA,CARRETERA,NACIONAL,CAJAMARCA,HUALGAYOC,HUALGAYOC,-6.739208,-78.576824,PE-3N,1376.640369047287
2023-07-31,2023,7,0,0,1,6,DESPISTE,IMPRUDENCIA DEL CONDUCTOR,ASFALTADA,CARRETERA,NACIONAL,CUSCO,LA CONVENCION,HUAYOPATA,-13.132637,-72.313473,PE-28B,557.3659495223293
2023-07-31,2023,7,0,0,1,4,DESPISTE,NEGLIGENCIA DEL CONDUCTOR,ASFALTADA,CARRETERA,NACIONAL,AYACUCHO,HUANTA,UCHURACCAY,-12.763635174289847,-74.00484499669408,PE-28B,111.38043941301588
2023-07-31,2023,7,0,0,2,6,DESPISTE,IMPRUDENCIA DEL CONDUCTOR,ASFALTADA,CARRETERA,NACIONAL,JUNIN,JAUJA,PARCO,-11.78372,-75.57095,PE-3S,63.11320740105853
2023-08-02,2023,8,2,0,1,0,CHOQUE FUGA,IMPRUDENCIA DEL CONDUCTOR,ASFALTADA,CARRETERA,NACIONAL,JUNIN,YAULI,MOROCOCHA,-11.5969736,-76.1842489,PE-22,134.24520293066348
2023-08-02,2023,8,2,0,2,3,CHOQUE,IMPRUDENCIA DEL CONDUCTOR,ASFALTADA,CARRETERA,NACIONAL,ICA,NASCA,VISTA ALEGRE,-14.860932,-74.751047,PE-30A,31.299553283260074
2023-08-03,2023,8,3,0,1,1,CHOQUE,IMPRUDENCIA DEL CONDUCTOR,ASFALTADA,CARRETERA,NACIONAL,CAJAMARCA,CHOTA,CHOTA,-6.55318,-78.670308,PE-3N,1427.8177238488415
2023-08-04,2023,8,4,0,1,1,CHOQUE,EN PROCESO DE INVESTIGACIÓN,ASFALTADA,CARRETERA,NACIONAL,ICA,NASCA,EL INGENIO,-14.783702,-75.026913,PE-1S,433.2280486562664
2023-08-04,2023,8,4,0,1,0,ATROPELLO FUGA,EN PROCESO DE INVESTIGACIÓN,ASFALTADA,CARRETERA,NACIONAL,SAN MARTIN,MOYOBAMBA,JEPELACIO,-6.147372,-76.841338,PE-5N,1035.5414896956602
2023-08-04,2023,8,4,0,1,0,CHOQUE,IMPRUDENCIA DEL CONDUCTOR,ASFALTADA,CARRETERA,NACIONAL,PUNO,HUANCANE,TARACO,-15.288784383648624,-69.94655328716178,PE-34H,33.00259171566114
2023-08-05,2023,8,5,0,1,4,DESPISTE,EN PROCESO DE INVESTIGACIÓN,ASFALTADA,CARRETERA,NACIONAL,LA LIBERTAD,TRUJILLO,LAREDO,-8.0545231,-78.8527548,PE-10A,22.3992855546468
2023-08-05,2023,8,5,0,3,0,DESPISTE,IMPRUDENCIA DEL CONDUCTOR,ASFALTADA,CARRETERA,NACIONAL,CUSCO,ESPINAR,ESPINAR,-14.802238,-71.350976,PE-3SG,249.53143881167367
2023-08-05,2023,8,5,0,1,0,ATROPELLO,IMPRUDENCIA DEL PEATÓN,ASFALTADA,CARRETERA,NACIONAL,CAJAMARCA,CHOTA,HUAMBOS,-6.47668719728106,-78.9251077084769,PE-06A,171.90600480389335
2023-08-05,2023,8,5,0,1,0,ATROPELLO FUGA,EN PROCESO DE INVESTIGACIÓN,ASFALTADA,CARRETERA,NACIONAL,LA LIBERTAD,VIRU,CHAO,-8.5071648,-78.6881899,PE-1N,501.57110375743497
2023-08-05,2023,8,5,0,1,3,CHOQUE,EN PROCESO DE INVESTIGACIÓN,ASFALTADA,CARRETERA,NACIONAL,AREQUIPA,ISLAY,MOLLENDO,-16.997859,-72.03163,PE-1SD,103.64802046294102
2023-08-05,2023,8,5,0,1,8,CHOQUE,IMPRUDENCIA DEL CONDUCTOR,ASFALTADA,CARRETERA,NACIONAL,ICA,CHINCHA,CHINCHA ALTA,-13.4315352,-76.1342918,PE-1S,193.357964091727
2023-08-06,2023,8,6,0,1,0,DESPISTE,IMPRUDENCIA DEL CONDUCTOR,ASFALTADA,CARRETERA,NACIONAL,CAJAMARCA,CAJAMARCA,LOS BAÑOS DEL INCA,-7.16496347360401,-78.4737130131712,PE-08B,3.166072407141998
2023-08-06,2023,8,6,0,1,0,ATROPELLO,IMPRUDENCIA DEL PEATÓN,ASFALTADA,CARRETERA,NACIONAL,PUNO,HUANCANE,HUANCANE,-15.088072,-69.817338,PE-34H,65.73958999908174
2023-08-06,2023,8,6,0,1,0,ATROPELLO,IMPRUDENCIA DEL PEATÓN,ASFALTADA,CARRETERA,NACIONAL,PUNO,SAN ROMAN,CARACOTO,-15.6312643,-70.0863127,PE-3S,1335.4817816358157
2023-08-06,2023,8,6,0,1,0,ATROPELLO,IMPRUDENCIA DEL PEATÓN,ASFALTADA,CARRETERA,NACIONAL,PUNO,SAN ROMAN,CARACOTO,-15.547884511412803,-70.10948559423828,PE-3S,1325.8884250992314
2023-08-06,2023,8,6,0,1,0,ATROPELLO,IMPRUDENCIA DEL PEATÓN,ASFALTADA,CARRETERA,NACIONAL,JUNIN,JAUJA,MUQUI,-11.836148815511407,-75.43634530423623,PE-3SB,6.705697176536949
2023-08-06,2023,8,6,0,1,0,ATROPELLO,IMPRUDENCIA DEL PEATÓN,ASFALTADA,CARRETERA,NACIONAL,PUNO,PUNO,CHUCUITO,-15.891885,-69.887601,PE-3S,1381.807198752295
2023-08-07,2023,8,0,0,1,0,ATROPELLO FUGA,EN PROCESO DE INVESTIGACIÓN,ASFALTADA,CARRETERA,NACIONAL,LIMA,LIMA,LOS OLIVOS,-11.938314,-77.071641,PE-1N,21.943936352803263
2023-08-07,2023,8,0,0,1,1,DESPISTE,IMPRUDENCIA DEL CONDUCTOR,ASFALTADA,CARRETERA,NACIONAL,CAJAMARCA,CAJAMARCA,LOS BAÑOS DEL INCA,-7.16496205023914,-78.4772802028845,PE-08B,2.773343820083644
2023-08-07,2023,8,0,0,1,0,VOLCADURA,EN PROCESO DE INVESTIGACIÓN,CONCRETO,CARRETERA,NACIONAL,AREQUIPA,AREQUIPA,SACHACA,-16.405845,-71.588156,PE-34A,35.529260292004594
2023-08-07,2023,8,0,0,1,0,ATROPELLO,IMPRUDENCIA DEL PEATÓN,ASFALTADA,CARRETERA,NACIONAL,JUNIN,HUANCAYO,PILCOMAYO,-12.038147,-75.258643,PE-3SB,37.1864430894576
2023-08-07,2023,8,0,0,1,0,ATROPELLO,EN PROCESO DE INVESTIGACIÓN,ASFALTADA,CARRETERA,NACIONAL,LIMA,LIMA,LURIN,-12.254212,-76.924951,PE-1S,25.48832635853282
2023-08-07,2023,8,0,0,1,0,CHOQUE,IMPERICIA DEL CONDUCTOR,ASFALTADA,CARRETERA,NACIONAL,ICA,PISCO,TUPAC AMARU INCA,-13.699091393151258,-76.15195586319028,PE-1S,224.20026331912163
2023-08-07,2023,8,0,0,1,0,ATROPELLO,IMPRUDENCIA DEL PEATÓN,ASFALTADA,CARRETERA,NACIONAL,PUNO,SAN ROMAN,SAN MIGUEL,-15.477188065467091,-70.13652292797858,PE-3S,1313.9024287435866
2023-08-07,2023,8,0,0,2,2,DESPISTE,IMPRUDENCIA DEL CONDUCTOR,ASFALTADA,CARRETERA,NACIONAL,CUSCO,LA CONVENCION,HUAYOPATA,-13.136589,-72.303553,PE-28B,560.0872323122773
2023-08-08,2023,8,1,0,1,1,CHOQUE,IMPRUDENCIA DEL CONDUCTOR,ASFALTADA,CARRETERA,NACIONAL,CAJAMARCA,CHOTA,CHOTA,-6.568902,-78.652678,PE-3N,1425.3344705165011
2023-08-08,2023,8,1,0,3,1,CHOQUE,EN PROCESO DE INVESTIGACIÓN,ASFALTADA,CARRETERA,NACIONAL,AREQUIPA,AREQUIPA,YURA,-16.089422,-71.599746,PE-34A,87.44276806526388
2023-08-08,2023,8,1,0,1,0,CHOQUE,IMPRUDENCIA DEL CONDUCTOR,ASFALTADA,CARRETERA,NACIONAL,PUNO,CHUCUITO,DESAGUADERO,-16.576805909009042,-69.05234449308838,PE-36A,305.2635805598386
2023-08-09,2023,8,2,0,1,1,DESPISTE,INFRAESTRUCTURA Y ENTORNO VIAL,ASFALTADA,CARRETERA,NACIONAL,PUNO,CHUCUITO,JULI,-16.366658,-69.648655,PE-38A,46.244170951981545
2023-08-09,2023,8,2,0,1,0,ATROPELLO,IMPRUDENCIA DEL PEATÓN,ASFALTADA,CARRETERA,NACIONAL,ICA,ICA,ICA,-14.065311578681898,-75.74055852250488,PE-1S,296.685669001734
2023-08-09,2023,8,2,0,1,0,DESPISTE,IMPRUDENCIA DEL CONDUCTOR,ASFALTADA,CARRETERA,NACIONAL,LA LIBERTAD,OTUZCO,SALPO,-7.992525,-78.672074,PE-10A,54.231741278483504
2023-08-10,2023,8,3,0,1,1,DESPISTE,NEGLIGENCIA DEL CONDUCTOR,ASFALTADA,CARRETERA,NACIONAL,CAJAMARCA,CAJAMARCA,CAJAMARCA,-6.948974,-78.587531,PE-3N,1322.3637029837955
2023-08-10,2023,8,3,0,1,0,ATROPELLO,EN PROCESO DE INVESTIGACIÓN,ASFALTADA,CARRETERA,NACIONAL,LA LIBERTAD,TRUJILLO,SALAVERRY,-8.185764355887535,-78.98288525198979,PE-1N,552.1169746269281
2023-08-10,2023,8,3,0,1,0,ATROPELLO,IMPRUDENCIA DEL PEATÓN,ASFALTADA,CARRETERA,NACIONAL,TUMBES,ZARUMILLA,AGUAS VERDES,-3.485689527449056,-80.26095216958024,PE-1N,1304.5417884026529
2023-08-10,2023,8,3,0,1,0,DESPISTE,IMPERICIA DEL CONDUCTOR,CONCRETO,CARRETERA,NACIONAL,ANCASH,RECUAY,CATAC,-9.8028391,-77.434473,PE-3N,545.0157590205563
2023-08-11,2023,8,4,0,2,2,DESPISTE,EN PROCESO DE INVESTIGACIÓN,ASFALTADA,CARRETERA,NACIONAL,HUANCAVELICA,ANGARAES,SECCLLA,-13.056297002408078,-74.4744832112558,PE-26B,135.74471524276967
2023-08-11,2023,8,4,0,1,1,ATROPELLO,IMPRUDENCIA DEL CONDUCTOR,ASFALTADA,CARRETERA,NACIONAL,CUSCO,QUISPICANCHI,HUARO,-13.681952,-71.656624,PE-3S,1014.2406196207224
2023-08-12,2023,8,5,0,1,0,VOLCADURA,IMPRUDENCIA DEL CONDUCTOR,ASFALTADA,CARRETERA,NACIONAL,SAN MARTIN,MOYOBAMBA,MOYOBAMBA,-6.048827,-77.041165,PE-5N,1065.601365363718
2023-08-12,2023,8,5,0,1,0,DESPISTE,IMPRUDENCIA DEL CONDUCTOR,ASFALTADA,CARRETERA,NACIONAL,LIMA,HUAURA,HUACHO,-11.1954,-77.56842,PE-1N,138.75797284759545
2023-08-12,2023,8,5,0,1,0,CHOQUE,EN PROCESO DE INVESTIGACIÓN,ASFALTADA,CARRETERA,NACIONAL,ICA,NASCA,NASCA,-14.8394228,-74.9423241,PE-1S,444.8375541604196
2023-08-13,2023,8,6,0,1,0,CHOQUE,IMPRUDENCIA DEL CONDUCTOR,ASFALTADA,CARRETERA,NACIONAL,LA LIBERTAD,TRUJILLO,HUANCHACO,-8.0329711,-79.0804674,PE-1N,580.2646747837247
2023-08-13,2023,8,6,0,1,0,ATROPELLO FUGA,EN PROCESO DE INVESTIGACIÓN,ASFALTADA,CARRETERA,NACIONAL,LA LIBERTAD,PACASMAYO,GUADALUPE,-7.310491,-79.480824,PE-1N,692.1395394867691
2023-08-13,2023,8,6,0,1,0,CHOQUE,EN PROCESO DE INVESTIGACIÓN,ASFALTADA,CARRETERA,NACIONAL,LIMA,LIMA,ATE,-12.011613,-76.876304,PE-22,13.588864179239067
2023-08-13,2023,8,6,0,1,0,ATROPELLO FUGA,EN PROCESO DE INVESTIGACIÓN,CONCRETO,CARRETERA,NACIONAL,HUANCAVELICA,HUANCAVELICA,HUANCAVELICA,-12.785869610041884,-74.9853052101463,PE-26,221.14626307580676
2023-08-13,2023,8,6,0,1,0,ATROPELLO,IMPRUDENCIA DEL PEATÓN,ASFALTADA,CARRETERA,NACIONAL,SAN MARTIN,MOYOBAMBA,MOYOBAMBA,-6.0456143,-76.9572332,PE-5N,1055.5001637856344
2023-08-14,2023,8,0,0,1,0,ATROPELLO FUGA,IMPRUDENCIA DEL CONDUCTOR,ASFALTADA,CARRETERA,NACIONAL,PUNO,LAMPA,CALAPUJA,-15.2800847871392,-70.25835701403417,PE-3S,1288.1523187390042
2023-08-16,2023,8,2,0,1,0,CHOQUE,EN PROCESO DE INVESTIGACIÓN,ASFALTADA,CARRETERA,NACIONAL,LIMA,LIMA,EL AGUSTINO,-12.03279648,-77.00686784,PE-1N,5.473635232773009
2023-08-18,2023,8,4,0,1,0,CHOQUE,IMPRUDENCIA DEL CONDUCTOR,ASFALTADA,CARRETERA,NACIONAL,AYACUCHO,HUAMANGA,SOCOS,-13.2414766332626,-74.2421803968009,PE-3S,407.174677941627
2023-08-18,2023,8,4,0,2,1,CHOQUE,IMPRUDENCIA DEL CONDUCTOR,ASFALTADA,CARRETERA,NACIONAL,LIMA,HUAURA,HUACHO,-11.13922,-77.59708,PE-1N,145.84416882900035
2023-08-18,2023,8,4,0,1,0,ATROPELLO FUGA,EN PROCESO DE INVESTIGACIÓN,ASFALTADA,CARRETERA,NACIONAL,LA LIBERTAD,CHEPEN,CHEPEN,-7.2212559,-79.4367383,PE-1N,706.3922629229825
2023-08-18,2023,8,4,0,1,2,CHOQUE FUGA,EN PROCESO DE INVESTIGACIÓN,ASFALTADA,CARRETERA,NACIONAL,AMAZONAS,UTCUBAMBA,BAGUA GRANDE,-5.738525,-78.46117,PE-5N,1326.439117680052
2023-08-18,2023,8,4,0,1,0,ATROPELLO,EN PROCESO DE INVESTIGACIÓN,ASFALTADA,CARRETERA,NACIONAL,ICA,PALPA,PALPA,-14.531977,-75.190298,PE-1S,394.8326402179919
2023-08-19,2023,8,5,0,1,0,DESPISTE,IMPRUDENCIA DEL CONDUCTOR,AFIRMADO,CARRETERA,NACIONAL,SAN MARTIN,MOYOBAMBA,SORITOR,-6.186515,-77.115986,PE-08B,536.3398774200858
2023-08-19,2023,8,5,0,13,5,DESPISTE,EN PROCESO DE INVESTIGACIÓN,ASFALTADA,CARRETERA,NACIONAL,HUANCAVELICA,HUAYTARA,HUAYTARA,-13.607447,-75.322182,PE-28A,122.68327641697483
2023-08-19,2023,8,5,0,2,6,CHOQUE,IMPRUDENCIA DEL CONDUCTOR,ASFALTADA,CARRETERA,NACIONAL,ICA,CHINCHA,GROCIO PRADO,-13.386086,-76.202713,PE-1S,182.60197817150544
2023-08-19,2023,8,5,0,1,6,CHOQUE,EN PROCESO DE INVESTIGACIÓN,ASFALTADA,CARRETERA,NACIONAL,LA LIBERTAD,SANTIAGO DE CHUCO,QUIRUVILCA,-7.980411,-78.23678,PE-3N,1060.6635845123722
2023-08-20,2023,8,6,0,1,0,ATROPELLO FUGA,EN PROCESO DE INVESTIGACIÓN,ASFALTADA,CARRETERA,NACIONAL,AMAZONAS,UTCUBAMBA,BAGUA GRANDE,-5.816503,-78.312683,PE-5N,1306.914392354089
2023-08-20,2023,8,6,0,1,0,ATROPELLO,NEGLIGENCIA DEL CONDUCTOR,ASFALTADA,CARRETERA,NACIONAL,CUSCO,ANTA,ANTA,-13.466273,-72.139682,PE-3S,947.2049633254894
2023-08-20,2023,8,6,0,1,0,ATROPELLO,EN PROCESO DE INVESTIGACIÓN,ASFALTADA,CARRETERA,NACIONAL,LA LIBERTAD,VIRU,VIRU,-8.381431,-78.857272,PE-1N,525.9105963513242
2023-08-21,2023,8,0,0,3,3,CHOQUE,IMPRUDENCIA DEL CONDUCTOR,ASFALTADA,CARRETERA,NACIONAL,SAN MARTIN,MOYOBAMBA,HABANA,-6.093996,-77.087282,PE-08B,547.8390853607182
2023-08-21,2023,8,0,0,1,0,ATROPELLO,EN PROCESO DE INVESTIGACIÓN,ASFALTADA,CARRETERA,NACIONAL,LA LIBERTAD,TRUJILLO,TRUJILLO,-8.138208,-79.015506,PE-1N,559.0009743336408
2023-08-22,2023,8,1,0,1,0,ATROPELLO,IMPRUDENCIA DEL CONDUCTOR,ASFALTADA,CARRETERA,NACIONAL,CAJAMARCA,CHOTA,LLAMA,-6.530502,-79.07664,PE-06A,136.33369009114656
2023-08-23,2023,8,2,0,1,1,CHOQUE,IMPRUDENCIA DEL CONDUCTOR,ASFALTADA,CARRETERA,NACIONAL,ICA,NASCA,VISTA ALEGRE,-14.848469,-74.950771,PE-1S,446.2719147087967
2023-08-24,2023,8,3,0,1,0,CHOQUE FUGA,EN PROCESO DE INVESTIGACIÓN,ASFALTADA,CARRETERA,NACIONAL,TACNA,TACNA,TACNA,-18.085671,-70.303507,PE-1S,1301.3825128355277
2023-08-24,2023,8,3,0,1,1,CHOQUE,IMPRUDENCIA DEL CONDUCTOR,ASFALTADA,CARRETERA,NACIONAL,PIURA,PIURA,CATACAOS,-5.238906,-80.638431,PE-1N,988.2149383681212
2023-08-25,2023,8,4,0,1,0,DESPISTE,EN PROCESO DE INVESTIGACIÓN,TROCHA,CARRETERA,NACIONAL,AMAZONAS,UTCUBAMBA,JAMALCA,-5.836981,-78.241441,PE-5N,1297.744070199166
2023-08-25,2023,8,4,0,1,0,ATROPELLO FUGA,IMPRUDENCIA DEL CONDUCTOR,ASFALTADA,CARRETERA,NACIONAL,PUNO,EL COLLAO,ILAVE,-16.091553,-69.6397,PE-3S,1417.447268127057
2023-08-25,2023,8,4,0,2,1,DESPISTE,IMPRUDENCIA DEL CONDUCTOR,ASFALTADA,CARRETERA,NACIONAL,JUNIN,JAUJA,PARCO,-11.802171622235347,-75.52678936622151,PE-3S,69.30392771054038
2023-08-25,2023,8,4,0,1,2,CHOQUE,IMPRUDENCIA DEL CONDUCTOR,ASFALTADA,CARRETERA,NACIONAL,CAJAMARCA,SAN IGNACIO,NAMBALLE,-4.984032,-79.10115,PE-5N,1543.0345044366277
2023-08-25,2023,8,4,0,1,1,CHOQUE,IMPRUDENCIA DEL CONDUCTOR,ASFALTADA,CARRETERA,NACIONAL,JUNIN,HUANCAYO,SAN AGUSTIN,-12.019282726209436,-75.24172418724427,PE-3S,117.67591334273126
2023-08-25,2023,8,4,0,2,1,CHOQUE,IMPRUDENCIA DEL CONDUCTOR,ASFALTADA,CARRETERA,NACIONAL,LA LIBERTAD,TRUJILLO,SALAVERRY,-8.233038,-78.943466,PE-1N,545.1126185827661
2023-08-27,2023,8,6,0,1,0,ATROPELLO FUGA,EN PROCESO DE INVESTIGACIÓN,ASFALTADA,CARRETERA,NACIONAL,JUNIN,JAUJA,LEONOR ORDOÑEZ,-11.85659295524933,-75.41706556471469,PE-3SB,9.780469000808854
2023-08-27,2023,8,6,0,1,4,DESPISTE,EN PROCESO DE INVESTIGACIÓN,ASFALTADA,CARRETERA,NACIONAL,LIMA,LIMA,ATE,-12.010752,-76.873678,PE-22,13.914734212477692
2023-08-27,2023,8,6,0,1,8,CHOQUE,IMPRUDENCIA DEL CONDUCTOR,ASFALTADA,CARRETERA,NACIONAL,AYACUCHO,HUAMANGA,ACOCRO,-13.3992320501638,-73.9600298718296,PE-3S,468.5059743338854
2023-08-27,2023,8,6,0,1,0,CHOQUE,EN PROCESO DE INVESTIGACIÓN,ASFALTADA,CARRETERA,NACIONAL,AREQUIPA,CAMANA,QUILCA,-16.700737,-72.455305,PE-3S,1362.307224257595
2023-08-28,2023,8,0,0,1,0,ATROPELLO,IMPRUDENCIA DEL CONDUCTOR,ASFALTADA,CARRETERA,NACIONAL,PUNO,SAN ROMAN,SAN MIGUEL,-15.478719,-70.118576,PE-34H,0.926062270713198
2023-08-28,2023,8,0,0,1,1,CHOQUE,IMPRUDENCIA DEL CONDUCTOR,CONCRETO,CARRETERA,NACIONAL,CAJAMARCA,JAEN,JAEN,-5.706962,-78.803394,PE-5N,1388.553192541118
2023-08-28,2023,8,0,0,1,0,ATROPELLO,IMPRUDENCIA DEL PEATÓN,ASFALTADA,CARRETERA,NACIONAL,UCAYALI,CORONEL PORTILLO,CALLERIA,-8.396453,-74.597366,PE-18C,77.90725133802209
2023-08-28,2023,8,0,0,1,0,DESPISTE,IMPRUDENCIA DEL CONDUCTOR,ASFALTADA,CARRETERA,NACIONAL,AYACUCHO,CANGALLO,PARAS,-13.35824135835442,-74.85072217671166,PE-28A,228.42705628573896
2023-08-28,2023,8,0,0,1,1,CHOQUE,IMPRUDENCIA DEL CONDUCTOR,ASFALTADA,CARRETERA,NACIONAL,TACNA,TACNA,POCOLLAY,-17.99221,-70.21711,PE-40,8.144580715355545
2023-08-28,2023,8,0,0,1,1,CHOQUE,IMPERICIA DEL CONDUCTOR,ASFALTADA,CARRETERA,NACIONAL,SAN MARTIN,RIOJA,AWAJUN,-5.797532,-77.408875,PE-5N,1121.3714086835046
2023-08-29,2023,8,1,0,2,6,CHOQUE,IMPRUDENCIA DEL CONDUCTOR,ASFALTADA,CARRETERA,NACIONAL,LA LIBERTAD,PACASMAYO,SAN PEDRO DE LLOC,-7.511729,-79.403963,PE-1N,652.7148007657195
2023-08-29,2023,8,1,0,1,0,ATROPELLO FUGA,EN PROCESO DE INVESTIGACIÓN,ASFALTADA,CARRETERA,NACIONAL,TACNA,TACNA,TACNA,-18.108951,-70.320398,PE-1S,1304.530804168924
2023-08-29,2023,8,1,0,1,0,ATROPELLO,EN PROCESO DE INVESTIGACIÓN,ASFALTADA,CARRETERA,NACIONAL,HUANCAVELICA,TAYACAJA,ACOSTAMBO,-12.375907162588804,-75.0473868606343,PE-3S,169.69220144020886
2023-08-29,2023,8,1,0,1,0,ATROPELLO FUGA,EN PROCESO DE INVESTIGACIÓN,ASFALTADA,CARRETERA,NACIONAL,LIMA,LIMA,VILLA EL SALVADOR,-12.19290933,-76.97250582,PE-1S,15.58459542744548
2023-08-30,2023,8,2,0,1,0,CHOQUE,EN PROCESO DE INVESTIGACIÓN,ASFALTADA,CARRETERA,NACIONAL,LA LIBERTAD,TRUJILLO,MOCHE,-8.163953,-79.009976,PE-1N,555.976592243241
2023-08-31,2023,8,3,0,2,1,ATROPELLO,EN PROCESO DE INVESTIGACIÓN,ASFALTADA,CARRETERA,NACIONAL,LIMA,LIMA,PUENTE PIEDRA,-11.866991,-77.072848,PE-1N,30.150864012457628
2023-08-31,2023,8,3,0,1,0,VOLCADURA,IMPRUDENCIA DEL CONDUCTOR,ASFALTADA,CARRETERA,NACIONAL,PUNO,AZANGARO,ASILLO,-14.7190732,-70.36096,PE-34B,82.22681732014479
2023-08-31,2023,8,3,0,1,0,ATROPELLO,IMPRUDENCIA DEL PEATÓN,ASFALTADA,CARRETERA,NACIONAL,SAN MARTIN,RIOJA,ELIAS SOPLIN VARGAS,-5.992158,-77.278982,PE-5N,1094.942804009053
2023-08-31,2023,8,3,0,1,1,DESPISTE,EN PROCESO DE INVESTIGACIÓN,ASFALTADA,CARRETERA,NACIONAL,LIMA,LIMA,CHACLACAYO,-11.981428,-76.794622,PE-22,22.27255134132961
2023-09-01,2023,9,4,0,1,0,ATROPELLO FUGA,EN PROCESO DE INVESTIGACIÓN,ASFALTADA,CARRETERA,NACIONAL,PUNO,HUANCANE,PUSI,-15.357848270133491,-70.05109186182491,PE-34H,16.950422133931976
2023-09-02,2023,9,5,0,2,0,CHOQUE,IMPRUDENCIA DEL CONDUCTOR,ASFALTADA,CARRETERA,NACIONAL,CUSCO,CUSCO,SAN SEBASTIAN,-13.487310542325693,-71.9180115647935,PE-28G,17.58993362825005
2023-09-02,2023,9,5,0,1,0,DESPISTE,IMPRUDENCIA DEL CONDUCTOR,ASFALTADA,CARRETERA,NACIONAL,PUNO,EL COLLAO,CAPAZO,-17.20364587525543,-69.76388548947651,PE-38,169.94143459212722
2023-09-02,2023,9,5,0,1,0,CHOQUE,IMPRUDENCIA DEL CONDUCTOR,ASFALTADA,CARRETERA,NACIONAL,PUNO,EL COLLAO,ILAVE,-16.096086,-69.620287,PE-3S,1419.5383719265874
2023-09-02,2023,9,5,0,1,0,ATROPELLO,IMPRUDENCIA DEL PEATÓN,ASFALTADA,CARRETERA,NACIONAL,CUSCO,ANTA,ANCAHUASI,-13.468504,-72.283308,PE-3S,929.1093577454714
2023-09-03,2023,9,6,0,1,1,CHOQUE FUGA,EN PROCESO DE INVESTIGACIÓN,ASFALTADA,CARRETERA,NACIONAL,ANCASH,YUNGAY,MANCOS,-9.2086436,-77.6912474,PE-3N,624.9511602270237
2023-09-03,2023,9,6,0,1,0,CHOQUE,EN PROCESO DE INVESTIGACIÓN,ASFALTADA,CARRETERA,NACIONAL,LA LIBERTAD,TRUJILLO,VICTOR LARCO HERRERA,-8.1466663,-79.0302184,PE-1N,562.3577156620344
2023-09-04,2023,9,0,0,1,0,CHOQUE,EN PROCESO DE INVESTIGACIÓN,ASFALTADA,CARRETERA,NACIONAL,ICA,NASCA,EL INGENIO,-14.702352133349349,-75.105315495226,PE-1S,420.8901785339762
2023-09-04,2023,9,0,0,1,0,ATROPELLO,EN PROCESO DE INVESTIGACIÓN,ASFALTADA,CARRETERA,NACIONAL,PIURA,PIURA,VEINTISEIS DE OCTUBRE,-5.153668,-80.695158,PE-1N,1002.3105404553824
2023-09-05,2023,9,1,0,1,0,ATROPELLO FUGA,EN PROCESO DE INVESTIGACIÓN,ASFALTADA,CARRETERA,NACIONAL,ICA,ICA,SALAS,-13.916091380116908,-76.00936130489674,PE-1S,258.695741800697
2023-09-06,2023,9,2,0,1,2,CHOQUE,IMPRUDENCIA DEL CONDUCTOR,ASFALTADA,CARRETERA,NACIONAL,CAJAMARCA,JAEN,BELLAVISTA,-5.78025843707229,-78.7060654849252,PE-5N,1359.7908086790478
2023-09-08,2023,9,4,0,6,14,CHOQUE,IMPRUDENCIA DEL CONDUCTOR,ASFALTADA,CARRETERA,NACIONAL,JUNIN,TARMA,SAN PEDRO DE CAJAS,-11.295471036196531,-75.9110748227024,PE-3N,35.31145653192364
2023-09-08,2023,9,4,0,1,0,ATROPELLO,EN PROCESO DE INVESTIGACIÓN,ASFALTADA,CARRETERA,NACIONAL,ICA,NASCA,NASCA,-14.83116,-74.943432,PE-1S,443.91597816348025
2023-09-08,2023,9,4,0,1,0,CHOQUE,IMPRUDENCIA DEL CONDUCTOR,ASFALTADA,CARRETERA,NACIONAL,CUSCO,URUBAMBA,URUBAMBA,-13.31145,-72.10592,PE-28B,623.3479939165062
2023-09-09,2023,9,5,0,3,2,DESPISTE,EN PROCESO DE INVESTIGACIÓN,ASFALTADA,CARRETERA,NACIONAL,AREQUIPA,CAYLLOMA,SAN ANTONIO DE CHUCA,-15.734174,-71.031393,PE-34J,4.766432994378071
2023-09-09,2023,9,5,0,1,0,CHOQUE,IMPRUDENCIA DEL CONDUCTOR,ASFALTADA,CARRETERA,NACIONAL,LIMA,LIMA,SAN JUAN DE MIRAFLORES,-12.18818944,-76.97369258,PE-1S,15.048485568251827
2023-09-09,2023,9,5,0,1,0,CHOQUE,IMPERICIA DEL CONDUCTOR,AFIRMADO,CARRETERA,NACIONAL,ICA,NAZCA,VISTA ALEGRE,-9.15962187794136,-77.733460206841,PE-3N,632.8221226365456
2023-09-09,2023,9,5,0,1,2,CHOQUE,IMPRUDENCIA DEL CONDUCTOR,ASFALTADA,CARRETERA,NACIONAL,JUNIN,JUNIN,JUNIN,-11.0874824,-75.9970533,PE-3N,61.16307563049437
2023-09-10,2023,9,6,0,1,0,ATROPELLO FUGA,EN PROCESO DE INVESTIGACIÓN,ASFALTADA,CARRETERA,NACIONAL,LA LIBERTAD,VIRU,VIRU,-8.40655,-78.822965,PE-1N,521.0141010048746
2023-09-11,2023,9,0,0,2,0,ATROPELLO,IMPRUDENCIA DEL CONDUCTOR,ASFALTADA,CARRETERA,NACIONAL,LIMA,LIMA,PUENTE PIEDRA,-11.85076964,-77.0919663,PE-1N,32.94830513767541
2023-09-11,2023,9,0,0,1,1,CHOQUE,IMPRUDENCIA DEL CONDUCTOR,ASFALTADA,CARRETERA,NACIONAL,CUSCO,QUISPICANCHI,OCONGATE,-13.66012,-71.42599,PE-30C,44.76914756899121
2023-09-12,2023,9,1,0,2,35,DESPISTE,IMPRUDENCIA DEL CONDUCTOR,ASFALTADA,CARRETERA,NACIONAL,AYACUCHO,HUAMANGA,VINCHOS,-13.281071,-74.307477,PE-28A,302.5285929408348
2023-09-12,2023,9,1,0,10,7,CHOQUE,EN PROCESO DE INVESTIGACIÓN,ASFALTADA,CARRETERA,NACIONAL,AREQUIPA,AREQUIPA,VITOR,-16.466055,-71.954075,PE-1S,943.784876979226
2023-09-13,2023,9,2,0,1,0,ATROPELLO,EN PROCESO DE INVESTIGACIÓN,ASFALTADA,CARRETERA,NACIONAL,LIMA,LIMA,RIMAC,-12.04306636,-77.02281888,PE-1N,7.562081391725433
2023-09-13,2023,9,2,0,1,0,DESPISTE,EN PROCESO DE INVESTIGACIÓN,ASFALTADA,CARRETERA,NACIONAL,AREQUIPA,AREQUIPA,UCHUMAYO,-16.420045,-71.646365,PE-34A,28.939156440015086
2023-09-14,2023,9,3,0,1,23,CHOQUE,IMPRUDENCIA DEL CONDUCTOR,ASFALTADA,CARRETERA,NACIONAL,LIMA,LIMA,PUNTA NEGRA,-12.355944,-76.800663,PE-1S,43.431285561762216
2023-09-14,2023,9,3,0,1,0,CHOQUE,IMPRUDENCIA DEL CONDUCTOR,ASFALTADA,CARRETERA,NACIONAL,SAN MARTIN,LAMAS,ALONSO DE ALVARADO,-6.27617,-76.767232,PE-5N,1017.321468622852
2023-09-14,2023,9,3,0,1,0,CHOQUE,IMPRUDENCIA DEL CONDUCTOR,ASFALTADA,CARRETERA,NACIONAL,PUNO,LAMPA,PUCARA,-14.9834147,-70.4124364,PE-3S,1246.6993697538826
2023-09-14,2023,9,3,0,1,0,DESPISTE,EN PROCESO DE INVESTIGACIÓN,ASFALTADA,CARRETERA,NACIONAL,PIURA,PIURA,VEINTISEIS DE OCTUBRE,-5.1486916,-80.696743,PE-1N,1002.8877317134188
2023-09-15,2023,9,4,0,1,12,CHOQUE,EN PROCESO DE INVESTIGACIÓN,ASFALTADA,CARRETERA,NACIONAL,PIURA,PIURA,CASTILLA,-5.17575,-80.556944,PE-1NJ,197.71767612650925
2023-09-15,2023,9,4,0,1,4,CHOQUE,IMPRUDENCIA DEL CONDUCTOR,ASFALTADA,CARRETERA,NACIONAL,PASCO,PASCO,NINACACA,-10.892565,-76.081715,PE-3N,87.24662109438938
2023-09-15,2023,9,4,0,1,0,CHOQUE,IMPRUDENCIA DEL CONDUCTOR,ASFALTADA,CARRETERA,NACIONAL,PUNO,AZANGARO,ASILLO,-14.7696937,-70.3384084,PE-34B,75.40907381782318
2023-09-16,2023,9,5,0,1,0,CHOQUE,IMPRUDENCIA DEL CONDUCTOR,ASFALTADA,CARRETERA,NACIONAL,LIMA,LIMA,SAN BORJA,-12.10280091,-76.97927519,PE-1S,5.313342736722247
2023-09-16,2023,9,5,0,2,0,CHOQUE,IMPRUDENCIA DEL CONDUCTOR,ASFALTADA,CARRETERA,NACIONAL,TUMBES,ZARUMILLA,AGUAS VERDES,-3.4886237855487505,-80.2643809685904,PE-1NO,4.327815616619641
2023-09-16,2023,9,5,0,1,2,DESPISTE,IMPRUDENCIA DEL CONDUCTOR,ASFALTADA,CARRETERA,NACIONAL,CUSCO,CHUMBIVILCAS,QUIÑOTA,-14.3178344,-72.1382859,PE-3SG,58.843536840817066
2023-09-16,2023,9,5,0,1,0,ATROPELLO,IMPRUDENCIA DEL PEATÓN,ASFALTADA,CARRETERA,NACIONAL,LIMA,LIMA,ATE,-12.017053,-76.892538,PE-22,11.67262572239061
2023-09-16,2023,9,5,0,1,0,CHOQUE,EN PROCESO DE INVESTIGACIÓN,ASFALTADA,CARRETERA,NACIONAL,LIMA,LIMA,SAN BORJA,-12.10124,-76.979505,PE-1S,5.138639270704393
2023-09-17,2023,9,6,0,2,10,DESPISTE,NEGLIGENCIA DEL CONDUCTOR,ASFALTADA,CARRETERA,NACIONAL,HUANCAVELICA,TAYACAJA,ACOSTAMBO,-12.38882710304525,-75.05701122139159,PE-3S,174.58170045105345
2023-09-17,2023,9,6,0,1,0,ATROPELLO FUGA,EN PROCESO DE INVESTIGACIÓN,ASFALTADA,CARRETERA,NACIONAL,APURIMAC,CHINCHEROS,HUACCANA,-13.472773070988938,-73.82694475932732,PE-3S,521.2170286102144
2023-09-17,2023,9,6,0,2,0,CHOQUE FUGA,EN PROCESO DE INVESTIGACIÓN,ASFALTADA,CARRETERA,NACIONAL,LA LIBERTAD,VIRU,VIRU,-8.434086,-78.768788,PE-1N,514.0719656658985
2023-09-17,2023,9,6,0,1,0,DESPISTE,EN PROCESO DE INVESTIGACIÓN,ASFALTADA,CARRETERA,NACIONAL,LA LIBERTAD,PACASMAYO,GUADALUPE,-7.304836959278705,-79.43457265070167,PE-08,5.01962195356592
2023-09-17,2023,9,6,0,1,0,DESPISTE,EN PROCESO DE INVESTIGACIÓN,TROCHA,CARRETERA,NACIONAL,LA LIBERTAD,PATAZ,HUANCASPATA,-8.515026,-77.292021,PE-10C,339.0641277163428
2023-09-17,2023,9,6,0,1,0,ATROPELLO,IMPRUDENCIA DEL PEATÓN,ASFALTADA,CARRETERA,NACIONAL,PUNO,PUNO,PLATERIA,-15.94125,-69.862361,PE-3S,1388.3776381940058
2023-09-18,2023,9,0,0,24,21,DESPISTE,EN PROCESO DE INVESTIGACIÓN,TROCHA,CARRETERA,NACIONAL,HUANCAVELICA,CHURCAMPA,COSME,-12.58887799532532,-74.68519139948599,PE-3S,253.8545165116867
2023-09-18,2023,9,0,0,1,0,VOLCADURA,IMPRUDENCIA DEL CONDUCTOR,ASFALTADA,CARRETERA,NACIONAL,CUSCO,CANCHIS,SICUANI,-14.2481248689667,-71.2390992764435,PE-3S,1110.7458409117562
2023-09-18,2023,9,0,0,1,0,ESPECIAL,IMPRUDENCIA DEL CONDUCTOR,ASFALTADA,CARRETERA,NACIONAL,AYACUCHO,HUAMANGA,VINCHOS,-13.340325,-74.43667,PE-28A,276.49331957827894
2023-09-18,2023,9,0,0,1,0,ATROPELLO,NEGLIGENCIA DEL CONDUCTOR,ASFALTADA,CARRETERA,NACIONAL,PUNO,SAN ROMAN,JULIACA,-15.485922,-70.124254,PE-3S,1316.300545283956
2023-09-19,2023,9,1,0,1,0,CAÍDA DE PASAJERO,EN PROCESO DE INVESTIGACIÓN,ASFALTADA,CARRETERA,NACIONAL,LIMA,LIMA,SAN JUAN DE MIRAFLORES,-12.144557,-76.981742,PE-1S,10.025567502091093
2023-09-19,2023,9,1,0,1,0,ATROPELLO FUGA,EN PROCESO DE INVESTIGACIÓN,ASFALTADA,CARRETERA,NACIONAL,LA LIBERTAD,TRUJILLO,LAREDO,-8.045565484285317,-78.84785615104636,PE-10A,23.53730479796017
2023-09-19,2023,9,1,0,1,0,ATROPELLO,EN PROCESO DE INVESTIGACIÓN,ASFALTADA,CARRETERA,NACIONAL,ICA,NASCA,MARCONA,-15.14306,-74.980013,PE-1S,483.37201677477657
2023-09-20,2023,9,2,0,1,0,ATROPELLO FUGA,IMPRUDENCIA DEL CONDUCTOR,ASFALTADA,CARRETERA,NACIONAL,PUNO,CHUCUITO,ZEPITA,-16.40989,-69.18978,PE-3S,1486.2003613515344
2023-09-20,2023,9,2,0,1,0,DESPISTE,NEGLIGENCIA DEL CONDUCTOR,ASFALTADA,CARRETERA,NACIONAL,LA LIBERTAD,OTUZCO,OTUZCO,-7.957323,-78.623727,PE-10A,63.38389258798286
2023-09-21,2023,9,3,0,1,1,DESPISTE,IMPRUDENCIA DEL CONDUCTOR,ASFALTADA,CARRETERA,NACIONAL,PUNO,CHUCUITO,ZEPITA,-16.48876,-69.109906,PE-3S,1500.3754349682488
2023-09-21,2023,9,3,0,1,0,ATROPELLO,IMPRUDENCIA DEL PEATÓN,ASFALTADA,CARRETERA,NACIONAL,LIMA,LIMA,SAN JUAN DE LURIGANCHO,-12.023776,-76.961846,PE-22,3.467222644723875
2023-09-22,2023,9,4,0,1,1,CHOQUE,EN PROCESO DE INVESTIGACIÓN,ASFALTADA,CARRETERA,NACIONAL,PIURA,PIURA,VEINTISEIS DE OCTUBRE,-5.152539,-80.696009,PE-1N,1002.457301546836
2023-09-22,2023,9,4,0,1,1,CHOQUE,IMPRUDENCIA DEL CONDUCTOR,ASFALTADA,CARRETERA,NACIONAL,LIMA,LIMA,LIMA,-12.03497018,-77.01010964,PE-1N,5.902208474659041
2023-09-22,2023,9,4,0,1,0,ATROPELLO,IMPRUDENCIA DEL PEATÓN,ASFALTADA,CARRETERA,NACIONAL,PUNO,HUANCANE,TARACO,-15.2768256,-69.9119287,PE-34H,36.95090115430501
2023-09-23,2023,9,5,0,1,0,CHOQUE FUGA,EN PROCESO DE INVESTIGACIÓN,ASFALTADA,CARRETERA,NACIONAL,PIURA,PAITA,LA HUACA,-5.112458,-80.854823,PE-02,19.73005961508701
2023-09-23,2023,9,5,0,1,0,CHOQUE,IMPRUDENCIA DEL CONDUCTOR,ASFALTADA,CARRETERA,NACIONAL,LIMA,HUAURA,VEGUETA,-10.98612,-77.64243,PE-1N,165.81497887363415
2023-09-23,2023,9,5,0,2,0,CHOQUE,EN PROCESO DE INVESTIGACIÓN,ASFALTADA,CARRETERA,NACIONAL,LA LIBERTAD,PACASMAYO,PACASMAYO,-7.4047290759,-79.557508393,PE-1N,677.273541973066
2023-09-23,2023,9,5,0,2,0,CHOQUE,IMPRUDENCIA DEL CONDUCTOR,ASFALTADA,CARRETERA,NACIONAL,PUNO,EL COLLAO,SANTA ROSA,-16.74280844372543,-69.71780054364821,PE-36A,214.2369045716082
2023-09-23,2023,9,5,0,1,0,CHOQUE,EN PROCESO DE INVESTIGACIÓN,ASFALTADA,CARRETERA,NACIONAL,AREQUIPA,ISLAY,MOLLENDO,-16.736232,-71.951757,PE-34,14.99078861505688
2023-09-23,2023,9,5,0,1,0,CHOQUE,EN PROCESO DE INVESTIGACIÓN,ASFALTADA,CARRETERA,NACIONAL,LA LIBERTAD,ASCOPE,CHICAMA,-7.77302808621274,-79.12517625987621,PE-1NF,9.248817356626056
2023-09-24,2023,9,6,0,1,0,ATROPELLO,IMPRUDENCIA DEL PEATÓN,ASFALTADA,CARRETERA,NACIONAL,UCAYALI,CORONEL PORTILLO,CAMPOVERDE,-8.420946,-74.694917,PE-18C,66.73860599616886
2023-09-24,2023,9,6,0,1,0,ATROPELLO FUGA,EN PROCESO DE INVESTIGACIÓN,ASFALTADA,CARRETERA,NACIONAL,LIMA,HUAURA,SANTA MARIA,-11.10219,-77.58955,PE-1N,150.052345530002
2023-09-25,2023,9,0,0,1,1,CHOQUE,IMPRUDENCIA DEL CONDUCTOR,ASFALTADA,CARRETERA,NACIONAL,UCAYALI,CORONEL PORTILLO,CAMPOVERDE,-8.448886763473837,-74.76860408192664,PE-18C,57.97991996244431
2023-09-25,2023,9,0,0,1,0,ESPECIAL,IMPRUDENCIA DEL CONDUCTOR,CASCAJO/RIPIO,CARRETERA,NACIONAL,PUNO,CHUCUITO,POMATA,-16.26475074781152,-69.29588359557465,PE-3S,1465.2762253234778
2023-09-25,2023,9,0,0,1,1,CHOQUE,EN PROCESO DE INVESTIGACIÓN,ASFALTADA,CARRETERA,NACIONAL,PIURA,PIURA,CURA MORI,-5.345303,-80.6183499,PE-1N,975.046143280098
2023-09-25,2023,9,0,0,1,1,ATROPELLO FUGA,EN PROCESO DE INVESTIGACIÓN,ASFALTADA,CARRETERA,NACIONAL,AREQUIPA,AREQUIPA,LA JOYA,-16.5123924,-71.8091597,PE-1S,962.6407967337652
2023-09-26,2023,9,1,0,1,0,VOLCADURA,IMPRUDENCIA DEL CONDUCTOR,ASFALTADA,CARRETERA,NACIONAL,LIMA,LIMA,RIMAC,-12.0424368,-77.03060399,PE-1N,8.426461825207507
2023-09-26,2023,9,1,0,1,1,ATROPELLO,EN PROCESO DE INVESTIGACIÓN,ASFALTADA,CARRETERA,NACIONAL,LIMA,LIMA,ANCON,-11.769943,-77.158992,PE-1N,44.79005945373271
2023-09-27,2023,9,2,0,1,0,DESPISTE,EN PROCESO DE INVESTIGACIÓN,ASFALTADA,CARRETERA,NACIONAL,LIMA,HUAROCHIRI,SAN MATEO,-11.747355,-76.291037,PE-22,97.30799926910332
2023-09-27,2023,9,2,0,1,0,DESPISTE,EN PROCESO DE INVESTIGACIÓN,ASFALTADA,CARRETERA,NACIONAL,LIMA,HUAROCHIRI,SAN MATEO,-11.747348,-76.291009,PE-22,97.31039732250662
2023-09-27,2023,9,2,0,1,2,CHOQUE,IMPRUDENCIA DEL CONDUCTOR,ASFALTADA,CARRETERA,NACIONAL,SAN MARTIN,RIOJA,PARDO MIGUEL,-5.745433,-77.484213,PE-5N,1131.6520315994792
2023-09-27,2023,9,2,0,1,1,CHOQUE,EN PROCESO DE INVESTIGACIÓN,ASFALTADA,CARRETERA,NACIONAL,AREQUIPA,CAYLLOMA,SAN ANTONIO DE CHUCA,-15.896758,-71.179783,PE-34A,153.83279199099903
2023-09-28,2023,9,3,0,1,2,DESPISTE,EN PROCESO DE INVESTIGACIÓN,ASFALTADA,CARRETERA,NACIONAL,AREQUIPA,ISLAY,ISLAY,-16.921003,-72.052476,PE-34,39.26966549641893
2023-09-28,2023,9,3,0,3,0,CHOQUE,IMPRUDENCIA DEL CONDUCTOR,ASFALTADA,CARRETERA,NACIONAL,CUSCO,QUISPICANCHI,LUCRE,-13.60728771674809,-71.75006585222444,PE-3S,999.3280129455868
2023-09-28,2023,9,3,0,1,0,CHOQUE,IMPRUDENCIA DEL CONDUCTOR,ASFALTADA,CARRETERA,NACIONAL,LA LIBERTAD,CHEPEN,PACANGA,-7.091828,-79.526483,PE-1N,726.0799129892091
2023-09-28,2023,9,3,0,1,0,ATROPELLO FUGA,EN PROCESO DE INVESTIGACIÓN,ASFALTADA,CARRETERA,NACIONAL,LIMA,LIMA,CHACLACAYO,-11.992203,-76.825113,PE-22,18.70600907330993
2023-09-29,2023,9,4,0,1,0,ATROPELLO FUGA,EN PROCESO DE INVESTIGACIÓN,ASFALTADA,CARRETERA,NACIONAL,LIMA,LIMA,ANCON,-11.792218,-77.147074,PE-1N,41.79593081577657
2023-09-29,2023,9,4,0,1,0,ATROPELLO FUGA,IMPRUDENCIA DEL CONDUCTOR,ASFALTADA,CARRETERA,NACIONAL,LIMA,LIMA,ANCON,-11.793869,-77.145334,PE-1N,41.534226281912
2023-09-29,2023,9,4,0,1,0,CHOQUE,IMPRUDENCIA DEL CONDUCTOR,ASFALTADA,CARRETERA,NACIONAL,CUSCO,URUBAMBA,YUCAY,-13.315694,-72.092662,PE-28B,624.8806662382058
2023-09-29,2023,9,4,0,1,1,CHOQUE,IMPRUDENCIA DEL CONDUCTOR,ASFALTADA,CARRETERA,NACIONAL,LA LIBERTAD,TRUJILLO,MOCHE,-8.157584445873631,-79.01213760061023,PE-1N,556.7381716856225
2023-09-30,2023,9,5,0,1,0,ATROPELLO,EN PROCESO DE INVESTIGACIÓN,ASFALTADA,CARRETERA,NACIONAL,PIURA,PIURA,CASTILLA,-5.159041,-80.502282,PE-1NJ,252.78584648697785
2023-10-01,2023,10,6,0,1,0,ATROPELLO FUGA,EN PROCESO DE INVESTIGACIÓN,ASFALTADA,CARRETERA,NACIONAL,PUNO,LAMPA,CALAPUJA,-15.3452921,-70.1809546,PE-3S,1299.7644961496085
2023-10-01,2023,10,6,0,1,0,ATROPELLO FUGA,EN PROCESO DE INVESTIGACIÓN,ASFALTADA,CARRETERA,NACIONAL,ICA,PISCO,SAN CLEMENTE,-13.679633,-76.143351,PE-28A,1.8234909500108636
2023-10-02,2023,10,0,0,1,0,CHOQUE,IMPRUDENCIA DEL CONDUCTOR,ASFALTADA,CARRETERA,NACIONAL,TUMBES,TUMBES,TUMBES,-3.5549045070785783,-80.43617063825494,PE-1N,1281.0513897671267
2023-10-02,2023,10,0,0,3,2,DESPISTE,EN PROCESO DE INVESTIGACIÓN,ASFALTADA,CARRETERA,NACIONAL,HUANCAVELICA,HUAYTARA,HUAYTARA,-13.591039,-75.29508,PE-28A,127.73272062560092
2023-10-02,2023,10,0,0,1,14,CHOQUE,IMPRUDENCIA DEL CONDUCTOR,ASFALTADA,CARRETERA,NACIONAL,CUSCO,URUBAMBA,OLLANTAYTAMBO,-13.2604422283382,-72.2462892493201,PE-28B,605.6592567931197
2023-10-02,2023,10,0,0,1,0,CHOQUE,IMPRUDENCIA DEL CONDUCTOR,ASFALTADA,CARRETERA,NACIONAL,LA LIBERTAD,TRUJILLO,TRUJILLO,-8.118218,-79.003657,PE-10A,2.5331088844755287
2023-10-05,2023,10,3,0,1,0,CHOQUE,IMPRUDENCIA DEL CONDUCTOR,ASFALTADA,CARRETERA,NACIONAL,LA LIBERTAD,TRUJILLO,LAREDO,-8.0439928,-78.846576,PE-10A,23.762811023570908
2023-10-05,2023,10,3,0,1,0,DESPISTE,IMPRUDENCIA DEL CONDUCTOR,AFIRMADO,CARRETERA,NACIONAL,AYACUCHO,SUCRE,QUEROBAMBA,-14.065390292984306,-73.83334945850414,PE-32A,159.4745842053838
2023-10-06,2023,10,4,0,1,4,CHOQUE,NEGLIGENCIA DEL CONDUCTOR,ASFALTADA,CARRETERA,NACIONAL,CAJAMARCA,CUTERVO,SANTO DOMINGO DE LA CAPILLA,-6.28417522548235,-78.8361387751002,PE-3N,1510.880399441953
2023-10-06,2023,10,4,0,1,1,CHOQUE,EN PROCESO DE INVESTIGACIÓN,ASFALTADA,CARRETERA,NACIONAL,PIURA,PIURA,PIURA,-5.102839,-80.704,PE-1N,1008.5127060455752
2023-10-06,2023,10,4,0,1,1,CHOQUE,IMPRUDENCIA DEL CONDUCTOR,ASFALTADA,CARRETERA,NACIONAL,CAJAMARCA,JAEN,BELLAVISTA,-5.598953,-78.781142,PE-5N,1406.433304653343
2023-10-07,2023,10,5,0,1,0,ATROPELLO,IMPRUDENCIA DEL PEATÓN,ASFALTADA,CARRETERA,NACIONAL,LA LIBERTAD,VIRU,CHAO,-8.548686,-78.67475,PE-1N,496.6420484585466
2023-10-07,2023,10,5,0,1,1,CHOQUE,EN PROCESO DE INVESTIGACIÓN,ASFALTADA,CARRETERA,NACIONAL,AMAZONAS,UTCUBAMBA,BAGUA GRANDE,-5.758099,-78.43166,PE-5N,1322.4038107452968
2023-10-07,2023,10,5,0,1,0,ATROPELLO,IMPRUDENCIA DEL CONDUCTOR,ASFALTADA,CARRETERA,NACIONAL,SAN MARTIN,LAMAS,ALONSO DE ALVARADO,-6.30653,-76.725493,PE-5N,1009.3721425886037
2023-10-08,2023,10,6,0,1,0,CHOQUE CON OBJETO FIJO,IMPRUDENCIA DEL CONDUCTOR,ASFALTADA,CARRETERA,NACIONAL,CAJAMARCA,JAEN,POMAHUACA,-5.94432,-79.256122,PE-3N,1598.413194999607
2023-10-08,2023,10,6,0,1,0,DESPISTE,IMPRUDENCIA DEL CONDUCTOR,ASFALTADA,CARRETERA,NACIONAL,CUSCO,URUBAMBA,OLLANTAYTAMBO,-13.201511811463655,-72.29708512671704,PE-28B,591.7915590142982
2023-10-08,2023,10,6,0,1,0,ATROPELLO FUGA,EN PROCESO DE INVESTIGACIÓN,ASFALTADA,CARRETERA,NACIONAL,PUNO,SAN ROMAN,JULIACA,-15.5200114,-70.1781321,PE-34A,294.24214281878056
2023-10-08,2023,10,6,0,1,0,ATROPELLO FUGA,IMPRUDENCIA DEL PEATÓN,ASFALTADA,CARRETERA,NACIONAL,CUSCO,CANCHIS,COMBAPATA,-14.1069984555172,-71.4211097485868,PE-3S,1084.0651240495918
2023-10-09,2023,10,0,0,1,0,ATROPELLO,IMPRUDENCIA DEL PEATÓN,ASFALTADA,CARRETERA,NACIONAL,CUSCO,CANCHIS,COMBAPATA,-14.107019,-71.421132,PE-3S,1084.065239582869
2023-10-09,2023,10,0,0,3,0,DESPISTE,IMPRUDENCIA DEL CONDUCTOR,ASFALTADA,CARRETERA,NACIONAL,JUNIN,YAULI,LA OROYA,-11.544940357566531,-75.88144236359715,PE-3S,5.210387866636822
2023-10-09,2023,10,0,0,1,4,CHOQUE,IMPRUDENCIA DEL CONDUCTOR,ASFALTADA,CARRETERA,NACIONAL,CAJAMARCA,JAEN,JAEN,-5.67153,-78.773026,PE-5N,1394.4926151753982
2023-10-09,2023,10,0,0,1,0,DESPISTE,EN PROCESO DE INVESTIGACIÓN,ASFALTADA,CARRETERA,NACIONAL,AMAZONAS,UTCUBAMBA,BAGUA GRANDE,-5.7141033,-78.553582,PE-5N,1337.9471169639023
2023-10-09,2023,10,0,0,1,0,ATROPELLO,IMPRUDENCIA DEL PEATÓN,ASFALTADA,CARRETERA,NACIONAL,LIMA,LIMA,SAN JUAN DE LURIGANCHO,-12.02049653,-76.95266395,PE-22,4.533068421269914
2023-10-10,2023,10,1,0,1,1,CHOQUE,IMPRUDENCIA DEL CONDUCTOR,ASFALTADA,CARRETERA,NACIONAL,AYACUCHO,HUAMANGA,SAN JUAN BAUTISTA,-13.197496,-74.203549,PE-3S,396.0063756396064
2023-10-10,2023,10,1,0,1,0,ATROPELLO,IMPRUDENCIA DEL PEATÓN,ASFALTADA,CARRETERA,NACIONAL,CUSCO,CANCHIS,SAN PEDRO,-14.182708,-71.367209,PE-3S,1094.4707248567322
2023-10-11,2023,10,2,0,1,0,DESPISTE,EN PROCESO DE INVESTIGACIÓN,ASFALTADA,CARRETERA,NACIONAL,CUSCO,QUISPICANCHI,CAMANTI,-13.350407,-70.878125,PE-30C,167.97539486187344
2023-10-11,2023,10,2,0,1,0,CHOQUE,IMPRUDENCIA DEL CONDUCTOR,ASFALTADA,CARRETERA,NACIONAL,LA LIBERTAD,SANCHEZ CARRION,HUAMACHUCO,-7.846758356199034,-78.0971019854308,PE-3N,1091.6625884619414
2023-10-11,2023,10,2,0,1,1,DESPISTE,IMPRUDENCIA DEL CONDUCTOR,ASFALTADA,CARRETERA,NACIONAL,CAJAMARCA,CHOTA,LLAMA,-6.538145,-79.20083,PE-06A,95.54126509387532
2023-10-11,2023,10,2,0,1,0,ATROPELLO FUGA,IMPRUDENCIA DEL CONDUCTOR,ASFALTADA,CARRETERA,NACIONAL,JUNIN,CONCEPCION,CONCEPCION,-11.927006,-75.315396,PE-3S,104.10073891283456
2023-10-13,2023,10,4,0,1,1,ATROPELLO,IMPRUDENCIA DEL PEATÓN,ASFALTADA,CARRETERA,NACIONAL,CAJAMARCA,JAEN,JAEN,-5.722853,-78.799423,PE-5N,1386.585246451927
2023-10-13,2023,10,4,0,1,2,CHOQUE,IMPRUDENCIA DEL CONDUCTOR,ASFALTADA,CARRETERA,NACIONAL,SAN MARTIN,MOYOBAMBA,MOYOBAMBA,-6.045746,-77.002821,PE-5N,1061.06150472522
2023-10-13,2023,10,4,0,1,0,ATROPELLO,IMPRUDENCIA DEL PEATÓN,ASFALTADA,CARRETERA,NACIONAL,PUNO,SAN ROMAN,SAN MIGUEL,-15.4032042,-70.1523401,PE-3S,1306.467669996932
2023-10-14,2023,10,5,0,2,1,CHOQUE,IMPRUDENCIA DEL CONDUCTOR,ASFALTADA,CARRETERA,NACIONAL,CUSCO,ESPINAR,CONDOROMA,-15.40549552,-71.07847991,PE-34J,44.386868621092205
2023-10-14,2023,10,5,0,1,0,ATROPELLO,IMPRUDENCIA DEL PEATÓN,ASFALTADA,CARRETERA,NACIONAL,CALLAO,CALLAO,CALLAO,-11.9507783,-77.13154311775,PE-20,14.249679547415637
2023-10-14,2023,10,5,0,1,0,ATROPELLO FUGA,EN PROCESO DE INVESTIGACIÓN,CONCRETO,CARRETERA,NACIONAL,PUNO,AZANGARO,AZANGARO,-14.9019841254979,-70.2009150699197,PE-34B,49.11400317217875
2023-10-14,2023,10,5,0,1,0,ATROPELLO,EN PROCESO DE INVESTIGACIÓN,ASFALTADA,CARRETERA,NACIONAL,CUSCO,QUISPICANCHI,OCONGATE,-13.647913,-71.291826,PE-30C,69.35895513837005
2023-10-14,2023,10,5,0,1,0,CHOQUE,EN PROCESO DE INVESTIGACIÓN,ASFALTADA,CARRETERA,NACIONAL,AREQUIPA,CAYLLOMA,SAN ANTONIO DE CHUCA,-15.927939,-71.191227,PE-34A,149.80051727518736
2023-10-15,2023,10,6,0,1,0,CHOQUE,EN PROCESO DE INVESTIGACIÓN,ASFALTADA,CARRETERA,NACIONAL,LA LIBERTAD,VIRU,VIRU,-8.409816,-78.809919,PE-1N,519.5309289263133
2023-10-15,2023,10,6,0,1,1,VOLCADURA,IMPRUDENCIA DEL CONDUCTOR,CONCRETO,CARRETERA,NACIONAL,CAJAMARCA,CAJAMARCA,CAJAMARCA,-7.145209,-78.509326,PE-3N,1276.3767656890714
2023-10-15,2023,10,6,0,1,0,DESPISTE,IMPRUDENCIA DEL CONDUCTOR,ASFALTADA,CARRETERA,NACIONAL,PUNO,AZANGARO,SAN ANTON,-14.4151173787597,-70.2682208376032,PE-34B,125.8842349647192
2023-10-15,2023,10,6,0,1,1,CHOQUE,IMPRUDENCIA DEL CONDUCTOR,ASFALTADA,CARRETERA,NACIONAL,LIMA,HUAURA,SAYAN,-11.134274,-77.198307,PE-18,48.37072566197815
2023-10-15,2023,10,6,0,1,0,CHOQUE,EN PROCESO DE INVESTIGACIÓN,ASFALTADA,CARRETERA,NACIONAL,AREQUIPA,ISLAY,MOLLENDO,-16.730864,-71.947974,PE-34,14.276609903171018
2023-10-16,2023,10,0,0,1,0,ATROPELLO,EN PROCESO DE INVESTIGACIÓN,TROCHA,CARRETERA,NACIONAL,PIURA,HUANCABAMBA,HUANCABAMBA,-5.279396,-79.47701,PE-02A,135.755444191693
2023-10-16,2023,10,0,0,1,0,ATROPELLO,EN PROCESO DE INVESTIGACIÓN,ASFALTADA,CARRETERA,NACIONAL,LIMA,LIMA,ANCON,-11.771752,-77.159192,PE-1N,44.58959706186948
2023-10-16,2023,10,0,0,1,0,CHOQUE FUGA,IMPRUDENCIA DEL CONDUCTOR,ASFALTADA,CARRETERA,NACIONAL,PUNO,EL COLLAO,ILAVE,-16.127999,-69.641889,PE-38A,77.61140352538602
2023-10-17,2023,10,1,0,1,5,DESPISTE,IMPRUDENCIA DEL CONDUCTOR,ASFALTADA,CARRETERA,NACIONAL,LIMA,HUAURA,HUACHO,-11.33571,-77.46727,PE-1N,119.6977237233
2023-10-17,2023,10,1,0,1,0,ATROPELLO,IMPRUDENCIA DEL PEATÓN,ASFALTADA,CARRETERA,NACIONAL,JUNIN,HUANCAYO,SAN AGUSTIN,-12.017494,-75.242797,PE-3S,117.45044290733722
2023-10-17,2023,10,1,0,2,7,DESPISTE,IMPRUDENCIA DEL CONDUCTOR,ASFALTADA,CARRETERA,NACIONAL,LIMA,HUAURA,HUAURA,-11.101413968669668,-77.40114921141894,PE-1NE,21.316303598890787
2023-10-18,2023,10,2,0,1,1,CHOQUE,EN PROCESO DE INVESTIGACIÓN,ASFALTADA,CARRETERA,NACIONAL,ICA,CHINCHA,GROCIO PRADO,-13.33906,-76.2317293,PE-1S,176.5091498204648
2023-10-18,2023,10,2,0,1,0,CHOQUE,EN PROCESO DE INVESTIGACIÓN,ASFALTADA,CARRETERA,NACIONAL,LA LIBERTAD,PACASMAYO,GUADALUPE,-7.323775,-79.4810385,PE-1N,690.651479090328
2023-10-18,2023,10,2,0,1,0,ATROPELLO FUGA,EN PROCESO DE INVESTIGACIÓN,ASFALTADA,CARRETERA,NACIONAL,LIMA,LIMA,LA MOLINA,-12.07414826,-76.97435069,PE-1S,1.8154800045654091
2023-10-19,2023,10,3,0,1,0,DESPISTE,EN PROCESO DE INVESTIGACIÓN,ASFALTADA,CARRETERA,NACIONAL,LIMA,LIMA,INDEPENDENCIA,-11.993519,-77.063545,PE-1N,15.717062495358794
2023-10-19,2023,10,3,0,1,2,DESPISTE,IMPRUDENCIA DEL CONDUCTOR,ASFALTADA,CARRETERA,NACIONAL,CAJAMARCA,CAJAMARCA,CAJAMARCA,-7.103537,-78.549797,PE-3N,1286.9960265543864
2023-10-19,2023,10,3,0,1,1,CHOQUE,EN PROCESO DE INVESTIGACIÓN,ASFALTADA,CARRETERA,NACIONAL,PIURA,MORROPON,LA MATANZA,-5.41045,-80.03939,PE-1NJ,171.32183598136476
2023-10-20,2023,10,4,0,1,0,ATROPELLO,EN PROCESO DE INVESTIGACIÓN,ASFALTADA,CARRETERA,NACIONAL,LA LIBERTAD,ASCOPE,CHICAMA,-7.92058,-79.11048,PE-1N,593.9972115037428
2023-10-20,2023,10,4,0,1,0,CHOQUE,IMPRUDENCIA DEL CONDUCTOR,ASFALTADA,CARRETERA,NACIONAL,LA LIBERTAD,PACASMAYO,SAN PEDRO DE LLOC,-7.574162,-79.370599,PE-1N,644.8645651887805
2023-10-20,2023,10,4,0,1,5,DESPISTE,IMPRUDENCIA DEL CONDUCTOR,ASFALTADA,CARRETERA,NACIONAL,LIMA,HUAURA,HUACHO,-11.3287,-77.4721,PE-1N,120.63525153603942
2023-10-20,2023,10,4,0,1,0,DESPISTE,IMPRUDENCIA DEL CONDUCTOR,ASFALTADA,CARRETERA,NACIONAL,CAJAMARCA,SAN MARCOS,ICHOCAN,-7.37952,-78.125574,PE-3N,1205.5153118234389
2023-10-21,2023,10,5,0,1,0,DESPISTE,IMPRUDENCIA DEL CONDUCTOR,ASFALTADA,CARRETERA,NACIONAL,CUSCO,QUISPICANCHI,LUCRE,-13.613521496903386,-71.72405856994195,PE-3S,1002.9151079588116
2023-10-21,2023,10,5,0,1,4,CHOQUE,EN PROCESO DE INVESTIGACIÓN,ASFALTADA,CARRETERA,NACIONAL,ICA,NASCA,NASCA,-14.968164,-74.985823,PE-1S,462.584044835724
2023-10-21,2023,10,5,0,1,0,ATROPELLO FUGA,IMPRUDENCIA DEL CONDUCTOR,ASFALTADA,CARRETERA,NACIONAL,PUNO,SAN ROMAN,CARACOTO,-15.552110584431,-70.1077107742993,PE-3S,1326.393292818257
2023-10-22,2023,10,6,0,1,1,DESPISTE,IMPRUDENCIA DEL CONDUCTOR,ASFALTADA,CARRETERA,NACIONAL,CAJAMARCA,CAJAMARCA,ENCAÑADA,-7.115858,-78.330569,PE-08B,27.302974563128515
2023-10-22,2023,10,6,0,1,0,DESPISTE,EN PROCESO DE INVESTIGACIÓN,ASFALTADA,CARRETERA,NACIONAL,LIMA,LIMA,PUNTA NEGRA,-12.349599,-76.807167,PE-1S,42.43353475136792
2023-10-22,2023,10,6,0,1,0,DESPISTE,IMPRUDENCIA DEL CONDUCTOR,ASFALTADA,CARRETERA,NACIONAL,CAJAMARCA,SAN MARCOS,PEDRO GALVEZ,-7.324751,-78.170838,PE-3N,1215.3600003784316
2023-10-22,2023,10,6,0,5,0,DESPISTE,IMPRUDENCIA DEL CONDUCTOR,ASFALTADA,CARRETERA,NACIONAL,CAJAMARCA,CONTUMAZA,CHILETE,-7.29805029789651,-78.8064632905543,PE-1NF,132.62682390857532
2023-10-22,2023,10,6,0,2,0,CHOQUE,EN PROCESO DE INVESTIGACIÓN,ASFALTADA,CARRETERA,NACIONAL,LIMA,LIMA,CHORRILLOS,-12.209975373625198,-76.97553830208496,PE-1S,17.49763294128256
2023-10-22,2023,10,6,0,1,0,ATROPELLO FUGA,IMPRUDENCIA DEL PEATÓN,ASFALTADA,CARRETERA,NACIONAL,TACNA,TACNA,LA YARADA LOS PALOS,-18.150442,-70.444978,PE-1SD,367.9683065288361
2023-10-22,2023,10,6,0,1,9,CHOQUE,EN PROCESO DE INVESTIGACIÓN,ASFALTADA,CARRETERA,NACIONAL,ICA,CHINCHA,CHINCHA BAJA,-13.490222,-76.139538,PE-1S,199.8695980994501
2023-10-23,2023,10,0,0,1,0,CHOQUE,EN PROCESO DE INVESTIGACIÓN,ASFALTADA,CARRETERA,NACIONAL,LIMA,LIMA,LURIN,-12.27658158,-76.88905695,PE-1S,30.110860075689946
2023-10-24,2023,10,1,0,1,0,DESPISTE,EN PROCESO DE INVESTIGACIÓN,ASFALTADA,CARRETERA,NACIONAL,PIURA,MORROPON,LA MATANZA,-5.239378,-80.080188,PE-02A,3.681617319984504
2023-10-24,2023,10,1,0,2,0,CHOQUE,EN PROCESO DE INVESTIGACIÓN,ASFALTADA,CARRETERA,NACIONAL,LIMA,LIMA,LURIN,-12.262158,-76.912015,PE-1S,27.14738310579834
2023-10-25,2023,10,2,0,5,47,CHOQUE,IMPRUDENCIA DEL CONDUCTOR,ASFALTADA,CARRETERA,NACIONAL,CUSCO,ESPINAR,OCORURO,-15.142256,-71.122031,PE-34J,82.4473724019594
2023-10-25,2023,10,2,0,1,0,ATROPELLO FUGA,EN PROCESO DE INVESTIGACIÓN,ASFALTADA,CARRETERA,NACIONAL,LIMA,LIMA,LOS OLIVOS,-11.9438279,-77.07116192,PE-1N,21.326808834997426
2023-10-27,2023,10,4,0,1,0,ATROPELLO FUGA,EN PROCESO DE INVESTIGACIÓN,ASFALTADA,CARRETERA,NACIONAL,LIMA,LIMA,LOS OLIVOS,-11.93712142,-77.07179395,PE-1N,22.077864221864232
2023-10-27,2023,10,4,0,1,1,DESPISTE,EN PROCESO DE INVESTIGACIÓN,ASFALTADA,CARRETERA,NACIONAL,LA LIBERTAD,CHEPEN,PACANGA,-7.131068,-79.473718,PE-1N,718.815519284405
2023-10-27,2023,10,4,0,2,0,ATROPELLO,EN PROCESO DE INVESTIGACIÓN,ASFALTADA,CARRETERA,NACIONAL,ICA,ICA,SANTIAGO,-14.2639002,-75.68571,PE-1S,321.1056510550957
2023-10-28,2023,10,5,0,1,2,ATROPELLO,EN PROCESO DE INVESTIGACIÓN,ASFALTADA,CARRETERA,NACIONAL,LIMA,LIMA,LURIGANCHO,-12.021163150147276,-76.92976775024461,PE-22,7.052403312025501
2023-10-28,2023,10,5,0,1,0,CHOQUE FUGA,EN PROCESO DE INVESTIGACIÓN,ASFALTADA,CARRETERA,NACIONAL,PIURA,PIURA,CASTILLA,-5.191842,-80.608285,PE-1NJ,254.33329864106787
2023-10-29,2023,10,6,0,1,0,ATROPELLO,EN PROCESO DE INVESTIGACIÓN,ASFALTADA,CARRETERA,NACIONAL,LIMA,LIMA,ATE,-12.00698,-76.853398,PE-22,16.349253448086962
2023-10-29,2023,10,6,0,1,4,CHOQUE,EN PROCESO DE INVESTIGACIÓN,ASFALTADA,CARRETERA,NACIONAL,ICA,NASCA,NASCA,-14.803779,-75.000062,PE-1S,436.8804185632516
2023-10-29,2023,10,6,0,1,0,CHOQUE,EN PROCESO DE INVESTIGACIÓN,ASFALTADA,CARRETERA,NACIONAL,LIMA,LIMA,RIMAC,-12.03665,-77.043149,PE-1N,9.95794925071416
2023-10-29,2023,10,6,0,1,0,CHOQUE,IMPRUDENCIA DEL CONDUCTOR,ASFALTADA,CARRETERA,NACIONAL,PUNO,SAN ROMAN,SAN MIGUEL,-15.480436,-70.130458,PE-3S,1314.969652556038
2023-10-29,2023,10,6,0,1,0,CHOQUE,EN PROCESO DE INVESTIGACIÓN,ASFALTADA,CARRETERA,NACIONAL,PIURA,PIURA,VEINTISEIS DE OCTUBRE,-5.1339,-80.699741,PE-1N,1004.5597647861032
2023-10-30,2023,10,0,0,1,8,DESPISTE,IMPRUDENCIA DEL CONDUCTOR,ASFALTADA,CARRETERA,NACIONAL,AYACUCHO,HUAMANGA,CHIARA,-13.278107874413228,-74.23038639661108,PE-3S,414.16177789606974
2023-10-30,2023,10,0,0,1,2,CHOQUE,IMPRUDENCIA DEL CONDUCTOR,ASFALTADA,CARRETERA,NACIONAL,LA LIBERTAD,CHEPEN,PACANGA,-7.122333313929911,-79.4840239937687,PE-1N,720.3085925421962
2023-10-30,2023,10,0,0,1,0,DESPISTE,INFRAESTRUCTURA Y ENTORNO VIAL,ASFALTADA,CARRETERA,NACIONAL,PUNO,AZANGARO,SAN ANTON,-14.539008229102206,-70.28918346384991,PE-34B,108.72065934688035
2023-10-31,2023,10,1,0,1,0,CHOQUE,IMPRUDENCIA DEL CONDUCTOR,ASFALTADA,CARRETERA,NACIONAL,PUNO,SAN ROMAN,CARACOTO,-15.545217,-70.110825,PE-3S,1325.560244814159
2023-10-31,2023,10,1,0,1,0,DESPISTE,IMPRUDENCIA DEL CONDUCTOR,ASFALTADA,CARRETERA,NACIONAL,PUNO,EL COLLAO,SANTA ROSA,-16.801885124618327,-70.03709084660409,PE-36A,174.72395397198378
2023-10-31,2023,10,1,0,1,1,DESPISTE,IMPRUDENCIA DEL CONDUCTOR,ASFALTADA,CARRETERA,NACIONAL,PUNO,SAN ANTONIO DE PUTINA,PUTINA,-14.937619,-69.867581,PE-34H,85.68593534142481
2023-10-31,2023,10,1,0,2,1,CHOQUE,EN PROCESO DE INVESTIGACIÓN,ASFALTADA,CARRETERA,NACIONAL,LA LIBERTAD,PACASMAYO,SAN JOSE,-7.3389259,-79.5007404,PE-1N,687.4489235475648
2023-11-01,2023,11,2,0,1,0,CHOQUE,EN PROCESO DE INVESTIGACIÓN,ASFALTADA,CARRETERA,NACIONAL,AMAZONAS,UTCUBAMBA,BAGUA GRANDE,-5.723041,-78.477425,PE-5N,1328.9289684103048
2023-11-01,2023,11,2,0,1,0,DESPISTE,IMPRUDENCIA DEL CONDUCTOR,ASFALTADA,CARRETERA,NACIONAL,JUNIN,CONCEPCION,SAN JOSE DE QUERO,-12.094406,-75.546458,PE-24,239.4648964645551
2023-11-01,2023,11,2,0,1,0,DESPISTE,IMPRUDENCIA DEL CONDUCTOR,ASFALTADA,CARRETERA,NACIONAL,PUNO,MELGAR,UMACHIRI,-14.869368897990238,-70.67279845512074,PE-3SG,344.678041637056
2023-11-02,2023,11,3,0,1,0,ATROPELLO FUGA,EN PROCESO DE INVESTIGACIÓN,ASFALTADA,CARRETERA,NACIONAL,LIMA,LIMA,SAN BARTOLO,-12.381164,-76.774431,PE-1S,47.42873397226504
2023-11-02,2023,11,3,0,1,0,DESPISTE,IMPRUDENCIA DEL CONDUCTOR,ASFALTADA,CARRETERA,NACIONAL,PUNO,AZANGARO,SANTIAGO DE PUPUJA,-15.0007276,-70.1823811,PE-34B,37.28788927055077
2023-11-02,2023,11,3,0,1,0,ATROPELLO FUGA,IMPRUDENCIA DEL CONDUCTOR,ASFALTADA,CARRETERA,NACIONAL,JUNIN,CONCEPCION,CHAMBARA,-12.026391,-75.411418,PE-24,266.6374868979444
2023-11-02,2023,11,3,0,1,0,ATROPELLO,EN PROCESO DE INVESTIGACIÓN,ASFALTADA,CARRETERA,NACIONAL,LIMA,LIMA,ATE,-12.009693,-76.868245,PE-22,14.56754969503282
2023-11-03,2023,11,4,0,1,1,CHOQUE CON OBJETO FIJO,IMPRUDENCIA DEL CONDUCTOR,ASFALTADA,CARRETERA,NACIONAL,CUSCO,LA CONVENCION,SANTA ANA,-12.943439,-72.67007,PE-28B,472.5204203691959
2023-11-03,2023,11,4,0,1,0,ATROPELLO,EN PROCESO DE INVESTIGACIÓN,ASFALTADA,CARRETERA,NACIONAL,LIMA,LIMA,RIMAC,-12.04125586,-77.03303703,PE-1N,8.72280656727703
2023-11-03,2023,11,4,0,1,4,CHOQUE,IMPRUDENCIA DEL CONDUCTOR,ASFALTADA,CARRETERA,NACIONAL,JUNIN,HUANCAYO,SAN AGUSTIN,-12.00325,-75.250725,PE-3S,115.68645909945448
2023-11-04,2023,11,5,0,1,1,CHOQUE,EN PROCESO DE INVESTIGACIÓN,ASFALTADA,CARRETERA,NACIONAL,ICA,ICA,ICA,-14.090215,-75.71941,PE-1S,300.6763888556605
2023-11-04,2023,11,5,0,1,5,DESPISTE,IMPRUDENCIA DEL CONDUCTOR,ASFALTADA,CARRETERA,NACIONAL,JUNIN,YAULI,LA OROYA,-11.586712004795071,-75.84584888500075,PE-3S,13.171899624072498
2023-11-04,2023,11,5,0,1,1,CHOQUE,IMPRUDENCIA DEL CONDUCTOR,ASFALTADA,CARRETERA,NACIONAL,CAJAMARCA,CELENDIN,CELENDIN,-6.89177922795808,-78.1167969906998,PE-08B,111.52230338244291
2023-11-06,2023,11,0,0,1,4,DESPISTE,EN PROCESO DE INVESTIGACIÓN,ASFALTADA,CARRETERA,NACIONAL,HUANCAVELICA,TAYACAJA,PAMPAS,-12.49823110463927,-74.82433490056125,PE-3S,217.20729601959812
2023-11-06,2023,11,0,0,1,0,ATROPELLO,IMPRUDENCIA DEL CONDUCTOR,ASFALTADA,CARRETERA,NACIONAL,JUNIN,HUANCAYO,VIQUES,-12.151213,-75.218905,PE-3S,134.60647976899972
2023-11-06,2023,11,0,0,1,0,CHOQUE,IMPRUDENCIA DEL CONDUCTOR,ASFALTADA,CARRETERA,NACIONAL,PUNO,SAN ROMAN,CARACOTO,-15.552096,-70.107664,PE-3S,1326.3938900272944
2023-11-06,2023,11,0,0,1,0,ATROPELLO,IMPRUDENCIA DEL PEATÓN,ASFALTADA,CARRETERA,NACIONAL,PUNO,SAN ROMAN,CARACOTO,-15.550033,-70.108568,PE-3S,1326.145782105219
2023-11-07,2023,11,1,0,1,0,CHOQUE,IMPRUDENCIA DEL CONDUCTOR,ASFALTADA,CARRETERA,NACIONAL,CUSCO,URUBAMBA,HUAYLLABAMBA,-13.329566,-72.05532,PE-28B,629.748633878846
2023-11-09,2023,11,3,0,1,0,CHOQUE FUGA,EN PROCESO DE INVESTIGACIÓN,ASFALTADA,CARRETERA,NACIONAL,LIMA,LIMA,CARABAYLLO,-11.83463782,-76.99971482,PE-20A,18.709125153897062
2023-11-09,2023,11,3,0,1,12,DESPISTE,IMPRUDENCIA DEL CONDUCTOR,CASCAJO/RIPIO,CARRETERA,NACIONAL,AYACUCHO,VILCAS HUAMAN,CONCEPCION,-13.5808598744851,-73.8284394686605,PE-32A,239.8830618326112
2023-11-10,2023,11,4,0,3,0,DESPISTE,IMPRUDENCIA DEL CONDUCTOR,ASFALTADA,CARRETERA,NACIONAL,PUNO,LAMPA,SANTA LUCIA,-15.6619293,-70.6614533,PE-34A,229.50322156416087
2023-11-10,2023,11,4,0,2,1,DESPISTE,IMPRUDENCIA DEL CONDUCTOR,ASFALTADA,CARRETERA,NACIONAL,PUNO,CHUCUITO,DESAGUADERO,-16.545718,-69.052722,PE-3S,1509.2308139422898
2023-11-10,2023,11,4,0,1,1,CHOQUE,IMPRUDENCIA DEL CONDUCTOR,ASFALTADA,CARRETERA,NACIONAL,PUNO,EL COLLAO,SANTA ROSA,-16.842473314572764,-70.08972600893924,PE-36A,167.4844902304231
2023-11-11,2023,11,5,0,1,0,ATROPELLO,IMPRUDENCIA DEL CONDUCTOR,ASFALTADA,CARRETERA,NACIONAL,CUSCO,CANCHIS,SICUANI,-14.2881316058993,-71.2230098708344,PE-3S,1116.691885936474
2023-11-11,2023,11,5,0,1,0,DESPISTE,IMPRUDENCIA DEL CONDUCTOR,ASFALTADA,CARRETERA,NACIONAL,PUNO,MELGAR,AYAVIRI,-14.893966,-70.614402,PE-3SG,351.5203322950318
2023-11-11,2023,11,5,0,1,0,ATROPELLO,IMPRUDENCIA DEL PEATÓN,ASFALTADA,CARRETERA,NACIONAL,PUNO,PUNO,PLATERIA,-15.941882,-69.857224,PE-3S,1388.9414081397665
2023-11-11,2023,11,5,0,1,0,CHOQUE,EN PROCESO DE INVESTIGACIÓN,ASFALTADA,CARRETERA,NACIONAL,LIMA,LIMA,CARABAYLLO,-11.793955,-76.982986,PE-20A,24.11184242082518
2023-11-12,2023,11,6,0,1,0,CHOQUE FUGA,EN PROCESO DE INVESTIGACIÓN,ASFALTADA,CARRETERA,NACIONAL,UCAYALI,CORONEL PORTILLO,CALLERIA,-8.397929,-74.603119,PE-18C,77.25532784830126
2023-11-12,2023,11,6,0,1,0,ATROPELLO FUGA,EN PROCESO DE INVESTIGACIÓN,ASFALTADA,CARRETERA,NACIONAL,LIMA,LIMA,LURIN,-12.30567,-76.838985,PE-1S,36.460451040967946
2023-11-12,2023,11,6,0,1,0,ATROPELLO FUGA,EN PROCESO DE INVESTIGACIÓN,ASFALTADA,CARRETERA,NACIONAL,PUNO,SAN ROMAN,JULIACA,-15.5247418,-70.1823241,PE-34A,293.5542101950541
2023-11-13,2023,11,0,0,1,0,ATROPELLO,EN PROCESO DE INVESTIGACIÓN,ASFALTADA,CARRETERA,NACIONAL,AREQUIPA,AREQUIPA,UCHUMAYO,-16.408196,-71.6101992,PE-34A,33.139595613997685
2023-11-13,2023,11,0,0,1,0,ATROPELLO FUGA,EN PROCESO DE INVESTIGACIÓN,ASFALTADA,CARRETERA,NACIONAL,LA LIBERTAD,TRUJILLO,SIMBAL,-8.011188,-78.795686,PE-10A,31.87920645656452
2023-11-13,2023,11,0,0,1,0,DESPISTE,IMPRUDENCIA DEL CONDUCTOR,ASFALTADA,CARRETERA,NACIONAL,TACNA,TARATA,TARUCACHI,-17.525325915244892,-70.03849085687142,PE-38,79.24086886823918
2023-11-13,2023,11,0,0,1,1,DESPISTE,IMPRUDENCIA DEL CONDUCTOR,ASFALTADA,CARRETERA,NACIONAL,LIMA,HUAURA,SAYAN,-11.30426,-77.32223,PE-18,16.37630617902457
2023-11-14,2023,11,1,0,1,4,DESPISTE,IMPRUDENCIA DEL CONDUCTOR,ASFALTADA,CARRETERA,NACIONAL,LIMA,HUAURA,HUAURA,-11.088769474361936,-77.46909763804207,PE-1NE,13.667590056527075
2023-11-14,2023,11,1,0,1,0,CHOQUE,EN PROCESO DE INVESTIGACIÓN,ASFALTADA,CARRETERA,NACIONAL,LIMA,LIMA,SAN MARTIN DE PORRES,-12.035383,-77.047746,PE-1N,10.48153088936558
2023-11-15,2023,11,2,0,1,0,DESPISTE,EN PROCESO DE INVESTIGACIÓN,ASFALTADA,CARRETERA,NACIONAL,LIMA,LIMA,SAN JUAN DE LURIGANCHO,-12.020908,-76.954216,PE-22,4.3579845060033096
2023-11-15,2023,11,2,0,1,0,DESPISTE,IMPRUDENCIA DEL CONDUCTOR,ASFALTADA,CARRETERA,NACIONAL,PUNO,EL COLLAO,SANTA ROSA,-16.784123,-70.003715,PE-36A,178.87172074778238
2023-11-15,2023,11,2,0,1,3,CHOQUE,EN PROCESO DE INVESTIGACIÓN,ASFALTADA,CARRETERA,NACIONAL,ICA,CHINCHA,TAMBO DE MORA,-13.481297,-76.184637,PE-1SE,8.847854264598064
2023-11-17,2023,11,4,0,1,0,ATROPELLO,IMPRUDENCIA DEL CONDUCTOR,ASFALTADA,CARRETERA,NACIONAL,LA LIBERTAD,VIRU,VIRU,-8.4327699,-78.7718468,PE-1N,514.4385404856585
2023-11-17,2023,11,4,0,1,0,ATROPELLO,IMPRUDENCIA DEL CONDUCTOR,ASFALTADA,CARRETERA,NACIONAL,PUNO,SAN ROMAN,CABANA,-15.56271647194228,-70.24105123062142,PE-34A,285.84636266217854
2023-11-18,2023,11,5,0,1,0,DESPISTE,EN PROCESO DE INVESTIGACIÓN,ASFALTADA,CARRETERA,NACIONAL,LIMA,LIMA,INDEPENDENCIA,-11.99914034,-77.06266004,PE-1N,15.08695854244312
2023-11-18,2023,11,5,0,1,0,DESPISTE,EN PROCESO DE INVESTIGACIÓN,ASFALTADA,CARRETERA,NACIONAL,AREQUIPA,AREQUIPA,YURA,-16.1045639,-71.6183088,PE-34A,84.12882749584655
2023-11-18,2023,11,5,0,2,0,CHOQUE,EN PROCESO DE INVESTIGACIÓN,ASFALTADA,CARRETERA,NACIONAL,PIURA,MORROPON,LA MATANZA,-5.212804,-80.122035,PE-1NJ,205.9415326090313
2023-11-19,2023,11,6,0,1,0,ATROPELLO FUGA,EN PROCESO DE INVESTIGACIÓN,ASFALTADA,CARRETERA,NACIONAL,LIMA,LIMA,SAN JUAN DE MIRAFLORES,-12.179902,-76.976303,PE-1S,14.088343578947477
2023-11-19,2023,11,6,0,1,0,CHOQUE,IMPRUDENCIA DEL CONDUCTOR,ASFALTADA,CARRETERA,NACIONAL,PUNO,EL COLLAO,SANTA ROSA,-16.80554663730018,-69.72881843667389,PE-38,221.23364741920452
2023-11-19,2023,11,6,0,1,0,ATROPELLO,EN PROCESO DE INVESTIGACIÓN,ASFALTADA,CARRETERA,NACIONAL,LIMA,LIMA,ANCON,-11.73451895,-77.13611622,PE-1N,49.478717442275816
2023-11-20,2023,11,0,0,2,0,CHOQUE,EN PROCESO DE INVESTIGACIÓN,ASFALTADA,CARRETERA,NACIONAL,LIMA,LIMA,LURIN,-12.300015,-76.849084,PE-1S,35.185146001445155
2023-11-21,2023,11,1,0,1,0,ATROPELLO FUGA,EN PROCESO DE INVESTIGACIÓN,ASFALTADA,CARRETERA,NACIONAL,JUNIN,YAULI,SANTA ROSA DE SACCO,-11.5494319,-75.94024,PE-22,170.49110862212112
2023-11-21,2023,11,1,0,1,0,ATROPELLO,EN PROCESO DE INVESTIGACIÓN,ASFALTADA,CARRETERA,NACIONAL,LIMA,LIMA,SAN MARTIN DE PORRES,-12.024616,-77.05868041,PE-1N,12.313496853910683
2023-11-21,2023,11,1,0,2,4,DESPISTE,IMPRUDENCIA DEL CONDUCTOR,ASFALTADA,CARRETERA,NACIONAL,CAJAMARCA,SANTA CRUZ,CATACHE,-6.60845710904638,-78.9807254976289,PE-06B,53.10146503827815
2023-11-21,2023,11,1,0,1,0,CHOQUE,EN PROCESO DE INVESTIGACIÓN,ASFALTADA,CARRETERA,NACIONAL,PIURA,MORROPON,SALITRAL,-5.434296,-79.77158,PE-02A,53.22175474919095
2023-11-22,2023,11,2,0,2,4,CHOQUE,IMPRUDENCIA DEL CONDUCTOR,ASFALTADA,CARRETERA,NACIONAL,LIMA,HUAURA,HUAURA,-11.06209,-77.55274,PE-1NE,3.895480009145437
2023-11-22,2023,11,2,0,1,0,CHOQUE,EN PROCESO DE INVESTIGACIÓN,ASFALTADA,CARRETERA,NACIONAL,LIMA,LIMA,PUENTE PIEDRA,-11.88600505,-77.06853415,PE-1N,27.92413604917126
2023-11-23,2023,11,3,0,1,1,CHOQUE,IMPRUDENCIA DEL CONDUCTOR,ASFALTADA,CARRETERA,NACIONAL,PUNO,EL COLLAO,ILAVE,-16.076368,-69.6619044,PE-3S,1414.6280557390908
2023-11-24,2023,11,4,0,1,0,CHOQUE FUGA,EN PROCESO DE INVESTIGACIÓN,ASFALTADA,CARRETERA,NACIONAL,PUNO,PUNO,ACORA,-16.06202,-69.691973,PE-3S,1411.2572413428463
2023-11-24,2023,11,4,0,2,1,VOLCADURA,IMPRUDENCIA DEL CONDUCTOR,ASFALTADA,CARRETERA,NACIONAL,CUSCO,URUBAMBA,OLLANTAYTAMBO,-13.209254,-72.299232,PE-28B,593.7246561023676
2023-11-25,2023,11,5,0,1,0,ATROPELLO FUGA,EN PROCESO DE INVESTIGACIÓN,ASFALTADA,CARRETERA,NACIONAL,LIMA,LIMA,PUNTA NEGRA,-12.36371115,-76.79252318,PE-1S,44.66659014991916
2023-11-25,2023,11,5,0,1,0,ATROPELLO,EN PROCESO DE INVESTIGACIÓN,ASFALTADA,CARRETERA,NACIONAL,ICA,CHINCHA,EL CARMEN,-13.560465,-76.180318,PE-1SE,17.633843020402008
2023-11-25,2023,11,5,0,1,3,DESPISTE,EN PROCESO DE INVESTIGACIÓN,ASFALTADA,CARRETERA,NACIONAL,HUANCAVELICA,TAYACAJA,ACOSTAMBO,-12.411749902772916,-75.0394585092174,PE-3S,178.84067006962297
2023-11-25,2023,11,5,0,1,4,CHOQUE,EN PROCESO DE INVESTIGACIÓN,ASFALTADA,CARRETERA,NACIONAL,AREQUIPA,AREQUIPA,SAN JUAN DE TARUCANI,-16.019116,-71.283545,PE-34A,130.41805045468257
2023-11-25,2023,11,5,0,1,0,ATROPELLO,IMPRUDENCIA DEL PEATÓN,ASFALTADA,CARRETERA,NACIONAL,CUSCO,QUISPICANCHI,OCONGATE,-13.649487,-71.298013,PE-30C,68.65891324484716
2023-11-25,2023,11,5,0,1,0,ATROPELLO,EN PROCESO DE INVESTIGACIÓN,ASFALTADA,CARRETERA,NACIONAL,AREQUIPA,AREQUIPA,LA JOYA,-16.512043,-71.809521,PE-1S,962.588669054395
2023-11-25,2023,11,5,0,1,0,CHOQUE,EN PROCESO DE INVESTIGACIÓN,ASFALTADA,CARRETERA,NACIONAL,SAN MARTIN,RIOJA,PARDO MIGUEL,-5.730906,-77.513107,PE-5N,1135.3946062492496
2023-11-26,2023,11,6,0,1,0,ATROPELLO FUGA,EN PROCESO DE INVESTIGACIÓN,ASFALTADA,CARRETERA,NACIONAL,LIMA,LIMA,LURIN,-12.297378,-76.8552,PE-1S,34.457013199385926
2023-11-26,2023,11,6,0,1,0,DESPISTE,EN PROCESO DE INVESTIGACIÓN,ASFALTADA,CARRETERA,NACIONAL,PIURA,AYABACA,PACAIPAMPA,-4.946504,-79.57293,PE-3N,1823.362137419265
2023-11-27,2023,11,0,0,1,0,ATROPELLO,EN PROCESO DE INVESTIGACIÓN,ASFALTADA,CARRETERA,NACIONAL,SAN MARTIN,MOYOBAMBA,JEPELACIO,-6.170109,-76.833266,PE-5N,1032.75945444982
2023-11-27,2023,11,0,0,1,0,CHOQUE,EN PROCESO DE INVESTIGACIÓN,ASFALTADA,CARRETERA,NACIONAL,LIMA,LIMA,CHORRILLOS,-12.222561,-76.974531,PE-1S,19.00323342092795
2023-11-27,2023,11,0,0,1,0,ATROPELLO FUGA,EN PROCESO DE INVESTIGACIÓN,ASFALTADA,CARRETERA,NACIONAL,LIMA,LIMA,PUNTA NEGRA,-12.368539,-76.787526,PE-1S,45.42955171212201
2023-11-28,2023,11,1,0,1,0,ATROPELLO FUGA,EN PROCESO DE INVESTIGACIÓN,ASFALTADA,CARRETERA,NACIONAL,LIMA,LIMA,RIMAC,-12.04196646,-77.01998696,PE-1N,7.232583737134267
2023-11-28,2023,11,1,0,1,1,CHOQUE,EN PROCESO DE INVESTIGACIÓN,ASFALTADA,CARRETERA,NACIONAL,LA LIBERTAD,SANTIAGO DE CHUCO,QUIRUVILCA,-7.993094,-78.293283,PE-3N,1050.8008561109714
2023-11-29,2023,11,2,0,1,0,ATROPELLO,IMPRUDENCIA DEL PEATÓN,ASFALTADA,CARRETERA,NACIONAL,TACNA,TACNA,SAMA,-17.833542,-70.536717,PE-1S,1252.8295291485515
2023-11-29,2023,11,2,0,1,0,CHOQUE,IMPERICIA DEL CONDUCTOR,ASFALTADA,CARRETERA,NACIONAL,CALLAO,CALLAO,VENTANILLA,-11.8250424,-77.1229566205,PE-1N,37.384946437056456
2023-11-29,2023,11,2,0,1,2,CHOQUE,IMPRUDENCIA DEL CONDUCTOR,ASFALTADA,CARRETERA,NACIONAL,PUNO,HUANCANE,PUSI,-15.3610386,-70.0521189,PE-34H,16.582962408455895
2023-11-29,2023,11,2,0,1,0,ATROPELLO FUGA,EN PROCESO DE INVESTIGACIÓN,ASFALTADA,CARRETERA,NACIONAL,JUNIN,HUANCAYO,SAN JERONIMO DE TUNAN,-11.957444,-75.276379,PE-3S,110.00495213445136
2023-11-29,2023,11,2,0,1,0,DESPISTE,EN PROCESO DE INVESTIGACIÓN,ASFALTADA,CARRETERA,NACIONAL,AREQUIPA,AREQUIPA,LA JOYA,-16.5050105,-71.8224081,PE-1S,961.009597031811
2023-11-30,2023,11,3,0,1,0,CHOQUE,IMPRUDENCIA DEL CONDUCTOR,ASFALTADA,CARRETERA,NACIONAL,LA LIBERTAD,VIRU,GUADALUPITO,-8.71773,-78.636349,PE-1N,474.797692491522
2023-11-30,2023,11,3,0,1,0,ATROPELLO,IMPRUDENCIA DEL CONDUCTOR,ASFALTADA,CARRETERA,NACIONAL,JUNIN,HUANCAYO,HUAYUCACHI,-12.122053433707189,-75.21870014405582,PE-3S,130.94198692682664
2023-11-30,2023,11,3,0,1,0,CHOQUE,IMPRUDENCIA DEL CONDUCTOR,ASFALTADA,CARRETERA,NACIONAL,LA LIBERTAD,TRUJILLO,VICTOR LARCO HERRERA,-8.142941314344641,-79.02747500593753,PE-1N,561.8298682412787
2023-11-30,2023,11,3,0,1,1,CHOQUE,IMPRUDENCIA DEL CONDUCTOR,ASFALTADA,CARRETERA,NACIONAL,LA LIBERTAD,CHEPEN,CHEPEN,-7.284048866827425,-79.31384107523171,PE-08,20.53079616918308
2023-12-01,2023,12,4,0,1,0,CHOQUE,EN PROCESO DE INVESTIGACIÓN,,CARRETERA,NACIONAL,PASCO,PASCO,NINACACA,-10.8936,-76.08042,PE-3N,87.06509772850238
2023-12-01,2023,12,4,0,2,0,CHOQUE FUGA,IMPRUDENCIA DEL CONDUCTOR,CONCRETO,CARRETERA,NACIONAL,CUSCO,CALCA,LAMAY,-13.377747,-71.916198,PE-28B,650.6950597962438
2023-12-01,2023,12,4,0,1,0,DESPISTE,EN PROCESO DE INVESTIGACIÓN,ASFALTADA,CARRETERA,NACIONAL,LA LIBERTAD,PACASMAYO,GUADALUPE,-7.259385,-79.489973,PE-1N,698.5460596606388
2023-12-02,2023,12,5,0,1,2,DESPISTE,IMPRUDENCIA DEL CONDUCTOR,ASFALTADA,CARRETERA,NACIONAL,CAJAMARCA,CHOTA,CHOTA,-6.6076301596672815,-78.62210422754289,PE-3N,1415.47875673982
2023-12-02,2023,12,5,0,1,0,ATROPELLO,EN PROCESO DE INVESTIGACIÓN,ASFALTADA,CARRETERA,NACIONAL,LIMA,LIMA,CARABAYLLO,-11.89026193,-77.04416421,PE-20A,5.624159338686611
2023-12-03,2023,12,6,0,1,0,CHOQUE,IMPRUDENCIA DEL CONDUCTOR,ASFALTADA,CARRETERA,NACIONAL,PUNO,AZANGARO,ASILLO,-14.66751,-70.368807,PE-34B,88.18217190482088
2023-12-03,2023,12,6,0,1,3,CHOQUE FUGA,EN PROCESO DE INVESTIGACIÓN,ASFALTADA,CARRETERA,NACIONAL,LIMA,HUARAL,AUCALLAMA,-11.6287267,-77.2074235,PE-1N,67.06264082080997
2023-12-03,2023,12,6,0,1,3,DESPISTE,EN PROCESO DE INVESTIGACIÓN,ASFALTADA,CARRETERA,NACIONAL,LA LIBERTAD,SANCHEZ CARRION,CHUGAY,-7.792644634373535,-77.77555664256874,PE-10C,44.59445412995713
2023-12-03,2023,12,6,0,1,0,ATROPELLO FUGA,EN PROCESO DE INVESTIGACIÓN,ASFALTADA,CARRETERA,NACIONAL,SAN MARTIN,RIOJA,NUEVA CAJAMARCA,-5.8048352,-77.3996292,PE-5N,1120.0672442016996
2023-12-03,2023,12,6,0,1,0,CHOQUE,EN PROCESO DE INVESTIGACIÓN,ASFALTADA,CARRETERA,NACIONAL,PIURA,HUANCABAMBA,HUANCABAMBA,-5.2469066,-79.454381,PE-02A,144.83822565974265
2023-12-04,2023,12,0,0,1,0,DESPISTE,IMPRUDENCIA DEL CONDUCTOR,ASFALTADA,CARRETERA,NACIONAL,LA LIBERTAD,TRUJILLO,HUANCHACO,-8.047964,-79.0859653,PE-1N,578.6677008130295
2023-12-04,2023,12,0,0,1,0,ATROPELLO,EN PROCESO DE INVESTIGACIÓN,ASFALTADA,CARRETERA,NACIONAL,LIMA,LIMA,LOS OLIVOS,-11.96652,-77.067755,PE-1N,18.77889919851846
2023-12-04,2023,12,0,0,1,0,CHOQUE,NEGLIGENCIA DEL CONDUCTOR,ASFALTADA,CARRETERA,NACIONAL,PUNO,EL COLLAO,ILAVE,-16.134258,-69.579571,PE-3S,1425.6789744364175
2023-12-04,2023,12,0,0,1,0,ATROPELLO,EN PROCESO DE INVESTIGACIÓN,ASFALTADA,CARRETERA,NACIONAL,LIMA,LIMA,ATE,-12.006244,-76.848847,PE-22,16.89334909402874
2023-12-04,2023,12,0,0,1,6,DESPISTE,IMPRUDENCIA DEL CONDUCTOR,AFIRMADO,CARRETERA,NACIONAL,CAJAMARCA,SAN IGNACIO,LA COIPA,-5.469562,-78.97762,PE-02B,111.80343260643292
2023-12-04,2023,12,0,0,1,0,ATROPELLO FUGA,EN PROCESO DE INVESTIGACIÓN,ASFALTADA,CARRETERA,NACIONAL,JUNIN,YAULI,LA OROYA,-11.524779043009966,-75.9124270200028,PE-22,174.7111263703963
2023-12-05,2023,12,1,0,1,2,ATROPELLO,EN PROCESO DE INVESTIGACIÓN,ASFALTADA,CARRETERA,NACIONAL,AREQUIPA,AREQUIPA,CERRO COLORADO,-16.382663,-71.577492,PE-34A,38.69211829432201
2023-12-05,2023,12,1,0,1,0,CHOQUE,IMPRUDENCIA DEL CONDUCTOR,ASFALTADA,CARRETERA,NACIONAL,PUNO,HUANCANE,TARACO,-15.289029,-69.947184,PE-34H,32.929728616891374
2023-12-05,2023,12,1,0,1,0,CHOQUE,EN PROCESO DE INVESTIGACIÓN,ASFALTADA,CARRETERA,NACIONAL,PIURA,PIURA,VEINTISEIS DE OCTUBRE,-5.21434154339334,-80.6530346532596,PE-1N,991.9284873545816
2023-12-05,2023,12,1,0,1,0,DESPISTE,EN PROCESO DE INVESTIGACIÓN,,CARRETERA,NACIONAL,JUNIN,YAULI,LA OROYA,-11.617519,-75.983458,PE-22,160.68528933073148
2023-12-07,2023,12,3,0,1,0,DESPISTE,NEGLIGENCIA DEL CONDUCTOR,ASFALTADA,CARRETERA,NACIONAL,LA LIBERTAD,ASCOPE,CHOCOPE,-7.786496,-79.239554,PE-1N,615.73577960111
2023-12-07,2023,12,3,0,1,0,CHOQUE,EN PROCESO DE INVESTIGACIÓN,ASFALTADA,CARRETERA,NACIONAL,AREQUIPA,ISLAY,MOLLENDO,-17.030132,-71.992784,PE-1SD,109.96616516600308
2023-12-07,2023,12,3,0,1,2,DESPISTE,IMPRUDENCIA DEL CONDUCTOR,ASFALTADA,CARRETERA,NACIONAL,PUNO,LAMPA,CALAPUJA,-15.2945642943843,-70.22315020084868,PE-34B,1.7740466095473448
2023-12-07,2023,12,3,0,1,1,VOLCADURA,IMPRUDENCIA DEL CONDUCTOR,ASFALTADA,CARRETERA,NACIONAL,CAJAMARCA,SAN PABLO,SAN BERNARDINO,-7.161975,-78.838138,PE-08A,13.080459438253513
2023-12-07,2023,12,3,0,1,2,DESPISTE,IMPRUDENCIA DEL CONDUCTOR,ASFALTADA,CARRETERA,NACIONAL,CAJAMARCA,CAJAMARCA,NAMORA,-7.187174,-78.356803,PE-3N,1251.9770513175426
2023-12-07,2023,12,3,0,1,1,ATROPELLO,EN PROCESO DE INVESTIGACIÓN,ASFALTADA,CARRETERA,NACIONAL,LIMA,LIMA,VILLA EL SALVADOR,-12.229058,-76.968159,PE-1S,20.00247554226247
2023-12-08,2023,12,4,0,1,0,CHOQUE,EN PROCESO DE INVESTIGACIÓN,ASFALTADA,CARRETERA,NACIONAL,LIMA,LIMA,LOS OLIVOS,-11.97016,-77.067188,PE-1N,18.367224600819934
2023-12-09,2023,12,5,0,1,0,CHOQUE,IMPRUDENCIA DEL CONDUCTOR,ASFALTADA,CARRETERA,NACIONAL,PUNO,LAMPA,PUCARA,-15.096223181605325,-70.35588195391449,PE-3S,1261.4579155400304
2023-12-09,2023,12,5,0,1,0,CHOQUE,EN PROCESO DE INVESTIGACIÓN,CONCRETO,CARRETERA,NACIONAL,AMAZONAS,RODRIGUEZ DE MENDOZA,SAN NICOLAS,-6.395578,-77.479176,PE-08B,412.896061332204
2023-12-09,2023,12,5,0,1,1,CHOQUE,EN PROCESO DE INVESTIGACIÓN,ASFALTADA,CARRETERA,NACIONAL,PIURA,HUANCABAMBA,CANCHAQUE,-5.389598,-79.609396,PE-02A,79.68646176906728
2023-12-09,2023,12,5,0,2,17,CHOQUE,IMPRUDENCIA DEL CONDUCTOR,ASFALTADA,CARRETERA,NACIONAL,TACNA,TACNA,SAMA,-17.7888694,-70.666925,PE-1S,1238.0180502060268
2023-12-10,2023,12,6,0,1,1,CHOQUE,IMPRUDENCIA DEL CONDUCTOR,ASFALTADA,CARRETERA,NACIONAL,PIURA,HUANCABAMBA,CANCHAQUE,-5.38985374388101,-79.5994902271649,PE-02A,84.99095711887274
2023-12-10,2023,12,6,0,1,0,CHOQUE,EN PROCESO DE INVESTIGACIÓN,ASFALTADA,CARRETERA,NACIONAL,JUNIN,YAULI,MOROCOCHA,-11.594118,-76.092812,PE-22,146.00065147116163
2023-12-10,2023,12,6,0,1,1,CHOQUE,IMPRUDENCIA DEL CONDUCTOR,ASFALTADA,CARRETERA,NACIONAL,LA LIBERTAD,VIRU,GUADALUPITO,-8.69736,-78.638,PE-1N,477.2391363102383
2023-12-10,2023,12,6,0,1,1,CHOQUE,NEGLIGENCIA DEL CONDUCTOR,ASFALTADA,CARRETERA,NACIONAL,CUSCO,CHUMBIVILCAS,QUIÑOTA,-14.298914,-72.139453,PE-3SG,53.51537784563098
2023-12-10,2023,12,6,0,1,0,CAÍDA DE PASAJERO,IMPRUDENCIA DEL CONDUCTOR,ASFALTADA,CARRETERA,NACIONAL,CUSCO,ANTA,ANTA,-13.462805127658916,-72.14815721872162,PE-3S,946.203669024984
2023-12-11,2023,12,0,0,1,1,CHOQUE CON OBJETO FIJO,IMPRUDENCIA DEL CONDUCTOR,ASFALTADA,CARRETERA,NACIONAL,CAJAMARCA,JAEN,JAEN,-5.887664,-78.82835,PE-04C,22.517793676895767
2023-12-12,2023,12,1,0,1,1,VOLCADURA,IMPRUDENCIA DEL CONDUCTOR,ASFALTADA,CARRETERA,NACIONAL,PUNO,CARABAYA,MACUSANI,-14.0553679,-70.43943277,PE-34B,185.34515893564952
2023-12-12,2023,12,1,0,1,1,DESPISTE,EN PROCESO DE INVESTIGACIÓN,ASFALTADA,CARRETERA,NACIONAL,LIMA,HUAURA,SAYAN,-11.16081,-77.30128,PE-18,34.02583787472061
2023-12-12,2023,12,1,0,1,1,CHOQUE,IMPRUDENCIA DEL CONDUCTOR,ASFALTADA,CARRETERA,NACIONAL,LA LIBERTAD,VIRU,CHAO,-8.540948,-78.675924,PE-1N,497.5059794221119
2023-12-12,2023,12,1,0,1,0,ATROPELLO FUGA,EN PROCESO DE INVESTIGACIÓN,ASFALTADA,CARRETERA,NACIONAL,TACNA,TACNA,SAMA,-17.878577835166208,-70.44786570530901,PE-1S,1263.5147771429738
2023-12-13,2023,12,2,0,1,1,DESPISTE,IMPRUDENCIA DEL CONDUCTOR,ASFALTADA,CARRETERA,NACIONAL,PUNO,CARABAYA,CRUCERO,-14.352796,-70.081775,PE-34K,19.41027913169381
2023-12-13,2023,12,2,0,3,0,CHOQUE,IMPRUDENCIA DEL CONDUCTOR,ASFALTADA,CARRETERA,NACIONAL,TACNA,JORGE BASADRE,ITE,-17.877327,-71.020774,PE-1SD,288.9599312479275
2023-12-14,2023,12,3,0,1,2,CHOQUE,EN PROCESO DE INVESTIGACIÓN,,CARRETERA,NACIONAL,JUNIN,JUNIN,JUNIN,-11.2148215,-75.9486199,PE-3N,45.4037309383867
2023-12-14,2023,12,3,0,2,1,CHOQUE,EN PROCESO DE INVESTIGACIÓN,ASFALTADA,CARRETERA,NACIONAL,LIMA,LIMA,SAN BARTOLO,-12.393781,-76.761351,PE-1S,49.43353006508121
2023-12-14,2023,12,3,0,3,8,DESPISTE,EN PROCESO DE INVESTIGACIÓN,ASFALTADA,CARRETERA,NACIONAL,LIMA,LIMA,LURIN,-12.251733,-76.92881,PE-1S,24.984550892967
2023-12-14,2023,12,3,0,6,0,CHOQUE,EN PROCESO DE INVESTIGACIÓN,ASFALTADA,CARRETERA,NACIONAL,AREQUIPA,CAYLLOMA,SAN ANTONIO DE CHUCA,-15.811953,-71.063505,PE-34A,169.6798343076045
2023-12-15,2023,12,4,0,1,0,DESPISTE,IMPRUDENCIA DEL CONDUCTOR,AFIRMADO,CARRETERA,NACIONAL,APURIMAC,COTABAMBAS,COTABAMBAS,-13.690021679739743,-72.33568609883423,PE-3SF,360.337269333643
2023-12-16,2023,12,5,0,1,1,CHOQUE FUGA,EN PROCESO DE INVESTIGACIÓN,ASFALTADA,CARRETERA,NACIONAL,SAN MARTIN,RIOJA,AWAJUN,-5.815621,-77.386,PE-5N,1118.1432234021372
2023-12-16,2023,12,5,0,1,0,ATROPELLO,EN PROCESO DE INVESTIGACIÓN,ASFALTADA,CARRETERA,NACIONAL,JUNIN,JUNIN,JUNIN,-11.182071,-75.975263,PE-3N,50.021171127616725
2023-12-17,2023,12,6,0,1,0,DESPISTE,IMPRUDENCIA DEL CONDUCTOR,CONCRETO,CARRETERA,NACIONAL,TUMBES,ZARUMILLA,AGUAS VERDES,-3.487611788808024,-80.262036290587,PE-1NO,4.619936785157001
2023-12-17,2023,12,6,0,1,0,ATROPELLO FUGA,EN PROCESO DE INVESTIGACIÓN,ASFALTADA,CARRETERA,NACIONAL,LIMA,HUAURA,HUACHO,-11.390197134798148,-77.4275368674903,PE-1N,112.2804422869955
2023-12-18,2023,12,0,0,1,0,ATROPELLO,IMPRUDENCIA DEL CONDUCTOR,ASFALTADA,CARRETERA,NACIONAL,PUNO,AZANGARO,ASILLO,-14.64756463358904,-70.36885057179829,PE-34B,90.21849854066
2023-12-18,2023,12,0,0,1,0,CAÍDA DE PASAJERO,IMPRUDENCIA DEL PASAJERO/OCUPANTE,TROCHA,CARRETERA,NACIONAL,APURIMAC,ANDAHUAYLAS,SANTA MARIA DE CHICMO,-13.60984006482,-73.5743559429463,PE-3S,585.7627578317714
2023-12-21,2023,12,3,0,1,1,DESPISTE,EN PROCESO DE INVESTIGACIÓN,ASFALTADA,CARRETERA,NACIONAL,HUANCAVELICA,HUANCAVELICA,HUANCAVELICA,-12.831734369066428,-75.08390838623534,PE-26,202.7648568472632
2023-12-22,2023,12,4,0,3,1,CHOQUE,IMPRUDENCIA DEL CONDUCTOR,ASFALTADA,CARRETERA,NACIONAL,PUNO,LAMPA,SANTA LUCIA,-15.693221,-70.813807,PE-34A,208.77032180265724
2023-12-22,2023,12,4,0,1,0,ATROPELLO,EN PROCESO DE INVESTIGACIÓN,,CARRETERA,NACIONAL,MOQUEGUA,ILO,ILO,-17.6421361,-71.338513,PE-1SD,240.4165547906202
2023-12-22,2023,12,4,0,1,0,ATROPELLO FUGA,IMPRUDENCIA DEL CONDUCTOR,ASFALTADA,CARRETERA,NACIONAL,CAJAMARCA,CHOTA,CHOTA,-6.54677903041724,-78.6789278257513,PE-3N,1429.1041905368195
2023-12-22,2023,12,4,0,1,0,ATROPELLO FUGA,EN PROCESO DE INVESTIGACIÓN,ASFALTADA,CARRETERA,NACIONAL,PUNO,HUANCANE,HUANCANE,-15.201595545830134,-69.82884143686498,PE-34H,52.19935397301306
2023-12-23,2023,12,5,0,1,0,ATROPELLO FUGA,EN PROCESO DE INVESTIGACIÓN,ASFALTADA,CARRETERA,NACIONAL,LIMA,LIMA,INDEPENDENCIA,-11.998718,-77.062731,PE-1N,15.133965712323574
2023-12-23,2023,12,5,0,1,0,DESPISTE,IMPRUDENCIA DEL CONDUCTOR,ASFALTADA,CARRETERA,NACIONAL,CAJAMARCA,CAJAMARCA,ENCAÑADA,-7.109593,-78.327777,PE-08B,28.071771114628497
2023-12-23,2023,12,5,0,1,0,CHOQUE,EN PROCESO DE INVESTIGACIÓN,ASFALTADA,CARRETERA,NACIONAL,LIMA,LIMA,LURIN,-12.266209,-76.905593,PE-1S,27.977336579362472
2023-12-24,2023,12,6,0,1,1,CHOQUE FUGA,IMPRUDENCIA DEL CONDUCTOR,ASFALTADA,CARRETERA,NACIONAL,TACNA,TACNA,TACNA,-18.101873147100203,-70.3391611262834,PE-1SD,380.4879568318205
2023-12-24,2023,12,6,0,1,0,ATROPELLO,IMPRUDENCIA DEL CONDUCTOR,CONCRETO,CARRETERA,NACIONAL,CAJAMARCA,JAEN,JAEN,-5.69783302289547,-78.8067434241607,PE-5N,1389.629505254598
2023-12-25,2023,12,0,0,2,0,DESPISTE,EN PROCESO DE INVESTIGACIÓN,ASFALTADA,CARRETERA,NACIONAL,HUANCAVELICA,TAYACAJA,PAZOS,-12.25171435148508,-75.08043804415979,PE-3SC,27.23703431077407
2023-12-25,2023,12,0,0,1,0,DESPISTE,IMPRUDENCIA DEL CONDUCTOR,ASFALTADA,CARRETERA,NACIONAL,LA LIBERTAD,TRUJILLO,TRUJILLO,-8.138102230312912,-79.01567181001322,PE-1N,559.0214874851325
2023-12-25,2023,12,0,0,1,0,DESPISTE,IMPRUDENCIA DEL CONDUCTOR,ASFALTADA,CARRETERA,NACIONAL,PUNO,SANDIA,SAN PEDRO DE PUTINA PUNCO,-14.121790215217096,-69.06377609506747,PE-34H,324.0079907242506
2023-12-25,2023,12,0,0,1,1,DESPISTE,EN PROCESO DE INVESTIGACIÓN,ASFALTADA,CARRETERA,NACIONAL,LIMA,LIMA,ANCON,-11.6910913,-77.1813526,PE-1N,59.143022458050126
2023-12-25,2023,12,0,0,1,0,CHOQUE,IMPRUDENCIA DEL CONDUCTOR,ASFALTADA,CARRETERA,NACIONAL,LA LIBERTAD,ASCOPE,CHICAMA,-7.8605314,-79.1406393,PE-1N,601.4314304715876
2023-12-25,2023,12,0,0,1,2,CHOQUE,IMPRUDENCIA DEL CONDUCTOR,ASFALTADA,CARRETERA,NACIONAL,TUMBES,CONTRALMIRANTE VILLAR,CANOAS DE PUNTA SAL,-3.947829765679749,-80.94430414407145,PE-1N,1203.4578851338474
2023-12-25,2023,12,0,0,1,0,ATROPELLO FUGA,EN PROCESO DE INVESTIGACIÓN,ASFALTADA,CARRETERA,NACIONAL,CUSCO,CANCHIS,MARANGANI,-14.372931589022834,-71.14914119457288,PE-3S,1129.167585187471
2023-12-26,2023,12,1,0,1,1,CHOQUE,IMPRUDENCIA DEL CONDUCTOR,ASFALTADA,CARRETERA,NACIONAL,PUNO,PUNO,PUNO,-15.8637267498256,-69.9877577092833,PE-3S,1368.7367927673329
2023-12-26,2023,12,1,0,1,0,ATROPELLO FUGA,IMPRUDENCIA DEL PEATÓN,ASFALTADA,CARRETERA,NACIONAL,PUNO,CHUCUITO,ZEPITA,-16.61062347869506,-69.17170818280924,PE-36A,289.3291948683525
2023-12-27,2023,12,2,0,1,0,CHOQUE,IMPRUDENCIA DEL CONDUCTOR,ASFALTADA,CARRETERA,NACIONAL,LA LIBERTAD,OTUZCO,OTUZCO,-7.956949348274883,-78.62499827373745,PE-10A,63.22410185676962
2023-12-27,2023,12,2,0,1,0,DESPISTE,EN PROCESO DE INVESTIGACIÓN,ASFALTADA,CARRETERA,NACIONAL,LIMA,LIMA,PUNTA HERMOSA,-12.316706,-76.831093,PE-1S,37.95124022006682
2023-12-28,2023,12,3,0,1,0,ATROPELLO,EN PROCESO DE INVESTIGACIÓN,ASFALTADA,CARRETERA,NACIONAL,LIMA,LIMA,SAN BARTOLO,-12.387481,-76.767881,PE-1S,48.43237507272782
2023-12-30,2023,12,5,0,1,3,CHOQUE,EN PROCESO DE INVESTIGACIÓN,ASFALTADA,CARRETERA,NACIONAL,AREQUIPA,AREQUIPA,LA JOYA,-16.600953,-71.855038,PE-1S,977.3538032048116
2023-12-30,2023,12,5,0,1,0,CHOQUE,IMPRUDENCIA DEL CONDUCTOR,ASFALTADA,CARRETERA,NACIONAL,PUNO,LAMPA,SANTA LUCIA,-15.6931912,-70.5982846,PE-34A,239.0006933695456
2023-12-30,2023,12,5,0,1,2,CHOQUE FUGA,EN PROCESO DE INVESTIGACIÓN,ASFALTADA,CARRETERA,NACIONAL,LA LIBERTAD,VIRU,CHAO,-8.524511100100609,-78.68306559031146,PE-1N,499.5727593137715
2023-12-30,2023,12,5,0,1,0,CHOQUE,IMPRUDENCIA DEL CONDUCTOR,ASFALTADA,CARRETERA,NACIONAL,SAN MARTIN,RIOJA,NUEVA CAJAMARCA,-5.90816563543019,-77.3238866475747,PE-5N,1105.5656351087075
2023-12-31,2023,12,6,0,1,1,CHOQUE,IMPRUDENCIA DEL CONDUCTOR,ASFALTADA,CARRETERA,NACIONAL,CAJAMARCA,HUALGAYOC,BAMBAMARCA,-6.710869,-78.546986,PE-3N,1383.47923779653
2023-12-31,2023,12,6,0,1,0,ATROPELLO,IMPRUDENCIA DEL PEATÓN,ASFALTADA,CARRETERA,NACIONAL,JUNIN,HUANCAYO,SAN JERONIMO DE TUNAN,-11.938189,-75.309347,PE-3S,105.80650911151452
2023-12-31,2023,12,6,0,1,0,ATROPELLO,EN PROCESO DE INVESTIGACIÓN,ASFALTADA,CARRETERA,NACIONAL,LA LIBERTAD,VIRU,CHAO,-8.53974,-78.676508,PE-1N,497.6528669838443
2023-12-31,2023,12,6,0,1,3,DESPISTE,IMPRUDENCIA DEL CONDUCTOR,ASFALTADA,CARRETERA,NACIONAL,PUNO,MELGAR,AYAVIRI,-14.8261374,-70.6743896,PE-3S,1211.830969910684
2024-01-01,2024,1,0,0,1,0,ATROPELLO FUGA,IMPRUDENCIA DEL PEATÓN,ASFALTADA,CARRETERA,NACIONAL,APURIMAC,ANDAHUAYLAS,KISHUARA,-13.693044,-73.113426,PE-3S,688.3440163779226
2024-01-01,2024,1,0,0,1,2,CHOQUE,EN PROCESO DE INVESTIGACIÓN,ASFALTADA,CARRETERA,NACIONAL,LIMA,LIMA,PUNTA NEGRA,-12.370873,-76.785224,PE-1S,45.78943535303048
2024-01-01,2024,1,0,0,1,0,DESPISTE,IMPRUDENCIA DEL CONDUCTOR,ASFALTADA,CARRETERA,NACIONAL,CUSCO,CALCA,CALCA,-13.338803,-71.951487,PE-28B,644.5396860165636
2024-01-01,2024,1,0,0,1,1,VOLCADURA,EN PROCESO DE INVESTIGACIÓN,ASFALTADA,CARRETERA,NACIONAL,LIMA,HUARAL,AUCALLAMA,-11.6088642,-77.1985057,PE-1N,69.87966559819122
2024-01-02,2024,1,1,0,1,5,DESPISTE,IMPRUDENCIA DEL CONDUCTOR,ASFALTADA,CARRETERA,NACIONAL,ICA,ICA,SALAS,-13.93429,-75.8748407,PE-1S,273.547450727748
2024-01-02,2024,1,1,0,1,0,ATROPELLO FUGA,IMPRUDENCIA DEL PEATÓN,ASFALTADA,CARRETERA,NACIONAL,LIMA,LIMA,ATE,-12.002245,-76.841545,PE-22,17.89091383889928
2024-01-03,2024,1,2,0,1,1,DESPISTE,EN PROCESO DE INVESTIGACIÓN,,CARRETERA,NACIONAL,MOQUEGUA,MARISCAL NIETO,CARUMAS,-16.8732611,-70.6061388,PE-36A,99.07568875901366
2024-01-03,2024,1,2,0,1,0,CHOQUE FUGA,IMPRUDENCIA DEL CONDUCTOR,ASFALTADA,CARRETERA,NACIONAL,LA LIBERTAD,TRUJILLO,HUANCHACO,-8.04705989803064,-79.08575599323305,PE-1N,578.7602222316889
2024-01-04,2024,1,3,0,1,5,CHOQUE,IMPRUDENCIA DEL CONDUCTOR,ASFALTADA,CARRETERA,NACIONAL,CUSCO,CANCHIS,SICUANI,-14.293865525830997,-71.21766143678256,PE-3S,1117.5570456649082
2024-01-04,2024,1,3,0,1,1,CHOQUE,IMPRUDENCIA DEL CONDUCTOR,ASFALTADA,CARRETERA,NACIONAL,TUMBES,CONTRALMIRANTE VILLAR,ZORRITOS,-3.711744570937884,-80.72526452116942,PE-1N,1242.314135098907
2024-01-04,2024,1,3,0,5,3,CHOQUE,EN PROCESO DE INVESTIGACIÓN,ASFALTADA,CARRETERA,NACIONAL,ICA,PISCO,INDEPENDENCIA,-13.6928243,-76.0222522,PE-28A,15.256079094009408
2024-01-04,2024,1,3,0,1,0,VOLCADURA,IMPRUDENCIA DEL CONDUCTOR,ASFALTADA,CARRETERA,NACIONAL,AYACUCHO,HUAMANGA,QUINUA,-13.0115568993304,-74.1223643561845,PE-28B,28.004045803388347
2024-01-04,2024,1,3,0,1,0,CHOQUE,IMPRUDENCIA DEL CONDUCTOR,ASFALTADA,CARRETERA,NACIONAL,PUNO,SAN ROMAN,SAN MIGUEL,-15.4239746,-70.1448474,PE-3S,1308.7564543589576
2024-01-05,2024,1,4,0,1,8,CHOQUE,IMPRUDENCIA DEL CONDUCTOR,ASFALTADA,CARRETERA,NACIONAL,JUNIN,HUANCAYO,PILCOMAYO,-12.035144,-75.261397,PE-3SB,36.73888328147512
2024-01-05,2024,1,4,0,1,0,CHOQUE,EN PROCESO DE INVESTIGACIÓN,ASFALTADA,CARRETERA,NACIONAL,AREQUIPA,AREQUIPA,UCHUMAYO,-16.470623,-71.694365,PE-34A,14.068386029253436
2024-01-05,2024,1,4,0,2,3,DESPISTE,IMPRUDENCIA DEL CONDUCTOR,ASFALTADA,CARRETERA,NACIONAL,TACNA,TARATA,TARATA,-17.437390990135217,-69.97383887291441,PE-38,113.0796391518916
2024-01-05,2024,1,4,0,1,1,ESPECIAL,IMPRUDENCIA DEL CONDUCTOR,ASFALTADA,CARRETERA,NACIONAL,CUSCO,CHUMBIVILCAS,SANTO TOMAS,-14.515837,-72.036882,PE-3SG,108.78279500225668
2024-01-05,2024,1,4,0,1,0,DESPISTE,IMPRUDENCIA DEL CONDUCTOR,CONCRETO,CARRETERA,NACIONAL,CUSCO,ANTA,CHINCHAYPUJIO,-13.633740337236652,-72.23675544699353,PE-3SF,396.04822175225314
2024-01-06,2024,1,5,0,1,1,CHOQUE,IMPRUDENCIA DEL CONDUCTOR,ASFALTADA,CARRETERA,NACIONAL,CUSCO,ESPINAR,COPORAQUE,-14.608693,-71.671846,PE-3SG,195.1647713724316
2024-01-06,2024,1,5,0,1,0,CHOQUE,EN PROCESO DE INVESTIGACIÓN,,CARRETERA,NACIONAL,PASCO,PASCO,YANACANCHA,-10.5630867110576,-76.1928660536988,PE-3N,151.0893675622484
2024-01-07,2024,1,6,0,1,0,DESPISTE,EN PROCESO DE INVESTIGACIÓN,ASFALTADA,CARRETERA,NACIONAL,AREQUIPA,AREQUIPA,UCHUMAYO,-16.425136,-71.662889,PE-34A,26.351018329557636
2024-01-07,2024,1,6,0,1,3,DESPISTE,IMPRUDENCIA DEL CONDUCTOR,ASFALTADA,CARRETERA,NACIONAL,AYACUCHO,CANGALLO,MARIA PARADO DE BELLIDO,-13.61998,-74.261692,PE-30D,235.7794857887771
2024-01-08,2024,1,0,0,1,0,CHOQUE FUGA,EN PROCESO DE INVESTIGACIÓN,ASFALTADA,CARRETERA,NACIONAL,LIMA,LIMA,VILLA EL SALVADOR,-12.232089,-76.963748,PE-1S,20.596945956998315
2024-01-08,2024,1,0,0,7,8,DESPISTE,IMPRUDENCIA DEL CONDUCTOR,ASFALTADA,CARRETERA,NACIONAL,LA LIBERTAD,ASCOPE,CHICAMA,-7.957124,-79.088982,PE-1N,589.245116757293
2024-01-09,2024,1,1,0,1,0,CHOQUE,IMPRUDENCIA DEL CONDUCTOR,ASFALTADA,CARRETERA,NACIONAL,LA LIBERTAD,VIRU,GUADALUPITO,-8.71681945078552,-78.63644593856343,PE-1N,474.89887266553615
2024-01-10,2024,1,2,0,2,2,CHOQUE,EN PROCESO DE INVESTIGACIÓN,ASFALTADA,CARRETERA,NACIONAL,ICA,ICA,SANTIAGO,-14.3350689,-75.6615314,PE-1S,329.60612772972223
2024-01-11,2024,1,3,0,1,0,ATROPELLO,NEGLIGENCIA DEL CONDUCTOR,ASFALTADA,CARRETERA,NACIONAL,CALLAO,CALLAO,VENTANILLA,-11.8693538236127,-77.1277735826605,PE-20,5.190763224139004
2024-01-12,2024,1,4,0,2,0,CHOQUE,EN PROCESO DE INVESTIGACIÓN,ASFALTADA,CARRETERA,NACIONAL,PIURA,PIURA,LA UNION,-5.3674,-80.73084,PE-1NK,18.767107492585964
2024-01-13,2024,1,5,0,1,0,DESPISTE,IMPRUDENCIA DEL CONDUCTOR,ASFALTADA,CARRETERA,NACIONAL,JUNIN,JAUJA,CURICACA,-11.81468,-75.620389,PE-3S,55.34186996910877
2024-01-13,2024,1,5,0,1,0,CHOQUE FUGA,EN PROCESO DE INVESTIGACIÓN,ASFALTADA,CARRETERA,NACIONAL,LIMA,HUARAL,CHANCAY,-11.573817,-77.2631322,PE-1N,80.7927899091911
2024-01-13,2024,1,5,0,1,0,ATROPELLO,EN PROCESO DE INVESTIGACIÓN,ASFALTADA,CARRETERA,NACIONAL,AREQUIPA,AREQUIPA,CERRO COLORADO,-16.407098,-71.603607,PE-34A,33.85946325200119
2024-01-14,2024,1,6,0,1,3,CHOQUE,IMPRUDENCIA DEL CONDUCTOR,ASFALTADA,CARRETERA,NACIONAL,CAJAMARCA,JAEN,JAEN,-5.655685,-78.754393,PE-5N,1397.215737506563
2024-01-14,2024,1,6,0,4,0,CHOQUE,IMPRUDENCIA DEL CONDUCTOR,ASFALTADA,CARRETERA,NACIONAL,LA LIBERTAD,TRUJILLO,VICTOR LARCO HERRERA,-8.142941,-79.027475,PE-1N,561.8298682412787
2024-01-14,2024,1,6,0,1,0,CHOQUE,IMPRUDENCIA DEL CONDUCTOR,ASFALTADA,CARRETERA,NACIONAL,LIMA,LIMA,PUENTE PIEDRA,-11.841075,-77.104197,PE-1N,34.706856248474686
2024-01-14,2024,1,6,0,1,0,CHOQUE,IMPRUDENCIA DEL CONDUCTOR,ASFALTADA,CARRETERA,NACIONAL,AYACUCHO,LUCANAS,PUQUIO,-14.69072,-74.121177,PE-30A,157.31733548956095
2024-01-15,2024,1,0,0,1,0,CHOQUE,EN PROCESO DE INVESTIGACIÓN,ASFALTADA,CARRETERA,NACIONAL,AMAZONAS,UTCUBAMBA,EL MILAGRO,-5.711679,-78.614155,PE-5NC,0.7062231293132466
2024-01-15,2024,1,0,0,4,0,DESPISTE,EN PROCESO DE INVESTIGACIÓN,ASFALTADA,CARRETERA,NACIONAL,HUANCAVELICA,HUANCAVELICA,HUANCAVELICA,-12.779638933721444,-75.02764086671536,PE-26,215.8508513023845
2024-01-15,2024,1,0,0,1,0,CHOQUE,EN PROCESO DE INVESTIGACIÓN,ASFALTADA,CARRETERA,NACIONAL,LA LIBERTAD,TRUJILLO,TRUJILLO,-8.108898137812147,-78.9962266928641,PE-10A,3.8591163537676993
2024-01-16,2024,1,1,0,1,0,ATROPELLO,EN PROCESO DE INVESTIGACIÓN,ASFALTADA,CARRETERA,NACIONAL,ICA,PISCO,SAN CLEMENTE,-13.6702363,-76.1543612,PE-1S,220.61256715861808
2024-01-17,2024,1,2,0,1,0,DESPISTE,IMPRUDENCIA DEL CONDUCTOR,ASFALTADA,CARRETERA,NACIONAL,PUNO,CHUCUITO,POMATA,-16.275652406868424,-69.28982171871066,PE-3S,1466.7442683733316
2024-01-18,2024,1,3,0,6,0,DESPISTE,EN PROCESO DE INVESTIGACIÓN,ASFALTADA,CARRETERA,NACIONAL,HUANCAVELICA,TAYACAJA,ACOSTAMBO,-12.510753175346013,-74.96593179652756,PE-3S,194.69978298495883
2024-01-18,2024,1,3,0,1,3,CHOQUE,EN PROCESO DE INVESTIGACIÓN,ASFALTADA,CARRETERA,NACIONAL,PIURA,PIURA,LA UNION,-5.37521,-80.73528,PE-1NK,19.76361396133774
2024-01-18,2024,1,3,0,1,0,ATROPELLO,IMPRUDENCIA DEL PEATÓN,ASFALTADA,CARRETERA,NACIONAL,LIMA,LIMA,LURIGANCHO,-11.965511815118944,-76.74331488726784,PE-22,29.25685107452349
2024-01-19,2024,1,4,0,3,3,CHOQUE,IMPRUDENCIA DEL CONDUCTOR,ASFALTADA,CARRETERA,NACIONAL,JUNIN,YAULI,LA OROYA,-11.678067474093126,-75.77899216746763,PE-3S,28.302342303365943
2024-01-19,2024,1,4,0,1,1,DESPISTE,IMPRUDENCIA DEL CONDUCTOR,ASFALTADA,CARRETERA,NACIONAL,PUNO,CARABAYA,AYAPATA,-13.2086247,-70.3664761,PE-34B,346.9923830958756
2024-01-20,2024,1,5,0,1,0,VOLCADURA,IMPRUDENCIA DEL CONDUCTOR,ASFALTADA,CARRETERA,NACIONAL,PUNO,LAMPA,CALAPUJA,-15.314595,-70.205073,PE-3S,1295.642935033007
2024-01-21,2024,1,6,0,1,0,DESPISTE,EN PROCESO DE INVESTIGACIÓN,ASFALTADA,CARRETERA,NACIONAL,PIURA,PIURA,PIURA,-5.10959,-80.70302,PE-1N,1007.758439302221
2024-01-23,2024,1,1,0,1,2,DESPISTE,IMPRUDENCIA DEL CONDUCTOR,ASFALTADA,CARRETERA,NACIONAL,JUNIN,JUNIN,CARHUAMAYO,-10.9724482455096,-76.03874266751114,PE-3N,76.82570004356283
2024-01-23,2024,1,1,0,1,3,DESPISTE,EN PROCESO DE INVESTIGACIÓN,ASFALTADA,CARRETERA,NACIONAL,LA LIBERTAD,CHEPEN,PACANGA,-7.155462619631218,-79.44490654375898,PE-1N,714.6401561250811
2024-01-24,2024,1,2,0,1,1,DESPISTE,EN PROCESO DE INVESTIGACIÓN,AFIRMADO,CARRETERA,NACIONAL,LA LIBERTAD,PATAZ,PIAS,-7.8781268327924305,-77.62553922514466,PE-10C,111.21067421055616
2024-01-24,2024,1,2,0,1,0,CHOQUE,IMPRUDENCIA DEL CONDUCTOR,ASFALTADA,CARRETERA,NACIONAL,SAN MARTIN,RIOJA,RIOJA,-6.032884,-77.203903,PE-5N,1085.49685510241
2024-01-24,2024,1,2,0,1,1,ATROPELLO,IMPRUDENCIA DEL CONDUCTOR,ASFALTADA,CARRETERA,NACIONAL,CAJAMARCA,CAJAMARCA,LLACANORA,-7.2038385,-78.4449817,PE-3N,1266.1878754739591
2024-01-25,2024,1,3,0,1,1,ESPECIAL,IMPRUDENCIA DEL CONDUCTOR,ASFALTADA,CARRETERA,NACIONAL,CUSCO,LA CONVENCION,HUAYOPATA,-13.08333444,-72.37108182,PE-28B,534.0823541259288
2024-01-26,2024,1,4,0,1,0,CHOQUE,IMPRUDENCIA DEL CONDUCTOR,ASFALTADA,CARRETERA,NACIONAL,LIMA,LIMA,SANTIAGO DE SURCO,-12.103571,-76.979097,PE-1S,5.400242587246143
2024-01-26,2024,1,4,0,2,12,CHOQUE,IMPRUDENCIA DEL CONDUCTOR,ASFALTADA,CARRETERA,NACIONAL,LIMA,LIMA,LURIGANCHO,-12.019916,-76.949666,PE-22,4.867286312566416
2024-01-26,2024,1,4,0,1,0,ATROPELLO,EN PROCESO DE INVESTIGACIÓN,ASFALTADA,CARRETERA,NACIONAL,AREQUIPA,ISLAY,MOLLENDO,-16.697181,-71.923837,PE-34,9.77003942571416
2024-01-27,2024,1,5,0,1,1,CHOQUE,IMPRUDENCIA DEL CONDUCTOR,ASFALTADA,CARRETERA,NACIONAL,PUNO,SAN ROMAN,SAN MIGUEL,-15.4093744,-70.1501147,PE-3S,1307.1475728703076
2024-01-28,2024,1,6,0,1,0,DESPISTE,EN PROCESO DE INVESTIGACIÓN,ASFALTADA,CARRETERA,NACIONAL,AREQUIPA,AREQUIPA,JOSE LUIS BUSTAMANTE Y RIVERO,-16.424799,-71.53698,PE-34C,5.897182043981247
2024-01-28,2024,1,6,0,1,0,ATROPELLO,IMPRUDENCIA DEL PEATÓN,ASFALTADA,CARRETERA,NACIONAL,CUSCO,QUISPICANCHI,OCONGATE,-13.630470178023907,-71.3863074300969,PE-30C,56.31199303117168
2024-01-28,2024,1,6,0,1,0,ATROPELLO FUGA,EN PROCESO DE INVESTIGACIÓN,ASFALTADA,CARRETERA,NACIONAL,LIMA,LIMA,LURIN,-12.2904,-76.866898,PE-1S,32.965254249203944
2024-01-28,2024,1,6,0,2,0,CHOQUE,IMPRUDENCIA DEL CONDUCTOR,ASFALTADA,CARRETERA,NACIONAL,LA LIBERTAD,PACASMAYO,PACASMAYO,-7.389810801077667,-79.55393808511957,PE-1N,679.1099445119216
2024-01-29,2024,1,0,0,1,2,CHOQUE,IMPRUDENCIA DEL CONDUCTOR,ASFALTADA,CARRETERA,NACIONAL,PASCO,PASCO,HUARIACA,-10.4196126917929,-76.198280783964,PE-3N,169.68132841715965
2024-01-30,2024,1,1,0,1,2,CHOQUE,EN PROCESO DE INVESTIGACIÓN,,CARRETERA,NACIONAL,ICA,CHINCHA,TAMBO DE MORA,-13.451202,-76.179654,PE-1SE,5.417923058879287
2024-01-30,2024,1,1,0,1,0,CHOQUE,IMPRUDENCIA DEL CONDUCTOR,ASFALTADA,CARRETERA,NACIONAL,TUMBES,ZARUMILLA,PAPAYAL,-3.519941599485532,-80.33883849157193,PE-1N,1292.6624327300715
2024-01-30,2024,1,1,0,1,1,VOLCADURA,EN PROCESO DE INVESTIGACIÓN,ASFALTADA,CARRETERA,NACIONAL,LIMA,LIMA,LURIN,-12.25405336401733,-76.90392935782728,PE-1S,27.427567612203624
2024-01-31,2024,1,2,0,1,2,CHOQUE,EN PROCESO DE INVESTIGACIÓN,ASFALTADA,CARRETERA,NACIONAL,ICA,PISCO,INDEPENDENCIA,-13.687974,-76.036773,PE-28A,13.581746249500329
2024-01-31,2024,1,2,0,1,1,ATROPELLO,IMPRUDENCIA DEL CONDUCTOR,ASFALTADA,CARRETERA,NACIONAL,ICA,ICA,ICA,-14.0477823,-75.7486046,PE-1S,294.5483078399881
2024-01-31,2024,1,2,0,1,0,ATROPELLO,IMPRUDENCIA DEL PEATÓN,ASFALTADA,CARRETERA,NACIONAL,LIMA,LIMA,PUENTE PIEDRA,-11.833299,-77.113696,PE-1N,36.07029628130691
2024-02-01,2024,2,3,0,1,1,CHOQUE,EN PROCESO DE INVESTIGACIÓN,ASFALTADA,CARRETERA,NACIONAL,AREQUIPA,AREQUIPA,CERRO COLORADO,-16.405828,-71.590258,PE-34A,35.30263195083749
2024-02-01,2024,2,3,0,1,0,CHOQUE,IMPRUDENCIA DEL CONDUCTOR,ASFALTADA,CARRETERA,NACIONAL,CAJAMARCA,CONTUMAZA,YONAN,-7.19316406912989,-79.0365946435428,PE-08,65.55222946936749
2024-02-01,2024,2,3,0,1,0,DESPISTE,IMPRUDENCIA DEL CONDUCTOR,ASFALTADA,CARRETERA,NACIONAL,CAJAMARCA,JAEN,JAEN,-5.819416,-78.761322,PE-5N,1372.5435375091772
2024-02-03,2024,2,5,0,1,42,DESPISTE,EN PROCESO DE INVESTIGACIÓN,ASFALTADA,CARRETERA,NACIONAL,AREQUIPA,AREQUIPA,SANTA ISABEL DE SIGUAS,-16.344522,-72.13654,PE-1S,915.8941560889632
2024-02-03,2024,2,5,0,1,0,ATROPELLO FUGA,EN PROCESO DE INVESTIGACIÓN,ASFALTADA,CARRETERA,NACIONAL,CUSCO,ANTA,CACHIMAYO,-13.48309722,-72.07851111,PE-3S,954.4962149890794
2024-02-04,2024,2,6,0,1,0,ATROPELLO,IMPRUDENCIA DEL PEATÓN,ASFALTADA,CARRETERA,NACIONAL,LIMA,LIMA,SANTIAGO DE SURCO,-12.137127886611736,-76.98051980293926,PE-1S,9.193663523465816
2024-02-04,2024,2,6,0,1,1,CHOQUE,IMPRUDENCIA DEL CONDUCTOR,ASFALTADA,CARRETERA,NACIONAL,CUSCO,CANCHIS,CHECACUPE,-14.021116,-71.457318,PE-3S,1072.2280586128777
2024-02-04,2024,2,6,0,1,0,CHOQUE,IMPRUDENCIA DEL CONDUCTOR,ASFALTADA,CARRETERA,NACIONAL,LIMA,LIMA,ATE,-12.005740351005828,-76.84699142372398,PE-22,17.120254879935537
2024-02-04,2024,2,6,0,1,6,CHOQUE,EN PROCESO DE INVESTIGACIÓN,ASFALTADA,CARRETERA,NACIONAL,AREQUIPA,ISLAY,MEJIA,-17.086773,-71.916507,PE-1SD,120.99256533332374
2024-02-04,2024,2,6,0,1,0,ATROPELLO,IMPRUDENCIA DEL CONDUCTOR,ASFALTADA,CARRETERA,NACIONAL,CUSCO,CANCHIS,SAN PEDRO,-14.191723,-71.334076,PE-3S,1098.3264491731732
2024-02-05,2024,2,0,0,1,2,DESPISTE,IMPRUDENCIA DEL CONDUCTOR,ASFALTADA,CARRETERA,NACIONAL,SAN MARTIN,MOYOBAMBA,MOYOBAMBA,-6.049091,-77.039877,PE-5N,1065.4504312136191
2024-02-05,2024,2,0,0,1,0,CHOQUE,IMPRUDENCIA DEL CONDUCTOR,ASFALTADA,CARRETERA,NACIONAL,PIURA,PIURA,CATACAOS,-5.2430366,-80.63186833,PE-1N,987.3596774371572
2024-02-07,2024,2,2,0,1,0,ATROPELLO,IMPRUDENCIA DEL PEATÓN,ASFALTADA,CARRETERA,NACIONAL,SAN MARTIN,RIOJA,ELIAS SOPLIN VARGAS,-5.995798,-77.272301,PE-5N,1094.101380019238
2024-02-08,2024,2,3,0,2,16,CHOQUE,EN PROCESO DE INVESTIGACIÓN,ASFALTADA,CARRETERA,NACIONAL,LA LIBERTAD,VIRU,VIRU,-8.4216244,-78.783933,PE-1N,516.2799496969658
2024-02-08,2024,2,3,0,1,1,CHOQUE,EN PROCESO DE INVESTIGACIÓN,ASFALTADA,CARRETERA,NACIONAL,PIURA,MORROPON,CHULUCANAS,-5.1395028,-80.299236,PE-1NJ,229.76522112399888
2024-02-08,2024,2,3,0,1,0,ATROPELLO,EN PROCESO DE INVESTIGACIÓN,ASFALTADA,CARRETERA,NACIONAL,AREQUIPA,AREQUIPA,SANTA RITA DE SIGUAS,-16.4109775,-72.054234,PE-1S,930.764592171682
2024-02-09,2024,2,4,0,1,1,CHOQUE,IMPRUDENCIA DEL CONDUCTOR,ASFALTADA,CARRETERA,NACIONAL,CUSCO,LA CONVENCION,ECHARATE,-12.5978,-72.7246,PE-28B,389.3140230521236
2024-02-10,2024,2,5,0,2,3,DESPISTE,IMPRUDENCIA DEL CONDUCTOR,ASFALTADA,CARRETERA,NACIONAL,AYACUCHO,LUCANAS,LEONCIO PRADO,-14.692914,-74.514535,PE-30A,76.13575006717029
2024-02-10,2024,2,5,0,5,4,CHOQUE,EN PROCESO DE INVESTIGACIÓN,ASFALTADA,CARRETERA,NACIONAL,AREQUIPA,CAYLLOMA,SAN ANTONIO DE CHUCA,-15.77775,-71.02783,PE-34A,175.0685840955131
2024-02-10,2024,2,5,0,1,0,ATROPELLO,EN PROCESO DE INVESTIGACIÓN,ASFALTADA,CARRETERA,NACIONAL,LIMA,LIMA,COMAS,-11.924761,-77.072911,PE-1N,23.45549358364598
2024-02-11,2024,2,6,0,1,0,ATROPELLO FUGA,EN PROCESO DE INVESTIGACIÓN,ASFALTADA,CARRETERA,NACIONAL,LIMA,LIMA,RIMAC,-12.039285459106347,-77.01535039521532,PE-1N,6.644632845089315
2024-02-11,2024,2,6,0,1,0,ATROPELLO,EN PROCESO DE INVESTIGACIÓN,ASFALTADA,CARRETERA,NACIONAL,LIMA,CAÑETE,CHILCA,-12.414608,-76.755467,PE-1S,51.93590330929789
2024-02-11,2024,2,6,0,1,1,CHOQUE,EN PROCESO DE INVESTIGACIÓN,ASFALTADA,CARRETERA,NACIONAL,LIMA,LIMA,SAN JUAN DE MIRAFLORES,-12.162197,-76.981838,PE-1S,12.038451533885793
2024-02-11,2024,2,6,0,1,0,ATROPELLO,EN PROCESO DE INVESTIGACIÓN,ASFALTADA,CARRETERA,NACIONAL,ICA,PISCO,PISCO,-13.712522,-76.153459,PE-1S,225.7367834454699
2024-02-12,2024,2,0,0,5,0,DESPISTE,IMPRUDENCIA DEL CONDUCTOR,ASFALTADA,CARRETERA,NACIONAL,CUSCO,LA CONVENCION,HUAYOPATA,-13.085378,-72.380995,PE-28B,535.3184099227539
2024-02-12,2024,2,0,0,1,3,CHOQUE,EN PROCESO DE INVESTIGACIÓN,ASFALTADA,CARRETERA,NACIONAL,ICA,PISCO,SAN ANDRES,-13.760777,-76.16635,PE-1SE,40.75825865529682
2024-02-12,2024,2,0,0,1,0,DESPISTE,EN PROCESO DE INVESTIGACIÓN,ASFALTADA,CARRETERA,NACIONAL,PIURA,MORROPON,LA MATANZA,-5.36539292581917,-80.0604099705959,PE-1NJ,176.8252419934175
2024-02-13,2024,2,1,0,1,0,DESPISTE,EN PROCESO DE INVESTIGACIÓN,ASFALTADA,CARRETERA,NACIONAL,ICA,PALPA,PALPA,-14.458532,-75.134393,PE-30D,11.610985430419843
2024-02-13,2024,2,1,0,1,0,ATROPELLO,EN PROCESO DE INVESTIGACIÓN,ASFALTADA,CARRETERA,NACIONAL,LIMA,LIMA,LURIN,-12.305581,-76.838982,PE-1S,36.45397419813119
2024-02-14,2024,2,2,0,1,3,DESPISTE,IMPRUDENCIA DEL CONDUCTOR,ASFALTADA,CARRETERA,NACIONAL,CUSCO,CHUMBIVILCAS,VELILLE,-14.580281502022988,-71.72681799304192,PE-3SG,182.0307696871896
2024-02-14,2024,2,2,0,1,3,DESPISTE,INFRAESTRUCTURA Y ENTORNO VIAL,ASFALTADA,CARRETERA,NACIONAL,PUNO,CHUCUITO,ZEPITA,-16.468774098015313,-69.12988720003219,PE-3S,1496.887286201094
2024-02-14,2024,2,2,0,1,0,CHOQUE,EN PROCESO DE INVESTIGACIÓN,ASFALTADA,CARRETERA,NACIONAL,PUNO,EL COLLAO,ILAVE,-16.0952657,-69.6220801,PE-3S,1419.324372508131
2024-02-16,2024,2,4,0,1,0,DESPISTE,EN PROCESO DE INVESTIGACIÓN,ASFALTADA,CARRETERA,NACIONAL,LIMA,LIMA,VILLA EL SALVADOR,-12.233846,-76.960711,PE-1S,20.98007944355173
2024-02-17,2024,2,5,0,1,0,ATROPELLO FUGA,EN PROCESO DE INVESTIGACIÓN,ASFALTADA,CARRETERA,NACIONAL,CAJAMARCA,CAJAMARCA,MAGDALENA,-7.271027,-78.623922,PE-08,120.15718294649916
2024-02-17,2024,2,5,0,1,0,ATROPELLO FUGA,EN PROCESO DE INVESTIGACIÓN,TROCHA,CARRETERA,NACIONAL,ICA,NASCA,MARCONA,-15.25923313,-75.04067431,PE-30,20.05472096894879
2024-02-17,2024,2,5,0,1,1,DESPISTE,EN PROCESO DE INVESTIGACIÓN,ASFALTADA,CARRETERA,NACIONAL,ICA,PISCO,HUMAY,-13.718896,-75.868129,PE-28A,33.33573121373356
2024-02-17,2024,2,5,0,1,0,CHOQUE,IMPRUDENCIA DEL CONDUCTOR,ASFALTADA,CARRETERA,NACIONAL,CAJAMARCA,SAN IGNACIO,CHIRINOS,-5.305776,-78.812628,PE-5N,1448.8191861193916
2024-02-17,2024,2,5,0,1,0,ATROPELLO,IMPRUDENCIA DEL CONDUCTOR,ASFALTADA,CARRETERA,NACIONAL,CAJAMARCA,CAJAMARCA,CAJAMARCA,-7.1651918,-78.4820803,PE-08B,2.2443770694513017
2024-02-17,2024,2,5,0,1,0,ATROPELLO FUGA,EN PROCESO DE INVESTIGACIÓN,ASFALTADA,CARRETERA,NACIONAL,CUSCO,CUSCO,SAYLLA,-13.5641,-71.8394,PE-3S,988.3464709655908
2024-02-18,2024,2,6,0,1,0,ATROPELLO FUGA,IMPRUDENCIA DEL CONDUCTOR,ASFALTADA,CARRETERA,NACIONAL,PUNO,CHUCUITO,JULI,-16.177411068268153,-69.53393190086886,PE-3S,1432.7683904701737
2024-02-18,2024,2,6,0,1,0,ATROPELLO FUGA,EN PROCESO DE INVESTIGACIÓN,ASFALTADA,CARRETERA,NACIONAL,TACNA,TACNA,LA YARADA LOS PALOS,-18.177781,-70.504505,PE-1SD,360.40197547466056
2024-02-18,2024,2,6,0,1,0,ATROPELLO FUGA,EN PROCESO DE INVESTIGACIÓN,ASFALTADA,CARRETERA,NACIONAL,ICA,ICA,SANTIAGO,-14.398034,-75.578175,PE-1S,341.54623825569035
2024-02-18,2024,2,6,0,1,0,ATROPELLO,EN PROCESO DE INVESTIGACIÓN,ASFALTADA,CARRETERA,NACIONAL,LA LIBERTAD,TRUJILLO,MOCHE,-8.15767336,-79.01224176,PE-1N,556.7287803494614
2024-02-18,2024,2,6,0,1,0,ATROPELLO,EN PROCESO DE INVESTIGACIÓN,ASFALTADA,CARRETERA,NACIONAL,AREQUIPA,AREQUIPA,UCHUMAYO,-16.409664,-71.619861,PE-34A,32.08598076779519
2024-02-19,2024,2,0,0,3,0,CHOQUE,IMPRUDENCIA DEL CONDUCTOR,ASFALTADA,CARRETERA,NACIONAL,CUSCO,QUISPICANCHI,OROPESA,-13.590847627281422,-71.7892386920133,PE-3S,994.6636557509572
2024-02-19,2024,2,0,0,1,0,DESPISTE,EN PROCESO DE INVESTIGACIÓN,ASFALTADA,CARRETERA,NACIONAL,LIMA,HUAROCHIRI,RICARDO PALMA,-11.922041033393077,-76.62634651068272,PE-22,44.22123723717771
2024-02-19,2024,2,0,0,1,1,DESPISTE,IMPRUDENCIA DEL CONDUCTOR,ASFALTADA,CARRETERA,NACIONAL,JUNIN,TARMA,TARMA,-11.40438493061171,-75.88275069550514,PE-22B,0.059775769685201
2024-02-20,2024,2,1,0,1,4,CHOQUE,EN PROCESO DE INVESTIGACIÓN,,CARRETERA,NACIONAL,ICA,CHINCHA,GROCIO PRADO,-13.400668,-76.195051,PE-1S,184.4134196791515
2024-02-20,2024,2,1,0,1,0,ATROPELLO,IMPRUDENCIA DEL PEATÓN,ASFALTADA,CARRETERA,NACIONAL,PUNO,CHUCUITO,DESAGUADERO,-16.5414055,-69.0579934,PE-3S,1508.4987523197574
2024-02-22,2024,2,3,0,1,1,DESPISTE,IMPRUDENCIA DEL CONDUCTOR,ASFALTADA,CARRETERA,NACIONAL,CAJAMARCA,HUALGAYOC,BAMBAMARCA,-6.667,-78.534671,PE-3N,1396.2298023003864
2024-02-22,2024,2,3,0,1,4,DESPISTE,IMPRUDENCIA DEL CONDUCTOR,TROCHA,CARRETERA,NACIONAL,LA LIBERTAD,PATAZ,TAYABAMBA,-8.33472185036406,-77.25402556301286,PE-10C,259.9771087060606
2024-02-22,2024,2,3,0,1,2,CHOQUE,EN PROCESO DE INVESTIGACIÓN,ASFALTADA,CARRETERA,NACIONAL,LA LIBERTAD,ASCOPE,PAIJAN,-7.7370519634,-79.2954011547,PE-1N,624.0479327272012
2024-02-23,2024,2,4,0,1,16,DESPISTE,EN PROCESO DE INVESTIGACIÓN,ASFALTADA,CARRETERA,NACIONAL,AMAZONAS,UTCUBAMBA,JAMALCA,-5.8406012,-78.236837,PE-5N,1297.056487682686
2024-02-23,2024,2,4,0,2,1,DESPISTE,IMPRUDENCIA DEL CONDUCTOR,ASFALTADA,CARRETERA,NACIONAL,LIMA,LIMA,ATE,-12.06408331102741,-76.97148346045434,PE-1S,0.6470283394474495
2024-02-24,2024,2,5,0,1,0,ATROPELLO,EN PROCESO DE INVESTIGACIÓN,ASFALTADA,CARRETERA,NACIONAL,LIMA,LIMA,VILLA EL SALVADOR,-12.202646,-76.974128,PE-1S,16.67295712277045
2024-02-24,2024,2,5,0,1,0,DESPISTE,IMPRUDENCIA DEL CONDUCTOR,ASFALTADA,CARRETERA,NACIONAL,CUSCO,QUISPICANCHI,MARCAPATA,-13.62705556,-71.06597222,PE-30C,104.49972243949028
2024-02-24,2024,2,5,0,1,0,CHOQUE,EN PROCESO DE INVESTIGACIÓN,ASFALTADA,CARRETERA,NACIONAL,LA LIBERTAD,VIRU,VIRU,-8.4433921213,-78.7475442432,PE-1N,511.518367289433
2024-02-24,2024,2,5,0,1,0,CHOQUE,EN PROCESO DE INVESTIGACIÓN,ASFALTADA,CARRETERA,NACIONAL,AREQUIPA,AREQUIPA,CERRO COLORADO,-16.404679,-71.575925,PE-34C,0.931408856648472
2024-02-25,2024,2,6,0,1,4,CHOQUE,IMPRUDENCIA DEL CONDUCTOR,ASFALTADA,CARRETERA,NACIONAL,TUMBES,TUMBES,CORRALES,-3.617406093786226,-80.53200598260511,PE-1N,1267.6403454434092
2024-02-25,2024,2,6,0,1,0,ATROPELLO FUGA,EN PROCESO DE INVESTIGACIÓN,ASFALTADA,CARRETERA,NACIONAL,LIMA,LIMA,SAN JUAN DE MIRAFLORES,-12.170759,-76.979316,PE-1S,13.02483584050722
2024-02-25,2024,2,6,0,1,0,ATROPELLO FUGA,IMPRUDENCIA DEL PEATÓN,ASFALTADA,CARRETERA,NACIONAL,TUMBES,CONTRALMIRANTE VILLAR,ZORRITOS,-3.735100122387653,-80.76705330187568,PE-1N,1236.4365975496871
2024-02-25,2024,2,6,0,1,3,DESPISTE,IMPRUDENCIA DEL CONDUCTOR,ASFALTADA,CARRETERA,NACIONAL,CUSCO,CHUMBIVILCAS,VELILLE,-14.587881963423827,-71.73256335113707,PE-3SG,178.2947439529472
2024-02-25,2024,2,6,0,1,0,CHOQUE,IMPRUDENCIA DEL CONDUCTOR,ASFALTADA,CARRETERA,NACIONAL,PUNO,EL COLLAO,ILAVE,-16.103544877395738,-69.60962713043281,PE-3S,1420.961630526651
2024-02-25,2024,2,6,0,1,0,ATROPELLO FUGA,EN PROCESO DE INVESTIGACIÓN,ASFALTADA,CARRETERA,NACIONAL,JUNIN,HUANCAYO,SAPALLANGA,-12.149429908948168,-75.15832348264678,PE-3SC,8.098872318418973
2024-02-26,2024,2,0,0,1,0,ATROPELLO FUGA,EN PROCESO DE INVESTIGACIÓN,ASFALTADA,CARRETERA,NACIONAL,AMAZONAS,UTCUBAMBA,EL MILAGRO,-5.712248,-78.589743,PE-5N,1342.2141131880182
2024-02-26,2024,2,0,0,1,0,ATROPELLO,EN PROCESO DE INVESTIGACIÓN,,CARRETERA,NACIONAL,CALLAO,CALLAO,MI PERU,-11.8607219294873,-77.1298851999003,PE-20,4.1987910166879
2024-02-26,2024,2,0,0,1,0,CHOQUE,IMPRUDENCIA DEL CONDUCTOR,ASFALTADA,CARRETERA,NACIONAL,LA LIBERTAD,CHEPEN,PACANGA,-7.069800212869834,-79.56009032474562,PE-1N,730.3424763349291
2024-02-26,2024,2,0,0,1,2,DESPISTE,EN PROCESO DE INVESTIGACIÓN,,CARRETERA,NACIONAL,MOQUEGUA,ILO,PACOCHA,-17.2874663,-71.45285693,PE-1SD,190.6766169008828
2024-02-27,2024,2,1,0,1,1,CHOQUE,IMPRUDENCIA DEL CONDUCTOR,ASFALTADA,CARRETERA,NACIONAL,LA LIBERTAD,TRUJILLO,SALAVERRY,-8.20538875755518,-78.98356673130608,PE-10,3.7566567209632864
2024-02-27,2024,2,1,0,1,0,DESPISTE,EN PROCESO DE INVESTIGACIÓN,AFIRMADO,CARRETERA,NACIONAL,LA LIBERTAD,PATAZ,PARCOY,-8.00021936,-77.4851458,PE-10C,156.2256738078209
2024-02-28,2024,2,2,0,1,1,CHOQUE FUGA,EN PROCESO DE INVESTIGACIÓN,ASFALTADA,CARRETERA,NACIONAL,AREQUIPA,AREQUIPA,LA JOYA,-16.552298,-71.815992,PE-1S,970.5378671351356
2024-02-28,2024,2,2,0,3,2,DESPISTE,IMPRUDENCIA DEL CONDUCTOR,AFIRMADO,CARRETERA,NACIONAL,APURIMAC,ANDAHUAYLAS,ANDAHUAYLAS,-13.869582,-73.393398,PE-30B,127.35899504904852
2024-02-28,2024,2,2,0,1,0,ATROPELLO,IMPRUDENCIA DEL PEATÓN,ASFALTADA,CARRETERA,NACIONAL,TACNA,TACNA,TACNA,-18.07845,-70.298265,PE-1S,1300.4065972487692
2024-02-28,2024,2,2,0,1,1,DESPISTE,EN PROCESO DE INVESTIGACIÓN,AFIRMADO,CARRETERA,NACIONAL,LA LIBERTAD,GRAN CHIMU,CASCAS,-7.508129867427701,-78.81948528190347,PE-1NF,68.0597269481647
2024-02-29,2024,2,3,0,1,1,CHOQUE,EN PROCESO DE INVESTIGACIÓN,ASFALTADA,CARRETERA,NACIONAL,AREQUIPA,ISLAY,MOLLENDO,-16.728761,-71.946418,PE-34,13.992142067045542
2024-02-29,2024,2,3,0,1,2,VOLCADURA,IMPRUDENCIA DEL CONDUCTOR,ASFALTADA,CARRETERA,NACIONAL,CAJAMARCA,CAJABAMBA,CONDEBAMBA,-7.603906,-78.111695,PE-3N,1166.6055146823114
2024-02-29,2024,2,3,0,1,0,ATROPELLO,EN PROCESO DE INVESTIGACIÓN,ASFALTADA,CARRETERA,NACIONAL,LIMA,LIMA,PUENTE PIEDRA,-11.833358,-77.113633,PE-1N,36.05947239540726
2024-03-01,2024,3,4,0,1,0,ATROPELLO,IMPRUDENCIA DEL CONDUCTOR,ASFALTADA,CARRETERA,NACIONAL,CAJAMARCA,JAEN,POMAHUACA,-5.97519683340921,-79.2060321680396,PE-3N,1590.6099147516404
2024-03-01,2024,3,4,0,2,2,DESPISTE,IMPRUDENCIA DEL CONDUCTOR,ASFALTADA,CARRETERA,NACIONAL,TACNA,CANDARAVE,CANDARAVE,-16.86079,-70.27348,PE-36A,145.40647287106717
2024-03-01,2024,3,4,0,1,1,CHOQUE,IMPRUDENCIA DEL CONDUCTOR,ASFALTADA,CARRETERA,NACIONAL,PUNO,CHUCUITO,ZEPITA,-16.491531,-69.107214,PE-3S,1500.8521987379631
2024-03-02,2024,3,5,0,1,4,ATROPELLO,IMPRUDENCIA DEL CONDUCTOR,ASFALTADA,CARRETERA,NACIONAL,CAJAMARCA,JAEN,JAEN,-5.7923054923406,-78.7833037712262,PE-5N,1376.4503240605777
2024-03-03,2024,3,6,0,1,0,ATROPELLO,IMPRUDENCIA DEL PEATÓN,ASFALTADA,CARRETERA,NACIONAL,JUNIN,YAULI,LA OROYA,-11.601806,-75.96812,PE-22,163.3191105767114
2024-03-03,2024,3,6,0,1,0,CHOQUE,IMPRUDENCIA DEL CONDUCTOR,ASFALTADA,CARRETERA,NACIONAL,LA LIBERTAD,TRUJILLO,HUANCHACO,-8.03412959,-79.0809804,PE-1N,580.1383820789881
2024-03-04,2024,3,0,0,1,0,CHOQUE,IMPRUDENCIA DEL CONDUCTOR,ASFALTADA,CARRETERA,NACIONAL,PUNO,CARABAYA,AJOYANI,-14.201346,-70.275216,PE-34B,155.4596209152961
2024-03-04,2024,3,0,0,1,0,ATROPELLO,IMPRUDENCIA DEL PEATÓN,ASFALTADA,CARRETERA,NACIONAL,TACNA,TACNA,TACNA,-18.088054558503693,-70.32660836697112,PE-1SD,382.4952611921383
2024-03-04,2024,3,0,0,1,3,DESPISTE,IMPRUDENCIA DEL CONDUCTOR,ASFALTADA,CARRETERA,NACIONAL,TACNA,CANDARAVE,CANDARAVE,-16.883502,-70.328848,PE-36A,138.82089892070408
2024-03-05,2024,3,1,0,1,9,CHOQUE,IMPRUDENCIA DEL CONDUCTOR,ASFALTADA,CARRETERA,NACIONAL,CUSCO,ANTA,ANTA,-13.486048,-72.16768,PE-3S,942.8971271725344
2024-03-05,2024,3,1,0,1,9,CHOQUE,EN PROCESO DE INVESTIGACIÓN,ASFALTADA,CARRETERA,NACIONAL,AREQUIPA,ISLAY,MEJIA,-17.065638688857888,-71.94577130940831,PE-1SD,117.03690187084382
2024-03-05,2024,3,1,0,1,0,CHOQUE,EN PROCESO DE INVESTIGACIÓN,ASFALTADA,CARRETERA,NACIONAL,AREQUIPA,CAYLLOMA,MAJES,-16.395898,-72.210062,PE-1S,905.9330729183184
2024-03-06,2024,3,2,0,1,1,CHOQUE,EN PROCESO DE INVESTIGACIÓN,ASFALTADA,CARRETERA,NACIONAL,ICA,ICA,SANTIAGO,-14.23154183,-75.69959456,PE-1S,317.1678251264213
2024-03-07,2024,3,3,0,1,0,VOLCADURA,EN PROCESO DE INVESTIGACIÓN,ASFALTADA,CARRETERA,NACIONAL,LIMA,LIMA,LURIN,-12.261037623414726,-76.91396622142159,PE-1S,26.901726991160302
2024-03-07,2024,3,3,0,1,1,DESPISTE,EN PROCESO DE INVESTIGACIÓN,ASFALTADA,CARRETERA,NACIONAL,CAJAMARCA,CUTERVO,CHOROS,-5.98483160451024,-78.8566111377817,PE-04C,9.52232060074536
2024-03-07,2024,3,3,0,1,0,DESPISTE,IMPRUDENCIA DEL CONDUCTOR,ASFALTADA,CARRETERA,NACIONAL,PUNO,EL COLLAO,ILAVE,-16.0972077,-69.6350236,PE-38A,81.70207787287202
2024-03-08,2024,3,4,0,1,0,CHOQUE,EN PROCESO DE INVESTIGACIÓN,ASFALTADA,CARRETERA,NACIONAL,CALLAO,CALLAO,VENTANILLA,-11.8705249904349,-77.1276858994913,PE-20,5.319673973029355
2024-03-09,2024,3,5,0,1,1,CHOQUE,IMPRUDENCIA DEL CONDUCTOR,ASFALTADA,CARRETERA,NACIONAL,CAJAMARCA,CHOTA,LLAMA,-6.539576,-79.117665,PE-06A,130.30762091905322
2024-03-10,2024,3,6,0,1,0,ATROPELLO FUGA,EN PROCESO DE INVESTIGACIÓN,ASFALTADA,CARRETERA,NACIONAL,LIMA,HUARAL,CHANCAY,-11.5282159,-77.2877995,PE-1N,86.72403572058519
2024-03-10,2024,3,6,0,1,0,ATROPELLO,IMPRUDENCIA DEL CONDUCTOR,ASFALTADA,CARRETERA,NACIONAL,LIMA,HUARAL,HUARAL,-11.5580842,-77.2033308,PE-20C,5.06117033107735
2024-03-10,2024,3,6,0,1,0,DESPISTE,EN PROCESO DE INVESTIGACIÓN,ASFALTADA,CARRETERA,NACIONAL,AREQUIPA,ISLAY,ISLAY,-16.963857,-72.055883,PE-34,46.80893579738672
2024-03-10,2024,3,6,0,1,3,DESPISTE,IMPRUDENCIA DEL CONDUCTOR,ASFALTADA,CARRETERA,NACIONAL,LA LIBERTAD,ASCOPE,RAZURI,-7.589483496988363,-79.37012667340991,PE-1N,643.1061944372314
2024-03-11,2024,3,0,0,2,3,CHOQUE,IMPRUDENCIA DEL CONDUCTOR,ASFALTADA,CARRETERA,NACIONAL,CAJAMARCA,SAN IGNACIO,SAN IGNACIO,-5.14376308751023,-79.0285835381114,PE-5N,1503.800333475208
2024-03-11,2024,3,0,0,1,0,CHOQUE,IMPRUDENCIA DEL CONDUCTOR,ASFALTADA,CARRETERA,NACIONAL,CUSCO,CUSCO,CUSCO,-13.50623,-72.022167,PE-3S,961.8448805231671
2024-03-12,2024,3,1,0,1,0,ATROPELLO,EN PROCESO DE INVESTIGACIÓN,ASFALTADA,CARRETERA,NACIONAL,LIMA,LIMA,ANCON,-11.727196,-77.144874,PE-1N,52.11397397418439
2024-03-12,2024,3,1,0,4,2,DESPISTE,IMPRUDENCIA DEL CONDUCTOR,ASFALTADA,CARRETERA,NACIONAL,AYACUCHO,VICTOR FAJARDO,SARHUA,-13.701,-74.312,PE-30D,212.90439174456588
2024-03-12,2024,3,1,0,1,1,CHOQUE,EN PROCESO DE INVESTIGACIÓN,CASCAJO/RIPIO,CARRETERA,NACIONAL,LIMA,HUARAL,SANTA CRUZ DE ANDAMARCA,-11.1570751,-76.6272413,PE-20C,101.88189578004254
2024-03-12,2024,3,1,0,2,3,CHOQUE,EN PROCESO DE INVESTIGACIÓN,ASFALTADA,CARRETERA,NACIONAL,AREQUIPA,ISLAY,MOLLENDO,-16.736004,-71.870004,PE-1S,992.8734395510576
2024-03-12,2024,3,1,0,1,0,ATROPELLO FUGA,EN PROCESO DE INVESTIGACIÓN,ASFALTADA,CARRETERA,NACIONAL,PUNO,PUNO,PAUCARCOLLA,-15.684618343546209,-70.07143393809483,PE-3S,1341.5832896407549
2024-03-13,2024,3,2,0,1,0,CHOQUE,IMPRUDENCIA DEL CONDUCTOR,ASFALTADA,CARRETERA,NACIONAL,TACNA,TACNA,SAMA,-18.11418,-70.72238,PE-1SD,331.4910340393842
2024-03-14,2024,3,3,0,1,0,ATROPELLO FUGA,IMPRUDENCIA DEL CONDUCTOR,ASFALTADA,CARRETERA,NACIONAL,CUSCO,URUBAMBA,OLLANTAYTAMBO,-13.2513905001651,-72.27623645181572,PE-28B,601.2332499962487
2024-03-14,2024,3,3,0,1,3,CHOQUE,IMPRUDENCIA DEL CONDUCTOR,ASFALTADA,CARRETERA,NACIONAL,LIMA,LIMA,ANCON,-11.766331,-77.158654,PE-1N,45.18895968614883
2024-03-15,2024,3,4,0,1,0,ESPECIAL,EN PROCESO DE INVESTIGACIÓN,ASFALTADA,CARRETERA,NACIONAL,ICA,NASCA,NASCA,-14.837916,-74.942439,PE-1S,444.67038064353727
2024-03-15,2024,3,4,0,2,0,CHOQUE,IMPRUDENCIA DEL CONDUCTOR,ASFALTADA,CARRETERA,NACIONAL,CAJAMARCA,HUALGAYOC,BAMBAMARCA,-6.683483,-78.530502,PE-3N,1388.023801120586
2024-03-16,2024,3,5,0,1,0,CHOQUE,IMPRUDENCIA DEL CONDUCTOR,ASFALTADA,CARRETERA,NACIONAL,JUNIN,YAULI,LA OROYA,-11.61207197136618,-75.84257120446206,PE-3S,16.16899675101048
2024-03-17,2024,3,6,0,1,0,CHOQUE,EN PROCESO DE INVESTIGACIÓN,ASFALTADA,CARRETERA,NACIONAL,AREQUIPA,ISLAY,PUNTA DE BOMBON,-17.147878,-71.784527,PE-1SD,143.90498017325933
2024-03-17,2024,3,6,0,6,3,CHOQUE,IMPRUDENCIA DEL CONDUCTOR,ASFALTADA,CARRETERA,NACIONAL,LIMA,HUAURA,HUACHO,-11.1323,-77.5959,PE-1N,146.614838556478
2024-03-17,2024,3,6,0,1,0,ATROPELLO,IMPRUDENCIA DEL CONDUCTOR,ASFALTADA,CARRETERA,NACIONAL,CUSCO,CANAS,PAMPAMARCA,-14.180895,-71.445859,PE-34F,97.24771372582713
2024-03-18,2024,3,0,0,1,0,ATROPELLO,IMPRUDENCIA DEL PEATÓN,ASFALTADA,CARRETERA,NACIONAL,CUSCO,LA CONVENCION,SANTA ANA,-12.877701,-72.691292,PE-28B,464.2469675179008
2024-03-18,2024,3,0,0,1,1,CHOQUE,IMPRUDENCIA DEL CONDUCTOR,ASFALTADA,CARRETERA,NACIONAL,AMAZONAS,UTCUBAMBA,BAGUA GRANDE,-5.797684,-78.332197,PE-5N,1310.0032626994257
2024-03-19,2024,3,1,0,1,0,CHOQUE,IMPRUDENCIA DEL CONDUCTOR,ASFALTADA,CARRETERA,NACIONAL,CUSCO,ESPINAR,CONDOROMA,-15.323607,-71.124161,PE-34J,55.79144863973818
2024-03-19,2024,3,1,0,1,1,DESPISTE,EN PROCESO DE INVESTIGACIÓN,ASFALTADA,CARRETERA,NACIONAL,PIURA,SECHURA,SECHURA,-5.895401,-80.897005,PE-04,44.13731780808674
2024-03-19,2024,3,1,0,1,1,CHOQUE FUGA,EN PROCESO DE INVESTIGACIÓN,ASFALTADA,CARRETERA,NACIONAL,AREQUIPA,AREQUIPA,SAN JUAN DE TARUCANI,-16.02783,-71.280901,PE-34A,129.3571785781175
2024-03-21,2024,3,3,0,1,0,CHOQUE,IMPRUDENCIA DEL CONDUCTOR,ASFALTADA,CARRETERA,NACIONAL,CAJAMARCA,JAEN,JAEN,-5.878931,-78.808966,PE-04C,25.45804603530582
2024-03-21,2024,3,3,0,2,1,DESPISTE,IMPRUDENCIA DEL CONDUCTOR,ASFALTADA,CARRETERA,NACIONAL,JUNIN,YAULI,YAULI,-11.624472,-75.999669,PE-22,158.42801159722106
2024-03-22,2024,3,4,0,1,0,CAÍDA DE PASAJERO,IMPRUDENCIA DEL CONDUCTOR,ASFALTADA,CARRETERA,NACIONAL,LIMA,CAÑETE,CHILCA,-12.502039,-76.74102,PE-1S,61.8952700932016
2024-03-22,2024,3,4,0,1,0,DESPISTE,IMPRUDENCIA DEL CONDUCTOR,ASFALTADA,CARRETERA,NACIONAL,JUNIN,JAUJA,CURICACA,-11.800147,-75.653837,PE-3S,50.95062491683668
2024-03-22,2024,3,4,0,1,3,DESPISTE,EN PROCESO DE INVESTIGACIÓN,ASFALTADA,CARRETERA,NACIONAL,AREQUIPA,CAYLLOMA,CALLALLI,-15.50136330555385,-71.05974279742226,PE-34J,32.93327427292013
2024-03-22,2024,3,4,0,1,0,ATROPELLO,EN PROCESO DE INVESTIGACIÓN,ASFALTADA,CARRETERA,NACIONAL,AREQUIPA,AREQUIPA,LA JOYA,-16.518255,-71.799233,PE-1S,963.8828361464472
2024-03-22,2024,3,4,0,1,0,CHOQUE,IMPRUDENCIA DEL CONDUCTOR,ASFALTADA,CARRETERA,NACIONAL,LIMA,HUAURA,VEGUETA,-11.02663927766893,-77.59436482605076,PE-1N,158.8124350388913
2024-03-23,2024,3,5,0,2,1,DESPISTE,EN PROCESO DE INVESTIGACIÓN,,CARRETERA,NACIONAL,JUNIN,YAULI,YAULI,-11.608938,-76.036395,PE-22,153.75353199612414
2024-03-23,2024,3,5,0,1,1,CHOQUE,IMPRUDENCIA DEL CONDUCTOR,ASFALTADA,CARRETERA,NACIONAL,CAJAMARCA,JAEN,BELLAVISTA,-5.620572,-78.771171,PE-5N,1403.7762090298286
2024-03-24,2024,3,6,0,1,0,ATROPELLO,EN PROCESO DE INVESTIGACIÓN,ASFALTADA,CARRETERA,NACIONAL,ICA,PISCO,SAN CLEMENTE,-13.6702,-76.1685,PE-1SE,30.25870481775378
2024-03-24,2024,3,6,0,1,0,CHOQUE,IMPRUDENCIA DEL CONDUCTOR,ASFALTADA,CARRETERA,NACIONAL,PUNO,CHUCUITO,ZEPITA,-16.513158,-69.087568,PE-3S,1504.0901520653902
2024-03-24,2024,3,6,0,2,0,CHOQUE,INFRAESTRUCTURA Y ENTORNO VIAL,ASFALTADA,CARRETERA,NACIONAL,LA LIBERTAD,ASCOPE,CHICAMA,-7.8757739884,-79.1322128472,PE-1N,599.5094509785555
2024-03-24,2024,3,6,0,1,0,DESPISTE,IMPRUDENCIA DEL CONDUCTOR,ASFALTADA,CARRETERA,NACIONAL,LIMA,HUAURA,HUACHO,-11.230463837060595,-77.54308373677155,PE-1N,133.99018321560266
2024-03-24,2024,3,6,0,1,0,CHOQUE,EN PROCESO DE INVESTIGACIÓN,ASFALTADA,CARRETERA,NACIONAL,AREQUIPA,AREQUIPA,UCHUMAYO,-16.415234,-71.640274,PE-34A,29.777000269138785
2024-03-25,2024,3,0,0,1,0,DESPISTE,EN PROCESO DE INVESTIGACIÓN,ASFALTADA,CARRETERA,NACIONAL,PIURA,PIURA,CATACAOS,-5.23145842995732,-80.6488168187739,PE-1N,989.6006058545236
2024-03-25,2024,3,0,0,1,0,VOLCADURA,IMPRUDENCIA DEL CONDUCTOR,ASFALTADA,CARRETERA,NACIONAL,LIMA,LIMA,INDEPENDENCIA,-11.986382,-77.064734,PE-1N,16.517516953611942
2024-03-25,2024,3,0,0,1,0,DESPISTE,IMPERICIA DEL CONDUCTOR,ASFALTADA,CARRETERA,NACIONAL,CUSCO,URUBAMBA,MARAS,-13.3123113943718,-72.1184390085434,PE-28F,43.83279902637004
2024-03-26,2024,3,1,0,1,1,DESPISTE,IMPRUDENCIA DEL CONDUCTOR,ASFALTADA,CARRETERA,NACIONAL,PUNO,PUNO,ACORA,-16.024359,-69.736909,PE-3S,1405.2571786974495
2024-03-26,2024,3,1,0,1,2,DESPISTE,IMPRUDENCIA DEL CONDUCTOR,ASFALTADA,CARRETERA,NACIONAL,CUSCO,URUBAMBA,OLLANTAYTAMBO,-13.258691101416444,-72.26394920340877,PE-28B,602.9475662011184
2024-03-26,2024,3,1,0,2,5,CHOQUE,EN PROCESO DE INVESTIGACIÓN,ASFALTADA,CARRETERA,NACIONAL,AREQUIPA,AREQUIPA,SAN JUAN DE TARUCANI,-16.0026029,-71.2677608,PE-34A,134.15123308953963
2024-03-27,2024,3,2,0,1,0,CHOQUE FUGA,EN PROCESO DE INVESTIGACIÓN,ASFALTADA,CARRETERA,NACIONAL,PIURA,PIURA,PIURA,-5.088159,-80.705994,PE-1N,1010.1514367982052
2024-03-28,2024,3,3,0,1,2,CHOQUE,EN PROCESO DE INVESTIGACIÓN,ASFALTADA,CARRETERA,NACIONAL,ICA,CHINCHA,TAMBO DE MORA,-13.453134,-76.1795333,PE-1SE,5.631610930732748
2024-03-28,2024,3,3,0,1,3,DESPISTE,EN PROCESO DE INVESTIGACIÓN,ASFALTADA,CARRETERA,NACIONAL,ICA,NASCA,NASCA,-14.8161,-74.98039,PE-1S,439.4195479597396
2024-03-28,2024,3,3,0,1,21,VOLCADURA,EN PROCESO DE INVESTIGACIÓN,ASFALTADA,CARRETERA,NACIONAL,ICA,PALPA,LLIPATA,-14.6456541,-75.1804584,PE-1S,409.7617457593444
2024-03-28,2024,3,3,0,2,0,DESPISTE,EN PROCESO DE INVESTIGACIÓN,TROCHA,CARRETERA,NACIONAL,AMAZONAS,RODRIGUEZ DE MENDOZA,MARISCAL BENAVIDES,-6.3680518514848,-77.514785827684,PE-08B,402.9911994025287
2024-03-29,2024,3,4,0,1,0,ATROPELLO FUGA,IMPRUDENCIA DEL PEATÓN,ASFALTADA,CARRETERA,NACIONAL,AYACUCHO,HUAMANGA,VINCHOS,-13.340377,-74.382811,PE-28A,284.1983505913449
2024-03-29,2024,3,4,0,1,0,DESPISTE,IMPRUDENCIA DEL CONDUCTOR,ASFALTADA,CARRETERA,NACIONAL,LIMA,LIMA,RIMAC,-12.03759524285303,-77.0130790931527,PE-1N,6.335895699591472
2024-03-29,2024,3,4,0,1,0,DESPISTE,IMPRUDENCIA DEL CONDUCTOR,ASFALTADA,CARRETERA,NACIONAL,PUNO,CHUCUITO,ZEPITA,-16.469139345772156,-69.12946874617933,PE-3S,1496.9556615046208
2024-03-29,2024,3,4,0,1,2,DESPISTE,IMPRUDENCIA DEL CONDUCTOR,AFIRMADO,CARRETERA,NACIONAL,LA LIBERTAD,SANTIAGO DE CHUCO,QUIRUVILCA,-8.001967295859894,-78.31115287991875,PE-3N,1045.3629262143809
2024-03-30,2024,3,5,0,1,0,CHOQUE,IMPRUDENCIA DEL CONDUCTOR,ASFALTADA,CARRETERA,NACIONAL,AYACUCHO,HUAMANGA,JESUS NAZARENO,-13.156,-74.213,PE-3S,383.9809390376741
2024-03-31,2024,3,6,0,1,4,CHOQUE,EN PROCESO DE INVESTIGACIÓN,ASFALTADA,CARRETERA,NACIONAL,AREQUIPA,ISLAY,MOLLENDO,-16.76297,-71.970914,PE-34,18.567865996969665
2024-04-01,2024,4,0,0,1,0,DESPISTE,EN PROCESO DE INVESTIGACIÓN,AFIRMADO,CARRETERA,NACIONAL,LA LIBERTAD,SANTIAGO DE CHUCO,QUIRUVILCA,-8.003343149774901,-78.31784777760758,PE-3N,1044.4448542796958
2024-04-01,2024,4,0,0,1,0,ATROPELLO FUGA,EN PROCESO DE INVESTIGACIÓN,ASFALTADA,CARRETERA,NACIONAL,LIMA,LIMA,PUNTA NEGRA,-12.365017715910405,-76.79093862427143,PE-1S,44.8913762327262
2024-04-02,2024,4,1,0,3,2,DESPISTE,EN PROCESO DE INVESTIGACIÓN,ASFALTADA,CARRETERA,NACIONAL,HUANCAVELICA,TAYACAJA,QUICHUAS,-12.493182302239129,-74.72242612376444,PE-3S,234.8581507507497
2024-04-02,2024,4,1,0,1,11,CHOQUE,IMPRUDENCIA DEL CONDUCTOR,ASFALTADA,CARRETERA,NACIONAL,LA LIBERTAD,ASCOPE,CHICAMA,-7.882915482323604,-79.12875608848309,PE-1N,598.6348354866441
2024-04-02,2024,4,1,0,1,0,ATROPELLO FUGA,EN PROCESO DE INVESTIGACIÓN,ASFALTADA,CARRETERA,NACIONAL,CAJAMARCA,CAJAMARCA,MAGDALENA,-7.27924019763948,-78.5902446173759,PE-08,125.20187093406652
2024-04-02,2024,4,1,0,1,1,DESPISTE,IMPRUDENCIA DEL CONDUCTOR,ASFALTADA,CARRETERA,NACIONAL,CAJAMARCA,SAN IGNACIO,SAN IGNACIO,-5.13921364744922,-79.0109758872315,PE-5N,1499.7087449749226
2024-04-03,2024,4,2,0,1,0,CHOQUE FUGA,IMPRUDENCIA DEL CONDUCTOR,ASFALTADA,CARRETERA,NACIONAL,TUMBES,ZARUMILLA,ZARUMILLA,-3.5013673548466584,-80.27929739224587,PE-1NO,2.151272984545371
2024-04-04,2024,4,3,0,1,0,VOLCADURA,IMPRUDENCIA DEL CONDUCTOR,ASFALTADA,CARRETERA,NACIONAL,CUSCO,LA CONVENCION,ECHARATE,-12.63934,-72.87988,PE-28B,362.03287231789886
2024-04-04,2024,4,3,0,1,0,ATROPELLO,EN PROCESO DE INVESTIGACIÓN,ASFALTADA,CARRETERA,NACIONAL,PIURA,PIURA,CURA MORI,-5.333727,-80.619572,PE-1N,976.331146779648
2024-04-04,2024,4,3,0,1,0,ATROPELLO,EN PROCESO DE INVESTIGACIÓN,ASFALTADA,CARRETERA,NACIONAL,LIMA,LIMA,PUCUSANA,-12.458707,-76.753204,PE-1S,56.92684399609673
2024-04-05,2024,4,4,0,1,0,DESPISTE,IMPRUDENCIA DEL CONDUCTOR,TROCHA,CARRETERA,NACIONAL,PASCO,DANIEL ALCIDES CARRION,YANAHUANCA,-10.6060925715211,-76.6737603140502,PE-18,172.00712262351936
2024-04-05,2024,4,4,0,1,0,ATROPELLO FUGA,EN PROCESO DE INVESTIGACIÓN,ASFALTADA,CARRETERA,NACIONAL,SAN MARTIN,RIOJA,RIOJA,-6.043031,-77.185088,PE-5N,1083.1327112568636
2024-04-06,2024,4,5,0,1,0,ATROPELLO,EN PROCESO DE INVESTIGACIÓN,ASFALTADA,CARRETERA,NACIONAL,ICA,NASCA,EL INGENIO,-14.678984,-75.141221,PE-1S,415.8487544524645
2024-04-07,2024,4,6,0,1,0,DESPISTE,IMPRUDENCIA DEL PASAJERO/OCUPANTE,ASFALTADA,CARRETERA,NACIONAL,LA LIBERTAD,CHEPEN,CHEPEN,-7.18931573,-79.43042277,PE-1N,710.4210356677835
2024-04-07,2024,4,6,0,1,3,DESPISTE,EN PROCESO DE INVESTIGACIÓN,ASFALTADA,CARRETERA,NACIONAL,HUANCAVELICA,CASTROVIRREYNA,ARMA,-13.149595382313358,-75.5542971142341,PE-26,100.2101929276608
2024-04-07,2024,4,6,0,1,0,DESPISTE,IMPRUDENCIA DEL CONDUCTOR,ASFALTADA,CARRETERA,NACIONAL,CUSCO,QUISPICANCHI,OCONGATE,-13.626946,-71.389015,PE-30C,55.82080329857192
2024-04-08,2024,4,0,0,1,0,ATROPELLO FUGA,IMPRUDENCIA DEL PEATÓN,ASFALTADA,CARRETERA,NACIONAL,CUSCO,CHUMBIVILCAS,VELILLE,-14.512244,-71.86787,PE-3SG,152.89827169271044
2024-04-08,2024,4,0,0,3,1,DESPISTE,IMPRUDENCIA DEL CONDUCTOR,TROCHA,CARRETERA,NACIONAL,LA LIBERTAD,PATAZ,PARCOY,-7.901820334500921,-77.60441776144371,PE-10C,123.71393606913708
2024-04-08,2024,4,0,0,1,0,CHOQUE,IMPRUDENCIA DEL CONDUCTOR,ASFALTADA,CARRETERA,NACIONAL,LIMA,LIMA,PUENTE PIEDRA,-11.848831718451336,-77.09444039299724,PE-1N,33.313399207322064
2024-04-09,2024,4,1,0,1,1,ATROPELLO,EN PROCESO DE INVESTIGACIÓN,ASFALTADA,CARRETERA,NACIONAL,PIURA,PIURA,PIURA,-5.10777967398986,-80.7034728522577,PE-1N,1007.963497567378
2024-04-10,2024,4,2,0,1,0,VOLCADURA,IMPRUDENCIA DEL CONDUCTOR,ASFALTADA,CARRETERA,NACIONAL,TACNA,CANDARAVE,CANDARAVE,-16.8468028,-70.2351222,PE-36A,150.1716724018945
2024-04-10,2024,4,2,0,1,0,ATROPELLO,EN PROCESO DE INVESTIGACIÓN,ASFALTADA,CARRETERA,NACIONAL,ICA,NASCA,NASCA,-14.823433,-74.96026,PE-1S,441.74080110634185
2024-04-10,2024,4,2,0,1,0,ATROPELLO,IMPRUDENCIA DEL PEATÓN,ASFALTADA,CARRETERA,NACIONAL,TACNA,TACNA,TACNA,-18.234015,-70.323367,PE-1S,1319.0118984735066
2024-04-11,2024,4,3,0,1,4,CHOQUE,IMPRUDENCIA DEL CONDUCTOR,ASFALTADA,CARRETERA,NACIONAL,AYACUCHO,HUAMANGA,VINCHOS,-13.3450099578771,-74.5314421324361,PE-28A,263.8012309589981
2024-04-11,2024,4,3,0,2,0,DESPISTE,IMPRUDENCIA DEL CONDUCTOR,ASFALTADA,CARRETERA,NACIONAL,PASCO,PASCO,YANACANCHA,-10.6936001880343,-76.1988484118591,PE-3N,127.85902220736853
2024-04-12,2024,4,4,0,1,0,CHOQUE,IMPRUDENCIA DEL CONDUCTOR,ASFALTADA,CARRETERA,NACIONAL,CAJAMARCA,CAJAMARCA,ENCAÑADA,-7.127146,-78.345043,PE-08B,25.23958223538233
2024-04-12,2024,4,4,0,1,0,CHOQUE,EN PROCESO DE INVESTIGACIÓN,,CARRETERA,NACIONAL,ICA,CHINCHA,GROCIO PRADO,-13.404688,-76.193044,PE-1S,184.9081309344225
2024-04-12,2024,4,4,0,1,0,CHOQUE,EN PROCESO DE INVESTIGACIÓN,ASFALTADA,CARRETERA,NACIONAL,ICA,ICA,SALAS,-13.9839724,-75.7732386,PE-1S,286.9714669705444
2024-04-12,2024,4,4,0,1,1,CHOQUE,IMPRUDENCIA DEL CONDUCTOR,ASFALTADA,CARRETERA,NACIONAL,PUNO,EL COLLAO,ILAVE,-16.09254093406196,-69.62838108224628,PE-3S,1418.601134185884
2024-04-12,2024,4,4,0,1,0,CHOQUE,EN PROCESO DE INVESTIGACIÓN,ASFALTADA,CARRETERA,NACIONAL,LA LIBERTAD,SANCHEZ CARRION,HUAMACHUCO,-7.8156478910921745,-78.00949600349817,PE-3N,1106.2983075025898
2024-04-13,2024,4,5,0,1,1,CHOQUE,EN PROCESO DE INVESTIGACIÓN,ASFALTADA,CARRETERA,NACIONAL,PIURA,PIURA,VEINTISEIS DE OCTUBRE,-5.1473536,-80.697009,PE-1N,1003.0376884032728
2024-04-13,2024,4,5,0,1,1,CHOQUE,IMPRUDENCIA DEL CONDUCTOR,ASFALTADA,CARRETERA,NACIONAL,LA LIBERTAD,TRUJILLO,MOCHE,-8.167848811579546,-79.00640839403039,PE-1N,555.3895284997757
2024-04-14,2024,4,6,0,1,0,CHOQUE,EN PROCESO DE INVESTIGACIÓN,,CARRETERA,NACIONAL,PUNO,PUNO,ACORA,-16.065127,-69.6880774,PE-3S,1411.7585682532824
2024-04-14,2024,4,6,0,1,1,CHOQUE,EN PROCESO DE INVESTIGACIÓN,ASFALTADA,CARRETERA,NACIONAL,AREQUIPA,CAYLLOMA,MAJES,-16.363366,-72.156526,PE-1S,912.6973126212898
2024-04-14,2024,4,6,0,1,1,CHOQUE FUGA,EN PROCESO DE INVESTIGACIÓN,ASFALTADA,CARRETERA,NACIONAL,LIMA,HUAURA,HUAURA,-11.06132,-77.58895,PE-1N,154.88854168283194
2024-04-15,2024,4,0,0,1,0,ATROPELLO,IMPRUDENCIA DEL PEATÓN,ASFALTADA,CARRETERA,NACIONAL,LIMA,HUAURA,SANTA MARIA,-11.11468957203389,-77.59310419894447,PE-1N,148.607590972482
2024-04-15,2024,4,0,0,1,0,ATROPELLO,IMPRUDENCIA DEL CONDUCTOR,ASFALTADA,CARRETERA,NACIONAL,AYACUCHO,HUAMANGA,SAN JUAN BAUTISTA,-13.168515110290071,-74.20965074392826,PE-3SL,0.3378225762693829
2024-04-15,2024,4,0,0,1,0,ATROPELLO,IMPRUDENCIA DEL CONDUCTOR,ASFALTADA,CARRETERA,NACIONAL,LIMA,HUAURA,HUAURA,-11.04594,-77.58882,PE-1N,156.59145376297067
2024-04-15,2024,4,0,0,1,1,CHOQUE,IMPRUDENCIA DEL CONDUCTOR,ASFALTADA,CARRETERA,NACIONAL,AYACUCHO,HUAMANGA,OCROS,-13.437383,-73.829608,PE-3S,515.6232152953132
2024-04-15,2024,4,0,0,1,1,ATROPELLO,IMPRUDENCIA DEL PEATÓN,ASFALTADA,CARRETERA,NACIONAL,CUSCO,CANCHIS,TINTA,-14.14442,-71.397666,PE-3S,1089.0023348806992
2024-04-17,2024,4,2,0,1,1,DESPISTE,EN PROCESO DE INVESTIGACIÓN,ASFALTADA,CARRETERA,NACIONAL,AREQUIPA,ISLAY,MOLLENDO,-16.999476,-72.019809,PE-1SD,104.69601503771068
2024-04-19,2024,4,4,0,1,4,CHOQUE,EN PROCESO DE INVESTIGACIÓN,ASFALTADA,CARRETERA,NACIONAL,HUANCAVELICA,TAYACAJA,ÑAHUIMPUQUIO,-12.309394651153085,-75.04322437737389,PE-3SD,7.001158094777336
2024-04-19,2024,4,4,0,1,0,DESPISTE,EN PROCESO DE INVESTIGACIÓN,,CARRETERA,NACIONAL,ICA,CHINCHA,EL CARMEN,-13.563411,-76.133899,PE-1S,208.19293539518375
2024-04-21,2024,4,6,0,1,0,DESPISTE,EN PROCESO DE INVESTIGACIÓN,ASFALTADA,CARRETERA,NACIONAL,LA LIBERTAD,TRUJILLO,LAREDO,-8.08670354,-78.89023718,PE-10A,16.688304228836248
2024-04-21,2024,4,6,0,1,5,CHOQUE FUGA,EN PROCESO DE INVESTIGACIÓN,ASFALTADA,CARRETERA,NACIONAL,PIURA,PIURA,CASTILLA,-5.18904499,-80.59956,PE-1N,994.02373022327
2024-04-21,2024,4,6,0,1,0,CHOQUE,EN PROCESO DE INVESTIGACIÓN,ASFALTADA,CARRETERA,NACIONAL,CAJAMARCA,JAEN,JAEN,-5.87794727681586,-78.8132410847364,PE-04C,24.912788181843432
2024-04-21,2024,4,6,0,1,0,ATROPELLO,EN PROCESO DE INVESTIGACIÓN,ASFALTADA,CARRETERA,NACIONAL,PIURA,PIURA,PIURA,-5.093606,-80.705443,PE-1N,1009.546721171516
2024-04-21,2024,4,6,0,1,0,VOLCADURA,IMPRUDENCIA DEL CONDUCTOR,ASFALTADA,CARRETERA,NACIONAL,CAJAMARCA,CAJAMARCA,CAJAMARCA,-7.16508022721332,-78.4801787644671,PE-08B,2.453960018254979
2024-04-22,2024,4,0,0,1,0,ATROPELLO FUGA,EN PROCESO DE INVESTIGACIÓN,ASFALTADA,CARRETERA,NACIONAL,ICA,PISCO,PISCO,-13.70235,-76.16552,PE-1SE,33.911909523510744
2024-04-22,2024,4,0,0,1,0,ATROPELLO FUGA,EN PROCESO DE INVESTIGACIÓN,ASFALTADA,CARRETERA,NACIONAL,SAN MARTIN,RIOJA,NUEVA CAJAMARCA,-5.905603,-77.32527,PE-5N,1105.8878717056446
2024-04-22,2024,4,0,0,1,0,CHOQUE,IMPRUDENCIA DEL CONDUCTOR,ASFALTADA,CARRETERA,NACIONAL,LIMA,LIMA,RIMAC,-12.037170336910911,-77.04126374689972,PE-1N,9.74352499422018
2024-04-24,2024,4,2,0,1,0,ATROPELLO FUGA,EN PROCESO DE INVESTIGACIÓN,ASFALTADA,CARRETERA,NACIONAL,LIMA,LIMA,ANCON,-11.765279,-77.158419,PE-1N,45.30566152454872
2024-04-24,2024,4,2,0,1,0,VOLCADURA,IMPRUDENCIA DEL CONDUCTOR,ASFALTADA,CARRETERA,NACIONAL,PUNO,EL COLLAO,ILAVE,-16.230647,-69.678802,PE-38A,65.46711168593228
2024-04-25,2024,4,3,0,1,1,DESPISTE,EN PROCESO DE INVESTIGACIÓN,ASFALTADA,CARRETERA,NACIONAL,AREQUIPA,ISLAY,PUNTA DE BOMBON,-17.174842,-71.76923,PE-1SD,148.59799273986368
2024-04-25,2024,4,3,0,1,11,DESPISTE,EN PROCESO DE INVESTIGACIÓN,TROCHA,CARRETERA,NACIONAL,LA LIBERTAD,SANTIAGO DE CHUCO,MOLLEPATA,-8.194142538,-77.95682844,PE-3N,920.3614716090436
2024-04-26,2024,4,4,0,1,0,DESPISTE,IMPRUDENCIA DEL CONDUCTOR,ASFALTADA,CARRETERA,NACIONAL,TUMBES,CONTRALMIRANTE VILLAR,ZORRITOS,-3.674089605105425,-80.66283341438994,PE-1N,1250.5989098379905
2024-04-27,2024,4,5,0,1,0,CHOQUE,EN PROCESO DE INVESTIGACIÓN,ASFALTADA,CARRETERA,NACIONAL,ICA,PISCO,SAN CLEMENTE,-13.6809503,-76.1594931,PE-1S,222.04537442647177
2024-04-28,2024,4,6,0,1,0,ATROPELLO FUGA,EN PROCESO DE INVESTIGACIÓN,ASFALTADA,CARRETERA,NACIONAL,LIMA,LIMA,EL AGUSTINO,-12.03017167933347,-77.00051345359965,PE-1N,4.722967124966396
2024-04-28,2024,4,6,0,1,1,CHOQUE,EN PROCESO DE INVESTIGACIÓN,ASFALTADA,CARRETERA,NACIONAL,LIMA,LIMA,PUNTA NEGRA,-12.373978582457598,-76.78193583566612,PE-1S,46.2860248259413
2024-04-28,2024,4,6,0,1,0,CHOQUE,IMPRUDENCIA DEL CONDUCTOR,ASFALTADA,CARRETERA,NACIONAL,ICA,PISCO,SAN CLEMENTE,-13.6260052428199,-76.1519337048358,PE-1S,215.55966073640803
2024-04-28,2024,4,6,0,1,0,CHOQUE,IMPRUDENCIA DEL CONDUCTOR,ASFALTADA,CARRETERA,NACIONAL,LA LIBERTAD,VIRU,VIRU,-8.435843904044715,-78.76493985013009,PE-1N,513.6061505556812
2024-04-28,2024,4,6,0,1,0,ATROPELLO,EN PROCESO DE INVESTIGACIÓN,ASFALTADA,CARRETERA,NACIONAL,AREQUIPA,AREQUIPA,SAN JUAN DE SIGUAS,-16.349813,-72.127218,PE-1S,917.7917309411206
2024-04-29,2024,4,0,0,1,2,DESPISTE,IMPRUDENCIA DEL CONDUCTOR,ASFALTADA,CARRETERA,NACIONAL,CAJAMARCA,HUALGAYOC,BAMBAMARCA,-6.71202257637767,-78.527831257903,PE-3NB,48.945358841674086
2024-05-01,2024,5,2,0,1,0,CHOQUE,EN PROCESO DE INVESTIGACIÓN,,CARRETERA,NACIONAL,CUSCO,QUISPICANCHI,OROPESA,-13.58416,-71.807641,PE-3S,992.4575649313848
2024-05-01,2024,5,2,0,1,0,ATROPELLO,EN PROCESO DE INVESTIGACIÓN,ASFALTADA,CARRETERA,NACIONAL,ICA,PISCO,HUMAY,-13.72784,-75.907835,PE-28A,28.848271303587275
2024-05-01,2024,5,2,0,1,0,ATROPELLO,IMPRUDENCIA DEL PEATÓN,ASFALTADA,CARRETERA,NACIONAL,LIMA,LIMA,LOS OLIVOS,-11.930494754097852,-77.07249372671109,PE-1N,22.82298428279852
2024-05-01,2024,5,2,0,1,2,CHOQUE,EN PROCESO DE INVESTIGACIÓN,ASFALTADA,CARRETERA,NACIONAL,LA LIBERTAD,SANCHEZ CARRION,HUAMACHUCO,-7.8002935855,-77.9881664265,PE-3N,1110.6612409444476
2024-05-01,2024,5,2,0,1,0,DESPISTE,IMPRUDENCIA DEL CONDUCTOR,ASFALTADA,CARRETERA,NACIONAL,LA LIBERTAD,PACASMAYO,GUADALUPE,-7.2331677838,-79.4523904431,PE-1N,704.2127349102541
2024-05-02,2024,5,3,0,1,0,ATROPELLO,NEGLIGENCIA DEL CONDUCTOR,ASFALTADA,CARRETERA,NACIONAL,PUNO,PUNO,ACORA,-16.003964,-69.761705,PE-3S,1401.7692098904663
2024-05-02,2024,5,3,0,1,33,CHOQUE,IMPRUDENCIA DEL CONDUCTOR,ASFALTADA,CARRETERA,NACIONAL,LIMA,LIMA,SAN BORJA,-12.092293,-76.980857,PE-1S,4.1371770957758605
2024-05-02,2024,5,3,0,1,0,ATROPELLO,EN PROCESO DE INVESTIGACIÓN,ASFALTADA,CARRETERA,NACIONAL,LIMA,LIMA,PUNTA NEGRA,-12.37177720361196,-76.78410972011952,PE-1S,45.94645408608957
2024-05-04,2024,5,5,0,1,0,CHOQUE,IMPRUDENCIA DEL CONDUCTOR,ASFALTADA,CARRETERA,NACIONAL,LIMA,HUAURA,SAYAN,-11.28498138747742,-77.32506043281998,PE-18,18.598176973464327
2024-05-04,2024,5,5,0,1,0,ATROPELLO,IMPRUDENCIA DEL PEATÓN,ASFALTADA,CARRETERA,NACIONAL,CUSCO,CANCHIS,SICUANI,-14.246629,-71.242679,PE-3S,1110.3223626041738
2024-05-04,2024,5,5,0,1,0,ATROPELLO FUGA,EN PROCESO DE INVESTIGACIÓN,ASFALTADA,CARRETERA,NACIONAL,LIMA,CAÑETE,CHILCA,-12.485454,-76.74597,PE-1S,59.98267899572981
2024-05-04,2024,5,5,0,1,0,CHOQUE,IMPRUDENCIA DEL CONDUCTOR,ASFALTADA,CARRETERA,NACIONAL,CUSCO,CANCHIS,MARANGANI,-14.3518785408741,-71.1730460997342,PE-3S,1125.667543457785
2024-05-04,2024,5,5,0,1,0,CHOQUE,IMPRUDENCIA DEL CONDUCTOR,ASFALTADA,CARRETERA,NACIONAL,CUSCO,CANCHIS,MARANGANI,-14.3288253,-71.1955179,PE-3S,1122.0886198188227
2024-05-05,2024,5,6,0,1,0,CHOQUE,EN PROCESO DE INVESTIGACIÓN,ASFALTADA,CARRETERA,NACIONAL,LIMA,LIMA,RIMAC,-12.04092762705622,-77.03359750530842,PE-1N,8.79464066615815
2024-05-05,2024,5,6,0,1,0,DESPISTE,IMPERICIA DEL CONDUCTOR,ASFALTADA,CARRETERA,NACIONAL,CUSCO,CALCA,CALCA,-13.317981,-72.034401,PE-28B,632.808809683799
2024-05-06,2024,5,0,0,1,0,CHOQUE,IMPRUDENCIA DEL CONDUCTOR,ASFALTADA,CARRETERA,NACIONAL,TUMBES,ZARUMILLA,PAPAYAL,-3.529353403850634,-80.36389408213292,PE-1N,1289.6681679729627
2024-05-06,2024,5,0,0,1,0,DESPISTE,IMPRUDENCIA DEL CONDUCTOR,ASFALTADA,CARRETERA,NACIONAL,PUNO,PUNO,PLATERIA,-15.94117228,-69.86260569,PE-1N,0.0
2024-05-07,2024,5,1,0,1,0,CHOQUE,IMPRUDENCIA DEL CONDUCTOR,ASFALTADA,CARRETERA,NACIONAL,PUNO,EL COLLAO,SANTA ROSA,-16.738935101004,-69.71669550114505,PE-36A,214.6823653161121
2024-05-07,2024,5,1,0,1,0,ATROPELLO,IMPRUDENCIA DEL PEATÓN,ASFALTADA,CARRETERA,NACIONAL,CAJAMARCA,CHOTA,CHOTA,-6.57019,-78.642682,PE-3N,1424.0295714597146
2024-05-08,2024,5,2,0,1,0,CHOQUE,IMPRUDENCIA DEL CONDUCTOR,ASFALTADA,CARRETERA,NACIONAL,ICA,ICA,ICA,-14.086836,-75.727742,PE-1S,299.6865998365614
2024-05-09,2024,5,3,0,1,2,DESPISTE,EN PROCESO DE INVESTIGACIÓN,ASFALTADA,CARRETERA,NACIONAL,AREQUIPA,ISLAY,COCACHACRA,-17.0299219497234,-71.6447817311079,PE-1S,1046.972936020261
2024-05-10,2024,5,4,0,1,3,CHOQUE,EN PROCESO DE INVESTIGACIÓN,ASFALTADA,CARRETERA,NACIONAL,LIMA,LIMA,LURIN,-12.25012472194049,-76.93102612571977,PE-1S,24.68543054936207
2024-05-10,2024,5,4,0,1,2,DESPISTE,IMPRUDENCIA DEL CONDUCTOR,ASFALTADA,CARRETERA,NACIONAL,CAJAMARCA,CELENDIN,CELENDIN,-6.882722,-78.135623,PE-08B,104.85580231317292
2024-05-10,2024,5,4,0,1,1,DESPISTE,IMPRUDENCIA DEL PEATÓN,ASFALTADA,CARRETERA,NACIONAL,CUSCO,URUBAMBA,URUBAMBA,-13.31189558,-72.10391432,PE-28B,623.5720259909388
2024-05-10,2024,5,4,0,1,0,ATROPELLO,IMPRUDENCIA DEL PEATÓN,ASFALTADA,CARRETERA,NACIONAL,CUSCO,QUISPICANCHI,OROPESA,-13.597937,-71.773723,PE-3S,996.5500321980942
2024-05-11,2024,5,5,0,1,0,ATROPELLO FUGA,EN PROCESO DE INVESTIGACIÓN,ASFALTADA,CARRETERA,NACIONAL,LA LIBERTAD,ASCOPE,CHICAMA,-7.746122048401552,-79.092496577822,PE-1NF,14.07613591492268
2024-05-11,2024,5,5,0,1,0,CHOQUE,IMPRUDENCIA DEL CONDUCTOR,ASFALTADA,CARRETERA,NACIONAL,ICA,ICA,ICA,-14.087787,-75.718012,PE-1SC,0.303606745692189
2024-05-11,2024,5,5,0,1,2,CHOQUE,IMPRUDENCIA DEL CONDUCTOR,ASFALTADA,CARRETERA,NACIONAL,CAJAMARCA,JAEN,JAEN,-5.777851,-78.782939,PE-5N,1378.0577024821605
2024-05-11,2024,5,5,0,1,0,DESPISTE,EN PROCESO DE INVESTIGACIÓN,ASFALTADA,CARRETERA,NACIONAL,AREQUIPA,CAYLLOMA,SAN ANTONIO DE CHUCA,-15.90465,-71.188063,PE-34A,152.53775490573503
2024-05-11,2024,5,5,0,1,0,ATROPELLO,EN PROCESO DE INVESTIGACIÓN,ASFALTADA,CARRETERA,NACIONAL,LIMA,LIMA,LURIN,-12.297371,-76.855202,PE-1S,34.45650208629674
2024-05-11,2024,5,5,0,1,1,CHOQUE,IMPRUDENCIA DEL CONDUCTOR,ASFALTADA,CARRETERA,NACIONAL,CUSCO,CANCHIS,SICUANI,-14.216545983228846,-71.29374342360288,PE-3S,1103.5664399456111
2024-05-12,2024,5,6,0,1,8,DESPISTE,IMPRUDENCIA DEL CONDUCTOR,ASFALTADA,CARRETERA,NACIONAL,CAJAMARCA,CAJAMARCA,MAGDALENA,-7.28043407907949,-78.5434316327248,PE-1NA,22.85
2024-05-12,2024,5,6,0,1,0,ATROPELLO,IMPRUDENCIA DEL PEATÓN,ASFALTADA,CARRETERA,NACIONAL,CUSCO,CUSCO,SAYLLA,-13.561486,-71.845278,PE-3S,987.6464294841968
2024-05-13,2024,5,0,0,1,0,CHOQUE,EN PROCESO DE INVESTIGACIÓN,,CARRETERA,NACIONAL,PIURA,MORROPON,LA MATANZA,-5.18341702384324,-80.1363047328542,PE-1NJ,209.8102463416521
2024-05-13,2024,5,0,0,1,0,DESPISTE,IMPERICIA DEL CONDUCTOR,ASFALTADA,CARRETERA,NACIONAL,CUSCO,QUISPICANCHI,LUCRE,-13.60648,-71.727483,PE-3S,1002.041934336204
2024-05-13,2024,5,0,0,1,0,ATROPELLO,EN PROCESO DE INVESTIGACIÓN,ASFALTADA,CARRETERA,NACIONAL,LIMA,LIMA,ANCON,-11.757368,-77.152551,PE-1N,46.39293472665583
2024-05-14,2024,5,1,0,1,3,CHOQUE,EN PROCESO DE INVESTIGACIÓN,ASFALTADA,CARRETERA,NACIONAL,LA LIBERTAD,VIRU,VIRU,-8.460708795308928,-78.72292032308259,PE-1N,508.1526229523101
2024-05-14,2024,5,1,0,1,0,ATROPELLO,EN PROCESO DE INVESTIGACIÓN,CONCRETO,CARRETERA,NACIONAL,AREQUIPA,AREQUIPA,JOSE LUIS BUSTAMANTE Y RIVERO,-16.425284,-71.524861,PE-34C,7.214430576281528
2024-05-14,2024,5,1,0,17,17,DESPISTE,IMPRUDENCIA DEL CONDUCTOR,ASFALTADA,CARRETERA,NACIONAL,AYACUCHO,HUAMANGA,VINCHOS,-13.332019244631937,-74.50760101175511,PE-28A,267.16198368122485
2024-05-14,2024,5,1,0,1,2,CHOQUE,IMPRUDENCIA DEL CONDUCTOR,ASFALTADA,CARRETERA,NACIONAL,LIMA,HUAURA,HUACHO,-11.135838749474328,-77.59689150569524,PE-1N,146.214124339418
2024-05-15,2024,5,2,0,1,0,DESPISTE,EN PROCESO DE INVESTIGACIÓN,ASFALTADA,CARRETERA,NACIONAL,LA LIBERTAD,SANCHEZ CARRION,HUAMACHUCO,-7.790679253911529,-77.97043736315956,PE-10B,2.2724019930966763
2024-05-15,2024,5,2,0,1,0,ATROPELLO FUGA,EN PROCESO DE INVESTIGACIÓN,ASFALTADA,CARRETERA,NACIONAL,ICA,ICA,ICA,-14.087782,-75.718023,PE-1SC,0.3039273040773517
2024-05-16,2024,5,3,0,1,0,ATROPELLO FUGA,IMPRUDENCIA DEL CONDUCTOR,ASFALTADA,CARRETERA,NACIONAL,LA LIBERTAD,TRUJILLO,MOCHE,-8.1694610122,-79.0041184355,PE-1N,555.079817023624
2024-05-16,2024,5,3,0,1,0,ATROPELLO FUGA,EN PROCESO DE INVESTIGACIÓN,ASFALTADA,CARRETERA,NACIONAL,CALLAO,CALLAO,CALLAO,-12.02854,-77.12784,PE-20,11.552295271480544
2024-05-17,2024,5,4,0,1,0,CHOQUE,IMPRUDENCIA DEL CONDUCTOR,ASFALTADA,CARRETERA,NACIONAL,UCAYALI,CORONEL PORTILLO,YARINACOCHA,-8.409284564934223,-74.64891322909108,PE-18C,72.05509302044295
2024-05-18,2024,5,5,0,1,1,ATROPELLO,IMPRUDENCIA DEL PEATÓN,ASFALTADA,CARRETERA,NACIONAL,CUSCO,ANTA,ANTA,-13.479257457056944,-72.16122995243103,PE-3S,943.8932300235712
2024-05-18,2024,5,5,0,1,1,CHOQUE,EN PROCESO DE INVESTIGACIÓN,ASFALTADA,CARRETERA,NACIONAL,AREQUIPA,ISLAY,COCACHACRA,-16.9838296287419,-71.7708158491995,PE-1S,1025.0211110665132
2024-05-18,2024,5,5,0,2,0,ATROPELLO,EN PROCESO DE INVESTIGACIÓN,ASFALTADA,CARRETERA,NACIONAL,LIMA,LIMA,ANCON,-11.812872,-77.129667,PE-1N,38.83374149063562
2024-05-18,2024,5,5,0,1,1,CHOQUE,IMPRUDENCIA DEL CONDUCTOR,ASFALTADA,CARRETERA,NACIONAL,CUSCO,LA CONVENCION,HUAYOPATA,-13.00242,-72.571308,PE-28B,493.7287556312979
2024-05-19,2024,5,6,0,1,1,DESPISTE,IMPRUDENCIA DEL CONDUCTOR,ASFALTADA,CARRETERA,NACIONAL,LIMA,HUAURA,HUACHO,-11.314284154821213,-77.48276560587419,PE-1N,122.61090762314744
2024-05-19,2024,5,6,0,1,0,DESPISTE,IMPRUDENCIA DEL CONDUCTOR,CONCRETO,CARRETERA,NACIONAL,CAJAMARCA,JAEN,JAEN,-5.718479,-78.80186,PE-5N,1387.1495872195976
2024-05-19,2024,5,6,0,1,0,ATROPELLO,EN PROCESO DE INVESTIGACIÓN,ASFALTADA,CARRETERA,NACIONAL,LIMA,LIMA,LURIN,-12.274956,-76.891577,PE-1S,29.78309044195361
2024-05-20,2024,5,0,0,1,0,CHOQUE,EN PROCESO DE INVESTIGACIÓN,ASFALTADA,CARRETERA,NACIONAL,LIMA,LIMA,SAN JUAN DE MIRAFLORES,-12.162007216136672,-76.98171171350097,PE-1S,12.022267928884895
2024-05-20,2024,5,0,0,12,1,CHOQUE,IMPRUDENCIA DEL CONDUCTOR,ASFALTADA,CARRETERA,NACIONAL,PASCO,PASCO,SAN FRANCISCO DE ASIS DE YARUSYACAN,-10.5215686392873,-76.1803379146791,PE-3N,156.27069392604355
2024-05-21,2024,5,1,0,1,0,CHOQUE,IMPRUDENCIA DEL CONDUCTOR,ASFALTADA,CARRETERA,NACIONAL,LIMA,LIMA,SAN MARTIN DE PORRES,-12.035766105422756,-77.04477332871173,PE-1N,10.1567667716836
2024-05-22,2024,5,2,0,1,1,CHOQUE,IMPRUDENCIA DEL CONDUCTOR,ASFALTADA,CARRETERA,NACIONAL,PUNO,EL COLLAO,ILAVE,-16.091724,-69.632402,PE-3S,1418.1830339386115
2024-05-22,2024,5,2,0,1,4,DESPISTE,IMPRUDENCIA DEL CONDUCTOR,AFIRMADO,CARRETERA,NACIONAL,AYACUCHO,CANGALLO,MARIA PARADO DE BELLIDO,-13.623384,-74.269101,PE-30D,230.62235066529
2024-05-23,2024,5,3,0,1,0,ATROPELLO,IMPRUDENCIA DEL PEATÓN,ASFALTADA,CARRETERA,NACIONAL,ICA,PISCO,SAN CLEMENTE,-13.612964,-76.1687,PE-1SE,23.820152433080477
2024-05-24,2024,5,4,0,1,0,CHOQUE FUGA,EN PROCESO DE INVESTIGACIÓN,ASFALTADA,CARRETERA,NACIONAL,LIMA,LIMA,LOS OLIVOS,-11.95930856964801,-77.06880100974995,PE-1N,19.59449587039531
2024-05-24,2024,5,4,0,1,0,DESPISTE,EN PROCESO DE INVESTIGACIÓN,TROCHA,CARRETERA,NACIONAL,LA LIBERTAD,PATAZ,TAYABAMBA,-8.331425175,-77.2509131115,PE-10C,259.1554201564518
2024-05-24,2024,5,4,0,2,0,CHOQUE,EN PROCESO DE INVESTIGACIÓN,ASFALTADA,CARRETERA,NACIONAL,AREQUIPA,ISLAY,DEAN VALDIVIA,-17.133403,-71.856379,PE-1SD,129.91992973722975
2024-05-25,2024,5,5,0,1,0,DESPISTE,IMPRUDENCIA DEL CONDUCTOR,ASFALTADA,CARRETERA,NACIONAL,TUMBES,CONTRALMIRANTE VILLAR,CANOAS DE PUNTA SAL,-3.976005929454473,-80.95257632364411,PE-1N,1199.8911408775846
2024-05-25,2024,5,5,0,1,2,CHOQUE,EN PROCESO DE INVESTIGACIÓN,ASFALTADA,CARRETERA,NACIONAL,AREQUIPA,AREQUIPA,PAUCARPATA,-16.424584,-71.505872,PE-34C,9.571389326472286
2024-05-26,2024,5,6,0,3,4,DESPISTE,NEGLIGENCIA DEL CONDUCTOR,ASFALTADA,CARRETERA,NACIONAL,CUSCO,ANTA,ANTA,-13.542062,-72.194637,PE-3SF,422.8802065847135
2024-05-26,2024,5,6,0,1,1,CHOQUE,EN PROCESO DE INVESTIGACIÓN,ASFALTADA,CARRETERA,NACIONAL,LIMA,LIMA,LURIGANCHO,-12.021266114678584,-76.93017588085614,PE-22,7.008148777880774
2024-05-26,2024,5,6,0,1,6,CHOQUE,IMPERICIA DEL CONDUCTOR,ASFALTADA,CARRETERA,NACIONAL,CUSCO,QUISPICANCHI,URCOS,-13.660308,-71.591075,PE-30C,13.39468181359249
2024-05-27,2024,5,0,0,1,0,ATROPELLO FUGA,EN PROCESO DE INVESTIGACIÓN,ASFALTADA,CARRETERA,NACIONAL,UCAYALI,CORONEL PORTILLO,CALLERIA,-8.399332104483923,-74.60846295231482,PE-18C,76.64889250764446
2024-05-27,2024,5,0,0,1,2,DESPISTE,EN PROCESO DE INVESTIGACIÓN,ASFALTADA,CARRETERA,NACIONAL,ICA,PALPA,LLIPATA,-14.551381,-75.1938561,PE-1S,397.9262006904359
2024-05-27,2024,5,0,0,1,0,ATROPELLO FUGA,EN PROCESO DE INVESTIGACIÓN,ASFALTADA,CARRETERA,NACIONAL,AREQUIPA,AREQUIPA,YURA,-16.0721902064238,-71.5931876876696,PE-34A,89.67115379328114
2024-05-28,2024,5,1,0,1,0,ATROPELLO,EN PROCESO DE INVESTIGACIÓN,ASFALTADA,CARRETERA,NACIONAL,LIMA,LIMA,ATE,-12.06171738079492,-76.97183037251226,PE-1S,0.3846873828463729
2024-05-29,2024,5,2,0,1,0,DESPISTE,IMPRUDENCIA DEL CONDUCTOR,ASFALTADA,CARRETERA,NACIONAL,CAJAMARCA,CHOTA,LLAMA,-6.558534,-79.226609,PE-06A,91.37128171430486
2024-05-29,2024,5,2,0,1,0,CHOQUE,IMPRUDENCIA DEL PEATÓN,ASFALTADA,CARRETERA,NACIONAL,CUSCO,QUISPICANCHI,OCONGATE,-13.627811673831856,-71.38850439742114,PE-30C,55.93041778289851
2024-05-29,2024,5,2,0,1,0,DESPISTE,IMPRUDENCIA DEL CONDUCTOR,ASFALTADA,CARRETERA,NACIONAL,PUNO,EL COLLAO,ILAVE,-16.14884789071628,-69.56266699225276,PE-3S,1428.2360437280483
2024-05-30,2024,5,3,0,1,0,ATROPELLO FUGA,IMPRUDENCIA DEL PEATÓN,ASFALTADA,CARRETERA,NACIONAL,PUNO,CHUCUITO,POMATA,-16.274627666398704,-69.29014380638111,PE-3S,1466.636484586781
2024-05-30,2024,5,3,0,1,0,ATROPELLO,IMPRUDENCIA DEL PEATÓN,ASFALTADA,CARRETERA,NACIONAL,LA LIBERTAD,TRUJILLO,VICTOR LARCO HERRERA,-8.140600574,-79.0524999253,PE-1N,565.6699111741881
2024-05-30,2024,5,3,0,1,0,CHOQUE,IMPRUDENCIA DEL CONDUCTOR,ASFALTADA,CARRETERA,NACIONAL,PUNO,PUNO,CHUCUITO,-15.898477993412756,-69.88927924278664,PE-3S,1382.6526467606063
2024-06-01,2024,6,5,0,1,0,CHOQUE,EN PROCESO DE INVESTIGACIÓN,ASFALTADA,CARRETERA,NACIONAL,LA LIBERTAD,CHEPEN,CHEPEN,-7.273730020529267,-79.28734084682289,PE-08,23.82838953490324
2024-06-02,2024,6,6,0,1,0,ATROPELLO FUGA,EN PROCESO DE INVESTIGACIÓN,ASFALTADA,CARRETERA,NACIONAL,LIMA,LIMA,LOS OLIVOS,-11.930176,-77.072415,PE-1N,22.85710329794485
2024-06-02,2024,6,6,0,1,2,CHOQUE,EN PROCESO DE INVESTIGACIÓN,ASFALTADA,CARRETERA,NACIONAL,LA LIBERTAD,OTUZCO,SALPO,-8.011856275320335,-78.69948108366218,PE-10A,45.30530403678125
2024-06-02,2024,6,6,0,1,0,CHOQUE FUGA,EN PROCESO DE INVESTIGACIÓN,ASFALTADA,CARRETERA,NACIONAL,LA LIBERTAD,PACASMAYO,GUADALUPE,-7.303910820153995,-79.47253181141778,PE-08,0.8015433392352203
2024-06-02,2024,6,6,0,2,0,DESPISTE,IMPRUDENCIA DEL CONDUCTOR,ASFALTADA,CARRETERA,NACIONAL,LIMA,LIMA,ATE,-12.010602,-76.872794,PE-22,14.020018789747356
2024-06-02,2024,6,6,0,1,0,ATROPELLO FUGA,IMPRUDENCIA DEL PEATÓN,ASFALTADA,CARRETERA,NACIONAL,LA LIBERTAD,TRUJILLO,HUANCHACO,-8.0273870967,-79.0778542345,PE-1N,580.9126860740913
2024-06-03,2024,6,0,0,1,0,DESPISTE,IMPRUDENCIA DEL CONDUCTOR,ASFALTADA,CARRETERA,NACIONAL,CAJAMARCA,CHOTA,CHOTA,-6.550359,-78.674762,PE-3N,1428.5518096121923
2024-06-03,2024,6,0,0,1,0,DESPISTE,NEGLIGENCIA DEL CONDUCTOR,ASFALTADA,CARRETERA,NACIONAL,CAJAMARCA,CAJABAMBA,CAJABAMBA,-7.612798,-78.083209,PE-3N,1159.3566511791496
2024-06-04,2024,6,1,0,1,0,CHOQUE,IMPRUDENCIA DEL CONDUCTOR,ASFALTADA,CARRETERA,NACIONAL,LA LIBERTAD,TRUJILLO,TRUJILLO,-8.126917155202126,-79.0104671173307,PE-10A,1.302720723829791
2024-06-04,2024,6,1,0,1,3,DESPISTE,EN PROCESO DE INVESTIGACIÓN,ASFALTADA,CARRETERA,NACIONAL,AREQUIPA,AREQUIPA,SAN JUAN DE TARUCANI,-16.05142,-71.338553,PE-34A,122.48323964689048
2024-06-04,2024,6,1,0,1,0,ATROPELLO,IMPRUDENCIA DEL PEATÓN,ASFALTADA,CARRETERA,NACIONAL,LIMA,LIMA,ATE,-12.00452748167926,-76.84440435887166,PE-22,17.46357664086332
2024-06-05,2024,6,2,0,1,0,ATROPELLO,EN PROCESO DE INVESTIGACIÓN,ASFALTADA,CARRETERA,NACIONAL,LIMA,LIMA,SAN BORJA,-12.103942,-76.979231,PE-1S,5.438911920373965
2024-06-05,2024,6,2,0,2,0,DESPISTE,IMPRUDENCIA DEL CONDUCTOR,ASFALTADA,CARRETERA,NACIONAL,LIMA,HUAURA,SAYAN,-11.12141,-77.31701,PE-1NE,30.90317581628121
2024-06-06,2024,6,3,0,1,0,ATROPELLO FUGA,EN PROCESO DE INVESTIGACIÓN,ASFALTADA,CARRETERA,NACIONAL,AREQUIPA,CAYLLOMA,MAJES,-16.375891,-72.17704,PE-1S,910.1016269008138
2024-06-06,2024,6,3,0,1,1,DESPISTE,EN PROCESO DE INVESTIGACIÓN,TROCHA,CARRETERA,NACIONAL,LA LIBERTAD,PATAZ,URPAY,-8.342476410576566,-77.37976987197702,PE-12B,129.87944194997374
2024-06-06,2024,6,3,0,1,0,CHOQUE,IMPRUDENCIA DEL CONDUCTOR,ASFALTADA,CARRETERA,NACIONAL,PASCO,PASCO,HUARIACA,-10.4576087511624,-76.1790791522703,PE-3N,164.856886801334
2024-06-06,2024,6,3,0,1,0,CHOQUE,EN PROCESO DE INVESTIGACIÓN,ASFALTADA,CARRETERA,NACIONAL,LA LIBERTAD,TRUJILLO,LAREDO,-8.093293625377925,-78.92582198863045,PE-10A,12.600028290810576
2024-06-06,2024,6,3,0,1,0,DESPISTE,IMPRUDENCIA DEL CONDUCTOR,ASFALTADA,CARRETERA,NACIONAL,LA LIBERTAD,SANTIAGO DE CHUCO,QUIRUVILCA,-8.011219890425922,-78.31332347685066,PE-3N,1044.8190141349637
2024-06-06,2024,6,3,0,1,1,DESPISTE,IMPRUDENCIA DEL CONDUCTOR,ASFALTADA,CARRETERA,NACIONAL,LA LIBERTAD,SANCHEZ CARRION,HUAMACHUCO,-7.8898514259,-78.1263693118,PE-3N,1084.9246851429828
2024-06-06,2024,6,3,0,1,0,CHOQUE,IMPRUDENCIA DEL CONDUCTOR,ASFALTADA,CARRETERA,NACIONAL,CUSCO,ESPINAR,ESPINAR,-14.809723,-71.43073,PE-3SW,74.87300748125489
2024-06-07,2024,6,4,0,1,3,DESPISTE,IMPRUDENCIA DEL CONDUCTOR,ASFALTADA,CARRETERA,NACIONAL,PUNO,CHUCUITO,JULI,-16.2177626620396,-69.4939086283114,PE-3S,1439.2414713763144
2024-06-07,2024,6,4,0,1,0,CHOQUE CON OBJETO FIJO,IMPRUDENCIA DEL CONDUCTOR,CONCRETO,CARRETERA,NACIONAL,APURIMAC,ANDAHUAYLAS,KISHUARA,-13.630002,-73.13549357,PE-3S,699.8239575718179
2024-06-07,2024,6,4,0,1,0,DESPISTE,IMPRUDENCIA DEL CONDUCTOR,ASFALTADA,CARRETERA,NACIONAL,AYACUCHO,HUAMANGA,CHIARA,-13.349,-74.182,PE-3S,428.8069760869988
2024-06-08,2024,6,5,0,1,0,ATROPELLO FUGA,EN PROCESO DE INVESTIGACIÓN,ASFALTADA,CARRETERA,NACIONAL,LIMA,LIMA,RIMAC,-12.041357,-77.033051,PE-1N,8.717984227788508
2024-06-08,2024,6,5,0,1,0,CHOQUE CON OBJETO FIJO,NEGLIGENCIA DEL CONDUCTOR,ASFALTADA,CARRETERA,NACIONAL,CAJAMARCA,CONTUMAZA,YONAN,-7.248293,-79.224654,PE-08,32.94147023880521
2024-06-08,2024,6,5,0,1,2,CHOQUE,IMPRUDENCIA DEL CONDUCTOR,ASFALTADA,CARRETERA,NACIONAL,UCAYALI,PADRE ABAD,ALEXANDER VON HUMBOLDT,-8.825774271866962,-75.05237634841907,PE-5N,328.3316287900322
2024-06-09,2024,6,6,0,1,1,CHOQUE,EN PROCESO DE INVESTIGACIÓN,TROCHA,CARRETERA,NACIONAL,ICA,ICA,LA TINGUIÑA,-13.989206,-75.694907,PE-1SC,13.449723677104986
2024-06-09,2024,6,6,0,1,0,CHOQUE,IMPRUDENCIA DEL CONDUCTOR,ASFALTADA,CARRETERA,NACIONAL,PUNO,PUNO,PICHACANI,-16.038277,-70.008902,PE-36B,132.55645688192763
2024-06-11,2024,6,1,0,1,0,ATROPELLO,IMPRUDENCIA DEL CONDUCTOR,ASFALTADA,CARRETERA,NACIONAL,CUSCO,CUSCO,CUSCO,-13.50455,-71.971385,PE-28G,7.490529697593593
2024-06-14,2024,6,4,0,1,0,DESPISTE,IMPRUDENCIA DEL CONDUCTOR,ASFALTADA,CARRETERA,NACIONAL,LIMA,HUARAL,PACARAOS,-11.1273437314928,-76.626228421465,PE-20C,107.99698075591527
2024-06-14,2024,6,4,0,2,3,DESPISTE,EN PROCESO DE INVESTIGACIÓN,ASFALTADA,CARRETERA,NACIONAL,AREQUIPA,AREQUIPA,SAN JUAN DE TARUCANI,-16.000328,-71.26475,PE-34A,134.55625209927985
2024-06-14,2024,6,4,0,1,2,CHOQUE,EN PROCESO DE INVESTIGACIÓN,ASFALTADA,CARRETERA,NACIONAL,ICA,PISCO,SAN ANDRES,-13.724629,-76.156396,PE-1S,227.11243528034035
2024-06-14,2024,6,4,0,1,0,ATROPELLO,EN PROCESO DE INVESTIGACIÓN,ASFALTADA,CARRETERA,NACIONAL,HUANCAVELICA,HUAYTARA,PILPICHACA,-13.331149,-74.971501,PE-28E,5.985018961936818
2024-06-14,2024,6,4,0,1,0,CHOQUE,EN PROCESO DE INVESTIGACIÓN,ASFALTADA,CARRETERA,NACIONAL,LIMA,LIMA,RIMAC,-12.042976482914572,-77.02266111511464,PE-1N,7.543119828781133
2024-06-14,2024,6,4,0,1,0,DESPISTE,EN PROCESO DE INVESTIGACIÓN,ASFALTADA,CARRETERA,NACIONAL,LA LIBERTAD,ASCOPE,RAZURI,-7.66309924536778,-79.3324267168397,PE-1N,633.4646576876765
2024-06-14,2024,6,4,0,1,0,CHOQUE,EN PROCESO DE INVESTIGACIÓN,ASFALTADA,CARRETERA,NACIONAL,LIMA,LIMA,SANTIAGO DE SURCO,-12.127299003517887,-76.97704865225496,PE-1S,8.038313909021578
2024-06-14,2024,6,4,0,1,1,ATROPELLO,EN PROCESO DE INVESTIGACIÓN,ASFALTADA,CARRETERA,NACIONAL,LIMA,LIMA,PUNTA HERMOSA,-12.324326101652504,-76.82609434137815,PE-1S,38.95188243729863
2024-06-15,2024,6,5,0,1,0,CHOQUE,IMPRUDENCIA DEL CONDUCTOR,ASFALTADA,CARRETERA,NACIONAL,ICA,CHINCHA,SUNAMPE,-13.41022559,-76.16414532,PE-1S,188.76121569372356
2024-06-15,2024,6,5,0,1,0,CHOQUE,EN PROCESO DE INVESTIGACIÓN,ASFALTADA,CARRETERA,NACIONAL,LIMA,LIMA,SAN BORJA,-12.110083420518457,-76.97837558904305,PE-1S,6.124764342537111
2024-06-16,2024,6,6,0,1,0,DESPISTE,IMPRUDENCIA DEL CONDUCTOR,ASFALTADA,CARRETERA,NACIONAL,CUSCO,CANCHIS,MARANGANI,-14.343236,-71.18383,PE-3S,1124.118852851916
2024-06-16,2024,6,6,0,1,0,DESPISTE,EN PROCESO DE INVESTIGACIÓN,ASFALTADA,CARRETERA,NACIONAL,AREQUIPA,ISLAY,COCACHACRA,-17.0326963242302,-71.6865071124699,PE-1SJ,0.6426637989312356
2024-06-16,2024,6,6,0,1,0,ATROPELLO,EN PROCESO DE INVESTIGACIÓN,ASFALTADA,CARRETERA,NACIONAL,LIMA,LIMA,SANTIAGO DE SURCO,-12.153351606296685,-76.98396179308388,PE-1S,11.03057099851922
2024-06-16,2024,6,6,0,1,4,DESPISTE,EN PROCESO DE INVESTIGACIÓN,ASFALTADA,CARRETERA,NACIONAL,ICA,NASCA,MARCONA,-15.286488,-75.091266,PE-30,22.976613279833916
2024-06-17,2024,6,0,0,1,0,ATROPELLO,EN PROCESO DE INVESTIGACIÓN,ASFALTADA,CARRETERA,NACIONAL,AREQUIPA,AREQUIPA,LA JOYA,-16.499813,-71.831295,PE-1S,959.9021647849806
2024-06-17,2024,6,0,0,1,0,DESPISTE,EN PROCESO DE INVESTIGACIÓN,AFIRMADO,CARRETERA,NACIONAL,CAJAMARCA,CHOTA,COCHABAMBA,-6.52286946520376,-78.7964938356495,PE-3N,1446.8431369341515
2024-06-17,2024,6,0,0,1,3,CHOQUE,IMPRUDENCIA DEL CONDUCTOR,ASFALTADA,CARRETERA,NACIONAL,LIMA,HUAURA,HUACHO,-11.135933490965414,-77.59685928994054,PE-1N,146.20481636331084
2024-06-18,2024,6,1,0,1,1,CHOQUE,EN PROCESO DE INVESTIGACIÓN,ASFALTADA,CARRETERA,NACIONAL,AREQUIPA,AREQUIPA,LA JOYA,-16.493862,-71.842076,PE-1S,958.5695620859618
2024-06-18,2024,6,1,0,2,7,CHOQUE,EN PROCESO DE INVESTIGACIÓN,ASFALTADA,CARRETERA,NACIONAL,HUANCAVELICA,TAYACAJA,ÑAHUIMPUQUIO,-12.30544,-75.062555,PE-3SD,2.9316548832463467
2024-06-18,2024,6,1,0,1,5,CHOQUE,EN PROCESO DE INVESTIGACIÓN,ASFALTADA,CARRETERA,NACIONAL,ICA,PALPA,SANTA CRUZ,-14.503455,-75.257135,PE-1S,378.4046064403776
2024-06-20,2024,6,3,0,1,0,ATROPELLO,EN PROCESO DE INVESTIGACIÓN,ASFALTADA,CARRETERA,NACIONAL,LIMA,LIMA,INDEPENDENCIA,-11.982714012700349,-77.06533237378656,PE-1N,16.928735470955466
2024-06-20,2024,6,3,0,1,0,ATROPELLO,IMPRUDENCIA DEL PEATÓN,ASFALTADA,CARRETERA,NACIONAL,PUNO,PUNO,CHUCUITO,-15.924097054793595,-69.87893148188333,PE-3S,1385.707283140134
2024-06-21,2024,6,4,0,1,1,DESPISTE,EN PROCESO DE INVESTIGACIÓN,ASFALTADA,CARRETERA,NACIONAL,LIMA,LIMA,LURIN,-12.249106064553674,-76.93239072015122,PE-1S,24.49932787137601
2024-06-21,2024,6,4,0,1,0,ATROPELLO FUGA,EN PROCESO DE INVESTIGACIÓN,ASFALTADA,CARRETERA,NACIONAL,LIMA,LIMA,CHORRILLOS,-12.201209,-76.973922,PE-1S,16.512534411398082
2024-06-22,2024,6,5,0,1,1,VOLCADURA,EN PROCESO DE INVESTIGACIÓN,ASFALTADA,CARRETERA,NACIONAL,LIMA,LIMA,CARABAYLLO,-11.793794609082996,-76.98315595935756,PE-20A,24.137892532148207
2024-06-22,2024,6,5,0,1,0,ATROPELLO FUGA,EN PROCESO DE INVESTIGACIÓN,ASFALTADA,CARRETERA,NACIONAL,PUNO,PUNO,CHUCUITO,-15.885767,-69.898305,PE-3S,1380.150529002667
2024-06-22,2024,6,5,0,1,0,ATROPELLO FUGA,EN PROCESO DE INVESTIGACIÓN,ASFALTADA,CARRETERA,NACIONAL,LIMA,LIMA,PUENTE PIEDRA,-11.899502,-77.067748,PE-1N,26.430209260887448
2024-06-23,2024,6,6,0,1,0,CHOQUE,IMPRUDENCIA DEL CONDUCTOR,ASFALTADA,CARRETERA,NACIONAL,CUSCO,QUISPICANCHI,CUSIPATA,-13.920141,-71.505617,PE-3S,1058.0849109137164
2024-06-24,2024,6,0,0,1,2,CHOQUE,IMPRUDENCIA DEL CONDUCTOR,ASFALTADA,CARRETERA,NACIONAL,PASCO,PASCO,CHAUPIMARCA,-10.699178493360863,-76.23682382600826,PE-3N,121.0712411289712
2024-06-25,2024,6,1,0,1,0,ATROPELLO,EN PROCESO DE INVESTIGACIÓN,ASFALTADA,CARRETERA,NACIONAL,AREQUIPA,AREQUIPA,SANTA RITA DE SIGUAS,-16.41794,-72.037985,PE-1S,932.6654930244068
2024-06-25,2024,6,1,0,1,0,ATROPELLO,IMPRUDENCIA DEL CONDUCTOR,ASFALTADA,CARRETERA,NACIONAL,SAN MARTIN,MOYOBAMBA,MOYOBAMBA,-6.046114,-77.017086,PE-5N,1062.8116787520714
2024-06-27,2024,6,3,0,1,0,CHOQUE,IMPRUDENCIA DEL CONDUCTOR,ASFALTADA,CARRETERA,NACIONAL,TUMBES,TUMBES,LA CRUZ,-3.6239269134544574,-80.56110268836153,PE-1N,1264.097664384282
2024-06-28,2024,6,4,0,1,1,DESPISTE,EN PROCESO DE INVESTIGACIÓN,ASFALTADA,CARRETERA,NACIONAL,LA LIBERTAD,PACASMAYO,GUADALUPE,-7.2482344207,-79.4738378947,PE-1N,701.1155678493631
2024-06-28,2024,6,4,0,1,0,ESPECIAL,EN PROCESO DE INVESTIGACIÓN,ASFALTADA,CARRETERA,NACIONAL,CAJAMARCA,JAEN,JAEN,-5.79361592012753,-78.7248286971669,PE-5N,1362.7567750504904
2024-06-28,2024,6,4,0,1,1,DESPISTE,IMPRUDENCIA DEL CONDUCTOR,ASFALTADA,CARRETERA,NACIONAL,LIMA,HUARAL,PACARAOS,-11.1273699511331,-76.6262919712432,PE-20C,108.00068037569848
2024-06-29,2024,6,5,0,1,1,DESPISTE,IMPRUDENCIA DEL CONDUCTOR,ASFALTADA,CARRETERA,NACIONAL,CUSCO,CHUMBIVILCAS,VELILLE,-14.587728,-71.732388,PE-3SG,178.31978918027283
2024-06-29,2024,6,5,0,1,0,ATROPELLO,IMPRUDENCIA DEL CONDUCTOR,,CARRETERA,NACIONAL,PUNO,PUNO,PUNO,-15.8631607,-69.9995871,PE-3S,1367.3867445914618
2024-06-30,2024,6,6,0,1,1,CHOQUE,EN PROCESO DE INVESTIGACIÓN,ASFALTADA,CARRETERA,NACIONAL,ICA,ICA,SANTIAGO,-14.3853332372313,-75.6128595946749,PE-1S,337.3069353379749
2024-06-30,2024,6,6,0,2,3,CHOQUE,IMPRUDENCIA DEL CONDUCTOR,ASFALTADA,CARRETERA,NACIONAL,CAJAMARCA,CONTUMAZA,YONAN,-7.24975902072971,-79.2298927873544,PE-08,32.33374887916334
2024-06-30,2024,6,6,0,1,0,ATROPELLO,EN PROCESO DE INVESTIGACIÓN,ASFALTADA,CARRETERA,NACIONAL,LIMA,LIMA,LURIN,-12.297232639462726,-76.8550983925017,PE-1S,34.460688854022195
2024-06-30,2024,6,6,0,1,0,CHOQUE FUGA,EN PROCESO DE INVESTIGACIÓN,ASFALTADA,CARRETERA,NACIONAL,AREQUIPA,AREQUIPA,YURA,-16.057878,-71.414583,PE-34A,111.96197874199864
2024-07-01,2024,7,0,0,2,2,CHOQUE,IMPRUDENCIA DEL CONDUCTOR,ASFALTADA,CARRETERA,NACIONAL,LIMA,HUAURA,HUACHO,-11.20513,-77.5615,PE-1N,137.44210999698782
2024-07-01,2024,7,0,0,1,0,DESPISTE,EN PROCESO DE INVESTIGACIÓN,ASFALTADA,CARRETERA,NACIONAL,HUANCAVELICA,ACOBAMBA,MARCAS,-12.870891694931505,-74.37912570631215,PE-3SM,148.76622972436823
2024-07-02,2024,7,1,0,1,0,ATROPELLO,IMPRUDENCIA DEL PEATÓN,ASFALTADA,CARRETERA,NACIONAL,CUSCO,ANTA,ANCAHUASI,-13.479107,-72.271813,PE-3S,930.8351051520928
2024-07-02,2024,7,1,0,1,1,CHOQUE FUGA,EN PROCESO DE INVESTIGACIÓN,ASFALTADA,CARRETERA,NACIONAL,ICA,NASCA,NASCA,-14.871135,-74.988225,PE-1S,451.0766415888992
2024-07-03,2024,7,2,0,1,0,CHOQUE,EN PROCESO DE INVESTIGACIÓN,ASFALTADA,CARRETERA,NACIONAL,LA LIBERTAD,ASCOPE,CHOCOPE,-7.774306040286194,-79.25360774773131,PE-1N,617.8148035486106
2024-07-04,2024,7,3,0,1,2,CHOQUE,IMPRUDENCIA DEL CONDUCTOR,ASFALTADA,CARRETERA,NACIONAL,PUNO,CHUCUITO,ZEPITA,-16.460345,-69.138111,PE-3S,1495.4337928837128
2024-07-05,2024,7,4,0,1,0,ATROPELLO,IMPRUDENCIA DEL PEATÓN,ASFALTADA,CARRETERA,NACIONAL,PUNO,EL COLLAO,ILAVE,-16.0934809,-69.6263869,PE-38A,82.74525018661785
2024-07-07,2024,7,6,0,1,4,DESPISTE,IMPRUDENCIA DEL CONDUCTOR,AFIRMADO,CARRETERA,NACIONAL,CUSCO,CHUMBIVILCAS,SANTO TOMAS,-14.470243,-72.097836,PE-3SG,97.79359940682336
2024-07-07,2024,7,6,0,1,1,DESPISTE,EN PROCESO DE INVESTIGACIÓN,ASFALTADA,CARRETERA,NACIONAL,HUANCAVELICA,ACOBAMBA,ACOBAMBA,-12.804602564283424,-74.58363349564864,PE-3SM,87.79096947856326
2024-07-07,2024,7,6,0,1,1,CHOQUE FUGA,IMPRUDENCIA DEL CONDUCTOR,ASFALTADA,CARRETERA,NACIONAL,TUMBES,ZARUMILLA,ZARUMILLA,-3.4922005695280047,-80.26855400224463,PE-1NO,3.719215176866396
2024-07-08,2024,7,0,0,2,0,CHOQUE,IMPRUDENCIA DEL CONDUCTOR,ASFALTADA,CARRETERA,NACIONAL,CAJAMARCA,JAEN,JAEN,-5.677865,-78.780607,PE-5N,1393.3719418911417
2024-07-08,2024,7,0,0,1,0,CHOQUE FUGA,IMPRUDENCIA DEL CONDUCTOR,CONCRETO,CARRETERA,NACIONAL,UCAYALI,CORONEL PORTILLO,YARINACOCHA,-8.388407275047218,-74.5649867593487,PE-18C,81.57218283675185
2024-07-08,2024,7,0,0,1,0,VOLCADURA,IMPRUDENCIA DEL CONDUCTOR,ASFALTADA,CARRETERA,NACIONAL,CAJAMARCA,CAJAMARCA,CAJAMARCA,-7.238167,-78.477142,PE-08,165.56171698890242
2024-07-08,2024,7,0,0,1,0,ATROPELLO FUGA,IMPRUDENCIA DEL CONDUCTOR,ASFALTADA,CARRETERA,NACIONAL,CUSCO,CHUMBIVILCAS,CHAMACA,-14.365861,-71.97692,PE-3SY,
2024-07-08,2024,7,0,0,1,1,CHOQUE,IMPRUDENCIA DEL CONDUCTOR,ASFALTADA,CARRETERA,NACIONAL,SAN MARTIN,RIOJA,NUEVA CAJAMARCA,-5.8122,-77.390418,PE-5N,1118.7616055605072
2024-07-08,2024,7,0,0,1,1,DESPISTE,IMPRUDENCIA DEL CONDUCTOR,ASFALTADA,CARRETERA,NACIONAL,TUMBES,ZARUMILLA,ZARUMILLA,-3.4977822395285343,-80.27516424452169,PE-1NO,2.7586961584175618
2024-07-09,2024,7,1,0,2,2,DESPISTE,NEGLIGENCIA DEL CONDUCTOR,ASFALTADA,CARRETERA,NACIONAL,CUSCO,QUISPICANCHI,ANDAHUAYLILLAS,-13.665202,-71.679549,PE-3S,1011.0181882680938
2024-07-09,2024,7,1,0,2,0,DESPISTE,IMPRUDENCIA DEL CONDUCTOR,ASFALTADA,CARRETERA,NACIONAL,ICA,CHINCHA,TAMBO DE MORA,-13.43467031,-76.18163258,PE-1SE,3.578151132681296
2024-07-09,2024,7,1,0,1,0,CHOQUE FUGA,IMPRUDENCIA DEL CONDUCTOR,AFIRMADO,CARRETERA,NACIONAL,APURIMAC,CHINCHEROS,ANCO_HUALLO,-13.54140725,-73.66316029,PE-3S,557.6537747890998
2024-07-10,2024,7,2,0,1,0,ATROPELLO,EN PROCESO DE INVESTIGACIÓN,ASFALTADA,CARRETERA,NACIONAL,LIMA,LIMA,LURIN,-12.257469943402944,-76.91963593457477,PE-1S,26.16957160428912
2024-07-10,2024,7,2,0,1,0,CHOQUE,EN PROCESO DE INVESTIGACIÓN,ASFALTADA,CARRETERA,NACIONAL,SAN MARTIN,MOYOBAMBA,MOYOBAMBA,-6.080939,-76.887707,PE-5N,1046.3157399409372
2024-07-10,2024,7,2,0,2,0,CHOQUE,IMPRUDENCIA DEL CONDUCTOR,ASFALTADA,CARRETERA,NACIONAL,PUNO,PUNO,ACORA,-16.000405,-69.765805,PE-3S,1401.1795304569384
2024-07-11,2024,7,3,0,1,0,CHOQUE,NEGLIGENCIA DEL CONDUCTOR,ASFALTADA,CARRETERA,NACIONAL,CAJAMARCA,CAJAMARCA,CAJAMARCA,-6.970766,-78.569055,PE-3N,1317.3277907663344
2024-07-11,2024,7,3,0,1,0,ATROPELLO,IMPRUDENCIA DEL PEATÓN,ASFALTADA,CARRETERA,NACIONAL,CAJAMARCA,CAJAMARCA,ENCAÑADA,-7.090496,-78.345056,PE-08B,31.159436099972577
2024-07-11,2024,7,3,0,1,1,ATROPELLO,EN PROCESO DE INVESTIGACIÓN,ASFALTADA,CARRETERA,NACIONAL,ICA,ICA,SANTIAGO,-14.2751579,-75.6835892,PE-1S,322.3777530570153
2024-07-12,2024,7,4,0,1,0,VOLCADURA,EN PROCESO DE INVESTIGACIÓN,ASFALTADA,CARRETERA,NACIONAL,AREQUIPA,AREQUIPA,VITOR,-16.425045,-72.021894,PE-1S,934.5567620935082
2024-07-12,2024,7,4,0,1,0,CHOQUE,EN PROCESO DE INVESTIGACIÓN,ASFALTADA,CARRETERA,NACIONAL,LA LIBERTAD,PACASMAYO,GUADALUPE,-7.308957429332913,-79.48058328419319,PE-1N,692.3115629285353
2024-07-13,2024,7,5,0,1,0,CHOQUE,EN PROCESO DE INVESTIGACIÓN,ASFALTADA,CARRETERA,NACIONAL,LA LIBERTAD,ASCOPE,CHICAMA,-7.876256375223558,-79.1318284973156,PE-1N,599.4429691276762
2024-07-13,2024,7,5,0,1,0,ATROPELLO,EN PROCESO DE INVESTIGACIÓN,ASFALTADA,CARRETERA,NACIONAL,ICA,CHINCHA,GROCIO PRADO,-13.38591362,-76.20276895,PE-1S,182.58231980676885
2024-07-14,2024,7,6,0,2,0,ATROPELLO,EN PROCESO DE INVESTIGACIÓN,ASFALTADA,CARRETERA,NACIONAL,CAJAMARCA,CAJAMARCA,CAJAMARCA,-7.18914930061874,-78.5108188920883,PE-08,174.7396452541005
2024-07-14,2024,7,6,0,1,0,ATROPELLO FUGA,EN PROCESO DE INVESTIGACIÓN,ASFALTADA,CARRETERA,NACIONAL,LIMA,HUAURA,VEGUETA,-11.0062,-77.61288,PE-1N,161.87049539580224
2024-07-14,2024,7,6,0,1,0,ATROPELLO FUGA,EN PROCESO DE INVESTIGACIÓN,ASFALTADA,CARRETERA,NACIONAL,LA LIBERTAD,SANCHEZ CARRION,HUAMACHUCO,-7.831102229296164,-78.06504472945214,PE-3N,1098.0558797447563
2024-07-14,2024,7,6,0,1,0,ATROPELLO,EN PROCESO DE INVESTIGACIÓN,ASFALTADA,CARRETERA,NACIONAL,ICA,PISCO,SAN CLEMENTE,-13.679126,-76.163569,PE-1SE,31.36853304009612
2024-07-14,2024,7,6,0,1,0,CHOQUE,IMPRUDENCIA DEL CONDUCTOR,ASFALTADA,CARRETERA,NACIONAL,CAJAMARCA,SAN IGNACIO,SAN IGNACIO,-5.174859,-78.902342,PE-5N,1471.5345467220516
2024-07-15,2024,7,0,0,1,2,CHOQUE,IMPRUDENCIA DEL CONDUCTOR,ASFALTADA,CARRETERA,NACIONAL,SAN MARTIN,RIOJA,RIOJA,-6.016687,-77.233884,PE-5N,1089.265245381566
2024-07-15,2024,7,0,0,1,0,CHOQUE,EN PROCESO DE INVESTIGACIÓN,ASFALTADA,CARRETERA,NACIONAL,AREQUIPA,AREQUIPA,UCHUMAYO,-16.427268,-71.65209,PE-34A,27.6278287449072
2024-07-15,2024,7,0,0,2,0,DESPISTE,EN PROCESO DE INVESTIGACIÓN,TROCHA,CARRETERA,NACIONAL,HUANCAVELICA,TAYACAJA,QUICHUAS,-12.503216962096868,-74.71641890798233,PE-3S,237.16651492655703
2024-07-16,2024,7,1,0,25,17,DESPISTE,IMPRUDENCIA DEL CONDUCTOR,ASFALTADA,CARRETERA,NACIONAL,HUANCAVELICA,HUAYTARA,PILPICHACA,-13.41,-74.925,PE-28A,202.42536379293077
2024-07-17,2024,7,2,0,1,0,ATROPELLO,IMPRUDENCIA DEL PEATÓN,ASFALTADA,CARRETERA,NACIONAL,PUNO,PUNO,PUNO,-15.853614,-69.964506,PE-3S,1371.7222886482307
2024-07-17,2024,7,2,0,1,0,DESPISTE,EN PROCESO DE INVESTIGACIÓN,,CARRETERA,NACIONAL,AREQUIPA,AREQUIPA,YURA,-16.243167,-71.670389,PE-34A,62.75611238429732
2024-07-17,2024,7,2,0,1,0,CHOQUE,EN PROCESO DE INVESTIGACIÓN,ASFALTADA,CARRETERA,NACIONAL,SAN MARTIN,RIOJA,PARDO MIGUEL,-5.739921,-77.50078,PE-5N,1133.649549090428
2024-07-17,2024,7,2,0,1,0,ATROPELLO FUGA,IMPRUDENCIA DEL PEATÓN,ASFALTADA,CARRETERA,NACIONAL,CUSCO,QUISPICANCHI,QUIQUIJANA,-13.780265426103185,-71.5715997854775,PE-3S,1037.4841966888011
2024-07-18,2024,7,3,0,1,0,CHOQUE,IMPRUDENCIA DEL CONDUCTOR,ASFALTADA,CARRETERA,NACIONAL,CALLAO,CALLAO,CALLAO,-12.0383432174297,-77.1271565445014,PE-20,12.648247854654867
2024-07-19,2024,7,4,0,1,0,ATROPELLO FUGA,IMPRUDENCIA DEL CONDUCTOR,ASFALTADA,CARRETERA,NACIONAL,LA LIBERTAD,TRUJILLO,HUANCHACO,-8.053667518273413,-79.08758813694953,PE-1N,578.0763679828807
2024-07-19,2024,7,4,0,1,1,ATROPELLO,EN PROCESO DE INVESTIGACIÓN,ASFALTADA,CARRETERA,NACIONAL,ICA,ICA,SANTIAGO,-14.263935052364529,-75.68572114119382,PE-1S,321.10894302378307
2024-07-20,2024,7,5,0,1,5,CHOQUE,EN PROCESO DE INVESTIGACIÓN,ASFALTADA,CARRETERA,NACIONAL,AMAZONAS,CHACHAPOYAS,HUANCAS,-6.157213,-77.90571,PE-08C,9.338470444804075
2024-07-20,2024,7,5,0,1,0,ATROPELLO,EN PROCESO DE INVESTIGACIÓN,ASFALTADA,CARRETERA,NACIONAL,SAN MARTIN,RIOJA,NUEVA CAJAMARCA,-5.94305,-77.30642,PE-5N,1101.246433945404
2024-07-21,2024,7,6,0,1,1,CHOQUE,EN PROCESO DE INVESTIGACIÓN,ASFALTADA,CARRETERA,NACIONAL,LIMA,LIMA,CHORRILLOS,-12.214798929916476,-76.97656200215687,PE-1S,18.04228864190849
2024-07-21,2024,7,6,0,1,0,CHOQUE,EN PROCESO DE INVESTIGACIÓN,ASFALTADA,CARRETERA,NACIONAL,LIMA,LIMA,LA MOLINA,-12.076388111888583,-76.97514534170547,PE-1S,2.077202581815976
2024-07-22,2024,7,0,0,1,0,CHOQUE,EN PROCESO DE INVESTIGACIÓN,ASFALTADA,CARRETERA,NACIONAL,LIMA,LIMA,PUNTA HERMOSA,-12.30868259331959,-76.83637699156124,PE-1S,36.89655940132506
2024-07-23,2024,7,1,0,1,0,ATROPELLO,IMPRUDENCIA DEL PEATÓN,ASFALTADA,CARRETERA,NACIONAL,CUSCO,CANCHIS,MARANGANI,-14.412777,-71.11768,PE-3S,1135.431543344796
2024-07-23,2024,7,1,0,1,0,DESPISTE,EN PROCESO DE INVESTIGACIÓN,ASFALTADA,CARRETERA,NACIONAL,LA LIBERTAD,TRUJILLO,HUANCHACO,-8.0718795427,-79.0924021211,PE-1N,576.153409851502
2024-07-25,2024,7,3,0,1,1,CHOQUE,EN PROCESO DE INVESTIGACIÓN,ASFALTADA,CARRETERA,NACIONAL,LIMA,LIMA,EL AGUSTINO,-12.031614062573912,-77.00445777153111,PE-1N,5.180559393891525
2024-07-25,2024,7,3,0,1,4,DESPISTE,IMPRUDENCIA DEL CONDUCTOR,ASFALTADA,CARRETERA,NACIONAL,AYACUCHO,LUCANAS,PUQUIO,-14.63538,-74.03487,PE-34A,81.29836871828336
2024-07-25,2024,7,3,0,1,0,ATROPELLO,IMPRUDENCIA DEL PEATÓN,ASFALTADA,CARRETERA,NACIONAL,CUSCO,QUISPICANCHI,OCONGATE,-13.661707,-71.433908,PE-30C,43.810466759071055
2024-07-25,2024,7,3,0,1,0,ATROPELLO FUGA,EN PROCESO DE INVESTIGACIÓN,ASFALTADA,CARRETERA,NACIONAL,PUNO,EL COLLAO,ILAVE,-16.172154,-69.536041,PE-3S,1432.153603884859
2024-07-27,2024,7,5,0,1,0,VOLCADURA,IMPRUDENCIA DEL CONDUCTOR,ASFALTADA,CARRETERA,NACIONAL,PASCO,PASCO,HUAYLLAY,-11.034331900242442,-76.38868989112866,PE-20A,187.4143052493129
2024-07-27,2024,7,5,0,1,1,CHOQUE,IMPRUDENCIA DEL CONDUCTOR,ASFALTADA,CARRETERA,NACIONAL,CAJAMARCA,CONTUMAZA,YONAN,-7.270612,-79.260921,PE-08,27.507737661943125
2024-07-27,2024,7,5,0,1,0,CHOQUE,EN PROCESO DE INVESTIGACIÓN,ASFALTADA,CARRETERA,NACIONAL,LA LIBERTAD,PACASMAYO,GUADALUPE,-7.324845210468321,-79.48085360646502,PE-1N,690.5312810058555
2024-07-28,2024,7,6,0,1,1,DESPISTE,IMPRUDENCIA DEL PEATÓN,ASFALTADA,CARRETERA,NACIONAL,CUSCO,ANTA,CHINCHAYPUJIO,-13.656946,-72.287216,PE-3SF,382.38532820880295
2024-07-28,2024,7,6,0,1,0,ATROPELLO FUGA,EN PROCESO DE INVESTIGACIÓN,ASFALTADA,CARRETERA,NACIONAL,LIMA,LIMA,LURIN,-12.275511608670827,-76.89096800507835,PE-1S,29.87173306999965
2024-07-28,2024,7,6,0,1,0,ATROPELLO,EN PROCESO DE INVESTIGACIÓN,ASFALTADA,CARRETERA,NACIONAL,LIMA,LIMA,SAN JUAN DE MIRAFLORES,-12.139991452109522,-76.98092575070824,PE-1S,9.512980831172968
2024-07-28,2024,7,6,0,1,0,CHOQUE,IMPRUDENCIA DEL CONDUCTOR,ASFALTADA,CARRETERA,NACIONAL,SAN MARTIN,MOYOBAMBA,CALZADA,-6.044053,-77.143859,PE-5N,1077.8464985281469
2024-07-29,2024,7,0,0,1,0,CHOQUE,EN PROCESO DE INVESTIGACIÓN,ASFALTADA,CARRETERA,NACIONAL,LA LIBERTAD,VIRU,CHAO,-8.536726169381975,-78.67956931549462,PE-1N,498.1246002979855
2024-07-29,2024,7,0,0,3,31,DESPISTE,IMPRUDENCIA DEL CONDUCTOR,ASFALTADA,CARRETERA,NACIONAL,AYACUCHO,LUCANAS,CHIPAO,-14.630769,-73.800007,PE-30A,222.3878139230952
2024-07-29,2024,7,0,0,1,0,DESPISTE,EN PROCESO DE INVESTIGACIÓN,TROCHA,CARRETERA,NACIONAL,LA LIBERTAD,SANCHEZ CARRION,COCHORCO,-7.820686125098988,-77.68399891266444,PE-10C,90.90645351450353
2024-07-29,2024,7,0,0,1,0,ATROPELLO,IMPRUDENCIA DEL PEATÓN,ASFALTADA,CARRETERA,NACIONAL,CUSCO,QUISPICANCHI,OROPESA,-13.600589,-71.765022,PE-3S,997.539960928668
2024-07-29,2024,7,0,0,1,0,DESPISTE,IMPRUDENCIA DEL CONDUCTOR,CONCRETO,CARRETERA,NACIONAL,CUSCO,CHUMBIVILCAS,QUIÑOTA,-14.295348,-72.139363,PE-3SG,53.12641619076558
2024-07-30,2024,7,1,0,1,0,ATROPELLO,EN PROCESO DE INVESTIGACIÓN,ASFALTADA,CARRETERA,NACIONAL,ICA,CHINCHA,CHINCHA ALTA,-13.437039,-76.134847,PE-1S,193.96876473158744
2024-07-30,2024,7,1,0,1,0,CHOQUE,IMPRUDENCIA DEL CONDUCTOR,ASFALTADA,CARRETERA,NACIONAL,TUMBES,CONTRALMIRANTE VILLAR,CANOAS DE PUNTA SAL,-3.9908722811640938,-80.97274667841917,PE-1N,1196.913583522189
2024-07-30,2024,7,1,0,1,0,CHOQUE,IMPRUDENCIA DEL CONDUCTOR,ASFALTADA,CARRETERA,NACIONAL,LIMA,HUAURA,HUACHO,-11.179285010135423,-77.57978438914351,PE-1N,140.93116792802027
2024-07-31,2024,7,2,0,2,0,DESPISTE,EN PROCESO DE INVESTIGACIÓN,AFIRMADO,CARRETERA,NACIONAL,LIMA,OYON,OYON,-10.65123,-76.77769,PE-16A,206.33514584404503
2024-08-01,2024,8,3,0,1,2,CHOQUE,EN PROCESO DE INVESTIGACIÓN,ASFALTADA,CARRETERA,NACIONAL,AREQUIPA,CAYLLOMA,SAN ANTONIO DE CHUCA,-15.86526,-71.130362,PE-34A,160.23520976723125
2024-08-01,2024,8,3,0,4,16,DESPISTE,EN PROCESO DE INVESTIGACIÓN,ASFALTADA,CARRETERA,NACIONAL,LIMA,LIMA,LURIN,-12.297117325417394,-76.85578655789531,PE-1S,34.38683875983091
2024-08-01,2024,8,3,0,1,4,CHOQUE,IMPRUDENCIA DEL CONDUCTOR,ASFALTADA,CARRETERA,NACIONAL,CUSCO,ANTA,LIMATAMBO,-13.455667,-72.397139,PE-3S,911.5513786469662
2024-08-01,2024,8,3,0,2,2,DESPISTE,EN PROCESO DE INVESTIGACIÓN,AFIRMADO,CARRETERA,NACIONAL,LA LIBERTAD,PATAZ,PATAZ,-7.838149279833246,-77.63366441256059,PE-10C,106.11429181948174
2024-08-02,2024,8,4,0,1,0,ATROPELLO,EN PROCESO DE INVESTIGACIÓN,ASFALTADA,CARRETERA,NACIONAL,LIMA,LIMA,ATE,-12.008020549031404,-76.8593819552048,PE-22,15.631987285577054
2024-08-03,2024,8,5,0,1,0,CHOQUE,IMPRUDENCIA DEL CONDUCTOR,ASFALTADA,CARRETERA,NACIONAL,ICA,ICA,SUBTANJALLA,-14.041881,-75.752039,PE-1S,293.79708107898904
2024-08-03,2024,8,5,0,1,0,CHOQUE,EN PROCESO DE INVESTIGACIÓN,ASFALTADA,CARRETERA,NACIONAL,AREQUIPA,AREQUIPA,LA JOYA,-16.720955,-71.870042,PE-1S,991.206303477036
2024-08-04,2024,8,6,0,1,0,ATROPELLO FUGA,EN PROCESO DE INVESTIGACIÓN,ASFALTADA,CARRETERA,NACIONAL,AREQUIPA,AREQUIPA,LA JOYA,-16.502306652317,-71.8270550699086,PE-1S,960.4312497113566
2024-08-04,2024,8,6,0,1,6,CHOQUE,IMPERICIA DEL CONDUCTOR,ASFALTADA,CARRETERA,NACIONAL,CUSCO,QUISPICANCHI,OROPESA,-13.600333,-71.765632,PE-3S,997.4683108142189
2024-08-04,2024,8,6,0,1,1,DESPISTE,IMPRUDENCIA DEL CONDUCTOR,TROCHA,CARRETERA,NACIONAL,CUSCO,CHUMBIVILCAS,LLUSCO,-14.350607,-72.110358,PE-3SG,71.11560156085716
2024-08-04,2024,8,6,0,1,0,CHOQUE,EN PROCESO DE INVESTIGACIÓN,ASFALTADA,CARRETERA,NACIONAL,LIMA,LIMA,LOS OLIVOS,-11.945618705705716,-77.07106448629736,PE-1N,21.12667453392625
2024-08-04,2024,8,6,0,1,0,CHOQUE,IMPRUDENCIA DEL CONDUCTOR,ASFALTADA,CARRETERA,NACIONAL,CUSCO,CANCHIS,COMBAPATA,-14.0814205,-71.4375824,PE-3S,1079.5372622983857
2024-08-04,2024,8,6,0,1,0,DESPISTE,IMPRUDENCIA DEL CONDUCTOR,ASFALTADA,CARRETERA,NACIONAL,CAJAMARCA,CHOTA,LLAMA,-6.5128588528937,-79.1279543189728,PE-06A,119.97027640115948
2024-08-04,2024,8,6,0,1,0,DESPISTE,EN PROCESO DE INVESTIGACIÓN,ASFALTADA,CARRETERA,NACIONAL,SAN MARTIN,LAMAS,ALONSO DE ALVARADO,-6.264242,-76.778603,PE-5N,1019.2103506571236
2024-08-04,2024,8,6,0,1,0,CHOQUE,EN PROCESO DE INVESTIGACIÓN,ASFALTADA,CARRETERA,NACIONAL,LA LIBERTAD,TRUJILLO,LAREDO,-8.096757503993805,-78.97117223938625,PE-10A,7.100681179308316
2024-08-05,2024,8,0,0,1,0,VOLCADURA,EN PROCESO DE INVESTIGACIÓN,ASFALTADA,CARRETERA,NACIONAL,LIMA,LIMA,SAN JUAN DE MIRAFLORES,-12.140163801913625,-76.98091506934321,PE-1S,9.531512274880273
2024-08-05,2024,8,0,0,1,0,DESPISTE,IMPRUDENCIA DEL CONDUCTOR,ASFALTADA,CARRETERA,NACIONAL,CAJAMARCA,CAJABAMBA,CONDEBAMBA,-7.525225,-78.147488,PE-3N,1178.3747173615227
2024-08-05,2024,8,0,0,2,3,CHOQUE,IMPRUDENCIA DEL CONDUCTOR,ASFALTADA,CARRETERA,NACIONAL,CUSCO,CANCHIS,MARANGANI,-14.408685,-71.123475,PE-3S,1134.5598530239522
2024-08-06,2024,8,1,0,2,0,ATROPELLO,EN PROCESO DE INVESTIGACIÓN,ASFALTADA,CARRETERA,NACIONAL,LIMA,LIMA,RIMAC,-12.0383608480097,-77.01420469483864,PE-1N,6.483860755550164
2024-08-06,2024,8,1,0,1,0,ATROPELLO FUGA,EN PROCESO DE INVESTIGACIÓN,ASFALTADA,CARRETERA,NACIONAL,AREQUIPA,AREQUIPA,LA JOYA,-16.510254,-71.813171,PE-1S,962.1521967696
2024-08-06,2024,8,1,0,1,0,ATROPELLO FUGA,EN PROCESO DE INVESTIGACIÓN,ASFALTADA,CARRETERA,NACIONAL,APURIMAC,ANDAHUAYLAS,SANTA MARIA DE CHICMO,-13.64984438,-73.51858763,PE-3S,604.8128784399307
2024-08-07,2024,8,2,0,1,1,CHOQUE,IMPRUDENCIA DEL CONDUCTOR,ASFALTADA,CARRETERA,NACIONAL,CUSCO,QUISPICANCHI,CAMANTI,-13.257911,-70.779925,PE-30C,185.02552991534287
2024-08-08,2024,8,3,0,1,0,DESPISTE,IMPRUDENCIA DEL CONDUCTOR,AFIRMADO,CARRETERA,NACIONAL,CAJAMARCA,CUTERVO,CALLAYUC,-6.10063,-78.888278,PE-3N,1543.5737444938857
2024-08-08,2024,8,3,0,1,0,ATROPELLO FUGA,EN PROCESO DE INVESTIGACIÓN,ASFALTADA,CARRETERA,NACIONAL,LIMA,HUAURA,HUACHO,-11.15272,-77.59578,PE-1N,144.34456095039764
2024-08-08,2024,8,3,0,1,0,ATROPELLO FUGA,EN PROCESO DE INVESTIGACIÓN,ASFALTADA,CARRETERA,NACIONAL,AREQUIPA,ISLAY,PUNTA DE BOMBON,-17.145438,-71.797702,PE-1SD,144.41575920809066
2024-08-10,2024,8,5,0,1,0,ATROPELLO,IMPRUDENCIA DEL PEATÓN,ASFALTADA,CARRETERA,NACIONAL,LIMA,LIMA,SAN MARTIN DE PORRES,-12.035480186640056,-77.04780897267598,PE-1N,10.48604706434832
2024-08-10,2024,8,5,0,2,0,CHOQUE,EN PROCESO DE INVESTIGACIÓN,ASFALTADA,CARRETERA,NACIONAL,ICA,ICA,SALAS,-13.943369130353938,-75.80924521565778,PE-1S,280.8098767836132
2024-08-11,2024,8,6,0,1,0,CHOQUE,EN PROCESO DE INVESTIGACIÓN,ASFALTADA,CARRETERA,NACIONAL,ICA,ICA,SANTIAGO,-14.262816186141574,-75.68604060728288,PE-1S,320.9812976689827
2024-08-11,2024,8,6,0,1,0,ATROPELLO,EN PROCESO DE INVESTIGACIÓN,ASFALTADA,CARRETERA,NACIONAL,LIMA,LIMA,CHORRILLOS,-12.205815647463387,-76.97475433527437,PE-1S,17.029827147310186
2024-08-11,2024,8,6,0,1,0,DESPISTE,IMPRUDENCIA DEL CONDUCTOR,ASFALTADA,CARRETERA,NACIONAL,CAJAMARCA,SAN IGNACIO,CHIRINOS,-5.423696,-78.785651,PE-5N,1432.8733793215745
2024-08-11,2024,8,6,0,1,2,DESPISTE,IMPRUDENCIA DEL CONDUCTOR,ASFALTADA,CARRETERA,NACIONAL,ICA,ICA,OCUCAJE,-14.371367232160337,-75.62453217716346,PE-1S,335.2999994702021
2024-08-11,2024,8,6,0,1,0,VOLCADURA,EN PROCESO DE INVESTIGACIÓN,ASFALTADA,CARRETERA,NACIONAL,LIMA,LIMA,RIMAC,-12.04178807370041,-77.01976772853801,PE-1N,7.200469750044919
2024-08-12,2024,8,0,0,1,2,DESPISTE,EN PROCESO DE INVESTIGACIÓN,,CARRETERA,NACIONAL,LIMA,HUAURA,HUACHO,-11.39602,-77.39377,PE-1N,107.46453737179236
2024-08-12,2024,8,0,0,1,0,CHOQUE,EN PROCESO DE INVESTIGACIÓN,ASFALTADA,CARRETERA,NACIONAL,AREQUIPA,AREQUIPA,CERRO COLORADO,-16.384865,-71.579321,PE-34A,38.37314509460148
2024-08-12,2024,8,0,0,1,0,DESPISTE,EN PROCESO DE INVESTIGACIÓN,TROCHA,CARRETERA,NACIONAL,LA LIBERTAD,PATAZ,PATAZ,-7.838122708334145,-77.63366739129697,PE-10C,106.11128748180283
2024-08-12,2024,8,0,0,1,0,CHOQUE,EN PROCESO DE INVESTIGACIÓN,ASFALTADA,CARRETERA,NACIONAL,ICA,ICA,ICA,-14.060310520242956,-75.74196470421307,PE-1S,296.1140610107923
2024-08-14,2024,8,2,0,1,0,ATROPELLO,IMPRUDENCIA DEL CONDUCTOR,ASFALTADA,CARRETERA,NACIONAL,LA LIBERTAD,CHEPEN,PACANGA,-7.1602441645,-79.4413993315,PE-1N,713.9530188800449
2024-08-15,2024,8,3,0,1,0,ATROPELLO FUGA,EN PROCESO DE INVESTIGACIÓN,ASFALTADA,CARRETERA,NACIONAL,LIMA,LIMA,ATE,-12.006443750678637,-76.85009112695346,PE-22,16.744617983607856
2024-08-16,2024,8,4,0,1,2,DESPISTE,EN PROCESO DE INVESTIGACIÓN,ASFALTADA,CARRETERA,NACIONAL,HUANCAVELICA,HUANCAVELICA,HUANCAVELICA,-12.8091535047631,-74.92519732044848,PE-26B,10.117878938627602
2024-08-16,2024,8,4,0,1,0,ATROPELLO,EN PROCESO DE INVESTIGACIÓN,ASFALTADA,CARRETERA,NACIONAL,LA LIBERTAD,CHEPEN,PACANGA,-7.1565058735,-79.4436700867,PE-1N,714.4606902103884
2024-08-16,2024,8,4,0,1,0,VOLCADURA,EN PROCESO DE INVESTIGACIÓN,ASFALTADA,CARRETERA,NACIONAL,LIMA,LIMA,ATE,-12.058929998026,-76.97303106972156,PE-1S,0.0498165605180894
2024-08-17,2024,8,5,0,1,2,DESPISTE,IMPRUDENCIA DEL CONDUCTOR,ASFALTADA,CARRETERA,NACIONAL,AYACUCHO,SUCRE,QUEROBAMBA,-14.0199496906231,-73.8431522955054,PE-32A,164.93625179378324
2024-08-17,2024,8,5,0,1,0,CHOQUE,IMPRUDENCIA DEL CONDUCTOR,ASFALTADA,CARRETERA,NACIONAL,ICA,ICA,SALAS,-13.97874427638457,-75.77507923939106,PE-1S,286.35898036430603
2024-08-17,2024,8,5,0,1,1,DESPISTE,IMPRUDENCIA DEL CONDUCTOR,ASFALTADA,CARRETERA,NACIONAL,PUNO,PUNO,PICHACANI,-16.215868658531626,-70.12166074363618,PE-36B,107.92269548476364
2024-08-17,2024,8,5,0,1,0,ESPECIAL,IMPRUDENCIA DEL PEATÓN,TROCHA,CARRETERA,NACIONAL,APURIMAC,ANDAHUAYLAS,KISHUARA,-13.68717884,-73.11213186,PE-3S,689.2652568139669
2024-08-17,2024,8,5,0,1,0,CHOQUE,IMPRUDENCIA DEL CONDUCTOR,ASFALTADA,CARRETERA,NACIONAL,CUSCO,QUISPICANCHI,OROPESA,-13.598651,-71.771172,PE-3S,996.8382314016231
2024-08-18,2024,8,6,0,1,0,ATROPELLO,EN PROCESO DE INVESTIGACIÓN,ASFALTADA,CARRETERA,NACIONAL,LIMA,LIMA,COMAS,-11.937691269867011,-77.07166018481297,PE-1N,22.013283025269345
2024-08-18,2024,8,6,0,1,0,DESPISTE,IMPRUDENCIA DEL CONDUCTOR,ASFALTADA,CARRETERA,NACIONAL,CAJAMARCA,CAJAMARCA,CAJAMARCA,-7.126816,-78.523474,PE-3N,1278.9228926803876
2024-08-18,2024,8,6,0,1,0,DESPISTE,EN PROCESO DE INVESTIGACIÓN,ASFALTADA,CARRETERA,NACIONAL,LIMA,LIMA,SAN BORJA,-12.102550800098458,-76.97938786936827,PE-1S,5.284006885341908
2024-08-18,2024,8,6,0,1,0,CHOQUE,EN PROCESO DE INVESTIGACIÓN,ASFALTADA,CARRETERA,NACIONAL,ICA,ICA,SANTIAGO,-14.254273451310867,-75.6885458402974,PE-1S,320.00341969785177
2024-08-20,2024,8,1,0,1,2,CHOQUE,EN PROCESO DE INVESTIGACIÓN,ASFALTADA,CARRETERA,NACIONAL,LIMA,LIMA,PUENTE PIEDRA,-11.880177696204973,-77.06882364504403,PE-1N,28.56887069887797
2024-08-20,2024,8,1,0,1,1,ATROPELLO,EN PROCESO DE INVESTIGACIÓN,ASFALTADA,CARRETERA,NACIONAL,ICA,ICA,PUEBLO NUEVO,-14.109917935616052,-75.71794281213091,PE-1S,302.9821337231944
2024-08-20,2024,8,1,0,1,0,CHOQUE,EN PROCESO DE INVESTIGACIÓN,ASFALTADA,CARRETERA,NACIONAL,ICA,PISCO,SAN CLEMENTE,-13.682410124263573,-76.15935316382115,PE-28A,0.0973016853167413
2024-08-21,2024,8,2,0,1,1,CHOQUE,EN PROCESO DE INVESTIGACIÓN,ASFALTADA,CARRETERA,NACIONAL,LIMA,LIMA,SANTIAGO DE SURCO,-12.118813432670164,-76.97730044092215,PE-1S,7.098321688575158
2024-08-23,2024,8,4,0,1,0,DESPISTE,IMPRUDENCIA DEL CONDUCTOR,ASFALTADA,CARRETERA,NACIONAL,LIMA,HUARAL,PACARAOS,-11.1273870352452,-76.6261556618409,PE-20C,107.99106764217548
2024-08-24,2024,8,5,0,2,1,ATROPELLO,EN PROCESO DE INVESTIGACIÓN,ASFALTADA,CARRETERA,NACIONAL,ICA,ICA,SALAS,-13.909978377979243,-76.01671946686261,PE-1S,257.6392703237527
2024-08-24,2024,8,5,0,1,0,ATROPELLO FUGA,IMPRUDENCIA DEL PASAJERO/OCUPANTE,ASFALTADA,CARRETERA,NACIONAL,LA LIBERTAD,TRUJILLO,TRUJILLO,-8.130268564,-79.0212906229,PE-1N,560.1387996144482
2024-08-24,2024,8,5,0,1,1,DESPISTE,EN PROCESO DE INVESTIGACIÓN,ASFALTADA,CARRETERA,NACIONAL,LA LIBERTAD,VIRU,GUADALUPITO,-8.964382546911022,-78.62391465642102,PE-1N,446.3399646179521
2024-08-24,2024,8,5,0,4,9,DESPISTE,IMPRUDENCIA DEL CONDUCTOR,ASFALTADA,CARRETERA,NACIONAL,AYACUCHO,HUANCA SANCOS,SANCOS,-14.0955617219061,-74.5978118458195,PE-30D,122.2378868035497
2024-08-24,2024,8,5,0,2,0,CHOQUE,IMPRUDENCIA DEL CONDUCTOR,ASFALTADA,CARRETERA,NACIONAL,CUSCO,CALCA,CALCA,-13.31614,-71.994334,PE-28B,637.8314966797037
2024-08-26,2024,8,0,0,1,0,VOLCADURA,IMPRUDENCIA DEL CONDUCTOR,ASFALTADA,CARRETERA,NACIONAL,TUMBES,CONTRALMIRANTE VILLAR,CANOAS DE PUNTA SAL,-3.932347184979804,-80.91671522811039,PE-1N,1207.0056105869332
2024-08-26,2024,8,0,0,1,0,CHOQUE,IMPRUDENCIA DEL CONDUCTOR,ASFALTADA,CARRETERA,NACIONAL,PUNO,PUNO,PUNO,-15.8647496,-69.9950785,PE-3S,1367.924462943359
2024-08-26,2024,8,0,0,1,0,CHOQUE,EN PROCESO DE INVESTIGACIÓN,ASFALTADA,CARRETERA,NACIONAL,LIMA,LIMA,SANTIAGO DE SURCO,-12.11032745787183,-76.97816138055343,PE-1S,6.154787026601622
2024-08-29,2024,8,3,0,1,0,ATROPELLO,IMPRUDENCIA DEL CONDUCTOR,ASFALTADA,CARRETERA,NACIONAL,CUSCO,QUISPICANCHI,CCATCA,-13.635460573911644,-71.58926376093788,PE-30C,16.6572997234016
2024-08-29,2024,8,3,0,1,1,CHOQUE,IMPRUDENCIA DEL CONDUCTOR,,CARRETERA,NACIONAL,PUNO,CHUCUITO,POMATA,-16.2606361,-69.296216,PE-3S,1464.869368129029
2024-08-30,2024,8,4,0,1,0,CHOQUE,EN PROCESO DE INVESTIGACIÓN,,CARRETERA,NACIONAL,LA LIBERTAD,ASCOPE,CHICAMA,-7.94339311331655,-79.0955501380578,PE-1N,590.9311646192159
2024-08-30,2024,8,4,0,1,0,VOLCADURA,IMPRUDENCIA DEL CONDUCTOR,ASFALTADA,CARRETERA,NACIONAL,SAN MARTIN,MOYOBAMBA,MOYOBAMBA,-6.047733,-76.991195,PE-5N,1059.6870089048175
2024-08-30,2024,8,4,0,1,0,CHOQUE,IMPRUDENCIA DEL CONDUCTOR,ASFALTADA,CARRETERA,NACIONAL,PASCO,PASCO,TINYAHUARCO,-10.77901021954679,-76.2474024794855,PE-3N,110.28287780908734
2024-08-30,2024,8,4,0,1,1,CHOQUE,IMPRUDENCIA DEL CONDUCTOR,ASFALTADA,CARRETERA,NACIONAL,CUSCO,CUSCO,POROY,-13.495498,-72.042298,PE-3S,958.8035601777729
2024-08-30,2024,8,4,0,1,0,ATROPELLO FUGA,EN PROCESO DE INVESTIGACIÓN,ASFALTADA,CARRETERA,NACIONAL,ICA,CHINCHA,EL CARMEN,-13.554542,-76.180823,PE-1SE,16.97732399990055
2024-08-31,2024,8,5,0,1,0,ATROPELLO FUGA,EN PROCESO DE INVESTIGACIÓN,,CARRETERA,NACIONAL,CALLAO,CALLAO,VENTANILLA,-11.877639263973126,-77.12690970841041,PE-20,6.114491223636643
2024-08-31,2024,8,5,0,1,0,CHOQUE,EN PROCESO DE INVESTIGACIÓN,ASFALTADA,CARRETERA,NACIONAL,ICA,NASCA,VISTA ALEGRE,-14.849794387898305,-74.95357424520986,PE-1S,446.6153325355564
2024-08-31,2024,8,5,0,1,2,CHOQUE,IMPRUDENCIA DEL CONDUCTOR,ASFALTADA,CARRETERA,NACIONAL,AYACUCHO,LUCANAS,SAN JUAN,-14.650289,-74.187799,PE-30A,140.8247477141067
2024-08-31,2024,8,5,0,1,0,ATROPELLO FUGA,EN PROCESO DE INVESTIGACIÓN,,CARRETERA,NACIONAL,MOQUEGUA,MARISCAL NIETO,SAMEGUA,-17.130627,-70.839647,PE-36A,21.71053073315289
2024-09-01,2024,9,6,0,3,15,CHOQUE,EN PROCESO DE INVESTIGACIÓN,ASFALTADA,CARRETERA,NACIONAL,AREQUIPA,CAYLLOMA,SAN ANTONIO DE CHUCA,-15.8527857979,-71.1166783731,PE-34A,162.25678681253862
2024-09-01,2024,9,6,0,2,5,DESPISTE,EN PROCESO DE INVESTIGACIÓN,ASFALTADA,CARRETERA,NACIONAL,LIMA,LIMA,SAN BARTOLO,-12.384193818783762,-76.77118616307789,PE-1S,47.91826053375743
2024-09-01,2024,9,6,0,1,0,ATROPELLO FUGA,EN PROCESO DE INVESTIGACIÓN,ASFALTADA,CARRETERA,NACIONAL,LIMA,LIMA,CHORRILLOS,-12.197079968597212,-76.973293745685,PE-1S,16.05132164193023
2024-09-01,2024,9,6,0,1,0,ATROPELLO FUGA,EN PROCESO DE INVESTIGACIÓN,ASFALTADA,CARRETERA,NACIONAL,LIMA,LIMA,ATE,-12.007655252440172,-76.85677555835976,PE-22,15.94265252358053
2024-09-02,2024,9,0,0,1,0,ATROPELLO,IMPRUDENCIA DEL CONDUCTOR,,CARRETERA,NACIONAL,CUSCO,CUSCO,SAYLLA,-13.557305,-71.853933,PE-3S,986.5999310055956
2024-09-03,2024,9,1,0,1,0,ATROPELLO FUGA,EN PROCESO DE INVESTIGACIÓN,ASFALTADA,CARRETERA,NACIONAL,ICA,ICA,SANTIAGO,-14.474002,-75.367979,PE-1S,365.80646111960544
2024-09-03,2024,9,1,0,1,0,ATROPELLO FUGA,EN PROCESO DE INVESTIGACIÓN,ASFALTADA,CARRETERA,NACIONAL,ICA,ICA,LA TINGUIÑA,-14.033174,-75.709834,PE-1S,295.5058398374778
2024-09-06,2024,9,4,0,1,0,VOLCADURA,EN PROCESO DE INVESTIGACIÓN,ASFALTADA,CARRETERA,NACIONAL,ICA,PISCO,HUMAY,-13.714214,-75.855805,PE-28A,34.84202930535474
2024-09-07,2024,9,5,0,1,2,DESPISTE,EN PROCESO DE INVESTIGACIÓN,AFIRMADO,CARRETERA,NACIONAL,LA LIBERTAD,PATAZ,TAYABAMBA,-8.292056882636524,-77.30985221113423,PE-12B,153.88626666894035
2024-09-07,2024,9,5,0,1,0,DESPISTE,IMPRUDENCIA DEL CONDUCTOR,ASFALTADA,CARRETERA,NACIONAL,AYACUCHO,HUAMANGA,VINCHOS,-13.357,-74.412,PE-28A,280.0546533400744
2024-09-07,2024,9,5,0,1,0,DESPISTE,IMPRUDENCIA DEL CONDUCTOR,ASFALTADA,CARRETERA,NACIONAL,CAJAMARCA,CAJAMARCA,MATARA,-7.283624,-78.22294,PE-3N,1228.232725105678
2024-09-08,2024,9,6,0,2,20,CHOQUE,EN PROCESO DE INVESTIGACIÓN,ASFALTADA,CARRETERA,NACIONAL,ICA,PISCO,HUANCANO,-13.650391,-75.735952,PE-28A,51.67294162637073
2024-09-08,2024,9,6,0,1,0,ATROPELLO FUGA,EN PROCESO DE INVESTIGACIÓN,,CARRETERA,NACIONAL,AREQUIPA,ISLAY,MOLLENDO,-16.708444,-71.931881,PE-34,11.27525016673458
2024-09-08,2024,9,6,0,1,0,CHOQUE,IMPRUDENCIA DEL CONDUCTOR,ASFALTADA,CARRETERA,NACIONAL,PUNO,CHUCUITO,DESAGUADERO,-16.619449615059487,-69.1480027601032,PE-36A,292.032418188236
2024-09-08,2024,9,6,0,1,0,CHOQUE,EN PROCESO DE INVESTIGACIÓN,AFIRMADO,CARRETERA,NACIONAL,LA LIBERTAD,SANTIAGO DE CHUCO,SANTIAGO DE CHUCO,-8.1437841159,-78.180144455,PE-3N,1002.679736649516
2024-09-11,2024,9,2,0,1,0,CHOQUE,EN PROCESO DE INVESTIGACIÓN,ASFALTADA,CARRETERA,NACIONAL,LA LIBERTAD,PACASMAYO,GUADALUPE,-7.3106001828,-79.480851252,PE-1N,692.1272621798175
2024-09-12,2024,9,3,0,1,0,CHOQUE,EN PROCESO DE INVESTIGACIÓN,,CARRETERA,NACIONAL,AREQUIPA,AREQUIPA,SACHACA,-16.4046944444,-71.5673055556,PE-34C,1.872637555243714
2024-09-13,2024,9,4,0,1,1,CHOQUE,EN PROCESO DE INVESTIGACIÓN,ASFALTADA,CARRETERA,NACIONAL,LA LIBERTAD,TRUJILLO,SALAVERRY,-8.193829804797888,-78.99129671957837,PE-10,2.2086593277927604
2024-09-13,2024,9,4,0,1,37,DESPISTE,IMPRUDENCIA DEL CONDUCTOR,ASFALTADA,CARRETERA,NACIONAL,AYACUCHO,LUCANAS,LUCANAS,-14.8395693384407,-74.7331906492158,PE-30A,37.69360650678997
2024-09-13,2024,9,4,0,1,0,ATROPELLO FUGA,IMPRUDENCIA DEL CONDUCTOR,,CARRETERA,NACIONAL,PUNO,PUNO,ACORA,-16.044993,-69.712416,PE-3S,1408.576497262244
2024-09-14,2024,9,5,0,1,0,DESPISTE,IMPRUDENCIA DEL CONDUCTOR,ASFALTADA,CARRETERA,NACIONAL,CAJAMARCA,JAEN,JAEN,-5.699007,-78.806465,PE-5N,1389.497083531695
2024-09-15,2024,9,6,0,1,0,ATROPELLO FUGA,EN PROCESO DE INVESTIGACIÓN,ASFALTADA,CARRETERA,NACIONAL,LA LIBERTAD,TRUJILLO,VICTOR LARCO HERRERA,-8.1423468787,-79.0505004368,PE-1N,565.3714658093373
2024-09-15,2024,9,6,0,1,1,DESPISTE,EN PROCESO DE INVESTIGACIÓN,AFIRMADO,CARRETERA,NACIONAL,HUANCAVELICA,ACOBAMBA,MARCAS,-12.9122088156767,-74.436336022758,PE-3SM,132.24443820491493
2024-09-15,2024,9,6,0,1,0,DESPISTE,IMPRUDENCIA DEL CONDUCTOR,ASFALTADA,CARRETERA,NACIONAL,APURIMAC,ANDAHUAYLAS,KISHUARA,-13.68285491,-73.13079241,PE-3S,684.9335567948606
2024-09-15,2024,9,6,0,1,0,ATROPELLO FUGA,EN PROCESO DE INVESTIGACIÓN,ASFALTADA,CARRETERA,NACIONAL,CAJAMARCA,JAEN,JAEN,-5.684694,-78.787696,PE-5N,1392.2824743572853
2024-09-15,2024,9,6,0,2,0,DESPISTE,IMPRUDENCIA DEL CONDUCTOR,AFIRMADO,CARRETERA,NACIONAL,CAJAMARCA,SAN IGNACIO,TABACONAS,-5.314093,-79.129622,PE-02B,70.79163858960638
2024-09-16,2024,9,0,0,1,0,ATROPELLO,EN PROCESO DE INVESTIGACIÓN,ASFALTADA,CARRETERA,NACIONAL,LIMA,LIMA,LURIGANCHO,-11.922594714804791,-76.67870565105193,PE-22,38.15378243039522
2024-09-16,2024,9,0,0,1,0,DESPISTE,EN PROCESO DE INVESTIGACIÓN,TROCHA,CARRETERA,NACIONAL,LA LIBERTAD,SANTIAGO DE CHUCO,QUIRUVILCA,-7.9865966653,-78.2723086999,PE-3N,1053.6232521356549
2024-09-17,2024,9,1,0,6,48,CHOQUE,IMPRUDENCIA DEL CONDUCTOR,AFIRMADO,CARRETERA,NACIONAL,LA LIBERTAD,ASCOPE,CHICAMA,-7.8110496554599536,-79.14240498712746,PE-1NF,3.3735048718343785
2024-09-17,2024,9,1,0,1,1,CHOQUE,EN PROCESO DE INVESTIGACIÓN,ASFALTADA,CARRETERA,NACIONAL,LIMA,LIMA,ATE,-12.084008880692457,-76.98142782284472,PE-1S,3.1754680586902158
2024-09-18,2024,9,2,0,1,6,CHOQUE CON OBJETO FIJO,IMPRUDENCIA DEL CONDUCTOR,ASFALTADA,CARRETERA,NACIONAL,TUMBES,ZARUMILLA,AGUAS VERDES,-3.510614365706649,-80.24838384670119,PE-1N,1303.3734813931826
2024-09-18,2024,9,2,0,1,0,CHOQUE,EN PROCESO DE INVESTIGACIÓN,ASFALTADA,CARRETERA,NACIONAL,AREQUIPA,AREQUIPA,CERRO COLORADO,-16.342841,-71.581436,PE-34A,43.31506107013308
2024-09-19,2024,9,3,0,1,0,ATROPELLO,IMPRUDENCIA DEL PEATÓN,ASFALTADA,CARRETERA,NACIONAL,CUSCO,CANAS,KUNTURKANKI,-14.543048060646184,-71.30093161307009,PE-34F,38.53467787218743
2024-09-19,2024,9,3,0,1,4,DESPISTE,EN PROCESO DE INVESTIGACIÓN,TROCHA,CARRETERA,NACIONAL,AREQUIPA,AREQUIPA,CHIGUATA,-16.3867777778,-71.3198888889,PE-34C,53.62128767521145
2024-09-19,2024,9,3,0,1,0,DESPISTE,EN PROCESO DE INVESTIGACIÓN,ASFALTADA,CARRETERA,NACIONAL,LIMA,LIMA,ANCON,-11.754669355834665,-77.14998448461907,PE-1N,46.802850893854135
2024-09-19,2024,9,3,0,1,0,ATROPELLO,IMPRUDENCIA DEL PEATÓN,ASFALTADA,CARRETERA,NACIONAL,CAJAMARCA,CAJAMARCA,SAN JUAN,-7.29191983378323,-78.5047432159537,PE-08,141.82107219332548
2024-09-20,2024,9,4,0,3,0,CHOQUE,EN PROCESO DE INVESTIGACIÓN,ASFALTADA,CARRETERA,NACIONAL,LA LIBERTAD,TRUJILLO,HUANCHACO,-8.1122553924,-79.0941381492,PE-1N,571.3497608862488
2024-09-21,2024,9,5,0,1,0,ATROPELLO FUGA,EN PROCESO DE INVESTIGACIÓN,ASFALTADA,CARRETERA,NACIONAL,LIMA,LIMA,PUENTE PIEDRA,-11.867565537290584,-77.07263411036996,PE-1N,30.079427473843552
2024-09-21,2024,9,5,0,2,2,DESPISTE,IMPRUDENCIA DEL CONDUCTOR,ASFALTADA,CARRETERA,NACIONAL,CUSCO,CANCHIS,MARANGANI,-14.4102126,-71.1185534,PE-3S,1135.130253745824
2024-09-21,2024,9,5,0,1,0,DESPISTE,IMPRUDENCIA DEL CONDUCTOR,ASFALTADA,CARRETERA,NACIONAL,SAN MARTIN,RIOJA,PARDO MIGUEL,-5.745756,-77.481797,PE-5N,1131.382307207132
2024-09-21,2024,9,5,0,1,0,DESPISTE,EN PROCESO DE INVESTIGACIÓN,CONCRETO,CARRETERA,NACIONAL,HUANCAVELICA,ANGARAES,LIRCAY,-12.996855888368412,-74.73439418751957,PE-26B,74.48254655595822
2024-09-22,2024,9,6,0,1,0,ATROPELLO,EN PROCESO DE INVESTIGACIÓN,ASFALTADA,CARRETERA,NACIONAL,LIMA,LIMA,SAN MARTIN DE PORRES,-11.98473174673873,-77.10063034238064,PE-20J,
2024-09-22,2024,9,6,0,1,0,DESPISTE,IMPRUDENCIA DEL CONDUCTOR,TROCHA,CARRETERA,NACIONAL,APURIMAC,ANDAHUAYLAS,JOSE MARIA ARGUEDAS,-13.76238857,-73.35554384,PE-30B,155.8492218607365
2024-09-23,2024,9,0,0,1,0,CHOQUE FUGA,EN PROCESO DE INVESTIGACIÓN,ASFALTADA,CARRETERA,NACIONAL,SAN MARTIN,MOYOBAMBA,MOYOBAMBA,-6.04572,-77.025005,PE-5N,1063.6989495867338
2024-09-23,2024,9,0,0,1,0,CHOQUE CON OBJETO FIJO,IMPRUDENCIA DEL CONDUCTOR,ASFALTADA,CARRETERA,NACIONAL,PUNO,EL COLLAO,ILAVE,-16.0891633,-69.6430304,PE-3S,1417.003312216521
2024-09-24,2024,9,1,0,1,0,DESPISTE,IMPRUDENCIA DEL CONDUCTOR,ASFALTADA,CARRETERA,NACIONAL,LA LIBERTAD,ASCOPE,CHOCOPE,-7.7942462683,-79.2094253297,PE-1N,612.2001606858793
2024-09-24,2024,9,1,0,1,1,DESPISTE,IMPRUDENCIA DEL CONDUCTOR,ASFALTADA,CARRETERA,NACIONAL,AYACUCHO,PARINACOCHAS,CORACORA,-14.605142,-73.598382,PE-30A,251.75120457380075
2024-09-25,2024,9,2,0,1,0,CHOQUE,EN PROCESO DE INVESTIGACIÓN,ASFALTADA,CARRETERA,NACIONAL,ICA,PALPA,PALPA,-14.546213,-75.187336,PE-1S,397.0179977604862
2024-09-28,2024,9,5,0,1,0,ATROPELLO FUGA,EN PROCESO DE INVESTIGACIÓN,ASFALTADA,CARRETERA,NACIONAL,LA LIBERTAD,VIRU,CHAO,-8.649788223807997,-78.6201735726224,PE-1N,482.9922504752566
2024-09-29,2024,9,6,0,1,0,ATROPELLO FUGA,EN PROCESO DE INVESTIGACIÓN,,CARRETERA,NACIONAL,PUNO,CHUCUITO,DESAGUADERO,-16.5441163,-69.0546925,PE-3S,1508.9578723200282
2024-09-29,2024,9,6,0,1,0,DESPISTE,IMPRUDENCIA DEL CONDUCTOR,ASFALTADA,CARRETERA,NACIONAL,CUSCO,ESPINAR,PICHIGUA,-14.661652,-71.264258,PE-34F,23.147384752241493
2024-09-30,2024,9,0,0,1,0,ATROPELLO FUGA,IMPRUDENCIA DEL PEATÓN,CONCRETO,CARRETERA,NACIONAL,CUSCO,ANTA,ANTA,-13.476892,-72.1231,PE-3S,949.3925222678092
2024-10-02,2024,10,2,0,3,3,CHOQUE,EN PROCESO DE INVESTIGACIÓN,ASFALTADA,CARRETERA,NACIONAL,ICA,PISCO,SAN ANDRES,-13.763973,-76.166958,PE-1SE,41.11
2024-10-03,2024,10,3,0,1,0,CHOQUE,IMPRUDENCIA DEL CONDUCTOR,ASFALTADA,CARRETERA,NACIONAL,CAJAMARCA,SAN PABLO,SAN BERNARDINO,-7.2161079597767,-78.7735173384439,PE-08,100.1490846847358
2024-10-05,2024,10,5,0,1,0,CHOQUE,EN PROCESO DE INVESTIGACIÓN,ASFALTADA,CARRETERA,NACIONAL,LIMA,LIMA,SANTA ANITA,-12.043867334297834,-76.98491305675641,PE-1N,2.0971903208241414
2024-10-05,2024,10,5,0,1,0,DESPISTE,IMPRUDENCIA DEL CONDUCTOR,ASFALTADA,CARRETERA,NACIONAL,CUSCO,CHUMBIVILCAS,VELILLE,-14.554078,-71.920281,PE-3SG,143.01618519680594
2024-10-05,2024,10,5,0,1,1,CHOQUE FUGA,EN PROCESO DE INVESTIGACIÓN,ASFALTADA,CARRETERA,NACIONAL,LA LIBERTAD,ASCOPE,RAZURI,-7.6208439965,-79.3640206121,PE-1N,639.4104918746613
2024-10-06,2024,10,6,0,1,0,DESPISTE,EN PROCESO DE INVESTIGACIÓN,ASFALTADA,CARRETERA,NACIONAL,ICA,ICA,SANTIAGO,-14.265601,-75.6852812,PE-1S,321.29762226725785
2024-10-07,2024,10,0,0,1,1,DESPISTE,IMPRUDENCIA DEL CONDUCTOR,ASFALTADA,CARRETERA,NACIONAL,CAJAMARCA,HUALGAYOC,BAMBAMARCA,-6.68145,-78.529235,PE-3N,1388.535334046888
2024-10-07,2024,10,0,0,1,0,CHOQUE,IMPRUDENCIA DEL CONDUCTOR,ASFALTADA,CARRETERA,NACIONAL,TUMBES,TUMBES,LA CRUZ,-3.63338148310038,-80.57683103691467,PE-1N,1262.0521497334255
2024-10-07,2024,10,0,0,1,1,VOLCADURA,IMPRUDENCIA DEL CONDUCTOR,ASFALTADA,CARRETERA,NACIONAL,CAJAMARCA,SAN IGNACIO,SAN IGNACIO,-5.15358,-78.922256,PE-5N,1475.313369099694
2024-10-08,2024,10,1,0,1,0,ATROPELLO FUGA,EN PROCESO DE INVESTIGACIÓN,ASFALTADA,CARRETERA,NACIONAL,LIMA,LIMA,SAN JUAN DE MIRAFLORES,-12.184460620384298,-76.97496548239543,PE-1S,14.613220751860016
2024-10-08,2024,10,1,0,3,0,DESPISTE,EN PROCESO DE INVESTIGACIÓN,ASFALTADA,CARRETERA,NACIONAL,ICA,CHINCHA,GROCIO PRADO,-13.388295,-76.20154,PE-1S,182.87713666114004
2024-10-09,2024,10,2,0,1,0,DESPISTE,EN PROCESO DE INVESTIGACIÓN,TROCHA,CARRETERA,NACIONAL,LA LIBERTAD,SANCHEZ CARRION,COCHORCO,-7.810487432033153,-77.67925675250284,PE-10C,89.23663382260673
2024-10-09,2024,10,2,0,3,6,CHOQUE,IMPRUDENCIA DEL CONDUCTOR,ASFALTADA,CARRETERA,NACIONAL,LA LIBERTAD,CHEPEN,PACANGA,-7.0817825442111,-79.5417373061139,PE-1N,728.0174707844799
2024-10-09,2024,10,2,0,1,0,CHOQUE,EN PROCESO DE INVESTIGACIÓN,,CARRETERA,NACIONAL,LIMA,HUARAL,PACARAOS,-11.1193513965133,-76.6194310286308,PE-20C,110.27498901392354
2024-10-10,2024,10,3,0,1,0,CHOQUE,EN PROCESO DE INVESTIGACIÓN,ASFALTADA,CARRETERA,NACIONAL,ICA,ICA,SANTIAGO,-14.2827846,-75.6817571,PE-1S,323.2389093930157
2024-10-11,2024,10,4,0,1,1,DESPISTE,IMPRUDENCIA DEL CONDUCTOR,ASFALTADA,CARRETERA,NACIONAL,CAJAMARCA,JAEN,BELLAVISTA,-5.614354,-78.77331,PE-5N,1404.505556686766
2024-10-14,2024,10,0,0,1,0,CHOQUE,IMPRUDENCIA DEL CONDUCTOR,ASFALTADA,CARRETERA,NACIONAL,CAJAMARCA,CUTERVO,CHOROS,-5.95096986557797,-78.8470419742326,PE-04C,14.032115543817593
2024-10-14,2024,10,0,0,1,0,ATROPELLO,EN PROCESO DE INVESTIGACIÓN,ASFALTADA,CARRETERA,NACIONAL,AREQUIPA,AREQUIPA,LA JOYA,-16.507247,-71.818647,PE-1S,961.4802469707864
2024-10-15,2024,10,1,0,1,0,ATROPELLO,NEGLIGENCIA DEL CONDUCTOR,ASFALTADA,CARRETERA,NACIONAL,CALLAO,CALLAO,MI PERU,-11.8420542703925,-77.1153440915478,PE-20,1.1789237032416873
2024-10-15,2024,10,1,0,1,0,ATROPELLO FUGA,EN PROCESO DE INVESTIGACIÓN,ASFALTADA,CARRETERA,NACIONAL,LIMA,LIMA,LURIN,-12.276011058895223,-76.8901469725719,PE-1S,29.97675086629544
2024-10-15,2024,10,1,0,1,0,CHOQUE,EN PROCESO DE INVESTIGACIÓN,ASFALTADA,CARRETERA,NACIONAL,LIMA,LIMA,SAN MARTIN DE PORRES,-12.02033807433146,-77.05929693050848,PE-1N,12.78734555872774
2024-10-15,2024,10,1,0,1,0,ATROPELLO,EN PROCESO DE INVESTIGACIÓN,ASFALTADA,CARRETERA,NACIONAL,LIMA,LIMA,SAN BORJA,-12.095894335182612,-76.98032720095229,PE-1S,4.539919113345823
2024-10-16,2024,10,2,0,1,0,DESPISTE,EN PROCESO DE INVESTIGACIÓN,ASFALTADA,CARRETERA,NACIONAL,LA LIBERTAD,TRUJILLO,SIMBAL,-8.0161093131,-78.8074811485,PE-10A,30.399530453119016
2024-10-16,2024,10,2,0,1,0,ATROPELLO FUGA,IMPRUDENCIA DEL CONDUCTOR,ASFALTADA,CARRETERA,NACIONAL,CALLAO,CALLAO,CALLAO,-11.9673285068994,-77.1259706672939,PE-20,16.178667937652342
2024-10-16,2024,10,2,0,4,0,VOLCADURA,IMPRUDENCIA DEL CONDUCTOR,ASFALTADA,CARRETERA,NACIONAL,APURIMAC,ANDAHUAYLAS,KISHUARA,-13.6737406671805,-73.1723933717008,PE-3S,670.3611408648397
2024-10-17,2024,10,3,0,1,0,ATROPELLO,IMPRUDENCIA DEL PEATÓN,CONCRETO,CARRETERA,NACIONAL,CUSCO,CANCHIS,SICUANI,-14.270894,-71.236478,PE-3S,1114.0875027056916
2024-10-17,2024,10,3,0,1,1,CHOQUE,IMPRUDENCIA DEL CONDUCTOR,ASFALTADA,CARRETERA,NACIONAL,PUNO,PUNO,PICHACANI,-16.1418622,-70.0530083,PE-36B,120.083191678978
2024-10-17,2024,10,3,0,4,1,CHOQUE,EN PROCESO DE INVESTIGACIÓN,ASFALTADA,CARRETERA,NACIONAL,ICA,ICA,ICA,-14.079419,-75.7186027,PE-1SC,1.2503029571375648
2024-10-19,2024,10,5,0,1,0,DESPISTE,IMPRUDENCIA DEL CONDUCTOR,ASFALTADA,CARRETERA,NACIONAL,AYACUCHO,HUAMANGA,VINCHOS,-13.349243,-74.396823,PE-28A,282.1248451614552
2024-10-19,2024,10,5,0,1,0,ATROPELLO,IMPRUDENCIA DEL PEATÓN,ASFALTADA,CARRETERA,NACIONAL,LIMA,LIMA,PUENTE PIEDRA,-11.829948069211149,-77.1179186448279,PE-1N,36.657086822635854
2024-10-19,2024,10,5,0,1,0,CHOQUE CON OBJETO FIJO,EN PROCESO DE INVESTIGACIÓN,,CARRETERA,NACIONAL,PUNO,PUNO,PAUCARCOLLA,-15.6968927,-70.0677829,PE-3S,1342.9940581222866
2024-10-19,2024,10,5,0,1,7,DESPISTE,IMPRUDENCIA DEL CONDUCTOR,AFIRMADO,CARRETERA,NACIONAL,CAJAMARCA,JAEN,SAN JOSE DEL ALTO,-5.472318,-78.961161,PE-02B,114.05486447039856
2024-10-20,2024,10,6,0,1,0,DESPISTE,IMPRUDENCIA DEL CONDUCTOR,ASFALTADA,CARRETERA,NACIONAL,SAN MARTIN,RIOJA,NUEVA CAJAMARCA,-5.88131,-77.3373,PE-5N,1108.888309543284
2024-10-20,2024,10,6,0,1,0,CHOQUE,IMPRUDENCIA DEL CONDUCTOR,,CARRETERA,NACIONAL,PUNO,PUNO,PAUCARCOLLA,-15.750106169001928,-70.05283009574735,PE-3S,1349.082699301517
2024-10-20,2024,10,6,0,1,0,ATROPELLO,IMPRUDENCIA DEL PEATÓN,ASFALTADA,CARRETERA,NACIONAL,SAN MARTIN,RIOJA,NUEVA CAJAMARCA,-5.806079,-77.398141,PE-5N,1119.852706339909
2024-10-22,2024,10,1,0,1,2,DESPISTE,IMPRUDENCIA DEL CONDUCTOR,ASFALTADA,CARRETERA,NACIONAL,CAJAMARCA,CAJABAMBA,CONDEBAMBA,-7.569672,-78.139411,PE-3N,1172.8214274663208
2024-10-24,2024,10,3,0,1,1,CHOQUE,EN PROCESO DE INVESTIGACIÓN,ASFALTADA,CARRETERA,NACIONAL,AREQUIPA,CAYLLOMA,SAN ANTONIO DE CHUCA,-15.8148516603397,-71.0664846432553,PE-34A,169.22658507857636
2024-10-24,2024,10,3,0,1,0,CHOQUE,EN PROCESO DE INVESTIGACIÓN,ASFALTADA,CARRETERA,NACIONAL,LA LIBERTAD,TRUJILLO,SALAVERRY,-8.17953221994708,-78.9910851223929,PE-1N,553.2566596724268
2024-10-26,2024,10,5,0,1,33,DESPISTE,IMPRUDENCIA DEL CONDUCTOR,ASFALTADA,CARRETERA,NACIONAL,TUMBES,CONTRALMIRANTE VILLAR,ZORRITOS,-3.7184627680260296,-80.75308440282073,PE-1N,1238.8863438725962
2024-10-26,2024,10,5,0,1,0,DESPISTE,IMPRUDENCIA DEL CONDUCTOR,CONCRETO,CARRETERA,NACIONAL,CUSCO,LA CONVENCION,HUAYOPATA,-13.030966,-72.474889,PE-28B,508.47479030047873
2024-10-26,2024,10,5,0,1,4,DESPISTE,IMPRUDENCIA DEL CONDUCTOR,AFIRMADO,CARRETERA,NACIONAL,LA LIBERTAD,SANCHEZ CARRION,HUAMACHUCO,-7.902365213998411,-78.13209083165182,PE-3N,1083.3845392305586
2024-10-27,2024,10,6,0,1,1,ATROPELLO,IMPRUDENCIA DEL CONDUCTOR,ASFALTADA,CARRETERA,NACIONAL,SAN MARTIN,RIOJA,RIOJA,-6.003299,-77.258576,PE-5N,1092.37165494874
2024-10-27,2024,10,6,0,1,0,DESPISTE,EN PROCESO DE INVESTIGACIÓN,ASFALTADA,CARRETERA,NACIONAL,LIMA,LIMA,LA MOLINA,-12.07308731864632,-76.97379610224523,PE-1S,1.6837214530884874
2024-10-27,2024,10,6,0,1,2,CHOQUE,EN PROCESO DE INVESTIGACIÓN,ASFALTADA,CARRETERA,NACIONAL,CAJAMARCA,JAEN,JAEN,-5.80052600529829,-78.7780580135235,PE-5N,1375.345063053118
2024-10-27,2024,10,6,0,1,0,CHOQUE,IMPRUDENCIA DEL CONDUCTOR,ASFALTADA,CARRETERA,NACIONAL,CUSCO,ANTA,ANTA,-13.473334,-72.15645,PE-3S,944.7019542162648
2024-10-27,2024,10,6,0,1,1,CHOQUE,EN PROCESO DE INVESTIGACIÓN,ASFALTADA,CARRETERA,NACIONAL,LIMA,LIMA,VILLA EL SALVADOR,-12.24230019417219,-76.94443531208574,PE-1S,22.98438093682324
2024-10-28,2024,10,0,0,1,0,DESPISTE,EN PROCESO DE INVESTIGACIÓN,ASFALTADA,CARRETERA,NACIONAL,LIMA,LIMA,CHORRILLOS,-12.20297238697622,-76.97422639407436,PE-1S,16.71036466985883
2024-10-28,2024,10,0,0,1,0,CHOQUE,IMPRUDENCIA DEL CONDUCTOR,ASFALTADA,CARRETERA,NACIONAL,PUNO,PUNO,PICHACANI,-16.053277403549732,-70.00857881806755,PE-36B,130.96056377040804
2024-10-28,2024,10,0,0,2,0,CHOQUE,EN PROCESO DE INVESTIGACIÓN,ASFALTADA,CARRETERA,NACIONAL,AREQUIPA,ISLAY,COCACHACRA,-16.91296,-71.834013,PE-1S,1012.9917125359956
2024-10-28,2024,10,0,0,1,0,CHOQUE FUGA,IMPRUDENCIA DEL CONDUCTOR,AFIRMADO,CARRETERA,NACIONAL,CUSCO,ESPINAR,ESPINAR,-14.823718,-71.31396,PE-3SG,254.9442805456571
2024-10-29,2024,10,1,0,1,0,CHOQUE,IMPRUDENCIA DEL CONDUCTOR,ASFALTADA,CARRETERA,NACIONAL,LA LIBERTAD,TRUJILLO,TRUJILLO,-8.11070019432683,-78.9978807729408,PE-10A,3.5873621775869085
2024-10-29,2024,10,1,0,1,2,DESPISTE,EN PROCESO DE INVESTIGACIÓN,ASFALTADA,CARRETERA,NACIONAL,ICA,CHINCHA,CHINCHA BAJA,-13.532677,-76.183176,PE-1SE,14.540769214007073
2024-10-29,2024,10,1,0,1,0,ATROPELLO FUGA,EN PROCESO DE INVESTIGACIÓN,ASFALTADA,CARRETERA,NACIONAL,LA LIBERTAD,TRUJILLO,MOCHE,-8.1584946911,-79.0122101523,PE-1N,556.6381153463301
2024-10-30,2024,10,2,0,1,1,CHOQUE,IMPRUDENCIA DEL CONDUCTOR,ASFALTADA,CARRETERA,NACIONAL,CAJAMARCA,CONTUMAZA,TANTARICA,-7.216566,-78.915727,PE-08,81.81030971188997
2024-10-31,2024,10,3,0,1,0,CHOQUE FUGA,EN PROCESO DE INVESTIGACIÓN,ASFALTADA,CARRETERA,NACIONAL,LA LIBERTAD,TRUJILLO,SALAVERRY,-8.2335859892,-78.9431733722,PE-1N,545.0452221911496
2024-11-01,2024,11,4,0,1,0,ATROPELLO FUGA,EN PROCESO DE INVESTIGACIÓN,ASFALTADA,CARRETERA,NACIONAL,LIMA,LIMA,SANTIAGO DE SURCO,-12.144956173085545,-76.98185581829424,PE-1S,10.071198245416335
2024-11-01,2024,11,4,0,1,0,ATROPELLO FUGA,EN PROCESO DE INVESTIGACIÓN,ASFALTADA,CARRETERA,NACIONAL,LIMA,LIMA,LURIN,-12.271726606789969,-76.89665058034338,PE-1S,29.12570882423481
2024-11-01,2024,11,4,0,1,0,CHOQUE,IMPRUDENCIA DEL CONDUCTOR,ASFALTADA,CARRETERA,NACIONAL,CAJAMARCA,JAEN,SAN FELIPE,-5.81084846608629,-79.3749173095208,PE-3N,1625.1637984452068
2024-11-02,2024,11,5,0,1,0,DESPISTE,EN PROCESO DE INVESTIGACIÓN,ASFALTADA,CARRETERA,NACIONAL,LIMA,LIMA,PUENTE PIEDRA,-11.841321882836445,-77.1036778709971,PE-1N,34.64473796698585
2024-11-02,2024,11,5,0,1,0,ATROPELLO,EN PROCESO DE INVESTIGACIÓN,ASFALTADA,CARRETERA,NACIONAL,LIMA,CAÑETE,CHILCA,-12.46768405177241,-76.75083889502976,PE-1S,57.95075110580622
2024-11-02,2024,11,5,0,1,0,ATROPELLO FUGA,EN PROCESO DE INVESTIGACIÓN,ASFALTADA,CARRETERA,NACIONAL,LIMA,HUAURA,HUAURA,-11.06286,-77.5882,PE-1N,154.69997757925518
2024-11-03,2024,11,6,0,1,1,CHOQUE,EN PROCESO DE INVESTIGACIÓN,ASFALTADA,CARRETERA,NACIONAL,LIMA,LIMA,LURIN,-12.298902856006416,-76.85174523994628,PE-1S,34.86976274133215
2024-11-03,2024,11,6,0,1,0,CHOQUE,EN PROCESO DE INVESTIGACIÓN,ASFALTADA,CARRETERA,NACIONAL,LIMA,LIMA,LURIN,-12.247410343241532,-76.93467601123427,PE-1S,24.188369185907085
2024-11-03,2024,11,6,0,1,1,CHOQUE,IMPRUDENCIA DEL CONDUCTOR,ASFALTADA,CARRETERA,NACIONAL,PUNO,CHUCUITO,POMATA,-16.390811414553394,-69.20801939945108,PE-3S,1482.942553598161
2024-11-03,2024,11,6,0,1,0,ATROPELLO FUGA,IMPRUDENCIA DEL PEATÓN,ASFALTADA,CARRETERA,NACIONAL,CAJAMARCA,CAJAMARCA,SAN JUAN,-7.287024,-78.514292,PE-08,138.6047119997843
2024-11-03,2024,11,6,0,1,0,CHOQUE FUGA,EN PROCESO DE INVESTIGACIÓN,ASFALTADA,CARRETERA,NACIONAL,LA LIBERTAD,CHEPEN,PACANGA,-7.087676410092731,-79.53276796370766,PE-1N,726.8789678453626
2024-11-04,2024,11,0,0,1,0,ATROPELLO FUGA,EN PROCESO DE INVESTIGACIÓN,ASFALTADA,CARRETERA,NACIONAL,LIMA,LIMA,LURIN,-12.276684000272018,-76.88874829640085,PE-1S,30.1454145766242
2024-11-04,2024,11,0,0,1,0,DESPISTE,IMPRUDENCIA DEL CONDUCTOR,ASFALTADA,CARRETERA,NACIONAL,CUSCO,QUISPICANCHI,LUCRE,-13.593077,-71.719844,PE-28B,689.2868339631375
2024-11-05,2024,11,1,0,1,0,ATROPELLO,IMPRUDENCIA DEL PEATÓN,AFIRMADO,CARRETERA,NACIONAL,CUSCO,QUISPICANCHI,OROPESA,-13.5888922,-71.801062,PE-3S,993.3406133618024
2024-11-06,2024,11,2,0,1,2,CHOQUE,IMPRUDENCIA DEL CONDUCTOR,ASFALTADA,CARRETERA,NACIONAL,CAJAMARCA,CHOTA,CHOTA,-6.61882394489821,-78.5866799029114,PE-3N,1408.6114609313418
2024-11-06,2024,11,2,0,1,0,ATROPELLO,EN PROCESO DE INVESTIGACIÓN,ASFALTADA,CARRETERA,NACIONAL,AREQUIPA,AREQUIPA,CERRO COLORADO,-16.32668,-71.5954,PE-34A,45.877044509204325
2024-11-07,2024,11,3,0,1,0,DESPISTE,EN PROCESO DE INVESTIGACIÓN,ASFALTADA,CARRETERA,NACIONAL,LIMA,LIMA,LURIGANCHO,-12.020897643281268,-76.93441268832746,PE-22,6.542778056635219
2024-11-08,2024,11,4,0,1,1,ATROPELLO,IMPRUDENCIA DEL CONDUCTOR,ASFALTADA,CARRETERA,NACIONAL,CAJAMARCA,CAJAMARCA,ENCAÑADA,-7.09733656070228,-78.3438340384847,PE-08B,30.458699811271565
2024-11-09,2024,11,5,0,1,1,CHOQUE,IMPRUDENCIA DEL CONDUCTOR,ASFALTADA,CARRETERA,NACIONAL,SAN MARTIN,RIOJA,NUEVA CAJAMARCA,-5.901865,-77.326959,PE-5N,1106.3414264659818
2024-11-09,2024,11,5,0,1,0,CHOQUE,IMPRUDENCIA DEL CONDUCTOR,ASFALTADA,CARRETERA,NACIONAL,CAJAMARCA,CAJAMARCA,LLACANORA,-7.20512260414016,-78.4138790121879,PE-3N,1261.9939610889005
2024-11-10,2024,11,6,0,1,0,CHOQUE,EN PROCESO DE INVESTIGACIÓN,ASFALTADA,CARRETERA,NACIONAL,LIMA,LIMA,SANTA MARIA DEL MAR,-12.405637323741365,-76.75669771860223,PE-1S,50.93124545265481
2024-11-11,2024,11,0,0,1,0,ATROPELLO,EN PROCESO DE INVESTIGACIÓN,ASFALTADA,CARRETERA,NACIONAL,LA LIBERTAD,VIRU,CHAO,-8.506555527687222,-78.68817500700135,PE-1N,501.6345979974438
2024-11-11,2024,11,0,0,1,1,DESPISTE,IMPRUDENCIA DEL CONDUCTOR,ASFALTADA,CARRETERA,NACIONAL,PUNO,PUNO,CHUCUITO,-15.885669,-69.902386,PE-3S,1379.6665013374802
2024-11-11,2024,11,0,0,1,0,CHOQUE,IMPERICIA DEL CONDUCTOR,ASFALTADA,CARRETERA,NACIONAL,SAN MARTIN,MOYOBAMBA,CALZADA,-6.044246,-77.050903,PE-5N,1066.7951572042118
2024-11-14,2024,11,3,0,1,0,DESPISTE,EN PROCESO DE INVESTIGACIÓN,AFIRMADO,CARRETERA,NACIONAL,HUANCAVELICA,TAYACAJA,AHUAYCHA,-12.523262528755952,-74.86685155548146,PE-3S,210.6923556675507
2024-11-14,2024,11,3,0,1,0,ATROPELLO,IMPRUDENCIA DEL PEATÓN,ASFALTADA,CARRETERA,NACIONAL,PUNO,PUNO,ACORA,-16.048075,-69.708688,PE-3S,1409.0638689080397
2024-11-16,2024,11,5,0,1,8,CHOQUE,EN PROCESO DE INVESTIGACIÓN,ASFALTADA,CARRETERA,NACIONAL,AREQUIPA,CAYLLOMA,SAN ANTONIO DE CHUCA,-15.97156,-71.202597,PE-34A,144.70522759127022
2024-11-16,2024,11,5,0,1,0,CHOQUE,EN PROCESO DE INVESTIGACIÓN,ASFALTADA,CARRETERA,NACIONAL,LIMA,LIMA,SAN MARTIN DE PORRES,-12.0315508235212,-77.05585270077225,PE-1N,11.47644771498275
2024-11-17,2024,11,6,0,1,0,DESPISTE,IMPRUDENCIA DEL CONDUCTOR,ASFALTADA,CARRETERA,NACIONAL,APURIMAC,AYMARAES,COTARUSE,-14.563889924464432,-73.44992261786385,PE-30A,275.7585125215984
2024-11-17,2024,11,6,0,1,0,ATROPELLO FUGA,EN PROCESO DE INVESTIGACIÓN,ASFALTADA,CARRETERA,NACIONAL,LIMA,LIMA,LURIN,-12.254122717973557,-76.92498423773603,PE-1S,25.480349537215304
2024-11-17,2024,11,6,0,1,0,ATROPELLO FUGA,EN PROCESO DE INVESTIGACIÓN,ASFALTADA,CARRETERA,NACIONAL,LIMA,LIMA,SANTA ANITA,-12.041708479528856,-76.98714409229062,PE-1N,2.4331827212615424
2024-11-18,2024,11,0,0,1,1,DESPISTE,EN PROCESO DE INVESTIGACIÓN,ASFALTADA,CARRETERA,NACIONAL,AREQUIPA,AREQUIPA,SAN JUAN DE TARUCANI,-16.054299,-71.34091,PE-34A,122.06945779612616
2024-11-18,2024,11,0,0,1,0,DESPISTE,EN PROCESO DE INVESTIGACIÓN,ASFALTADA,CARRETERA,NACIONAL,LIMA,LIMA,SANTIAGO DE SURCO,-12.126724649530887,-76.97703900103295,PE-1S,7.974465620756656
2024-11-18,2024,11,0,0,1,0,CHOQUE FUGA,EN PROCESO DE INVESTIGACIÓN,,CARRETERA,NACIONAL,PUNO,CHUCUITO,JULI,-16.218194,-69.492569,PE-3S,1439.3926422751967
2024-11-19,2024,11,1,0,1,0,CHOQUE,EN PROCESO DE INVESTIGACIÓN,ASFALTADA,CARRETERA,NACIONAL,LIMA,LIMA,ANCON,-11.74092190766878,-77.1378463333404,PE-1N,48.823304837982775
2024-11-19,2024,11,1,0,1,0,CHOQUE,EN PROCESO DE INVESTIGACIÓN,ASFALTADA,CARRETERA,NACIONAL,LA LIBERTAD,VIRU,CHAO,-8.565308276870145,-78.67376457322652,PE-1N,494.822489122085
2024-11-19,2024,11,1,0,1,0,ATROPELLO,EN PROCESO DE INVESTIGACIÓN,ASFALTADA,CARRETERA,NACIONAL,LIMA,LIMA,LURIN,-12.246522870163874,-76.93626354696862,PE-1S,23.98974146961236
2024-11-20,2024,11,2,0,1,2,CHOQUE,EN PROCESO DE INVESTIGACIÓN,ASFALTADA,CARRETERA,NACIONAL,LIMA,LIMA,PUENTE PIEDRA,-11.89046299549707,-77.06823869713902,PE-1N,27.430795853663003
2024-11-20,2024,11,2,0,1,0,CHOQUE,IMPRUDENCIA DEL CONDUCTOR,AFIRMADO,CARRETERA,NACIONAL,CUSCO,CANCHIS,SICUANI,-14.245399,-71.255016,PE-3S,1108.9414296381046
2024-11-20,2024,11,2,0,4,14,CHOQUE,EN PROCESO DE INVESTIGACIÓN,ASFALTADA,CARRETERA,NACIONAL,AREQUIPA,CAYLLOMA,MAJES,-16.544919,-72.544892,PE-1S,865.1557835116927
2024-11-22,2024,11,4,0,1,0,CHOQUE,EN PROCESO DE INVESTIGACIÓN,ASFALTADA,CARRETERA,NACIONAL,LIMA,LIMA,RIMAC,-12.04003992508227,-77.01643219509405,PE-1N,6.788646919988067
2024-11-23,2024,11,5,0,11,37,CHOQUE,IMPRUDENCIA DEL CONDUCTOR,ASFALTADA,CARRETERA,NACIONAL,SAN MARTIN,MOYOBAMBA,JEPELACIO,-6.133045,-76.841275,PE-5N,1037.2851514235183
2024-11-23,2024,11,5,0,1,0,CHOQUE,IMPRUDENCIA DEL CONDUCTOR,AFIRMADO,CARRETERA,NACIONAL,CUSCO,CANCHIS,COMBAPATA,-14.099271,-71.43008,PE-3S,1082.7790298136413
2024-11-23,2024,11,5,0,1,1,CHOQUE,EN PROCESO DE INVESTIGACIÓN,ASFALTADA,CARRETERA,NACIONAL,LIMA,LIMA,PUENTE PIEDRA,-11.851362194565006,-77.09113117642298,PE-1N,32.82932178449067
2024-11-24,2024,11,6,0,1,0,ATROPELLO,EN PROCESO DE INVESTIGACIÓN,ASFALTADA,CARRETERA,NACIONAL,AREQUIPA,AREQUIPA,CERRO COLORADO,-16.40649,-71.59713,PE-34A,34.56054628718454
2024-11-25,2024,11,0,0,2,1,CHOQUE,IMPRUDENCIA DEL CONDUCTOR,ASFALTADA,CARRETERA,NACIONAL,CAJAMARCA,CAJAMARCA,LLACANORA,-7.199469,-78.373078,PE-3N,1254.9964383332344
2024-11-25,2024,11,0,0,1,1,CHOQUE,IMPRUDENCIA DEL CONDUCTOR,ASFALTADA,CARRETERA,NACIONAL,AYACUCHO,HUAMANGA,VINCHOS,-13.349265,-74.396867,PE-28A,282.1227026891357
2024-11-25,2024,11,0,0,1,1,DESPISTE,EN PROCESO DE INVESTIGACIÓN,ASFALTADA,CARRETERA,NACIONAL,LA LIBERTAD,TRUJILLO,LAREDO,-8.0565478904,-78.8538187225,PE-10A,22.14489757928472
2024-11-26,2024,11,1,0,1,0,DESPISTE,EN PROCESO DE INVESTIGACIÓN,ASFALTADA,CARRETERA,NACIONAL,LA LIBERTAD,ASCOPE,CHOCOPE,-7.816319375247118,-79.17686303703032,PE-1N,607.844025392713
2024-11-30,2024,11,5,0,1,0,CAÍDA DE PASAJERO,EN PROCESO DE INVESTIGACIÓN,ASFALTADA,CARRETERA,NACIONAL,LA LIBERTAD,TRUJILLO,TRUJILLO,-8.1101917903,-78.99746954,PE-10A,3.659842488041972
2024-12-01,2024,12,6,0,1,1,CHOQUE FUGA,IMPRUDENCIA DEL CONDUCTOR,ASFALTADA,CARRETERA,NACIONAL,TUMBES,TUMBES,CORRALES,-3.6049478785459166,-80.49963073841164,PE-1N,1271.7074008111647
2024-12-01,2024,12,6,0,1,0,CHOQUE,IMPRUDENCIA DEL CONDUCTOR,ASFALTADA,CARRETERA,NACIONAL,TUMBES,TUMBES,CORRALES,-3.597918307442012,-80.48435359240293,PE-1N,1273.6171872014818
2024-12-01,2024,12,6,0,1,0,DESPISTE,EN PROCESO DE INVESTIGACIÓN,ASFALTADA,CARRETERA,NACIONAL,AMAZONAS,CHACHAPOYAS,CHACHAPOYAS,-6.214963111,-77.90632628,PE-08C,1.6245197269340974
2024-12-01,2024,12,6,0,1,0,ATROPELLO,IMPRUDENCIA DEL PEATÓN,ASFALTADA,CARRETERA,NACIONAL,CUSCO,ANTA,ANCAHUASI,-13.462123,-72.28831,PE-3S,928.1772629625432
2024-12-01,2024,12,6,0,1,0,ATROPELLO FUGA,EN PROCESO DE INVESTIGACIÓN,ASFALTADA,CARRETERA,NACIONAL,LIMA,LIMA,SANTIAGO DE SURCO,-12.12760071038172,-76.97691375951386,PE-1S,8.069913832767991
2024-12-01,2024,12,6,0,1,0,ATROPELLO FUGA,EN PROCESO DE INVESTIGACIÓN,ASFALTADA,CARRETERA,NACIONAL,LIMA,LIMA,SAN MARTIN DE PORRES,-12.033338291762696,-77.05347766528016,PE-1N,11.15029571701366
2024-12-02,2024,12,0,0,1,0,DESPISTE,EN PROCESO DE INVESTIGACIÓN,ASFALTADA,CARRETERA,NACIONAL,LA LIBERTAD,PACASMAYO,GUADALUPE,-7.301119844390617,-79.41004905909178,PE-08,7.863878253982542
2024-12-02,2024,12,0,0,3,0,CHOQUE,IMPRUDENCIA DEL CONDUCTOR,ASFALTADA,CARRETERA,NACIONAL,LA LIBERTAD,TRUJILLO,HUANCHACO,-8.064350172,-79.0904013872,PE-1N,576.9749762937769
2024-12-02,2024,12,0,0,1,10,ESPECIAL,IMPRUDENCIA DEL CONDUCTOR,ASFALTADA,CARRETERA,NACIONAL,CAJAMARCA,CHOTA,COCHABAMBA,-6.487601,-78.848345,PE-3N,1454.592690902096
2024-12-02,2024,12,0,0,1,2,DESPISTE,IMPRUDENCIA DEL CONDUCTOR,ASFALTADA,CARRETERA,NACIONAL,CAJAMARCA,CONTUMAZA,YONAN,-7.19711729832245,-79.0420781470672,PE-08,64.77990450980536
2024-12-04,2024,12,2,0,1,0,ATROPELLO FUGA,EN PROCESO DE INVESTIGACIÓN,ASFALTADA,CARRETERA,NACIONAL,LIMA,LIMA,COMAS,-11.933814470408452,-77.07207325287774,PE-1N,22.448348277260425
2024-12-04,2024,12,2,0,3,0,CHOQUE,EN PROCESO DE INVESTIGACIÓN,AFIRMADO,CARRETERA,NACIONAL,LA LIBERTAD,SANTIAGO DE CHUCO,QUIRUVILCA,-7.987232,-78.268777,PE-3N,1054.033544594877
2024-12-05,2024,12,3,0,1,0,ATROPELLO,IMPRUDENCIA DEL CONDUCTOR,ASFALTADA,CARRETERA,NACIONAL,LIMA,LIMA,ATE,-12.002458267726476,-76.84165583396636,PE-22,17.871753734162304
2024-12-06,2024,12,4,0,1,0,CHOQUE FUGA,EN PROCESO DE INVESTIGACIÓN,,CARRETERA,NACIONAL,LIMA,HUARAL,CHANCAY,-11.5766921,-77.2624778,PE-1N,80.4673036385018
2024-12-06,2024,12,4,0,1,0,DESPISTE,EN PROCESO DE INVESTIGACIÓN,ASFALTADA,CARRETERA,NACIONAL,LA LIBERTAD,ASCOPE,PAIJAN,-7.721090767434792,-79.30876836899603,PE-1N,626.468308157532
2024-12-06,2024,12,4,0,1,0,ATROPELLO,EN PROCESO DE INVESTIGACIÓN,ASFALTADA,CARRETERA,NACIONAL,LA LIBERTAD,VIRU,CHAO,-8.56395034512075,-78.6738830759724,PE-1N,494.9713705542294
2024-12-07,2024,12,5,0,1,28,DESPISTE,EN PROCESO DE INVESTIGACIÓN,ASFALTADA,CARRETERA,NACIONAL,AREQUIPA,AREQUIPA,VITOR,-16.4272,-72.01706,PE-1S,935.1258367928596
2024-12-07,2024,12,5,0,1,1,DESPISTE,EN PROCESO DE INVESTIGACIÓN,ASFALTADA,CARRETERA,NACIONAL,LIMA,LIMA,LURIGANCHO,-11.945755066531916,-76.71007762607162,PE-22,33.64091585731623
2024-12-07,2024,12,5,0,2,13,CHOQUE,EN PROCESO DE INVESTIGACIÓN,,CARRETERA,NACIONAL,MOQUEGUA,ILO,ILO,-17.7653195,-71.1926493,PE-1SD,266.1412782684958
2024-12-07,2024,12,5,0,1,0,CHOQUE,EN PROCESO DE INVESTIGACIÓN,ASFALTADA,CARRETERA,NACIONAL,LA LIBERTAD,PACASMAYO,GUADALUPE,-7.304353956270891,-79.46374628680131,PE-08,1.7758084377166197
2024-12-07,2024,12,5,0,1,0,ATROPELLO,EN PROCESO DE INVESTIGACIÓN,ASFALTADA,CARRETERA,NACIONAL,LIMA,LIMA,ANCON,-11.768235708143576,-77.16107079620207,PE-1NA,2.107895498803603
2024-12-07,2024,12,5,0,1,0,ATROPELLO FUGA,IMPRUDENCIA DEL PEATÓN,,CARRETERA,NACIONAL,PUNO,CHUCUITO,JULI,-16.19617,-69.523736,PE-3S,1435.1006202456572
2024-12-08,2024,12,6,0,1,1,CHOQUE,EN PROCESO DE INVESTIGACIÓN,ASFALTADA,CARRETERA,NACIONAL,LIMA,HUARAL,CHANCAY,-11.5645605,-77.2652412,PE-1N,81.84111335704111
2024-12-08,2024,12,6,0,1,0,CHOQUE CON OBJETO FIJO,EN PROCESO DE INVESTIGACIÓN,ASFALTADA,CARRETERA,NACIONAL,LIMA,LIMA,SANTIAGO DE SURCO,-12.080560232466665,-76.97758366172309,PE-1S,2.6072860551197428
2024-12-08,2024,12,6,0,1,0,CHOQUE,EN PROCESO DE INVESTIGACIÓN,,CARRETERA,NACIONAL,ICA,CHINCHA,CHINCHA BAJA,-13.51293184,-76.14193829,PE-1S,202.39074506900585
2024-12-08,2024,12,6,0,1,0,CHOQUE,EN PROCESO DE INVESTIGACIÓN,,CARRETERA,NACIONAL,ICA,CHINCHA,ALTO LARAN,-13.44978188,-76.13609755,PE-1S,195.3827678259478
2024-12-09,2024,12,0,0,1,0,CHOQUE,EN PROCESO DE INVESTIGACIÓN,ASFALTADA,CARRETERA,NACIONAL,LIMA,LIMA,CHORRILLOS,-12.20626581299505,-76.97498784346062,PE-1S,17.083474401430927
2024-12-09,2024,12,0,0,1,0,ATROPELLO,EN PROCESO DE INVESTIGACIÓN,ASFALTADA,CARRETERA,NACIONAL,LIMA,LIMA,PUNTA HERMOSA,-12.331775684162482,-76.82095575612404,PE-1S,39.94537220105142
2024-12-10,2024,12,1,0,1,0,CHOQUE,EN PROCESO DE INVESTIGACIÓN,ASFALTADA,CARRETERA,NACIONAL,AREQUIPA,AREQUIPA,LA JOYA,-16.499251,-71.832093,PE-1S,959.7973823610912
2024-12-10,2024,12,1,0,1,2,DESPISTE,EN PROCESO DE INVESTIGACIÓN,ASFALTADA,CARRETERA,NACIONAL,AREQUIPA,ISLAY,PUNTA DE BOMBON,-17.246461,-71.545433,PE-1SD,175.48334798551215
2024-12-11,2024,12,2,0,1,0,CHOQUE,EN PROCESO DE INVESTIGACIÓN,ASFALTADA,CARRETERA,NACIONAL,LA LIBERTAD,PACASMAYO,GUADALUPE,-7.3051043402,-79.4487724323,PE-08,3.436110759887297
2024-12-11,2024,12,2,0,1,0,CHOQUE,IMPRUDENCIA DEL CONDUCTOR,ASFALTADA,CARRETERA,NACIONAL,AYACUCHO,LUCANAS,LUCANAS,-14.646467,-74.310035,PE-30A,101.41497088977547
2024-12-12,2024,12,3,0,1,0,CHOQUE,EN PROCESO DE INVESTIGACIÓN,,CARRETERA,NACIONAL,LA LIBERTAD,VIRU,CHAO,-8.541219465385137,-78.6757678961301,PE-1N,497.4715684697238
2024-12-14,2024,12,5,0,1,0,DESPISTE,EN PROCESO DE INVESTIGACIÓN,ASFALTADA,CARRETERA,NACIONAL,LIMA,LIMA,EL AGUSTINO,-12.03285756513733,-77.00682081487176,PE-1N,5.471862234776965
2024-12-14,2024,12,5,0,1,0,CHOQUE,EN PROCESO DE INVESTIGACIÓN,ASFALTADA,CARRETERA,NACIONAL,LIMA,LIMA,VILLA EL SALVADOR,-12.24251203982104,-76.94402208978147,PE-1S,23.035131066591035
2024-12-15,2024,12,6,0,1,1,CHOQUE,EN PROCESO DE INVESTIGACIÓN,ASFALTADA,CARRETERA,NACIONAL,LIMA,LIMA,PUENTE PIEDRA,-11.841324330668538,-77.10368626847814,PE-1N,34.64531440804193
2024-12-15,2024,12,6,0,1,3,CHOQUE,EN PROCESO DE INVESTIGACIÓN,ASFALTADA,CARRETERA,NACIONAL,AREQUIPA,AREQUIPA,SAN JUAN DE TARUCANI,-16.04552,-71.32347,PE-34A,124.25084840042564
2024-12-16,2024,12,0,0,1,0,ATROPELLO,EN PROCESO DE INVESTIGACIÓN,ASFALTADA,CARRETERA,NACIONAL,AREQUIPA,AREQUIPA,CERRO COLORADO,-16.345909,-71.581558,PE-34A,42.97222606675271
2024-12-17,2024,12,1,0,1,0,ATROPELLO,IMPRUDENCIA DEL PEATÓN,ASFALTADA,CARRETERA,NACIONAL,CUSCO,CANCHIS,SICUANI,-14.226097,-71.282502,PE-3S,1105.1764103890328
2024-12-18,2024,12,2,0,1,1,DESPISTE,IMPRUDENCIA DEL CONDUCTOR,ASFALTADA,CARRETERA,NACIONAL,CAJAMARCA,JAEN,JAEN,-5.65372610575924,-78.7496782131366,PE-5N,1397.776998299032
2024-12-18,2024,12,2,0,1,0,ATROPELLO FUGA,EN PROCESO DE INVESTIGACIÓN,ASFALTADA,CARRETERA,NACIONAL,LIMA,LIMA,SAN JUAN DE MIRAFLORES,-12.186998694225922,-76.97398166117583,PE-1S,14.913482470098469
2024-12-19,2024,12,3,0,1,0,CHOQUE,EN PROCESO DE INVESTIGACIÓN,ASFALTADA,CARRETERA,NACIONAL,LIMA,LIMA,SANTIAGO DE SURCO,-12.117799081580804,-76.97732486059529,PE-1S,6.985857398384384
2024-12-19,2024,12,3,0,1,0,VOLCADURA,IMPRUDENCIA DEL CONDUCTOR,ASFALTADA,CARRETERA,NACIONAL,CUSCO,QUISPICANCHI,QUIQUIJANA,-13.850571,-71.532271,PE-3S,1048.682026402317
2024-12-20,2024,12,4,0,1,2,CHOQUE,EN PROCESO DE INVESTIGACIÓN,ASFALTADA,CARRETERA,NACIONAL,LA LIBERTAD,VIRU,VIRU,-8.46850797005461,-78.7146593209329,PE-1N,506.8983877737379
2024-12-21,2024,12,5,0,1,4,CHOQUE,IMPRUDENCIA DEL CONDUCTOR,ASFALTADA,CARRETERA,NACIONAL,TUMBES,ZARUMILLA,PAPAYAL,-3.5229614186624945,-80.34891844236797,PE-1N,1291.4895427457968
2024-12-22,2024,12,6,0,1,2,CHOQUE,IMPRUDENCIA DEL CONDUCTOR,ASFALTADA,CARRETERA,NACIONAL,CUSCO,URUBAMBA,YUCAY,-13.312853,-72.099988,PE-28B,624.0126935855211
2024-12-22,2024,12,6,0,1,0,DESPISTE,EN PROCESO DE INVESTIGACIÓN,ASFALTADA,CARRETERA,NACIONAL,LA LIBERTAD,SANCHEZ CARRION,HUAMACHUCO,-7.802626987450706,-77.9850340908513,PE-3N,1111.0991842155347
2024-12-22,2024,12,6,0,2,0,CHOQUE,EN PROCESO DE INVESTIGACIÓN,ASFALTADA,CARRETERA,NACIONAL,LA LIBERTAD,PACASMAYO,GUADALUPE,-7.308045,-79.480443,PE-1N,692.4138373348939
2024-12-23,2024,12,0,0,1,0,ATROPELLO FUGA,IMPRUDENCIA DEL PEATÓN,ASFALTADA,CARRETERA,NACIONAL,CUSCO,ANTA,ANCAHUASI,-13.461584,-72.289303,PE-3S,928.0545248705278
2024-12-23,2024,12,0,0,1,0,DESPISTE,EN PROCESO DE INVESTIGACIÓN,ASFALTADA,CARRETERA,NACIONAL,LA LIBERTAD,PACASMAYO,SAN JOSE,-7.332367,-79.483705,PE-1N,689.4716987266003
2024-12-23,2024,12,0,0,2,15,VOLCADURA,IMPRUDENCIA DEL CONDUCTOR,ASFALTADA,CARRETERA,NACIONAL,CUSCO,QUISPICANCHI,QUIQUIJANA,-13.787663,-71.563233,PE-3S,1038.7342963097456
2024-12-23,2024,12,0,0,1,0,CHOQUE,EN PROCESO DE INVESTIGACIÓN,ASFALTADA,CARRETERA,NACIONAL,LA LIBERTAD,TRUJILLO,HUANCHACO,-8.08539375313775,-79.0959040049627,PE-1N,574.5833236079749
2024-12-23,2024,12,0,0,1,0,ATROPELLO FUGA,IMPRUDENCIA DEL PEATÓN,ASFALTADA,CARRETERA,NACIONAL,SAN MARTIN,RIOJA,NUEVA CAJAMARCA,-5.951484,-77.302217,PE-5N,1100.2022866263012
2024-12-23,2024,12,0,0,1,0,ATROPELLO FUGA,EN PROCESO DE INVESTIGACIÓN,ASFALTADA,CARRETERA,NACIONAL,SAN MARTIN,RIOJA,RIOJA,-6.048527,-77.175421,PE-5N,1081.9024743594362
2024-12-25,2024,12,2,0,1,12,DESPISTE,EN PROCESO DE INVESTIGACIÓN,ASFALTADA,CARRETERA,NACIONAL,LIMA,LIMA,PUENTE PIEDRA,-11.86558905779438,-77.07380925963687,PE-1N,30.33381639122701
2024-12-25,2024,12,2,0,1,0,ATROPELLO,IMPRUDENCIA DEL PEATÓN,,CARRETERA,NACIONAL,PUNO,EL COLLAO,ILAVE,-16.08563835430964,-69.64535948596881,PE-3S,1416.5778730191807
2024-12-25,2024,12,2,0,1,0,DESPISTE,EN PROCESO DE INVESTIGACIÓN,TROCHA,CARRETERA,NACIONAL,LA LIBERTAD,PATAZ,PARCOY,-8.01035946766168,-77.48207677839993,PE-10C,157.58753332064478
2024-12-26,2024,12,3,0,1,0,ATROPELLO FUGA,EN PROCESO DE INVESTIGACIÓN,ASFALTADA,CARRETERA,NACIONAL,LIMA,LIMA,SAN JUAN DE MIRAFLORES,-12.173411901691509,-76.97832109687727,PE-1S,13.337438019627362
2024-12-26,2024,12,3,0,1,0,ATROPELLO,EN PROCESO DE INVESTIGACIÓN,ASFALTADA,CARRETERA,NACIONAL,LIMA,LIMA,ANCON,-11.78842133713827,-77.15100409865374,PE-1N,42.39211949963034
2024-12-26,2024,12,3,0,1,0,DESPISTE,EN PROCESO DE INVESTIGACIÓN,ASFALTADA,CARRETERA,NACIONAL,LA LIBERTAD,VIRU,GUADALUPITO,-8.74293644558032,-78.6345236385906,PE-1N,472.0036947028602
2024-12-27,2024,12,4,0,2,0,DESPISTE,IMPRUDENCIA DEL CONDUCTOR,ASFALTADA,CARRETERA,NACIONAL,APURIMAC,ANDAHUAYLAS,KISHUARA,-13.668528,-73.193024,PE-3S,666.6597329844503
2024-12-27,2024,12,4,0,1,0,DESPISTE,EN PROCESO DE INVESTIGACIÓN,ASFALTADA,CARRETERA,NACIONAL,LA LIBERTAD,PACASMAYO,PACASMAYO,-7.38304928583037,-79.5449761412756,PE-1N,680.3925377740154
2024-12-27,2024,12,4,0,1,0,ATROPELLO,IMPRUDENCIA DEL PEATÓN,CONCRETO,CARRETERA,NACIONAL,CUSCO,CUSCO,SANTIAGO,-13.527004,-71.984263,PE-3S,969.95452201858
2024-12-27,2024,12,4,0,1,1,CHOQUE,IMPRUDENCIA DEL CONDUCTOR,ASFALTADA,CARRETERA,NACIONAL,APURIMAC,CHINCHEROS,RANRACANCHA,-13.56121360320415,-73.63313123874583,PE-3S,570.625671504248
2024-12-28,2024,12,5,0,1,0,CHOQUE,IMPRUDENCIA DEL CONDUCTOR,ASFALTADA,CARRETERA,NACIONAL,CAJAMARCA,CAJAMARCA,LLACANORA,-7.202115,-78.376795,PE-3N,1255.4976202631567
2024-12-28,2024,12,5,0,1,0,CHOQUE,EN PROCESO DE INVESTIGACIÓN,ASFALTADA,CARRETERA,NACIONAL,LA LIBERTAD,TRUJILLO,LAREDO,-8.053290726,-78.8521240294,PE-10A,22.553249016814384
2024-12-29,2024,12,6,0,1,0,DESPISTE,EN PROCESO DE INVESTIGACIÓN,ASFALTADA,CARRETERA,NACIONAL,LIMA,LIMA,EL AGUSTINO,-12.03302616226266,-77.0073929749146,PE-1N,5.536832400021082
2024-12-29,2024,12,6,0,1,0,ATROPELLO,EN PROCESO DE INVESTIGACIÓN,ASFALTADA,CARRETERA,NACIONAL,LIMA,LIMA,ANCON,-11.75068424093838,-77.14646781175321,PE-1N,47.38837256646327
2024-12-29,2024,12,6,0,1,0,CHOQUE,EN PROCESO DE INVESTIGACIÓN,ASFALTADA,CARRETERA,NACIONAL,LA LIBERTAD,TRUJILLO,SIMBAL,-8.00123659446682,-78.7850304464361,PE-10A,33.54817087726828
2024-12-30,2024,12,0,0,1,0,ATROPELLO,EN PROCESO DE INVESTIGACIÓN,,CARRETERA,NACIONAL,ICA,CHINCHA,CHINCHA BAJA,-13.458554,-76.136397,PE-1S,196.3518016040915
2024-12-30,2024,12,0,0,1,0,CHOQUE,EN PROCESO DE INVESTIGACIÓN,ASFALTADA,CARRETERA,NACIONAL,AREQUIPA,AREQUIPA,UCHUMAYO,-16.42796,-71.6918,PE-34A,21.827176255379317
2024-12-30,2024,12,0,0,1,1,DESPISTE,EN PROCESO DE INVESTIGACIÓN,AFIRMADO,CARRETERA,NACIONAL,HUANCAVELICA,CASTROVIRREYNA,CAPILLAS,-13.2866829046428,-75.53275948163703,PE-26A,33.07103798801959
2024-12-31,2024,12,1,0,1,0,CHOQUE,EN PROCESO DE INVESTIGACIÓN,ASFALTADA,CARRETERA,NACIONAL,LA LIBERTAD,CHEPEN,PACANGA,-7.12417177738708,-79.4818287937992,PE-1N,719.9921927336898
2024-12-31,2024,12,1,0,1,0,ATROPELLO,EN PROCESO DE INVESTIGACIÓN,ASFALTADA,CARRETERA,NACIONAL,AREQUIPA,ISLAY,PUNTA DE BOMBON,-17.14855,-71.79622,PE-1SD,144.5059378146314
2024-12-31,2024,12,1,0,1,0,DESPISTE,IMPRUDENCIA DEL CONDUCTOR,AFIRMADO,CARRETERA,NACIONAL,AYACUCHO,HUAMANGA,AYACUCHO,-13.159,-74.239,PE-28A,329.1819760715006
2024-12-31,2024,12,1,0,1,0,ATROPELLO,EN PROCESO DE INVESTIGACIÓN,ASFALTADA,CARRETERA,NACIONAL,LIMA,LIMA,SANTIAGO DE SURCO,-12.100345,-76.979546,PE-1S,5.040080573738608
2025-01-01,2025,1,2,0,1,0,DESPISTE,EN PROCESO DE INVESTIGACIÓN,,CARRETERA,NACIONAL,PIURA,MORROPON,BUENOS AIRES,-5.238684,-79.992916,PE-02A,15.210345389941956
2025-01-01,2025,1,2,0,1,0,CHOQUE,EN PROCESO DE INVESTIGACIÓN,ASFALTADA,CARRETERA,NACIONAL,LA LIBERTAD,ASCOPE,CHOCOPE,-7.802651368518858,-79.19688102066583,PE-1N,610.5295575193234
2025-01-02,2025,1,3,0,1,0,ATROPELLO,EN PROCESO DE INVESTIGACIÓN,ASFALTADA,CARRETERA,NACIONAL,CAJAMARCA,CONTUMAZA,YONAN,-7.24186943880627,-79.0593128240189,PE-08,58.78502969719474
2025-01-03,2025,1,4,0,1,1,CHOQUE,EN PROCESO DE INVESTIGACIÓN,ASFALTADA,CARRETERA,NACIONAL,LIMA,HUARAL,CHANCAY,-11.4491108,-77.3405447,PE-1N,98.0856592246318
2025-01-04,2025,1,5,0,3,0,CHOQUE,IMPRUDENCIA DEL CONDUCTOR,AFIRMADO,CARRETERA,NACIONAL,CUSCO,ESPINAR,ALTO PICHIGUA,-14.7289382,-71.31884003,PE-34F,11.419636637250823
2025-01-04,2025,1,5,0,2,1,CHOQUE,IMPRUDENCIA DEL CONDUCTOR,ASFALTADA,CARRETERA,NACIONAL,CUSCO,QUISPICANCHI,OROPESA,-13.598449003776391,-71.77179828819027,PE-3S,996.7666271414022
2025-01-04,2025,1,5,0,1,5,CHOQUE CON OBJETO FIJO,IMPRUDENCIA DEL CONDUCTOR,ASFALTADA,CARRETERA,NACIONAL,CUSCO,CUSCO,WANCHAQ,-13.534673,-71.9392,PE-3S,976.6415916367972
2025-01-05,2025,1,6,0,1,0,DESPISTE,IMPRUDENCIA DEL CONDUCTOR,ASFALTADA,CARRETERA,NACIONAL,CUSCO,CANAS,LANGUI,-14.3715556,-71.32525,PE-34G,24.650963435663755
2025-01-05,2025,1,6,0,1,0,DESPISTE,IMPRUDENCIA DEL CONDUCTOR,AFIRMADO,CARRETERA,NACIONAL,CUSCO,CANAS,LANGUI,-14.3715556,-71.32525,PE-34G,24.650963435663755
2025-01-05,2025,1,6,0,1,0,VOLCADURA,IMPRUDENCIA DEL CONDUCTOR,ASFALTADA,CARRETERA,NACIONAL,SAN MARTIN,MOYOBAMBA,CALZADA,-6.039502,-77.06126,PE-5N,1068.0562730884992
2025-01-06,2025,1,0,0,2,0,DESPISTE,INFRAESTRUCTURA Y ENTORNO VIAL,AFIRMADO,CARRETERA,NACIONAL,HUANUCO,MARAÑON,HUACRACHUCO,-8.5407504792,-77.211523416,PE-12A,156.40973562663763
2025-01-06,2025,1,0,0,1,0,ATROPELLO FUGA,IMPRUDENCIA DEL CONDUCTOR,ASFALTADA,CARRETERA,NACIONAL,CUSCO,CUSCO,SANTIAGO,-13.5276956191727,-71.9898821413213,PE-3S,968.9793594061862
2025-01-06,2025,1,0,0,1,0,CHOQUE,IMPRUDENCIA DEL CONDUCTOR,ASFALTADA,CARRETERA,NACIONAL,CUSCO,ANTA,ANTA,-13.4684825769354,-72.137045716238,PE-3S,947.5797026103912
2025-01-06,2025,1,0,0,1,0,ATROPELLO,EN PROCESO DE INVESTIGACIÓN,ASFALTADA,CARRETERA,NACIONAL,AREQUIPA,CAYLLOMA,MAJES,-16.40553,-72.22581,PE-1S,903.9404925826768
2025-01-07,2025,1,1,0,1,0,CHOQUE,IMPRUDENCIA DEL CONDUCTOR,ASFALTADA,CARRETERA,NACIONAL,CUSCO,ANTA,MOLLEPATA,-13.5380595449706,-72.520106187488,PE-3S,880.2599968866839
2025-01-07,2025,1,1,0,1,0,CHOQUE,EN PROCESO DE INVESTIGACIÓN,ASFALTADA,CARRETERA,NACIONAL,PIURA,SECHURA,SECHURA,-5.550354,-80.818554,PE-1NK,46.84429727714127
2025-01-07,2025,1,1,0,1,0,ATROPELLO FUGA,IMPRUDENCIA DEL CONDUCTOR,ASFALTADA,CARRETERA,NACIONAL,CUSCO,CANCHIS,SAN PABLO,-14.19784,-71.320042,PE-3S,1100.0064134780057
2025-01-07,2025,1,1,0,1,0,ATROPELLO FUGA,EN PROCESO DE INVESTIGACIÓN,ASFALTADA,CARRETERA,NACIONAL,CAJAMARCA,CHOTA,LAJAS,-6.543665,-78.705535,PE-3N,1432.6128438176934
2025-01-07,2025,1,1,0,1,0,VOLCADURA,EN PROCESO DE INVESTIGACIÓN,ASFALTADA,CARRETERA,NACIONAL,AREQUIPA,AREQUIPA,LA JOYA,-16.693724,-71.870564,PE-1S,988.1891188374524
2025-01-08,2025,1,2,0,1,0,ATROPELLO,IMPRUDENCIA DEL PEATÓN,ASFALTADA,CARRETERA,NACIONAL,TUMBES,ZARUMILLA,PAPAYAL,-3.514474845190771,-80.31997737947555,PE-1N ,
2025-01-08,2025,1,2,0,2,0,ATROPELLO,EN PROCESO DE INVESTIGACIÓN,ASFALTADA,CARRETERA,NACIONAL,LIMA,HUARAL,AUCALLAMA,-11.6083912,-77.2175561,PE-1N,73.3520176531802
2025-01-08,2025,1,2,0,1,0,DESPISTE,IMPRUDENCIA DEL CONDUCTOR,ASFALTADA,CARRETERA,NACIONAL,CAJAMARCA,CAJABAMBA,CONDEBAMBA,-7.524396,-78.147494,PE-3N,1178.4638050111491
2025-01-09,2025,1,3,0,2,4,DESPISTE,EN PROCESO DE INVESTIGACIÓN,ASFALTADA,CARRETERA,NACIONAL,HUANCAVELICA,TAYACAJA,ACOSTAMBO,-12.39773241738,-75.0504625881299,PE-3S,176.7719929232523
2025-01-11,2025,1,5,0,1,0,CHOQUE,EN PROCESO DE INVESTIGACIÓN,ASFALTADA,CARRETERA,NACIONAL,LA LIBERTAD,PACASMAYO,SAN PEDRO DE LLOC,-7.419061555000607,-79.5350589325773,PE-1N,673.9786177053002
2025-01-11,2025,1,5,0,1,14,CHOQUE,IMPRUDENCIA DEL CONDUCTOR,ASFALTADA,CARRETERA,NACIONAL,AYACUCHO,HUAMANGA,CHIARA,-13.3445747,-74.1211239,PE-3S,437.18851055654
2025-01-11,2025,1,5,0,1,1,DESPISTE,IMPRUDENCIA DEL CONDUCTOR,ASFALTADA,CARRETERA,NACIONAL,CAJAMARCA,CAJABAMBA,CONDEBAMBA,-7.521706,-78.146309,PE-3N,1178.7873546967735
2025-01-11,2025,1,5,0,1,0,ATROPELLO,EN PROCESO DE INVESTIGACIÓN,ASFALTADA,CARRETERA,NACIONAL,AREQUIPA,AREQUIPA,CERRO COLORADO,-16.37993,-71.57551,PE-34A,39.066811900524606
2025-01-12,2025,1,6,0,1,1,ATROPELLO,EN PROCESO DE INVESTIGACIÓN,ASFALTADA,CARRETERA,NACIONAL,LIMA,LIMA,VILLA EL SALVADOR,-12.23728,-76.954092,PE-1S,21.7949446873472
2025-01-12,2025,1,6,0,1,1,CHOQUE,IMPRUDENCIA DEL CONDUCTOR,ASFALTADA,CARRETERA,NACIONAL,CAJAMARCA,JAEN,JAEN,-5.68531,-78.78899,PE-5N,1392.1267836319023
2025-01-12,2025,1,6,0,1,2,DESPISTE,IMPRUDENCIA DEL CONDUCTOR,,CARRETERA,NACIONAL,PUNO,PUNO,PUNO,-15.853979951076548,-69.97491172726299,PE-3S,1370.5831945538137
2025-01-13,2025,1,0,0,1,0,ATROPELLO,EN PROCESO DE INVESTIGACIÓN,ASFALTADA,CARRETERA,NACIONAL,LIMA,LIMA,SANTIAGO DE SURCO,-12.126797,-76.97689,PE-1S,7.982808879808791
2025-01-13,2025,1,0,0,1,2,CHOQUE,EN PROCESO DE INVESTIGACIÓN,ASFALTADA,CARRETERA,NACIONAL,LA LIBERTAD,PACASMAYO,GUADALUPE,-7.2490802571555,-79.47103997616402,PE-1N,701.4343591051888
2025-01-14,2025,1,1,0,1,0,CHOQUE,EN PROCESO DE INVESTIGACIÓN,ASFALTADA,CARRETERA,NACIONAL,LIMA,HUARAL,CHANCAY,-11.4938108,-77.3036347,PE-1N,90.93505824908286
2025-01-15,2025,1,2,0,1,1,CHOQUE,IMPRUDENCIA DEL CONDUCTOR,ASFALTADA,CARRETERA,NACIONAL,PUNO,CHUCUITO,ZEPITA,-16.5459194416496,-69.0525388298758,PE-3S,1509.2597687463092
2025-01-16,2025,1,3,0,1,0,CHOQUE FUGA,EN PROCESO DE INVESTIGACIÓN,ASFALTADA,CARRETERA,NACIONAL,LIMA,LIMA,LOS OLIVOS,-11.969666,-77.067331,PE-1N,18.42436241779888
2025-01-17,2025,1,4,0,1,0,DESPISTE,EN PROCESO DE INVESTIGACIÓN,ASFALTADA,CARRETERA,NACIONAL,LIMA,LIMA,LOS OLIVOS,-11.96398086735704,-77.08330337415632,PE-20F,4.443793986440629
2025-01-18,2025,1,5,0,1,0,DESPISTE,EN PROCESO DE INVESTIGACIÓN,ASFALTADA,CARRETERA,NACIONAL,ANCASH,YUNGAY,YUNGAY,-9.14345660308415,-77.74519078038597,PE-3N,635.272610456082
2025-01-18,2025,1,5,0,1,0,CHOQUE,EN PROCESO DE INVESTIGACIÓN,ASFALTADA,CARRETERA,NACIONAL,AREQUIPA,AREQUIPA,CERRO COLORADO,-16.364409,-71.577629,PE-34A,40.86723093039617
2025-01-19,2025,1,6,0,1,0,ATROPELLO FUGA,IMPRUDENCIA DEL PEATÓN,ASFALTADA,CARRETERA,NACIONAL,TUMBES,TUMBES,LA CRUZ,-3.6202489199569214,-80.55501836594281,PE-1N,1264.8900428110978
2025-01-20,2025,1,0,0,1,0,VOLCADURA,EN PROCESO DE INVESTIGACIÓN,ASFALTADA,CARRETERA,NACIONAL,SAN MARTIN,RIOJA,RIOJA,-6.049593,-77.149162,PE-5N,1078.6929020038078
2025-01-20,2025,1,0,0,1,1,DESPISTE,EN PROCESO DE INVESTIGACIÓN,ASFALTADA,CARRETERA,NACIONAL,PIURA,PIURA,VEINTISEIS DE OCTUBRE,-5.142745,-80.698673,PE-1N,1003.577384603882
2025-01-21,2025,1,1,0,1,1,CHOQUE,IMPRUDENCIA DEL CONDUCTOR,ASFALTADA,CARRETERA,NACIONAL,CUSCO,URUBAMBA,OLLANTAYTAMBO,-13.25104,-72.27744,PE-28B,601.0968140279381
2025-01-21,2025,1,1,0,1,2,DESPISTE,EN PROCESO DE INVESTIGACIÓN,TROCHA,CARRETERA,NACIONAL,HUANCAVELICA,CHURCAMPA,COSME,-12.6084182912401,-74.6596761351672,PE-3S,258.3569454567031
2025-01-21,2025,1,1,0,1,0,ATROPELLO FUGA,IMPRUDENCIA DEL CONDUCTOR,ASFALTADA,CARRETERA,NACIONAL,CUSCO,ANTA,ZURITE,-13.4863,-72.2498,PE-3S,933.3539134792824
2025-01-21,2025,1,1,0,1,0,ATROPELLO FUGA,IMPRUDENCIA DEL CONDUCTOR,ASFALTADA,CARRETERA,NACIONAL,CUSCO,ANTA,ANTA,-13.498594,-72.186416,PE-3S,940.473374378049
2025-01-22,2025,1,2,0,1,0,CHOQUE,EN PROCESO DE INVESTIGACIÓN,ASFALTADA,CARRETERA,NACIONAL,AREQUIPA,AREQUIPA,YURA,-16.06732,-71.56131,PE-34A,93.90273283971976
2025-01-24,2025,1,4,0,1,0,DESPISTE,EN PROCESO DE INVESTIGACIÓN,ASFALTADA,CARRETERA,NACIONAL,SAN MARTIN,RIOJA,PARDO MIGUEL,-5.767011,-77.447328,PE-5N,1126.8050296030472
2025-01-24,2025,1,4,0,1,1,ATROPELLO FUGA,EN PROCESO DE INVESTIGACIÓN,ASFALTADA,CARRETERA,NACIONAL,LIMA,HUARAL,HUARAL,-11.5180094,-77.2053468,PE-20C,9.534548948841069
2025-01-25,2025,1,5,0,1,1,VOLCADURA,IMPRUDENCIA DEL CONDUCTOR,ASFALTADA,CARRETERA,NACIONAL,TUMBES,TUMBES,CORRALES,-3.6041394538629112,-80.49857509842347,PE-1N,1271.8553990074874
2025-01-25,2025,1,5,0,1,0,ATROPELLO FUGA,EN PROCESO DE INVESTIGACIÓN,,CARRETERA,NACIONAL,PUNO,PUNO,CHUCUITO,-15.919678,-69.881995,PE-3S,1385.1188042721913
2025-01-26,2025,1,6,0,1,0,CHOQUE,IMPRUDENCIA DEL CONDUCTOR,ASFALTADA,CARRETERA,NACIONAL,CUSCO,QUISPICANCHI,CAMANTI,-13.242795,-70.773526,PE-30C,187.1369014106012
2025-01-26,2025,1,6,0,1,3,CHOQUE,EN PROCESO DE INVESTIGACIÓN,ASFALTADA,CARRETERA,NACIONAL,PIURA,PIURA,CASTILLA,-5.17802305023736,-80.5642240254017,PE-1NJ,198.5627515608796
2025-01-28,2025,1,1,0,1,0,ATROPELLO FUGA,EN PROCESO DE INVESTIGACIÓN,ASFALTADA,CARRETERA,NACIONAL,PIURA,MORROPON,LA MATANZA,-5.229517,-80.0463496,PE-02A,7.6110802332864225
2025-01-29,2025,1,2,0,1,0,ATROPELLO,EN PROCESO DE INVESTIGACIÓN,ASFALTADA,CARRETERA,NACIONAL,AREQUIPA,AREQUIPA,YANAHUARA,-16.2958435782469,-71.6284940971826,PE-34A,50.87579256149834
2025-01-30,2025,1,3,0,1,0,ATROPELLO FUGA,EN PROCESO DE INVESTIGACIÓN,ASFALTADA,CARRETERA,NACIONAL,ICA,CHINCHA,GROCIO PRADO,-13.379285,-76.206371,PE-1S,181.75275841672564
2025-02-01,2025,2,5,0,1,0,DESPISTE,EN PROCESO DE INVESTIGACIÓN,,CARRETERA,NACIONAL,LA LIBERTAD,TRUJILLO,HUANCHACO,-8.1056625421,-79.0980933545,PE-1N,572.2216587535872
2025-02-01,2025,2,5,0,1,2,DESPISTE,IMPRUDENCIA DEL CONDUCTOR,AFIRMADO,CARRETERA,NACIONAL,CAJAMARCA,CUTERVO,CUTERVO,-6.352866,-78.749786,PE-3ND,16.283071375911774
2025-02-01,2025,2,5,0,1,0,CHOQUE,IMPRUDENCIA DEL CONDUCTOR,ASFALTADA,CARRETERA,NACIONAL,CUSCO,LA CONVENCION,SANTA ANA,-12.86257,-72.69468,PE-28B,462.4957276948933
2025-02-01,2025,2,5,0,1,0,DESPISTE,EN PROCESO DE INVESTIGACIÓN,,CARRETERA,NACIONAL,PUNO,CHUCUITO,HUACULLANI,-16.67321498837956,-69.49600333852527,PE-36A,242.84676559191635
2025-02-02,2025,2,6,0,1,0,DESPISTE,IMPRUDENCIA DEL CONDUCTOR,ASFALTADA,CARRETERA,NACIONAL,CAJAMARCA,SAN IGNACIO,CHIRINOS,-5.3319,-78.79707,PE-5N,1445.046796802978
2025-02-02,2025,2,6,0,1,0,DESPISTE,EN PROCESO DE INVESTIGACIÓN,ASFALTADA,CARRETERA,NACIONAL,LIMA,HUARAL,HUARAL,-11.5180918,-77.2407409,PE-1NB,5.269866498936823
2025-02-02,2025,2,6,0,1,0,CHOQUE,IMPRUDENCIA DEL CONDUCTOR,ASFALTADA,CARRETERA,NACIONAL,CUSCO,LA CONVENCION,ECHARATE,-12.64993,-72.545248,PE-28B,416.33109706410727
2025-02-02,2025,2,6,0,1,0,CHOQUE FUGA,EN PROCESO DE INVESTIGACIÓN,ASFALTADA,CARRETERA,NACIONAL,PIURA,SECHURA,VICE,-5.43769,-80.810483,PE-1NK,33.93502619727977
2025-02-02,2025,2,6,0,1,1,CHOQUE,IMPRUDENCIA DEL CONDUCTOR,ASFALTADA,CARRETERA,NACIONAL,TUMBES,TUMBES,CORRALES,-3.580603809089447,-80.46970867918775,PE-1N,1276.0611135108302
2025-02-02,2025,2,6,0,1,0,ATROPELLO,EN PROCESO DE INVESTIGACIÓN,ASFALTADA,CARRETERA,NACIONAL,AREQUIPA,AREQUIPA,LA JOYA,-16.491962,-71.854073,PE-1S,957.2630234524726
2025-02-03,2025,2,0,0,2,1,CHOQUE,IMPRUDENCIA DEL CONDUCTOR,ASFALTADA,CARRETERA,NACIONAL,CAJAMARCA,CAJAMARCA,LOS BAÑOS DEL INCA,-7.14765895119478,-78.4106155786715,PE-08B,15.172368302973252
2025-02-04,2025,2,1,0,1,1,DESPISTE,EN PROCESO DE INVESTIGACIÓN,ASFALTADA,CARRETERA,NACIONAL,HUANCAVELICA,TAYACAJA,ACOSTAMBO,-12.3996210445682,-75.0485358727413,PE-3S,177.10120143752513
2025-02-04,2025,2,1,0,2,1,CHOQUE,EN PROCESO DE INVESTIGACIÓN,ASFALTADA,CARRETERA,NACIONAL,AREQUIPA,AREQUIPA,YURA,-16.109627,-71.629489,PE-34A,81.85561800445906
2025-02-04,2025,2,1,0,1,0,ATROPELLO,EN PROCESO DE INVESTIGACIÓN,ASFALTADA,CARRETERA,NACIONAL,LIMA,LIMA,SAN JUAN DE MIRAFLORES,-12.191107,-76.972735,PE-1S,15.386653949984792
2025-02-05,2025,2,2,0,1,0,DESPISTE,EN PROCESO DE INVESTIGACIÓN,ASFALTADA,CARRETERA,NACIONAL,LIMA,LIMA,CHACLACAYO,-11.993569,-76.82844,PE-22,18.555312742028782
2025-02-05,2025,2,2,0,1,0,CHOQUE FUGA,EN PROCESO DE INVESTIGACIÓN,ASFALTADA,CARRETERA,NACIONAL,LA LIBERTAD,CHEPEN,CHEPEN,-7.2224201402,-79.4384094891,PE-1N,706.166439829299
2025-02-06,2025,2,3,0,1,2,CHOQUE,EN PROCESO DE INVESTIGACIÓN,ASFALTADA,CARRETERA,NACIONAL,ICA,CHINCHA,GROCIO PRADO,-13.383005,-76.204386,PE-1S,182.2164169178681
2025-02-06,2025,2,3,0,1,0,CHOQUE,EN PROCESO DE INVESTIGACIÓN,ASFALTADA,CARRETERA,NACIONAL,AREQUIPA,AREQUIPA,LA JOYA,-16.679576,-71.870924,PE-1S,986.621327963618
2025-02-08,2025,2,5,0,1,0,CHOQUE,EN PROCESO DE INVESTIGACIÓN,ASFALTADA,CARRETERA,NACIONAL,AREQUIPA,CARAVELI,CHAPARRA,-15.877421,-74.171943,PE-1S,624.0950669733255
2025-02-08,2025,2,5,0,1,0,ATROPELLO,EN PROCESO DE INVESTIGACIÓN,ASFALTADA,CARRETERA,NACIONAL,LIMA,LIMA,PUENTE PIEDRA,-11.826077,-77.121776,PE-1N,37.22383773654623
2025-02-08,2025,2,5,0,1,0,ATROPELLO,EN PROCESO DE INVESTIGACIÓN,,CARRETERA,NACIONAL,ICA,CHINCHA,ALTO LARAN,-13.444899,-76.13558,PE-1S,194.8405821911664
2025-02-09,2025,2,6,0,1,0,ATROPELLO,EN PROCESO DE INVESTIGACIÓN,ASFALTADA,CARRETERA,NACIONAL,LIMA,LIMA,CHACLACAYO,-11.980798,-76.792217,PE-22,22.59337144259153
2025-02-09,2025,2,6,0,1,0,ATROPELLO,EN PROCESO DE INVESTIGACIÓN,ASFALTADA,CARRETERA,NACIONAL,LIMA,LIMA,RIMAC,-12.0407342401879,-77.01728822773019,PE-1N,6.9070571854050815
2025-02-09,2025,2,6,0,1,1,DESPISTE,EN PROCESO DE INVESTIGACIÓN,ASFALTADA,CARRETERA,NACIONAL,LIMA,LIMA,SAN BARTOLO,-12.397032,-76.758067,PE-1S,49.94341009770437
2025-02-09,2025,2,6,0,1,1,ATROPELLO,EN PROCESO DE INVESTIGACIÓN,ASFALTADA,CARRETERA,NACIONAL,AREQUIPA,ISLAY,MOLLENDO,-17.00552,-72.014936,PE-1SD,106.3336984134451
2025-02-09,2025,2,6,0,1,0,ATROPELLO,IMPRUDENCIA DEL CONDUCTOR,ASFALTADA,CARRETERA,NACIONAL,PUNO,CHUCUITO,DESAGUADERO,-16.560755,-69.04202,PE-3S,1461.026473314515
2025-02-09,2025,2,6,0,1,0,ATROPELLO FUGA,EN PROCESO DE INVESTIGACIÓN,ASFALTADA,CARRETERA,NACIONAL,LIMA,LIMA,LURIN,-12.250098,-76.930909,PE-1S,24.69382716732304
2025-02-11,2025,2,1,0,1,0,ATROPELLO,IMPRUDENCIA DEL CONDUCTOR,,CARRETERA,NACIONAL,PUNO,PUNO,CHUCUITO,-15.890218,-69.888463,PE-3S,1381.6032236235474
2025-02-11,2025,2,1,0,1,0,DESPISTE,EN PROCESO DE INVESTIGACIÓN,ASFALTADA,CARRETERA,NACIONAL,LIMA,LIMA,ATE,-12.009017,-76.864641,PE-22,15.0003728812856
2025-02-13,2025,2,3,0,1,0,ATROPELLO,EN PROCESO DE INVESTIGACIÓN,ASFALTADA,CARRETERA,NACIONAL,LIMA,LIMA,PUNTA HERMOSA,-12.314491,-76.832649,PE-1S,37.65412998068882
2025-02-14,2025,2,4,0,3,30,ESPECIAL,EN PROCESO DE INVESTIGACIÓN,ASFALTADA,CARRETERA,NACIONAL,LIMA,HUARAL,CHANCAY,-11.607227,-77.2401868,PE-1N,76.13823827203002
2025-02-14,2025,2,4,0,1,0,DESPISTE,EN PROCESO DE INVESTIGACIÓN,ASFALTADA,CARRETERA,NACIONAL,PIURA,PIURA,CASTILLA,-5.177138,-80.562283,PE-1NJ,198.32829725836092
2025-02-14,2025,2,4,0,1,0,ATROPELLO FUGA,EN PROCESO DE INVESTIGACIÓN,ASFALTADA,CARRETERA,NACIONAL,AREQUIPA,AREQUIPA,YURA,-16.305901,-71.616539,PE-34A,49.16004911140337
2025-02-15,2025,2,5,0,1,0,CHOQUE,IMPRUDENCIA DEL CONDUCTOR,ASFALTADA,CARRETERA,NACIONAL,CUSCO,CUSCO,POROY,-13.497872,-72.035011,PE-3S,959.6454292037656
2025-02-15,2025,2,5,0,1,0,ATROPELLO,EN PROCESO DE INVESTIGACIÓN,ASFALTADA,CARRETERA,NACIONAL,LA LIBERTAD,TRUJILLO,SALAVERRY,-8.195911184436715,-78.98995040338481,PE-10,2.4846198169452767
2025-02-15,2025,2,5,0,1,0,ATROPELLO,IMPRUDENCIA DEL PEATÓN,ASFALTADA,CARRETERA,NACIONAL,CAJAMARCA,HUALGAYOC,HUALGAYOC,-6.721302,-78.558327,PE-3N,1381.6202209379203
2025-02-15,2025,2,5,0,1,0,CHOQUE,EN PROCESO DE INVESTIGACIÓN,ASFALTADA,CARRETERA,NACIONAL,LA LIBERTAD,TRUJILLO,MOCHE,-8.1544961538,-79.012340231,PE-1N,557.0806213984439
2025-02-16,2025,2,6,0,1,2,CHOQUE,EN PROCESO DE INVESTIGACIÓN,ASFALTADA,CARRETERA,NACIONAL,LA LIBERTAD,ASCOPE,PAIJAN,-7.7533495158,-79.2777112142,PE-1N,621.3669858173561
2025-02-16,2025,2,6,0,1,0,ATROPELLO FUGA,EN PROCESO DE INVESTIGACIÓN,ASFALTADA,CARRETERA,NACIONAL,LA LIBERTAD,VIRU,VIRU,-8.442423758023782,-78.74968879992255,PE-1N,511.7774943848255
2025-02-16,2025,2,6,0,1,0,CHOQUE FUGA,EN PROCESO DE INVESTIGACIÓN,ASFALTADA,CARRETERA,NACIONAL,LIMA,LIMA,PUENTE PIEDRA,-11.867788,-77.072475,PE-1N,30.04991769072252
2025-02-16,2025,2,6,0,1,0,CHOQUE,EN PROCESO DE INVESTIGACIÓN,,CARRETERA,NACIONAL,PIURA,HUANCABAMBA,HUARMACA,-5.780642,-79.39637,PE-3N,1630.0720783138258
2025-02-16,2025,2,6,0,1,0,ATROPELLO FUGA,EN PROCESO DE INVESTIGACIÓN,AFIRMADO,CARRETERA,NACIONAL,LIMA,HUARAL,PACARAOS,-11.1920014,-76.6458709,PE-20C,97.02828986885014
2025-02-16,2025,2,6,0,1,0,ATROPELLO,EN PROCESO DE INVESTIGACIÓN,ASFALTADA,CARRETERA,NACIONAL,LIMA,LIMA,SAN BORJA,-12.0943478111155,-76.98057726840962,PE-1S,4.366652967677737
2025-02-17,2025,2,0,0,2,1,CHOQUE,EN PROCESO DE INVESTIGACIÓN,ASFALTADA,CARRETERA,NACIONAL,LIMA,LIMA,PUNTA NEGRA,-12.362247,-76.794153,PE-1S,44.4262260141918
2025-02-17,2025,2,0,0,1,0,ATROPELLO,IMPRUDENCIA DEL PEATÓN,ASFALTADA,CARRETERA,NACIONAL,CUSCO,QUISPICANCHI,HUARO,-13.6846127,-71.651448,PE-3S,1014.908631647119
2025-02-17,2025,2,0,0,4,0,DESPISTE,IMPRUDENCIA DEL CONDUCTOR,ASFALTADA,CARRETERA,NACIONAL,CUSCO,URUBAMBA,OLLANTAYTAMBO,-13.2645,-72.2665,PE-28B,602.5360550065747
2025-02-17,2025,2,0,0,1,0,CHOQUE,EN PROCESO DE INVESTIGACIÓN,ASFALTADA,CARRETERA,NACIONAL,LA LIBERTAD,VIRU,VIRU,-8.41220326274806,-78.80055960047112,PE-1N,518.4698998561896
2025-02-17,2025,2,0,0,1,0,DESPISTE,IMPRUDENCIA DEL CONDUCTOR,ASFALTADA,CARRETERA,NACIONAL,CUSCO,QUISPICANCHI,MARCAPATA,-13.5828,-71.0349,PE-30C,112.95465136962042
2025-02-18,2025,2,1,0,1,4,DESPISTE,IMPRUDENCIA DEL CONDUCTOR,AFIRMADO,CARRETERA,NACIONAL,CAJAMARCA,HUALGAYOC,BAMBAMARCA,-6.677202,-78.4457155,PE-1N,714.1571078391198
2025-02-18,2025,2,1,0,1,0,DESPISTE,EN PROCESO DE INVESTIGACIÓN,ASFALTADA,CARRETERA,NACIONAL,CAJAMARCA,CAJAMARCA,NAMORA,-7.21733167378776,-78.287311380923,PE-3N,1241.7402669208284
2025-02-19,2025,2,2,0,1,7,CHOQUE,EN PROCESO DE INVESTIGACIÓN,ASFALTADA,CARRETERA,NACIONAL,LA LIBERTAD,CHEPEN,PACANGA,-7.1266672765,-79.4788191263,PE-1N,719.5600825007156
2025-02-19,2025,2,2,0,2,0,ATROPELLO,EN PROCESO DE INVESTIGACIÓN,ASFALTADA,CARRETERA,NACIONAL,LIMA,LIMA,RIMAC,-12.041021196755414,-77.01780613195449,PE-1N,6.971530690998492
2025-02-21,2025,2,4,0,1,1,CHOQUE,IMPRUDENCIA DEL CONDUCTOR,ASFALTADA,CARRETERA,NACIONAL,CAJAMARCA,CAJAMARCA,LLACANORA,-7.190046,-78.47066,PE-3N,1269.6270558377466
2025-02-22,2025,2,5,0,1,1,CHOQUE,IMPRUDENCIA DEL CONDUCTOR,ASFALTADA,CARRETERA,NACIONAL,PIURA,MORROPON,CHULUCANAS,-5.1470957434447,-80.2674267210453,PE-1NJ,226.12349615176885
2025-02-22,2025,2,5,0,1,0,ATROPELLO FUGA,EN PROCESO DE INVESTIGACIÓN,ASFALTADA,CARRETERA,NACIONAL,CUSCO,QUISPICANCHI,LUCRE,-13.608327,-71.747919,PE-3S,999.5874235101472
2025-02-23,2025,2,6,0,1,0,ATROPELLO,EN PROCESO DE INVESTIGACIÓN,ASFALTADA,CARRETERA,NACIONAL,LIMA,LIMA,SAN JUAN DE MIRAFLORES,-12.161960285368345,-76.98191405002699,PE-1S,12.010983627500469
2025-02-23,2025,2,6,0,1,1,ATROPELLO,EN PROCESO DE INVESTIGACIÓN,ASFALTADA,CARRETERA,NACIONAL,PIURA,PIURA,LA UNION,-5.382071,-80.739433,PE-1NK,20.660151730877143
2025-02-24,2025,2,0,0,3,0,CHOQUE,EN PROCESO DE INVESTIGACIÓN,ASFALTADA,CARRETERA,NACIONAL,LIMA,LIMA,ANCON,-11.801137,-77.138089,PE-1N,40.41449923099511
2025-02-25,2025,2,1,0,1,0,CHOQUE,EN PROCESO DE INVESTIGACIÓN,ASFALTADA,CARRETERA,NACIONAL,LIMA,LIMA,SANTIAGO DE SURCO,-12.117231,-76.977406,PE-1S,6.922402325459963
2025-02-25,2025,2,1,0,1,0,CHOQUE,EN PROCESO DE INVESTIGACIÓN,ASFALTADA,CARRETERA,NACIONAL,LA LIBERTAD,TRUJILLO,HUANCHACO,-8.05599742824537,-79.0882219587274,PE-1N,577.8356911574631
2025-02-27,2025,2,3,0,1,0,ATROPELLO FUGA,EN PROCESO DE INVESTIGACIÓN,ASFALTADA,CARRETERA,NACIONAL,LIMA,HUARAL,HUARAL,-11.5090178,-77.2318686,PE-1NB,6.7041888627463
2025-02-27,2025,2,3,0,2,0,CHOQUE,EN PROCESO DE INVESTIGACIÓN,ASFALTADA,CARRETERA,NACIONAL,AREQUIPA,CAMANA,SAMUEL PASTOR,-16.655917,-72.650658,PE-1S,841.911281984178
2025-02-27,2025,2,3,0,6,6,CHOQUE,EN PROCESO DE INVESTIGACIÓN,ASFALTADA,CARRETERA,NACIONAL,LIMA,HUARAL,CHANCAY,-11.6024709,-77.2457919,PE-1N,76.94580628020167
2025-02-28,2025,2,4,0,1,0,ATROPELLO,EN PROCESO DE INVESTIGACIÓN,ASFALTADA,CARRETERA,NACIONAL,SAN MARTIN,RIOJA,ELIAS SOPLIN VARGAS,-5.98654,-77.284783,PE-5N,1095.8710253507368
2025-02-28,2025,2,4,0,1,4,DESPISTE,EN PROCESO DE INVESTIGACIÓN,ASFALTADA,CARRETERA,NACIONAL,LIMA,HUARAL,AUCALLAMA,-11.6098876,-77.2005398,PE-1N,69.62899766946471
2025-03-01,2025,3,5,0,1,1,ATROPELLO,EN PROCESO DE INVESTIGACIÓN,ASFALTADA,CARRETERA,NACIONAL,LIMA,LIMA,PUENTE PIEDRA,-11.856644,-77.084768,PE-1N,31.87547874316566
2025-03-01,2025,3,5,0,1,0,ATROPELLO FUGA,EN PROCESO DE INVESTIGACIÓN,ASFALTADA,CARRETERA,NACIONAL,LIMA,LIMA,SAN JUAN DE MIRAFLORES,-12.169188167936444,-76.97961285336164,PE-1S,12.849012868188565
2025-03-01,2025,3,5,0,1,1,DESPISTE,EN PROCESO DE INVESTIGACIÓN,ASFALTADA,CARRETERA,NACIONAL,AREQUIPA,ISLAY,MOLLENDO,-16.893335,-72.036419,PE-34,34.98086895171149
2025-03-01,2025,3,5,0,1,0,CHOQUE,IMPRUDENCIA DEL CONDUCTOR,CONCRETO,CARRETERA,NACIONAL,CAJAMARCA,CUTERVO,CUTERVO,-6.377396,-78.811572,PE-3N,1490.728386929282
2025-03-01,2025,3,5,0,1,0,DESPISTE,EN PROCESO DE INVESTIGACIÓN,ASFALTADA,CARRETERA,NACIONAL,AREQUIPA,ISLAY,COCACHACRA,-17.0013842978477,-71.7142859923547,PE-1S,1032.5216121698595
2025-03-02,2025,3,6,0,1,0,ATROPELLO FUGA,EN PROCESO DE INVESTIGACIÓN,ASFALTADA,CARRETERA,NACIONAL,CAJAMARCA,SAN IGNACIO,SAN IGNACIO,-5.1350091,-78.992492,PE-5N,1496.316050297887
2025-03-02,2025,3,6,0,1,0,ATROPELLO FUGA,EN PROCESO DE INVESTIGACIÓN,ASFALTADA,CARRETERA,NACIONAL,AREQUIPA,AREQUIPA,VITOR,-16.465468,-71.934318,PE-1S,947.0934287076165
2025-03-02,2025,3,6,0,2,3,CHOQUE,EN PROCESO DE INVESTIGACIÓN,ASFALTADA,CARRETERA,NACIONAL,LIMA,LIMA,PUNTA NEGRA,-12.371581,-76.784265,PE-1S,45.91922652492237
2025-03-03,2025,3,0,0,1,8,CHOQUE,IMPRUDENCIA DEL CONDUCTOR,ASFALTADA,CARRETERA,NACIONAL,HUANCAVELICA,HUAYTARA,PILPICHACA,-13.412535,-74.923013,PE-28A,202.79459296587703
2025-03-03,2025,3,0,0,1,0,ATROPELLO,IMPRUDENCIA DEL PEATÓN,ASFALTADA,CARRETERA,NACIONAL,APURIMAC,ANDAHUAYLAS,PAMPACHIRI,-14.185717994630814,-73.54518146115718,PE-30B,71.85325888164854
2025-03-03,2025,3,0,0,1,4,CHOQUE FUGA,EN PROCESO DE INVESTIGACIÓN,ASFALTADA,CARRETERA,NACIONAL,SAN MARTIN,RIOJA,RIOJA,-6.036711,-77.196456,PE-5N,1084.5712163699857
2025-03-04,2025,3,1,0,1,0,ATROPELLO,NEGLIGENCIA DEL CONDUCTOR,ASFALTADA,CARRETERA,NACIONAL,CAJAMARCA,JAEN,SAN FELIPE,-5.80054145213333,-79.3742189054048,PE-3N,1626.338234856429
2025-03-04,2025,3,1,0,1,23,CHOQUE,EN PROCESO DE INVESTIGACIÓN,ASFALTADA,CARRETERA,NACIONAL,AREQUIPA,CAYLLOMA,SAN ANTONIO DE CHUCA,-15.900136,-71.373568,PE-34E,21.626359511194316
2025-03-05,2025,3,2,0,1,0,ATROPELLO,EN PROCESO DE INVESTIGACIÓN,ASFALTADA,CARRETERA,NACIONAL,PIURA,MORROPON,MORROPON,-5.210241373981011,-80.01617688761642,PE-02C,1.287211874022651
2025-03-05,2025,3,2,0,1,1,CHOQUE,EN PROCESO DE INVESTIGACIÓN,ASFALTADA,CARRETERA,NACIONAL,CAJAMARCA,SAN MARCOS,ICHOCAN,-7.37474645880619,-78.1285260797505,PE-3N,1207.2339979807537
2025-03-06,2025,3,3,0,2,9,CHOQUE,EN PROCESO DE INVESTIGACIÓN,ASFALTADA,CARRETERA,NACIONAL,LIMA,LIMA,CARABAYLLO,-11.779259,-76.983315,PE-20A,25.766176960108684
2025-03-06,2025,3,3,0,1,0,ATROPELLO FUGA,EN PROCESO DE INVESTIGACIÓN,ASFALTADA,CARRETERA,NACIONAL,LIMA,LIMA,VILLA EL SALVADOR,-12.1970602783019,-76.97311710868374,PE-1S,16.045613373100956
2025-03-07,2025,3,4,0,1,0,DESPISTE,IMPRUDENCIA DEL CONDUCTOR,ASFALTADA,CARRETERA,NACIONAL,CUSCO,CANCHIS,SICUANI,-14.299662,-71.213943,PE-3S,1118.3100347286638
2025-03-07,2025,3,4,0,1,0,VOLCADURA,EN PROCESO DE INVESTIGACIÓN,ASFALTADA,CARRETERA,NACIONAL,LIMA,LIMA,RIMAC,-12.043168,-77.026659,PE-1N,7.982412127205412
2025-03-07,2025,3,4,0,1,0,VOLCADURA,EN PROCESO DE INVESTIGACIÓN,ASFALTADA,CARRETERA,NACIONAL,LIMA,LIMA,VILLA EL SALVADOR,-12.235851,-76.956506,PE-1S,21.489013209865835
2025-03-07,2025,3,4,0,1,0,ATROPELLO,EN PROCESO DE INVESTIGACIÓN,ASFALTADA,CARRETERA,NACIONAL,LIMA,LIMA,SAN BORJA,-12.109182,-76.978338,PE-1S,6.026584215305416
2025-03-08,2025,3,5,0,1,0,CHOQUE,IMPRUDENCIA DEL CONDUCTOR,ASFALTADA,CARRETERA,NACIONAL,CUSCO,ANTA,ZURITE,-13.483822,-72.257571,PE-3S,932.4668186300952
2025-03-08,2025,3,5,0,1,0,CHOQUE,EN PROCESO DE INVESTIGACIÓN,ASFALTADA,CARRETERA,NACIONAL,LIMA,LIMA,SANTA ANITA,-12.057073798746671,-76.97383451894015,PE-1N,0.1601786020462901
2025-03-09,2025,3,6,0,1,1,DESPISTE,IMPRUDENCIA DEL CONDUCTOR,ASFALTADA,CARRETERA,NACIONAL,CAJAMARCA,CHOTA,LAJAS,-6.551038,-78.766424,PE-3N,1441.2416480125016
2025-03-09,2025,3,6,0,1,1,CHOQUE,IMPRUDENCIA DEL CONDUCTOR,ASFALTADA,CARRETERA,NACIONAL,TUMBES,CONTRALMIRANTE VILLAR,ZORRITOS,-3.687558638944569,-80.6922304138195,PE-1N,1246.8780991155827
2025-03-09,2025,3,6,0,1,0,ATROPELLO FUGA,EN PROCESO DE INVESTIGACIÓN,ASFALTADA,CARRETERA,NACIONAL,SAN MARTIN,RIOJA,NUEVA CAJAMARCA,-5.823932,-77.375791,PE-5N,1116.6862150862944
2025-03-11,2025,3,1,0,1,0,ATROPELLO,EN PROCESO DE INVESTIGACIÓN,ASFALTADA,CARRETERA,NACIONAL,LIMA,LIMA,SANTIAGO DE SURCO,-12.095704,-76.980187,PE-1S,4.5217422946895525
2025-03-11,2025,3,1,0,3,1,DESPISTE,EN PROCESO DE INVESTIGACIÓN,ASFALTADA,CARRETERA,NACIONAL,AREQUIPA,AREQUIPA,YURA,-16.137896,-71.636749,PE-34A,78.52337830249198
2025-03-11,2025,3,1,0,1,4,DESPISTE,EN PROCESO DE INVESTIGACIÓN,ASFALTADA,CARRETERA,NACIONAL,HUANCAVELICA,CHURCAMPA,ANCO,-12.587590070770132,-74.53707680692503,PE-3SD,120.03227227291126
2025-03-13,2025,3,3,0,1,0,ATROPELLO,IMPRUDENCIA DEL CONDUCTOR,ASFALTADA,CARRETERA,NACIONAL,CAJAMARCA,CHOTA,CHOTA,-6.59148013939563,-78.6188185749098,PE-3N,1415.485324805133
2025-03-13,2025,3,3,0,1,0,CHOQUE,EN PROCESO DE INVESTIGACIÓN,ASFALTADA,CARRETERA,NACIONAL,LIMA,LIMA,SAN MARTIN DE PORRES,-12.028359849290275,-77.0580586479381,PE-1N,11.899044251918252
2025-03-13,2025,3,3,0,1,1,DESPISTE,IMPRUDENCIA DEL CONDUCTOR,ASFALTADA,CARRETERA,NACIONAL,TUMBES,ZARUMILLA,ZARUMILLA,-3.5104858612606664,-80.2920878172581,PE-1N,1298.0768198134533
2025-03-15,2025,3,5,0,1,0,ATROPELLO,IMPRUDENCIA DEL CONDUCTOR,ASFALTADA,CARRETERA,NACIONAL,CAJAMARCA,CAJAMARCA,CAJAMARCA,-7.126104,-78.523655,PE-3N,1278.9784692514445
2025-03-16,2025,3,6,0,1,0,CHOQUE FUGA,IMPRUDENCIA DEL CONDUCTOR,ASFALTADA,CARRETERA,NACIONAL,CAJAMARCA,JAEN,BELLAVISTA,-5.635768,-78.750505,PE-5N,1400.4249733379088
2025-03-17,2025,3,0,0,1,0,ATROPELLO FUGA,EN PROCESO DE INVESTIGACIÓN,ASFALTADA,CARRETERA,NACIONAL,CUSCO,CUSCO,SAYLLA,-13.5622442294915,-71.8434993771835,PE-3S,987.856752272522
2025-03-17,2025,3,0,0,1,0,ATROPELLO,EN PROCESO DE INVESTIGACIÓN,ASFALTADA,CARRETERA,NACIONAL,LIMA,LIMA,LURIGANCHO,-11.954256,-76.730129,PE-22,31.193086499491493
2025-03-18,2025,3,1,0,3,0,CHOQUE,IMPRUDENCIA DEL CONDUCTOR,ASFALTADA,CARRETERA,NACIONAL,TUMBES,CONTRALMIRANTE VILLAR,ZORRITOS,-3.652793555951076,-80.61711244865074,PE-1N,1256.838119213203
2025-03-19,2025,3,2,0,1,0,DESPISTE,EN PROCESO DE INVESTIGACIÓN,ASFALTADA,CARRETERA,NACIONAL,ANCASH,BOLOGNESI,CAJACAY,-10.148284647016,-77.3702412561872,PE-16,101.50454808132795
2025-03-20,2025,3,3,0,4,33,VOLCADURA,EN PROCESO DE INVESTIGACIÓN,ASFALTADA,CARRETERA,NACIONAL,AREQUIPA,CAMANA,QUILCA,-16.669582,-72.562248,PE-1SD,9.16006360820302
2025-03-20,2025,3,3,0,1,1,ATROPELLO,EN PROCESO DE INVESTIGACIÓN,ASFALTADA,CARRETERA,NACIONAL,LIMA,HUARAL,CHANCAY,-11.596199,-77.2544769,PE-1N,78.12441146946867
2025-03-21,2025,3,4,0,1,0,CHOQUE FUGA,EN PROCESO DE INVESTIGACIÓN,ASFALTADA,CARRETERA,NACIONAL,LIMA,LIMA,SAN JUAN DE MIRAFLORES,-12.16194462976457,-76.98192432664051,PE-1S,12.009000211025024
2025-03-21,2025,3,4,0,1,10,CHOQUE,EN PROCESO DE INVESTIGACIÓN,ASFALTADA,CARRETERA,NACIONAL,AREQUIPA,ISLAY,MOLLENDO,-17.0575,-71.95849,PE-1SD,115.40096627856988
2025-03-21,2025,3,4,0,1,0,CHOQUE,EN PROCESO DE INVESTIGACIÓN,ASFALTADA,CARRETERA,NACIONAL,LIMA,LIMA,SANTIAGO DE SURCO,-12.135850293883976,-76.97998942961415,PE-1S,9.041004130724524
2025-03-21,2025,3,4,0,1,0,VOLCADURA,IMPRUDENCIA DEL CONDUCTOR,AFIRMADO,CARRETERA,NACIONAL,CAJAMARCA,CELENDIN,SOROCHUCO,-6.939397,-78.259724,PE-1NB,9.758
2025-03-22,2025,3,5,0,1,0,DESPISTE,EN PROCESO DE INVESTIGACIÓN,ASFALTADA,CARRETERA,NACIONAL,CAJAMARCA,CAJABAMBA,CAJABAMBA,-7.603497,-78.088976,PE-3N,1162.028478768046
2025-03-23,2025,3,6,0,1,0,ATROPELLO,EN PROCESO DE INVESTIGACIÓN,ASFALTADA,CARRETERA,NACIONAL,LIMA,LIMA,CHORRILLOS,-12.197633,-76.973395,PE-1S,16.113442865005833
2025-03-23,2025,3,6,0,1,0,ATROPELLO FUGA,EN PROCESO DE INVESTIGACIÓN,ASFALTADA,CARRETERA,NACIONAL,HUANCAVELICA,HUANCAVELICA,HUANCAVELICA,-12.782368,-74.961942,PE-26,224.2947409132584
2025-03-23,2025,3,6,0,1,0,CHOQUE,EN PROCESO DE INVESTIGACIÓN,ASFALTADA,CARRETERA,NACIONAL,AREQUIPA,AREQUIPA,LA JOYA,-16.52703,-71.78385,PE-1S,965.7961062832344
2025-03-23,2025,3,6,0,2,0,DESPISTE,IMPRUDENCIA DEL CONDUCTOR,ASFALTADA,CARRETERA,NACIONAL,CUSCO,CALCA,SAN SALVADOR,-13.511812361833362,-71.76045836596545,PE-28B,675.3123559354073
2025-03-25,2025,3,1,0,1,0,VOLCADURA,EN PROCESO DE INVESTIGACIÓN,ASFALTADA,CARRETERA,NACIONAL,AREQUIPA,AREQUIPA,CERRO COLORADO,-16.37415,-71.57549,PE-34A,39.76104044557888
2025-03-26,2025,3,2,0,1,0,ATROPELLO,IMPRUDENCIA DEL PEATÓN,ASFALTADA,CARRETERA,NACIONAL,CUSCO,URUBAMBA,URUBAMBA,-13.2785691,-72.1948185,PE-28B,612.254723058868
2025-03-29,2025,3,5,0,1,0,CHOQUE,EN PROCESO DE INVESTIGACIÓN,ASFALTADA,CARRETERA,NACIONAL,SAN MARTIN,RIOJA,ELIAS SOPLIN VARGAS,-5.9900494072939,-77.2827631939373,PE-5N,1095.42110539085
2025-03-30,2025,3,6,0,2,2,DESPISTE,EN PROCESO DE INVESTIGACIÓN,ASFALTADA,CARRETERA,NACIONAL,HUANCAVELICA,HUANCAVELICA,HUANDO,-12.517558839041,-74.9650809408018,PE-26,293.5636855052724
2025-03-30,2025,3,6,0,1,0,ATROPELLO FUGA,EN PROCESO DE INVESTIGACIÓN,ASFALTADA,CARRETERA,NACIONAL,SAN MARTIN,RIOJA,AWAJUN,-5.837782,-77.359036,PE-5N,1114.273411218975
2025-03-30,2025,3,6,0,1,0,ATROPELLO FUGA,EN PROCESO DE INVESTIGACIÓN,ASFALTADA,CARRETERA,NACIONAL,ICA,CHINCHA,CHINCHA BAJA,-13.509641,-76.184887,PE-1SE,11.98340804296326
2025-03-30,2025,3,6,0,1,0,ATROPELLO FUGA,EN PROCESO DE INVESTIGACIÓN,ASFALTADA,CARRETERA,NACIONAL,LIMA,LIMA,ANCON,-11.778857,-77.159337,PE-1N,43.81899797795481
2025-03-30,2025,3,6,0,1,0,DESPISTE,IMPRUDENCIA DEL CONDUCTOR,ASFALTADA,CARRETERA,NACIONAL,CAJAMARCA,HUALGAYOC,BAMBAMARCA,-6.656983,-78.538828,PE-1NA,22.85
2025-03-31,2025,3,0,0,1,0,ATROPELLO FUGA,IMPRUDENCIA DEL CONDUCTOR,ASFALTADA,CARRETERA,NACIONAL,CUSCO,ESPINAR,PALLPATA,-14.88621,-71.233492,PE-3SG,267.6495891082289
2025-04-01,2025,4,1,0,1,0,DESPISTE,EN PROCESO DE INVESTIGACIÓN,ASFALTADA,CARRETERA,NACIONAL,ANCASH,HUAYLAS,HUALLANCA,-8.81673360134559,-77.8587657919675,PE-3N,686.8132138647715
2025-04-01,2025,4,1,0,2,1,CHOQUE,EN PROCESO DE INVESTIGACIÓN,,CARRETERA,NACIONAL,ICA,CHINCHA,GROCIO PRADO,-13.392128,-76.199498,PE-1S,183.3547611524232
2025-04-02,2025,4,2,0,1,0,ATROPELLO FUGA,EN PROCESO DE INVESTIGACIÓN,ASFALTADA,CARRETERA,NACIONAL,LIMA,LIMA,SAN JUAN DE MIRAFLORES,-12.173214,-76.978563,PE-1S,13.30848050945448
2025-04-04,2025,4,4,0,1,1,VOLCADURA,EN PROCESO DE INVESTIGACIÓN,ASFALTADA,CARRETERA,NACIONAL,AREQUIPA,AREQUIPA,YURA,-16.071877,-71.581666,PE-34A,91.00224636345273
2025-04-04,2025,4,4,0,1,0,CHOQUE,IMPRUDENCIA DEL CONDUCTOR,ASFALTADA,CARRETERA,NACIONAL,AYACUCHO,HUAMANGA,OCROS,-13.4198097257978,-73.8956944727291,PE-3S,495.6910919386441
2025-04-06,2025,4,6,0,1,0,DESPISTE,EN PROCESO DE INVESTIGACIÓN,,CARRETERA,NACIONAL,LIMA,HUARAL,CHANCAY,-11.5552925,-77.2709639,PE-1N,83.16073869712022
2025-04-06,2025,4,6,0,1,0,CHOQUE,IMPERICIA DEL CONDUCTOR,ASFALTADA,CARRETERA,NACIONAL,SAN MARTIN,MOYOBAMBA,JEPELACIO,-6.100706,-76.858954,PE-5N,1041.631507348878
2025-04-07,2025,4,0,0,1,0,CHOQUE,EN PROCESO DE INVESTIGACIÓN,ASFALTADA,CARRETERA,NACIONAL,LIMA,HUARAL,CHANCAY,-11.5519824,-77.2641056,PE-1NB,0.6767694517222658
2025-04-08,2025,4,1,0,1,0,ATROPELLO,IMPRUDENCIA DEL CONDUCTOR,ASFALTADA,CARRETERA,NACIONAL,AYACUCHO,HUAMANGA,SAN JUAN BAUTISTA,-13.1906963669891,-74.2009152255625,PE-3S,395.0888875667358
2025-04-09,2025,4,2,0,1,0,ATROPELLO FUGA,EN PROCESO DE INVESTIGACIÓN,ASFALTADA,CARRETERA,NACIONAL,LIMA,HUARAL,CHANCAY,-11.5646857,-77.2651276,PE-1N,81.82485429929748
2025-04-10,2025,4,3,0,1,0,ATROPELLO,EN PROCESO DE INVESTIGACIÓN,ASFALTADA,CARRETERA,NACIONAL,ANCASH,CARHUAZ,MARCARA,-9.32486316564175,-77.6037375127407,PE-3N,606.025596985268
2025-04-10,2025,4,3,0,1,3,DESPISTE,IMPRUDENCIA DEL CONDUCTOR,ASFALTADA,CARRETERA,NACIONAL,CUSCO,ESPINAR,OCORURO,-15.174107,-71.166016,PE-34J,74.65868111846792
2025-04-11,2025,4,4,0,2,1,DESPISTE,EN PROCESO DE INVESTIGACIÓN,ASFALTADA,CARRETERA,NACIONAL,AREQUIPA,CAYLLOMA,MAJES,-16.42505,-72.25803,PE-1S,899.87829092146
2025-04-12,2025,4,5,0,1,1,DESPISTE,EN PROCESO DE INVESTIGACIÓN,ASFALTADA,CARRETERA,NACIONAL,CAJAMARCA,CONTUMAZA,CHILETE,-7.226349,-78.822903,PE-08,93.89648399039136
2025-04-13,2025,4,6,0,2,0,VOLCADURA,IMPRUDENCIA DEL CONDUCTOR,AFIRMADO,CARRETERA,NACIONAL,CUSCO,CHUMBIVILCAS,VELILLE,-14.5544600132645,-71.9203460256972,PE-3SG,142.9742769779044
2025-04-14,2025,4,0,0,1,2,CHOQUE,EN PROCESO DE INVESTIGACIÓN,ASFALTADA,CARRETERA,NACIONAL,CAJAMARCA,SAN MIGUEL,SAN MIGUEL,-7.071712,-78.9544799,PE-1N,710.4991080814427
2025-04-15,2025,4,1,0,2,0,DESPISTE,EN PROCESO DE INVESTIGACIÓN,TROCHA,CARRETERA,NACIONAL,HUANCAVELICA,CHURCAMPA,ANCO,-12.674205247125562,-74.5931337723548,PE-3S,273.0279172751857
2025-04-18,2025,4,4,0,1,2,CHOQUE,EN PROCESO DE INVESTIGACIÓN,ASFALTADA,CARRETERA,NACIONAL,AREQUIPA,CAYLLOMA,SAN ANTONIO DE CHUCA,-15.88421,-71.1601,PE-34A,156.38512597129488
2025-04-20,2025,4,6,0,1,0,CHOQUE,IMPERICIA DEL CONDUCTOR,AFIRMADO,CARRETERA,NACIONAL,CUSCO,CHUMBIVILCAS,VELILLE,-14.546164,-71.899198,PE-3SG,145.9040999950079
2025-04-20,2025,4,6,0,1,0,CHOQUE,EN PROCESO DE INVESTIGACIÓN,ASFALTADA,CARRETERA,NACIONAL,AREQUIPA,AREQUIPA,LA JOYA,-16.52899,-71.78459,PE-1S,966.0955032969608
2025-04-21,2025,4,0,0,1,0,CHOQUE,EN PROCESO DE INVESTIGACIÓN,ASFALTADA,CARRETERA,NACIONAL,ANCASH,YUNGAY,YUNGAY,-9.11478229901101,-77.7666163169284,PE-3N,639.4973737486513
2025-04-21,2025,4,0,0,2,1,DESPISTE,EN PROCESO DE INVESTIGACIÓN,ASFALTADA,CARRETERA,NACIONAL,HUANCAVELICA,TAYACAJA,ÑAHUIMPUQUIO,-12.309111,-75.04651,PE-3SD,6.244500410266853
2025-04-22,2025,4,1,0,1,0,ATROPELLO FUGA,EN PROCESO DE INVESTIGACIÓN,ASFALTADA,CARRETERA,NACIONAL,SAN MARTIN,RIOJA,AWAJUN,-5.826115,-77.372734,PE-5N,1116.2710710102906
2025-04-22,2025,4,1,0,1,0,ATROPELLO,IMPRUDENCIA DEL PEATÓN,ASFALTADA,CARRETERA,NACIONAL,CUSCO,CANCHIS,SICUANI,-14.22892,-71.279282,PE-3S,1105.6438601007806
2025-04-25,2025,4,4,0,1,0,ATROPELLO,EN PROCESO DE INVESTIGACIÓN,ASFALTADA,CARRETERA,NACIONAL,LIMA,HUARAL,CHANCAY,-11.5191527,-77.2933989,PE-1N,87.90023897028371
2025-04-26,2025,4,5,0,1,46,CHOQUE,EN PROCESO DE INVESTIGACIÓN,ASFALTADA,CARRETERA,NACIONAL,AREQUIPA,ISLAY,COCACHACRA,-17.039021,-71.619746,PE-1S,1050.7094242179996
2025-04-26,2025,4,5,0,1,0,ATROPELLO,IMPRUDENCIA DEL CONDUCTOR,ASFALTADA,CARRETERA,NACIONAL,CUSCO,CUSCO,SAYLLA,-13.5657274385257,-71.835935950328,PE-3S,988.7629411393084
2025-04-26,2025,4,5,0,1,2,CHOQUE,EN PROCESO DE INVESTIGACIÓN,CONCRETO,CARRETERA,NACIONAL,SAN MARTIN,RIOJA,NUEVA CAJAMARCA,-5.82794965819435,-77.370500851458,PE-5N,1115.9510958430053
2025-04-26,2025,4,5,0,1,0,ATROPELLO,IMPRUDENCIA DEL PEATÓN,ASFALTADA,CARRETERA,NACIONAL,CUSCO,CANCHIS,SAN PEDRO,-14.194283,-71.329443,PE-3S,1098.9042345530418
2025-04-28,2025,4,0,0,1,1,CHOQUE,IMPRUDENCIA DEL CONDUCTOR,ASFALTADA,CARRETERA,NACIONAL,CUSCO,QUISPICANCHI,ANDAHUAYLILLAS,-13.62028,-71.712517,PE-3S,1004.3946441559012
2025-04-30,2025,4,2,0,3,0,VOLCADURA,EN PROCESO DE INVESTIGACIÓN,AFIRMADO,CARRETERA,NACIONAL,CAJAMARCA,CHOTA,CHOTA,-6.5370162,-78.6946091,PE-3NC,0.7195873662441974
2025-05-01,2025,5,3,0,1,0,DESPISTE,IMPRUDENCIA DEL CONDUCTOR,ASFALTADA,CARRETERA,NACIONAL,AYACUCHO,HUAMANGA,PACAYCASA,-13.077157,-74.235676,PE-26B,188.03254140017864
2025-05-04,2025,5,6,0,1,4,CHOQUE,IMPRUDENCIA DEL CONDUCTOR,ASFALTADA,CARRETERA,NACIONAL,TUMBES,TUMBES,LA CRUZ,-3.630833149041761,-80.57249523368198,PE-1N,1262.6127358673582
2025-05-09,2025,5,4,0,1,0,CHOQUE,EN PROCESO DE INVESTIGACIÓN,ASFALTADA,CARRETERA,NACIONAL,AREQUIPA,AREQUIPA,VITOR,-16.466287454924,-71.9356278529147,PE-1S,946.925641410299
2025-05-09,2025,5,4,0,1,0,CHOQUE,IMPRUDENCIA DEL CONDUCTOR,ASFALTADA,CARRETERA,NACIONAL,SAN MARTIN,RIOJA,AWAJUN,-5.835548,-77.361,PE-5N,1114.60432981313
2025-05-10,2025,5,5,0,1,0,DESPISTE,IMPERICIA DEL CONDUCTOR,ASFALTADA,CARRETERA,NACIONAL,CUSCO,QUISPICANCHI,CAMANTI,-13.218336,-70.735652,PE-30C,192.16339997728008
2025-05-18,2025,5,6,0,1,0,ATROPELLO,IMPRUDENCIA DEL CONDUCTOR,ASFALTADA,CARRETERA,NACIONAL,CUSCO,URUBAMBA,HUAYLLABAMBA,-13.327553903114028,-72.0452744367236,PE-28B,630.8686452074838
2025-05-18,2025,5,6,0,2,1,CHOQUE,IMPRUDENCIA DEL CONDUCTOR,ASFALTADA,CARRETERA,NACIONAL,AYACUCHO,CANGALLO,LOS MOROCHUCOS,-13.550614053895,-74.1816499912805,PE-32A,305.37692043043614
2025-05-18,2025,5,6,0,1,0,DESPISTE,IMPRUDENCIA DEL CONDUCTOR,AFIRMADO,CARRETERA,NACIONAL,CUSCO,URUBAMBA,OLLANTAYTAMBO,-13.242384500676966,-72.29380316683198,PE-28B,598.800102061217
2025-05-18,2025,5,6,0,1,0,ATROPELLO,IMPRUDENCIA DEL PEATÓN,ASFALTADA,CARRETERA,NACIONAL,CUSCO,CALCA,CALCA,-13.324225,-71.955884,PE-28B,642.7394968771085
2025-05-20,2025,5,1,0,1,0,VOLCADURA,EN PROCESO DE INVESTIGACIÓN,ASFALTADA,CARRETERA,NACIONAL,CAJAMARCA,SAN IGNACIO,CHIRINOS,-5.255974,-78.823854,PE-5N,1456.207985693538
2025-05-20,2025,5,1,0,1,0,DESPISTE,IMPRUDENCIA DEL CONDUCTOR,ASFALTADA,CARRETERA,NACIONAL,CUSCO,CANCHIS,MARANGANI,-14.407863,-71.132033,PE-3S,1133.5601391247296
2025-05-20,2025,5,1,0,1,0,DESPISTE,EN PROCESO DE INVESTIGACIÓN,AFIRMADO,CARRETERA,NACIONAL,CAJAMARCA,CAJAMARCA,ENCAÑADA,-6.997698,-78.34717,PE-1NB,9.758
2025-05-23,2025,5,4,0,1,0,CHOQUE,EN PROCESO DE INVESTIGACIÓN,,CARRETERA,NACIONAL,ANCASH,YUNGAY,YUNGAY,-9.14210418552568,-77.7460930338357,PE-3N,635.4523454231568
2025-05-24,2025,5,5,0,1,0,ATROPELLO,IMPRUDENCIA DEL PEATÓN,ASFALTADA,CARRETERA,NACIONAL,CAJAMARCA,CELENDIN,SUCRE,-7.026276,-78.211091,PE-08B,63.18867772728594
2025-05-25,2025,5,6,0,1,0,CHOQUE,IMPRUDENCIA DEL CONDUCTOR,ASFALTADA,CARRETERA,NACIONAL,SAN MARTIN,MOYOBAMBA,JEPELACIO,-6.1730294566101,-76.8325393509118,PE-5N,1032.4265271804857
2025-05-26,2025,5,0,0,1,1,ATROPELLO,IMPRUDENCIA DEL CONDUCTOR,ASFALTADA,CARRETERA,NACIONAL,SAN MARTIN,RIOJA,NUEVA CAJAMARCA,-5.814956,-77.38707,PE-5N,1118.2818094013976
2025-05-29,2025,5,3,0,1,0,DESPISTE,IMPRUDENCIA DEL CONDUCTOR,AFIRMADO,CARRETERA,NACIONAL,CUSCO,CHUMBIVILCAS,SANTO TOMAS,-14.474858,-72.098543,PE-3SG,98.32993689802367
2025-05-30,2025,5,4,0,1,3,DESPISTE,IMPRUDENCIA DEL CONDUCTOR,AFIRMADO,CARRETERA,NACIONAL,CAJAMARCA,CHOTA,LAJAS,-6.556244,-78.744502,PE-3N,1438.2277158885197
2025-05-30,2025,5,4,0,1,0,CHOQUE,IMPRUDENCIA DEL CONDUCTOR,ASFALTADA,CARRETERA,NACIONAL,CUSCO,ESPINAR,CONDOROMA,-15.33731609649099,-71.11973093063617,PE-34J,54.20861619897894
2025-06-01,2025,6,6,0,1,0,DESPISTE,EN PROCESO DE INVESTIGACIÓN,ASFALTADA,CARRETERA,NACIONAL,ANCASH,YUNGAY,YUNGAY,-9.15557774479227,-77.7401737594647,PE-3N,633.7728749806416
2025-06-01,2025,6,6,0,1,0,DESPISTE,IMPRUDENCIA DEL CONDUCTOR,ASFALTADA,CARRETERA,NACIONAL,CAJAMARCA,JAEN,PUCARA,-6.030447,-79.137365,PE-3N,1580.185864404291
2025-06-02,2025,6,0,0,1,3,CHOQUE,IMPRUDENCIA DEL CONDUCTOR,ASFALTADA,CARRETERA,NACIONAL,CAJAMARCA,SAN IGNACIO,SAN IGNACIO,-5.142528,-79.021396,PE-5N,1502.4458380948895
2025-06-03,2025,6,1,0,1,0,ATROPELLO FUGA,IMPRUDENCIA DEL PEATÓN,ASFALTADA,CARRETERA,NACIONAL,CUSCO,ANTA,ZURITE,-13.482307324518583,-72.26216214521465,PE-3S,931.9410268080688
2025-06-03,2025,6,1,0,1,0,ATROPELLO FUGA,EN PROCESO DE INVESTIGACIÓN,ASFALTADA,CARRETERA,NACIONAL,AREQUIPA,AREQUIPA,SACHACA,-16.41294,-71.554685,PE-34C,3.519121716139884
2025-06-04,2025,6,2,0,1,1,DESPISTE,IMPRUDENCIA DEL CONDUCTOR,ASFALTADA,CARRETERA,NACIONAL,CAJAMARCA,JAEN,JAEN,-5.92329983866169,-78.8415507891376,PE-04C,17.963364160492763
2025-06-05,2025,6,3,0,1,2,DESPISTE,EN PROCESO DE INVESTIGACIÓN,ASFALTADA,CARRETERA,NACIONAL,LIMA,HUARAL,AUCALLAMA,-11.6317883,-77.2067298,PE-1N,66.71638002847833
2025-06-05,2025,6,3,0,1,0,ATROPELLO FUGA,IMPRUDENCIA DEL PEATÓN,ASFALTADA,CARRETERA,NACIONAL,CUSCO,CANCHIS,SICUANI,-14.2450833,-71.2497778,PE-3S,1109.514299565812
2025-06-06,2025,6,4,0,1,1,DESPISTE,IMPRUDENCIA DEL CONDUCTOR,ASFALTADA,CARRETERA,NACIONAL,CAJAMARCA,CHOTA,HUAMBOS,-6.454806,-79.030885,PE-06A,154.2793236159803
2025-06-06,2025,6,4,0,1,0,DESPISTE,EN PROCESO DE INVESTIGACIÓN,ASFALTADA,CARRETERA,NACIONAL,ANCASH,HUARI,MASIN,-9.38918892740591,-77.1257572126644,PE-14A,86.46467927508088
2025-06-07,2025,6,5,0,2,6,DESPISTE,IMPRUDENCIA DEL CONDUCTOR,ASFALTADA,CARRETERA,NACIONAL,CUSCO,ESPINAR,OCORURO,-15.028045,-71.144682,PE-34J,96.5786610909814
2025-06-08,2025,6,6,0,2,0,CHOQUE,IMPRUDENCIA DEL CONDUCTOR,ASFALTADA,CARRETERA,NACIONAL,SAN MARTIN,MOYOBAMBA,MOYOBAMBA,-6.046523,-77.002287,PE-5N,1060.9570117624626
2025-06-09,2025,6,0,0,1,0,CAÍDA DE PASAJERO,IMPRUDENCIA DEL CONDUCTOR,ASFALTADA,CARRETERA,NACIONAL,CAJAMARCA,CONTUMAZA,TANTARICA,-7.219227,-78.912695,PE-08,82.32847462392145
2025-06-12,2025,6,3,0,3,1,CHOQUE,IMPRUDENCIA DEL CONDUCTOR,ASFALTADA,CARRETERA,NACIONAL,CUSCO,ESPINAR,OCORURO,-15.036943,-71.138333,PE-34J,95.34767547973875
2025-06-12,2025,6,3,0,1,0,DESPISTE,IMPRUDENCIA DEL CONDUCTOR,ASFALTADA,CARRETERA,NACIONAL,CUSCO,CANCHIS,TINTA,-14.117843,-71.415313,PE-3S,1085.4100907937643
2025-06-13,2025,6,4,0,1,0,ATROPELLO FUGA,EN PROCESO DE INVESTIGACIÓN,ASFALTADA,CARRETERA,NACIONAL,AREQUIPA,AREQUIPA,CERRO COLORADO,-16.3961866718,-71.5837398566,PE-34A,36.96868884092914
2025-06-13,2025,6,4,0,1,1,DESPISTE,EN PROCESO DE INVESTIGACIÓN,ASFALTADA,CARRETERA,NACIONAL,AREQUIPA,CAYLLOMA,SAN ANTONIO DE CHUCA,-15.67704,-71.05146,PE-34J,12.566687597124096
2025-06-15,2025,6,6,0,1,0,ATROPELLO FUGA,EN PROCESO DE INVESTIGACIÓN,ASFALTADA,CARRETERA,NACIONAL,LIMA,HUARAL,CHANCAY,-11.4857237,-77.3058397,PE-1N,91.86963199823214
2025-06-16,2025,6,0,0,1,0,CHOQUE,IMPRUDENCIA DEL CONDUCTOR,ASFALTADA,CARRETERA,NACIONAL,SAN MARTIN,RIOJA,RIOJA,-6.033405,-77.203167,PE-5N,1085.3978473456075
2025-06-16,2025,6,0,0,4,0,DESPISTE,IMPRUDENCIA DEL CONDUCTOR,ASFALTADA,CARRETERA,NACIONAL,CUSCO,URUBAMBA,OLLANTAYTAMBO,-13.135677,-72.288038,PE-28B,567.9107025308823
2025-06-21,2025,6,5,0,1,0,CHOQUE FUGA,EN PROCESO DE INVESTIGACIÓN,ASFALTADA,CARRETERA,NACIONAL,SAN MARTIN,RIOJA,AWAJUN,-5.795907,-77.410965,PE-5N,1121.664405053006
2025-06-22,2025,6,6,0,1,0,DESPISTE,EN PROCESO DE INVESTIGACIÓN,ASFALTADA,CARRETERA,NACIONAL,AREQUIPA,AREQUIPA,CERRO COLORADO,-16.402334,-71.584648,PE-34A,36.27624757220686
2025-06-24,2025,6,1,0,1,0,ATROPELLO FUGA,EN PROCESO DE INVESTIGACIÓN,ASFALTADA,CARRETERA,NACIONAL,ANCASH,YUNGAY,SHUPLUY,-9.21178479661363,-77.6899685334868,PE-3N,624.5761568672332
2025-06-25,2025,6,2,0,1,0,CHOQUE,IMPRUDENCIA DEL CONDUCTOR,ASFALTADA,CARRETERA,NACIONAL,SAN MARTIN,RIOJA,RIOJA,-6.05309342957726,-77.1569169372298,PE-5N,1079.6378581554563
2025-06-25,2025,6,2,0,1,0,CHOQUE FUGA,IMPRUDENCIA DEL CONDUCTOR,ASFALTADA,CARRETERA,NACIONAL,TUMBES,ZARUMILLA,AGUAS VERDES,-3.48288912295238,-80.25399492671777,PE-1NO,5.714538268736439
2025-06-26,2025,6,3,0,1,0,CHOQUE,IMPRUDENCIA DEL CONDUCTOR,ASFALTADA,CARRETERA,NACIONAL,CUSCO,CALCA,CALCA,-13.311600078030777,-71.99790816043749,PE-28B,637.1992512422302
2025-06-27,2025,6,4,0,1,0,ATROPELLO FUGA,EN PROCESO DE INVESTIGACIÓN,ASFALTADA,CARRETERA,NACIONAL,LIMA,HUARAL,AUCALLAMA,-11.6109195,-77.224728,PE-1N,74.18271040446913
2025-06-28,2025,6,5,0,1,0,ATROPELLO FUGA,EN PROCESO DE INVESTIGACIÓN,ASFALTADA,CARRETERA,NACIONAL,LIMA,HUARAL,CHANCAY,-11.5593801,-77.266452,PE-1N,82.42894949590169
2025-06-28,2025,6,5,0,2,1,ATROPELLO,EN PROCESO DE INVESTIGACIÓN,ASFALTADA,CARRETERA,NACIONAL,SAN MARTIN,RIOJA,RIOJA,-6.035876,-77.198682,PE-5N,1084.8315992170046
2025-06-29,2025,6,6,0,1,0,DESPISTE,IMPRUDENCIA DEL CONDUCTOR,ASFALTADA,CARRETERA,NACIONAL,CUSCO,CANCHIS,SICUANI,-14.2252068611055,-71.2835592700151,PE-3S,1105.025661240181
2025-06-29,2025,6,6,0,2,2,CHOQUE,EN PROCESO DE INVESTIGACIÓN,ASFALTADA,CARRETERA,NACIONAL,AREQUIPA,AREQUIPA,YURA,-16.271093,-71.667534,PE-34A,57.50065639099479
2025-06-29,2025,6,6,0,1,0,CHOQUE,EN PROCESO DE INVESTIGACIÓN,ASFALTADA,CARRETERA,NACIONAL,ANCASH,HUAYLAS,CARAZ,-9.05406193186759,-77.8023460127285,PE-3N,647.7688907106998
2025-06-30,2025,6,0,0,1,0,CHOQUE,EN PROCESO DE INVESTIGACIÓN,ASFALTADA,CARRETERA,NACIONAL,AREQUIPA,AREQUIPA,LA JOYA,-16.5254121813254,-71.7496378314202,PE-34A,3.9792818860744097
2025-06-30,2025,6,0,0,1,2,CHOQUE,IMPRUDENCIA DEL CONDUCTOR,ASFALTADA,CARRETERA,NACIONAL,CUSCO,ESPINAR,OCORURO,-15.0239342123667,-71.147741990517,PE-34J,97.13877998090416
2025-07-01,2025,7,1,0,1,0,CHOQUE FUGA,EN PROCESO DE INVESTIGACIÓN,ASFALTADA,CARRETERA,NACIONAL,LIMA,HUARAL,CHANCAY,-11.5296755,-77.2870452,PE-1N,86.542999513515
2025-07-01,2025,7,1,0,1,1,CHOQUE,IMPRUDENCIA DEL CONDUCTOR,ASFALTADA,CARRETERA,NACIONAL,CAJAMARCA,CAJAMARCA,NAMORA,-7.209202,-78.309549,PE-3N,1244.430694403036
2025-07-02,2025,7,2,0,1,0,CAÍDA DE PASAJERO,IMPRUDENCIA DEL PASAJERO/OCUPANTE,ASFALTADA,CARRETERA,NACIONAL,CAJAMARCA,HUALGAYOC,HUALGAYOC,-6.760404,-78.596958,PE-3N,1367.437004091815
2025-07-02,2025,7,2,0,1,6,CHOQUE,EN PROCESO DE INVESTIGACIÓN,ASFALTADA,CARRETERA,NACIONAL,AREQUIPA,AREQUIPA,LA JOYA,-16.5262200143498,-71.7499969756807,PE-34A,3.8772904921817744
2025-07-06,2025,7,6,0,1,0,CHOQUE,EN PROCESO DE INVESTIGACIÓN,ASFALTADA,CARRETERA,NACIONAL,AREQUIPA,CARAVELI,CHAPARRA,-15.756718921111904,-73.90493579492664,PE-32,36.98495794179836
2025-07-08,2025,7,1,0,1,1,CHOQUE,IMPRUDENCIA DEL CONDUCTOR,ASFALTADA,CARRETERA,NACIONAL,SAN MARTIN,RIOJA,ELIAS SOPLIN VARGAS,-5.98235006894237,-77.2868922160946,PE-5N,1096.3897869040445
2025-07-10,2025,7,3,0,1,0,CHOQUE,EN PROCESO DE INVESTIGACIÓN,ASFALTADA,CARRETERA,NACIONAL,SAN MARTIN,MOYOBAMBA,MOYOBAMBA,-6.04195,-76.96433,PE-5N,1056.4099479534966
2025-07-10,2025,7,3,0,2,0,DESPISTE,IMPRUDENCIA DEL CONDUCTOR,TROCHA,CARRETERA,NACIONAL,AYACUCHO,VICTOR FAJARDO,CAYARA,-13.783266372970528,-74.00632537808602,PE-32A,243.0377481038216
2025-07-12,2025,7,5,0,1,0,CHOQUE,IMPRUDENCIA DEL CONDUCTOR,ASFALTADA,CARRETERA,NACIONAL,CUSCO,QUISPICANCHI,CUSIPATA,-13.905138132634129,-71.49932218441477,PE-3S,1056.0441985962673
2025-07-12,2025,7,5,0,1,0,DESPISTE,EN PROCESO DE INVESTIGACIÓN,ASFALTADA,CARRETERA,NACIONAL,SAN MARTIN,RIOJA,RIOJA,-6.009613,-77.246935,PE-5N,1090.9070011318763
2025-07-12,2025,7,5,0,1,0,ATROPELLO,IMPRUDENCIA DEL PEATÓN,ASFALTADA,CARRETERA,NACIONAL,CUSCO,CANCHIS,SICUANI,-14.2257772682344,-71.2828126982739,PE-3S,1105.1280105884618
2025-07-13,2025,7,6,0,1,0,ATROPELLO,IMPRUDENCIA DEL CONDUCTOR,ASFALTADA,CARRETERA,NACIONAL,CUSCO,CANCHIS,SICUANI,-14.2445622,-71.2604167,PE-3S,1108.3190712451762
2025-07-14,2025,7,0,0,1,0,DESPISTE,EN PROCESO DE INVESTIGACIÓN,ASFALTADA,CARRETERA,NACIONAL,SAN MARTIN,LAMAS,ALONSO DE ALVARADO,-6.23185347719985,-76.8079859651585,PE-5N,1024.2036844514596
2025-07-14,2025,7,0,0,1,0,CHOQUE,IMPRUDENCIA DEL CONDUCTOR,ASFALTADA,CARRETERA,NACIONAL,CAJAMARCA,CAJAMARCA,CAJAMARCA,-7.080033,-78.592559,PE-3N,1298.8448210195745
2025-07-15,2025,7,1,0,3,1,CHOQUE,EN PROCESO DE INVESTIGACIÓN,ASFALTADA,CARRETERA,NACIONAL,AREQUIPA,AREQUIPA,VITOR,-16.445773,-71.974013,PE-1S,940.166475475325
2025-07-19,2025,7,5,0,1,0,CHOQUE,EN PROCESO DE INVESTIGACIÓN,ASFALTADA,CARRETERA,NACIONAL,HUANCAVELICA,HUANCAVELICA,HUANDO,-12.5714538179204,-74.95389574736303,PE-26,282.790271337235
2025-07-20,2025,7,6,0,1,0,ATROPELLO,IMPRUDENCIA DEL CONDUCTOR,ASFALTADA,CARRETERA,NACIONAL,AYACUCHO,HUAMANGA,AYACUCHO,-13.184936792494174,-74.25735360645346,PE-28A,322.3705726325148
2025-07-20,2025,7,6,0,1,0,DESPISTE,IMPRUDENCIA DEL CONDUCTOR,ASFALTADA,CARRETERA,NACIONAL,CAJAMARCA,SAN IGNACIO,SAN IGNACIO,-5.165646,-78.910036,PE-5N,1473.1078686560102
2025-07-20,2025,7,6,0,1,0,DESPISTE,EN PROCESO DE INVESTIGACIÓN,,CARRETERA,NACIONAL,CAJAMARCA,CHOTA,CHOTA,-6.61774078358485,-78.5857917696024,PE-3N,1409.0733929307623
2025-07-20,2025,7,6,0,1,0,CHOQUE,IMPRUDENCIA DEL CONDUCTOR,ASFALTADA,CARRETERA,NACIONAL,AYACUCHO,HUANTA,HUANTA,-12.930705,-74.262873,PE-3S,336.4530900663001
2025-07-22,2025,7,1,0,1,0,CHOQUE FUGA,EN PROCESO DE INVESTIGACIÓN,ASFALTADA,CARRETERA,NACIONAL,LIMA,HUARAL,CHANCAY,-11.4326752,-77.362552,PE-1N,101.1907823552262
2025-07-24,2025,7,3,0,1,1,CHOQUE,IMPRUDENCIA DEL CONDUCTOR,ASFALTADA,CARRETERA,NACIONAL,TUMBES,TUMBES,CORRALES,-3.594363347555513,-80.4805451009477,PE-1N,1274.132888798781
2025-07-24,2025,7,3,0,1,0,DESPISTE,EN PROCESO DE INVESTIGACIÓN,TROCHA,CARRETERA,NACIONAL,ANCASH,RECUAY,CATAC,-9.90924235989658,-77.3916342984006,PE-3N,535.4586773799309
2025-07-24,2025,7,3,0,1,0,ATROPELLO,EN PROCESO DE INVESTIGACIÓN,ASFALTADA,CARRETERA,NACIONAL,AREQUIPA,AREQUIPA,UCHUMAYO,-16.407988,-71.609071,PE-34A,33.26297914692508
2025-07-26,2025,7,5,0,1,1,DESPISTE,IMPRUDENCIA DEL CONDUCTOR,AFIRMADO,CARRETERA,NACIONAL,CUSCO,CHUMBIVILCAS,VELILLE,-14.546139,-71.903889,PE-3SG,145.32588609494425
2025-07-26,2025,7,5,0,2,4,DESPISTE,EN PROCESO DE INVESTIGACIÓN,ASFALTADA,CARRETERA,NACIONAL,HUANCAVELICA,HUAYTARA,PILPICHACA,-13.4404584330898,-74.9609379249257,PE-28A,180.71680394858512
2025-07-29,2025,7,1,0,1,0,DESPISTE,EN PROCESO DE INVESTIGACIÓN,ASFALTADA,CARRETERA,NACIONAL,SAN MARTIN,MOYOBAMBA,JEPELACIO,-6.162995,-76.83646,PE-5N,1033.6496871123816
2025-07-29,2025,7,1,0,1,0,CHOQUE,IMPRUDENCIA DEL CONDUCTOR,ASFALTADA,CARRETERA,NACIONAL,TUMBES,CONTRALMIRANTE VILLAR,ZORRITOS,-3.7147262790658586,-80.73764025306184,PE-1N,1240.7277827595908
2025-08-02,2025,8,5,0,2,0,ATROPELLO FUGA,EN PROCESO DE INVESTIGACIÓN,ASFALTADA,CARRETERA,NACIONAL,AREQUIPA,AREQUIPA,CERRO COLORADO,-16.351566,-71.580756,PE-34A,42.33367006725777
2025-08-03,2025,8,6,0,2,2,CHOQUE,IMPRUDENCIA DEL CONDUCTOR,ASFALTADA,CARRETERA,NACIONAL,CUSCO,ESPINAR,PALLPATA,-14.916305,-71.193779,PE-34J,112.18126748573864
2025-08-03,2025,8,6,0,1,1,DESPISTE,IMPRUDENCIA DEL CONDUCTOR,ASFALTADA,CARRETERA,NACIONAL,CUSCO,QUISPICANCHI,CAMANTI,-13.224433,-70.7423,PE-30C,191.1263082759808
2025-08-04,2025,8,0,0,1,2,CHOQUE,IMPRUDENCIA DEL CONDUCTOR,ASFALTADA,CARRETERA,NACIONAL,TUMBES,ZARUMILLA,PAPAYAL,-3.5270681428462614,-80.35939572108758,PE-1N,1290.2305712360787
2025-08-09,2025,8,5,0,1,1,CHOQUE,IMPRUDENCIA DEL CONDUCTOR,ASFALTADA,CARRETERA,NACIONAL,AYACUCHO,LUCANAS,LUCANAS,-14.6623,-74.386078,PE-30A,91.0123783551599
2025-08-09,2025,8,5,0,2,11,CHOQUE,EN PROCESO DE INVESTIGACIÓN,ASFALTADA,CARRETERA,NACIONAL,AREQUIPA,AREQUIPA,YURA,-16.069505,-71.572433,PE-34A,92.2725086877773
2025-08-10,2025,8,6,0,1,0,CHOQUE,EN PROCESO DE INVESTIGACIÓN,ASFALTADA,CARRETERA,NACIONAL,SAN MARTIN,MOYOBAMBA,CALZADA,-6.038646,-77.081384,PE-5N,1070.3268791311004
2025-08-13,2025,8,2,0,3,4,CHOQUE,EN PROCESO DE INVESTIGACIÓN,,CARRETERA,NACIONAL,CUSCO,QUISPICANCHI,OROPESA,-13.595443,-71.781486,PE-3S,995.662784096223
2025-08-15,2025,8,4,0,1,0,CHOQUE,IMPRUDENCIA DEL CONDUCTOR,ASFALTADA,CARRETERA,NACIONAL,AYACUCHO,HUAMANGA,QUINUA,-13.0615749435509,-74.16638307526644,PE-28B,12.92725147606172
2025-08-17,2025,8,6,0,1,0,DESPISTE,IMPRUDENCIA DEL CONDUCTOR,ASFALTADA,CARRETERA,NACIONAL,CUSCO,LA CONVENCION,HUAYOPATA,-13.0044258790302,-72.5073675104983,PE-28B,502.5168667660752
2025-08-19,2025,8,1,0,1,0,ATROPELLO,IMPRUDENCIA DEL PEATÓN,ASFALTADA,CARRETERA,NACIONAL,CUSCO,CANCHIS,SICUANI,-14.310066876000374,-71.20737808213053,PE-3S,1119.6552809066256
2025-08-23,2025,8,5,0,3,0,CHOQUE FUGA,IMPRUDENCIA DEL CONDUCTOR,ASFALTADA,CARRETERA,NACIONAL,AYACUCHO,HUAMANGA,ANDRES AVELINO CACERES DORREGARAY,-13.161954486572489,-74.217768271299,PE-3S,385.9848090260684
2025-08-23,2025,8,5,0,1,0,ATROPELLO FUGA,IMPRUDENCIA DEL PEATÓN,ASFALTADA,CARRETERA,NACIONAL,AYACUCHO,HUAMANGA,SAN JUAN BAUTISTA,-13.195297,-74.202945,PE-3S,395.7301198636269
2025-08-25,2025,8,0,0,1,2,VOLCADURA,NEGLIGENCIA DEL CONDUCTOR,ASFALTADA,CARRETERA,NACIONAL,HUANCAVELICA,HUAYTARA,PILPICHACA,-13.3475197344348,-74.6916430396068,PE-28A,243.6122556998177
2025-08-27,2025,8,2,0,2,0,DESPISTE,EN PROCESO DE INVESTIGACIÓN,ASFALTADA,CARRETERA,NACIONAL,HUANCAVELICA,CASTROVIRREYNA,CAPILLAS,-13.368891,-75.771641,PE-26,48.73715272103175
2025-08-30,2025,8,5,0,2,35,DESPISTE,IMPRUDENCIA DEL CONDUCTOR,ASFALTADA,CARRETERA,NACIONAL,CUSCO,ANTA,CACHIMAYO,-13.489751,-72.061916,PE-3S,956.4407085598648
2025-08-31,2025,8,6,0,1,0,ATROPELLO,IMPRUDENCIA DEL PEATÓN,ASFALTADA,CARRETERA,NACIONAL,CUSCO,ANTA,ANCAHUASI,-13.4613157,-72.289675,PE-3S,928.0050906877334
2025-08-31,2025,8,6,0,1,1,DESPISTE,IMPRUDENCIA DEL CONDUCTOR,ASFALTADA,CARRETERA,NACIONAL,TUMBES,CONTRALMIRANTE VILLAR,CANOAS DE PUNTA SAL,-3.9516883245415135,-80.94752307923065,PE-1N,1202.8851070788533
2025-09-01,2025,9,0,0,1,0,DESPISTE,EN PROCESO DE INVESTIGACIÓN,ASFALTADA,CARRETERA,NACIONAL,SAN MARTIN,MOYOBAMBA,CALZADA,-6.041788,-77.13269,PE-5N,1076.3523798925114
2025-09-01,2025,9,0,0,1,0,ATROPELLO,IMPRUDENCIA DEL CONDUCTOR,ASFALTADA,CARRETERA,NACIONAL,CUSCO,QUISPICANCHI,CCATCA,-13.622459,-71.546893,PE-30C,26.98192142541346
2025-09-01,2025,9,0,0,1,0,ATROPELLO FUGA,EN PROCESO DE INVESTIGACIÓN,,CARRETERA,NACIONAL,AYACUCHO,HUAMANGA,VINCHOS,-13.357008,-74.414337,PE-28A,279.8065620939905
2025-09-03,2025,9,2,0,1,0,CHOQUE,IMPRUDENCIA DEL CONDUCTOR,ASFALTADA,CARRETERA,NACIONAL,AYACUCHO,CANGALLO,PARAS,-13.352814223552134,-74.6544330697182,PE-28A,249.17748455538865
2025-09-04,2025,9,3,0,1,0,DESPISTE,EN PROCESO DE INVESTIGACIÓN,AFIRMADO,CARRETERA,NACIONAL,HUANCAVELICA,HUAYTARA,PILPICHACA,-13.328889,-74.992257,PE-28E,8.457666389933138
2025-09-05,2025,9,4,0,1,1,CHOQUE,IMPRUDENCIA DEL CONDUCTOR,ASFALTADA,CARRETERA,NACIONAL,AREQUIPA,CAYLLOMA,SAN ANTONIO DE CHUCA,-15.86967,-71.137238,PE-34A,159.34282379228645
2025-09-05,2025,9,4,0,1,0,VOLCADURA,IMPRUDENCIA DEL CONDUCTOR,ASFALTADA,CARRETERA,NACIONAL,CUSCO,CHUMBIVILCAS,COLQUEMARCA,-14.336007306413311,-71.95862143020156,PE-3SY,
2025-09-05,2025,9,4,0,3,0,CHOQUE,IMPRUDENCIA DEL CONDUCTOR,ASFALTADA,CARRETERA,NACIONAL,SAN MARTIN,RIOJA,NUEVA CAJAMARCA,-5.826285,-77.372659,PE-5N,1116.2527752126596
2025-09-06,2025,9,5,0,1,1,DESPISTE,EN PROCESO DE INVESTIGACIÓN,ASFALTADA,CARRETERA,NACIONAL,AREQUIPA,AREQUIPA,YURA,-16.24303793358947,-71.67024990420613,PE-34A,62.77357075817408
2025-09-08,2025,9,0,0,1,0,CHOQUE CON OBJETO FIJO,EN PROCESO DE INVESTIGACIÓN,ASFALTADA,CARRETERA,NACIONAL,SAN MARTIN,RIOJA,PARDO MIGUEL,-5.733252,-77.506772,PE-5N,1134.640381150405
2025-09-09,2025,9,1,0,1,0,CHOQUE FUGA,IMPRUDENCIA DEL CONDUCTOR,ASFALTADA,CARRETERA,NACIONAL,AYACUCHO,HUAMANGA,SAN JUAN BAUTISTA,-13.200099,-74.205363,PE-3S,396.40170847254416
2025-09-09,2025,9,1,0,1,0,DESPISTE,IMPRUDENCIA DEL CONDUCTOR,AFIRMADO,CARRETERA,NACIONAL,CUSCO,CHUMBIVILCAS,SANTO TOMAS,-14.479037,-72.093613,PE-3SG,99.15462370094484
2025-09-09,2025,9,1,0,1,1,DESPISTE,IMPRUDENCIA DEL CONDUCTOR,ASFALTADA,CARRETERA,NACIONAL,AYACUCHO,HUAMANGA,CHIARA,-13.384927044679095,-74.19011049669709,PE-32A,333.18211837954345
2025-09-10,2025,9,2,0,1,1,CHOQUE,IMPRUDENCIA DEL CONDUCTOR,ASFALTADA,CARRETERA,NACIONAL,CUSCO,CANCHIS,TINTA,-14.15364,-71.391025,PE-3S,1090.267157531328
2025-09-12,2025,9,4,0,1,0,ATROPELLO FUGA,IMPRUDENCIA DEL CONDUCTOR,ASFALTADA,CARRETERA,NACIONAL,CUSCO,LA CONVENCION,SANTA ANA,-12.944911,-72.670273,PE-28B,472.661546322178
2025-09-15,2025,9,0,0,1,0,CHOQUE,EN PROCESO DE INVESTIGACIÓN,ASFALTADA,CARRETERA,NACIONAL,AREQUIPA,CAYLLOMA,CALLALLI,-15.530523,-71.055222,PE-34J,29.419128023507696
2025-09-15,2025,9,0,0,1,1,CHOQUE,IMPRUDENCIA DEL CONDUCTOR,ASFALTADA,CARRETERA,NACIONAL,SAN MARTIN,MOYOBAMBA,MOYOBAMBA,-6.044842,-77.008884,PE-5N,1061.848144110858
2025-09-16,2025,9,1,0,2,0,CHOQUE,IMPRUDENCIA DEL CONDUCTOR,ASFALTADA,CARRETERA,NACIONAL,CUSCO,URUBAMBA,OLLANTAYTAMBO,-13.242697,-72.293616,PE-28B,598.8397375678011
2025-09-16,2025,9,1,0,1,0,ATROPELLO FUGA,EN PROCESO DE INVESTIGACIÓN,ASFALTADA,CARRETERA,NACIONAL,AREQUIPA,AREQUIPA,LA JOYA,-16.726349,-71.870022,PE-1S,991.8037626913064
2025-09-17,2025,9,2,0,1,4,DESPISTE,IMPRUDENCIA DEL CONDUCTOR,ASFALTADA,CARRETERA,NACIONAL,AYACUCHO,CANGALLO,PARAS,-13.354,-74.792,PE-28A,231.4846352115548
2025-09-17,2025,9,2,0,1,0,ATROPELLO FUGA,EN PROCESO DE INVESTIGACIÓN,ASFALTADA,CARRETERA,NACIONAL,LIMA,HUAURA,HUACHO,-11.4099354,-77.3765669,PE-1N,104.1729224275433
2025-09-20,2025,9,5,0,1,0,ATROPELLO,IMPRUDENCIA DEL PEATÓN,CONCRETO,CARRETERA,NACIONAL,CUSCO,CANCHIS,SICUANI,-14.29031,-71.221327,PE-3S,1116.9951079415675
2025-09-20,2025,9,5,0,1,0,DESPISTE,EN PROCESO DE INVESTIGACIÓN,CONCRETO,CARRETERA,NACIONAL,HUANCAVELICA,ACOBAMBA,PAUCARA,-12.665855,-74.712145,PE-3SM,56.26370980269187
2025-09-20,2025,9,5,0,1,0,ATROPELLO,IMPRUDENCIA DEL CONDUCTOR,CONCRETO,CARRETERA,NACIONAL,CUSCO,CUSCO,WANCHAQ,-13.532413,-71.962001,PE-3S,974.1533305953136
2025-09-27,2025,9,5,0,1,0,CHOQUE,EN PROCESO DE INVESTIGACIÓN,ASFALTADA,CARRETERA,NACIONAL,SAN MARTIN,MOYOBAMBA,CALZADA,-6.04457,-77.144425,PE-5N,1077.930872175366
2025-09-28,2025,9,6,0,1,0,DESPISTE,IMPRUDENCIA DEL CONDUCTOR,ASFALTADA,CARRETERA,NACIONAL,AYACUCHO,HUAMANGA,ACOCRO,-13.414866,-73.967526,PE-3S,465.9644766943469
2025-10-02,2025,10,3,0,1,6,CHOQUE,EN PROCESO DE INVESTIGACIÓN,ASFALTADA,CARRETERA,NACIONAL,AREQUIPA,CAYLLOMA,SAN ANTONIO DE CHUCA,-15.8505087913192,-71.1140051338093,PE-34A,162.6399852633888
2025-10-02,2025,10,3,0,3,1,CHOQUE,IMPRUDENCIA DEL CONDUCTOR,ASFALTADA,CARRETERA,NACIONAL,CUSCO,QUISPICANCHI,OCONGATE,-13.617150416740582,-71.25246657565249,PE-30C,75.25936578338415
2025-10-06,2025,10,0,0,1,1,CHOQUE,IMPRUDENCIA DEL CONDUCTOR,ASFALTADA,CARRETERA,NACIONAL,CUSCO,QUISPICANCHI,CUSIPATA,-13.932017,-71.503561,PE-3S,1059.4389781545613
2025-10-06,2025,10,0,0,1,0,ATROPELLO FUGA,EN PROCESO DE INVESTIGACIÓN,ASFALTADA,CARRETERA,NACIONAL,SAN MARTIN,RIOJA,RIOJA,-6.049896,-77.17306,PE-5N,1081.5999167782843
2025-10-07,2025,10,1,0,1,1,CHOQUE,IMPRUDENCIA DEL CONDUCTOR,ASFALTADA,CARRETERA,NACIONAL,AYACUCHO,HUANTA,HUANTA,-12.941257,-74.251382,PE-3S,338.4031014089712
2025-10-08,2025,10,2,0,2,0,CHOQUE,IMPRUDENCIA DEL CONDUCTOR,ASFALTADA,CARRETERA,NACIONAL,CUSCO,QUISPICANCHI,URCOS,-13.650235,-71.592558,PE-30C,14.732285181396376
2025-10-11,2025,10,5,0,1,0,CHOQUE,IMPRUDENCIA DEL CONDUCTOR,ASFALTADA,CARRETERA,NACIONAL,AREQUIPA,AREQUIPA,CERRO COLORADO,-16.393403,-71.583374,PE-34A,37.28199696583509
2025-10-11,2025,10,5,0,9,0,DESPISTE,IMPRUDENCIA DEL CONDUCTOR,ASFALTADA,CARRETERA,NACIONAL,HUANCAVELICA,TAYACAJA,PAMPAS,-12.503808764420713,-74.84291259122247,PE-3S,214.5984222716444
2025-10-11,2025,10,5,0,1,0,ATROPELLO,EN PROCESO DE INVESTIGACIÓN,ASFALTADA,CARRETERA,NACIONAL,SAN MARTIN,RIOJA,NUEVA CAJAMARCA,-5.90214823812371,-77.3268810992615,PE-5N,1106.3097164435565
2025-10-12,2025,10,6,0,1,4,CHOQUE,EN PROCESO DE INVESTIGACIÓN,ASFALTADA,CARRETERA,NACIONAL,SAN MARTIN,RIOJA,NUEVA CAJAMARCA,-5.943543,-77.306208,PE-5N,1101.1870746934417
2025-10-12,2025,10,6,0,1,0,ATROPELLO,EN PROCESO DE INVESTIGACIÓN,ASFALTADA,CARRETERA,NACIONAL,SAN MARTIN,LAMAS,ALONSO DE ALVARADO,-6.25973743865179,-76.7817149577015,PE-5N,1019.820064426429
2025-10-15,2025,10,2,0,1,0,ATROPELLO,IMPRUDENCIA DEL PEATÓN,ASFALTADA,CARRETERA,NACIONAL,SAN MARTIN,RIOJA,PARDO MIGUEL,-5.7307818955892,-77.5299189207874,PE-5N,1137.3440597899405
2025-10-17,2025,10,4,0,1,0,CHOQUE,IMPRUDENCIA DEL CONDUCTOR,ASFALTADA,CARRETERA,NACIONAL,HUANCAVELICA,ACOBAMBA,ROSARIO,-12.7727366,-74.5922933,PE-3SM,82.29884792791007
2025-10-18,2025,10,5,0,1,0,ATROPELLO,IMPRUDENCIA DEL PEATÓN,ASFALTADA,CARRETERA,NACIONAL,CUSCO,CANCHIS,SICUANI,-14.309416,-71.207773,PE-3S,1119.5718583453047
2025-10-21,2025,10,1,0,1,2,CHOQUE,IMPRUDENCIA DEL CONDUCTOR,ASFALTADA,CARRETERA,NACIONAL,SAN MARTIN,RIOJA,RIOJA,-6.04139014457038,-77.1883271275821,PE-5N,1083.5342779891166
2025-10-22,2025,10,2,0,1,2,DESPISTE,EN PROCESO DE INVESTIGACIÓN,ASFALTADA,CARRETERA,NACIONAL,AREQUIPA,AREQUIPA,YURA,-16.035324,-71.40243,PE-34E,2.542604861529984
2025-10-23,2025,10,3,0,2,0,CHOQUE,EN PROCESO DE INVESTIGACIÓN,ASFALTADA,CARRETERA,NACIONAL,AREQUIPA,CARAVELI,ATIQUIPA,-15.834422,-74.293082,PE-1S,608.2525332493051
2025-10-26,2025,10,6,0,1,4,DESPISTE,EN PROCESO DE INVESTIGACIÓN,ASFALTADA,CARRETERA,NACIONAL,AREQUIPA,ISLAY,COCACHACRA,-16.9936099,-71.7304756,PE-1S,1030.3630715647732
2025-10-26,2025,10,6,0,1,0,VOLCADURA,IMPRUDENCIA DEL CONDUCTOR,ASFALTADA,CARRETERA,NACIONAL,SAN MARTIN,MOYOBAMBA,CALZADA,-6.03949550117566,-77.098177417361,PE-5N,1072.182574127021
2025-11-02,2025,11,6,0,1,0,CHOQUE,IMPRUDENCIA DEL CONDUCTOR,ASFALTADA,CARRETERA,NACIONAL,SAN MARTIN,RIOJA,AWAJUN,-5.816409,-77.38497,PE-5N,1117.999760778927
2025-11-05,2025,11,2,0,1,5,CHOQUE,IMPRUDENCIA DEL CONDUCTOR,ASFALTADA,CARRETERA,NACIONAL,HUANCAVELICA,ANGARAES,LIRCAY,-12.979089,-74.736443,PE-26B,68.30329027698384
2025-11-07,2025,11,4,0,1,0,DESPISTE,IMPRUDENCIA DEL CONDUCTOR,ASFALTADA,CARRETERA,NACIONAL,CUSCO,ESPINAR,OCORURO,-15.051019,-71.12941,PE-34J,93.50592027267786
2025-11-08,2025,11,5,0,1,1,CHOQUE,EN PROCESO DE INVESTIGACIÓN,ASFALTADA,CARRETERA,NACIONAL,AREQUIPA,ISLAY,COCACHACRA,-16.980001,-71.781158,PE-1S,1022.3805003130956
2025-11-09,2025,11,6,0,1,1,CHOQUE,NEGLIGENCIA DEL CONDUCTOR,ASFALTADA,CARRETERA,NACIONAL,AREQUIPA,CAMANA,MARISCAL CACERES,-16.500944,-72.929594,PE-1S,801.1432938104368
2025-11-11,2025,11,1,0,1,1,ATROPELLO,IMPRUDENCIA DEL PEATÓN,ASFALTADA,CARRETERA,NACIONAL,CUSCO,CALCA,CALCA,-13.3126008970692,-72.0122844128497,PE-28B,635.5862885575209
2025-11-13,2025,11,3,0,1,0,ATROPELLO FUGA,EN PROCESO DE INVESTIGACIÓN,ASFALTADA,CARRETERA,NACIONAL,LIMA,HUARAL,AUCALLAMA,-11.6039142,-77.2063534,PE-1N,72.03370766072577
2025-11-15,2025,11,5,0,1,1,CHOQUE,IMPRUDENCIA DEL CONDUCTOR,ASFALTADA,CARRETERA,NACIONAL,TUMBES,ZARUMILLA,AGUAS VERDES,-3.4914283,-80.2676616,PE-1NO,3.85023474099689
2025-11-15,2025,11,5,0,1,0,DESPISTE,IMPRUDENCIA DEL CONDUCTOR,ASFALTADA,CARRETERA,NACIONAL,SAN MARTIN,MOYOBAMBA,CALZADA,-6.048196,-77.147931,PE-5N,1078.487519297298
2025-11-16,2025,11,6,0,1,1,CHOQUE,EN PROCESO DE INVESTIGACIÓN,ASFALTADA,CARRETERA,NACIONAL,AREQUIPA,CAYLLOMA,SAN ANTONIO DE CHUCA,-15.819738,-71.07154,PE-34A,168.46000476265354
2025-11-21,2025,11,4,0,1,0,CHOQUE,EN PROCESO DE INVESTIGACIÓN,ASFALTADA,CARRETERA,NACIONAL,AREQUIPA,AREQUIPA,LA JOYA,-16.677733,-71.870904,PE-1S,986.417246179295
2025-11-23,2025,11,6,0,1,0,DESPISTE,EN PROCESO DE INVESTIGACIÓN,ASFALTADA,CARRETERA,NACIONAL,LIMA,HUARAL,AUCALLAMA,-11.6070792,-77.2143235,PE-1N,72.97081922778125
2025-11-23,2025,11,6,0,1,1,ATROPELLO,IMPRUDENCIA DEL CONDUCTOR,ASFALTADA,CARRETERA,NACIONAL,TUMBES,ZARUMILLA,ZARUMILLA,-3.5084116,-80.2982707,PE-1N,1297.3272561585109
2025-11-29,2025,11,5,0,1,2,CHOQUE,IMPRUDENCIA DEL CONDUCTOR,ASFALTADA,CARRETERA,NACIONAL,TUMBES,TUMBES,CORRALES,-3.5892631,-80.4766528,PE-1N,1274.8310901687114
2025-11-30,2025,11,6,0,2,0,CHOQUE,EN PROCESO DE INVESTIGACIÓN,ASFALTADA,CARRETERA,NACIONAL,AREQUIPA,CAYLLOMA,MAJES,-16.391638,-72.20298,PE-1S,906.8251782572748
2025-11-30,2025,11,6,0,1,0,ATROPELLO,EN PROCESO DE INVESTIGACIÓN,ASFALTADA,CARRETERA,NACIONAL,SAN MARTIN,RIOJA,AWAJUN,-5.79701341737171,-77.4096056460597,PE-5N,1121.4704423135197
2025-12-01,2025,12,0,0,1,0,ATROPELLO FUGA,EN PROCESO DE INVESTIGACIÓN,ASFALTADA,CARRETERA,NACIONAL,SAN MARTIN,RIOJA,NUEVA CAJAMARCA,-5.860813,-77.347487,PE-5N,1111.4217689916045
2025-12-02,2025,12,1,0,1,1,CHOQUE,EN PROCESO DE INVESTIGACIÓN,ASFALTADA,CARRETERA,NACIONAL,SAN MARTIN,RIOJA,RIOJA,-6.019445,-77.2288,PE-5N,1088.6256369865548
2025-12-06,2025,12,5,0,1,0,ATROPELLO,EN PROCESO DE INVESTIGACIÓN,ASFALTADA,CARRETERA,NACIONAL,LIMA,HUARAL,CHANCAY,-11.5914173,-77.2572694,PE-1N,78.74110344355688
2025-12-07,2025,12,6,0,1,0,CHOQUE,EN PROCESO DE INVESTIGACIÓN,ASFALTADA,CARRETERA,NACIONAL,LIMA,HUARAL,AUCALLAMA,-11.6729712,-77.1965717,PE-1NA,14.31290568142987
2025-12-07,2025,12,6,0,1,2,CHOQUE,EN PROCESO DE INVESTIGACIÓN,ASFALTADA,CARRETERA,NACIONAL,LIMA,HUARAL,CHANCAY,-11.4694393,-77.3095766,PE-1N,93.75118415918666
2025-12-07,2025,12,6,0,1,0,CHOQUE,EN PROCESO DE INVESTIGACIÓN,ASFALTADA,CARRETERA,NACIONAL,SAN MARTIN,RIOJA,NUEVA CAJAMARCA,-5.96118,-77.29743,PE-5N,1099.005246106249
2025-12-08,2025,12,0,0,1,0,CHOQUE,IMPRUDENCIA DEL CONDUCTOR,ASFALTADA,CARRETERA,NACIONAL,TUMBES,TUMBES,CORRALES,-3.614284,-80.51437,PE-1N,1269.7620932140976
2025-12-12,2025,12,4,0,1,0,ATROPELLO FUGA,EN PROCESO DE INVESTIGACIÓN,ASFALTADA,CARRETERA,NACIONAL,LIMA,HUARAL,AUCALLAMA,-11.676886,-77.1837419,PE-1N,60.746334042346575
2025-12-12,2025,12,4,0,1,0,CHOQUE,EN PROCESO DE INVESTIGACIÓN,ASFALTADA,CARRETERA,NACIONAL,AREQUIPA,CARAVELI,LOMAS,-15.315688,-74.907817,PE-1S,504.1661182010376
2025-12-13,2025,12,5,0,1,0,CHOQUE,EN PROCESO DE INVESTIGACIÓN,ASFALTADA,CARRETERA,NACIONAL,SAN MARTIN,RIOJA,RIOJA,-6.052769,-77.156114,PE-5N,1079.5422849825964
2025-12-15,2025,12,0,0,1,0,DESPISTE,IMPRUDENCIA DEL CONDUCTOR,ASFALTADA,CARRETERA,NACIONAL,SAN MARTIN,RIOJA,NUEVA CAJAMARCA,-5.94353015523087,-77.306147902828,PE-5N,1101.1854483914317
2025-12-15,2025,12,0,0,1,0,CHOQUE FUGA,EN PROCESO DE INVESTIGACIÓN,ASFALTADA,CARRETERA,NACIONAL,AREQUIPA,AREQUIPA,VITOR,-16.432225,-72.005177,PE-1S,936.5129858300854
2025-12-15,2025,12,0,0,1,1,DESPISTE,EN PROCESO DE INVESTIGACIÓN,ASFALTADA,CARRETERA,NACIONAL,SAN MARTIN,MOYOBAMBA,JEPELACIO,-6.098945,-76.869748,PE-5N,1043.261204651649
2025-12-21,2025,12,6,0,1,1,CHOQUE,IMPRUDENCIA DEL CONDUCTOR,ASFALTADA,CARRETERA,NACIONAL,TUMBES,CONTRALMIRANTE VILLAR,ZORRITOS,-3.70561973337602,-80.7177304702349,PE-1N,1243.3911318579012
2025-12-24,2025,12,2,0,2,0,CHOQUE,EN PROCESO DE INVESTIGACIÓN,ASFALTADA,CARRETERA,NACIONAL,AREQUIPA,CAYLLOMA,SAN ANTONIO DE CHUCA,-15.97581,-71.227033,PE-34A,141.347539250877
2025-12-28,2025,12,6,0,1,0,DESPISTE,IMPRUDENCIA DEL CONDUCTOR,ASFALTADA,CARRETERA,NACIONAL,TUMBES,TUMBES,TUMBES,-3.55800500853835,-80.4520372615088,PE-1N,1279.248666925833
