fecha,anio,mes,dia_semana,hora3,fallecidos,heridos,modalidad,depto,via_codigo,kilometro,lat,lon
2020-01-01,2020,1,2,0,0,0,DESPISTE,LIMA,PE-1S,24,-12.246584742503304,-76.93618987426358
2020-01-01,2020,1,2,0,0,0,DESPISTE,CAJAMARCA,PE-3N,74,-10.988632664696013,-76.0298140159235
2020-01-01,2020,1,2,0,0,5,DESPISTE,LIMA,PE-1N,174,-10.91694193899242,-77.66010963900744
2020-01-01,2020,1,2,0,0,1,CHOQUE,ICA,PE-1S,199,-13.48239984615401,-76.13863094744637
2020-01-01,2020,1,2,0,1,1,CHOQUE,ICA,PE-1S,201,-13.500408491038865,-76.14055886983967
2020-01-01,2020,1,2,0,0,1,ATROPELLO,HUANUCO,PE-3N,226,-9.990094944479155,-76.24346845917172
2020-01-01,2020,1,2,0,0,2,DESPISTE,AMAZONAS,PE-5N,263,-9.37826343089786,-75.03360779740137
2020-01-01,2020,1,2,0,0,0,CHOQUE,AREQUIPA,PE-1S,521,-15.456069300049853,-74.86692085264636
2020-01-01,2020,1,2,0,0,5,DESPISTE,LA LIBERTAD,PE-1N,732,-7.058083264723555,-79.57042450172128
2020-01-01,2020,1,2,0,0,2,DESPISTE,LA LIBERTAD,PE-1N,734,-7.044212393211083,-79.58239900161708
2020-01-02,2020,1,3,0,2,16,DESPISTE,AREQUIPA,PE-1SJ,6,-17.06408890182033,-71.72011740343434
2020-01-02,2020,1,3,0,2,1,DESPISTE,TACNA,PE-1SD,8,-16.670198169885573,-72.57000946314521
2020-01-02,2020,1,3,0,0,3,CHOQUE,AREQUIPA,PE-34E,18,-15.927779149849798,-71.37374471241274
2020-01-02,2020,1,3,0,0,0,ESPECIAL,AREQUIPA,PE-34A,34,-16.406894455496545,-71.60232009946931
2020-01-02,2020,1,3,0,1,0,ATROPELLO,LIMA,PE-1N,39,-11.81153439569187,-77.13042173959337
2020-01-02,2020,1,3,0,0,0,DESPISTE,LIMA,PE-1S,81,-12.639890900342412,-76.66894619223838
2020-01-02,2020,1,3,0,0,0,DESPISTE,LIMA,PE-1N,191,-10.82439974547155,-77.7007471042943
2020-01-02,2020,1,3,0,3,41,DESPISTE,PUNO,PE-34H,226,-14.32900856180956,-69.46626222165477
2020-01-02,2020,1,3,0,0,1,DESPISTE,AMAZONAS,PE-08B,294,-6.363163547451908,-77.92105094244381
2020-01-02,2020,1,3,0,0,2,DESPISTE,APURIMAC,PE-3S,370,-13.08493734413944,-74.22723005372004
2020-01-02,2020,1,3,0,0,0,CHOQUE,AREQUIPA,PE-1S,951,-16.481515495271488,-71.90513785084899
2020-01-03,2020,1,4,0,0,2,CHOQUE,LIMA,PE-1S,71,-12.570198805780503,-76.69642422185582
2020-01-03,2020,1,4,0,0,4,CHOQUE,LIMA,PE-1S,81,-12.639890900342412,-76.66894619223838
2020-01-03,2020,1,4,0,0,0,CHOQUE,LIMA,PE-1S,81,-12.639890900342412,-76.66894619223838
2020-01-03,2020,1,4,0,0,3,CHOQUE,LAMBAYEQUE,PE-1N,105,-11.41000137337292,-77.3830893537015
2020-01-03,2020,1,4,0,0,2,DESPISTE,ICA,PE-1S,192,-13.420166072049676,-76.13733472259989
2020-01-03,2020,1,4,0,0,0,DESPISTE,AYACUCHO,PE-28A,233,-13.355416214838,-74.766465279269
2020-01-03,2020,1,4,0,0,1,DESPISTE,ANCASH,PE-3N,388,-9.899706390295291,-76.9405823657208
2020-01-03,2020,1,4,0,0,2,CHOQUE,AREQUIPA,PE-1S,953,-16.482850876228902,-71.88891831664078
2020-01-04,2020,1,5,0,0,4,DESPISTE,JUNIN,PE-3S,37,-11.735716764101268,-75.7455294827613
2020-01-04,2020,1,5,0,0,2,CHOQUE,UCAYALI,PE-5N,41,-10.733377902461903,-75.26545126281104
2020-01-04,2020,1,5,0,0,2,CHOQUE,CAJAMARCA,PE-08B,45,-7.061731878739455,-78.29948696076289
2020-01-04,2020,1,5,0,0,1,DESPISTE,CAJAMARCA,PE-08A,62,-7.065189038029327,-78.6137163851645
2020-01-04,2020,1,5,0,0,2,DESPISTE,LAMBAYEQUE,PE-1N,829,-6.472558792443885,-80.10962815221993
2020-01-05,2020,1,6,0,0,6,CHOQUE,ICA,PE-28A,4,-13.67995800703454,-76.12353796613705
2020-01-05,2020,1,6,0,0,2,CHOQUE,LIMA,PE-1S,21,-12.233941721727907,-76.96055560500984
2020-01-05,2020,1,6,0,0,2,CHOQUE,LIMA,PE-20A,25,-11.78617811740354,-76.98312056734912
2020-01-05,2020,1,6,0,0,0,CHOQUE,JUNIN,PE-5S,45,-10.876895327888365,-74.98477749092497
2020-01-05,2020,1,6,0,0,2,DESPISTE,LIMA,PE-1S,54,-12.433065910990312,-76.75429624325714
2020-01-05,2020,1,6,0,0,5,CHOQUE,LIMA,PE-1N,83,-11.555918348742413,-77.26964221100262
2020-01-05,2020,1,6,0,0,2,CHOQUE,LIMA,PE-1N,106,-11.40837388842147,-77.39117391690948
2020-01-05,2020,1,6,0,0,0,DESPISTE,AREQUIPA,PE-34A,158,-15.876313756886848,-71.14759094840421
2020-01-05,2020,1,6,0,3,4,CHOQUE,ANCASH,PE-1N,309,-9.949463682453224,-78.21179772134653
2020-01-06,2020,1,0,0,0,0,CHOQUE,LIMA,PE-22,10,-12.014765915292111,-76.90390513720499
2020-01-06,2020,1,0,0,0,7,DESPISTE,LA LIBERTAD,PE-5N,20,-10.831369800683277,-75.29146856804354
2020-01-06,2020,1,0,0,0,0,DESPISTE,AYACUCHO,PE-28B,28,-13.01155624035744,-74.12240369045043
2020-01-06,2020,1,0,0,1,0,ATROPELLO,HUANCAVELICA,PE-3S,135,-12.154452673197264,-75.21737414495493
2020-01-06,2020,1,0,0,16,46,CHOQUE,AREQUIPA,PE-1S,571,-15.69636854946354,-74.51150743383263
2020-01-06,2020,1,0,0,0,1,DESPISTE,AREQUIPA,PE-1S,902,-16.414877375664208,-72.24116631900135
2020-01-06,2020,1,0,0,2,5,CHOQUE,AREQUIPA,PE-1S,988,-16.692018099290703,-71.87064469727024
2020-01-07,2020,1,1,0,0,1,CHOQUE,LIMA,PE-1S,29,-12.271264375020683,-76.89771906411094
2020-01-07,2020,1,1,0,0,2,ESPECIAL,HUANCAVELICA,PE-28A,124,-13.604602004186292,-75.31187792953601
2020-01-07,2020,1,1,0,1,0,CHOQUE,CUSCO,PE-3S,155,-12.286136022260148,-75.10549425421279
2020-01-07,2020,1,1,0,0,3,DESPISTE,ANCASH,PE-1N,246,-10.40379926547519,-77.97357161774444
2020-01-07,2020,1,1,0,0,6,DESPISTE,APURIMAC,PE-30A,283,-14.560207151436073,-73.39365471532108
2020-01-07,2020,1,1,0,0,1,DESPISTE,ANCASH,PE-1N,287,-10.11942413504733,-78.12951313843973
2020-01-07,2020,1,1,0,0,1,DESPISTE,ICA,PE-1S,315,-14.21472439876255,-75.70960798522643
2020-01-07,2020,1,1,0,0,2,CHOQUE,ANCASH,PE-3N,629,-9.18767150292918,-77.71499974696863
2020-01-07,2020,1,1,0,0,0,DESPISTE,AREQUIPA,PE-1S,872,-16.5292352858772,-72.4834219545551
2020-01-08,2020,1,2,0,0,1,DESPISTE,JUNIN,PE-22,15,-12.009110258062895,-76.86462725519605
2020-01-08,2020,1,2,0,2,4,DESPISTE,AREQUIPA,PE-34E,23,-15.890242652728162,-71.38016854582028
2020-01-08,2020,1,2,0,0,0,CHOQUE,LIMA,PE-1N,48,-11.746533717388017,-77.1427832539304
2020-01-08,2020,1,2,0,1,0,CHOQUE,HUANCAVELICA,PE-28A,80,-13.566242965586545,-75.53622479550833
2020-01-08,2020,1,2,0,0,2,DESPISTE,AREQUIPA,PE-34A,141,-15.97540547340345,-71.23018207092383
2020-01-08,2020,1,2,0,0,2,DESPISTE,PUNO,PE-34A,205,-15.710261864557385,-70.81635288482103
2020-01-08,2020,1,2,0,0,2,DESPISTE,HUANUCO,PE-3N,272,-9.891619153917302,-76.47723163554225
2020-01-09,2020,1,3,0,0,3,CHOQUE,CAJAMARCA,PE-06B,11,-6.62417385432131,-79.17266339362733
2020-01-09,2020,1,3,0,0,1,CHOQUE,AREQUIPA,PE-34A,88,-16.08524756822264,-71.59753155397208
2020-01-09,2020,1,3,0,0,4,CHOQUE,AREQUIPA,PE-34A,120,-16.060452023281886,-71.35842202328186
2020-01-09,2020,1,3,0,0,0,CHOQUE,JUNIN,PE-22,135,-11.59945645250592,-76.17882190241232
2020-01-09,2020,1,3,0,0,1,ESPECIAL,ANCASH,PE-1N,432,-9.145095154630145,-78.51315023859239
2020-01-09,2020,1,3,0,0,1,ESPECIAL,SAN MARTIN,PE-5N,634,-8.20931834186022,-76.48985248844635
2020-01-09,2020,1,3,0,0,5,DESPISTE,LA LIBERTAD,PE-1N,655,-7.493190150768722,-79.41364949232052
2020-01-10,2020,1,4,0,0,0,CHOQUE,TACNA,PE-1SD,28,-16.709830377680348,-72.43667432194448
2020-01-10,2020,1,4,0,0,5,DESPISTE,LIMA,PE-1S,70,-12.564491612551636,-76.70353879228901
2020-01-10,2020,1,4,0,0,1,DESPISTE,LIMA,PE-1S,129,-12.718464192723818,-76.62264499159544
2020-01-10,2020,1,4,0,1,4,DESPISTE,AREQUIPA,PE-34A,179,-15.764218560835296,-70.99473497219276
2020-01-10,2020,1,4,0,0,6,DESPISTE,AMAZONAS,PE-5N,264,-9.37090110094311,-75.03480394668844
2020-01-10,2020,1,4,0,0,0,ESPECIAL,LA LIBERTAD,PE-1N,506,-8.474150440212366,-78.70879689335314
2020-01-10,2020,1,4,0,0,4,CHOQUE,LA LIBERTAD,PE-1N,620,-7.760332885175515,-79.26757204082433
2020-01-11,2020,1,5,0,0,10,CHOQUE,AREQUIPA,PE-34E,20,-15.91322301423834,-71.3771122315171
2020-01-11,2020,1,5,0,0,2,ATROPELLO,LIMA,PE-1N,22,-11.9378101158105,-77.071652940994
2020-01-11,2020,1,5,0,0,2,ESPECIAL,LIMA,PE-1N,75,-11.613182867318375,-77.23179150617773
2020-01-11,2020,1,5,0,0,0,CHOQUE,LIMA,PE-22,87,-11.78573755939325,-76.33445596411033
2020-01-11,2020,1,5,0,0,0,DESPISTE,CUSCO,PE-28B,101,-12.804869817217105,-73.99282586851385
2020-01-11,2020,1,5,0,0,0,CHOQUE,JUNIN,PE-3S,124,-12.065672229476355,-75.21746714620619
2020-01-11,2020,1,5,0,0,0,CHOQUE,PUNO,PE-34H,131,-14.736741610912183,-69.62088822986983
2020-01-11,2020,1,5,0,0,1,CHOQUE,ICA,PE-1S,187,-13.412506419483764,-76.17985460496799
2020-01-11,2020,1,5,0,0,0,CHOQUE,LA LIBERTAD,PE-1N,518,-8.413170543522254,-78.79639097254264
2020-01-11,2020,1,5,0,0,1,CHOQUE,LAMBAYEQUE,PE-1N,768,-6.867067652913684,-79.81683900592715
2020-01-11,2020,1,5,0,0,0,CHOQUE,AREQUIPA,PE-1S,987,-16.682993038047282,-71.87082728244027
2020-01-11,2020,1,5,0,1,0,CHOQUE,CUSCO,PE-3S,993,-13.587120180094711,-71.80363067310361
2020-01-12,2020,1,6,0,1,1,CHOQUE,LAMBAYEQUE,PE-08,9,-7.305209032771205,-79.40063895535793
2020-01-12,2020,1,6,0,0,1,CHOQUE,LIMA,PE-1N,43,-11.784974397177368,-77.15432990082249
2020-01-12,2020,1,6,0,0,0,DESPISTE,LIMA,PE-1S,66,-12.533231153707272,-76.72128827591987
2020-01-12,2020,1,6,0,0,2,DESPISTE,ICA,PE-1S,199,-13.48239984615401,-76.13863094744637
2020-01-12,2020,1,6,0,0,0,CHOQUE,ICA,PE-1S,225,-13.70614189786825,-76.15149745123108
2020-01-12,2020,1,6,0,0,0,ESPECIAL,ANCASH,PE-1N,320,-9.929232190782535,-78.2200854209799
2020-01-12,2020,1,6,0,0,1,CHOQUE,AREQUIPA,PE-1S,576,-15.717539303462578,-74.47261015738457
2020-01-12,2020,1,6,0,0,6,DESPISTE,LA LIBERTAD,PE-1N,656,-7.484918114469372,-79.41757040974797
2020-01-12,2020,1,6,0,0,2,CHOQUE,CAJAMARCA,PE-3N,1814,-5.112729291620844,-79.4727368968245
2020-01-13,2020,1,0,0,0,0,CHOQUE,AMAZONAS,PE-5N,12,-10.88113799290691,-75.2769649114965
2020-01-13,2020,1,0,0,0,0,DESPISTE,JUNIN,PE-5S,12,-10.943693276175674,-75.21270161931544
2020-01-13,2020,1,0,0,0,0,DESPISTE,HUANUCO,PE-18A,50,-9.703497429080056,-76.08785883365138
2020-01-13,2020,1,0,0,0,0,DESPISTE,AREQUIPA,PE-34A,76,-16.154933917739758,-71.64488708409979
2020-01-13,2020,1,0,0,1,0,CHOQUE,LAMBAYEQUE,PE-06A,92,-6.555646452844876,-79.22320977591751
2020-01-14,2020,1,1,0,1,0,CHOQUE,LIMA,PE-1S,24,-12.246584742503304,-76.93618987426358
2020-01-14,2020,1,1,0,0,1,CHOQUE,LIMA,PE-1N,75,-11.613182867318375,-77.23179150617773
2020-01-14,2020,1,1,0,0,2,CHOQUE,PUNO,PE-34H,86,-14.935168507790744,-69.86844706220911
2020-01-14,2020,1,1,0,0,1,DESPISTE,HUANCAVELICA,PE-28A,114,-13.60822138467364,-75.34842628061585
2020-01-14,2020,1,1,0,0,0,DESPISTE,LIMA,PE-1S,125,-12.691485723558252,-76.64630842914163
2020-01-14,2020,1,1,0,0,0,DESPISTE,JUNIN,PE-22,145,-11.598390373717042,-76.09986900609309
2020-01-14,2020,1,1,0,0,0,DESPISTE,LIMA,PE-1N,201,-10.706244079386234,-77.77229231229641
2020-01-14,2020,1,1,0,1,5,DESPISTE,ANCASH,PE-1N,331,-9.794747917765644,-78.21003300553888
2020-01-14,2020,1,1,0,0,3,DESPISTE,CUSCO,PE-3S,970,-13.52714271432088,-71.98387139884275
2020-01-14,2020,1,1,0,0,2,CHOQUE,CUSCO,PE-3S,1009,-13.649496668963742,-71.68790685625908
2020-01-15,2020,1,2,0,0,0,CHOQUE,LIMA,PE-20A,6,-11.887597222291026,-77.04226389677784
2020-01-15,2020,1,2,0,0,1,DESPISTE,AMAZONAS,PE-5N,7,-10.91481897962098,-75.28636583995102
2020-01-15,2020,1,2,0,0,1,DESPISTE,LIMA,PE-1S,32,-12.285857745341351,-76.87447302295651
2020-01-15,2020,1,2,0,0,8,CHOQUE,JUNIN,PE-3S,37,-11.735716764101268,-75.7455294827613
2020-01-15,2020,1,2,0,1,1,ATROPELLO,LIMA,PE-1N,81,-11.571969039919331,-77.26346688953588
2020-01-15,2020,1,2,0,0,2,DESPISTE,LIMA,PE-1N,217,-10.610319450820022,-77.86933038311314
2020-01-15,2020,1,2,0,0,1,ATROPELLO,ICA,PE-1S,283,-13.954064295140578,-75.79204991262891
2020-01-15,2020,1,2,0,0,0,DESPISTE,AYACUCHO,PE-28A,313,-13.231889604183896,-74.29151341644457
2020-01-15,2020,1,2,0,0,0,CHOQUE,ANCASH,PE-1N,342,-9.72577111744347,-78.26773926152077
2020-01-15,2020,1,2,0,1,0,ATROPELLO,CUSCO,PE-3S,985,-13.552073205324804,-71.8683391356709
2020-01-16,2020,1,3,0,0,0,CHOQUE,LIMA,PE-1NA,20,-11.63246054786788,-77.21787541527529
2020-01-16,2020,1,3,0,0,7,DESPISTE,CAJAMARCA,PE-06B,32,-6.67031799035681,-79.03682158343476
2020-01-16,2020,1,3,0,0,0,DESPISTE,Arequipa,PE-34F,38,-14.547186098695676,-71.29783838037906
2020-01-16,2020,1,3,0,1,3,DESPISTE,LIMA,PE-20A,45,-11.690828925075904,-76.87872558991549
2020-01-16,2020,1,3,0,0,0,DESPISTE,HUANUCO,PE-18A,49,-9.70560766704786,-76.09386480760455
2020-01-16,2020,1,3,0,0,3,CHOQUE,AREQUIPA,PE-34A,53,-16.29736151775616,-71.64496526803876
2020-01-16,2020,1,3,0,0,0,CHOQUE,LIMA,PE-1S,77,-12.605222066120604,-76.66434305860507
2020-01-16,2020,1,3,0,0,0,CHOQUE,AMAZONAS,PE-5N,81,-10.627815749918597,-75.11428185580851
2020-01-16,2020,1,3,0,0,0,DESPISTE,LIMA,PE-22,112,-11.67094606237875,-76.25628872745061
2020-01-16,2020,1,3,0,0,0,CHOQUE,Arequipa,PE-34A,124,-16.0460542491689,-71.325716288481
2020-01-16,2020,1,3,0,0,2,DESPISTE,HUANCAVELICA,PE-28A,137,-13.571233627228215,-75.24390390275661
2020-01-16,2020,1,3,0,0,0,DESPISTE,JUNIN,PE-22,139,-11.59410736443798,-76.1417273617344
2020-01-16,2020,1,3,0,0,2,ATROPELLO,ICA,PE-1S,299,-14.083551454285402,-75.73300948109221
2020-01-16,2020,1,3,0,2,0,CHOQUE,AREQUIPA,PE-1S,935,-16.426686366465475,-72.01811267502168
2020-01-17,2020,1,4,0,1,0,DESPISTE,ANCASH,PE-16,49,-10.312369794145322,-77.61639092678499
2020-01-17,2020,1,4,0,1,9,DESPISTE,AREQUIPA,PE-34A,78,-16.142113182044103,-71.63598696282011
2020-01-17,2020,1,4,0,0,0,DESPISTE,LIMA,PE-1N,80,-11.580768556486747,-77.26134269665921
2020-01-17,2020,1,4,0,1,3,DESPISTE,TACNA,PE-36A,124,-16.88389642101476,-70.45388953078617
2020-01-17,2020,1,4,0,2,2,DESPISTE,APURIMAC,PE-3S,759,-13.6806503946463,-72.92208175738112
2020-01-18,2020,1,5,0,0,0,DESPISTE,JUNIN,PE-3SA,19,-11.671215847157285,-75.57354122416632
2020-01-18,2020,1,5,0,0,0,DESPISTE,HUANUCO,PE-18A,20,-9.840868487207922,-76.13645475806253
2020-01-18,2020,1,5,0,0,1,CHOQUE,LAMBAYEQUE,PE-1NJ,35,-6.384062643163248,-79.81831109467599
2020-01-18,2020,1,5,0,0,0,DESPISTE,LIMA,PE-22,57,-11.904877866652985,-76.52442776507175
2020-01-18,2020,1,5,0,0,0,DESPISTE,AREQUIPA,PE-34E,63,-15.594237845408614,-71.41330518375867
2020-01-18,2020,1,5,0,0,1,CHOQUE,LIMA,PE-1N,82,-11.563139040290404,-77.26547950067437
2020-01-18,2020,1,5,0,0,14,CHOQUE,CUSCO,PE-3S,1101,-14.2015690309391,-71.311853979084
2020-01-19,2020,1,6,0,0,3,CHOQUE,PUNO,PE-34H,36,-15.279722487965383,-69.92026169088594
2020-01-19,2020,1,6,0,0,1,DESPISTE,HUANCAVELICA,PE-28A,93,-13.60628533833686,-75.44957471521117
2020-01-19,2020,1,6,0,0,4,CHOQUE,AREQUIPA,PE-34A,117,-16.07585301286567,-71.37835088947384
2020-01-19,2020,1,6,0,0,1,DESPISTE,ICA,PE-1S,202,-13.509412893205932,-76.14150131641694
2020-01-19,2020,1,6,0,0,0,DESPISTE,LIMA,PE-1N,215,-10.627010220428128,-77.86229435880638
2020-01-19,2020,1,6,0,0,1,CHOQUE,LA LIBERTAD,PE-1N,713,-7.168776425926034,-79.44034730019166
2020-01-20,2020,1,0,0,0,3,DESPISTE,JUNIN,PE-3N,1,-11.517927126735032,-75.91694947616219
2020-01-20,2020,1,0,0,0,0,CHOQUE,ANCASH,PE-14,2,-9.4773827052386,-78.25740456657272
2020-01-20,2020,1,0,0,0,1,ATROPELLO,LAMBAYEQUE,PE-1N,10,-12.03649302662419,-77.04350242791477
2020-01-20,2020,1,0,0,1,0,CHOQUE,LA LIBERTAD,PE-1S,14,-12.179162609331884,-76.97661622827881
2020-01-20,2020,1,0,0,0,0,CHOQUE,LIMA,PE-1N,106,-11.40837388842147,-77.39117391690948
2020-01-20,2020,1,0,0,0,0,DESPISTE,AREQUIPA,PE-34A,109,-16.070976544999027,-71.43778707997863
2020-01-20,2020,1,0,0,0,0,DESPISTE,LIMA,PE-1N,137,-11.20835159335499,-77.55910968041177
2020-01-20,2020,1,0,0,0,0,DESPISTE,JUNIN,PE-3S,162,-12.326837152254068,-75.07310018760478
2020-01-20,2020,1,0,0,0,0,DESPISTE,SAN MARTIN,PE-5N,397,-9.00729271496262,-75.48452302490864
2020-01-20,2020,1,0,0,1,0,ATROPELLO,ICA,PE-1S,461,-14.953953076976926,-74.98685684299669
2020-01-21,2020,1,1,0,0,0,DESPISTE,TACNA,PE-36,34,-17.68707888060677,-71.28782873458876
2020-01-21,2020,1,1,0,0,0,CHOQUE,LIMA,PE-1N,48,-11.746533717388017,-77.1427832539304
2020-01-21,2020,1,1,0,0,2,CHOQUE,LIMA,PE-22,57,-11.904877866652985,-76.52442776507175
2020-01-21,2020,1,1,0,0,0,DESPISTE,HUANCAVELICA,PE-28A,66,-13.60599757468044,-75.62466955710113
2020-01-21,2020,1,1,0,0,1,ATROPELLO,JUNIN,PE-3S,111,-11.965443507157802,-75.27185177840758
2020-01-21,2020,1,1,0,0,0,CHOQUE,ANCASH,PE-1N,252,-10.368553675775402,-78.01457666703017
2020-01-21,2020,1,1,0,0,1,ATROPELLO,ICA,PE-1S,271,-13.932722924064583,-75.89834219492161
2020-01-21,2020,1,1,0,0,1,ATROPELLO,ICA,PE-1S,271,-13.932722924064583,-75.89834219492161
2020-01-21,2020,1,1,0,0,4,DESPISTE,ANCASH,PE-1N,323,-9.840055976561358,-78.18228852344514
2020-01-22,2020,1,2,0,0,1,DESPISTE,JUNIN,PE-22,27,-11.97322028669272,-76.75903242350141
2020-01-22,2020,1,2,0,0,0,DESPISTE,LIMA,PE-1N,70,-11.608566565769252,-77.19744637726484
2020-01-22,2020,1,2,0,0,0,CHOQUE,LIMA,PE-22,111,-11.678630463904785,-76.25802822208564
2020-01-22,2020,1,2,0,0,2,DESPISTE,AREQUIPA,PE-34A,136,-15.996477473793243,-71.25509810275335
2020-01-22,2020,1,2,0,0,5,CHOQUE,ICA,PE-1S,200,-13.491406913312126,-76.1395671272503
2020-01-22,2020,1,2,0,0,0,DESPISTE,ICA,PE-1S,222,-13.680600273229356,-76.1593868913839
2020-01-22,2020,1,2,0,1,2,CHOQUE,ANCASH,PE-1N,419,-9.050080607133513,-78.59435372965768
2020-01-22,2020,1,2,0,0,0,ESPECIAL,LA LIBERTAD,PE-1N,512,-8.441581073666342,-78.75152594486185
2020-01-22,2020,1,2,0,4,18,DESPISTE,AREQUIPA,PE-1S,922,-16.37792638331484,-72.12859524706015
2020-01-22,2020,1,2,0,0,3,DESPISTE,CAJAMARCA,PE-3N,1200,-7.403443568860052,-78.12439614205483
2020-01-22,2020,1,2,0,0,1,DESPISTE,CAJAMARCA,PE-3N,1382,-6.71895114068008,-78.55618287623481
2020-01-23,2020,1,3,0,0,2,CHOQUE,LIMA,PE-1N,4,-12.029881894044047,-76.99429512668502
2020-01-23,2020,1,3,0,0,0,CHOQUE,AREQUIPA,PE-34E,16,-15.941999106639202,-71.37230087098655
2020-01-23,2020,1,3,0,0,0,DESPISTE,LIMA,PE-22,70,-11.875756205625285,-76.43000257756621
2020-01-23,2020,1,3,0,0,3,CHOQUE,LIMA,PE-1N,73,-11.607070047077745,-77.2146132156668
2020-01-23,2020,1,3,0,0,1,CHOQUE,AREQUIPA,PE-34A,122,-16.05432313808616,-71.3415513808625
2020-01-23,2020,1,3,0,0,1,DESPISTE,LIMA,PE-1S,141,-13.097805878041688,-76.42495767818772
2020-01-23,2020,1,3,0,0,0,DESPISTE,AREQUIPA,PE-1S,752,-16.390628305599048,-73.2448201603744
2020-01-23,2020,1,3,0,0,1,ESPECIAL,LIMA,PE-1N,N.I.,-8.930614221999917,-78.63504476299994
2020-01-24,2020,1,4,0,0,0,DESPISTE,CAJAMARCA,PE-3N,18,-11.414684620671022,-75.91301363032001
2020-01-24,2020,1,4,0,1,0,DESPISTE,LIMA,PE-1NE,28,-11.11224469431654,-77.34168509326452
2020-01-24,2020,1,4,0,0,1,CHOQUE,LIMA,PE-20A,29,-11.754698381423792,-76.97121271482305
2020-01-24,2020,1,4,0,0,0,DESPISTE,JUNIN,PE-3S,37,-11.735716764101268,-75.7455294827613
2020-01-24,2020,1,4,0,0,1,DESPISTE,CAJAMARCA,PE-06B,39,-6.651900265735377,-79.0134414192381
2020-01-24,2020,1,4,0,0,5,CHOQUE,AREQUIPA,PE-34A,122,-16.05432313808616,-71.3415513808625
2020-01-24,2020,1,4,0,0,1,DESPISTE,AYACUCHO,PE-3S,133,-12.13816406247263,-75.22351011291738
2020-01-24,2020,1,4,0,0,0,CHOQUE,ICA,PE-1S,424,-14.722428002718036,-75.0850995367212
2020-01-25,2020,1,5,0,0,1,CHOQUE,LIMA,PE-20A,24,-11.794568590428844,-76.98218870247845
2020-01-25,2020,1,5,0,0,3,CHOQUE,CUSCO,PE-28B,75,-12.897994414625632,-74.00788738917889
2020-01-25,2020,1,5,0,0,0,DESPISTE,LIMA,PE-1S,84,-12.664674078988307,-76.6582442876618
2020-01-25,2020,1,5,0,0,1,DESPISTE,LAMBAYEQUE,PE-06A,108,-6.498584356779435,-79.15141794817757
2020-01-25,2020,1,5,0,0,0,CHOQUE,ANCASH,PE-1N,443,-8.992411612131425,-78.61754992044506
2020-01-26,2020,1,6,0,0,1,CHOQUE,JUNIN,PE-3N,2,-11.51697932917094,-75.92525230461979
2020-01-26,2020,1,6,0,0,0,DESPISTE,AREQUIPA,PE-1SD,23,-16.696312986938654,-72.46594737546697
2020-01-26,2020,1,6,0,0,2,DESPISTE,CAJAMARCA,PE-06B,32,-6.67031799035681,-79.03682158343476
2020-01-26,2020,1,6,0,0,1,CHOQUE,LIMA,PE-22,34,-11.9436079767052,-76.70798178876893
2020-01-26,2020,1,6,0,0,0,CHOQUE,AREQUIPA,PE-34A,63,-16.24108744454076,-71.66959297781624
2020-01-26,2020,1,6,0,1,0,ATROPELLO,LIMA,PE-1S,131,-13.02463008299992,-76.47484911599992
2020-01-26,2020,1,6,0,0,0,DESPISTE,ANCASH,PE-3N,150,-10.572519302062434,-76.19077011845928
2020-01-26,2020,1,6,0,0,1,DESPISTE,ANCASH,PE-1N,286,-10.127116850567086,-78.12465946733163
2020-01-26,2020,1,6,0,0,0,CHOQUE,AREQUIPA,PE-1S,975,-16.583764202714498,-71.84211431810736
2020-01-26,2020,1,6,0,0,0,CHOQUE,PIURA,PE-1N,1003,-5.147696505986928,-80.69696315081971
2020-01-26,2020,1,6,0,0,4,DESPISTE,CUSCO,PE-3S,1074,-14.034566225308884,-71.45035338054737
2020-01-27,2020,1,0,0,0,0,DESPISTE,JUNIN,PE-3N,58,-11.115865908236632,-75.99390697089224
2020-01-27,2020,1,0,0,1,3,DESPISTE,ANCASH,PE-1N,340,-9.73497983478255,-78.2534406390236
2020-01-27,2020,1,0,0,0,1,DESPISTE,SAN MARTIN,PE-5N,591,-8.464751012091991,-76.3176710101812
2020-01-28,2020,1,1,0,0,2,DESPISTE,AREQUIPA,PE-34E,3,-16.032064447258865,-71.40493145496897
2020-01-28,2020,1,1,0,0,1,DESPISTE,AREQUIPA,PE-34E,8,-15.995529398956128,-71.39123335547323
2020-01-28,2020,1,1,0,0,2,CHOQUE,LIMA,PE-1S,17,-12.205526681414192,-76.97483066750652
2020-01-28,2020,1,1,0,0,0,DESPISTE,JUNIN,PE-3S,74,-11.82511127072053,-75.49715399401276
2020-01-28,2020,1,1,0,0,0,DESPISTE,JUNIN,PE-3S,74,-11.82511127072053,-75.49715399401276
2020-01-28,2020,1,1,0,0,0,DESPISTE,UCAYALI,PE-18C,77,-8.398473677740864,-74.6053806324423
2020-01-28,2020,1,1,0,0,1,ESPECIAL,HUANUCO,PE-18A,116,-9.354680072654643,-75.97874799245224
2020-01-28,2020,1,1,0,0,6,CHOQUE,LIMA,PE-1N,119,-11.34068519664422,-77.46334435318555
2020-01-28,2020,1,1,0,0,0,DESPISTE,LIMA,PE-1N,119,-11.34068519664422,-77.46334435318555
2020-01-28,2020,1,1,0,0,1,DESPISTE,JUNIN,PE-3S,143,-12.209848912525723,-75.17450343041682
2020-01-28,2020,1,1,0,1,1,CHOQUE,SAN MARTIN,PE-5N,462,-9.211686872413043,-75.82648518633553
2020-01-28,2020,1,1,0,0,0,DESPISTE,AREQUIPA,PE-1S,860,-16.545892162153308,-72.59250543612465
2020-01-28,2020,1,1,0,0,3,CHOQUE,AREQUIPA,PE-1S,860,-16.545892162153308,-72.59250543612465
2020-01-29,2020,1,2,0,1,1,DESPISTE,UCAYALI,PE-5N,56,-10.73108775704873,-75.19010554871481
2020-01-29,2020,1,2,0,0,0,CHOQUE,LIMA,PE-22,132,-11.599434301998857,-76.19350382354745
2020-01-29,2020,1,2,0,0,0,CHOQUE,JUNIN,PE-22,132,-11.599434301998857,-76.19350382354745
2020-01-29,2020,1,2,0,0,1,CHOQUE,ICA,PE-1S,184,-13.397333355183989,-76.19679180371396
2020-01-29,2020,1,2,0,0,0,DESPISTE,TACNA,PE-1S,1307,-18.128497547125704,-70.33041409987622
2020-01-29,2020,1,2,0,0,1,CHOQUE,PUNO,PE-5N,1492,-5.128551944148559,-78.98185344561615
2020-01-30,2020,1,3,0,1,2,CHOQUE,LIMA,PE-1S,11,-12.153075790887454,-76.98391263986915
2020-01-30,2020,1,3,0,1,2,DESPISTE,PUNO,PE-36B,23,-16.70719908682849,-70.44523837919773
2020-01-30,2020,1,3,0,0,2,DESPISTE,PUNO,PE-5N,75,-10.675391365010226,-75.11501467786587
2020-01-30,2020,1,3,0,0,0,CHOQUE,ICA,PE-1S,246,-13.880902643964635,-76.11850251883895
2020-01-30,2020,1,3,0,0,13,CHOQUE,MADRE DE DIOS,PE-30C,264,-13.0491220103865,-70.34932923706963
2020-01-30,2020,1,3,0,1,12,CHOQUE,AYACUCHO,PE-28A,328,-13.16526543022078,-74.23954770947718
2020-01-30,2020,1,3,0,0,0,CHOQUE,AREQUIPA,PE-1S,792,-16.484648755243562,-73.00475853184379
2020-01-30,2020,1,3,0,0,0,CHOQUE,LAMBAYEQUE,PE-1N,820,-6.521774952706644,-80.04482377334166
2020-01-31,2020,1,4,0,0,0,CHOQUE,LIMA,PE-1N,8,-12.043113972270572,-77.02681831289995
2020-01-31,2020,1,4,0,0,3,DESPISTE,CAJAMARCA,PE-06B,40,-6.650667593402063,-79.00907724077122
2020-01-31,2020,1,4,0,0,0,DESPISTE,LIMA,PE-22,85,-11.797678584749768,-76.33832511331053
2020-01-31,2020,1,4,0,0,N.I.,DESPISTE,PUNO,PE-30A,167,-14.67666225841634,-74.08891284292174
2020-01-31,2020,1,4,0,0,0,CHOQUE,LIMA,PE-1N,212,-10.64959579125828,-77.8481143075102
2020-01-31,2020,1,4,0,0,0,ESPECIAL,LIMA,PE-1N,220,-10.583791155044144,-77.86865459760094
2020-01-31,2020,1,4,0,0,4,CHOQUE,ICA,PE-1S,227,-13.723654760849929,-76.15610069161116
2020-01-31,2020,1,4,0,0,0,CHOQUE,AREQUIPA,PE-1S,580,-15.745021421162004,-74.45494319739856
2020-02-01,2020,2,5,0,0,3,DESPISTE,CUSCO,PE-28G,12,-13.481739652210695,-71.95810436666822
2020-02-01,2020,2,5,0,0,3,DESPISTE,TACNA,PE-36A,24,-17.115762123611287,-70.84032560330085
2020-02-01,2020,2,5,0,1,2,ATROPELLO,JUNIN,PE-3S,91,-11.838497994056606,-75.39211699984368
2020-02-01,2020,2,5,0,0,1,CHOQUE,MOQUEGUA,PE-1S,110,-12.82082894830656,-76.53619599490834
2020-02-01,2020,2,5,0,1,6,CHOQUE,ICA,PE-1S,370,-14.48367374254584,-75.33035036461084
2020-02-01,2020,2,5,0,0,2,DESPISTE,ICA,PE-1S,478,-15.099529546434995,-75.00184091569328
2020-02-01,2020,2,5,0,0,1,DESPISTE,AREQUIPA,PE-1S,608,-15.835866688819555,-74.29254396340731
2020-02-02,2020,2,6,0,0,0,CHOQUE,CUSCO,PE-28B,2,-13.062231151693672,-74.21761300242869
2020-02-02,2020,2,6,0,0,3,CHOQUE,LIMA,PE-1S,70,-12.564491612551636,-76.70353879228901
2020-02-02,2020,2,6,0,0,12,CHOQUE,LIMA,PE-1S,70,-12.564491612551636,-76.70353879228901
2020-02-02,2020,2,6,0,0,5,CHOQUE,JUNIN,PE-22B,97,-11.12501931376494,-75.35143731904401
2020-02-02,2020,2,6,0,1,0,ATROPELLO,JUNIN,PE-3S,106,-11.938716626497254,-75.30774548505063
2020-02-02,2020,2,6,0,0,0,DESPISTE,LIMA,PE-1S,107,-13.015745195784534,-76.47864426839998
2020-02-02,2020,2,6,0,0,4,CHOQUE,JUNIN,PE-22,138,-11.601619508043797,-76.14842591009425
2020-02-02,2020,2,6,0,0,0,DESPISTE,MOQUEGUA,PE-1SD,187,-17.277832373432762,-71.46989164578018
2020-02-02,2020,2,6,0,0,7,DESPISTE,HUANCAVELICA,PE-28A,189,-13.392685996223822,-74.9567832421313
2020-02-02,2020,2,6,0,0,0,DESPISTE,SAN MARTIN,PE-5N,535,-8.818953147749998,-76.11787996588521
2020-02-02,2020,2,6,0,0,1,DESPISTE,AREQUIPA,PE-1S,633,-15.918975935138109,-74.12471145695262
2020-02-02,2020,2,6,0,0,1,DESPISTE,AREQUIPA,PE-1S,861,-16.54410049302803,-72.58353975782344
2020-02-03,2020,2,0,0,0,0,DESPISTE,JUNIN,PE-3S,15,-11.602331416856956,-75.84396782229281
2020-02-03,2020,2,0,0,0,0,DESPISTE,ICA,PE-1S,188,-13.410086716776268,-76.17097828641086
2020-02-03,2020,2,0,0,0,2,CHOQUE,LA LIBERTAD,PE-1N,600,-7.87178743419206,-79.13419108223329
2020-02-03,2020,2,0,0,0,7,CHOQUE,AREQUIPA,PE-1S,1046,-17.02736974420072,-71.64793535092281
2020-02-04,2020,2,1,0,0,8,CHOQUE,MOQUEGUA,PE-36,18,-17.623336786407602,-71.18016848640599
2020-02-04,2020,2,1,0,0,0,DESPISTE,CUSCO,PE-28F,46,-13.310668060999944,-72.11075461899992
2020-02-04,2020,2,1,0,0,2,DESPISTE,LIMA,PE-1N,68,-11.620236408031433,-77.2074018657356
2020-02-04,2020,2,1,0,0,0,CHOQUE,HUANCAVELICA,PE-28D,136,-13.050629263271484,-75.06956367651964
2020-02-04,2020,2,1,0,1,0,ATROPELLO,ICA,PE-1S,236,-13.800013000383949,-76.15674959966383
2020-02-04,2020,2,1,0,1,1,ATROPELLO,ICA,PE-1S,475,-15.0739035147338,-75.00878559994159
2020-02-04,2020,2,1,0,0,6,CHOQUE,CUSCO,PE-3S,1022,-13.684039417949508,-71.62029925064967
2020-02-05,2020,2,2,0,1,0,ATROPELLO,LIMA,PE-22,16,-12.007587262482158,-76.85629405964173
2020-02-05,2020,2,2,0,0,1,CHOQUE,LIMA,PE-22,22,-11.9819573786392,-76.7966649627832
2020-02-05,2020,2,2,0,0,1,CHOQUE,UCAYALI,PE-18C,86,-8.371930276872318,-74.530844933389
2020-02-05,2020,2,2,0,0,2,DESPISTE,LIMA,PE-1S,126,-12.69908931679153,-76.64136256995023
2020-02-05,2020,2,2,0,2,2,VOLCADURA,AMAZONAS,PE-5N,212,-9.813173448978326,-75.01220788502818
2020-02-05,2020,2,2,0,0,1,DESPISTE,SAN MARTIN,PE-5N,483,-9.189602453154416,-75.95893758903397
2020-02-05,2020,2,2,0,0,6,DESPISTE,LAMBAYEQUE,PE-1N,754,-6.940818416111369,-79.72005947592885
2020-02-05,2020,2,2,0,7,5,CHOQUE,AREQUIPA,PE-1S,957,-16.491711269230503,-71.85650671800254
2020-02-06,2020,2,3,0,0,1,DESPISTE,PIURA,PE-1N,66,-11.638210024014256,-77.20622260981537
2020-02-06,2020,2,3,0,0,2,CHOQUE,JUNIN,PE-22,136,-11.599908121029795,-76.16793860148483
2020-02-06,2020,2,3,0,0,0,DESPISTE,HUANCAVELICA,PE-28A,165,-13.477089710359143,-75.06982606465472
2020-02-06,2020,2,3,0,0,1,CHOQUE,ICA,PE-1S,219,-13.656993641462584,-76.15074951237402
2020-02-06,2020,2,3,0,0,1,DESPISTE,PUNO,PE-34A,235,-15.689058166052188,-70.62794524170549
2020-02-06,2020,2,3,0,0,4,CHOQUE,APURIMAC,PE-3S,782,-13.623377360099774,-72.87182272885309
2020-02-07,2020,2,4,0,1,0,CHOQUE,ANCASH,PE-1N,6,-12.03545225132201,-77.0108682967523
2020-02-07,2020,2,4,0,0,3,DESPISTE,AREQUIPA,PE-1SE,29,-13.660079383927526,-76.1738928528842
2020-02-07,2020,2,4,0,0,0,DESPISTE,LIMA,PE-1S,85,-12.67194815915568,-76.65281196833061
2020-02-07,2020,2,4,0,0,0,CHOQUE,MOQUEGUA,PE-1SD,138,-17.121052972910643,-71.79646829801933
2020-02-07,2020,2,4,0,1,0,ATROPELLO,LIMA,PE-1N,146,-11.13781431527506,-77.59688273058707
2020-02-07,2020,2,4,0,0,2,CHOQUE,ICA,PE-1S,224,-13.69740138175931,-76.15285818896685
2020-02-07,2020,2,4,0,1,1,DESPISTE,HUANUCO,PE-5N,258,-9.421019838138536,-75.02602408655862
2020-02-08,2020,2,5,0,0,2,CHOQUE,PIURA,PE-1N,24,-11.91983439651838,-77.07337307414295
2020-02-08,2020,2,5,0,0,0,CHOQUE,AREQUIPA,PE-34A,28,-16.427401981563996,-71.64898405530771
2020-02-08,2020,2,5,0,0,5,CHOQUE,HUANCAVELICA,PE-26B,59,-12.96085365362912,-74.75349264610995
2020-02-08,2020,2,5,0,0,0,CHOQUE,JUNIN,PE-3N,60,-11.097933383894608,-75.99604647012842
2020-02-08,2020,2,5,0,0,0,CHOQUE,LIMA,PE-22,111,-11.678630463904785,-76.25802822208564
2020-02-08,2020,2,5,0,0,4,DESPISTE,JUNIN,PE-22,135,-11.59945645250592,-76.17882190241232
2020-02-08,2020,2,5,0,0,0,DESPISTE,APURIMAC,PE-30A,308,-14.501246739128383,-73.25786902833073
2020-02-08,2020,2,5,0,0,0,CHOQUE,ANCASH,PE-1N,374,-9.47550526277428,-78.29542450229184
2020-02-08,2020,2,5,0,0,3,CHOQUE,AREQUIPA,PE-1S,716,-16.26998313949332,-73.50276256404061
2020-02-08,2020,2,5,0,0,1,CHOQUE,LAMBAYEQUE,PE-1N,819,-6.527239572099199,-80.03763136860998
2020-02-09,2020,2,6,0,0,2,CHOQUE,CUSCO,PE-30,3,-15.15476705687872,-75.00420002275747
2020-02-09,2020,2,6,0,0,1,CHOQUE,LIMA,PE-1S,24,-12.246584742503304,-76.93618987426358
2020-02-09,2020,2,6,0,0,2,DESPISTE,LIMA,PE-20A,27,-11.76981547733537,-76.97765542200179
2020-02-09,2020,2,6,0,0,1,ATROPELLO,LIMA,PE-1N,47,-11.753335009070232,-77.14879196867817
2020-02-09,2020,2,6,0,0,0,CHOQUE,CUSCO,PE-28B,68,-12.934174901267552,-74.0205396788682
2020-02-09,2020,2,6,0,0,0,CHOQUE,CUSCO,PE-28B,68,-12.934174901267552,-74.0205396788682
2020-02-09,2020,2,6,0,0,1,CHOQUE,AREQUIPA,PE-34A,88,-16.08524756822264,-71.59753155397208
2020-02-09,2020,2,6,0,0,4,CHOQUE,AREQUIPA,PE-34A,120,-16.060452023281886,-71.35842202328186
2020-02-09,2020,2,6,0,0,2,DESPISTE,MOQUEGUA,PE-36A,123,-16.875438789677467,-70.45213926124079
2020-02-09,2020,2,6,0,0,2,CHOQUE,LIMA,PE-1N,236,-10.452843299167286,-77.92232893887284
2020-02-09,2020,2,6,0,0,0,ESPECIAL,ICA,PE-1S,269,-13.931493928579354,-75.91679042915996
2020-02-09,2020,2,6,0,0,1,DESPISTE,AMAZONAS,PE-08B,321,-6.25009530689146,-77.89079435903031
2020-02-09,2020,2,6,0,0,1,CHOQUE,HUANUCO,PE-5N,453,-9.17842646587896,-75.79215233788739
2020-02-09,2020,2,6,0,0,0,CHOQUE,LAMBAYEQUE,PE-1S,815,-16.56302734715726,-72.83158334761804
2020-02-09,2020,2,6,0,0,1,VOLCADURA,CUSCO,PE-3S,N.I.,-15.04301470699994,-70.36600238199992
2020-02-10,2020,2,0,0,0,0,DESPISTE,CAJAMARCA,PE-08,9,-7.305209032771205,-79.40063895535793
2020-02-10,2020,2,0,0,0,0,CHOQUE,AREQUIPA,PE-34E,36,-15.776840227412391,-71.38465286165663
2020-02-10,2020,2,0,0,1,16,CHOQUE,LIMA,PE-1N,43,-11.784974397177368,-77.15432990082249
2020-02-10,2020,2,0,0,0,3,CHOQUE,LIMA,PE-1N,82,-11.563139040290404,-77.26547950067437
2020-02-10,2020,2,0,0,1,3,DESPISTE,HUANCAVELICA,PE-28A,114,-13.60822138467364,-75.34842628061585
2020-02-10,2020,2,0,0,1,3,DESPISTE,HUANCAVELICA,PE-28A,114,-13.60822138467364,-75.34842628061585
2020-02-10,2020,2,0,0,1,2,DESPISTE,PUNO,PE-34A,206,-15.7064877364721,-70.82050145058845
2020-02-10,2020,2,0,0,0,3,DESPISTE,SAN MARTIN,PE-5N,515,-8.980096092373813,-76.08614564217095
2020-02-10,2020,2,0,0,0,2,CHOQUE,AREQUIPA,PE-1S,791,-16.487134875455386,-73.01347453406848
2020-02-11,2020,2,1,0,0,0,CHOQUE,LIMA,PE-22,29,-11.967022009184616,-76.74510503291192
2020-02-11,2020,2,1,0,0,0,DESPISTE,AREQUIPA,PE-34E,31,-15.824124945006092,-71.37869135833482
2020-02-11,2020,2,1,0,0,1,CHOQUE,LIMA,PE-1S,53,-12.424112563376994,-76.75390574014192
2020-02-11,2020,2,1,0,0,3,CHOQUE,LIMA,PE-1N,186,-10.84252891127916,-77.69548245175244
2020-02-11,2020,2,1,0,0,4,CHOQUE,ICA,PE-1S,187,-13.412506419483764,-76.17985460496799
2020-02-11,2020,2,1,0,0,1,CHOQUE,LAMBAYEQUE,PE-1N,779,-6.800062370680251,-79.85630646191849
2020-02-12,2020,2,2,0,0,2,DESPISTE,CAJAMARCA,PE-06B,47,-6.630792591070388,-78.99579437574137
2020-02-12,2020,2,2,0,0,0,DESPISTE,TACNA,PE-36A,75,-16.98208224872868,-70.69948940241194
2020-02-12,2020,2,2,0,0,3,DESPISTE,JUNIN,PE-22,137,-11.598333234186349,-76.15669596477372
2020-02-12,2020,2,2,0,0,1,DESPISTE,ICA,PE-1S,187,-13.412506419483764,-76.17985460496799
2020-02-12,2020,2,2,0,0,0,DESPISTE,PUNO,PE-34A,205,-15.710261864557385,-70.81635288482103
2020-02-12,2020,2,2,0,0,2,DESPISTE,ICA,PE-1S,226,-13.714898314129082,-76.15379871750926
2020-02-12,2020,2,2,0,0,0,DESPISTE,AREQUIPA,PE-1S,811,-16.538795119821234,-72.85820528799506
2020-02-12,2020,2,2,0,0,0,CHOQUE,CUSCO,PE-3S,1007,-13.634519593447394,-71.69607954891927
2020-02-12,2020,2,2,0,0,1,DESPISTE,CUSCO,PE-3S,1026,-13.69104729911723,-71.59573463845395
2020-02-12,2020,2,2,0,0,3,VOLCADURA,CUSCO,PE-3S,1045,-13.82233293672378,-71.54152030364116
2020-02-13,2020,2,3,0,0,1,DESPISTE,JUNIN,PE-3SA,20,-11.663271179761406,-75.578372596142
2020-02-13,2020,2,3,0,0,0,CHOQUE,UCAYALI,PE-18C,24,-8.6493283723101,-74.97389277960824
2020-02-13,2020,2,3,0,0,10,CHOQUE,CAJAMARCA,PE-06B,35,-6.667604458881753,-79.02699436979935
2020-02-13,2020,2,3,0,0,0,DESPISTE,PIURA,PE-36A,65,-17.00621707153635,-70.72796672980421
2020-02-13,2020,2,3,0,0,0,CHOQUE,LIMA,PE-1S,96,-12.923382832474228,-76.5002848851446
2020-02-13,2020,2,3,0,1,0,ATROPELLO,LIMA,PE-1S,131,-13.02463008299992,-76.47484911599992
2020-02-13,2020,2,3,0,3,3,CHOQUE,JUNIN,PE-22,136,-11.599908121029795,-76.16793860148483
2020-02-13,2020,2,3,0,0,1,DESPISTE,ANCASH,PE-1N,345,-9.700923495690866,-78.27877617707549
2020-02-13,2020,2,3,0,1,3,DESPISTE,ICA,PE-1S,362,-14.465216525789009,-75.40212774808717
2020-02-13,2020,2,3,0,0,1,CHOQUE,PIURA,PE-1N,1027,-4.936443739090644,-80.69652618274172
2020-02-14,2020,2,4,0,0,N.I.,DESPISTE,ICA,PE-28A,37,-13.710591671784371,-75.83816914193231
2020-02-14,2020,2,4,0,0,0,DESPISTE,LIMA,PE-1N,38,-11.82004517489469,-77.12611353949512
2020-02-14,2020,2,4,0,0,3,CHOQUE,LIMA,PE-22,114,-11.66284415344652,-76.24576919106707
2020-02-14,2020,2,4,0,0,0,DESPISTE,ANCASH,PE-16,117,-10.151549151453212,-77.31508234917384
2020-02-14,2020,2,4,0,0,0,CHOQUE,LIMA,PE-1S,126,-12.69908931679153,-76.64136256995023
2020-02-14,2020,2,4,0,0,0,CHOQUE,JUNIN,PE-22,143,-11.599821445816865,-76.11559081630975
2020-02-14,2020,2,4,0,0,1,DESPISTE,HUANCAVELICA,PE-28A,160,-13.4828840569456,-75.11164903377977
2020-02-14,2020,2,4,0,0,0,CHOQUE,ICA,PE-1S,410,-14.647107503005005,-75.17888041128387
2020-02-14,2020,2,4,0,0,0,CHOQUE,AREQUIPA,PE-1S,926,-16.393000341439365,-72.09472770457789
2020-02-14,2020,2,4,0,0,1,CHOQUE,AREQUIPA,PE-1S,975,-16.583764202714498,-71.84211431810736
2020-02-14,2020,2,4,0,0,1,CHOQUE,PIURA,PE-1N,1029,-4.918446397161104,-80.69702026023185
2020-02-14,2020,2,4,0,0,0,CHOQUE,MOQUEGUA,PE-1S,1147,-17.287254980296343,-70.98509298499943
2020-02-15,2020,2,5,0,0,0,DESPISTE,MOQUEGUA,PE-36A,0,-17.21736858999992,-70.97171353999994
2020-02-15,2020,2,5,0,1,1,DESPISTE,LIMA,PE-1S,62,-12.502971764565988,-76.74078328237132
2020-02-15,2020,2,5,0,6,42,DESPISTE,PIURA,PE-1N,125,-11.296567991820828,-77.49527333968987
2020-02-15,2020,2,5,0,0,4,DESPISTE,ANCASH,PE-16,128,-10.121931600999917,-77.29332721199995
2020-02-15,2020,2,5,0,0,15,DESPISTE,ICA,PE-1S,184,-13.397333355183989,-76.19679180371396
2020-02-15,2020,2,5,0,0,1,DESPISTE,CUSCO,PE-28B,212,-12.78210617057914,-73.6218350828524
2020-02-15,2020,2,5,0,1,9,CHOQUE,LA LIBERTAD,PE-1N,702,-7.245963299347794,-79.46770965455104
2020-02-16,2020,2,6,0,1,0,CHOQUE,LIMA,PE-1S,4,-12.091052265394318,-76.98095805023392
2020-02-16,2020,2,6,0,2,3,DESPISTE,LAMBAYEQUE,PE-5N,22,-10.828908419112334,-75.29588137592044
2020-02-16,2020,2,6,0,0,1,DESPISTE,HUANCAVELICA,PE-28A,60,-13.62648759946312,-75.67253932824352
2020-02-16,2020,2,6,0,0,0,CHOQUE,HUANCAVELICA,PE-28A,121,-13.605728897202848,-75.32064603297756
2020-02-16,2020,2,6,0,0,1,CHOQUE,ICA,PE-1S,192,-13.420166072049676,-76.13733472259989
2020-02-16,2020,2,6,0,0,1,DESPISTE,ICA,PE-1S,379,-14.50137012408486,-75.25241378003477
2020-02-16,2020,2,6,0,0,1,CHOQUE,ICA,PE-1S,423,-14.715954984230008,-75.09158291576988
2020-02-16,2020,2,6,0,1,0,ATROPELLO,ANCASH,PE-1N,446,-8.966499906712313,-78.62178955347525
2020-02-16,2020,2,6,0,0,6,CHOQUE,LAMBAYEQUE,PE-1N,805,-6.62417858816496,-79.95889859664007
2020-02-17,2020,2,0,0,1,0,ATROPELLO,TACNA,PE-1SD,6,-16.667769781548632,-72.58009474177919
2020-02-17,2020,2,0,0,0,0,CHOQUE,LIMA,PE-1N,8,-12.043113972270572,-77.02681831289995
2020-02-17,2020,2,0,0,0,0,CHOQUE,AREQUIPA,PE-34E,8,-15.995529398956128,-71.39123335547323
2020-02-17,2020,2,0,0,0,0,CHOQUE,PUNO,PE-34H,68,-15.069631440214062,-69.80987878736076
2020-02-17,2020,2,0,0,0,0,DESPISTE,ANCASH,PE-1N,315,-9.93913120027727,-78.21777602167599
2020-02-17,2020,2,0,0,1,4,CHOQUE,AREQUIPA,PE-1S,747,-16.370376255706987,-73.27035692973524
2020-02-18,2020,2,1,0,0,0,CHOQUE,ANCASH,PE-14,3,-9.47320767614406,-78.24941584819085
2020-02-18,2020,2,1,0,0,4,DESPISTE,CUSCO,PE-28B,93,-12.826592193963084,-74.00913294879939
2020-02-18,2020,2,1,0,0,0,CHOQUE,LIMA,PE-1S,126,-12.69908931679153,-76.64136256995023
2020-02-18,2020,2,1,0,0,1,DESPISTE,AREQUIPA,PE-1S,633,-15.918975935138109,-74.12471145695262
2020-02-18,2020,2,1,0,0,3,CHOQUE,AREQUIPA,PE-1S,706,-16.23662397540117,-73.58609703007662
2020-02-19,2020,2,2,0,0,4,DESPISTE,LAMBAYEQUE,PE-1N,73,-11.607070047077745,-77.2146132156668
2020-02-19,2020,2,2,0,0,0,DESPISTE,ANCASH,PE-3N,74,-10.988632664696013,-76.0298140159235
2020-02-19,2020,2,2,0,0,2,CHOQUE,LIMA,PE-1N,78,-11.59677375920734,-77.25349743581087
2020-02-19,2020,2,2,0,0,3,DESPISTE,HUANCAVELICA,PE-28A,114,-13.60822138467364,-75.34842628061585
2020-02-19,2020,2,2,0,0,1,CHOQUE,AREQUIPA,PE-1S,605,-15.81836151471904,-74.3040003140425
2020-02-20,2020,2,3,0,0,0,DESPISTE,AREQUIPA,PE-34F,0,-14.77268409699991,-71.39229366799992
2020-02-20,2020,2,3,0,0,3,DESPISTE,AREQUIPA,PE-1SD,5,-16.666213218757562,-72.58616599548773
2020-02-20,2020,2,3,0,1,0,ATROPELLO,LIMA,PE-1S,152,-13.169338708045828,-76.35893261831309
2020-02-20,2020,2,3,0,0,4,DESPISTE,ANCASH,PE-1N,418,-9.058068068236896,-78.59017083827591
2020-02-20,2020,2,3,0,0,0,DESPISTE,AREQUIPA,PE-1S,602,-15.817182781727784,-74.32506628789872
2020-02-20,2020,2,3,0,0,0,DESPISTE,AREQUIPA,PE-1S,746,-16.364255992228767,-73.27386443753133
2020-02-20,2020,2,3,0,0,3,CHOQUE,CUSCO,PE-3S,1048,-13.845550272545047,-71.53581947312838
2020-02-21,2020,2,4,0,0,0,CHOQUE,AREQUIPA,PE-34E,63,-15.594237845408614,-71.41330518375867
2020-02-21,2020,2,4,0,0,1,CHOQUE,JUNIN,PE-22B,67,-11.261703136518245,-75.5517913739704
2020-02-21,2020,2,4,0,0,4,CHOQUE,CAJAMARCA,PE-3N,79,-10.954478413826576,-76.04132556200179
2020-02-21,2020,2,4,0,0,1,CHOQUE,AREQUIPA,PE-34A,87,-16.092195359752303,-71.60190822315788
2020-02-21,2020,2,4,0,0,2,DESPISTE,CAJAMARCA,PE-08,167,-7.232182856563961,-78.48728493790028
2020-02-21,2020,2,4,0,1,2,DESPISTE,ANCASH,PE-1N,286,-10.127116850567086,-78.12465946733163
2020-02-21,2020,2,4,0,0,2,DESPISTE,SAN MARTIN,PE-5N,403,-9.036684493556086,-75.50133196325082
2020-02-21,2020,2,4,0,0,0,DESPISTE,AREQUIPA,PE-1S,602,-15.817182781727784,-74.32506628789872
2020-02-21,2020,2,4,0,0,0,DESPISTE,PIURA,PE-1N,1014,-5.053634901070404,-80.7033773050368
2020-02-22,2020,2,5,0,0,0,DESPISTE,LIMA,PE-1S,23,-12.24236550164664,-76.94430819131811
2020-02-22,2020,2,5,0,0,8,CHOQUE,JUNIN,PE-22B,57,-11.319607145277118,-75.55268746940435
2020-02-22,2020,2,5,0,0,9,CHOQUE,CAJAMARCA,PE-08,61,-7.225817170347027,-79.0534495553326
2020-02-22,2020,2,5,0,0,4,DESPISTE,CAJAMARCA,PE-08,75,-7.19314905920946,-78.9626946145172
2020-02-22,2020,2,5,0,0,0,CHOQUE,JUNIN,PE-22B,84,-11.176400822936204,-75.45030024330721
2020-02-22,2020,2,5,0,0,2,DESPISTE,CUSCO,PE-28B,89,-12.839757352279552,-73.99938758046522
2020-02-22,2020,2,5,0,0,0,CHOQUE,LIMA,PE-22,111,-11.678630463904785,-76.25802822208564
2020-02-22,2020,2,5,0,0,1,DESPISTE,ICA,PE-1S,239,-13.823612346817631,-76.14313075824752
2020-02-22,2020,2,5,0,0,1,DESPISTE,SAN MARTIN,PE-5N,592,-8.457215782894517,-76.32274123197493
2020-02-23,2020,2,6,0,0,8,DESPISTE,ICA,PE-1S,2,-12.075665935348814,-76.97505800602154
2020-02-23,2020,2,6,0,1,0,ATROPELLO,SAN MARTIN,PE-5N,26,-10.800887286389818,-75.30522640945928
2020-02-23,2020,2,6,0,0,0,CHOQUE,CAJAMARCA,PE-08B,29,-7.105473828078307,-78.3347094582988
2020-02-23,2020,2,6,0,0,2,DESPISTE,LIMA,PE-20A,44,-11.686580089289432,-76.88616368035287
2020-02-23,2020,2,6,0,0,0,DESPISTE,AREQUIPA,PE-34A,74,-16.171363083630286,-71.64401155053457
2020-02-23,2020,2,6,0,0,2,CHOQUE,MOQUEGUA,PE-36A,77,-16.97602763825442,-70.68357330792595
2020-02-23,2020,2,6,0,0,3,CHOQUE,JUNIN,PE-3N,87,-10.894060145693263,-76.08004026975293
2020-02-23,2020,2,6,0,0,3,DESPISTE,LIMA,PE-1N,97,-11.45304438043922,-77.33160444977595
2020-02-23,2020,2,6,0,0,0,DESPISTE,AREQUIPA,PE-34A,110,-16.06838706496484,-71.42930690677025
2020-02-23,2020,2,6,0,0,1,CHOQUE,AREQUIPA,PE-34A,161,-15.86057073070664,-71.12516170622544
2020-02-23,2020,2,6,0,2,0,DESPISTE,ICA,PE-1S,247,-13.884517650077717,-76.11003824514367
2020-02-23,2020,2,6,0,0,2,CHOQUE,ICA,PE-1S,478,-15.099529546434995,-75.00184091569328
2020-02-23,2020,2,6,0,0,1,DESPISTE,SAN MARTIN,PE-5N,593,-8.448582312025609,-76.3254228720336
2020-02-23,2020,2,6,0,0,1,CHOQUE,AREQUIPA,PE-1S,833,-16.60630795882485,-72.69981119192862
2020-02-24,2020,2,0,0,1,0,ATROPELLO,APURIMAC,PE-30A,2,-14.836555858469378,-74.92648233026485
2020-02-24,2020,2,0,0,0,2,CHOQUE,AMAZONAS,PE-5N,2,-10.95022721334296,-75.29050080578948
2020-02-24,2020,2,0,0,9,71,CHOQUE,AREQUIPA,PE-34E,8,-15.995529398956128,-71.39123335547323
2020-02-24,2020,2,0,0,0,3,CHOQUE,JUNIN,PE-5S,81,-11.042287374984864,-74.74787423538879
2020-02-24,2020,2,0,0,0,11,DESPISTE,PUNO,PE-34H,85,-14.943579378937208,-69.86798728465246
2020-02-24,2020,2,0,0,0,0,CHOQUE,JUNIN,PE-3N,100,-10.839114088891874,-76.18088677579682
2020-02-24,2020,2,0,0,0,4,DESPISTE,CAJAMARCA,PE-06A,176,-6.494623347962843,-78.91593796798308
2020-02-24,2020,2,0,0,0,3,N.I.,HUANUCO,PE-3N,229,-9.968186399539965,-76.24358192726321
2020-02-25,2020,2,1,0,0,0,DESPISTE,JUNIN,PE-3N,38,-11.275576855331495,-75.92515139189797
2020-02-25,2020,2,1,0,1,1,DESPISTE,PIURA,PE-1N,72,-11.603811379412052,-77.20606249487899
2020-02-25,2020,2,1,0,0,2,CHOQUE,LIMA,PE-1N,82,-11.563139040290404,-77.26547950067437
2020-02-25,2020,2,1,0,0,5,DESPISTE,HUANCAVELICA,PE-28A,102,-13.607254777253434,-75.39050916588022
2020-02-25,2020,2,1,0,0,0,DESPISTE,JUNIN,PE-22,138,-11.601619508043797,-76.14842591009425
2020-02-25,2020,2,1,0,0,0,DESPISTE,JUNIN,PE-22,143,-11.599821445816865,-76.11559081630975
2020-02-25,2020,2,1,0,2,2,CHOQUE,AREQUIPA,PE-1S,585,-15.771371815992216,-74.4289093360771
2020-02-25,2020,2,1,0,0,0,CHOQUE,MOQUEGUA,PE-1S,1297,-18.05289659951314,-70.28064206794792
2020-02-26,2020,2,2,0,0,2,DESPISTE,AREQUIPA,PE-34E,24,-15.883955648271089,-71.38637689292277
2020-02-26,2020,2,2,0,0,6,CHOQUE,PIURA,PE-1N,27,-11.894443937996057,-77.06801083456445
2020-02-26,2020,2,2,0,0,2,DESPISTE,MOQUEGUA,PE-36A,33,-17.077954741015162,-70.84226849116956
2020-02-26,2020,2,2,0,0,0,CHOQUE,MADRE DE DIOS,PE-34B,47,-14.919391447058956,-70.20512350196351
2020-02-26,2020,2,2,0,0,0,DESPISTE,LIMA,PE-1N,48,-11.746533717388017,-77.1427832539304
2020-02-26,2020,2,2,0,0,3,DESPISTE,LIMA,PE-1N,113,-11.38488806789341,-77.43136409875238
2020-02-26,2020,2,2,0,0,0,DESPISTE,ANCASH,PE-16,117,-10.151549151453212,-77.31508234917384
2020-02-26,2020,2,2,0,0,3,CHOQUE,CUSCO,PE-28B,165,-12.598478533996571,-73.82662692565175
2020-02-26,2020,2,2,0,0,0,CHOQUE,SAN MARTIN,PE-5N,635,-8.202750239742064,-76.49583085877693
2020-02-26,2020,2,2,0,0,3,CHOQUE,LAMBAYEQUE,PE-1N,768,-6.867067652913684,-79.81683900592715
2020-02-26,2020,2,2,0,0,0,CHOQUE,LA LIBERTAD,PE-1N,853,-6.309218846051016,-80.24986551250313
2020-02-26,2020,2,2,0,0,11,CHOQUE,AREQUIPA,PE-1S,951,-16.481515495271488,-71.90513785084899
2020-02-27,2020,2,3,0,0,0,DESPISTE,LA LIBERTAD,PE-1NF,29,-7.707162217091603,-78.98198263780063
2020-02-27,2020,2,3,0,0,3,CHOQUE,LIMA,PE-1N,48,-11.746533717388017,-77.1427832539304
2020-02-27,2020,2,3,0,0,1,DESPISTE,CAJAMARCA,PE-08,166,-7.2359633393330896,-78.480405422264
2020-02-27,2020,2,3,0,0,1,CHOQUE,AYACUCHO,PE-28A,243,-13.352761070930658,-74.69199264269375
2020-02-27,2020,2,3,0,0,3,CHOQUE,ICA,PE-1S,306,-14.137026371012244,-75.71751477440608
2020-02-27,2020,2,3,0,1,1,CHOQUE,APURIMAC,PE-3S,578,-13.59664373460785,-73.61290259424388
2020-02-28,2020,2,4,0,0,1,CHOQUE,LIMA,PE-1S,22,-12.23816144054279,-76.95243432758777
2020-02-28,2020,2,4,0,0,0,CHOQUE,LIMA,PE-22,112,-11.67094606237875,-76.25628872745061
2020-02-28,2020,2,4,0,0,2,DESPISTE,AREQUIPA,PE-34A,134,-16.003616353971104,-71.2687063539711
2020-02-28,2020,2,4,0,0,0,CHOQUE,ICA,PE-1S,178,-13.350167062582752,-76.22395556254911
2020-02-28,2020,2,4,0,0,0,DESPISTE,HUANCAVELICA,PE-28A,179,-13.44784711712512,-74.97071767921294
2020-02-28,2020,2,4,0,0,0,CHOQUE,LIMA,PE-1N,212,-10.64959579125828,-77.8481143075102
2020-02-28,2020,2,4,0,0,1,DESPISTE,ANCASH,PE-1N,240,-10.422093052498472,-77.926735641405
2020-02-28,2020,2,4,0,0,2,CHOQUE,ANCASH,PE-1N,331,-9.794747917765644,-78.21003300553888
2020-02-28,2020,2,4,0,0,2,CHOQUE,LA LIBERTAD,PE-1N,681,-7.378742556730164,-79.5415453213291
2020-02-29,2020,2,5,0,0,0,CHOQUE,LIMA,PE-1S,25,-12.25190569528972,-76.92876477852737
2020-02-29,2020,2,5,0,0,0,CHOQUE,LIMA,PE-1S,31,-12.280991225376972,-76.88222016434416
2020-02-29,2020,2,5,0,0,0,DESPISTE,AREQUIPA,PE-1SE,31,-13.675904525684,-76.16477753264418
2020-02-29,2020,2,5,0,0,2,DESPISTE,LIMA,PE-1S,32,-12.285857745341351,-76.87447302295651
2020-02-29,2020,2,5,0,0,2,DESPISTE,ANCASH,PE-16,47,-10.325022808073472,-77.626989442993
2020-02-29,2020,2,5,0,0,2,DESPISTE,LIMA,PE-1S,80,-12.631048191835124,-76.66948524888161
2020-02-29,2020,2,5,0,0,1,CHOQUE,LIMA,PE-1S,81,-12.639890900342412,-76.66894619223838
2020-02-29,2020,2,5,0,1,0,ATROPELLO,JUNIN,PE-3S,105,-11.93443240408108,-75.3141973628857
2020-02-29,2020,2,5,0,0,0,ESPECIAL,LIMA,PE-1N,115,-11.370151284322256,-77.44202915357737
2020-02-29,2020,2,5,0,0,1,DESPISTE,LIMA,PE-1N,119,-11.34068519664422,-77.46334435318555
2020-02-29,2020,2,5,0,0,0,CHOQUE,CAJAMARCA,PE-08,138,-7.285333818856897,-78.5193786817098
2020-02-29,2020,2,5,0,0,2,CHOQUE,HUANUCO,PE-3N,209,-10.131497689526851,-76.19998617851664
2020-02-29,2020,2,5,0,0,0,DESPISTE,ANCASH,PE-3N,571,-9.595240892638133,-77.51375418400615
2020-02-29,2020,2,5,0,0,8,DESPISTE,AREQUIPA,PE-1S,1040,-17.030336733195576,-71.69309277924192
2020-03-01,2020,3,6,0,0,1,ATROPELLO,LIMA,PE-1S,23,-12.24236550164664,-76.94430819131811
2020-03-01,2020,3,6,0,0,0,DESPISTE,LIMA,PE-1S,24,-12.246584742503304,-76.93618987426358
2020-03-01,2020,3,6,0,0,0,VOLCADURA,CUSCO,PE-3S,37,-11.735716764101268,-75.7455294827613
2020-03-01,2020,3,6,0,0,0,CHOQUE,LIMA,PE-1N,40,-11.80397223380406,-77.135597364995
2020-03-01,2020,3,6,0,0,0,CHOQUE,CUSCO,PE-34J,58,-15.30721744343726,-71.13349172551888
2020-03-01,2020,3,6,0,0,0,CHOQUE,LIMA,PE-1S,61,-12.494357250569998,-76.74355432888902
2020-03-01,2020,3,6,0,0,0,DESPISTE,ANCASH,PE-3N,82,-10.931483906799103,-76.05530468484757
2020-03-01,2020,3,6,0,0,7,CHOQUE,ANCASH,PE-3N,85,-10.90779064060798,-76.06832783631152
2020-03-01,2020,3,6,0,0,0,DESPISTE,HUANUCO,PE-18A,106,-9.44005497415777,-75.96659862682719
2020-03-01,2020,3,6,0,0,1,CHOQUE,JUNIN,PE-22,133,-11.592798704452209,-76.19205574645032
2020-03-01,2020,3,6,0,0,4,DESPISTE,ANCASH,PE-3N,217,-10.065396500524846,-76.21962219223252
2020-03-01,2020,3,6,0,1,0,DESPISTE,TUMBES,PE-1N,259,-10.324954099781438,-78.04946569075572
2020-03-01,2020,3,6,0,0,0,CHOQUE,MADRE DE DIOS,PE-30C,419,-12.613084881067945,-69.24346030278708
2020-03-01,2020,3,6,0,1,N.I.,CHOQUE,MADRE DE DIOS,PE-30C,444,-12.473964189161602,-69.14017566197755
2020-03-01,2020,3,6,0,0,4,DESPISTE,AREQUIPA,PE-1S,813,-16.552670851314932,-72.84695640974618
2020-03-02,2020,3,0,0,0,2,DESPISTE,JUNIN,PE-3SA,1,-11.780595541280356,-75.48126977100398
2020-03-02,2020,3,0,0,1,N.I.,DESPISTE,PUNO,PE-36B,8,-16.814248537402175,-70.49649247669919
2020-03-02,2020,3,0,0,0,1,CHOQUE,PIURA,PE-1N,18,-11.973388404368109,-77.06659650425499
2020-03-02,2020,3,0,0,0,0,DESPISTE,SAN MARTIN,PE-5NB,19,-6.447954039928187,-76.29476280219336
2020-03-02,2020,3,0,0,0,0,DESPISTE,LIMA,PE-1S,20,-12.229112605266383,-76.96824697333902
2020-03-02,2020,3,0,0,0,4,DESPISTE,HUANCAVELICA,PE-28A,131,-13.58160449808144,-75.27847832607395
2020-03-02,2020,3,0,0,0,0,DESPISTE,PASCO,PE-3N,165,-10.456634854729383,-76.1783294679999
2020-03-02,2020,3,0,0,1,4,DESPISTE,LIMA,PE-1N,224,-10.552281029952097,-77.88384094168254
2020-03-02,2020,3,0,0,0,0,CHOQUE,HUANUCO,PE-3N,228,-9.974908793105811,-76.24310756015986
2020-03-02,2020,3,0,0,0,4,CHOQUE,ICA,PE-1S,451,-14.870837959740731,-74.98757764919407
2020-03-03,2020,3,1,0,0,0,CHOQUE,LIMA,PE-1S,0,-12.058600714999956,-76.97339732799992
2020-03-03,2020,3,1,0,0,4,CHOQUE,CAJAMARCA,PE-06B,12,-6.626058232888813,-79.16456552621791
2020-03-03,2020,3,1,0,0,1,DESPISTE,JUNIN,PE-3N,13,-11.44352369654096,-75.94265242053045
2020-03-03,2020,3,1,0,1,1,CHOQUE,TACNA,PE-1SD,117,-17.065338066680066,-71.9459946903155
2020-03-03,2020,3,1,0,0,0,DESPISTE,ICA,PE-1S,362,-14.465216525789009,-75.40212774808717
2020-03-03,2020,3,1,0,0,1,CHOQUE,LA LIBERTAD,PE-1N,665,-7.453419158582243,-79.48929535934454
2020-03-04,2020,3,2,0,0,0,DESPISTE,LIMA,PE-1S,29,-12.271264375020683,-76.89771906411094
2020-03-04,2020,3,2,0,0,1,CHOQUE,UCAYALI,PE-18C,31,-8.612020396412989,-74.93921047845775
2020-03-04,2020,3,2,0,0,0,CHOQUE,AREQUIPA,PE-34A,66,-16.225063455802612,-71.66063313432053
2020-03-04,2020,3,2,0,0,0,CHOQUE,LIMA,PE-22,85,-11.797678584749768,-76.33832511331053
2020-03-04,2020,3,2,0,0,0,CHOQUE,JUNIN,PE-3S,104,-11.92632266826794,-75.31591734974911
2020-03-04,2020,3,2,0,0,3,DESPISTE,AREQUIPA,PE-34A,169,-15.816279445616775,-71.06799497037329
2020-03-04,2020,3,2,0,0,0,CHOQUE,AREQUIPA,PE-1S,632,-15.9148773511468,-74.13299331907628
2020-03-05,2020,3,3,0,0,0,ESPECIAL,LIMA,PE-1S,52,-12.415186934417584,-76.75539200264268
2020-03-05,2020,3,3,0,0,0,DESPISTE,PUNO,PE-34H,61,-15.130360900730636,-69.8141271937238
2020-03-05,2020,3,3,0,0,0,DESPISTE,LIMA,PE-1N,85,-11.542148320798743,-77.28069405572357
2020-03-05,2020,3,3,0,0,2,CHOQUE,APURIMAC,PE-3S,772,-13.653627974906575,-72.9045995655944
2020-03-05,2020,3,3,0,1,0,CHOQUE,PIURA,PE-1N,958,-5.49801000469602,-80.59779507813312
2020-03-06,2020,3,4,0,0,9,CHOQUE,LIMA,PE-1S,53,-12.424112563376994,-76.75390574014192
2020-03-06,2020,3,4,0,0,2,DESPISTE,LIMA,PE-1N,113,-11.38488806789341,-77.43136409875238
2020-03-06,2020,3,4,0,0,0,CHOQUE,HUANCAVELICA,PE-28A,131,-13.58160449808144,-75.27847832607395
2020-03-06,2020,3,4,0,0,0,DESPISTE,TACNA,PE-1SD,189,-17.276640690751645,-71.45927575136297
2020-03-06,2020,3,4,0,0,7,DESPISTE,JUNIN,PE-24,256,-12.00403627875666,-75.47709353640509
2020-03-06,2020,3,4,0,0,1,DESPISTE,ANCASH,PE-1N,331,-9.794747917765644,-78.21003300553888
2020-03-06,2020,3,4,0,0,0,DESPISTE,AREQUIPA,PE-1S,746,-16.364255992228767,-73.27386443753133
2020-03-07,2020,3,5,0,0,2,CHOQUE,ICA,PE-28,1,-13.83527095705574,-76.14775746943094
2020-03-07,2020,3,5,0,0,0,DESPISTE,JUNIN,PE-3S,74,-11.82511127072053,-75.49715399401276
2020-03-07,2020,3,5,0,0,1,ATROPELLO,LIMA,PE-1S,96,-12.923382832474228,-76.5002848851446
2020-03-07,2020,3,5,0,0,0,ESPECIAL,PUNO,PE-34A,198,-15.729296174309686,-70.8475624787815
2020-03-07,2020,3,5,0,0,2,DESPISTE,SAN MARTIN,PE-5N,438,-9.132332826370035,-75.75094676425667
2020-03-07,2020,3,5,0,0,3,CHOQUE,SAN MARTIN,PE-5N,459,-9.201470642472104,-75.81888730325751
2020-03-07,2020,3,5,0,0,1,DESPISTE,CUSCO,PE-3S,885,-13.505817126137188,-72.505576007551
2020-03-07,2020,3,5,0,0,2,CHOQUE,AREQUIPA,PE-1S,989,-16.70104336301476,-71.87046980645803
2020-03-08,2020,3,6,0,1,0,ATROPELLO,TACNA,PE-1S,4,-12.091052265394318,-76.98095805023392
2020-03-08,2020,3,6,0,0,3,CHOQUE,ANCASH,PE-14,19,-9.467664184553277,-78.13568753799714
2020-03-08,2020,3,6,0,0,3,ESPECIAL,HUANUCO,PE-18A,20,-9.840868487207922,-76.13645475806253
2020-03-08,2020,3,6,0,0,3,CHOQUE,JUNIN,PE-3S,30,-11.689773911327778,-75.76956519914653
2020-03-08,2020,3,6,0,0,4,DESPISTE,LIMA,PE-1S,97,-12.932281797664176,-76.4989866965431
2020-03-08,2020,3,6,0,1,0,CHOQUE,JUNIN,PE-22B,98,-11.119004301705823,-75.34529434700563
2020-03-08,2020,3,6,0,0,3,CHOQUE,LIMA,PE-1N,147,-11.12901117080136,-77.59467110718857
2020-03-08,2020,3,6,0,0,0,DESPISTE,APURIMAC,PE-30A,268,-14.549779143128106,-73.51673664981398
2020-03-08,2020,3,6,0,0,1,DESPISTE,ICA,PE-1S,271,-13.932722924064583,-75.89834219492161
2020-03-08,2020,3,6,0,0,4,CHOQUE,LAMBAYEQUE,PE-1N,820,-6.521774952706644,-80.04482377334166
2020-03-09,2020,3,0,0,0,0,CHOQUE,LIMA,PE-20A,10,-11.86284325188842,-77.01868103434728
2020-03-09,2020,3,0,0,0,2,CHOQUE,SAN MARTIN,PE-5NB,11,-6.464618050377658,-76.3103790953858
2020-03-09,2020,3,0,0,0,1,CHOQUE,PIURA,PE-36A,13,-17.17415129102688,-70.89438100702247
2020-03-09,2020,3,0,0,0,1,DESPISTE,LIMA,PE-1S,21,-12.233941721727907,-76.96055560500984
2020-03-09,2020,3,0,0,0,0,DESPISTE,PIURA,PE-1N,80,-11.580768556486747,-77.26134269665921
2020-03-09,2020,3,0,0,0,1,DESPISTE,LIMA,PE-1N,82,-11.563139040290404,-77.26547950067437
2020-03-09,2020,3,0,0,0,0,DESPISTE,LIMA,PE-1S,129,-12.718464192723818,-76.62264499159544
2020-03-09,2020,3,0,0,2,3,DESPISTE,SAN MARTIN,PE-5N,383,-8.955800554621462,-75.40129605739006
2020-03-09,2020,3,0,0,0,1,CHOQUE,LAMBAYEQUE,PE-1N,696,-7.276623755521006,-79.4759643906095
2020-03-09,2020,3,0,0,1,1,CHOQUE,AREQUIPA,PE-1S,961,-16.50496720319223,-71.82248611400202
2020-03-10,2020,3,1,0,0,3,DESPISTE,JUNIN,PE-22,13,-12.013257349825778,-76.88105631001828
2020-03-10,2020,3,1,0,0,1,CHOQUE,LIMA,PE-20A,25,-11.78617811740354,-76.98312056734912
2020-03-10,2020,3,1,0,0,1,CHOQUE,PIURA,PE-1N,57,-11.709796925946536,-77.17694984543039
2020-03-10,2020,3,1,0,0,0,CHOQUE,LAMBAYEQUE,PE-1N,79,-11.589223576515923,-77.258097374508
2020-03-10,2020,3,1,0,0,1,ATROPELLO,LIMA,PE-1N,88,-11.518387873127558,-77.29388354143688
2020-03-10,2020,3,1,0,0,0,DESPISTE,APURIMAC,PE-30A,223,-14.63561896712929,-73.80247520641076
2020-03-10,2020,3,1,0,0,4,DESPISTE,AREQUIPA,PE-1S,800,-16.49263349679572,-72.93597966200858
2020-03-10,2020,3,1,0,0,1,CHOQUE,PIURA,PE-1N,925,-5.7899723711671065,-80.54276322093605
2020-03-11,2020,3,2,0,0,1,DESPISTE,CAJAMARCA,PE-08,2,-7.30444818487886,-79.46172386652239
2020-03-11,2020,3,2,0,0,10,DESPISTE,JUNIN,PE-3S,3,-11.535229916448978,-75.89523133590757
2020-03-11,2020,3,2,0,0,3,DESPISTE,PUNO,PE-36B,58,-16.491618526339273,-70.34755633900465
2020-03-11,2020,3,2,0,0,0,CHOQUE,JUNIN,PE-3S,135,-12.154452673197264,-75.21737414495493
2020-03-11,2020,3,2,0,0,2,DESPISTE,LA LIBERTAD,PE-10C,337,-8.501193488996542,-77.28255649777117
2020-03-11,2020,3,2,0,0,0,DESPISTE,AREQUIPA,PE-1S,631,-15.910802580094856,-74.1412781551842
2020-03-12,2020,3,3,0,0,0,DESPISTE,JUNIN,PE-3SA,21,-11.654769388578709,-75.58199709455806
2020-03-12,2020,3,3,0,0,3,DESPISTE,LAMBAYEQUE,PE-1N,74,-11.61032449534697,-77.223165537099
2020-03-12,2020,3,3,0,0,0,CHOQUE,LIMA,PE-1S,78,-12.613650317878966,-76.66764922509587
2020-03-12,2020,3,3,0,0,2,DESPISTE,LIMA,PE-1S,95,-12.914600733782802,-76.50191243214053
2020-03-12,2020,3,3,0,0,2,DESPISTE,PIURA,PE-1N,224,-10.552281029952097,-77.88384094168254
2020-03-12,2020,3,3,0,0,1,CHOQUE,ANCASH,PE-1N,419,-9.050080607133513,-78.59435372965768
2020-03-12,2020,3,3,0,0,2,DESPISTE,CUSCO,PE-3S,1102,-14.207237734610832,-71.3046667795356
2020-03-13,2020,3,4,0,1,0,CHOQUE,LIMA,PE-1S,6,-12.108955635494585,-76.97845600840584
2020-03-13,2020,3,4,0,0,1,CHOQUE,AREQUIPA,PE-1SE,11,-13.500771584780338,-76.18531481512183
2020-03-13,2020,3,4,0,0,0,DESPISTE,SAN MARTIN,PE-5NB,12,-6.461448473894179,-76.3074457795189
2020-03-13,2020,3,4,0,0,0,DESPISTE,ICA,PE-1S,235,-13.792203686559892,-76.16140886717535
2020-03-13,2020,3,4,0,0,1,DESPISTE,ANCASH,PE-1N,292,-10.079413907454422,-78.1506975550275
2020-03-13,2020,3,4,0,0,0,CHOQUE,AREQUIPA,PE-1S,852,-16.594036466593664,-72.63173033645545
2020-03-14,2020,3,5,0,0,0,ESPECIAL,LIMA,PE-1N,34,-11.844958355753205,-77.09912151097649
2020-03-14,2020,3,5,0,0,0,DESPISTE,ANCASH,PE-16,96,-10.13983877880206,-77.4082172433998
2020-03-14,2020,3,5,0,0,0,DESPISTE,JUNIN,PE-3S,118,-12.021911643411771,-75.24027455505913
2020-03-14,2020,3,5,0,0,0,CHOQUE,AREQUIPA,PE-34A,133,-16.009659113890738,-71.27526253149041
2020-03-14,2020,3,5,0,0,0,CHOQUE,CUSCO,PE-28B,135,-12.719361939107513,-73.90268395270151
2020-03-14,2020,3,5,0,0,0,DESPISTE,AREQUIPA,PE-34A,160,-15.86650962371554,-71.13211339794492
2020-03-14,2020,3,5,0,0,2,CHOQUE,PUNO,PE-3S,1320,-15.510814186839612,-70.1144791375005
2020-03-15,2020,3,6,0,1,1,DESPISTE,LIMA,PE-1N,5,-12.030899527517434,-77.00296103022148
2020-03-15,2020,3,6,0,0,0,DESPISTE,TACNA,PE-1SD,8,-16.670198169885573,-72.57000946314521
2020-03-15,2020,3,6,0,0,0,DESPISTE,LAMBAYEQUE,PE-5N,20,-10.831369800683277,-75.29146856804354
2020-03-15,2020,3,6,0,0,1,DESPISTE,LIMA,PE-1S,32,-12.285857745341351,-76.87447302295651
2020-03-15,2020,3,6,0,0,0,DESPISTE,JUNIN,PE-3N,38,-11.275576855331495,-75.92515139189797
2020-03-15,2020,3,6,0,0,1,DESPISTE,LIMA,PE-1S,43,-12.353222472272424,-76.80349525974161
2020-03-15,2020,3,6,0,0,3,DESPISTE,ANCASH,PE-14,132,-9.54488476074986,-77.55401170274463
2020-03-15,2020,3,6,0,0,2,CHOQUE,APURIMAC,PE-3S,765,-13.674722401943477,-72.92416373451053
2020-03-15,2020,3,6,0,0,1,CHOQUE,AREQUIPA,PE-1S,953,-16.482850876228902,-71.88891831664078
2020-03-16,2020,3,0,0,0,1,DESPISTE,LIMA,PE-1S,70,-12.564491612551636,-76.70353879228901
2020-03-16,2020,3,0,0,0,0,DESPISTE,LAMBAYEQUE,PE-06A,155,-6.452141694151097,-79.0276512051765
2020-03-16,2020,3,0,0,0,0,CHOQUE,APURIMAC,PE-30A,167,-14.67666225841634,-74.08891284292174
2020-03-16,2020,3,0,0,0,2,DESPISTE,MOQUEGUA,PE-1SD,203,-17.36593895670284,-71.41336978909911
2020-03-16,2020,3,0,0,0,0,DESPISTE,PUNO,PE-36A,295,-16.629172847871157,-69.12172485226729
2020-03-16,2020,3,0,0,0,0,CHOQUE,MADRE DE DIOS,PE-30C,324,-12.89176091055515,-69.99921662303102
2020-03-16,2020,3,0,0,0,0,CHOQUE,MADRE DE DIOS,PE-30C,375,-12.781519484959684,-69.59957070103191
2020-03-16,2020,3,0,0,0,2,CHOQUE,HUANUCO,PE-5N,462,-9.211686872413043,-75.82648518633553
2020-03-16,2020,3,0,0,2,8,CHOQUE,AREQUIPA,PE-1S,733,-16.314819523211042,-73.36374756498316
2020-03-17,2020,3,1,0,0,0,CHOQUE,LAMBAYEQUE,PE-5N,17,-10.847871978857354,-75.28609595225333
2020-03-17,2020,3,1,0,1,0,DESPISTE,ICA,PE-28A,163,-13.479840235108547,-75.08527386084437
2020-03-18,2020,3,2,0,0,0,DESPISTE,AREQUIPA,PE-34A,87,-16.092195359752303,-71.60190822315788
2020-03-18,2020,3,2,0,0,2,CHOQUE,AYACUCHO,PE-3N,162,-10.480445182181336,-76.18196327868787
2020-03-18,2020,3,2,0,0,0,DESPISTE,SAN MARTIN,PE-5N,575,-8.599369427048298,-76.26889401929157
2020-03-19,2020,3,3,0,0,5,DESPISTE,LIMA,PE-24,22,-13.081439290870463,-76.29577241847738
2020-03-20,2020,3,4,0,1,0,ESPECIAL,TACNA,PE-1SD,9,-16.670102191012404,-72.56288839283012
2020-03-20,2020,3,4,0,0,0,DESPISTE,AREQUIPA,PE-34A,87,-16.092195359752303,-71.60190822315788
2020-03-20,2020,3,4,0,0,0,CHOQUE,PASCO,PE-3N,143,-10.62903144145084,-76.17582985819983
2020-03-20,2020,3,4,0,1,0,CHOQUE,PUNO,PE-3S,1400,-15.993490452343298,-69.77417596882702
2020-03-21,2020,3,5,0,0,2,CHOQUE,ICA,PE-1S,203,-13.518373190124834,-76.1415493375124
2020-03-22,2020,3,6,0,0,1,DESPISTE,TACNA,PE-36A,23,-17.124172511162822,-70.84009767375495
2020-03-22,2020,3,6,0,0,0,DESPISTE,HUANUCO,PE-5N,478,-9.18903863436397,-75.92133353093904
2020-03-23,2020,3,0,0,0,8,DESPISTE,CUSCO,PE-34G,29,-14.352100951989453,-71.29549603028293
2020-03-23,2020,3,0,0,0,0,DESPISTE,HUANCAVELICA,PE-28A,95,-13.609747550984196,-75.43306320316309
2020-03-23,2020,3,0,0,1,0,ATROPELLO,LIMA,PE-1S,126,-12.69908931679153,-76.64136256995023
2020-03-23,2020,3,0,0,0,1,DESPISTE,AREQUIPA,PE-1S,863,-16.5449020350311,-72.56488914570333
2020-03-24,2020,3,1,0,0,0,ESPECIAL,LIMA,PE-1N,202,-10.699701388263668,-77.77841621621211
2020-03-24,2020,3,1,0,0,2,DESPISTE,AREQUIPA,PE-1S,686,-16.18654831085638,-73.74429986783994
2020-03-24,2020,3,1,0,0,3,CHOQUE,LA LIBERTAD,PE-1N,698,-7.262807683712659,-79.48659798087361
2020-03-26,2020,3,3,0,0,2,DESPISTE,LIMA,PE-1S,41,-12.339832093802428,-76.81572625312138
2020-03-26,2020,3,3,0,0,0,DESPISTE,LIMA,PE-1S,98,-12.940814856339191,-76.4963256343087
2020-03-26,2020,3,3,0,0,2,DESPISTE,AREQUIPA,PE-1S,860,-16.545892162153308,-72.59250543612465
2020-03-27,2020,3,4,0,0,0,DESPISTE,JUNIN,PE-3S,75,-11.822061788232356,-75.48923941032317
2020-03-27,2020,3,4,0,0,3,DESPISTE,HUANCAVELICA,PE-28A,168,-13.468054476746552,-75.0467453874875
2020-03-28,2020,3,5,0,0,2,CHOQUE,PIURA,PE-1N,6,-12.03545225132201,-77.0108682967523
2020-03-28,2020,3,5,0,0,1,DESPISTE,JUNIN,PE-22,29,-11.967022009184616,-76.74510503291192
2020-03-29,2020,3,6,0,0,0,DESPISTE,HUANCAVELICA,PE-28A,144,-13.549179295890836,-75.21553885996676
2020-03-29,2020,3,6,0,0,0,DESPISTE,LIMA,PE-1N,199,-10.72197831263506,-77.76328729525757
2020-03-29,2020,3,6,0,0,1,CHOQUE,APURIMAC,PE-3S,771,-13.655021012384394,-72.9079822201429
2020-03-29,2020,3,6,0,0,0,DESPISTE,SAN MARTIN,PE-5N,810,-7.187116723145825,-76.73433858036607
2020-03-31,2020,3,1,0,0,0,DESPISTE,LIMA,PE-1N,4,-12.029881894044047,-76.99429512668502
2020-03-31,2020,3,1,0,0,1,CHOQUE,LAMBAYEQUE,PE-1N,766,-6.8832797038227,-79.81153870472622
2020-03-31,2020,3,1,0,0,2,DESPISTE,JUNIN,PE-3S,N.I.,-15.04301470699994,-70.36600238199992
2020-04-01,2020,4,2,0,0,0,DESPISTE,JUNIN,PE-3N,8,-11.481597150923148,-75.95672083384216
2020-04-01,2020,4,2,0,0,0,DESPISTE,LIMA,PE-1N,22,-11.9378101158105,-77.071652940994
2020-04-01,2020,4,2,0,0,0,DESPISTE,CAJAMARCA,PE-08B,37,-7.0790414274804325,-78.33084116319077
2020-04-01,2020,4,2,0,0,1,CHOQUE,JUNIN,PE-22,133,-11.592798704452209,-76.19205574645032
2020-04-01,2020,4,2,0,0,2,CHOQUE,ANCASH,PE-1N,384,-9.425005747470816,-78.36401682461295
2020-04-01,2020,4,2,0,2,0,DESPISTE,APURIMAC,PE-3S,752,-13.676229646686044,-72.94995206280956
2020-04-02,2020,4,3,0,0,2,DESPISTE,JUNIN,PE-1N,126,-11.289213183828368,-77.50059226951073
2020-04-02,2020,4,3,0,0,3,CHOQUE,LIMA,PE-1N,185,-10.846124321356712,-77.69430229662987
2020-04-02,2020,4,3,0,2,1,CHOQUE,ANCASH,PE-1N,247,-10.399434406647748,-77.98151947870417
2020-04-03,2020,4,4,0,0,0,DESPISTE,TACNA,PE-1SD,197,-17.330322793139175,-71.42837883649645
2020-04-03,2020,4,4,0,0,1,DESPISTE,ICA,PE-1S,225,-13.70614189786825,-76.15149745123108
2020-04-03,2020,4,4,0,0,1,DESPISTE,ICA,PE-1S,225,-13.70614189786825,-76.15149745123108
2020-04-03,2020,4,4,0,0,2,DESPISTE,LAMBAYEQUE,PE-1N,844,-6.374611092211538,-80.2014480993048
2020-04-03,2020,4,4,0,0,0,DESPISTE,AREQUIPA,PE-1S,908,-16.38602035755557,-72.19366075660545
2020-04-04,2020,4,5,0,0,1,DESPISTE,LIMA,PE-1S,16,-12.196626875601712,-76.97318968245784
2020-04-06,2020,4,0,0,0,0,DESPISTE,PIURA,PE-1N,21,-11.946756431235965,-77.07076344998089
2020-04-07,2020,4,1,0,0,4,DESPISTE,LAMBAYEQUE,PE-1N,755,-6.936081057595697,-79.72772429975228
2020-04-08,2020,4,2,0,0,1,CHOQUE,ICA,PE-1S,199,-13.48239984615401,-76.13863094744637
2020-04-09,2020,4,3,0,0,0,DESPISTE,JUNIN,PE-3S,0,-11.522661727999946,-75.90924094699994
2020-04-09,2020,4,3,0,0,0,DESPISTE,AYACUCHO,PE-3N,116,-10.733171966811332,-76.25302738234421
2020-04-10,2020,4,4,0,0,0,DESPISTE,LIMA,PE-1S,20,-12.229112605266383,-76.96824697333902
2020-04-10,2020,4,4,0,0,0,CHOQUE,LIMA,PE-1N,149,-11.111281897165105,-77.59217896675015
2020-04-10,2020,4,4,0,0,0,DESPISTE,ANCASH,PE-1N,256,-10.346092630894898,-78.03597738659838
2020-04-10,2020,4,4,0,0,0,ESPECIAL,CUSCO,PE-28B,N.I.,-13.083779910999908,-72.37596231599991
2020-04-12,2020,4,6,0,0,0,DESPISTE,UCAYALI,PE-18C,12,-8.742524951854836,-75.01428027190188
2020-04-12,2020,4,6,0,0,2,DESPISTE,LIMA,PE-1N,108,-11.391435633881196,-77.39513312660809
2020-04-13,2020,4,0,0,1,0,ATROPELLO,LIMA,PE-1N,186,-10.84252891127916,-77.69548245175244
2020-04-14,2020,4,1,0,0,2,CHOQUE,PUNO,PE-34H,53,-15.19818396438146,-69.83326606372056
2020-04-14,2020,4,1,0,0,1,DESPISTE,ICA,PE-1S,314,-14.206902294117894,-75.71396825124924
2020-04-15,2020,4,2,0,1,1,CHOQUE,JUNIN,PE-3N,15,-11.430433706385609,-75.93105274231849
2020-04-15,2020,4,2,0,0,0,DESPISTE,AREQUIPA,PE-34A,52,-16.294228058226057,-71.6378719417738
2020-04-16,2020,4,3,0,0,0,DESPISTE,LIMA,PE-1S,67,-12.541498764666107,-76.71744604357072
2020-04-18,2020,4,5,0,0,0,DESPISTE,LIMA,PE-1S,117,-12.769361428999463,-76.59351243043692
2020-04-18,2020,4,5,0,0,0,DESPISTE,LIMA,PE-1S,118,-12.77632224362402,-76.58765456955089
2020-04-18,2020,4,5,0,0,0,DESPISTE,AREQUIPA,PE-1S,807,-16.53049670170525,-72.89260774114283
2020-04-19,2020,4,6,0,0,0,DESPISTE,AREQUIPA,PE-1S,630,-15.906761663484442,-74.1495787332843
2020-04-21,2020,4,1,0,0,0,DESPISTE,ICA,PE-30,9,-15.16429274386472,-75.02351294708467
2020-04-22,2020,4,2,0,0,1,DESPISTE,ANCASH,PE-1N,371,-9.486043543365328,-78.27292896472373
2020-04-22,2020,4,2,0,0,0,ESPECIAL,ICA,PE-1S,458,-14.9270097152922,-74.98785201293383
2020-04-23,2020,4,3,0,0,0,DESPISTE,LIMA,PE-1S,29,-12.271264375020683,-76.89771906411094
2020-04-23,2020,4,3,0,1,0,DESPISTE,CUSCO,PE-3S,913,-13.457739732101516,-72.3933423452367
2020-04-24,2020,4,4,0,1,4,CHOQUE,LIMA,PE-1S,153,-13.177776254385332,-76.35656675114566
2020-04-24,2020,4,4,0,0,1,CHOQUE,ANCASH,PE-1N,247,-10.399434406647748,-77.98151947870417
2020-04-24,2020,4,4,0,0,0,DESPISTE,ICA,PE-1S,450,-14.86506517535312,-74.98040355108859
2020-04-24,2020,4,4,0,0,0,DESPISTE,AREQUIPA,PE-1S,603,-15.814402711349496,-74.31709692140151
2020-04-24,2020,4,4,0,0,1,DESPISTE,AREQUIPA,PE-1S,620,-15.86297365709067,-74.20565025624802
2020-04-25,2020,4,5,0,0,0,DESPISTE,LIMA,PE-1N,16,-11.990980640651676,-77.06385549826958
2020-04-25,2020,4,5,0,0,1,DESPISTE,PIURA,PE-1N,76,-11.60799034412872,-77.23917995125622
2020-04-25,2020,4,5,0,0,0,DESPISTE,ICA,PE-1S,183,-13.389281095080594,-76.20101489842929
2020-04-25,2020,4,5,0,1,0,ATROPELLO,ANCASH,PE-1N,386,-9.40883682085632,-78.37205673906638
2020-04-25,2020,4,5,0,0,1,CHOQUE,PUNO,PE-3S,N.I.,-15.04301470699994,-70.36600238199992
2020-04-27,2020,4,0,0,0,0,DESPISTE,JUNIN,PE-22,138,-11.601619508043797,-76.14842591009425
2020-04-27,2020,4,0,0,0,0,CHOQUE,HUANUCO,PE-3N,250,-9.908904785500056,-76.38277104477882
2020-04-28,2020,4,1,0,0,0,DESPISTE,JUNIN,PE-22,0,-12.035062378999951,-76.98928008099995
2020-04-28,2020,4,1,0,0,5,CHOQUE,LIMA,PE-1N,79,-11.589223576515923,-77.258097374508
2020-04-28,2020,4,1,0,0,0,ESPECIAL,LIMA,PE-1N,83,-11.555918348742413,-77.26964221100262
2020-04-29,2020,4,2,0,0,0,DESPISTE,MOQUEGUA,PE-36A,28,-17.103916951400404,-70.85144953902359
2020-04-30,2020,4,3,0,0,0,DESPISTE,LIMA,PE-1N,16,-11.990980640651676,-77.06385549826958
2020-04-30,2020,4,3,0,0,1,DESPISTE,LIMA,PE-1N,76,-11.60799034412872,-77.23917995125622
2020-04-30,2020,4,3,0,0,1,DESPISTE,LIMA,PE-22,114,-11.66284415344652,-76.24576919106707
2020-04-30,2020,4,3,0,0,0,ESPECIAL,LIMA,PE-1N,115,-11.370151284322256,-77.44202915357737
2020-04-30,2020,4,3,0,0,0,DESPISTE,HUANUCO,PE-3N,126,-10.692530530970686,-76.21531282562151
2020-05-01,2020,5,4,0,0,0,DESPISTE,JUNIN,PE-3N,15,-11.430433706385609,-75.93105274231849
2020-05-01,2020,5,4,0,2,6,ATROPELLO,LIMA,PE-1N,215,-10.627010220428128,-77.86229435880638
2020-05-01,2020,5,4,0,1,0,ATROPELLO,ICA,PE-1S,252,-13.902562006225264,-76.06770530424643
2020-05-02,2020,5,5,0,0,2,DESPISTE,SAN MARTIN,PE-5N,81,-10.627815749918597,-75.11428185580851
2020-05-03,2020,5,6,0,0,1,CHOQUE,LIMA,PE-1S,30,-12.27613780870458,-76.88997544513248
2020-05-04,2020,5,0,0,0,0,DESPISTE,JUNIN,PE-3SA,19,-11.671215847157285,-75.57354122416632
2020-05-04,2020,5,0,0,0,3,DESPISTE,MADRE DE DIOS,PE-30C,300,-12.914637159166665,-70.19643541001209
2020-05-04,2020,5,0,0,0,0,DESPISTE,MADRE DE DIOS,PE-30C,419,-12.613084881067945,-69.24346030278708
2020-05-05,2020,5,1,0,0,2,CHOQUE,ANCASH,PE-1N,235,-10.460677402880597,-77.91776596406712
2020-05-06,2020,5,2,0,0,0,DESPISTE,LIMA,PE-1N,98,-11.449431098653706,-77.33984367253781
2020-05-07,2020,5,3,0,0,1,CHOQUE,AREQUIPA,PE-34A,38,-16.387419495391896,-71.58148291282657
2020-05-07,2020,5,3,0,1,0,CHOQUE,TUMBES,PE-1N,193,-10.816843708211003,-77.700359089537
2020-05-08,2020,5,4,0,0,0,DESPISTE,LA LIBERTAD,PE-08,34,-7.239378715486836,-79.22222602034336
2020-05-08,2020,5,4,0,0,1,DESPISTE,PIURA,PE-1N,126,-11.289213183828368,-77.50059226951073
2020-05-09,2020,5,5,0,0,1,ATROPELLO,APURIMAC,PE-3S,766,-13.66722250101104,-72.92623833094451
2020-05-10,2020,5,6,0,0,3,DESPISTE,LIMA,PE-1N,108,-11.391435633881196,-77.39513312660809
2020-05-11,2020,5,0,0,0,0,DESPISTE,PIURA,PE-1N,42,-11.790854054126545,-77.14835534687332
2020-05-11,2020,5,0,0,0,2,VOLCADURA,APURIMAC,PE-3S,753,-13.67291196447343,-72.94451941529509
2020-05-11,2020,5,0,0,0,0,DESPISTE,ANCASH,PE-3N,845,-8.41544985708066,-78.01235610844248
2020-05-12,2020,5,1,0,0,0,DESPISTE,LIMA,PE-1NA,20,-11.63246054786788,-77.21787541527529
2020-05-12,2020,5,1,0,0,2,DESPISTE,JUNIN,PE-22B,46,-11.357238899749076,-75.62954169601785
2020-05-12,2020,5,1,0,0,0,DESPISTE,AREQUIPA,PE-1S,578,-15.727523806075135,-74.45806620565845
2020-05-13,2020,5,2,0,0,1,DESPISTE,AREQUIPA,PE-1S,569,-15.68282776951608,-74.52141769325044
2020-05-13,2020,5,2,0,N.I.,0,DESPISTE,APURIMAC,PE-3S,766,-13.66722250101104,-72.92623833094451
2020-05-13,2020,5,2,0,0,1,DESPISTE,AREQUIPA,PE-1S,862,-16.5445018702583,-72.57421449140094
2020-05-14,2020,5,3,0,0,2,DESPISTE,LAMBAYEQUE,PE-06A,181,-6.486975771402018,-78.897484784287
2020-05-14,2020,5,3,0,0,0,DESPISTE,AREQUIPA,PE-1S,603,-15.814402711349496,-74.31709692140151
2020-05-14,2020,5,3,0,0,1,CHOQUE,AREQUIPA,PE-1S,729,-16.302815332893697,-73.39532502885187
2020-05-15,2020,5,4,0,0,0,DESPISTE,TACNA,PE-36A,30,-17.091358384397914,-70.84946206142422
2020-05-15,2020,5,4,0,0,0,DESPISTE,JUNIN,PE-3S,31,-11.69792777212196,-75.76739923144835
2020-05-15,2020,5,4,0,0,0,DESPISTE,JUNIN,PE-22,70,-11.875756205625285,-76.43000257756621
2020-05-16,2020,5,5,0,0,0,DESPISTE,HUANUCO,PE-18A,49,-9.70560766704786,-76.09386480760455
2020-05-19,2020,5,1,0,0,0,DESPISTE,CAJAMARCA,PE-08,89,-7.224322689743297,-78.85873459621294
2020-05-19,2020,5,1,0,0,0,CHOQUE,JUNIN,PE-3S,106,-11.938716626497254,-75.30774548505063
2020-05-20,2020,5,2,0,0,1,CHOQUE,LIMA,PE-1S,149,-13.152438439240983,-76.38029930762555
2020-05-20,2020,5,2,0,0,3,DESPISTE,ICA,PE-1S,184,-13.397333355183989,-76.19679180371396
2020-05-21,2020,5,3,0,1,1,CHOQUE,HUANCAVELICA,PE-3S,156,-12.290868955718068,-75.09781068709165
2020-05-21,2020,5,3,0,1,1,CHOQUE,ANCASH,PE-1N,417,-9.066825957534151,-78.58792399570814
2020-05-22,2020,5,4,0,0,0,DESPISTE,AREQUIPA,PE-34A,137,-15.990752802149116,-71.25191779027641
2020-05-22,2020,5,4,0,0,2,DESPISTE,CUSCO,PE-28B,170,-12.613996439781523,-73.80673442858253
2020-05-23,2020,5,5,0,0,0,CHOQUE,PIURA,PE-1N,3,-12.036785672029502,-76.98870889454524
2020-05-23,2020,5,5,0,0,0,DESPISTE,LIMA,PE-22,111,-11.678630463904785,-76.25802822208564
2020-05-23,2020,5,5,0,0,0,DESPISTE,LIMA,PE-1N,192,-10.820619821698443,-77.70062298645144
2020-05-23,2020,5,5,0,0,3,DESPISTE,AREQUIPA,PE-1S,776,-16.421321924317134,-73.11339377253465
2020-05-24,2020,5,6,0,0,0,CHOQUE,AREQUIPA,PE-1S,770,-16.441049601183764,-73.12932111139439
2020-05-25,2020,5,0,0,0,0,DESPISTE,LIMA,PE-1N,7,-12.040980189582212,-77.01812115130421
2020-05-26,2020,5,1,0,0,0,DESPISTE,LIMA,PE-1N,46,-11.760137973165364,-77.15480179734976
2020-05-26,2020,5,1,0,0,0,DESPISTE,LIMA,PE-22,111,-11.678630463904785,-76.25802822208564
2020-05-26,2020,5,1,0,0,0,DESPISTE,JUNIN,PE-22B,113,-11.012422538464852,-75.31563859225655
2020-05-26,2020,5,1,0,2,2,CHOQUE,LIMA,PE-1S,133,-13.042360826582176,-76.47154836661794
2020-05-26,2020,5,1,0,0,0,DESPISTE,ANCASH,PE-1N,301,-10.00602304331578,-78.18115294897198
2020-05-26,2020,5,1,0,0,3,CHOQUE,SAN MARTIN,PE-5N,485,-9.17230041978716,-75.96533386174761
2020-05-27,2020,5,2,0,0,2,DESPISTE,APURIMAC,PE-30A,282,-14.567947269068016,-73.39723282463623
2020-05-27,2020,5,2,0,1,0,ATROPELLO,ANCASH,PE-1N,371,-9.486043543365328,-78.27292896472373
2020-05-27,2020,5,2,0,0,0,DESPISTE,AREQUIPA,PE-1S,777,-16.423414908447345,-73.10660489450521
2020-05-28,2020,5,3,0,0,2,DESPISTE,HUANUCO,PE-3N,270,-9.88192205270046,-76.47257785782888
2020-05-29,2020,5,4,0,0,2,DESPISTE,LIMA,PE-1S,24,-12.246584742503304,-76.93618987426358
2020-05-29,2020,5,4,0,0,1,DESPISTE,JUNIN,PE-3S,101,-11.905670120790454,-75.33221304157603
2020-05-29,2020,5,4,0,0,1,ESPECIAL,LA LIBERTAD,PE-1N,600,-7.87178743419206,-79.13419108223329
2020-05-29,2020,5,4,0,1,0,ATROPELLO,LA LIBERTAD,PE-1N,656,-7.484918114469372,-79.41757040974797
2020-05-30,2020,5,5,0,0,1,CHOQUE,CUSCO,PE-34G,10,-14.468414708804715,-71.29605848165919
2020-05-30,2020,5,5,0,0,0,CHOQUE,PIURA,PE-1N,66,-11.638210024014256,-77.20622260981537
2020-05-30,2020,5,5,0,0,0,DESPISTE,ANCASH,PE-14,113,-9.545965506050262,-77.6233488465213
2020-05-30,2020,5,5,0,0,2,DESPISTE,ICA,PE-1S,434,-14.788392841249042,-75.0216291456214
2020-05-30,2020,5,5,0,0,1,DESPISTE,PUNO,PE-3S,N.I.,-15.04301470699994,-70.36600238199992
2020-05-31,2020,5,6,0,0,0,DESPISTE,SAN MARTIN,PE-5N,471,-9.19369648902883,-75.87266161750564
2020-06-01,2020,6,0,0,0,0,DESPISTE,MOQUEGUA,PE-36A,55,-17.034236991344944,-70.80969706144819
2020-06-01,2020,6,0,0,0,1,DESPISTE,LIMA,PE-1S,153,-13.177776254385332,-76.35656675114566
2020-06-02,2020,6,1,0,0,2,DESPISTE,ANCASH,PE-1N,237,-10.44591915226778,-77.9280881394662
2020-06-02,2020,6,1,0,0,1,CHOQUE,CUSCO,PE-3S,1083,-14.100708954811676,-71.42869427408748
2020-06-03,2020,6,2,0,0,0,CHOQUE,PIURA,PE-1NJ,196,-5.17115015183347,-80.54214013990696
2020-06-03,2020,6,2,0,0,7,CHOQUE,ICA,PE-1S,379,-14.50137012408486,-75.25241378003477
2020-06-03,2020,6,2,0,0,0,DESPISTE,AREQUIPA,PE-1S,522,-15.46459455883586,-74.86372862876911
2020-06-03,2020,6,2,0,0,1,CHOQUE,LAMBAYEQUE,PE-1N,704,-7.234386112848887,-79.45389048743962
2020-06-04,2020,6,3,0,0,1,CHOQUE,LIMA,PE-1S,99,-12.947738271549609,-76.50162231777215
2020-06-04,2020,6,3,0,0,1,DESPISTE,MADRE DE DIOS,PE-30C,324,-12.89176091055515,-69.99921662303102
2020-06-04,2020,6,3,0,0,0,DESPISTE,AREQUIPA,PE-1S,775,-16.428630654329847,-73.1164343231522
2020-06-04,2020,6,3,0,0,3,DESPISTE,AREQUIPA,PE-1S,811,-16.538795119821234,-72.85820528799506
2020-06-06,2020,6,5,0,0,0,DESPISTE,AREQUIPA,PE-1S,541,-15.560205796820174,-74.73058027656812
2020-06-06,2020,6,5,0,0,1,DESPISTE,AREQUIPA,PE-1S,633,-15.918975935138109,-74.12471145695262
2020-06-07,2020,6,6,0,0,0,ESPECIAL,LIMA,PE-1S,124,-12.683025484064796,-76.64937375428354
2020-06-07,2020,6,6,0,0,1,DESPISTE,LIMA,PE-1S,125,-12.691485723558252,-76.64630842914163
2020-06-07,2020,6,6,0,0,0,DESPISTE,AREQUIPA,PE-1S,763,-16.41612457153041,-73.16700179774958
2020-06-08,2020,6,0,0,0,2,DESPISTE,PIURA,PE-1N,47,-11.753335009070232,-77.14879196867817
2020-06-08,2020,6,0,0,0,1,CHOQUE,PUNO,PE-34H,48,-15.232774550262324,-69.82782635972444
2020-06-08,2020,6,0,0,0,0,DESPISTE,LIMA,PE-1S,131,-13.02463008299992,-76.47484911599992
2020-06-08,2020,6,0,0,0,0,CHOQUE,LIMA,PE-1N,204,-10.685718605387349,-77.78893555869494
2020-06-08,2020,6,0,0,0,1,DESPISTE,ANCASH,PE-1N,246,-10.40379926547519,-77.97357161774444
2020-06-09,2020,6,1,0,0,1,CHOQUE,CUSCO,PE-34F,8,-14.735190850275147,-71.34316753664393
2020-06-09,2020,6,1,0,0,0,DESPISTE,JUNIN,PE-3S,73,-11.821985425523051,-75.50537376348963
2020-06-09,2020,6,1,0,0,0,CHOQUE,ANCASH,PE-1N,313,-9.943073156259494,-78.21675380877198
2020-06-09,2020,6,1,0,0,1,ATROPELLO,MADRE DE DIOS,PE-30C,314,-12.897970907331011,-70.07575664485404
2020-06-09,2020,6,1,0,0,0,DESPISTE,APURIMAC,PE-3S,797,-13.588555311534536,-72.84855143847108
2020-06-10,2020,6,2,0,2,0,CHOQUE,LA LIBERTAD,PE-1N,515,-8.430474275042485,-78.77638533012926
2020-06-11,2020,6,3,0,0,0,DESPISTE,LIMA,PE-1N,16,-11.990980640651676,-77.06385549826958
2020-06-11,2020,6,3,0,1,0,DESPISTE,APURIMAC,PE-30A,306,-14.502291063413423,-73.25993180201417
2020-06-11,2020,6,3,0,0,0,DESPISTE,LAMBAYEQUE,PE-1N,829,-6.472558792443885,-80.10962815221993
2020-06-12,2020,6,4,0,0,0,CHOQUE,JUNIN,PE-3N,13,-11.44352369654096,-75.94265242053045
2020-06-12,2020,6,4,0,1,0,ATROPELLO,LIMA,PE-1S,32,-12.285857745341351,-76.87447302295651
2020-06-12,2020,6,4,0,0,1,CHOQUE,LIMA,PE-1S,141,-13.097805878041688,-76.42495767818772
2020-06-13,2020,6,5,0,0,1,DESPISTE,LIMA,PE-1N,16,-11.990980640651676,-77.06385549826958
2020-06-13,2020,6,5,0,1,0,ATROPELLO,LIMA,PE-1N,104,-11.411127109563516,-77.37555094068351
2020-06-13,2020,6,5,0,0,1,CHOQUE,ICA,PE-1S,243,-13.857619701763031,-76.13115379592705
2020-06-13,2020,6,5,0,0,1,DESPISTE,SAN MARTIN,PE-5N,471,-9.19369648902883,-75.87266161750564
2020-06-13,2020,6,5,0,0,0,DESPISTE,AREQUIPA,PE-1S,608,-15.835866688819555,-74.29254396340731
2020-06-14,2020,6,6,0,0,2,DESPISTE,CUSCO,PE-28B,175,-12.61689655883712,-73.78319385800575
2020-06-15,2020,6,0,0,0,0,CHOQUE,AREQUIPA,PE-34E,2,-16.040062000779763,-71.40141269523801
2020-06-15,2020,6,0,0,0,0,DESPISTE,CUSCO,PE-34G,8,-14.484618144599963,-71.29732154333712
2020-06-15,2020,6,0,0,0,0,DESPISTE,CAJAMARCA,PE-3NB,51,-6.700023148277466,-78.52383454863158
2020-06-15,2020,6,0,0,0,1,CHOQUE,ANCASH,PE-1N,398,-9.309742941699836,-78.4038196665283
2020-06-15,2020,6,0,0,0,4,CHOQUE,PIURA,PE-1N,997,-5.181235447504872,-80.65904842702366
2020-06-16,2020,6,1,0,0,0,DESPISTE,AREQUIPA,PE-34A,181,-15.766109999999912,-70.97783042100791
2020-06-16,2020,6,1,0,0,0,DESPISTE,ANCASH,PE-1N,237,-10.44591915226778,-77.9280881394662
2020-06-16,2020,6,1,0,1,0,ATROPELLO,SAN MARTIN,PE-5N,608,-8.32477531071688,-76.34526481753608
2020-06-17,2020,6,2,0,1,0,CHOQUE,HUANUCO,PE-18A,19,-9.843523939549494,-76.14213229329039
2020-06-17,2020,6,2,0,0,0,DESPISTE,LIMA,PE-1S,84,-12.664674078988307,-76.6582442876618
2020-06-17,2020,6,2,0,0,0,DESPISTE,LIMA,PE-1N,203,-10.693887907265005,-77.78498879822675
2020-06-18,2020,6,3,0,0,0,CHOQUE,LIMA,PE-1N,16,-11.990980640651676,-77.06385549826958
2020-06-18,2020,6,3,0,0,0,DESPISTE,JUNIN,PE-22B,83,-11.182905354208213,-75.45633818343671
2020-06-18,2020,6,3,0,0,1,DESPISTE,LIMA,PE-1S,125,-12.691485723558252,-76.64630842914163
2020-06-18,2020,6,3,0,0,0,CHOQUE,LIMA,PE-1N,186,-10.84252891127916,-77.69548245175244
2020-06-18,2020,6,3,0,0,0,DESPISTE,AYACUCHO,PE-3S,481,-13.381960234903325,-73.94442219420384
2020-06-19,2020,6,4,0,1,2,CHOQUE,LIMA,PE-1N,78,-11.59677375920734,-77.25349743581087
2020-06-19,2020,6,4,0,0,0,ESPECIAL,LIMA,PE-1S,126,-12.69908931679153,-76.64136256995023
2020-06-19,2020,6,4,0,0,0,DESPISTE,APURIMAC,PE-30A,335,-14.321698095607951,-73.19177818962511
2020-06-19,2020,6,4,0,0,0,DESPISTE,AREQUIPA,PE-1S,730,-16.307206390891754,-73.38782585933771
2020-06-20,2020,6,5,0,0,0,CHOQUE,LIMA,PE-1N,10,-12.03649302662419,-77.04350242791477
2020-06-20,2020,6,5,0,0,2,DESPISTE,LIMA,PE-1S,108,-12.80540376186029,-76.54555704667551
2020-06-20,2020,6,5,0,0,0,CHOQUE,CAJAMARCA,PE-08,170,-7.216473721056227,-78.50409362612596
2020-06-20,2020,6,5,0,0,1,CHOQUE,AREQUIPA,PE-1S,865,-16.545411295927323,-72.54626016640586
2020-06-21,2020,6,6,0,0,0,DESPISTE,PIURA,PE-1N,199,-10.72197831263506,-77.76328729525757
2020-06-21,2020,6,6,0,0,0,DESPISTE,ANCASH,PE-1N,357,-9.599326990752273,-78.2579456822353
2020-06-21,2020,6,6,0,0,1,DESPISTE,ANCASH,PE-1N,367,-9.51866588134371,-78.28758786841156
2020-06-21,2020,6,6,0,0,1,CHOQUE,AREQUIPA,PE-1S,833,-16.60630795882485,-72.69981119192862
2020-06-21,2020,6,6,0,0,0,DESPISTE,PIURA,PE-1N,987,-5.244963139464744,-80.62923953981158
2020-06-22,2020,6,0,0,0,4,CHOQUE,TACNA,PE-1SD,12,-16.66973641760522,-72.54793528958956
2020-06-22,2020,6,0,0,0,5,DESPISTE,UCAYALI,PE-18C,15,-8.718091544267,-75.00655789342348
2020-06-22,2020,6,0,0,0,1,VOLCADURA,TACNA,PE-36,20,-17.633527474055224,-71.19420162930064
2020-06-22,2020,6,0,0,0,0,DESPISTE,LIMA,PE-1S,116,-12.762402122203678,-76.59937204571224
2020-06-22,2020,6,0,0,0,1,CHOQUE,CUSCO,PE-3S,1103,-14.213187304234966,-71.29769966387647
2020-06-23,2020,6,1,0,1,0,CHOQUE,UCAYALI,PE-18C,24,-8.6493283723101,-74.97389277960824
2020-06-23,2020,6,1,0,0,0,DESPISTE,LIMA,PE-1S,83,-12.657015005785905,-76.66304641592922
2020-06-23,2020,6,1,0,1,0,CHOQUE,ANCASH,PE-1N,293,-10.07184128512923,-78.15565461130579
2020-06-23,2020,6,1,0,0,0,CHOQUE,LA LIBERTAD,PE-1N,516,-8.423588201386583,-78.78231024806428
2020-06-24,2020,6,2,0,0,2,ATROPELLO,CUSCO,PE-28G,38,-13.423995182999931,-71.85140645099995
2020-06-24,2020,6,2,0,0,0,DESPISTE,LIMA,PE-1N,44,-11.777083903231906,-77.15962972973583
2020-06-24,2020,6,2,0,0,1,CHOQUE,AREQUIPA,PE-34A,178,-15.766974994482608,-71.00349798013745
2020-06-24,2020,6,2,0,0,0,DESPISTE,AREQUIPA,PE-1S,608,-15.835866688819555,-74.29254396340731
2020-06-25,2020,6,3,0,0,3,DESPISTE,LIMA,PE-1N,48,-11.746533717388017,-77.1427832539304
2020-06-25,2020,6,3,0,0,0,DESPISTE,LIMA,PE-1N,203,-10.693887907265005,-77.78498879822675
2020-06-25,2020,6,3,0,0,0,CHOQUE,APURIMAC,PE-30A,302,-14.498017982348816,-73.26504867860491
2020-06-26,2020,6,4,0,1,0,ATROPELLO,CAJAMARCA,PE-3NB,4,-6.8912840940336535,-78.59742781484718
2020-06-26,2020,6,4,0,0,1,DESPISTE,CAJAMARCA,PE-3N,9,-11.47313169358694,-75.95978591454887
2020-06-26,2020,6,4,0,0,0,DESPISTE,LIMA,PE-1S,119,-12.781915400528913,-76.58057496406059
2020-06-26,2020,6,4,0,1,0,DESPISTE,LA LIBERTAD,PE-1N,639,-7.62425593060786,-79.36260330682661
2020-06-27,2020,6,5,0,0,4,DESPISTE,CAJAMARCA,PE-3NB,34,-6.773779305923417,-78.52689465163671
2020-06-27,2020,6,5,0,0,1,DESPISTE,UCAYALI,PE-18C,46,-8.51364553412607,-74.85468709822379
2020-06-27,2020,6,5,0,0,1,DESPISTE,CAJAMARCA,PE-08A,62,-7.065189038029327,-78.6137163851645
2020-06-28,2020,6,6,0,0,1,CHOQUE,UCAYALI,PE-18C,13,-8.73463987364588,-75.01081265608232
2020-06-28,2020,6,6,0,0,1,DESPISTE,LIMA,PE-22,110,-11.685662543184964,-76.26051752939492
2020-06-29,2020,6,0,0,0,2,DESPISTE,AREQUIPA,PE-1SD,10,-16.66984859390755,-72.55862485132269
2020-06-29,2020,6,0,0,0,3,CHOQUE,LIMA,PE-22,111,-11.678630463904785,-76.25802822208564
2020-06-29,2020,6,0,0,0,0,DESPISTE,MOQUEGUA,PE-1SD,197,-17.330322793139175,-71.42837883649645
2020-06-29,2020,6,0,0,0,0,DESPISTE,ANCASH,PE-1N,240,-10.422093052498472,-77.926735641405
2020-06-30,2020,6,1,0,1,0,ATROPELLO,AREQUIPA,PE-34A,4,-16.525228723642485,-71.74958182981892
2020-06-30,2020,6,1,0,0,0,CHOQUE,TACNA,PE-1SD,15,-16.680774374593856,-72.52720402081167
2020-06-30,2020,6,1,0,0,2,DESPISTE,ICA,PE-1S,188,-13.410086716776268,-76.17097828641086
2020-06-30,2020,6,1,0,0,0,CHOQUE,ANCASH,PE-1S,417,-14.685047759756676,-75.13258822090296
2020-06-30,2020,6,1,0,0,0,VOLCADURA,LA LIBERTAD,PE-1N,514,-8.43433401473071,-78.76818304613947
2020-07-01,2020,7,2,0,0,3,CHOQUE,LIMA,PE-1S,23,-12.24236550164664,-76.94430819131811
2020-07-01,2020,7,2,0,0,4,CHOQUE,PIURA,PE-1N,252,-10.368553675775402,-78.01457666703017
2020-07-01,2020,7,2,0,0,1,CHOQUE,PUNO,PE-36A,303,-16.587831799614186,-69.06874003919171
2020-07-01,2020,7,2,0,0,1,CHOQUE,ANCASH,PE-1N,444,-8.983405339557397,-78.61694373888713
2020-07-01,2020,7,2,0,0,0,DESPISTE,LA LIBERTAD,PE-1N,705,-7.229026436473969,-79.44659592245182
2020-07-02,2020,7,3,0,0,1,DESPISTE,CAJAMARCA,PE-08A,47,-7.10341007142976,-78.72157383398397
2020-07-02,2020,7,3,0,0,1,DESPISTE,MOQUEGUA,PE-1S,127,-12.70666664664536,-76.63637820672253
2020-07-02,2020,7,3,0,2,2,CHOQUE,AREQUIPA,PE-1S,167,-13.26702246927754,-76.2786918275097
2020-07-03,2020,7,4,0,0,1,ESPECIAL,LAMBAYEQUE,PE-1N,119,-11.34068519664422,-77.46334435318555
2020-07-03,2020,7,4,0,0,0,DESPISTE,AYACUCHO,PE-3S,130,-12.114077500497872,-75.21636782678466
2020-07-04,2020,7,5,0,0,1,DESPISTE,JUNIN,PE-22,70,-11.875756205625285,-76.43000257756621
2020-07-04,2020,7,5,0,0,2,CHOQUE,AYACUCHO,PE-28B,79,-12.88958335998594,-74.01001972779939
2020-07-05,2020,7,6,0,0,1,CHOQUE,AMAZONAS,PE-5N,9,-10.898695445643856,-75.28054864764296
2020-07-05,2020,7,6,0,0,1,DESPISTE,LIMA,PE-1N,147,-11.12901117080136,-77.59467110718857
2020-07-05,2020,7,6,0,0,1,DESPISTE,AREQUIPA,PE-1S,592,-15.811605457722292,-74.3863831847418
2020-07-06,2020,7,0,0,1,3,CHOQUE,LIMA,PE-1S,108,-12.80540376186029,-76.54555704667551
2020-07-06,2020,7,0,0,0,2,DESPISTE,PIURA,PE-1N,260,-10.317140152929412,-78.0499788224023
2020-07-06,2020,7,0,0,1,0,ATROPELLO,LA LIBERTAD,PE-1N,558,-8.146449281369977,-79.01219155079941
2020-07-06,2020,7,0,0,1,1,DESPISTE,CAJAMARCA,PE-3N,1378,-6.728644832566175,-78.58005184708696
2020-07-07,2020,7,1,0,0,0,DESPISTE,ANCASH,PE-1N,34,-11.844958355753205,-77.09912151097649
2020-07-07,2020,7,1,0,0,0,CHOQUE,LIMA,PE-1N,74,-11.61032449534697,-77.223165537099
2020-07-07,2020,7,1,0,0,1,DESPISTE,HUANUCO,PE-18A,103,-9.458375909817637,-75.97089606437433
2020-07-07,2020,7,1,0,0,1,DESPISTE,AREQUIPA,PE-34A,179,-15.764218560835296,-70.99473497219276
2020-07-07,2020,7,1,0,0,0,CHOQUE,HUANUCO,PE-5N,452,-9.173043065442531,-75.79346393714873
2020-07-07,2020,7,1,0,0,0,CHOQUE,MOQUEGUA,PE-1S,1219,-17.721135230224967,-70.80740756246851
2020-07-08,2020,7,2,0,1,0,CHOQUE,LAMBAYEQUE,PE-1N,13,-12.018419213960994,-77.05957169542499
2020-07-08,2020,7,2,0,0,0,DESPISTE,PIURA,PE-1N,48,-11.746533717388017,-77.1427832539304
2020-07-08,2020,7,2,0,0,1,DESPISTE,HUANUCO,PE-18A,50,-9.703497429080056,-76.08785883365138
2020-07-08,2020,7,2,0,0,0,DESPISTE,MADRE DE DIOS,PE-30C,403,-12.67648712487141,-69.36720415570552
2020-07-08,2020,7,2,0,0,1,CHOQUE,ANCASH,PE-3N,571,-9.595240892638133,-77.51375418400615
2020-07-08,2020,7,2,0,0,0,DESPISTE,AREQUIPA,PE-1S,728,-16.298904672283527,-73.40348991437578
2020-07-08,2020,7,2,0,1,0,CHOQUE,LAMBAYEQUE,PE-1N,842,-6.389240124777205,-80.19079861019229
2020-07-09,2020,7,3,0,1,0,CHOQUE,PIURA,PE-1N,31,-11.861546457167028,-77.07838696282741
2020-07-09,2020,7,3,0,0,1,ATROPELLO,CAJAMARCA,PE-08B,45,-7.061731878739455,-78.29948696076289
2020-07-09,2020,7,3,0,1,0,ATROPELLO,LIMA,PE-1N,136,-11.215702536904496,-77.5537908523111
2020-07-09,2020,7,3,0,0,0,CHOQUE,MADRE DE DIOS,PE-30C,324,-12.89176091055515,-69.99921662303102
2020-07-09,2020,7,3,0,0,0,CHOQUE,LA LIBERTAD,PE-1N,518,-8.413170543522254,-78.79639097254264
2020-07-09,2020,7,3,0,0,0,CHOQUE,AREQUIPA,PE-1S,732,-16.309003239033622,-73.37065149644458
2020-07-09,2020,7,3,0,0,2,CHOQUE,TUMBES,PE-1N,1298,-3.509999052862203,-80.29257911181347
2020-07-10,2020,7,4,0,0,0,DESPISTE,PUNO,PE-36B,12,-16.788864271872114,-70.475756982353
2020-07-10,2020,7,4,0,1,7,CHOQUE,LIMA,PE-1S,142,-13.10467346984372,-76.41897314818537
2020-07-10,2020,7,4,0,0,1,DESPISTE,CUSCO,PE-28B,243,-12.803168961078685,-73.46697934027328
2020-07-10,2020,7,4,0,0,2,DESPISTE,PUNO,PE-30A,290,-14.539545991483395,-73.33845988308026
2020-07-11,2020,7,5,0,0,0,DESPISTE,TACNA,PE-36A,31,-17.08684956757674,-70.84538000788503
2020-07-11,2020,7,5,0,0,0,CHOQUE,TACNA,PE-1SD,47,-16.77889191557427,-72.32221915485025
2020-07-11,2020,7,5,0,1,0,ESPECIAL,CUSCO,PE-3SG,69,-14.34071503908777,-72.11368196191901
2020-07-11,2020,7,5,0,0,1,DESPISTE,ANCASH,PE-1N,240,-10.422093052498472,-77.926735641405
2020-07-11,2020,7,5,0,0,1,CHOQUE,AREQUIPA,PE-1S,1025,-16.983679962997417,-71.77069935928948
2020-07-11,2020,7,5,0,0,0,DESPISTE,LA LIBERTAD,PE-3N,1052,-7.98913720488199,-78.28394038760284
2020-07-12,2020,7,6,0,0,0,DESPISTE,LIMA,PE-1N,19,-11.964563914140376,-77.06800792204004
2020-07-12,2020,7,6,0,0,3,CHOQUE,LIMA,PE-22,29,-11.967022009184616,-76.74510503291192
2020-07-12,2020,7,6,0,0,3,DESPISTE,AREQUIPA,PE-34A,179,-15.764218560835296,-70.99473497219276
2020-07-13,2020,7,0,0,0,1,DESPISTE,CAJAMARCA,PE-06B,3,-6.612087203432271,-79.23049447416419
2020-07-14,2020,7,1,0,1,1,VOLCADURA,LIMA,PE-1N,107,-11.399589968224175,-77.39165743088752
2020-07-14,2020,7,1,0,0,0,ESPECIAL,ANCASH,PE-1N,248,-10.393462210921191,-77.98831968083464
2020-07-14,2020,7,1,0,1,1,CHOQUE,LA LIBERTAD,PE-1N,519,-8.410974218331942,-78.80522603988757
2020-07-15,2020,7,2,0,0,2,CHOQUE,JUNIN,PE-24,0,-13.031860782999956,-76.47259432599992
2020-07-15,2020,7,2,0,1,1,CHOQUE,AREQUIPA,PE-34A,122,-16.05432313808616,-71.3415513808625
2020-07-15,2020,7,2,0,0,1,CHOQUE,PUNO,PE-34B,176,-14.09504323237258,-70.38347731945967
2020-07-15,2020,7,2,0,0,1,DESPISTE,LIMA,PE-1N,332,-9.788215205160665,-78.21629983734397
2020-07-16,2020,7,3,0,0,0,DESPISTE,LIMA,PE-22,87,-11.78573755939325,-76.33445596411033
2020-07-16,2020,7,3,0,0,0,DESPISTE,AREQUIPA,PE-34A,124,-16.0460542491689,-71.325716288481
2020-07-16,2020,7,3,0,0,0,DESPISTE,ICA,PE-1S,184,-13.397333355183989,-76.19679180371396
2020-07-16,2020,7,3,0,0,3,CHOQUE,LA LIBERTAD,PE-1N,495,-8.563685912403729,-78.67385073448474
2020-07-16,2020,7,3,0,0,0,DESPISTE,PIURA,PE-1N,1015,-5.044694671113295,-80.70200802772854
2020-07-17,2020,7,4,0,0,1,CHOQUE,LA LIBERTAD,PE-10A,54,-7.994305602776171,-78.67305897509107
2020-07-17,2020,7,4,0,0,0,DESPISTE,LIMA,PE-1N,83,-11.555918348742413,-77.26964221100262
2020-07-17,2020,7,4,0,0,0,CHOQUE,ICA,PE-1S,283,-13.954064295140578,-75.79204991262891
2020-07-17,2020,7,4,0,0,2,CHOQUE,ICA,PE-1S,284,-13.95967335377162,-75.78481848813614
2020-07-17,2020,7,4,0,0,0,DESPISTE,MADRE DE DIOS,PE-30C,412,-12.648049598266256,-69.28700596106407
2020-07-18,2020,7,5,0,0,0,N.I.,LIMA,PE-1N,230,-10.503393189508651,-77.90663997696203
2020-07-18,2020,7,5,0,0,0,CHOQUE,AREQUIPA,PE-1S,1040,-17.030336733195576,-71.69309277924192
2020-07-19,2020,7,6,0,0,2,CHOQUE,LIMA,PE-1S,119,-12.781915400528913,-76.58057496406059
2020-07-20,2020,7,0,0,0,0,DESPISTE,LIMA,PE-1S,42,-12.346898641804312,-76.8100491539498
2020-07-20,2020,7,0,0,0,0,ESPECIAL,LIMA,PE-1S,139,-13.084073050921855,-76.43692930570488
2020-07-20,2020,7,0,0,0,1,CHOQUE,ICA,PE-1S,465,-14.986317322199636,-74.9948998116627
2020-07-20,2020,7,0,0,0,0,CHOQUE,AREQUIPA,PE-1S,849,-16.619493247234395,-72.6313684942212
2020-07-21,2020,7,1,0,0,0,CHOQUE,CAJAMARCA,PE-08B,9,-7.149913595254636,-78.44577337289577
2020-07-21,2020,7,1,0,1,1,CHOQUE,LIMA,PE-1N,119,-11.34068519664422,-77.46334435318555
2020-07-21,2020,7,1,0,0,1,CHOQUE,JUNIN,PE-22,132,-11.599434301998857,-76.19350382354745
2020-07-21,2020,7,1,0,0,0,DESPISTE,ANCASH,PE-1N,398,-9.309742941699836,-78.4038196665283
2020-07-21,2020,7,1,0,0,1,DESPISTE,AREQUIPA,PE-1S,861,-16.54410049302803,-72.58353975782344
2020-07-21,2020,7,1,0,1,0,ATROPELLO,AREQUIPA,PE-1S,988,-16.692018099290703,-71.87064469727024
2020-07-22,2020,7,2,0,0,0,CHOQUE,TACNA,PE-1SD,2,-16.662851014374912,-72.61016478422322
2020-07-22,2020,7,2,0,0,0,DESPISTE,JUNIN,PE-5S,30,-10.88505765078642,-75.09488411706774
2020-07-22,2020,7,2,0,0,0,DESPISTE,PUNO,PE-34A,199,-15.723571463869666,-70.84036045354668
2020-07-22,2020,7,2,0,0,2,DESPISTE,AREQUIPA,PE-1S,603,-15.814402711349496,-74.31709692140151
2020-07-22,2020,7,2,0,0,2,VOLCADURA,AREQUIPA,PE-1S,764,-16.418220579599183,-73.15815558386481
2020-07-23,2020,7,3,0,0,0,DESPISTE,AREQUIPA,PE-34E,6,-16.011356837617658,-71.40121051787919
2020-07-23,2020,7,3,0,0,0,CHOQUE,CAJAMARCA,PE-06B,33,-6.6749142515022015,-79.03186433342877
2020-07-23,2020,7,3,0,0,0,DESPISTE,AREQUIPA,PE-34E,69,-15.542019894195988,-71.40604503986596
2020-07-23,2020,7,3,0,0,2,CHOQUE,JUNIN,PE-3N,86,-10.900594187288547,-76.0737382947785
2020-07-23,2020,7,3,0,0,0,ESPECIAL,TACNA,PE-1SD,100,-17.00345729946155,-72.04986613108855
2020-07-23,2020,7,3,0,1,2,DESPISTE,JUNIN,PE-22,133,-11.592798704452209,-76.19205574645032
2020-07-23,2020,7,3,0,0,0,DESPISTE,PUNO,PE-34A,241,-15.688123573318162,-70.58116609315945
2020-07-23,2020,7,3,0,0,1,DESPISTE,ANCASH,PE-1N,345,-9.700923495690866,-78.27877617707549
2020-07-23,2020,7,3,0,3,1,CHOQUE,ICA,PE-1S,456,-14.909092243389866,-74.98519499802576
2020-07-23,2020,7,3,0,0,2,CHOQUE,AREQUIPA,PE-1S,499,-15.272313439324607,-74.92562986304445
2020-07-23,2020,7,3,0,0,2,DESPISTE,APURIMAC,PE-3S,779,-13.634183031125788,-72.88365471217094
2020-07-23,2020,7,3,0,1,0,DESPISTE,CUSCO,PE-3S,1026,-13.69104729911723,-71.59573463845395
2020-07-24,2020,7,4,0,0,3,DESPISTE,JUNIN,PE-22,2,-12.028211929232812,-76.97451407144781
2020-07-24,2020,7,4,0,0,2,CHOQUE,LIMA,PE-1N,85,-11.542148320798743,-77.28069405572357
2020-07-24,2020,7,4,0,0,1,DESPISTE,CUSCO,PE-28B,202,-12.729396132774488,-73.65447626031832
2020-07-24,2020,7,4,0,1,0,DESPISTE,AREQUIPA,PE-1S,860,-16.545892162153308,-72.59250543612465
2020-07-24,2020,7,4,0,0,0,DESPISTE,AREQUIPA,PE-1S,863,-16.5449020350311,-72.56488914570333
2020-07-24,2020,7,4,0,0,3,DESPISTE,PIURA,PE-1N,1121,-4.450694588725148,-81.17964199677597
2020-07-25,2020,7,5,0,0,4,CHOQUE,LIMA,PE-1N,65,-11.646589513709811,-77.20281127593022
2020-07-25,2020,7,5,0,1,3,CHOQUE,LIMA,PE-1N,85,-11.542148320798743,-77.28069405572357
2020-07-25,2020,7,5,0,0,0,CHOQUE,PUNO,PE-30A,303,-14.50639221527046,-73.26568024770013
2020-07-25,2020,7,5,0,0,0,DESPISTE,AREQUIPA,PE-1S,495,-15.23909278774163,-74.93972618378851
2020-07-25,2020,7,5,0,0,0,DESPISTE,SAN MARTIN,PE-5N,645,-8.18958314888838,-76.57139146849407
2020-07-25,2020,7,5,0,0,1,DESPISTE,AREQUIPA,PE-1S,724,-16.28673547362288,-73.4370829347178
2020-07-25,2020,7,5,0,0,1,CHOQUE,APURIMAC,PE-3S,769,-13.657056724859611,-72.92471206331227
2020-07-25,2020,7,5,0,0,1,DESPISTE,AREQUIPA,PE-1S,862,-16.5445018702583,-72.57421449140094
2020-07-25,2020,7,5,0,0,0,DESPISTE,CUSCO,PE-3S,902,-13.457449530388908,-72.40773949615772
2020-07-25,2020,7,5,0,0,0,ATROPELLO,AREQUIPA,PE-1S,970,-16.548495653249017,-71.81282738249458
2020-07-26,2020,7,6,0,1,0,CHOQUE,LIMA,PE-20A,28,-11.76215549176843,-76.97445551362878
2020-07-26,2020,7,6,0,0,6,DESPISTE,HUANUCO,PE-18A,29,-9.817623243676072,-76.06537838732808
2020-07-26,2020,7,6,0,0,1,DESPISTE,PIURA,PE-1N,65,-11.646589513709811,-77.20281127593022
2020-07-26,2020,7,6,0,0,1,CHOQUE,ANCASH,PE-1N,245,-10.40882664870698,-77.96622084416097
2020-07-26,2020,7,6,0,0,0,DESPISTE,ICA,PE-1S,451,-14.870837959740731,-74.98757764919407
2020-07-27,2020,7,0,0,0,1,DESPISTE,JUNIN,PE-3S,89,-11.827035675803392,-75.406205093045
2020-07-27,2020,7,0,0,0,2,CHOQUE,PUNO,PE-34A,237,-15.688723271821132,-70.60980158270388
2020-07-27,2020,7,0,0,0,0,DESPISTE,AYACUCHO,PE-3S,365,-13.0562857280474,-74.23313593464931
2020-07-27,2020,7,0,0,0,2,ESPECIAL,LA LIBERTAD,PE-1N,555,-8.169897430823339,-79.0035445625836
2020-07-28,2020,7,1,0,0,0,DESPISTE,JUNIN,PE-3S,29,-11.682692500326343,-75.77468691580232
2020-07-28,2020,7,1,0,0,0,DESPISTE,MOQUEGUA,PE-36A,45,-17.05453849583215,-70.84579054437282
2020-07-28,2020,7,1,0,0,0,CHOQUE,JUNIN,PE-22,138,-11.601619508043797,-76.14842591009425
2020-07-28,2020,7,1,0,1,2,CHOQUE,LAMBAYEQUE,PE-1N,841,-6.396553278383269,-80.1854717951603
2020-07-29,2020,7,2,0,0,2,DESPISTE,TACNA,PE-1SD,15,-16.680774374593856,-72.52720402081167
2020-07-29,2020,7,2,0,0,1,CHOQUE,ICA,PE-1S,349,-14.426755298408972,-75.51563175547892
2020-07-29,2020,7,2,0,0,1,DESPISTE,ANCASH,PE-1N,421,-9.041702809677355,-78.61010460164503
2020-07-30,2020,7,3,0,0,2,CHOQUE,JUNIN,PE-22,138,-11.601619508043797,-76.14842591009425
2020-07-30,2020,7,3,0,0,0,CHOQUE,JUNIN,PE-24,264,-12.02496290691546,-75.43399071488412
2020-07-31,2020,7,4,0,0,1,DESPISTE,LA LIBERTAD,PE-1N,702,-7.245963299347794,-79.46770965455104
2020-07-31,2020,7,4,0,0,1,DESPISTE,CUSCO,PE-3S,1090,-14.15150894812034,-71.39220692460368
2020-07-31,2020,7,4,0,1,0,ATROPELLO,TACNA,PE-1S,1185,-17.571136191476064,-71.0340369372884
2020-08-01,2020,8,5,0,0,1,DESPISTE,PUNO,PE-34I,3,-15.222177370623127,-69.80428119397193
2020-08-02,2020,8,6,0,0,3,DESPISTE,APURIMAC,PE-30A,306,-14.502291063413423,-73.25993180201417
2020-08-03,2020,8,0,0,0,0,DESPISTE,JUNIN,PE-3S,73,-11.821985425523051,-75.50537376348963
2020-08-04,2020,8,1,0,0,0,ESPECIAL,LIMA,PE-1S,109,-12.813171004970425,-76.54127391864445
2020-08-04,2020,8,1,0,0,0,CHOQUE,LIMA,PE-22,111,-11.678630463904785,-76.25802822208564
2020-08-04,2020,8,1,0,0,0,DESPISTE,ANCASH,PE-3N,115,-10.739998452184476,-76.25884670660761
2020-08-04,2020,8,1,0,0,0,DESPISTE,LIMA,PE-1S,155,-13.193479213372864,-76.3488135306637
2020-08-04,2020,8,1,0,0,0,CHOQUE,LA LIBERTAD,PE-1S,513,-15.392161225859295,-74.88720457802829
2020-08-04,2020,8,1,0,0,4,DESPISTE,AREQUIPA,PE-1S,660,-16.072283505847412,-73.94992388633115
2020-08-04,2020,8,1,0,0,4,DESPISTE,AREQUIPA,PE-1S,722,-16.280093096827844,-73.45386006803628
2020-08-05,2020,8,2,0,0,2,CHOQUE,PIURA,PE-1N,5,-12.030899527517434,-77.00296103022148
2020-08-05,2020,8,2,0,0,0,DESPISTE,JUNIN,PE-3N,15,-11.430433706385609,-75.93105274231849
2020-08-05,2020,8,2,0,1,0,CHOQUE,LIMA,PE-20A,33,-11.725811160827355,-76.96341766980659
2020-08-06,2020,8,3,0,0,1,DESPISTE,PIURA,PE-1N,2,-12.044407203044,-76.98421153625327
2020-08-06,2020,8,3,0,0,2,DESPISTE,PUNO,PE-36B,20,-16.729664575484602,-70.45318956649889
2020-08-06,2020,8,3,0,0,2,CHOQUE,LIMA,PE-1N,195,-10.809318459769994,-77.70090883878109
2020-08-06,2020,8,3,0,0,0,CHOQUE,ANCASH,PE-1N,247,-10.399434406647748,-77.98151947870417
2020-08-06,2020,8,3,0,0,0,CHOQUE,ICA,PE-1S,296,-14.05933037128069,-75.7423070279359
2020-08-06,2020,8,3,0,0,1,DESPISTE,MADRE DE DIOS,PE-30C,325,-12.890182446651396,-69.99081926954916
2020-08-07,2020,8,4,0,0,2,CHOQUE,AREQUIPA,PE-1SD,22,-16.69132452303814,-72.46938959611114
2020-08-07,2020,8,4,0,0,0,DESPISTE,LIMA,PE-1N,107,-11.399589968224175,-77.39165743088752
2020-08-07,2020,8,4,0,0,0,DESPISTE,LIMA,PE-1N,107,-11.399589968224175,-77.39165743088752
2020-08-07,2020,8,4,0,0,0,ESPECIAL,LA LIBERTAD,PE-1N,707,-7.218527975471189,-79.43199184497128
2020-08-07,2020,8,4,0,0,0,ESPECIAL,LA LIBERTAD,PE-1N,707,-7.218527975471189,-79.43199184497128
2020-08-08,2020,8,5,0,0,0,ESPECIAL,LIMA,PE-1N,83,-11.555918348742413,-77.26964221100262
2020-08-09,2020,8,6,0,0,0,ESPECIAL,AREQUIPA,PE-34A,65,-16.229206251236423,-71.66265712462898
2020-08-09,2020,8,6,0,0,6,DESPISTE,LIMA,PE-1S,117,-12.769361428999463,-76.59351243043692
2020-08-09,2020,8,6,0,0,0,DESPISTE,AREQUIPA,PE-34A,122,-16.05432313808616,-71.3415513808625
2020-08-09,2020,8,6,0,0,0,DESPISTE,ICA,PE-1S,397,-14.54606271777463,-75.1872474195538
2020-08-09,2020,8,6,0,0,2,CHOQUE,ANCASH,PE-3N,527,-9.958878902688188,-77.37055353507013
2020-08-09,2020,8,6,0,0,2,CHOQUE,LA LIBERTAD,PE-1N,806,-6.616425768698154,-79.96352091122431
2020-08-09,2020,8,6,0,1,0,CHOQUE,PIURA,PE-1N,1027,-4.936443739090644,-80.69652618274172
2020-08-10,2020,8,0,0,0,0,DESPISTE,LIMA,PE-1S,149,-13.152438439240983,-76.38029930762555
2020-08-10,2020,8,0,0,0,2,CHOQUE,ANCASH,PE-1N,368,-9.510379868494407,-78.28451699456396
2020-08-11,2020,8,1,0,0,0,DESPISTE,LAMBAYEQUE,PE-1N,80,-11.580768556486747,-77.26134269665921
2020-08-11,2020,8,1,0,0,1,DESPISTE,CUSCO,PE-28B,128,-12.728959547139343,-73.94522883146382
2020-08-11,2020,8,1,0,0,0,DESPISTE,LIMA,PE-1N,237,-10.44591915226778,-77.9280881394662
2020-08-11,2020,8,1,0,0,0,DESPISTE,PUNO,PE-36A,302,-16.593679005954648,-69.07493505928643
2020-08-12,2020,8,2,0,0,3,DESPISTE,LIMA,PE-22,11,-12.017935916881576,-76.89768241207477
2020-08-12,2020,8,2,0,1,0,ATROPELLO,LIMA,PE-20,14,-12.04656931261237,-77.13225287814927
2020-08-12,2020,8,2,0,0,3,CHOQUE,AREQUIPA,PE-1S,885,-16.47896496966988,-72.37714666966143
2020-08-12,2020,8,2,0,0,1,CHOQUE,CUSCO,PE-3S,1088,-14.138058604323964,-71.40403534307588
2020-08-13,2020,8,3,0,0,1,DESPISTE,LIMA,PE-22,7,-12.021322252589233,-76.93025393984398
2020-08-13,2020,8,3,0,0,2,DESPISTE,CAJAMARCA,PE-08A,25,-7.118083397142443,-78.83492829064193
2020-08-13,2020,8,3,0,0,0,CHOQUE,JUNIN,PE-3S,35,-11.721065936832437,-75.75209701880435
2020-08-13,2020,8,3,0,0,0,DESPISTE,CAJAMARCA,PE-08,167,-7.232182856563961,-78.48728493790028
2020-08-13,2020,8,3,0,0,0,DESPISTE,ANCASH,PE-1N,287,-10.11942413504733,-78.12951313843973
2020-08-13,2020,8,3,0,0,0,DESPISTE,AREQUIPA,PE-1S,506,-15.331050581939367,-74.90141117491662
2020-08-14,2020,8,4,0,0,1,CHOQUE,PIURA,PE-1NN,15,-4.794523206427435,-80.61299036231567
2020-08-14,2020,8,4,0,0,0,CHOQUE,LIMA,PE-1NA,21,-11.624001123794214,-77.21835871541374
2020-08-14,2020,8,4,0,0,0,DESPISTE,LIMA,PE-1S,85,-12.67194815915568,-76.65281196833061
2020-08-14,2020,8,4,0,0,1,CHOQUE,LIMA,PE-1S,150,-13.158271560783827,-76.3734213840647
2020-08-14,2020,8,4,0,6,7,CHOQUE,ICA,PE-1S,253,-13.904851490877755,-76.05890644811093
2020-08-14,2020,8,4,0,0,1,DESPISTE,LAMBAYEQUE,PE-1N,755,-6.936081057595697,-79.72772429975228
2020-08-15,2020,8,5,0,0,2,DESPISTE,CAJAMARCA,PE-08,130,-7.289638918562264,-78.55319577655344
2020-08-16,2020,8,6,0,0,1,DESPISTE,JUNIN,PE-22,74,-11.85424193529425,-76.40503668183283
2020-08-16,2020,8,6,0,0,2,DESPISTE,LIMA,PE-1N,104,-11.411127109563516,-77.37555094068351
2020-08-16,2020,8,6,0,0,0,VOLCADURA,ANCASH,PE-1N,433,-9.13890994779683,-78.51986850795825
2020-08-16,2020,8,6,0,0,0,CHOQUE,LA LIBERTAD,PE-3N,1078,-7.916913554708664,-78.15228858669312
2020-08-17,2020,8,0,0,0,0,CHOQUE,LIMA,PE-1S,14,-12.179162609331884,-76.97661622827881
2020-08-17,2020,8,0,0,0,0,CHOQUE,LIMA,PE-1N,34,-11.844958355753205,-77.09912151097649
2020-08-17,2020,8,0,0,0,0,DESPISTE,LIMA,PE-1N,46,-11.760137973165364,-77.15480179734976
2020-08-17,2020,8,0,0,0,0,CHOQUE,CAJAMARCA,PE-08,157,-7.255167141644414,-78.48010043695676
2020-08-17,2020,8,0,0,1,1,CHOQUE,LIMA,PE-1N,190,-10.82812858514916,-77.70015095961433
2020-08-17,2020,8,0,0,0,1,CHOQUE,AREQUIPA,PE-1S,804,-16.514245098162792,-72.91362602274451
2020-08-18,2020,8,1,0,0,0,CHOQUE,JUNIN,PE-3SA,4,-11.760948770210252,-75.49928004618448
2020-08-18,2020,8,1,0,0,0,CHOQUE,LAMBAYEQUE,PE-08,9,-7.305209032771205,-79.40063895535793
2020-08-18,2020,8,1,0,0,0,DESPISTE,JUNIN,PE-3N,19,-11.41260694282586,-75.90495998893707
2020-08-18,2020,8,1,0,0,1,CHOQUE,CAJAMARCA,PE-08B,28,-7.110234397619765,-78.32775803693343
2020-08-18,2020,8,1,0,0,1,DESPISTE,JUNIN,PE-3S,35,-11.721065936832437,-75.75209701880435
2020-08-18,2020,8,1,0,1,1,CHOQUE,LIMA,PE-1N,191,-10.82439974547155,-77.7007471042943
2020-08-19,2020,8,2,0,0,0,DESPISTE,LIMA,PE-1S,136,-13.062496958593746,-76.4534569604083
2020-08-19,2020,8,2,0,1,0,DESPISTE,PUNO,PE-34A,208,-15.695074093525186,-70.82061890544735
2020-08-19,2020,8,2,0,0,1,DESPISTE,ANCASH,PE-1N,254,-10.35405220134965,-78.02097813270373
2020-08-19,2020,8,2,0,0,0,CHOQUE,AYACUCHO,PE-28A,315,-13.223710835386042,-74.27811700376245
2020-08-20,2020,8,3,0,0,1,DESPISTE,AREQUIPA,PE-34E,31,-15.824124945006092,-71.37869135833482
2020-08-20,2020,8,3,0,0,1,CHOQUE,PIURA,PE-1N,69,-11.611573094810431,-77.20594646622817
2020-08-20,2020,8,3,0,0,2,CHOQUE,LAMBAYEQUE,PE-1NJ,89,-5.991107554372773,-79.72313186615162
2020-08-20,2020,8,3,0,0,0,DESPISTE,CAJAMARCA,PE-06A,104,-6.500661859944593,-79.16293076721509
2020-08-20,2020,8,3,0,0,2,DESPISTE,AYACUCHO,PE-3S,163,-12.333450454245588,-75.06847028430136
2020-08-20,2020,8,3,0,0,0,CHOQUE,ICA,PE-1S,183,-13.389281095080594,-76.20101489842929
2020-08-20,2020,8,3,0,0,0,DESPISTE,AMAZONAS,PE-08B,319,-6.241803776362414,-77.9031212923477
2020-08-20,2020,8,3,0,0,2,DESPISTE,MADRE DE DIOS,PE-30C,410,-12.654291199502014,-69.3049976961437
2020-08-20,2020,8,3,0,0,1,CHOQUE,LA LIBERTAD,PE-1N,550,-8.197801481307167,-78.96806343825
2020-08-20,2020,8,3,0,0,0,DESPISTE,CAJAMARCA,PE-3N,1293,-7.095858897452347,-78.5741278269797
2020-08-21,2020,8,4,0,0,1,DESPISTE,JUNIN,PE-22B,77,-11.212043015164287,-75.4921418314279
2020-08-21,2020,8,4,0,1,2,DESPISTE,LIMA,PE-1N,136,-11.215702536904496,-77.5537908523111
2020-08-21,2020,8,4,0,0,0,DESPISTE,CUSCO,PE-28B,144,-12.68581352812065,-73.87316265247301
2020-08-21,2020,8,4,0,0,3,DESPISTE,LIMA,PE-1S,150,-13.158271560783827,-76.3734213840647
2020-08-21,2020,8,4,0,0,1,DESPISTE,ANCASH,PE-3N,155,-10.530400243610677,-76.18355744526116
2020-08-21,2020,8,4,0,0,1,DESPISTE,ANCASH,PE-1N,368,-9.510379868494407,-78.28451699456396
2020-08-21,2020,8,4,0,0,4,CHOQUE,AYACUCHO,PE-3S,433,-13.346880597888896,-74.14760685008255
2020-08-21,2020,8,4,0,1,1,CHOQUE,PIURA,PE-1N,1005,-5.129955299387884,-80.7002947940494
2020-08-21,2020,8,4,0,0,1,ATROPELLO,PUNO,PE-3S,1320,-15.510814186839612,-70.1144791375005
2020-08-22,2020,8,5,0,0,1,CHOQUE,AREQUIPA,PE-34E,4,-16.02574957075106,-71.41018796489402
2020-08-22,2020,8,5,0,0,1,CHOQUE,LIMA,PE-1S,24,-12.246584742503304,-76.93618987426358
2020-08-22,2020,8,5,0,0,0,CHOQUE,LIMA,PE-1N,28,-11.88531573328112,-77.06851918713564
2020-08-22,2020,8,5,0,0,0,DESPISTE,JUNIN,PE-22B,80,-11.197022139748452,-75.47772065007399
2020-08-22,2020,8,5,0,0,0,VOLCADURA,CUSCO,PE-3S,916,-13.447272426644338,-72.38092132056651
2020-08-23,2020,8,6,0,0,2,CHOQUE,LIMA,PE-1N,6,-12.03545225132201,-77.0108682967523
2020-08-23,2020,8,6,0,0,1,CHOQUE,LIMA,PE-1N,45,-11.76805645197359,-77.15871594110817
2020-08-23,2020,8,6,0,0,0,ATROPELLO,HUANUCO,PE-3N,241,-9.919103827041022,-76.31729380442891
2020-08-23,2020,8,6,0,0,1,ATROPELLO,MADRE DE DIOS,PE-30C,322,-12.88735407035615,-70.01660983495881
2020-08-24,2020,8,0,0,0,1,DESPISTE,CAJAMARCA,PE-08A,5,-7.189138284166674,-78.82461759819654
2020-08-24,2020,8,0,0,0,0,CHOQUE,JUNIN,PE-22,24,-11.978429992058254,-76.78158407272808
2020-08-24,2020,8,0,0,1,1,N.I.,LA LIBERTAD,PE-1N,41,-11.797283330437022,-77.14182554608263
2020-08-24,2020,8,0,0,1,0,DESPISTE,HUANUCO,PE-5N,61,-10.711776195901296,-75.16893971082574
2020-08-24,2020,8,0,0,0,0,DESPISTE,LIMA,PE-22,86,-11.789645368148422,-76.33575456827968
2020-08-24,2020,8,0,0,0,2,CHOQUE,HUANUCO,PE-3N,240,-9.920188903999929,-76.30874935737133
2020-08-24,2020,8,0,0,0,3,DESPISTE,PUNO,PE-36A,301,-16.59820002699394,-69.08145898564521
2020-08-24,2020,8,0,0,0,1,DESPISTE,HUANUCO,PE-5N,480,-9.187490302846909,-75.93806536530863
2020-08-24,2020,8,0,0,0,1,ATROPELLO,LA LIBERTAD,PE-1N,519,-8.410974218331942,-78.80522603988757
2020-08-25,2020,8,1,0,0,4,CHOQUE,LA LIBERTAD,PE-08,8,-7.301610295001071,-79.40892193707454
2020-08-25,2020,8,1,0,0,2,DESPISTE,CAJAMARCA,PE-08A,13,-7.1625232493473305,-78.83759446910348
2020-08-25,2020,8,1,0,0,1,CHOQUE,LIMA,PE-1S,19,-12.222590189867685,-76.97460254913342
2020-08-25,2020,8,1,0,0,2,CHOQUE,PUNO,PE-34H,44,-15.25587506143948,-69.85452172531862
2020-08-25,2020,8,1,0,0,0,CHOQUE,LORETO,PE-06A,54,-6.689086146954013,-79.46144557656736
2020-08-25,2020,8,1,0,0,0,DESPISTE,ANCASH,PE-1N,256,-10.346092630894898,-78.03597738659838
2020-08-25,2020,8,1,0,0,0,DESPISTE,MADRE DE DIOS,PE-30C,418,-12.620651317248509,-69.24768452651824
2020-08-26,2020,8,2,0,0,0,CHOQUE,AREQUIPA,PE-34E,4,-16.02574957075106,-71.41018796489402
2020-08-26,2020,8,2,0,0,0,DESPISTE,JUNIN,PE-22,5,-12.019811176098283,-76.94845674675638
2020-08-26,2020,8,2,0,0,0,DESPISTE,LIMA,PE-1S,97,-12.932281797664176,-76.4989866965431
2020-08-26,2020,8,2,0,0,1,DESPISTE,LIMA,PE-1S,118,-12.77632224362402,-76.58765456955089
2020-08-26,2020,8,2,0,0,1,ATROPELLO,ICA,PE-1S,184,-13.397333355183989,-76.19679180371396
2020-08-26,2020,8,2,0,0,1,DESPISTE,SAN MARTIN,PE-5N,545,-8.744163491402604,-76.12526773040878
2020-08-26,2020,8,2,0,0,2,CHOQUE,AREQUIPA,PE-1S,704,-16.229572985590508,-73.6033694593231
2020-08-27,2020,8,3,0,0,0,DESPISTE,LIMA,PE-1N,210,-10.657580314918867,-77.83070746112368
2020-08-27,2020,8,3,0,0,1,CHOQUE,HUANUCO,PE-3N,231,-9.955618027285793,-76.24832481635319
2020-08-27,2020,8,3,0,0,0,CHOQUE,ANCASH,PE-1N,250,-10.381103742747056,-78.00160528880146
2020-08-27,2020,8,3,0,0,1,CHOQUE,MADRE DE DIOS,PE-30C,402,-12.679570701745574,-69.37587731350206
2020-08-27,2020,8,3,0,0,0,CHOQUE,SAN MARTIN,PE-5N,615,-8.293787795217092,-76.37987037536787
2020-08-28,2020,8,4,0,1,0,CHOQUE,AREQUIPA,PE-1S,994,-16.746169148764817,-71.86965268565717
2020-08-29,2020,8,5,0,0,0,CHOQUE,LIMA,PE-1N,39,-11.81153439569187,-77.13042173959337
2020-08-29,2020,8,5,0,0,1,CHOQUE,JUNIN,PE-3N,70,-11.015584208241725,-76.00767690421759
2020-08-29,2020,8,5,0,0,1,ATROPELLO,LIMA,PE-1N,202,-10.699701388263668,-77.77841621621211
2020-08-29,2020,8,5,0,0,0,DESPISTE,HUANUCO,PE-3N,260,-9.888842849253503,-76.42870722133034
2020-08-29,2020,8,5,0,0,1,CHOQUE,MADRE DE DIOS,PE-30C,407,-12.663805784003516,-69.3317975968447
2020-08-29,2020,8,5,0,0,0,CHOQUE,AREQUIPA,PE-1S,619,-15.862953854331307,-74.214947632693
2020-08-29,2020,8,5,0,0,0,CHOQUE,AREQUIPA,PE-1S,853,-16.586053736844253,-72.62819922366491
2020-08-29,2020,8,5,0,1,0,CHOQUE,PIURA,PE-1N,1090,-4.648352630744195,-81.1246296883801
2020-08-29,2020,8,5,0,0,1,ATROPELLO,CUSCO,PE-3S,N.I.,-15.04301470699994,-70.36600238199992
2020-08-30,2020,8,6,0,0,0,CHOQUE,LIMA,PE-1NA,21,-11.624001123794214,-77.21835871541374
2020-08-31,2020,8,0,0,0,1,DESPISTE,CAJAMARCA,PE-08A,64,-7.059238740225088,-78.60486730312424
2020-08-31,2020,8,0,0,0,3,CHOQUE,HUANUCO,PE-18A,73,-9.62895920726086,-76.05389317823156
2020-08-31,2020,8,0,0,0,1,DESPISTE,JUNIN,PE-22,147,-11.59448412325631,-76.08461572029773
2020-08-31,2020,8,0,0,0,0,CHOQUE,MADRE DE DIOS,PE-30C,400,-12.6858695952565,-69.39317577952086
2020-08-31,2020,8,0,0,0,2,DESPISTE,LA LIBERTAD,PE-1N,579,-8.044732165718566,-79.0851537466266
2020-09-01,2020,9,1,0,0,3,CHOQUE,HUANUCO,PE-18A,73,-9.62895920726086,-76.05389317823156
2020-09-01,2020,9,1,0,0,0,DESPISTE,LIMA,PE-1S,79,-12.622155134287611,-76.67070490348846
2020-09-01,2020,9,1,0,0,1,DESPISTE,LIMA,PE-1S,79,-12.622155134287611,-76.67070490348846
2020-09-01,2020,9,1,0,0,1,CHOQUE,LAMBAYEQUE,PE-1NJ,109,-5.843446117435704,-79.81017655211122
2020-09-01,2020,9,1,0,0,2,DESPISTE,CUSCO,PE-28B,135,-12.719361939107513,-73.90268395270151
2020-09-01,2020,9,1,0,0,2,DESPISTE,ANCASH,PE-1N,396,-9.32701651766862,-78.4050039793727
2020-09-01,2020,9,1,0,0,0,DESPISTE,ANCASH,PE-1N,441,-9.010447771592755,-78.6187525705343
2020-09-01,2020,9,1,0,0,1,CHOQUE,ICA,PE-1S,471,-15.038228491528857,-75.00693806102407
2020-09-01,2020,9,1,0,0,3,DESPISTE,AREQUIPA,PE-1S,862,-16.5445018702583,-72.57421449140094
2020-09-02,2020,9,2,0,0,0,DESPISTE,CAJAMARCA,PE-06B,12,-6.626058232888813,-79.16456552621791
2020-09-02,2020,9,2,0,0,1,VOLCADURA,LIMA,PE-22,75,-11.851255747403014,-76.39721845076723
2020-09-02,2020,9,2,0,1,0,CHOQUE,LIMA,PE-1S,98,-12.940814856339191,-76.4963256343087
2020-09-02,2020,9,2,0,0,0,CHOQUE,JUNIN,PE-5S,106,-11.219680207929514,-74.65047577118501
2020-09-02,2020,9,2,0,0,3,CHOQUE,LIMA,PE-1S,149,-13.152438439240983,-76.38029930762555
2020-09-02,2020,9,2,0,0,4,CHOQUE,MADRE DE DIOS,PE-30C,416,-12.632049244717733,-69.25994061304989
2020-09-02,2020,9,2,0,0,0,DESPISTE,AREQUIPA,PE-1S,521,-15.456069300049853,-74.86692085264636
2020-09-02,2020,9,2,0,1,0,DESPISTE,AREQUIPA,PE-1S,861,-16.54410049302803,-72.58353975782344
2020-09-04,2020,9,4,0,0,3,CHOQUE,JUNIN,PE-22,73,-11.857210439376852,-76.41271304922147
2020-09-04,2020,9,4,0,0,0,CHOQUE,JUNIN,PE-22,143,-11.599821445816865,-76.11559081630975
2020-09-04,2020,9,4,0,0,1,VOLCADURA,SAN MARTIN,PE-5N,578,-8.573690758239064,-76.27647908219367
2020-09-05,2020,9,5,0,0,0,CHOQUE,TACNA,PE-1SD,11,-16.666984168696686,-72.55507742654935
2020-09-05,2020,9,5,0,0,1,ATROPELLO,JUNIN,PE-22,87,-11.78573755939325,-76.33445596411033
2020-09-05,2020,9,5,0,0,3,CHOQUE,PIURA,PE-1NJ,196,-5.17115015183347,-80.54214013990696
2020-09-05,2020,9,5,0,0,0,DESPISTE,AYACUCHO,PE-28A,204,-13.416899591849772,-74.9167575214293
2020-09-05,2020,9,5,0,0,0,DESPISTE,LA LIBERTAD,PE-1N,555,-8.169897430823339,-79.0035445625836
2020-09-05,2020,9,5,0,0,0,DESPISTE,TACNA,PE-1S,1107,-17.26714984061763,-71.18995690728839
2020-09-06,2020,9,6,0,0,0,DESPISTE,AREQUIPA,PE-1SD,22,-16.69132452303814,-72.46938959611114
2020-09-06,2020,9,6,0,0,0,DESPISTE,LIMA,PE-22,82,-11.8105007855227,-76.35303580366866
2020-09-07,2020,9,0,0,0,0,CHOQUE,LIMA,PE-1S,30,-12.27613780870458,-76.88997544513248
2020-09-07,2020,9,0,0,0,2,CHOQUE,CUSCO,PE-28G,33,-13.42386565359488,-71.8574831665955
2020-09-07,2020,9,0,0,1,0,ATROPELLO,JUNIN,PE-3S,33,-11.702969124718,-75.75201373506435
2020-09-07,2020,9,0,0,0,6,DESPISTE,CAJAMARCA,PE-08A,37,-7.079079634318051,-78.7702182968652
2020-09-07,2020,9,0,0,0,1,DESPISTE,JUNIN,PE-22,137,-11.598333234186349,-76.15669596477372
2020-09-07,2020,9,0,0,0,1,DESPISTE,ANCASH,PE-1N,247,-10.399434406647748,-77.98151947870417
2020-09-07,2020,9,0,0,0,0,CHOQUE,AYACUCHO,PE-28A,310,-13.244101763347958,-74.3073562406794
2020-09-07,2020,9,0,0,0,0,CHOQUE,ICA,PE-1S,377,-14.497228660595075,-75.26832944185828
2020-09-08,2020,9,1,0,0,0,DESPISTE,JUNIN,PE-3N,0,-11.522644942999932,-75.90932789099992
2020-09-08,2020,9,1,0,0,5,CHOQUE,JUNIN,PE-3S,78,-11.800647886523944,-75.48780374568437
2020-09-08,2020,9,1,0,0,1,CHOQUE,LIMA,PE-1N,82,-11.563139040290404,-77.26547950067437
2020-09-08,2020,9,1,0,0,0,DESPISTE,PIURA,PE-1N,88,-11.518387873127558,-77.29388354143688
2020-09-08,2020,9,1,0,0,1,DESPISTE,PUNO,PE-3S,N.I.,-15.04301470699994,-70.36600238199992
2020-09-09,2020,9,2,0,0,1,DESPISTE,HUANUCO,PE-18A,69,-9.644060609673629,-76.06599151421885
2020-09-09,2020,9,2,0,1,3,DESPISTE,PUNO,PE-38A,72,-16.176859196098494,-69.65412411845493
2020-09-09,2020,9,2,0,3,0,CHOQUE,LAMBAYEQUE,PE-1N,86,-11.534091599158318,-77.28486077214315
2020-09-09,2020,9,2,0,0,0,DESPISTE,AYACUCHO,PE-3S,128,-12.096576088279598,-75.21500608385769
2020-09-09,2020,9,2,0,0,4,CHOQUE,AYACUCHO,PE-3S,133,-12.13816406247263,-75.22351011291738
2020-09-09,2020,9,2,0,0,0,CHOQUE,ICA,PE-1S,377,-14.497228660595075,-75.26832944185828
2020-09-10,2020,9,3,0,0,1,DESPISTE,LIMA,PE-1N,207,-10.665219097638216,-77.80299346538109
2020-09-10,2020,9,3,0,0,0,CHOQUE,TACNA,PE-1N,1152,-4.237247907933046,-81.17831052470667
2020-09-11,2020,9,4,0,0,2,CHOQUE,CAJAMARCA,PE-5N,5,-10.926699476833056,-75.28036326294095
2020-09-11,2020,9,4,0,0,0,DESPISTE,JUNIN,PE-22B,81,-11.191715497989174,-75.47136570211731
2020-09-11,2020,9,4,0,0,0,ESPECIAL,LIMA,PE-1S,131,-13.02463008299992,-76.47484911599992
2020-09-11,2020,9,4,0,0,0,DESPISTE,PUNO,PE-34A,237,-15.688723271821132,-70.60980158270388
2020-09-11,2020,9,4,0,0,0,CHOQUE,ANCASH,PE-1N,311,-9.94631624496852,-78.21435739358814
2020-09-11,2020,9,4,0,0,1,DESPISTE,ANCASH,PE-1N,344,-9.709208055507482,-78.27510081942467
2020-09-11,2020,9,4,0,0,0,DESPISTE,ICA,PE-1S,370,-14.48367374254584,-75.33035036461084
2020-09-11,2020,9,4,0,0,1,DESPISTE,APURIMAC,PE-3S,716,-13.645878356234338,-73.08739520295033
2020-09-12,2020,9,5,0,0,0,DESPISTE,LIMA,PE-1NA,18,-11.646123812970783,-77.20818641099416
2020-09-12,2020,9,5,0,0,3,DESPISTE,AREQUIPA,PE-34A,76,-16.154933917739758,-71.64488708409979
2020-09-12,2020,9,5,0,0,1,CHOQUE,JUNIN,PE-3S,108,-11.946779793246296,-75.29139522561728
2020-09-12,2020,9,5,0,0,0,DESPISTE,MADRE DE DIOS,PE-34A,200,-15.715941666941855,-70.83667108334701
2020-09-12,2020,9,5,0,0,1,DESPISTE,PUNO,PE-3S,1224,-14.894262416257732,-70.59081799009047
2020-09-12,2020,9,5,0,1,1,CHOQUE,CAJAMARCA,PE-3N,1270,-7.187835257382384,-78.47350554524364
2020-09-13,2020,9,6,0,0,1,DESPISTE,PUNO,PE-36B,4,-16.842814947639944,-70.49467876522782
2020-09-13,2020,9,6,0,0,1,CHOQUE,ICA,PE-1S,377,-14.497228660595075,-75.26832944185828
2020-09-14,2020,9,0,0,0,1,CHOQUE,PIURA,PE-1N,15,-11.99990349502144,-77.06246176966826
2020-09-14,2020,9,0,0,1,3,CHOQUE,LIMA,PE-1S,165,-13.249650866012216,-76.28420145920819
2020-09-14,2020,9,0,0,0,0,CHOQUE,JUNIN,PE-24,267,-12.027056482160008,-75.40819477517176
2020-09-14,2020,9,0,0,0,0,DESPISTE,AREQUIPA,PE-1S,940,-16.44516811814113,-71.97543852248221
2020-09-14,2020,9,0,0,0,0,DESPISTE,PUNO,PE-3S,1266,-15.135818587948648,-70.36345815230888
2020-09-15,2020,9,1,0,0,3,CHOQUE,CUSCO,PE-34F,10,-14.737331294881482,-71.32718808417417
2020-09-15,2020,9,1,0,0,0,DESPISTE,JUNIN,PE-22B,82,-11.186085744151594,-75.46491332586663
2020-09-15,2020,9,1,0,1,5,CHOQUE,JUNIN,PE-3S,124,-12.065672229476355,-75.21746714620619
2020-09-15,2020,9,1,0,0,0,CHOQUE,LIMA,PE-1N,192,-10.820619821698443,-77.70062298645144
2020-09-15,2020,9,1,0,0,2,CHOQUE,LAMBAYEQUE,PE-1N,732,-7.058083264723555,-79.57042450172128
2020-09-16,2020,9,2,0,0,1,DESPISTE,LA LIBERTAD,PE-1S,13,-12.17053592045172,-76.97935477145053
2020-09-16,2020,9,2,0,0,0,CHOQUE,JUNIN,PE-3N,37,-11.28334545072958,-75.92079551326114
2020-09-16,2020,9,2,0,0,0,DESPISTE,HUANUCO,PE-5N,52,-10.7448347765584,-75.21165473181566
2020-09-16,2020,9,2,0,0,0,DESPISTE,MOQUEGUA,PE-36A,57,-17.028293857262863,-70.79329385378207
2020-09-16,2020,9,2,0,0,1,DESPISTE,LIMA,PE-1N,315,-9.93913120027727,-78.21777602167599
2020-09-16,2020,9,2,0,0,1,CHOQUE,ANCASH,PE-1N,405,-9.256612109220557,-78.43404856221233
2020-09-17,2020,9,3,0,0,3,CHOQUE,PUNO,PE-34A,299,-15.493996420398142,-70.1447483295191
2020-09-17,2020,9,3,0,0,0,DESPISTE,ANCASH,PE-1N,374,-9.47550526277428,-78.29542450229184
2020-09-17,2020,9,3,0,0,0,DESPISTE,AREQUIPA,PE-1S,731,-16.309360855762556,-73.37916246893575
2020-09-17,2020,9,3,0,0,0,CHOQUE,AREQUIPA,PE-1S,884,-16.484282379974463,-72.38471258805555
2020-09-17,2020,9,3,0,1,0,CHOQUE,PIURA,PE-1N,988,-5.239801691070705,-80.63668272180945
2020-09-18,2020,9,4,0,1,0,CHOQUE,PUNO,PE-34B,41,-14.96835007226168,-70.19104709469515
2020-09-18,2020,9,4,0,0,3,CHOQUE,APURIMAC,PE-3S,717,-13.652978162076671,-73.07995967183693
2020-09-19,2020,9,5,0,0,0,DESPISTE,CAJAMARCA,PE-06A,88,-6.583811619600636,-79.23700777276558
2020-09-19,2020,9,5,0,0,0,DESPISTE,JUNIN,PE-3N,98,-10.84778388805375,-76.16486390757093
2020-09-19,2020,9,5,0,0,2,CHOQUE,JUNIN,PE-22,144,-11.600717758390408,-76.10773025137584
2020-09-19,2020,9,5,0,0,0,DESPISTE,PUNO,PE-34A,241,-15.688123573318162,-70.58116609315945
2020-09-19,2020,9,5,0,0,1,CHOQUE,UCAYALI,PE-5N,372,-8.900840978102536,-75.33906828627613
2020-09-20,2020,9,6,0,0,2,DESPISTE,LIMA,PE-1NE,16,-11.095192826161746,-77.44894823030965
2020-09-20,2020,9,6,0,0,0,DESPISTE,CAJAMARCA,PE-08B,21,-7.140780262805392,-78.36744038155773
2020-09-20,2020,9,6,0,0,1,CHOQUE,LIMA,PE-1S,40,-12.332258562357817,-76.82078453636468
2020-09-20,2020,9,6,0,0,0,DESPISTE,HUANUCO,PE-18A,46,-9.723726805982276,-76.0969134540124
2020-09-20,2020,9,6,0,0,2,DESPISTE,ANCASH,PE-16,128,-10.121931600999917,-77.29332721199995
2020-09-20,2020,9,6,0,0,0,DESPISTE,ANCASH,PE-1N,323,-9.840055976561358,-78.18228852344514
2020-09-20,2020,9,6,0,0,0,DESPISTE,LAMBAYEQUE,PE-1N,845,-6.367298713905468,-80.20677591665098
2020-09-20,2020,9,6,0,1,0,DESPISTE,AREQUIPA,PE-1S,920,-16.368287893216102,-72.13443973222661
2020-09-21,2020,9,0,0,0,0,DESPISTE,LA LIBERTAD,PE-10A,67,-7.941487764839038,-78.60192847545727
2020-09-21,2020,9,0,0,0,0,VOLCADURA,AYACUCHO,PE-30A,168,-14.68155695194037,-74.08466071075469
2020-09-22,2020,9,1,0,0,0,CHOQUE,SAN MARTIN,PE-5NB,9,-6.464009216057668,-76.32062546107238
2020-09-22,2020,9,1,0,0,0,CHOQUE,AREQUIPA,PE-1SE,26,-13.632443364978467,-76.17303157857849
2020-09-22,2020,9,1,0,0,0,DESPISTE,JUNIN,PE-3S,77,-11.808046452021289,-75.49246551529983
2020-09-22,2020,9,1,0,0,0,ESPECIAL,LIMA,PE-22,83,-11.81082466554433,-76.34704224389216
2020-09-22,2020,9,1,0,0,2,DESPISTE,LAMBAYEQUE,PE-1N,728,-7.081916140387877,-79.54162784483653
2020-09-22,2020,9,1,0,0,0,DESPISTE,AREQUIPA,PE-1S,751,-16.3873334304093,-73.2528680980687
2020-09-22,2020,9,1,0,1,0,DESPISTE,PIURA,PE-1N,1149,-4.253634002192125,-81.1987435120042
2020-09-23,2020,9,2,0,0,0,CHOQUE,LIMA,PE-1N,137,-11.20835159335499,-77.55910968041177
2020-09-23,2020,9,2,0,0,3,DESPISTE,ICA,PE-1S,437,-14.804490580406098,-74.99921898217707
2020-09-23,2020,9,2,0,0,0,CHOQUE,AREQUIPA,PE-1S,1040,-17.030336733195576,-71.69309277924192
2020-09-24,2020,9,3,0,0,0,DESPISTE,AREQUIPA,PE-1S,8,-12.126955013847736,-76.97700651995017
2020-09-24,2020,9,3,0,0,3,CHOQUE,PASCO,PE-3N,17,-11.4195062200668,-75.91903739035295
2020-09-24,2020,9,3,0,0,2,DESPISTE,CAJAMARCA,PE-06B,35,-6.667604458881753,-79.02699436979935
2020-09-24,2020,9,3,0,0,2,CHOQUE,HUANUCO,PE-18A,72,-9.627109527999949,-76.06128130549284
2020-09-24,2020,9,3,0,0,0,CHOQUE,LIMA,PE-1N,80,-11.580768556486747,-77.26134269665921
2020-09-24,2020,9,3,0,0,1,ESPECIAL,LIMA,PE-22,110,-11.685662543184964,-76.26051752939492
2020-09-24,2020,9,3,0,0,2,DESPISTE,SAN MARTIN,PE-5N,634,-8.20931834186022,-76.48985248844635
2020-09-25,2020,9,4,0,0,1,DESPISTE,CUSCO,PE-28B,29,-13.00764085486562,-74.11541250582299
2020-09-25,2020,9,4,0,0,1,CHOQUE,CAJAMARCA,PE-06B,90,-6.569758808273588,-78.81583380307825
2020-09-25,2020,9,4,0,0,2,DESPISTE,LIMA,PE-1N,108,-11.391435633881196,-77.39513312660809
2020-09-25,2020,9,4,0,0,0,CHOQUE,ANCASH,PE-3N,120,-10.707840535166032,-76.23383225987217
2020-09-25,2020,9,4,0,0,5,DESPISTE,LIMA,PE-1N,135,-11.223052958048491,-77.54847131269644
2020-09-25,2020,9,4,0,1,1,CHOQUE,HUANCAVELICA,PE-28A,208,-13.40575412896069,-74.89852914038065
2020-09-25,2020,9,4,0,0,0,CHOQUE,ANCASH,PE-1N,286,-10.127116850567086,-78.12465946733163
2020-09-26,2020,9,5,0,0,0,DESPISTE,CAJAMARCA,PE-3N,14,-11.438108707670237,-75.93538406184626
2020-09-26,2020,9,5,0,0,0,DESPISTE,LIMA,PE-1S,23,-12.24236550164664,-76.94430819131811
2020-09-26,2020,9,5,0,0,0,DESPISTE,CAJAMARCA,PE-06B,46,-6.63589287479588,-78.99951876763616
2020-09-26,2020,9,5,0,0,4,DESPISTE,AREQUIPA,PE-34A,178,-15.766974994482608,-71.00349798013745
2020-09-26,2020,9,5,0,1,0,DESPISTE,AREQUIPA,PE-1S,1027,-16.983099168541727,-71.75854568999112
2020-09-27,2020,9,6,0,0,0,CHOQUE,LIMA,PE-1N,36,-11.833657622641407,-77.11324051344288
2020-09-27,2020,9,6,0,0,1,DESPISTE,HUANUCO,PE-3N,209,-10.131497689526851,-76.19998617851664
2020-09-27,2020,9,6,0,1,4,DESPISTE,AYACUCHO,PE-3S,295,-12.792288523254388,-74.48606475572022
2020-09-27,2020,9,6,0,0,0,ESPECIAL,ANCASH,PE-3N,501,-10.119209726567012,-77.29309034175797
2020-09-28,2020,9,0,0,0,1,CHOQUE,LIMA,PE-22,71,-11.8681462217307,-76.42577978838335
2020-09-28,2020,9,0,0,0,2,CHOQUE,LIMA,PE-22,76,-11.847607329487987,-76.38924509223335
2020-09-28,2020,9,0,0,0,0,CHOQUE,CUSCO,PE-28B,110,-12.761760232799595,-73.99672473304585
2020-09-28,2020,9,0,0,0,2,CHOQUE,PASCO,PE-3S,134,-12.1459902069234,-75.22066216878893
2020-09-28,2020,9,0,0,0,1,CHOQUE,PUNO,PE-34A,191,-15.763920007262984,-70.90017877269686
2020-09-28,2020,9,0,0,0,1,CHOQUE,MADRE DE DIOS,PE-30C,324,-12.89176091055515,-69.99921662303102
2020-09-28,2020,9,0,0,0,1,CHOQUE,ANCASH,PE-1N,447,-8.960727353378509,-78.62863896945099
2020-09-28,2020,9,0,0,0,1,ATROPELLO,CUSCO,PE-3S,N.I.,-15.04301470699994,-70.36600238199992
2020-09-29,2020,9,1,0,0,2,CHOQUE,LIMA,PE-1N,83,-11.555918348742413,-77.26964221100262
2020-09-29,2020,9,1,0,0,1,CHOQUE,LIMA,PE-22,130,-11.606218334641854,-76.19768237746943
2020-09-29,2020,9,1,0,0,4,CHOQUE,JUNIN,PE-22,132,-11.599434301998857,-76.19350382354745
2020-09-29,2020,9,1,0,0,0,DESPISTE,AREQUIPA,PE-1S,603,-15.814402711349496,-74.31709692140151
2020-09-30,2020,9,2,0,0,0,CHOQUE,PIURA,PE-1N,67,-11.629287743368248,-77.20732481011504
2020-09-30,2020,9,2,0,0,2,DESPISTE,ANCASH,PE-3N,100,-10.839114088891874,-76.18088677579682
2020-09-30,2020,9,2,0,0,0,DESPISTE,CUSCO,PE-28B,134,-12.725471814696997,-73.90536458540491
2020-09-30,2020,9,2,0,0,0,DESPISTE,HUANUCO,PE-3N,212,-10.107425486492405,-76.2097253373826
2020-09-30,2020,9,2,0,0,0,CHOQUE,MADRE DE DIOS,PE-30C,405,-12.670214547510978,-69.34956360285963
2020-10-01,2020,10,3,0,0,2,CHOQUE,LIMA,PE-1N,127,-11.281859419863723,-77.50591257113878
2020-10-01,2020,10,3,0,0,2,CHOQUE,MADRE DE DIOS,PE-30C,324,-12.89176091055515,-69.99921662303102
2020-10-02,2020,10,4,0,0,0,CHOQUE,AREQUIPA,PE-34E,71,-15.52549946445106,-71.41221756597548
2020-10-03,2020,10,5,0,0,1,DESPISTE,LIMA,PE-1S,99,-12.947738271549609,-76.50162231777215
2020-10-03,2020,10,5,0,0,2,CHOQUE,LIMA,PE-1N,160,-11.017857707648709,-77.60056932586828
2020-10-03,2020,10,5,0,0,6,CHOQUE,ICA,PE-1S,203,-13.518373190124834,-76.1415493375124
2020-10-03,2020,10,5,0,0,0,DESPISTE,AREQUIPA,PE-1S,609,-15.835614719905324,-74.28651583210313
2020-10-03,2020,10,5,0,0,3,DESPISTE,AREQUIPA,PE-1S,701,-16.227963667201927,-73.63121981352596
2020-10-03,2020,10,5,0,0,0,CHOQUE,AREQUIPA,PE-1S,733,-16.314819523211042,-73.36374756498316
2020-10-03,2020,10,5,0,0,2,CHOQUE,CUSCO,PE-3S,1076,-14.052086736566118,-71.44809422742675
2020-10-04,2020,10,6,0,0,1,DESPISTE,AMAZONAS,PE-08B,27,-7.116885049654288,-78.33301601367775
2020-10-04,2020,10,6,0,1,0,ATROPELLO,LIMA,PE-1S,63,-12.510461196671754,-76.73568315994434
2020-10-04,2020,10,6,0,0,1,DESPISTE,ANCASH,PE-1N,78,-11.59677375920734,-77.25349743581087
2020-10-04,2020,10,6,0,0,1,DESPISTE,LIMA,PE-1S,83,-12.657015005785905,-76.66304641592922
2020-10-04,2020,10,6,0,0,0,DESPISTE,JUNIN,PE-3N,151,-10.56379544596438,-76.19249346998522
2020-10-05,2020,10,0,0,0,0,DESPISTE,LIMA,PE-1S,5,-12.100003025159191,-76.97971191909942
2020-10-05,2020,10,0,0,0,0,CHOQUE,PUNO,PE-34H,26,-15.298813093437658,-70.00569398222756
2020-10-05,2020,10,0,0,0,2,CHOQUE,LIMA,PE-1S,31,-12.280991225376972,-76.88222016434416
2020-10-05,2020,10,0,0,0,0,DESPISTE,LA LIBERTAD,PE-1N,41,-11.797283330437022,-77.14182554608263
2020-10-05,2020,10,0,0,0,0,CHOQUE,JUNIN,PE-22,138,-11.601619508043797,-76.14842591009425
2020-10-05,2020,10,0,0,0,1,DESPISTE,SAN MARTIN,PE-5N,374,-8.909014684251693,-75.35270342010377
2020-10-06,2020,10,1,0,0,1,ATROPELLO,LA LIBERTAD,PE-1N,602,-7.855679851765026,-79.14248476140533
2020-10-07,2020,10,2,0,0,1,CHOQUE,AMAZONAS,PE-08B,0,-7.165788028999941,-78.50238335899991
2020-10-07,2020,10,2,0,1,0,DESPISTE,AREQUIPA,PE-34A,179,-15.764218560835296,-70.99473497219276
2020-10-08,2020,10,3,0,3,0,DESPISTE,TACNA,PE-36A,40,-17.061557113854427,-70.86265669049945
2020-10-08,2020,10,3,0,0,1,CHOQUE,JUNIN,PE-3S,76,-11.816598209481231,-75.49327317545641
2020-10-08,2020,10,3,0,0,2,CHOQUE,LIMA,PE-1N,84,-11.55014767325089,-77.27645631319672
2020-10-08,2020,10,3,0,0,2,CHOQUE,LIMA,PE-1N,85,-11.542148320798743,-77.28069405572357
2020-10-08,2020,10,3,0,1,0,CHOQUE,JUNIN,PE-5S,109,-11.24087288826374,-74.63435949202135
2020-10-08,2020,10,3,0,0,0,CHOQUE,LIMA,PE-22,112,-11.67094606237875,-76.25628872745061
2020-10-08,2020,10,3,0,0,0,DESPISTE,PUNO,PE-34A,192,-15.760031112871992,-70.89186128530218
2020-10-08,2020,10,3,0,0,4,DESPISTE,LIMA,PE-1N,230,-10.503393189508651,-77.90663997696203
2020-10-08,2020,10,3,0,0,1,CHOQUE,ANCASH,PE-1N,246,-10.40379926547519,-77.97357161774444
2020-10-09,2020,10,4,0,1,0,CHOQUE,JUNIN,PE-22,116,-11.66059649833997,-76.24459348592353
2020-10-09,2020,10,4,0,0,0,DESPISTE,LIMA,PE-1N,220,-10.583791155044144,-77.86865459760094
2020-10-09,2020,10,4,0,0,1,CHOQUE,ICA,PE-1S,237,-13.807825447791846,-76.1520956572427
2020-10-09,2020,10,4,0,1,0,CHOQUE,LAMBAYEQUE,PE-1N,729,-7.076728938673015,-79.54949931784897
2020-10-09,2020,10,4,0,0,3,CHOQUE,PIURA,PE-1N,1090,-4.648352630744195,-81.1246296883801
2020-10-10,2020,10,5,0,0,1,CHOQUE,ANCASH,PE-3N,5,-11.499670865051586,-75.94005565962021
2020-10-10,2020,10,5,0,0,0,CHOQUE,PUNO,PE-34H,49,-15.223755152166047,-69.82653608721326
2020-10-10,2020,10,5,0,0,1,DESPISTE,PUNO,PE-36B,66,-16.42314720784809,-70.33131926529902
2020-10-10,2020,10,5,0,0,1,DESPISTE,LIMA,PE-1N,71,-11.601556693489234,-77.19738741441675
2020-10-10,2020,10,5,0,0,5,CHOQUE,LIMA,PE-1S,80,-12.631048191835124,-76.66948524888161
2020-10-10,2020,10,5,0,0,1,CHOQUE,LIMA,PE-1N,84,-11.55014767325089,-77.27645631319672
2020-10-10,2020,10,5,0,0,1,CHOQUE,LIMA,PE-1S,116,-12.762402122203678,-76.59937204571224
2020-10-10,2020,10,5,0,0,0,CHOQUE,LIMA,PE-1N,120,-11.33333169809428,-77.46866491820339
2020-10-10,2020,10,5,0,0,1,CHOQUE,PUNO,PE-34B,306,-13.400633504022476,-70.31429641131369
2020-10-10,2020,10,5,0,0,0,DESPISTE,APURIMAC,PE-3S,433,-13.346880597888896,-74.14760685008255
2020-10-10,2020,10,5,0,0,1,CHOQUE,SAN MARTIN,PE-5N,748,-7.590427944235959,-76.68514748928845
2020-10-11,2020,10,6,0,0,0,CHOQUE,LIMA,PE-1NA,8,-11.71979040106858,-77.1779617640266
2020-10-11,2020,10,6,0,0,0,VOLCADURA,CUSCO,PE-34E,10,-15.98021920898444,-71.38222639140666
2020-10-11,2020,10,6,0,0,2,CHOQUE,LA LIBERTAD,PE-10A,24,-8.042265255260194,-78.84533302594123
2020-10-11,2020,10,6,0,0,3,DESPISTE,LIMA,PE-1NE,29,-11.11543526027691,-77.33319835051157
2020-10-11,2020,10,6,0,0,4,CHOQUE,ICA,PE-1S,193,-13.428316368151355,-76.13391851772329
2020-10-11,2020,10,6,0,0,1,DESPISTE,TACNA,PE-1S,1305,-18.112302680551988,-70.32302684964836
2020-10-12,2020,10,0,0,0,0,DESPISTE,LIMA,PE-22,87,-11.78573755939325,-76.33445596411033
2020-10-12,2020,10,0,0,0,1,DESPISTE,LIMA,PE-1S,98,-12.940814856339191,-76.4963256343087
2020-10-12,2020,10,0,0,0,3,CHOQUE,CAJAMARCA,PE-08B,107,-6.883676277515013,-78.13319655892549
2020-10-13,2020,10,1,0,0,2,CHOQUE,ANCASH,PE-3N,5,-11.499670865051586,-75.94005565962021
2020-10-13,2020,10,1,0,0,1,DESPISTE,JUNIN,PE-3N,15,-11.430433706385609,-75.93105274231849
2020-10-13,2020,10,1,0,0,0,DESPISTE,JUNIN,PE-22,143,-11.599821445816865,-76.11559081630975
2020-10-13,2020,10,1,0,0,0,ATROPELLO,ANCASH,PE-3N,543,-9.828876758850916,-77.41517054866746
2020-10-14,2020,10,2,0,0,5,DESPISTE,JUNIN,PE-3S,72,-11.816102776020047,-75.51220757297384
2020-10-14,2020,10,2,0,0,4,DESPISTE,ANCASH,PE-1N,394,-9.341721331751222,-78.39722500647831
2020-10-14,2020,10,2,0,0,2,CHOQUE,ICA,PE-1S,397,-14.54606271777463,-75.1872474195538
2020-10-14,2020,10,2,0,0,0,DESPISTE,TACNA,PE-1S,1323,-18.26971819296136,-70.31907975368884
2020-10-15,2020,10,3,0,0,1,DESPISTE,CAJAMARCA,PE-3N,7,-11.48544490298403,-75.94922978480228
2020-10-15,2020,10,3,0,0,0,DESPISTE,AREQUIPA,PE-1SD,23,-16.696312986938654,-72.46594737546697
2020-10-15,2020,10,3,0,0,1,DESPISTE,LA LIBERTAD,PE-10A,67,-7.941487764839038,-78.60192847545727
2020-10-15,2020,10,3,0,0,0,DESPISTE,CUSCO,PE-3S,89,-11.827035675803392,-75.406205093045
2020-10-15,2020,10,3,0,0,1,DESPISTE,PASCO,PE-3N,125,-10.692339407768516,-76.22141902752456
2020-10-15,2020,10,3,0,0,1,CHOQUE,LIMA,PE-1S,165,-13.249650866012216,-76.28420145920819
2020-10-15,2020,10,3,0,0,0,DESPISTE,ICA,PE-1S,202,-13.509412893205932,-76.14150131641694
2020-10-15,2020,10,3,0,0,2,CHOQUE,SAN MARTIN,PE-5N,556,-8.751196494023976,-76.21851278577248
2020-10-15,2020,10,3,0,0,1,CHOQUE,SAN MARTIN,PE-5N,557,-8.74682704047116,-76.22617679566986
2020-10-15,2020,10,3,0,0,2,CHOQUE,APURIMAC,PE-3S,682,-13.695725366317088,-73.14756502853143
2020-10-15,2020,10,3,0,0,0,DESPISTE,MOQUEGUA,PE-1S,1167,-17.43062063300712,-71.04812623724327
2020-10-16,2020,10,4,0,0,1,CHOQUE,AMAZONAS,PE-5N,6,-10.922006504425562,-75.28650808115127
2020-10-16,2020,10,4,0,0,4,CHOQUE,JUNIN,PE-3N,22,-11.401326721103269,-75.88291158832953
2020-10-16,2020,10,4,0,0,0,CHOQUE,HUANUCO,PE-18A,46,-9.723726805982276,-76.0969134540124
2020-10-16,2020,10,4,0,2,4,DESPISTE,JUNIN,PE-3N,57,-11.124831846456756,-75.99283434539717
2020-10-16,2020,10,4,0,0,1,DESPISTE,CUSCO,PE-34J,62,-15.27518597962527,-71.1421731380608
2020-10-16,2020,10,4,0,0,0,DESPISTE,PIURA,PE-1N,104,-11.411127109563516,-77.37555094068351
2020-10-16,2020,10,4,0,0,3,DESPISTE,JUNIN,PE-3S,104,-11.92632266826794,-75.31591734974911
2020-10-16,2020,10,4,0,0,0,DESPISTE,ICA,PE-1S,223,-13.688996272130044,-76.15742611440658
2020-10-16,2020,10,4,0,0,1,CHOQUE,AREQUIPA,PE-1S,633,-15.918975935138109,-74.12471145695262
2020-10-16,2020,10,4,0,1,0,ATROPELLO,PUNO,PE-3S,1322,-15.524148053543469,-70.10874696877008
2020-10-17,2020,10,5,0,1,0,DESPISTE,TACNA,PE-22B,27,-11.418178708991968,-75.74038888771813
2020-10-17,2020,10,5,0,1,1,DESPISTE,JUNIN,PE-22B,28,-11.417674141497614,-75.73151043400979
2020-10-17,2020,10,5,0,0,1,ATROPELLO,LAMBAYEQUE,PE-1N,43,-11.784974397177368,-77.15432990082249
2020-10-17,2020,10,5,0,0,2,CHOQUE,ANCASH,PE-16,99,-10.141185775291005,-77.38946211217369
2020-10-17,2020,10,5,0,0,0,CHOQUE,AREQUIPA,PE-34A,127,-16.03723112705968,-71.29994178451123
2020-10-17,2020,10,5,0,0,4,DESPISTE,AREQUIPA,PE-34A,182,-15.762128976807965,-70.9698872532973
2020-10-17,2020,10,5,0,0,2,DESPISTE,ICA,PE-1S,433,-14.782190895803248,-75.02836588073137
2020-10-17,2020,10,5,0,0,1,CHOQUE,MOQUEGUA,PE-1S,712,-16.25377554126966,-73.53441202656194
2020-10-17,2020,10,5,0,0,0,DESPISTE,CUSCO,PE-3S,881,-13.532534422216848,-72.5166918009744
2020-10-17,2020,10,5,0,1,0,CHOQUE,PIURA,PE-1N,1002,-5.156341736065256,-80.69429285325135
2020-10-17,2020,10,5,0,0,0,DESPISTE,AMAZONAS,PE-5N,1285,-5.898821951310515,-78.15886689613646
2020-10-18,2020,10,6,0,0,0,DESPISTE,CAJAMARCA,PE-5N,5,-10.926699476833056,-75.28036326294095
2020-10-18,2020,10,6,0,0,2,DESPISTE,LIMA,PE-1NE,16,-11.095192826161746,-77.44894823030965
2020-10-18,2020,10,6,0,0,0,DESPISTE,ANCASH,PE-3N,116,-10.733171966811332,-76.25302738234421
2020-10-18,2020,10,6,0,0,2,ATROPELLO,ICA,PE-1S,186,-13.413397208384122,-76.18864368453282
2020-10-18,2020,10,6,0,0,4,DESPISTE,ICA,PE-1S,203,-13.518373190124834,-76.1415493375124
2020-10-18,2020,10,6,0,0,2,CHOQUE,MADRE DE DIOS,PE-30C,403,-12.67648712487141,-69.36720415570552
2020-10-19,2020,10,0,0,1,3,CHOQUE,LIMA,PE-1S,99,-12.947738271549609,-76.50162231777215
2020-10-19,2020,10,0,0,0,2,CHOQUE,PIURA,PE-1NJ,199,-5.179185152672535,-80.5679952728051
2020-10-19,2020,10,0,0,0,1,CHOQUE,ICA,PE-1S,290,-14.010245210882806,-75.76528016364195
2020-10-19,2020,10,0,0,0,1,DESPISTE,APURIMAC,PE-30A,302,-14.498017982348816,-73.26504867860491
2020-10-19,2020,10,0,0,1,0,CHOQUE,MADRE DE DIOS,PE-30C,374,-12.785137561623095,-69.60800016296639
2020-10-19,2020,10,0,0,0,3,CHOQUE,CUSCO,PE-3S,1018,-13.685419005544604,-71.62986210797226
2020-10-19,2020,10,0,0,0,1,CHOQUE,PUNO,PE-3S,1411,-16.060367801444922,-69.69391936859921
2020-10-20,2020,10,1,0,0,0,CHOQUE,PIURA,PE-1N,10,-12.03649302662419,-77.04350242791477
2020-10-20,2020,10,1,0,0,2,CHOQUE,LIMA,PE-1N,45,-11.76805645197359,-77.15871594110817
2020-10-20,2020,10,1,0,0,4,DESPISTE,CAJAMARCA,PE-08B,108,-6.885098680718455,-78.13128652743464
2020-10-20,2020,10,1,0,0,0,DESPISTE,CUSCO,PE-28B,157,-12.626023859684572,-73.85286691626074
2020-10-20,2020,10,1,0,0,1,CHOQUE,APURIMAC,PE-3S,853,-13.547669191267852,-72.67252169071087
2020-10-20,2020,10,1,0,0,4,CHOQUE,CUSCO,PE-3S,915,-13.446634264814122,-72.38749276772973
2020-10-20,2020,10,1,0,0,1,CHOQUE,PUNO,PE-3S,1487,-16.41426078165786,-69.18501578752816
2020-10-21,2020,10,2,0,0,0,DESPISTE,LIMA,PE-22,110,-11.685662543184964,-76.26051752939492
2020-10-21,2020,10,2,0,0,0,DESPISTE,ICA,PE-1S,186,-13.413397208384122,-76.18864368453282
2020-10-21,2020,10,2,0,0,2,CHOQUE,LA LIBERTAD,PE-1N,513,-8.437957350809187,-78.75985440911168
2020-10-21,2020,10,2,0,0,2,CHOQUE,LAMBAYEQUE,PE-1N,696,-7.276623755521006,-79.4759643906095
2020-10-21,2020,10,2,0,0,1,DESPISTE,LAMBAYEQUE,PE-1N,852,-6.316103252866865,-80.24402438894595
2020-10-21,2020,10,2,0,1,1,CHOQUE,PIURA,PE-1N,917,-5.861958163814628,-80.53656378303414
2020-10-22,2020,10,3,0,0,0,VOLCADURA,AREQUIPA,PE-34F,7,-14.737448579440246,-71.35128437981572
2020-10-22,2020,10,3,0,0,2,DESPISTE,LIMA,PE-1N,124,-11.30391896867784,-77.48994919599751
2020-10-22,2020,10,3,0,0,1,DESPISTE,LA LIBERTAD,PE-3N,156,-10.52387290658058,-76.1794859513271
2020-10-22,2020,10,3,0,0,0,ESPECIAL,AREQUIPA,PE-1S,698,-16.223407336638946,-73.65746493845643
2020-10-22,2020,10,3,0,0,0,CHOQUE,AREQUIPA,PE-1S,724,-16.28673547362288,-73.4370829347178
2020-10-22,2020,10,3,0,0,0,DESPISTE,AREQUIPA,PE-1S,733,-16.314819523211042,-73.36374756498316
2020-10-22,2020,10,3,0,1,0,DESPISTE,APURIMAC,PE-3S,858,-13.541881053419113,-72.66471507505936
2020-10-22,2020,10,3,0,0,1,CHOQUE,PUNO,PE-3S,1369,-15.863368241478826,-69.98537895370838
2020-10-23,2020,10,4,0,0,0,DESPISTE,TACNA,PE-1SD,15,-16.680774374593856,-72.52720402081167
2020-10-23,2020,10,4,0,0,3,CHOQUE,PUNO,PE-34H,43,-15.256194593757783,-69.86356406417016
2020-10-23,2020,10,4,0,1,0,VOLCADURA,AREQUIPA,PE-34A,63,-16.24108744454076,-71.66959297781624
2020-10-23,2020,10,4,0,0,3,CHOQUE,ANCASH,PE-3N,115,-10.739998452184476,-76.25884670660761
2020-10-23,2020,10,4,0,0,5,DESPISTE,CAJAMARCA,PE-08,167,-7.232182856563961,-78.48728493790028
2020-10-23,2020,10,4,0,0,0,VOLCADURA,CUSCO,PE-28B,171,-12.617661383801789,-73.80245236750508
2020-10-23,2020,10,4,0,0,0,DESPISTE,ICA,PE-1S,189,-13.41075453065729,-76.1620130739239
2020-10-23,2020,10,4,0,0,0,DESPISTE,AYACUCHO,PE-28A,238,-13.352606112390564,-74.72624761015416
2020-10-23,2020,10,4,0,0,1,DESPISTE,AREQUIPA,PE-1S,603,-15.814402711349496,-74.31709692140151
2020-10-24,2020,10,5,0,0,0,DESPISTE,ANCASH,PE-3N,20,-11.40945002440235,-75.89656210722798
2020-10-24,2020,10,5,0,0,0,DESPISTE,LIMA,PE-1S,70,-12.564491612551636,-76.70353879228901
2020-10-24,2020,10,5,0,0,0,CHOQUE,LIMA,PE-1S,128,-12.712765346131768,-76.629701758712
2020-10-24,2020,10,5,0,0,0,CHOQUE,PIURA,PE-34B,247,-13.71388700571445,-70.45406628857396
2020-10-24,2020,10,5,0,0,0,DESPISTE,ICA,PE-26,302,-12.499522399999933,-74.99623267299995
2020-10-24,2020,10,5,0,0,0,DESPISTE,MADRE DE DIOS,PE-30C,624,-11.17427020917972,-69.55963137557575
2020-10-24,2020,10,5,0,0,7,DESPISTE,APURIMAC,PE-3S,761,-13.695106892084532,-72.9133077818696
2020-10-25,2020,10,6,0,0,0,DESPISTE,LIMA,PE-20,13,-12.041521819835284,-77.12677860957717
2020-10-25,2020,10,6,0,0,1,N.I.,LIMA,PE-20A,39,-11.6913354475904,-76.9276889272406
2020-10-25,2020,10,6,0,0,0,DESPISTE,ANCASH,PE-1N,398,-9.309742941699836,-78.4038196665283
2020-10-25,2020,10,6,0,0,0,DESPISTE,AREQUIPA,PE-1S,505,-15.322660114306142,-74.90487257322945
2020-10-25,2020,10,6,0,0,0,ESPECIAL,AREQUIPA,PE-1S,632,-15.9148773511468,-74.13299331907628
2020-10-26,2020,10,0,0,0,0,DESPISTE,JUNIN,PE-3N,7,-11.48544490298403,-75.94922978480228
2020-10-26,2020,10,0,0,0,0,DESPISTE,CAJAMARCA,PE-06A,179,-6.484868025967638,-78.90335331457021
2020-10-26,2020,10,0,0,1,1,CHOQUE,CUSCO,PE-3S,1114,-14.270139125842972,-71.23622064223056
2020-10-26,2020,10,0,0,0,0,ESPECIAL,MOQUEGUA,PE-1SD,N.I.,-16.658763877999945,-72.62814593899992
2020-10-27,2020,10,1,0,0,2,CHOQUE,TACNA,PE-1SD,11,-16.666984168696686,-72.55507742654935
2020-10-27,2020,10,1,0,0,3,CHOQUE,LIMA,PE-1N,199,-10.72197831263506,-77.76328729525757
2020-10-27,2020,10,1,0,0,2,CHOQUE,ICA,PE-1S,287,-13.984231889620432,-75.77320267679889
2020-10-27,2020,10,1,0,0,0,CHOQUE,SAN MARTIN,PE-5N,391,-8.983686762065833,-75.44954054242592
2020-10-27,2020,10,1,0,0,2,DESPISTE,MADRE DE DIOS,PE-30C,410,-12.654291199502014,-69.3049976961437
2020-10-28,2020,10,2,0,0,2,DESPISTE,JUNIN,PE-3N,6,-11.4913470222175,-75.94324267757021
2020-10-28,2020,10,2,0,0,1,DESPISTE,AMAZONAS,PE-5N,35,-10.751691712516932,-75.30203267910886
2020-10-28,2020,10,2,0,0,0,DESPISTE,ANCASH,PE-1N,396,-9.32701651766862,-78.4050039793727
2020-10-28,2020,10,2,0,0,1,DESPISTE,APURIMAC,PE-3S,770,-13.65619638520652,-72.91596607038782
2020-10-28,2020,10,2,0,0,15,DESPISTE,CUSCO,PE-28G,N.I.,-13.505258191999928,-71.97114911299991
2020-10-29,2020,10,3,0,0,2,CHOQUE,LIMA,PE-20A,43,-11.682041565402292,-76.89357859007441
2020-10-29,2020,10,3,0,0,2,DESPISTE,PUNO,PE-3S,124,-12.065672229476355,-75.21746714620619
2020-10-29,2020,10,3,0,0,1,CHOQUE,LAMBAYEQUE,PE-1N,771,-6.844586168181525,-79.82923268585677
2020-10-29,2020,10,3,0,0,3,DESPISTE,PIURA,PE-1N,1005,-5.129955299387884,-80.7002947940494
2020-10-30,2020,10,4,0,0,0,DESPISTE,LIMA,PE-20B,0,-11.998914021999951,-77.11499674799995
2020-10-30,2020,10,4,0,1,0,CHOQUE,JUNIN,PE-22,25,-11.976849060887591,-76.77400458919917
2020-10-30,2020,10,4,0,0,1,DESPISTE,LIMA,PE-1S,112,-12.835083425223448,-76.52421939663458
2020-10-30,2020,10,4,0,0,1,DESPISTE,CAJAMARCA,PE-08,150,-7.2667592084821155,-78.51166893474729
2020-10-30,2020,10,4,0,0,2,CHOQUE,LIMA,PE-1N,186,-10.84252891127916,-77.69548245175244
2020-10-30,2020,10,4,0,1,0,DESPISTE,MADRE DE DIOS,PE-30C,255,-13.112683371381443,-70.38027813577482
2020-10-30,2020,10,4,0,0,1,DESPISTE,ANCASH,PE-1N,371,-9.486043543365328,-78.27292896472373
2020-10-30,2020,10,4,0,0,2,CHOQUE,LAMBAYEQUE,PE-1N,805,-6.62417858816496,-79.95889859664007
2020-10-30,2020,10,4,0,0,4,DESPISTE,TACNA,PE-1S,1290,-18.00200594683511,-70.26374091380177
2020-10-31,2020,10,5,0,0,0,CHOQUE,PASCO,PE-3N,121,-10.699524075718903,-76.23625905276042
2020-10-31,2020,10,5,0,0,4,DESPISTE,CAJAMARCA,PE-06A,183,-6.487160854527208,-78.89283470876278
2020-10-31,2020,10,5,0,0,1,CHOQUE,ICA,PE-1S,432,-14.775453947437097,-75.03456443685245
2020-11-01,2020,11,6,0,0,0,DESPISTE,LIMA,PE-1S,22,-12.23816144054279,-76.95243432758777
2020-11-01,2020,11,6,0,0,0,DESPISTE,UCAYALI,PE-18C,30,-8.621034778727608,-74.9401893099833
2020-11-01,2020,11,6,0,0,3,DESPISTE,AMAZONAS,PE-5N,42,-10.72576201163178,-75.26379060640437
2020-11-01,2020,11,6,0,0,0,CHOQUE,LAMBAYEQUE,PE-1NJ,88,-5.991190578815269,-79.7133430474774
2020-11-01,2020,11,6,0,0,0,DESPISTE,LIMA,PE-1N,200,-10.71413356553183,-77.76782774512458
2020-11-01,2020,11,6,0,0,0,DESPISTE,LA LIBERTAD,PE-1N,616,-7.785578148831915,-79.24175922025742
2020-11-02,2020,11,0,0,0,1,CHOQUE,PUNO,PE-36B,40,-16.589740242300895,-70.38896528378154
2020-11-02,2020,11,0,0,0,0,CHOQUE,LIMA,PE-1S,83,-12.657015005785905,-76.66304641592922
2020-11-02,2020,11,0,0,0,1,CHOQUE,JUNIN,PE-22,110,-11.685662543184964,-76.26051752939492
2020-11-02,2020,11,0,0,0,1,DESPISTE,PUNO,PE-34A,238,-15.6906067595198,-70.60303608228986
2020-11-02,2020,11,0,0,0,2,CHOQUE,MADRE DE DIOS,PE-30C,325,-12.890182446651396,-69.99081926954916
2020-11-03,2020,11,1,0,0,3,DESPISTE,LIMA,PE-1S,61,-12.494357250569998,-76.74355432888902
2020-11-03,2020,11,1,0,0,0,DESPISTE,TACNA,PE-1SD,101,-17.00337433669659,-72.04688210255074
2020-11-03,2020,11,1,0,0,0,DESPISTE,LIMA,PE-1S,106,-13.007416812792492,-76.48215257899191
2020-11-03,2020,11,1,0,0,0,N.I.,ANCASH,PE-3N,126,-10.692530530970686,-76.21531282562151
2020-11-03,2020,11,1,0,0,0,DESPISTE,LIMA,PE-1S,150,-13.158271560783827,-76.3734213840647
2020-11-03,2020,11,1,0,0,1,DESPISTE,ANCASH,PE-1N,242,-10.42221842525169,-77.94486781881982
2020-11-03,2020,11,1,0,0,0,DESPISTE,LAMBAYEQUE,PE-1N,757,-6.926568881557942,-79.74303075158076
2020-11-03,2020,11,1,0,1,0,CHOQUE,AREQUIPA,PE-1S,942,-16.45249448180034,-71.95838155484626
2020-11-04,2020,11,2,0,0,0,CHOQUE,LIMA,PE-1N,66,-11.638210024014256,-77.20622260981537
2020-11-04,2020,11,2,0,0,1,DESPISTE,LIMA,PE-1N,200,-10.71413356553183,-77.76782774512458
2020-11-04,2020,11,2,0,0,0,CHOQUE,ICA,PE-1S,405,-14.605433327790434,-75.19563818620291
2020-11-04,2020,11,2,0,0,1,DESPISTE,ANCASH,PE-1N,445,-8.974752155131966,-78.61840945890586
2020-11-04,2020,11,2,0,0,0,DESPISTE,AREQUIPA,PE-1S,503,-15.305889735799395,-74.91182009212356
2020-11-04,2020,11,2,0,0,0,CHOQUE,LA LIBERTAD,PE-1N,602,-7.855679851765026,-79.14248476140533
2020-11-04,2020,11,2,0,0,0,DESPISTE,AREQUIPA,PE-1S,609,-15.835614719905324,-74.28651583210313
2020-11-04,2020,11,2,0,0,0,DESPISTE,AREQUIPA,PE-1S,613,-15.85068111936178,-74.25378550627316
2020-11-04,2020,11,2,0,0,0,DESPISTE,PIURA,PE-1N,893,-6.075260341333171,-80.50507908043318
2020-11-05,2020,11,3,0,0,1,CHOQUE,LIMA,PE-20,13,-12.041521819835284,-77.12677860957717
2020-11-05,2020,11,3,0,0,0,ATROPELLO,AYACUCHO,PE-3S,169,-12.371906639569897,-75.04356522126105
2020-11-05,2020,11,3,0,0,1,DESPISTE,ICA,PE-1S,188,-13.410086716776268,-76.17097828641086
2020-11-05,2020,11,3,0,0,0,VOLCADURA,LIMA,PE-1N,892,-6.083747435277642,-80.50207495911454
2020-11-05,2020,11,3,0,0,0,CHOQUE,CUSCO,PE-3S,1009,-13.649496668963742,-71.68790685625908
2020-11-06,2020,11,4,0,0,0,CHOQUE,ICA,PE-28A,4,-13.67995800703454,-76.12353796613705
2020-11-07,2020,11,5,0,0,0,VOLCADURA,JUNIN,PE-3N,72,-11.00123537596716,-76.01846551119964
2020-11-07,2020,11,5,0,0,1,CHOQUE,LIMA,PE-1N,75,-11.613182867318375,-77.23179150617773
2020-11-07,2020,11,5,0,0,0,DESPISTE,HUANUCO,PE-18A,103,-9.458375909817637,-75.97089606437433
2020-11-07,2020,11,5,0,0,1,CHOQUE,LIMA,PE-1S,117,-12.769361428999463,-76.59351243043692
2020-11-07,2020,11,5,0,0,0,VOLCADURA,CAJAMARCA,PE-08,129,-7.290217494994672,-78.56166925074476
2020-11-07,2020,11,5,0,0,2,CHOQUE,CUSCO,PE-28B,174,-12.61867970220413,-73.78852379805937
2020-11-08,2020,11,6,0,0,0,CHOQUE,SAN MARTIN,PE-5N,9,-10.898695445643856,-75.28054864764296
2020-11-08,2020,11,6,0,0,2,CHOQUE,CUSCO,PE-28B,50,-12.957618278409075,-74.03146836086971
2020-11-08,2020,11,6,0,0,1,DESPISTE,LAMBAYEQUE,PE-06A,67,-6.626028279873213,-79.38485280383163
2020-11-08,2020,11,6,0,0,1,DESPISTE,LAMBAYEQUE,PE-06A,67,-6.626028279873213,-79.38485280383163
2020-11-08,2020,11,6,0,0,0,CHOQUE,CAJAMARCA,PE-3N,79,-10.954478413826576,-76.04132556200179
2020-11-08,2020,11,6,0,0,3,DESPISTE,CAJAMARCA,PE-06A,85,-6.600053684856104,-79.24845159624101
2020-11-08,2020,11,6,0,1,0,CHOQUE,LIMA,PE-1S,133,-13.042360826582176,-76.47154836661794
2020-11-08,2020,11,6,0,2,1,CHOQUE,UCAYALI,PE-5N,375,-8.9147606384274,-75.35859532508621
2020-11-08,2020,11,6,0,0,1,CHOQUE,APURIMAC,PE-3S,N.I.,-15.04301470699994,-70.36600238199992
2020-11-09,2020,11,0,0,0,2,DESPISTE,PIURA,PE-1N,1,-12.050405425107773,-76.97740415220201
2020-11-09,2020,11,0,0,0,0,CHOQUE,HUANUCO,PE-18A,11,-9.882373359752563,-76.19335302729495
2020-11-09,2020,11,0,0,0,0,CHOQUE,PUNO,PE-34B,47,-14.919391447058956,-70.20512350196351
2020-11-09,2020,11,0,0,0,2,DESPISTE,CAJAMARCA,PE-08,52,-7.251978155157817,-79.10975190975499
2020-11-09,2020,11,0,0,0,0,DESPISTE,JUNIN,PE-3N,58,-11.115865908236632,-75.99390697089224
2020-11-09,2020,11,0,0,0,2,DESPISTE,ANCASH,PE-3N,152,-10.555424059627402,-76.19215011599994
2020-11-09,2020,11,0,0,1,0,DESPISTE,ANCASH,PE-1N,445,-8.974752155131966,-78.61840945890586
2020-11-09,2020,11,0,0,0,1,DESPISTE,HUANUCO,PE-5N,644,-8.188853016396363,-76.56245942023685
2020-11-10,2020,11,1,0,0,1,DESPISTE,PIURA,PE-1N,23,-11.928881120159856,-77.07251352389007
2020-11-10,2020,11,1,0,1,0,CHOQUE,PIURA,PE-1N,24,-11.91983439651838,-77.07337307414295
2020-11-10,2020,11,1,0,0,0,DESPISTE,MOQUEGUA,PE-36A,95,-16.88921056030408,-70.61542787638929
2020-11-10,2020,11,1,0,0,0,CHOQUE,JUNIN,PE-3S,105,-11.93443240408108,-75.3141973628857
2020-11-10,2020,11,1,0,0,1,CHOQUE,AYACUCHO,PE-3S,340,-12.942893777133534,-74.24348343739435
2020-11-10,2020,11,1,0,0,0,CHOQUE,ICA,PE-1S,386,-14.488107088832605,-75.21681146595697
2020-11-10,2020,11,1,0,0,0,DESPISTE,AREQUIPA,PE-1S,633,-15.918975935138109,-74.12471145695262
2020-11-10,2020,11,1,0,0,1,CHOQUE,LA LIBERTAD,PE-1N,703,-7.239969296964206,-79.46103238788123
2020-11-10,2020,11,1,0,0,1,CHOQUE,HUANUCO,PE-18A,N.I.,-9.800853728999924,-76.06929588299994
2020-11-11,2020,11,2,0,0,0,DESPISTE,LIMA,PE-22,57,-11.904877866652985,-76.52442776507175
2020-11-11,2020,11,2,0,0,0,CHOQUE,MADRE DE DIOS,PE-30C,324,-12.89176091055515,-69.99921662303102
2020-11-11,2020,11,2,0,0,1,DESPISTE,PIURA,PE-1N,1153,-4.230437708323174,-81.1741523943938
2020-11-12,2020,11,3,0,0,2,DESPISTE,CUSCO,PE-30,4,-15.15883837265044,-75.01245137330096
2020-11-12,2020,11,3,0,0,1,DESPISTE,LIMA,PE-1S,24,-12.246584742503304,-76.93618987426358
2020-11-12,2020,11,3,0,0,0,CHOQUE,AREQUIPA,PE-34A,66,-16.225063455802612,-71.66063313432053
2020-11-12,2020,11,3,0,0,2,DESPISTE,AREQUIPA,PE-34A,181,-15.766109999999912,-70.97783042100791
2020-11-12,2020,11,3,0,0,0,CHOQUE,MADRE DE DIOS,PE-30C,264,-13.0491220103865,-70.34932923706963
2020-11-13,2020,11,4,0,0,4,DESPISTE,LA LIBERTAD,PE-08,9,-7.305209032771205,-79.40063895535793
2020-11-13,2020,11,4,0,0,2,DESPISTE,CAJAMARCA,PE-08A,22,-7.125633043937969,-78.84827472095819
2020-11-13,2020,11,4,0,0,1,ATROPELLO,PUNO,PE-34I,27,-15.281557211333286,-69.64072400324835
2020-11-13,2020,11,4,0,0,0,DESPISTE,TACNA,PE-36A,43,-17.054222524349534,-70.85583437724509
2020-11-13,2020,11,4,0,0,1,DESPISTE,CAJAMARCA,PE-06B,58,-6.61320180071526,-78.95693912136201
2020-11-13,2020,11,4,0,0,3,CHOQUE,JUNIN,PE-3S,76,-11.816598209481231,-75.49327317545641
2020-11-13,2020,11,4,0,0,3,CHOQUE,LIMA,PE-1S,79,-12.622155134287611,-76.67070490348846
2020-11-13,2020,11,4,0,0,0,DESPISTE,LA LIBERTAD,PE-1N,553,-8.180897023069159,-78.98920956393255
2020-11-14,2020,11,5,0,0,1,CHOQUE,JUNIN,PE-3S,108,-11.946779793246296,-75.29139522561728
2020-11-14,2020,11,5,0,0,6,CHOQUE,PASCO,PE-3N,124,-10.688003726107006,-76.22416557187701
2020-11-14,2020,11,5,0,0,2,CHOQUE,JUNIN,PE-22,144,-11.600717758390408,-76.10773025137584
2020-11-14,2020,11,5,0,0,0,VOLCADURA,ANCASH,PE-1N,251,-10.375155874374167,-78.00846487328212
2020-11-14,2020,11,5,0,0,1,CHOQUE,ANCASH,PE-1N,344,-9.709208055507482,-78.27510081942467
2020-11-14,2020,11,5,0,0,1,CHOQUE,ICA,PE-1S,377,-14.497228660595075,-75.26832944185828
2020-11-14,2020,11,5,0,0,1,DESPISTE,LA LIBERTAD,PE-1N,555,-8.169897430823339,-79.0035445625836
2020-11-14,2020,11,5,0,0,2,DESPISTE,CUSCO,PE-3S,1086,-14.123196475404797,-71.41422462291328
2020-11-15,2020,11,6,0,0,3,DESPISTE,HUANUCO,PE-18A,11,-9.882373359752563,-76.19335302729495
2020-11-15,2020,11,6,0,0,1,CHOQUE,LIMA,PE-1NE,15,-11.092462508112892,-77.4575919702674
2020-11-15,2020,11,6,0,0,4,DESPISTE,PIURA,PE-1N,85,-11.542148320798743,-77.28069405572357
2020-11-15,2020,11,6,0,0,2,CHOQUE,JUNIN,PE-22B,102,-11.089325757967211,-75.32996098465773
2020-11-15,2020,11,6,0,0,2,DESPISTE,HUANUCO,PE-3N,160,-10.49056525467219,-76.18615811417452
2020-11-15,2020,11,6,0,0,0,CHOQUE,LIMA,PE-1N,190,-10.82812858514916,-77.70015095961433
2020-11-15,2020,11,6,0,0,0,DESPISTE,LIMA,PE-1N,235,-10.460677402880597,-77.91776596406712
2020-11-15,2020,11,6,0,0,0,VOLCADURA,AMAZONAS,PE-08B,410,-6.389894605419665,-77.49900367684556
2020-11-15,2020,11,6,0,2,0,CHOQUE,HUANUCO,PE-5N,485,-9.17230041978716,-75.96533386174761
2020-11-16,2020,11,0,0,0,1,CHOQUE,CAJAMARCA,PE-06A,172,-6.477460453180211,-78.92477123159358
2020-11-16,2020,11,0,0,0,0,DESPISTE,ANCASH,PE-1N,384,-9.425005747470816,-78.36401682461295
2020-11-16,2020,11,0,0,0,0,DESPISTE,AREQUIPA,PE-1S,748,-16.377595761203132,-73.27248030147223
2020-11-16,2020,11,0,0,1,0,ATROPELLO,CUSCO,PE-3S,1007,-13.634519593447394,-71.69607954891927
2020-11-16,2020,11,0,0,2,0,ATROPELLO,JUNIN,PE-3S,N.I.,-15.04301470699994,-70.36600238199992
2020-11-17,2020,11,1,0,3,5,DESPISTE,MOQUEGUA,PE-36A,5,-17.213883299612412,-70.9326049679297
2020-11-17,2020,11,1,0,1,0,CHOQUE,UCAYALI,PE-5S,18,-10.935387807849468,-75.16785157032297
2020-11-17,2020,11,1,0,0,1,ATROPELLO,LIMA,PE-1N,83,-11.555918348742413,-77.26964221100262
2020-11-17,2020,11,1,0,0,0,DESPISTE,MOQUEGUA,PE-1SD,206,-17.378245076705475,-71.3962326814083
2020-11-17,2020,11,1,0,1,0,CHOQUE,AREQUIPA,PE-1S,825,-16.6005445647847,-72.75411948588199
2020-11-17,2020,11,1,0,0,1,CHOQUE,CUSCO,PE-3S,1047,-13.838932461389147,-71.53710381776916
2020-11-17,2020,11,1,0,2,1,CHOQUE,CAJAMARCA,PE-3N,1157,-7.610615265785431,-78.06400033063028
2020-11-18,2020,11,2,0,0,0,CHOQUE,LIMA,PE-22,82,-11.8105007855227,-76.35303580366866
2020-11-18,2020,11,2,0,1,0,CHOQUE,ANCASH,PE-1N,253,-10.36275217419974,-78.02145858290002
2020-11-18,2020,11,2,0,0,2,VOLCADURA,ANCASH,PE-1N,408,-9.234620554268307,-78.44851087676236
2020-11-19,2020,11,3,0,0,0,DESPISTE,JUNIN,PE-22B,12,-11.4123051152993,-75.80794008465871
2020-11-19,2020,11,3,0,0,1,DESPISTE,LIMA,PE-1S,71,-12.570198805780503,-76.69642422185582
2020-11-19,2020,11,3,0,0,1,CHOQUE,JUNIN,PE-3S,101,-11.905670120790454,-75.33221304157603
2020-11-19,2020,11,3,0,1,2,VOLCADURA,CAJAMARCA,PE-08,138,-7.285333818856897,-78.5193786817098
2020-11-19,2020,11,3,0,0,0,DESPISTE,CAJAMARCA,PE-08,150,-7.2667592084821155,-78.51166893474729
2020-11-19,2020,11,3,0,0,5,DESPISTE,ICA,PE-1S,245,-13.874892257635718,-76.1250427690796
2020-11-19,2020,11,3,0,0,2,DESPISTE,CUSCO,PE-28B,338,-12.635402956882162,-73.01753494634369
2020-11-19,2020,11,3,0,0,2,CHOQUE,ANCASH,PE-1N,376,-9.471606508238448,-78.31074573841643
2020-11-20,2020,11,4,0,0,0,DESPISTE,PIURA,PE-1N,9,-12.04018805507735,-77.0353161948451
2020-11-20,2020,11,4,0,0,2,DESPISTE,UCAYALI,PE-18C,28,-8.635860593001079,-74.94661968966271
2020-11-20,2020,11,4,0,0,0,CHOQUE,LAMBAYEQUE,PE-1N,39,-11.81153439569187,-77.13042173959337
2020-11-20,2020,11,4,0,0,0,VOLCADURA,MOQUEGUA,PE-36A,41,-17.054359407270084,-70.86470681058825
2020-11-20,2020,11,4,0,1,2,DESPISTE,LA LIBERTAD,PE-10B,80,-7.521849201089608,-77.7309822062237
2020-11-20,2020,11,4,0,0,3,DESPISTE,CUSCO,PE-28B,98,-12.814558355514176,-73.99676645973649
2020-11-20,2020,11,4,0,0,0,ATROPELLO,ANCASH,PE-3N,578,-9.546680062118323,-77.53541082738731
2020-11-20,2020,11,4,0,0,1,CHOQUE,LA LIBERTAD,PE-1N,706,-7.22336537648383,-79.43957561673264
2020-11-20,2020,11,4,0,0,1,DESPISTE,AREQUIPA,PE-1S,949,-16.471076249526888,-71.91964289600334
2020-11-20,2020,11,4,0,0,1,CHOQUE,PIURA,PE-1N,N.I.,-8.930614221999917,-78.63504476299994
2020-11-21,2020,11,5,0,0,2,DESPISTE,MOQUEGUA,PE-36A,16,-17.161907869616932,-70.87194071390094
2020-11-21,2020,11,5,0,0,0,DESPISTE,CUSCO,PE-28B,177,-12.606690790687368,-73.76834241109535
2020-11-21,2020,11,5,0,0,1,DESPISTE,PUNO,PE-34B,205,-13.923933644818447,-70.50087660543299
2020-11-21,2020,11,5,0,0,1,CHOQUE,PIURA,PE-1N,943,-5.63124372344421,-80.57755560607377
2020-11-22,2020,11,6,0,0,0,DESPISTE,PUNO,PE-34K,3,-14.328693438784017,-70.2165687223918
2020-11-22,2020,11,6,0,0,1,ATROPELLO,CAJAMARCA,PE-5N,7,-10.91481897962098,-75.28636583995102
2020-11-22,2020,11,6,0,0,2,CHOQUE,JUNIN,PE-3S,30,-11.689773911327778,-75.76956519914653
2020-11-22,2020,11,6,0,0,2,CHOQUE,CAJAMARCA,PE-06A,40,-6.733847757301232,-79.55083183736427
2020-11-22,2020,11,6,0,0,2,CHOQUE,LIMA,PE-1N,44,-11.777083903231906,-77.15962972973583
2020-11-22,2020,11,6,0,0,2,CHOQUE,LIMA,PE-1S,77,-12.605222066120604,-76.66434305860507
2020-11-22,2020,11,6,0,0,0,VOLCADURA,LIMA,PE-1N,81,-11.571969039919331,-77.26346688953588
2020-11-22,2020,11,6,0,0,2,DESPISTE,ICA,PE-1S,189,-13.41075453065729,-76.1620130739239
2020-11-22,2020,11,6,0,0,1,DESPISTE,PUNO,PE-30A,273,-14.556587731321716,-73.47413708803764
2020-11-22,2020,11,6,0,0,2,CHOQUE,PUNO,PE-30A,346,-14.279202396335553,-73.27334230272415
2020-11-22,2020,11,6,0,0,3,CHOQUE,AREQUIPA,PE-1S,853,-16.586053736844253,-72.62819922366491
2020-11-23,2020,11,0,0,0,0,CHOQUE,LIMA,PE-20,24,-11.996839501999943,-77.12620734199993
2020-11-23,2020,11,0,0,0,4,CHOQUE,LIMA,PE-1S,69,-12.558117854102646,-76.70992501945862
2020-11-23,2020,11,0,0,0,1,DESPISTE,ANCASH,PE-3N,122,-10.696655676234094,-76.2320596840977
2020-11-23,2020,11,0,0,0,1,DESPISTE,AREQUIPA,PE-34A,139,-15.974915479112482,-71.24783513511893
2020-11-23,2020,11,0,0,1,0,DESPISTE,PUNO,PE-34A,208,-15.695074093525186,-70.82061890544735
2020-11-23,2020,11,0,0,0,0,CHOQUE,LIMA,PE-1N,218,-10.601543724012462,-77.87106821361006
2020-11-23,2020,11,0,0,0,1,DESPISTE,PUNO,PE-30A,321,-14.415372967166835,-73.20385785141609
2020-11-23,2020,11,0,0,0,2,CHOQUE,ICA,PE-1S,346,-14.415325879218212,-75.54087078380991
2020-11-23,2020,11,0,0,0,4,DESPISTE,PUNO,PE-1S,948,-16.46657068222686,-71.92730620901166
2020-11-24,2020,11,1,0,0,1,DESPISTE,CUSCO,PE-34F,8,-14.735190850275147,-71.34316753664393
2020-11-24,2020,11,1,0,0,2,CHOQUE,LIMA,PE-1S,84,-12.664674078988307,-76.6582442876618
2020-11-24,2020,11,1,0,0,2,DESPISTE,LIMA,PE-1N,144,-11.155514682837378,-77.59432816814247
2020-11-24,2020,11,1,0,0,1,CHOQUE,ANCASH,PE-1N,258,-10.333704325154397,-78.04740831744267
2020-11-24,2020,11,1,0,0,3,CHOQUE,MADRE DE DIOS,PE-30C,410,-12.654291199502014,-69.3049976961437
2020-11-24,2020,11,1,0,0,1,DESPISTE,ANCASH,PE-3N,584,-9.49414500722698,-77.53582359631622
2020-11-24,2020,11,1,0,0,4,DESPISTE,AREQUIPA,PE-1S,948,-16.46657068222686,-71.92730620901166
2020-11-25,2020,11,2,0,0,1,N.I.,PIURA,PE-1N,15,-11.99990349502144,-77.06246176966826
2020-11-25,2020,11,2,0,0,0,DESPISTE,PIURA,PE-1N,15,-11.99990349502144,-77.06246176966826
2020-11-25,2020,11,2,0,0,0,DESPISTE,LIMA,PE-1S,31,-12.280991225376972,-76.88222016434416
2020-11-25,2020,11,2,0,0,0,DESPISTE,JUNIN,PE-3N,37,-11.28334545072958,-75.92079551326114
2020-11-25,2020,11,2,0,0,2,DESPISTE,PIURA,PE-1N,47,-11.753335009070232,-77.14879196867817
2020-11-25,2020,11,2,0,0,1,DESPISTE,AYACUCHO,PE-28B,121,-12.740975197230751,-73.97197464601824
2020-11-25,2020,11,2,0,0,3,CHOQUE,LIMA,PE-1N,175,-10.909489900337046,-77.66518995142486
2020-11-25,2020,11,2,0,0,2,VOLCADURA,PUNO,PE-3S,195,-12.513093663298251,-74.96455785279849
2020-11-25,2020,11,2,0,0,1,DESPISTE,AYACUCHO,PE-28A,313,-13.231889604183896,-74.29151341644457
2020-11-25,2020,11,2,0,0,0,DESPISTE,AREQUIPA,PE-1S,609,-15.835614719905324,-74.28651583210313
2020-11-25,2020,11,2,0,0,3,CHOQUE,LIMA,PE-1N,N.I.,-8.930614221999917,-78.63504476299994
2020-11-26,2020,11,3,0,0,1,DESPISTE,JUNIN,PE-22,16,-12.007587262482158,-76.85629405964173
2020-11-26,2020,11,3,0,0,1,CHOQUE,TACNA,PE-1SD,20,-16.693928416005043,-72.48297731281941
2020-11-26,2020,11,3,0,0,0,DESPISTE,JUNIN,PE-22,78,-11.836472512317764,-76.37600339735839
2020-11-26,2020,11,3,0,0,0,CHOQUE,ICA,PE-1S,183,-13.389281095080594,-76.20101489842929
2020-11-27,2020,11,4,0,0,0,CHOQUE,AMAZONAS,PE-5N,5,-10.926699476833056,-75.28036326294095
2020-11-27,2020,11,4,0,0,0,CHOQUE,LIMA,PE-22,71,-11.8681462217307,-76.42577978838335
2020-11-27,2020,11,4,0,0,0,DESPISTE,JUNIN,PE-3N,98,-10.84778388805375,-76.16486390757093
2020-11-27,2020,11,4,0,0,0,CHOQUE,ICA,PE-1S,183,-13.389281095080594,-76.20101489842929
2020-11-27,2020,11,4,0,0,2,DESPISTE,HUANUCO,PE-5N,452,-9.173043065442531,-75.79346393714873
2020-11-27,2020,11,4,0,0,0,DESPISTE,AREQUIPA,PE-1S,637,-15.934295637123752,-74.09088584211813
2020-11-27,2020,11,4,0,0,0,CHOQUE,AREQUIPA,PE-1S,925,-16.389237651470626,-72.10323008118732
2020-11-28,2020,11,5,0,0,4,CHOQUE,LIMA,PE-22,3,-12.025200402311825,-76.96587696840163
2020-11-28,2020,11,5,0,0,0,CHOQUE,HUANUCO,PE-18A,106,-9.44005497415777,-75.96659862682719
2020-11-28,2020,11,5,0,0,0,CHOQUE,MADRE DE DIOS,PE-30C,259,-13.090769096107314,-70.36377087101894
2020-11-28,2020,11,5,0,1,5,DESPISTE,ICA,PE-1S,484,-15.148310374364575,-74.9777932175639
2020-11-29,2020,11,6,0,0,1,DESPISTE,ICA,PE-30A,60,-14.76615122411262,-74.61879194092263
2020-11-29,2020,11,6,0,0,1,DESPISTE,LIMA,PE-22,76,-11.847607329487987,-76.38924509223335
2020-11-29,2020,11,6,0,0,0,DESPISTE,ANCASH,PE-3N,160,-10.49056525467219,-76.18615811417452
2020-11-29,2020,11,6,0,0,2,CHOQUE,ANCASH,PE-1N,308,-9.951471677826838,-78.2115689302116
2020-11-29,2020,11,6,0,0,0,DESPISTE,ICA,PE-1S,423,-14.715954984230008,-75.09158291576988
2020-11-29,2020,11,6,0,0,0,CHOQUE,ICA,PE-1S,441,-14.821352821844936,-74.9667754239113
2020-11-29,2020,11,6,0,1,0,DESPISTE,AREQUIPA,PE-1S,603,-15.814402711349496,-74.31709692140151
2020-11-29,2020,11,6,0,0,4,DESPISTE,APURIMAC,PE-3S,715,-13.640559408259216,-73.09429232009592
2020-11-29,2020,11,6,0,0,1,DESPISTE,AREQUIPA,PE-1S,924,-16.385454455152747,-72.11172334931726
2020-11-30,2020,11,0,0,0,1,ATROPELLO,LIMA,PE-1NA,11,-11.698685641148431,-77.19325093592069
2020-11-30,2020,11,0,0,0,1,DESPISTE,MOQUEGUA,PE-36A,25,-17.108181800719837,-70.84448012901088
2020-11-30,2020,11,0,0,0,2,DESPISTE,UCAYALI,PE-18C,27,-8.64237223338931,-74.95287360968928
2020-11-30,2020,11,0,0,1,0,DESPISTE,LIMA,PE-20A,39,-11.6913354475904,-76.9276889272406
2020-11-30,2020,11,0,0,0,2,CHOQUE,LA LIBERTAD,PE-1N,59,-11.692192514020103,-77.18065694885097
2020-11-30,2020,11,0,0,0,0,DESPISTE,LIMA,PE-22,82,-11.8105007855227,-76.35303580366866
2020-11-30,2020,11,0,0,0,0,CHOQUE,LIMA,PE-22,87,-11.78573755939325,-76.33445596411033
2020-11-30,2020,11,0,0,0,1,CHOQUE,HUANUCO,PE-5N,460,-9.198904929570569,-75.82541110378008
2020-11-30,2020,11,0,0,0,1,DESPISTE,AREQUIPA,PE-1S,582,-15.74855910307254,-74.44295943593212
2020-11-30,2020,11,0,0,0,1,CHOQUE,CUSCO,PE-3S,900,-13.457402410319084,-72.41182537038483
2020-12-01,2020,12,1,0,0,3,CHOQUE,LIMA,PE-22,110,-11.685662543184964,-76.26051752939492
2020-12-01,2020,12,1,0,0,0,CHOQUE,ANCASH,PE-14,124,-9.546783654931168,-77.5805858096299
2020-12-01,2020,12,1,0,0,0,DESPISTE,AREQUIPA,PE-1S,609,-15.835614719905324,-74.28651583210313
2020-12-01,2020,12,1,0,0,0,DESPISTE,AREQUIPA,PE-1S,787,-16.476588161589746,-73.04575629178693
2020-12-02,2020,12,2,0,0,1,CHOQUE,AMAZONAS,PE-08B,35,-7.087249953819236,-78.33802116436944
2020-12-02,2020,12,2,0,1,0,ATROPELLO,LAMBAYEQUE,PE-1N,45,-11.76805645197359,-77.15871594110817
2020-12-02,2020,12,2,0,0,2,CHOQUE,AREQUIPA,PE-34A,53,-16.29736151775616,-71.64496526803876
2020-12-02,2020,12,2,0,0,0,CHOQUE,LIMA,PE-22,82,-11.8105007855227,-76.35303580366866
2020-12-02,2020,12,2,0,0,0,CHOQUE,AREQUIPA,PE-34A,112,-16.057581149468973,-71.41436337936274
2020-12-02,2020,12,2,0,0,0,DESPISTE,AREQUIPA,PE-34A,116,-16.07563026641676,-71.3870705151422
2020-12-02,2020,12,2,0,0,1,CHOQUE,AREQUIPA,PE-1S,760,-16.411359303624945,-73.19074291867989
2020-12-03,2020,12,3,0,0,1,DESPISTE,JUNIN,PE-3N,16,-11.427203880905031,-75.92367167749157
2020-12-03,2020,12,3,0,0,2,DESPISTE,PUNO,PE-34B,57,-14.852245609769833,-70.22587262343735
2020-12-03,2020,12,3,0,0,1,CHOQUE,PUNO,PE-34B,101,-14.582054242428018,-70.32037711329896
2020-12-03,2020,12,3,0,0,0,DESPISTE,AREQUIPA,PE-34A,161,-15.86057073070664,-71.12516170622544
2020-12-03,2020,12,3,0,0,0,DESPISTE,CUSCO,PE-28B,177,-12.606690790687368,-73.76834241109535
2020-12-03,2020,12,3,0,1,0,DESPISTE,AYACUCHO,PE-3S,275,-12.687286562222337,-74.58761565327927
2020-12-04,2020,12,4,0,0,0,ESPECIAL,LIMA,PE-1N,10,-12.03649302662419,-77.04350242791477
2020-12-04,2020,12,4,0,0,0,CHOQUE,LIMA,PE-1S,26,-12.2566529380886,-76.92095498352138
2020-12-04,2020,12,4,0,0,3,DESPISTE,AREQUIPA,PE-34A,134,-16.003616353971104,-71.2687063539711
2020-12-04,2020,12,4,0,0,0,DESPISTE,AYACUCHO,PE-3S,309,-12.81453180122385,-74.38452017163675
2020-12-04,2020,12,4,0,0,0,DESPISTE,ANCASH,PE-1N,339,-9.743292883306507,-78.24983650562633
2020-12-04,2020,12,4,0,0,1,CHOQUE,ANCASH,PE-1N,386,-9.40883682085632,-78.37205673906638
2020-12-04,2020,12,4,0,0,0,DESPISTE,HUANUCO,PE-5N,472,-9.193763683927877,-75.87815235322105
2020-12-04,2020,12,4,0,0,1,CHOQUE,AREQUIPA,PE-1S,980,-16.62062164344671,-71.86911060534639
2020-12-04,2020,12,4,0,0,0,DESPISTE,PIURA,PE-1N,1015,-5.044694671113295,-80.70200802772854
2020-12-04,2020,12,4,0,0,1,CHOQUE,PIURA,PE-1N,1039,-4.856244146915458,-80.74478920138387
2020-12-05,2020,12,5,0,0,2,CHOQUE,LIMA,PE-1S,21,-12.233941721727907,-76.96055560500984
2020-12-05,2020,12,5,0,0,2,ATROPELLO,LIMA,PE-1NE,28,-11.11224469431654,-77.34168509326452
2020-12-05,2020,12,5,0,1,1,CHOQUE,LIMA,PE-1S,29,-12.271264375020683,-76.89771906411094
2020-12-05,2020,12,5,0,0,4,CHOQUE,LIMA,PE-20A,42,-11.67986654073898,-76.90250181154211
2020-12-05,2020,12,5,0,0,0,CHOQUE,LIMA,PE-1N,77,-11.602077442374776,-77.24610941541458
2020-12-05,2020,12,5,0,0,0,DESPISTE,JUNIN,PE-3N,112,-10.764859883804805,-76.25357292441564
2020-12-05,2020,12,5,0,0,0,CHOQUE,JUNIN,PE-3N,114,-10.74850464065561,-76.2608309122341
2020-12-05,2020,12,5,0,0,0,DESPISTE,LIMA,PE-1N,199,-10.72197831263506,-77.76328729525757
2020-12-05,2020,12,5,0,1,0,CHOQUE,ICA,PE-1S,269,-13.931493928579354,-75.91679042915996
2020-12-05,2020,12,5,0,0,0,CHOQUE,HUANUCO,PE-5N,594,-8.43998430889465,-76.32811846017549
2020-12-05,2020,12,5,0,0,0,DESPISTE,AREQUIPA,PE-1S,728,-16.298904672283527,-73.40348991437578
2020-12-05,2020,12,5,0,0,0,DESPISTE,AREQUIPA,PE-1S,871,-16.53216324523395,-72.49229075118794
2020-12-06,2020,12,6,0,0,2,CHOQUE,PIURA,PE-3N,5,-11.499670865051586,-75.94005565962021
2020-12-06,2020,12,6,0,0,1,CHOQUE,LIMA,PE-1N,18,-11.973388404368109,-77.06659650425499
2020-12-06,2020,12,6,0,0,3,CHOQUE,LA LIBERTAD,PE-10A,22,-8.057734863289232,-78.85435913140412
2020-12-06,2020,12,6,0,0,0,DESPISTE,CAJAMARCA,PE-06B,27,-6.667491720898295,-79.05984652978182
2020-12-06,2020,12,6,0,0,1,CHOQUE,JUNIN,PE-5S,53,-10.89279587595599,-74.91700700521149
2020-12-06,2020,12,6,0,0,0,CHOQUE,LIMA,PE-1N,81,-11.571969039919331,-77.26346688953588
2020-12-06,2020,12,6,0,0,2,DESPISTE,JUNIN,PE-22B,115,-10.996064270442895,-75.314399377651
2020-12-06,2020,12,6,0,0,2,CHOQUE,LIMA,PE-1N,147,-11.12901117080136,-77.59467110718857
2020-12-06,2020,12,6,0,1,0,ATROPELLO,LIMA,PE-1N,189,-10.831733519592223,-77.69900243810184
2020-12-06,2020,12,6,0,0,1,CHOQUE,ICA,PE-1S,224,-13.69740138175931,-76.15285818896685
2020-12-06,2020,12,6,0,0,1,DESPISTE,CUSCO,PE-28B,253,-12.795912740142937,-73.43940294515572
2020-12-06,2020,12,6,0,2,2,CHOQUE,ANCASH,PE-1N,441,-9.010447771592755,-78.6187525705343
2020-12-06,2020,12,6,0,1,1,CHOQUE,ICA,PE-1S,482,-15.131681024918676,-74.98512387092298
2020-12-06,2020,12,6,0,0,5,CHOQUE,MOQUEGUA,PE-1S,1147,-17.287254980296343,-70.98509298499943
2020-12-06,2020,12,6,0,0,0,CHOQUE,TACNA,PE-1S,1147,-17.287254980296343,-70.98509298499943
2020-12-07,2020,12,0,0,0,2,CHOQUE,LIMA,PE-1N,6,-12.03545225132201,-77.0108682967523
2020-12-07,2020,12,0,0,0,1,CHOQUE,LIMA,PE-1N,41,-11.797283330437022,-77.14182554608263
2020-12-07,2020,12,0,0,0,0,DESPISTE,TACNA,PE-22B,57,-11.319607145277118,-75.55268746940435
2020-12-07,2020,12,0,0,0,1,CHOQUE,LIMA,PE-1N,70,-11.608566565769252,-77.19744637726484
2020-12-07,2020,12,0,0,0,1,ATROPELLO,JUNIN,PE-3S,70,-11.80160976129247,-75.52068949084126
2020-12-07,2020,12,0,0,0,1,CHOQUE,LIMA,PE-1N,77,-11.602077442374776,-77.24610941541458
2020-12-07,2020,12,0,0,0,1,DESPISTE,LIMA,PE-1N,107,-11.399589968224175,-77.39165743088752
2020-12-07,2020,12,0,0,0,0,CHOQUE,CUSCO,PE-28B,115,-12.761576429142435,-73.99099838749504
2020-12-07,2020,12,0,0,0,0,VOLCADURA,JUNIN,PE-3S,128,-12.096576088279598,-75.21500608385769
2020-12-07,2020,12,0,0,0,0,DESPISTE,JUNIN,PE-3N,152,-10.555424059627402,-76.19215011599994
2020-12-07,2020,12,0,0,0,1,CHOQUE,ICA,PE-1S,222,-13.680600273229356,-76.1593868913839
2020-12-07,2020,12,0,0,0,2,DESPISTE,ICA,PE-1S,223,-13.688996272130044,-76.15742611440658
2020-12-07,2020,12,0,0,0,0,DESPISTE,ICA,PE-1S,223,-13.688996272130044,-76.15742611440658
2020-12-07,2020,12,0,0,0,0,DESPISTE,ICA,PE-1S,223,-13.688996272130044,-76.15742611440658
2020-12-07,2020,12,0,0,0,1,CHOQUE,AREQUIPA,PE-1S,902,-16.414877375664208,-72.24116631900135
2020-12-07,2020,12,0,0,0,1,CHOQUE,CUSCO,PE-3S,908,-13.443417011665684,-72.40243594651892
2020-12-07,2020,12,0,0,0,1,ATROPELLO,CUSCO,PE-3S,N.I.,-15.04301470699994,-70.36600238199992
2020-12-08,2020,12,1,0,0,4,CHOQUE,CUSCO,PE-34G,9,-14.476443393977537,-71.29587941892068
2020-12-08,2020,12,1,0,0,0,ESPECIAL,LIMA,PE-1N,16,-11.990980640651676,-77.06385549826958
2020-12-08,2020,12,1,0,0,0,VOLCADURA,HUANUCO,PE-18B,41,-9.902053959128118,-75.99505238807564
2020-12-08,2020,12,1,0,0,1,CHOQUE,LIMA,PE-1N,97,-11.45304438043922,-77.33160444977595
2020-12-08,2020,12,1,0,0,0,DESPISTE,JUNIN,PE-22,139,-11.59410736443798,-76.1417273617344
2020-12-09,2020,12,2,0,1,0,CHOQUE,LIMA,PE-1N,12,-12.027428265394631,-77.05814792771876
2020-12-09,2020,12,2,0,0,4,CHOQUE,LAMBAYEQUE,PE-1N,19,-11.964563914140376,-77.06800792204004
2020-12-09,2020,12,2,0,1,0,ATROPELLO,LIMA,PE-1S,132,-13.033356717515588,-76.47248465624018
2020-12-09,2020,12,2,0,0,0,ESPECIAL,LIMA,PE-1S,139,-13.084073050921855,-76.43692930570488
2020-12-09,2020,12,2,0,1,0,ATROPELLO,ANCASH,PE-1N,441,-9.010447771592755,-78.6187525705343
2020-12-09,2020,12,2,0,0,1,CHOQUE,SAN MARTIN,PE-5N,745,-7.6072306621124595,-76.6809136028225
2020-12-09,2020,12,2,0,0,1,CHOQUE,TACNA,PE-1S,1105,-17.26164869209071,-71.20781415466341
2020-12-10,2020,12,3,0,0,1,DESPISTE,UCAYALI,PE-5N,17,-10.847871978857354,-75.28609595225333
2020-12-10,2020,12,3,0,0,0,DESPISTE,AREQUIPA,PE-1SD,19,-16.689693214018583,-72.49117314130694
2020-12-10,2020,12,3,0,0,4,CHOQUE,LIMA,PE-1N,30,-11.868106363419448,-77.07212316874457
2020-12-10,2020,12,3,0,0,2,DESPISTE,LAMBAYEQUE,PE-1N,80,-11.580768556486747,-77.26134269665921
2020-12-10,2020,12,3,0,0,1,CHOQUE,LIMA,PE-1N,83,-11.555918348742413,-77.26964221100262
2020-12-10,2020,12,3,0,0,0,DESPISTE,LIMA,PE-1S,97,-12.932281797664176,-76.4989866965431
2020-12-10,2020,12,3,0,0,0,CHOQUE,LAMBAYEQUE,PE-06A,109,-6.496990757846253,-79.14450678221846
2020-12-10,2020,12,3,0,0,0,DESPISTE,LIMA,PE-1N,210,-10.657580314918867,-77.83070746112368
2020-12-10,2020,12,3,0,0,1,CHOQUE,ANCASH,PE-1N,409,-9.225657650638832,-78.44929939224029
2020-12-10,2020,12,3,0,0,2,ATROPELLO,ICA,PE-1S,461,-14.953953076976926,-74.98685684299669
2020-12-11,2020,12,4,0,0,4,CHOQUE,AMAZONAS,PE-5N,7,-10.91481897962098,-75.28636583995102
2020-12-11,2020,12,4,0,0,0,CHOQUE,LIMA,PE-1N,75,-11.613182867318375,-77.23179150617773
2020-12-11,2020,12,4,0,0,0,DESPISTE,LIMA,PE-22,87,-11.78573755939325,-76.33445596411033
2020-12-11,2020,12,4,0,1,1,CHOQUE,AREQUIPA,PE-34A,124,-16.0460542491689,-71.325716288481
2020-12-11,2020,12,4,0,0,2,CHOQUE,ICA,PE-1S,247,-13.884517650077717,-76.11003824514367
2020-12-11,2020,12,4,0,1,2,CHOQUE,LA LIBERTAD,PE-10A,N.I.,-7.928761067999915,-78.58226150299993
2020-12-12,2020,12,5,0,0,0,CHOQUE,JUNIN,PE-3S,80,-11.787229142329624,-75.47595377501833
2020-12-12,2020,12,5,0,0,4,CHOQUE,LIMA,PE-1N,84,-11.55014767325089,-77.27645631319672
2020-12-12,2020,12,5,0,0,3,DESPISTE,LIMA,PE-1S,116,-12.762402122203678,-76.59937204571224
2020-12-13,2020,12,6,0,0,3,ATROPELLO,LAMBAYEQUE,PE-06A,63,-6.635768836313318,-79.41156691878126
2020-12-13,2020,12,6,0,0,1,DESPISTE,JUNIN,PE-3S,79,-11.793629062036974,-75.48212224072392
2020-12-13,2020,12,6,0,0,0,DESPISTE,LIMA,PE-22,110,-11.685662543184964,-76.26051752939492
2020-12-14,2020,12,0,0,0,0,CHOQUE,LIMA,PE-1S,6,-12.108955635494585,-76.97845600840584
2020-12-14,2020,12,0,0,1,1,DESPISTE,LIMA,PE-1S,29,-12.271264375020683,-76.89771906411094
2020-12-14,2020,12,0,0,0,1,DESPISTE,JUNIN,PE-22,31,-11.95550780468652,-76.73134147882728
2020-12-14,2020,12,0,0,1,1,DESPISTE,JUNIN,PE-22B,67,-11.261703136518245,-75.5517913739704
2020-12-14,2020,12,0,0,0,1,CHOQUE,HUANUCO,PE-18A,115,-9.363252946438193,-75.97936752170712
2020-12-14,2020,12,0,0,11,12,CHOQUE,PUNO,PE-34A,192,-15.760031112871992,-70.89186128530218
2020-12-14,2020,12,0,0,0,0,DESPISTE,MOQUEGUA,PE-1SD,205,-17.374350889802525,-71.40059483506421
2020-12-14,2020,12,0,0,0,2,DESPISTE,CUSCO,PE-28B,241,-12.798165378489095,-73.49471474016725
2020-12-14,2020,12,0,0,0,0,DESPISTE,APURIMAC,PE-30A,307,-14.501283533576975,-73.25949584035304
2020-12-14,2020,12,0,0,1,0,CHOQUE,LA LIBERTAD,PE-1N,696,-7.276623755521006,-79.4759643906095
2020-12-14,2020,12,0,0,0,2,CHOQUE,LAMBAYEQUE,PE-1N,697,-7.269183073080632,-79.48053580729521
2020-12-14,2020,12,0,0,0,1,CHOQUE,AREQUIPA,PE-1S,929,-16.404274749640866,-72.06921155336747
2020-12-15,2020,12,1,0,0,0,CHOQUE,LIMA,PE-1S,26,-12.2566529380886,-76.92095498352138
2020-12-15,2020,12,1,0,0,0,CHOQUE,AMAZONAS,PE-08B,43,-7.054609274248898,-78.31252142945954
2020-12-15,2020,12,1,0,0,0,CHOQUE,ANCASH,PE-16,117,-10.151549151453212,-77.31508234917384
2020-12-15,2020,12,1,0,0,0,VOLCADURA,JUNIN,PE-22,135,-11.59945645250592,-76.17882190241232
2020-12-15,2020,12,1,0,0,1,DESPISTE,ANCASH,PE-1N,292,-10.079413907454422,-78.1506975550275
2020-12-15,2020,12,1,0,0,1,DESPISTE,ANCASH,PE-1N,386,-9.40883682085632,-78.37205673906638
2020-12-16,2020,12,2,0,0,3,CHOQUE,HUANUCO,PE-18A,69,-9.644060609673629,-76.06599151421885
2020-12-16,2020,12,2,0,0,0,CHOQUE,LIMA,PE-22,111,-11.678630463904785,-76.25802822208564
2020-12-16,2020,12,2,0,0,0,DESPISTE,MOQUEGUA,PE-1SD,218,-17.456557302956934,-71.37370427679637
2020-12-16,2020,12,2,0,0,3,CHOQUE,SAN MARTIN,PE-5N,392,-8.990412868028422,-75.45303266091635
2020-12-16,2020,12,2,0,0,2,CHOQUE,SAN MARTIN,PE-5N,472,-9.193763683927877,-75.87815235322105
2020-12-17,2020,12,3,0,0,3,CHOQUE,JUNIN,PE-3S,108,-11.946779793246296,-75.29139522561728
2020-12-17,2020,12,3,0,1,1,CHOQUE,JUNIN,PE-22,136,-11.599908121029795,-76.16793860148483
2020-12-17,2020,12,3,0,0,0,DESPISTE,LIMA,PE-1N,185,-10.846124321356712,-77.69430229662987
2020-12-17,2020,12,3,0,0,2,ATROPELLO,ICA,PE-1S,220,-13.66589690075338,-76.1509436403729
2020-12-17,2020,12,3,0,0,0,CHOQUE,ICA,PE-1S,297,-14.068005239758444,-75.73973464504593
2020-12-17,2020,12,3,0,0,1,CHOQUE,SAN MARTIN,PE-5N,469,-9.202607657608969,-75.85823200709746
2020-12-17,2020,12,3,0,0,1,DESPISTE,HUANUCO,PE-5N,479,-9.186242543457448,-75.92910214064271
2020-12-18,2020,12,4,0,0,3,CHOQUE,AREQUIPA,PE-34A,3,-16.528220414474433,-71.75690230801524
2020-12-18,2020,12,4,0,1,1,CHOQUE,LIMA,PE-1S,9,-12.135465313922934,-76.97996279304951
2020-12-18,2020,12,4,0,0,3,CHOQUE,UCAYALI,PE-5N,26,-10.800887286389818,-75.30522640945928
2020-12-18,2020,12,4,0,0,0,DESPISTE,AREQUIPA,PE-34A,104,-16.075537507117026,-71.4828400189788
2020-12-18,2020,12,4,0,0,4,CHOQUE,JUNIN,PE-28A,160,-13.4828840569456,-75.11164903377977
2020-12-18,2020,12,4,0,0,0,DESPISTE,AYACUCHO,PE-28A,240,-13.36062427652569,-74.7137211349464
2020-12-18,2020,12,4,0,0,1,DESPISTE,ANCASH,PE-1N,256,-10.346092630894898,-78.03597738659838
2020-12-18,2020,12,4,0,0,4,CHOQUE,APURIMAC,PE-30A,347,-14.274186997980156,-73.28063490643567
2020-12-18,2020,12,4,0,0,2,CHOQUE,CUSCO,PE-3S,901,-13.451026344262942,-72.41157617976712
2020-12-19,2020,12,5,0,0,2,CHOQUE,AREQUIPA,PE-1S,16,-12.196626875601712,-76.97318968245784
2020-12-19,2020,12,5,0,0,0,CHOQUE,LIMA,PE-1N,83,-11.555918348742413,-77.26964221100262
2020-12-19,2020,12,5,0,0,1,VOLCADURA,LIMA,PE-1S,96,-12.923382832474228,-76.5002848851446
2020-12-19,2020,12,5,0,0,2,CHOQUE,ICA,PE-1S,308,-14.1547138947649,-75.71378755853344
2020-12-19,2020,12,5,0,0,0,CHOQUE,AYACUCHO,PE-3S,486,-13.387294109066351,-73.92736297678698
2020-12-19,2020,12,5,0,0,0,DESPISTE,SAN MARTIN,PE-5N,578,-8.573690758239064,-76.27647908219367
2020-12-19,2020,12,5,0,0,1,VOLCADURA,AREQUIPA,PE-1S,606,-15.825365678328994,-74.29841991056567
2020-12-19,2020,12,5,0,0,4,CHOQUE,AREQUIPA,PE-1S,788,-16.483825920111546,-73.04084183313608
2020-12-19,2020,12,5,0,0,0,CHOQUE,AREQUIPA,PE-1S,874,-16.5233831449802,-72.46569734224646
2020-12-19,2020,12,5,0,0,0,CHOQUE,AREQUIPA,PE-1S,920,-16.368287893216102,-72.13443973222661
2020-12-20,2020,12,6,0,0,2,ATROPELLO,LIMA,PE-1N,75,-11.613182867318375,-77.23179150617773
2020-12-20,2020,12,6,0,0,0,CHOQUE,LIMA,PE-1S,84,-12.664674078988307,-76.6582442876618
2020-12-20,2020,12,6,0,0,0,CHOQUE,AYACUCHO,PE-22,136,-11.599908121029795,-76.16793860148483
2020-12-20,2020,12,6,0,0,2,DESPISTE,LIMA,PE-1S,142,-13.10467346984372,-76.41897314818537
2020-12-20,2020,12,6,0,0,0,CHOQUE,PUNO,PE-34B,299,-13.43010701660491,-70.32755825086548
2020-12-20,2020,12,6,0,0,0,CHOQUE,ICA,PE-1S,307,-14.145849478872124,-75.71560157894099
2020-12-20,2020,12,6,0,0,1,CHOQUE,AYACUCHO,PE-3S,356,-13.008974821411917,-74.2101281348564
2020-12-20,2020,12,6,0,1,0,DESPISTE,MADRE DE DIOS,PE-30C,418,-12.620651317248509,-69.24768452651824
2020-12-21,2020,12,0,0,1,0,CHOQUE,JUNIN,PE-3N,1,-11.517927126735032,-75.91694947616219
2020-12-21,2020,12,0,0,0,1,CHOQUE,JUNIN,PE-22,12,-12.016078884934664,-76.8897278728389
2020-12-21,2020,12,0,0,0,1,CHOQUE,TACNA,PE-1SD,21,-16.690480797665096,-72.47542140824321
2020-12-21,2020,12,0,0,0,0,CHOQUE,CUSCO,PE-28B,113,-12.75852730784456,-73.99510623128782
2020-12-21,2020,12,0,0,0,0,CHOQUE,PUNO,PE-34B,251,-13.689449073038338,-70.46533668041721
2020-12-21,2020,12,0,0,0,0,DESPISTE,ANCASH,PE-1N,344,-9.709208055507482,-78.27510081942467
2020-12-21,2020,12,0,0,0,1,DESPISTE,MADRE DE DIOS,PE-30C,413,-12.64491938960231,-69.27801338335928
2020-12-21,2020,12,0,0,0,0,DESPISTE,LAMBAYEQUE,PE-1N,774,-6.8175434521541805,-79.82941503199993
2020-12-21,2020,12,0,0,0,2,CHOQUE,AREQUIPA,PE-1S,853,-16.586053736844253,-72.62819922366491
2020-12-21,2020,12,0,0,0,0,DESPISTE,PUNO,PE-3S,1241,-14.97332707418813,-70.46377944818626
2020-12-22,2020,12,1,0,0,1,CHOQUE,CAJAMARCA,PE-5N,5,-10.926699476833056,-75.28036326294095
2020-12-22,2020,12,1,0,0,1,CHOQUE,PUNO,PE-34H,13,-15.392367865594482,-70.06137739213676
2020-12-22,2020,12,1,0,0,1,DESPISTE,JUNIN,PE-22,33,-11.947109375926887,-76.71564525380411
2020-12-22,2020,12,1,0,0,1,DESPISTE,CAJAMARCA,PE-08,89,-7.224322689743297,-78.85873459621294
2020-12-22,2020,12,1,0,0,2,CHOQUE,LIMA,PE-1S,110,-12.82082894830656,-76.53619599490834
2020-12-22,2020,12,1,0,0,0,DESPISTE,AREQUIPA,PE-34A,123,-16.049435862163417,-71.33425748297597
2020-12-22,2020,12,1,0,0,0,CHOQUE,AREQUIPA,PE-34A,123,-16.049435862163417,-71.33425748297597
2020-12-22,2020,12,1,0,0,0,DESPISTE,PUNO,PE-34A,211,-15.681453950549283,-70.80053429748814
2020-12-22,2020,12,1,0,0,2,CHOQUE,LAMBAYEQUE,PE-1N,708,-7.210838278462596,-79.42741244725633
2020-12-23,2020,12,2,0,0,0,CHOQUE,AREQUIPA,PE-34A,3,-16.528220414474433,-71.75690230801524
2020-12-23,2020,12,2,0,0,0,CHOQUE,AREQUIPA,PE-34A,35,-16.40617718799335,-71.59305938388131
2020-12-23,2020,12,2,0,0,0,DESPISTE,PUNO,PE-34H,45,-15.248525555998516,-69.84895831935492
2020-12-23,2020,12,2,0,0,0,DESPISTE,LIMA,PE-1S,98,-12.940814856339191,-76.4963256343087
2020-12-23,2020,12,2,0,1,0,CHOQUE,SAN MARTIN,PE-5N,633,-8.21573718452501,-76.48358713018911
2020-12-23,2020,12,2,0,0,2,CHOQUE,CUSCO,PE-3S,1080,-14.085499853662132,-71.43846102723226
2020-12-24,2020,12,3,0,0,0,DESPISTE,JUNIN,PE-22,10,-12.014765915292111,-76.90390513720499
2020-12-24,2020,12,3,0,0,0,DESPISTE,PUNO,PE-36B,66,-16.42314720784809,-70.33131926529902
2020-12-24,2020,12,3,0,0,1,CHOQUE,LIMA,PE-22,111,-11.678630463904785,-76.25802822208564
2020-12-24,2020,12,3,0,0,1,DESPISTE,LIMA,PE-1S,140,-13.090939302944678,-76.43094339546897
2020-12-25,2020,12,4,0,0,3,CHOQUE,CUSCO,PE-34F,37,-14.550883440563677,-71.28897369301426
2020-12-25,2020,12,4,0,0,1,ATROPELLO,PUNO,PE-34H,67,-15.07733740019452,-69.81454630389779
2020-12-25,2020,12,4,0,0,2,CHOQUE,LIMA,PE-1N,120,-11.33333169809428,-77.46866491820339
2020-12-25,2020,12,4,0,0,2,CHOQUE,PUNO,PE-36A,301,-16.59820002699394,-69.08145898564521
2020-12-25,2020,12,4,0,0,0,CHOQUE,LAMBAYEQUE,PE-1N,844,-6.374611092211538,-80.2014480993048
2020-12-25,2020,12,4,0,0,0,CHOQUE,AREQUIPA,PE-1S,866,-16.542068249700286,-72.53754590392076
2020-12-26,2020,12,5,0,0,2,DESPISTE,JUNIN,PE-22,12,-12.016078884934664,-76.8897278728389
2020-12-26,2020,12,5,0,0,2,DESPISTE,AYACUCHO,PE-28A,242,-13.359688553654594,-74.697516860707
2020-12-26,2020,12,5,0,0,0,DESPISTE,AYACUCHO,PE-28A,315,-13.223710835386042,-74.27811700376245
2020-12-27,2020,12,6,0,0,1,CHOQUE,PIURA,PE-1N,3,-12.036785672029502,-76.98870889454524
2020-12-27,2020,12,6,0,0,2,CHOQUE,AREQUIPA,PE-34A,3,-16.528220414474433,-71.75690230801524
2020-12-27,2020,12,6,0,0,1,DESPISTE,SAN MARTIN,PE-5NB,30,-6.422452468036435,-76.2889725870835
2020-12-27,2020,12,6,0,0,0,DESPISTE,ANCASH,PE-3N,70,-11.015584208241725,-76.00767690421759
2020-12-27,2020,12,6,0,0,2,DESPISTE,LIMA,PE-1N,71,-11.601556693489234,-77.19738741441675
2020-12-27,2020,12,6,0,0,0,CHOQUE,LIMA,PE-22,85,-11.797678584749768,-76.33832511331053
2020-12-27,2020,12,6,0,0,0,DESPISTE,TACNA,PE-36A,127,-16.883648019654206,-70.43163455778105
2020-12-27,2020,12,6,0,0,1,CHOQUE,LIMA,PE-22,130,-11.606218334641854,-76.19768237746943
2020-12-27,2020,12,6,0,0,1,CHOQUE,HUANUCO,PE-22,130,-11.606218334641854,-76.19768237746943
2020-12-27,2020,12,6,0,0,0,DESPISTE,LIMA,PE-1N,215,-10.627010220428128,-77.86229435880638
2020-12-28,2020,12,0,0,1,3,DESPISTE,PIURA,PE-5N,41,-10.733377902461903,-75.26545126281104
2020-12-28,2020,12,0,0,0,2,DESPISTE,JUNIN,PE-3NA,62,-8.617724475238077,-77.98079525277221
2020-12-28,2020,12,0,0,2,15,DESPISTE,PUNO,PE-34H,68,-15.069631440214062,-69.80987878736076
2020-12-28,2020,12,0,0,0,0,DESPISTE,JUNIN,PE-22,76,-11.847607329487987,-76.38924509223335
2020-12-28,2020,12,0,0,0,1,CHOQUE,LIMA,PE-1N,77,-11.602077442374776,-77.24610941541458
2020-12-28,2020,12,0,0,0,1,CHOQUE,LIMA,PE-1S,126,-12.69908931679153,-76.64136256995023
2020-12-28,2020,12,0,0,0,0,CHOQUE,AREQUIPA,PE-34A,158,-15.876313756886848,-71.14759094840421
2020-12-28,2020,12,0,0,0,2,CHOQUE,AREQUIPA,PE-34A,172,-15.797243296297989,-71.04812792387011
2020-12-28,2020,12,0,0,0,3,CHOQUE,TUMBES,PE-1N,222,-10.56642337674484,-77.87354655980101
2020-12-28,2020,12,0,0,0,3,CHOQUE,ICA,PE-1S,432,-14.775453947437097,-75.03456443685245
2020-12-28,2020,12,0,0,0,5,CHOQUE,TACNA,PE-1S,1167,-17.43062063300712,-71.04812623724327
2020-12-29,2020,12,1,0,0,2,CHOQUE,UCAYALI,PE-5N,15,-10.858242373840824,-75.27300820161662
2020-12-29,2020,12,1,0,0,2,CHOQUE,LAMBAYEQUE,PE-5N,44,-10.733943816690354,-75.26016892668453
2020-12-29,2020,12,1,0,0,0,CHOQUE,PIURA,PE-1N,65,-11.646589513709811,-77.20281127593022
2020-12-29,2020,12,1,0,0,0,VOLCADURA,AREQUIPA,PE-34A,172,-15.797243296297989,-71.04812792387011
2020-12-29,2020,12,1,0,0,0,DESPISTE,PUNO,PE-34A,241,-15.688123573318162,-70.58116609315945
2020-12-29,2020,12,1,0,0,0,DESPISTE,MADRE DE DIOS,PE-30C,412,-12.648049598266256,-69.28700596106407
2020-12-29,2020,12,1,0,0,2,DESPISTE,SAN MARTIN,PE-5N,515,-8.980096092373813,-76.08614564217095
2020-12-29,2020,12,1,0,0,4,DESPISTE,AREQUIPA,PE-1S,868,-16.538552178082952,-72.51945285729208
2020-12-29,2020,12,1,0,0,2,CHOQUE,AREQUIPA,PE-1S,953,-16.482850876228902,-71.88891831664078
2020-12-30,2020,12,2,0,0,0,DESPISTE,CUSCO,PE-34G,2,-14.514038101157292,-71.29828156253564
2020-12-30,2020,12,2,0,0,1,ESPECIAL,JUNIN,PE-22B,68,-11.25481067817423,-75.54951187301182
2020-12-30,2020,12,2,0,0,1,CHOQUE,CUSCO,PE-28B,93,-12.826592193963084,-74.00913294879939
2020-12-30,2020,12,2,0,0,2,CHOQUE,JUNIN,PE-3S,100,-11.898557263721749,-75.3378899496573
2020-12-30,2020,12,2,0,2,1,ATROPELLO,LIMA,PE-1S,110,-12.82082894830656,-76.53619599490834
2020-12-30,2020,12,2,0,0,8,CHOQUE,APURIMAC,PE-3S,814,-13.582515813886337,-72.8184410369015
2020-12-30,2020,12,2,0,0,0,CHOQUE,AREQUIPA,PE-1S,964,-16.518790470420797,-71.79828806643745
2020-12-30,2020,12,2,0,0,5,CHOQUE,AREQUIPA,PE-1S,973,-16.569680778086596,-71.83041879254921
2020-12-30,2020,12,2,0,0,0,CHOQUE,TACNA,PE-1S,1148,-17.295758568142848,-70.98680565938272
2020-12-31,2020,12,3,0,0,0,CHOQUE,LIMA,PE-1N,48,-11.746533717388017,-77.1427832539304
2020-12-31,2020,12,3,0,0,1,DESPISTE,SAN MARTIN,PE-5N,462,-9.211686872413043,-75.82648518633553
2020-12-31,2020,12,3,0,0,4,CHOQUE,AREQUIPA,PE-1S,959,-16.495487334472188,-71.838480160404
2020-12-31,2020,12,3,0,0,1,DESPISTE,PIURA,PE-1N,1142,-4.298888743661437,-81.17446289513505
2021-01-01,2021,1,4,0,0,1,DESPISTE,CAJAMARCA,PE-3N,9,-11.47313169358694,-75.95978591454887
2021-01-01,2021,1,4,0,0,1,DESPISTE,TACNA,PE-1SD,9,-16.670102191012404,-72.56288839283012
2021-01-01,2021,1,4,0,0,0,DESPISTE,LIMA,PE-1S,20,-12.229112605266383,-76.96824697333902
2021-01-02,2021,1,5,0,0,1,CHOQUE,LIMA,PE-1NE,44,-11.139566526999944,-77.24378224599991
2021-01-02,2021,1,5,0,0,2,DESPISTE,CAJAMARCA,PE-08,83,-7.222468465646441,-78.90767418220398
2021-01-02,2021,1,5,0,1,3,CHOQUE,JUNIN,PE-22,147,-11.59448412325631,-76.08461572029773
2021-01-02,2021,1,5,0,0,5,DESPISTE,ICA,PE-1S,470,-15.029194832610182,-75.0072911984538
2021-01-02,2021,1,5,0,0,4,CHOQUE,LAMBAYEQUE,PE-1N,862,-6.2747539780164265,-80.32324627051582
2021-01-03,2021,1,6,0,0,1,DESPISTE,LIMA,PE-1S,21,-12.233941721727907,-76.96055560500984
2021-01-03,2021,1,6,0,0,1,DESPISTE,LIMA,PE-20A,31,-11.73940157415054,-76.96812708194939
2021-01-03,2021,1,6,0,0,4,DESPISTE,CUSCO,PE-28B,96,-12.815149588893558,-73.99997571328849
2021-01-03,2021,1,6,0,0,1,DESPISTE,LIMA,PE-1N,126,-11.289213183828368,-77.50059226951073
2021-01-03,2021,1,6,0,0,1,DESPISTE,CAJAMARCA,PE-08B,147,-6.858979766296947,-78.04228069838489
2021-01-03,2021,1,6,0,0,0,DESPISTE,AREQUIPA,PE-34A,160,-15.86650962371554,-71.13211339794492
2021-01-03,2021,1,6,0,0,0,DESPISTE,ICA,PE-1S,199,-13.48239984615401,-76.13863094744637
2021-01-04,2021,1,0,0,0,5,CHOQUE,ANCASH,PE-14,0,-9.485014648999936,-78.27344262699995
2021-01-04,2021,1,0,0,1,2,CHOQUE,AREQUIPA,PE-34,2,-16.639081934845887,-71.88225497315618
2021-01-04,2021,1,0,0,0,2,CHOQUE,CAJAMARCA,PE-5N,2,-10.95022721334296,-75.29050080578948
2021-01-04,2021,1,0,0,0,1,CHOQUE,PIURA,PE-1N,7,-12.040980189582212,-77.01812115130421
2021-01-04,2021,1,0,0,1,0,ESPECIAL,CUSCO,PE-28G,9,-13.493126350826689,-71.9728430202811
2021-01-04,2021,1,0,0,0,0,CHOQUE,AREQUIPA,PE-34A,11,-16.48268799292572,-71.71436200117896
2021-01-04,2021,1,0,0,0,0,VOLCADURA,HUANCAVELICA,PE-3S,16,-11.610611498290291,-75.84209201535457
2021-01-04,2021,1,0,0,0,0,DESPISTE,JUNIN,PE-22B,21,-11.423616025721351,-75.76076331888147
2021-01-04,2021,1,0,0,0,0,CHOQUE,UCAYALI,PE-18C,30,-8.621034778727608,-74.9401893099833
2021-01-04,2021,1,0,0,0,0,CHOQUE,AREQUIPA,PE-34A,61,-16.249511244619292,-71.67544502152248
2021-01-04,2021,1,0,0,0,1,CHOQUE,ICA,PE-1S,283,-13.954064295140578,-75.79204991262891
2021-01-04,2021,1,0,0,0,2,CHOQUE,ICA,PE-1S,312,-14.189305575561496,-75.7144137465509
2021-01-04,2021,1,0,0,4,18,DESPISTE,UCAYALI,PE-5N,395,-9.000520982621575,-75.47050147386427
2021-01-04,2021,1,0,0,0,2,DESPISTE,ANCASH,PE-1N,419,-9.050080607133513,-78.59435372965768
2021-01-05,2021,1,1,0,0,4,DESPISTE,JUNIN,PE-22B,1,-11.396170222075945,-75.88159241597042
2021-01-05,2021,1,1,0,0,0,DESPISTE,MOQUEGUA,PE-36,12,-17.59042414623257,-71.13787906339009
2021-01-05,2021,1,1,0,0,0,CHOQUE,LORETO,PE-5N,14,-10.866566075527295,-75.27357775796301
2021-01-05,2021,1,1,0,0,0,CHOQUE,LIMA,PE-1S,83,-12.657015005785905,-76.66304641592922
2021-01-05,2021,1,1,0,1,0,ATROPELLO,LIMA,PE-1N,189,-10.831733519592223,-77.69900243810184
2021-01-05,2021,1,1,0,0,0,DESPISTE,CUSCO,PE-3S,1073,-14.027685499340672,-71.45607686804601
2021-01-06,2021,1,2,0,0,2,CHOQUE,CUSCO,PE-28F,15,-13.395760392480696,-72.05127053949616
2021-01-06,2021,1,2,0,1,0,ATROPELLO,PUNO,PE-34H,43,-15.256194593757783,-69.86356406417016
2021-01-06,2021,1,2,0,0,2,DESPISTE,LIMA,PE-1N,44,-11.777083903231906,-77.15962972973583
2021-01-06,2021,1,2,0,0,0,DESPISTE,ANCASH,PE-3N,115,-10.739998452184476,-76.25884670660761
2021-01-06,2021,1,2,0,0,0,DESPISTE,LIMA,PE-1N,122,-11.318622010112517,-77.47930243519711
2021-01-06,2021,1,2,0,0,1,CHOQUE,LIMA,PE-1S,152,-13.169338708045828,-76.35893261831309
2021-01-06,2021,1,2,0,0,1,DESPISTE,HUANUCO,PE-3N,211,-10.116280761748111,-76.20808161866532
2021-01-06,2021,1,2,0,0,1,ATROPELLO,AREQUIPA,PE-1S,967,-16.53049686722514,-71.79270264009648
2021-01-07,2021,1,3,0,0,1,VOLCADURA,LIMA,PE-20,24,-11.996839501999943,-77.12620734199993
2021-01-07,2021,1,3,0,0,1,CHOQUE,TACNA,PE-1SD,24,-16.694806553923037,-72.45871090151424
2021-01-07,2021,1,3,0,0,1,CHOQUE,JUNIN,PE-5S,110,-11.229109077830584,-74.62935035874754
2021-01-07,2021,1,3,0,0,4,CHOQUE,LA LIBERTAD,PE-1N,558,-8.146449281369977,-79.01219155079941
2021-01-07,2021,1,3,0,0,0,DESPISTE,AREQUIPA,PE-1S,1042,-17.0259716277082,-71.6756762896833
2021-01-08,2021,1,4,0,0,1,DESPISTE,LIMA,PE-1N,113,-11.38488806789341,-77.43136409875238
2021-01-08,2021,1,4,0,0,0,DESPISTE,JUNIN,PE-22,137,-11.598333234186349,-76.15669596477372
2021-01-08,2021,1,4,0,0,0,CHOQUE,ANCASH,PE-1N,449,-8.94292718166863,-78.62966951996837
2021-01-08,2021,1,4,0,0,0,CHOQUE,HUANUCO,PE-5N,453,-9.17842646587896,-75.79215233788739
2021-01-08,2021,1,4,0,0,1,DESPISTE,AREQUIPA,PE-1S,633,-15.918975935138109,-74.12471145695262
2021-01-08,2021,1,4,0,0,5,CHOQUE,LAMBAYEQUE,PE-1N,862,-6.2747539780164265,-80.32324627051582
2021-01-08,2021,1,4,0,0,0,CHOQUE,AREQUIPA,PE-1S,913,-16.36193111204504,-72.15414747484274
2021-01-08,2021,1,4,0,0,1,CHOQUE,MOQUEGUA,PE-1S,1183,-17.554000312165687,-71.03857840938653
2021-01-09,2021,1,5,0,0,0,DESPISTE,CAJAMARCA,PE-08B,11,-7.1566861570238505,-78.43616099042796
2021-01-09,2021,1,5,0,0,0,CHOQUE,LIMA,PE-1S,52,-12.415186934417584,-76.75539200264268
2021-01-09,2021,1,5,0,1,1,CHOQUE,CUSCO,PE-3SG,71,-14.349651377048923,-72.10993779323923
2021-01-09,2021,1,5,0,0,0,CHOQUE,HUANUCO,PE-18A,132,-9.22400418106898,-75.9880466566825
2021-01-09,2021,1,5,0,0,0,CHOQUE,JUNIN,PE-24,241,-12.089239061107936,-75.53596342829944
2021-01-09,2021,1,5,0,0,1,DESPISTE,ANCASH,PE-1N,345,-9.700923495690866,-78.27877617707549
2021-01-09,2021,1,5,0,0,0,DESPISTE,SAN MARTIN,PE-5N,474,-9.19638819507743,-75.88962499049119
2021-01-10,2021,1,6,0,0,1,CHOQUE,UCAYALI,PE-5N,15,-10.858242373840824,-75.27300820161662
2021-01-10,2021,1,6,0,0,0,CHOQUE,HUANUCO,PE-18A,21,-9.8388160634608,-76.12866913981445
2021-01-10,2021,1,6,0,0,0,CHOQUE,LIMA,PE-1S,21,-12.233941721727907,-76.96055560500984
2021-01-10,2021,1,6,0,0,4,DESPISTE,JUNIN,PE-3S,32,-11.702007570424136,-75.75954884788902
2021-01-10,2021,1,6,0,0,3,CHOQUE,LIMA,PE-22,36,-11.933745922873646,-76.69372903726783
2021-01-10,2021,1,6,0,1,0,CHOQUE,LIMA,PE-1N,78,-11.59677375920734,-77.25349743581087
2021-01-10,2021,1,6,0,0,1,CHOQUE,LIMA,PE-1S,96,-12.923382832474228,-76.5002848851446
2021-01-10,2021,1,6,0,0,0,DESPISTE,LIMA,PE-22,112,-11.67094606237875,-76.25628872745061
2021-01-10,2021,1,6,0,0,2,CHOQUE,AYACUCHO,PE-34A,121,-16.055807676781747,-71.35049213960322
2021-01-10,2021,1,6,0,0,0,CHOQUE,ICA,PE-1S,221,-13.672782889489596,-76.15677792247864
2021-01-10,2021,1,6,0,0,1,DESPISTE,PIURA,PE-1N,247,-10.399434406647748,-77.98151947870417
2021-01-10,2021,1,6,0,1,0,CHOQUE,SAN MARTIN,PE-5N,482,-9.18515497885573,-75.953885702919
2021-01-10,2021,1,6,0,0,1,CHOQUE,SAN MARTIN,PE-5N,482,-9.18515497885573,-75.953885702919
2021-01-10,2021,1,6,0,0,2,DESPISTE,APURIMAC,PE-3S,766,-13.66722250101104,-72.92623833094451
2021-01-10,2021,1,6,0,0,0,ESPECIAL,AREQUIPA,PE-1S,775,-16.428630654329847,-73.1164343231522
2021-01-10,2021,1,6,0,0,1,DESPISTE,AREQUIPA,PE-1S,812,-16.547052364777084,-72.85413003707727
2021-01-10,2021,1,6,0,0,0,CHOQUE,PIURA,PE-1N,895,-6.058283330908933,-80.5110799165684
2021-01-10,2021,1,6,0,0,1,DESPISTE,CUSCO,PE-3S,1025,-13.68798873224984,-71.59715152030672
2021-01-11,2021,1,0,0,0,4,CHOQUE,MOQUEGUA,PE-36A,5,-17.213883299612412,-70.9326049679297
2021-01-11,2021,1,0,0,0,1,DESPISTE,AREQUIPA,PE-1SD,8,-16.670198169885573,-72.57000946314521
2021-01-11,2021,1,0,0,0,5,DESPISTE,LIMA,PE-1S,64,-12.517753042741056,-76.73029932418738
2021-01-11,2021,1,0,0,1,0,ATROPELLO,CUSCO,PE-34J,107,-14.9531735274857,-71.17911039238088
2021-01-11,2021,1,0,0,1,5,DESPISTE,LIMA,PE-1S,137,-13.069417520477796,-76.44764285800854
2021-01-11,2021,1,0,0,0,0,CHOQUE,ICA,PE-1S,223,-13.688996272130044,-76.15742611440658
2021-01-11,2021,1,0,0,1,11,CHOQUE,MADRE DE DIOS,PE-30C,257,-13.107158089297505,-70.36521047437871
2021-01-11,2021,1,0,0,0,3,CHOQUE,ANCASH,PE-1N,374,-9.47550526277428,-78.29542450229184
2021-01-11,2021,1,0,0,0,1,CHOQUE,ANCASH,PE-3N,674,-8.859404495057708,-77.82826443896728
2021-01-11,2021,1,0,0,0,0,CHOQUE,LA LIBERTAD,PE-1N,720,-7.124098232690237,-79.481859463302
2021-01-11,2021,1,0,0,1,0,ATROPELLO,LAMBAYEQUE,PE-1N,807,-6.608747822307387,-79.96826565673076
2021-01-12,2021,1,1,0,0,3,CHOQUE,SAN MARTIN,PE-5NB,9,-6.464009216057668,-76.32062546107238
2021-01-12,2021,1,1,0,0,2,DESPISTE,ANCASH,PE-16,78,-10.153187280890895,-77.48801801237873
2021-01-12,2021,1,1,0,0,0,CHOQUE,AREQUIPA,PE-34A,121,-16.055807676781747,-71.35049213960322
2021-01-12,2021,1,1,0,0,5,DESPISTE,HUANCAVELICA,PE-3S,172,-12.383293330162353,-75.05497958016475
2021-01-12,2021,1,1,0,0,3,DESPISTE,SAN MARTIN,PE-5N,514,-8.987998410771592,-76.08167150173009
2021-01-12,2021,1,1,0,0,1,DESPISTE,APURIMAC,PE-3S,580,-13.601276502493713,-73.60383579284594
2021-01-13,2021,1,2,0,0,1,ESPECIAL,LAMBAYEQUE,PE-06A,22,-6.741836165234974,-79.70316620295098
2021-01-13,2021,1,2,0,0,2,ATROPELLO,ICA,PE-1S,186,-13.413397208384122,-76.18864368453282
2021-01-13,2021,1,2,0,0,1,CHOQUE,CUSCO,PE-3S,N.I.,-15.04301470699994,-70.36600238199992
2021-01-14,2021,1,3,0,0,0,DESPISTE,ANCASH,PE-16,102,-10.150041697990488,-77.36633460536407
2021-01-14,2021,1,3,0,1,4,CHOQUE,PIURA,PE-1N,134,-11.230404298725974,-77.54315305040082
2021-01-14,2021,1,3,0,0,1,CHOQUE,LIMA,PE-1N,189,-10.831733519592223,-77.69900243810184
2021-01-14,2021,1,3,0,0,1,CHOQUE,AMAZONAS,PE-08B,315,-6.225871128012581,-77.91022612409911
2021-01-14,2021,1,3,0,0,0,DESPISTE,SAN MARTIN,PE-5N,596,-8.422846331202868,-76.32609883856692
2021-01-14,2021,1,3,0,0,1,VOLCADURA,AREQUIPA,PE-1S,633,-15.918975935138109,-74.12471145695262
2021-01-14,2021,1,3,0,1,1,CHOQUE,APURIMAC,PE-3S,779,-13.634183031125788,-72.88365471217094
2021-01-14,2021,1,3,0,1,0,DESPISTE,AREQUIPA,PE-1S,889,-16.457704752948768,-72.34687509052523
2021-01-14,2021,1,3,0,0,1,CHOQUE,AREQUIPA,PE-1S,921,-16.37417225482444,-72.13698346420553
2021-01-15,2021,1,4,0,0,1,DESPISTE,CUSCO,PE-34F,4,-14.751856417398292,-71.36914449390764
2021-01-15,2021,1,4,0,0,0,DESPISTE,LIMA,PE-1N,98,-11.449431098653706,-77.33984367253781
2021-01-15,2021,1,4,0,0,4,DESPISTE,CUSCO,PE-28B,183,-12.613598665012423,-73.74621879469287
2021-01-15,2021,1,4,0,0,1,DESPISTE,LIMA,PE-1N,185,-10.846124321356712,-77.69430229662987
2021-01-15,2021,1,4,0,0,2,CHOQUE,LAMBAYEQUE,PE-1N,862,-6.2747539780164265,-80.32324627051582
2021-01-16,2021,1,5,0,0,2,CHOQUE,JUNIN,PE-3N,71,-11.008710341049833,-76.01339695019837
2021-01-16,2021,1,5,0,0,1,DESPISTE,JUNIN,PE-3S,76,-11.816598209481231,-75.49327317545641
2021-01-16,2021,1,5,0,0,2,DESPISTE,PASCO,PE-3N,142,-10.6369661703208,-76.1732017747125
2021-01-16,2021,1,5,0,0,0,DESPISTE,MOQUEGUA,PE-1SD,186,-17.27700287749811,-71.47844330151185
2021-01-16,2021,1,5,0,0,3,CHOQUE,ANCASH,PE-1N,325,-9.82287799526375,-78.18206146865383
2021-01-16,2021,1,5,0,0,2,DESPISTE,CUSCO,PE-3S,901,-13.451026344262942,-72.41157617976712
2021-01-16,2021,1,5,0,0,0,CHOQUE,AREQUIPA,PE-1S,988,-16.692018099290703,-71.87064469727024
2021-01-16,2021,1,5,0,1,1,CHOQUE,CAJAMARCA,PE-3N,1387,-6.686656775392422,-78.5368696675186
2021-01-17,2021,1,6,0,0,0,CHOQUE,UCAYALI,PE-18C,43,-8.534117140760129,-74.87123489388637
2021-01-17,2021,1,6,0,0,0,DESPISTE,AREQUIPA,PE-34A,74,-16.171363083630286,-71.64401155053457
2021-01-17,2021,1,6,0,0,1,CHOQUE,MADRE DE DIOS,PE-30C,321,-12.884444806303186,-70.02527482447321
2021-01-18,2021,1,0,0,0,0,DESPISTE,MOQUEGUA,PE-36A,20,-17.13918208346615,-70.85273915654196
2021-01-18,2021,1,0,0,0,1,DESPISTE,PIURA,PE-1N,21,-11.946756431235965,-77.07076344998089
2021-01-18,2021,1,0,0,0,0,DESPISTE,LIMA,PE-1N,44,-11.777083903231906,-77.15962972973583
2021-01-18,2021,1,0,0,0,1,DESPISTE,LIMA,PE-22,115,-11.66222469576892,-76.24555539358784
2021-01-18,2021,1,0,0,0,3,DESPISTE,APURIMAC,PE-30A,298,-14.516774647041704,-73.27449505903488
2021-01-18,2021,1,0,0,0,0,DESPISTE,MADRE DE DIOS,PE-30C,308,-12.911473018341376,-70.12414050551395
2021-01-19,2021,1,1,0,0,5,DESPISTE,JUNIN,PE-5S,13,-10.939041082145993,-75.20577614662831
2021-01-19,2021,1,1,0,0,1,DESPISTE,JUNIN,PE-5S,13,-10.939041082145993,-75.20577614662831
2021-01-19,2021,1,1,0,0,0,CHOQUE,CAJAMARCA,PE-08,35,-7.235151406739887,-79.21750422608328
2021-01-19,2021,1,1,0,0,2,CHOQUE,LA LIBERTAD,PE-3N,156,-10.52387290658058,-76.1794859513271
2021-01-19,2021,1,1,0,0,3,CHOQUE,HUANCAVELICA,PE-3S,317,-12.840670147323785,-74.3365398300474
2021-01-19,2021,1,1,0,1,0,ATROPELLO,AREQUIPA,PE-1S,618,-15.86428943773966,-74.22406661753263
2021-01-19,2021,1,1,0,0,0,CHOQUE,CUSCO,PE-3S,941,-13.4966294578361,-72.18190712702031
2021-01-19,2021,1,1,0,0,0,DESPISTE,AREQUIPA,PE-1S,951,-16.481515495271488,-71.90513785084899
2021-01-20,2021,1,2,0,0,0,CHOQUE,LIMA,PE-1N,42,-11.790854054126545,-77.14835534687332
2021-01-20,2021,1,2,0,0,8,CHOQUE,LA LIBERTAD,PE-10A,55,-7.990715120270408,-78.6658177939139
2021-01-20,2021,1,2,0,0,5,CHOQUE,AREQUIPA,PE-34A,68,-16.21416606613637,-71.6553031243196
2021-01-20,2021,1,2,0,0,1,ATROPELLO,LAMBAYEQUE,PE-1NJ,90,-5.9929179747445085,-79.73251624499106
2021-01-20,2021,1,2,0,0,0,CHOQUE,JUNIN,PE-5S,94,-11.12835113933582,-74.67506649784302
2021-01-20,2021,1,2,0,0,1,CHOQUE,LIMA,PE-22,130,-11.606218334641854,-76.19768237746943
2021-01-20,2021,1,2,0,0,3,DESPISTE,AREQUIPA,PE-34A,134,-16.003616353971104,-71.2687063539711
2021-01-20,2021,1,2,0,0,0,DESPISTE,AREQUIPA,PE-34A,136,-15.996477473793243,-71.25509810275335
2021-01-20,2021,1,2,0,0,1,ATROPELLO,ICA,PE-1S,272,-13.933342134889903,-75.8891170222311
2021-01-20,2021,1,2,0,0,4,CHOQUE,ICA,PE-1S,468,-15.011639680229418,-75.00453356144801
2021-01-20,2021,1,2,0,0,2,CHOQUE,APURIMAC,PE-3S,813,-13.59008036319243,-72.81875736113787
2021-01-20,2021,1,2,0,0,1,DESPISTE,CUSCO,PE-3S,914,-13.454013119125344,-72.39173461335689
2021-01-20,2021,1,2,0,0,0,CHOQUE,TACNA,PE-1S,1291,-18.007686167991412,-70.25748642906187
2021-01-21,2021,1,3,0,0,1,DESPISTE,CAJAMARCA,PE-06B,35,-6.667604458881753,-79.02699436979935
2021-01-21,2021,1,3,0,0,2,DESPISTE,APURIMAC,PE-30A,297,-14.522784024392204,-73.28127660780741
2021-01-21,2021,1,3,0,0,0,CHOQUE,AMAZONAS,PE-08B,324,-6.246992061890144,-77.87816387479317
2021-01-21,2021,1,3,0,0,0,DESPISTE,AREQUIPA,PE-1S,602,-15.817182781727784,-74.32506628789872
2021-01-21,2021,1,3,0,0,0,VOLCADURA,AREQUIPA,PE-1S,602,-15.817182781727784,-74.32506628789872
2021-01-22,2021,1,4,0,0,0,DESPISTE,LAMBAYEQUE,PE-06A,54,-6.689086146954013,-79.46144557656736
2021-01-22,2021,1,4,0,0,0,CHOQUE,LIMA,PE-22,56,-11.904000376387485,-76.53198225569177
2021-01-22,2021,1,4,0,0,2,CHOQUE,LIMA,PE-1N,87,-11.52596408080099,-77.28889439417485
2021-01-22,2021,1,4,0,0,3,CHOQUE,LIMA,PE-1S,96,-12.923382832474228,-76.5002848851446
2021-01-22,2021,1,4,0,0,0,DESPISTE,LIMA,PE-22,110,-11.685662543184964,-76.26051752939492
2021-01-22,2021,1,4,0,0,1,CHOQUE,SAN MARTIN,PE-5N,597,-8.415918282574141,-76.32217222166209
2021-01-23,2021,1,5,0,0,1,DESPISTE,AREQUIPA,PE-34J,2,-15.75249584483209,-71.01407756485777
2021-01-23,2021,1,5,0,0,2,CHOQUE,LIMA,PE-1NA,3,-11.760274567701854,-77.16203504856438
2021-01-23,2021,1,5,0,1,0,CHOQUE,CAJAMARCA,PE-5N,4,-10.933415143458024,-75.28588878236418
2021-01-23,2021,1,5,0,0,3,CHOQUE,JUNIN,PE-3N,5,-11.499670865051586,-75.94005565962021
2021-01-23,2021,1,5,0,0,1,DESPISTE,AREQUIPA,PE-1SD,8,-16.670198169885573,-72.57000946314521
2021-01-23,2021,1,5,0,0,1,CHOQUE,LAMBAYEQUE,PE-1NJ,95,-5.955106538830416,-79.7562599592598
2021-01-23,2021,1,5,0,0,0,ESPECIAL,LIMA,PE-1S,112,-12.835083425223448,-76.52421939663458
2021-01-23,2021,1,5,0,0,4,CHOQUE,CUSCO,PE-3S,163,-12.333450454245588,-75.06847028430136
2021-01-23,2021,1,5,0,0,0,VOLCADURA,MOQUEGUA,PE-1SD,210,-17.39681717205118,-71.3864472804718
2021-01-24,2021,1,6,0,1,0,ATROPELLO,LIMA,PE-20,8,-11.9971865205275,-77.12625780004446
2021-01-24,2021,1,6,0,0,0,DESPISTE,PUNO,PE-34H,12,-15.401110223473635,-70.06396672073431
2021-01-24,2021,1,6,0,1,0,CHOQUE,UCAYALI,PE-5N,148,-10.316815456829438,-74.98454211170991
2021-01-24,2021,1,6,0,0,1,DESPISTE,JUNIN,PE-24,279,-12.052259566048056,-75.3129480008392
2021-01-24,2021,1,6,0,0,1,DESPISTE,ANCASH,PE-1N,292,-10.079413907454422,-78.1506975550275
2021-01-24,2021,1,6,0,0,0,CHOQUE,MADRE DE DIOS,PE-30C,322,-12.88735407035615,-70.01660983495881
2021-01-24,2021,1,6,0,1,0,CHOQUE,UCAYALI,PE-5N,391,-8.983686762065833,-75.44954054242592
2021-01-25,2021,1,0,0,0,0,CHOQUE,AREQUIPA,PE-34,0,-16.624111219999918,-71.87157663999994
2021-01-25,2021,1,0,0,0,2,CHOQUE,UCAYALI,PE-18C,15,-8.718091544267,-75.00655789342348
2021-01-25,2021,1,0,0,0,0,DESPISTE,CAJAMARCA,PE-3N,20,-11.40945002440235,-75.89656210722798
2021-01-25,2021,1,0,0,0,3,CHOQUE,LA LIBERTAD,PE-10A,30,-8.015480537142517,-78.81101545161737
2021-01-25,2021,1,0,0,0,0,CHOQUE,LIMA,PE-1N,83,-11.555918348742413,-77.26964221100262
2021-01-25,2021,1,0,0,0,15,DESPISTE,ANCASH,PE-1N,326,-9.813952484084606,-78.18176630040323
2021-01-25,2021,1,0,0,0,0,DESPISTE,AMAZONAS,PE-5N,372,-8.900840978102536,-75.33906828627613
2021-01-25,2021,1,0,0,0,2,CHOQUE,APURIMAC,PE-3S,586,-13.611509812357616,-73.57537194256503
2021-01-25,2021,1,0,0,0,0,CHOQUE,LAMBAYEQUE,PE-1N,846,-6.359983982325892,-80.21210026519522
2021-01-25,2021,1,0,0,0,0,CHOQUE,AREQUIPA,PE-1S,973,-16.569680778086596,-71.83041879254921
2021-01-26,2021,1,1,0,0,0,CHOQUE,LIMA,PE-1N,82,-11.563139040290404,-77.26547950067437
2021-01-26,2021,1,1,0,0,1,DESPISTE,LIMA,PE-1S,127,-12.70666664664536,-76.63637820672253
2021-01-26,2021,1,1,0,0,1,ATROPELLO,ICA,PE-1S,230,-13.74994205215551,-76.1630112444748
2021-01-26,2021,1,1,0,0,1,DESPISTE,ANCASH,PE-1N,408,-9.234620554268307,-78.44851087676236
2021-01-26,2021,1,1,0,0,1,CHOQUE,LA LIBERTAD,PE-1N,514,-8.43433401473071,-78.76818304613947
2021-01-27,2021,1,2,0,0,2,DESPISTE,UCAYALI,PE-18C,27,-8.64237223338931,-74.95287360968928
2021-01-27,2021,1,2,0,0,2,CHOQUE,CUSCO,PE-28F,38,-13.32063736058602,-72.12033024522789
2021-01-27,2021,1,2,0,0,2,CHOQUE,LAMBAYEQUE,PE-1NJ,95,-5.955106538830416,-79.7562599592598
2021-01-27,2021,1,2,0,0,1,DESPISTE,AREQUIPA,PE-1S,664,-16.092192449913142,-73.91929917171565
2021-01-27,2021,1,2,0,0,0,CHOQUE,PUNO,PE-3S,1368,-15.864686684697997,-69.99439364181934
2021-01-28,2021,1,3,0,0,0,CHOQUE,JUNIN,PE-22B,26,-11.419224721507325,-75.7490794571029
2021-01-28,2021,1,3,0,0,0,CHOQUE,LIMA,PE-22,56,-11.904000376387485,-76.53198225569177
2021-01-28,2021,1,3,0,0,0,CHOQUE,CUSCO,PE-28B,117,-12.754566088647447,-73.99044642742837
2021-01-28,2021,1,3,0,0,0,CHOQUE,AYACUCHO,PE-34A,128,-16.032495279901976,-71.29209906893945
2021-01-28,2021,1,3,0,0,1,CHOQUE,LIMA,PE-1N,187,-10.838933147581804,-77.6966656488656
2021-01-28,2021,1,3,0,0,1,DESPISTE,ICA,PE-1S,289,-14.001581543346424,-75.76794913140023
2021-01-29,2021,1,4,0,0,2,DESPISTE,LIMA,PE-1NE,32,-11.125002109269904,-77.30773626269257
2021-01-29,2021,1,4,0,0,3,ATROPELLO,MADRE DE DIOS,PE-30C,264,-13.0491220103865,-70.34932923706963
2021-01-29,2021,1,4,0,0,1,ATROPELLO,LAMBAYEQUE,PE-1N,769,-6.8606205202625485,-79.82181602099665
2021-01-29,2021,1,4,0,0,0,CHOQUE,AREQUIPA,PE-1S,773,-16.44435789891201,-73.11595576964116
2021-01-30,2021,1,5,0,0,2,CHOQUE,HUANCAVELICA,PE-3SD,7,-12.30941180989367,-75.04322636310671
2021-01-30,2021,1,5,0,0,0,CHOQUE,ANCASH,PE-3N,16,-11.427203880905031,-75.92367167749157
2021-01-30,2021,1,5,0,0,1,DESPISTE,ANCASH,PE-3N,22,-11.401326721103269,-75.88291158832953
2021-01-30,2021,1,5,0,0,0,CHOQUE,MOQUEGUA,PE-1SD,26,-16.7017248260387,-72.44870500152915
2021-01-30,2021,1,5,0,1,0,DESPISTE,PIURA,PE-1N,28,-11.88531573328112,-77.06851918713564
2021-01-30,2021,1,5,0,0,4,CHOQUE,JUNIN,PE-3S,32,-11.702007570424136,-75.75954884788902
2021-01-30,2021,1,5,0,0,1,DESPISTE,JUNIN,PE-3S,36,-11.729002332690316,-75.7506264493003
2021-01-30,2021,1,5,0,0,1,DESPISTE,AMAZONAS,PE-08C,38,-5.9551952422352645,-77.97783298602825
2021-01-30,2021,1,5,0,0,14,DESPISTE,LIMA,PE-1N,48,-11.746533717388017,-77.1427832539304
2021-01-30,2021,1,5,0,1,0,CHOQUE,CUSCO,PE-28B,116,-12.757995500384276,-73.98796221748898
2021-01-30,2021,1,5,0,0,4,CHOQUE,LIMA,PE-1N,136,-11.215702536904496,-77.5537908523111
2021-01-30,2021,1,5,0,0,1,DESPISTE,LIMA,PE-1S,155,-13.193479213372864,-76.3488135306637
2021-01-30,2021,1,5,0,0,3,DESPISTE,MADRE DE DIOS,PE-30C,324,-12.89176091055515,-69.99921662303102
2021-01-30,2021,1,5,0,0,0,DESPISTE,AREQUIPA,PE-1S,623,-15.871631688386104,-74.18009156280804
2021-01-31,2021,1,6,0,0,1,ATROPELLO,TACNA,PE-1SD,15,-16.680774374593856,-72.52720402081167
2021-01-31,2021,1,6,0,0,1,CHOQUE,CAJAMARCA,PE-3N,60,-11.097933383894608,-75.99604647012842
2021-01-31,2021,1,6,0,0,1,ATROPELLO,JUNIN,PE-3S,99,-11.891205093485617,-75.34322469570276
2021-01-31,2021,1,6,0,0,0,DESPISTE,LIMA,PE-1S,108,-12.80540376186029,-76.54555704667551
2021-01-31,2021,1,6,0,0,3,CHOQUE,APURIMAC,PE-30A,283,-14.560207151436073,-73.39365471532108
2021-01-31,2021,1,6,0,0,1,CHOQUE,SAN MARTIN,PE-5N,479,-9.186242543457448,-75.92910214064271
2021-02-01,2021,2,0,0,0,0,ESPECIAL,LIMA,PE-1S,80,-12.631048191835124,-76.66948524888161
2021-02-01,2021,2,0,0,0,1,DESPISTE,LIMA,PE-1S,84,-12.664674078988307,-76.6582442876618
2021-02-01,2021,2,0,0,0,1,CHOQUE,LAMBAYEQUE,PE-1N,807,-6.608747822307387,-79.96826565673076
2021-02-01,2021,2,0,0,0,8,CHOQUE,AREQUIPA,PE-1S,929,-16.404274749640866,-72.06921155336747
2021-02-01,2021,2,0,0,2,5,CHOQUE,PIURA,PE-1N,987,-5.244963139464744,-80.62923953981158
2021-02-01,2021,2,0,0,0,3,CHOQUE,PIURA,PE-1N,1035,-4.872312666089867,-80.71423551993253
2021-02-02,2021,2,1,0,0,4,CHOQUE,AREQUIPA,PE-3N,3,-11.51141299133588,-75.9286379374289
2021-02-02,2021,2,1,0,0,0,DESPISTE,JUNIN,PE-22B,3,-11.401489419999235,-75.86574378216878
2021-02-02,2021,2,1,0,0,1,DESPISTE,HUANCAVELICA,PE-26B,7,-12.800282536105223,-74.9374083745957
2021-02-03,2021,2,2,0,0,2,ATROPELLO,CAJAMARCA,PE-5N,0,-10.960402635999912,-75.2941063049999
2021-02-03,2021,2,2,0,0,0,CHOQUE,JUNIN,PE-5S,36,-10.87096233754147,-75.0509762147435
2021-02-03,2021,2,2,0,0,0,DESPISTE,AREQUIPA,PE-34A,61,-16.249511244619292,-71.67544502152248
2021-02-03,2021,2,2,0,0,0,DESPISTE,LAMBAYEQUE,PE-1N,145,-11.14688513821154,-77.597076553812
2021-02-03,2021,2,2,0,0,0,CHOQUE,CUSCO,PE-28B,158,-12.621816535490662,-73.84801410577464
2021-02-03,2021,2,2,0,0,0,DESPISTE,AREQUIPA,PE-34A,179,-15.764218560835296,-70.99473497219276
2021-02-03,2021,2,2,0,0,1,CHOQUE,APURIMAC,PE-3S,814,-13.582515813886337,-72.8184410369015
2021-02-04,2021,2,3,0,0,2,CHOQUE,JUNIN,PE-3N,23,-11.393428921406548,-75.88641715555012
2021-02-04,2021,2,3,0,0,1,DESPISTE,LIMA,PE-1S,25,-12.25190569528972,-76.92876477852737
2021-02-04,2021,2,3,0,0,5,CHOQUE,CUSCO,PE-28B,183,-12.613598665012423,-73.74621879469287
2021-02-04,2021,2,3,0,0,0,DESPISTE,AYACUCHO,PE-28A,225,-13.361098595798133,-74.86691760094686
2021-02-04,2021,2,3,0,0,0,DESPISTE,SAN MARTIN,PE-5N,597,-8.415918282574141,-76.32217222166209
2021-02-04,2021,2,3,0,0,0,VOLCADURA,LA LIBERTAD,PE-1N,617,-7.77957424433054,-79.24845874198495
2021-02-04,2021,2,3,0,0,1,DESPISTE,SAN MARTIN,PE-5N,758,-7.532959206027519,-76.68624241830074
2021-02-05,2021,2,4,0,0,1,DESPISTE,AREQUIPA,PE-34C,7,-16.42557999999991,-71.52684949917544
2021-02-05,2021,2,4,0,0,0,CHOQUE,AREQUIPA,PE-34C,10,-16.427425408822845,-71.503144591177
2021-02-05,2021,2,4,0,0,0,VOLCADURA,ANCASH,PE-16,100,-10.14596733834941,-77.38252132852972
2021-02-05,2021,2,4,0,0,0,VOLCADURA,ANCASH,PE-14,100,-9.553839947606193,-77.6630397473471
2021-02-05,2021,2,4,0,0,0,DESPISTE,LIMA,PE-22,112,-11.67094606237875,-76.25628872745061
2021-02-05,2021,2,4,0,0,1,DESPISTE,APURIMAC,PE-30A,308,-14.501246739128383,-73.25786902833073
2021-02-05,2021,2,4,0,0,1,CHOQUE,AREQUIPA,PE-1S,732,-16.309003239033622,-73.37065149644458
2021-02-06,2021,2,5,0,0,0,DESPISTE,LIMA,PE-1S,18,-12.214426523556288,-76.97647151125882
2021-02-06,2021,2,5,0,0,1,DESPISTE,LIMA,PE-22,22,-11.9819573786392,-76.7966649627832
2021-02-06,2021,2,5,0,1,1,CHOQUE,LIMA,PE-1S,150,-13.158271560783827,-76.3734213840647
2021-02-06,2021,2,5,0,0,0,DESPISTE,PIURA,PE-1N,1025,-4.954427608433423,-80.69728835742464
2021-02-07,2021,2,6,0,0,1,DESPISTE,LIMA,PE-18,41,-11.146987133745007,-77.25760100968363
2021-02-07,2021,2,6,0,0,1,CHOQUE,ICA,PE-1S,184,-13.397333355183989,-76.19679180371396
2021-02-07,2021,2,6,0,1,1,CHOQUE,ICA,PE-1S,294,-14.043474601330876,-75.75110865336102
2021-02-07,2021,2,6,0,0,2,DESPISTE,AREQUIPA,PE-1S,609,-15.835614719905324,-74.28651583210313
2021-02-07,2021,2,6,0,0,0,DESPISTE,AREQUIPA,PE-1S,744,-16.359105218640828,-73.28238140822565
2021-02-08,2021,2,0,0,0,0,ATROPELLO,CAJAMARCA,PE-3N,37,-11.28334545072958,-75.92079551326114
2021-02-08,2021,2,0,0,0,0,CHOQUE,LIMA,PE-1S,65,-12.52499642657742,-76.7249054133465
2021-02-08,2021,2,0,0,0,4,CHOQUE,LIMA,PE-1S,65,-12.52499642657742,-76.7249054133465
2021-02-08,2021,2,0,0,0,0,N.I.,HUANCAVELICA,PE-28A,159,-13.48869145606462,-75.11776844616026
2021-02-08,2021,2,0,0,1,0,CHOQUE,MADRE DE DIOS,PE-30C,406,-12.667016715149376,-69.34067867281156
2021-02-08,2021,2,0,0,0,1,CHOQUE,ANCASH,PE-1N,447,-8.960727353378509,-78.62863896945099
2021-02-08,2021,2,0,0,0,1,N.I.,SAN MARTIN,PE-5N,598,-8.40772256033057,-76.3191850951517
2021-02-08,2021,2,0,0,1,0,CHOQUE,ANCASH,PE-3N,656,-9.000003881769729,-77.81846774824994
2021-02-08,2021,2,0,0,0,0,DESPISTE,AREQUIPA,PE-1S,744,-16.359105218640828,-73.28238140822565
2021-02-08,2021,2,0,0,0,8,DESPISTE,CUSCO,PE-3S,1019,-13.680614711927872,-71.62913833554168
2021-02-09,2021,2,1,0,0,0,DESPISTE,JUNIN,PE-22,147,-11.59448412325631,-76.08461572029773
2021-02-09,2021,2,1,0,0,3,CHOQUE,ANCASH,PE-3N,220,-10.040533385512491,-76.22956364796198
2021-02-09,2021,2,1,0,0,0,CHOQUE,LIMA,PE-1S,492,-15.215093963849323,-74.95039913738412
2021-02-10,2021,2,2,0,0,0,CHOQUE,LIMA,PE-1S,24,-12.246584742503304,-76.93618987426358
2021-02-10,2021,2,2,0,0,3,DESPISTE,ICA,PE-28A,47,-13.663403290832507,-75.77011041444068
2021-02-11,2021,2,3,0,0,0,ESPECIAL,CAJAMARCA,PE-5N,4,-10.933415143458024,-75.28588878236418
2021-02-11,2021,2,3,0,0,0,N.I.,LIMA,PE-22,30,-11.961650666327277,-76.73794498011445
2021-02-11,2021,2,3,0,0,0,DESPISTE,ANCASH,PE-14,110,-9.555554453244897,-77.63745376222472
2021-02-11,2021,2,3,0,0,0,DESPISTE,CAJAMARCA,PE-3N,124,-10.688003726107006,-76.22416557187701
2021-02-11,2021,2,3,0,0,1,DESPISTE,ANCASH,PE-1N,236,-10.452843299167286,-77.92232893887284
2021-02-11,2021,2,3,0,0,0,N.I.,PUNO,PE-30C,324,-12.89176091055515,-69.99921662303102
2021-02-11,2021,2,3,0,0,0,DESPISTE,SAN MARTIN,PE-5N,810,-7.187116723145825,-76.73433858036607
2021-02-12,2021,2,4,0,0,0,CHOQUE,PIURA,PE-1N,40,-11.80397223380406,-77.135597364995
2021-02-12,2021,2,4,0,0,3,DESPISTE,TUMBES,PE-1N,150,-11.10264150638305,-77.58969396542564
2021-02-12,2021,2,4,0,0,1,DESPISTE,ANCASH,PE-1N,286,-10.127116850567086,-78.12465946733163
2021-02-12,2021,2,4,0,1,0,CHOQUE,CUSCO,PE-28B,330,-12.653697550291096,-73.06653226877371
2021-02-12,2021,2,4,0,0,23,CHOQUE,LAMBAYEQUE,PE-1N,848,-6.345348452467783,-80.22274111069017
2021-02-13,2021,2,5,0,0,1,CHOQUE,CAJAMARCA,PE-08B,34,-7.079849203830545,-78.33478354713671
2021-02-13,2021,2,5,0,0,0,DESPISTE,PUNO,PE-34B,99,-14.586921205772777,-70.32907692507528
2021-02-13,2021,2,5,0,0,2,CHOQUE,PIURA,PE-1N,137,-11.20835159335499,-77.55910968041177
2021-02-13,2021,2,5,0,0,0,CHOQUE,PUNO,PE-34A,237,-15.688723271821132,-70.60980158270388
2021-02-13,2021,2,5,0,0,0,VOLCADURA,CUSCO,PE-28B,254,-12.792915110558662,-73.43478305413574
2021-02-14,2021,2,6,0,0,1,CHOQUE,LAMBAYEQUE,PE-1N,1,-12.050405425107773,-76.97740415220201
2021-02-14,2021,2,6,0,0,1,DESPISTE,JUNIN,PE-3SA,21,-11.654769388578709,-75.58199709455806
2021-02-14,2021,2,6,0,0,1,CHOQUE,LIMA,PE-20A,36,-11.71342190610522,-76.94535041034267
2021-02-14,2021,2,6,0,0,1,DESPISTE,LIMA,PE-1S,126,-12.69908931679153,-76.64136256995023
2021-02-14,2021,2,6,0,0,1,CHOQUE,HUANUCO,PE-3N,226,-9.990094944479155,-76.24346845917172
2021-02-14,2021,2,6,0,0,1,CHOQUE,CUSCO,PE-28B,266,-12.764933238762351,-73.38564144648731
2021-02-14,2021,2,6,0,0,0,DESPISTE,ICA,PE-1S,401,-14.572926947834562,-75.20857885027087
2021-02-14,2021,2,6,0,0,1,DESPISTE,HUANUCO,PE-5N,483,-9.189602453154416,-75.95893758903397
2021-02-14,2021,2,6,0,0,1,CHOQUE,LAMBAYEQUE,PE-1N,766,-6.8832797038227,-79.81153870472622
2021-02-14,2021,2,6,0,0,1,DESPISTE,LAMBAYEQUE,PE-1N,830,-6.4672307871604255,-80.1169398912168
2021-02-15,2021,2,0,0,0,0,DESPISTE,PUNO,PE-36B,12,-16.788864271872114,-70.475756982353
2021-02-15,2021,2,0,0,0,1,DESPISTE,AMAZONAS,PE-08C,29,-6.022765273476252,-77.95077695262047
2021-02-15,2021,2,0,0,0,1,CHOQUE,JUNIN,PE-3SA,53,-11.473814235999688,-75.68154435795805
2021-02-15,2021,2,0,0,2,2,VOLCADURA,CAJAMARCA,PE-08,76,-7.196210158328623,-78.95639012657969
2021-02-15,2021,2,0,0,0,1,VOLCADURA,CAJAMARCA,PE-06A,76,-6.624841510929175,-79.31499803248043
2021-02-15,2021,2,0,0,0,0,DESPISTE,CAJAMARCA,PE-08,83,-7.222468465646441,-78.90767418220398
2021-02-15,2021,2,0,0,0,1,CHOQUE,MADRE DE DIOS,PE-30C,389,-12.719560387020726,-69.48856092480203
2021-02-15,2021,2,0,0,0,1,CHOQUE,MADRE DE DIOS,PE-30C,389,-12.719560387020726,-69.48856092480203
2021-02-15,2021,2,0,0,0,1,DESPISTE,SAN MARTIN,PE-5N,438,-9.132332826370035,-75.75094676425667
2021-02-16,2021,2,1,0,0,1,CHOQUE,PUNO,PE-34H,33,-15.288818159099169,-69.9465670735882
2021-02-16,2021,2,1,0,0,1,CHOQUE,MADRE DE DIOS,PE-30C,412,-12.648049598266256,-69.28700596106407
2021-02-16,2021,2,1,0,0,0,DESPISTE,APURIMAC,PE-3S,771,-13.655021012384394,-72.9079822201429
2021-02-16,2021,2,1,0,0,1,CHOQUE,AREQUIPA,PE-1S,946,-16.46983470777,-71.94217847103849
2021-02-17,2021,2,2,0,0,1,CHOQUE,LIMA,PE-1S,69,-12.558117854102646,-76.70992501945862
2021-02-17,2021,2,2,0,0,1,DESPISTE,CAJAMARCA,PE-08B,82,-6.946540850516549,-78.1889870132584
2021-02-17,2021,2,2,0,0,1,CHOQUE,ICA,PE-1S,468,-15.011639680229418,-75.00453356144801
2021-02-17,2021,2,2,0,0,1,CHOQUE,AREQUIPA,PE-1S,505,-15.322660114306142,-74.90487257322945
2021-02-17,2021,2,2,0,0,1,CHOQUE,AREQUIPA,PE-1S,505,-15.322660114306142,-74.90487257322945
2021-02-18,2021,2,3,0,2,0,DESPISTE,AREQUIPA,PE-1SD,11,-16.666984168696686,-72.55507742654935
2021-02-18,2021,2,3,0,0,1,DESPISTE,AREQUIPA,PE-1SD,11,-16.666984168696686,-72.55507742654935
2021-02-18,2021,2,3,0,0,1,CHOQUE,LAMBAYEQUE,PE-1NJ,87,-5.989393429591813,-79.7037233651432
2021-02-18,2021,2,3,0,0,0,CHOQUE,LIMA,PE-22,113,-11.666008721863117,-76.25325430604694
2021-02-18,2021,2,3,0,0,1,CHOQUE,LIMA,PE-22,113,-11.666008721863117,-76.25325430604694
2021-02-18,2021,2,3,0,0,1,CHOQUE,LIMA,PE-1N,127,-11.281859419863723,-77.50591257113878
2021-02-18,2021,2,3,0,0,1,CHOQUE,MADRE DE DIOS,PE-30C,405,-12.670214547510978,-69.34956360285963
2021-02-18,2021,2,3,0,0,0,DESPISTE,AREQUIPA,PE-1S,602,-15.817182781727784,-74.32506628789872
2021-02-18,2021,2,3,0,0,1,DESPISTE,AREQUIPA,PE-1S,602,-15.817182781727784,-74.32506628789872
2021-02-18,2021,2,3,0,0,1,DESPISTE,CUSCO,PE-3S,1027,-13.69822134832854,-71.59695003772494
2021-02-18,2021,2,3,0,0,1,DESPISTE,CUSCO,PE-3S,1027,-13.69822134832854,-71.59695003772494
2021-02-19,2021,2,4,0,0,2,CHOQUE,JUNIN,PE-3SA,54,-11.46785718994644,-75.68517688250347
2021-02-19,2021,2,4,0,0,1,CHOQUE,JUNIN,PE-3SA,54,-11.46785718994644,-75.68517688250347
2021-02-19,2021,2,4,0,0,1,DESPISTE,ANCASH,PE-1N,228,-10.518354926934355,-77.89639677024184
2021-02-19,2021,2,4,0,0,1,DESPISTE,ANCASH,PE-1N,242,-10.42221842525169,-77.94486781881982
2021-02-19,2021,2,4,0,0,1,DESPISTE,ANCASH,PE-1N,345,-9.700923495690866,-78.27877617707549
2021-02-19,2021,2,4,0,0,1,DESPISTE,AREQUIPA,PE-1S,737,-16.328599186148306,-73.33020500740328
2021-02-20,2021,2,5,0,0,1,DESPISTE,CAJAMARCA,PE-08B,61,-7.0341826502346505,-78.2196500561124
2021-02-20,2021,2,5,0,0,2,CHOQUE,LAMBAYEQUE,PE-1NJ,91,-5.986065575619233,-79.73949937898931
2021-02-20,2021,2,5,0,0,1,CHOQUE,LAMBAYEQUE,PE-1NJ,91,-5.986065575619233,-79.73949937898931
2021-02-20,2021,2,5,0,0,0,DESPISTE,ANCASH,PE-1N,228,-10.518354926934355,-77.89639677024184
2021-02-20,2021,2,5,0,0,0,DESPISTE,AREQUIPA,PE-1S,737,-16.328599186148306,-73.33020500740328
2021-02-20,2021,2,5,0,0,1,DESPISTE,CUSCO,PE-3S,1026,-13.69104729911723,-71.59573463845395
2021-02-21,2021,2,6,0,0,0,DESPISTE,ANCASH,PE-12A,10,-8.699055817842241,-77.90799253688712
2021-02-21,2021,2,6,0,0,1,DESPISTE,AYACUCHO,PE-3S,394,-13.18588962399414,-74.20355932719369
2021-02-21,2021,2,6,0,0,1,DESPISTE,MADRE DE DIOS,PE-30C,418,-12.620651317248509,-69.24768452651824
2021-02-21,2021,2,6,0,0,3,CHOQUE,ICA,PE-1S,495,-15.23909278774163,-74.93972618378851
2021-02-21,2021,2,6,0,0,1,CHOQUE,ICA,PE-1S,495,-15.23909278774163,-74.93972618378851
2021-02-21,2021,2,6,0,0,1,DESPISTE,AREQUIPA,PE-1S,617,-15.869622958130904,-74.23106412701955
2021-02-21,2021,2,6,0,0,0,DESPISTE,AREQUIPA,PE-1S,633,-15.918975935138109,-74.12471145695262
2021-02-22,2021,2,0,0,0,1,DESPISTE,CAJAMARCA,PE-08A,6,-7.181710767931591,-78.82589012881098
2021-02-22,2021,2,0,0,0,1,DESPISTE,CAJAMARCA,PE-08A,6,-7.181710767931591,-78.82589012881098
2021-02-22,2021,2,0,0,1,0,CHOQUE,CAJAMARCA,PE-3N,120,-10.707840535166032,-76.23383225987217
2021-02-22,2021,2,0,0,0,1,CHOQUE,CAJAMARCA,PE-3N,120,-10.707840535166032,-76.23383225987217
2021-02-22,2021,2,0,0,0,1,CHOQUE,CAJAMARCA,PE-3N,120,-10.707840535166032,-76.23383225987217
2021-02-22,2021,2,0,0,0,1,CHOQUE,CAJAMARCA,PE-3N,120,-10.707840535166032,-76.23383225987217
2021-02-22,2021,2,0,0,0,1,DESPISTE,ICA,PE-1S,183,-13.389281095080594,-76.20101489842929
2021-02-22,2021,2,0,0,0,1,DESPISTE,ICA,PE-1S,183,-13.389281095080594,-76.20101489842929
2021-02-23,2021,2,1,0,0,1,CHOQUE,JUNIN,PE-5S,38,-10.875116563573984,-75.03586618096092
2021-02-23,2021,2,1,0,0,1,DESPISTE,LIMA,PE-1N,74,-11.61032449534697,-77.223165537099
2021-02-23,2021,2,1,0,0,1,DESPISTE,LIMA,PE-22,115,-11.66222469576892,-76.24555539358784
2021-02-23,2021,2,1,0,0,1,DESPISTE,ICA,PE-1S,179,-13.35773279262705,-76.21891177308395
2021-02-23,2021,2,1,0,0,1,CHOQUE,HUANUCO,PE-5N,472,-9.193763683927877,-75.87815235322105
2021-02-23,2021,2,1,0,0,0,DESPISTE,LAMBAYEQUE,PE-1N,832,-6.456548468103063,-80.13154393565576
2021-02-23,2021,2,1,0,0,1,DESPISTE,LAMBAYEQUE,PE-1N,832,-6.456548468103063,-80.13154393565576
2021-02-24,2021,2,2,0,0,1,ESPECIAL,CAJAMARCA,PE-08A,7,-7.176691819403156,-78.82674431984897
2021-02-24,2021,2,2,0,0,1,CHOQUE,MOQUEGUA,PE-1SD,19,-16.689693214018583,-72.49117314130694
2021-02-24,2021,2,2,0,0,1,CHOQUE,TACNA,PE-1SD,19,-16.689693214018583,-72.49117314130694
2021-02-24,2021,2,2,0,0,1,ATROPELLO,PUNO,PE-34H,25,-15.299540566045607,-70.01488619822666
2021-02-24,2021,2,2,0,0,1,DESPISTE,LIMA,PE-1S,72,-12.575161042491931,-76.68881449454292
2021-02-24,2021,2,2,0,0,1,DESPISTE,MOQUEGUA,PE-36A,92,-16.902783840966915,-70.62322676906236
2021-02-24,2021,2,2,0,0,0,CHOQUE,AYACUCHO,PE-28B,129,-12.725869627423595,-73.93969353400705
2021-02-24,2021,2,2,0,0,1,DESPISTE,LIMA,PE-1S,131,-13.02463008299992,-76.47484911599992
2021-02-24,2021,2,2,0,1,0,CHOQUE,PUNO,PE-34A,286,-15.561883857890582,-70.23991181052077
2021-02-24,2021,2,2,0,0,1,CHOQUE,PUNO,PE-34A,286,-15.561883857890582,-70.23991181052077
2021-02-24,2021,2,2,0,0,1,N.I.,PUNO,PE-34A,286,-15.561883857890582,-70.23991181052077
2021-02-24,2021,2,2,0,0,14,DESPISTE,APURIMAC,PE-30A,298,-14.516774647041704,-73.27449505903488
2021-02-24,2021,2,2,0,0,1,DESPISTE,SAN MARTIN,PE-5N,440,-9.147077505270532,-75.75185922497631
2021-02-24,2021,2,2,0,0,1,DESPISTE,SAN MARTIN,PE-5N,596,-8.422846331202868,-76.32609883856692
2021-02-24,2021,2,2,0,0,0,CHOQUE,PIURA,PE-1N,895,-6.058283330908933,-80.5110799165684
2021-02-24,2021,2,2,0,1,0,CHOQUE,TACNA,PE-1S,1293,-18.023271227758343,-70.25995756184922
2021-02-24,2021,2,2,0,0,1,CHOQUE,TACNA,PE-1S,1293,-18.023271227758343,-70.25995756184922
2021-02-24,2021,2,2,0,0,1,N.I.,TACNA,PE-1S,1293,-18.023271227758343,-70.25995756184922
2021-02-25,2021,2,3,0,0,1,CHOQUE,SAN MARTIN,PE-5N,1,-10.957624702103384,-75.29438893809758
2021-02-25,2021,2,3,0,0,1,CHOQUE,LORETO,PE-5NI,2,-3.7302668424415,-73.24072809148663
2021-02-25,2021,2,3,0,0,1,DESPISTE,JUNIN,PE-3S,16,-11.610611498290291,-75.84209201535457
2021-02-25,2021,2,3,0,0,1,VOLCADURA,JUNIN,PE-3S,16,-11.610611498290291,-75.84209201535457
2021-02-25,2021,2,3,0,0,0,DESPISTE,LIMA,PE-1S,23,-12.24236550164664,-76.94430819131811
2021-02-25,2021,2,3,0,0,1,DESPISTE,LIMA,PE-1N,23,-11.928881120159856,-77.07251352389007
2021-02-25,2021,2,3,0,0,1,CHOQUE,LIMA,PE-1S,24,-12.246584742503304,-76.93618987426358
2021-02-25,2021,2,3,0,0,1,DESPISTE,LIMA,PE-1N,73,-11.607070047077745,-77.2146132156668
2021-02-25,2021,2,3,0,0,1,DESPISTE,LIMA,PE-1N,78,-11.59677375920734,-77.25349743581087
2021-02-25,2021,2,3,0,0,1,DESPISTE,LIMA,PE-1N,78,-11.59677375920734,-77.25349743581087
2021-02-25,2021,2,3,0,0,1,DESPISTE,JUNIN,PE-3N,82,-10.931483906799103,-76.05530468484757
2021-02-25,2021,2,3,0,0,1,DESPISTE,JUNIN,PE-3N,82,-10.931483906799103,-76.05530468484757
2021-02-25,2021,2,3,0,0,0,DESPISTE,CAJAMARCA,PE-06A,150,-6.467606608186259,-79.0477380201915
2021-02-25,2021,2,3,0,0,1,DESPISTE,CAJAMARCA,PE-06A,150,-6.467606608186259,-79.0477380201915
2021-02-25,2021,2,3,0,0,1,CHOQUE,ANCASH,PE-1N,315,-9.93913120027727,-78.21777602167599
2021-02-25,2021,2,3,0,0,1,CHOQUE,ANCASH,PE-1N,315,-9.93913120027727,-78.21777602167599
2021-02-25,2021,2,3,0,0,1,CHOQUE,AREQUIPA,PE-1S,989,-16.70104336301476,-71.87046980645803
2021-02-26,2021,2,4,0,0,0,CHOQUE,LIMA,PE-1S,8,-12.126955013847736,-76.97700651995017
2021-02-26,2021,2,4,0,0,1,VOLCADURA,LIMA,PE-1S,30,-12.27613780870458,-76.88997544513248
2021-02-26,2021,2,4,0,0,0,DESPISTE,LIMA,PE-1N,44,-11.777083903231906,-77.15962972973583
2021-02-26,2021,2,4,0,0,1,CHOQUE,LIMA,PE-1N,44,-11.777083903231906,-77.15962972973583
2021-02-26,2021,2,4,0,0,1,DESPISTE,CUSCO,PE-34J,65,-15.25047706692635,-71.15050450227676
2021-02-26,2021,2,4,0,0,0,DESPISTE,LIMA,PE-1S,109,-12.813171004970425,-76.54127391864445
2021-02-26,2021,2,4,0,0,1,DESPISTE,LIMA,PE-1S,109,-12.813171004970425,-76.54127391864445
2021-02-26,2021,2,4,0,1,1,DESPISTE,PUNO,PE-34A,208,-15.695074093525186,-70.82061890544735
2021-02-26,2021,2,4,0,0,1,DESPISTE,LIMA,PE-1N,209,-10.659600975044777,-77.82116801713467
2021-02-26,2021,2,4,0,0,1,CHOQUE,MADRE DE DIOS,PE-30C,432,-12.56491333556428,-69.1663800384816
2021-02-26,2021,2,4,0,0,2,CHOQUE,MOQUEGUA,PE-1S,1094,-17.231243591659,-71.3059916148582
2021-02-27,2021,2,5,0,0,1,DESPISTE,ICA,PE-1S,185,-13.405512351430922,-76.19284958296487
2021-02-27,2021,2,5,0,1,0,CHOQUE,ICA,PE-1S,315,-14.21472439876255,-75.70960798522643
2021-02-27,2021,2,5,0,0,1,DESPISTE,SAN MARTIN,PE-5N,486,-9.159860834468471,-75.96438470394669
2021-02-27,2021,2,5,0,0,1,CHOQUE,LAMBAYEQUE,PE-1N,806,-6.616425768698154,-79.96352091122431
2021-02-28,2021,2,6,0,0,1,ESPECIAL,JUNIN,PE-22B,3,-11.401489419999235,-75.86574378216878
2021-02-28,2021,2,6,0,1,2,DESPISTE,AREQUIPA,PE-34C,22,-16.397051293622997,-71.439601293623
2021-02-28,2021,2,6,0,0,1,CHOQUE,LA LIBERTAD,PE-10A,22,-8.057734863289232,-78.85435913140412
2021-02-28,2021,2,6,0,4,0,CHOQUE,TUMBES,PE-1N,160,-11.017857707648709,-77.60056932586828
2021-02-28,2021,2,6,0,0,1,CHOQUE,TUMBES,PE-1N,160,-11.017857707648709,-77.60056932586828
2021-02-28,2021,2,6,0,0,0,DESPISTE,AREQUIPA,PE-1S,944,-16.467784397564106,-71.95312618910197
2021-03-01,2021,3,0,0,0,0,DESPISTE,HUANUCO,PE-18A,36,-9.773295207494431,-76.09358065045953
2021-03-01,2021,3,0,0,0,0,DESPISTE,LIMA,PE-22,72,-11.86082411839993,-76.4208394004285
2021-03-01,2021,3,0,0,1,0,CHOQUE,LIMA,PE-1N,85,-11.542148320798743,-77.28069405572357
2021-03-01,2021,3,0,0,0,3,CHOQUE,LIMA,PE-1S,127,-12.70666664664536,-76.63637820672253
2021-03-01,2021,3,0,0,0,0,CHOQUE,LAMBAYEQUE,PE-1N,872,-6.226585904446158,-80.39861135544159
2021-03-01,2021,3,0,0,0,1,DESPISTE,PIURA,PE-1N,987,-5.244963139464744,-80.62923953981158
2021-03-02,2021,3,1,0,0,0,CHOQUE,ANCASH,PE-16,114,-10.15665064745004,-77.32602968346578
2021-03-02,2021,3,1,0,1,0,CHOQUE,LA LIBERTAD,PE-3N,154,-10.53838323539461,-76.18748088487155
2021-03-02,2021,3,1,0,0,1,DESPISTE,PUNO,PE-34A,208,-15.695074093525186,-70.82061890544735
2021-03-02,2021,3,1,0,1,0,DESPISTE,ICA,PE-1S,221,-13.672782889489596,-76.15677792247864
2021-03-02,2021,3,1,0,0,1,DESPISTE,PUNO,PE-34B,225,-13.835731810517586,-70.4906198307929
2021-03-03,2021,3,2,0,0,1,CHOQUE,LIMA,PE-1S,9,-12.135465313922934,-76.97996279304951
2021-03-03,2021,3,2,0,0,0,DESPISTE,AREQUIPA,PE-34A,29,-16.41966244199301,-71.6459506314186
2021-03-03,2021,3,2,0,1,4,CHOQUE,ANCASH,PE-3N,148,-10.58859497890566,-76.18501305095728
2021-03-03,2021,3,2,0,0,0,CHOQUE,ICA,PE-1S,183,-13.389281095080594,-76.20101489842929
2021-03-03,2021,3,2,0,0,0,DESPISTE,ICA,PE-1S,183,-13.389281095080594,-76.20101489842929
2021-03-03,2021,3,2,0,0,0,CHOQUE,APURIMAC,PE-30A,306,-14.502291063413423,-73.25993180201417
2021-03-03,2021,3,2,0,1,0,CHOQUE,CUSCO,PE-3S,1114,-14.270139125842972,-71.23622064223056
2021-03-04,2021,3,3,0,0,0,CHOQUE,PIURA,PE-1NN,14,-4.802093117764988,-80.61777101622287
2021-03-04,2021,3,3,0,0,3,ATROPELLO,LIMA,PE-20A,28,-11.76215549176843,-76.97445551362878
2021-03-04,2021,3,3,0,0,3,CHOQUE,LA LIBERTAD,PE-10A,69,-7.934090312734418,-78.5911345445407
2021-03-04,2021,3,3,0,0,0,DESPISTE,LIMA,PE-22,85,-11.797678584749768,-76.33832511331053
2021-03-04,2021,3,3,0,0,2,CHOQUE,LIMA,PE-1N,115,-11.370151284322256,-77.44202915357737
2021-03-04,2021,3,3,0,0,2,CHOQUE,CUSCO,PE-30C,125,-13.588244970808958,-70.97237744335344
2021-03-04,2021,3,3,0,1,1,CHOQUE,LIMA,PE-1N,149,-11.111281897165105,-77.59217896675015
2021-03-04,2021,3,3,0,0,1,CHOQUE,ANCASH,PE-1N,396,-9.32701651766862,-78.4050039793727
2021-03-04,2021,3,3,0,0,2,CHOQUE,ANCASH,PE-1N,396,-9.32701651766862,-78.4050039793727
2021-03-04,2021,3,3,0,0,2,CHOQUE,MADRE DE DIOS,PE-30C,417,-12.62726728185078,-69.25305554883332
2021-03-04,2021,3,3,0,0,1,CHOQUE,LA LIBERTAD,PE-1N,517,-8.416559554747,-78.78809016495795
2021-03-04,2021,3,3,0,0,2,CHOQUE,LA LIBERTAD,PE-1N,517,-8.416559554747,-78.78809016495795
2021-03-04,2021,3,3,0,0,1,CHOQUE,LAMBAYEQUE,PE-1N,807,-6.608747822307387,-79.96826565673076
2021-03-04,2021,3,3,0,0,9,CHOQUE,CUSCO,PE-3S,950,-13.477842548645569,-72.11768215837961
2021-03-05,2021,3,4,0,0,0,DESPISTE,CAJAMARCA,PE-08B,37,-7.0790414274804325,-78.33084116319077
2021-03-05,2021,3,4,0,0,2,DESPISTE,AREQUIPA,PE-34A,62,-16.24611697654889,-71.67468554299344
2021-03-05,2021,3,4,0,0,4,CHOQUE,AYACUCHO,PE-28B,170,-12.613996439781523,-73.80673442858253
2021-03-05,2021,3,4,0,0,0,CHOQUE,ICA,PE-1S,379,-14.50137012408486,-75.25241378003477
2021-03-05,2021,3,4,0,0,1,CHOQUE,LA LIBERTAD,PE-1N,602,-7.855679851765026,-79.14248476140533
2021-03-06,2021,3,5,0,0,0,CHOQUE,AREQUIPA,PE-34A,0,-16.527178729999946,-71.78372332999993
2021-03-06,2021,3,5,0,0,3,DESPISTE,ICA,PE-1S,0,-12.058600714999956,-76.97339732799992
2021-03-06,2021,3,5,0,0,2,DESPISTE,LIMA,PE-1NE,5,-11.063957999163062,-77.5429051667492
2021-03-06,2021,3,5,0,0,0,CHOQUE,JUNIN,PE-22,134,-11.595724051536004,-76.1859660454933
2021-03-06,2021,3,5,0,0,1,DESPISTE,LIMA,PE-1N,145,-11.14688513821154,-77.597076553812
2021-03-06,2021,3,5,0,0,4,DESPISTE,APURIMAC,PE-30A,378,-14.075924542739973,-73.25852889652285
2021-03-06,2021,3,5,0,0,2,DESPISTE,CUSCO,PE-3S,1015,-13.685293737226,-71.65096144539895
2021-03-06,2021,3,5,0,0,0,ATROPELLO,MOQUEGUA,PE-1S,1196,-17.63038955295377,-70.96020563033855
2021-03-07,2021,3,6,0,1,0,CHOQUE,LIMA,PE-1N,42,-11.790854054126545,-77.14835534687332
2021-03-07,2021,3,6,0,0,1,CHOQUE,LIMA,PE-1N,124,-11.30391896867784,-77.48994919599751
2021-03-07,2021,3,6,0,0,2,DESPISTE,AREQUIPA,PE-34A,170,-15.80993767837302,-71.06136921606038
2021-03-07,2021,3,6,0,0,3,CHOQUE,TUMBES,PE-1N,189,-10.831733519592223,-77.69900243810184
2021-03-08,2021,3,0,0,1,2,CHOQUE,PIURA,PE-1N,13,-12.018419213960994,-77.05957169542499
2021-03-08,2021,3,0,0,0,1,DESPISTE,LIMA,PE-20A,26,-11.777373769398729,-76.98250171581955
2021-03-08,2021,3,0,0,0,4,CHOQUE,LIMA,PE-22,70,-11.875756205625285,-76.43000257756621
2021-03-08,2021,3,0,0,1,0,DESPISTE,AREQUIPA,PE-34A,73,-16.176169018141145,-71.64835508101379
2021-03-08,2021,3,0,0,0,2,CHOQUE,LIMA,PE-1S,98,-12.940814856339191,-76.4963256343087
2021-03-08,2021,3,0,0,0,1,VOLCADURA,MOQUEGUA,PE-36A,125,-16.88326564817184,-70.44620196110415
2021-03-08,2021,3,0,0,0,1,CHOQUE,HUANUCO,PE-3N,224,-10.007271273755688,-76.23783246696517
2021-03-08,2021,3,0,0,0,0,ATROPELLO,MADRE DE DIOS,PE-30C,322,-12.88735407035615,-70.01660983495881
2021-03-08,2021,3,0,0,1,0,CHOQUE,LA LIBERTAD,PE-1N,702,-7.245963299347794,-79.46770965455104
2021-03-08,2021,3,0,0,0,0,DESPISTE,AREQUIPA,PE-1S,926,-16.393000341439365,-72.09472770457789
2021-03-09,2021,3,1,0,0,2,CHOQUE,LA LIBERTAD,PE-10A,21,-8.064354647709798,-78.86011541956906
2021-03-09,2021,3,1,0,0,3,CHOQUE,JUNIN,PE-5S,26,-10.906534413176985,-75.12003719045012
2021-03-09,2021,3,1,0,0,0,DESPISTE,CAJAMARCA,PE-06B,32,-6.67031799035681,-79.03682158343476
2021-03-09,2021,3,1,0,0,0,DESPISTE,LIMA,PE-1S,132,-13.033356717515588,-76.47248465624018
2021-03-09,2021,3,1,0,0,1,DESPISTE,LIMA,PE-1N,153,-11.077178170857938,-77.58277443695867
2021-03-09,2021,3,1,0,0,0,CHOQUE,LIMA,PE-1N,160,-11.017857707648709,-77.60056932586828
2021-03-09,2021,3,1,0,0,0,DESPISTE,LA LIBERTAD,PE-1N,578,-8.054427448005656,-79.0877147514937
2021-03-10,2021,3,2,0,0,2,CHOQUE,JUNIN,PE-5S,47,-10.88452699284731,-74.96832018470894
2021-03-10,2021,3,2,0,1,0,CHOQUE,PIURA,PE-1N,67,-11.629287743368248,-77.20732481011504
2021-03-10,2021,3,2,0,0,0,CHOQUE,LIMA,PE-1N,88,-11.518387873127558,-77.29388354143688
2021-03-10,2021,3,2,0,0,0,CHOQUE,AREQUIPA,PE-34A,90,-16.070751940059218,-71.59055872013546
2021-03-10,2021,3,2,0,0,0,DESPISTE,LIMA,PE-1N,97,-11.45304438043922,-77.33160444977595
2021-03-10,2021,3,2,0,0,0,DESPISTE,LIMA,PE-1N,153,-11.077178170857938,-77.58277443695867
2021-03-11,2021,3,3,0,0,1,DESPISTE,JUNIN,PE-22B,30,-11.419304853012587,-75.7171682194714
2021-03-11,2021,3,3,0,0,3,CHOQUE,CAJAMARCA,PE-08B,35,-7.087249953819236,-78.33802116436944
2021-03-11,2021,3,3,0,0,0,DESPISTE,JUNIN,PE-3N,70,-11.015584208241725,-76.00767690421759
2021-03-11,2021,3,3,0,0,0,DESPISTE,PASCO,PE-3N,97,-10.850794976887466,-76.15662804022482
2021-03-11,2021,3,3,0,0,0,DESPISTE,JUNIN,PE-22,144,-11.600717758390408,-76.10773025137584
2021-03-11,2021,3,3,0,0,3,DESPISTE,PUNO,PE-34A,202,-15.718214889782512,-70.82134085599371
2021-03-11,2021,3,3,0,0,2,CHOQUE,ICA,PE-1S,217,-13.639010549533898,-76.15296472995847
2021-03-11,2021,3,3,0,0,1,CHOQUE,SAN MARTIN,PE-5N,553,-8.746048404472662,-76.19533165682115
2021-03-12,2021,3,4,0,1,0,CHOQUE,LA LIBERTAD,PE-10A,23,-8.049695616662605,-78.85033198536578
2021-03-12,2021,3,4,0,0,0,DESPISTE,AREQUIPA,PE-34A,110,-16.06838706496484,-71.42930690677025
2021-03-12,2021,3,4,0,0,2,DESPISTE,ANCASH,PE-16,118,-10.155379135583402,-77.31674906986133
2021-03-12,2021,3,4,0,0,1,CHOQUE,MADRE DE DIOS,PE-30C,422,-12.593592310146914,-69.22753943868666
2021-03-12,2021,3,4,0,0,0,CHOQUE,AREQUIPA,PE-1S,977,-16.59827268329323,-71.85322541824361
2021-03-13,2021,3,5,0,0,0,DESPISTE,CUSCO,PE-34G,17,-14.425928883907496,-71.30157522174042
2021-03-13,2021,3,5,0,0,0,CHOQUE,LIMA,PE-1S,21,-12.233941721727907,-76.96055560500984
2021-03-13,2021,3,5,0,0,1,CHOQUE,CUSCO,PE-28B,115,-12.761576429142435,-73.99099838749504
2021-03-13,2021,3,5,0,0,2,DESPISTE,JUNIN,PE-22,132,-11.599434301998857,-76.19350382354745
2021-03-13,2021,3,5,0,0,2,DESPISTE,PUNO,PE-34A,202,-15.718214889782512,-70.82134085599371
2021-03-13,2021,3,5,0,0,7,N.I.,LIMA,PE-1N,219,-10.59258418496701,-77.87046136590575
2021-03-13,2021,3,5,0,0,2,CHOQUE,PUNO,PE-34B,286,-13.457282327649802,-70.40958273796583
2021-03-13,2021,3,5,0,0,1,CHOQUE,ANCASH,PE-1N,387,-9.4006496519259,-78.3758900769182
2021-03-13,2021,3,5,0,0,1,DESPISTE,MADRE DE DIOS,PE-30C,414,-12.642097702106044,-69.26934309736976
2021-03-14,2021,3,6,0,0,1,CHOQUE,CAJAMARCA,PE-3N,22,-11.401326721103269,-75.88291158832953
2021-03-14,2021,3,6,0,0,1,CHOQUE,JUNIN,PE-3SA,52,-11.477748170215904,-75.67671426292681
2021-03-14,2021,3,6,0,0,1,DESPISTE,PIURA,PE-1N,68,-11.620236408031433,-77.2074018657356
2021-03-14,2021,3,6,0,0,2,DESPISTE,APURIMAC,PE-30A,378,-14.075924542739973,-73.25852889652285
2021-03-14,2021,3,6,0,0,1,DESPISTE,ICA,PE-1S,394,-14.529244687692556,-75.19621956038549
2021-03-15,2021,3,0,0,0,1,DESPISTE,LIMA,PE-1S,22,-12.23816144054279,-76.95243432758777
2021-03-15,2021,3,0,0,0,0,CHOQUE,PIURA,PE-1N,29,-11.876280329837073,-77.06902295015678
2021-03-15,2021,3,0,0,0,0,DESPISTE,LIMA,PE-22,72,-11.86082411839993,-76.4208394004285
2021-03-15,2021,3,0,0,0,1,DESPISTE,JUNIN,PE-22B,81,-11.191715497989174,-75.47136570211731
2021-03-15,2021,3,0,0,1,0,ATROPELLO,LIMA,PE-1S,97,-12.932281797664176,-76.4989866965431
2021-03-15,2021,3,0,0,0,3,CHOQUE,AREQUIPA,PE-34A,133,-16.009659113890738,-71.27526253149041
2021-03-15,2021,3,0,0,0,0,DESPISTE,AREQUIPA,PE-34A,135,-15.996314724701708,-71.26402442655132
2021-03-15,2021,3,0,0,0,0,DESPISTE,PUNO,PE-34A,160,-15.86650962371554,-71.13211339794492
2021-03-15,2021,3,0,0,0,1,DESPISTE,ICA,PE-1S,226,-13.714898314129082,-76.15379871750926
2021-03-15,2021,3,0,0,0,0,DESPISTE,LA LIBERTAD,PE-1N,536,-8.304708723512833,-78.90521340966767
2021-03-15,2021,3,0,0,0,3,CHOQUE,APURIMAC,PE-3S,809,-13.58358061007186,-72.83539502678221
2021-03-16,2021,3,1,0,0,0,DESPISTE,LIMA,PE-1S,30,-12.27613780870458,-76.88997544513248
2021-03-16,2021,3,1,0,0,3,DESPISTE,CAJAMARCA,PE-06B,94,-6.565642640697046,-78.79706254199421
2021-03-16,2021,3,1,0,0,0,DESPISTE,ANCASH,PE-16,121,-10.136737470900805,-77.30176707174654
2021-03-16,2021,3,1,0,0,0,DESPISTE,JUNIN,PE-22,139,-11.59410736443798,-76.1417273617344
2021-03-16,2021,3,1,0,0,0,DESPISTE,PUNO,PE-34A,205,-15.710261864557385,-70.81635288482103
2021-03-16,2021,3,1,0,0,1,CHOQUE,SAN MARTIN,PE-5N,434,-9.099644872584054,-75.7443634356203
2021-03-16,2021,3,1,0,0,2,DESPISTE,APURIMAC,PE-30A,443,-13.714864691207744,-72.9179896591038
2021-03-16,2021,3,1,0,0,1,CHOQUE,CUSCO,PE-3S,1103,-14.213187304234966,-71.29769966387647
2021-03-17,2021,3,2,0,0,1,CHOQUE,LIMA,PE-1S,22,-12.23816144054279,-76.95243432758777
2021-03-17,2021,3,2,0,0,12,DESPISTE,PASCO,PE-20A,84,-11.502015252708503,-76.66514532202419
2021-03-17,2021,3,2,0,0,0,CHOQUE,PASCO,PE-3N,169,-10.424765692179337,-76.19523973275544
2021-03-17,2021,3,2,0,0,2,ATROPELLO,CAJAMARCA,PE-08B,184,-6.822522278955102,-77.9474112107326
2021-03-17,2021,3,2,0,0,1,CHOQUE,LAMBAYEQUE,PE-1N,755,-6.936081057595697,-79.72772429975228
2021-03-17,2021,3,2,0,0,5,CHOQUE,TACNA,PE-1S,1292,-18.0159773282038,-70.26113037882865
2021-03-18,2021,3,3,0,0,1,CHOQUE,LIMA,PE-1N,84,-11.55014767325089,-77.27645631319672
2021-03-18,2021,3,3,0,0,1,CHOQUE,LIMA,PE-1S,97,-12.932281797664176,-76.4989866965431
2021-03-18,2021,3,3,0,0,3,DESPISTE,PUNO,PE-34A,288,-15.550926087520432,-70.22516252252863
2021-03-18,2021,3,3,0,1,1,CHOQUE,MADRE DE DIOS,PE-30C,324,-12.89176091055515,-69.99921662303102
2021-03-19,2021,3,4,0,0,0,DESPISTE,CUSCO,PE-34G,17,-14.425928883907496,-71.30157522174042
2021-03-19,2021,3,4,0,0,2,CHOQUE,LIMA,PE-1S,42,-12.346898641804312,-76.8100491539498
2021-03-19,2021,3,4,0,0,1,CHOQUE,MADRE DE DIOS,PE-30C,389,-12.719560387020726,-69.48856092480203
2021-03-19,2021,3,4,0,0,0,DESPISTE,ANCASH,PE-1N,405,-9.256612109220557,-78.43404856221233
2021-03-19,2021,3,4,0,0,1,DESPISTE,PIURA,PE-1N,905,-5.97115141958002,-80.53034334430674
2021-03-19,2021,3,4,0,1,0,CHOQUE,CUSCO,PE-3S,986,-13.554165083429265,-71.85846045440697
2021-03-20,2021,3,5,0,1,0,CHOQUE,LIMA,PE-1N,5,-12.030899527517434,-77.00296103022148
2021-03-20,2021,3,5,0,1,0,DESPISTE,SAN MARTIN,PE-5NB,14,-6.459504118152641,-76.30139469082312
2021-03-20,2021,3,5,0,0,0,CHOQUE,AREQUIPA,PE-34A,17,-16.452080361408385,-71.68889321286376
2021-03-20,2021,3,5,0,0,1,DESPISTE,JUNIN,PE-3S,73,-11.821985425523051,-75.50537376348963
2021-03-20,2021,3,5,0,0,1,DESPISTE,APURIMAC,PE-30A,298,-14.516774647041704,-73.27449505903488
2021-03-20,2021,3,5,0,0,1,DESPISTE,AREQUIPA,PE-1S,596,-15.808541827122104,-74.36411932509961
2021-03-20,2021,3,5,0,0,0,DESPISTE,AREQUIPA,PE-1S,948,-16.46657068222686,-71.92730620901166
2021-03-21,2021,3,6,0,0,1,DESPISTE,CAJAMARCA,PE-08A,17,-7.149901622110398,-78.84351746004594
2021-03-21,2021,3,6,0,0,1,DESPISTE,JUNIN,PE-3SA,20,-11.663271179761406,-75.578372596142
2021-03-21,2021,3,6,0,0,5,CHOQUE,CAJAMARCA,PE-3N,38,-11.275576855331495,-75.92515139189797
2021-03-21,2021,3,6,0,0,2,DESPISTE,LAMBAYEQUE,PE-1NJ,95,-5.955106538830416,-79.7562599592598
2021-03-22,2021,3,0,0,0,2,CHOQUE,JUNIN,PE-3N,2,-11.51697932917094,-75.92525230461979
2021-03-22,2021,3,0,0,0,1,CHOQUE,LIMA,PE-1NE,8,-11.072643552373872,-77.51724834465243
2021-03-22,2021,3,0,0,0,3,DESPISTE,CUSCO,PE-30C,145,-13.515556048927976,-70.89883770545458
2021-03-22,2021,3,0,0,0,0,DESPISTE,LIMA,PE-1N,187,-10.838933147581804,-77.6966656488656
2021-03-22,2021,3,0,0,0,1,DESPISTE,SAN MARTIN,PE-5N,514,-8.987998410771592,-76.08167150173009
2021-03-22,2021,3,0,0,1,0,CHOQUE,LA LIBERTAD,PE-1N,701,-7.248487548719749,-79.47487144016594
2021-03-22,2021,3,0,0,0,0,DESPISTE,AREQUIPA,PE-1S,960,-16.50024966329882,-71.83049626618092
2021-03-23,2021,3,1,0,0,0,CHOQUE,CUSCO,PE-30C,2,-13.68036639040393,-71.60307944127136
2021-03-23,2021,3,1,0,0,23,DESPISTE,LIMA,PE-22,9,-12.018614236936148,-76.9122752302355
2021-03-23,2021,3,1,0,0,2,CHOQUE,LIMA,PE-20C,19,-11.482897487972885,-77.15053825962282
2021-03-23,2021,3,1,0,0,1,CHOQUE,PIURA,PE-1N,23,-11.928881120159856,-77.07251352389007
2021-03-23,2021,3,1,0,0,3,DESPISTE,JUNIN,PE-3SA,40,-11.54691918681432,-75.6273280431265
2021-03-23,2021,3,1,0,0,2,DESPISTE,LIMA,PE-1N,115,-11.370151284322256,-77.44202915357737
2021-03-23,2021,3,1,0,0,1,DESPISTE,LIMA,PE-22,132,-11.599434301998857,-76.19350382354745
2021-03-23,2021,3,1,0,2,19,CHOQUE,LAMBAYEQUE,PE-1N,754,-6.940818416111369,-79.72005947592885
2021-03-23,2021,3,1,0,0,2,CHOQUE,AREQUIPA,PE-1S,844,-16.658594079240718,-72.63194091311208
2021-03-23,2021,3,1,0,0,2,DESPISTE,AREQUIPA,PE-1S,873,-16.526311857696278,-72.47455614692106
2021-03-24,2021,3,2,0,0,0,DESPISTE,UCAYALI,PE-18C,72,-8.409462093349871,-74.64937863207601
2021-03-24,2021,3,2,0,0,2,DESPISTE,ICA,PE-1S,226,-13.714898314129082,-76.15379871750926
2021-03-24,2021,3,2,0,0,0,DESPISTE,ICA,PE-1S,303,-14.110085448653107,-75.71798742551744
2021-03-24,2021,3,2,0,0,0,CHOQUE,AREQUIPA,PE-1S,685,-16.181321539429533,-73.75196868506998
2021-03-25,2021,3,3,0,0,0,CHOQUE,AREQUIPA,PE-34A,43,-16.34566057274956,-71.58157999999992
2021-03-25,2021,3,3,0,1,0,CHOQUE,LA LIBERTAD,PE-10A,57,-7.984461035359549,-78.65199167795566
2021-03-25,2021,3,3,0,0,0,DESPISTE,LIMA,PE-1N,85,-11.542148320798743,-77.28069405572357
2021-03-25,2021,3,3,0,0,0,CHOQUE,LIMA,PE-1N,85,-11.542148320798743,-77.28069405572357
2021-03-25,2021,3,3,0,0,0,CHOQUE,LIMA,PE-1N,85,-11.542148320798743,-77.28069405572357
2021-03-25,2021,3,3,0,1,0,CHOQUE,ANCASH,PE-16,114,-10.15665064745004,-77.32602968346578
2021-03-25,2021,3,3,0,0,0,CHOQUE,SAN MARTIN,PE-5N,471,-9.19369648902883,-75.87266161750564
2021-03-25,2021,3,3,0,1,1,ATROPELLO,PUNO,PE-3S,1224,-14.894262416257732,-70.59081799009047
2021-03-26,2021,3,4,0,0,2,DESPISTE,LORETO,PE-5NI,3,-3.7200358597846415,-73.24271675800797
2021-03-26,2021,3,4,0,1,3,CHOQUE,AREQUIPA,PE-34A,75,-16.163114130662024,-71.64551036603693
2021-03-26,2021,3,4,0,0,0,CHOQUE,LIMA,PE-1N,75,-11.613182867318375,-77.23179150617773
2021-03-26,2021,3,4,0,0,0,CHOQUE,AREQUIPA,PE-1S,986,-16.67396806540126,-71.87101417483842
2021-03-27,2021,3,5,0,0,1,CHOQUE,PIURA,PE-1N,4,-12.029881894044047,-76.99429512668502
2021-03-27,2021,3,5,0,0,0,CHOQUE,LIMA,PE-20A,23,-11.80202208759662,-76.98538611095874
2021-03-27,2021,3,5,0,0,0,DESPISTE,JUNIN,PE-22B,26,-11.419224721507325,-75.7490794571029
2021-03-27,2021,3,5,0,0,0,CHOQUE,CUSCO,PE-28F,37,-13.324191452083875,-72.12009570084557
2021-03-27,2021,3,5,0,0,0,CHOQUE,LIMA,PE-1N,75,-11.613182867318375,-77.23179150617773
2021-03-27,2021,3,5,0,0,2,CHOQUE,JUNIN,PE-22B,84,-11.176400822936204,-75.45030024330721
2021-03-27,2021,3,5,0,1,0,ESPECIAL,LIMA,PE-22,85,-11.797678584749768,-76.33832511331053
2021-03-27,2021,3,5,0,0,0,DESPISTE,CUSCO,PE-28B,551,-13.123475724119606,-72.33578598945013
2021-03-27,2021,3,5,0,0,0,CHOQUE,AREQUIPA,PE-1S,733,-16.314819523211042,-73.36374756498316
2021-03-28,2021,3,6,0,0,0,CHOQUE,JUNIN,PE-3N,39,-11.26668632362294,-75.92268190747808
2021-03-28,2021,3,6,0,0,0,DESPISTE,PUNO,PE-36A,299,-16.611327826849575,-69.0932279495322
2021-03-28,2021,3,6,0,0,0,DESPISTE,APURIMAC,PE-30A,305,-14.508931596787791,-73.26350772839417
2021-03-29,2021,3,0,0,0,0,CHOQUE,AREQUIPA,PE-34A,1,-16.528980167571643,-71.77503284871896
2021-03-29,2021,3,0,0,0,1,DESPISTE,MOQUEGUA,PE-36,18,-17.623336786407602,-71.18016848640599
2021-03-29,2021,3,0,0,0,1,CHOQUE,LAMBAYEQUE,PE-06A,39,-6.731929818874629,-79.55964498684251
2021-03-29,2021,3,0,0,0,0,CHOQUE,AREQUIPA,PE-34A,63,-16.24108744454076,-71.66959297781624
2021-03-29,2021,3,0,0,0,0,DESPISTE,ANCASH,PE-16,94,-10.144820962795023,-77.41890854777459
2021-03-29,2021,3,0,0,0,1,DESPISTE,HUANUCO,PE-18A,118,-9.338987683968853,-75.98647291738689
2021-03-29,2021,3,0,0,0,1,CHOQUE,LIMA,PE-1N,150,-11.10264150638305,-77.58969396542564
2021-03-29,2021,3,0,0,0,0,CHOQUE,ANCASH,PE-3N,162,-10.480445182181336,-76.18196327868787
2021-03-29,2021,3,0,0,0,1,DESPISTE,LIMA,PE-1N,218,-10.601543724012462,-77.87106821361006
2021-03-29,2021,3,0,0,0,2,CHOQUE,ANCASH,PE-1N,292,-10.079413907454422,-78.1506975550275
2021-03-30,2021,3,1,0,0,0,CHOQUE,CAJAMARCA,PE-3N,8,-11.481597150923148,-75.95672083384216
2021-03-30,2021,3,1,0,0,3,DESPISTE,AREQUIPA,PE-34E,10,-15.98021920898444,-71.38222639140666
2021-03-30,2021,3,1,0,0,1,CHOQUE,LIMA,PE-1N,69,-11.611573094810431,-77.20594646622817
2021-03-30,2021,3,1,0,2,0,CHOQUE,ICA,PE-1S,423,-14.715954984230008,-75.09158291576988
2021-03-31,2021,3,2,0,1,0,CHOQUE,PIURA,PE-1NL,3,-4.91364316252069,-80.67157421678512
2021-03-31,2021,3,2,0,0,2,DESPISTE,JUNIN,PE-22B,8,-11.402659603195469,-75.82116699642796
2021-03-31,2021,3,2,0,0,3,CHOQUE,MOQUEGUA,PE-1SD,17,-16.68615035980611,-72.50864195293506
2021-03-31,2021,3,2,0,0,1,DESPISTE,LIMA,PE-1NA,18,-11.646123812970783,-77.20818641099416
2021-03-31,2021,3,2,0,0,2,CHOQUE,MOQUEGUA,PE-36B,42,-16.578758635213493,-70.37813724579803
2021-03-31,2021,3,2,0,0,0,N.I.,LAMBAYEQUE,PE-06A,65,-6.632075617547539,-79.39859937415851
2021-03-31,2021,3,2,0,0,0,DESPISTE,LIMA,PE-1S,79,-12.622155134287611,-76.67070490348846
2021-03-31,2021,3,2,0,0,2,CHOQUE,PUNO,PE-34H,163,-14.523460929677766,-69.6710472524086
2021-03-31,2021,3,2,0,0,1,DESPISTE,AREQUIPA,PE-34A,181,-15.766109999999912,-70.97783042100791
2021-03-31,2021,3,2,0,0,1,DESPISTE,PUNO,PE-34A,181,-15.766109999999912,-70.97783042100791
2021-03-31,2021,3,2,0,0,2,DESPISTE,ICA,PE-1S,226,-13.714898314129082,-76.15379871750926
2021-04-01,2021,4,3,0,0,1,CHOQUE,LIMA,PE-1S,108,-12.80540376186029,-76.54555704667551
2021-04-01,2021,4,3,0,0,0,DESPISTE,ANCASH,PE-1N,341,-9.730542237425908,-78.26112446450901
2021-04-01,2021,4,3,0,0,1,DESPISTE,AMAZONAS,PE-5N,353,-8.829826531716229,-75.21633298433368
2021-04-03,2021,4,5,0,0,1,CHOQUE,LAMBAYEQUE,PE-06A,24,-6.744223395614456,-79.68605895300723
2021-04-03,2021,4,5,0,0,1,CHOQUE,ANCASH,PE-3N,651,-9.036477551374414,-77.8204262655402
2021-04-04,2021,4,6,0,1,0,CHOQUE,CAJAMARCA,PE-08B,2,-7.165235502108614,-78.48429918127292
2021-04-04,2021,4,6,0,1,0,ESPECIAL,LIMA,PE-1S,51,-12.406260825749756,-76.75671785301714
2021-04-04,2021,4,6,0,1,1,CHOQUE,HUANUCO,PE-18A,64,-9.657498972955931,-76.06385277758093
2021-04-04,2021,4,6,0,0,5,DESPISTE,LIMA,PE-22,82,-11.8105007855227,-76.35303580366866
2021-04-04,2021,4,6,0,0,0,CHOQUE,AREQUIPA,PE-34A,185,-15.754162249829529,-70.95101871894164
2021-04-05,2021,4,0,0,0,2,CHOQUE,SAN MARTIN,PE-5NB,29,-6.417647013220136,-76.29610739584722
2021-04-05,2021,4,0,0,0,2,CHOQUE,HUANUCO,PE-18A,117,-9.346429147684768,-75.98152305216388
2021-04-05,2021,4,0,0,0,0,CHOQUE,LIMA,PE-1S,128,-12.712765346131768,-76.629701758712
2021-04-05,2021,4,0,0,0,1,CHOQUE,ICA,PE-1S,254,-13.905063042848166,-76.04970215746565
2021-04-05,2021,4,0,0,0,3,VOLCADURA,ANCASH,PE-1N,407,-9.242911107421294,-78.44563424343892
2021-04-05,2021,4,0,0,0,5,DESPISTE,SAN MARTIN,PE-5N,446,-9.140002385092885,-75.78234453077094
2021-04-05,2021,4,0,0,0,3,DESPISTE,CUSCO,PE-3S,913,-13.457739732101516,-72.3933423452367
2021-04-06,2021,4,1,0,1,0,CHOQUE,HUANUCO,PE-18A,85,-9.546952744475153,-76.00979440983846
2021-04-06,2021,4,1,0,0,0,DESPISTE,CAJAMARCA,PE-3N,87,-10.894060145693263,-76.08004026975293
2021-04-06,2021,4,1,0,0,0,CHOQUE,LIMA,PE-22,112,-11.67094606237875,-76.25628872745061
2021-04-06,2021,4,1,0,0,1,CHOQUE,LIMA,PE-1N,121,-11.32597621175267,-77.47398276617513
2021-04-06,2021,4,1,0,1,3,DESPISTE,LIMA,PE-1N,212,-10.64959579125828,-77.8481143075102
2021-04-06,2021,4,1,0,0,0,DESPISTE,PUNO,PE-34A,236,-15.688032551956711,-70.61882568994588
2021-04-06,2021,4,1,0,0,1,CHOQUE,SAN MARTIN,PE-5N,596,-8.422846331202868,-76.32609883856692
2021-04-07,2021,4,2,0,0,2,DESPISTE,JUNIN,PE-3N,21,-11.405611136614198,-75.88866325828847
2021-04-07,2021,4,2,0,1,0,ATROPELLO,LIMA,PE-1N,36,-11.833657622641407,-77.11324051344288
2021-04-07,2021,4,2,0,0,1,CHOQUE,LIMA,PE-1S,53,-12.424112563376994,-76.75390574014192
2021-04-07,2021,4,2,0,0,2,CHOQUE,PUNO,PE-34B,82,-14.72112355949085,-70.36110285185441
2021-04-07,2021,4,2,0,1,0,CHOQUE,ANCASH,PE-1N,371,-9.486043543365328,-78.27292896472373
2021-04-07,2021,4,2,0,0,1,DESPISTE,SAN MARTIN,PE-5N,432,-9.08959592737608,-75.7329820590451
2021-04-07,2021,4,2,0,0,0,DESPISTE,SAN MARTIN,PE-5N,447,-9.138822679959642,-75.78760039462384
2021-04-07,2021,4,2,0,0,0,CHOQUE,AREQUIPA,PE-1S,862,-16.5445018702583,-72.57421449140094
2021-04-07,2021,4,2,0,0,0,DESPISTE,PIURA,PE-1N,892,-6.083747435277642,-80.50207495911454
2021-04-07,2021,4,2,0,0,0,CHOQUE,AREQUIPA,PE-1S,959,-16.495487334472188,-71.838480160404
2021-04-07,2021,4,2,0,0,0,CHOQUE,AREQUIPA,PE-1S,1041,-17.027181748636483,-71.6844183597377
2021-04-08,2021,4,3,0,0,0,CHOQUE,MOQUEGUA,PE-1SD,21,-16.690480797665096,-72.47542140824321
2021-04-08,2021,4,3,0,0,3,DESPISTE,LIMA,PE-1S,52,-12.415186934417584,-76.75539200264268
2021-04-08,2021,4,3,0,1,2,DESPISTE,LIMA,PE-1S,71,-12.570198805780503,-76.69642422185582
2021-04-08,2021,4,3,0,0,0,CHOQUE,LIMA,PE-1S,128,-12.712765346131768,-76.629701758712
2021-04-08,2021,4,3,0,0,2,CHOQUE,PIURA,PE-1N,135,-11.223052958048491,-77.54847131269644
2021-04-08,2021,4,3,0,0,0,DESPISTE,ANCASH,PE-3N,149,-10.579784782538278,-76.1874072993174
2021-04-08,2021,4,3,0,1,0,ATROPELLO,SAN MARTIN,PE-5N,434,-9.099644872584054,-75.7443634356203
2021-04-08,2021,4,3,0,0,1,DESPISTE,MOQUEGUA,PE-1S,1149,-17.304139399158963,-70.98824443932251
2021-04-08,2021,4,3,0,0,0,CHOQUE,CUSCO,PE-28G,N.I.,-13.505258191999928,-71.97114911299991
2021-04-09,2021,4,4,0,0,2,DESPISTE,PIURA,PE-1N,20,-11.955729325248209,-77.06936122850793
2021-04-09,2021,4,4,0,0,1,CHOQUE,SAN MARTIN,PE-5NB,75,-6.172845187537631,-76.25787116108214
2021-04-09,2021,4,4,0,0,1,CHOQUE,LAMBAYEQUE,PE-1NJ,91,-5.986065575619233,-79.73949937898931
2021-04-09,2021,4,4,0,0,0,CHOQUE,CUSCO,PE-28B,478,-12.984089710837566,-72.65610358832889
2021-04-09,2021,4,4,0,1,0,CHOQUE,APURIMAC,PE-3S,641,-13.653032344785426,-73.3144519969554
2021-04-09,2021,4,4,0,0,0,DESPISTE,AREQUIPA,PE-1S,1031,-16.99556814301624,-71.72508998011439
2021-04-09,2021,4,4,0,0,1,CHOQUE,TACNA,PE-1S,1298,-18.06039571691551,-70.28587392014111
2021-04-10,2021,4,5,0,0,0,DESPISTE,CAJAMARCA,PE-08B,2,-7.165235502108614,-78.48429918127292
2021-04-10,2021,4,5,0,0,0,DESPISTE,LIMA,PE-1S,51,-12.406260825749756,-76.75671785301714
2021-04-10,2021,4,5,0,0,1,DESPISTE,HUANUCO,PE-18A,64,-9.657498972955931,-76.06385277758093
2021-04-10,2021,4,5,0,0,1,DESPISTE,LIMA,PE-22,82,-11.8105007855227,-76.35303580366866
2021-04-10,2021,4,5,0,0,0,DESPISTE,LIMA,PE-1S,128,-12.712765346131768,-76.629701758712
2021-04-10,2021,4,5,0,0,1,DESPISTE,AREQUIPA,PE-34A,185,-15.754162249829529,-70.95101871894164
2021-04-10,2021,4,5,0,0,1,DESPISTE,ANCASH,PE-1N,407,-9.242911107421294,-78.44563424343892
2021-04-11,2021,4,6,0,1,0,CHOQUE,SAN MARTIN,PE-5NB,29,-6.417647013220136,-76.29610739584722
2021-04-11,2021,4,6,0,0,2,CHOQUE,JUNIN,PE-3S,69,-11.80216033819456,-75.52956956591535
2021-04-11,2021,4,6,0,0,1,CHOQUE,CAJAMARCA,PE-3N,87,-10.894060145693263,-76.08004026975293
2021-04-11,2021,4,6,0,0,1,CHOQUE,HUANUCO,PE-18A,117,-9.346429147684768,-75.98152305216388
2021-04-11,2021,4,6,0,1,0,CHOQUE,LIMA,PE-1N,212,-10.64959579125828,-77.8481143075102
2021-04-11,2021,4,6,0,0,0,DESPISTE,PUNO,PE-34A,236,-15.688032551956711,-70.61882568994588
2021-04-11,2021,4,6,0,0,1,ATROPELLO,ICA,PE-1S,290,-14.010245210882806,-75.76528016364195
2021-04-11,2021,4,6,0,0,1,CHOQUE,SAN MARTIN,PE-5N,446,-9.140002385092885,-75.78234453077094
2021-04-12,2021,4,0,0,0,1,CHOQUE,LIMA,PE-22,1,-12.030625872855016,-76.98333853747452
2021-04-12,2021,4,0,0,0,0,ESPECIAL,LIMA,PE-1S,67,-12.541498764666107,-76.71744604357072
2021-04-12,2021,4,0,0,0,1,CHOQUE,JUNIN,PE-22,137,-11.598333234186349,-76.15669596477372
2021-04-12,2021,4,0,0,0,0,DESPISTE,PUNO,PE-34B,220,-13.854922575974602,-70.50837907121132
2021-04-13,2021,4,1,0,0,0,CHOQUE,LA LIBERTAD,PE-10A,21,-8.064354647709798,-78.86011541956906
2021-04-13,2021,4,1,0,0,1,DESPISTE,ANCASH,PE-14,32,-9.516955742902104,-78.04788767506425
2021-04-13,2021,4,1,0,0,1,CHOQUE,LAMBAYEQUE,PE-06A,55,-6.68608262806268,-79.45281486974875
2021-04-13,2021,4,1,0,0,0,DESPISTE,LIMA,PE-1N,74,-11.61032449534697,-77.223165537099
2021-04-13,2021,4,1,0,0,1,CHOQUE,ICA,PE-1S,226,-13.714898314129082,-76.15379871750926
2021-04-13,2021,4,1,0,0,1,DESPISTE,MADRE DE DIOS,PE-30C,408,-12.660624782020117,-69.32290546056892
2021-04-13,2021,4,1,0,0,1,CHOQUE,ANCASH,PE-1N,418,-9.058068068236896,-78.59017083827591
2021-04-13,2021,4,1,0,0,2,DESPISTE,LA LIBERTAD,PE-1N,732,-7.058083264723555,-79.57042450172128
2021-04-13,2021,4,1,0,0,1,CHOQUE,AREQUIPA,PE-1S,946,-16.46983470777,-71.94217847103849
2021-04-14,2021,4,2,0,0,1,DESPISTE,AREQUIPA,PE-34A,180,-15.763305766868132,-70.9865046216848
2021-04-14,2021,4,2,0,0,0,CHOQUE,SAN MARTIN,PE-5N,443,-9.155593658883795,-75.77074892689224
2021-04-14,2021,4,2,0,0,0,CHOQUE,LA LIBERTAD,PE-1N,639,-7.62425593060786,-79.36260330682661
2021-04-14,2021,4,2,0,0,0,CHOQUE,AREQUIPA,PE-1S,817,-16.57134922951973,-72.81503419438691
2021-04-14,2021,4,2,0,0,0,DESPISTE,AREQUIPA,PE-1S,875,-16.52045391330248,-72.45683872460684
2021-04-15,2021,4,3,0,0,0,VOLCADURA,ANCASH,PE-12,22,-8.817322387677768,-78.55368498605442
2021-04-15,2021,4,3,0,0,1,CHOQUE,LIMA,PE-22,23,-11.980158122472124,-76.78913228552031
2021-04-15,2021,4,3,0,1,0,DESPISTE,JUNIN,PE-3SA,47,-11.505985423644988,-75.65101987114569
2021-04-15,2021,4,3,0,0,0,CHOQUE,LIMA,PE-1N,72,-11.603811379412052,-77.20606249487899
2021-04-15,2021,4,3,0,0,0,DESPISTE,ANCASH,PE-3N,123,-10.693518890651662,-76.22636326476739
2021-04-15,2021,4,3,0,0,0,DESPISTE,ICA,PE-1S,377,-14.497228660595075,-75.26832944185828
2021-04-15,2021,4,3,0,0,0,CHOQUE,ANCASH,PE-3N,501,-10.119209726567012,-77.29309034175797
2021-04-16,2021,4,4,0,0,0,DESPISTE,LIMA,PE-1S,41,-12.339832093802428,-76.81572625312138
2021-04-16,2021,4,4,0,0,1,DESPISTE,JUNIN,PE-3SA,46,-11.513197854169624,-75.6473568939924
2021-04-16,2021,4,4,0,0,1,CHOQUE,LIMA,PE-1N,58,-11.701089496391967,-77.17905836286985
2021-04-16,2021,4,4,0,0,0,DESPISTE,ANCASH,PE-1N,375,-9.475397416819506,-78.30359864439865
2021-04-16,2021,4,4,0,0,0,CHOQUE,ICA,PE-1S,377,-14.497228660595075,-75.26832944185828
2021-04-16,2021,4,4,0,0,0,ATROPELLO,ICA,PE-1S,430,-14.761983466309909,-75.04695554289954
2021-04-16,2021,4,4,0,0,0,CHOQUE,LA LIBERTAD,PE-1N,514,-8.43433401473071,-78.76818304613947
2021-04-16,2021,4,4,0,0,0,CHOQUE,AREQUIPA,PE-1S,769,-16.43510658143462,-73.13244888327368
2021-04-16,2021,4,4,0,0,0,CHOQUE,AREQUIPA,PE-1S,814,-16.557909948184076,-72.83930758039014
2021-04-17,2021,4,5,0,0,4,CHOQUE,JUNIN,PE-3SA,20,-11.663271179761406,-75.578372596142
2021-04-17,2021,4,5,0,0,0,CHOQUE,AREQUIPA,PE-34A,52,-16.294228058226057,-71.6378719417738
2021-04-17,2021,4,5,0,0,1,DESPISTE,AREQUIPA,PE-34A,52,-16.294228058226057,-71.6378719417738
2021-04-17,2021,4,5,0,0,3,CHOQUE,JUNIN,PE-3N,59,-11.106899917470416,-75.99497648807407
2021-04-17,2021,4,5,0,0,5,DESPISTE,LIMA,PE-22,112,-11.67094606237875,-76.25628872745061
2021-04-17,2021,4,5,0,0,0,DESPISTE,LIMA,PE-1N,192,-10.820619821698443,-77.70062298645144
2021-04-17,2021,4,5,0,0,1,CHOQUE,ANCASH,PE-1N,442,-9.001430059020537,-78.61814642803137
2021-04-17,2021,4,5,0,2,2,CHOQUE,ICA,PE-1S,454,-14.893460644068568,-74.98958277121174
2021-04-17,2021,4,5,0,0,0,DESPISTE,LA LIBERTAD,PE-1N,681,-7.378742556730164,-79.5415453213291
2021-04-17,2021,4,5,0,0,1,CHOQUE,AREQUIPA,PE-1S,973,-16.569680778086596,-71.83041879254921
2021-04-18,2021,4,6,0,0,0,CHOQUE,LIMA,PE-20C,31,-11.416431401992488,-77.07695624166584
2021-04-18,2021,4,6,0,0,0,DESPISTE,JUNIN,PE-3S,74,-11.82511127072053,-75.49715399401276
2021-04-18,2021,4,6,0,0,0,CHOQUE,LIMA,PE-22,78,-11.836472512317764,-76.37600339735839
2021-04-18,2021,4,6,0,0,1,CHOQUE,LIMA,PE-22,112,-11.67094606237875,-76.25628872745061
2021-04-18,2021,4,6,0,0,1,DESPISTE,AREQUIPA,PE-34A,140,-15.973195227581272,-71.2388387516973
2021-04-18,2021,4,6,0,0,1,DESPISTE,LA LIBERTAD,PE-1N,556,-8.163742982563871,-79.01003452466156
2021-04-18,2021,4,6,0,0,0,DESPISTE,APURIMAC,PE-3S,764,-13.68196798359628,-72.91870890975014
2021-04-19,2021,4,0,0,0,2,DESPISTE,LIMA,PE-20C,31,-11.416431401992488,-77.07695624166584
2021-04-19,2021,4,0,0,0,0,DESPISTE,JUNIN,PE-3S,71,-11.809030182276045,-75.51790937294321
2021-04-19,2021,4,0,0,0,2,CHOQUE,JUNIN,PE-3S,74,-11.82511127072053,-75.49715399401276
2021-04-19,2021,4,0,0,0,4,CHOQUE,LIMA,PE-22,78,-11.836472512317764,-76.37600339735839
2021-04-19,2021,4,0,0,0,0,DESPISTE,AYACUCHO,PE-28B,160,-12.610957202866764,-73.838611773323
2021-04-19,2021,4,0,0,0,2,CHOQUE,SAN MARTIN,PE-5N,516,-8.972208417140031,-76.09064922828613
2021-04-19,2021,4,0,0,0,3,CHOQUE,LA LIBERTAD,PE-1N,556,-8.163742982563871,-79.01003452466156
2021-04-20,2021,4,1,0,0,0,CHOQUE,PUNO,PE-34I,1,-15.2309136917677,-69.82053109653657
2021-04-20,2021,4,1,0,0,3,CHOQUE,LA LIBERTAD,PE-10A,25,-8.033899397268389,-78.84204042570914
2021-04-20,2021,4,1,0,0,2,CHOQUE,LA LIBERTAD,PE-1N,513,-8.437957350809187,-78.75985440911168
2021-04-20,2021,4,1,0,0,1,CHOQUE,PUNO,PE-3S,1319,-15.504080451559252,-70.11715619133166
2021-04-21,2021,4,2,0,0,2,CHOQUE,JUNIN,PE-3S,29,-11.682692500326343,-75.77468691580232
2021-04-21,2021,4,2,0,0,2,DESPISTE,PIURA,PE-1N,124,-11.30391896867784,-77.48994919599751
2021-04-21,2021,4,2,0,0,0,DESPISTE,CUSCO,PE-28B,197,-12.705598650341305,-73.66623098810717
2021-04-21,2021,4,2,0,0,0,DESPISTE,LIMA,PE-1N,200,-10.71413356553183,-77.76782774512458
2021-04-21,2021,4,2,0,0,2,DESPISTE,PUNO,PE-34A,241,-15.688123573318162,-70.58116609315945
2021-04-21,2021,4,2,0,0,2,CHOQUE,APURIMAC,PE-3S,583,-13.61409277616683,-73.58358051921135
2021-04-22,2021,4,3,0,3,2,DESPISTE,LIMA,PE-20C,22,-11.467029563946042,-77.13534281987424
2021-04-22,2021,4,3,0,0,1,DESPISTE,ANCASH,PE-1N,395,-9.333695428483743,-78.39942416409477
2021-04-23,2021,4,4,0,0,0,DESPISTE,LIMA,PE-1NE,5,-11.063957999163062,-77.5429051667492
2021-04-23,2021,4,4,0,0,0,CHOQUE,AREQUIPA,PE-34A,119,-16.06696825950054,-71.36374955700367
2021-04-23,2021,4,4,0,0,2,CHOQUE,ICA,PE-1S,186,-13.413397208384122,-76.18864368453282
2021-04-23,2021,4,4,0,0,0,DESPISTE,ANCASH,PE-1N,331,-9.794747917765644,-78.21003300553888
2021-04-23,2021,4,4,0,0,1,DESPISTE,MADRE DE DIOS,PE-30C,389,-12.719560387020726,-69.48856092480203
2021-04-23,2021,4,4,0,0,2,DESPISTE,ANCASH,PE-1N,395,-9.333695428483743,-78.39942416409477
2021-04-23,2021,4,4,0,0,1,CHOQUE,ICA,PE-1S,488,-15.181699250326,-74.96352889056517
2021-04-23,2021,4,4,0,0,0,CHOQUE,LA LIBERTAD,PE-1N,618,-7.773160655250288,-79.25483010080309
2021-04-23,2021,4,4,0,0,0,CHOQUE,AREQUIPA,PE-1S,754,-16.398781913098887,-73.23132556094414
2021-04-23,2021,4,4,0,0,3,DESPISTE,AREQUIPA,PE-1S,945,-16.47371874656298,-71.94765345258507
2021-04-24,2021,4,5,0,0,1,DESPISTE,CUSCO,PE-28G,3,-13.517812311165631,-71.96075783927382
2021-04-24,2021,4,5,0,0,1,CHOQUE,LIMA,PE-1NB,6,-11.514227168178378,-77.23533170173702
2021-04-24,2021,4,5,0,1,0,CHOQUE,JUNIN,PE-5S,59,-10.926243028204226,-74.8750442882247
2021-04-24,2021,4,5,0,0,1,ATROPELLO,JUNIN,PE-1S,112,-12.835083425223448,-76.52421939663458
2021-04-24,2021,4,5,0,0,1,DESPISTE,HUANUCO,PE-18A,121,-9.314556152784927,-75.99697328824485
2021-04-24,2021,4,5,0,0,0,DESPISTE,AREQUIPA,PE-34A,179,-15.764218560835296,-70.99473497219276
2021-04-24,2021,4,5,0,0,0,DESPISTE,AREQUIPA,PE-1S,622,-15.866282881647765,-74.18763601310539
2021-04-24,2021,4,5,0,0,0,CHOQUE,APURIMAC,PE-3S,718,-13.65550930145064,-73.06870549076044
2021-04-25,2021,4,6,0,0,5,DESPISTE,AREQUIPA,PE-34E,23,-15.890242652728162,-71.38016854582028
2021-04-25,2021,4,6,0,0,1,DESPISTE,LIMA,PE-1S,142,-13.10467346984372,-76.41897314818537
2021-04-25,2021,4,6,0,0,0,CHOQUE,LA LIBERTAD,PE-1N,653,-7.50950556980451,-79.40534545047277
2021-04-25,2021,4,6,0,0,2,DESPISTE,PIURA,PE-1N,1132,-4.36706521035891,-81.1292095886618
2021-04-26,2021,4,0,0,0,0,ESPECIAL,LIMA,PE-22,9,-12.018614236936148,-76.9122752302355
2021-04-26,2021,4,0,0,0,2,DESPISTE,SAN MARTIN,PE-5N,12,-10.88113799290691,-75.2769649114965
2021-04-26,2021,4,0,0,0,0,DESPISTE,AREQUIPA,PE-34A,17,-16.452080361408385,-71.68889321286376
2021-04-26,2021,4,0,0,2,3,CHOQUE,LIMA,PE-22,22,-11.9819573786392,-76.7966649627832
2021-04-26,2021,4,0,0,1,3,CHOQUE,PIURA,PE-02,44,-5.103335309731722,-81.06673601240409
2021-04-26,2021,4,0,0,0,2,CHOQUE,ANCASH,PE-14A,93,-9.361722725977843,-77.0838992255738
2021-04-26,2021,4,0,0,0,1,CHOQUE,ANCASH,PE-3N,176,-10.370155423620975,-76.19755393876552
2021-04-26,2021,4,0,0,0,1,CHOQUE,MADRE DE DIOS,PE-30C,251,-13.139663379689464,-70.38650705077914
2021-04-26,2021,4,0,0,0,2,CHOQUE,MADRE DE DIOS,PE-30C,343,-12.892106678695528,-69.8458062083835
2021-04-26,2021,4,0,0,0,2,DESPISTE,SAN MARTIN,PE-5N,695,-7.89292142116033,-76.67295842857027
2021-04-26,2021,4,0,0,1,2,CHOQUE,SAN MARTIN,PE-5N,744,-7.615725527357448,-76.67952936155972
2021-04-26,2021,4,0,0,0,0,CHOQUE,APURIMAC,PE-3S,813,-13.59008036319243,-72.81875736113787
2021-04-27,2021,4,1,0,0,0,DESPISTE,PUNO,PE-36B,14,-16.77739409247903,-70.47017238042022
2021-04-27,2021,4,1,0,0,0,CHOQUE,PUNO,PE-36B,14,-16.77739409247903,-70.47017238042022
2021-04-27,2021,4,1,0,0,0,CHOQUE,PUNO,PE-36B,17,-16.75289180573646,-70.46585227095548
2021-04-27,2021,4,1,0,0,0,CHOQUE,ANCASH,PE-12,23,-8.808351347513259,-78.55337317172483
2021-04-27,2021,4,1,0,0,1,CHOQUE,PIURA,PE-1NJ,172,-5.404809822696441,-80.04179400343075
2021-04-27,2021,4,1,0,0,1,CHOQUE,MADRE DE DIOS,PE-30C,324,-12.89176091055515,-69.99921662303102
2021-04-27,2021,4,1,0,0,1,ATROPELLO,HUANUCO,PE-5N,472,-9.193763683927877,-75.87815235322105
2021-04-27,2021,4,1,0,0,1,DESPISTE,LA LIBERTAD,PE-1N,550,-8.197801481307167,-78.96806343825
2021-04-27,2021,4,1,0,0,0,DESPISTE,AREQUIPA,PE-1S,632,-15.9148773511468,-74.13299331907628
2021-04-28,2021,4,2,0,0,1,DESPISTE,LIMA,PE-1N,98,-11.449431098653706,-77.33984367253781
2021-04-28,2021,4,2,0,0,1,DESPISTE,LIMA,PE-1N,215,-10.627010220428128,-77.86229435880638
2021-04-28,2021,4,2,0,0,0,CHOQUE,LA LIBERTAD,PE-1N,450,-8.934841082623915,-78.63367904312526
2021-04-28,2021,4,2,0,0,1,DESPISTE,CUSCO,PE-28B,479,-12.986540383378028,-72.65045047332218
2021-04-28,2021,4,2,0,1,1,CHOQUE,LA LIBERTAD,PE-1N,577,-8.064122484573899,-79.09027754442515
2021-04-28,2021,4,2,0,0,1,CHOQUE,CUSCO,PE-3S,1023,-13.685221324191316,-71.61289266047916
2021-04-29,2021,4,3,0,0,0,CHOQUE,AREQUIPA,PE-34A,2,-16.528899999999908,-71.76588715465003
2021-04-29,2021,4,3,0,1,1,DESPISTE,JUNIN,PE-3N,8,-11.481597150923148,-75.95672083384216
2021-04-29,2021,4,3,0,0,0,DESPISTE,JUNIN,PE-3S,75,-11.822061788232356,-75.48923941032317
2021-04-29,2021,4,3,0,0,1,DESPISTE,CUSCO,PE-30C,144,-13.521470680077424,-70.8964822977861
2021-04-29,2021,4,3,0,0,0,DESPISTE,AREQUIPA,PE-1S,940,-16.44516811814113,-71.97543852248221
2021-04-30,2021,4,4,0,0,1,DESPISTE,LIMA,PE-20A,63,-11.622109258930452,-76.77418998930443
2021-04-30,2021,4,4,0,0,0,DESPISTE,LIMA,PE-1N,199,-10.72197831263506,-77.76328729525757
2021-05-01,2021,5,5,0,0,5,CHOQUE,ANCASH,PE-14,1,-9.481554032113054,-78.2653954880941
2021-05-01,2021,5,5,0,0,1,DESPISTE,LIMA,PE-1NE,6,-11.066078581118424,-77.53412682551364
2021-05-01,2021,5,5,0,0,4,CHOQUE,LA LIBERTAD,PE-08,8,-7.301610295001071,-79.40892193707454
2021-05-01,2021,5,5,0,0,0,DESPISTE,JUNIN,PE-3SA,20,-11.663271179761406,-75.578372596142
2021-05-01,2021,5,5,0,0,1,ATROPELLO,CAJAMARCA,PE-5N,26,-10.800887286389818,-75.30522640945928
2021-05-01,2021,5,5,0,0,0,DESPISTE,JUNIN,PE-3N,39,-11.26668632362294,-75.92268190747808
2021-05-01,2021,5,5,0,0,1,CHOQUE,LAMBAYEQUE,PE-1NJ,92,-5.979549931644201,-79.74595017246529
2021-05-01,2021,5,5,0,0,0,CHOQUE,LIMA,PE-22,112,-11.67094606237875,-76.25628872745061
2021-05-01,2021,5,5,0,0,0,ESPECIAL,LA LIBERTAD,PE-1N,735,-7.037365867805412,-79.58829481815437
2021-05-01,2021,5,5,0,0,0,DESPISTE,AREQUIPA,PE-1S,940,-16.44516811814113,-71.97543852248221
2021-05-01,2021,5,5,0,0,2,CHOQUE,TACNA,PE-1S,1292,-18.0159773282038,-70.26113037882865
2021-05-02,2021,5,6,0,0,0,CHOQUE,AREQUIPA,PE-34A,110,-16.06838706496484,-71.42930690677025
2021-05-02,2021,5,6,0,1,0,CHOQUE,JUNIN,PE-22B,118,-10.97653807186969,-75.3011853369082
2021-05-02,2021,5,6,0,0,3,CHOQUE,SAN MARTIN,PE-5N,487,-9.15196774260884,-75.97359000904365
2021-05-04,2021,5,1,0,0,0,DESPISTE,LIMA,PE-1N,18,-11.973388404368109,-77.06659650425499
2021-05-04,2021,5,1,0,0,3,CHOQUE,JUNIN,PE-3SA,19,-11.671215847157285,-75.57354122416632
2021-05-04,2021,5,1,0,0,1,ESPECIAL,LIMA,PE-1N,24,-11.91983439651838,-77.07337307414295
2021-05-04,2021,5,1,0,0,0,DESPISTE,UCAYALI,PE-18C,75,-8.402882332153315,-74.62305925061345
2021-05-04,2021,5,1,0,0,2,CHOQUE,PASCO,PE-3N,127,-10.693993807926525,-76.2065075374347
2021-05-04,2021,5,1,0,0,0,DESPISTE,CUSCO,PE-28B,171,-12.617661383801789,-73.80245236750508
2021-05-05,2021,5,2,0,0,0,ESPECIAL,LIMA,PE-1N,18,-11.973388404368109,-77.06659650425499
2021-05-05,2021,5,2,0,0,1,CHOQUE,PUNO,PE-34H,47,-15.238302667648515,-69.83428337621811
2021-05-05,2021,5,2,0,2,2,DESPISTE,CUSCO,PE-28B,185,-12.625063417694246,-73.74086150876532
2021-05-05,2021,5,2,0,0,1,CHOQUE,ICA,PE-1S,241,-13.8404131347747,-76.13723853608559
2021-05-05,2021,5,2,0,0,1,DESPISTE,MADRE DE DIOS,PE-30C,311,-12.90340970130454,-70.10083721352976
2021-05-05,2021,5,2,0,0,0,DESPISTE,LAMBAYEQUE,PE-1N,859,-6.285373037193577,-80.29828212416146
2021-05-05,2021,5,2,0,0,1,DESPISTE,CUSCO,PE-3S,897,-13.45800268651572,-72.42265285389227
2021-05-06,2021,5,3,0,0,1,DESPISTE,CUSCO,PE-28F,20,-13.366336011135015,-72.07047850006512
2021-05-06,2021,5,3,0,0,0,DESPISTE,JUNIN,PE-3S,76,-11.816598209481231,-75.49327317545641
2021-05-06,2021,5,3,0,0,0,DESPISTE,LIMA,PE-22,82,-11.8105007855227,-76.35303580366866
2021-05-06,2021,5,3,0,0,1,DESPISTE,TACNA,PE-1SD,136,-17.13189710217272,-71.81122945790881
2021-05-07,2021,5,4,0,0,0,DESPISTE,PUNO,PE-34I,32,-15.305271486963864,-69.6021055103174
2021-05-07,2021,5,4,0,1,0,ATROPELLO,PUNO,PE-34H,37,-15.27668389525086,-69.91149567595625
2021-05-07,2021,5,4,0,0,0,DESPISTE,PIURA,PE-1N,43,-11.784974397177368,-77.15432990082249
2021-05-07,2021,5,4,0,0,3,CHOQUE,AREQUIPA,PE-34A,132,-16.013122546569292,-71.28357161010668
2021-05-07,2021,5,4,0,0,1,CHOQUE,CUSCO,PE-28B,189,-12.63183706043764,-73.72317206823332
2021-05-07,2021,5,4,0,0,0,DESPISTE,AMAZONAS,PE-5N,212,-9.813173448978326,-75.01220788502818
2021-05-07,2021,5,4,0,0,2,DESPISTE,HUANUCO,PE-3N,245,-9.923921991049989,-76.35087444303332
2021-05-07,2021,5,4,0,0,0,DESPISTE,PUNO,PE-36A,296,-16.631656674860753,-69.11251337811504
2021-05-07,2021,5,4,0,1,0,ATROPELLO,ICA,PE-1S,456,-14.909092243389866,-74.98519499802576
2021-05-07,2021,5,4,0,2,0,CHOQUE,LA LIBERTAD,PE-1N,515,-8.430474275042485,-78.77638533012926
2021-05-07,2021,5,4,0,0,5,CHOQUE,LA LIBERTAD,PE-1N,602,-7.855679851765026,-79.14248476140533
2021-05-07,2021,5,4,0,0,3,CHOQUE,AREQUIPA,PE-1S,1030,-16.992806223914176,-71.73371293874686
2021-05-07,2021,5,4,0,0,1,ATROPELLO,PUNO,PE-3S,1486,-16.40870686318408,-69.19089142820036
2021-05-08,2021,5,5,0,0,0,DESPISTE,AREQUIPA,PE-34A,3,-16.528220414474433,-71.75690230801524
2021-05-08,2021,5,5,0,0,2,CHOQUE,LAMBAYEQUE,PE-06A,15,-6.766694089163914,-79.750055996268
2021-05-08,2021,5,5,0,0,3,CHOQUE,LIMA,PE-1S,26,-12.2566529380886,-76.92095498352138
2021-05-08,2021,5,5,0,0,6,DESPISTE,LIMA,PE-1S,126,-12.69908931679153,-76.64136256995023
2021-05-08,2021,5,5,0,0,0,DESPISTE,AREQUIPA,PE-34A,134,-16.003616353971104,-71.2687063539711
2021-05-08,2021,5,5,0,0,2,CHOQUE,PUNO,PE-34A,236,-15.688032551956711,-70.61882568994588
2021-05-08,2021,5,5,0,0,0,DESPISTE,ANCASH,PE-1N,246,-10.40379926547519,-77.97357161774444
2021-05-08,2021,5,5,0,0,0,DESPISTE,ANCASH,PE-1N,398,-9.309742941699836,-78.4038196665283
2021-05-08,2021,5,5,0,0,0,DESPISTE,ANCASH,PE-1N,398,-9.309742941699836,-78.4038196665283
2021-05-08,2021,5,5,0,1,0,CHOQUE,SAN MARTIN,PE-5N,473,-9.195268363086724,-75.88263154202387
2021-05-08,2021,5,5,0,0,1,CHOQUE,PUNO,PE-3S,1462,-16.25811093027486,-69.31903189200179
2021-05-09,2021,5,6,0,0,1,DESPISTE,PUNO,PE-34G,2,-14.514038101157292,-71.29828156253564
2021-05-09,2021,5,6,0,0,0,CHOQUE,ANCASH,PE-1N,384,-9.425005747470816,-78.36401682461295
2021-05-09,2021,5,6,0,0,0,DESPISTE,AREQUIPA,PE-1S,631,-15.910802580094856,-74.1412781551842
2021-05-09,2021,5,6,0,0,1,DESPISTE,CUSCO,PE-3S,898,-13.461632886015082,-72.41906459692912
2021-05-10,2021,5,0,0,0,1,CHOQUE,CAJAMARCA,PE-08B,9,-7.149913595254636,-78.44577337289577
2021-05-10,2021,5,0,0,0,1,CHOQUE,CAJAMARCA,PE-08B,14,-7.154496070873282,-78.41661270597473
2021-05-10,2021,5,0,0,0,1,CHOQUE,LIMA,PE-1N,40,-11.80397223380406,-77.135597364995
2021-05-10,2021,5,0,0,0,0,DESPISTE,AREQUIPA,PE-34A,62,-16.24611697654889,-71.67468554299344
2021-05-10,2021,5,0,0,0,1,CHOQUE,JUNIN,PE-22B,102,-11.089325757967211,-75.32996098465773
2021-05-10,2021,5,0,0,0,0,CHOQUE,AREQUIPA,PE-34A,179,-15.764218560835296,-70.99473497219276
2021-05-10,2021,5,0,0,0,0,CHOQUE,ICA,PE-1S,186,-13.413397208384122,-76.18864368453282
2021-05-10,2021,5,0,0,0,4,DESPISTE,ANCASH,PE-1N,241,-10.422160852999925,-77.9358011787569
2021-05-10,2021,5,0,0,0,0,CHOQUE,ANCASH,PE-3N,248,-9.913051837576798,-76.37263709113353
2021-05-10,2021,5,0,0,0,0,DESPISTE,ANCASH,PE-1N,344,-9.709208055507482,-78.27510081942467
2021-05-10,2021,5,0,0,2,2,CHOQUE,LA LIBERTAD,PE-1N,515,-8.430474275042485,-78.77638533012926
2021-05-10,2021,5,0,0,0,1,DESPISTE,LA LIBERTAD,PE-1N,721,-7.118252205492627,-79.48876554579404
2021-05-11,2021,5,1,0,0,0,CHOQUE,JUNIN,PE-3SA,3,-11.767461489713684,-75.4935420541252
2021-05-11,2021,5,1,0,0,0,CHOQUE,LAMBAYEQUE,PE-1NJ,23,-6.482021373607133,-79.856472204553
2021-05-11,2021,5,1,0,0,0,CHOQUE,LIMA,PE-22,26,-11.97454820841594,-76.76661083512829
2021-05-11,2021,5,1,0,0,1,DESPISTE,PIURA,PE-1N,33,-11.850439659799624,-77.09227157137903
2021-05-11,2021,5,1,0,0,4,DESPISTE,LIMA,PE-1N,106,-11.40837388842147,-77.39117391690948
2021-05-11,2021,5,1,0,0,1,DESPISTE,HUANCAVELICA,PE-3S,204,-12.523339504364989,-74.90711192468453
2021-05-11,2021,5,1,0,0,0,ESPECIAL,ANCASH,PE-1N,320,-9.929232190782535,-78.2200854209799
2021-05-11,2021,5,1,0,1,1,CHOQUE,ICA,PE-1S,364,-14.469850390746045,-75.38419008894266
2021-05-11,2021,5,1,0,0,1,CHOQUE,UCAYALI,PE-5N,432,-9.08959592737608,-75.7329820590451
2021-05-11,2021,5,1,0,0,1,CHOQUE,HUANUCO,PE-5N,483,-9.189602453154416,-75.95893758903397
2021-05-11,2021,5,1,0,0,2,CHOQUE,SAN MARTIN,PE-5N,620,-8.261312511921206,-76.406733636792
2021-05-12,2021,5,2,0,0,0,CHOQUE,JUNIN,PE-3S,68,-11.79963502294354,-75.53784677673846
2021-05-12,2021,5,2,0,0,0,DESPISTE,LIMA,PE-1N,108,-11.391435633881196,-77.39513312660809
2021-05-12,2021,5,2,0,0,0,DESPISTE,CAJAMARCA,PE-08,131,-7.284267821062474,-78.54664591801173
2021-05-12,2021,5,2,0,1,0,CHOQUE,PUNO,PE-34B,291,-13.426947261414028,-70.37626922969201
2021-05-12,2021,5,2,0,0,2,CHOQUE,APURIMAC,PE-30A,344,-14.28870719899644,-73.25819943458109
2021-05-12,2021,5,2,0,0,0,CHOQUE,ANCASH,PE-3N,571,-9.595240892638133,-77.51375418400615
2021-05-12,2021,5,2,0,1,0,DESPISTE,AREQUIPA,PE-1S,735,-16.320251884390913,-73.34667487757413
2021-05-13,2021,5,3,0,0,1,CHOQUE,CAJAMARCA,PE-08B,9,-7.149913595254636,-78.44577337289577
2021-05-13,2021,5,3,0,0,1,DESPISTE,LAMBAYEQUE,PE-1NJ,88,-5.991190578815269,-79.7133430474774
2021-05-13,2021,5,3,0,0,1,CHOQUE,TACNA,PE-1SD,115,-17.05554865952207,-71.9616343942336
2021-05-13,2021,5,3,0,0,0,DESPISTE,AREQUIPA,PE-34A,162,-15.854432500788926,-71.11836147142358
2021-05-13,2021,5,3,0,0,1,DESPISTE,ICA,PE-1S,226,-13.714898314129082,-76.15379871750926
2021-05-13,2021,5,3,0,0,0,CHOQUE,ANCASH,PE-1N,238,-10.437379429522403,-77.93047990784686
2021-05-13,2021,5,3,0,0,0,DESPISTE,LA LIBERTAD,PE-1N,556,-8.163742982563871,-79.01003452466156
2021-05-14,2021,5,4,0,0,1,CHOQUE,CAJAMARCA,PE-5N,8,-10.906261913442494,-75.28370743461298
2021-05-14,2021,5,4,0,0,0,CHOQUE,HUANUCO,PE-18A,50,-9.703497429080056,-76.08785883365138
2021-05-14,2021,5,4,0,0,0,CHOQUE,LIMA,PE-1N,57,-11.709796925946536,-77.17694984543039
2021-05-14,2021,5,4,0,0,1,DESPISTE,ANCASH,PE-16,106,-10.166829010256889,-77.34592865684805
2021-05-14,2021,5,4,0,0,2,CHOQUE,HUANUCO,PE-18A,118,-9.338987683968853,-75.98647291738689
2021-05-14,2021,5,4,0,0,6,CHOQUE,LIMA,PE-1N,121,-11.32597621175267,-77.47398276617513
2021-05-14,2021,5,4,0,0,2,CHOQUE,ICA,PE-1S,455,-14.900161997894289,-74.98368514613549
2021-05-14,2021,5,4,0,0,1,CHOQUE,AREQUIPA,PE-1S,705,-16.23309605031964,-73.59473219435897
2021-05-14,2021,5,4,0,0,1,DESPISTE,APURIMAC,PE-3S,771,-13.655021012384394,-72.9079822201429
2021-05-14,2021,5,4,0,0,3,CHOQUE,CUSCO,PE-3S,1101,-14.2015690309391,-71.311853979084
2021-05-15,2021,5,5,0,0,2,DESPISTE,LIMA,PE-1N,43,-11.784974397177368,-77.15432990082249
2021-05-15,2021,5,5,0,0,0,DESPISTE,AREQUIPA,PE-34A,60,-16.255453109389613,-71.68156933301049
2021-05-15,2021,5,5,0,0,0,DESPISTE,JUNIN,PE-3S,71,-11.809030182276045,-75.51790937294321
2021-05-15,2021,5,5,0,0,1,CHOQUE,LIMA,PE-1N,87,-11.52596408080099,-77.28889439417485
2021-05-15,2021,5,5,0,0,1,DESPISTE,MOQUEGUA,PE-36A,114,-16.870150639559718,-70.50879567476683
2021-05-15,2021,5,5,0,0,0,CHOQUE,JUNIN,PE-3S,142,-12.202854353241117,-75.17720453082822
2021-05-15,2021,5,5,0,0,1,DESPISTE,TACNA,PE-38,157,-17.289700111209317,-69.83429942613162
2021-05-15,2021,5,5,0,0,2,CHOQUE,MADRE DE DIOS,PE-30C,302,-12.912960330078675,-70.1783481987138
2021-05-15,2021,5,5,0,0,0,VOLCADURA,APURIMAC,PE-3S,553,-13.532972412157454,-73.6778357132067
2021-05-15,2021,5,5,0,0,0,DESPISTE,LAMBAYEQUE,PE-1N,741,-6.993441917875652,-79.61923347974181
2021-05-15,2021,5,5,0,0,1,CHOQUE,AREQUIPA,PE-1S,813,-16.552670851314932,-72.84695640974618
2021-05-16,2021,5,6,0,0,1,ATROPELLO,UCAYALI,PE-18C,15,-8.718091544267,-75.00655789342348
2021-05-16,2021,5,6,0,0,0,VOLCADURA,CUSCO,PE-28G,24,-13.460413013796618,-71.8865104857147
2021-05-16,2021,5,6,0,0,1,CHOQUE,UCAYALI,PE-18C,34,-8.595057306639342,-74.92092676722307
2021-05-16,2021,5,6,0,0,1,CHOQUE,CAJAMARCA,PE-08B,46,-7.062978102184551,-78.2917645270349
2021-05-16,2021,5,6,0,0,1,DESPISTE,JUNIN,PE-3S,77,-11.808046452021289,-75.49246551529983
2021-05-16,2021,5,6,0,0,1,CHOQUE,LIMA,PE-1N,77,-11.602077442374776,-77.24610941541458
2021-05-16,2021,5,6,0,0,2,DESPISTE,LIMA,PE-1N,82,-11.563139040290404,-77.26547950067437
2021-05-16,2021,5,6,0,0,1,CHOQUE,JUNIN,PE-22,138,-11.601619508043797,-76.14842591009425
2021-05-16,2021,5,6,0,3,0,DESPISTE,HUANCAVELICA,PE-3S,171,-12.377286801414227,-75.04950323205419
2021-05-16,2021,5,6,0,0,0,ESPECIAL,ANCASH,PE-1N,316,-9.93715962510589,-78.21828385223249
2021-05-17,2021,5,0,0,0,1,DESPISTE,PIURA,PE-02,0,-5.170124195999961,-80.68918145599991
2021-05-17,2021,5,0,0,0,0,CHOQUE,AREQUIPA,PE-34A,9,-16.499461586351327,-71.71872604150447
2021-05-17,2021,5,0,0,0,4,CHOQUE,UCAYALI,PE-18C,24,-8.6493283723101,-74.97389277960824
2021-05-17,2021,5,0,0,1,1,DESPISTE,LA LIBERTAD,PE-10A,53,-7.999967437867636,-78.67582855954122
2021-05-17,2021,5,0,0,0,0,CHOQUE,ANCASH,PE-16,98,-10.134637591429794,-77.39419144169031
2021-05-18,2021,5,1,0,0,0,CHOQUE,SAN MARTIN,PE-5NB,10,-6.465629059552952,-76.31401014101158
2021-05-18,2021,5,1,0,0,1,CHOQUE,LIMA,PE-1N,80,-11.580768556486747,-77.26134269665921
2021-05-18,2021,5,1,0,0,3,CHOQUE,ANCASH,PE-16,117,-10.151549151453212,-77.31508234917384
2021-05-18,2021,5,1,0,0,0,CHOQUE,ICA,PE-1S,183,-13.389281095080594,-76.20101489842929
2021-05-18,2021,5,1,0,0,0,DESPISTE,ICA,PE-1S,271,-13.932722924064583,-75.89834219492161
2021-05-18,2021,5,1,0,0,0,CHOQUE,MADRE DE DIOS,PE-30C,322,-12.88735407035615,-70.01660983495881
2021-05-18,2021,5,1,0,0,0,DESPISTE,ANCASH,PE-1N,408,-9.234620554268307,-78.44851087676236
2021-05-18,2021,5,1,0,0,2,ATROPELLO,SAN MARTIN,PE-5N,450,-9.1611646310595,-75.78978150747763
2021-05-18,2021,5,1,0,0,2,CHOQUE,CUSCO,PE-3S,965,-13.507441283931705,-71.99740236516122
2021-05-19,2021,5,2,0,0,0,CHOQUE,ANCASH,PE-1N,373,-9.481798419458832,-78.28967119181716
2021-05-19,2021,5,2,0,0,0,DESPISTE,SAN MARTIN,PE-5N,667,-8.070559296921886,-76.62392752329099
2021-05-20,2021,5,3,0,0,1,VOLCADURA,LIMA,PE-1NB,1,-11.549876019774592,-77.26210529070073
2021-05-20,2021,5,3,0,0,1,DESPISTE,LIMA,PE-1S,13,-12.17053592045172,-76.97935477145053
2021-05-20,2021,5,3,0,0,2,DESPISTE,LIMA,PE-1S,83,-12.657015005785905,-76.66304641592922
2021-05-20,2021,5,3,0,0,0,CHOQUE,JUNIN,PE-22,133,-11.592798704452209,-76.19205574645032
2021-05-20,2021,5,3,0,0,3,CHOQUE,LIMA,PE-1N,144,-11.155514682837378,-77.59432816814247
2021-05-20,2021,5,3,0,0,2,CHOQUE,PIURA,PE-1NJ,202,-5.187274652035484,-80.59383312079494
2021-05-20,2021,5,3,0,0,1,CHOQUE,PUNO,PE-34A,202,-15.718214889782512,-70.82134085599371
2021-05-20,2021,5,3,0,0,10,DESPISTE,ANCASH,PE-1N,397,-9.318541449152724,-78.40554251920568
2021-05-20,2021,5,3,0,0,0,CHOQUE,LA LIBERTAD,PE-1N,552,-8.18639025918139,-78.9820332435575
2021-05-21,2021,5,4,0,0,2,CHOQUE,AREQUIPA,PE-34C,1,-16.404800247858393,-71.57527272644326
2021-05-21,2021,5,4,0,0,1,CHOQUE,ANCASH,PE-14A,6,-9.52009391856786,-77.4870699508359
2021-05-21,2021,5,4,0,0,0,DESPISTE,UCAYALI,PE-18C,26,-8.644511806171638,-74.95998002954279
2021-05-21,2021,5,4,0,0,2,CHOQUE,LIMA,PE-1N,45,-11.76805645197359,-77.15871594110817
2021-05-21,2021,5,4,0,0,0,DESPISTE,LA LIBERTAD,PE-10A,73,-7.934365959751917,-78.56644331957773
2021-05-21,2021,5,4,0,0,2,CHOQUE,AREQUIPA,PE-1S,977,-16.59827268329323,-71.85322541824361
2021-05-22,2021,5,5,0,0,0,ESPECIAL,LIMA,PE-1N,0,-12.058378632999904,-76.97319185399994
2021-05-22,2021,5,5,0,0,0,DESPISTE,CAJAMARCA,PE-5N,23,-10.821115367487408,-75.29879506617756
2021-05-22,2021,5,5,0,3,0,DESPISTE,LA LIBERTAD,PE-10A,56,-7.990706106529732,-78.65758464519038
2021-05-22,2021,5,5,0,0,0,ESPECIAL,LIMA,PE-1S,60,-12.48561076926884,-76.74594791869355
2021-05-22,2021,5,5,0,0,0,CHOQUE,LIMA,PE-1N,97,-11.45304438043922,-77.33160444977595
2021-05-22,2021,5,5,0,0,0,DESPISTE,MOQUEGUA,PE-36A,106,-16.855374577378786,-70.56608973729398
2021-05-22,2021,5,5,0,0,1,ATROPELLO,ICA,PE-1S,223,-13.688996272130044,-76.15742611440658
2021-05-22,2021,5,5,0,0,4,CHOQUE,ICA,PE-1S,270,-13.932112710635163,-75.90756525752376
2021-05-22,2021,5,5,0,1,0,CHOQUE,APURIMAC,PE-30A,284,-14.552769228622864,-73.38880216410618
2021-05-22,2021,5,5,0,0,1,DESPISTE,AREQUIPA,PE-1S,924,-16.385454455152747,-72.11172334931726
2021-05-22,2021,5,5,0,0,0,DESPISTE,AREQUIPA,PE-1S,977,-16.59827268329323,-71.85322541824361
2021-05-23,2021,5,6,0,1,0,CHOQUE,CAJAMARCA,PE-5N,13,-10.874385295397568,-75.27717635421996
2021-05-23,2021,5,6,0,0,1,DESPISTE,AMAZONAS,PE-08C,35,-5.9780024094637785,-77.97125877146513
2021-05-23,2021,5,6,0,0,0,DESPISTE,CAJAMARCA,PE-08,48,-7.243028053518737,-79.13913037734623
2021-05-23,2021,5,6,0,0,1,DESPISTE,LIMA,PE-1N,81,-11.571969039919331,-77.26346688953588
2021-05-23,2021,5,6,0,0,3,CHOQUE,LIMA,PE-22,84,-11.80548316560552,-76.34185961948697
2021-05-23,2021,5,6,0,0,0,CHOQUE,LIMA,PE-22,110,-11.685662543184964,-76.26051752939492
2021-05-23,2021,5,6,0,0,2,CHOQUE,LIMA,PE-1S,116,-12.762402122203678,-76.59937204571224
2021-05-23,2021,5,6,0,0,0,DESPISTE,JUNIN,PE-22,138,-11.601619508043797,-76.14842591009425
2021-05-23,2021,5,6,0,0,3,DESPISTE,PASCO,PE-3N,142,-10.6369661703208,-76.1732017747125
2021-05-23,2021,5,6,0,0,0,ESPECIAL,ANCASH,PE-1N,257,-10.341909937437102,-78.04351532850573
2021-05-23,2021,5,6,0,0,4,CHOQUE,ICA,PE-1S,453,-14.88620938725433,-74.99462485196088
2021-05-23,2021,5,6,0,0,0,DESPISTE,SAN MARTIN,PE-5N,484,-9.181222959706842,-75.96021373957164
2021-05-23,2021,5,6,0,0,1,DESPISTE,AREQUIPA,PE-1S,630,-15.906761663484442,-74.1495787332843
2021-05-23,2021,5,6,0,0,0,DESPISTE,AREQUIPA,PE-1S,740,-16.34495069588766,-73.30912917195029
2021-05-24,2021,5,0,0,1,0,CHOQUE,JUNIN,PE-5S,14,-10.94002144259177,-75.19956455830096
2021-05-24,2021,5,0,0,0,0,DESPISTE,MOQUEGUA,PE-36A,30,-17.091358384397914,-70.84946206142422
2021-05-24,2021,5,0,0,0,0,CHOQUE,LIMA,PE-1S,61,-12.494357250569998,-76.74355432888902
2021-05-24,2021,5,0,0,0,2,DESPISTE,LIMA,PE-22,111,-11.678630463904785,-76.25802822208564
2021-05-24,2021,5,0,0,0,4,DESPISTE,CUSCO,PE-30C,199,-13.201789559982515,-70.68231457776531
2021-05-24,2021,5,0,0,0,2,DESPISTE,PIURA,PE-1NJ,199,-5.179185152672535,-80.5679952728051
2021-05-24,2021,5,0,0,0,0,ESPECIAL,ICA,PE-1S,424,-14.722428002718036,-75.0850995367212
2021-05-24,2021,5,0,0,0,0,DESPISTE,APURIMAC,PE-3S,779,-13.634183031125788,-72.88365471217094
2021-05-25,2021,5,1,0,0,6,DESPISTE,CAJAMARCA,PE-08B,9,-7.149913595254636,-78.44577337289577
2021-05-25,2021,5,1,0,0,2,CHOQUE,LIMA,PE-1NB,13,-11.496566108999955,-77.2090692939999
2021-05-25,2021,5,1,0,0,0,DESPISTE,PASCO,PE-5N,50,-10.742763053274446,-75.22479213796525
2021-05-25,2021,5,1,0,0,2,DESPISTE,LIMA,PE-1S,63,-12.510461196671754,-76.73568315994434
2021-05-25,2021,5,1,0,0,3,CHOQUE,LAMBAYEQUE,PE-1NJ,87,-5.989393429591813,-79.7037233651432
2021-05-25,2021,5,1,0,0,0,CHOQUE,LIMA,PE-1N,87,-11.52596408080099,-77.28889439417485
2021-05-25,2021,5,1,0,0,2,CHOQUE,LIMA,PE-1N,200,-10.71413356553183,-77.76782774512458
2021-05-25,2021,5,1,0,0,1,DESPISTE,ANCASH,PE-1N,321,-9.927195958677713,-78.22009534599994
2021-05-25,2021,5,1,0,1,0,CHOQUE,AREQUIPA,PE-1S,604,-15.814467928191538,-74.31215900948968
2021-05-25,2021,5,1,0,0,0,CHOQUE,LA LIBERTAD,PE-1N,695,-7.285103019591793,-79.47380299026213
2021-05-25,2021,5,1,0,2,1,CHOQUE,LAMBAYEQUE,PE-1N,819,-6.527239572099199,-80.03763136860998
2021-05-25,2021,5,1,0,0,2,CHOQUE,AREQUIPA,PE-1S,978,-16.605725691170704,-71.85852193988823
2021-05-25,2021,5,1,0,0,3,DESPISTE,TACNA,PE-1S,1290,-18.00200594683511,-70.26374091380177
2021-05-26,2021,5,2,0,0,0,DESPISTE,LIMA,PE-1S,21,-12.233941721727907,-76.96055560500984
2021-05-27,2021,5,3,0,0,1,CHOQUE,UCAYALI,PE-5SA,24,-11.03464221789734,-74.3036344046713
2021-05-27,2021,5,3,0,0,1,CHOQUE,LIMA,PE-1S,107,-13.015745195784534,-76.47864426839998
2021-05-27,2021,5,3,0,0,2,CHOQUE,LIMA,PE-1S,108,-12.80540376186029,-76.54555704667551
2021-05-27,2021,5,3,0,0,0,DESPISTE,AREQUIPA,PE-34A,117,-16.07585301286567,-71.37835088947384
2021-05-27,2021,5,3,0,1,0,CHOQUE,AREQUIPA,PE-34A,185,-15.754162249829529,-70.95101871894164
2021-05-28,2021,5,4,0,0,0,ATROPELLO,CAJAMARCA,PE-3N,6,-11.4913470222175,-75.94324267757021
2021-05-28,2021,5,4,0,1,3,CHOQUE,AREQUIPA,PE-1SD,13,-16.675452327605438,-72.54248403000211
2021-05-28,2021,5,4,0,0,1,DESPISTE,UCAYALI,PE-18C,15,-8.718091544267,-75.00655789342348
2021-05-28,2021,5,4,0,0,0,ATROPELLO,LIMA,PE-1S,24,-12.246584742503304,-76.93618987426358
2021-05-28,2021,5,4,0,0,1,ATROPELLO,LIMA,PE-1N,59,-11.692192514020103,-77.18065694885097
2021-05-28,2021,5,4,0,0,0,CHOQUE,CUSCO,PE-28B,116,-12.757995500384276,-73.98796221748898
2021-05-28,2021,5,4,0,0,2,CHOQUE,ANCASH,PE-16,124,-10.121931600999917,-77.29332721199995
2021-05-28,2021,5,4,0,0,4,DESPISTE,LIMA,PE-22,132,-11.599434301998857,-76.19350382354745
2021-05-28,2021,5,4,0,2,0,CHOQUE,LIMA,PE-1S,166,-13.258340958466189,-76.28145937203014
2021-05-28,2021,5,4,0,0,0,DESPISTE,AREQUIPA,PE-34A,179,-15.764218560835296,-70.99473497219276
2021-05-28,2021,5,4,0,0,1,DESPISTE,ANCASH,PE-1N,240,-10.422093052498472,-77.926735641405
2021-05-28,2021,5,4,0,0,6,CHOQUE,ICA,PE-1S,377,-14.497228660595075,-75.26832944185828
2021-05-28,2021,5,4,0,0,2,CHOQUE,LA LIBERTAD,PE-1N,580,-8.035393715949276,-79.08155252976732
2021-05-28,2021,5,4,0,0,1,CHOQUE,AREQUIPA,PE-1S,768,-16.430780068075176,-73.13763684101212
2021-05-28,2021,5,4,0,0,0,DESPISTE,AREQUIPA,PE-1S,796,-16.48535222995818,-72.96953869327386
2021-05-28,2021,5,4,0,0,3,CHOQUE,LAMBAYEQUE,PE-1N,848,-6.345348452467783,-80.22274111069017
2021-05-28,2021,5,4,0,0,2,DESPISTE,AREQUIPA,PE-1S,865,-16.545411295927323,-72.54626016640586
2021-05-29,2021,5,5,0,0,1,CHOQUE,CAJAMARCA,PE-3N,5,-11.499670865051586,-75.94005565962021
2021-05-29,2021,5,5,0,0,1,CHOQUE,LIMA,PE-1S,20,-12.229112605266383,-76.96824697333902
2021-05-29,2021,5,5,0,0,0,CHOQUE,PIURA,PE-1N,40,-11.80397223380406,-77.135597364995
2021-05-29,2021,5,5,0,1,0,CHOQUE,JUNIN,PE-5S,60,-10.932307066636335,-74.86826390843696
2021-05-29,2021,5,5,0,0,2,CHOQUE,LIMA,PE-1N,81,-11.571969039919331,-77.26346688953588
2021-05-29,2021,5,5,0,0,1,DESPISTE,AREQUIPA,PE-34A,126,-16.04149849274978,-71.30804283477462
2021-05-29,2021,5,5,0,1,4,DESPISTE,ANCASH,PE-1N,237,-10.44591915226778,-77.9280881394662
2021-05-29,2021,5,5,0,0,0,DESPISTE,ANCASH,PE-1N,344,-9.709208055507482,-78.27510081942467
2021-05-29,2021,5,5,0,2,0,CHOQUE,AREQUIPA,PE-1S,624,-15.876730484096566,-74.17248206338037
2021-05-29,2021,5,5,0,0,0,CHOQUE,LAMBAYEQUE,PE-1N,841,-6.396553278383269,-80.1854717951603
2021-05-29,2021,5,5,0,0,1,DESPISTE,AREQUIPA,PE-1S,954,-16.488740214840078,-71.883166271845
2021-05-29,2021,5,5,0,0,0,CHOQUE,TACNA,PE-1S,1224,-17.757704842113576,-70.79359807424007
2021-05-30,2021,5,6,0,0,1,DESPISTE,UCAYALI,PE-18C,15,-8.718091544267,-75.00655789342348
2021-05-30,2021,5,6,0,0,0,ATROPELLO,LIMA,PE-1N,75,-11.613182867318375,-77.23179150617773
2021-05-30,2021,5,6,0,0,0,CHOQUE,AREQUIPA,PE-34A,88,-16.08524756822264,-71.59753155397208
2021-05-30,2021,5,6,0,0,3,CHOQUE,JUNIN,PE-5S,104,-11.206041559895803,-74.66211520915614
2021-05-30,2021,5,6,0,0,0,DESPISTE,LIMA,PE-1S,151,-13.163575249999951,-76.36597450699992
2021-05-30,2021,5,6,0,0,0,DESPISTE,AREQUIPA,PE-34A,173,-15.790892688455456,-71.04151117114745
2021-05-30,2021,5,6,0,0,1,DESPISTE,TUMBES,PE-1N,199,-10.72197831263506,-77.76328729525757
2021-05-30,2021,5,6,0,0,1,CHOQUE,ICA,PE-1S,200,-13.491406913312126,-76.1395671272503
2021-05-30,2021,5,6,0,0,3,DESPISTE,PUNO,PE-34B,274,-13.54281704344796,-70.44208466644236
2021-05-30,2021,5,6,0,0,2,CHOQUE,HUANUCO,PE-3N,372,-9.856719720141273,-76.83830405251922
2021-05-30,2021,5,6,0,0,0,DESPISTE,CUSCO,PE-3S,912,-13.459385396871468,-72.39667928675813
2021-05-31,2021,5,0,0,0,0,DESPISTE,AREQUIPA,PE-34C,4,-16.415850564175603,-71.55148132298915
2021-05-31,2021,5,0,0,0,1,DESPISTE,ANCASH,PE-14A,68,-9.452907190614134,-77.17271537546664
2021-05-31,2021,5,0,0,0,1,CHOQUE,LAMBAYEQUE,PE-1NJ,86,-5.995402647712725,-79.69613464165884
2021-05-31,2021,5,0,0,0,2,DESPISTE,MOQUEGUA,PE-36A,108,-16.85555955699425,-70.54999775459441
2021-05-31,2021,5,0,0,0,0,CHOQUE,PUNO,PE-34A,175,-15.77820553106603,-71.02826553106604
2021-05-31,2021,5,0,0,0,1,ATROPELLO,PUNO,PE-36A,304,-16.582985329966565,-69.06147842743208
2021-05-31,2021,5,0,0,0,5,DESPISTE,SAN MARTIN,PE-5N,559,-8.732953442560154,-76.236767545482
2021-05-31,2021,5,0,0,0,2,ESPECIAL,CAJAMARCA,PE-3N,1561,-6.020133656241823,-78.99934205627352
2021-06-01,2021,6,1,0,0,0,DESPISTE,JUNIN,PE-3N,3,-11.51141299133588,-75.9286379374289
2021-06-01,2021,6,1,0,0,0,CHOQUE,CAJAMARCA,PE-08B,12,-7.156266850834902,-78.4301577787821
2021-06-01,2021,6,1,0,0,1,DESPISTE,LIMA,PE-1N,47,-11.753335009070232,-77.14879196867817
2021-06-01,2021,6,1,0,0,0,DESPISTE,PIURA,PE-1N,126,-11.289213183828368,-77.50059226951073
2021-06-01,2021,6,1,0,0,0,ATROPELLO,LA LIBERTAD,PE-1N,450,-8.934841082623915,-78.63367904312526
2021-06-01,2021,6,1,0,0,1,CHOQUE,LAMBAYEQUE,PE-1N,830,-6.4672307871604255,-80.1169398912168
2021-06-02,2021,6,2,0,1,0,ATROPELLO,LIMA,PE-1N,153,-11.077178170857938,-77.58277443695867
2021-06-02,2021,6,2,0,0,2,CHOQUE,ICA,PE-1S,351,-14.43437721023948,-75.49880247383274
2021-06-02,2021,6,2,0,0,2,CHOQUE,ICA,PE-1S,364,-14.469850390746045,-75.38419008894266
2021-06-02,2021,6,2,0,0,2,DESPISTE,ANCASH,PE-1N,372,-9.48424731127088,-78.28093203689492
2021-06-02,2021,6,2,0,1,2,CHOQUE,LA LIBERTAD,PE-1N,580,-8.035393715949276,-79.08155252976732
2021-06-02,2021,6,2,0,3,1,CHOQUE,TACNA,PE-1S,1331,-18.310510278999917,-70.31411058599991
2021-06-03,2021,6,3,0,0,1,CHOQUE,LIMA,PE-1S,4,-12.091052265394318,-76.98095805023392
2021-06-03,2021,6,3,0,0,0,DESPISTE,LA LIBERTAD,PE-1N,618,-7.773160655250288,-79.25483010080309
2021-06-03,2021,6,3,0,0,1,DESPISTE,SAN MARTIN,PE-5N,639,-8.18653917155887,-76.51852088826155
2021-06-03,2021,6,3,0,1,0,CHOQUE,CUSCO,PE-3S,931,-13.47959511526787,-72.27037797496749
2021-06-03,2021,6,3,0,0,3,CHOQUE,CUSCO,PE-3S,942,-13.491725579379564,-72.1738851202702
2021-06-04,2021,6,4,0,0,1,DESPISTE,LIMA,PE-1S,23,-12.24236550164664,-76.94430819131811
2021-06-04,2021,6,4,0,0,0,DESPISTE,LIMA,PE-1S,42,-12.346898641804312,-76.8100491539498
2021-06-04,2021,6,4,0,0,1,CHOQUE,LIMA,PE-1S,42,-12.346898641804312,-76.8100491539498
2021-06-04,2021,6,4,0,0,4,CHOQUE,CUSCO,PE-28F,49,-13.310668060999944,-72.11075461899992
2021-06-04,2021,6,4,0,0,1,DESPISTE,CUSCO,PE-28B,243,-12.803168961078685,-73.46697934027328
2021-06-04,2021,6,4,0,0,0,DESPISTE,AMAZONAS,PE-5N,315,-8.945434170473952,-75.0384408428189
2021-06-04,2021,6,4,0,1,0,DESPISTE,LA LIBERTAD,PE-10C,319,-8.500248728097787,-77.30268125851745
2021-06-04,2021,6,4,0,0,1,ATROPELLO,LAMBAYEQUE,PE-1N,874,-6.214722761578347,-80.41226460924999
2021-06-04,2021,6,4,0,0,3,CHOQUE,AREQUIPA,PE-1S,939,-16.441482123788365,-71.98397876987231
2021-06-04,2021,6,4,0,0,0,CHOQUE,TACNA,PE-1S,1311,-18.16304398041413,-70.33591159677137
2021-06-05,2021,6,5,0,0,1,CHOQUE,ICA,PE-28A,7,-13.681644801205778,-76.09609341405238
2021-06-05,2021,6,5,0,0,0,DESPISTE,CAJAMARCA,PE-08A,12,-7.164842642371676,-78.83355209429573
2021-06-05,2021,6,5,0,1,0,ATROPELLO,HUANCAVELICA,PE-3SD,36,-12.392575376404736,-74.87520484877315
2021-06-05,2021,6,5,0,0,0,CHOQUE,PUNO,PE-34H,45,-15.248525555998516,-69.84895831935492
2021-06-05,2021,6,5,0,0,4,CHOQUE,LIMA,PE-18,73,-10.995055758501676,-77.06366191417797
2021-06-05,2021,6,5,0,0,0,CHOQUE,HUANCAVELICA,PE-28B,89,-12.839757352279552,-73.99938758046522
2021-06-05,2021,6,5,0,0,1,DESPISTE,JUNIN,PE-22,136,-11.599908121029795,-76.16793860148483
2021-06-05,2021,6,5,0,0,0,DESPISTE,PASCO,PE-3N,157,-10.5151884722032,-76.17974596657258
2021-06-05,2021,6,5,0,0,2,DESPISTE,ANCASH,PE-1N,237,-10.44591915226778,-77.9280881394662
2021-06-05,2021,6,5,0,0,0,ESPECIAL,ANCASH,PE-1N,408,-9.234620554268307,-78.44851087676236
2021-06-05,2021,6,5,0,0,1,CHOQUE,LA LIBERTAD,PE-1N,590,-7.951020470492266,-79.09201582246158
2021-06-05,2021,6,5,0,0,0,CHOQUE,AREQUIPA,PE-1S,983,-16.646893387787422,-71.87159344399825
2021-06-05,2021,6,5,0,1,1,CHOQUE,AREQUIPA,PE-1S,997,-16.77325102356703,-71.86921960027506
2021-06-06,2021,6,6,0,0,2,CHOQUE,PUNO,PE-34I,51,-15.388249939174312,-69.51043202748131
2021-06-06,2021,6,6,0,0,0,DESPISTE,ICA,PE-1S,364,-14.469850390746045,-75.38419008894266
2021-06-06,2021,6,6,0,0,0,DESPISTE,ICA,PE-1S,456,-14.909092243389866,-74.98519499802576
2021-06-06,2021,6,6,0,0,4,DESPISTE,PIURA,PE-1N,903,-5.989129502513244,-80.52931488112117
2021-06-07,2021,6,0,0,0,0,DESPISTE,CAJAMARCA,PE-3N,4,-11.505579466515494,-75.93325922876595
2021-06-07,2021,6,0,0,0,3,CHOQUE,PUNO,PE-34H,45,-15.248525555998516,-69.84895831935492
2021-06-07,2021,6,0,0,0,0,ATROPELLO,CUSCO,PE-28B,64,-12.945901084721958,-74.02364310241589
2021-06-07,2021,6,0,0,0,0,DESPISTE,AREQUIPA,PE-34A,66,-16.225063455802612,-71.66063313432053
2021-06-07,2021,6,0,0,0,0,ESPECIAL,LIMA,PE-1N,68,-11.620236408031433,-77.2074018657356
2021-06-07,2021,6,0,0,0,1,DESPISTE,LIMA,PE-1N,187,-10.838933147581804,-77.6966656488656
2021-06-07,2021,6,0,0,0,0,DESPISTE,ICA,PE-1S,343,-14.403810545435691,-75.56606037552055
2021-06-07,2021,6,0,0,0,1,CHOQUE,SAN MARTIN,PE-5N,641,-8.190504631275024,-76.53591555919775
2021-06-07,2021,6,0,0,1,0,CHOQUE,LAMBAYEQUE,PE-1N,832,-6.456548468103063,-80.13154393565576
2021-06-08,2021,6,1,0,0,0,DESPISTE,PUNO,PE-34H,12,-15.401110223473635,-70.06396672073431
2021-06-08,2021,6,1,0,0,1,DESPISTE,AREQUIPA,PE-34A,181,-15.766109999999912,-70.97783042100791
2021-06-08,2021,6,1,0,0,1,DESPISTE,ICA,PE-1S,439,-14.815040446842366,-74.98413199650443
2021-06-08,2021,6,1,0,0,0,ATROPELLO,UCAYALI,PE-5N,444,-9.150948225004162,-75.77532119001813
2021-06-08,2021,6,1,0,0,1,DESPISTE,AREQUIPA,PE-1S,936,-16.430397159136078,-72.00958485194496
2021-06-09,2021,6,2,0,1,0,CHOQUE,LIMA,PE-1N,5,-12.030899527517434,-77.00296103022148
2021-06-09,2021,6,2,0,0,1,DESPISTE,LIMA,PE-1S,23,-12.24236550164664,-76.94430819131811
2021-06-09,2021,6,2,0,0,0,DESPISTE,AREQUIPA,PE-34A,27,-16.425501075818246,-71.6570686065464
2021-06-09,2021,6,2,0,0,1,CHOQUE,LIMA,PE-22,78,-11.836472512317764,-76.37600339735839
2021-06-09,2021,6,2,0,0,3,DESPISTE,LIMA,PE-1N,195,-10.809318459769994,-77.70090883878109
2021-06-09,2021,6,2,0,1,1,ATROPELLO,AREQUIPA,PE-1S,940,-16.44516811814113,-71.97543852248221
2021-06-09,2021,6,2,0,0,0,DESPISTE,AREQUIPA,PE-1S,1067,-17.11305479742661,-71.51861487842943
2021-06-10,2021,6,3,0,0,2,DESPISTE,CAJAMARCA,PE-1NG,13,-7.381187473654709,-79.39022048412708
2021-06-10,2021,6,3,0,0,0,CHOQUE,JUNIN,PE-3N,37,-11.28334545072958,-75.92079551326114
2021-06-10,2021,6,3,0,1,0,CHOQUE,HUANUCO,PE-18A,69,-9.644060609673629,-76.06599151421885
2021-06-10,2021,6,3,0,0,0,CHOQUE,AREQUIPA,PE-34A,87,-16.092195359752303,-71.60190822315788
2021-06-10,2021,6,3,0,0,2,CHOQUE,LIMA,PE-22,116,-11.66059649833997,-76.24459348592353
2021-06-10,2021,6,3,0,0,0,CHOQUE,ICA,PE-1S,356,-14.45130400137588,-75.45591120312474
2021-06-10,2021,6,3,0,0,3,CHOQUE,APURIMAC,PE-30A,385,-14.028723076124098,-73.21641941636621
2021-06-10,2021,6,3,0,0,0,CHOQUE,CUSCO,PE-3S,1100,-14.19780225842513,-71.32009179516906
2021-06-11,2021,6,4,0,0,0,CHOQUE,LIMA,PE-22,112,-11.67094606237875,-76.25628872745061
2021-06-11,2021,6,4,0,0,0,ESPECIAL,LIMA,PE-1N,212,-10.64959579125828,-77.8481143075102
2021-06-11,2021,6,4,0,0,0,CHOQUE,AREQUIPA,PE-1S,601,-15.82021092500037,-74.33168216160497
2021-06-11,2021,6,4,0,0,1,CHOQUE,MADRE DE DIOS,PE-30C,602,-11.346387754102526,-69.50926928421495
2021-06-11,2021,6,4,0,0,0,CHOQUE,APURIMAC,PE-3S,764,-13.68196798359628,-72.91870890975014
2021-06-11,2021,6,4,0,0,5,CHOQUE,AREQUIPA,PE-1S,997,-16.77325102356703,-71.86921960027506
2021-06-11,2021,6,4,0,0,0,DESPISTE,PIURA,PE-1N,1108,-4.53348613561463,-81.20567223811115
2021-06-12,2021,6,5,0,0,1,CHOQUE,LIMA,PE-1N,84,-11.55014767325089,-77.27645631319672
2021-06-12,2021,6,5,0,0,4,DESPISTE,ANCASH,PE-16,100,-10.14596733834941,-77.38252132852972
2021-06-12,2021,6,5,0,0,2,DESPISTE,ANCASH,PE-1N,346,-9.692589986878168,-78.28231122604849
2021-06-12,2021,6,5,0,0,1,CHOQUE,AREQUIPA,PE-1S,914,-16.35500144063494,-72.148244733122
2021-06-12,2021,6,5,0,0,0,DESPISTE,AREQUIPA,PE-1S,961,-16.50496720319223,-71.82248611400202
2021-06-13,2021,6,6,0,0,1,DESPISTE,PIURA,PE-1N,1,-12.050405425107773,-76.97740415220201
2021-06-13,2021,6,6,0,0,2,DESPISTE,UCAYALI,PE-18C,15,-8.718091544267,-75.00655789342348
2021-06-13,2021,6,6,0,0,5,CHOQUE,PUNO,PE-36B,22,-16.714586401802947,-70.45023026999512
2021-06-13,2021,6,6,0,1,0,CHOQUE,LIMA,PE-1N,77,-11.602077442374776,-77.24610941541458
2021-06-13,2021,6,6,0,1,0,CHOQUE,LIMA,PE-1N,203,-10.693887907265005,-77.78498879822675
2021-06-13,2021,6,6,0,0,1,CHOQUE,AMAZONAS,PE-5N,209,-9.840499284611612,-75.01507670588369
2021-06-13,2021,6,6,0,0,0,CHOQUE,PIURA,PE-1N,1005,-5.129955299387884,-80.7002947940494
2021-06-13,2021,6,6,0,1,0,DESPISTE,PIURA,PE-1N,1017,-5.026640133236549,-80.70094932148477
2021-06-13,2021,6,6,0,0,2,DESPISTE,MOQUEGUA,PE-1S,1167,-17.43062063300712,-71.04812623724327
2021-06-13,2021,6,6,0,0,2,DESPISTE,TACNA,PE-1S,1213,-17.695780577116917,-70.84156692355832
2021-06-14,2021,6,0,0,1,0,ATROPELLO,CAJAMARCA,PE-06,8,-6.82830457183284,-79.92612300724561
2021-06-14,2021,6,0,0,0,3,CHOQUE,JUNIN,PE-3S,14,-11.593761837960578,-75.84356681950936
2021-06-14,2021,6,0,0,0,1,DESPISTE,MOQUEGUA,PE-36A,54,-17.037267146789453,-70.8165264528156
2021-06-14,2021,6,0,0,0,1,DESPISTE,AREQUIPA,PE-34A,89,-16.076879599735776,-71.5970977598414
2021-06-14,2021,6,0,0,0,1,CHOQUE,JUNIN,PE-3S,114,-11.989649313554224,-75.2583341327932
2021-06-14,2021,6,0,0,1,2,CHOQUE,CAJAMARCA,PE-3N,120,-10.707840535166032,-76.23383225987217
2021-06-14,2021,6,0,0,0,0,CHOQUE,LA LIBERTAD,PE-3N,169,-10.424765692179337,-76.19523973275544
2021-06-14,2021,6,0,0,0,1,DESPISTE,CUSCO,PE-28B,173,-12.622913684197684,-73.79069108798873
2021-06-14,2021,6,0,0,0,1,DESPISTE,LIMA,PE-1N,215,-10.627010220428128,-77.86229435880638
2021-06-14,2021,6,0,0,0,1,CHOQUE,ANCASH,PE-1N,408,-9.234620554268307,-78.44851087676236
2021-06-14,2021,6,0,0,0,1,DESPISTE,AREQUIPA,PE-1S,646,-15.982904581818802,-74.02899737139283
2021-06-14,2021,6,0,0,0,1,DESPISTE,LA LIBERTAD,PE-1N,720,-7.124098232690237,-79.481859463302
2021-06-14,2021,6,0,0,0,1,CHOQUE,LAMBAYEQUE,PE-1N,806,-6.616425768698154,-79.96352091122431
2021-06-14,2021,6,0,0,0,6,CHOQUE,AREQUIPA,PE-1S,897,-16.435566167749457,-72.28212350476242
2021-06-14,2021,6,0,0,0,1,DESPISTE,AREQUIPA,PE-1S,940,-16.44516811814113,-71.97543852248221
2021-06-14,2021,6,0,0,1,1,CHOQUE,AREQUIPA,PE-1S,946,-16.46983470777,-71.94217847103849
2021-06-15,2021,6,1,0,1,0,CHOQUE,AREQUIPA,PE-1SD,5,-16.666213218757562,-72.58616599548773
2021-06-15,2021,6,1,0,0,0,CHOQUE,JUNIN,PE-3S,75,-11.822061788232356,-75.48923941032317
2021-06-15,2021,6,1,0,0,2,CHOQUE,ANCASH,PE-1N,324,-9.831171101819368,-78.18406513201242
2021-06-15,2021,6,1,0,0,1,DESPISTE,ANCASH,PE-1N,396,-9.32701651766862,-78.4050039793727
2021-06-16,2021,6,2,0,0,1,CHOQUE,JUNIN,PE-5S,10,-10.952586969053463,-75.22521772245837
2021-06-16,2021,6,2,0,1,0,CHOQUE,LIMA,PE-1N,69,-11.611573094810431,-77.20594646622817
2021-06-16,2021,6,2,0,0,0,CHOQUE,PASCO,PE-5N,88,-10.574372400174065,-75.09841956888242
2021-06-16,2021,6,2,0,0,1,CHOQUE,LIMA,PE-1N,124,-11.30391896867784,-77.48994919599751
2021-06-16,2021,6,2,0,0,0,DESPISTE,UCAYALI,PE-5N,373,-8.906143452937568,-75.34545892782798
2021-06-16,2021,6,2,0,0,3,DESPISTE,AREQUIPA,PE-1S,683,-16.17396511951621,-73.76853117966641
2021-06-16,2021,6,2,0,1,1,CHOQUE,AREQUIPA,PE-1S,855,-16.57038925276604,-72.6272845418389
2021-06-17,2021,6,3,0,0,0,CHOQUE,LIMA,PE-20C,0,-11.601749084999938,-77.19697261699991
2021-06-17,2021,6,3,0,0,0,CHOQUE,JUNIN,PE-3N,8,-11.481597150923148,-75.95672083384216
2021-06-17,2021,6,3,0,0,0,ESPECIAL,LIMA,PE-22,70,-11.875756205625285,-76.43000257756621
2021-06-17,2021,6,3,0,0,0,DESPISTE,MADRE DE DIOS,PE-30C,295,-12.911226421665871,-70.24145375716323
2021-06-17,2021,6,3,0,1,0,CHOQUE,PIURA,PE-1N,1003,-5.147696505986928,-80.69696315081971
2021-06-17,2021,6,3,0,0,1,DESPISTE,AREQUIPA,PE-1S,1041,-17.027181748636483,-71.6844183597377
2021-06-18,2021,6,4,0,0,3,CHOQUE,LIMA,PE-1NA,4,-11.751354370582687,-77.16313858255708
2021-06-18,2021,6,4,0,0,1,DESPISTE,AREQUIPA,PE-34A,28,-16.427401981563996,-71.64898405530771
2021-06-18,2021,6,4,0,0,1,DESPISTE,CAJAMARCA,PE-5N,36,-10.7552719160652,-75.2978243268594
2021-06-18,2021,6,4,0,0,1,CHOQUE,HUANCAVELICA,PE-3SD,39,-12.381710351272933,-74.85460173351358
2021-06-18,2021,6,4,0,0,0,CHOQUE,AREQUIPA,PE-34A,61,-16.249511244619292,-71.67544502152248
2021-06-18,2021,6,4,0,0,2,DESPISTE,CUSCO,PE-28B,220,-12.793330618285967,-73.58604783354939
2021-06-18,2021,6,4,0,0,0,DESPISTE,MADRE DE DIOS,PE-30C,295,-12.911226421665871,-70.24145375716323
2021-06-18,2021,6,4,0,0,0,DESPISTE,AMAZONAS,PE-5N,330,-8.821486791215449,-75.065667032664
2021-06-18,2021,6,4,0,0,0,DESPISTE,ANCASH,PE-1N,396,-9.32701651766862,-78.4050039793727
2021-06-18,2021,6,4,0,0,1,DESPISTE,ANCASH,PE-1N,408,-9.234620554268307,-78.44851087676236
2021-06-18,2021,6,4,0,0,2,CHOQUE,APURIMAC,PE-3S,729,-13.672020047401189,-73.0180495678251
2021-06-18,2021,6,4,0,0,0,ATROPELLO,APURIMAC,PE-3S,811,-13.580224410552631,-72.82540731140747
2021-06-18,2021,6,4,0,0,0,ATROPELLO,AREQUIPA,PE-1S,903,-16.410064279327994,-72.2332503254424
2021-06-19,2021,6,5,0,0,2,CHOQUE,LIMA,PE-18,41,-11.146987133745007,-77.25760100968363
2021-06-19,2021,6,5,0,0,2,DESPISTE,LIMA,PE-20A,57,-11.671025640813832,-76.79263493083388
2021-06-19,2021,6,5,0,0,0,ATROPELLO,LIMA,PE-1N,99,-11.445819783907062,-77.34808370456645
2021-06-19,2021,6,5,0,0,1,CHOQUE,JUNIN,PE-5S,102,-11.18922277009101,-74.66271910539182
2021-06-19,2021,6,5,0,0,0,DESPISTE,LIMA,PE-22,112,-11.67094606237875,-76.25628872745061
2021-06-19,2021,6,5,0,0,1,DESPISTE,LIMA,PE-1S,119,-12.781915400528913,-76.58057496406059
2021-06-19,2021,6,5,0,0,1,CHOQUE,AMAZONAS,PE-08B,311,-6.238030892228688,-77.91859294659102
2021-06-19,2021,6,5,0,0,2,CHOQUE,SAN MARTIN,PE-5N,469,-9.202607657608969,-75.85823200709746
2021-06-19,2021,6,5,0,0,0,CHOQUE,LA LIBERTAD,PE-1N,708,-7.210838278462596,-79.42741244725633
2021-06-19,2021,6,5,0,3,2,DESPISTE,CAJAMARCA,PE-3N,1206,-7.379510864143477,-78.12631258474967
2021-06-20,2021,6,6,0,0,0,ATROPELLO,CAJAMARCA,PE-08B,10,-7.152879554682973,-78.44083999568728
2021-06-20,2021,6,6,0,0,1,DESPISTE,UCAYALI,PE-18C,24,-8.6493283723101,-74.97389277960824
2021-06-20,2021,6,6,0,0,2,CHOQUE,ANCASH,PE-16,115,-10.1564933293055,-77.32472217852859
2021-06-20,2021,6,6,0,1,0,ATROPELLO,HUANCAVELICA,PE-28A,168,-13.468054476746552,-75.0467453874875
2021-06-20,2021,6,6,0,0,1,CHOQUE,LIMA,PE-1N,173,-10.923209870838988,-77.65359832558893
2021-06-20,2021,6,6,0,0,4,DESPISTE,ICA,PE-1S,178,-13.350167062582752,-76.22395556254911
2021-06-20,2021,6,6,0,0,1,DESPISTE,MOQUEGUA,PE-1SD,197,-17.330322793139175,-71.42837883649645
2021-06-20,2021,6,6,0,0,0,CHOQUE,MOQUEGUA,PE-36A,215,-16.737071908776375,-69.71444182228556
2021-06-20,2021,6,6,0,0,2,DESPISTE,AMAZONAS,PE-5N,256,-9.437876693849812,-75.02745804982268
2021-06-20,2021,6,6,0,0,1,CHOQUE,AREQUIPA,PE-1S,623,-15.871631688386104,-74.18009156280804
2021-06-20,2021,6,6,0,0,0,DESPISTE,AREQUIPA,PE-1S,863,-16.5449020350311,-72.56488914570333
2021-06-20,2021,6,6,0,0,2,DESPISTE,AREQUIPA,PE-1S,885,-16.47896496966988,-72.37714666966143
2021-06-20,2021,6,6,0,0,0,CHOQUE,PIURA,PE-1N,980,-5.300756658380585,-80.61875018565227
2021-06-20,2021,6,6,0,0,0,DESPISTE,AREQUIPA,PE-1S,1040,-17.030336733195576,-71.69309277924192
2021-06-21,2021,6,0,0,0,0,ATROPELLO,LIMA,PE-1S,24,-12.246584742503304,-76.93618987426358
2021-06-21,2021,6,0,0,0,1,DESPISTE,CAJAMARCA,PE-08A,29,-7.116180464214144,-78.81017320730616
2021-06-21,2021,6,0,0,1,3,CHOQUE,CAJAMARCA,PE-08A,32,-7.096616350745407,-78.79501265068639
2021-06-21,2021,6,0,0,0,3,DESPISTE,LIMA,PE-1N,71,-11.601556693489234,-77.19738741441675
2021-06-21,2021,6,0,0,0,0,DESPISTE,LIMA,PE-1N,104,-11.411127109563516,-77.37555094068351
2021-06-21,2021,6,0,0,0,4,DESPISTE,ANCASH,PE-3N,165,-10.456634854729383,-76.1783294679999
2021-06-21,2021,6,0,0,0,3,DESPISTE,ANCASH,PE-1N,240,-10.422093052498472,-77.926735641405
2021-06-21,2021,6,0,0,0,1,DESPISTE,CUSCO,PE-3S,909,-13.450330023152476,-72.39755015565541
2021-06-22,2021,6,1,0,0,2,CHOQUE,MOQUEGUA,PE-36A,18,-17.154850271563102,-70.858259103212
2021-06-22,2021,6,1,0,0,1,DESPISTE,LIMA,PE-1NE,19,-11.098409131873527,-77.42193493933841
2021-06-22,2021,6,1,0,0,1,CHOQUE,LAMBAYEQUE,PE-06A,51,-6.708974624076139,-79.47789461071996
2021-06-22,2021,6,1,0,0,1,DESPISTE,LIMA,PE-1S,51,-12.406260825749756,-76.75671785301714
2021-06-22,2021,6,1,0,0,0,ESPECIAL,LIMA,PE-1S,81,-12.639890900342412,-76.66894619223838
2021-06-22,2021,6,1,0,1,1,ESPECIAL,LIMA,PE-22,85,-11.797678584749768,-76.33832511331053
2021-06-22,2021,6,1,0,0,0,CHOQUE,ANCASH,PE-16,105,-10.162832984932097,-77.34585229745733
2021-06-22,2021,6,1,0,2,3,CHOQUE,LIMA,PE-1S,118,-12.77632224362402,-76.58765456955089
2021-06-22,2021,6,1,0,0,1,DESPISTE,AYACUCHO,PE-30A,257,-14.584329357164789,-73.58613466254685
2021-06-22,2021,6,1,0,0,0,CHOQUE,APURIMAC,PE-30A,385,-14.028723076124098,-73.21641941636621
2021-06-22,2021,6,1,0,1,4,CHOQUE,AYACUCHO,PE-3S,489,-13.394267460547583,-73.9164495975047
2021-06-22,2021,6,1,0,0,0,DESPISTE,LAMBAYEQUE,PE-1N,736,-7.030528484065737,-79.59418920905101
2021-06-22,2021,6,1,0,0,0,CHOQUE,AREQUIPA,PE-1S,860,-16.545892162153308,-72.59250543612465
2021-06-23,2021,6,2,0,0,1,DESPISTE,LIMA,PE-1S,54,-12.433065910990312,-76.75429624325714
2021-06-23,2021,6,2,0,0,10,CHOQUE,CUSCO,PE-28B,57,-12.954552781284894,-74.02039149678914
2021-06-23,2021,6,2,0,0,4,CHOQUE,LAMBAYEQUE,PE-1NJ,92,-5.979549931644201,-79.74595017246529
2021-06-23,2021,6,2,0,0,0,DESPISTE,AREQUIPA,PE-34A,185,-15.754162249829529,-70.95101871894164
2021-06-23,2021,6,2,0,0,0,DESPISTE,APURIMAC,PE-30A,385,-14.028723076124098,-73.21641941636621
2021-06-23,2021,6,2,0,0,1,CHOQUE,LA LIBERTAD,PE-1N,517,-8.416559554747,-78.78809016495795
2021-06-23,2021,6,2,0,0,4,DESPISTE,LAMBAYEQUE,PE-1N,847,-6.352665592902917,-80.21741990874007
2021-06-24,2021,6,3,0,0,0,CHOQUE,LAMBAYEQUE,PE-1NJ,1,-6.674268222190955,-79.90044131938613
2021-06-24,2021,6,3,0,0,2,DESPISTE,ANCASH,PE-3N,9,-11.47313169358694,-75.95978591454887
2021-06-24,2021,6,3,0,0,1,DESPISTE,CAJAMARCA,PE-3N,13,-11.44352369654096,-75.94265242053045
2021-06-24,2021,6,3,0,0,0,CHOQUE,LIMA,PE-1N,48,-11.746533717388017,-77.1427832539304
2021-06-24,2021,6,3,0,0,5,DESPISTE,CAJAMARCA,PE-3N,165,-10.456634854729383,-76.1783294679999
2021-06-24,2021,6,3,0,0,1,DESPISTE,ANCASH,PE-1N,253,-10.36275217419974,-78.02145858290002
2021-06-24,2021,6,3,0,0,1,DESPISTE,HUANUCO,PE-5N,483,-9.189602453154416,-75.95893758903397
2021-06-24,2021,6,3,0,0,3,CHOQUE,APURIMAC,PE-3S,766,-13.66722250101104,-72.92623833094451
2021-06-24,2021,6,3,0,2,2,DESPISTE,CUSCO,PE-3S,928,-13.461381798502844,-72.28976249757358
2021-06-24,2021,6,3,0,0,2,CHOQUE,AREQUIPA,PE-1S,969,-16.541418032788314,-71.80695377578029
2021-06-25,2021,6,4,0,1,0,CHOQUE,CALLAO,PE-20C,5,-11.558632573741807,-77.20331082936481
2021-06-25,2021,6,4,0,0,1,DESPISTE,JUNIN,PE-3N,37,-11.28334545072958,-75.92079551326114
2021-06-25,2021,6,4,0,0,2,CHOQUE,CAJAMARCA,PE-3N,61,-11.088946563828015,-75.99690193514492
2021-06-25,2021,6,4,0,0,0,DESPISTE,LIMA,PE-1S,140,-13.090939302944678,-76.43094339546897
2021-06-25,2021,6,4,0,0,1,ATROPELLO,JUNIN,PE-22,146,-11.594160690796492,-76.09279521669359
2021-06-25,2021,6,4,0,0,1,CHOQUE,HUANUCO,PE-5N,483,-9.189602453154416,-75.95893758903397
2021-06-26,2021,6,5,0,0,1,DESPISTE,AREQUIPA,PE-1SD,10,-16.66984859390755,-72.55862485132269
2021-06-26,2021,6,5,0,0,0,DESPISTE,AREQUIPA,PE-34A,20,-16.443706249066516,-71.68972289103331
2021-06-26,2021,6,5,0,0,0,DESPISTE,LIMA,PE-1N,71,-11.601556693489234,-77.19738741441675
2021-06-26,2021,6,5,0,0,0,DESPISTE,LIMA,PE-1N,104,-11.411127109563516,-77.37555094068351
2021-06-26,2021,6,5,0,0,1,DESPISTE,ANCASH,PE-3N,165,-10.456634854729383,-76.1783294679999
2021-06-26,2021,6,5,0,0,1,DESPISTE,ICA,PE-1S,225,-13.70614189786825,-76.15149745123108
2021-06-26,2021,6,5,0,0,4,CHOQUE,ICA,PE-1S,245,-13.874892257635718,-76.1250427690796
2021-06-26,2021,6,5,0,0,1,CHOQUE,PUNO,PE-30C,249,-13.150975479388816,-70.39750323316801
2021-06-26,2021,6,5,0,0,1,CHOQUE,UCAYALI,PE-5N,455,-9.192192915035776,-75.79534324993503
2021-06-26,2021,6,5,0,0,4,CHOQUE,AREQUIPA,PE-1S,789,-16.485514179450966,-73.03167977879889
2021-06-27,2021,6,6,0,0,3,DESPISTE,PASCO,PE-5NA,20,-10.73920037981316,-75.35756421577764
2021-06-27,2021,6,6,0,0,1,DESPISTE,UCAYALI,PE-18C,25,-8.644712184228545,-74.96607016448507
2021-06-27,2021,6,6,0,0,0,DESPISTE,CUSCO,PE-34F,35,-14.56957694984547,-71.29146797266391
2021-06-27,2021,6,6,0,0,1,DESPISTE,PUNO,PE-34H,43,-15.256194593757783,-69.86356406417016
2021-06-27,2021,6,6,0,0,1,CHOQUE,JUNIN,PE-5S,129,-11.323974287107951,-74.53581189345196
2021-06-27,2021,6,6,0,0,1,CHOQUE,AMAZONAS,PE-08B,323,-6.250686824801312,-77.8817697066487
2021-06-27,2021,6,6,0,0,3,CHOQUE,SAN MARTIN,PE-5N,454,-9.185829583790971,-75.7910619191778
2021-06-27,2021,6,6,0,0,0,DESPISTE,AREQUIPA,PE-1S,700,-16.226373214241423,-73.64036897977698
2021-06-27,2021,6,6,0,0,0,CHOQUE,AREQUIPA,PE-1S,724,-16.28673547362288,-73.4370829347178
2021-06-28,2021,6,0,0,1,1,DESPISTE,HUANCAVELICA,PE-26,28,-13.40024593685814,-75.93745701729416
2021-06-28,2021,6,0,0,0,6,DESPISTE,ANCASH,PE-3N,157,-10.5151884722032,-76.17974596657258
2021-06-28,2021,6,0,0,0,2,DESPISTE,HUANCAVELICA,PE-3S,157,-12.29667535150443,-75.09106914923346
2021-06-28,2021,6,0,0,0,1,DESPISTE,ANCASH,PE-3N,172,-10.401146141801348,-76.20681922206
2021-06-28,2021,6,0,0,0,1,CHOQUE,MADRE DE DIOS,PE-30C,321,-12.884444806303186,-70.02527482447321
2021-06-28,2021,6,0,0,0,1,CHOQUE,MADRE DE DIOS,PE-30C,321,-12.884444806303186,-70.02527482447321
2021-06-28,2021,6,0,0,0,1,DESPISTE,ANCASH,PE-1N,396,-9.32701651766862,-78.4050039793727
2021-06-28,2021,6,0,0,0,1,CHOQUE,CUSCO,PE-3S,945,-13.47106020223657,-72.15481885341539
2021-06-29,2021,6,1,0,0,2,DESPISTE,LIMA,PE-1NA,18,-11.646123812970783,-77.20818641099416
2021-06-29,2021,6,1,0,0,3,CHOQUE,UCAYALI,PE-18C,28,-8.635860593001079,-74.94661968966271
2021-06-29,2021,6,1,0,0,0,DESPISTE,LIMA,PE-1S,43,-12.353222472272424,-76.80349525974161
2021-06-29,2021,6,1,0,0,0,DESPISTE,PUNO,PE-36B,59,-16.482795478979195,-70.34831376402066
2021-06-29,2021,6,1,0,0,1,CHOQUE,LIMA,PE-1N,78,-11.59677375920734,-77.25349743581087
2021-06-29,2021,6,1,0,0,1,DESPISTE,CUSCO,PE-28B,93,-12.826592193963084,-74.00913294879939
2021-06-29,2021,6,1,0,0,2,CHOQUE,JUNIN,PE-5S,127,-11.309297702416965,-74.54528251255213
2021-06-29,2021,6,1,0,0,2,DESPISTE,AMAZONAS,PE-5N,209,-9.840499284611612,-75.01507670588369
2021-06-29,2021,6,1,0,0,0,CHOQUE,PUNO,PE-3S,1369,-15.863368241478826,-69.98537895370838
2021-06-30,2021,6,2,0,1,2,CHOQUE,LIMA,PE-1S,32,-12.285857745341351,-76.87447302295651
2021-06-30,2021,6,2,0,0,0,VOLCADURA,JUNIN,PE-22B,84,-11.176400822936204,-75.45030024330721
2021-06-30,2021,6,2,0,0,0,CHOQUE,LIMA,PE-22,112,-11.67094606237875,-76.25628872745061
2021-06-30,2021,6,2,0,0,2,DESPISTE,JUNIN,PE-5S,118,-11.242475292505226,-74.58528794101206
2021-06-30,2021,6,2,0,0,3,DESPISTE,LIMA,PE-1S,129,-12.718464192723818,-76.62264499159544
2021-06-30,2021,6,2,0,0,0,VOLCADURA,LIMA,PE-1N,162,-11.00552597598503,-77.61385214091776
2021-06-30,2021,6,2,0,0,0,DESPISTE,CAJAMARCA,PE-06A,175,-6.497272916445983,-78.91836330243123
2021-07-01,2021,7,3,0,0,1,CHOQUE,LIMA,PE-1NE,6,-11.066078581118424,-77.53412682551364
2021-07-01,2021,7,3,0,0,1,CHOQUE,JUNIN,PE-3N,60,-11.097933383894608,-75.99604647012842
2021-07-01,2021,7,3,0,0,3,CHOQUE,LIMA,PE-1N,67,-11.629287743368248,-77.20732481011504
2021-07-01,2021,7,3,0,0,0,ESPECIAL,ICA,PE-28A,69,-13.598120975594547,-75.60052732769057
2021-07-01,2021,7,3,0,0,3,CHOQUE,LA LIBERTAD,PE-10A,123,-8.013167437999925,-78.32575617399993
2021-07-01,2021,7,3,0,1,3,DESPISTE,ANCASH,PE-1N,246,-10.40379926547519,-77.97357161774444
2021-07-01,2021,7,3,0,0,0,DESPISTE,SAN MARTIN,PE-5N,749,-7.586586513622766,-76.69161265124373
2021-07-01,2021,7,3,0,0,0,CHOQUE,PUNO,PE-3S,1390,-15.943140113423285,-69.84758766255392
2021-07-01,2021,7,3,0,0,0,DESPISTE,PUNO,PE-3S,1401,-15.999374313890034,-69.76709726108085
2021-07-02,2021,7,4,0,0,0,ATROPELLO,LIMA,PE-1S,23,-12.24236550164664,-76.94430819131811
2021-07-02,2021,7,4,0,0,0,ESPECIAL,ICA,PE-1S,188,-13.410086716776268,-76.17097828641086
2021-07-02,2021,7,4,0,0,0,DESPISTE,ANCASH,PE-1N,396,-9.32701651766862,-78.4050039793727
2021-07-02,2021,7,4,0,0,1,VOLCADURA,ICA,PE-1S,442,-14.824249095010238,-74.95801597573751
2021-07-02,2021,7,4,0,0,1,DESPISTE,HUANUCO,PE-5N,481,-9.187446626827857,-75.94717397050876
2021-07-02,2021,7,4,0,0,0,VOLCADURA,LA LIBERTAD,PE-1N,519,-8.410974218331942,-78.80522603988757
2021-07-02,2021,7,4,0,0,1,DESPISTE,AREQUIPA,PE-1S,862,-16.5445018702583,-72.57421449140094
2021-07-03,2021,7,5,0,0,12,CHOQUE,MOQUEGUA,PE-36,7,-17.56259359483274,-71.10198986008886
2021-07-03,2021,7,5,0,0,1,DESPISTE,LIMA,PE-1N,26,-11.903361190450992,-77.06778140270144
2021-07-03,2021,7,5,0,0,2,CHOQUE,CAJAMARCA,PE-5N,36,-10.7552719160652,-75.2978243268594
2021-07-03,2021,7,5,0,0,2,CHOQUE,LIMA,PE-20A,69,-11.582417324827018,-76.74456128680525
2021-07-03,2021,7,5,0,0,1,CHOQUE,AREQUIPA,PE-34A,172,-15.797243296297989,-71.04812792387011
2021-07-03,2021,7,5,0,0,0,CHOQUE,ANCASH,PE-1N,245,-10.40882664870698,-77.96622084416097
2021-07-04,2021,7,6,0,0,5,CHOQUE,LIMA,PE-22,29,-11.967022009184616,-76.74510503291192
2021-07-04,2021,7,6,0,0,8,DESPISTE,LIMA,PE-1S,83,-12.657015005785905,-76.66304641592922
2021-07-04,2021,7,6,0,0,0,DESPISTE,LIMA,PE-1N,185,-10.846124321356712,-77.69430229662987
2021-07-04,2021,7,6,0,0,1,DESPISTE,MOQUEGUA,PE-1SD,202,-17.3621596371084,-71.41904707407201
2021-07-04,2021,7,6,0,0,1,CHOQUE,MADRE DE DIOS,PE-30C,324,-12.89176091055515,-69.99921662303102
2021-07-04,2021,7,6,0,0,0,CHOQUE,SAN MARTIN,PE-5N,609,-8.315887260304825,-76.34669182268973
2021-07-05,2021,7,0,0,0,0,DESPISTE,LIMA,PE-1N,1,-12.050405425107773,-76.97740415220201
2021-07-05,2021,7,0,0,1,0,CHOQUE,LA LIBERTAD,PE-08,18,-7.30078818948859,-79.32896740296906
2021-07-05,2021,7,0,0,0,0,DESPISTE,LIMA,PE-22,112,-11.67094606237875,-76.25628872745061
2021-07-05,2021,7,0,0,0,2,CHOQUE,LIMA,PE-1N,200,-10.71413356553183,-77.76782774512458
2021-07-05,2021,7,0,0,0,1,CHOQUE,SAN MARTIN,PE-5N,483,-9.189602453154416,-75.95893758903397
2021-07-05,2021,7,0,0,0,3,CHOQUE,LA LIBERTAD,PE-1N,689,-7.333935985779949,-79.4876622314431
2021-07-06,2021,7,1,0,0,1,DESPISTE,LIMA,PE-1S,26,-12.2566529380886,-76.92095498352138
2021-07-06,2021,7,1,0,0,2,DESPISTE,ICA,PE-1S,269,-13.931493928579354,-75.91679042915996
2021-07-06,2021,7,1,0,0,1,CHOQUE,SAN MARTIN,PE-5N,452,-9.173043065442531,-75.79346393714873
2021-07-06,2021,7,1,0,0,0,CHOQUE,LAMBAYEQUE,PE-1N,768,-6.867067652913684,-79.81683900592715
2021-07-07,2021,7,2,0,0,0,CHOQUE,LIMA,PE-1NA,10,-11.705195598785044,-77.18737069445248
2021-07-07,2021,7,2,0,6,16,CHOQUE,TACNA,PE-38,15,-17.900504136366482,-70.25349175965536
2021-07-07,2021,7,2,0,0,0,DESPISTE,LIMA,PE-1S,98,-12.940814856339191,-76.4963256343087
2021-07-07,2021,7,2,0,1,0,CHOQUE,MADRE DE DIOS,PE-30C,321,-12.884444806303186,-70.02527482447321
2021-07-07,2021,7,2,0,0,0,DESPISTE,AREQUIPA,PE-1S,609,-15.835614719905324,-74.28651583210313
2021-07-08,2021,7,3,0,1,4,DESPISTE,TACNA,PE-38,3,-17.989417817249084,-70.25399210266586
2021-07-08,2021,7,3,0,0,0,CHOQUE,MOQUEGUA,PE-36A,13,-17.17415129102688,-70.89438100702247
2021-07-08,2021,7,3,0,0,2,DESPISTE,LIMA,PE-1S,71,-12.570198805780503,-76.69642422185582
2021-07-08,2021,7,3,0,0,0,CHOQUE,LIMA,PE-1S,72,-12.575161042491931,-76.68881449454292
2021-07-08,2021,7,3,0,0,0,DESPISTE,LIMA,PE-22,82,-11.8105007855227,-76.35303580366866
2021-07-08,2021,7,3,0,0,0,DESPISTE,ICA,PE-1S,362,-14.465216525789009,-75.40212774808717
2021-07-09,2021,7,4,0,0,1,ESPECIAL,JUNIN,PE-3N,0,-11.522644942999932,-75.90932789099992
2021-07-09,2021,7,4,0,0,1,CHOQUE,CALLAO,PE-20,19,-11.992789444530542,-77.12576512888174
2021-07-09,2021,7,4,0,0,1,CHOQUE,LIMA,PE-1N,82,-11.563139040290404,-77.26547950067437
2021-07-09,2021,7,4,0,1,0,CHOQUE,HUANUCO,PE-18A,122,-9.306969376791022,-76.0019070427817
2021-07-09,2021,7,4,0,1,2,CHOQUE,ICA,PE-1S,201,-13.500408491038865,-76.14055886983967
2021-07-09,2021,7,4,0,0,0,DESPISTE,MOQUEGUA,PE-1SD,221,-17.480978828098714,-71.36489001944598
2021-07-09,2021,7,4,0,0,1,DESPISTE,CUSCO,PE-30C,232,-13.17957762637997,-70.46571173429759
2021-07-09,2021,7,4,0,0,0,DESPISTE,AMAZONAS,PE-5N,322,-8.882512364347509,-75.04580251764503
2021-07-09,2021,7,4,0,0,5,ATROPELLO,MADRE DE DIOS,PE-30C,413,-12.64491938960231,-69.27801338335928
2021-07-09,2021,7,4,0,0,1,CHOQUE,LAMBAYEQUE,PE-1N,840,-6.403868136022724,-80.18014751360371
2021-07-09,2021,7,4,0,0,4,CHOQUE,AREQUIPA,PE-1S,976,-16.590818536981548,-71.84793046778137
2021-07-10,2021,7,5,0,0,1,CHOQUE,JUNIN,PE-5S,3,-10.949871108364082,-75.27086230376027
2021-07-10,2021,7,5,0,0,1,CHOQUE,JUNIN,PE-5S,11,-10.944941193306418,-75.220845110289
2021-07-10,2021,7,5,0,0,2,DESPISTE,LIMA,PE-20C,24,-11.457092195484549,-77.12693644672348
2021-07-10,2021,7,5,0,0,3,ESPECIAL,ANCASH,PE-16,48,-10.318579548925175,-77.62190572874985
2021-07-10,2021,7,5,0,0,1,VOLCADURA,CAJAMARCA,PE-3N,73,-10.993244729714515,-76.02211089188938
2021-07-10,2021,7,5,0,1,3,CHOQUE,LIMA,PE-1S,108,-12.80540376186029,-76.54555704667551
2021-07-10,2021,7,5,0,0,4,DESPISTE,LIMA,PE-1S,126,-12.69908931679153,-76.64136256995023
2021-07-10,2021,7,5,0,0,1,CHOQUE,TUMBES,PE-1N,205,-10.677275327645,-77.79214552619842
2021-07-10,2021,7,5,0,0,1,DESPISTE,MOQUEGUA,PE-1SD,221,-17.480978828098714,-71.36489001944598
2021-07-10,2021,7,5,0,2,0,ATROPELLO,PIURA,PE-1NJ,255,-5.193545889152634,-80.61404591497926
2021-07-10,2021,7,5,0,0,2,DESPISTE,MADRE DE DIOS,PE-30C,389,-12.719560387020726,-69.48856092480203
2021-07-10,2021,7,5,0,1,0,CHOQUE,CUSCO,PE-3S,943,-13.485372943425858,-72.16698573316596
2021-07-11,2021,7,6,0,0,1,CHOQUE,MOQUEGUA,PE-1SD,23,-16.696312986938654,-72.46594737546697
2021-07-11,2021,7,6,0,0,0,DESPISTE,LIMA,PE-1S,29,-12.271264375020683,-76.89771906411094
2021-07-11,2021,7,6,0,0,4,CHOQUE,LIMA,PE-22,70,-11.875756205625285,-76.43000257756621
2021-07-11,2021,7,6,0,0,3,CHOQUE,LIMA,PE-22,111,-11.678630463904785,-76.25802822208564
2021-07-11,2021,7,6,0,0,1,DESPISTE,PIURA,PE-1N,119,-11.34068519664422,-77.46334435318555
2021-07-11,2021,7,6,0,0,1,CHOQUE,APURIMAC,PE-3S,846,-13.544064714346938,-72.71869615411036
2021-07-11,2021,7,6,0,0,2,CHOQUE,TACNA,PE-1S,1323,-18.26971819296136,-70.31907975368884
2021-07-12,2021,7,0,0,0,2,DESPISTE,CAJAMARCA,PE-06A,108,-6.498584356779435,-79.15141794817757
2021-07-12,2021,7,0,0,2,8,CHOQUE,AREQUIPA,PE-34A,182,-15.762128976807965,-70.9698872532973
2021-07-12,2021,7,0,0,0,4,CHOQUE,AYACUCHO,PE-3S,351,-12.990094520423977,-74.22445678341796
2021-07-12,2021,7,0,0,0,0,DESPISTE,MADRE DE DIOS,PE-30C,413,-12.64491938960231,-69.27801338335928
2021-07-12,2021,7,0,0,0,0,DESPISTE,APURIMAC,PE-3S,520,-13.462727724203672,-73.82982364806243
2021-07-12,2021,7,0,0,0,1,CHOQUE,AREQUIPA,PE-1S,989,-16.70104336301476,-71.87046980645803
2021-07-12,2021,7,0,0,0,2,CHOQUE,PUNO,PE-3S,1341,-15.679514475478037,-70.07284442038961
2021-07-13,2021,7,1,0,0,2,CHOQUE,PIURA,PE-02,43,-5.105052291929416,-81.05787817247332
2021-07-13,2021,7,1,0,0,1,DESPISTE,JUNIN,PE-3S,76,-11.816598209481231,-75.49327317545641
2021-07-13,2021,7,1,0,0,0,DESPISTE,MOQUEGUA,PE-36B,119,-16.14822986195223,-70.0607682709252
2021-07-13,2021,7,1,0,0,0,DESPISTE,TUMBES,PE-1N,163,-11.000314939552863,-77.62124921929144
2021-07-13,2021,7,1,0,0,2,DESPISTE,ICA,PE-1S,243,-13.857619701763031,-76.13115379592705
2021-07-13,2021,7,1,0,0,2,DESPISTE,SAN MARTIN,PE-5N,560,-8.724631373570691,-76.24028717343963
2021-07-13,2021,7,1,0,0,1,CHOQUE,SAN MARTIN,PE-5N,638,-8.184602522946705,-76.51241939015964
2021-07-13,2021,7,1,0,0,1,CHOQUE,SAN MARTIN,PE-5N,741,-7.635055847416919,-76.67094522498827
2021-07-13,2021,7,1,0,0,5,DESPISTE,APURIMAC,PE-3S,807,-13.572247898909778,-72.83894966169382
2021-07-13,2021,7,1,0,0,1,DESPISTE,AREQUIPA,PE-1S,941,-16.448840523925956,-71.96689239113711
2021-07-13,2021,7,1,0,0,1,CHOQUE,CUSCO,PE-3S,1089,-14.144411588505037,-71.39768636345367
2021-07-14,2021,7,2,0,0,0,CHOQUE,CAJAMARCA,PE-3N,5,-11.499670865051586,-75.94005565962021
2021-07-14,2021,7,2,0,0,0,CHOQUE,LIMA,PE-22,19,-11.989475230476176,-76.81864907225003
2021-07-14,2021,7,2,0,1,0,ATROPELLO,LIMA,PE-1S,99,-12.947738271549609,-76.50162231777215
2021-07-14,2021,7,2,0,0,1,DESPISTE,LIMA,PE-22,110,-11.685662543184964,-76.26051752939492
2021-07-14,2021,7,2,0,0,2,DESPISTE,AREQUIPA,PE-1SD,135,-17.137397271184895,-71.8180992258003
2021-07-14,2021,7,2,0,0,0,DESPISTE,PUNO,PE-34B,169,-14.138621235541764,-70.34542045604391
2021-07-14,2021,7,2,0,0,0,CHOQUE,MOQUEGUA,PE-1SD,198,-17.337563850232456,-71.43071119261562
2021-07-14,2021,7,2,0,0,1,CHOQUE,ICA,PE-1S,456,-14.909092243389866,-74.98519499802576
2021-07-14,2021,7,2,0,0,0,DESPISTE,LAMBAYEQUE,PE-1N,736,-7.030528484065737,-79.59418920905101
2021-07-14,2021,7,2,0,0,0,CHOQUE,AREQUIPA,PE-1S,913,-16.36193111204504,-72.15414747484274
2021-07-15,2021,7,3,0,0,3,DESPISTE,CAJAMARCA,PE-08A,2,-7.211834538284127,-78.83732898107526
2021-07-15,2021,7,3,0,0,1,DESPISTE,JUNIN,PE-3N,7,-11.48544490298403,-75.94922978480228
2021-07-15,2021,7,3,0,0,2,CHOQUE,LIMA,PE-1S,10,-12.144315222114932,-76.98178048057544
2021-07-15,2021,7,3,0,0,1,CHOQUE,SAN MARTIN,PE-5NB,10,-6.465629059552952,-76.31401014101158
2021-07-15,2021,7,3,0,2,1,CHOQUE,ANCASH,PE-14,11,-9.437978207780231,-78.19020974263252
2021-07-15,2021,7,3,0,0,3,CHOQUE,AMAZONAS,PE-08C,35,-5.9780024094637785,-77.97125877146513
2021-07-15,2021,7,3,0,0,0,DESPISTE,PUNO,PE-34H,51,-15.210990776768703,-69.82798000063845
2021-07-15,2021,7,3,0,0,2,CHOQUE,LIMA,PE-22,56,-11.904000376387485,-76.53198225569177
2021-07-15,2021,7,3,0,0,2,DESPISTE,PIURA,PE-1N,82,-11.563139040290404,-77.26547950067437
2021-07-15,2021,7,3,0,0,1,CHOQUE,APURIMAC,PE-30A,385,-14.028723076124098,-73.21641941636621
2021-07-15,2021,7,3,0,0,2,CHOQUE,AREQUIPA,PE-1S,684,-16.17609220828522,-73.75963607365426
2021-07-15,2021,7,3,0,0,1,CHOQUE,AYACUCHO,PE-3S,765,-13.674722401943477,-72.92416373451053
2021-07-15,2021,7,3,0,0,4,CHOQUE,AREQUIPA,PE-1S,950,-16.477135340044374,-71.91302158750607
2021-07-15,2021,7,3,0,0,0,DESPISTE,AREQUIPA,PE-1S,1034,-17.011629782548425,-71.71040248393474
2021-07-15,2021,7,3,0,0,1,DESPISTE,MOQUEGUA,PE-1S,1167,-17.43062063300712,-71.04812623724327
2021-07-17,2021,7,5,0,0,1,CHOQUE,AMAZONAS,PE-08C,14,-6.120567489509639,-77.8967155353355
2021-07-17,2021,7,5,0,0,2,CHOQUE,LAMBAYEQUE,PE-1NJ,24,-6.473053280496445,-79.85582071984733
2021-07-17,2021,7,5,0,0,2,CHOQUE,LIMA,PE-1N,83,-11.555918348742413,-77.26964221100262
2021-07-17,2021,7,5,0,0,1,CHOQUE,LIMA,PE-1N,85,-11.542148320798743,-77.28069405572357
2021-07-17,2021,7,5,0,0,0,DESPISTE,PUNO,PE-34B,97,-14.597454813648756,-70.33948832669445
2021-07-17,2021,7,5,0,0,0,ESPECIAL,APURIMAC,PE-3S,847,-13.541648804490482,-72.71079659045677
2021-07-17,2021,7,5,0,0,1,CHOQUE,LAMBAYEQUE,PE-1N,848,-6.345348452467783,-80.22274111069017
2021-07-17,2021,7,5,0,0,0,DESPISTE,AREQUIPA,PE-1S,1040,-17.030336733195576,-71.69309277924192
2021-07-17,2021,7,5,0,0,1,DESPISTE,TACNA,PE-1S,1323,-18.26971819296136,-70.31907975368884
2021-07-18,2021,7,6,0,0,0,CHOQUE,SAN MARTIN,PE-5NB,9,-6.464009216057668,-76.32062546107238
2021-07-18,2021,7,6,0,0,0,DESPISTE,LIMA,PE-1NA,18,-11.646123812970783,-77.20818641099416
2021-07-18,2021,7,6,0,0,1,CHOQUE,LIMA,PE-20A,37,-11.70504005775021,-76.94098636380929
2021-07-18,2021,7,6,0,0,0,DESPISTE,PUNO,PE-36B,52,-16.534818438412834,-70.36902005304377
2021-07-18,2021,7,6,0,0,1,CHOQUE,LIMA,PE-1N,67,-11.629287743368248,-77.20732481011504
2021-07-18,2021,7,6,0,0,0,CHOQUE,PIURA,PE-1N,125,-11.296567991820828,-77.49527333968987
2021-07-18,2021,7,6,0,0,1,CHOQUE,CUSCO,PE-28B,185,-12.625063417694246,-73.74086150876532
2021-07-18,2021,7,6,0,0,2,DESPISTE,MOQUEGUA,PE-1SD,212,-17.40933882734374,-71.3813876213265
2021-07-18,2021,7,6,0,0,0,DESPISTE,ICA,PE-1S,223,-13.688996272130044,-76.15742611440658
2021-07-18,2021,7,6,0,0,0,DESPISTE,AREQUIPA,PE-1S,605,-15.81836151471904,-74.3040003140425
2021-07-18,2021,7,6,0,0,0,DESPISTE,TACNA,PE-1S,1225,-17.762818161321796,-70.78600919114277
2021-07-19,2021,7,0,0,0,1,CHOQUE,CAJAMARCA,PE-08B,8,-7.14828002654377,-78.44855137204728
2021-07-19,2021,7,0,0,0,1,DESPISTE,LA LIBERTAD,PE-08,24,-7.273878457051038,-79.28582405701572
2021-07-19,2021,7,0,0,0,1,CHOQUE,JUNIN,PE-3N,57,-11.124831846456756,-75.99283434539717
2021-07-19,2021,7,0,0,0,0,DESPISTE,AREQUIPA,PE-34A,86,-16.09631122417502,-71.60562102065985
2021-07-19,2021,7,0,0,0,3,DESPISTE,AREQUIPA,PE-34A,110,-16.06838706496484,-71.42930690677025
2021-07-19,2021,7,0,0,0,1,CHOQUE,LIMA,PE-22,112,-11.67094606237875,-76.25628872745061
2021-07-19,2021,7,0,0,0,0,DESPISTE,CUSCO,PE-3SG,243,-14.779041984459726,-71.39341829491325
2021-07-19,2021,7,0,0,0,0,CHOQUE,SAN MARTIN,PE-5N,557,-8.74682704047116,-76.22617679566986
2021-07-20,2021,7,1,0,0,1,CHOQUE,CAJAMARCA,PE-5N,6,-10.922006504425562,-75.28650808115127
2021-07-20,2021,7,1,0,0,1,CHOQUE,JUNIN,PE-22B,59,-11.303343228003495,-75.55851876557283
2021-07-20,2021,7,1,0,0,0,CHOQUE,LIMA,PE-1N,76,-11.60799034412872,-77.23917995125622
2021-07-20,2021,7,1,0,0,2,DESPISTE,LIMA,PE-1S,85,-12.67194815915568,-76.65281196833061
2021-07-20,2021,7,1,0,0,1,DESPISTE,LIMA,PE-20A,88,-11.489997498087696,-76.64785454821576
2021-07-20,2021,7,1,0,0,0,DESPISTE,PASCO,PE-3N,100,-10.839114088891874,-76.18088677579682
2021-07-20,2021,7,1,0,0,3,CHOQUE,PASCO,PE-3N,153,-10.546595915831611,-76.19046748970091
2021-07-20,2021,7,1,0,0,0,DESPISTE,APURIMAC,PE-3S,782,-13.623377360099774,-72.87182272885309
2021-07-20,2021,7,1,0,0,1,DESPISTE,CUSCO,PE-3S,882,-13.52681605631386,-72.51023098050538
2021-07-20,2021,7,1,0,0,0,DESPISTE,CUSCO,PE-3S,951,-13.481319972648397,-72.10947094914421
2021-07-21,2021,7,2,0,0,0,CHOQUE,LIMA,PE-1N,99,-11.445819783907062,-77.34808370456645
2021-07-21,2021,7,2,0,0,1,DESPISTE,ICA,PE-1S,238,-13.815636875862747,-76.14743987085411
2021-07-21,2021,7,2,0,0,1,DESPISTE,ICA,PE-1S,272,-13.933342134889903,-75.8891170222311
2021-07-21,2021,7,2,0,0,1,DESPISTE,LA LIBERTAD,PE-1N,734,-7.044212393211083,-79.58239900161708
2021-07-21,2021,7,2,0,0,0,DESPISTE,PIURA,PE-1N,892,-6.083747435277642,-80.50207495911454
2021-07-21,2021,7,2,0,0,2,CHOQUE,PIURA,PE-1N,902,-5.998119036180847,-80.52880855554967
2021-07-22,2021,7,3,0,0,0,DESPISTE,CUSCO,PE-28B,0,-13.07841008999992,-74.22378507799993
2021-07-22,2021,7,3,0,0,2,CHOQUE,UCAYALI,PE-18C,12,-8.742524951854836,-75.01428027190188
2021-07-22,2021,7,3,0,0,0,DESPISTE,AMAZONAS,PE-08C,27,-6.035346469124573,-77.93919089559081
2021-07-22,2021,7,3,0,0,0,CHOQUE,AMAZONAS,PE-08C,27,-6.035346469124573,-77.93919089559081
2021-07-22,2021,7,3,0,0,1,ESPECIAL,LIMA,PE-1S,61,-12.494357250569998,-76.74355432888902
2021-07-22,2021,7,3,0,0,0,DESPISTE,AREQUIPA,PE-34A,62,-16.24611697654889,-71.67468554299344
2021-07-22,2021,7,3,0,0,0,DESPISTE,LIMA,PE-22,77,-11.842489238662177,-76.38235990008693
2021-07-22,2021,7,3,0,0,0,DESPISTE,APURIMAC,PE-30A,298,-14.516774647041704,-73.27449505903488
2021-07-22,2021,7,3,0,0,1,ATROPELLO,MADRE DE DIOS,PE-30C,325,-12.890182446651396,-69.99081926954916
2021-07-22,2021,7,3,0,2,0,ESPECIAL,APURIMAC,PE-30A,343,-14.293045625254754,-73.25039749890564
2021-07-22,2021,7,3,0,1,0,CHOQUE,HUANUCO,PE-5N,483,-9.189602453154416,-75.95893758903397
2021-07-22,2021,7,3,0,0,5,CHOQUE,LAMBAYEQUE,PE-1N,839,-6.411184307261112,-80.1748249186799
2021-07-22,2021,7,3,0,1,24,DESPISTE,AREQUIPA,PE-1S,852,-16.594036466593664,-72.63173033645545
2021-07-23,2021,7,4,0,0,0,CHOQUE,AREQUIPA,PE-34A,11,-16.48268799292572,-71.71436200117896
2021-07-23,2021,7,4,0,0,3,CHOQUE,LIMA,PE-1S,13,-12.17053592045172,-76.97935477145053
2021-07-23,2021,7,4,0,1,0,CHOQUE,PUNO,PE-3SG,24,-14.213386764099116,-72.17303773833811
2021-07-23,2021,7,4,0,0,0,CHOQUE,LIMA,PE-1N,44,-11.777083903231906,-77.15962972973583
2021-07-23,2021,7,4,0,0,0,DESPISTE,PASCO,PE-3N,154,-10.53838323539461,-76.18748088487155
2021-07-23,2021,7,4,0,0,0,DESPISTE,ANCASH,PE-3N,169,-10.424765692179337,-76.19523973275544
2021-07-23,2021,7,4,0,0,4,CHOQUE,MADRE DE DIOS,PE-30C,421,-12.597744953905346,-69.23565024694574
2021-07-23,2021,7,4,0,0,0,DESPISTE,ICA,PE-1S,442,-14.824249095010238,-74.95801597573751
2021-07-23,2021,7,4,0,1,0,CHOQUE,AREQUIPA,PE-1S,968,-16.534402706539133,-71.80101335893073
2021-07-23,2021,7,4,0,0,1,DESPISTE,PIURA,PE-1N,1025,-4.954427608433423,-80.69728835742464
2021-07-24,2021,7,5,0,0,1,CHOQUE,CAJAMARCA,PE-08B,10,-7.152879554682973,-78.44083999568728
2021-07-24,2021,7,5,0,0,1,CHOQUE,CAJAMARCA,PE-08B,11,-7.1566861570238505,-78.43616099042796
2021-07-24,2021,7,5,0,1,1,CHOQUE,LIMA,PE-20A,33,-11.725811160827355,-76.96341766980659
2021-07-24,2021,7,5,0,1,0,CHOQUE,JUNIN,PE-3N,57,-11.124831846456756,-75.99283434539717
2021-07-24,2021,7,5,0,0,0,CHOQUE,CAJAMARCA,PE-08A,63,-7.062827510517289,-78.60635965204187
2021-07-24,2021,7,5,0,0,2,DESPISTE,LIMA,PE-1S,79,-12.622155134287611,-76.67070490348846
2021-07-24,2021,7,5,0,0,0,DESPISTE,JUNIN,PE-5S,93,-11.122404892746223,-74.68130040884584
2021-07-24,2021,7,5,0,0,1,DESPISTE,JUNIN,PE-3S,133,-12.13816406247263,-75.22351011291738
2021-07-24,2021,7,5,0,0,1,CHOQUE,HUANCAVELICA,PE-3S,161,-12.322921416153092,-75.07682293899254
2021-07-24,2021,7,5,0,0,0,DESPISTE,PUNO,PE-34A,205,-15.710261864557385,-70.81635288482103
2021-07-24,2021,7,5,0,0,1,CHOQUE,MADRE DE DIOS,PE-30C,407,-12.663805784003516,-69.3317975968447
2021-07-24,2021,7,5,0,0,1,DESPISTE,AREQUIPA,PE-1S,583,-15.75690633736109,-74.4392619207266
2021-07-24,2021,7,5,0,0,0,DESPISTE,AREQUIPA,PE-1S,603,-15.814402711349496,-74.31709692140151
2021-07-24,2021,7,5,0,0,0,CHOQUE,AREQUIPA,PE-1S,609,-15.835614719905324,-74.28651583210313
2021-07-24,2021,7,5,0,0,0,ESPECIAL,AREQUIPA,PE-1S,760,-16.411359303624945,-73.19074291867989
2021-07-25,2021,7,6,0,0,1,CHOQUE,PIURA,PE-1N,3,-12.036785672029502,-76.98870889454524
2021-07-25,2021,7,6,0,0,4,CHOQUE,CAJAMARCA,PE-08A,61,-7.062118284952413,-78.62687147935063
2021-07-25,2021,7,6,0,0,0,CHOQUE,LIMA,PE-1N,75,-11.613182867318375,-77.23179150617773
2021-07-25,2021,7,6,0,0,1,DESPISTE,ANCASH,PE-1N,237,-10.44591915226778,-77.9280881394662
2021-07-25,2021,7,6,0,0,9,DESPISTE,ICA,PE-1S,289,-14.001581543346424,-75.76794913140023
2021-07-25,2021,7,6,0,0,0,DESPISTE,ANCASH,PE-1N,396,-9.32701651766862,-78.4050039793727
2021-07-25,2021,7,6,0,0,1,CHOQUE,ICA,PE-1S,453,-14.88620938725433,-74.99462485196088
2021-07-25,2021,7,6,0,0,2,CHOQUE,SAN MARTIN,PE-5N,470,-9.197817930130457,-75.86472021979435
2021-07-25,2021,7,6,0,0,6,DESPISTE,APURIMAC,PE-3S,765,-13.674722401943477,-72.92416373451053
2021-07-26,2021,7,0,0,0,1,CHOQUE,ANCASH,PE-14,4,-9.469967879097526,-78.24106731189974
2021-07-26,2021,7,0,0,0,0,DESPISTE,LIMA,PE-1NA,9,-11.7123235086773,-77.18229341261495
2021-07-26,2021,7,0,0,0,1,CHOQUE,LIMA,PE-1S,24,-12.246584742503304,-76.93618987426358
2021-07-26,2021,7,0,0,1,0,DESPISTE,PIURA,PE-3N,66,-11.047430015875854,-75.99664875129398
2021-07-26,2021,7,0,0,1,0,ATROPELLO,JUNIN,PE-22B,77,-11.212043015164287,-75.4921418314279
2021-07-26,2021,7,0,0,0,1,ATROPELLO,MADRE DE DIOS,PE-30C,402,-12.679570701745574,-69.37587731350206
2021-07-26,2021,7,0,0,0,2,DESPISTE,LA LIBERTAD,PE-1N,722,-7.112605945633963,-79.49583534412771
2021-07-26,2021,7,0,0,0,3,DESPISTE,AREQUIPA,PE-1S,766,-16.42485516446909,-73.149158706139
2021-07-26,2021,7,0,0,0,0,CHOQUE,CUSCO,PE-3S,932,-13.48250335463636,-72.261655944761
2021-07-27,2021,7,1,0,0,4,CHOQUE,CAJAMARCA,PE-5N,6,-10.922006504425562,-75.28650808115127
2021-07-27,2021,7,1,0,0,0,DESPISTE,LIMA,PE-1S,78,-12.613650317878966,-76.66764922509587
2021-07-27,2021,7,1,0,0,2,DESPISTE,PUNO,PE-34A,208,-15.695074093525186,-70.82061890544735
2021-07-27,2021,7,1,0,0,1,CHOQUE,PUNO,PE-34A,287,-15.556408042518571,-70.23253525952606
2021-07-27,2021,7,1,0,0,8,DESPISTE,ANCASH,PE-1N,347,-9.684525755371428,-78.27878259323218
2021-07-27,2021,7,1,0,1,0,ATROPELLO,ANCASH,PE-1N,357,-9.599326990752273,-78.2579456822353
2021-07-27,2021,7,1,0,0,0,CHOQUE,MOQUEGUA,PE-1S,1147,-17.287254980296343,-70.98509298499943
2021-07-27,2021,7,1,0,0,0,CHOQUE,TACNA,PE-1S,1311,-18.16304398041413,-70.33591159677137
2021-07-27,2021,7,1,0,0,0,DESPISTE,TACNA,PE-1S,1327,-18.305517647190477,-70.31470873007217
2021-07-28,2021,7,2,0,0,1,CHOQUE,CAJAMARCA,PE-5N,7,-10.91481897962098,-75.28636583995102
2021-07-28,2021,7,2,0,0,7,CHOQUE,JUNIN,PE-3N,15,-11.430433706385609,-75.93105274231849
2021-07-28,2021,7,2,0,1,0,DESPISTE,JUNIN,PE-3N,16,-11.427203880905031,-75.92367167749157
2021-07-28,2021,7,2,0,0,2,CHOQUE,CUSCO,PE-28B,117,-12.754566088647447,-73.99044642742837
2021-07-28,2021,7,2,0,0,0,DESPISTE,AREQUIPA,PE-34A,121,-16.055807676781747,-71.35049213960322
2021-07-28,2021,7,2,0,0,2,DESPISTE,ANCASH,PE-3N,148,-10.58859497890566,-76.18501305095728
2021-07-28,2021,7,2,0,0,0,CHOQUE,CUSCO,PE-28B,166,-12.604999504243452,-73.82440304331747
2021-07-28,2021,7,2,0,0,1,CHOQUE,CUSCO,PE-28B,227,-12.788917528649748,-73.5717702701075
2021-07-28,2021,7,2,0,0,4,CHOQUE,ANCASH,PE-1N,342,-9.72577111744347,-78.26773926152077
2021-07-28,2021,7,2,0,0,5,CHOQUE,HUANUCO,PE-5N,483,-9.189602453154416,-75.95893758903397
2021-07-28,2021,7,2,0,0,1,DESPISTE,AREQUIPA,PE-1S,921,-16.37417225482444,-72.13698346420553
2021-07-28,2021,7,2,0,0,2,DESPISTE,LIMA,PE-16,N.I.,-10.32508897899993,-77.62707565999995
2021-07-29,2021,7,3,0,2,2,CHOQUE,LIMA,PE-1N,78,-11.59677375920734,-77.25349743581087
2021-07-29,2021,7,3,0,0,3,CHOQUE,APURIMAC,PE-30A,385,-14.028723076124098,-73.21641941636621
2021-07-29,2021,7,3,0,0,0,CHOQUE,MADRE DE DIOS,PE-30C,422,-12.593592310146914,-69.22753943868666
2021-07-29,2021,7,3,0,0,0,CHOQUE,APURIMAC,PE-3S,769,-13.657056724859611,-72.92471206331227
2021-07-29,2021,7,3,0,1,0,CHOQUE,PIURA,PE-1N,1006,-5.168550366451663,-80.69040843638616
2021-07-30,2021,7,4,0,0,1,CHOQUE,AREQUIPA,PE-1SD,10,-16.66984859390755,-72.55862485132269
2021-07-30,2021,7,4,0,0,0,CHOQUE,MOQUEGUA,PE-1SD,27,-16.705456525832112,-72.44351199164423
2021-07-30,2021,7,4,0,0,0,DESPISTE,CAJAMARCA,PE-06A,84,-6.603608522534779,-79.25527502378708
2021-07-30,2021,7,4,0,0,0,DESPISTE,CAJAMARCA,PE-3N,88,-10.88833765732852,-76.08712159000903
2021-07-30,2021,7,4,0,0,1,CHOQUE,LA LIBERTAD,PE-1N,557,-8.155220743799148,-79.0122276121623
2021-07-31,2021,7,5,0,0,1,DESPISTE,JUNIN,PE-3N,1,-11.517927126735032,-75.91694947616219
2021-07-31,2021,7,5,0,0,1,CHOQUE,HUANUCO,PE-18A,125,-9.285845475593796,-75.99241702996288
2021-07-31,2021,7,5,0,0,0,DESPISTE,AREQUIPA,PE-34A,171,-15.80358899973552,-71.05475011736705
2021-07-31,2021,7,5,0,0,5,CHOQUE,ANCASH,PE-1N,292,-10.079413907454422,-78.1506975550275
2021-07-31,2021,7,5,0,0,0,CHOQUE,MADRE DE DIOS,PE-30C,324,-12.89176091055515,-69.99921662303102
2021-07-31,2021,7,5,0,0,0,CHOQUE,ICA,PE-1S,358,-14.455944177171416,-75.43800056562088
2021-07-31,2021,7,5,0,1,0,CHOQUE,LA LIBERTAD,PE-1N,680,-7.385863703075342,-79.54715294433028
2021-08-01,2021,8,6,0,1,0,ATROPELLO,PIURA,PE-1N,3,-12.036785672029502,-76.98870889454524
2021-08-01,2021,8,6,0,0,0,DESPISTE,CAJAMARCA,PE-3N,9,-11.47313169358694,-75.95978591454887
2021-08-01,2021,8,6,0,0,1,DESPISTE,CAJAMARCA,PE-5N,13,-10.874385295397568,-75.27717635421996
2021-08-01,2021,8,6,0,1,0,DESPISTE,CAJAMARCA,PE-08,56,-7.254206301855996,-79.07855474513758
2021-08-01,2021,8,6,0,0,1,DESPISTE,JUNIN,PE-3N,71,-11.008710341049833,-76.01339695019837
2021-08-01,2021,8,6,0,0,0,CHOQUE,JUNIN,PE-3N,72,-11.00123537596716,-76.01846551119964
2021-08-01,2021,8,6,0,0,1,DESPISTE,JUNIN,PE-3S,76,-11.816598209481231,-75.49327317545641
2021-08-01,2021,8,6,0,0,0,DESPISTE,JUNIN,PE-5S,83,-11.055142940775198,-74.73668797027773
2021-08-01,2021,8,6,0,0,2,CHOQUE,LIMA,PE-1S,98,-12.940814856339191,-76.4963256343087
2021-08-01,2021,8,6,0,0,1,CHOQUE,LIMA,PE-22,130,-11.606218334641854,-76.19768237746943
2021-08-01,2021,8,6,0,0,1,CHOQUE,ANCASH,PE-3N,152,-10.555424059627402,-76.19215011599994
2021-08-01,2021,8,6,0,0,1,CHOQUE,HUANCAVELICA,PE-3S,162,-12.326837152254068,-75.07310018760478
2021-08-01,2021,8,6,0,0,0,CHOQUE,CUSCO,PE-28B,177,-12.606690790687368,-73.76834241109535
2021-08-01,2021,8,6,0,0,1,CHOQUE,ICA,PE-1S,245,-13.874892257635718,-76.1250427690796
2021-08-01,2021,8,6,0,0,1,ATROPELLO,MADRE DE DIOS,PE-30C,324,-12.89176091055515,-69.99921662303102
2021-08-01,2021,8,6,0,0,0,CHOQUE,UCAYALI,PE-5N,355,-8.8269516231366,-75.23150206667539
2021-08-01,2021,8,6,0,0,0,DESPISTE,ANCASH,PE-1N,409,-9.225657650638832,-78.44929939224029
2021-08-01,2021,8,6,0,0,1,CHOQUE,SAN MARTIN,PE-5N,630,-8.228543112324099,-76.45972229626187
2021-08-01,2021,8,6,0,0,0,DESPISTE,PIURA,PE-1N,906,-5.962162137880149,-80.53085444780606
2021-08-01,2021,8,6,0,0,2,CHOQUE,AREQUIPA,PE-1S,973,-16.569680778086596,-71.83041879254921
2021-08-02,2021,8,0,0,0,0,CHOQUE,LIMA,PE-22,14,-12.010633296175223,-76.87296071141773
2021-08-02,2021,8,0,0,0,4,DESPISTE,CAJAMARCA,PE-08,56,-7.254206301855996,-79.07855474513758
2021-08-02,2021,8,0,0,0,0,CHOQUE,HUANUCO,PE-5N,62,-10.7106394725151,-75.16585340958866
2021-08-02,2021,8,0,0,0,0,CHOQUE,LIMA,PE-1N,74,-11.61032449534697,-77.223165537099
2021-08-02,2021,8,0,0,1,0,CHOQUE,LIMA,PE-1N,80,-11.580768556486747,-77.26134269665921
2021-08-02,2021,8,0,0,0,1,CHOQUE,LIMA,PE-1S,109,-12.813171004970425,-76.54127391864445
2021-08-02,2021,8,0,0,0,0,DESPISTE,HUANUCO,PE-18A,117,-9.346429147684768,-75.98152305216388
2021-08-02,2021,8,0,0,0,0,CHOQUE,AREQUIPA,PE-34A,128,-16.032495279901976,-71.29209906893945
2021-08-02,2021,8,0,0,4,10,DESPISTE,PUNO,PE-34B,170,-14.130406778163987,-70.34916316506768
2021-08-02,2021,8,0,0,0,1,DESPISTE,LIMA,PE-1N,207,-10.665219097638216,-77.80299346538109
2021-08-02,2021,8,0,0,0,0,DESPISTE,MOQUEGUA,PE-1SD,209,-17.39036240006434,-71.38345745953454
2021-08-03,2021,8,1,0,0,0,DESPISTE,LIMA,PE-22,87,-11.78573755939325,-76.33445596411033
2021-08-03,2021,8,1,0,0,0,DESPISTE,HUANUCO,PE-18A,105,-9.443994183324197,-75.97401056969134
2021-08-03,2021,8,1,0,0,4,CHOQUE,CUSCO,PE-28B,166,-12.604999504243452,-73.82440304331747
2021-08-03,2021,8,1,0,0,0,DESPISTE,PUNO,PE-34A,234,-15.68875769897162,-70.63716766431881
2021-08-03,2021,8,1,0,0,0,CHOQUE,ANCASH,PE-1N,375,-9.475397416819506,-78.30359864439865
2021-08-03,2021,8,1,0,0,1,CHOQUE,SAN MARTIN,PE-5N,420,-9.059933945333205,-75.64474161691199
2021-08-03,2021,8,1,0,0,2,DESPISTE,SAN MARTIN,PE-5N,642,-8.190889681946116,-76.54460564753902
2021-08-04,2021,8,2,0,0,1,CHOQUE,PUNO,PE-3SG,3,-14.114074814191456,-72.2353924674361
2021-08-04,2021,8,2,0,0,1,CHOQUE,PUNO,PE-34B,10,-15.220215206002417,-70.22169759586914
2021-08-04,2021,8,2,0,0,0,DESPISTE,LIMA,PE-1N,70,-11.608566565769252,-77.19744637726484
2021-08-04,2021,8,2,0,0,0,CHOQUE,LIMA,PE-1N,77,-11.602077442374776,-77.24610941541458
2021-08-04,2021,8,2,0,0,2,CHOQUE,PIURA,PE-1N,86,-11.534091599158318,-77.28486077214315
2021-08-04,2021,8,2,0,0,0,DESPISTE,MOQUEGUA,PE-36A,124,-16.88389642101476,-70.45388953078617
2021-08-04,2021,8,2,0,0,2,DESPISTE,HUANCAVELICA,PE-28A,161,-13.481399365770567,-75.10298933818517
2021-08-04,2021,8,2,0,0,1,DESPISTE,HUANUCO,PE-3N,240,-9.920188903999929,-76.30874935737133
2021-08-04,2021,8,2,0,1,1,CHOQUE,LAMBAYEQUE,PE-1N,861,-6.27829073253867,-80.31492359598673
2021-08-05,2021,8,3,0,0,0,DESPISTE,MOQUEGUA,PE-36A,40,-17.061557113854427,-70.86265669049945
2021-08-05,2021,8,3,0,1,0,CHOQUE,ANCASH,PE-16,120,-10.143592879704505,-77.30554540586382
2021-08-05,2021,8,3,0,0,1,DESPISTE,LIMA,PE-1S,141,-13.097805878041688,-76.42495767818772
2021-08-05,2021,8,3,0,0,1,CHOQUE,PASCO,PE-5N,153,-10.288071485333116,-74.97966559391084
2021-08-05,2021,8,3,0,0,5,DESPISTE,ICA,PE-1S,186,-13.413397208384122,-76.18864368453282
2021-08-05,2021,8,3,0,0,2,CHOQUE,AMAZONAS,PE-08B,317,-6.2295834447784895,-77.90582505037402
2021-08-05,2021,8,3,0,0,0,CHOQUE,LAMBAYEQUE,PE-1N,863,-6.271215493308301,-80.33156818791235
2021-08-06,2021,8,4,0,0,0,DESPISTE,AREQUIPA,PE-34C,2,-16.405010712551917,-71.56615317768531
2021-08-06,2021,8,4,0,0,0,CHOQUE,MOQUEGUA,PE-1SD,27,-16.705456525832112,-72.44351199164423
2021-08-06,2021,8,4,0,1,1,DESPISTE,JUNIN,PE-3N,80,-10.946530829609102,-76.04561884136238
2021-08-06,2021,8,4,0,1,2,CHOQUE,CUSCO,PE-28B,82,-12.892327236343911,-74.0003936466349
2021-08-06,2021,8,4,0,0,0,CHOQUE,AREQUIPA,PE-34A,136,-15.996477473793243,-71.25509810275335
2021-08-06,2021,8,4,0,1,2,DESPISTE,ANCASH,PE-1N,240,-10.422093052498472,-77.926735641405
2021-08-06,2021,8,4,0,0,0,CHOQUE,PUNO,PE-3S,1368,-15.864686684697997,-69.99439364181934
2021-08-07,2021,8,5,0,0,1,DESPISTE,CAJAMARCA,PE-5N,25,-10.806802179317105,-75.30118794452227
2021-08-07,2021,8,5,0,0,0,DESPISTE,LIMA,PE-1N,59,-11.692192514020103,-77.18065694885097
2021-08-07,2021,8,5,0,0,1,CHOQUE,LIMA,PE-1N,86,-11.534091599158318,-77.28486077214315
2021-08-07,2021,8,5,0,0,3,DESPISTE,ICA,PE-1S,192,-13.420166072049676,-76.13733472259989
2021-08-07,2021,8,5,0,0,2,DESPISTE,ANCASH,PE-1N,344,-9.709208055507482,-78.27510081942467
2021-08-07,2021,8,5,0,0,3,DESPISTE,SAN MARTIN,PE-5N,401,-9.033258832126885,-75.48565526859218
2021-08-07,2021,8,5,0,0,1,CHOQUE,MADRE DE DIOS,PE-30C,416,-12.632049244717733,-69.25994061304989
2021-08-07,2021,8,5,0,0,0,CHOQUE,ICA,PE-1S,468,-15.011639680229418,-75.00453356144801
2021-08-07,2021,8,5,0,1,0,DESPISTE,AREQUIPA,PE-1S,553,-15.622835307973284,-74.64410525252
2021-08-07,2021,8,5,0,0,0,CHOQUE,ANCASH,PE-3N,598,-9.392418930449956,-77.58365474565065
2021-08-07,2021,8,5,0,0,0,CHOQUE,AREQUIPA,PE-1S,704,-16.229572985590508,-73.6033694593231
2021-08-07,2021,8,5,0,0,2,DESPISTE,LA LIBERTAD,PE-1N,721,-7.118252205492627,-79.48876554579404
2021-08-07,2021,8,5,0,0,3,DESPISTE,CUSCO,PE-3S,1020,-13.67333283115306,-71.63210134231656
2021-08-08,2021,8,6,0,0,0,DESPISTE,CAJAMARCA,PE-3N,4,-11.505579466515494,-75.93325922876595
2021-08-08,2021,8,6,0,0,1,CHOQUE,LAMBAYEQUE,PE-06A,9,-6.795778771319464,-79.78448247434014
2021-08-08,2021,8,6,0,0,2,DESPISTE,CUSCO,PE-28F,40,-13.316995333527991,-72.10919589568056
2021-08-08,2021,8,6,0,0,0,CHOQUE,LIMA,PE-1S,69,-12.558117854102646,-76.70992501945862
2021-08-08,2021,8,6,0,0,0,DESPISTE,HUANUCO,PE-18A,70,-9.64043294390554,-76.06639291740994
2021-08-08,2021,8,6,0,0,2,CHOQUE,LIMA,PE-1N,74,-11.61032449534697,-77.223165537099
2021-08-08,2021,8,6,0,0,4,CHOQUE,AREQUIPA,PE-34A,121,-16.055807676781747,-71.35049213960322
2021-08-08,2021,8,6,0,0,1,DESPISTE,PASCO,PE-3N,149,-10.579784782538278,-76.1874072993174
2021-08-08,2021,8,6,0,0,1,DESPISTE,AREQUIPA,PE-34A,179,-15.764218560835296,-70.99473497219276
2021-08-08,2021,8,6,0,1,0,CHOQUE,SAN MARTIN,PE-5N,590,-8.473276093676118,-76.31471940658918
2021-08-08,2021,8,6,0,0,0,DESPISTE,AREQUIPA,PE-1S,609,-15.835614719905324,-74.28651583210313
2021-08-08,2021,8,6,0,0,0,CHOQUE,ANCASH,PE-3N,643,-9.086547872719466,-77.77786412275387
2021-08-09,2021,8,0,0,0,1,DESPISTE,LIMA,PE-1N,4,-12.029881894044047,-76.99429512668502
2021-08-09,2021,8,0,0,0,0,CHOQUE,JUNIN,PE-3S,30,-11.689773911327778,-75.76956519914653
2021-08-09,2021,8,0,0,0,1,DESPISTE,LIMA,PE-1N,57,-11.709796925946536,-77.17694984543039
2021-08-09,2021,8,0,0,0,0,DESPISTE,LIMA,PE-1S,71,-12.570198805780503,-76.69642422185582
2021-08-09,2021,8,0,0,0,1,CHOQUE,JUNIN,PE-3N,72,-11.00123537596716,-76.01846551119964
2021-08-09,2021,8,0,0,0,5,CHOQUE,LIMA,PE-22,74,-11.85424193529425,-76.40503668183283
2021-08-09,2021,8,0,0,0,0,DESPISTE,PUNO,PE-34A,206,-15.7064877364721,-70.82050145058845
2021-08-09,2021,8,0,0,0,2,DESPISTE,MOQUEGUA,PE-1SD,210,-17.39681717205118,-71.3864472804718
2021-08-09,2021,8,0,0,1,1,CHOQUE,ICA,PE-1S,465,-14.986317322199636,-74.9948998116627
2021-08-09,2021,8,0,0,0,0,VOLCADURA,ANCASH,PE-3N,598,-9.392418930449956,-77.58365474565065
2021-08-09,2021,8,0,0,0,2,CHOQUE,AREQUIPA,PE-1S,1034,-17.011629782548425,-71.71040248393474
2021-08-10,2021,8,1,0,0,1,DESPISTE,HUANCAVELICA,PE-3SD,2,-12.305819871155396,-75.06763693925296
2021-08-10,2021,8,1,0,0,0,CHOQUE,JUNIN,PE-3S,29,-11.682692500326343,-75.77468691580232
2021-08-10,2021,8,1,0,0,0,DESPISTE,LIMA,PE-22,56,-11.904000376387485,-76.53198225569177
2021-08-10,2021,8,1,0,0,9,CHOQUE,AREQUIPA,PE-34A,69,-16.210139965245244,-71.65258000868859
2021-08-10,2021,8,1,0,0,2,CHOQUE,JUNIN,PE-5S,80,-11.034200982406622,-74.75146578821564
2021-08-10,2021,8,1,0,1,3,CHOQUE,AREQUIPA,PE-34A,121,-16.055807676781747,-71.35049213960322
2021-08-10,2021,8,1,0,0,0,CHOQUE,ICA,PE-1S,199,-13.48239984615401,-76.13863094744637
2021-08-10,2021,8,1,0,0,0,CHOQUE,MADRE DE DIOS,PE-30C,322,-12.88735407035615,-70.01660983495881
2021-08-10,2021,8,1,0,0,0,DESPISTE,APURIMAC,PE-30A,334,-14.327116310263955,-73.18485913974187
2021-08-10,2021,8,1,0,0,0,CHOQUE,MADRE DE DIOS,PE-30C,390,-12.716918844141851,-69.4797521901874
2021-08-10,2021,8,1,0,1,0,CHOQUE,AREQUIPA,PE-1S,883,-16.489598637391943,-72.39227930554995
2021-08-10,2021,8,1,0,0,0,DESPISTE,CUSCO,PE-3S,1020,-13.67333283115306,-71.63210134231656
2021-08-11,2021,8,2,0,0,2,CHOQUE,SAN MARTIN,PE-5NB,12,-6.461448473894179,-76.3074457795189
2021-08-11,2021,8,2,0,0,1,CHOQUE,LIMA,PE-1N,80,-11.580768556486747,-77.26134269665921
2021-08-11,2021,8,2,0,0,0,ATROPELLO,JUNIN,PE-22B,102,-11.089325757967211,-75.32996098465773
2021-08-11,2021,8,2,0,0,0,CHOQUE,AREQUIPA,PE-34A,121,-16.055807676781747,-71.35049213960322
2021-08-11,2021,8,2,0,0,0,CHOQUE,AMAZONAS,PE-08B,321,-6.25009530689146,-77.89079435903031
2021-08-12,2021,8,3,0,0,1,CHOQUE,ANCASH,PE-3N,4,-11.505579466515494,-75.93325922876595
2021-08-12,2021,8,3,0,0,1,CHOQUE,AREQUIPA,PE-34A,68,-16.21416606613637,-71.6553031243196
2021-08-12,2021,8,3,0,0,0,DESPISTE,JUNIN,PE-22B,102,-11.089325757967211,-75.32996098465773
2021-08-12,2021,8,3,0,0,1,CHOQUE,JUNIN,PE-22B,102,-11.089325757967211,-75.32996098465773
2021-08-12,2021,8,3,0,3,4,CHOQUE,ANCASH,PE-1N,331,-9.794747917765644,-78.21003300553888
2021-08-12,2021,8,3,0,0,1,CHOQUE,SAN MARTIN,PE-5N,576,-8.591033226004338,-76.27198029981278
2021-08-13,2021,8,4,0,0,0,ESPECIAL,JUNIN,PE-3S,31,-11.69792777212196,-75.76739923144835
2021-08-13,2021,8,4,0,0,4,DESPISTE,LIMA,PE-1S,80,-12.631048191835124,-76.66948524888161
2021-08-13,2021,8,4,0,2,37,DESPISTE,SAN MARTIN,PE-5N,385,-8.96438874075087,-75.41458769770892
2021-08-13,2021,8,4,0,2,2,CHOQUE,LA LIBERTAD,PE-1N,450,-8.934841082623915,-78.63367904312526
2021-08-13,2021,8,4,0,0,1,DESPISTE,HUANUCO,PE-5N,462,-9.211686872413043,-75.82648518633553
2021-08-13,2021,8,4,0,0,1,CHOQUE,LA LIBERTAD,PE-1N,731,-7.065205434285424,-79.56424898359977
2021-08-14,2021,8,5,0,0,1,CHOQUE,PUNO,PE-3SG,2,-14.115465998593002,-72.23847658176362
2021-08-14,2021,8,5,0,0,4,CHOQUE,LIMA,PE-20A,5,-11.929919977335684,-77.06851765061344
2021-08-14,2021,8,5,0,0,1,CHOQUE,LIMA,PE-1S,61,-12.494357250569998,-76.74355432888902
2021-08-14,2021,8,5,0,0,0,CHOQUE,AYACUCHO,PE-28B,137,-12.714397284086406,-73.8879921568261
2021-08-15,2021,8,6,0,0,1,CHOQUE,JUNIN,PE-5N,5,-10.926699476833056,-75.28036326294095
2021-08-15,2021,8,6,0,0,1,CHOQUE,AMAZONAS,PE-08C,12,-6.137137912921292,-77.8980054051247
2021-08-15,2021,8,6,0,0,3,DESPISTE,LAMBAYEQUE,PE-06A,48,-6.729608040880805,-79.49580650756708
2021-08-15,2021,8,6,0,0,2,CHOQUE,LIMA,PE-1S,63,-12.510461196671754,-76.73568315994434
2021-08-15,2021,8,6,0,2,8,CHOQUE,AREQUIPA,PE-34A,101,-16.077049837443056,-71.50998958199652
2021-08-15,2021,8,6,0,0,0,DESPISTE,LIMA,PE-22,112,-11.67094606237875,-76.25628872745061
2021-08-15,2021,8,6,0,0,3,DESPISTE,LIMA,PE-1S,116,-12.762402122203678,-76.59937204571224
2021-08-15,2021,8,6,0,0,4,DESPISTE,LIMA,PE-1N,127,-11.281859419863723,-77.50591257113878
2021-08-15,2021,8,6,0,0,0,DESPISTE,AREQUIPA,PE-34A,128,-16.032495279901976,-71.29209906893945
2021-08-15,2021,8,6,0,0,0,ESPECIAL,ICA,PE-1S,240,-13.832027149666018,-76.14018477048096
2021-08-15,2021,8,6,0,0,1,DESPISTE,PUNO,PE-34A,257,-15.66709271927519,-70.45723910404772
2021-08-15,2021,8,6,0,0,0,DESPISTE,AMAZONAS,PE-08B,322,-6.251568195479329,-77.8853620470629
2021-08-15,2021,8,6,0,0,1,DESPISTE,MADRE DE DIOS,PE-30C,422,-12.593592310146914,-69.22753943868666
2021-08-15,2021,8,6,0,0,1,DESPISTE,MADRE DE DIOS,PE-30C,432,-12.56491333556428,-69.1663800384816
2021-08-15,2021,8,6,0,0,2,CHOQUE,ICA,PE-1S,447,-14.851244052889172,-74.95679907012627
2021-08-15,2021,8,6,0,0,0,DESPISTE,AREQUIPA,PE-1S,609,-15.835614719905324,-74.28651583210313
2021-08-16,2021,8,0,0,1,0,ATROPELLO,PIURA,PE-1N,3,-12.036785672029502,-76.98870889454524
2021-08-16,2021,8,0,0,0,1,CHOQUE,CAJAMARCA,PE-08B,3,-7.165015715056347,-78.47522019341605
2021-08-16,2021,8,0,0,1,0,CHOQUE,PIURA,PE-1N,25,-11.911310948123,-77.07229955613077
2021-08-16,2021,8,0,0,0,1,CHOQUE,LIMA,PE-1S,29,-12.271264375020683,-76.89771906411094
2021-08-16,2021,8,0,0,0,1,DESPISTE,MOQUEGUA,PE-36,34,-17.68707888060677,-71.28782873458876
2021-08-16,2021,8,0,0,0,2,CHOQUE,UCAYALI,PE-5N,87,-10.580429020989325,-75.10306120667458
2021-08-16,2021,8,0,0,0,4,DESPISTE,LIMA,PE-1S,106,-13.007416812792492,-76.48215257899191
2021-08-16,2021,8,0,0,0,1,CHOQUE,ICA,PE-1S,245,-13.874892257635718,-76.1250427690796
2021-08-16,2021,8,0,0,0,1,DESPISTE,HUANUCO,PE-14A,431,-9.30291557299995,-76.00342369099991
2021-08-17,2021,8,1,0,0,0,CHOQUE,AREQUIPA,PE-34A,2,-16.528899999999908,-71.76588715465003
2021-08-17,2021,8,1,0,0,2,CHOQUE,LIMA,PE-22,79,-11.82946912089244,-76.37022387640849
2021-08-17,2021,8,1,0,0,8,CHOQUE,LIMA,PE-22,112,-11.67094606237875,-76.25628872745061
2021-08-18,2021,8,2,0,0,2,CHOQUE,AMAZONAS,PE-5N,262,-9.38553401808668,-75.03076091642774
2021-08-19,2021,8,3,0,0,0,CHOQUE,AREQUIPA,PE-34C,2,-16.405010712551917,-71.56615317768531
2021-08-19,2021,8,3,0,0,2,CHOQUE,JUNIN,PE-3S,77,-11.808046452021289,-75.49246551529983
2021-08-19,2021,8,3,0,0,1,DESPISTE,AMAZONAS,PE-08B,313,-6.227299175242221,-77.91235945662105
2021-08-19,2021,8,3,0,0,0,CHOQUE,LA LIBERTAD,PE-1N,550,-8.197801481307167,-78.96806343825
2021-08-19,2021,8,3,0,0,2,CHOQUE,SAN MARTIN,PE-5N,748,-7.590427944235959,-76.68514748928845
2021-08-20,2021,8,4,0,0,2,DESPISTE,AREQUIPA,PE-34A,4,-16.525228723642485,-71.74958182981892
2021-08-20,2021,8,4,0,0,0,CHOQUE,MOQUEGUA,PE-1SD,11,-16.666984168696686,-72.55507742654935
2021-08-20,2021,8,4,0,0,1,DESPISTE,PUNO,PE-36B,22,-16.714586401802947,-70.45023026999512
2021-08-20,2021,8,4,0,0,0,CHOQUE,MOQUEGUA,PE-1SD,27,-16.705456525832112,-72.44351199164423
2021-08-20,2021,8,4,0,0,1,CHOQUE,LIMA,PE-1N,56,-11.717936394248229,-77.17342758670395
2021-08-20,2021,8,4,0,0,4,DESPISTE,JUNIN,PE-3N,67,-11.03957406964339,-75.99487857142181
2021-08-20,2021,8,4,0,0,1,CHOQUE,PIURA,PE-1N,69,-11.611573094810431,-77.20594646622817
2021-08-20,2021,8,4,0,0,5,DESPISTE,AYACUCHO,PE-28B,74,-12.90424031280256,-74.00336057616455
2021-08-20,2021,8,4,0,0,1,DESPISTE,LIMA,PE-22,86,-11.789645368148422,-76.33575456827968
2021-08-20,2021,8,4,0,0,1,CHOQUE,LIMA,PE-1S,107,-13.015745195784534,-76.47864426839998
2021-08-20,2021,8,4,0,0,0,DESPISTE,AYACUCHO,PE-30A,152,-14.689854959118124,-74.13854757372289
2021-08-20,2021,8,4,0,0,2,ATROPELLO,UCAYALI,PE-5N,452,-9.173043065442531,-75.79346393714873
2021-08-21,2021,8,5,0,0,0,DESPISTE,LIMA,PE-1NA,1,-11.776394715328902,-77.16310043405825
2021-08-21,2021,8,5,0,0,0,CHOQUE,CAJAMARCA,PE-3N,16,-11.427203880905031,-75.92367167749157
2021-08-21,2021,8,5,0,0,0,CHOQUE,LIMA,PE-1S,53,-12.424112563376994,-76.75390574014192
2021-08-21,2021,8,5,0,0,0,DESPISTE,PUNO,PE-34B,117,-14.47966732219844,-70.25380398598212
2021-08-21,2021,8,5,0,0,0,DESPISTE,PUNO,PE-34B,158,-14.185397405777875,-70.2912995148684
2021-08-21,2021,8,5,0,0,1,DESPISTE,MADRE DE DIOS,PE-30C,412,-12.648049598266256,-69.28700596106407
2021-08-21,2021,8,5,0,0,1,DESPISTE,ANCASH,PE-1N,445,-8.974752155131966,-78.61840945890586
2021-08-21,2021,8,5,0,0,2,CHOQUE,SAN MARTIN,PE-5N,462,-9.211686872413043,-75.82648518633553
2021-08-21,2021,8,5,0,0,0,DESPISTE,PUNO,PE-3S,1460,-16.25546321672992,-69.33917073363097
2021-08-22,2021,8,6,0,1,1,CHOQUE,LIMA,PE-1S,5,-12.100003025159191,-76.97971191909942
2021-08-22,2021,8,6,0,0,0,DESPISTE,CAJAMARCA,PE-5N,35,-10.751691712516932,-75.30203267910886
2021-08-22,2021,8,6,0,0,0,CHOQUE,HUANUCO,PE-18A,37,-9.771720640292552,-76.09548501897008
2021-08-22,2021,8,6,0,1,1,CHOQUE,JUNIN,PE-5S,58,-10.920196566091088,-74.88186997366695
2021-08-22,2021,8,6,0,0,4,DESPISTE,LIMA,PE-1S,62,-12.502971764565988,-76.74078328237132
2021-08-22,2021,8,6,0,0,1,DESPISTE,LIMA,PE-1S,155,-13.193479213372864,-76.3488135306637
2021-08-22,2021,8,6,0,0,1,ATROPELLO,SAN MARTIN,PE-5N,634,-8.20931834186022,-76.48985248844635
2021-08-22,2021,8,6,0,1,1,ATROPELLO,LA LIBERTAD,PE-1N,721,-7.118252205492627,-79.48876554579404
2021-08-23,2021,8,0,0,0,0,DESPISTE,AREQUIPA,PE-34E,3,-16.032064447258865,-71.40493145496897
2021-08-23,2021,8,0,0,3,2,CHOQUE,JUNIN,PE-3N,86,-10.900594187288547,-76.0737382947785
2021-08-23,2021,8,0,0,0,2,ATROPELLO,LIMA,PE-1S,106,-13.007416812792492,-76.48215257899191
2021-08-23,2021,8,0,0,0,4,DESPISTE,LIMA,PE-22,131,-11.604129142801774,-76.19653457093399
2021-08-23,2021,8,0,0,1,1,CHOQUE,PUNO,PE-34B,136,-14.336944690516257,-70.25717773669172
2021-08-23,2021,8,0,0,1,2,DESPISTE,JUNIN,PE-24,253,-12.0232554839839,-75.4877227498646
2021-08-23,2021,8,0,0,0,1,DESPISTE,PUNO,PE-36A,303,-16.587831799614186,-69.06874003919171
2021-08-23,2021,8,0,0,0,1,DESPISTE,ICA,PE-1S,423,-14.715954984230008,-75.09158291576988
2021-08-23,2021,8,0,0,0,0,DESPISTE,PIURA,PE-1N,994,-5.197579736973813,-80.64209803643867
2021-08-24,2021,8,1,0,0,0,CHOQUE,CUSCO,PE-30C,2,-13.68036639040393,-71.60307944127136
2021-08-24,2021,8,1,0,0,0,ESPECIAL,LIMA,PE-1NA,8,-11.71979040106858,-77.1779617640266
2021-08-24,2021,8,1,0,0,1,ATROPELLO,UCAYALI,PE-18C,14,-8.725899847017416,-75.00930444266977
2021-08-24,2021,8,1,0,0,3,CHOQUE,UCAYALI,PE-18C,14,-8.725899847017416,-75.00930444266977
2021-08-24,2021,8,1,0,0,0,DESPISTE,JUNIN,PE-5S,14,-10.94002144259177,-75.19956455830096
2021-08-24,2021,8,1,0,0,2,ATROPELLO,LIMA,PE-1NE,15,-11.092462508112892,-77.4575919702674
2021-08-24,2021,8,1,0,0,2,CHOQUE,MOQUEGUA,PE-1SD,20,-16.693928416005043,-72.48297731281941
2021-08-24,2021,8,1,0,0,1,DESPISTE,LIMA,PE-1NA,22,-11.618092544280278,-77.22471155861128
2021-08-24,2021,8,1,0,0,0,CHOQUE,UCAYALI,PE-18C,31,-8.612020396412989,-74.93921047845775
2021-08-24,2021,8,1,0,0,6,DESPISTE,JUNIN,PE-3S,33,-11.702969124718,-75.75201373506435
2021-08-24,2021,8,1,0,0,1,CHOQUE,CAJAMARCA,PE-08B,37,-7.0790414274804325,-78.33084116319077
2021-08-24,2021,8,1,0,0,2,CHOQUE,LIMA,PE-22,131,-11.604129142801774,-76.19653457093399
2021-08-24,2021,8,1,0,1,0,CHOQUE,LIMA,PE-1N,153,-11.077178170857938,-77.58277443695867
2021-08-24,2021,8,1,0,0,1,DESPISTE,MADRE DE DIOS,PE-30C,411,-12.651164007189069,-69.29600415756734
2021-08-24,2021,8,1,0,0,1,DESPISTE,AREQUIPA,PE-1S,607,-15.833803234313454,-74.29718245886946
2021-08-24,2021,8,1,0,0,0,CHOQUE,AREQUIPA,PE-1S,633,-15.918975935138109,-74.12471145695262
2021-08-24,2021,8,1,0,0,1,CHOQUE,LA LIBERTAD,PE-1N,654,-7.501399862325964,-79.40959888915607
2021-08-24,2021,8,1,0,1,0,CHOQUE,SAN MARTIN,PE-5N,666,-8.076218210234003,-76.63074862985209
2021-08-24,2021,8,1,0,0,0,DESPISTE,AREQUIPA,PE-1S,930,-16.408026576502763,-72.06070338321058
2021-08-24,2021,8,1,0,0,2,DESPISTE,TACNA,PE-1S,1240,-17.792846107305497,-70.64876040305631
2021-08-25,2021,8,2,0,0,0,DESPISTE,LIMA,PE-1S,19,-12.222590189867685,-76.97460254913342
2021-08-25,2021,8,2,0,0,6,CHOQUE,AMAZONAS,PE-08C,38,-5.9551952422352645,-77.97783298602825
2021-08-25,2021,8,2,0,0,0,DESPISTE,CAJAMARCA,PE-08,47,-7.236421654610441,-79.14289689554305
2021-08-25,2021,8,2,0,1,1,CHOQUE,LIMA,PE-1N,47,-11.753335009070232,-77.14879196867817
2021-08-25,2021,8,2,0,0,2,DESPISTE,ANCASH,PE-1N,344,-9.709208055507482,-78.27510081942467
2021-08-25,2021,8,2,0,0,0,CHOQUE,LA LIBERTAD,PE-1N,710,-7.193041081726553,-79.42968314350716
2021-08-25,2021,8,2,0,0,0,CHOQUE,AREQUIPA,PE-1S,1032,-16.998441445493434,-71.71706436647938
2021-08-25,2021,8,2,0,0,2,CHOQUE,AREQUIPA,PE-1S,1034,-17.011629782548425,-71.71040248393474
2021-08-26,2021,8,3,0,0,0,DESPISTE,JUNIN,PE-5S,39,-10.87417053048119,-75.02719775188113
2021-08-26,2021,8,3,0,0,2,CHOQUE,CUSCO,PE-28B,113,-12.75852730784456,-73.99510623128782
2021-08-26,2021,8,3,0,0,3,DESPISTE,AREQUIPA,PE-34A,134,-16.003616353971104,-71.2687063539711
2021-08-26,2021,8,3,0,0,0,DESPISTE,APURIMAC,PE-3S,801,-13.597249944889162,-72.83744223607393
2021-08-26,2021,8,3,0,0,0,DESPISTE,AREQUIPA,PE-1S,1041,-17.027181748636483,-71.6844183597377
2021-08-27,2021,8,4,0,0,0,CHOQUE,LIMA,PE-22,131,-11.604129142801774,-76.19653457093399
2021-08-27,2021,8,4,0,0,2,CHOQUE,LIMA,PE-1N,161,-11.011661249867856,-77.60718252088589
2021-08-27,2021,8,4,0,0,1,CHOQUE,AMAZONAS,PE-08B,316,-6.230619859017498,-77.90812402783988
2021-08-27,2021,8,4,0,16,2,DESPISTE,APURIMAC,PE-3SF,350,-13.691116087492638,-72.34751836428995
2021-08-27,2021,8,4,0,1,0,ATROPELLO,PUNO,PE-3S,1488,-16.419118485610824,-69.17853173252523
2021-08-28,2021,8,5,0,0,0,ESPECIAL,LIMA,PE-1N,1,-12.050405425107773,-76.97740415220201
2021-08-28,2021,8,5,0,0,1,CHOQUE,PIURA,PE-1N,14,-12.009030175998236,-77.06094575860706
2021-08-28,2021,8,5,0,0,3,DESPISTE,AREQUIPA,PE-34A,24,-16.421734465771436,-71.68260247600693
2021-08-28,2021,8,5,0,0,4,DESPISTE,JUNIN,PE-3S,30,-11.689773911327778,-75.76956519914653
2021-08-28,2021,8,5,0,0,2,ATROPELLO,LIMA,PE-1N,39,-11.81153439569187,-77.13042173959337
2021-08-28,2021,8,5,0,0,0,DESPISTE,TACNA,PE-1SD,46,-16.77611966907306,-72.33005561856311
2021-08-28,2021,8,5,0,0,4,CHOQUE,LIMA,PE-1S,139,-13.084073050921855,-76.43692930570488
2021-08-28,2021,8,5,0,3,5,DESPISTE,PUNO,PE-34B,239,-13.763574101504105,-70.47120759924195
2021-08-28,2021,8,5,0,0,0,CHOQUE,PUNO,PE-34B,247,-13.71388700571445,-70.45406628857396
2021-08-28,2021,8,5,0,0,6,CHOQUE,TACNA,PE-1S,1273,-17.918398922354164,-70.36918919300099
2021-08-29,2021,8,6,0,1,1,CHOQUE,LA LIBERTAD,PE-1NF,5,-7.796759242297383,-79.13935420074758
2021-08-29,2021,8,6,0,0,0,DESPISTE,ANCASH,PE-14,17,-9.458249090613531,-78.15002691960878
2021-08-29,2021,8,6,0,0,0,CHOQUE,LIMA,PE-16,19,-10.51231083730222,-77.75622469592139
2021-08-29,2021,8,6,0,0,1,CHOQUE,CAJAMARCA,PE-3N,23,-11.393428921406548,-75.88641715555012
2021-08-29,2021,8,6,0,1,3,CHOQUE,JUNIN,PE-3S,32,-11.702007570424136,-75.75954884788902
2021-08-29,2021,8,6,0,0,1,CHOQUE,UCAYALI,PE-18C,34,-8.595057306639342,-74.92092676722307
2021-08-29,2021,8,6,0,0,2,DESPISTE,JUNIN,PE-3S,76,-11.816598209481231,-75.49327317545641
2021-08-29,2021,8,6,0,0,1,ATROPELLO,LIMA,PE-1N,82,-11.563139040290404,-77.26547950067437
2021-08-29,2021,8,6,0,0,0,DESPISTE,ANCASH,PE-16,97,-10.134544482032364,-77.40150212242925
2021-08-29,2021,8,6,0,0,0,DESPISTE,ANCASH,PE-16,117,-10.151549151453212,-77.31508234917384
2021-08-29,2021,8,6,0,0,1,DESPISTE,LIMA,PE-1S,165,-13.249650866012216,-76.28420145920819
2021-08-29,2021,8,6,0,0,1,DESPISTE,ICA,PE-1S,199,-13.48239984615401,-76.13863094744637
2021-08-29,2021,8,6,0,0,4,DESPISTE,LIMA,PE-1N,216,-10.61866465204343,-77.86581141240966
2021-08-29,2021,8,6,0,0,1,CHOQUE,PIURA,PE-1N,943,-5.63124372344421,-80.57755560607377
2021-08-29,2021,8,6,0,1,0,CHOQUE,AREQUIPA,PE-1S,976,-16.590818536981548,-71.84793046778137
2021-08-29,2021,8,6,0,1,0,ATROPELLO,PUNO,PE-3S,1368,-15.864686684697997,-69.99439364181934
2021-08-30,2021,8,0,0,0,1,DESPISTE,CAJAMARCA,PE-08A,4,-7.196452958082224,-78.82916190305359
2021-08-30,2021,8,0,0,0,0,DESPISTE,JUNIN,PE-3SA,5,-11.762804358962407,-75.50602285261688
2021-08-30,2021,8,0,0,0,1,ATROPELLO,LIMA,PE-1N,48,-11.746533717388017,-77.1427832539304
2021-08-30,2021,8,0,0,0,2,CHOQUE,CUSCO,PE-28B,65,-12.941014649412471,-74.02184364239965
2021-08-30,2021,8,0,0,0,0,CHOQUE,HUANUCO,PE-18A,65,-9.655552621795367,-76.0676299207065
2021-08-30,2021,8,0,0,0,1,CHOQUE,LAMBAYEQUE,PE-1NJ,90,-5.9929179747445085,-79.73251624499106
2021-08-30,2021,8,0,0,0,2,CHOQUE,LIMA,PE-1N,104,-11.411127109563516,-77.37555094068351
2021-08-30,2021,8,0,0,0,1,CHOQUE,ANCASH,PE-3N,164,-10.464189509872591,-76.18242559331125
2021-08-30,2021,8,0,0,2,1,CHOQUE,MADRE DE DIOS,PE-30C,390,-12.716918844141851,-69.4797521901874
2021-08-30,2021,8,0,0,0,1,CHOQUE,LA LIBERTAD,PE-1N,504,-8.486581726307016,-78.69562211271982
2021-08-30,2021,8,0,0,1,12,CHOQUE,AREQUIPA,PE-1S,895,-16.432173411269364,-72.30007870081752
2021-08-31,2021,8,1,0,0,4,CHOQUE,PIURA,PE-1N,18,-11.973388404368109,-77.06659650425499
2021-08-31,2021,8,1,0,33,29,DESPISTE,LIMA,PE-22,72,-11.86082411839993,-76.4208394004285
2021-08-31,2021,8,1,0,0,1,DESPISTE,CUSCO,PE-28B,177,-12.606690790687368,-73.76834241109535
2021-08-31,2021,8,1,0,0,1,DESPISTE,TUMBES,PE-1N,195,-10.809318459769994,-77.70090883878109
2021-08-31,2021,8,1,0,0,1,DESPISTE,AYACUCHO,PE-3S,347,-12.97043052920604,-74.21966994308484
2021-08-31,2021,8,1,0,0,0,DESPISTE,SAN MARTIN,PE-5N,576,-8.591033226004338,-76.27198029981278
2021-08-31,2021,8,1,0,0,1,DESPISTE,LA LIBERTAD,PE-1N,733,-7.05105738261768,-79.57650130543955
2021-08-31,2021,8,1,0,0,0,CHOQUE,AREQUIPA,PE-1S,1046,-17.02736974420072,-71.64793535092281
2021-09-01,2021,9,2,0,0,2,CHOQUE,UCAYALI,PE-18C,13,-8.73463987364588,-75.01081265608232
2021-09-01,2021,9,2,0,0,0,ESPECIAL,MOQUEGUA,PE-36,26,-17.673058032666034,-71.22684143210316
2021-09-01,2021,9,2,0,0,0,DESPISTE,PIURA,PE-3N,65,-11.053893518921935,-76.00251237165583
2021-09-01,2021,9,2,0,1,1,DESPISTE,LIMA,PE-1S,140,-13.090939302944678,-76.43094339546897
2021-09-01,2021,9,2,0,2,0,CHOQUE,ANCASH,PE-1N,231,-10.495832734498324,-77.9116192544961
2021-09-01,2021,9,2,0,0,0,DESPISTE,ANCASH,PE-1N,242,-10.42221842525169,-77.94486781881982
2021-09-01,2021,9,2,0,0,0,DESPISTE,ANCASH,PE-1N,285,-10.134814362869172,-78.11981351471424
2021-09-01,2021,9,2,0,0,1,CHOQUE,AMAZONAS,PE-08B,327,-6.231746472790378,-77.86871513803968
2021-09-01,2021,9,2,0,0,1,CHOQUE,SAN MARTIN,PE-5N,596,-8.422846331202868,-76.32609883856692
2021-09-01,2021,9,2,0,0,0,CHOQUE,SAN MARTIN,PE-5N,637,-8.188420603871059,-76.50462268956122
2021-09-01,2021,9,2,0,0,3,CHOQUE,AREQUIPA,PE-1S,951,-16.481515495271488,-71.90513785084899
2021-09-02,2021,9,3,0,0,1,DESPISTE,CAJAMARCA,PE-08A,14,-7.164286466929244,-78.8400862623871
2021-09-02,2021,9,3,0,0,0,DESPISTE,LIMA,PE-1S,29,-12.271264375020683,-76.89771906411094
2021-09-02,2021,9,3,0,0,0,CHOQUE,LIMA,PE-1N,71,-11.601556693489234,-77.19738741441675
2021-09-02,2021,9,3,0,0,0,DESPISTE,ANCASH,PE-1N,241,-10.422160852999925,-77.9358011787569
2021-09-02,2021,9,3,0,0,1,CHOQUE,LA LIBERTAD,PE-1N,732,-7.058083264723555,-79.57042450172128
2021-09-03,2021,9,4,0,0,1,ESPECIAL,JUNIN,PE-5N,15,-10.858242373840824,-75.27300820161662
2021-09-03,2021,9,4,0,1,0,ATROPELLO,ANCASH,PE-1N,231,-10.495832734498324,-77.9116192544961
2021-09-03,2021,9,4,0,0,1,DESPISTE,ANCASH,PE-1N,252,-10.368553675775402,-78.01457666703017
2021-09-03,2021,9,4,0,0,0,CHOQUE,ANCASH,PE-1N,418,-9.058068068236896,-78.59017083827591
2021-09-03,2021,9,4,0,0,1,CHOQUE,SAN MARTIN,PE-5N,461,-9.206953960563895,-75.82591613409042
2021-09-03,2021,9,4,0,0,1,CHOQUE,CUSCO,PE-3S,964,-13.50758558027331,-72.00665372455148
2021-09-04,2021,9,5,0,0,0,DESPISTE,LIMA,PE-1NA,18,-11.646123812970783,-77.20818641099416
2021-09-04,2021,9,5,0,0,2,CHOQUE,MOQUEGUA,PE-1SD,24,-16.694806553923037,-72.45871090151424
2021-09-04,2021,9,5,0,0,2,DESPISTE,AMAZONAS,PE-08C,33,-5.992635087303545,-77.96420917630165
2021-09-04,2021,9,5,0,0,1,ATROPELLO,PUNO,PE-34B,275,-13.535980205013336,-70.43779092881063
2021-09-05,2021,9,6,0,0,1,DESPISTE,CAJAMARCA,PE-5N,8,-10.906261913442494,-75.28370743461298
2021-09-05,2021,9,6,0,0,1,CHOQUE,MOQUEGUA,PE-1SD,15,-16.680774374593856,-72.52720402081167
2021-09-05,2021,9,6,0,0,6,CHOQUE,JUNIN,PE-3S,18,-11.625783517479617,-75.8345920794382
2021-09-05,2021,9,6,0,0,1,ATROPELLO,LIMA,PE-1NA,22,-11.618092544280278,-77.22471155861128
2021-09-05,2021,9,6,0,0,1,CHOQUE,HUANUCO,PE-18A,58,-9.664909951374172,-76.07466099587704
2021-09-05,2021,9,6,0,0,5,CHOQUE,LIMA,PE-18,63,-11.04296770066822,-77.11590899435161
2021-09-05,2021,9,6,0,0,0,CHOQUE,LIMA,PE-1N,74,-11.61032449534697,-77.223165537099
2021-09-05,2021,9,6,0,0,2,CHOQUE,ANCASH,PE-3N,161,-10.482617397952342,-76.18455337739766
2021-09-05,2021,9,6,0,0,2,DESPISTE,HUANCAVELICA,PE-3S,183,-12.441023742711154,-75.02051930764306
2021-09-05,2021,9,6,0,0,1,CHOQUE,AMAZONAS,PE-5N,226,-9.692054631034631,-75.02262411116565
2021-09-05,2021,9,6,0,0,3,CHOQUE,ANCASH,PE-1N,327,-9.805590019154378,-78.17927598118283
2021-09-05,2021,9,6,0,0,1,DESPISTE,AMAZONAS,PE-08B,328,-6.226303301820057,-77.86436591763244
2021-09-05,2021,9,6,0,0,4,CHOQUE,ANCASH,PE-3N,658,-8.987470222532371,-77.8300792636917
2021-09-05,2021,9,6,0,1,0,CHOQUE,LA LIBERTAD,PE-1N,732,-7.058083264723555,-79.57042450172128
2021-09-06,2021,9,0,0,0,1,DESPISTE,PASCO,PE-5N,37,-10.75187077401777,-75.29042597573167
2021-09-06,2021,9,0,0,0,1,DESPISTE,LIMA,PE-1N,39,-11.81153439569187,-77.13042173959337
2021-09-06,2021,9,0,0,0,1,DESPISTE,LIMA,PE-1N,68,-11.620236408031433,-77.2074018657356
2021-09-06,2021,9,0,0,0,0,CHOQUE,HUANUCO,PE-18A,73,-9.62895920726086,-76.05389317823156
2021-09-06,2021,9,0,0,0,7,DESPISTE,ANCASH,PE-16,112,-10.158610269501764,-77.3300670477626
2021-09-06,2021,9,0,0,0,1,ATROPELLO,JUNIN,PE-5S,129,-11.323974287107951,-74.53581189345196
2021-09-06,2021,9,0,0,0,0,CHOQUE,LIMA,PE-1N,203,-10.693887907265005,-77.78498879822675
2021-09-06,2021,9,0,0,0,0,DESPISTE,PUNO,PE-34A,237,-15.688723271821132,-70.60980158270388
2021-09-06,2021,9,0,0,0,1,DESPISTE,ANCASH,PE-1N,396,-9.32701651766862,-78.4050039793727
2021-09-06,2021,9,0,0,0,3,DESPISTE,ANCASH,PE-1N,421,-9.041702809677355,-78.61010460164503
2021-09-06,2021,9,0,0,0,4,CHOQUE,ICA,PE-1S,445,-14.840890066837805,-74.94226707693008
2021-09-06,2021,9,0,0,0,1,DESPISTE,SAN MARTIN,PE-5N,475,-9.193633825279676,-75.89703599305265
2021-09-06,2021,9,0,0,0,0,CHOQUE,LA LIBERTAD,PE-1N,692,-7.311750321970462,-79.48091378453562
2021-09-06,2021,9,0,0,0,0,DESPISTE,AREQUIPA,PE-1S,860,-16.545892162153308,-72.59250543612465
2021-09-07,2021,9,1,0,0,1,CHOQUE,JUNIN,PE-3N,8,-11.481597150923148,-75.95672083384216
2021-09-07,2021,9,1,0,0,6,CHOQUE,AREQUIPA,PE-34A,8,-16.505835913947873,-71.72504182789585
2021-09-07,2021,9,1,0,0,0,CHOQUE,JUNIN,PE-3S,16,-11.610611498290291,-75.84209201535457
2021-09-07,2021,9,1,0,0,0,DESPISTE,CAJAMARCA,PE-3N,38,-11.275576855331495,-75.92515139189797
2021-09-07,2021,9,1,0,0,0,CHOQUE,JUNIN,PE-3S,103,-11.919641697234336,-75.32117714289639
2021-09-07,2021,9,1,0,0,0,CHOQUE,LIMA,PE-22,130,-11.606218334641854,-76.19768237746943
2021-09-07,2021,9,1,0,1,15,CHOQUE,ICA,PE-1S,220,-13.66589690075338,-76.1509436403729
2021-09-07,2021,9,1,0,0,1,DESPISTE,ICA,PE-1S,240,-13.832027149666018,-76.14018477048096
2021-09-07,2021,9,1,0,1,1,ATROPELLO,ICA,PE-1S,413,-14.667934004323008,-75.1626532481572
2021-09-07,2021,9,1,0,1,0,CHOQUE,AREQUIPA,PE-1S,566,-15.671587471810064,-74.53602813031672
2021-09-07,2021,9,1,0,0,0,DESPISTE,LA LIBERTAD,PE-1N,689,-7.333935985779949,-79.4876622314431
2021-09-07,2021,9,1,0,0,0,CHOQUE,AREQUIPA,PE-1S,791,-16.487134875455386,-73.01347453406848
2021-09-07,2021,9,1,0,0,1,CHOQUE,AREQUIPA,PE-1S,828,-16.585631080542292,-72.73269913923401
2021-09-08,2021,9,2,0,0,0,DESPISTE,LIMA,PE-1NA,18,-11.646123812970783,-77.20818641099416
2021-09-08,2021,9,2,0,0,0,ESPECIAL,LIMA,PE-1N,28,-11.88531573328112,-77.06851918713564
2021-09-08,2021,9,2,0,0,0,DESPISTE,ANCASH,PE-16,105,-10.162832984932097,-77.34585229745733
2021-09-08,2021,9,2,0,0,2,DESPISTE,ANCASH,PE-16,118,-10.155379135583402,-77.31674906986133
2021-09-08,2021,9,2,0,0,0,DESPISTE,ANCASH,PE-1N,243,-10.419228527195347,-77.95339465002391
2021-09-08,2021,9,2,0,0,0,CHOQUE,AMAZONAS,PE-08B,315,-6.225871128012581,-77.91022612409911
2021-09-08,2021,9,2,0,0,1,ATROPELLO,ANCASH,PE-1N,448,-8.951991601291613,-78.62957830199991
2021-09-08,2021,9,2,0,0,0,CHOQUE,LAMBAYEQUE,PE-1N,850,-6.330725350555933,-80.2333841854761
2021-09-08,2021,9,2,0,0,0,DESPISTE,AREQUIPA,PE-1S,989,-16.70104336301476,-71.87046980645803
2021-09-09,2021,9,3,0,0,2,DESPISTE,PIURA,PE-1NK,4,-5.26150024739971,-80.66762251191324
2021-09-09,2021,9,3,0,0,1,CHOQUE,CALLAO,PE-20,8,-11.9971865205275,-77.12625780004446
2021-09-09,2021,9,3,0,1,0,CHOQUE,JUNIN,PE-5S,29,-10.888888064101984,-75.10258264014128
2021-09-09,2021,9,3,0,0,0,DESPISTE,ANCASH,PE-16,118,-10.155379135583402,-77.31674906986133
2021-09-09,2021,9,3,0,0,1,DESPISTE,ANCASH,PE-3N,160,-10.49056525467219,-76.18615811417452
2021-09-09,2021,9,3,0,0,1,DESPISTE,AYACUCHO,PE-30A,164,-14.664254330376354,-74.10067537534198
2021-09-09,2021,9,3,0,0,0,CHOQUE,AREQUIPA,PE-1S,711,-16.250540643844484,-73.54313257183043
2021-09-10,2021,9,4,0,0,1,CHOQUE,LIMA,PE-1N,5,-12.030899527517434,-77.00296103022148
2021-09-10,2021,9,4,0,0,0,CHOQUE,LIMA,PE-1NA,8,-11.71979040106858,-77.1779617640266
2021-09-10,2021,9,4,0,0,0,DESPISTE,AREQUIPA,PE-34A,11,-16.48268799292572,-71.71436200117896
2021-09-10,2021,9,4,0,0,0,CHOQUE,LIMA,PE-1N,59,-11.692192514020103,-77.18065694885097
2021-09-10,2021,9,4,0,0,1,DESPISTE,LIMA,PE-1N,80,-11.580768556486747,-77.26134269665921
2021-09-10,2021,9,4,0,0,0,DESPISTE,HUANCAVELICA,PE-28A,106,-13.601496683105822,-75.3686504134827
2021-09-10,2021,9,4,0,0,1,DESPISTE,TACNA,PE-36A,127,-16.883648019654206,-70.43163455778105
2021-09-10,2021,9,4,0,0,1,CHOQUE,ICA,PE-1S,238,-13.815636875862747,-76.14743987085411
2021-09-10,2021,9,4,0,0,1,DESPISTE,SAN MARTIN,PE-5N,639,-8.18653917155887,-76.51852088826155
2021-09-10,2021,9,4,0,0,4,CHOQUE,AREQUIPA,PE-1S,952,-16.480977901217916,-71.89647931754227
2021-09-10,2021,9,4,0,0,1,CHOQUE,CUSCO,PE-3S,1027,-13.69822134832854,-71.59695003772494
2021-09-11,2021,9,5,0,1,2,CHOQUE,PIURA,PE-1N,1,-12.050405425107773,-76.97740415220201
2021-09-11,2021,9,5,0,0,2,DESPISTE,JUNIN,PE-3S,16,-11.610611498290291,-75.84209201535457
2021-09-11,2021,9,5,0,0,0,CHOQUE,LIMA,PE-1N,212,-10.64959579125828,-77.8481143075102
2021-09-11,2021,9,5,0,0,0,CHOQUE,SAN MARTIN,PE-5N,515,-8.980096092373813,-76.08614564217095
2021-09-11,2021,9,5,0,0,7,CHOQUE,SAN MARTIN,PE-5N,559,-8.732953442560154,-76.236767545482
2021-09-11,2021,9,5,0,0,2,CHOQUE,PIURA,PE-1N,1003,-5.147696505986928,-80.69696315081971
2021-09-12,2021,9,6,0,0,0,CHOQUE,CAJAMARCA,PE-08B,113,-6.879487734783531,-78.11606257881056
2021-09-12,2021,9,6,0,0,1,CHOQUE,ICA,PE-1S,272,-13.933342134889903,-75.8891170222311
2021-09-12,2021,9,6,0,0,1,DESPISTE,AREQUIPA,PE-1S,612,-15.846549194046768,-74.26199535048252
2021-09-12,2021,9,6,0,0,2,DESPISTE,SAN MARTIN,PE-5N,635,-8.202750239742064,-76.49583085877693
2021-09-12,2021,9,6,0,0,2,DESPISTE,AREQUIPA,PE-1S,870,-16.5350978757657,-72.50115731355729
2021-09-13,2021,9,0,0,1,2,CHOQUE,PIURA,PE-1N,15,-11.99990349502144,-77.06246176966826
2021-09-13,2021,9,0,0,1,12,CHOQUE,LIMA,PE-18,79,-10.952402018611725,-77.03863607629454
2021-09-13,2021,9,0,0,1,0,CHOQUE,MOQUEGUA,PE-1S,233,-13.776252844993104,-76.16970472010723
2021-09-13,2021,9,0,0,2,1,CHOQUE,LA LIBERTAD,PE-1N,693,-7.303068960247018,-79.47800841216059
2021-09-13,2021,9,0,0,1,0,CHOQUE,AREQUIPA,PE-1S,703,-16.22855280903425,-73.61257469268678
2021-09-13,2021,9,0,0,0,0,CHOQUE,AREQUIPA,PE-1S,983,-16.646893387787422,-71.87159344399825
2021-09-14,2021,9,1,0,0,0,DESPISTE,LIMA,PE-1S,31,-12.280991225376972,-76.88222016434416
2021-09-14,2021,9,1,0,0,1,CHOQUE,LIMA,PE-1N,56,-11.717936394248229,-77.17342758670395
2021-09-14,2021,9,1,0,0,1,CHOQUE,CAJAMARCA,PE-08B,83,-6.942145124542111,-78.19005932371951
2021-09-14,2021,9,1,0,0,4,DESPISTE,PASCO,PE-3N,164,-10.464189509872591,-76.18242559331125
2021-09-14,2021,9,1,0,0,3,CHOQUE,CUSCO,PE-28B,172,-12.62227191740032,-73.7946884185365
2021-09-14,2021,9,1,0,1,3,CHOQUE,AREQUIPA,PE-34A,179,-15.764218560835296,-70.99473497219276
2021-09-14,2021,9,1,0,0,3,CHOQUE,ICA,PE-1S,245,-13.874892257635718,-76.1250427690796
2021-09-14,2021,9,1,0,0,1,CHOQUE,LA LIBERTAD,PE-1N,703,-7.239969296964206,-79.46103238788123
2021-09-14,2021,9,1,0,0,2,DESPISTE,LAMBAYEQUE,PE-1N,879,-6.183577639464651,-80.44501986536575
2021-09-14,2021,9,1,0,0,0,DESPISTE,CUSCO,PE-3S,913,-13.457739732101516,-72.3933423452367
2021-09-15,2021,9,2,0,0,1,CHOQUE,LIMA,PE-1S,81,-12.639890900342412,-76.66894619223838
2021-09-15,2021,9,2,0,0,0,ESPECIAL,LIMA,PE-1N,203,-10.693887907265005,-77.78498879822675
2021-09-15,2021,9,2,0,0,0,DESPISTE,CUSCO,PE-28B,219,-12.792873699682252,-73.58822413445282
2021-09-15,2021,9,2,0,0,0,CHOQUE,ICA,PE-1S,243,-13.857619701763031,-76.13115379592705
2021-09-15,2021,9,2,0,0,0,CHOQUE,MADRE DE DIOS,PE-30C,417,-12.62726728185078,-69.25305554883332
2021-09-15,2021,9,2,0,1,0,CHOQUE,LA LIBERTAD,PE-1N,711,-7.184503786591773,-79.43242627534131
2021-09-15,2021,9,2,0,2,71,DESPISTE,LAMBAYEQUE,PE-1N,736,-7.030528484065737,-79.59418920905101
2021-09-15,2021,9,2,0,0,0,DESPISTE,MOQUEGUA,PE-1S,1147,-17.287254980296343,-70.98509298499943
2021-09-16,2021,9,3,0,0,0,CHOQUE,CAJAMARCA,PE-3N,16,-11.427203880905031,-75.92367167749157
2021-09-16,2021,9,3,0,0,0,CHOQUE,CUSCO,PE-28G,28,-13.435770211075626,-71.86555717520892
2021-09-16,2021,9,3,0,0,0,DESPISTE,UCAYALI,PE-18C,33,-8.598172954558427,-74.92897332354076
2021-09-16,2021,9,3,0,0,0,DESPISTE,PUNO,PE-34H,44,-15.25587506143948,-69.85452172531862
2021-09-16,2021,9,3,0,0,0,DESPISTE,AREQUIPA,PE-34A,91,-16.071850618193515,-71.58169998444235
2021-09-16,2021,9,3,0,0,1,DESPISTE,LIMA,PE-1N,104,-11.411127109563516,-77.37555094068351
2021-09-16,2021,9,3,0,0,0,DESPISTE,APURIMAC,PE-30A,304,-14.51532877276808,-73.2655007090384
2021-09-16,2021,9,3,0,0,0,DESPISTE,ICA,PE-1S,370,-14.48367374254584,-75.33035036461084
2021-09-17,2021,9,4,0,0,4,DESPISTE,MOQUEGUA,PE-1SD,3,-16.66352714837434,-72.60139813240598
2021-09-17,2021,9,4,0,0,1,CHOQUE,ANCASH,PE-14,27,-9.501688702662095,-78.07946516735761
2021-09-17,2021,9,4,0,0,1,CHOQUE,ANCASH,PE-16,115,-10.1564933293055,-77.32472217852859
2021-09-17,2021,9,4,0,1,0,CHOQUE,ICA,PE-1S,219,-13.656993641462584,-76.15074951237402
2021-09-17,2021,9,4,0,0,0,DESPISTE,PUNO,PE-34B,221,-13.848182284293026,-70.50301064747433
2021-09-17,2021,9,4,0,0,0,DESPISTE,APURIMAC,PE-3S,809,-13.58358061007186,-72.83539502678221
2021-09-17,2021,9,4,0,0,2,DESPISTE,MOQUEGUA,PE-1S,1186,-17.580195875434125,-71.03282449801897
2021-09-18,2021,9,5,0,0,1,DESPISTE,LAMBAYEQUE,PE-1NJ,86,-5.995402647712725,-79.69613464165884
2021-09-18,2021,9,5,0,0,1,CHOQUE,LIMA,PE-1N,105,-11.41000137337292,-77.3830893537015
2021-09-18,2021,9,5,0,0,5,DESPISTE,AREQUIPA,PE-34A,136,-15.996477473793243,-71.25509810275335
2021-09-18,2021,9,5,0,0,3,CHOQUE,AYACUCHO,PE-30A,164,-14.664254330376354,-74.10067537534198
2021-09-18,2021,9,5,0,1,2,DESPISTE,LIMA,PE-1N,190,-10.82812858514916,-77.70015095961433
2021-09-18,2021,9,5,0,0,1,CHOQUE,ANCASH,PE-1N,236,-10.452843299167286,-77.92232893887284
2021-09-18,2021,9,5,0,1,0,DESPISTE,APURIMAC,PE-30A,362,-14.184473997844174,-73.32175536677374
2021-09-18,2021,9,5,0,1,0,CHOQUE,SAN MARTIN,PE-5N,598,-8.40772256033057,-76.3191850951517
2021-09-19,2021,9,6,0,0,0,DESPISTE,HUANUCO,PE-3N,0,-11.522644942999932,-75.90932789099992
2021-09-19,2021,9,6,0,1,1,CHOQUE,PASCO,PE-5N,2,-10.95022721334296,-75.29050080578948
2021-09-19,2021,9,6,0,0,0,VOLCADURA,ANCASH,PE-14,28,-9.503534544429254,-78.07189243886165
2021-09-19,2021,9,6,0,0,3,CHOQUE,AREQUIPA,PE-34A,73,-16.176169018141145,-71.64835508101379
2021-09-19,2021,9,6,0,0,0,DESPISTE,JUNIN,PE-3S,77,-11.808046452021289,-75.49246551529983
2021-09-19,2021,9,6,0,0,0,DESPISTE,LIMA,PE-22,85,-11.797678584749768,-76.33832511331053
2021-09-19,2021,9,6,0,0,2,CHOQUE,LIMA,PE-1S,110,-12.82082894830656,-76.53619599490834
2021-09-19,2021,9,6,0,0,3,DESPISTE,LIMA,PE-22,113,-11.666008721863117,-76.25325430604694
2021-09-19,2021,9,6,0,0,1,CHOQUE,SAN MARTIN,PE-5N,603,-8.368298862127428,-76.3333853385617
2021-09-19,2021,9,6,0,0,1,CHOQUE,LA LIBERTAD,PE-1N,608,-7.815339110192899,-79.17787591065479
2021-09-20,2021,9,0,0,0,2,DESPISTE,AREQUIPA,PE-34C,4,-16.415850564175603,-71.55148132298915
2021-09-20,2021,9,0,0,0,1,CHOQUE,UCAYALI,PE-18C,13,-8.73463987364588,-75.01081265608232
2021-09-20,2021,9,0,0,0,0,DESPISTE,ICA,PE-1S,236,-13.800013000383949,-76.15674959966383
2021-09-20,2021,9,0,0,0,1,DESPISTE,ANCASH,PE-1N,365,-9.533345769315334,-78.27698490787714
2021-09-20,2021,9,0,0,0,0,CHOQUE,APURIMAC,PE-30A,386,-14.022326739308005,-73.21007560659571
2021-09-20,2021,9,0,0,0,0,DESPISTE,MADRE DE DIOS,PE-30C,410,-12.654291199502014,-69.3049976961437
2021-09-20,2021,9,0,0,0,7,DESPISTE,APURIMAC,PE-3S,635,-13.64300356291464,-73.35693410900612
2021-09-20,2021,9,0,0,0,1,CHOQUE,CUSCO,PE-3S,1082,-14.099419698554003,-71.43602057642967
2021-09-21,2021,9,1,0,0,1,DESPISTE,CUSCO,PE-28B,46,-12.954146801133811,-74.0492245005502
2021-09-21,2021,9,1,0,0,4,DESPISTE,JUNIN,PE-5S,53,-10.89279587595599,-74.91700700521149
2021-09-21,2021,9,1,0,0,1,CHOQUE,UCAYALI,PE-18C,63,-8.42894844291345,-74.72799147489481
2021-09-21,2021,9,1,0,1,10,DESPISTE,LIMA,PE-1N,71,-11.601556693489234,-77.19738741441675
2021-09-21,2021,9,1,0,0,0,DESPISTE,MOQUEGUA,PE-36A,113,-16.869303726105926,-70.5171096096245
2021-09-21,2021,9,1,0,0,0,DESPISTE,MOQUEGUA,PE-36B,155,-15.858725655232016,-70.0160851474795
2021-09-22,2021,9,2,0,0,0,DESPISTE,JUNIN,PE-3SC,2,-12.091588049651584,-75.19607155355511
2021-09-22,2021,9,2,0,0,3,DESPISTE,AYACUCHO,PE-28B,28,-13.01155624035744,-74.12240369045043
2021-09-22,2021,9,2,0,0,0,CHOQUE,JUNIN,PE-5S,29,-10.888888064101984,-75.10258264014128
2021-09-22,2021,9,2,0,0,2,CHOQUE,JUNIN,PE-3SA,44,-11.525883166927654,-75.6378598337128
2021-09-22,2021,9,2,0,1,1,CHOQUE,PUNO,PE-34H,51,-15.210990776768703,-69.82798000063845
2021-09-22,2021,9,2,0,0,0,ESPECIAL,LIMA,PE-1S,53,-12.424112563376994,-76.75390574014192
2021-09-22,2021,9,2,0,0,0,CHOQUE,LIMA,PE-1N,75,-11.613182867318375,-77.23179150617773
2021-09-22,2021,9,2,0,0,1,CHOQUE,CUSCO,PE-28B,174,-12.61867970220413,-73.78852379805937
2021-09-22,2021,9,2,0,0,0,DESPISTE,MOQUEGUA,PE-1SD,198,-17.337563850232456,-71.43071119261562
2021-09-22,2021,9,2,0,1,0,DESPISTE,LA LIBERTAD,PE-1N,537,-8.296192862371239,-78.90823209544929
2021-09-22,2021,9,2,0,0,20,DESPISTE,APURIMAC,PE-3S,580,-13.601276502493713,-73.60383579284594
2021-09-22,2021,9,2,0,0,0,DESPISTE,AREQUIPA,PE-1S,933,-16.41924513773572,-72.03515981837046
2021-09-23,2021,9,3,0,0,1,DESPISTE,LIMA,PE-1S,29,-12.271264375020683,-76.89771906411094
2021-09-23,2021,9,3,0,0,1,DESPISTE,JUNIN,PE-3S,30,-11.689773911327778,-75.76956519914653
2021-09-23,2021,9,3,0,0,0,DESPISTE,PIURA,PE-1N,33,-11.850439659799624,-77.09227157137903
2021-09-23,2021,9,3,0,0,0,DESPISTE,MOQUEGUA,PE-36,34,-17.68707888060677,-71.28782873458876
2021-09-23,2021,9,3,0,0,2,CHOQUE,LIMA,PE-1S,62,-12.502971764565988,-76.74078328237132
2021-09-23,2021,9,3,0,0,0,DESPISTE,UCAYALI,PE-18C,83,-8.38557327394226,-74.55234220333537
2021-09-23,2021,9,3,0,0,0,CHOQUE,AREQUIPA,PE-34A,119,-16.06696825950054,-71.36374955700367
2021-09-23,2021,9,3,0,0,0,CHOQUE,HUANCAVELICA,PE-28A,138,-13.568477562214182,-75.23540418547292
2021-09-23,2021,9,3,0,0,0,DESPISTE,ICA,PE-1S,186,-13.413397208384122,-76.18864368453282
2021-09-23,2021,9,3,0,0,0,VOLCADURA,ANCASH,PE-1N,334,-9.775734225413649,-78.2252972227073
2021-09-23,2021,9,3,0,0,0,VOLCADURA,ANCASH,PE-1N,339,-9.743292883306507,-78.24983650562633
2021-09-23,2021,9,3,0,0,0,CHOQUE,CUSCO,PE-28B,440,-12.775592536218108,-72.59495812328937
2021-09-24,2021,9,4,0,0,2,DESPISTE,JUNIN,PE-3S,16,-11.610611498290291,-75.84209201535457
2021-09-24,2021,9,4,0,1,1,DESPISTE,AREQUIPA,PE-34A,25,-16.425860261011604,-71.67502104404669
2021-09-24,2021,9,4,0,0,0,CHOQUE,JUNIN,PE-5S,88,-11.086261399964052,-74.70834397433103
2021-09-24,2021,9,4,0,0,4,CHOQUE,LIMA,PE-1N,173,-10.923209870838988,-77.65359832558893
2021-09-24,2021,9,4,0,1,2,CHOQUE,ICA,PE-1S,312,-14.189305575561496,-75.7144137465509
2021-09-24,2021,9,4,0,1,0,CHOQUE,SAN MARTIN,PE-5N,476,-9.19272992248493,-75.90554167354084
2021-09-24,2021,9,4,0,0,1,DESPISTE,LA LIBERTAD,PE-1N,619,-7.766749157064389,-79.26120345200825
2021-09-25,2021,9,5,0,0,6,VOLCADURA,CUSCO,PE-28G,28,-13.435770211075626,-71.86555717520892
2021-09-25,2021,9,5,0,0,1,DESPISTE,JUNIN,PE-3N,65,-11.053893518921935,-76.00251237165583
2021-09-25,2021,9,5,0,0,1,CHOQUE,MOQUEGUA,PE-36A,75,-16.98208224872868,-70.69948940241194
2021-09-25,2021,9,5,0,0,0,DESPISTE,LIMA,PE-1S,141,-13.097805878041688,-76.42495767818772
2021-09-25,2021,9,5,0,0,2,CHOQUE,TUMBES,PE-1N,190,-10.82812858514916,-77.70015095961433
2021-09-25,2021,9,5,0,0,2,DESPISTE,ANCASH,PE-1N,248,-10.393462210921191,-77.98831968083464
2021-09-26,2021,9,6,0,0,1,CHOQUE,ICA,PE-1S,202,-13.509412893205932,-76.14150131641694
2021-09-26,2021,9,6,0,0,1,CHOQUE,MOQUEGUA,PE-36A,211,-16.75349809226044,-69.74393695634836
2021-09-26,2021,9,6,0,0,1,CHOQUE,SAN MARTIN,PE-5N,634,-8.20931834186022,-76.48985248844635
2021-09-26,2021,9,6,0,0,1,CHOQUE,SAN MARTIN,PE-5N,641,-8.190504631275024,-76.53591555919775
2021-09-26,2021,9,6,0,0,1,VOLCADURA,AREQUIPA,PE-1S,714,-16.26171304823725,-73.5190913906611
2021-09-27,2021,9,0,0,0,0,CHOQUE,AREQUIPA,PE-34C,3,-16.409710944306934,-71.55824207425727
2021-09-27,2021,9,0,0,0,2,CHOQUE,LIMA,PE-1N,45,-11.76805645197359,-77.15871594110817
2021-09-27,2021,9,0,0,0,3,DESPISTE,LIMA,PE-1S,53,-12.424112563376994,-76.75390574014192
2021-09-27,2021,9,0,0,1,0,ESPECIAL,LIMA,PE-22,85,-11.797678584749768,-76.33832511331053
2021-09-27,2021,9,0,0,1,3,CHOQUE,LAMBAYEQUE,PE-1NJ,94,-5.963606250508615,-79.75320339376921
2021-09-27,2021,9,0,0,0,1,DESPISTE,PIURA,PE-1N,108,-11.391435633881196,-77.39513312660809
2021-09-27,2021,9,0,0,0,3,DESPISTE,SAN MARTIN,PE-5N,480,-9.187490302846909,-75.93806536530863
2021-09-27,2021,9,0,0,0,2,DESPISTE,ANCASH,PE-3N,568,-9.619656909221533,-77.50496542279822
2021-09-27,2021,9,0,0,0,1,CHOQUE,AREQUIPA,PE-1S,921,-16.37417225482444,-72.13698346420553
2021-09-27,2021,9,0,0,0,6,CHOQUE,AREQUIPA,PE-1S,970,-16.548495653249017,-71.81282738249458
2021-09-28,2021,9,1,0,0,0,VOLCADURA,PIURA,PE-1N,33,-11.850439659799624,-77.09227157137903
2021-09-28,2021,9,1,0,0,4,DESPISTE,LIMA,PE-18,65,-11.043513564746066,-77.10030625502866
2021-09-28,2021,9,1,0,0,0,DESPISTE,APURIMAC,PE-30A,298,-14.516774647041704,-73.27449505903488
2021-09-28,2021,9,1,0,0,0,CHOQUE,AREQUIPA,PE-1S,947,-16.465981929090535,-71.9350169930208
2021-09-29,2021,9,2,0,0,1,DESPISTE,SAN MARTIN,PE-5NB,19,-6.447954039928187,-76.29476280219336
2021-09-29,2021,9,2,0,1,0,CHOQUE,LIMA,PE-1S,30,-12.27613780870458,-76.88997544513248
2021-09-29,2021,9,2,0,0,1,DESPISTE,LIMA,PE-18,49,-11.129713694915278,-77.19497111564455
2021-09-29,2021,9,2,0,0,0,CHOQUE,LIMA,PE-22,110,-11.685662543184964,-76.26051752939492
2021-09-29,2021,9,2,0,0,0,CHOQUE,JUNIN,PE-3S,143,-12.209848912525723,-75.17450343041682
2021-09-29,2021,9,2,0,0,1,DESPISTE,ANCASH,PE-3N,148,-10.58859497890566,-76.18501305095728
2021-09-29,2021,9,2,0,0,0,CHOQUE,AREQUIPA,PE-1S,914,-16.35500144063494,-72.148244733122
2021-09-29,2021,9,2,0,0,1,VOLCADURA,PIURA,PE-1N,1032,-4.890885349662316,-80.69778419229179
2021-09-30,2021,9,3,0,0,0,DESPISTE,PUNO,PE-36B,22,-16.714586401802947,-70.45023026999512
2021-09-30,2021,9,3,0,0,2,CHOQUE,LIMA,PE-1N,71,-11.601556693489234,-77.19738741441675
2021-09-30,2021,9,3,0,0,0,CHOQUE,AREQUIPA,PE-34A,77,-16.148844697916616,-71.64066481874994
2021-09-30,2021,9,3,0,0,3,CHOQUE,LA LIBERTAD,PE-10A,93,-7.996150467944509,-78.50189321305174
2021-09-30,2021,9,3,0,0,0,CHOQUE,AREQUIPA,PE-34A,112,-16.057581149468973,-71.41436337936274
2021-09-30,2021,9,3,0,0,2,CHOQUE,ANCASH,PE-3N,123,-10.693518890651662,-76.22636326476739
2021-09-30,2021,9,3,0,1,1,CHOQUE,MADRE DE DIOS,PE-30C,323,-12.890885915129385,-70.00837241699793
2021-09-30,2021,9,3,0,0,0,CHOQUE,ANCASH,PE-1N,348,-9.676682215539502,-78.27425334099473
2021-09-30,2021,9,3,0,0,0,CHOQUE,MADRE DE DIOS,PE-30C,417,-12.62726728185078,-69.25305554883332
