id_tramo,ruta,km0,km1,region,long_km,onsv_n,onsv_fallecidos,sutran_n,sutran_fallecidos,ositran_n,ositran_fallecidos,siniestros_total,fallecidos_total,siniestros_total_km,fallecidos_total_km,alertas_hist_n,alertas_hist_peso,dist_peajes_km
0,PE-5N,676.808,719.508,SELVA,42.700000000000045,0.0,0.0,1.0,0.0,30,66,31.0,0.0,0.7259953161592498,0.0,0.0,0.0,179.6043307401032
1,PE-5N,733.158,745.474,SELVA,12.316000000000031,0.0,0.0,1.0,0.0,9,19,10.0,0.0,0.8119519324455972,0.0,0.0,0.0,154.99579949640693
2,PE-1S,1176.78,1187.363,SIERRA,10.583000000000084,0.0,0.0,1.0,0.0,31,63,32.0,0.0,3.0237172824340686,0.0,0.0,0.0,21.82762622768849
3,PE-28A,84.792,84.889,SIERRA,0.0969999999999942,0.0,0.0,0.0,0.0,0,0,0.0,0.0,0.0,0.0,0.0,0.0,6.464977529906885
4,PE-26,8.328,12.1,COSTA,3.7720000000000002,0.0,0.0,0.0,0.0,0,0,0.0,0.0,0.0,0.0,0.0,0.0,15.185862982852337
5,PE-34E,0.0,0.215,SIERRA,0.215,0.0,0.0,2.0,0.0,0,0,2.0,0.0,9.30232558139535,0.0,0.0,0.0,0.4554456784294429
6,PE-34C,65.978,83.319,SIERRA,17.341000000000008,0.0,0.0,0.0,0.0,0,0,0.0,0.0,0.0,0.0,0.0,0.0,38.95099486165241
7,PE-34C,32.137,40.872,SIERRA,8.735,0.0,0.0,0.0,0.0,0,0,0.0,0.0,0.0,0.0,0.0,0.0,32.35578920949712
8,PE-34C,58.967,65.978,SIERRA,7.010999999999996,0.0,0.0,0.0,0.0,0,0,0.0,0.0,0.0,0.0,0.0,0.0,38.09258701910232
9,PE-34C,40.872,44.906,SIERRA,4.033999999999999,0.0,0.0,0.0,0.0,0,0,0.0,0.0,0.0,0.0,0.0,0.0,34.90628164388989
10,PE-34I,0.0,5.012,SIERRA,5.012,0.0,0.0,1.0,0.0,0,0,1.0,0.0,0.19952114924181966,0.0,0.0,0.0,87.4941849438433
11,PE-34I,28.438,31.776,SIERRA,3.338000000000001,1.0,1.0,1.0,0.0,0,0,2.0,1.0,0.5991611743559015,0.2995805871779508,0.0,0.0,86.96379005251585
12,PE-5N,607.37,607.979,SELVA,0.6090000000000373,0.0,0.0,2.0,10.0,0,1,2.0,10.0,3.28407224958929,16.42036124794645,0.0,0.0,202.35972104567816
13,PE-32,194.47,200.822,SIERRA,6.352000000000004,0.0,0.0,0.0,0.0,0,0,0.0,0.0,0.0,0.0,0.0,0.0,70.45066552085204
14,PE-1NF,71.77,82.141,SIERRA,10.37100000000001,0.0,0.0,0.0,0.0,0,0,0.0,0.0,0.0,0.0,0.0,0.0,59.59119140576495
15,PE-18B,7.376,14.198,SIERRA,6.822,1.0,1.0,0.0,0.0,0,0,1.0,1.0,0.1465845793022574,0.1465845793022574,0.0,0.0,36.53582079207274
16,PE-34I,82.243,87.615,SIERRA,5.372,0.0,0.0,0.0,0.0,0,0,0.0,0.0,0.0,0.0,0.0,0.0,76.11713393578147
17,PE-34I,87.615,87.616,SIERRA,0.0010000000000047748,0.0,0.0,0.0,0.0,0,0,0.0,0.0,0.0,0.0,0.0,0.0,78.13011714084404
18,PE-1NM,3.59,4.225,COSTA,0.6349999999999998,0.0,0.0,0.0,0.0,0,0,0.0,0.0,0.0,0.0,0.0,0.0,84.78212086405392
19,PE-24A,67.983,73.465,SIERRA,5.481999999999999,0.0,0.0,0.0,0.0,0,0,0.0,0.0,0.0,0.0,0.0,0.0,56.66460496993863
20,PE-08C,0.0,4.723,SELVA,4.723,1.0,1.0,0.0,0.0,0,0,1.0,1.0,0.21172983273343216,0.21172983273343216,0.0,0.0,31.840748839894104
21,PE-24,191.688,195.108,SIERRA,3.420000000000016,0.0,0.0,0.0,0.0,0,0,0.0,0.0,0.0,0.0,0.0,0.0,53.70284025974798
22,PE-18A,31.559,40.522,SIERRA,8.962999999999997,0.0,0.0,2.0,0.0,0,0,2.0,0.0,0.2231395738034141,0.0,0.0,0.0,42.82820775323928
23,PE-18A,53.209,53.954,SIERRA,0.7449999999999974,0.0,0.0,0.0,0.0,0,0,0.0,0.0,0.0,0.0,0.0,0.0,52.31541536676614
24,PE-18A,54.576,54.795,SIERRA,0.2190000000000012,0.0,0.0,0.0,0.0,0,0,0.0,0.0,0.0,0.0,0.0,0.0,52.97651838102578
25,PE-34H,135.749,142.323,SIERRA,6.574000000000012,0.0,0.0,0.0,0.0,0,0,0.0,0.0,0.0,0.0,0.0,0.0,77.94439141403396
26,PE-3SC,2.637,8.768,SIERRA,6.131,5.0,5.0,0.0,0.0,0,0,5.0,5.0,0.8155276463872125,0.8155276463872125,0.0,0.0,6.11513721566218
27,PE-40,0.0,5.06,SIERRA,5.06,0.0,0.0,3.0,100.0,0,0,3.0,100.0,0.5928853754940712,19.762845849802375,0.0,0.0,37.11888987370556
28,PE-40,5.06,8.486,SIERRA,3.426000000000001,3.0,5.0,0.0,0.0,0,0,3.0,5.0,0.8756567425569174,1.459427904261529,0.0,0.0,38.18375031624682
29,PE-3N,180.703,209.873,SIERRA,29.169999999999987,2.0,2.0,0.0,0.0,20,36,22.0,2.0,0.7541995200548512,0.0685635927322592,0.0,0.0,10.040563301671344
30,PE-28E,19.826,24.929,SIERRA,5.102999999999998,0.0,0.0,0.0,0.0,0,0,0.0,0.0,0.0,0.0,0.0,0.0,19.207516503452688
31,PE-24A,5.757,39.611,SIERRA,33.854,1.0,2.0,0.0,0.0,0,0,1.0,2.0,0.0295386069592958,0.0590772139185916,0.0,0.0,38.57293654486077
32,PE-18A,14.54,25.227,SELVA,10.687000000000001,3.0,4.0,4.0,10.0,0,0,7.0,14.0,0.6550014035744361,1.3100028071488723,0.0,0.0,33.53615289317083
33,PE-18A,58.347,59.929,SIERRA,1.5820000000000007,0.0,0.0,0.0,0.0,0,0,0.0,0.0,0.0,0.0,0.0,0.0,54.93116996443449
34,PE-18A,52.132,53.209,SIERRA,1.0770000000000053,0.0,0.0,0.0,0.0,0,0,0.0,0.0,0.0,0.0,0.0,0.0,51.79794069303223
35,PE-18A,60.431,64.063,SIERRA,3.632000000000005,0.0,0.0,2.0,10.0,0,0,2.0,10.0,0.5506607929515411,2.7533039647577056,0.0,0.0,55.69703907248832
36,PE-3SW,32.383,48.175,SIERRA,15.791999999999994,0.0,0.0,0.0,0.0,0,0,0.0,0.0,0.0,0.0,0.0,0.0,73.26246414773203
37,PE-3N,1541.665,1546.811,SELVA,5.145999999999958,1.0,1.0,0.0,0.0,3,6,4.0,1.0,0.7773027594248023,0.19432568985620058,0.0,0.0,44.279139006612425
38,PE-3N,1507.129,1513.483,SIERRA,6.354000000000042,1.0,1.0,0.0,0.0,4,8,5.0,1.0,0.7869058860560225,0.1573811772112045,0.0,0.0,61.0466288088072
39,PE-3N,1487.754,1489.334,SIERRA,1.5800000000001546,1.0,1.0,0.0,0.0,1,2,2.0,1.0,1.2658227848100028,0.6329113924050014,0.0,0.0,69.71752027601538
40,PE-3N,1460.288,1468.338,SELVA,8.049999999999955,0.0,0.0,0.0,0.0,5,10,5.0,0.0,0.6211180124223638,0.0,0.0,0.0,71.87863485209378
41,PE-3N,1468.36,1473.525,SELVA,5.165000000000191,0.0,0.0,0.0,0.0,3,6,3.0,0.0,0.5808325266214693,0.0,0.0,0.0,72.57299260714079
42,PE-3N,1513.483,1516.405,SIERRA,2.9220000000000255,0.0,0.0,0.0,0.0,2,4,2.0,0.0,0.6844626967830194,0.0,0.0,0.0,59.05738083166833
43,PE-3N,1489.429,1490.59,SIERRA,1.1609999999998308,1.0,1.0,0.0,0.0,1,1,2.0,1.0,1.722652885443834,0.861326442721917,0.0,0.0,69.78460799112368
44,PE-3N,1491.464,1502.034,SIERRA,10.570000000000164,0.0,0.0,0.0,0.0,7,13,7.0,0.0,0.6622516556291288,0.0,0.0,0.0,66.77010739937525
45,PE-3N,1516.405,1522.081,SELVA,5.675999999999931,0.0,0.0,0.0,0.0,4,7,4.0,0.0,0.7047216349542017,0.0,0.0,0.0,57.29117476411875
46,PE-3N,1473.525,1487.754,SIERRA,14.228999999999814,0.0,0.0,0.0,0.0,10,18,10.0,0.0,0.7027900766041275,0.0,0.0,0.0,70.34778258917923
47,PE-3N,1546.811,1549.408,SELVA,2.59699999999998,0.0,0.0,0.0,0.0,2,3,2.0,0.0,0.7701193685021238,0.0,0.0,0.0,42.33105851268319
48,PE-3N,1522.081,1541.665,SELVA,19.58400000000006,0.0,0.0,0.0,0.0,13,24,13.0,0.0,0.6638071895424816,0.0,0.0,0.0,50.79446289348856
49,PE-3N,1502.034,1507.129,SIERRA,5.0949999999998,0.0,0.0,0.0,0.0,3,6,3.0,0.0,0.588812561334665,0.0,0.0,0.0,63.25242515027465
50,PE-28B,534.696,538.902,SIERRA,4.206000000000017,2.0,6.0,0.0,0.0,0,0,2.0,6.0,0.4755111745125991,1.4265335235377974,0.0,0.0,116.11226270825466
51,PE-34J,72.263,78.662,SIERRA,6.399000000000001,1.0,1.0,0.0,0.0,0,0,1.0,1.0,0.1562744178777934,0.1562744178777934,0.0,0.0,69.27307605489048
52,PE-34J,67.936,70.571,SIERRA,2.634999999999991,0.0,0.0,0.0,0.0,0,0,0.0,0.0,0.0,0.0,0.0,0.0,71.36289999431371
53,PE-10B,86.879,98.158,SIERRA,11.278999999999996,0.0,0.0,0.0,0.0,0,0,0.0,0.0,0.0,0.0,0.0,0.0,139.330920104285
54,PE-10B,81.374,86.879,SELVA,5.50500000000001,1.0,1.0,1.0,1.0,0,0,2.0,2.0,0.36330608537692943,0.36330608537692943,0.0,0.0,135.75824618655028
55,PE-3N,921.503,961.963,SIERRA,40.45999999999992,1.0,1.0,0.0,0.0,27,50,28.0,1.0,0.6920415224913508,0.024715768660405386,0.0,0.0,92.45918237286368
56,PE-08,0.0,18.568,COSTA,18.568,14.0,14.0,6.0,100000.0,76,131,96.0,100014.0,5.170185264971995,5386.363636363636,0.0,0.0,6.302369705367005
57,PE-28B,660.777,681.207,SIERRA,20.42999999999995,3.0,4.0,0.0,0.0,0,0,3.0,4.0,0.14684287812041152,0.1957905041605487,0.0,0.0,111.25736468979738
58,PE-28B,553.873,558.826,SIERRA,4.9529999999999745,2.0,4.0,1.0,0.0,0,0,3.0,4.0,0.605693519079349,0.8075913587724652,0.0,0.0,117.01396588197912
59,PE-28B,558.826,600.351,SIERRA,41.52499999999998,10.0,19.0,0.0,0.0,0,0,10.0,19.0,0.2408187838651416,0.45755568934376906,0.0,0.0,113.630776555114
60,PE-28B,638.044,643.648,SIERRA,5.604000000000042,1.0,1.0,0.0,0.0,0,0,1.0,1.0,0.1784439685938602,0.1784439685938602,0.0,0.0,128.54052036070576
61,PE-28B,658.064,660.687,SIERRA,2.6230000000000473,0.0,0.0,1.0,0.0,0,0,1.0,0.0,0.38124285169652383,0.0,0.0,0.0,117.4754942650485
62,PE-24A,73.465,106.789,SIERRA,33.324,0.0,0.0,0.0,0.0,0,0,0.0,0.0,0.0,0.0,0.0,0.0,60.96648019539336
63,PE-28G,7.409,20.878,SIERRA,13.469000000000001,3.0,4.0,1.0,0.0,0,0,4.0,4.0,0.2969782463434553,0.2969782463434553,0.0,0.0,126.99025770996832
64,PE-14B,20.785,22.376,SIERRA,1.591000000000001,0.0,0.0,0.0,0.0,0,0,0.0,0.0,0.0,0.0,0.0,0.0,64.91651836935604
65,PE-1N,450.49,493.899,COSTA,43.40899999999999,24.0,30.0,0.0,0.0,161,601,185.0,30.0,4.261789029924671,0.6911009237715683,0.0,0.0,36.31377479632694
66,PE-1S,905.9,907.611,SIERRA,1.7110000000000127,3.0,4.0,1.0,0.0,5,10,9.0,4.0,5.260081823494993,2.3378141437755526,0.0,0.0,43.874421307922994
67,PE-1S,875.821,882.571,SIERRA,6.75,2.0,3.0,0.0,0.0,20,40,22.0,3.0,3.259259259259259,0.4444444444444444,0.0,0.0,26.877563585235865
68,PE-1S,948.055,953.035,SIERRA,4.980000000000018,3.0,3.0,7.0,0.0,15,30,25.0,3.0,5.020080321285122,0.6024096385542147,0.0,0.0,25.61877573951656
69,PE-1S,910.993,912.609,SIERRA,1.6159999999999854,1.0,1.0,4.0,0.0,5,10,10.0,1.0,6.188118811881244,0.6188118811881244,0.0,0.0,48.26833630736267
70,PE-1S,901.178,905.9,SIERRA,4.72199999999998,2.0,2.0,3.0,0.0,14,28,19.0,2.0,4.023718763235934,0.42354934349851936,0.0,0.0,41.15061917091968
71,PE-1S,912.609,923.118,SIERRA,10.509000000000015,4.0,4.0,6.0,410000.0,31,63,41.0,410004.0,3.901417832334184,39014.55894947183,0.0,0.0,49.17642539497381
72,PE-1S,923.118,926.273,SIERRA,3.1549999999999727,0.0,0.0,5.0,0.0,9,19,14.0,0.0,4.4374009508716705,0.0,0.0,0.0,46.34354778435072
73,PE-1S,843.586,847.328,COSTA,3.741999999999962,2.0,2.0,2.0,0.0,11,22,15.0,2.0,4.008551576696995,0.5344735435595993,0.0,0.0,0.7038326991472666
74,PE-1S,850.879,852.798,COSTA,1.9189999999999827,0.0,0.0,5.0,1.0,6,11,11.0,1.0,5.732152162584731,0.5211047420531574,0.0,0.0,5.557637650721421
75,PE-1S,847.328,850.365,COSTA,3.0370000000000346,0.0,0.0,1.0,0.0,9,18,10.0,0.0,3.2927230819887674,0.0,0.0,0.0,2.7908501486984263
76,PE-1S,872.536,875.821,SIERRA,3.285000000000082,1.0,1.0,3.0,0.0,10,20,14.0,1.0,4.2617960426178545,0.30441400304413246,0.0,0.0,21.958124283297508
77,PE-1S,931.232,937.671,SIERRA,6.439000000000078,6.0,6.0,3.0,200.0,19,38,28.0,206.0,4.348501320080705,31.992545426308045,0.0,0.0,37.29047783374852
78,PE-1S,907.611,910.993,SIERRA,3.382000000000062,3.0,4.0,0.0,0.0,10,20,13.0,4.0,3.8438793613245896,1.1827321111767968,0.0,0.0,46.07530052934992
79,PE-1N,520.188,554.035,COSTA,33.84699999999998,29.0,35.0,2.0,1.0,126,469,157.0,36.0,4.6385204006263505,1.0636097733920296,0.0,0.0,10.829894720596428
80,PE-08,91.707,125.84,SIERRA,34.13300000000001,10.0,12.0,0.0,0.0,140,240,150.0,12.0,4.394574165763336,0.3515659332610669,0.0,0.0,82.65552776029331
81,PE-1S,283.804,285.402,COSTA,1.5980000000000132,2.0,3.0,4.0,0.0,5,10,11.0,3.0,6.8836045056319835,1.8773466833541772,0.0,0.0,13.885585430284069
82,PE-16A,0.99,18.521,COSTA,17.531000000000002,4.0,4.0,0.0,0.0,0,0,4.0,4.0,0.22816724659175172,0.22816724659175172,0.0,0.0,11.422264028143246
83,PE-34H,142.323,159.247,SIERRA,16.924000000000007,1.0,2.0,0.0,0.0,0,0,1.0,2.0,0.05908768612621128,0.11817537225242256,0.0,0.0,73.50290131351
84,PE-3SF,24.306,31.808,SIERRA,7.501999999999999,0.0,0.0,0.0,0.0,0,0,0.0,0.0,0.0,0.0,0.0,0.0,27.250309657890043
85,PE-5NA,85.617,116.605,SELVA,30.988,0.0,0.0,0.0,0.0,0,0,0.0,0.0,0.0,0.0,0.0,0.0,72.71157807300698
86,PE-16A,195.88,199.348,SIERRA,3.4680000000000177,0.0,0.0,0.0,0.0,0,0,0.0,0.0,0.0,0.0,0.0,0.0,83.70579392714191
87,PE-16A,178.623,184.777,SIERRA,6.153999999999996,0.0,0.0,0.0,0.0,0,0,0.0,0.0,0.0,0.0,0.0,0.0,86.74826505566645
88,PE-16A,199.348,195.751,SIERRA,-3.5970000000000084,0.0,0.0,0.0,0.0,0,0,0.0,0.0,-0.0,-0.0,0.0,0.0,83.05763294071254
89,PE-04,55.889,60.548,COSTA,4.658999999999999,0.0,0.0,0.0,0.0,0,0,0.0,0.0,0.0,0.0,0.0,0.0,76.31597640127896
90,PE-1N,554.035,560.019,COSTA,5.984000000000037,13.0,15.0,6.0,100000.0,22,83,41.0,100015.0,6.851604278074824,16713.736631015938,0.0,0.0,23.444022404650365
91,PE-1N,498.651,510.72,COSTA,12.069000000000017,17.0,18.0,2.0,0.0,45,167,64.0,18.0,5.302841991880015,1.4914243102162545,0.0,0.0,20.54439528968913
92,PE-1N,446.124,450.49,COSTA,4.3659999999999854,9.0,12.0,8.0,20.0,16,60,33.0,32.0,7.558405863490634,7.329363261566676,0.0,0.0,16.730511084318373
93,PE-5N,811.044,814.238,SELVA,3.1940000000000737,0.0,0.0,0.0,0.0,2,5,2.0,0.0,0.6261740763932229,0.0,0.0,0.0,107.31262909173316
94,PE-5N,814.238,819.283,SELVA,5.044999999999959,0.0,0.0,0.0,0.0,4,8,4.0,0.0,0.7928642220019886,0.0,0.0,0.0,105.72099818151712
95,PE-34H,266.072,271.54,SELVA,5.468000000000018,0.0,0.0,0.0,0.0,0,0,0.0,0.0,0.0,0.0,0.0,0.0,117.80377733238932
96,PE-5N,848.669,858.541,SELVA,9.872000000000071,0.0,0.0,0.0,0.0,7,15,7.0,0.0,0.7090761750405136,0.0,0.0,0.0,86.30765225238953
97,PE-5N,838.497,846.702,SELVA,8.205000000000041,2.0,2.0,0.0,0.0,6,13,8.0,2.0,0.975015234613036,0.243753808653259,0.0,0.0,92.44859574167992
98,PE-5N,901.754,907.42,SELVA,5.66599999999994,0.0,0.0,0.0,0.0,4,9,4.0,0.0,0.7059654076950305,0.0,0.0,0.0,50.49173668732869
99,PE-5N,931.647,939.256,SELVA,7.608999999999924,1.0,1.0,0.0,0.0,5,12,6.0,1.0,0.7885398869759574,0.1314233144959929,0.0,0.0,26.91775176714775
100,PE-5N,928.503,931.647,SELVA,3.1440000000000055,2.0,5.0,0.0,0.0,2,5,4.0,5.0,1.2722646310432548,1.5903307888040685,0.0,0.0,30.41187803458869
101,PE-5N,919.258,928.503,SELVA,9.245000000000005,0.0,0.0,0.0,0.0,6,14,6.0,0.0,0.648999459167117,0.0,0.0,0.0,35.05236563712719
102,PE-1NT,31.995,85.888,SIERRA,53.893,4.0,7.0,0.0,0.0,0,0,4.0,7.0,0.07422114189226801,0.12988699831146902,0.0,0.0,72.75122589769708
103,PE-08,171.666,171.735,SIERRA,0.06900000000001683,0.0,0.0,1.0,0.0,0,0,1.0,0.0,14.492753623184871,0.0,0.0,0.0,98.10109896440125
104,PE-28B,602.979,622.809,SIERRA,19.829999999999927,10.0,10.0,0.0,0.0,0,0,10.0,10.0,0.5042864346949085,0.5042864346949085,0.0,0.0,115.94925071961283
105,PE-28B,643.648,653.062,SIERRA,9.413999999999987,4.0,5.0,0.0,0.0,0,0,4.0,5.0,0.42489908646696467,0.5311238580837059,0.0,0.0,123.73582514470668
106,PE-28B,538.902,553.873,SIERRA,14.971000000000004,3.0,6.0,0.0,0.0,0,0,3.0,6.0,0.20038741567029586,0.4007748313405917,0.0,0.0,116.01687124017688
107,PE-28B,602.169,602.979,SIERRA,0.8100000000000591,2.0,5.0,0.0,0.0,0,0,2.0,5.0,2.469135802468956,6.172839506172389,0.0,0.0,111.13972959206194
108,PE-28B,518.813,533.824,SIERRA,15.010999999999967,2.0,2.0,0.0,0.0,0,0,2.0,2.0,0.13323562720671536,0.13323562720671536,0.0,0.0,116.87761824022402
109,PE-28B,653.062,658.064,SIERRA,5.001999999999953,0.0,0.0,0.0,0.0,0,0,0.0,0.0,0.0,0.0,0.0,0.0,119.90107956117974
110,PE-28B,633.027,638.044,SIERRA,5.016999999999939,3.0,4.0,0.0,0.0,0,0,3.0,4.0,0.5979669124975158,0.7972892166633543,0.0,0.0,129.65037473981417
111,PE-28B,681.207,691.06,SIERRA,9.852999999999952,2.0,2.0,0.0,0.0,0,0,2.0,2.0,0.20298386278290975,0.20298386278290975,0.0,0.0,107.33599194791856
112,PE-34K,0.0,7.3,SIERRA,7.3,0.0,0.0,1.0,0.0,0,0,1.0,0.0,0.136986301369863,0.0,0.0,0.0,26.899341193077376
113,PE-34L,36.111,59.45,SIERRA,23.339000000000006,0.0,0.0,0.0,0.0,0,0,0.0,0.0,0.0,0.0,0.0,0.0,108.02450384575636
114,PE-34L,110.22,114.037,SIERRA,3.8170000000000073,0.0,0.0,0.0,0.0,0,0,0.0,0.0,0.0,0.0,0.0,0.0,95.90905765834636
115,PE-34L,75.08,89.698,SIERRA,14.617999999999995,1.0,1.0,0.0,0.0,0,0,1.0,1.0,0.06840881105486389,0.06840881105486389,0.0,0.0,104.80299659093666
116,PE-34L,64.95,75.08,SIERRA,10.129999999999995,1.0,1.0,0.0,0.0,0,0,1.0,1.0,0.09871668311944723,0.09871668311944723,0.0,0.0,109.95048428129314
117,PE-1NT,0.0,27.5,SIERRA,27.5,1.0,1.0,0.0,0.0,0,0,1.0,1.0,0.03636363636363636,0.03636363636363636,0.0,0.0,67.17458222965368
118,PE-1NI,53.185,55.665,COSTA,2.479999999999997,0.0,0.0,0.0,0.0,0,0,0.0,0.0,0.0,0.0,0.0,0.0,23.12120685484616
119,PE-1NI,61.159,68.984,COSTA,7.824999999999996,0.0,0.0,0.0,0.0,0,0,0.0,0.0,0.0,0.0,0.0,0.0,29.63938362002949
120,PE-1N,63.824,70.95,COSTA,7.126000000000005,5.0,5.0,20.0,10000000000.0,26,99,51.0,10000000005.0,7.156890261015993,1403311816.5871446,0.0,0.0,13.279563998533844
121,PE-1NI,71.928,80.781,SIERRA,8.853000000000009,0.0,0.0,0.0,0.0,0,0,0.0,0.0,0.0,0.0,0.0,0.0,38.75573776001248
122,PE-32A,221.119,260.994,SIERRA,39.87500000000003,3.0,5.0,0.0,0.0,0,0,3.0,5.0,0.07523510971786829,0.12539184952978047,0.0,0.0,73.35414420326313
123,PE-36,9.299,16.318,SIERRA,7.019000000000002,0.0,0.0,1.0,0.0,3,6,4.0,0.0,0.5698817495369709,0.0,0.0,0.0,11.03265013557482
124,PE-3NB,22.062,53.0,SIERRA,30.938,2.0,4.0,1.0,0.0,0,0,3.0,4.0,0.09696812980800311,0.12929083974400415,0.0,0.0,106.17345716743664
125,PE-32A,215.814,221.119,SIERRA,5.305000000000007,0.0,0.0,0.0,0.0,0,0,0.0,0.0,0.0,0.0,0.0,0.0,84.36543155581643
126,PE-3NB,53.32,54.094,SIERRA,0.7740000000000009,0.0,0.0,0.0,0.0,0,0,0.0,0.0,0.0,0.0,0.0,0.0,102.80537188085007
127,PE-1NG,15.302,19.418,COSTA,4.116,0.0,0.0,0.0,0.0,0,0,0.0,0.0,0.0,0.0,0.0,0.0,10.34053906327938
128,PE-32A,131.132,165.669,SIERRA,34.537000000000006,2.0,2.0,0.0,0.0,0,0,2.0,2.0,0.057908909285693595,0.057908909285693595,0.0,0.0,76.88252448728736
129,PE-14B,0.0,5.129,SIERRA,5.129,0.0,0.0,0.0,0.0,0,0,0.0,0.0,0.0,0.0,0.0,0.0,55.97891371489605
130,PE-14B,17.247,18.372,SIERRA,1.125,0.0,0.0,0.0,0.0,0,0,0.0,0.0,0.0,0.0,0.0,0.0,60.89176569404695
131,PE-3NB,5.342,15.009,SIERRA,9.667000000000002,0.0,0.0,0.0,0.0,0,0,0.0,0.0,0.0,0.0,0.0,0.0,100.79824320616784
132,PE-1N,29.202,31.982,COSTA,2.7799999999999976,13.0,14.0,2.0,10.0,10,38,25.0,24.0,8.992805755395691,8.633093525179863,0.0,0.0,14.949005212835951
133,PE-3SE,685.137,717.334,SIERRA,32.197,1.0,1.0,0.0,0.0,0,0,1.0,1.0,0.031058794297605365,0.031058794297605365,0.0,0.0,23.53665998779369
134,PE-1ND,0.0,2.75,COSTA,2.75,0.0,0.0,10.0,1010002.0,0,0,10.0,1010002.0,3.6363636363636362,367273.45454545453,0.0,0.0,19.915449533579373
135,PE-14B,10.079,17.247,SIERRA,7.167999999999999,0.0,0.0,0.0,0.0,0,0,0.0,0.0,0.0,0.0,0.0,0.0,58.23868741705961
136,PE-1NF,82.141,95.562,SIERRA,13.420999999999992,0.0,0.0,0.0,0.0,0,0,0.0,0.0,0.0,0.0,0.0,0.0,63.0790583970597
137,PE-3SC,28.667,40.097,SIERRA,11.43,0.0,0.0,0.0,0.0,0,0,0.0,0.0,0.0,0.0,0.0,0.0,20.930964988308048
138,PE-1NI,80.781,84.156,SIERRA,3.375,0.0,0.0,0.0,0.0,0,0,0.0,0.0,0.0,0.0,0.0,0.0,42.54565488622031
139,PE-14B,5.129,10.047,SIERRA,4.918000000000001,0.0,0.0,0.0,0.0,0,0,0.0,0.0,0.0,0.0,0.0,0.0,57.50441804992437
140,PE-32C,58.67,61.553,SIERRA,2.8829999999999956,0.0,0.0,0.0,0.0,0,0,0.0,0.0,0.0,0.0,0.0,0.0,103.5174533378438
141,PE-32C,51.854,58.67,SIERRA,6.8160000000000025,1.0,1.0,0.0,0.0,0,0,1.0,1.0,0.14671361502347413,0.14671361502347413,0.0,0.0,105.21220062626836
142,PE-32C,23.216,46.499,SIERRA,23.283,1.0,1.0,0.0,0.0,0,0,1.0,1.0,0.042949791693510285,0.042949791693510285,0.0,0.0,109.9308120592162
143,PE-1NÑ,0.0,3.228,COSTA,3.228,0.0,0.0,0.0,0.0,0,0,0.0,0.0,0.0,0.0,0.0,0.0,60.94007420835041
144,PE-3NC,20.353,41.619,SIERRA,21.266,0.0,0.0,0.0,0.0,0,0,0.0,0.0,0.0,0.0,0.0,0.0,76.0408916020592
145,PE-06,0.196,2.343,COSTA,2.147,0.0,0.0,0.0,0.0,0,0,0.0,0.0,0.0,0.0,0.0,0.0,13.6488218989611
146,PE-1NI,68.984,70.708,COSTA,1.7240000000000038,0.0,0.0,0.0,0.0,0,0,0.0,0.0,0.0,0.0,0.0,0.0,33.85105949095952
147,PE-3NC,0.0,15.176,SIERRA,15.176,1.0,3.0,0.0,0.0,0,0,1.0,3.0,0.06589351607801792,0.19768054823405376,0.0,0.0,85.38710818399001
148,PE-1NF,11.322,19.228,COSTA,7.906000000000002,3.0,3.0,0.0,0.0,0,0,3.0,3.0,0.379458639008348,0.379458639008348,0.0,0.0,15.746581383578668
149,PE-32A,0.0,30.648,SIERRA,30.648,0.0,0.0,0.0,0.0,0,0,0.0,0.0,0.0,0.0,0.0,0.0,25.749722215489943
150,PE-32A,174.441,189.465,SIERRA,15.024000000000001,0.0,0.0,0.0,0.0,0,0,0.0,0.0,0.0,0.0,0.0,0.0,86.45407827882238
151,PE-32A,92.086,115.789,SIERRA,23.703000000000003,0.0,0.0,0.0,0.0,0,0,0.0,0.0,0.0,0.0,0.0,0.0,60.36706653907204
152,PE-14B,22.376,32.944,SIERRA,10.568000000000001,0.0,0.0,0.0,0.0,0,0,0.0,0.0,0.0,0.0,0.0,0.0,62.94294533125724
153,PE-28B,622.809,633.027,SIERRA,10.218000000000075,13.0,13.0,0.0,0.0,0,0,13.0,13.0,1.2722646310432477,1.2722646310432477,0.0,0.0,124.42680928756867
154,PE-36,16.318,21.022,SIERRA,4.703999999999997,0.0,0.0,3.0,0.0,2,4,5.0,0.0,1.0629251700680278,0.0,0.0,0.0,5.552145400611827
155,PE-5NI,6.725,38.072,SELVA,31.347,0.0,0.0,0.0,0.0,0,0,0.0,0.0,0.0,0.0,0.0,0.0,458.07454270237736
156,PE-3SL,46.299,78.7,SIERRA,32.401,0.0,0.0,0.0,0.0,0,0,0.0,0.0,0.0,0.0,0.0,0.0,32.60991929898915
157,PE-30,21.558,30.806,COSTA,9.248000000000001,3.0,3.0,0.0,0.0,13,29,16.0,3.0,1.7301038062283736,0.32439446366782004,0.0,0.0,3.509752668097156
158,PE-1NT,87.128,101.128,SIERRA,14.0,0.0,0.0,0.0,0.0,0,0,0.0,0.0,0.0,0.0,0.0,0.0,83.35784823784158
159,PE-1NT,27.5,31.4,SIERRA,3.8999999999999986,0.0,0.0,0.0,0.0,0,0,0.0,0.0,0.0,0.0,0.0,0.0,66.70666304292686
160,PE-3SL,0.0,22.642,SIERRA,22.642,2.0,2.0,0.0,0.0,0,0,2.0,2.0,0.08833141948591114,0.08833141948591114,0.0,0.0,12.181980069137142
161,PE-20I,0.0,0.605,COSTA,0.605,1.0,1.0,0.0,0.0,0,0,1.0,1.0,1.6528925619834711,1.6528925619834711,0.0,0.0,32.98959812844327
162,PE-20I,0.605,1.055,COSTA,0.44999999999999996,0.0,0.0,0.0,0.0,0,0,0.0,0.0,0.0,0.0,0.0,0.0,33.52019180765424
163,PE-1N,181.172,198.789,COSTA,17.61699999999999,6.0,7.0,28.0,1.100011000101e+24,65,244,99.0,1.100011000101e+24,5.619572004314018,6.244031333944489e+22,0.0,0.0,29.199533086947152
164,PE-3ND,0.0,0.855,SIERRA,0.855,0.0,0.0,0.0,0.0,0,0,0.0,0.0,0.0,0.0,0.0,0.0,69.16849540179687
165,PE-3ND,31.708,32.823,SIERRA,1.115000000000002,0.0,0.0,0.0,0.0,0,0,0.0,0.0,0.0,0.0,0.0,0.0,61.16500671614501
166,PE-3ND,32.823,37.394,SIERRA,4.570999999999998,0.0,0.0,0.0,0.0,0,0,0.0,0.0,0.0,0.0,0.0,0.0,60.1779015096827
167,PE-3ND,38.851,40.296,SIERRA,1.4450000000000003,0.0,0.0,0.0,0.0,0,0,0.0,0.0,0.0,0.0,0.0,0.0,58.02156044814636
168,PE-3ND,38.11,38.421,SIERRA,0.31099999999999994,0.0,0.0,0.0,0.0,0,0,0.0,0.0,0.0,0.0,0.0,0.0,58.92847250910541
169,PE-3ND,40.792,42.027,SIERRA,1.2349999999999994,0.0,0.0,0.0,0.0,0,0,0.0,0.0,0.0,0.0,0.0,0.0,57.108092468396805
170,PE-3ND,46.551,47.874,SIERRA,1.3230000000000004,0.0,0.0,0.0,0.0,0,0,0.0,0.0,0.0,0.0,0.0,0.0,56.13121893550882
171,PE-3ND,44.859,46.551,SIERRA,1.6920000000000002,0.0,0.0,0.0,0.0,0,0,0.0,0.0,0.0,0.0,0.0,0.0,56.8508540334288
172,PE-3ND,42.027,42.802,SIERRA,0.7749999999999986,0.0,0.0,0.0,0.0,0,0,0.0,0.0,0.0,0.0,0.0,0.0,56.922331812752
173,PE-3ND,48.883,71.753,SIERRA,22.869999999999997,0.0,0.0,0.0,0.0,0,0,0.0,0.0,0.0,0.0,0.0,0.0,51.31632444810453
174,PE-3ND,72.01,75.925,SIERRA,3.914999999999992,0.0,0.0,0.0,0.0,0,0,0.0,0.0,0.0,0.0,0.0,0.0,46.65258767078663
175,PE-3ND,75.925,79.965,SIERRA,4.040000000000006,0.0,0.0,0.0,0.0,0,0,0.0,0.0,0.0,0.0,0.0,0.0,45.69728578717942
176,PE-3ND,87.742,102.157,SELVA,14.414999999999992,0.0,0.0,0.0,0.0,0,0,0.0,0.0,0.0,0.0,0.0,0.0,39.92348736242253
177,PE-3ND,115.424,130.297,SELVA,14.87299999999999,1.0,1.0,0.0,0.0,0,0,1.0,1.0,0.0672359308814631,0.0672359308814631,0.0,0.0,36.028019361873355
178,PE-32C,46.762,51.854,SIERRA,5.091999999999999,0.0,0.0,0.0,0.0,0,0,0.0,0.0,0.0,0.0,0.0,0.0,107.8827147286057
179,PE-5NI,0.0,4.445,SELVA,4.445,5.0,5.0,2.0,0.0,0,0,7.0,5.0,1.574803149606299,1.124859392575928,0.0,0.0,442.05879353033015
180,PE-3SV,19.1501,31.2501,SIERRA,12.100000000000001,0.0,0.0,0.0,0.0,0,0,0.0,0.0,0.0,0.0,0.0,0.0,47.35564683296782
181,PE-3SV,31.2501,40.9901,SIERRA,9.739999999999998,0.0,0.0,0.0,0.0,0,0,0.0,0.0,0.0,0.0,0.0,0.0,49.08290961964017
182,PE-3SV,40.9901,52.5731,SIERRA,11.582999999999998,0.0,0.0,0.0,0.0,0,0,0.0,0.0,0.0,0.0,0.0,0.0,53.189367328712045
183,PE-14D,0.0,10.7,SIERRA,10.7,0.0,0.0,0.0,0.0,0,0,0.0,0.0,0.0,0.0,0.0,0.0,88.68321323965841
184,PE-20A,9.946,10.9739,COSTA,1.0279000000000007,0.0,0.0,1.0,0.0,0,0,1.0,0.0,0.9728572818367539,0.0,0.0,0.0,19.11682799076417
185,PE-1S,496.305,498.583,COSTA,2.27800000000002,0.0,0.0,1.0,0.0,7,14,8.0,0.0,3.511852502194877,0.0,0.0,0.0,22.64808193369187
186,PE-3NB,0.0,5.342,SIERRA,5.342,0.0,0.0,1.0,1.0,0,0,1.0,1.0,0.1871958068139274,0.1871958068139274,0.0,0.0,98.36465785642945
187,PE-1NG,19.418,26.193,COSTA,6.775000000000002,0.0,0.0,0.0,0.0,0,0,0.0,0.0,0.0,0.0,0.0,0.0,13.516832729876889
188,PE-1NK,0.0,5.014,COSTA,5.014,3.0,3.0,1.0,0.0,0,0,4.0,3.0,0.7977662544874351,0.5983246908655764,0.0,0.0,6.057725159610457
189,PE-1NB,0.0,2.718,COSTA,2.718,1.0,1.0,16.0,0.0,0,1,17.0,1.0,6.254598969830758,0.36791758646063283,0.0,0.0,24.29865122767316
190,PE-14A,90.52,91.848,SIERRA,1.328000000000003,0.0,0.0,0.0,0.0,0,0,0.0,0.0,0.0,0.0,0.0,0.0,66.0418195178711
191,PE-34E,69.193,73.248,SIERRA,4.055000000000007,0.0,0.0,2.0,0.0,0,0,2.0,0.0,0.49321824907521494,0.0,0.0,0.0,59.12939430259406
192,PE-06A,14.53,29.638,COSTA,15.108000000000002,9.0,10.0,2.0,0.0,0,0,11.0,10.0,0.7280910775747947,0.6619009796134497,0.0,0.0,21.54293899967853
193,PE-3NB,17.046,22.062,SIERRA,5.016000000000002,0.0,0.0,0.0,0.0,0,0,0.0,0.0,0.0,0.0,0.0,0.0,105.91434630560828
194,PE-30,31.164,39.36,COSTA,8.195999999999998,1.0,1.0,0.0,0.0,12,26,13.0,1.0,1.5861395802830653,0.12201073694485118,0.0,0.0,3.194099524825897
195,PE-06A,55.579,62.068,COSTA,6.488999999999997,3.0,3.0,0.0,0.0,0,0,3.0,3.0,0.46232085067036544,0.46232085067036544,0.0,0.0,6.452409685994207
196,PE-40A,32.706,41.22,SIERRA,8.513999999999996,0.0,0.0,0.0,0.0,0,0,0.0,0.0,0.0,0.0,0.0,0.0,75.19904573385462
197,PE-40A,25.958,30.001,SIERRA,4.043000000000003,0.0,0.0,0.0,0.0,0,0,0.0,0.0,0.0,0.0,0.0,0.0,82.32665268773034
198,PE-34F,40.288,92.26,SIERRA,51.97200000000001,0.0,0.0,0.0,0.0,0,0,0.0,0.0,0.0,0.0,0.0,0.0,37.13438444715441
199,PE-1N,1190.795,1195.046,COSTA,4.250999999999976,1.0,1.0,0.0,0.0,16,59,17.0,1.0,3.9990590449306267,0.2352387673488604,0.0,0.0,11.385680709139036
200,PE-1N,1134.228,1139.483,COSTA,5.254999999999882,0.0,0.0,0.0,0.0,19,73,19.0,0.0,3.6156041864891395,0.0,0.0,0.0,30.18555902556065
201,PE-1N,1281.085,1284.118,COSTA,3.0329999999999018,2.0,3.0,0.0,0.0,11,42,13.0,3.0,4.2861852950875114,0.9891196834817333,0.0,0.0,69.2153754032557
202,PE-3SG,46.446,56.925,SIERRA,10.479,2.0,2.0,0.0,0.0,0,0,2.0,2.0,0.19085790628876803,0.19085790628876803,0.0,0.0,107.14298104654252
203,PE-1NF,111.221,149.705,SIERRA,38.48400000000001,3.0,8.0,0.0,0.0,0,0,3.0,8.0,0.07795447458684127,0.20787859889824337,0.0,0.0,70.519981109369
204,PE-3NB,15.281,17.046,SIERRA,1.7649999999999988,0.0,0.0,0.0,0.0,0,0,0.0,0.0,0.0,0.0,0.0,0.0,103.63480408781886
205,PE-12,20.639,25.264,COSTA,4.625,0.0,0.0,2.0,0.0,0,0,2.0,0.0,0.43243243243243246,0.0,0.0,0.0,26.91315531129781
206,PE-06A,0.0,4.447,COSTA,4.447,0.0,0.0,2.0,0.0,0,0,2.0,0.0,0.4497413986957499,0.0,0.0,0.0,20.471892184791503
207,PE-3SE,717.334,737.699,SIERRA,20.36500000000001,0.0,0.0,0.0,0.0,0,0,0.0,0.0,0.0,0.0,0.0,0.0,25.386500078022912
208,PE-1NK,15.973,39.82,COSTA,23.847,9.0,10.0,0.0,0.0,0,0,9.0,10.0,0.3774059630142156,0.419339958904684,0.0,0.0,22.249085295768737
209,PE-26,60.362,63.794,SIERRA,3.431999999999995,0.0,0.0,0.0,0.0,0,0,0.0,0.0,0.0,0.0,0.0,0.0,32.443124389741165
210,PE-26,44.97,49.202,SIERRA,4.231999999999999,1.0,2.0,0.0,0.0,0,0,1.0,2.0,0.23629489603024578,0.47258979206049156,0.0,0.0,34.89161593328093
211,PE-1SC,37.017,49.799,SIERRA,12.781999999999996,1.0,1.0,0.0,0.0,0,0,1.0,1.0,0.07823501799405416,0.07823501799405416,0.0,0.0,24.728853361556297
212,PE-02A,132.096,145.099,SIERRA,13.002999999999986,3.0,3.0,0.0,0.0,3,3,6.0,3.0,0.46143197723602297,0.23071598861801149,0.0,0.0,29.647660938855
213,PE-02A,111.396,126.928,SIERRA,15.531999999999996,0.0,0.0,0.0,0.0,3,4,3.0,0.0,0.19314962657738866,0.0,0.0,0.0,20.97634716953107
214,PE-34E,160.785,177.42,SIERRA,16.63499999999999,0.0,0.0,0.0,0.0,0,0,0.0,0.0,0.0,0.0,0.0,0.0,66.39216394901783
215,PE-20A,105.49,138.064,SIERRA,32.574,0.0,0.0,0.0,0.0,0,0,0.0,0.0,0.0,0.0,0.0,0.0,55.5961530576618
216,PE-20A,95.768,100.372,SIERRA,4.603999999999999,0.0,0.0,0.0,0.0,0,0,0.0,0.0,0.0,0.0,0.0,0.0,45.84515707505378
217,PE-20A,35.2,42.505,SIERRA,7.305,0.0,0.0,3.0,10.0,0,0,3.0,10.0,0.41067761806981523,1.3689253935660508,0.0,0.0,24.4702052845619
218,PE-20A,78.364,95.056,SIERRA,16.691999999999993,0.0,0.0,2.0,0.0,0,0,2.0,0.0,0.11981787682722267,0.0,0.0,0.0,42.59841891775631
219,PE-20A,164.064,182.064,SIERRA,18.0,0.0,0.0,0.0,0.0,0,0,0.0,0.0,0.0,0.0,0.0,0.0,62.79167158534968
220,PE-20A,182.554,183.775,SIERRA,1.2210000000000036,0.0,0.0,0.0,0.0,0,0,0.0,0.0,0.0,0.0,0.0,0.0,64.48662744725708
221,PE-3SG,194.265,204.621,SIERRA,10.356000000000023,1.0,1.0,0.0,0.0,0,0,1.0,1.0,0.09656237929702566,0.09656237929702566,0.0,0.0,68.15290607209808
222,PE-20A,56.077,69.381,SIERRA,13.304000000000002,0.0,0.0,1.0,0.0,0,0,1.0,0.0,0.07516536380036078,0.0,0.0,0.0,37.46104096254188
223,PE-20C,12.005,16.503,COSTA,4.497999999999999,0.0,0.0,1.0,0.0,0,0,1.0,0.0,0.22232103156958652,0.0,0.0,0.0,22.747435325960986
224,PE-28B,17.943,23.91,SIERRA,5.966999999999999,1.0,1.0,0.0,0.0,0,0,1.0,1.0,0.16758840288252055,0.16758840288252055,0.0,0.0,24.486519456309903
225,PE-12A,290.112,291.412,SELVA,1.2999999999999545,0.0,0.0,0.0,0.0,0,0,0.0,0.0,0.0,0.0,0.0,0.0,168.9900086146595
226,PE-20B,7.667,7.689,COSTA,0.02200000000000024,0.0,0.0,0.0,0.0,0,0,0.0,0.0,0.0,0.0,0.0,0.0,27.86642301852304
227,PE-20B,6.767,6.796,COSTA,0.028999999999999915,0.0,0.0,0.0,0.0,0,0,0.0,0.0,0.0,0.0,0.0,0.0,28.187588727601167
228,PE-12A,316.415,339.931,SELVA,23.515999999999963,0.0,0.0,0.0,0.0,0,0,0.0,0.0,0.0,0.0,0.0,0.0,194.7094963960256
229,PE-1NN,10.036,11.701,COSTA,1.665000000000001,0.0,0.0,0.0,0.0,0,0,0.0,0.0,0.0,0.0,0.0,0.0,15.879447485073891
230,PE-34E,23.98999999,34.313,SIERRA,10.323000010000001,0.0,0.0,2.0,0.0,0,0,2.0,0.0,0.1937421290383201,0.0,0.0,0.0,24.526663491893405
231,PE-1N,36.019,36.233,COSTA,0.21399999999999864,2.0,2.0,2.0,1.0,1,3,5.0,3.0,23.36448598130856,14.018691588785137,0.0,0.0,10.03083489054398
232,PE-1NN,0.0,9.096,COSTA,9.096,1.0,1.0,0.0,0.0,0,0,1.0,1.0,0.10993843447669305,0.10993843447669305,0.0,0.0,16.39549263765781
233,PE-20B,6.72,6.767,COSTA,0.0470000000000006,0.0,0.0,0.0,0.0,0,0,0.0,0.0,0.0,0.0,0.0,0.0,28.181605187116062
234,PE-06A,29.638,47.35,COSTA,17.712,3.0,4.0,2.0,0.0,0,0,5.0,4.0,0.2822944896115628,0.22583559168925024,0.0,0.0,11.044192750103717
235,PE-40,151.598,156.401,SIERRA,4.802999999999997,0.0,0.0,0.0,0.0,0,0,0.0,0.0,0.0,0.0,0.0,0.0,96.52898627624124
236,PE-32C,16.932,23.216,SIERRA,6.2840000000000025,0.0,0.0,0.0,0.0,0,0,0.0,0.0,0.0,0.0,0.0,0.0,111.18694318529012
237,PE-1NN,30.836,37.385,COSTA,6.5489999999999995,0.0,0.0,0.0,0.0,0,0,0.0,0.0,0.0,0.0,0.0,0.0,30.433462605978352
238,PE-18,236.34,260.422,SIERRA,24.082000000000022,0.0,0.0,0.0,0.0,0,0,0.0,0.0,0.0,0.0,0.0,0.0,30.79967418269936
239,PE-12A,25.633,71.352,SIERRA,45.71900000000001,1.0,1.0,0.0,0.0,0,0,1.0,1.0,0.021872744373236507,0.021872744373236507,0.0,0.0,96.48833561479027
240,PE-34E,39.273,47.619,SIERRA,8.345999999999997,0.0,0.0,0.0,0.0,0,0,0.0,0.0,0.0,0.0,0.0,0.0,38.79942675457023
241,PE-1NN,37.496,45.023,COSTA,7.527000000000001,2.0,2.0,0.0,0.0,0,0,2.0,2.0,0.2657101102696957,0.2657101102696957,0.0,0.0,35.8728385671957
242,PE-1NI,96.606,104.132,SIERRA,7.5260000000000105,1.0,1.0,0.0,0.0,0,0,1.0,1.0,0.13287270794578776,0.13287270794578776,0.0,0.0,44.311969192060594
243,PE-02A,106.091,111.396,SIERRA,5.305000000000007,0.0,0.0,0.0,0.0,1,1,1.0,0.0,0.18850141376060295,0.0,0.0,0.0,15.729214774975638
244,PE-1NB,2.718,9.758,COSTA,7.039999999999999,5.0,5.0,1.0,0.0,1,1,7.0,5.0,0.994318181818182,0.7102272727272728,0.0,0.0,26.325490595471027
245,PE-24,266.122,274.692,SIERRA,8.569999999999993,1.0,1.0,0.0,0.0,0,0,1.0,1.0,0.11668611435239216,0.11668611435239216,0.0,0.0,23.793971797200527
246,PE-18,187.529,194.755,SIERRA,7.225999999999999,0.0,0.0,0.0,0.0,0,0,0.0,0.0,0.0,0.0,0.0,0.0,65.03231232750518
247,PE-1ND,2.75,5.0,COSTA,2.25,0.0,0.0,15.0,100000000000000.0,0,0,15.0,100000000000000.0,6.666666666666667,44444444444444.445,0.0,0.0,21.88593269390724
248,PE-20B,7.216,7.244,COSTA,0.02799999999999958,0.0,0.0,0.0,0.0,0,0,0.0,0.0,0.0,0.0,0.0,0.0,28.070064408178663
249,PE-08B,58.938,101.718,SIERRA,42.78,3.0,3.0,2.0,0.0,0,0,5.0,3.0,0.11687704534829359,0.07012622720897616,0.0,0.0,115.81159837915612
250,PE-1NI,84.156,91.329,SIERRA,7.172999999999988,0.0,0.0,0.0,0.0,0,0,0.0,0.0,0.0,0.0,0.0,0.0,43.90226458503809
251,PE-18B,83.821,98.589,SIERRA,14.768,0.0,0.0,0.0,0.0,0,0,0.0,0.0,0.0,0.0,0.0,0.0,50.256786624745885
252,PE-1S,151.0,156.289,COSTA,5.288999999999987,0.0,0.0,5.0,10000.0,16,31,21.0,10000.0,3.9705048213272924,1890.716581584425,0.0,0.0,14.19823539856202
253,PE-1S,85.711,107.764,COSTA,22.052999999999997,0.0,0.0,22.0,100100000000000.0,65,131,87.0,100100000000000.0,3.9450414909536122,4539064979821.34,0.0,0.0,28.001546851965724
254,PE-20A,102.0,105.064,SIERRA,3.063999999999993,0.0,0.0,0.0,0.0,0,0,0.0,0.0,0.0,0.0,0.0,0.0,47.263201496113766
255,PE-20A,183.775,191.375,SIERRA,7.599999999999994,1.0,1.0,0.0,0.0,0,0,1.0,1.0,0.13157894736842116,0.13157894736842116,0.0,0.0,65.86014385124277
256,PE-26A,43.682,91.0,SIERRA,47.318,0.0,0.0,0.0,0.0,0,0,0.0,0.0,0.0,0.0,0.0,0.0,33.44277167520009
257,PE-14A,318.484,320.284,SIERRA,1.8000000000000114,0.0,0.0,0.0,0.0,0,0,0.0,0.0,0.0,0.0,0.0,0.0,101.81988544451718
258,PE-34E,60.781,69.193,SIERRA,8.411999999999999,0.0,0.0,2.0,0.0,0,0,2.0,0.0,0.23775558725630055,0.0,0.0,0.0,53.4124878309387
259,PE-1NF,56.58,59.845,SIERRA,3.2650000000000006,0.0,0.0,0.0,0.0,0,0,0.0,0.0,0.0,0.0,0.0,0.0,48.74575834010441
260,PE-1NF,30.381,36.103,COSTA,5.722000000000001,0.0,0.0,0.0,0.0,0,0,0.0,0.0,0.0,0.0,0.0,0.0,28.72161679235085
261,PE-1NO,0.0,5.187,COSTA,5.187,9.0,10.0,0.0,0.0,0,0,9.0,10.0,1.735106998264893,1.9278966647387699,0.0,0.0,85.92731725285218
262,PE-1NO,5.187,6.936,COSTA,1.7489999999999997,3.0,3.0,0.0,0.0,0,0,3.0,3.0,1.7152658662092628,1.7152658662092628,0.0,0.0,89.21161142198137
263,PE-12A,244.002,245.316,SIERRA,1.313999999999993,0.0,0.0,0.0,0.0,0,0,0.0,0.0,0.0,0.0,0.0,0.0,147.99931757856152
264,PE-12A,291.412,302.343,SELVA,10.93100000000004,0.0,0.0,0.0,0.0,0,0,0.0,0.0,0.0,0.0,0.0,0.0,173.9360760657014
265,PE-24,49.17,53.326,COSTA,4.155999999999999,0.0,0.0,0.0,0.0,0,0,0.0,0.0,0.0,0.0,0.0,0.0,21.6083710406429
266,PE-1N,43.845,43.887,COSTA,0.04200000000000159,0.0,0.0,0.0,0.0,0,1,0.0,0.0,0.0,0.0,0.0,0.0,3.806589910681773
267,PE-14B,18.606,20.564,SIERRA,1.9579999999999984,0.0,0.0,0.0,0.0,0,0,0.0,0.0,0.0,0.0,0.0,0.0,64.00341764376715
268,PE-12A,302.343,315.467,SELVA,13.123999999999967,0.0,0.0,0.0,0.0,0,0,0.0,0.0,0.0,0.0,0.0,0.0,183.4447867919937
269,PE-06,3.218,9.263,COSTA,6.045,1.0,1.0,0.0,0.0,0,0,1.0,1.0,0.1654259718775848,0.1654259718775848,0.0,0.0,16.96783274947442
270,PE-1NK,10.116,15.277,COSTA,5.161,3.0,3.0,0.0,0.0,0,0,3.0,3.0,0.5812826971517149,0.5812826971517149,0.0,0.0,10.617305016377188
271,PE-1NF,41.3,47.077,COSTA,5.777000000000001,1.0,1.0,0.0,0.0,0,0,1.0,1.0,0.17310022503029251,0.17310022503029251,0.0,0.0,38.56800763641864
272,PE-12A,252.971,267.051,SIERRA,14.079999999999984,0.0,0.0,0.0,0.0,0,0,0.0,0.0,0.0,0.0,4.0,2.0,153.56757516960133
273,PE-1NK,47.457,90.791,COSTA,43.333999999999996,4.0,4.0,0.0,0.0,0,0,4.0,4.0,0.09230627221119676,0.09230627221119676,0.0,0.0,55.709617390489726
274,PE-1NF,47.077,56.58,COSTA,9.503,1.0,1.0,0.0,0.0,0,0,1.0,1.0,0.10522992739135009,0.10522992739135009,0.0,0.0,44.282199273600455
275,PE-1N,725.73,732.649,COSTA,6.918999999999983,5.0,7.0,3.0,10.0,26,96,34.0,17.0,4.914004914004926,2.457002457002463,0.0,0.0,7.360989817127376
276,PE-34E,136.094,140.01,SIERRA,3.915999999999997,0.0,0.0,0.0,0.0,0,0,0.0,0.0,0.0,0.0,0.0,0.0,72.81859901246676
277,PE-1N,103.374,108.252,COSTA,4.878,4.0,4.0,21.0,1100000000000000.0,18,68,43.0,1100000000000004.0,8.81508815088151,225502255022551.03,0.0,0.0,31.329872977877454
278,PE-32A,297.079,300.994,SIERRA,3.9150000000000205,0.0,0.0,0.0,0.0,0,0,0.0,0.0,0.0,0.0,0.0,0.0,43.3902893502936
279,PE-1S,450.928,454.494,COSTA,3.566000000000031,3.0,3.0,6.0,2000.0,11,21,20.0,2003.0,5.608524957936014,561.6937745372918,0.0,0.0,8.823792914135138
280,PE-1S,57.681,65.391,COSTA,7.710000000000008,6.0,6.0,12.0,101000000000.0,23,46,41.0,101000000006.0,5.317769130998697,13099870299.092075,0.0,0.0,4.418472986738246
281,PE-1S,469.587,473.144,COSTA,3.5570000000000164,0.0,0.0,2.0,0.0,11,21,13.0,0.0,3.654765251616514,0.0,0.0,0.0,26.30503275656401
282,PE-30D,11.122,16.033,SIERRA,4.911000000000001,2.0,2.0,0.0,0.0,0,0,2.0,2.0,0.407249032783547,0.407249032783547,0.0,0.0,42.377588444837954
283,PE-24,274.692,279.699,SIERRA,5.007000000000005,0.0,0.0,0.0,0.0,0,0,0.0,0.0,0.0,0.0,0.0,0.0,18.287305147680097
284,PE-1S,256.71,283.804,COSTA,27.093999999999994,23.0,25.0,11.0,1000000.0,80,161,114.0,1000025.0,4.20757363253857,36909.463349819154,0.0,0.0,0.1631531250146563
285,PE-24A,205.208,205.743,SELVA,0.5349999999999966,0.0,0.0,0.0,0.0,0,0,0.0,0.0,0.0,0.0,0.0,0.0,84.33548052834665
286,PE-24A,205.743,206.331,SELVA,0.5879999999999939,1.0,1.0,0.0,0.0,0,0,1.0,1.0,1.7006802721088612,1.7006802721088612,0.0,0.0,84.73298590167865
287,PE-1N,42.758,42.874,COSTA,0.11599999999999966,0.0,0.0,8.0,1000100.0,0,2,8.0,1000100.0,68.96551724137952,8621551.724137956,0.0,0.0,4.371547334387913
288,PE-24A,206.331,206.821,SELVA,0.4900000000000091,0.0,0.0,0.0,0.0,0,0,0.0,0.0,0.0,0.0,0.0,0.0,84.94339495097712
289,PE-1NF,25.223,30.381,COSTA,5.158000000000001,0.0,0.0,1.0,0.0,0,0,1.0,0.0,0.19387359441644042,0.0,0.0,0.0,24.2729908149502
290,PE-34J,78.662,84.978,SIERRA,6.315999999999988,3.0,10.0,0.0,0.0,0,0,3.0,10.0,0.4749841671944277,1.583280557314759,0.0,0.0,65.81492457870668
291,PE-34J,84.978,94.15,SIERRA,9.172000000000011,4.0,8.0,0.0,0.0,0,0,4.0,8.0,0.4361098996947225,0.872219799389445,0.0,0.0,63.018308635960935
292,PE-34F,0.0,4.819,SIERRA,4.819,2.0,2.0,1.0,0.0,0,0,3.0,2.0,0.622535795808259,0.41502386387217266,0.0,0.0,48.89267791849457
293,PE-1N,31.982,32.019,COSTA,0.036999999999999034,0.0,0.0,0.0,0.0,0,1,0.0,0.0,0.0,0.0,0.0,0.0,13.594961349557266
294,PE-1N,27.032,27.073,COSTA,0.04100000000000037,0.0,0.0,1.0,0.0,0,1,1.0,0.0,24.390243902438804,0.0,0.0,0.0,18.23731088335016
295,PE-34J,94.15,105.248,SIERRA,11.097999999999999,7.0,10.0,0.0,0.0,0,0,7.0,10.0,0.6307442782483331,0.9010632546404759,0.0,0.0,61.017347120536535
296,PE-38A,37.694,42.34,SIERRA,4.646000000000001,0.0,0.0,0.0,0.0,0,0,0.0,0.0,0.0,0.0,0.0,0.0,37.9126243469579
297,PE-1S,25.947,35.407,COSTA,9.459999999999997,40.0,45.0,23.0,100011001000000.0,28,56,91.0,100011001000045.0,9.619450317124738,10571987420723.576,0.0,0.0,33.390874455833895
298,PE-1S,35.407,47.017,COSTA,11.610000000000007,27.0,35.0,9.0,0.0,34,69,70.0,35.0,6.0292850990525375,3.0146425495262688,0.0,0.0,23.67099814173346
299,PE-1S,14.27,19.067,COSTA,4.797000000000001,27.0,28.0,4.0,0.0,14,29,45.0,28.0,9.380863039399623,5.836981446737544,0.0,0.0,45.98117101498012
300,PE-1S,7.692,12.637,COSTA,4.945,39.0,40.0,4.0,1100.0,15,29,58.0,1140.0,11.72901921132457,230.53589484327603,0.0,0.0,47.77561857345462
301,PE-1S,21.963,25.947,COSTA,3.983999999999998,24.0,28.0,26.0,1e+24,12,24,62.0,1e+24,15.562248995983943,2.5100401606425713e+23,0.0,0.0,39.50844887818466
302,PE-1N,43.555,43.617,COSTA,0.06199999999999761,0.0,0.0,0.0,0.0,0,1,0.0,0.0,0.0,0.0,0.0,0.0,4.090896507690752
303,PE-1N,838.462,843.471,COSTA,5.0090000000000146,0.0,0.0,5.0,11000.0,19,69,24.0,11000.0,4.791375524056684,2196.0471151926467,0.0,0.0,23.148025415492413
304,PE-34E,57.748,60.781,SIERRA,3.0330000000000013,0.0,0.0,0.0,0.0,0,0,0.0,0.0,0.0,0.0,0.0,0.0,48.02346148981541
305,PE-1N,1005.549,1006.036,COSTA,0.48699999999996635,0.0,0.0,2.0,1.0,2,7,4.0,1.0,8.213552361396872,2.053388090349218,0.0,0.0,14.681756081782876
306,PE-3N,1491.217,1491.373,SIERRA,0.15599999999994907,0.0,0.0,0.0,0.0,0,0,0.0,0.0,0.0,0.0,0.0,0.0,69.36888418640783
307,PE-3N,238.825,239.937,SIERRA,1.1120000000000232,0.0,0.0,3.0,0.0,1,1,4.0,0.0,3.597122302158198,0.0,0.0,0.0,27.204223604432244
308,PE-3N,1078.148,1080.738,SIERRA,2.5900000000001455,1.0,1.0,1.0,0.0,2,3,4.0,1.0,1.5444015444014576,0.3861003861003644,0.0,0.0,77.19745358731979
309,PE-28H,164.6,195.047,SIERRA,30.447000000000003,0.0,0.0,0.0,0.0,0,0,0.0,0.0,0.0,0.0,0.0,0.0,112.73630279432678
310,PE-3N,1321.7,1329.037,SIERRA,7.336999999999989,2.0,2.0,0.0,0.0,5,9,7.0,2.0,0.9540684203352883,0.27259097723865383,0.0,0.0,99.66914203872018
311,PE-1N,883.838,888.632,COSTA,4.793999999999983,0.0,0.0,0.0,0.0,18,66,18.0,0.0,3.754693366708399,0.0,0.0,0.0,67.34512199785152
312,PE-3N,1581.336,1603.933,SELVA,22.59699999999998,5.0,5.0,0.0,0.0,15,28,20.0,5.0,0.8850732398105952,0.2212683099526488,0.0,0.0,5.798350965635908
313,PE-3N,1549.662,1558.321,SELVA,8.658999999999878,0.0,0.0,0.0,0.0,6,11,6.0,0.0,0.6929206605843728,0.0,0.0,0.0,36.69174970698501
314,PE-1N,684.193,692.74,COSTA,8.547000000000025,16.0,20.0,2.0,0.0,32,118,50.0,20.0,5.850005850005832,2.340002340002333,0.0,0.0,5.422349317117285
315,PE-34A,38.781,43.306,SIERRA,4.524999999999999,15.0,16.0,1.0,0.0,17,21,33.0,16.0,7.292817679558014,3.535911602209946,0.0,0.0,12.262072293944511
316,PE-3N,1314.848,1318.602,SIERRA,3.754000000000133,1.0,1.0,0.0,0.0,3,5,4.0,1.0,1.065530101225322,0.2663825253063305,0.0,0.0,103.19251077522163
317,PE-3N,110.255,118.687,SIERRA,8.432000000000002,5.0,5.0,7.0,0.0,6,10,18.0,5.0,2.134724857685009,0.5929791271347247,0.0,0.0,67.57510293491126
318,PE-34A,188.03,196.7,SIERRA,8.669999999999987,0.0,0.0,3.0,11.0,32,41,35.0,11.0,4.036908881199545,1.2687427912341425,0.0,0.0,30.617022263296768
319,PE-3N,1160.318,1165.363,SIERRA,5.045000000000073,1.0,1.0,0.0,0.0,3,6,4.0,1.0,0.7928642220019707,0.19821605550049268,0.0,0.0,94.23980053622846
320,PE-34A,114.063,119.075,SIERRA,5.0120000000000005,2.0,2.0,3.0,0.0,19,24,24.0,2.0,4.788507581803671,0.39904229848363926,0.0,0.0,3.50151332500667
321,PE-1N,943.899,972.935,COSTA,29.035999999999945,9.0,12.0,1.0,1.0,108,402,118.0,13.0,4.0639206502273115,0.4477200716352123,0.0,0.0,22.877846959794
322,PE-36A,82.951,92.921,SIERRA,9.970000000000013,0.0,0.0,0.0,0.0,8,5,8.0,0.0,0.8024072216649939,0.0,0.0,0.0,12.763666835547518
323,PE-18,80.669,91.904,SIERRA,11.235,2.0,2.0,0.0,0.0,0,0,2.0,2.0,0.17801513128615934,0.17801513128615934,0.0,0.0,50.91482826944632
324,PE-1NI,41.534,46.595,COSTA,5.061,1.0,1.0,0.0,0.0,0,0,1.0,1.0,0.19758940920766646,0.19758940920766646,0.0,0.0,25.074927108218684
325,PE-34A,165.867,175.83,SIERRA,9.963000000000022,6.0,19.0,7.0,0.0,37,47,50.0,19.0,5.018568704205549,1.9070561075981087,0.0,0.0,47.40203634508532
326,PE-34J,105.248,109.888,SIERRA,4.640000000000001,0.0,0.0,1.0,1.0,0,0,1.0,1.0,0.21551724137931033,0.21551724137931033,0.0,0.0,55.77235742286993
327,PE-18,180.73,183.238,SIERRA,2.5080000000000098,0.0,0.0,0.0,0.0,0,0,0.0,0.0,0.0,0.0,0.0,0.0,69.21624168116848
328,PE-3N,1340.567,1347.257,SIERRA,6.690000000000055,0.0,0.0,0.0,0.0,5,8,5.0,0.0,0.7473841554558982,0.0,0.0,0.0,89.82497953584932
329,PE-1N,225.293,234.313,COSTA,9.019999999999982,1.0,2.0,6.0,21.0,33,125,40.0,23.0,4.434589800443468,2.549889135254994,0.0,0.0,11.512527447661109
330,PE-3N,4.518,12.501,SIERRA,7.983,1.0,1.0,12.0,100000.0,5,10,18.0,100001.0,2.2547914317925595,12526.744331704873,0.0,0.0,3.030304247222274
331,PE-3N,1318.602,1320.616,SIERRA,2.0139999999998963,0.0,0.0,0.0,0.0,1,3,1.0,0.0,0.49652432969218047,0.0,0.0,0.0,102.84371227426465
332,PE-3N,1329.037,1334.205,SIERRA,5.167999999999893,0.0,0.0,0.0,0.0,3,6,3.0,0.0,0.5804953560371637,0.0,0.0,0.0,95.98265877848084
333,PE-34A,82.427,94.508,SIERRA,12.080999999999989,9.0,19.0,11.0,0.0,45,57,65.0,19.0,5.380349308832055,1.5727174902739853,0.0,0.0,19.325197871626635
334,PE-1N,234.313,238.496,COSTA,4.183000000000021,0.0,0.0,11.0,1000.0,16,58,27.0,1000.0,6.454697585464944,239.0628735357387,0.0,0.0,17.912928672476557
335,PE-3N,1209.334,1212.999,SIERRA,3.6649999999999636,0.0,0.0,0.0,0.0,2,5,2.0,0.0,0.5457025920873179,0.0,0.0,0.0,107.08360819351256
336,PE-3N,118.687,121.687,SIERRA,3.0,2.0,2.0,8.0,10001.0,2,4,12.0,10003.0,4.0,3334.3333333333335,0.0,0.0,62.88127615292228
337,PE-1S,966.67,971.637,SIERRA,4.9669999999999845,3.0,3.0,4.0,10.0,15,30,22.0,13.0,4.429232937386766,2.6172740084558166,0.0,0.0,19.37228490660298
338,PE-36B,0.071,11.387,SIERRA,11.316,0.0,0.0,1.0,1.0,7,9,8.0,1.0,0.7069635913750442,0.08837044892188052,0.0,0.0,31.82248857345387
339,PE-1S,1304.516,1309.509,COSTA,4.992999999999938,1.0,1.0,2.0,0.0,15,30,18.0,1.0,3.6050470658922937,0.2002803925495719,0.0,0.0,39.79429630451936
340,PE-1S,634.96,641.079,COSTA,6.1189999999999145,0.0,0.0,1.0,0.0,18,36,19.0,0.0,3.1050825298251783,0.0,0.0,0.0,57.47748875562393
341,PE-1S,1045.797,1058.626,SIERRA,12.82899999999995,2.0,2.0,0.0,0.0,38,76,40.0,2.0,3.117935926416724,0.1558967963208362,0.0,0.0,1.5753084067586367
342,PE-1S,625.007,632.844,COSTA,7.837000000000103,0.0,0.0,4.0,0.0,23,47,27.0,0.0,3.4451958657649158,0.0,0.0,0.0,49.4039031427828
343,PE-1S,546.794,562.182,COSTA,15.388000000000034,2.0,2.0,1.0,1.0,46,92,49.0,3.0,3.1842994541200866,0.19495710943592368,0.0,0.0,10.698557692884297
344,PE-1S,926.273,931.232,SIERRA,4.958999999999946,5.0,6.0,3.0,0.0,15,30,23.0,6.0,4.638031861262402,1.2099213551119308,0.0,0.0,42.54442226417143
345,PE-1S,641.079,651.547,COSTA,10.468000000000075,0.0,0.0,1.0,0.0,31,62,32.0,0.0,3.0569354222391834,0.0,0.0,0.0,54.46423040269979
346,PE-1S,672.68,677.817,COSTA,5.137000000000057,0.0,0.0,0.0,0.0,15,31,15.0,0.0,2.9199922133540652,0.0,0.0,0.0,27.585018079878687
347,PE-1S,515.315,526.903,COSTA,11.587999999999965,2.0,5.0,3.0,0.0,34,69,39.0,5.0,3.365550569554722,0.43148084225060535,0.0,0.0,33.09518458744756
348,PE-1S,601.672,605.303,COSTA,3.630999999999972,1.0,1.0,15.0,10000100.0,11,22,27.0,10000101.0,7.435968052878053,2754090.0578353284,0.0,0.0,29.498720296058703
349,PE-1S,575.04,577.608,COSTA,2.5679999999999836,0.0,0.0,1.0,0.0,8,15,9.0,0.0,3.504672897196284,0.0,0.0,0.0,9.374623079276116
350,PE-1S,578.134,580.782,COSTA,2.6480000000000246,0.0,0.0,1.0,0.0,8,16,9.0,0.0,3.398791540785467,0.0,0.0,0.0,11.917710857205092
351,PE-1S,620.138,622.479,COSTA,2.341000000000008,0.0,0.0,2.0,0.0,7,14,9.0,0.0,3.8445108927808493,0.0,0.0,0.0,43.08382387187669
352,PE-1S,156.289,174.659,COSTA,18.370000000000005,0.0,0.0,5.0,21020.0,54,109,59.0,21020.0,3.21175830157866,1144.256940664126,0.0,0.0,16.770537130141072
353,PE-1S,993.158,999.129,SIERRA,5.971000000000004,0.0,0.0,3.0,110.0,18,36,21.0,110.0,3.5169988276670554,18.422374811589336,0.0,0.0,32.83768652793994
354,PE-1S,697.222,700.805,COSTA,3.58299999999997,0.0,0.0,3.0,0.0,11,21,14.0,0.0,3.907340217694702,0.0,0.0,0.0,6.072142037133627
355,PE-1S,677.817,691.276,COSTA,13.458999999999946,0.0,0.0,4.0,0.0,40,80,44.0,0.0,3.269187904004768,0.0,0.0,0.0,18.626421900099228
356,PE-1S,567.194,575.04,COSTA,7.846000000000004,0.0,0.0,1.0,16.0,23,47,24.0,16.0,3.058883507519754,2.039255671679836,0.0,0.0,4.724513588960733
357,PE-1S,1156.814,1176.78,SIERRA,19.965999999999894,0.0,0.0,4.0,0.0,59,119,63.0,0.0,3.1553641190023205,0.0,0.0,0.0,25.98819308451933
358,PE-1S,491.505,496.305,COSTA,4.800000000000011,0.0,0.0,4.0,0.0,14,29,18.0,0.0,3.749999999999991,0.0,0.0,0.0,22.402463338360025
359,PE-1S,498.583,510.172,COSTA,11.588999999999999,2.0,3.0,5.0,0.0,34,69,41.0,3.0,3.537837604625076,0.25886616619207875,0.0,0.0,24.34507785684629
360,PE-1S,632.844,634.96,COSTA,2.1159999999999854,2.0,2.0,12.0,0.0,6,13,20.0,2.0,9.451795841209895,0.9451795841209895,0.0,0.0,53.389878973588864
361,PE-1S,483.194,491.505,COSTA,8.310999999999979,3.0,4.0,1.0,0.0,25,49,29.0,4.0,3.489351461917949,0.48128985681626885,0.0,0.0,23.480002866420623
362,PE-1S,1027.166,1038.873,COSTA,11.707000000000107,2.0,2.0,6.0,0.0,35,70,43.0,2.0,3.673016144187205,0.1708379601947537,0.0,0.0,14.583444137583893
363,PE-1S,981.845,993.158,SIERRA,11.312999999999988,14.0,15.0,9.0,200100000.0,34,67,57.0,200100015.0,5.0384513391673345,17687617.34287989,0.0,0.0,35.90702141695504
364,PE-1S,1321.719,1326.67,COSTA,4.951000000000022,3.0,5.0,3.0,0.0,15,29,21.0,5.0,4.241567360129248,1.009896990506964,0.0,0.0,51.10844444061063
365,PE-1S,131.0,150.23,COSTA,19.22999999999999,1.0,2.0,13.0,10000000010.0,57,114,71.0,10000000012.0,3.6921476859074382,520020801.4560585,0.0,0.0,14.888224577876311
366,PE-1S,999.129,1024.489,SIERRA,25.360000000000014,7.0,13.0,0.0,0.0,75,151,82.0,13.0,3.2334384858044145,0.5126182965299682,0.0,0.0,29.573089641594148
367,PE-1S,1109.58,1137.822,SIERRA,28.241999999999962,0.0,0.0,0.0,0.0,84,168,84.0,0.0,2.9742936052687527,0.0,0.0,0.0,10.810523892937942
368,PE-1S,510.172,515.315,COSTA,5.143000000000029,0.0,0.0,1.0,0.0,15,31,16.0,0.0,3.111024693758489,0.0,0.0,0.0,27.79603556086544
369,PE-1S,651.547,672.68,COSTA,21.132999999999925,1.0,1.0,2.0,0.0,63,126,66.0,1.0,3.123077651067063,0.04731935834950095,0.0,0.0,40.12425134645692
370,PE-1S,1058.626,1075.735,SIERRA,17.108999999999924,0.0,0.0,1.0,0.0,51,102,52.0,0.0,3.039336021976751,0.0,0.0,0.0,11.25109612870076
371,PE-1S,1291.614,1296.599,SIERRA,4.9849999999999,1.0,1.0,0.0,0.0,15,30,16.0,1.0,3.2096288866600444,0.20060180541625278,0.0,0.0,36.12976319154391
372,PE-1S,580.782,584.906,COSTA,4.12399999999991,0.0,0.0,3.0,200.0,12,25,15.0,200.0,3.6372453928225816,48.49660523763443,0.0,0.0,14.58220322262031
373,PE-1S,616.348,620.138,COSTA,3.7900000000000773,1.0,2.0,3.0,10.0,11,23,15.0,12.0,3.9577836411608693,3.1662269129286953,0.0,0.0,40.66241952984027
374,PE-1S,1248.758,1262.43,COSTA,13.672000000000025,2.0,2.0,0.0,0.0,41,81,43.0,2.0,3.1451141018139204,0.14628437682855444,0.0,0.0,3.034005722747468
375,PE-1S,584.906,601.672,COSTA,16.766000000000076,2.0,2.0,2.0,0.0,50,100,54.0,2.0,3.22080400811164,0.11928903733746814,0.0,0.0,22.373885529121
376,PE-1S,1221.95,1229.613,SIERRA,7.663000000000011,0.0,0.0,2.0,0.0,23,46,25.0,0.0,3.2624298577580535,0.0,0.0,0.0,26.39026144089172
377,PE-1S,1043.08,1045.797,COSTA,2.7170000000000982,0.0,0.0,2.0,0.0,8,16,10.0,0.0,3.6805299963193367,0.0,0.0,0.0,7.099316815849996
378,PE-1S,1311.716,1315.209,COSTA,3.4930000000001655,1.0,1.0,0.0,0.0,10,21,11.0,1.0,3.1491554537645228,0.2862868594331385,0.0,0.0,44.93487445169514
379,PE-1S,533.844,545.56,COSTA,11.715999999999894,0.0,0.0,1.0,0.0,35,70,36.0,0.0,3.072721065209997,0.0,0.0,0.0,25.019294151707804
380,PE-1S,691.276,696.443,COSTA,5.16700000000003,0.0,0.0,0.0,0.0,15,31,15.0,0.0,2.903038513644264,0.0,0.0,0.0,10.423174838309423
381,PE-1S,1213.209,1221.95,COSTA,8.740999999999985,0.0,0.0,1.0,0.0,26,52,27.0,0.0,3.088891431186368,0.0,0.0,0.0,32.68535319877296
382,PE-1S,526.903,533.844,COSTA,6.941000000000031,0.0,0.0,0.0,0.0,21,41,21.0,0.0,3.025500648321554,0.0,0.0,0.0,34.021959983222686
383,PE-1S,1316.798,1321.719,COSTA,4.921000000000049,2.0,4.0,0.0,0.0,15,29,17.0,4.0,3.4545824019507885,0.8128429181060679,0.0,0.0,48.66005375188922
384,PE-1S,1137.822,1138.745,SIERRA,0.9230000000000018,0.0,0.0,1.0,0.0,3,5,4.0,0.0,4.333694474539536,0.0,0.0,0.0,0.0769478669676253
385,PE-1S,562.182,565.401,COSTA,3.2189999999999372,2.0,2.0,0.0,0.0,10,19,12.0,2.0,3.7278657968313866,0.6213109661385645,0.0,0.0,1.5987271400924847
386,PE-1N,254.249,259.267,COSTA,5.018000000000001,1.0,1.0,5.0,0.0,19,69,25.0,1.0,4.982064567556795,0.19928258270227178,0.0,0.0,34.59736121476448
387,PE-3N,1581.324,1581.336,SELVA,0.011999999999943611,0.0,0.0,0.0,0.0,0,0,0.0,0.0,0.0,0.0,0.0,0.0,15.879999883582292
388,PE-1S,174.659,184.559,COSTA,9.900000000000006,16.0,23.0,3.0,0.0,29,59,48.0,23.0,4.848484848484846,2.3232323232323218,0.0,0.0,3.128945862542712
389,PE-34E,47.619,52.754,SIERRA,5.134999999999998,0.0,0.0,0.0,0.0,0,0,0.0,0.0,0.0,0.0,0.0,0.0,43.91545785913239
390,PE-1NI,15.527,41.534,COSTA,26.006999999999998,5.0,5.0,0.0,0.0,0,0,5.0,5.0,0.19225593109547431,0.19225593109547431,0.0,0.0,17.93635909274095
391,PE-3N,1123.327,1126.565,SIERRA,3.2380000000000564,0.0,0.0,0.0,0.0,2,4,2.0,0.0,0.6176652254477966,0.0,0.0,0.0,99.38227196000491
392,PE-18,43.148,48.37,SIERRA,5.221999999999994,2.0,2.0,0.0,0.0,0,0,2.0,2.0,0.3829950210647266,0.3829950210647266,0.0,0.0,33.34554216098724
393,PE-3N,749.351,753.144,SIERRA,3.7930000000000064,0.0,0.0,0.0,0.0,3,5,3.0,0.0,0.790930661745319,0.0,0.0,0.0,54.10805020488683
394,PE-1N,995.801,1000.601,COSTA,4.7999999999999545,12.0,14.0,1.0,0.0,18,66,31.0,14.0,6.458333333333394,2.9166666666666945,0.0,0.0,13.704584443173822
395,PE-36B,33.545,35.886,SIERRA,2.341000000000001,0.0,0.0,0.0,0.0,2,2,2.0,0.0,0.8543357539513025,0.0,0.0,0.0,44.150560199131846
396,PE-1N,694.402,699.115,COSTA,4.712999999999965,7.0,8.0,5.0,10.0,17,65,29.0,18.0,6.153193295141144,3.8192234245703656,0.0,0.0,4.305005925795731
397,PE-34A,68.584,82.427,SIERRA,13.843000000000004,7.0,10.0,9.0,10001100.0,51,65,67.0,10001110.0,4.839991331358808,722466.950805461,0.0,0.0,26.642776936041933
398,PE-3N,687.505,692.556,SIERRA,5.051000000000045,0.0,0.0,0.0,0.0,3,6,3.0,0.0,0.5939417937042117,0.0,0.0,0.0,75.52877820922785
399,PE-18,194.755,205.074,SIERRA,10.319000000000017,0.0,0.0,0.0,0.0,0,0,0.0,0.0,0.0,0.0,0.0,0.0,62.45730942514352
400,PE-02A,75.904,77.72,SIERRA,1.8160000000000025,0.0,0.0,0.0,0.0,0,0,0.0,0.0,0.0,0.0,0.0,0.0,9.420794076621233
401,PE-1N,214.273,218.244,COSTA,3.9710000000000036,2.0,3.0,7.0,20000.0,15,55,24.0,20003.0,6.043817678166703,5037.270209015357,0.0,0.0,1.6010366182500089
402,PE-18,268.702,272.814,SIERRA,4.112000000000023,0.0,0.0,0.0,0.0,0,0,0.0,0.0,0.0,0.0,0.0,0.0,12.88734686494326
403,PE-3N,1348.821,1350.722,SIERRA,1.9010000000000673,0.0,0.0,0.0,0.0,1,2,1.0,0.0,0.5260389268805705,0.0,0.0,0.0,89.39545434221664
404,PE-28D,0.0,7.652,SIERRA,7.652,0.0,0.0,0.0,0.0,0,0,0.0,0.0,0.0,0.0,0.0,0.0,9.025573061711896
405,PE-1N,342.991,348.147,COSTA,5.156000000000006,0.0,0.0,14.0,0.0,19,71,33.0,0.0,6.400310318076021,0.0,0.0,0.0,25.91644124795837
406,PE-36B,0.0,0.071,SIERRA,0.071,0.0,0.0,2.0,0.0,0,0,2.0,0.0,28.169014084507044,0.0,0.0,0.0,28.227857714141592
407,PE-1SC,23.238,30.427,SIERRA,7.189,1.0,2.0,0.0,0.0,0,0,1.0,2.0,0.13910140492418974,0.2782028098483795,0.0,0.0,26.830195030049826
408,PE-1N,795.961,815.315,COSTA,19.354000000000042,16.0,17.0,8.0,10000.0,72,268,96.0,10017.0,4.960214942647504,517.5674279218755,0.0,0.0,8.729762480222954
409,PE-1N,878.594,883.648,COSTA,5.053999999999974,1.0,1.0,1.0,0.0,19,70,21.0,1.0,4.155124653739634,0.19786307874950637,0.0,0.0,62.489852733975006
410,PE-1N,381.103,391.136,COSTA,10.033000000000015,9.0,13.0,7.0,100000.0,37,139,53.0,100013.0,5.282567527160363,9968.40426592244,0.0,0.0,13.143259614005656
411,PE-34A,119.075,119.093,SIERRA,0.018000000000000682,0.0,0.0,4.0,0.0,0,0,4.0,0.0,222.2222222222138,0.0,0.0,0.0,5.479210075184561
412,PE-3N,1305.282,1308.661,SIERRA,3.379000000000133,0.0,0.0,0.0,0.0,2,4,2.0,0.0,0.5918910920390416,0.0,0.0,0.0,100.4479642637976
413,PE-1N,391.136,401.181,COSTA,10.044999999999959,2.0,2.0,19.0,0.0,37,139,58.0,2.0,5.774016923842732,0.1991040318566459,0.0,0.0,3.4147499381023274
414,PE-18,54.044,73.431,SIERRA,19.387,3.0,3.0,2.0,0.0,0,0,5.0,3.0,0.25790478155465,0.15474286893279002,0.0,0.0,37.3654083968956
415,PE-34I,20.141,25.532,SIERRA,5.391000000000002,0.0,0.0,0.0,0.0,0,0,0.0,0.0,0.0,0.0,0.0,0.0,91.4470436591831
416,PE-1N,815.315,823.423,COSTA,8.107999999999947,6.0,6.0,4.0,2.0,30,112,40.0,8.0,4.933399111988192,0.9866798223976384,0.0,0.0,1.6902761508170987
417,PE-1SC,21.741,23.238,SIERRA,1.4969999999999999,0.0,0.0,0.0,0.0,0,0,0.0,0.0,0.0,0.0,0.0,0.0,25.115838724846192
418,PE-1S,565.401,567.194,COSTA,1.7930000000000064,0.0,0.0,2.0,1.0,5,11,7.0,1.0,3.9040713887339518,0.5577244841048502,0.0,0.0,0.8113668897412459
419,PE-36B,113.416,126.597,SIERRA,13.180999999999997,7.0,7.0,1.0,0.0,9,11,17.0,7.0,1.289735224944997,0.5310674455655869,0.0,0.0,43.21925991796312
420,PE-1N,933.866,938.877,COSTA,5.010999999999967,0.0,0.0,0.0,0.0,19,69,19.0,0.0,3.7916583516264466,0.0,0.0,0.0,44.93904168881571
421,PE-3N,1491.373,1491.464,SIERRA,0.0909999999998945,0.0,0.0,0.0,0.0,0,0,0.0,0.0,0.0,0.0,0.0,0.0,69.34788921628697
422,PE-1N,898.917,909.414,COSTA,10.496999999999957,1.0,3.0,4.0,0.0,39,145,44.0,3.0,4.191673811565226,0.28579594169762906,0.0,0.0,77.27768354784165
423,PE-34A,205.945,210.702,SIERRA,4.757000000000005,4.0,6.0,12.0,10110100000.0,18,22,34.0,10110100006.0,7.147361782636108,2125310070.6327496,0.0,0.0,21.1837396874512
424,PE-1N,324.457,326.85,COSTA,2.393000000000029,0.0,0.0,3.0,0.0,9,33,12.0,0.0,5.014625992478,0.0,0.0,0.0,12.58883233481898
425,PE-1N,909.414,913.805,COSTA,4.390999999999963,0.0,0.0,0.0,0.0,16,61,16.0,0.0,3.6438168982008965,0.0,0.0,0.0,69.79326041070708
426,PE-1N,735.458,744.046,COSTA,8.58800000000008,5.0,5.0,1.0,0.0,32,119,38.0,5.0,4.424778761061906,0.5822077317186719,0.0,0.0,9.107866551354396
427,PE-3N,1460.018,1460.208,SIERRA,0.19000000000005457,0.0,0.0,0.0,0.0,0,0,0.0,0.0,0.0,0.0,0.0,0.0,70.04699054215195
428,PE-12A,7.569,25.633,SIERRA,18.064,1.0,5.0,0.0,0.0,0,0,1.0,5.0,0.05535872453498671,0.27679362267493357,0.0,0.0,81.23151289923626
429,PE-1N,326.85,338.014,COSTA,11.163999999999987,1.0,3.0,7.0,1000030.0,41,155,49.0,1000033.0,4.389107846649951,89576.58545324267,0.0,0.0,16.097521243296303
430,PE-20C,30.888,34.151,COSTA,3.2630000000000017,0.0,0.0,2.0,0.0,0,0,2.0,0.0,0.6129328838492182,0.0,0.0,0.0,6.4013440945890325
431,PE-1N,249.412,254.249,COSTA,4.836999999999989,0.0,0.0,8.0,100.0,18,67,26.0,100.0,5.3752325821790485,20.67397146991942,0.0,0.0,30.15604273184495
432,PE-1N,371.126,381.103,COSTA,9.977000000000032,10.0,13.0,6.0,0.0,37,138,53.0,13.0,5.31221810163374,1.302996892853559,0.0,0.0,21.89038053482101
433,PE-1N,868.554,878.594,COSTA,10.040000000000077,0.0,0.0,2.0,0.0,37,139,39.0,0.0,3.884462151394392,0.0,0.0,0.0,54.93968346804111
434,PE-1N,219.079,225.293,COSTA,6.213999999999999,1.0,1.0,3.0,100.0,23,86,27.0,101.0,4.34502735757966,16.25362085613132,0.0,0.0,4.128654227948877
435,PE-3N,1629.678,1635.408,SELVA,5.729999999999791,1.0,1.0,0.0,0.0,4,7,5.0,1.0,0.8726003490401715,0.1745200698080343,0.0,0.0,24.262450212509265
436,PE-3N,86.987,110.255,SIERRA,23.268,6.0,6.0,6.0,0.0,16,29,28.0,6.0,1.2033694344163657,0.25786487880350695,0.0,0.0,71.96584545427926
437,PE-02A,126.928,132.096,SIERRA,5.168000000000006,0.0,0.0,0.0,0.0,1,1,1.0,0.0,0.19349845201238366,0.0,0.0,0.0,26.244747437916224
438,PE-3N,1549.408,1549.6,SELVA,0.19200000000000728,0.0,0.0,0.0,0.0,0,0,0.0,0.0,0.0,0.0,0.0,0.0,41.853157283956186
439,PE-34A,154.118,165.867,SIERRA,11.748999999999995,9.0,11.0,8.0,0.0,43,55,60.0,11.0,5.106817601498002,0.9362498936079671,0.0,0.0,36.70362054412861
440,PE-1SC,33.427,37.017,SIERRA,3.5900000000000034,0.0,0.0,0.0,0.0,0,0,0.0,0.0,0.0,0.0,0.0,0.0,27.8550309129992
441,PE-34A,14.663,24.305,SIERRA,9.642,6.0,8.0,3.0,0.0,36,45,45.0,8.0,4.667081518357188,0.8297033810412778,0.0,0.0,2.7090858882377167
442,PE-10,0.058,5.962,COSTA,5.904,5.0,6.0,4.0,0.0,1,1,10.0,6.0,1.6937669376693767,1.016260162601626,0.0,0.0,24.24335552119625
443,PE-26,63.794,66.258,SIERRA,2.4639999999999986,0.0,0.0,0.0,0.0,0,0,0.0,0.0,0.0,0.0,0.0,0.0,32.948831111774744
444,PE-36A,37.06,41.876,SIERRA,4.815999999999995,0.0,0.0,3.0,30.0,4,2,7.0,30.0,1.4534883720930247,6.229235880398677,0.0,0.0,15.162922650055364
445,PE-3N,1359.942,1365.122,SIERRA,5.180000000000064,0.0,0.0,0.0,0.0,4,6,4.0,0.0,0.7722007722007627,0.0,0.0,0.0,94.83954317273022
446,PE-3N,1308.872,1314.848,SIERRA,5.975999999999885,1.0,1.0,0.0,0.0,4,7,5.0,1.0,0.8366800535475395,0.1673360107095079,0.0,0.0,102.41590759956308
447,PE-5NB,40.052,48.737,SELVA,8.685000000000002,0.0,0.0,0.0,0.0,0,0,0.0,0.0,0.0,0.0,0.0,0.0,8.747932134104861
448,PE-18,205.074,208.643,SIERRA,3.5689999999999884,0.0,0.0,0.0,0.0,0,0,0.0,0.0,0.0,0.0,0.0,0.0,60.994416051687615
449,PE-36A,72.259,82.951,SIERRA,10.691999999999993,0.0,0.0,3.0,0.0,8,5,11.0,0.0,1.0288065843621406,0.0,0.0,0.0,5.887852805679956
450,PE-1SC,0.0,5.269,COSTA,5.269,5.0,8.0,0.0,0.0,0,0,5.0,8.0,0.9489466691971911,1.5183146707155057,0.0,0.0,26.1115911213246
451,PE-34A,119.093,124.061,SIERRA,4.9680000000000035,8.0,18.0,10.0,10000010.0,18,23,36.0,10000028.0,7.246376811594198,2012888.0837359084,0.0,0.0,7.388005312097198
452,PE-1N,823.423,838.462,COSTA,15.038999999999987,5.0,7.0,7.0,1.0,56,208,68.0,8.0,4.521577232528762,0.5319502626504427,0.0,0.0,13.221836591261347
453,PE-26,49.219,53.82,SIERRA,4.600999999999999,1.0,1.0,0.0,0.0,0,0,1.0,1.0,0.21734405564007828,0.21734405564007828,0.0,0.0,33.15167591610945
454,PE-3N,1126.565,1133.115,SIERRA,6.5499999999999545,0.0,0.0,0.0,0.0,4,8,4.0,0.0,0.6106870229007676,0.0,0.0,0.0,98.2270975513248
455,PE-04C,6.8412,21.448,SELVA,14.6068,4.0,5.0,0.0,0.0,9,24,13.0,5.0,0.8899964400142399,0.3423063230824,0.0,0.0,30.80540022620988
456,PE-04C,24.122,33.52,SELVA,9.398000000000003,3.0,3.0,0.0,0.0,6,16,9.0,3.0,0.9576505639497762,0.3192168546499254,0.0,0.0,18.91848652785264
457,PE-34A,177.784,188.03,SIERRA,10.24600000000001,5.0,8.0,11.0,1002.0,38,48,54.0,1010.0,5.27034940464571,98.57505367948458,0.0,0.0,38.72489449566043
458,PE-3SF,364.115,378.618,SIERRA,14.502999999999986,2.0,2.0,0.0,0.0,0,0,2.0,2.0,0.13790250293042833,0.13790250293042833,0.0,0.0,83.86525624994495
459,PE-34A,277.096,298.424,SIERRA,21.327999999999975,15.0,19.0,5.0,10000.0,79,100,99.0,10019.0,4.641785446361596,469.7580645161296,0.0,0.0,44.02410337238598
460,PE-32A,45.504,65.808,SIERRA,20.30400000000001,0.0,0.0,0.0,0.0,0,0,0.0,0.0,0.0,0.0,0.0,0.0,43.650722186327975
461,PE-1N,239.327,244.734,COSTA,5.407000000000011,0.0,0.0,6.0,0.0,20,75,26.0,0.0,4.808581468466793,0.0,0.0,0.0,21.994482087634847
462,PE-1N,363.205,368.03,COSTA,4.824999999999989,1.0,2.0,2.0,0.0,18,67,21.0,2.0,4.352331606217627,0.41450777202072636,0.0,0.0,29.84996460048671
463,PE-3N,1157.643,1159.779,SIERRA,2.1359999999999673,1.0,1.0,0.0,0.0,1,3,2.0,1.0,0.9363295880149957,0.46816479400749783,0.0,0.0,95.7634014236462
464,PE-1N,656.459,674.149,COSTA,17.690000000000055,13.0,25.0,1.0,0.0,66,245,80.0,25.0,4.522328999434695,1.4132278123233422,0.0,0.0,16.305830695620745
465,PE-20C,23.439,30.888,COSTA,7.449000000000002,0.0,0.0,0.0,0.0,0,0,0.0,0.0,0.0,0.0,0.0,0.0,11.75022825317302
466,PE-1N,401.181,412.877,COSTA,11.696000000000026,6.0,7.0,12.0,0.0,43,162,61.0,7.0,5.215458276333778,0.5984952120383024,0.0,0.0,6.947297942432143
467,PE-1S,606.35,616.348,COSTA,9.997999999999934,3.0,4.0,2.0,0.0,30,59,35.0,4.0,3.500700140028029,0.4000800160032033,0.0,0.0,35.41528449910055
468,PE-1S,1038.873,1043.08,COSTA,4.20699999999988,1.0,1.0,9.0,0.0,12,25,22.0,1.0,5.229379605419688,0.2376990729736222,0.0,0.0,9.24538986393049
469,PE-1N,938.877,943.899,COSTA,5.022000000000048,0.0,0.0,2.0,0.0,19,70,21.0,0.0,4.1816009557944644,0.0,0.0,0.0,39.91955646803997
470,PE-3SF,399.349,403.988,SIERRA,4.63900000000001,0.0,0.0,0.0,0.0,0,0,0.0,0.0,0.0,0.0,0.0,0.0,93.98318911559326
471,PE-1SF,8.428,15.402,COSTA,6.973999999999998,1.0,1.0,0.0,0.0,0,0,1.0,1.0,0.1433897332950961,0.1433897332950961,0.0,0.0,39.0319505895149
472,PE-1N,598.402,604.125,COSTA,5.722999999999956,8.0,9.0,6.0,0.0,21,79,35.0,9.0,6.1156735977634575,1.572601782282032,0.0,0.0,1.833988474122851
473,PE-1N,560.019,576.546,COSTA,16.527000000000044,31.0,38.0,0.0,0.0,61,229,92.0,38.0,5.566648514551931,2.2992678647062323,0.0,0.0,25.27823713214328
474,PE-1N,48.755,63.824,COSTA,15.068999999999996,6.0,6.0,4.0,0.0,56,209,66.0,6.0,4.379852677682661,0.3981684252438783,0.0,0.0,5.034817403222443
475,PE-1N,298.118,307.975,COSTA,9.857000000000028,2.0,4.0,1.0,0.0,37,136,40.0,4.0,4.058029826519213,0.40580298265192133,0.0,0.0,8.04512350547093
476,PE-34I,10.077,20.141,SIERRA,10.063999999999998,0.0,0.0,0.0,0.0,0,0,0.0,0.0,0.0,0.0,0.0,0.0,95.21790565711548
477,PE-34A,94.508,109.672,SIERRA,15.164000000000001,5.0,9.0,2.0,2.0,56,71,63.0,11.0,4.1545766288578205,0.7254022685307306,0.0,0.0,8.806384067994474
478,PE-3N,613.091,638.273,SIERRA,25.182000000000016,16.0,16.0,1.0,0.0,17,31,34.0,16.0,1.3501707568898411,0.6353744738305135,0.0,0.0,78.46740187601729
479,PE-3N,502.839,522.79,SIERRA,19.950999999999965,0.0,0.0,0.0,0.0,13,25,13.0,0.0,0.6515964112074594,0.0,0.0,0.0,20.99722168017316
480,PE-34A,63.579,67.67,SIERRA,4.091000000000001,3.0,6.0,4.0,0.0,15,19,22.0,6.0,5.377658274260571,1.4666340747983375,0.0,0.0,22.235138283729366
481,PE-3SF,324.116,329.457,SIERRA,5.341000000000008,0.0,0.0,0.0,0.0,0,0,0.0,0.0,0.0,0.0,0.0,0.0,76.23672310554375
482,PE-1N,928.851,933.866,COSTA,5.014999999999986,0.0,0.0,0.0,0.0,19,69,19.0,0.0,3.7886340977068897,0.0,0.0,0.0,49.96206582626772
483,PE-3N,712.533,749.351,SIERRA,36.817999999999984,0.0,0.0,0.0,0.0,25,46,25.0,0.0,0.6790156988429575,0.0,0.0,0.0,62.78680645350581
484,PE-3N,526.027,541.943,SIERRA,15.91599999999994,4.0,4.0,0.0,0.0,11,20,15.0,4.0,0.9424478512189027,0.2513194269917074,0.0,0.0,4.7004872287732775
485,PE-18,75.213,79.878,SIERRA,4.665000000000006,0.0,0.0,0.0,0.0,0,0,0.0,0.0,0.0,0.0,0.0,0.0,44.99344953280489
486,PE-3N,1617.132,1629.678,SELVA,12.54600000000005,3.0,3.0,0.0,0.0,8,16,11.0,3.0,0.8767734736170857,0.2391200382592052,0.0,0.0,18.118951689058544
487,PE-1N,699.115,704.8,COSTA,5.684999999999945,10.0,10.0,7.0,1000110.0,21,79,38.0,1000120.0,6.684256816183002,175922.6033421301,0.0,0.0,6.967863596358885
488,PE-1N,913.805,918.815,COSTA,5.010000000000105,1.0,3.0,1.0,1.0,19,69,21.0,4.0,4.191616766466979,0.7984031936127578,0.0,0.0,65.02265579216069
489,PE-18,96.376,98.575,SIERRA,2.198999999999998,0.0,0.0,0.0,0.0,0,0,0.0,0.0,0.0,0.0,0.0,0.0,58.402000825515735
490,PE-18,48.37,54.044,SIERRA,5.6739999999999995,1.0,1.0,1.0,0.0,0,0,2.0,1.0,0.3524850193866761,0.17624250969333805,0.0,0.0,32.98167361203059
491,PE-34A,233.852,238.311,SIERRA,4.459000000000003,0.0,0.0,9.0,0.0,17,21,26.0,0.0,5.83090379008746,0.0,0.0,0.0,0.8457673469725033
492,PE-3N,1350.722,1359.942,SIERRA,9.220000000000027,1.0,3.0,0.0,0.0,6,11,7.0,3.0,0.759219088937091,0.3253796095444676,0.0,0.0,91.31516508302803
493,PE-24A,207.299,208.253,SELVA,0.9539999999999793,5.0,5.0,0.0,0.0,0,0,5.0,5.0,5.241090146750638,5.241090146750638,0.0,0.0,85.09800303264629
494,PE-3N,1560.577,1578.853,SELVA,18.276000000000067,7.0,8.0,0.0,0.0,12,23,19.0,8.0,1.0396147953600312,0.43773254541475,0.0,0.0,24.1062754484865
495,PE-3N,581.997,613.091,SIERRA,31.09400000000005,10.0,11.0,2.0,0.0,21,39,33.0,11.0,1.0612979996140717,0.35376599987135726,0.0,0.0,57.01341232902156
496,PE-34A,239.618,277.096,SIERRA,37.47800000000001,14.0,21.0,1.0,0.0,139,176,154.0,21.0,4.109077325364213,0.560328726186029,0.0,0.0,18.03294959361064
497,PE-1S,622.479,625.007,COSTA,2.5279999999999063,1.0,1.0,3.0,20.0,7,15,11.0,21.0,4.351265822784971,8.306962025316764,0.0,0.0,45.33089949933015
498,PE-1N,988.657,988.737,COSTA,0.07999999999992724,0.0,0.0,1.0,1.0,0,1,1.0,1.0,12.500000000011369,12.500000000011369,0.0,0.0,6.509416639942743
499,PE-26,78.585,81.05,SIERRA,2.4650000000000034,0.0,0.0,0.0,0.0,0,0,0.0,0.0,0.0,0.0,0.0,0.0,42.55167556812312
500,PE-26,66.258,71.827,SIERRA,5.569000000000003,0.0,0.0,0.0,0.0,0,0,0.0,0.0,0.0,0.0,0.0,0.0,35.13290041940886
501,PE-34E,140.01,160.785,SIERRA,20.775000000000006,0.0,0.0,0.0,0.0,0,0,0.0,0.0,0.0,0.0,0.0,0.0,71.88941062365917
502,PE-1SC,30.427,33.427,SIERRA,3.0,0.0,0.0,0.0,0.0,0,0,0.0,0.0,0.0,0.0,0.0,0.0,29.8667165816034
503,PE-1N,770.298,782.244,COSTA,11.946000000000026,19.0,21.0,1.0,0.0,44,165,64.0,21.0,5.357441821530207,1.7579105976895992,0.0,0.0,17.185650920766616
504,PE-1N,782.244,795.961,COSTA,13.716999999999985,27.0,28.0,0.0,0.0,51,190,78.0,28.0,5.686374571699358,2.041262666763872,0.0,0.0,7.1031413580100695
505,PE-1N,207.614,214.273,COSTA,6.658999999999992,5.0,6.0,9.0,1100.0,25,92,39.0,1106.0,5.856735245532369,166.09100465535386,0.0,0.0,6.469870579108241
506,PE-1N,244.734,249.412,COSTA,4.677999999999997,2.0,3.0,14.0,2000000000100.0,17,65,33.0,2000000000103.0,7.054296707994873,427533133839.8891,0.0,0.0,25.7966972182753
507,PE-1N,888.632,898.917,COSTA,10.285000000000082,2.0,3.0,6.0,0.0,38,142,46.0,3.0,4.472532814778768,0.29168692270296315,0.0,0.0,74.08249846867598
508,PE-1S,1082.964,1101.566,SIERRA,18.60200000000009,1.0,1.0,1.0,0.0,55,111,57.0,1.0,3.0641866465971255,0.05375766046661624,0.0,0.0,35.202926077554416
509,PE-34A,35.922,38.781,SIERRA,2.8590000000000018,8.0,10.0,2.0,0.0,11,13,21.0,10.0,7.345225603357813,3.497726477789435,0.0,0.0,10.485382252484756
510,PE-1N,424.275,440.527,COSTA,16.25200000000001,16.0,21.0,2.0,0.0,60,225,78.0,21.0,4.799409303470339,1.2921486586266298,0.0,0.0,10.54833856145634
511,PE-1N,443.894,446.008,COSTA,2.113999999999976,1.0,1.0,4.0,10.0,8,29,13.0,11.0,6.149479659413505,5.20340586565758,0.0,0.0,14.026301209186029
512,PE-3N,1603.933,1617.132,SELVA,13.19900000000007,1.0,3.0,0.0,0.0,9,16,10.0,3.0,0.7576331540268162,0.22728994620804488,0.0,0.0,8.831960133766843
513,PE-34A,0.0,4.072,SIERRA,4.072,3.0,3.0,9.0,100000000.0,15,19,27.0,100000003.0,6.630648330058939,24557957.514734775,0.0,0.0,14.91966823199462
514,PE-34A,24.305,28.076,SIERRA,3.771000000000001,2.0,2.0,6.0,1.0,14,18,22.0,3.0,5.833996287456907,0.7955449482895782,0.0,0.0,0.9344580010104516
515,PE-24,205.334,226.133,SIERRA,20.799000000000007,0.0,0.0,0.0,0.0,0,0,0.0,0.0,0.0,0.0,0.0,0.0,45.541941944250944
516,PE-24,256.196,265.005,SIERRA,8.808999999999969,0.0,0.0,0.0,0.0,0,0,0.0,0.0,0.0,0.0,0.0,0.0,31.550389942830314
517,PE-34A,128.84,138.538,SIERRA,9.698000000000008,9.0,14.0,13.0,0.0,36,45,58.0,14.0,5.980614559703027,1.4435966178593513,0.0,0.0,16.630259374121163
518,PE-3N,1059.365,1062.479,SIERRA,3.1140000000000327,1.0,1.0,0.0,0.0,2,4,3.0,1.0,0.9633911368015313,0.3211303789338438,0.0,0.0,66.59704374158372
519,PE-1N,611.255,624.329,COSTA,13.073999999999955,10.0,12.0,6.0,0.0,49,181,65.0,12.0,4.9716995563714415,0.9178522257916507,0.0,0.0,17.783665031770962
520,PE-3N,1165.363,1187.219,SIERRA,21.855999999999995,11.0,12.0,0.0,0.0,15,27,26.0,12.0,1.189604685212299,0.5490483162518303,0.0,0.0,97.41212300839337
521,PE-3N,1489.334,1489.411,SIERRA,0.07699999999999818,0.0,0.0,0.0,0.0,0,0,0.0,0.0,0.0,0.0,0.0,0.0,69.96470308506726
522,PE-1N,704.8,708.764,COSTA,3.9640000000000555,7.0,7.0,6.0,0.0,15,55,28.0,7.0,7.063572149343998,1.7658930373359996,0.0,0.0,10.02429345303493
523,PE-1N,38.847,42.758,COSTA,3.9110000000000014,8.0,10.0,7.0,100000.0,15,54,30.0,100010.0,7.670672462285857,25571.465098440287,0.0,0.0,5.75320688390649
524,PE-1N,368.03,371.126,COSTA,3.0960000000000036,1.0,1.0,9.0,10000100.0,11,43,21.0,10000101.0,6.7829457364341,3230006.7829457326,0.0,0.0,26.767223370222407
525,PE-1N,289.398,298.118,COSTA,8.71999999999997,3.0,3.0,6.0,10000.0,32,121,41.0,10003.0,4.701834862385337,1147.1330275229398,0.0,0.0,17.200244398152226
526,PE-34A,62.013,63.579,SIERRA,1.5660000000000025,2.0,2.0,3.0,10.0,6,7,11.0,12.0,7.024265644955289,7.662835249042133,0.0,0.0,20.506362687693613
527,PE-34A,196.7,205.945,SIERRA,9.245000000000005,0.0,0.0,6.0,0.0,34,43,40.0,0.0,4.326663061114114,0.0,0.0,0.0,24.442497052431182
528,PE-30C,454.533,589.995,SELVA,135.462,7.0,7.0,0.0,0.0,0,0,7.0,7.0,0.051675008489465685,0.051675008489465685,0.0,0.0,47.20305866430144
529,PE-3N,1199.376,1209.334,SIERRA,9.958000000000084,3.0,3.0,2.0,3.0,7,12,12.0,6.0,1.2050612572805683,0.6025306286402842,0.0,0.0,106.03945957569285
530,PE-3N,1187.484,1199.376,SIERRA,11.892000000000053,0.0,0.0,0.0,0.0,8,15,8.0,0.0,0.6727211570803872,0.0,0.0,0.0,103.07593218549174
531,PE-1N,322.947,324.457,COSTA,1.509999999999991,0.0,0.0,3.0,0.0,6,21,9.0,0.0,5.960264900662287,0.0,0.0,0.0,10.783409267267889
532,PE-3N,1579.021,1581.113,SELVA,2.0920000000000982,1.0,1.0,0.0,0.0,1,3,2.0,1.0,0.9560229445506243,0.47801147227531215,0.0,0.0,17.063844207108215
533,PE-18,219.583,221.737,SIERRA,2.1539999999999964,0.0,0.0,0.0,0.0,0,0,0.0,0.0,0.0,0.0,0.0,0.0,51.33373548956132
534,PE-3N,1581.304,1581.324,SELVA,0.01999999999998181,0.0,0.0,0.0,0.0,0,0,0.0,0.0,0.0,0.0,0.0,0.0,15.896162987772778
535,PE-36A,62.029,72.259,SIERRA,10.229999999999997,0.0,0.0,1.0,0.0,8,5,9.0,0.0,0.8797653958944284,0.0,0.0,0.0,0.2614921138849344
536,PE-3SF,360.313,364.115,SIERRA,3.802000000000021,2.0,3.0,0.0,0.0,0,0,2.0,3.0,0.5260389268805863,0.7890583903208794,0.0,0.0,81.33934662038718
537,PE-3N,692.556,712.533,SIERRA,19.976999999999975,0.0,0.0,0.0,0.0,13,25,13.0,0.0,0.6507483606147078,0.0,0.0,0.0,73.46419312784704
538,PE-1SJ,0.0,11.616,COSTA,11.616,2.0,2.0,1.0,2.0,0,0,3.0,4.0,0.2582644628099174,0.34435261707988984,0.0,0.0,12.175864958099574
539,PE-06A,90.928,104.857,SIERRA,13.929000000000002,3.0,3.0,0.0,0.0,0,0,3.0,3.0,0.2153779883695886,0.2153779883695886,0.0,0.0,36.55273088872103
540,PE-06A,108.319,113.248,SIERRA,4.929000000000002,0.0,0.0,1.0,0.0,0,0,1.0,0.0,0.2028809089064718,0.0,0.0,0.0,43.19680850579984
541,PE-06A,180.234,184.99,SELVA,4.756,1.0,4.0,0.0,0.0,0,0,1.0,4.0,0.21026072329688814,0.8410428931875525,0.0,0.0,69.05595914788466
542,PE-28C,66.261,68.269,SELVA,2.0080000000000098,0.0,0.0,0.0,0.0,0,0,0.0,0.0,0.0,0.0,4.0,1.2,113.71724262962184
543,PE-28C,69.454,75.215,SELVA,5.76100000000001,0.0,0.0,0.0,0.0,0,0,0.0,0.0,0.0,0.0,0.0,0.0,115.94952761978362
544,PE-28C,216.975,240.565,SELVA,23.590000000000003,0.0,0.0,0.0,0.0,0,0,0.0,0.0,0.0,0.0,0.0,0.0,110.77552814465028
545,PE-20B,0.0,1.579,COSTA,1.579,0.0,0.0,0.0,0.0,0,0,0.0,0.0,0.0,0.0,0.0,0.0,28.805002792331024
546,PE-20B,1.633,2.92,COSTA,1.287,0.0,0.0,0.0,0.0,0,0,0.0,0.0,0.0,0.0,0.0,0.0,30.164261153267613
547,PE-3SL,22.642,46.299,SIERRA,23.657,0.0,0.0,0.0,0.0,0,0,0.0,0.0,0.0,0.0,0.0,0.0,21.250413909106783
548,PE-1SD,0.0,4.427,COSTA,4.427,0.0,0.0,2.0,0.0,0,0,2.0,0.0,0.451773209848656,0.0,0.0,0.0,2.513243343666943
549,PE-1SD,4.427,10.113,COSTA,5.686,2.0,5.0,12.0,210010000100.0,0,0,14.0,210010000105.0,2.4621878297572986,36934576170.41857,0.0,0.0,6.044837522077423
550,PE-1SD,242.143,248.561,COSTA,6.418000000000006,1.0,1.0,0.0,0.0,0,0,1.0,1.0,0.15581177937052026,0.15581177937052026,0.0,0.0,12.832874036968397
551,PE-1SD,124.765,127.903,COSTA,3.1380000000000052,2.0,2.0,0.0,0.0,0,0,2.0,2.0,0.637348629700445,0.637348629700445,0.0,0.0,25.579702218352924
552,PE-1SD,10.113,14.718,COSTA,4.605,1.0,2.0,12.0,20100.0,0,0,13.0,20102.0,2.823018458197611,4365.2551574375675,0.0,0.0,9.307306031433027
553,PE-1SD,14.718,19.967,COSTA,5.248999999999999,0.0,0.0,1.0,0.0,0,0,1.0,0.0,0.1905124785673462,0.0,0.0,0.0,13.486720363448574
554,PE-1SD,20.33,29.716,COSTA,9.386000000000003,1.0,2.0,10.0,0.0,0,0,11.0,2.0,1.1719582356701468,0.2130833155763903,0.0,0.0,8.229076348393557
555,PE-3NG,43.439,97.801,SIERRA,54.362,0.0,0.0,0.0,0.0,0,0,0.0,0.0,0.0,0.0,0.0,0.0,33.364986627721265
556,PE-3NG,97.801,113.528,SIERRA,15.727000000000004,0.0,0.0,0.0,0.0,0,0,0.0,0.0,0.0,0.0,0.0,0.0,37.13884708851735
557,PE-1NK,40.532,46.94,COSTA,6.408000000000001,3.0,6.0,0.0,0.0,0,0,3.0,6.0,0.46816479400749056,0.9363295880149811,0.0,0.0,34.47551575333281
558,PE-28H,82.0,123.0,SELVA,41.0,0.0,0.0,0.0,0.0,0,0,0.0,0.0,0.0,0.0,0.0,0.0,120.9107840691138
559,PE-34B,301.318,306.08,SELVA,4.7620000000000005,1.0,2.0,0.0,0.0,11,16,12.0,2.0,2.5199496010079794,0.4199916001679966,0.0,0.0,11.195040365153414
560,PE-34B,116.404,121.35,SIERRA,4.945999999999998,3.0,6.0,0.0,0.0,12,17,15.0,6.0,3.032753740396281,1.2131014961585125,0.0,0.0,10.694477335168374
561,PE-34B,246.984,250.696,SIERRA,3.711999999999989,0.0,0.0,0.0,0.0,9,13,9.0,0.0,2.4245689655172487,0.0,0.0,0.0,27.935817276219154
562,PE-34B,48.817,65.052,SIERRA,16.235000000000007,3.0,3.0,1.0,0.0,38,55,42.0,3.0,2.5870033877425307,0.1847859562673236,0.0,0.0,33.454645465722486
563,PE-34B,68.13,75.025,SIERRA,6.89500000000001,0.0,0.0,0.0,0.0,16,24,16.0,0.0,2.3205221174764286,0.0,0.0,0.0,24.779876997044084
564,PE-34B,65.052,68.13,SIERRA,3.0779999999999887,0.0,0.0,0.0,0.0,7,10,7.0,0.0,2.274204028590002,0.0,0.0,0.0,25.974191110090857
565,PE-34B,294.499,296.112,SELVA,1.6129999999999995,0.0,0.0,0.0,0.0,4,6,4.0,0.0,2.479851208927465,0.0,0.0,0.0,7.111744140377253
566,PE-34B,240.865,245.529,SIERRA,4.663999999999987,1.0,1.0,0.0,0.0,11,16,12.0,1.0,2.5728987993139008,0.21440823327615838,0.0,0.0,31.828340927042586
567,PE-34B,40.059,45.046,SIERRA,4.987000000000002,0.0,0.0,1.0,1.0,12,17,13.0,1.0,2.6067776218167227,0.20052135552436326,0.0,0.0,39.54249662207167
568,PE-34B,288.117,290.08,SELVA,1.9629999999999654,0.0,0.0,0.0,0.0,5,7,5.0,0.0,2.5471217524198106,0.0,0.0,0.0,3.43835590374682
569,PE-34B,217.904,219.43,SIERRA,1.5260000000000105,0.0,0.0,1.0,0.0,4,5,5.0,0.0,3.2765399737876577,0.0,0.0,0.0,24.290644721159858
570,PE-34B,256.25,262.503,SELVA,6.252999999999986,0.0,0.0,0.0,0.0,15,21,15.0,0.0,2.398848552694712,0.0,0.0,0.0,21.12115949295502
571,PE-34B,296.445,301.318,SELVA,4.8729999999999905,1.0,1.0,1.0,0.0,12,17,14.0,1.0,2.8729735276010726,0.20521239482864806,0.0,0.0,9.105597480870582
572,PE-34B,183.835,185.127,SIERRA,1.2920000000000016,1.0,1.0,0.0,0.0,3,4,4.0,1.0,3.0959752321981386,0.7739938080495347,0.0,0.0,0.8040318248583227
573,PE-34B,253.58,256.25,SIERRA,2.6699999999999875,0.0,0.0,0.0,0.0,6,9,6.0,0.0,2.2471910112359654,0.0,0.0,0.0,24.012488669369063
574,PE-34B,20.057,25.065,SIERRA,5.008000000000003,0.0,0.0,0.0,0.0,12,17,12.0,0.0,2.3961661341853024,0.0,0.0,0.0,43.27310846597898
575,PE-34B,311.282,352.361,SELVA,41.07900000000001,2.0,2.0,0.0,0.0,97,140,99.0,2.0,2.409990506098006,0.04868667689086881,0.0,0.0,19.99387899319237
576,PE-34B,138.064,156.344,SIERRA,18.28,3.0,3.0,0.0,0.0,43,62,46.0,3.0,2.5164113785557984,0.16411378555798686,0.0,0.0,28.58980978428629
577,PE-34B,214.198,216.899,SIERRA,2.7009999999999934,0.0,0.0,0.0,0.0,6,9,6.0,0.0,2.2213994816734597,0.0,0.0,0.0,23.762306705558807
578,PE-34B,237.548,239.381,SIERRA,1.8329999999999984,0.0,0.0,1.0,3.0,4,6,5.0,3.0,2.727768685215496,1.6366612111292977,0.0,0.0,33.92083733567679
579,PE-34B,102.108,116.372,SIERRA,14.263999999999996,3.0,3.0,0.0,0.0,34,49,37.0,3.0,2.59394279304543,0.21031968592260242,0.0,0.0,2.5162184602630924
580,PE-34B,290.728,291.855,SELVA,1.1270000000000095,0.0,0.0,1.0,1.0,3,4,4.0,1.0,3.5492457852706,0.88731144631765,0.0,0.0,5.046784825124429
581,PE-34B,233.15,235.924,SIERRA,2.774000000000001,0.0,0.0,0.0,0.0,7,9,7.0,0.0,2.523431867339581,0.0,0.0,0.0,31.6525421845988
582,PE-34B,262.503,286.772,SELVA,24.269000000000005,1.0,1.0,2.0,0.0,57,83,60.0,1.0,2.472289752358976,0.04120482920598293,0.0,0.0,9.306406939412224
583,PE-34B,86.177,96.377,SIERRA,10.199999999999989,4.0,4.0,0.0,0.0,24,35,28.0,4.0,2.7450980392156894,0.3921568627450985,0.0,0.0,11.447646331883572
584,PE-34B,156.344,163.831,SIERRA,7.486999999999995,0.0,0.0,1.0,0.0,18,26,19.0,0.0,2.5377320689194622,0.0,0.0,0.0,18.74496612278173
585,PE-34B,163.831,176.498,SIERRA,12.667000000000002,2.0,2.0,2.0,4.0,30,43,34.0,6.0,2.6841398910554983,0.47367174548038204,0.0,0.0,10.630666614627122
586,PE-34B,45.046,48.817,SIERRA,3.771000000000001,1.0,1.0,2.0,0.0,9,13,12.0,1.0,3.182179793158313,0.2651816494298594,0.0,0.0,38.68259154050124
587,PE-34B,187.363,201.441,SIERRA,14.078000000000003,1.0,1.0,0.0,0.0,33,48,34.0,1.0,2.4151157834919728,0.07103281716152861,0.0,0.0,9.442535145676192
588,PE-34B,292.243,293.377,SELVA,1.1340000000000146,0.0,0.0,0.0,0.0,3,4,3.0,0.0,2.6455026455026114,0.0,0.0,0.0,5.81912896408945
589,PE-34B,185.127,187.226,SIERRA,2.0989999999999895,1.0,1.0,0.0,0.0,5,7,6.0,1.0,2.8585040495474177,0.4764173415912363,0.0,0.0,2.5063062969242047
590,PE-34H,82.742,88.631,SIERRA,5.888999999999996,2.0,2.0,2.0,0.0,0,0,4.0,2.0,0.679232467311938,0.339616233655969,0.0,0.0,63.31976520147225
591,PE-34L,33.955,36.111,SIERRA,2.155999999999999,0.0,0.0,0.0,0.0,0,0,0.0,0.0,0.0,0.0,0.0,0.0,104.95723740442658
592,PE-12A,71.352,92.525,SIERRA,21.173000000000002,2.0,10.0,0.0,0.0,0,0,2.0,10.0,0.09445992537665894,0.47229962688329474,0.0,0.0,109.23323599701682
593,PE-12A,245.316,252.971,SIERRA,7.655000000000001,0.0,0.0,0.0,0.0,0,0,0.0,0.0,0.0,0.0,0.0,0.0,149.79063079361546
594,PE-1NU,24.668,27.464,,2.7959999999999994,0.0,0.0,0.0,0.0,0,0,0.0,0.0,0.0,0.0,0.0,0.0,21.66381290023566
595,PE-1NU,28.023,29.025,,1.001999999999999,1.0,1.0,0.0,0.0,0,0,1.0,1.0,0.9980039920159691,0.9980039920159691,0.0,0.0,22.578115661592523
596,PE-1N,1305.416,1306.111,COSTA,0.6950000000001637,0.0,0.0,0.0,0.0,3,10,3.0,0.0,4.316546762588911,0.0,0.0,0.0,89.93254926972389
597,PE-1N,766.257,770.298,COSTA,4.041000000000054,6.0,6.0,6.0,0.0,15,56,27.0,6.0,6.681514476614611,1.4847809948032469,0.0,0.0,23.733150660538552
598,PE-1N,440.527,443.894,COSTA,3.3670000000000186,5.0,6.0,5.0,210.0,12,47,22.0,216.0,6.5340065340064974,64.1520641520638,0.0,0.0,12.515335704643848
599,PE-1N,307.975,322.947,COSTA,14.97199999999998,0.0,0.0,12.0,300000000000.0,56,207,68.0,300000000000.0,4.5418113812449965,20037403152.551456,0.0,0.0,1.5782515307300498
600,PE-1S,123.418,130.695,COSTA,7.276999999999987,1.0,1.0,19.0,10000000000000.0,22,43,42.0,10000000000001.0,5.771609179606991,1374192661811.326,0.0,0.0,21.344513406524275
601,PE-1S,112.119,123.418,COSTA,11.299000000000007,0.0,0.0,14.0,20.0,33,67,47.0,20.0,4.1596601469156536,1.7700681476236826,0.0,0.0,30.17899021348253
602,PE-1S,107.764,112.119,COSTA,4.355000000000004,0.0,0.0,17.0,100020000000100.0,13,26,30.0,100020000000100.0,6.88863375430539,22966704936877.133,0.0,0.0,37.72412790427482
603,PE-1SE,21.095,35.004,COSTA,13.908999999999999,11.0,11.0,4.0,1.0,0,0,15.0,12.0,1.0784384211661515,0.8627507369329211,0.0,0.0,29.5272093614058
604,PE-1S,1138.745,1156.814,SIERRA,18.069000000000187,0.0,0.0,7.0,0.0,54,107,61.0,0.0,3.3759477558248583,0.0,0.0,0.0,8.842361886017464
605,PE-1S,240.41,244.097,COSTA,3.687000000000012,0.0,0.0,3.0,0.0,11,22,14.0,0.0,3.7971250339028897,0.0,0.0,0.0,26.077086383521543
606,PE-1S,249.137,256.71,COSTA,7.572999999999979,3.0,3.0,3.0,160.0,22,45,28.0,163.0,3.697345833883544,21.52383467582206,0.0,0.0,16.768115727762144
607,PE-20H,0.0,1.002,COSTA,1.002,0.0,0.0,1.0,1.0,0,0,1.0,1.0,0.998003992015968,0.998003992015968,0.0,0.0,33.55129860223422
608,PE-1SC,33.427,37.017,SIERRA,3.5900000000000034,0.0,0.0,0.0,0.0,0,0,0.0,0.0,0.0,0.0,0.0,0.0,26.76319054955524
609,PE-3ND,1.225,1.727,SIERRA,0.502,0.0,0.0,0.0,0.0,0,0,0.0,0.0,0.0,0.0,0.0,0.0,69.2250449752772
610,PE-3ND,7.214,13.942,SIERRA,6.728,1.0,1.0,0.0,0.0,0,0,1.0,1.0,0.14863258026159334,0.14863258026159334,0.0,0.0,70.21312107256202
611,PE-3ND,42.802,44.859,SIERRA,2.057000000000002,0.0,0.0,0.0,0.0,0,0,0.0,0.0,0.0,0.0,0.0,0.0,57.11079416635472
612,PE-3ND,83.751,84.807,SIERRA,1.0559999999999974,0.0,0.0,0.0,0.0,0,0,0.0,0.0,0.0,0.0,0.0,0.0,44.98797187705227
613,PE-5N,202.912,206.436,SELVA,3.524000000000001,0.0,0.0,0.0,0.0,2,5,2.0,0.0,0.5675368898978432,0.0,0.0,0.0,132.13296713401957
614,PE-5N,206.436,209.245,SELVA,2.8089999999999975,0.0,0.0,2.0,0.0,2,4,4.0,0.0,1.4239943040227852,0.0,0.0,0.0,133.1854843314411
615,PE-5N,486.839,504.666,SELVA,17.826999999999998,5.0,5.0,0.0,0.0,12,28,17.0,5.0,0.9536096931620577,0.2804734391653111,0.0,0.0,116.58061691265986
616,PE-5N,524.523,544.201,SELVA,19.677999999999997,7.0,9.0,1.0,0.0,14,30,22.0,9.0,1.1179997967273099,0.45736355320662675,0.0,0.0,146.60167577463218
617,PE-5N,421.302,425.492,SELVA,4.189999999999998,0.0,0.0,0.0,0.0,3,6,3.0,0.0,0.715990453460621,0.0,0.0,0.0,132.70234758112454
618,PE-5N,561.235,590.636,SELVA,29.400999999999954,0.0,0.0,5.0,0.0,20,45,25.0,0.0,0.8503112139042903,0.0,0.0,0.0,172.6414354740466
619,PE-5N,544.201,549.38,SELVA,5.178999999999974,1.0,3.0,1.0,0.0,4,8,6.0,3.0,1.158524811739724,0.579262405869862,0.0,0.0,155.35453389574846
620,PE-5N,550.968,557.015,SELVA,6.0470000000000255,0.0,0.0,1.0,0.0,4,9,5.0,0.0,0.8268562923763815,0.0,0.0,0.0,154.8903847712922
621,PE-5N,598.74,603.733,SELVA,4.992999999999938,0.0,0.0,0.0,0.0,3,8,3.0,0.0,0.6008411776487156,0.0,0.0,0.0,196.2356580885154
622,PE-5N,623.698,628.67,SELVA,4.97199999999998,0.0,0.0,0.0,0.0,3,8,3.0,0.0,0.6033789219629951,0.0,0.0,0.0,212.05884890793143
623,PE-5N,618.843,623.698,SELVA,4.855000000000018,0.0,0.0,1.0,0.0,3,7,4.0,0.0,0.8238928939237868,0.0,0.0,0.0,211.40005445081383
624,PE-5N,628.67,633.942,SELVA,5.272000000000048,0.0,0.0,2.0,10.0,4,8,6.0,10.0,1.138088012139595,1.8968133535659917,0.0,0.0,211.03148114233224
625,PE-5N,607.979,618.843,SELVA,10.863999999999919,0.0,0.0,1.0,0.0,8,17,9.0,0.0,0.8284241531664274,0.0,0.0,0.0,205.9829330395028
626,PE-5N,648.238,665.249,SELVA,17.010999999999967,0.0,0.0,0.0,0.0,12,26,12.0,0.0,0.7054259008876623,0.0,0.0,0.0,206.43047970131275
627,PE-5N,665.578,676.808,SELVA,11.230000000000018,0.0,0.0,0.0,0.0,8,17,8.0,0.0,0.7123775601068555,0.0,0.0,0.0,196.6119844761684
628,PE-5N,633.942,635.917,SELVA,1.9750000000000227,0.0,0.0,6.0,0.0,1,3,7.0,0.0,3.544303797468314,0.0,0.0,0.0,211.45769877449868
629,PE-5N,639.108,648.238,SELVA,9.13000000000011,0.0,0.0,3.0,0.0,6,14,9.0,0.0,0.9857612267250704,0.0,0.0,0.0,209.23842923097635
630,PE-5N,719.508,733.158,SELVA,13.649999999999977,0.0,0.0,0.0,0.0,10,21,10.0,0.0,0.7326007326007338,0.0,0.0,0.0,162.94339608881103
631,PE-5N,745.474,747.547,SELVA,2.072999999999979,0.0,0.0,5.0,100.0,1,3,6.0,100.0,2.894356005788741,48.239266763145686,0.0,0.0,149.7605325335173
632,PE-5N,747.547,767.668,SELVA,20.12099999999998,0.0,0.0,1.0,0.0,14,31,15.0,0.0,0.7454897867899217,0.0,0.0,0.0,142.76410518008595
633,PE-5N,767.668,799.058,SELVA,31.389999999999986,0.0,0.0,0.0,0.0,22,48,22.0,0.0,0.7008601465434855,0.0,0.0,0.0,126.79716057687376
634,PE-5N,799.058,809.077,SELVA,10.019000000000005,0.0,0.0,0.0,0.0,7,15,7.0,0.0,0.6986725222078047,0.0,0.0,0.0,113.94893967097524
635,PE-5N,955.486,1040.805,SELVA,85.31900000000007,22.0,32.0,0.0,0.0,59,132,81.0,32.0,0.9493782158721965,0.37506299886308997,0.0,0.0,40.93407095943911
636,PE-5N,1067.997,1081.115,SELVA,13.117999999999938,22.0,23.0,0.0,0.0,9,20,31.0,23.0,2.3631651166336445,1.7533160542765749,0.0,0.0,19.62219978252091
637,PE-5N,1045.796,1067.997,SELVA,22.201000000000022,27.0,31.0,0.0,0.0,15,34,42.0,31.0,1.8918066753749812,1.3963334984910576,0.0,0.0,3.930122807065119
638,PE-5N,1040.805,1045.796,SELVA,4.9909999999999854,2.0,2.0,0.0,0.0,3,8,5.0,2.0,1.0018032458425195,0.40072129833700776,0.0,0.0,8.874205903378488
639,PE-5N,1370.176,1375.718,SELVA,5.542000000000144,4.0,4.0,0.0,0.0,4,9,8.0,4.0,1.4435221941536978,0.7217610970768489,0.0,0.0,14.455862006917847
640,PE-5N,1304.009,1310.546,SELVA,6.537000000000035,2.0,2.0,0.0,0.0,5,10,7.0,2.0,1.0708275967569165,0.30595074193054755,0.0,0.0,38.95783844691171
641,PE-5N,1298.194,1303.473,SELVA,5.278999999999996,0.0,0.0,0.0,0.0,4,8,4.0,0.0,0.7577192650123135,0.0,0.0,0.0,33.16669664104818
642,PE-5N,1284.637,1288.475,SELVA,3.8379999999999654,0.0,0.0,0.0,0.0,3,6,3.0,0.0,0.7816571130797361,0.0,0.0,0.0,21.39384001071865
643,PE-5N,1288.475,1298.194,SELVA,9.719000000000051,3.0,3.0,0.0,0.0,7,15,10.0,3.0,1.028912439551389,0.30867373186541663,0.0,0.0,27.13250996659741
644,PE-5N,1250.236,1255.089,SELVA,4.852999999999838,0.0,0.0,0.0,0.0,3,7,3.0,0.0,0.6181743251597157,0.0,0.0,0.0,2.615528150146829
645,PE-5N,1098.97,1147.353,SIERRA,48.38300000000004,56.0,58.0,0.0,0.0,34,75,90.0,58.0,1.8601574933344343,1.1987681623710797,0.0,0.0,22.67198978955081
646,PE-5N,1391.01,1398.35,SELVA,7.339999999999918,11.0,13.0,0.0,0.0,5,11,16.0,13.0,2.1798365122616046,1.7711171662125538,0.0,0.0,14.623814516003623
647,PE-5N,1375.718,1387.129,SELVA,11.41099999999983,11.0,11.0,0.0,0.0,8,18,19.0,11.0,1.6650600297958358,0.9639821225133786,0.0,0.0,14.485311922247222
648,PE-5N,1388.649,1390.836,SELVA,2.1870000000001255,4.0,4.0,0.0,0.0,2,3,6.0,4.0,2.743484224965549,1.828989483310366,0.0,0.0,16.31476351062477
649,PE-5N,1356.047,1360.475,SELVA,4.427999999999884,1.0,1.0,0.0,0.0,3,7,4.0,1.0,0.9033423667570246,0.22583559168925615,0.0,0.0,5.422017622362713
650,PE-5N,1398.35,1410.881,SELVA,12.531000000000176,5.0,5.0,0.0,0.0,9,19,14.0,5.0,1.1172292714068952,0.39901045407389113,0.0,0.0,19.535712022669944
651,PE-5N,1365.464,1370.176,SELVA,4.711999999999989,2.0,2.0,0.0,0.0,3,7,5.0,2.0,1.0611205432937205,0.4244482173174883,0.0,0.0,12.845144164193364
652,PE-5N,1360.475,1365.464,SELVA,4.989000000000033,1.0,1.0,0.0,0.0,3,8,4.0,1.0,0.8017638805371765,0.20044097013429413,0.0,0.0,8.87939393189178
653,PE-5N,1321.317,1324.801,SELVA,3.4839999999999236,1.0,1.0,0.0,0.0,2,5,3.0,1.0,0.8610792192881934,0.2870264064293978,0.0,0.0,24.77037866714032
654,PE-5N,1345.319,1355.474,SELVA,10.154999999999973,0.0,0.0,0.0,0.0,7,16,7.0,0.0,0.6893156080748418,0.0,0.0,0.0,1.1954131840541395
655,PE-5N,1325.444,1345.319,SELVA,19.875,5.0,6.0,0.0,0.0,14,31,19.0,6.0,0.9559748427672956,0.3018867924528302,0.0,0.0,13.90461120659178
656,PE-5N,1312.023,1321.317,SELVA,9.294000000000096,0.0,0.0,0.0,0.0,6,14,6.0,0.0,0.6455777921239443,0.0,0.0,0.0,30.604274026228467
657,PE-5N,1209.283,1215.146,SELVA,5.863000000000056,0.0,0.0,0.0,0.0,4,9,4.0,0.0,0.6822445846836025,0.0,0.0,0.0,19.03422623734456
658,PE-5N,1176.947,1180.198,SIERRA,3.2510000000002037,0.0,0.0,0.0,0.0,2,5,2.0,0.0,0.6151953245154951,0.0,0.0,0.0,18.228918396276253
659,PE-5N,1180.198,1189.396,SIERRA,9.197999999999865,0.0,0.0,0.0,0.0,6,14,6.0,0.0,0.652315720808881,0.0,0.0,0.0,21.61675366467179
660,PE-5N,1204.537,1204.599,SELVA,0.06199999999989814,0.0,0.0,0.0,0.0,0,0,0.0,0.0,0.0,0.0,0.0,0.0,23.22809821566491
661,PE-5N,1204.599,1209.283,SELVA,4.683999999999969,0.0,0.0,0.0,0.0,3,7,3.0,0.0,0.6404782237403971,0.0,0.0,0.0,21.5100266457957
662,PE-5N,1199.374,1204.537,SELVA,5.163000000000011,0.0,0.0,0.0,0.0,4,8,4.0,0.0,0.7747433662599248,0.0,0.0,0.0,25.031076793351183
663,PE-5N,1195.117,1199.374,SELVA,4.257000000000062,0.0,0.0,0.0,0.0,3,7,3.0,0.0,0.7047216349541828,0.0,0.0,0.0,27.983962153216147
664,PE-5N,1164.247,1172.515,SIERRA,8.268000000000029,0.0,0.0,0.0,0.0,6,13,6.0,0.0,0.7256894049346854,0.0,0.0,0.0,14.628806470195716
665,PE-5N,1172.728,1174.245,SIERRA,1.5169999999998254,0.0,0.0,0.0,0.0,1,2,1.0,0.0,0.6591957811470766,0.0,0.0,0.0,16.42435864391532
666,PE-5N,1147.353,1150.58,SIERRA,3.2269999999998618,1.0,1.0,0.0,0.0,2,5,3.0,1.0,0.92965602726995,0.30988534242331667,0.0,0.0,1.5032536045854874
667,PE-5N,1174.245,1176.947,SIERRA,2.701999999999998,0.0,0.0,0.0,0.0,2,4,2.0,0.0,0.7401924500370102,0.0,0.0,0.0,16.89161051370328
668,PE-5N,1150.58,1159.301,SIERRA,8.721000000000004,1.0,1.0,0.0,0.0,6,13,7.0,1.0,0.8026602453847033,0.11466574934067189,0.0,0.0,6.894600668718062
669,PE-5N,1413.432,1419.339,SELVA,5.906999999999925,1.0,1.0,0.0,0.0,4,9,5.0,1.0,0.8464533604198515,0.1692906720839703,0.0,0.0,29.79190246018185
670,PE-5N,1419.339,1423.443,SELVA,4.104000000000042,0.0,0.0,0.0,0.0,3,6,3.0,0.0,0.7309941520467762,0.0,0.0,0.0,33.85159658203757
671,PE-5N,1458.514,1462.581,SELVA,4.067000000000007,0.0,0.0,0.0,0.0,3,6,3.0,0.0,0.7376444553725091,0.0,0.0,0.0,60.18515596907479
672,PE-5N,1445.145,1458.514,SELVA,13.368999999999915,4.0,4.0,0.0,0.0,9,21,13.0,4.0,0.9723988331214065,0.2991996409604328,0.0,0.0,53.75564884822101
673,PE-5N,1462.581,1496.814,SELVA,34.233000000000175,5.0,5.0,0.0,0.0,24,53,29.0,5.0,0.8471358046329521,0.146057897350509,0.0,0.0,69.25212331079943
674,PE-5N,949.044,955.486,SELVA,6.442000000000007,1.0,1.0,0.0,0.0,4,10,5.0,1.0,0.7761564731449851,0.15523129462899704,0.0,0.0,23.99404026964129
675,PE-5N,153.071,202.912,SELVA,49.84100000000001,0.0,0.0,0.0,0.0,35,77,35.0,0.0,0.7022331012620131,0.0,0.0,0.0,125.894803528735
676,PE-5N,1278.222,1283.746,SELVA,5.524000000000115,0.0,0.0,0.0,0.0,4,9,4.0,0.0,0.724112961621998,0.0,0.0,0.0,17.551812504066476
677,PE-34L,0.0,0.44,SIERRA,0.44,0.0,0.0,0.0,0.0,0,0,0.0,0.0,0.0,0.0,0.0,0.0,79.33168997980515
678,PE-28C,68.269,69.454,SELVA,1.184999999999988,0.0,0.0,0.0,0.0,0,0,0.0,0.0,0.0,0.0,0.0,0.0,114.3150344747649
679,PE-18,221.737,236.34,SIERRA,14.603000000000009,0.0,0.0,0.0,0.0,0,0,0.0,0.0,0.0,0.0,0.0,0.0,45.06876311247224
680,PE-3N,548.985,561.407,SIERRA,12.422000000000025,1.0,1.0,0.0,0.0,8,15,9.0,1.0,0.7245210111093207,0.0805023345677023,0.0,0.0,18.777363691910285
681,PE-3SB,17.749,29.631,SIERRA,11.882000000000001,5.0,7.0,0.0,0.0,0,0,5.0,7.0,0.42080457835381246,0.5891264096953374,0.0,0.0,28.128350981554284
682,PE-5S,174.922,175.37,SELVA,0.4480000000000075,0.0,0.0,0.0,0.0,0,0,0.0,0.0,0.0,0.0,0.0,0.0,119.97567363952164
683,PE-20A,44.023,55.897,SIERRA,11.873999999999995,0.0,0.0,0.0,0.0,0,0,0.0,0.0,0.0,0.0,0.0,0.0,33.59662643228541
684,PE-20A,10.9739,12.0419,COSTA,1.0679999999999996,0.0,0.0,0.0,0.0,0,0,0.0,0.0,0.0,0.0,0.0,0.0,19.55307795173983
685,PE-20A,69.661,78.364,SIERRA,8.703000000000003,0.0,0.0,0.0,0.0,0,0,0.0,0.0,0.0,0.0,0.0,0.0,39.5558166926052
686,PE-3N,1196.946,1209.334,SIERRA,12.388000000000147,0.0,0.0,0.0,0.0,8,15,8.0,0.0,0.6457862447529791,0.0,0.0,0.0,107.29455181331092
687,PE-34C,0.0,4.058,SIERRA,4.058,7.0,7.0,4.0,0.0,0,0,11.0,7.0,2.7106949236076887,1.7249876786594383,0.0,0.0,11.360659120798475
688,PE-1NN,26.626,28.111,COSTA,1.4849999999999994,0.0,0.0,0.0,0.0,0,0,0.0,0.0,0.0,0.0,0.0,0.0,26.15274578417437
689,PE-28B,178.628,190.746,SELVA,12.118000000000023,0.0,0.0,5.0,200.0,0,0,5.0,200.0,0.4126093414754902,16.50437365901961,0.0,0.0,87.86465787249557
690,PE-1NL,55.98,99.575,COSTA,43.595000000000006,6.0,8.0,0.0,0.0,0,0,6.0,8.0,0.1376304622089689,0.18350728294529187,0.0,0.0,48.38591466712497
691,PE-28B,190.746,208.921,SELVA,18.174999999999983,0.0,0.0,2.0,0.0,0,0,2.0,0.0,0.11004126547455306,0.0,0.0,0.0,86.07340693067557
692,PE-28B,208.921,214.783,SELVA,5.861999999999995,0.0,0.0,1.0,0.0,0,0,1.0,0.0,0.17059024223814412,0.0,0.0,0.0,85.56858043974563
693,PE-28B,264.28,269.002,SELVA,4.722000000000037,0.0,0.0,1.0,0.0,0,0,1.0,0.0,0.21177467174925713,0.0,0.0,0.0,108.36194460133645
694,PE-1S,229.711,231.208,COSTA,1.4969999999999857,0.0,0.0,1.0,0.0,4,9,5.0,0.0,3.3400133600534723,0.0,0.0,0.0,34.12864512855907
695,PE-1NR,2.257,15.275,COSTA,13.018,0.0,0.0,0.0,0.0,0,0,0.0,0.0,0.0,0.0,0.0,0.0,26.22957897170322
696,PE-1NR,15.275,25.152,COSTA,9.877,3.0,3.0,0.0,0.0,0,0,3.0,3.0,0.30373595221221017,0.30373595221221017,0.0,0.0,19.0097581180228
697,PE-1NR,43.089,44.765,COSTA,1.676000000000002,0.0,0.0,0.0,0.0,0,0,0.0,0.0,0.0,0.0,0.0,0.0,8.998557210461744
698,PE-1NR,44.765,54.048,COSTA,9.283000000000001,3.0,3.0,0.0,0.0,0,0,3.0,3.0,0.3231713885597328,0.3231713885597328,0.0,0.0,11.108225248513378
699,PE-1NR,54.048,63.077,COSTA,9.028999999999996,0.0,0.0,0.0,0.0,0,0,0.0,0.0,0.0,0.0,0.0,0.0,16.292853847384936
700,PE-3N,1786.05,1786.069,SIERRA,0.019000000000005457,0.0,0.0,0.0,0.0,0,0,0.0,0.0,0.0,0.0,0.0,0.0,38.49612626781988
701,PE-3N,648.476,648.511,SIERRA,0.03499999999996817,0.0,0.0,0.0,0.0,0,0,0.0,0.0,0.0,0.0,0.0,0.0,71.81080329229357
702,PE-3N,1005.621,1005.683,SIERRA,0.06200000000001182,0.0,0.0,0.0,0.0,0,0,0.0,0.0,0.0,0.0,0.0,0.0,72.6250805662969
703,PE-3N,1800.941,1819.933,SIERRA,18.991999999999962,0.0,0.0,1.0,0.0,13,24,14.0,0.0,0.7371524852569518,0.0,0.0,0.0,40.61619524904067
704,PE-3N,1819.933,1879.494,SIERRA,59.56099999999992,1.0,1.0,0.0,0.0,40,74,41.0,1.0,0.6883699064824307,0.016789509914205625,0.0,0.0,47.83325046378545
705,PE-3N,1879.494,1940.933,SIERRA,61.43900000000008,0.0,0.0,0.0,0.0,42,76,42.0,0.0,0.6836048763814506,0.0,0.0,0.0,69.2540126677667
706,PE-3N,1940.933,1960.643,SIERRA,19.710000000000036,0.0,0.0,0.0,0.0,13,24,13.0,0.0,0.6595636732623021,0.0,0.0,0.0,85.82725619549946
707,PE-5NA,203.848,208.948,SELVA,5.099999999999994,0.0,0.0,0.0,0.0,0,0,0.0,0.0,0.0,0.0,0.0,0.0,115.90230967577652
708,PE-24,105.762,105.774,SIERRA,0.012000000000000455,0.0,0.0,0.0,0.0,0,0,0.0,0.0,0.0,0.0,0.0,0.0,52.87604962398523
709,PE-14A,419.104,423.593,SELVA,4.489000000000033,0.0,0.0,0.0,0.0,0,0,0.0,0.0,0.0,0.0,0.0,0.0,93.09541083496411
710,PE-1S,234.945,238.619,COSTA,3.6740000000000066,3.0,7.0,3.0,100.0,11,22,17.0,107.0,4.627109417528571,29.123571039738653,0.0,0.0,30.068240166218843
711,PE-1S,231.511,234.945,COSTA,3.4339999999999975,1.0,1.0,2.0,1.0,10,20,13.0,2.0,3.785672684915553,0.5824111822947005,0.0,0.0,32.681045820269
712,PE-3N,920.598,921.503,SIERRA,0.9050000000000864,0.0,0.0,0.0,0.0,1,1,1.0,0.0,1.1049723756905023,0.0,0.0,0.0,98.9295197694772
713,PE-14A,309.749,318.484,SIERRA,8.734999999999957,0.0,0.0,0.0,0.0,0,0,0.0,0.0,0.0,0.0,0.0,0.0,101.05699137458043
714,PE-3SG,317.505,326.525,SIERRA,9.019999999999982,0.0,0.0,0.0,0.0,0,0,0.0,0.0,0.0,0.0,0.0,0.0,30.28564594768409
715,PE-08B,213.718,215.747,SIERRA,2.029000000000025,0.0,0.0,0.0,0.0,0,0,0.0,0.0,0.0,0.0,0.0,0.0,90.94090943015443
716,PE-08B,292.113,312.715,SELVA,20.601999999999975,2.0,4.0,0.0,0.0,0,0,2.0,4.0,0.09707795359673829,0.19415590719347658,0.0,0.0,41.29586450099153
717,PE-14A,94.378,99.034,SIERRA,4.656000000000006,0.0,0.0,0.0,0.0,0,0,0.0,0.0,0.0,0.0,0.0,0.0,70.46431043686972
718,PE-3SH,3.697,3.813,SIERRA,0.1160000000000001,0.0,0.0,0.0,0.0,0,0,0.0,0.0,0.0,0.0,0.0,0.0,26.37713206039581
719,PE-06,0.0,0.196,COSTA,0.196,0.0,0.0,0.0,0.0,0,0,0.0,0.0,0.0,0.0,0.0,0.0,12.669764623803998
720,PE-3N,1028.952,1029.026,SIERRA,0.07400000000006912,0.0,0.0,0.0,0.0,0,0,0.0,0.0,0.0,0.0,0.0,0.0,61.183722510466914
721,PE-08B,177.558,188.015,SELVA,10.456999999999994,0.0,0.0,1.0,0.0,0,0,1.0,0.0,0.09562972171750986,0.0,0.0,0.0,99.84812748702694
722,PE-08B,31.438,52.334,SIERRA,20.896000000000004,0.0,0.0,4.0,0.0,0,0,4.0,0.0,0.19142419601837668,0.0,0.0,0.0,121.81158395119638
723,PE-08B,252.357,272.298,SIERRA,19.941000000000003,1.0,1.0,0.0,0.0,0,0,1.0,1.0,0.050147936412416626,0.050147936412416626,0.0,0.0,74.21584833913592
724,PE-14A,360.285,414.485,SELVA,54.19999999999999,4.0,5.0,0.0,0.0,0,0,4.0,5.0,0.07380073800738009,0.0922509225092251,0.0,0.0,94.75457424068632
725,PE-28B,475.892,482.452,SELVA,6.560000000000002,0.0,0.0,2.0,0.0,0,0,2.0,0.0,0.3048780487804877,0.0,0.0,0.0,110.65875627059194
726,PE-3S,1255.086,1273.286,SIERRA,18.200000000000045,2.0,2.0,1.0,0.0,9,15,12.0,2.0,0.6593406593406577,0.10989010989010961,0.0,0.0,30.980765578219643
727,PE-3S,1273.286,1292.44,SIERRA,19.153999999999996,6.0,7.0,0.0,0.0,9,16,15.0,7.0,0.7831262399498801,0.3654589119766107,0.0,0.0,46.7652185064764
728,PE-3S,1014.304,1016.504,SIERRA,2.2000000000000455,3.0,3.0,1.0,0.0,1,2,5.0,3.0,2.272727272727226,1.3636363636363356,0.0,0.0,103.44913461118378
729,PE-3SG,225.421,239.277,SIERRA,13.855999999999995,2.0,2.0,0.0,0.0,0,0,2.0,2.0,0.14434180138568134,0.14434180138568134,0.0,0.0,53.895535876650456
730,PE-30B,116.454,118.286,SIERRA,1.8320000000000078,0.0,0.0,0.0,0.0,0,0,0.0,0.0,0.0,0.0,0.0,0.0,41.738168398222896
731,PE-1NL,7.157,27.798,COSTA,20.641,2.0,2.0,0.0,0.0,0,0,2.0,2.0,0.09689453030376437,0.09689453030376437,0.0,0.0,3.352501993331462
732,PE-1N,1093.244,1103.216,COSTA,9.97199999999998,2.0,2.0,0.0,0.0,37,138,39.0,2.0,3.910950661853197,0.20056157240272804,0.0,0.0,1.6051210967938352
733,PE-1N,1083.22,1093.244,COSTA,10.023999999999887,1.0,1.0,2.0,10.0,37,139,40.0,11.0,3.9904229848364374,1.0973663208300204,0.0,0.0,8.480956219486067
734,PE-1N,1029.134,1032.817,COSTA,3.6829999999999927,2.0,2.0,1.0,0.0,14,51,17.0,2.0,4.615802335052955,0.5430355688297595,0.0,0.0,15.247163667871968
735,PE-1N,1053.646,1058.674,COSTA,5.02800000000002,3.0,3.0,0.0,0.0,19,70,22.0,3.0,4.375497215592664,0.5966587112171814,0.0,0.0,30.539812341075624
736,PE-1N,1032.817,1038.633,COSTA,5.816000000000031,1.0,1.0,1.0,0.0,22,81,24.0,1.0,4.1265474552957135,0.1719394773039881,0.0,0.0,18.75407356315799
737,PE-1N,1274.224,1277.442,COSTA,3.2180000000000746,4.0,4.0,0.0,0.0,12,45,16.0,4.0,4.972032318209953,1.2430080795524883,0.0,0.0,62.948178722436
738,PE-1N,1058.674,1068.169,COSTA,9.495000000000118,1.0,1.0,0.0,0.0,35,131,36.0,1.0,3.791469194312749,0.1053185887309097,0.0,0.0,32.81439464847621
739,PE-1N,1068.169,1083.22,COSTA,15.05099999999993,1.0,1.0,0.0,0.0,56,208,57.0,1.0,3.7871237791509045,0.06644076805527903,0.0,0.0,20.66827927551504
740,PE-34F,39.432,39.488,SIERRA,0.055999999999997385,0.0,0.0,0.0,0.0,0,0,0.0,0.0,0.0,0.0,0.0,0.0,29.89577409612577
741,PE-1N,1285.501,1294.102,COSTA,8.601000000000113,10.0,10.0,0.0,0.0,32,119,42.0,10.0,4.8831531217299675,1.1626555051738017,0.0,0.0,76.02828009441197
742,PE-1N,1185.023,1190.795,COSTA,5.772000000000162,2.0,5.0,0.0,0.0,21,80,23.0,5.0,3.984753984753873,0.8662508662508419,0.0,0.0,14.455981596764982
743,PE-1N,1256.067,1273.595,COSTA,17.52800000000002,17.0,19.0,0.0,0.0,65,243,82.0,19.0,4.6782291191236824,1.0839799178457312,0.0,0.0,52.66433446359456
744,PE-1N,1103.216,1108.293,COSTA,5.076999999999998,0.0,0.0,1.0,0.0,19,70,20.0,0.0,3.939334252511327,0.0,0.0,0.0,7.646929468482944
745,PE-1N,1108.293,1129.166,COSTA,20.873000000000047,0.0,0.0,1.0,0.0,77,289,78.0,0.0,3.736884971015179,0.0,0.0,0.0,15.792134854237387
746,PE-1N,1050.691,1048.691,COSTA,-2.0,0.0,0.0,0.0,0.0,0,0,0.0,0.0,-0.0,-0.0,0.0,0.0,24.88957788637306
747,PE-1N,1038.633,1043.646,COSTA,5.01299999999992,1.0,1.0,1.0,0.0,19,69,21.0,1.0,4.189108318372299,0.199481348493919,0.0,0.0,21.44582411193928
748,PE-1N,1294.102,1297.595,COSTA,3.492999999999938,2.0,2.0,1.0,0.0,13,48,16.0,2.0,4.580589750930513,0.5725737188663141,0.0,0.0,81.8051702827024
749,PE-1N,1180.456,1185.023,COSTA,4.567000000000007,0.0,0.0,0.0,0.0,17,63,17.0,0.0,3.722356032406388,0.0,0.0,0.0,18.47267305830457
750,PE-1N,1297.595,1305.416,COSTA,7.820999999999913,4.0,4.0,0.0,0.0,29,108,33.0,4.0,4.219409282700469,0.5114435494182387,0.0,0.0,86.52369240114666
751,PE-5NA,0.0,5.023,SELVA,5.023,0.0,0.0,4.0,200.0,0,0,4.0,200.0,0.7963368504877564,39.816842524387816,0.0,0.0,37.36135798068437
752,PE-5NA,25.073,35.072,SELVA,9.999000000000002,0.0,0.0,0.0,0.0,0,0,0.0,0.0,0.0,0.0,0.0,0.0,51.47417903590752
753,PE-3SG,240.851,240.856,SIERRA,0.0049999999999954525,0.0,0.0,0.0,0.0,0,0,0.0,0.0,0.0,0.0,0.0,0.0,53.22147909312956
754,PE-28B,138.666,158.666,SELVA,20.0,0.0,0.0,1.0,0.0,0,0,1.0,0.0,0.05,0.0,0.0,0.0,74.73059643238837
755,PE-08B,398.204,403.694,SELVA,5.490000000000009,2.0,4.0,0.0,0.0,0,0,2.0,4.0,0.3642987249544621,0.7285974499089242,0.0,0.0,69.68673042067766
756,PE-1NJ,34.294,36.368,COSTA,2.074000000000005,2.0,2.0,1.0,0.0,0,0,3.0,2.0,1.4464802314368335,0.9643201542912223,0.0,0.0,28.985814965745067
757,PE-1NN,45.023,67.023,COSTA,21.999999999999993,3.0,3.0,0.0,0.0,0,0,3.0,3.0,0.1363636363636364,0.1363636363636364,0.0,0.0,46.05592977219911
758,PE-22,28.912,29.336,SIERRA,0.4239999999999995,1.0,1.0,7.0,0.0,0,0,8.0,1.0,18.86792452830191,2.3584905660377387,0.0,0.0,18.584957898799875
759,PE-24A,53.588,53.775,SIERRA,0.1869999999999976,0.0,0.0,0.0,0.0,0,0,0.0,0.0,0.0,0.0,0.0,0.0,51.76159412314659
760,PE-3N,1054.676,1054.729,SIERRA,0.05300000000011096,0.0,0.0,0.0,0.0,0,0,0.0,0.0,0.0,0.0,0.0,0.0,63.51418141117557
761,PE-12A,133.44,142.626,SIERRA,9.186000000000007,0.0,0.0,0.0,0.0,0,0,0.0,0.0,0.0,0.0,0.0,0.0,143.30531952815036
762,PE-28B,138.522,138.666,SELVA,0.14400000000000546,0.0,0.0,0.0,0.0,0,0,0.0,0.0,0.0,0.0,0.0,0.0,68.79382803257212
763,PE-1NN,20.443,22.127,COSTA,1.6839999999999975,1.0,1.0,0.0,0.0,0,0,1.0,1.0,0.5938242280285044,0.5938242280285044,0.0,0.0,21.13468717775592
764,PE-1NN,22.127,25.132,COSTA,3.0050000000000026,0.0,0.0,0.0,0.0,0,0,0.0,0.0,0.0,0.0,0.0,0.0,22.97728028520189
765,PE-1NJ,0.0,5.462,COSTA,5.462,2.0,3.0,1.0,0.0,0,0,3.0,3.0,0.5492493592090809,0.5492493592090809,0.0,0.0,0.924013785152983
766,PE-12A,176.452,176.62,SIERRA,0.16800000000000637,0.0,0.0,0.0,0.0,0,0,0.0,0.0,0.0,0.0,0.0,0.0,144.2885668828568
767,PE-36A,124.836,124.839,SIERRA,0.0030000000000001137,0.0,0.0,6.0,100000.0,0,0,6.0,100000.0,1999.9999999999243,33333333.33333207,0.0,0.0,32.6774391238393
768,PE-1N,1000.601,1005.549,COSTA,4.947999999999979,15.0,16.0,7.0,110010.0,18,68,40.0,110026.0,8.08407437348427,22236.45917542451,0.0,0.0,12.135477803603283
769,PE-1NN,28.111,30.836,COSTA,2.724999999999998,0.0,0.0,0.0,0.0,0,0,0.0,0.0,0.0,0.0,0.0,0.0,27.418444738304853
770,PE-1NN,12.143,20.443,COSTA,8.3,1.0,1.0,1.0,0.0,0,0,2.0,1.0,0.24096385542168672,0.12048192771084336,0.0,0.0,18.09595897735712
771,PE-1N,33.074,33.619,COSTA,0.5450000000000017,2.0,2.0,6.0,0.0,2,8,10.0,2.0,18.348623853210952,3.6697247706421905,0.0,0.0,12.435282034028653
772,PE-3N,1045.816,1045.877,SIERRA,0.06099999999992178,0.0,0.0,0.0,0.0,0,0,0.0,0.0,0.0,0.0,0.0,0.0,58.69704725882606
773,PE-24A,53.775,54.046,SIERRA,0.2710000000000008,0.0,0.0,0.0,0.0,0,0,0.0,0.0,0.0,0.0,0.0,0.0,51.94456364248661
774,PE-1N,0.0,0.533,COSTA,0.533,7.0,12.0,9.0,1.0,2,7,18.0,13.0,33.771106941838646,24.390243902439025,0.0,0.0,38.95603655925904
775,PE-1NJ,15.663,34.294,COSTA,18.630999999999997,12.0,12.0,2.0,0.0,0,0,14.0,12.0,0.7514357790778811,0.6440878106381838,0.0,0.0,21.76765731348028
776,PE-3SG,301.416,317.265,SIERRA,15.84899999999999,0.0,0.0,0.0,0.0,0,0,0.0,0.0,0.0,0.0,0.0,0.0,41.0311626341588
777,PE-28B,460.143,460.258,SELVA,0.1150000000000091,0.0,0.0,0.0,0.0,0,0,0.0,0.0,0.0,0.0,0.0,0.0,123.23542850933048
778,PE-40,55.471,56.114,SIERRA,0.6430000000000007,0.0,0.0,0.0,0.0,0,0,0.0,0.0,0.0,0.0,0.0,0.0,61.83498925827796
779,PE-18B,41.838,42.238,SIERRA,0.3999999999999986,0.0,0.0,1.0,0.0,0,0,1.0,0.0,2.500000000000009,0.0,0.0,0.0,34.95385991945347
780,PE-1N,24.968,25.653,COSTA,0.6849999999999987,0.0,0.0,1.0,1.0,3,9,4.0,1.0,5.839416058394171,1.4598540145985428,0.0,0.0,19.61240390808909
781,PE-20B,6.796,7.216,COSTA,0.41999999999999993,2.0,2.0,0.0,0.0,0,0,2.0,2.0,4.761904761904763,4.761904761904763,0.0,0.0,28.131622741448982
782,PE-08B,30.011,30.381,SIERRA,0.370000000000001,0.0,0.0,0.0,0.0,0,0,0.0,0.0,0.0,0.0,0.0,0.0,116.61882155712476
783,PE-3SG,0.411,1.753,SIERRA,1.3419999999999999,0.0,0.0,2.0,0.0,0,0,2.0,0.0,1.490312965722802,0.0,0.0,0.0,90.03075901902717
784,PE-28B,464.726,464.871,SELVA,0.1449999999999818,0.0,0.0,0.0,0.0,0,0,0.0,0.0,0.0,0.0,0.0,0.0,120.33129078449062
785,PE-28B,517.24,517.696,SIERRA,0.4560000000000173,0.0,0.0,0.0,0.0,0,0,0.0,0.0,0.0,0.0,0.0,0.0,116.27744430139248
786,PE-28B,63.301,63.332,SIERRA,0.030999999999998806,0.0,0.0,2.0,0.0,0,0,2.0,0.0,64.51612903226055,0.0,0.0,0.0,39.68811758798991
787,PE-08B,430.311,442.121,SELVA,11.810000000000002,0.0,0.0,0.0,0.0,0,0,0.0,0.0,0.0,0.0,0.0,0.0,67.65920480164836
788,PE-08B,5.834,14.43,SIERRA,8.596,1.0,2.0,10.0,0.0,0,0,11.0,2.0,1.2796649604467194,0.23266635644485806,0.0,0.0,106.64973918415495
789,PE-26,223.301,231.22,SIERRA,7.919000000000011,1.0,1.0,0.0,0.0,0,0,1.0,1.0,0.12627857052658145,0.12627857052658145,0.0,0.0,66.77518483237142
790,PE-3SG,67.879,68.11,SIERRA,0.23099999999999454,0.0,0.0,2.0,11.0,0,0,2.0,11.0,8.658008658008862,47.61904761904874,0.0,0.0,111.66756561825572
791,PE-12A,98.696,133.44,SIERRA,34.744,0.0,0.0,0.0,0.0,0,0,0.0,0.0,0.0,0.0,0.0,0.0,126.76210433549184
792,PE-08B,460.584,498.265,SIERRA,37.68099999999998,0.0,0.0,0.0,0.0,0,0,0.0,0.0,0.0,0.0,0.0,0.0,50.78972167360106
793,PE-12A,177.251,207.393,SIERRA,30.141999999999996,0.0,0.0,0.0,0.0,0,0,0.0,0.0,0.0,0.0,0.0,0.0,141.47278589830174
794,PE-20E,0.0,1.535,COSTA,1.535,0.0,0.0,0.0,0.0,0,0,0.0,0.0,0.0,0.0,0.0,0.0,17.543753225983313
795,PE-1S,224.396,229.711,COSTA,5.315000000000026,9.0,9.0,1.0,0.0,16,32,26.0,9.0,4.891815616180597,1.6933207902163605,0.0,0.0,35.557758853944186
796,PE-1NJ,36.368,85.597,COSTA,49.22899999999999,27.0,28.0,0.0,0.0,0,0,27.0,28.0,0.5484572101809909,0.5687704401876943,0.0,0.0,28.720979507657447
797,PE-34F,39.971,40.288,SIERRA,0.31700000000000017,0.0,0.0,2.0,0.0,0,0,2.0,0.0,6.309148264984223,0.0,0.0,0.0,29.71156714678997
798,PE-34F,39.488,39.971,SIERRA,0.482999999999997,0.0,0.0,0.0,0.0,0,0,0.0,0.0,0.0,0.0,0.0,0.0,29.85601029909299
799,PE-30C,145.165,148.224,SIERRA,3.0589999999999975,0.0,0.0,1.0,0.0,0,0,1.0,0.0,0.32690421706440037,0.0,0.0,0.0,27.54286853790789
800,PE-28B,232.397,242.317,SIERRA,9.920000000000016,0.0,0.0,0.0,0.0,0,0,0.0,0.0,0.0,0.0,0.0,0.0,93.9360641173376
801,PE-30C,652.49,652.717,SELVA,0.22699999999997544,0.0,0.0,0.0,0.0,0,0,0.0,0.0,0.0,0.0,0.0,0.0,61.49671827135949
802,PE-30C,190.415,192.737,SELVA,2.3220000000000027,2.0,2.0,0.0,0.0,0,0,2.0,2.0,0.8613264427217906,0.8613264427217906,0.0,0.0,8.397257345922712
803,PE-30C,398.568,403.687,SELVA,5.119000000000028,1.0,1.0,5.0,0.0,0,0,6.0,1.0,1.1721039265481474,0.19535065442469124,0.0,0.0,48.38903588909652
804,PE-3N,328.267,328.476,SIERRA,0.20900000000000318,0.0,0.0,0.0,0.0,0,0,0.0,0.0,0.0,0.0,0.0,0.0,70.57899988587235
805,PE-1NL,43.966,55.325,COSTA,11.359000000000002,4.0,4.0,0.0,0.0,0,0,4.0,4.0,0.3521436746192446,0.3521436746192446,0.0,0.0,27.195311780987428
806,PE-1NL,122.643,125.796,COSTA,3.153000000000006,0.0,0.0,0.0,0.0,0,0,0.0,0.0,0.0,0.0,0.0,0.0,85.4657756567126
807,PE-1NL,125.796,128.124,COSTA,2.3279999999999887,0.0,0.0,0.0,0.0,0,0,0.0,0.0,0.0,0.0,0.0,0.0,87.44220468475876
808,PE-3N,793.304,793.565,SIERRA,0.26100000000008095,0.0,0.0,0.0,0.0,0,0,0.0,0.0,0.0,0.0,0.0,0.0,77.57887392040158
809,PE-20B,7.689,7.961,COSTA,0.27200000000000024,0.0,0.0,1.0,0.0,0,0,1.0,0.0,3.676470588235291,0.0,0.0,0.0,27.816042079897365
810,PE-34A,124.061,124.47,SIERRA,0.4089999999999918,1.0,1.0,5.0,100.0,2,2,8.0,101.0,19.55990220048939,246.94376528117854,0.0,0.0,9.681118502908502
811,PE-34F,101.736,102.869,SIERRA,1.1329999999999956,0.0,0.0,0.0,0.0,0,0,0.0,0.0,0.0,0.0,0.0,0.0,58.5873576689105
812,PE-3SG,243.668,271.053,SIERRA,27.38499999999999,8.0,10.0,0.0,0.0,0,0,8.0,10.0,0.2921307285010043,0.36516341062625535,0.0,0.0,49.18294480976126
813,PE-34F,9.076,9.704,SIERRA,0.6280000000000001,0.0,0.0,1.0,0.0,0,0,1.0,0.0,1.5923566878980888,0.0,0.0,0.0,43.42992834530906
814,PE-28B,242.317,264.28,SELVA,21.962999999999965,0.0,0.0,2.0,0.0,0,0,2.0,0.0,0.09106224104175219,0.0,0.0,0.0,102.91591624528832
815,PE-34F,93.362,93.738,SIERRA,0.3760000000000048,0.0,0.0,0.0,0.0,0,0,0.0,0.0,0.0,0.0,0.0,0.0,51.51440657547624
816,PE-30C,413.541,419.483,SELVA,5.942000000000007,3.0,3.0,11.0,1000000.0,0,0,14.0,1000003.0,2.3561090541905054,168294.008751262,0.0,0.0,37.47993612217277
817,PE-3N,1270.011,1270.287,SIERRA,0.2760000000000673,0.0,0.0,0.0,0.0,0,0,0.0,0.0,0.0,0.0,0.0,0.0,101.5292841044545
818,PE-30C,40.015,55.432,SIERRA,15.417000000000002,5.0,5.0,0.0,0.0,0,0,5.0,5.0,0.32431731205811765,0.32431731205811765,0.0,0.0,79.4503298928872
819,PE-30C,20.076,40.015,SIERRA,19.939,1.0,1.0,0.0,0.0,0,0,1.0,1.0,0.050152966547971314,0.050152966547971314,0.0,0.0,88.13818819616363
820,PE-3SB,0.048,0.465,SIERRA,0.41700000000000004,0.0,0.0,1.0,0.0,0,0,1.0,0.0,2.398081534772182,0.0,0.0,0.0,42.04428988037779
821,PE-36B,20.472,20.882,SIERRA,0.41000000000000014,0.0,0.0,1.0,0.0,0,0,1.0,0.0,2.4390243902439015,0.0,0.0,0.0,42.52643737557643
822,PE-30C,196.613,198.682,SELVA,2.0689999999999884,0.0,0.0,1.0,0.0,0,0,1.0,0.0,0.4833252779120375,0.0,0.0,0.0,13.315171387449295
823,PE-3N,1426.781,1426.975,SIERRA,0.19399999999995998,0.0,0.0,0.0,0.0,0,0,0.0,0.0,0.0,0.0,0.0,0.0,89.92908118231193
824,PE-3NB,53.0,53.32,SIERRA,0.3200000000000003,0.0,0.0,1.0,0.0,0,0,1.0,0.0,3.1249999999999973,0.0,0.0,0.0,103.0448033723431
825,PE-30C,310.053,315.106,SELVA,5.052999999999997,0.0,0.0,2.0,0.0,0,0,2.0,0.0,0.39580447259054047,0.0,0.0,0.0,33.86186121854219
826,PE-30C,340.242,345.011,SELVA,4.7690000000000055,0.0,0.0,1.0,0.0,0,0,1.0,0.0,0.20968756552736398,0.0,0.0,0.0,8.089971321559933
827,PE-30C,161.309,163.096,SELVA,1.7870000000000061,0.0,0.0,0.0,0.0,0,0,0.0,0.0,0.0,0.0,0.0,0.0,17.17281891705202
828,PE-3N,165.729,175.136,SIERRA,9.406999999999982,3.0,3.0,4.0,0.0,6,12,13.0,3.0,1.381949611991073,0.31891144892101686,0.0,0.0,30.13238761984888
829,PE-28B,383.0,388.362,SELVA,5.362000000000023,0.0,0.0,0.0,0.0,0,0,0.0,0.0,0.0,0.0,0.0,0.0,148.07418332133204
830,PE-18,134.381,134.502,SIERRA,0.12100000000000932,0.0,0.0,0.0,0.0,0,0,0.0,0.0,0.0,0.0,0.0,0.0,82.43862678968145
831,PE-1NR,0.0,1.548,COSTA,1.548,0.0,0.0,0.0,0.0,0,0,0.0,0.0,0.0,0.0,0.0,0.0,23.122052739573835
832,PE-1NR,25.152,27.854,COSTA,2.701999999999998,1.0,1.0,0.0,0.0,0,0,1.0,1.0,0.3700962250185051,0.3700962250185051,0.0,0.0,14.74556684033178
833,PE-1NR,27.854,39.164,COSTA,11.310000000000002,0.0,0.0,0.0,0.0,0,0,0.0,0.0,0.0,0.0,0.0,0.0,11.120547629776638
834,PE-30C,119.211,129.534,SIERRA,10.322999999999993,0.0,0.0,1.0,0.0,0,0,1.0,0.0,0.09687106461300016,0.0,0.0,0.0,39.65229343990765
835,PE-14A,79.087,79.113,SIERRA,0.02599999999999625,0.0,0.0,0.0,0.0,0,0,0.0,0.0,0.0,0.0,0.0,0.0,56.57268449041731
836,PE-24,42.511,42.775,COSTA,0.2639999999999958,0.0,0.0,0.0,0.0,0,0,0.0,0.0,0.0,0.0,0.0,0.0,14.973611947015703
837,PE-3N,1155.034,1155.05,SIERRA,0.015999999999849024,0.0,0.0,0.0,0.0,0,0,0.0,0.0,0.0,0.0,0.0,0.0,98.19736653697343
838,PE-3N,1560.449,1560.577,SELVA,0.12799999999992906,0.0,0.0,1.0,0.0,0,0,1.0,0.0,7.81250000000433,0.0,0.0,0.0,30.773260073855194
839,PE-3N,150.031,150.051,SIERRA,0.01999999999998181,0.0,0.0,1.0,0.0,0,0,1.0,0.0,50.000000000045475,0.0,0.0,0.0,47.87213877011952
840,PE-36B,126.597,126.75,SIERRA,0.1530000000000058,0.0,0.0,0.0,0.0,0,0,0.0,0.0,0.0,0.0,0.0,0.0,38.58899087834306
841,PE-30C,345.011,355.022,SELVA,10.010999999999967,0.0,0.0,0.0,0.0,0,0,0.0,0.0,0.0,0.0,0.0,0.0,1.271664017323919
842,PE-30C,305.024,310.053,SELVA,5.028999999999996,0.0,0.0,1.0,0.0,0,0,1.0,0.0,0.1988466892026249,0.0,0.0,0.0,38.45220071741064
843,PE-30C,419.483,426.204,SELVA,6.721000000000004,1.0,2.0,4.0,0.0,0,0,5.0,2.0,0.7439369141496797,0.2975747656598719,0.0,0.0,33.330389642997744
844,PE-10,0.0,0.058,COSTA,0.058,0.0,0.0,4.0,0.0,0,0,4.0,0.0,68.9655172413793,0.0,0.0,0.0,24.07294409997258
845,PE-3N,151.092,151.095,SIERRA,0.002999999999985903,0.0,0.0,4.0,0.0,0,0,4.0,0.0,1333.3333333395988,0.0,0.0,0.0,46.85594713588882
846,PE-3N,984.589,984.645,SIERRA,0.05599999999992633,0.0,0.0,0.0,0.0,0,0,0.0,0.0,0.0,0.0,0.0,0.0,75.86208506432406
847,PE-3N,1581.113,1581.304,SELVA,0.19100000000003092,0.0,0.0,0.0,0.0,0,0,0.0,0.0,0.0,0.0,0.0,0.0,15.999214123549717
848,PE-30C,220.873,222.902,SELVA,2.0289999999999964,0.0,0.0,0.0,0.0,0,0,0.0,0.0,0.0,0.0,0.0,0.0,29.23220821926928
849,PE-36B,128.17,128.255,SIERRA,0.08500000000000796,0.0,0.0,0.0,0.0,0,0,0.0,0.0,0.0,0.0,0.0,0.0,37.7257567891425
850,PE-14A,418.084,419.103,SELVA,1.0190000000000055,0.0,0.0,0.0,0.0,0,0,0.0,0.0,0.0,0.0,0.0,0.0,93.55625953637806
851,PE-36A,0.0,9.6,SIERRA,9.6,4.0,4.0,2.0,30.0,7,5,13.0,34.0,1.3541666666666667,3.541666666666667,0.0,0.0,3.282872868233822
852,PE-36B,13.407,13.962,SIERRA,0.5549999999999997,0.0,0.0,2.0,0.0,0,0,2.0,0.0,3.6036036036036054,0.0,0.0,0.0,37.09499133423402
853,PE-30C,0.0,20.076,SIERRA,20.076,5.0,10.0,0.0,0.0,0,0,5.0,10.0,0.24905359633393107,0.49810719266786213,0.0,0.0,95.96318761792318
854,PE-1S,1310.197,1310.338,COSTA,0.1410000000000764,0.0,0.0,0.0,0.0,0,1,0.0,0.0,0.0,0.0,0.0,0.0,41.87997336663814
855,PE-1S,184.559,185.033,COSTA,0.47399999999998954,1.0,1.0,15.0,0.0,1,3,17.0,1.0,35.86497890295438,2.1097046413502576,0.0,0.0,2.0717529870272053
856,PE-18A,60.406,60.431,SIERRA,0.02499999999999858,0.0,0.0,0.0,0.0,0,0,0.0,0.0,0.0,0.0,0.0,0.0,55.64312328278368
857,PE-18A,54.795,54.825,SIERRA,0.030000000000001137,0.0,0.0,0.0,0.0,0,0,0.0,0.0,0.0,0.0,0.0,0.0,53.06307062241801
858,PE-18A,51.123,51.159,SIERRA,0.036000000000001364,0.0,0.0,0.0,0.0,0,0,0.0,0.0,0.0,0.0,0.0,0.0,51.087340861518975
859,PE-18A,1.75,7.344,SELVA,5.594,2.0,2.0,0.0,0.0,0,0,2.0,2.0,0.3575259206292456,0.3575259206292456,0.0,0.0,25.01352185231504
860,PE-18A,55.085,55.099,SIERRA,0.013999999999995794,0.0,0.0,0.0,0.0,0,0,0.0,0.0,0.0,0.0,0.0,0.0,53.23333593772493
861,PE-18A,60.112,60.169,SIERRA,0.056999999999995055,0.0,0.0,0.0,0.0,0,0,0.0,0.0,0.0,0.0,0.0,0.0,55.39252979739189
862,PE-12B,106.065,106.339,SELVA,0.2740000000000009,0.0,0.0,0.0,0.0,0,0,0.0,0.0,0.0,0.0,0.0,0.0,140.0379663526142
863,PE-30C,215.852,215.866,SELVA,0.014000000000010004,0.0,0.0,0.0,0.0,0,0,0.0,0.0,0.0,0.0,0.0,0.0,26.126367022638803
864,PE-18,143.885,144.069,SIERRA,0.1839999999999975,0.0,0.0,0.0,0.0,0,0,0.0,0.0,0.0,0.0,0.0,0.0,81.96050941543196
865,PE-30C,138.825,140.102,SIERRA,1.2770000000000152,0.0,0.0,0.0,0.0,0,0,0.0,0.0,0.0,0.0,0.0,0.0,32.00083841161363
866,PE-18,138.931,139.118,SIERRA,0.1869999999999834,0.0,0.0,0.0,0.0,0,0,0.0,0.0,0.0,0.0,0.0,0.0,82.52362276658627
867,PE-14A,246.238,303.54,SIERRA,57.30200000000002,0.0,0.0,0.0,0.0,0,0,0.0,0.0,0.0,0.0,0.0,0.0,104.71624711052463
868,PE-14A,207.179,246.238,SIERRA,39.059,0.0,0.0,0.0,0.0,0,0,0.0,0.0,0.0,0.0,0.0,0.0,106.51456103693286
869,PE-14A,185.794,207.179,SIERRA,21.38499999999999,0.0,0.0,0.0,0.0,0,0,0.0,0.0,0.0,0.0,0.0,0.0,104.33869775612747
870,PE-30C,192.737,193.845,SELVA,1.108000000000004,1.0,1.0,0.0,0.0,0,0,1.0,1.0,0.902527075812271,0.902527075812271,0.0,0.0,9.821843252889131
871,PE-3SG,335.239,336.333,SIERRA,1.094000000000051,0.0,0.0,0.0,0.0,0,0,0.0,0.0,0.0,0.0,0.0,0.0,21.87252392300772
872,PE-36A,197.122,201.998,SIERRA,4.875999999999976,1.0,2.0,0.0,0.0,4,2,5.0,2.0,1.025430680885977,0.41017227235439085,0.0,0.0,21.71536764588803
873,PE-1N,1051.183,1053.646,COSTA,2.4629999999999654,1.0,1.0,0.0,0.0,9,34,10.0,1.0,4.06008932196514,0.406008932196514,0.0,0.0,27.465227455084083
874,PE-3N,1102.385,1102.439,SIERRA,0.05400000000008731,0.0,0.0,0.0,0.0,0,0,0.0,0.0,0.0,0.0,0.0,0.0,91.35229504272549
875,PE-1NJ,256.416,259.6,COSTA,3.184000000000026,3.0,3.0,0.0,0.0,0,0,3.0,3.0,0.9422110552763743,0.9422110552763743,0.0,0.0,8.28927682007955
876,PE-3SG,353.692,353.713,SIERRA,0.021000000000015007,0.0,0.0,2.0,1.0,0,0,2.0,1.0,95.23809523802719,47.61904761901359,0.0,0.0,4.858510366163633
877,PE-1NJ,252.875,254.688,COSTA,1.8129999999999882,2.0,2.0,1.0,0.0,0,0,3.0,2.0,1.654715940430237,1.1031439602868247,0.0,0.0,11.051506979609714
878,PE-30A,42.242,75.778,SIERRA,33.53600000000001,0.0,0.0,1.0,0.0,71,106,72.0,0.0,2.1469465648854955,0.0,0.0,0.0,38.187572623295765
879,PE-30A,98.649,155.051,SIERRA,56.40199999999999,3.0,3.0,0.0,0.0,119,178,122.0,3.0,2.1630438636927773,0.0531896032055601,0.0,0.0,7.945429989523268
880,PE-24,54.662,64.589,COSTA,9.927,0.0,0.0,0.0,0.0,0,0,0.0,0.0,0.0,0.0,0.0,0.0,29.29966997921805
881,PE-3SG,317.265,317.27,SIERRA,0.0049999999999954525,0.0,0.0,0.0,0.0,0,0,0.0,0.0,0.0,0.0,0.0,0.0,34.49269359558594
882,PE-30C,159.52,161.309,SELVA,1.7889999999999873,0.0,0.0,0.0,0.0,0,0,0.0,0.0,0.0,0.0,0.0,0.0,18.34033450127892
883,PE-1S,892.359,901.178,SIERRA,8.81899999999996,4.0,5.0,2.0,1.0,26,52,32.0,6.0,3.6285293117133626,0.6803492459462555,0.0,0.0,36.7523657886718
884,PE-1S,735.825,739.037,COSTA,3.211999999999989,0.0,0.0,2.0,0.0,10,19,12.0,0.0,3.735990037359913,0.0,0.0,0.0,30.3465575532214
885,PE-1S,811.331,812.757,COSTA,1.4259999999999309,0.0,0.0,5.0,0.0,4,8,9.0,0.0,6.31136044880816,0.0,0.0,0.0,26.60536907767193
886,PE-1S,836.94,843.586,COSTA,6.645999999999958,2.0,3.0,0.0,0.0,20,40,22.0,3.0,3.3102618116160305,0.45139933794764053,0.0,0.0,3.939267592906748
887,PE-1S,852.798,857.387,SIERRA,4.588999999999942,0.0,0.0,1.0,1.0,14,27,15.0,1.0,3.268685988232772,0.21791239921551814,0.0,0.0,8.29530993457181
888,PE-1S,739.037,743.508,COSTA,4.471000000000004,0.0,0.0,1.0,0.0,13,27,14.0,0.0,3.1312905390292975,0.0,0.0,0.0,33.69620786646021
889,PE-1S,707.522,712.239,COSTA,4.7169999999999845,2.0,2.0,1.0,0.0,14,28,17.0,2.0,3.6039855840576758,0.42399830400678534,0.0,0.0,4.564603663224073
890,PE-1S,732.194,735.825,COSTA,3.6310000000000855,0.0,0.0,5.0,20001.0,11,22,16.0,20001.0,4.40649958689056,5508.39988983738,0.0,0.0,27.04276582300984
891,PE-1S,715.832,717.253,COSTA,1.4210000000000491,0.0,0.0,1.0,0.0,4,8,5.0,0.0,3.5186488388457615,0.0,0.0,0.0,10.931209365491648
892,PE-1S,752.215,757.803,COSTA,5.587999999999965,0.0,0.0,1.0,0.0,17,33,18.0,0.0,3.221188260558359,0.0,0.0,0.0,43.30250304053093
893,PE-1S,953.035,956.343,SIERRA,3.3079999999999927,1.0,1.0,5.0,7000.0,10,20,16.0,7001.0,4.836759371221293,2116.384522370017,0.0,0.0,22.63692041379362
894,PE-1S,804.871,811.331,COSTA,6.460000000000036,0.0,0.0,1.0,0.0,19,38,20.0,0.0,3.095975232198125,0.0,0.0,0.0,30.24062251964985
895,PE-1S,794.113,803.476,COSTA,9.362999999999943,1.0,1.0,1.0,0.0,28,56,30.0,1.0,3.204101249599507,0.10680337498665023,0.0,0.0,38.4315716906349
896,PE-1S,887.277,891.09,SIERRA,3.812999999999988,0.0,0.0,1.0,1.0,11,23,12.0,1.0,3.1471282454760128,0.2622606871230011,0.0,0.0,32.323463286181216
897,PE-1S,817.858,821.424,COSTA,3.566000000000031,1.0,1.0,0.0,0.0,11,21,12.0,1.0,3.3651149747616085,0.2804262478968007,0.0,0.0,19.2840730649299
898,PE-1S,768.585,775.895,COSTA,7.309999999999945,1.0,1.0,5.0,0.0,22,43,28.0,1.0,3.8303693570451722,0.13679890560875616,0.0,0.0,54.46001996839878
899,PE-1S,941.661,948.055,SIERRA,6.3940000000000055,5.0,15.0,10.0,1000000010.0,19,38,34.0,1000000025.0,5.317485142320922,156396625.74288383,0.0,0.0,29.12933751420516
900,PE-1S,239.709,239.712,COSTA,0.002999999999985903,0.0,0.0,0.0,0.0,0,0,0.0,0.0,0.0,0.0,0.0,0.0,27.74119166890128
901,PE-1S,956.343,963.204,SIERRA,6.86099999999999,14.0,17.0,5.0,10000.0,20,41,39.0,10017.0,5.684302579798872,1459.9912549191101,0.0,0.0,19.13302246424765
902,PE-1S,726.117,730.826,COSTA,4.70900000000006,1.0,1.0,3.0,0.0,14,28,18.0,1.0,3.822467615204878,0.21235931195582655,0.0,0.0,21.89332782121123
903,PE-1S,762.155,767.502,COSTA,5.34699999999998,0.0,0.0,3.0,0.0,16,32,19.0,0.0,3.553394426781386,0.0,0.0,0.0,50.91804335493199
904,PE-1S,775.895,786.707,COSTA,10.812000000000012,1.0,1.0,0.0,0.0,32,64,33.0,1.0,3.052164261931184,0.09248982611912679,0.0,0.0,53.2650592594512
905,PE-1S,831.614,834.646,COSTA,3.0319999999999254,1.0,1.0,2.0,0.0,9,18,12.0,1.0,3.9577836411610474,0.32981530343008725,0.0,0.0,9.02630111314079
906,PE-3N,1422.486,1422.566,SIERRA,0.07999999999992724,0.0,0.0,0.0,0.0,0,0,0.0,0.0,0.0,0.0,0.0,0.0,90.29070302242238
907,PE-3N,580.484,580.494,SIERRA,0.009999999999990905,0.0,0.0,0.0,0.0,0,0,0.0,0.0,0.0,0.0,0.0,0.0,41.509210647377785
908,PE-14A,423.593,427.285,SELVA,3.6920000000000073,0.0,0.0,0.0,0.0,0,0,0.0,0.0,0.0,0.0,0.0,0.0,94.58844031031978
909,PE-5NI,50.072,161.072,SELVA,111.0,0.0,0.0,0.0,0.0,0,0,0.0,0.0,0.0,0.0,0.0,0.0,529.0045100271642
910,PE-1SD,221.645,236.908,COSTA,15.262999999999977,1.0,1.0,0.0,0.0,0,0,1.0,1.0,0.06551791915088787,0.06551791915088787,0.0,0.0,18.627825129031724
911,PE-1SD,197.06,201.817,COSTA,4.757000000000005,0.0,0.0,5.0,0.0,0,0,5.0,0.0,1.0510826150935453,0.0,0.0,0.0,27.417971310562773
912,PE-1SD,201.817,206.317,COSTA,4.5,0.0,0.0,4.0,0.0,0,0,4.0,0.0,0.8888888888888888,0.0,0.0,0.0,30.321307407453425
913,PE-1SD,206.317,211.317,COSTA,5.0,0.0,0.0,3.0,0.0,0,0,3.0,0.0,0.6,0.0,0.0,0.0,33.41556175857971
914,PE-1SD,186.286,186.812,COSTA,0.5260000000000105,0.0,0.0,3.0,0.0,0,0,3.0,0.0,5.703422053231826,0.0,0.0,0.0,19.49899638392701
915,PE-1SD,186.812,197.06,COSTA,10.24799999999999,2.0,3.0,0.0,0.0,0,0,2.0,3.0,0.19516003122560519,0.29274004683840776,0.0,0.0,22.938040443641928
916,PE-1SD,156.859,176.827,COSTA,19.96799999999999,2.0,2.0,0.0,0.0,0,0,2.0,2.0,0.10016025641025647,0.10016025641025647,0.0,0.0,2.94753471899608
917,PE-1SD,129.557,133.708,COSTA,4.1510000000000105,3.0,5.0,0.0,0.0,0,0,3.0,5.0,0.7227174174897597,1.2045290291495994,0.0,0.0,22.621849777545883
918,PE-1SD,144.292,145.613,COSTA,1.320999999999998,2.0,2.0,0.0,0.0,0,0,2.0,2.0,1.5140045420136283,1.5140045420136283,0.0,0.0,16.579274994941326
919,PE-1SD,94.458,98.84,COSTA,4.382000000000005,1.0,1.0,0.0,0.0,0,0,1.0,1.0,0.22820629849383817,0.22820629849383817,0.0,0.0,1.652074550356869
920,PE-1SD,98.84,107.915,COSTA,9.075000000000003,3.0,3.0,2.0,0.0,0,0,5.0,3.0,0.5509641873278235,0.3305785123966941,0.0,0.0,5.444725119859003
921,PE-34H,0.0,3.196,SIERRA,3.196,4.0,4.0,0.0,0.0,0,0,4.0,4.0,1.2515644555694618,1.2515644555694618,0.0,0.0,58.42284192756465
922,PE-34H,45.083,47.704,SIERRA,2.621000000000002,1.0,7.0,4.0,0.0,0,0,5.0,7.0,1.9076688286913375,2.6707363601678726,0.0,0.0,85.25317100488311
923,PE-34H,40.045,45.083,SIERRA,5.037999999999997,1.0,1.0,5.0,100.0,0,0,6.0,101.0,1.1909487892020652,20.047637951568095,0.0,0.0,83.27831352292678
924,PE-34H,3.196,19.78,SIERRA,16.584,11.0,16.0,3.0,0.0,0,0,14.0,16.0,0.844187168355041,0.964785335262904,0.0,0.0,66.19037862853563
925,PE-34H,326.437,341.742,SELVA,15.305000000000007,0.0,0.0,0.0,0.0,0,0,0.0,0.0,0.0,0.0,0.0,0.0,148.52825563101842
926,PE-34H,30.009,40.045,SIERRA,10.036000000000001,11.0,16.0,3.0,1.0,0,0,14.0,17.0,1.3949780789159025,1.6939019529693102,0.0,0.0,78.78981406584266
927,PE-34H,19.78,30.009,SIERRA,10.229,4.0,5.0,2.0,0.0,0,0,6.0,5.0,0.5865676019161209,0.4888063349301007,0.0,0.0,73.90188542220717
928,PE-34H,341.742,352.627,SELVA,10.884999999999991,0.0,0.0,0.0,0.0,0,0,0.0,0.0,0.0,0.0,0.0,0.0,155.18935898111022
929,PE-28B,391.262,417.781,SELVA,26.519000000000005,1.0,1.0,0.0,0.0,0,0,1.0,1.0,0.03770881254949281,0.03770881254949281,0.0,0.0,147.64820651111387
930,PE-1NU,14.186,24.668,,10.482,0.0,0.0,0.0,0.0,0,0,0.0,0.0,0.0,0.0,0.0,0.0,19.277297162234497
931,PE-3S,172.381,189.969,SIERRA,17.587999999999994,4.0,6.0,1.0,0.0,9,14,14.0,6.0,0.7959972708665002,0.34114168751421436,0.0,0.0,36.04850902172934
932,PE-3S,429.979,440.468,SIERRA,10.489000000000033,2.0,2.0,2.0,0.0,5,9,9.0,2.0,0.8580417580322216,0.19067594622938258,0.0,0.0,21.09616180445378
933,PE-3S,489.268,512.448,SIERRA,23.180000000000007,2.0,2.0,0.0,0.0,11,19,13.0,2.0,0.5608283002588437,0.08628127696289903,0.0,0.0,48.00497764856384
934,PE-3S,389.816,390.205,SIERRA,0.38900000000001,0.0,0.0,0.0,0.0,0,0,0.0,0.0,0.0,0.0,0.0,0.0,8.226619558231771
935,PE-3S,314.011,317.773,SIERRA,3.7620000000000005,0.0,0.0,1.0,0.0,2,3,3.0,0.0,0.7974481658692184,0.0,0.0,0.0,41.89587145779616
936,PE-3S,334.933,336.575,SIERRA,1.641999999999996,2.0,2.0,0.0,0.0,1,1,3.0,2.0,1.827040194884292,1.218026796589528,0.0,0.0,31.72876415982255
937,PE-3S,578.868,583.72,SIERRA,4.851999999999975,0.0,0.0,3.0,100.0,2,4,5.0,100.0,1.0305028854080844,20.610057708161687,0.0,0.0,67.86819022751274
938,PE-3S,643.423,676.895,SIERRA,33.47199999999998,3.0,7.0,0.0,0.0,16,27,19.0,7.0,0.5676386233269601,0.209130019120459,0.0,0.0,31.71935287368164
939,PE-3S,970.994,973.021,SIERRA,2.02699999999993,0.0,0.0,0.0,0.0,1,2,1.0,0.0,0.493339911198833,0.0,0.0,0.0,123.22933805591632
940,PE-5S,123.537,129.796,SELVA,6.258999999999986,5.0,5.0,1.0,0.0,0,0,6.0,5.0,0.9586195877935794,0.7988496564946495,0.0,0.0,95.99198256354052
941,PE-5S,130.52,140.143,SELVA,9.62299999999999,2.0,17.0,0.0,0.0,0,0,2.0,17.0,0.20783539436766102,1.7666008521251186,0.0,0.0,101.5199701577182
942,PE-5S,13.388,15.177,SELVA,1.7889999999999997,1.0,1.0,2.0,10.0,0,0,3.0,11.0,1.6769144773616549,6.148686416992734,0.0,0.0,33.136097934986424
943,PE-5S,1151.126,1170.343,SELVA,19.2170000000001,0.0,0.0,0.0,0.0,0,0,0.0,0.0,0.0,0.0,0.0,0.0,50.56590848720047
944,PE-5S,337.627,452.712,SELVA,115.08499999999998,0.0,0.0,0.0,0.0,0,0,0.0,0.0,0.0,0.0,0.0,0.0,220.72592000297504
945,PE-5N,420.482,421.302,SELVA,0.8199999999999932,0.0,0.0,0.0,0.0,1,1,1.0,0.0,1.2195121951219614,0.0,0.0,0.0,134.22376046738316
946,PE-5N,328.372,352.767,SELVA,24.394999999999982,0.0,0.0,0.0,0.0,17,38,17.0,0.0,0.6968641114982583,0.0,0.0,0.0,186.9217663756029
947,PE-5N,1388.593,1388.649,SELVA,0.055999999999812644,0.0,0.0,0.0,0.0,0,0,0.0,0.0,0.0,0.0,0.0,0.0,16.349757553586773
948,PE-3SG,204.621,212.512,SIERRA,7.890999999999991,0.0,0.0,0.0,0.0,0,0,0.0,0.0,0.0,0.0,0.0,0.0,62.15726209134853
949,PE-5N,327.047,328.341,SELVA,1.2939999999999827,1.0,1.0,0.0,0.0,1,2,2.0,1.0,1.5455950540958476,0.7727975270479238,0.0,0.0,191.8552311719926
950,PE-10B,57.417,81.374,SELVA,23.956999999999994,0.0,0.0,0.0,0.0,0,0,0.0,0.0,0.0,0.0,0.0,0.0,128.14403219855149
951,PE-28B,461.218,462.726,SELVA,1.5079999999999814,1.0,1.0,0.0,0.0,0,0,1.0,1.0,0.6631299734748093,0.6631299734748093,0.0,0.0,122.36951897648102
952,PE-28B,462.726,464.726,SELVA,2.0,2.0,2.0,0.0,0.0,0,0,2.0,2.0,1.0,1.0,0.0,0.0,121.19908937135004
953,PE-28B,0.0,17.943,SIERRA,17.943,1.0,1.0,0.0,0.0,0,0,1.0,1.0,0.05573204034999721,0.05573204034999721,0.0,0.0,19.0107210957438
954,PE-28B,172.769,173.404,SELVA,0.6349999999999909,0.0,0.0,0.0,0.0,0,0,0.0,0.0,0.0,0.0,0.0,0.0,83.79515169015686
955,PE-08B,368.604,398.204,SELVA,29.600000000000023,0.0,0.0,0.0,0.0,0,0,0.0,0.0,0.0,0.0,0.0,0.0,58.17012496924607
956,PE-1NJ,5.462,10.203,COSTA,4.741,3.0,5.0,0.0,0.0,0,0,3.0,5.0,0.6327778949588695,1.0546298249314492,0.0,0.0,6.038609745464121
957,PE-28G,20.878,25.533,SIERRA,4.655000000000001,0.0,0.0,1.0,0.0,0,0,1.0,0.0,0.2148227712137486,0.0,0.0,0.0,121.49199765572762
958,PE-3SG,118.01,150.743,SIERRA,32.73299999999999,5.0,7.0,0.0,0.0,0,0,5.0,7.0,0.15275104634466752,0.2138514648825345,0.0,0.0,100.83076261545652
959,PE-3SG,20.016,46.446,SIERRA,26.43,1.0,1.0,0.0,0.0,0,0,1.0,1.0,0.037835792659856225,0.037835792659856225,0.0,0.0,102.53363683459956
960,PE-1NJ,10.203,15.663,COSTA,5.460000000000001,4.0,5.0,0.0,0.0,0,0,4.0,5.0,0.7326007326007324,0.9157509157509156,0.0,0.0,11.149537898804525
961,PE-3SG,68.11,68.121,SIERRA,0.01099999999999568,0.0,0.0,0.0,0.0,0,0,0.0,0.0,0.0,0.0,0.0,0.0,111.66918191804224
962,PE-3SG,152.061,167.887,SIERRA,15.825999999999993,1.0,1.0,0.0,0.0,0,0,1.0,1.0,0.06318716036901305,0.06318716036901305,0.0,0.0,85.5208615320198
963,PE-22,29.336,40.036,SIERRA,10.700000000000003,10.0,10.0,3.0,0.0,0,0,13.0,10.0,1.214953271028037,0.9345794392523362,0.0,0.0,13.532719522613396
964,PE-3SG,7.791,19.586,SIERRA,11.794999999999998,0.0,0.0,0.0,0.0,0,0,0.0,0.0,0.0,0.0,0.0,0.0,95.54582587967728
965,PE-38A,14.094,37.694,SIERRA,23.6,0.0,0.0,0.0,0.0,0,0,0.0,0.0,0.0,0.0,0.0,0.0,49.91219909976724
966,PE-3SG,57.047,67.879,SIERRA,10.832000000000008,3.0,3.0,0.0,0.0,0,0,3.0,3.0,0.27695716395864084,0.27695716395864084,0.0,0.0,109.8789397144618
967,PE-38A,42.34,64.48,SIERRA,22.14,5.0,5.0,0.0,0.0,0,0,5.0,5.0,0.22583559168925021,0.22583559168925021,0.0,0.0,26.93824341507507
968,PE-22,0.0,9.841,COSTA,9.841,21.0,24.0,3.0,0.0,0,0,24.0,24.0,2.4387765470988723,2.4387765470988723,0.0,0.0,37.55121311332699
969,PE-3SG,94.621,118.01,SIERRA,23.38900000000001,6.0,6.0,0.0,0.0,0,0,6.0,6.0,0.25653084783445196,0.25653084783445196,0.0,0.0,111.25127595850635
970,PE-3SG,272.987,277.848,SIERRA,4.86099999999999,0.0,0.0,0.0,0.0,0,0,0.0,0.0,0.0,0.0,0.0,0.0,51.50162241454106
971,PE-3SG,326.525,335.237,SIERRA,8.712000000000046,0.0,0.0,0.0,0.0,0,0,0.0,0.0,0.0,0.0,0.0,0.0,23.98065598814139
972,PE-3SG,68.121,94.169,SIERRA,26.048000000000002,5.0,5.0,0.0,0.0,0,0,5.0,5.0,0.19195331695331694,0.19195331695331694,0.0,0.0,114.59590174465528
973,PE-14A,333.889,343.005,SELVA,9.115999999999985,0.0,0.0,0.0,0.0,0,0,0.0,0.0,0.0,0.0,0.0,0.0,102.0261706796106
974,PE-28B,64.09,77.441,SIERRA,13.350999999999999,0.0,0.0,0.0,0.0,0,0,0.0,0.0,0.0,0.0,0.0,0.0,42.71484926111633
975,PE-28B,505.047,517.24,SIERRA,12.192999999999984,3.0,3.0,0.0,0.0,0,0,3.0,3.0,0.2460428114491925,0.2460428114491925,0.0,0.0,115.73635247555616
976,PE-28B,26.531,37.732,SIERRA,11.201,1.0,1.0,1.0,0.0,0,0,2.0,1.0,0.17855548611731095,0.08927774305865548,0.0,0.0,29.63169085653372
977,PE-08B,412.294,427.311,SELVA,15.016999999999996,1.0,1.0,0.0,0.0,0,0,1.0,1.0,0.06659119664380371,0.06659119664380371,0.0,0.0,69.58659956663998
978,PE-08B,324.541,325.826,SELVA,1.285000000000025,0.0,0.0,3.0,0.0,0,0,3.0,0.0,2.334630350194507,0.0,0.0,0.0,36.52314587998443
979,PE-12A,93.539,98.696,SIERRA,5.1569999999999965,0.0,0.0,0.0,0.0,0,0,0.0,0.0,0.0,0.0,0.0,0.0,112.57739868778538
980,PE-1NF,59.845,70.597,SIERRA,10.751999999999995,2.0,2.0,0.0,0.0,0,0,2.0,2.0,0.18601190476190485,0.18601190476190485,0.0,0.0,52.620719833702346
981,PE-5NB,20.548,40.052,SELVA,19.504,1.0,1.0,3.0,1.0,0,0,4.0,2.0,0.2050861361771944,0.1025430680885972,0.0,0.0,12.567238735344338
982,PE-20,14.331,16.431,COSTA,2.1000000000000014,3.0,3.0,0.0,0.0,0,0,3.0,3.0,1.4285714285714277,1.4285714285714277,0.0,0.0,34.027860438774624
983,PE-18B,37.411,37.63,SIERRA,0.2190000000000012,0.0,0.0,0.0,0.0,0,0,0.0,0.0,0.0,0.0,0.0,0.0,32.539468774708105
984,PE-06B,59.889,60.32,SIERRA,0.4309999999999974,0.0,0.0,0.0,0.0,0,0,0.0,0.0,0.0,0.0,0.0,0.0,59.1174754641065
985,PE-3N,1365.71,1366.248,SIERRA,0.5380000000000109,0.0,0.0,0.0,0.0,0,1,0.0,0.0,0.0,0.0,0.0,0.0,96.44734705757324
986,PE-1N,22.367,22.738,COSTA,0.37099999999999866,2.0,2.0,0.0,0.0,1,5,3.0,2.0,8.086253369272267,5.390835579514844,0.0,0.0,22.02482892624672
987,PE-3N,1099.946,1100.108,SIERRA,0.16200000000003456,0.0,0.0,0.0,0.0,0,0,0.0,0.0,0.0,0.0,0.0,0.0,89.5351583785779
988,PE-5NA,124.653,124.804,SELVA,0.15099999999999625,0.0,0.0,0.0,0.0,0,0,0.0,0.0,0.0,0.0,0.0,0.0,71.70335537471955
989,PE-3SG,56.925,57.047,SIERRA,0.12199999999999989,0.0,0.0,0.0,0.0,0,0,0.0,0.0,0.0,0.0,0.0,0.0,108.06350666613037
990,PE-24,265.005,265.295,SIERRA,0.29000000000002046,0.0,0.0,1.0,0.0,0,0,1.0,0.0,3.4482758620687224,0.0,0.0,0.0,28.426898961983884
991,PE-30C,429.791,430.151,SELVA,0.36000000000001364,0.0,0.0,0.0,0.0,0,0,0.0,0.0,0.0,0.0,0.0,0.0,31.07465276118488
992,PE-3N,1794.245,1794.52,SIERRA,0.27500000000009095,0.0,0.0,0.0,0.0,0,0,0.0,0.0,0.0,0.0,0.0,0.0,40.46630959203035
993,PE-3N,1794.553,1794.833,SIERRA,0.2799999999999727,0.0,0.0,0.0,0.0,0,0,0.0,0.0,0.0,0.0,0.0,0.0,40.39086789008821
994,PE-3N,1719.804,1719.875,SIERRA,0.07099999999991269,0.0,0.0,0.0,0.0,0,0,0.0,0.0,0.0,0.0,0.0,0.0,22.39055200912864
995,PE-3N,1214.35,1214.585,SIERRA,0.23500000000012733,0.0,0.0,0.0,0.0,0,0,0.0,0.0,0.0,0.0,0.0,0.0,106.46837916087895
996,PE-3N,1793.991,1794.204,SIERRA,0.21299999999996544,0.0,0.0,0.0,0.0,0,0,0.0,0.0,0.0,0.0,0.0,0.0,40.50159239597959
997,PE-1NE,38.83,39.663,SIERRA,0.8329999999999984,0.0,0.0,2.0,0.0,0,0,2.0,0.0,2.400960384153666,0.0,0.0,0.0,35.085633930702144
998,PE-1NN,37.385,37.496,COSTA,0.1110000000000042,0.0,0.0,0.0,0.0,0,0,0.0,0.0,0.0,0.0,0.0,0.0,32.78792545000961
999,PE-30C,243.352,243.469,SELVA,0.11699999999999022,0.0,0.0,0.0,0.0,0,0,0.0,0.0,0.0,0.0,0.0,0.0,30.212883174022814
1000,PE-5NB,89.766,90.574,SELVA,0.8079999999999927,0.0,0.0,0.0,0.0,0,0,0.0,0.0,0.0,0.0,0.0,0.0,28.773983789773844
1001,PE-18,11.563,12.263,COSTA,0.6999999999999993,0.0,0.0,0.0,0.0,0,0,0.0,0.0,0.0,0.0,0.0,0.0,31.20821653721708
1002,PE-3N,1156.84,1157.643,SIERRA,0.803000000000111,1.0,1.0,1.0,2.0,1,1,3.0,3.0,3.735990037359384,3.735990037359384,0.0,0.0,96.84130784305384
1003,PE-3N,1156.457,1156.84,SIERRA,0.3829999999998108,0.0,0.0,0.0,0.0,0,0,0.0,0.0,0.0,0.0,0.0,0.0,97.31069472625356
1004,PE-14A,99.034,99.16,SIERRA,0.12599999999999056,0.0,0.0,0.0,0.0,0,0,0.0,0.0,0.0,0.0,0.0,0.0,72.7915655397
1005,PE-3N,1155.161,1155.312,SIERRA,0.15099999999983993,0.0,0.0,0.0,0.0,0,0,0.0,0.0,0.0,0.0,0.0,0.0,98.22271356845484
1006,PE-1N,21.061,21.592,COSTA,0.5309999999999988,2.0,2.0,2.0,0.0,2,7,6.0,2.0,11.299435028248613,3.766478342749538,0.0,0.0,23.205375608725667
1007,PE-3N,1270.287,1270.511,SIERRA,0.2239999999999327,1.0,1.0,0.0,0.0,0,0,1.0,1.0,4.464285714287056,4.464285714287056,0.0,0.0,101.5989893037071
1008,PE-18,132.241,132.763,SIERRA,0.5219999999999914,0.0,0.0,0.0,0.0,0,0,0.0,0.0,0.0,0.0,0.0,0.0,81.19360089416976
1009,PE-5NC,29.049,29.47,SELVA,0.4209999999999994,0.0,0.0,0.0,0.0,0,0,0.0,0.0,0.0,0.0,0.0,0.0,29.08103267741181
1010,PE-3N,1266.229,1266.858,SIERRA,0.6289999999999054,0.0,0.0,0.0,0.0,0,1,0.0,0.0,0.0,0.0,0.0,0.0,101.02203155048376
1011,PE-3N,502.107,502.839,SIERRA,0.7319999999999709,0.0,0.0,0.0,0.0,0,1,0.0,0.0,0.0,0.0,0.0,0.0,29.28296761733579
1012,PE-18,110.181,110.243,SIERRA,0.06199999999999761,0.0,0.0,0.0,0.0,0,0,0.0,0.0,0.0,0.0,0.0,0.0,65.69620658977256
1013,PE-3N,445.635,445.955,SIERRA,0.3199999999999932,0.0,0.0,0.0,0.0,0,0,0.0,0.0,0.0,0.0,0.0,0.0,33.67228736871496
1014,PE-3N,850.581,851.05,SIERRA,0.46899999999993724,0.0,0.0,0.0,0.0,0,1,0.0,0.0,0.0,0.0,0.0,0.0,91.2754259883136
1015,PE-1S,238.619,238.832,COSTA,0.21299999999999386,0.0,0.0,2.0,0.0,1,1,3.0,0.0,14.084507042253927,0.0,0.0,0.0,28.43818659026428
1016,PE-1S,65.391,65.887,COSTA,0.4959999999999951,0.0,0.0,6.0,0.0,1,3,7.0,0.0,14.11290322580659,0.0,0.0,0.0,0.3553852146935629
1017,PE-1S,130.695,131.0,COSTA,0.3050000000000068,0.0,0.0,16.0,1012000011000000.0,1,2,17.0,1012000011000000.0,55.73770491803154,3318032822950745.5,0.0,0.0,21.090494440240604
1018,PE-1S,150.23,151.0,COSTA,0.7700000000000102,0.0,0.0,10.0,1000000010.0,2,5,12.0,1000000010.0,15.584415584415376,1298701311.6882944,0.0,0.0,13.27132173494518
1019,PE-1S,2.195,2.561,COSTA,0.3660000000000001,0.0,0.0,0.0,0.0,1,2,1.0,0.0,2.732240437158469,0.0,0.0,0.0,41.06703653695877
1020,PE-1S,6.152,6.811,COSTA,0.6589999999999998,3.0,3.0,2.0,10.0,2,4,7.0,13.0,10.622154779969653,19.7268588770865,0.0,0.0,44.48383879431697
1021,PE-1S,1.235,2.195,COSTA,0.9599999999999997,5.0,5.0,1.0,0.0,3,6,9.0,5.0,9.375000000000002,5.208333333333335,0.0,0.0,40.64550108999509
1022,PE-1S,6.811,7.692,COSTA,0.8810000000000002,6.0,7.0,2.0,0.0,3,5,11.0,7.0,12.485811577752552,7.945516458569805,0.0,0.0,45.21436948588789
1023,PE-1S,1309.509,1310.197,COSTA,0.6879999999998745,0.0,0.0,0.0,0.0,2,4,2.0,0.0,2.906976744186577,0.0,0.0,0.0,41.5153398538968
1024,PE-20A,182.064,182.554,SIERRA,0.4900000000000091,0.0,0.0,0.0,0.0,0,0,0.0,0.0,0.0,0.0,0.0,0.0,64.08534398297982
1025,PE-18A,122.307,122.525,SELVA,0.21800000000000352,0.0,0.0,3.0,10.0,0,0,3.0,10.0,13.761467889908035,45.871559633026784,0.0,0.0,95.5316016097642
1026,PE-04B,17.967,18.151,SIERRA,0.18400000000000105,0.0,0.0,0.0,0.0,0,0,0.0,0.0,0.0,0.0,0.0,0.0,8.894852717938223
1027,PE-18,262.347,263.058,SIERRA,0.7110000000000127,0.0,0.0,0.0,0.0,0,0,0.0,0.0,0.0,0.0,0.0,0.0,19.85836630610301
1028,PE-30D,202.873,203.529,SIERRA,0.6560000000000059,0.0,0.0,0.0,0.0,0,0,0.0,0.0,0.0,0.0,0.0,0.0,62.53548395494554
1029,PE-14A,107.919,108.049,SIERRA,0.13000000000000966,0.0,0.0,0.0,0.0,0,0,0.0,0.0,0.0,0.0,0.0,0.0,80.43099298730367
1030,PE-24,281.595,282.71,SIERRA,1.1149999999999523,0.0,0.0,0.0,0.0,0,0,0.0,0.0,0.0,0.0,0.0,0.0,15.133925116590538
1031,PE-24,279.699,281.595,SIERRA,1.896000000000015,0.0,0.0,1.0,0.0,0,0,1.0,0.0,0.5274261603375485,0.0,0.0,0.0,16.165446269002942
1032,PE-28B,333.029,333.279,SELVA,0.25,0.0,0.0,0.0,0.0,0,0,0.0,0.0,0.0,0.0,0.0,0.0,139.77548697043562
1033,PE-1S,717.253,726.117,COSTA,8.863999999999919,0.0,0.0,4.0,0.0,26,53,30.0,0.0,3.3844765342960597,0.0,1.0,0.5,15.63308552253782
1034,PE-08B,527.216,527.85,SELVA,0.6340000000000146,0.0,0.0,0.0,0.0,0,0,0.0,0.0,0.0,0.0,0.0,0.0,29.8228781892804
1035,PE-14A,303.54,309.749,SIERRA,6.209000000000003,0.0,0.0,0.0,0.0,0,0,0.0,0.0,0.0,0.0,0.0,0.0,101.7347929365321
1036,PE-30A,353.672,369.804,SIERRA,16.131999999999948,0.0,0.0,1.0,1.0,34,51,35.0,1.0,2.1696007934540114,0.06198859409868604,0.0,0.0,41.79033448090112
1037,PE-22B,72.963,82.484,SELVA,9.521,1.0,1.0,3.0,1.0,0,0,4.0,2.0,0.42012393656128555,0.21006196828064277,0.0,0.0,10.9275228654901
1038,PE-1NJ,96.682,124.682,COSTA,28.0,5.0,5.0,1.0,0.0,0,0,6.0,5.0,0.21428571428571427,0.17857142857142858,0.0,0.0,22.433537866619016
1039,PE-1S,787.484,793.651,COSTA,6.166999999999916,2.0,5.0,4.0,0.0,18,37,24.0,5.0,3.8916815307281216,0.8107669855683587,0.0,0.0,45.60181729341174
1040,PE-1S,743.508,748.905,COSTA,5.3969999999999345,0.0,0.0,6.0,100000.0,16,32,22.0,100000.0,4.076338706688951,18528.812303131595,1.0,0.5,36.916250399800106
1041,PE-1S,700.805,707.522,COSTA,6.717000000000098,1.0,1.0,5.0,1.0,20,40,26.0,2.0,3.8707756438885843,0.2977519726068142,0.0,0.0,1.1053104642275748
1042,PE-14A,75.194,75.207,SIERRA,0.012999999999991019,0.0,0.0,0.0,0.0,0,0,0.0,0.0,0.0,0.0,0.0,0.0,53.96118041481984
1043,PE-06A,68.864,71.016,COSTA,2.152000000000001,0.0,0.0,0.0,0.0,0,0,0.0,0.0,0.0,0.0,0.0,0.0,15.088739024038023
1044,PE-1NR,128.298,128.513,SIERRA,0.2150000000000034,0.0,0.0,0.0,0.0,0,0,0.0,0.0,0.0,0.0,0.0,0.0,45.51258740529447
1045,PE-20A,105.064,105.49,SIERRA,0.42600000000000193,0.0,0.0,0.0,0.0,0,0,0.0,0.0,0.0,0.0,0.0,0.0,47.43961377068752
1046,PE-08B,407.131,407.377,SELVA,0.24600000000003774,0.0,0.0,0.0,0.0,0,0,0.0,0.0,0.0,0.0,0.0,0.0,71.6027174997521
1047,PE-3SB,52.308,52.423,SIERRA,0.11500000000000199,0.0,0.0,0.0,0.0,0,0,0.0,0.0,0.0,0.0,0.0,0.0,4.235074934703575
1048,PE-22,40.036,74.416,SIERRA,34.379999999999995,2.0,3.0,7.0,0.0,0,0,9.0,3.0,0.26178010471204194,0.08726003490401397,0.0,0.0,6.092419021774204
1049,PE-08B,542.96,554.555,SELVA,11.594999999999914,3.0,5.0,0.0,0.0,0,0,3.0,5.0,0.2587322121604159,0.43122035360069316,0.0,0.0,16.208114835713115
1050,PE-3N,1794.833,1795.056,SIERRA,0.22299999999995634,0.0,0.0,0.0,0.0,0,0,0.0,0.0,0.0,0.0,0.0,0.0,40.34822571479552
1051,PE-18C,84.672,84.935,SELVA,0.26300000000000523,0.0,0.0,0.0,0.0,0,0,0.0,0.0,0.0,0.0,0.0,0.0,267.3837435739654
1052,PE-14A,91.98,93.266,SIERRA,1.2860000000000014,0.0,0.0,1.0,0.0,0,0,1.0,0.0,0.7776049766718499,0.0,0.0,0.0,66.90730340781296
1053,PE-30C,643.102,647.478,SELVA,4.375999999999976,0.0,0.0,0.0,0.0,0,0,0.0,0.0,0.0,0.0,0.0,0.0,54.84901994846772
1054,PE-30C,216.284,220.553,SELVA,4.2690000000000055,0.0,0.0,0.0,0.0,0,0,0.0,0.0,0.0,0.0,0.0,0.0,27.340240970560696
1055,PE-3N,525.965,526.027,SIERRA,0.06200000000001182,0.0,0.0,1.0,0.0,0,0,1.0,0.0,16.12903225806144,0.0,0.0,0.0,10.656744204265893
1056,PE-1SC,111.768,111.884,SIERRA,0.11599999999999966,0.0,0.0,0.0,0.0,0,0,0.0,0.0,0.0,0.0,0.0,0.0,23.59660077162681
1057,PE-30C,210.457,212.064,SELVA,1.6069999999999993,0.0,0.0,0.0,0.0,0,0,0.0,0.0,0.0,0.0,0.0,0.0,22.78386056914146
1058,PE-30A,261.878,268.79,SIERRA,6.912000000000035,0.0,0.0,1.0,0.0,15,22,16.0,0.0,2.3148148148148033,0.0,0.0,0.0,81.27156087384233
1059,PE-36A,21.036,31.165,SIERRA,10.128999999999998,1.0,1.0,4.0,0.0,8,5,13.0,1.0,1.2834435778457896,0.09872642906506074,0.0,0.0,17.074159217933282
1060,PE-3N,1426.975,1427.283,SIERRA,0.3079999999999927,0.0,0.0,0.0,0.0,0,0,0.0,0.0,0.0,0.0,0.0,0.0,89.88558680484009
1061,PE-14A,107.796,107.919,SIERRA,0.12299999999999045,0.0,0.0,0.0,0.0,0,0,0.0,0.0,0.0,0.0,0.0,0.0,80.26466023938873
1062,PE-28E,12.508,12.929,SIERRA,0.42100000000000115,0.0,0.0,0.0,0.0,0,0,0.0,0.0,0.0,0.0,0.0,0.0,10.710062577367776
1063,PE-3N,580.296,580.484,SIERRA,0.18799999999998818,0.0,0.0,0.0,0.0,0,0,0.0,0.0,0.0,0.0,0.0,0.0,41.41404143278571
1064,PE-3SG,335.237,335.239,SIERRA,0.0019999999999527063,0.0,0.0,0.0,0.0,0,0,0.0,0.0,0.0,0.0,0.0,0.0,22.161223556733635
1065,PE-3SC,12.555,12.738,SIERRA,0.18299999999999983,0.0,0.0,0.0,0.0,0,0,0.0,0.0,0.0,0.0,0.0,0.0,6.94049187459411
1066,PE-3N,365.409,365.53,SIERRA,0.1209999999999809,0.0,0.0,0.0,0.0,0,0,0.0,0.0,0.0,0.0,0.0,0.0,66.23625027507315
1067,PE-30C,55.563,114.322,SIERRA,58.759,17.0,23.0,0.0,0.0,0,0,17.0,23.0,0.28931738116714034,0.3914293980496605,0.0,0.0,58.117101023894186
1068,PE-3N,1155.05,1155.161,SIERRA,0.11100000000010368,0.0,0.0,0.0,0.0,0,0,0.0,0.0,0.0,0.0,0.0,0.0,98.22064113316272
1069,PE-36A,124.839,140.816,SIERRA,15.977000000000004,1.0,1.0,0.0,0.0,12,8,13.0,1.0,0.8136696501220503,0.06258997308631156,0.0,0.0,37.49300187567966
1070,PE-30C,55.432,55.563,SIERRA,0.13100000000000023,0.0,0.0,0.0,0.0,0,0,0.0,0.0,0.0,0.0,0.0,0.0,75.69802011544864
1071,PE-3N,1559.993,1560.449,SELVA,0.45600000000013097,0.0,0.0,0.0,0.0,0,1,0.0,0.0,0.0,0.0,0.0,0.0,31.14415023378985
1072,PE-18,268.451,268.702,SIERRA,0.25099999999997635,0.0,0.0,0.0,0.0,0,0,0.0,0.0,0.0,0.0,0.0,0.0,14.651207340529586
1073,PE-3N,500.679,500.69,SIERRA,0.011000000000024102,0.0,0.0,2.0,0.0,0,0,2.0,0.0,181.81818181778345,0.0,0.0,0.0,29.78995586827873
1074,PE-12A,177.139,177.251,SIERRA,0.11199999999999477,0.0,0.0,0.0,0.0,0,0,0.0,0.0,0.0,0.0,0.0,0.0,143.96373431477775
1075,PE-22B,15.09,20.602,SIERRA,5.5120000000000005,0.0,0.0,0.0,0.0,0,0,0.0,0.0,0.0,0.0,0.0,0.0,18.653844508079903
1076,PE-30A,296.311,310.113,SIERRA,13.802000000000021,3.0,3.0,17.0,1000000000000000.0,29,43,49.0,1000000000000003.0,3.5502101144761573,72453267642370.78,0.0,0.0,71.29694288251152
1077,PE-30C,163.096,163.205,SELVA,0.10900000000000887,0.0,0.0,0.0,0.0,0,0,0.0,0.0,0.0,0.0,0.0,0.0,16.653073089082206
1078,PE-36B,130.444,131.316,SIERRA,0.8720000000000141,3.0,3.0,0.0,0.0,1,1,4.0,3.0,4.587155963302678,3.4403669724770087,0.0,0.0,37.618888747237065
1079,PE-1S,821.424,831.614,COSTA,10.190000000000055,0.0,0.0,2.0,10.0,30,61,32.0,10.0,3.140333660451406,0.9813542688910645,0.0,0.0,13.793483780152718
1080,PE-3N,86.375,86.987,SIERRA,0.6119999999999948,0.0,0.0,7.0,3.0,0,1,7.0,3.0,11.437908496732124,4.901960784313768,0.0,0.0,63.00502924866615
1081,PE-30C,220.553,220.568,SELVA,0.01500000000001478,0.0,0.0,0.0,0.0,0,0,0.0,0.0,0.0,0.0,0.0,0.0,28.36316485133998
1082,PE-14A,93.266,94.378,SIERRA,1.1119999999999948,0.0,0.0,0.0,0.0,0,0,0.0,0.0,0.0,0.0,0.0,0.0,67.79740920789787
1083,PE-22,95.153,133.889,SIERRA,38.736000000000004,3.0,3.0,46.0,1e+31,0,0,49.0,1e+31,1.2649731515902518,2.5815778603882688e+29,2.0,1.0,41.3121805196406
1084,PE-30C,593.093,608.093,SELVA,15.0,0.0,0.0,1.0,0.0,0,0,1.0,0.0,0.06666666666666667,0.0,0.0,0.0,20.928259536964223
1085,PE-30A,341.41,348.879,SIERRA,7.468999999999994,0.0,0.0,4.0,2.0,16,24,20.0,2.0,2.6777346364975254,0.2677734636497525,0.0,0.0,47.86837667504389
1086,PE-30A,348.879,353.672,SIERRA,4.793000000000006,0.0,0.0,0.0,0.0,10,15,10.0,0.0,2.086375964948881,0.0,0.0,0.0,46.99618519369604
1087,PE-30A,369.804,382.895,SIERRA,13.091000000000008,0.0,0.0,2.0,0.0,28,41,30.0,0.0,2.291650752425329,0.0,0.0,0.0,30.97860817878381
1088,PE-30A,382.895,392.213,SIERRA,9.31800000000004,0.0,0.0,6.0,0.0,20,29,26.0,0.0,2.790298347284813,0.0,0.0,0.0,20.491442535008
1089,PE-30A,0.0,13.228,SIERRA,13.228,3.0,3.0,0.0,0.0,28,42,31.0,3.0,2.34351375869368,0.22679165406713034,0.0,0.0,12.420741462879707
1090,PE-08B,157.263,160.825,SELVA,3.5619999999999834,0.0,0.0,0.0,0.0,0,0,0.0,0.0,0.0,0.0,0.0,0.0,101.99034493978256
1091,PE-5NA,35.072,43.196,SELVA,8.123999999999995,1.0,1.0,0.0,0.0,0,0,1.0,1.0,0.1230920728705072,0.1230920728705072,0.0,0.0,58.80290259021916
1092,PE-08B,554.555,554.616,SELVA,0.06100000000003547,0.0,0.0,0.0,0.0,0,0,0.0,0.0,0.0,0.0,0.0,0.0,13.689231922003026
1093,PE-3N,151.095,156.441,SIERRA,5.346000000000004,2.0,13.0,4.0,100.0,4,7,10.0,113.0,1.8705574261129805,21.137298915076677,0.0,0.0,44.47513821105426
1094,PE-30C,298.536,305.024,SELVA,6.4879999999999995,0.0,0.0,2.0,0.0,0,0,2.0,0.0,0.3082614056720099,0.0,0.0,0.0,43.9802345935062
1095,PE-22B,20.602,25.157,SIERRA,4.555,0.0,0.0,3.0,0.0,0,0,3.0,0.0,0.6586169045005489,0.0,0.0,0.0,20.63601225515985
1096,PE-30C,114.369,119.211,SIERRA,4.841999999999999,0.0,0.0,0.0,0.0,0,0,0.0,0.0,0.0,0.0,0.0,0.0,41.49795127036727
1097,PE-30C,235.042,235.11,SELVA,0.06800000000001205,0.0,0.0,0.0,0.0,0,0,0.0,0.0,0.0,0.0,0.0,0.0,30.46096565650234
1098,PE-30C,167.735,169.272,SELVA,1.5369999999999777,1.0,1.0,0.0,0.0,0,0,1.0,1.0,0.6506180871828331,0.6506180871828331,0.0,0.0,11.993031106746564
1099,PE-30C,216.101,216.284,SELVA,0.18299999999999272,0.0,0.0,0.0,0.0,0,0,0.0,0.0,0.0,0.0,0.0,0.0,26.35857231786369
1100,PE-30C,223.188,225.388,SELVA,2.200000000000017,0.0,0.0,0.0,0.0,0,0,0.0,0.0,0.0,0.0,0.0,0.0,30.756141196829923
1101,PE-30C,403.687,408.629,SELVA,4.942000000000007,2.0,4.0,6.0,1000.0,0,0,8.0,1004.0,1.618777822743826,203.15661675435015,0.0,0.0,44.67796788818211
1102,PE-14A,19.327,20.202,SIERRA,0.875,0.0,0.0,0.0,0.0,0,0,0.0,0.0,0.0,0.0,0.0,0.0,41.54694700828248
1103,PE-3N,834.718,834.789,SIERRA,0.07100000000002638,0.0,0.0,0.0,0.0,0,0,0.0,0.0,0.0,0.0,0.0,0.0,84.06017547200621
1104,PE-30C,240.534,242.625,SELVA,2.091000000000008,0.0,0.0,0.0,0.0,0,0,0.0,0.0,0.0,0.0,0.0,0.0,29.42919916814728
1105,PE-22,133.889,134.109,SIERRA,0.21999999999999886,0.0,0.0,21.0,1000000000000000.0,0,0,21.0,1000000000000000.0,95.45454545454595,4545454545454569.0,2.0,1.0,30.7663349419716
1106,PE-36A,94.593,95.05,SIERRA,0.45699999999999363,0.0,0.0,1.0,0.0,0,0,1.0,0.0,2.1881838074398554,0.0,0.0,0.0,17.505926705099604
1107,PE-3N,1048.276,1048.976,SIERRA,0.7000000000000455,0.0,0.0,0.0,0.0,0,1,0.0,0.0,0.0,0.0,0.0,0.0,60.44054678303651
1108,PE-04C,21.448,21.652,SELVA,0.20400000000000063,0.0,0.0,0.0,0.0,0,0,0.0,0.0,0.0,0.0,0.0,0.0,25.33662531049797
1109,PE-3N,1426.42,1426.781,SIERRA,0.3609999999998763,0.0,0.0,0.0,0.0,0,0,0.0,0.0,0.0,0.0,0.0,0.0,90.1019578371663
1110,PE-30C,185.512,189.04,SELVA,3.5279999999999916,3.0,3.0,0.0,0.0,0,0,3.0,3.0,0.8503401360544238,0.8503401360544238,0.0,0.0,4.777410401259722
1111,PE-36A,42.043,62.029,SIERRA,19.986000000000004,0.0,0.0,3.0,0.0,15,9,18.0,0.0,0.900630441308916,0.0,0.0,0.0,8.992922217325903
1112,PE-36A,94.319,94.48,SIERRA,0.16100000000000136,0.0,0.0,0.0,0.0,0,0,0.0,0.0,0.0,0.0,0.0,0.0,17.275340089203286
1113,PE-30C,180.048,185.512,SELVA,5.463999999999999,1.0,1.0,0.0,0.0,0,0,1.0,1.0,0.18301610541727675,0.18301610541727675,0.0,0.0,0.9115834204209584
1114,PE-1NJ,256.23,256.416,COSTA,0.18599999999997863,0.0,0.0,0.0,0.0,0,0,0.0,0.0,0.0,0.0,0.0,0.0,9.751487768551444
1115,PE-30C,212.064,215.51,SELVA,3.445999999999998,1.0,1.0,0.0,0.0,0,0,1.0,1.0,0.29019152640742907,0.29019152640742907,0.0,0.0,24.635483052897968
1116,PE-36B,16.996,17.641,SIERRA,0.6449999999999996,0.0,0.0,1.0,0.0,0,1,1.0,0.0,1.5503875968992258,0.0,0.0,0.0,39.78829150915295
1117,PE-3N,233.297,233.563,SIERRA,0.26599999999999113,0.0,0.0,0.0,0.0,0,0,0.0,0.0,0.0,0.0,0.0,0.0,23.68611419207469
1118,PE-36A,151.996,167.476,SIERRA,15.47999999999999,1.0,6.0,0.0,0.0,12,7,13.0,6.0,0.8397932816537473,0.38759689922480645,0.0,0.0,13.716937563766004
1119,PE-5NA,5.023,10.026,SELVA,5.003,0.0,0.0,0.0,0.0,0,0,0.0,0.0,0.0,0.0,0.0,0.0,39.37111778959369
1120,PE-30C,254.13,257.661,SELVA,3.531000000000006,0.0,0.0,1.0,1.0,0,0,1.0,1.0,0.2832058906825257,0.2832058906825257,0.0,0.0,38.55372863988826
1121,PE-30C,173.0,179.247,SELVA,6.247000000000014,0.0,0.0,0.0,0.0,0,0,0.0,0.0,0.0,0.0,0.0,0.0,5.266906462698055
1122,PE-30C,129.534,138.824,SIERRA,9.29000000000002,2.0,2.0,0.0,0.0,0,0,2.0,2.0,0.21528525296017176,0.21528525296017176,0.0,0.0,35.70840084513671
1123,PE-36A,11.515,19.515,SIERRA,8.0,0.0,0.0,3.0,0.0,6,4,9.0,0.0,1.125,0.0,0.0,0.0,11.550720638055484
1124,PE-36A,167.476,197.122,SIERRA,29.646000000000015,3.0,3.0,0.0,0.0,23,14,26.0,3.0,0.8770154489644467,0.10119409026512846,0.0,0.0,6.6129914082172885
1125,PE-36A,94.48,94.593,SIERRA,0.11299999999999955,0.0,0.0,0.0,0.0,0,0,0.0,0.0,0.0,0.0,0.0,0.0,17.39877891304493
1126,PE-22B,9.965,15.09,SIERRA,5.125,0.0,0.0,2.0,0.0,0,0,2.0,0.0,0.3902439024390244,0.0,0.0,0.0,16.045078271421676
1127,PE-08B,527.85,542.47,SELVA,14.620000000000005,1.0,1.0,0.0,0.0,0,0,1.0,1.0,0.06839945280437755,0.06839945280437755,0.0,0.0,24.692167355006145
1128,PE-1N,259.267,259.325,COSTA,0.057999999999992724,0.0,0.0,2.0,10.0,0,1,2.0,10.0,34.48275862069398,172.4137931034699,0.0,0.0,36.84342918781508
1129,PE-30C,363.554,368.628,SELVA,5.074000000000012,0.0,0.0,0.0,0.0,0,0,0.0,0.0,0.0,0.0,0.0,0.0,13.4404471043901
1130,PE-30C,150.127,150.346,SELVA,0.2189999999999941,0.0,0.0,0.0,0.0,0,0,0.0,0.0,0.0,0.0,0.0,0.0,24.790542023257142
1131,PE-30C,330.03,340.242,SELVA,10.212000000000046,1.0,1.0,0.0,0.0,0,0,1.0,1.0,0.09792401096748879,0.09792401096748879,0.0,0.0,14.56308039309927
1132,PE-22B,53.045,63.206,SIERRA,10.161000000000001,3.0,4.0,3.0,0.0,0,0,6.0,4.0,0.5904930617065248,0.39366204113768327,0.0,0.0,24.470755586087773
1133,PE-30C,638.1,643.102,SELVA,5.001999999999953,0.0,0.0,0.0,0.0,0,0,0.0,0.0,0.0,0.0,0.0,0.0,51.46234896267219
1134,PE-3SB,0.0,0.048,SIERRA,0.048,0.0,0.0,4.0,0.0,0,0,4.0,0.0,83.33333333333333,0.0,0.0,0.0,41.8826356284641
1135,PE-30C,267.317,293.457,SELVA,26.139999999999986,1.0,1.0,0.0,0.0,0,0,1.0,1.0,0.038255547054322894,0.038255547054322894,0.0,0.0,55.11031391225865
1136,PE-30C,355.022,363.554,SELVA,8.531999999999982,0.0,0.0,0.0,0.0,0,0,0.0,0.0,0.0,0.0,0.0,0.0,7.255474022683195
1137,PE-08B,57.438,58.938,SIERRA,1.5,0.0,0.0,1.0,0.0,0,0,1.0,0.0,0.6666666666666666,0.0,0.0,0.0,125.44680248658231
1138,PE-3N,1043.251,1043.277,SIERRA,0.026000000000067303,0.0,0.0,1.0,0.0,0,0,1.0,0.0,38.4615384614389,0.0,0.0,0.0,56.57159080335378
1139,PE-1N,515.128,520.188,COSTA,5.059999999999945,14.0,17.0,9.0,100000.0,19,70,42.0,100017.0,8.300395256917085,19766.20553359705,0.0,0.0,8.368594603527605
1140,PE-30C,248.612,254.13,SELVA,5.518000000000001,0.0,0.0,2.0,0.0,0,0,2.0,0.0,0.36245016310257333,0.0,0.0,0.0,35.54458814803063
1141,PE-30C,426.204,428.536,SELVA,2.3319999999999936,1.0,1.0,0.0,0.0,0,0,1.0,1.0,0.42881646655231676,0.42881646655231676,0.0,0.0,32.299157803419675
1142,PE-1N,25.872,26.375,COSTA,0.5030000000000001,1.0,1.0,1.0,0.0,2,7,4.0,1.0,7.9522862823061615,1.9880715705765404,0.0,0.0,19.065683150025407
1143,PE-30C,408.629,413.541,SELVA,4.911999999999978,1.0,1.0,12.0,0.0,0,0,13.0,1.0,2.6465798045602726,0.20358306188925174,0.0,0.0,41.29715733077223
1144,PE-30C,140.102,145.165,SIERRA,5.062999999999988,0.0,0.0,1.0,0.0,0,0,1.0,0.0,0.19751135690302238,0.0,0.0,0.0,29.82603902981032
1145,PE-1NG,15.195,15.302,COSTA,0.10699999999999932,0.0,0.0,0.0,0.0,0,0,0.0,0.0,0.0,0.0,0.0,0.0,9.477445231977969
1146,PE-3N,367.376,367.827,SIERRA,0.45100000000002183,0.0,0.0,0.0,0.0,0,1,0.0,0.0,0.0,0.0,0.0,0.0,65.51140574587536
1147,PE-22B,84.234,92.647,SELVA,8.413000000000011,2.0,2.0,0.0,0.0,0,0,2.0,2.0,0.2377273267562103,0.2377273267562103,0.0,0.0,1.2044005576513708
1148,PE-30C,196.462,196.613,SELVA,0.15100000000001046,0.0,0.0,0.0,0.0,0,0,0.0,0.0,0.0,0.0,0.0,0.0,12.379618021037126
1149,PE-30C,243.469,248.612,SELVA,5.143000000000001,0.0,0.0,0.0,0.0,0,0,0.0,0.0,0.0,0.0,0.0,0.0,31.90325047855436
1150,PE-22,175.058,175.134,SIERRA,0.0759999999999934,0.0,0.0,4.0,0.0,0,0,4.0,0.0,52.63157894737299,0.0,0.0,0.0,9.265391180479153
1151,PE-30C,193.845,196.462,SELVA,2.6169999999999902,0.0,0.0,0.0,0.0,0,0,0.0,0.0,0.0,0.0,0.0,0.0,11.276860685602983
1152,PE-3SG,241.286,241.324,SIERRA,0.038000000000010914,0.0,0.0,0.0,0.0,0,0,0.0,0.0,0.0,0.0,0.0,0.0,52.92924276146988
1153,PE-18,79.878,80.669,SIERRA,0.7909999999999968,0.0,0.0,1.0,1.0,0,0,1.0,1.0,1.2642225031605614,1.2642225031605614,0.0,0.0,47.03722128107126
1154,PE-30C,159.253,159.501,SELVA,0.24800000000001887,0.0,0.0,0.0,0.0,0,0,0.0,0.0,0.0,0.0,0.0,0.0,19.145298807517584
1155,PE-36A,117.915,124.836,SIERRA,6.920999999999992,0.0,0.0,0.0,0.0,5,3,5.0,0.0,0.7224389539083955,0.0,0.0,0.0,31.30073218724008
1156,PE-30C,243.088,243.089,SELVA,0.0010000000000047748,0.0,0.0,0.0,0.0,0,0,0.0,0.0,0.0,0.0,0.0,0.0,30.09022727551553
1157,PE-30C,158.123,158.145,SELVA,0.02200000000001978,0.0,0.0,0.0,0.0,0,0,0.0,0.0,0.0,0.0,0.0,0.0,20.12137743548644
1158,PE-36B,64.37,65.721,SIERRA,1.350999999999999,0.0,0.0,0.0,0.0,1,1,1.0,0.0,0.7401924500370102,0.0,0.0,0.0,52.25202840830102
1159,PE-5NA,10.026,25.073,SELVA,15.047,0.0,0.0,1.0,0.0,0,0,1.0,0.0,0.06645843025187745,0.0,0.0,0.0,44.22056086227165
1160,PE-30C,189.04,190.415,SELVA,1.375,0.0,0.0,0.0,0.0,0,0,0.0,0.0,0.0,0.0,0.0,0.0,6.824372103860764
1161,PE-30C,163.205,166.125,SELVA,2.9199999999999875,0.0,0.0,0.0,0.0,0,0,0.0,0.0,0.0,0.0,0.0,0.0,15.40630501226406
1162,PE-3N,156.894,156.902,SIERRA,0.007999999999981355,0.0,0.0,2.0,0.0,0,0,2.0,0.0,250.00000000058265,0.0,0.0,0.0,41.662401981826136
1163,PE-30A,13.228,42.242,SIERRA,29.013999999999996,3.0,29.0,0.0,0.0,61,91,64.0,29.0,2.2058316674708767,0.9995174743227409,0.0,0.0,24.604832692746182
1164,PE-14A,79.457,79.613,SIERRA,0.1560000000000059,0.0,0.0,0.0,0.0,0,0,0.0,0.0,0.0,0.0,0.0,0.0,56.64819056618439
1165,PE-3N,445.083,445.635,SIERRA,0.5519999999999641,0.0,0.0,0.0,0.0,0,1,0.0,0.0,0.0,0.0,0.0,0.0,33.598020282068404
1166,PE-02A,77.72,77.818,SIERRA,0.09799999999999898,0.0,0.0,0.0,0.0,0,0,0.0,0.0,0.0,0.0,0.0,0.0,9.874145948949934
1167,PE-22B,0.0,9.965,SIERRA,9.965,1.0,1.0,2.0,0.0,0,0,3.0,1.0,0.3010536879076769,0.10035122930255896,0.0,0.0,11.597187324673513
1168,PE-3N,367.199,367.339,SIERRA,0.13999999999998636,0.0,0.0,0.0,0.0,0,0,0.0,0.0,0.0,0.0,0.0,0.0,65.72144840193604
1169,PE-14A,37.738,57.371,SIERRA,19.633000000000003,0.0,0.0,0.0,0.0,0,0,0.0,0.0,0.0,0.0,0.0,0.0,50.78664783780206
1170,PE-30C,169.506,172.029,SELVA,2.522999999999996,0.0,0.0,0.0,0.0,0,0,0.0,0.0,0.0,0.0,0.0,0.0,9.910750299457868
1171,PE-22,150.565,175.058,SIERRA,24.492999999999995,14.0,18.0,0.0,0.0,0,0,14.0,18.0,0.5715918833952559,0.7349038500796148,0.0,0.0,12.772470653731125
1172,PE-30C,608.093,638.1,SELVA,30.007000000000062,0.0,0.0,1.0,0.0,0,0,1.0,0.0,0.03332555736994695,0.0,0.0,0.0,37.62923729362574
1173,PE-36A,294.15,299.225,SIERRA,5.0750000000000455,0.0,0.0,3.0,0.0,4,2,7.0,0.0,1.3793103448275739,0.0,0.0,0.0,13.241439287106155
1174,PE-22B,32.794,34.34,SIERRA,1.5460000000000065,0.0,0.0,0.0,0.0,0,0,0.0,0.0,0.0,0.0,0.0,0.0,28.019829340871453
1175,PE-30C,368.628,378.906,SELVA,10.27800000000002,0.0,0.0,2.0,1.0,0,0,2.0,1.0,0.1945903872348702,0.0972951936174351,0.0,0.0,20.8719396016916
1176,PE-3N,1578.853,1579.021,SELVA,0.16799999999989268,0.0,0.0,0.0,0.0,0,0,0.0,0.0,0.0,0.0,0.0,0.0,18.119512623150964
1177,PE-3N,1271.715,1272.215,SIERRA,0.5,0.0,0.0,0.0,0.0,0,1,0.0,0.0,0.0,0.0,0.0,0.0,101.9979168519269
1178,PE-30A,157.701,167.09,SIERRA,9.38900000000001,0.0,0.0,5.0,0.0,20,30,25.0,0.0,2.662690382362336,0.0,0.0,0.0,20.07074193523749
1179,PE-14A,57.371,57.563,SIERRA,0.19200000000000017,0.0,0.0,0.0,0.0,0,0,0.0,0.0,0.0,0.0,0.0,0.0,54.79973203687116
1180,PE-3N,500.622,500.679,SIERRA,0.05699999999995953,0.0,0.0,4.0,0.0,0,0,4.0,0.0,70.17543859654106,0.0,0.0,0.0,29.810201204775005
1181,PE-02A,72.141,72.427,SIERRA,0.28600000000000136,0.0,0.0,0.0,0.0,0,0,0.0,0.0,0.0,0.0,0.0,0.0,7.438632205755383
1182,PE-30C,258.861,267.317,SELVA,8.456000000000017,0.0,0.0,3.0,0.0,0,0,3.0,0.0,0.35477767265846666,0.0,0.0,0.0,44.63670864794318
1183,PE-32,62.792,65.694,SIERRA,2.902000000000001,0.0,0.0,0.0,0.0,0,0,0.0,0.0,0.0,0.0,0.0,0.0,73.82694318002925
1184,PE-36A,140.816,151.996,SIERRA,11.180000000000007,2.0,3.0,0.0,0.0,9,5,11.0,3.0,0.9838998211091229,0.26833631484794257,0.0,0.0,25.52609044131074
1185,PE-24,283.378,287.525,SIERRA,4.146999999999991,1.0,1.0,0.0,0.0,0,0,1.0,1.0,0.24113817217265543,0.24113817217265543,0.0,0.0,14.248499550198002
1186,PE-30A,155.051,157.701,SIERRA,2.6500000000000057,1.0,1.0,1.0,0.0,6,8,8.0,1.0,3.0188679245282954,0.37735849056603693,0.0,0.0,18.169812488582608
1187,PE-30C,315.106,330.03,SELVA,14.923999999999978,6.0,6.0,26.0,100000000000.0,0,0,32.0,100000000006.0,2.1441972661484887,6700616457.116064,0.0,0.0,25.233814174161388
1188,PE-3N,1271.675,1271.715,SIERRA,0.03999999999996362,0.0,0.0,0.0,0.0,0,0,0.0,0.0,0.0,0.0,0.0,0.0,101.91697350475565
1189,PE-30C,157.022,158.123,SELVA,1.100999999999999,0.0,0.0,0.0,0.0,0,0,0.0,0.0,0.0,0.0,0.0,0.0,20.566589690433275
1190,PE-22,77.173,95.153,SIERRA,17.980000000000004,2.0,34.0,27.0,10000000000.0,0,0,29.0,10000000034.0,1.6129032258064513,556173528.0311456,0.0,0.0,28.938683704278105
1191,PE-22,138.723,150.565,SIERRA,11.841999999999985,4.0,4.0,12.0,1000.0,0,0,16.0,1004.0,1.3511231210944115,84.78297584867433,0.0,0.0,23.209860472594
1192,PE-3N,209.873,212.539,SIERRA,2.665999999999997,0.0,0.0,4.0,0.0,2,3,6.0,0.0,2.2505626406601675,0.0,0.0,0.0,3.2998249214761213
1193,PE-3N,580.078,580.296,SIERRA,0.21800000000007458,0.0,0.0,0.0,0.0,0,0,0.0,0.0,0.0,0.0,0.0,0.0,41.261545103885446
1194,PE-3N,233.563,233.986,SIERRA,0.4230000000000018,0.0,0.0,0.0,0.0,0,1,0.0,0.0,0.0,0.0,0.0,0.0,23.76645957177197
1195,PE-30C,430.768,454.533,SELVA,23.765000000000043,6.0,8.0,1.0,1.0,0,0,7.0,9.0,0.294550810014727,0.37870818430464903,0.0,0.0,19.99260092254056
1196,PE-08B,542.47,542.96,SELVA,0.4900000000000091,0.0,0.0,0.0,0.0,0,0,0.0,0.0,0.0,0.0,0.0,0.0,20.30076504428117
1197,PE-30A,310.113,327.699,SIERRA,17.586000000000013,2.0,2.0,1.0,0.0,37,55,40.0,2.0,2.274536563175251,0.11372682815876257,0.0,0.0,61.079392839985935
1198,PE-30A,167.09,203.713,SIERRA,36.62299999999999,1.0,1.0,0.0,0.0,77,115,78.0,1.0,2.1298091363350906,0.027305245337629364,0.0,0.0,28.68414526319042
1199,PE-30A,279.775,285.402,SIERRA,5.6270000000000095,1.0,1.0,4.0,1.0,12,18,17.0,2.0,3.0211480362537713,0.3554291807357378,0.0,0.0,81.82374768969476
1200,PE-30A,285.402,296.311,SIERRA,10.908999999999992,0.0,0.0,1.0,0.0,23,34,24.0,0.0,2.200018333486114,0.0,0.0,0.0,76.56908153114338
1201,PE-3N,1305.137,1305.224,SIERRA,0.08699999999998909,0.0,0.0,0.0,0.0,0,0,0.0,0.0,0.0,0.0,0.0,0.0,99.31089027295629
1202,PE-30C,215.866,216.101,SELVA,0.23499999999998522,0.0,0.0,0.0,0.0,0,0,0.0,0.0,0.0,0.0,0.0,0.0,26.231241769370563
1203,PE-3NA,56.516,56.742,SIERRA,0.2259999999999991,0.0,0.0,0.0,0.0,0,0,0.0,0.0,0.0,0.0,0.0,0.0,77.11785972150545
1204,PE-30C,198.682,205.047,SELVA,6.365000000000009,0.0,0.0,0.0,0.0,0,0,0.0,0.0,0.0,0.0,0.0,0.0,17.003705086947313
1205,PE-3N,233.2,233.297,SIERRA,0.09700000000000841,0.0,0.0,0.0,0.0,0,0,0.0,0.0,0.0,0.0,0.0,0.0,23.5848497246331
1206,PE-04,55.238,55.889,COSTA,0.6510000000000034,0.0,0.0,0.0,0.0,0,0,0.0,0.0,0.0,0.0,0.0,0.0,76.54086264998783
1207,PE-14A,180.994,185.794,SIERRA,4.800000000000011,0.0,0.0,0.0,0.0,0,0,0.0,0.0,0.0,0.0,0.0,0.0,101.05860601288606
1208,PE-3N,3.976,4.307,SIERRA,0.3310000000000004,0.0,0.0,0.0,0.0,0,0,0.0,0.0,0.0,0.0,0.0,0.0,6.472305448551645
1209,PE-14A,75.207,75.24,SIERRA,0.03300000000000125,0.0,0.0,0.0,0.0,0,0,0.0,0.0,0.0,0.0,0.0,0.0,53.97133914444565
1210,PE-3N,1436.919,1436.925,SIERRA,0.005999999999858119,0.0,0.0,0.0,0.0,0,0,0.0,0.0,0.0,0.0,0.0,0.0,83.31008944524594
1211,PE-1NI,15.232,15.527,COSTA,0.29499999999999993,0.0,0.0,0.0,0.0,0,0,0.0,0.0,0.0,0.0,0.0,0.0,6.308420092227236
1212,PE-08B,312.715,312.758,SELVA,0.043000000000006366,0.0,0.0,6.0,0.0,0,0,6.0,0.0,139.53488372090956,0.0,0.0,0.0,33.565620038065035
1213,PE-3SG,317.27,317.505,SIERRA,0.23500000000001364,0.0,0.0,0.0,0.0,0,0,0.0,0.0,0.0,0.0,0.0,0.0,34.401429306352775
1214,PE-14A,99.161,99.31,SIERRA,0.1490000000000009,0.0,0.0,0.0,0.0,0,0,0.0,0.0,0.0,0.0,0.0,0.0,72.90843992878645
1215,PE-06A,71.886,72.134,COSTA,0.24800000000000466,0.0,0.0,0.0,0.0,0,0,0.0,0.0,0.0,0.0,0.0,0.0,16.136585811823885
1216,PE-06A,71.016,71.886,COSTA,0.8699999999999903,0.0,0.0,0.0,0.0,0,0,0.0,0.0,0.0,0.0,0.0,0.0,15.733667013098552
1217,PE-06A,68.268,68.864,COSTA,0.5960000000000036,0.0,0.0,0.0,0.0,0,0,0.0,0.0,0.0,0.0,0.0,0.0,14.490348783351765
1218,PE-3N,1213.511,1214.35,SIERRA,0.8389999999999418,0.0,0.0,0.0,0.0,1,1,1.0,0.0,1.1918951132301185,0.0,0.0,0.0,106.335663534281
1219,PE-5SA,3.447,3.687,SELVA,0.23999999999999977,0.0,0.0,0.0,0.0,0,0,0.0,0.0,0.0,0.0,0.0,0.0,122.17283065264262
1220,PE-5SA,24.438,24.755,SELVA,0.31700000000000017,0.0,0.0,0.0,0.0,0,0,0.0,0.0,0.0,0.0,0.0,0.0,121.8169078687097
1221,PE-06A,88.348,88.614,COSTA,0.26600000000000534,0.0,0.0,1.0,0.0,0,0,1.0,0.0,3.759398496240526,0.0,0.0,0.0,29.92842894857724
1222,PE-06A,179.778,180.234,SELVA,0.4560000000000173,0.0,0.0,3.0,0.0,0,0,3.0,0.0,6.5789473684208035,0.0,0.0,0.0,68.2274169196068
1223,PE-3SD,37.022,37.206,SIERRA,0.1840000000000046,0.0,0.0,1.0,0.0,0,0,1.0,0.0,5.434782608695516,0.0,0.0,0.0,44.52111260915102
1224,PE-22A,3.291,4.301,COSTA,1.0100000000000002,0.0,0.0,0.0,0.0,0,0,0.0,0.0,0.0,0.0,0.0,0.0,16.237811655900686
1225,PE-22A,77.334,92.239,SIERRA,14.905000000000001,0.0,0.0,0.0,0.0,0,0,0.0,0.0,0.0,0.0,0.0,0.0,53.0011418566622
1226,PE-08B,447.334,447.626,SELVA,0.29199999999997317,0.0,0.0,0.0,0.0,0,0,0.0,0.0,0.0,0.0,0.0,0.0,65.46126287615559
1227,PE-1SD,366.594,386.089,COSTA,19.495000000000005,9.0,16.0,0.0,0.0,0,0,9.0,16.0,0.46165683508591937,0.8207232623749677,0.0,0.0,35.08026120968989
1228,PE-1SD,386.089,386.952,COSTA,0.8629999999999995,0.0,0.0,0.0,0.0,0,0,0.0,0.0,0.0,0.0,0.0,0.0,35.64481129979909
1229,PE-1SD,241.9,242.143,COSTA,0.242999999999995,0.0,0.0,0.0,0.0,0,0,0.0,0.0,0.0,0.0,0.0,0.0,13.249965373149475
1230,PE-1SD,236.908,237.705,COSTA,0.7970000000000255,0.0,0.0,0.0,0.0,0,0,0.0,0.0,0.0,0.0,0.0,0.0,13.706590663204176
1231,PE-1SD,239.192,239.525,COSTA,0.3329999999999984,0.0,0.0,0.0,0.0,0,0,0.0,0.0,0.0,0.0,0.0,0.0,12.650280884428756
1232,PE-1SD,239.525,240.243,COSTA,0.7179999999999893,0.0,0.0,0.0,0.0,0,0,0.0,0.0,0.0,0.0,0.0,0.0,12.58566426545625
1233,PE-1SD,216.323,221.645,COSTA,5.322000000000003,0.0,0.0,3.0,0.0,0,0,3.0,0.0,0.5636978579481395,0.0,0.0,0.0,27.035018517944724
1234,PE-1SD,145.703,146.107,COSTA,0.40399999999999636,0.0,0.0,0.0,0.0,0,0,0.0,0.0,0.0,0.0,1.0,0.5,16.403705151711147
1235,PE-1SD,29.716,63.232,COSTA,33.516,0.0,0.0,2.0,0.0,0,0,2.0,0.0,0.05967299200381908,0.0,0.0,0.0,7.232222671483002
1236,PE-20F,2.883,5.783,COSTA,2.9000000000000004,3.0,3.0,0.0,0.0,0,0,3.0,3.0,1.0344827586206895,1.0344827586206895,0.0,0.0,24.65205014519893
1237,PE-18A,7.344,14.54,SELVA,7.195999999999999,2.0,2.0,2.0,0.0,0,0,4.0,2.0,0.5558643690939412,0.2779321845469706,0.0,0.0,29.19268285062781
1238,PE-1NT,85.888,87.128,SIERRA,1.2399999999999949,0.0,0.0,0.0,0.0,0,0,0.0,0.0,0.0,0.0,0.0,0.0,80.01171864920482
1239,PE-18,107.854,107.865,SIERRA,0.01099999999999568,0.0,0.0,0.0,0.0,0,0,0.0,0.0,0.0,0.0,0.0,0.0,63.67682472922333
1240,PE-14B,20.564,20.785,SIERRA,0.22100000000000009,0.0,0.0,0.0,0.0,0,0,0.0,0.0,0.0,0.0,0.0,0.0,64.7174926909423
1241,PE-1NL,99.575,122.643,COSTA,23.067999999999998,1.0,1.0,0.0,0.0,0,0,1.0,1.0,0.04335009537020982,0.04335009537020982,0.0,0.0,75.11765741109696
1242,PE-1NR,39.164,43.089,COSTA,3.924999999999997,0.0,0.0,0.0,0.0,0,0,0.0,0.0,0.0,0.0,0.0,0.0,8.228784711523954
1243,PE-34B,290.08,290.131,SELVA,0.05099999999998772,0.0,0.0,0.0,0.0,0,0,0.0,0.0,0.0,0.0,0.0,0.0,4.232364672759892
1244,PE-34B,291.855,291.951,SELVA,0.09600000000000364,0.0,0.0,0.0,0.0,0,0,0.0,0.0,0.0,0.0,0.0,0.0,5.326199102469647
1245,PE-34B,201.847,201.902,SIERRA,0.0549999999999784,0.0,0.0,1.0,0.0,0,0,1.0,0.0,18.18181818182532,0.0,0.0,0.0,15.615117372295929
1246,PE-34B,306.516,311.282,SELVA,4.765999999999963,0.0,0.0,0.0,0.0,11,16,11.0,0.0,2.308015107007991,0.0,0.0,0.0,11.27887371860599
1247,PE-34B,216.962,217.023,SIERRA,0.06100000000000705,0.0,0.0,0.0,0.0,0,0,0.0,0.0,0.0,0.0,0.0,0.0,23.74524179538044
1248,PE-34B,250.696,253.58,SIERRA,2.8840000000000146,0.0,0.0,1.0,0.0,7,10,8.0,0.0,2.7739251040221773,0.0,0.0,0.0,25.89837819122962
1249,PE-34B,236.357,237.548,SIERRA,1.1910000000000025,0.0,0.0,0.0,0.0,3,4,3.0,0.0,2.5188916876574257,0.0,0.0,0.0,33.2192319538763
1250,PE-34B,216.899,216.962,SIERRA,0.06299999999998818,1.0,1.0,0.0,0.0,0,0,1.0,1.0,15.873015873018852,15.873015873018852,0.0,0.0,23.73316528023749
1251,PE-34B,293.637,293.779,SELVA,0.1419999999999959,0.0,0.0,0.0,0.0,0,0,0.0,0.0,0.0,0.0,0.0,0.0,6.21805956817669
1252,PE-34B,245.529,246.984,SIERRA,1.4550000000000125,0.0,0.0,2.0,0.0,3,5,5.0,0.0,3.4364261168384584,0.0,0.0,0.0,29.674190230190703
1253,PE-34B,219.43,223.882,SIERRA,4.451999999999998,2.0,4.0,1.0,0.0,11,15,14.0,4.0,3.1446540880503155,0.8984725965858045,0.0,0.0,25.57755061347797
1254,PE-34B,223.882,225.67,SIERRA,1.7879999999999825,0.0,0.0,1.0,0.0,4,6,5.0,0.0,2.7964205816555086,0.0,0.0,0.0,26.60979243338255
1255,PE-34B,116.372,116.404,SIERRA,0.031999999999996476,0.0,0.0,1.0,0.0,0,0,1.0,0.0,31.250000000003443,0.0,0.0,0.0,8.993680326865313
1256,PE-34B,183.335,183.835,SIERRA,0.5,0.0,0.0,0.0,0.0,1,2,1.0,0.0,2.0,0.0,0.0,0.0,0.123337496320701
1257,PE-34B,293.377,293.637,SELVA,0.2599999999999909,0.0,0.0,0.0,0.0,1,1,1.0,0.0,3.846153846153981,0.0,0.0,0.0,6.09726643399202
1258,PE-34B,187.226,187.363,SIERRA,0.13700000000000045,0.0,0.0,0.0,0.0,0,0,0.0,0.0,0.0,0.0,0.0,0.0,3.6098316714499536
1259,PE-34B,230.886,231.103,SIERRA,0.21700000000001296,0.0,0.0,0.0,0.0,1,1,1.0,0.0,4.608294930875301,0.0,0.0,0.0,29.68483598042404
1260,PE-34B,231.103,232.175,SIERRA,1.0720000000000027,0.0,0.0,0.0,0.0,3,4,3.0,0.0,2.79850746268656,0.0,0.0,0.0,29.883465726049167
1261,PE-34B,201.441,201.847,SIERRA,0.4060000000000059,0.0,0.0,0.0,0.0,1,1,1.0,0.0,2.4630541871920824,0.0,0.0,0.0,15.404329124717922
1262,PE-36A,41.876,42.043,SIERRA,0.1670000000000016,0.0,0.0,2.0,0.0,0,0,2.0,0.0,11.976047904191503,0.0,0.0,0.0,15.103567189714989
1263,PE-34K,21.18,25.86,SIERRA,4.68,2.0,2.0,0.0,0.0,0,0,2.0,2.0,0.4273504273504274,0.4273504273504274,0.0,0.0,34.69294143459797
1264,PE-14,56.768,56.991,SIERRA,0.22299999999999898,0.0,0.0,0.0,0.0,0,0,0.0,0.0,0.0,0.0,0.0,0.0,54.39208478196807
1265,PE-14,144.445,145.464,SIERRA,1.0190000000000055,0.0,0.0,0.0,0.0,0,0,0.0,0.0,0.0,0.0,0.0,0.0,42.65966777588028
1266,PE-14,136.915,137.657,SIERRA,0.7420000000000186,0.0,0.0,1.0,0.0,0,0,1.0,0.0,1.3477088948786724,0.0,0.0,0.0,41.352929195288006
1267,PE-14,109.082,109.404,SIERRA,0.32200000000000273,0.0,0.0,1.0,0.0,0,0,1.0,0.0,3.105590062111775,0.0,0.0,0.0,43.87653864176272
1268,PE-28B,190.746,208.921,SELVA,18.174999999999983,0.0,0.0,0.0,0.0,0,0,0.0,0.0,0.0,0.0,0.0,0.0,87.14832388463967
1269,PE-1NU,27.963,28.023,,0.05999999999999872,0.0,0.0,0.0,0.0,0,0,0.0,0.0,0.0,0.0,0.0,0.0,22.36150589890042
1270,PE-3SC,25.359,25.429,SIERRA,0.06999999999999673,0.0,0.0,0.0,0.0,0,0,0.0,0.0,0.0,0.0,0.0,0.0,17.83799674479104
1271,PE-34I,77.783,77.872,SIERRA,0.08899999999999864,0.0,0.0,0.0,0.0,0,0,0.0,0.0,0.0,0.0,0.0,0.0,73.10147491258523
1272,PE-1NL,2.347,7.157,COSTA,4.8100000000000005,6.0,6.0,0.0,0.0,0,0,6.0,6.0,1.2474012474012472,1.2474012474012472,0.0,0.0,12.274264838346694
1273,PE-1NL,27.798,43.689,COSTA,15.891000000000002,2.0,2.0,0.0,0.0,0,0,2.0,2.0,0.1258574035617645,0.1258574035617645,0.0,0.0,16.539688440482955
1274,PE-1NJ,191.473,202.225,COSTA,10.751999999999981,12.0,15.0,4.0,0.0,0,0,16.0,15.0,1.4880952380952408,1.3950892857142883,0.0,0.0,14.80510561442788
1275,PE-1N,510.72,515.128,COSTA,4.4080000000000155,12.0,14.0,9.0,20000022.0,16,61,37.0,20000036.0,8.3938294010889,4537213.248638823,0.0,0.0,12.975776044259064
1276,PE-1N,493.899,498.651,COSTA,4.7520000000000095,13.0,13.0,1.0,0.0,18,66,32.0,13.0,6.73400673400672,2.7356902356902304,0.0,0.0,28.052377376090067
1277,PE-1NJ,91.169,96.682,COSTA,5.513000000000005,3.0,5.0,6.0,1.0,0,0,9.0,6.0,1.6325049882096847,1.0883366588064565,0.0,0.0,10.50810549113689
1278,PE-1NJ,124.682,150.305,COSTA,25.623000000000005,1.0,1.0,0.0,0.0,0,0,1.0,1.0,0.03902743628771025,0.03902743628771025,0.0,0.0,37.224728920420766
1279,PE-1N,188.526,198.789,COSTA,10.262999999999977,9.0,9.0,0.0,0.0,38,142,47.0,9.0,4.579557634220024,0.8769365682548982,0.0,0.0,21.03827231326848
1280,PE-1SD,63.232,94.458,COSTA,31.226,0.0,0.0,0.0,0.0,0,0,0.0,0.0,0.0,0.0,0.0,0.0,11.386096717993905
1281,PE-28B,158.666,160.441,SELVA,1.7750000000000057,0.0,0.0,3.0,0.0,0,0,3.0,0.0,1.6901408450704172,0.0,0.0,0.0,81.18673571069006
1282,PE-3N,1100.707,1100.961,SIERRA,0.2539999999999054,1.0,1.0,0.0,0.0,0,0,1.0,1.0,3.937007874017214,3.937007874017214,0.0,0.0,90.096318128194
1283,PE-3N,1100.961,1101.546,SIERRA,0.5850000000000364,0.0,0.0,0.0,0.0,0,1,0.0,0.0,0.0,0.0,0.0,0.0,90.52996344393912
1284,PE-3N,1275.159,1275.393,SIERRA,0.2339999999999236,0.0,0.0,0.0,0.0,0,0,0.0,0.0,0.0,0.0,0.0,0.0,103.61086120571484
1285,PE-3N,1276.163,1277.163,SIERRA,1.0,1.0,1.0,0.0,0.0,1,1,2.0,1.0,2.0,1.0,0.0,0.0,104.36214120186392
1286,PE-3S,159.749,162.149,SIERRA,2.4000000000000057,0.0,0.0,5.0,0.0,1,2,6.0,0.0,2.4999999999999942,0.0,0.0,0.0,22.02050989233892
1287,PE-3S,162.149,172.149,SIERRA,10.0,4.0,4.0,0.0,0.0,5,8,9.0,4.0,0.9,0.4,0.0,0.0,25.96875683939772
1288,PE-3S,172.149,172.381,SIERRA,0.23199999999999932,0.0,0.0,3.0,3.0,0,0,3.0,3.0,12.931034482758658,12.931034482758658,0.0,0.0,29.16149294112305
1289,PE-3S,155.569,157.986,SIERRA,2.4170000000000016,0.0,0.0,3.0,110.0,1,2,4.0,110.0,1.6549441456350837,45.510964004964805,0.0,0.0,18.73986221598965
1290,PE-3S,130.719,131.472,SIERRA,0.7530000000000143,1.0,1.0,0.0,0.0,0,1,1.0,1.0,1.3280212483399483,1.3280212483399483,0.0,0.0,5.251205468129212
1291,PE-3S,118.3,119.138,SIERRA,0.8380000000000081,2.0,2.0,0.0,0.0,0,1,2.0,2.0,2.3866348448687122,2.3866348448687122,0.0,0.0,16.072115617499673
1292,PE-3S,35.374,66.193,SIERRA,30.818999999999996,18.0,26.0,0.0,0.0,15,25,33.0,26.0,1.0707680327070965,0.8436354197086214,0.0,0.0,24.36320399472106
1293,PE-3S,35.123,35.374,SIERRA,0.2510000000000048,0.0,0.0,7.0,0.0,0,0,7.0,0.0,27.888446215138913,0.0,0.0,0.0,13.624406745574092
1294,PE-3S,66.193,74.944,SIERRA,8.751000000000005,6.0,8.0,6.0,0.0,4,7,16.0,8.0,1.8283624728602434,0.9141812364301217,0.0,0.0,39.27306206252875
1295,PE-3S,74.944,77.493,SIERRA,2.5489999999999924,1.0,1.0,18.0,0.0,1,2,20.0,1.0,7.8462142016477285,0.39231071008238644,0.0,0.0,42.39428998017623
1296,PE-3S,0.953,31.234,SIERRA,30.281000000000002,10.0,18.0,9.0,0.0,15,25,34.0,18.0,1.1228162874409695,0.5944321521746309,0.0,0.0,1.954746483584013
1297,PE-3S,190.968,224.738,SIERRA,33.77000000000001,6.0,19.0,0.0,0.0,16,28,22.0,19.0,0.6514657980456025,0.5626295528575657,0.0,0.0,48.64535554932255
1298,PE-3S,224.738,242.721,SIERRA,17.983000000000004,5.0,8.0,0.0,0.0,9,15,14.0,8.0,0.7785130400934214,0.4448645943390979,0.0,0.0,62.195135796094974
1299,PE-3S,390.205,390.468,SIERRA,0.26300000000003365,0.0,0.0,1.0,0.0,0,0,1.0,0.0,3.802281368820806,0.0,0.0,0.0,8.27550031273702
1300,PE-3S,368.869,369.45,SIERRA,0.5809999999999604,0.0,0.0,2.0,0.0,0,0,2.0,0.0,3.4423407917386166,0.0,0.0,0.0,15.404533984526369
1301,PE-3S,388.569,389.816,SIERRA,1.2469999999999573,1.0,1.0,0.0,0.0,1,1,2.0,1.0,1.603849238171667,0.8019246190858335,0.0,0.0,8.028341048570812
1302,PE-3S,336.575,336.919,SIERRA,0.3439999999999941,0.0,0.0,0.0,0.0,0,0,0.0,0.0,0.0,0.0,0.0,0.0,31.01696350264932
1303,PE-3S,308.739,309.039,SIERRA,0.30000000000001137,0.0,0.0,1.0,0.0,0,0,1.0,0.0,3.333333333333207,0.0,0.0,0.0,45.6967399321311
1304,PE-3S,516.048,525.848,SIERRA,9.799999999999955,2.0,2.0,1.0,0.0,5,8,8.0,2.0,0.8163265306122487,0.20408163265306217,0.0,0.0,57.001429255266665
1305,PE-3S,1312.95,1314.101,SIERRA,1.1510000000000673,7.0,8.0,0.0,0.0,1,1,8.0,8.0,6.950477845351462,6.950477845351462,0.0,0.0,56.36776614152437
1306,PE-3S,1223.557,1255.086,SIERRA,31.528999999999996,6.0,6.0,1.0,0.0,15,26,22.0,6.0,0.6977703067017668,0.19030099273684548,0.0,0.0,10.018525451304995
1307,PE-3S,1153.245,1189.294,SIERRA,36.049000000000206,2.0,2.0,0.0,0.0,18,29,20.0,2.0,0.5548004105523007,0.055480041055230064,0.0,0.0,21.472569115315544
1308,PE-3S,761.623,761.767,SIERRA,0.14400000000000546,0.0,0.0,0.0,0.0,0,0,0.0,0.0,0.0,0.0,0.0,0.0,27.22691214455678
1309,PE-3S,763.097,775.62,SIERRA,12.523000000000025,2.0,4.0,14.0,0.0,6,10,22.0,4.0,1.756767547712206,0.3194122814022193,0.0,0.0,30.65148593112146
1310,PE-3S,801.707,814.25,SIERRA,12.543000000000006,0.0,0.0,8.0,0.0,6,10,14.0,0.0,1.1161604081958059,0.0,0.0,0.0,42.65646334474532
1311,PE-3S,814.25,838.906,SIERRA,24.65599999999995,1.0,1.0,0.0,0.0,12,20,13.0,1.0,0.5272550292018181,0.040558079169370626,0.0,0.0,46.87680908315417
1312,PE-3S,838.906,855.471,SIERRA,16.565000000000055,1.0,1.0,2.0,0.0,8,14,11.0,1.0,0.6640507093268919,0.060368246302444716,0.0,0.0,53.67467856318331
1313,PE-3S,855.471,859.311,SIERRA,3.840000000000032,0.0,0.0,2.0,1.0,2,3,4.0,1.0,1.041666666666658,0.2604166666666645,0.0,0.0,57.80887895602866
1314,PE-3S,783.281,787.432,SIERRA,4.151000000000067,0.0,0.0,0.0,0.0,2,3,2.0,0.0,0.4818116116598332,0.0,0.0,0.0,38.12039361396611
1315,PE-3S,859.311,872.791,SIERRA,13.480000000000018,0.0,0.0,0.0,0.0,7,11,7.0,0.0,0.5192878338278925,0.0,0.0,0.0,60.76780619981184
1316,PE-3S,789.583,801.707,SIERRA,12.124000000000024,0.0,0.0,2.0,0.0,6,10,8.0,0.0,0.6598482349059703,0.0,0.0,0.0,40.35468435544311
1317,PE-3S,893.64,900.85,SIERRA,7.210000000000036,3.0,3.0,6.0,0.0,4,6,13.0,3.0,1.8030513176144154,0.41608876560332664,0.0,0.0,83.43701541505055
1318,PE-3S,974.936,978.847,SIERRA,3.9109999999999445,1.0,1.0,0.0,0.0,2,3,3.0,1.0,0.7670672462285969,0.25568908207619895,0.0,0.0,127.0101949756744
1319,PE-3S,957.459,964.169,SIERRA,6.710000000000036,6.0,6.0,0.0,0.0,3,5,9.0,6.0,1.3412816691505143,0.8941877794336762,0.0,0.0,119.1077336796511
1320,PE-3S,985.068,985.559,SIERRA,0.49099999999998545,0.0,0.0,1.0,1.0,0,0,1.0,1.0,2.0366598778004676,2.0366598778004676,0.0,0.0,120.51568633870562
1321,PE-3S,978.847,979.357,SIERRA,0.5099999999999909,0.0,0.0,0.0,0.0,0,0,0.0,0.0,0.0,0.0,0.0,0.0,125.51977718100623
1322,PE-3S,973.748,974.936,SIERRA,1.1879999999999882,2.0,2.0,0.0,0.0,1,1,3.0,2.0,2.5252525252525504,1.6835016835017003,0.0,0.0,124.70178198395011
1323,PE-3S,1021.848,1024.875,SIERRA,3.0270000000000437,1.0,1.0,10.0,100000000.0,1,2,12.0,100000001.0,3.9643211100098537,33036009.580442205,0.0,0.0,99.72138596196372
1324,PE-3S,1017.948,1019.922,SIERRA,1.9740000000000464,0.0,0.0,4.0,0.0,1,2,5.0,0.0,2.532928064842899,0.0,0.0,0.0,101.50072501661684
1325,PE-3S,987.311,1002.08,SIERRA,14.769000000000005,34.0,43.0,1.0,1.0,7,12,42.0,44.0,2.843794434288035,2.979213216873179,0.0,0.0,113.37479605411768
1326,PE-3S,1002.08,1014.304,SIERRA,12.223999999999933,8.0,10.0,4.0,1.0,6,10,18.0,11.0,1.4725130890052438,0.8998691099476489,0.0,0.0,105.86694130560392
1327,PE-3S,900.85,920.186,SIERRA,19.336000000000013,3.0,3.0,9.0,100000000.0,9,16,21.0,100000003.0,1.0860570955730238,5171700.6102606505,0.0,0.0,88.28486311217327
1328,PE-3S,946.122,957.459,SIERRA,11.336999999999989,15.0,17.0,2.0,0.0,6,9,23.0,17.0,2.028755402663846,1.4995148628384949,0.0,0.0,113.0200951552546
1329,PE-3S,1318.373,1323.94,SIERRA,5.567000000000007,0.0,0.0,4.0,10.0,3,5,7.0,10.0,1.2574097359439538,1.7962996227770769,0.0,0.0,56.45449332635739
1330,PE-3S,1323.94,1362.632,SIERRA,38.69200000000001,35.0,38.0,1.0,0.0,19,32,55.0,38.0,1.4214824769978287,0.9821151659257726,0.0,0.0,57.649754710634674
1331,PE-3S,1362.632,1364.762,SIERRA,2.1299999999998818,1.0,1.0,0.0,0.0,1,2,2.0,1.0,0.9389671361502868,0.4694835680751434,0.0,0.0,46.94020244788462
1332,PE-3S,1386.55,1391.367,SIERRA,4.817000000000007,5.0,6.0,1.0,0.0,2,4,8.0,6.0,1.6607847207805664,1.2455885405854248,0.0,0.0,26.253745463025613
1333,PE-3S,1391.367,1406.531,SIERRA,15.163999999999987,12.0,13.0,2.0,10.0,7,12,21.0,23.0,1.3848588762859415,1.5167501978369835,0.0,0.0,16.608033715775687
1334,PE-3S,1406.531,1418.886,SIERRA,12.355000000000018,18.0,18.0,1.0,0.0,6,10,25.0,18.0,2.0234722784297827,1.4569000404694434,0.0,0.0,2.6939444151203427
1335,PE-5S,0.0,3.569,SELVA,3.569,0.0,0.0,4.0,1.0,0,0,4.0,1.0,1.1207621182404035,0.2801905295601009,0.0,0.0,25.95539559317018
1336,PE-5S,152.686,174.792,SELVA,22.105999999999995,0.0,0.0,0.0,0.0,0,0,0.0,0.0,0.0,0.0,0.0,0.0,113.5098101793032
1337,PE-5S,192.937,266.937,SELVA,74.0,0.0,0.0,0.0,0.0,0,0,0.0,0.0,0.0,0.0,0.0,0.0,162.29685231589667
1338,PE-5S,5.221,12.892,SELVA,7.670999999999999,5.0,5.0,2.0,0.0,0,0,7.0,5.0,0.9125277017338027,0.6518055012384305,0.0,0.0,30.04989092459929
1339,PE-5S,19.982,26.892,SELVA,6.91,1.0,1.0,1.0,0.0,0,0,2.0,1.0,0.2894356005788712,0.1447178002894356,0.0,0.0,39.58629893379938
1340,PE-5S,26.892,35.074,SELVA,8.181999999999999,0.0,0.0,3.0,10.0,0,0,3.0,10.0,0.3666585186995845,1.2221950623319484,0.0,0.0,45.73112670844813
1341,PE-5S,40.033,45.028,SELVA,4.994999999999997,0.0,0.0,0.0,0.0,0,0,0.0,0.0,0.0,0.0,0.0,0.0,54.05100477719867
1342,PE-5S,46.36,58.784,SELVA,12.424,5.0,7.0,2.0,0.0,0,0,7.0,7.0,0.5634256278171281,0.5634256278171281,0.0,0.0,59.57498918087812
1343,PE-5S,46.318,46.36,SELVA,0.04200000000000159,0.0,0.0,1.0,0.0,0,0,1.0,0.0,23.809523809522908,0.0,0.0,0.0,56.17246333503977
1344,PE-5S,806.959,1151.126,SELVA,344.16700000000003,0.0,0.0,0.0,0.0,0,0,0.0,0.0,0.0,0.0,0.0,0.0,57.28819213644582
1345,PE-5S,452.712,806.959,SELVA,354.24699999999996,1.0,1.0,0.0,0.0,0,0,1.0,1.0,0.0028228891140927095,0.0028228891140927095,0.0,0.0,176.2478444125549
1346,PE-3ND,26.032,26.21,SIERRA,0.17800000000000082,0.0,0.0,0.0,0.0,0,0,0.0,0.0,0.0,0.0,0.0,0.0,63.348911291535
1347,PE-3ND,24.04,24.46,SIERRA,0.4200000000000017,0.0,0.0,0.0,0.0,0,0,0.0,0.0,0.0,0.0,0.0,0.0,63.81539485060448
1348,PE-3ND,38.765,38.851,SIERRA,0.08599999999999852,0.0,0.0,0.0,0.0,0,0,0.0,0.0,0.0,0.0,0.0,0.0,58.44799774559189
1349,PE-3ND,24.46,24.673,SIERRA,0.2129999999999974,0.0,0.0,0.0,0.0,0,0,0.0,0.0,0.0,0.0,0.0,0.0,63.76281134053217
1350,PE-3ND,84.807,84.956,SIERRA,0.1490000000000009,0.0,0.0,0.0,0.0,0,0,0.0,0.0,0.0,0.0,0.0,0.0,45.25895009297901
1351,PE-30C,589.995,593.093,SELVA,3.0979999999999563,0.0,0.0,0.0,0.0,0,0,0.0,0.0,0.0,0.0,0.0,0.0,15.102782641646993
1352,PE-5N,10.324,10.415,SELVA,0.0909999999999993,0.0,0.0,6.0,0.0,0,0,6.0,0.0,65.93406593406644,0.0,0.0,0.0,31.946479730568324
1353,PE-5N,39.846,39.903,SELVA,0.05700000000000216,0.0,0.0,0.0,0.0,0,0,0.0,0.0,0.0,0.0,0.0,0.0,48.00532193657639
1354,PE-5N,51.886,52.567,SELVA,0.6809999999999974,0.0,0.0,2.0,0.0,0,1,2.0,0.0,2.9368575624082345,0.0,0.0,0.0,50.11260421999436
1355,PE-5N,17.759,34.946,SELVA,17.186999999999998,0.0,0.0,4.0,1000.0,12,27,16.0,1000.0,0.9309361726886601,58.18351079304126,0.0,0.0,41.10935667356339
1356,PE-5N,39.937,39.98,SELVA,0.04299999999999926,0.0,0.0,0.0,0.0,0,0,0.0,0.0,0.0,0.0,0.0,0.0,48.06879158709866
1357,PE-5N,34.946,39.811,SELVA,4.865000000000002,2.0,3.0,5.0,0.0,3,8,10.0,3.0,2.0554984583761553,0.6166495375128466,0.0,0.0,46.86375304700024
1358,PE-5N,39.811,39.846,SELVA,0.03499999999999659,0.0,0.0,0.0,0.0,0,0,0.0,0.0,0.0,0.0,0.0,0.0,47.96956155282864
1359,PE-5N,39.903,39.937,SELVA,0.03399999999999892,0.0,0.0,0.0,0.0,0,0,0.0,0.0,0.0,0.0,0.0,0.0,48.03925996856807
1360,PE-5N,439.304,439.503,SELVA,0.19900000000001228,0.0,0.0,1.0,0.0,0,0,1.0,0.0,5.025125628140393,0.0,0.0,0.0,121.29370060908616
1361,PE-5N,450.339,450.726,SELVA,0.38700000000000045,0.0,0.0,1.0,0.0,0,1,1.0,0.0,2.5839793281653716,0.0,0.0,0.0,117.30820048238677
1362,PE-5N,427.148,427.665,SELVA,0.5169999999999959,0.0,0.0,0.0,0.0,0,1,0.0,0.0,0.0,0.0,0.0,0.0,130.22394710609672
1363,PE-5N,558.787,558.948,SELVA,0.16099999999994452,0.0,0.0,2.0,0.0,0,0,2.0,0.0,12.422360248451486,0.0,0.0,0.0,156.5856452632126
1364,PE-5N,549.38,549.589,SELVA,0.20900000000006003,0.0,0.0,0.0,0.0,0,0,0.0,0.0,0.0,0.0,0.0,0.0,155.0840731397417
1365,PE-5N,590.636,591.145,SELVA,0.5090000000000146,0.0,0.0,2.0,1.0,0,1,2.0,1.0,3.929273084479259,1.9646365422396295,0.0,0.0,186.833335386644
1366,PE-5N,593.617,593.978,SELVA,0.36099999999999,0.0,0.0,1.0,0.0,0,1,1.0,0.0,2.7700831024931514,0.0,0.0,0.0,189.5776045726924
1367,PE-5N,596.31,596.68,SELVA,0.37000000000000455,0.0,0.0,0.0,0.0,0,1,0.0,0.0,0.0,0.0,0.0,0.0,192.1281420718116
1368,PE-5N,596.68,597.094,SELVA,0.41400000000010095,0.0,0.0,2.0,0.0,0,1,2.0,0.0,4.830917874394958,0.0,0.0,0.0,192.3599110551976
1369,PE-5N,819.283,838.497,SELVA,19.213999999999942,2.0,2.0,0.0,0.0,13,30,15.0,2.0,0.7806807536171565,0.1040907671489542,0.0,0.0,100.28642631956195
1370,PE-5N,907.42,919.258,SELVA,11.83800000000008,0.0,0.0,0.0,0.0,8,18,8.0,0.0,0.6757898293630635,0.0,0.0,0.0,43.76266831231449
1371,PE-5N,940.611,940.794,SELVA,0.18299999999999272,0.0,0.0,0.0,0.0,0,0,0.0,0.0,0.0,0.0,0.0,0.0,23.081984600251545
1372,PE-5N,940.455,940.611,SELVA,0.15599999999994907,0.0,0.0,0.0,0.0,0,0,0.0,0.0,0.0,0.0,0.0,0.0,22.99734736355717
1373,PE-5N,1303.473,1304.009,SELVA,0.5360000000000582,1.0,3.0,0.0,0.0,0,1,1.0,3.0,1.865671641790842,5.597014925372527,0.0,0.0,35.65720179362045
1374,PE-5N,1355.474,1356.047,SELVA,0.5730000000000928,0.0,0.0,0.0,0.0,0,1,0.0,0.0,0.0,0.0,0.0,0.0,3.8369746328817937
1375,PE-5N,1324.801,1325.444,SELVA,0.6430000000000291,1.0,1.0,0.0,0.0,0,1,1.0,1.0,1.555209953343631,1.555209953343631,0.0,0.0,23.04522251578833
1376,PE-5N,1310.593,1310.741,SELVA,0.14799999999991087,0.0,0.0,0.0,0.0,0,0,0.0,0.0,0.0,0.0,0.0,0.0,36.22897609659343
1377,PE-5N,1172.515,1172.728,SELVA,0.21299999999996544,0.0,0.0,0.0,0.0,0,0,0.0,0.0,0.0,0.0,0.0,0.0,16.533382333747628
1378,PE-5N,1443.674,1444.234,SELVA,0.5599999999999454,0.0,0.0,0.0,0.0,0,1,0.0,0.0,0.0,0.0,0.0,0.0,47.25536675339524
1379,PE-5N,1444.234,1445.145,SELVA,0.9110000000000582,1.0,1.0,0.0,0.0,1,1,2.0,1.0,2.195389681668356,1.097694840834178,0.0,0.0,47.97009607984171
1380,PE-5N,1496.814,1497.289,SELVA,0.47499999999990905,0.0,0.0,1.0,0.0,0,1,1.0,0.0,2.10526315789514,0.0,0.0,0.0,77.6620440361929
1381,PE-5N,948.708,949.044,SELVA,0.33600000000001273,0.0,0.0,0.0,0.0,0,1,0.0,0.0,0.0,0.0,0.0,0.0,23.142019301113766
1382,PE-5N,146.045,151.323,SELVA,5.27800000000002,0.0,0.0,1.0,1.0,4,8,5.0,1.0,0.9473285335354265,0.1894657067070853,0.0,0.0,103.91244324452136
1383,PE-5N,39.98,40.812,SELVA,0.8320000000000007,0.0,0.0,0.0,0.0,1,1,1.0,0.0,1.2019230769230758,0.0,0.0,0.0,48.26521757908921
1384,PE-5N,1497.289,1498.14,SELVA,0.8510000000001128,0.0,0.0,0.0,0.0,1,1,1.0,0.0,1.175088131609715,0.0,0.0,0.0,77.86806515499799
1385,PE-5N,446.694,447.51,SELVA,0.8159999999999741,0.0,0.0,1.0,0.0,1,1,2.0,0.0,2.4509803921569406,0.0,0.0,0.0,120.12449780941256
1386,PE-5N,1283.746,1283.808,SELVA,0.06199999999989814,0.0,0.0,0.0,0.0,0,0,0.0,0.0,0.0,0.0,0.0,0.0,19.404913116804064
1387,PE-5SA,131.636,159.5,SELVA,27.864000000000004,0.0,0.0,0.0,0.0,0,0,0.0,0.0,0.0,0.0,0.0,0.0,186.4343752555799
1388,PE-14A,165.824,180.494,SIERRA,14.669999999999987,0.0,0.0,0.0,0.0,0,0,0.0,0.0,0.0,0.0,0.0,0.0,95.95536603376856
1389,PE-1NR,67.786,74.098,COSTA,6.311999999999998,0.0,0.0,0.0,0.0,0,0,0.0,0.0,0.0,0.0,0.0,0.0,25.758315184304177
1390,PE-1NR,89.293,93.691,SIERRA,4.397999999999996,0.0,0.0,0.0,0.0,0,0,0.0,0.0,0.0,0.0,0.0,0.0,35.99398281156343
1391,PE-1NR,93.997,101.057,SIERRA,7.060000000000002,0.0,0.0,0.0,0.0,0,0,0.0,0.0,0.0,0.0,0.0,0.0,37.78058509420322
1392,PE-1NR,110.082,111.784,SIERRA,1.7020000000000124,0.0,0.0,0.0,0.0,0,0,0.0,0.0,0.0,0.0,0.0,0.0,41.5954376285808
1393,PE-1NR,113.639,128.298,SIERRA,14.659000000000006,0.0,0.0,0.0,0.0,0,0,0.0,0.0,0.0,0.0,0.0,0.0,45.76908825635503
1394,PE-1NR,141.448,156.75,SIERRA,15.301999999999992,1.0,1.0,0.0,0.0,0,0,1.0,1.0,0.06535093451836364,0.06535093451836364,0.0,0.0,45.925739393190426
1395,PE-1NR,157.574,179.946,SIERRA,22.371999999999986,0.0,0.0,0.0,0.0,0,0,0.0,0.0,0.0,0.0,0.0,0.0,51.39393199055022
1396,PE-1NR,128.513,141.448,SIERRA,12.935000000000002,1.0,1.0,0.0,0.0,0,0,1.0,1.0,0.07730962504831851,0.07730962504831851,0.0,0.0,45.10039002001545
1397,PE-1NR,63.077,67.786,COSTA,4.709000000000003,0.0,0.0,0.0,0.0,0,0,0.0,0.0,0.0,0.0,0.0,0.0,21.360232261586084
1398,PE-30,5.071,19.404,COSTA,14.333,0.0,0.0,1.0,0.0,20,45,21.0,0.0,1.4651503523337752,0.0,0.0,0.0,20.06804641606067
1399,PE-28B,120.076,137.512,SELVA,17.436000000000007,0.0,0.0,2.0,0.0,0,0,2.0,0.0,0.11470520761642573,0.0,0.0,0.0,64.66271606657409
1400,PE-28B,441.447,449.129,SELVA,7.682000000000016,0.0,0.0,0.0,0.0,0,0,0.0,0.0,0.0,0.0,0.0,0.0,133.10595850426637
1401,PE-28B,449.129,460.143,SELVA,11.013999999999953,3.0,3.0,0.0,0.0,0,0,3.0,3.0,0.2723806065008183,0.2723806065008183,0.0,0.0,127.46071237764856
1402,PE-1N,1129.166,1134.228,COSTA,5.0620000000001255,0.0,0.0,1.0,0.0,19,70,20.0,0.0,3.951007506914165,0.0,0.0,0.0,26.0948465055739
1403,PE-1N,1144.213,1149.22,COSTA,5.007000000000062,0.0,0.0,1.0,1.0,19,69,20.0,1.0,3.9944078290392957,0.19972039145196477,0.0,0.0,37.24945711153198
1404,PE-1N,1149.22,1154.212,COSTA,4.991999999999962,2.0,2.0,2.0,0.0,19,69,23.0,2.0,4.60737179487183,0.4006410256410287,0.0,0.0,40.37057510979903
1405,PE-1N,1154.212,1178.129,COSTA,23.916999999999916,2.0,2.0,0.0,0.0,89,331,91.0,2.0,3.8048250198603637,0.08362252790901899,0.0,0.0,32.85829166113129
1406,PE-34G,30.189,30.219,SIERRA,0.030000000000001137,0.0,0.0,0.0,0.0,0,0,0.0,0.0,0.0,0.0,0.0,0.0,30.701974463131464
1407,PE-1N,1195.046,1256.067,COSTA,61.02099999999996,21.0,21.0,0.0,0.0,226,845,247.0,21.0,4.047786827485623,0.3441438193408829,0.0,0.0,17.061987724292884
1408,PE-1N,1139.483,1144.213,COSTA,4.730000000000018,0.0,0.0,1.0,0.0,18,65,19.0,0.0,4.016913319238885,0.0,0.0,0.0,33.61668040576528
1409,PE-1N,1277.442,1279.067,COSTA,1.625,1.0,1.0,0.0,0.0,6,22,7.0,1.0,4.3076923076923075,0.6153846153846154,0.0,0.0,65.3065655776842
1410,PE-1N,1279.067,1281.085,COSTA,2.018000000000029,5.0,5.0,0.0,0.0,7,28,12.0,5.0,5.9464816650147805,2.4777006937561583,0.0,0.0,66.98217879806397
1411,PE-28B,82.441,115.689,SIERRA,33.24799999999999,2.0,3.0,8.0,0.0,0,0,10.0,3.0,0.30076997112608284,0.09023099133782486,0.0,0.0,52.63784059765413
1412,PE-3SG,297.306,301.416,SIERRA,4.110000000000014,0.0,0.0,0.0,0.0,0,0,0.0,0.0,0.0,0.0,0.0,0.0,48.5936170557426
1413,PE-3SG,277.848,282.911,SIERRA,5.062999999999988,0.0,0.0,0.0,0.0,0,0,0.0,0.0,0.0,0.0,0.0,0.0,52.0081802860052
1414,PE-1S,3.84,4.088,COSTA,0.24800000000000022,1.0,2.0,3.0,110.0,1,1,5.0,112.0,20.161290322580626,451.61290322580606,0.0,0.0,42.06047206928712
1415,PE-28B,63.332,63.744,SIERRA,0.41199999999999903,0.0,0.0,0.0,0.0,0,0,0.0,0.0,0.0,0.0,0.0,0.0,39.8103077903433
1416,PE-28B,63.744,64.09,SIERRA,0.34600000000000364,0.0,0.0,4.0,0.0,0,0,4.0,0.0,11.560693641618375,0.0,0.0,0.0,39.91633382293125
1417,PE-28B,475.313,475.393,SELVA,0.07999999999998408,0.0,0.0,0.0,0.0,0,0,0.0,0.0,0.0,0.0,0.0,0.0,112.63339527321122
1418,PE-1SF,0.0,2.651,COSTA,2.651,0.0,0.0,0.0,0.0,0,0,0.0,0.0,0.0,0.0,0.0,0.0,35.13222848157155
1419,PE-12A,142.626,176.452,SIERRA,33.82599999999999,1.0,2.0,0.0,0.0,0,0,1.0,2.0,0.029563058002719807,0.05912611600543961,0.0,0.0,147.79011699521237
1420,PE-16,46.988,49.197,SIERRA,2.209000000000003,0.0,0.0,4.0,1000.0,0,0,4.0,1000.0,1.8107741059302827,452.69352648257063,0.0,0.0,31.97175077967365
1421,PE-08B,407.377,412.294,SELVA,4.916999999999973,0.0,0.0,1.0,0.0,0,0,1.0,0.0,0.2033760423022179,0.0,0.0,0.0,71.95603979521442
1422,PE-08B,445.322,447.334,SELVA,2.0120000000000005,0.0,0.0,0.0,0.0,0,0,0.0,0.0,0.0,0.0,0.0,0.0,66.74060299253163
1423,PE-08B,427.311,430.311,SELVA,3.0,0.0,0.0,0.0,0.0,0,0,0.0,0.0,0.0,0.0,0.0,0.0,67.99688940435698
1424,PE-1S,288.791,292.788,COSTA,3.997000000000014,10.0,13.0,4.0,0.0,12,24,26.0,13.0,6.5048786589942225,3.2524393294971112,0.0,0.0,18.19046581938208
1425,PE-1S,292.788,295.224,COSTA,2.4359999999999786,3.0,3.0,1.0,1.0,7,14,11.0,4.0,4.51559934318559,1.64203612479476,0.0,0.0,20.86263590659789
1426,PE-1S,295.224,299.075,COSTA,3.850999999999999,9.0,9.0,2.0,0.0,11,23,22.0,9.0,5.71280186964425,2.3370553103090113,0.0,0.0,23.599267232913967
1427,PE-1S,285.402,288.791,COSTA,3.38900000000001,7.0,7.0,1.0,0.0,10,20,18.0,7.0,5.311301268810843,2.0655060489819945,0.0,0.0,15.52147369672499
1428,PE-12A,207.393,226.392,SIERRA,18.998999999999995,0.0,0.0,0.0,0.0,0,0,0.0,0.0,0.0,0.0,0.0,0.0,141.7943206134252
1429,PE-28B,214.783,218.748,SELVA,3.9650000000000034,0.0,0.0,0.0,0.0,0,0,0.0,0.0,0.0,0.0,0.0,0.0,85.74463417169626
1430,PE-28B,218.748,232.397,SELVA,13.649000000000001,0.0,0.0,1.0,0.0,0,0,1.0,0.0,0.07326544069162576,0.0,0.0,0.0,88.76009489172328
1431,PE-30C,226.02,228.144,SELVA,2.1239999999999952,0.0,0.0,0.0,0.0,0,0,0.0,0.0,0.0,0.0,0.0,0.0,32.00846371693432
1432,PE-3N,1154.172,1154.197,SIERRA,0.024999999999863576,0.0,0.0,0.0,0.0,0,0,0.0,0.0,0.0,0.0,0.0,0.0,98.00839230173978
1433,PE-28B,174.184,178.628,SELVA,4.443999999999988,1.0,1.0,4.0,0.0,0,0,5.0,1.0,1.125112511251128,0.2250225022502256,0.0,0.0,86.12575317282638
1434,PE-28B,320.264,329.91,SELVA,9.646000000000015,0.0,0.0,0.0,0.0,0,0,0.0,0.0,0.0,0.0,0.0,0.0,141.13853284677185
1435,PE-28B,438.947,441.447,SELVA,2.5,0.0,0.0,1.0,0.0,0,0,1.0,0.0,0.4,0.0,0.0,0.0,135.19699718966888
1436,PE-28B,269.002,305.064,SELVA,36.06200000000001,0.0,0.0,0.0,0.0,0,0,0.0,0.0,0.0,0.0,0.0,0.0,120.70868401487915
1437,PE-28B,348.39,383.0,SELVA,34.610000000000014,3.0,6.0,0.0,0.0,0,0,3.0,6.0,0.08668015024559372,0.17336030049118745,0.0,0.0,145.74415082840827
1438,PE-3N,1795.056,1795.171,SIERRA,0.1150000000000091,0.0,0.0,0.0,0.0,0,0,0.0,0.0,0.0,0.0,0.0,0.0,40.32417139445775
1439,PE-28B,482.452,505.047,SELVA,22.595000000000027,2.0,2.0,0.0,0.0,0,0,2.0,2.0,0.08851515822084521,0.08851515822084521,0.0,0.0,112.04022338545214
1440,PE-28B,37.732,63.301,SIERRA,25.569000000000003,2.0,3.0,1.0,0.0,0,0,3.0,3.0,0.11732957878681215,0.11732957878681215,0.0,0.0,35.818777161335625
1441,PE-22B,30.28,32.794,SIERRA,2.513999999999996,0.0,0.0,1.0,0.0,0,0,1.0,0.0,0.39777247414478983,0.0,0.0,0.0,26.81591758906776
1442,PE-3N,212.539,224.616,SIERRA,12.077000000000027,8.0,8.0,2.0,0.0,8,15,18.0,8.0,1.4904363666473428,0.6624161629543747,0.0,0.0,10.434982467212276
1443,PE-3N,156.902,165.642,SIERRA,8.740000000000009,2.0,2.0,6.0,0.0,6,11,14.0,2.0,1.601830663615559,0.22883295194507985,0.0,0.0,38.0807599005262
1444,PE-28B,329.91,333.029,SELVA,3.1189999999999714,0.0,0.0,1.0,1.0,0,0,1.0,1.0,0.3206155819172841,0.3206155819172841,0.0,0.0,139.5854385919282
1445,PE-3SG,94.608,94.621,SIERRA,0.012999999999991019,0.0,0.0,0.0,0.0,0,0,0.0,0.0,0.0,0.0,0.0,0.0,112.72760910329454
1446,PE-20B,6.314,6.437,COSTA,0.12300000000000022,1.0,2.0,0.0,0.0,0,0,1.0,2.0,8.130081300812993,16.260162601625986,0.0,0.0,27.99709495445425
1447,PE-08B,191.917,196.647,SIERRA,4.72999999999999,0.0,0.0,0.0,0.0,0,0,0.0,0.0,0.0,0.0,0.0,0.0,96.64379505616311
1448,PE-3N,227.124,231.5,SIERRA,4.376000000000005,0.0,0.0,2.0,0.0,3,5,5.0,0.0,1.142595978062156,0.0,0.0,0.0,20.27345835699145
1449,PE-3N,374.779,374.861,SIERRA,0.08199999999999363,0.0,0.0,0.0,0.0,0,0,0.0,0.0,0.0,0.0,0.0,0.0,59.54574648255491
1450,PE-18,134.502,134.945,SIERRA,0.44299999999998363,0.0,0.0,0.0,0.0,0,0,0.0,0.0,0.0,0.0,0.0,0.0,82.37093660251438
1451,PE-12B,106.539,106.63,SELVA,0.09099999999999397,0.0,0.0,0.0,0.0,0,0,0.0,0.0,0.0,0.0,0.0,0.0,140.21791045191168
1452,PE-3N,1728.4,1728.432,SIERRA,0.03199999999992542,0.0,0.0,0.0,0.0,0,0,0.0,0.0,0.0,0.0,0.0,0.0,23.305060040616084
1453,PE-3N,1785.93,1786.05,SIERRA,0.11999999999989086,0.0,0.0,0.0,0.0,0,0,0.0,0.0,0.0,0.0,0.0,0.0,38.532107975801445
1454,PE-18,137.336,138.381,SIERRA,1.0449999999999875,1.0,2.0,0.0,0.0,0,0,1.0,2.0,0.9569377990430736,1.9138755980861473,0.0,0.0,82.26665378468343
1455,PE-22B,25.157,30.28,SIERRA,5.123000000000001,0.0,0.0,2.0,11.0,0,0,2.0,11.0,0.39039625219597884,2.1471793870778835,0.0,0.0,23.30695902751121
1456,PE-30C,293.457,298.536,SELVA,5.079000000000008,0.0,0.0,2.0,0.0,0,0,2.0,0.0,0.3937783028155143,0.0,0.0,0.0,49.48254087670799
1457,PE-18,272.814,273.011,SIERRA,0.19700000000000273,0.0,0.0,0.0,0.0,0,0,0.0,0.0,0.0,0.0,0.0,0.0,11.166842263599502
1458,PE-3N,3.786,3.976,SIERRA,0.18999999999999995,0.0,0.0,3.0,0.0,0,0,3.0,0.0,15.789473684210531,0.0,0.0,0.0,6.666390604987586
1459,PE-3N,1559.844,1559.97,SELVA,0.12599999999997635,0.0,0.0,0.0,0.0,0,0,0.0,0.0,0.0,0.0,0.0,0.0,31.534543511934377
1460,PE-3N,1269.859,1269.963,SIERRA,0.10400000000004184,0.0,0.0,0.0,0.0,0,0,0.0,0.0,0.0,0.0,0.0,0.0,101.46240645355368
1461,PE-3N,984.516,984.531,SIERRA,0.014999999999986358,0.0,0.0,0.0,0.0,0,0,0.0,0.0,0.0,0.0,0.0,0.0,75.87535098137131
1462,PE-3N,984.531,984.589,SIERRA,0.05800000000010641,0.0,0.0,0.0,0.0,0,0,0.0,0.0,0.0,0.0,0.0,0.0,75.86969030963908
1463,PE-3N,225.171,227.124,SIERRA,1.953000000000003,2.0,2.0,2.0,0.0,1,2,5.0,2.0,2.5601638504864273,1.0240655401945709,0.0,0.0,17.758801391363967
1464,PE-1S,21.526,21.963,COSTA,0.43700000000000117,1.0,1.0,4.0,0.0,1,3,6.0,1.0,13.729977116704768,2.288329519450795,0.0,0.0,41.54833461656016
1465,PE-18A,25.227,31.559,SELVA,6.332000000000001,0.0,0.0,1.0,0.0,0,0,1.0,0.0,0.15792798483891343,0.0,0.0,0.0,38.3261449063702
1466,PE-1S,238.832,239.109,COSTA,0.27700000000001523,0.0,0.0,1.0,0.0,1,2,2.0,0.0,7.2202166064977975,0.0,0.0,0.0,28.25499630831145
1467,PE-18A,40.522,44.787,SIERRA,4.265000000000001,0.0,0.0,0.0,0.0,0,0,0.0,0.0,0.0,0.0,0.0,0.0,46.19997390553896
1468,PE-1S,221.407,222.365,COSTA,0.9579999999999984,3.0,3.0,5.0,1.0,3,6,11.0,4.0,11.48225469728603,4.1753653444676475,0.0,0.0,32.865208067274565
1469,PE-1S,231.208,231.511,COSTA,0.30299999999999727,0.0,0.0,0.0,0.0,1,2,1.0,0.0,3.30033003300333,0.0,0.0,0.0,33.811944672162035
1470,PE-30D,189.36,189.57,SIERRA,0.20999999999997954,0.0,0.0,0.0,0.0,0,0,0.0,0.0,0.0,0.0,0.0,0.0,69.51900512549176
1471,PE-30D,194.972,195.47,SIERRA,0.49799999999999045,0.0,0.0,0.0,0.0,0,0,0.0,0.0,0.0,0.0,0.0,0.0,66.53723377786191
1472,PE-30D,202.659,202.873,SIERRA,0.21399999999999864,0.0,0.0,0.0,0.0,0,0,0.0,0.0,0.0,0.0,0.0,0.0,62.96763283244919
1473,PE-30D,191.091,191.409,SIERRA,0.31799999999998363,0.0,0.0,0.0,0.0,0,0,0.0,0.0,0.0,0.0,0.0,0.0,68.3087426659009
1474,PE-24,281.595,282.71,SIERRA,1.1149999999999523,0.0,0.0,0.0,0.0,0,0,0.0,0.0,0.0,0.0,0.0,0.0,15.439337078043662
1475,PE-30C,428.536,429.203,SELVA,0.6669999999999732,0.0,0.0,0.0,0.0,0,0,0.0,0.0,0.0,0.0,0.0,0.0,32.873514685428745
1476,PE-38,1.405,1.779,SIERRA,0.3739999999999999,1.0,1.0,0.0,0.0,0,0,1.0,1.0,2.673796791443851,2.673796791443851,0.0,0.0,35.22117779656553
1477,PE-08B,3.695,4.994,SIERRA,1.299,0.0,0.0,0.0,0.0,0,0,0.0,0.0,0.0,0.0,0.0,0.0,104.38798530457252
1478,PE-34F,113.24,113.343,SIERRA,0.10300000000000864,0.0,0.0,1.0,0.0,0,0,1.0,0.0,9.708737864076856,0.0,0.0,0.0,58.85243762007804
1479,PE-1NJ,150.305,191.473,COSTA,41.168000000000006,7.0,7.0,1.0,0.0,0,0,8.0,7.0,0.19432568985619897,0.17003497862417408,0.0,0.0,32.80577086563822
1480,PE-08,155.002,171.666,SIERRA,16.663999999999987,1.0,1.0,4.0,0.0,68,117,73.0,1.0,4.380700912145946,0.06000960153624584,0.0,0.0,96.0595407210727
1481,PE-22B,63.206,72.963,SIERRA,9.75699999999999,0.0,0.0,3.0,10.0,0,0,3.0,10.0,0.3074715588808038,1.024905196269346,0.0,0.0,18.062265950064457
1482,PE-3N,1390.926,1391.01,SIERRA,0.08400000000006003,0.0,0.0,0.0,0.0,0,0,0.0,0.0,0.0,0.0,0.0,0.0,102.51887667245444
1483,PE-28B,391.262,417.781,SELVA,26.519000000000005,1.0,1.0,0.0,0.0,0,0,1.0,1.0,0.03770881254949281,0.03770881254949281,0.0,0.0,149.05923456154977
1484,PE-30A,75.778,98.649,SIERRA,22.870999999999995,3.0,4.0,0.0,0.0,48,72,51.0,4.0,2.2298981242621667,0.174893970530366,0.0,0.0,14.913227492896622
1485,PE-28B,388.362,391.262,SELVA,2.8999999999999773,1.0,1.0,0.0,0.0,0,0,1.0,1.0,0.34482758620689924,0.34482758620689924,0.0,0.0,147.97397803028528
1486,PE-08,49.1,52.457,COSTA,3.3569999999999993,2.0,2.0,1.0,0.0,14,24,17.0,2.0,5.064045278522491,0.595770032767352,0.0,0.0,37.91163564130926
1487,PE-28B,432.08,433.275,SELVA,1.1949999999999932,0.0,0.0,0.0,0.0,0,0,0.0,0.0,0.0,0.0,0.0,0.0,140.58135770838686
1488,PE-28B,433.275,438.947,SELVA,5.6720000000000255,1.0,1.0,0.0,0.0,0,0,1.0,1.0,0.1763046544428765,0.1763046544428765,0.0,0.0,137.79928233526766
1489,PE-22B,92.647,102.601,SELVA,9.953999999999994,4.0,4.0,2.0,1.0,0,0,6.0,5.0,0.6027727546714893,0.5023106288929077,0.0,0.0,7.052676652284642
1490,PE-08,171.735,174.921,SIERRA,3.1859999999999786,2.0,3.0,0.0,0.0,13,22,15.0,3.0,4.708097928436943,0.9416195856873886,0.0,0.0,99.00936230920762
1491,PE-08,76.337,90.33,SIERRA,13.992999999999995,6.0,8.0,2.0,0.0,57,98,65.0,8.0,4.6451797327235065,0.5717144286428931,0.0,0.0,62.49622336069607
1492,PE-28B,343.588,348.39,SELVA,4.801999999999964,0.0,0.0,0.0,0.0,0,0,0.0,0.0,0.0,0.0,0.0,0.0,143.3302215993407
1493,PE-5NA,122.328,122.473,SELVA,0.14499999999999602,0.0,0.0,0.0,0.0,0,0,0.0,0.0,0.0,0.0,0.0,0.0,71.02453510797216
1494,PE-3N,1213.511,1214.35,SIERRA,0.8389999999999418,0.0,0.0,0.0,0.0,1,1,1.0,0.0,1.1918951132301185,0.0,0.0,0.0,106.43405262694527
1495,PE-28B,417.781,431.057,SELVA,13.27600000000001,0.0,0.0,0.0,0.0,0,0,0.0,0.0,0.0,0.0,0.0,0.0,146.00008612925922
1496,PE-14A,320.284,333.889,SIERRA,13.605000000000018,0.0,0.0,0.0,0.0,0,0,0.0,0.0,0.0,0.0,0.0,0.0,104.03798842380768
1497,PE-1S,318.083,339.179,COSTA,21.095999999999947,24.0,26.0,0.0,0.0,63,126,87.0,26.0,4.124004550625721,1.2324611300720547,0.0,0.0,51.04412882819448
1498,PE-1S,302.442,305.984,COSTA,3.541999999999973,7.0,7.0,1.0,0.0,10,21,18.0,7.0,5.081874647092077,1.9762845849802522,0.0,0.0,29.266593929509472
1499,PE-1S,305.984,307.507,COSTA,1.5230000000000246,1.0,1.0,3.0,0.0,5,9,9.0,1.0,5.909389363099051,0.6565988181221168,0.0,0.0,31.231701751468115
1500,PE-1S,438.101,440.89,COSTA,2.7889999999999873,2.0,2.0,1.0,0.0,8,17,11.0,2.0,3.9440659734672106,0.7171029042667656,0.0,0.0,2.38070774763737
1501,PE-1S,311.428,312.353,COSTA,0.9250000000000114,2.0,2.0,2.0,1.0,3,6,7.0,3.0,7.567567567567474,3.2432432432432035,0.0,0.0,35.24092718061617
1502,PE-1S,339.179,342.379,COSTA,3.2000000000000455,1.0,1.0,0.0,0.0,9,19,10.0,1.0,3.1249999999999556,0.31249999999999556,0.0,0.0,62.28320919788962
1503,PE-1S,748.905,750.95,COSTA,2.0450000000000728,0.0,0.0,0.0,0.0,6,12,6.0,0.0,2.933985330073245,0.0,0.0,0.0,39.21124474960424
1504,PE-1S,307.507,311.428,COSTA,3.9209999999999923,1.0,1.0,0.0,0.0,12,23,13.0,1.0,3.315480744707989,0.255036980362153,0.0,0.0,33.35152928293196
1505,PE-1S,357.774,360.964,COSTA,3.1899999999999977,0.0,0.0,1.0,0.0,9,19,10.0,0.0,3.1347962382445163,0.0,0.0,0.0,59.92845375500596
1506,PE-1S,312.353,313.869,COSTA,1.5160000000000196,2.0,2.0,0.0,0.0,4,9,6.0,2.0,3.9577836411608986,1.3192612137202997,0.0,0.0,36.229238180375965
1507,PE-1S,757.803,762.155,COSTA,4.351999999999975,0.0,0.0,2.0,0.0,13,26,15.0,0.0,3.446691176470608,0.0,0.0,0.0,47.21172025412837
1508,PE-1S,712.239,715.832,COSTA,3.592999999999961,0.0,0.0,2.0,0.0,11,21,13.0,0.0,3.618146395769591,0.0,0.0,0.0,8.543012128353908
1509,PE-1S,313.869,315.211,COSTA,1.3419999999999845,3.0,4.0,3.0,1.0,4,8,10.0,5.0,7.451564828614095,3.7257824143070475,0.0,0.0,37.48337373620353
1510,PE-1S,812.757,817.858,COSTA,5.100999999999999,0.0,0.0,3.0,0.0,15,30,18.0,0.0,3.5287198588512063,0.0,0.0,0.0,23.483969733297176
1511,PE-1S,857.387,866.043,SIERRA,8.656000000000063,1.0,4.0,17.0,1000100000.0,26,51,44.0,1000100004.0,5.083179297597006,115538355.36044279,0.0,0.0,12.060079533652862
1512,PE-1S,315.211,318.083,COSTA,2.872000000000014,3.0,3.0,0.0,0.0,9,17,12.0,3.0,4.178272980501372,1.044568245125343,0.0,0.0,39.56565833638819
1513,PE-1S,347.201,351.52,COSTA,4.31899999999996,0.0,0.0,2.0,0.0,13,26,15.0,0.0,3.473026163463797,0.0,0.0,0.0,69.61531560096701
1514,PE-1S,433.068,438.101,COSTA,5.0330000000000155,4.0,7.0,1.0,0.0,15,30,20.0,7.0,3.9737730975561174,1.390820584144641,0.0,0.0,1.505907145901482
1515,PE-1S,443.431,444.437,COSTA,1.0060000000000286,3.0,3.0,0.0,0.0,3,6,6.0,3.0,5.964214711729452,2.982107355864726,0.0,0.0,6.578353232483945
1516,PE-1S,419.298,429.421,COSTA,10.12299999999999,2.0,2.0,6.0,200.0,30,60,38.0,202.0,3.75382791662551,19.954558925219814,0.0,0.0,12.713454551164284
1517,PE-1S,937.671,941.661,SIERRA,3.9899999999998954,4.0,9.0,7.0,100.0,12,24,23.0,109.0,5.764411027569073,27.318295739349086,0.0,0.0,32.60431486412751
1518,PE-1S,342.379,347.201,COSTA,4.822000000000003,0.0,0.0,2.0,0.0,14,29,16.0,0.0,3.318125259228534,0.0,0.0,0.0,65.5810811112441
1519,PE-28B,333.279,343.588,SELVA,10.309000000000026,1.0,1.0,1.0,0.0,0,0,2.0,1.0,0.19400523814142934,0.09700261907071467,0.0,0.0,140.871811632752
1520,PE-14A,343.005,360.285,SELVA,17.28000000000003,0.0,0.0,0.0,0.0,0,0,0.0,0.0,0.0,0.0,0.0,0.0,98.63598624763956
1521,PE-14A,414.485,418.084,SELVA,3.5989999999999895,0.0,0.0,0.0,0.0,0,0,0.0,0.0,0.0,0.0,0.0,0.0,93.8688756646476
1522,PE-1S,867.243,872.536,SIERRA,5.292999999999893,1.0,1.0,3.0,0.0,16,31,20.0,1.0,3.7785754770452304,0.18892877385226153,0.0,0.0,18.10558550937173
1523,PE-3N,1045.276,1045.816,SIERRA,0.5399999999999636,1.0,1.0,0.0,0.0,0,1,1.0,1.0,1.8518518518519766,1.8518518518519766,0.0,0.0,58.41461323061124
1524,PE-1S,360.964,365.575,COSTA,4.61099999999999,0.0,0.0,6.0,101000.0,14,27,20.0,101000.0,4.337453914552167,21904.142268488446,0.0,0.0,56.42045025119057
1525,PE-1S,1297.081,1304.516,COSTA,7.435000000000173,4.0,4.0,0.0,0.0,22,44,26.0,4.0,3.4969737726966237,0.5379959650302498,0.0,0.0,37.43145646364105
1526,PE-1S,299.457,302.442,COSTA,2.9850000000000136,3.0,3.0,0.0,0.0,9,18,12.0,3.0,4.020100502512545,1.0050251256281362,0.0,0.0,26.82781277828068
1527,PE-14A,75.24,79.087,SIERRA,3.8470000000000084,0.0,0.0,0.0,0.0,0,0,0.0,0.0,0.0,0.0,0.0,0.0,55.26225244080678
1528,PE-1N,43.617,43.845,COSTA,0.22800000000000153,1.0,1.0,0.0,0.0,1,3,2.0,1.0,8.771929824561344,4.385964912280672,0.0,0.0,3.946915765507248
1529,PE-1N,26.375,26.763,COSTA,0.3880000000000017,4.0,4.0,0.0,0.0,1,5,5.0,4.0,12.886597938144273,10.30927835051542,0.0,0.0,18.67837831716093
1530,PE-1NR,156.75,157.574,SIERRA,0.8240000000000123,0.0,0.0,0.0,0.0,0,0,0.0,0.0,0.0,0.0,0.0,0.0,47.49110743938415
1531,PE-1NR,109.925,110.082,SIERRA,0.15699999999999648,0.0,0.0,0.0,0.0,0,0,0.0,0.0,0.0,0.0,0.0,0.0,41.096582120418574
1532,PE-1NR,93.691,93.997,SIERRA,0.3059999999999974,0.0,0.0,0.0,0.0,0,0,0.0,0.0,0.0,0.0,0.0,0.0,36.65801418963952
1533,PE-5NC,86.814,87.308,SELVA,0.494000000000014,0.0,0.0,0.0,0.0,0,0,0.0,0.0,0.0,0.0,4.0,1.8,65.69151456043976
1534,PE-1N,651.352,656.359,COSTA,5.007000000000062,1.0,2.0,3.0,0.0,19,69,23.0,2.0,4.5935690033951895,0.39944078290392954,0.0,0.0,22.69273288728808
1535,PE-08,135.978,140.999,SIERRA,5.020999999999987,2.0,3.0,2.0,1.0,21,35,25.0,4.0,4.9790878311093545,0.7966540529774967,0.0,0.0,89.76497583090962
1536,PE-30C,378.906,398.568,SELVA,19.661999999999978,3.0,4.0,7.0,2.0,0,0,10.0,6.0,0.5085952598921784,0.305157155935307,0.0,0.0,35.70642593914311
1537,PE-1N,25.653,25.872,COSTA,0.2190000000000012,0.0,0.0,0.0,0.0,1,3,1.0,0.0,4.566210045662076,0.0,0.0,0.0,19.346380121930707
1538,PE-1N,21.592,21.715,COSTA,0.12300000000000111,0.0,0.0,0.0,0.0,0,2,0.0,0.0,0.0,0.0,0.0,0.0,22.889449814779585
1539,PE-1NI,5.181,10.659,COSTA,5.478000000000001,0.0,0.0,0.0,0.0,0,0,0.0,0.0,0.0,0.0,0.0,0.0,0.5291432853254219
1540,PE-08B,0.0,3.695,SIERRA,3.695,9.0,9.0,3.0,100.0,0,0,12.0,109.0,3.2476319350473615,29.499323410013535,0.0,0.0,103.27305737488344
1541,PE-1NJ,202.225,252.875,COSTA,50.650000000000006,18.0,28.0,0.0,0.0,0,0,18.0,28.0,0.3553800592300098,0.5528134254689042,0.0,0.0,12.399242071919694
1542,PE-1NI,10.659,11.835,COSTA,1.1760000000000002,0.0,0.0,0.0,0.0,0,0,0.0,0.0,0.0,0.0,0.0,0.0,2.7912753212779444
1543,PE-14A,84.301,90.52,SIERRA,6.218999999999994,1.0,1.0,0.0,0.0,0,0,1.0,1.0,0.16079755587715083,0.16079755587715083,0.0,0.0,63.3178726096665
1544,PE-08B,242.285,244.357,SIERRA,2.0720000000000027,0.0,0.0,0.0,0.0,0,0,0.0,0.0,0.0,0.0,0.0,0.0,89.05779931544922
1545,PE-22B,34.34,35.287,SIERRA,0.9469999999999956,0.0,0.0,0.0,0.0,0,0,0.0,0.0,0.0,0.0,0.0,0.0,29.017944524719333
1546,PE-1N,26.808,27.032,COSTA,0.2240000000000002,1.0,1.0,0.0,0.0,1,3,2.0,1.0,8.92857142857142,4.46428571428571,0.0,0.0,18.359440291137087
1547,PE-3SG,282.911,297.306,SIERRA,14.394999999999982,0.0,0.0,0.0,0.0,0,0,0.0,0.0,0.0,0.0,0.0,0.0,53.723886881545376
1548,PE-08B,102.143,133.708,SIERRA,31.564999999999998,4.0,4.0,1.0,0.0,0,0,5.0,4.0,0.1584032947885316,0.1267226358308253,0.0,0.0,105.87564458796317
1549,PE-08,145.9,150.802,SIERRA,4.901999999999987,0.0,0.0,2.0,0.0,20,34,22.0,0.0,4.487964096287242,0.0,0.0,0.0,91.48253500854044
1550,PE-12A,283.418,290.112,SELVA,6.694000000000017,0.0,0.0,0.0,0.0,0,0,0.0,0.0,0.0,0.0,0.0,0.0,166.61552267493545
1551,PE-30C,159.501,159.52,SELVA,0.019000000000005457,0.0,0.0,0.0,0.0,0,0,0.0,0.0,0.0,0.0,0.0,0.0,19.035912558597666
1552,PE-36A,299.225,305.304,SIERRA,6.078999999999951,5.0,5.0,5.0,0.0,5,3,15.0,5.0,2.467511103799987,0.8225037012666624,0.0,0.0,16.82333080376029
1553,PE-3N,1133.115,1133.146,SIERRA,0.03099999999994907,0.0,0.0,0.0,0.0,0,0,0.0,0.0,0.0,0.0,0.0,0.0,97.27100152711938
1554,PE-3N,1308.661,1308.872,SIERRA,0.21100000000001273,0.0,0.0,0.0,0.0,0,0,0.0,0.0,0.0,0.0,0.0,0.0,101.52552564765492
1555,PE-1N,118.216,123.213,COSTA,4.997,3.0,3.0,11.0,1000000.0,19,69,33.0,1000003.0,6.603962377426456,200120.67240344206,0.0,0.0,18.8600314388968
1556,PE-08B,447.626,459.564,SIERRA,11.938000000000045,0.0,0.0,0.0,0.0,0,0,0.0,0.0,0.0,0.0,0.0,0.0,62.53536660869291
1557,PE-30A,203.713,246.017,SIERRA,42.304,2.0,14.0,1.0,0.0,89,133,92.0,14.0,2.174735249621785,0.3309379727685325,0.0,0.0,52.47184595674478
1558,PE-3SG,204.621,223.032,SIERRA,18.411,0.0,0.0,0.0,0.0,0,0,0.0,0.0,0.0,0.0,0.0,0.0,64.78150679285932
1559,PE-08B,133.708,156.588,SELVA,22.879999999999995,0.0,0.0,1.0,0.0,0,0,1.0,0.0,0.04370629370629372,0.0,0.0,0.0,103.71900626181494
1560,PE-08B,160.825,177.558,SELVA,16.733000000000004,0.0,0.0,0.0,0.0,0,0,0.0,0.0,0.0,0.0,0.0,0.0,101.68773611469037
1561,PE-3SG,241.33,242.863,SIERRA,1.532999999999987,1.0,1.0,0.0,0.0,0,0,1.0,1.0,0.652315720808877,0.652315720808877,0.0,0.0,52.29904221529068
1562,PE-08B,354.604,367.204,SELVA,12.600000000000023,0.0,0.0,0.0,0.0,0,0,0.0,0.0,0.0,0.0,0.0,0.0,44.95657761192746
1563,PE-24A,196.159,196.659,SELVA,0.5,0.0,0.0,0.0,0.0,0,0,0.0,0.0,0.0,0.0,0.0,0.0,79.54362966307448
1564,PE-08B,52.334,57.438,SIERRA,5.103999999999999,0.0,0.0,0.0,0.0,0,0,0.0,0.0,0.0,0.0,0.0,0.0,126.69247343226893
1565,PE-12A,277.415,283.418,SELVA,6.002999999999986,1.0,1.0,0.0,0.0,0,0,1.0,1.0,0.16658337497917747,0.16658337497917747,0.0,0.0,163.57636218392585
1566,PE-3N,1270.511,1270.567,SIERRA,0.05600000000004002,0.0,0.0,0.0,0.0,0,0,0.0,0.0,0.0,0.0,0.0,0.0,101.6381188944332
1567,PE-1N,1023.811,1029.134,COSTA,5.322999999999979,1.0,1.0,4.0,100.0,20,74,25.0,101.0,4.696599661844843,18.974262633853165,0.0,0.0,10.74412198743812
1568,PE-1N,744.046,766.257,COSTA,22.2109999999999,11.0,15.0,6.0,2.0,82,307,99.0,17.0,4.457250911710434,0.7653865201927008,0.0,0.0,13.196461996451356
1569,PE-28D,106.802,107.0,SIERRA,0.1979999999999933,0.0,0.0,0.0,0.0,0,0,0.0,0.0,0.0,0.0,0.0,0.0,24.949360214256707
1570,PE-3SG,239.277,240.851,SIERRA,1.5740000000000123,0.0,0.0,0.0,0.0,0,0,0.0,0.0,0.0,0.0,0.0,0.0,53.63704197379327
1571,PE-16,49.197,65.845,SIERRA,16.647999999999996,1.0,1.0,0.0,0.0,0,0,1.0,1.0,0.06006727534839021,0.06006727534839021,0.0,0.0,40.58396709309563
1572,PE-08B,325.826,327.225,SELVA,1.399000000000001,0.0,0.0,2.0,0.0,0,0,2.0,0.0,1.4295925661186553,0.0,0.0,0.0,35.966933002320815
1573,PE-08B,272.298,290.61,SELVA,18.312000000000012,0.0,0.0,0.0,0.0,0,0,0.0,0.0,0.0,0.0,0.0,0.0,57.98128180217107
1574,PE-22,13.056,17.887,COSTA,4.831000000000001,29.0,31.0,3.0,10.0,0,0,32.0,41.0,6.623887393914302,8.486855723452699,0.0,0.0,32.10910707285657
1575,PE-3N,1437.261,1437.43,SIERRA,0.1690000000000964,0.0,0.0,0.0,0.0,0,0,0.0,0.0,0.0,0.0,0.0,0.0,82.89649441243726
1576,PE-3SG,167.887,194.265,SIERRA,26.377999999999986,5.0,6.0,0.0,0.0,0,0,5.0,6.0,0.1895518993100312,0.22746227917203743,0.0,0.0,75.56224390402214
1577,PE-36A,99.305,115.498,SIERRA,16.192999999999998,0.0,0.0,2.0,0.0,12,8,14.0,0.0,0.8645711109738777,0.0,0.0,0.0,23.80544904713589
1578,PE-30C,228.631,235.042,SELVA,6.411000000000001,0.0,0.0,1.0,0.0,0,0,1.0,0.0,0.1559819060988925,0.0,0.0,0.0,31.379183660123857
1579,PE-12,5.039,10.261,COSTA,5.2219999999999995,0.0,0.0,0.0,0.0,0,0,0.0,0.0,0.0,0.0,0.0,0.0,13.896631833171638
1580,PE-3N,331.217,331.255,SIERRA,0.038000000000010914,0.0,0.0,0.0,0.0,0,0,0.0,0.0,0.0,0.0,0.0,0.0,73.27534893510038
1581,PE-08,140.999,145.9,SIERRA,4.9010000000000105,1.0,1.0,0.0,0.0,20,34,21.0,1.0,4.284839828606398,0.20403999183839988,0.0,0.0,90.14205330003068
1582,PE-08,125.84,135.978,SIERRA,10.138000000000005,0.0,0.0,3.0,0.0,41,71,44.0,0.0,4.340106529887549,0.0,2.0,0.6,88.53244482060508
1583,PE-5NB,9.344,20.548,SELVA,11.203999999999999,1.0,1.0,11.0,100000.0,0,0,12.0,100001.0,1.0710460549803642,8925.47304534095,0.0,0.0,15.890751731031871
1584,PE-08,18.568,26.328,COSTA,7.759999999999998,4.0,5.0,1.0,0.0,32,55,37.0,5.0,4.768041237113403,0.6443298969072166,0.0,0.0,18.01554553714199
1585,PE-12A,177.024,177.139,SIERRA,0.1150000000000091,0.0,0.0,0.0,0.0,0,0,0.0,0.0,0.0,0.0,0.0,0.0,143.98699725581326
1586,PE-20B,7.509,7.667,COSTA,0.15799999999999947,0.0,0.0,0.0,0.0,0,0,0.0,0.0,0.0,0.0,0.0,0.0,27.91263309162693
1587,PE-32A,285.339,285.518,SIERRA,0.17899999999997362,0.0,0.0,0.0,0.0,0,0,0.0,0.0,0.0,0.0,0.0,0.0,48.05848167649285
1588,PE-08,26.916,45.725,COSTA,18.809,7.0,9.0,2.0,0.0,77,132,86.0,9.0,4.572279228029135,0.47849433781700246,0.0,0.0,28.44069063138057
1589,PE-16,107.635,123.365,SIERRA,15.72999999999999,3.0,5.0,14.0,100100000.0,0,0,17.0,100100005.0,1.0807374443738087,6363636.681500322,0.0,0.0,31.806350597441245
1590,PE-36C,13.702,13.811,SIERRA,0.10899999999999999,0.0,0.0,0.0,0.0,0,0,0.0,0.0,0.0,0.0,0.0,0.0,19.343051751828355
1591,PE-36A,214.705,289.344,SIERRA,74.63899999999998,12.0,14.0,0.0,0.0,57,35,69.0,14.0,0.9244496844813036,0.18756950119910507,0.0,0.0,25.03068627515012
1592,PE-30C,150.346,157.022,SELVA,6.675999999999988,0.0,0.0,0.0,0.0,0,0,0.0,0.0,0.0,0.0,0.0,0.0,22.74908146541197
1593,PE-5NB,54.09,68.905,SELVA,14.814999999999998,1.0,2.0,0.0,0.0,0,0,1.0,2.0,0.06749915626054676,0.1349983125210935,0.0,0.0,3.855444701905721
1594,PE-3SG,241.324,241.33,SIERRA,0.006000000000000227,0.0,0.0,0.0,0.0,0,0,0.0,0.0,0.0,0.0,0.0,0.0,52.91978343458119
1595,PE-28F,0.253,0.413,SIERRA,0.15999999999999998,0.0,0.0,0.0,0.0,0,0,0.0,0.0,0.0,0.0,0.0,0.0,116.98798041484817
1596,PE-16,65.845,90.574,SIERRA,24.729,1.0,1.0,1.0,0.0,0,0,2.0,1.0,0.08087670346556675,0.04043835173278337,0.0,0.0,34.21766818752364
1597,PE-3N,339.525,339.658,SIERRA,0.1330000000000382,0.0,0.0,0.0,0.0,0,0,0.0,0.0,0.0,0.0,0.0,0.0,78.13404958803349
1598,PE-3N,840.816,841.061,SIERRA,0.24500000000000455,0.0,0.0,0.0,0.0,0,0,0.0,0.0,0.0,0.0,0.0,0.0,87.66453436113781
1599,PE-3N,1436.925,1436.988,SIERRA,0.06300000000010186,0.0,0.0,0.0,0.0,0,0,0.0,0.0,0.0,0.0,0.0,0.0,83.27605914159771
1600,PE-3N,834.473,834.718,SIERRA,0.24500000000000455,0.0,0.0,0.0,0.0,0,0,0.0,0.0,0.0,0.0,0.0,0.0,83.95398041112654
1601,PE-08B,216.588,242.285,SIERRA,25.697000000000003,0.0,0.0,0.0,0.0,0,0,0.0,0.0,0.0,0.0,0.0,0.0,89.48575516610698
1602,PE-3N,501.911,502.107,SIERRA,0.19600000000002638,0.0,0.0,0.0,0.0,0,0,0.0,0.0,0.0,0.0,0.0,0.0,29.63189112835245
1603,PE-08,71.086,76.337,SIERRA,5.251000000000005,1.0,1.0,2.0,2.0,21,37,24.0,3.0,4.570557988954481,0.5713197486193101,0.0,0.0,54.905438922899535
1604,PE-3N,1264.79,1265.217,SIERRA,0.4270000000001346,1.0,1.0,0.0,0.0,0,1,1.0,1.0,2.341920374706522,2.341920374706522,0.0,0.0,101.86100559795528
1605,PE-18,110.243,110.313,SIERRA,0.07000000000000739,0.0,0.0,0.0,0.0,0,0,0.0,0.0,0.0,0.0,0.0,0.0,65.9311195386294
1606,PE-3N,793.262,793.304,SIERRA,0.04200000000003001,0.0,0.0,0.0,0.0,0,0,0.0,0.0,0.0,0.0,0.0,0.0,77.56448844092958
1607,PE-30C,205.047,210.457,SELVA,5.409999999999997,0.0,0.0,0.0,0.0,0,0,0.0,0.0,0.0,0.0,0.0,0.0,21.006108389619293
1608,PE-30C,114.322,114.369,SIERRA,0.046999999999997044,0.0,0.0,0.0,0.0,0,0,0.0,0.0,0.0,0.0,0.0,0.0,42.32959893613456
1609,PE-36B,20.882,22.108,SIERRA,1.225999999999999,0.0,0.0,4.0,1000.0,1,1,5.0,1000.0,4.07830342577488,815.6606851549761,0.0,0.0,43.24738916598636
1610,PE-3N,850.25,850.581,SIERRA,0.3310000000000173,0.0,0.0,0.0,0.0,0,0,0.0,0.0,0.0,0.0,0.0,0.0,91.1421557978412
1611,PE-08B,312.758,324.541,SELVA,11.783000000000015,0.0,0.0,3.0,0.0,0,0,3.0,0.0,0.2546040906390559,0.0,0.0,0.0,35.079832896541866
1612,PE-10A,70.424,70.503,SIERRA,0.07899999999999352,0.0,0.0,1.0,1.0,1,2,2.0,1.0,25.31645569620461,12.658227848102305,0.0,0.0,30.28612869996159
1613,PE-3N,985.413,985.493,SIERRA,0.08000000000004093,0.0,0.0,0.0,0.0,0,0,0.0,0.0,0.0,0.0,0.0,0.0,75.3023736876978
1614,PE-1N,883.648,883.838,COSTA,0.18999999999994088,0.0,0.0,0.0,0.0,1,3,1.0,0.0,5.263157894738479,0.0,0.0,0.0,65.10834258293868
1615,PE-12,61.081,67.879,SIERRA,6.798000000000002,1.0,1.0,0.0,0.0,0,0,1.0,1.0,0.14710208884966164,0.14710208884966164,0.0,0.0,51.40462462340068
1616,PE-30A,392.213,444.737,SIERRA,52.524,4.0,5.0,0.0,0.0,111,165,115.0,5.0,2.1894752874876247,0.09519457771685325,0.0,0.0,6.735129229441089
1617,PE-1S,351.52,357.774,COSTA,6.254000000000019,0.0,0.0,1.0,0.0,19,37,20.0,0.0,3.197953309881666,0.0,0.0,0.0,64.32169679897356
1618,PE-20B,7.244,7.509,COSTA,0.26500000000000057,0.0,0.0,0.0,0.0,0,0,0.0,0.0,0.0,0.0,0.0,0.0,28.00712216798436
1619,PE-08B,442.121,442.322,SELVA,0.20100000000002183,0.0,0.0,0.0,0.0,0,0,0.0,0.0,0.0,0.0,0.0,0.0,67.90345758627852
1620,PE-08B,244.357,246.94,SIERRA,2.5829999999999984,0.0,0.0,0.0,0.0,0,0,0.0,0.0,0.0,0.0,0.0,0.0,87.97586995159638
1621,PE-1NK,39.82,40.532,COSTA,0.7119999999999962,1.0,1.0,0.0,0.0,0,0,1.0,1.0,1.4044943820224793,1.4044943820224793,0.0,0.0,32.08105972353044
1622,PE-3N,367.339,367.351,SIERRA,0.012000000000000455,0.0,0.0,0.0,0.0,0,0,0.0,0.0,0.0,0.0,0.0,0.0,65.68445377730833
1623,PE-1NI,48.738,49.226,COSTA,0.48799999999999955,0.0,0.0,0.0,0.0,0,0,0.0,0.0,0.0,0.0,0.0,0.0,25.075382766772293
1624,PE-1NJ,86.623,91.169,COSTA,4.545999999999992,5.0,5.0,8.0,0.0,0,0,13.0,5.0,2.8596568411790635,1.0998680158381013,0.0,0.0,8.42001579466732
1625,PE-18,126.764,126.875,SIERRA,0.1110000000000042,0.0,0.0,0.0,0.0,0,0,0.0,0.0,0.0,0.0,0.0,0.0,79.06572172098399
1626,PE-1N,1006.036,1023.811,COSTA,17.77500000000009,13.0,13.0,4.0,1.0,66,246,83.0,14.0,4.669479606188443,0.7876230661040747,0.0,0.0,0.8441361003239825
1627,PE-3N,1269.963,1270.011,SIERRA,0.04800000000000182,0.0,0.0,1.0,1.0,0,0,1.0,1.0,20.833333333332543,20.833333333332543,0.0,0.0,101.4841161235391
1628,PE-30C,647.478,652.49,SELVA,5.012000000000057,0.0,0.0,0.0,0.0,0,0,0.0,0.0,0.0,0.0,0.0,0.0,59.075858109278734
1629,PE-1N,988.737,991.809,COSTA,3.0720000000000027,9.0,9.0,0.0,0.0,11,43,20.0,9.0,6.510416666666661,2.9296874999999973,0.0,0.0,7.842644111507725
1630,PE-22B,102.601,107.043,SELVA,4.442000000000007,2.0,2.0,5.0,0.0,0,0,7.0,2.0,1.5758667266996822,0.4502476361999092,0.0,0.0,12.598616244575378
1631,PE-3N,376.364,376.449,SIERRA,0.08500000000003638,0.0,0.0,0.0,0.0,0,0,0.0,0.0,0.0,0.0,0.0,0.0,58.25435225562896
1632,PE-3N,4.307,4.518,SIERRA,0.2109999999999994,0.0,0.0,8.0,0.0,0,0,8.0,0.0,37.91469194312807,0.0,0.0,0.0,6.279808872110101
1633,PE-1N,42.874,43.555,COSTA,0.6809999999999974,3.0,3.0,0.0,0.0,3,9,6.0,3.0,8.810572687224703,4.405286343612351,0.0,0.0,4.223453712465809
1634,PE-22,10.251,11.101,COSTA,0.8500000000000014,2.0,2.0,1.0,0.0,0,0,3.0,2.0,3.5294117647058765,2.3529411764705843,0.0,0.0,36.37746493205229
1635,PE-20B,6.437,6.598,COSTA,0.1609999999999996,0.0,0.0,0.0,0.0,0,0,0.0,0.0,0.0,0.0,0.0,0.0,28.14612601120515
1636,PE-5NB,124.106,126.376,SELVA,2.2700000000000102,0.0,0.0,0.0,0.0,0,0,0.0,0.0,0.0,0.0,0.0,0.0,50.37093656733346
1637,PE-30A,268.79,279.775,SIERRA,10.984999999999957,1.0,1.0,1.0,0.0,23,35,25.0,1.0,2.275830678197551,0.09103322712790204,0.0,0.0,85.25808841444183
1638,PE-34A,138.538,138.703,SIERRA,0.16499999999999204,0.0,0.0,4.0,0.0,1,1,5.0,0.0,30.303030303031765,0.0,0.0,0.0,19.554139879832725
1639,PE-30C,235.11,240.534,SELVA,5.423999999999978,1.0,1.0,0.0,0.0,0,0,1.0,1.0,0.1843657817109152,0.1843657817109152,0.0,0.0,29.71260735911704
1640,PE-08,55.794,71.086,SIERRA,15.292000000000002,7.0,7.0,1.0,0.0,63,108,71.0,7.0,4.64295056238556,0.4577556892492806,0.0,0.0,47.43253998666414
1641,PE-1NE,21.306,38.83,COSTA,17.523999999999997,3.0,5.0,4.0,1000.0,0,0,7.0,1005.0,0.39945217986761017,57.34992010956403,0.0,0.0,28.002298786073126
1642,PE-3N,367.351,367.376,SIERRA,0.024999999999977263,0.0,0.0,0.0,0.0,0,0,0.0,0.0,0.0,0.0,0.0,0.0,65.67646167583864
1643,PE-3SG,336.333,353.692,SIERRA,17.35899999999998,2.0,2.0,0.0,0.0,0,0,2.0,2.0,0.115214010023619,0.115214010023619,0.0,0.0,13.129154791764408
1644,PE-08B,403.694,407.131,SELVA,3.436999999999955,1.0,1.0,0.0,0.0,0,0,1.0,1.0,0.2909514111143477,0.2909514111143477,0.0,0.0,71.02259038221995
1645,PE-08B,196.647,213.718,SIERRA,17.070999999999998,0.0,0.0,0.0,0.0,0,0,0.0,0.0,0.0,0.0,0.0,0.0,93.2872006442628
1646,PE-08B,442.322,445.322,SELVA,3.0,0.0,0.0,0.0,0.0,0,0,0.0,0.0,0.0,0.0,0.0,0.0,67.9489214835615
1647,PE-08B,188.015,191.917,SELVA,3.9020000000000152,0.0,0.0,0.0,0.0,0,0,0.0,0.0,0.0,0.0,0.0,0.0,98.17532291943168
1648,PE-08B,246.94,252.357,SIERRA,5.417000000000002,0.0,0.0,0.0,0.0,0,0,0.0,0.0,0.0,0.0,0.0,0.0,85.19323698755778
1649,PE-08,45.725,48.8,COSTA,3.0749999999999957,0.0,0.0,2.0,0.0,13,22,15.0,0.0,4.878048780487812,0.0,0.0,0.0,35.690821212216825
1650,PE-1N,43.887,43.969,COSTA,0.08200000000000074,0.0,0.0,13.0,100000000.0,0,1,13.0,100000000.0,158.53658536585223,1219512195.1219401,0.0,0.0,3.758893715463766
1651,PE-08,52.457,55.794,SIERRA,3.336999999999996,0.0,0.0,2.0,10.0,14,23,16.0,10.0,4.794725801618226,2.996703626011391,0.0,0.0,40.80282158767618
1652,PE-12A,267.051,277.415,SIERRA,10.364000000000033,0.0,0.0,0.0,0.0,0,0,0.0,0.0,0.0,0.0,0.0,0.0,159.13670581176265
1653,PE-08B,290.61,292.113,SELVA,1.502999999999986,0.0,0.0,1.0,0.0,0,0,1.0,0.0,0.6653359946773183,0.0,0.0,0.0,49.80839491562365
1654,PE-08,150.802,155.002,SIERRA,4.200000000000017,1.0,1.0,1.0,0.0,17,30,19.0,1.0,4.523809523809505,0.23809523809523714,0.0,0.0,93.24622557986568
1655,PE-3N,1001.05,1001.068,SIERRA,0.018000000000029104,0.0,0.0,0.0,0.0,0,0,0.0,0.0,0.0,0.0,0.0,0.0,74.36442480824522
1656,PE-1S,1285.875,1290.882,SIERRA,5.007000000000062,0.0,0.0,0.0,0.0,15,30,15.0,0.0,2.9958058717794716,0.0,0.0,0.0,34.22978315080981
1657,PE-30C,243.314,243.352,SELVA,0.038000000000010914,0.0,0.0,0.0,0.0,0,0,0.0,0.0,0.0,0.0,0.0,0.0,30.178444111262163
1658,PE-08B,327.225,354.604,SELVA,27.378999999999962,0.0,0.0,0.0,0.0,0,0,0.0,0.0,0.0,0.0,0.0,0.0,38.81799014954826
1659,PE-3N,331.041,331.217,SIERRA,0.17599999999998772,0.0,0.0,0.0,0.0,0,0,0.0,0.0,0.0,0.0,0.0,0.0,73.18126906112067
1660,PE-20B,6.598,6.72,COSTA,0.12199999999999989,0.0,0.0,1.0,0.0,0,0,1.0,0.0,8.196721311475418,0.0,0.0,0.0,28.075420334136584
1661,PE-3N,1305.224,1305.282,SIERRA,0.057999999999992724,0.0,0.0,0.0,0.0,0,0,0.0,0.0,0.0,0.0,0.0,0.0,99.35635574411197
1662,PE-22,19.004,28.912,SIERRA,9.907999999999998,10.0,11.0,7.0,10020.0,0,0,17.0,10031.0,1.715785224061365,1012.4142107387971,0.0,0.0,22.92537747108172
1663,PE-1NE,12.62,21.306,COSTA,8.686000000000002,1.0,1.0,5.0,0.0,0,0,6.0,1.0,0.6907667510937139,0.11512779184895232,0.0,0.0,18.02759532894232
1664,PE-30A,327.699,341.41,SIERRA,13.711000000000013,0.0,0.0,2.0,0.0,29,43,31.0,0.0,2.2609583546057888,0.0,0.0,0.0,50.47105554640023
1665,PE-30A,246.017,261.878,SIERRA,15.86099999999999,1.0,1.0,1.0,0.0,33,50,35.0,1.0,2.206670449530296,0.06304772712943703,0.0,0.0,73.64317395915158
1666,PE-1S,440.89,443.431,COSTA,2.540999999999997,4.0,5.0,3.0,0.0,8,15,15.0,5.0,5.903187721369547,1.9677292404565156,0.0,0.0,4.997836956192817
1667,PE-30C,148.224,149.701,SELVA,1.4770000000000039,0.0,0.0,0.0,0.0,0,0,0.0,0.0,0.0,0.0,0.0,0.0,25.89598107798668
1668,PE-22B,35.287,52.676,SIERRA,17.389000000000003,4.0,4.0,1.0,0.0,0,0,5.0,4.0,0.2875380987980907,0.23003047903847257,0.0,0.0,34.669129075718885
1669,PE-08B,14.43,29.355,SIERRA,14.925,7.0,9.0,1.0,0.0,0,0,8.0,9.0,0.5360134003350083,0.6030150753768844,0.0,0.0,112.02952644376217
1670,PE-14A,79.613,84.301,SIERRA,4.688000000000002,1.0,1.0,0.0,0.0,0,0,1.0,1.0,0.21331058020477806,0.21331058020477806,0.0,0.0,58.83957326596262
1671,PE-14A,91.848,91.98,SIERRA,0.132000000000005,0.0,0.0,0.0,0.0,0,0,0.0,0.0,0.0,0.0,0.0,0.0,66.40922381073142
1672,PE-28B,475.393,475.892,SELVA,0.49900000000002365,0.0,0.0,0.0,0.0,0,0,0.0,0.0,0.0,0.0,0.0,0.0,112.4276295765939
1673,PE-28B,473.313,475.313,SELVA,2.0,2.0,2.0,0.0,0.0,0,0,2.0,2.0,1.0,1.0,0.0,0.0,112.65102462230443
1674,PE-28B,464.871,473.313,SELVA,8.442000000000007,3.0,3.0,0.0,0.0,0,0,3.0,3.0,0.3553660270078177,0.3553660270078177,0.0,0.0,117.04755903020396
1675,PE-18A,109.75,122.307,SELVA,12.557000000000002,5.0,5.0,7.0,0.0,0,0,12.0,5.0,0.9556422712431312,0.398184279684638,0.0,0.0,90.26669740760872
1676,PE-22,9.841,10.251,COSTA,0.41000000000000014,0.0,0.0,4.0,0.0,0,0,4.0,0.0,9.756097560975606,0.0,0.0,0.0,36.723613459105366
1677,PE-20B,2.92,2.978,COSTA,0.058000000000000274,0.0,0.0,0.0,0.0,0,0,0.0,0.0,0.0,0.0,0.0,0.0,30.80177442628459
1678,PE-20B,1.579,1.633,COSTA,0.05400000000000005,0.0,0.0,0.0,0.0,0,0,0.0,0.0,0.0,0.0,0.0,0.0,29.524793015197144
1679,PE-22A,4.301,5.43,COSTA,1.1289999999999996,0.0,0.0,0.0,0.0,0,0,0.0,0.0,0.0,0.0,0.0,0.0,15.793630777892451
1680,PE-1SD,211.317,216.323,COSTA,5.006,0.0,0.0,1.0,0.0,0,0,1.0,0.0,0.1997602876548142,0.0,0.0,0.0,31.27856103118524
1681,PE-1SD,176.827,186.286,COSTA,9.459000000000003,1.0,1.0,0.0,0.0,0,0,1.0,1.0,0.10571942065757477,0.10571942065757477,0.0,0.0,15.26895400262504
1682,PE-1SD,145.613,145.703,COSTA,0.09000000000000341,0.0,0.0,0.0,0.0,0,0,0.0,0.0,0.0,0.0,0.0,0.0,16.492642000303043
1683,PE-1SD,146.107,151.876,COSTA,5.7690000000000055,4.0,5.0,0.0,0.0,0,0,4.0,5.0,0.6933610677760437,0.8667013347200546,0.0,0.0,13.501631172290942
1684,PE-1SD,151.876,156.859,COSTA,4.983000000000004,0.0,0.0,0.0,0.0,0,0,0.0,0.0,0.0,0.0,0.0,0.0,8.196397073112157
1685,PE-1SD,134.199,139.089,COSTA,4.889999999999986,1.0,1.0,2.0,0.0,0,0,3.0,1.0,0.6134969325153391,0.20449897750511303,0.0,0.0,19.65152718131637
1686,PE-20F,0.0,2.883,COSTA,2.883,0.0,0.0,0.0,0.0,0,0,0.0,0.0,0.0,0.0,0.0,0.0,22.57862690159317
1687,PE-22,17.887,19.004,SIERRA,1.1170000000000009,7.0,7.0,1.0,0.0,0,0,8.0,7.0,7.1620411817367895,6.266786034019691,0.0,0.0,28.49165357028359
1688,PE-22,135.384,138.723,SIERRA,3.339000000000027,3.0,5.0,20.0,3000000010000000.0,0,0,23.0,3000000010000005.0,6.888289907157776,898472599580707.0,0.0,0.0,28.449339329682022
1689,PE-3N,1757.928,1758.338,SELVA,0.4099999999998545,0.0,0.0,0.0,0.0,0,1,0.0,0.0,0.0,0.0,0.0,0.0,32.678239463833336
1690,PE-28B,305.064,320.264,SELVA,15.199999999999989,0.0,0.0,0.0,0.0,0,0,0.0,0.0,0.0,0.0,0.0,0.0,137.30950258710575
1691,PE-34B,287.396,288.117,SELVA,0.7210000000000036,0.0,0.0,0.0,0.0,2,2,2.0,0.0,2.7739251040221773,0.0,0.0,0.0,1.9250077869735656
1692,PE-34B,75.025,86.177,SIERRA,11.152000000000001,4.0,4.0,1.0,0.0,26,38,31.0,4.0,2.7797704447632707,0.35868005738880915,0.0,0.0,20.11142558547116
1693,PE-34H,88.799,88.913,SIERRA,0.11399999999999011,0.0,0.0,0.0,0.0,0,0,0.0,0.0,0.0,0.0,0.0,0.0,61.39849308086013
1694,PE-34H,88.723,88.799,SIERRA,0.07600000000000762,0.0,0.0,0.0,0.0,0,0,0.0,0.0,0.0,0.0,0.0,0.0,61.35550768787185
1695,PE-34H,88.631,88.723,SIERRA,0.09199999999999875,0.0,0.0,0.0,0.0,0,0,0.0,0.0,0.0,0.0,0.0,0.0,61.30619405762446
1696,PE-28C,75.215,99.684,SELVA,24.468999999999994,0.0,0.0,0.0,0.0,0,0,0.0,0.0,0.0,0.0,0.0,0.0,121.82452041238275
1697,PE-28B,242.317,264.28,SELVA,21.962999999999965,0.0,0.0,3.0,0.0,0,0,3.0,0.0,0.13659336156262827,0.0,0.0,0.0,97.37335230626648
1698,PE-28B,218.748,232.397,SELVA,13.649000000000001,0.0,0.0,0.0,0.0,0,0,0.0,0.0,0.0,0.0,0.0,0.0,90.82297706744323
1699,PE-28B,214.783,218.748,SELVA,3.9650000000000034,0.0,0.0,2.0,0.0,0,0,2.0,0.0,0.5044136191677171,0.0,0.0,0.0,86.7982452679969
1700,PE-3SG,1.753,7.791,SIERRA,6.038,0.0,0.0,0.0,0.0,0,0,0.0,0.0,0.0,0.0,0.0,0.0,91.42767992074135
1701,PE-28B,23.91,26.531,SIERRA,2.6209999999999987,0.0,0.0,2.0,0.0,0,0,2.0,0.0,0.763067531476536,0.0,0.0,0.0,26.65318076083884
1702,PE-3SW,62.177,65.661,SIERRA,3.4840000000000018,0.0,0.0,0.0,0.0,0,0,0.0,0.0,0.0,0.0,0.0,0.0,63.040188384200654
1703,PE-3N,1275.393,1275.793,SIERRA,0.3999999999998636,0.0,0.0,0.0,0.0,0,0,0.0,0.0,0.0,0.0,0.0,0.0,103.99185767051912
1704,PE-3S,121.495,126.528,SIERRA,5.033000000000001,3.0,3.0,3.0,10.0,2,4,8.0,13.0,1.5895092390224514,2.5829525134114837,0.0,0.0,11.482545542394776
1705,PE-3S,105.92,106.332,SIERRA,0.41199999999999193,0.0,0.0,5.0,10000.0,0,0,5.0,10000.0,12.135922330097324,24271.84466019465,0.0,0.0,27.76060941390344
1706,PE-3S,133.182,155.569,SIERRA,22.387,6.0,6.0,3.0,0.0,11,18,20.0,6.0,0.8933756197793362,0.26801268593380084,0.0,0.0,7.055744032897353
1707,PE-3S,106.332,117.942,SIERRA,11.61,12.0,13.0,2.0,0.0,6,9,20.0,13.0,1.7226528854435832,1.119724375538329,0.0,0.0,22.142941844724675
1708,PE-3S,80.099,98.257,SIERRA,18.158,4.0,5.0,3.0,100.0,9,15,16.0,105.0,0.881154312148915,5.782575173477255,0.0,0.0,43.082012076232346
1709,PE-3S,440.468,472.656,SIERRA,32.18799999999999,2.0,2.0,0.0,0.0,16,26,18.0,2.0,0.5592146141419164,0.06213495712687961,0.0,0.0,31.97635801723645
1710,PE-3S,472.656,489.268,SIERRA,16.611999999999966,0.0,0.0,3.0,1.0,8,14,11.0,1.0,0.6621719239104276,0.060197447628220685,0.0,0.0,41.9411139684618
1711,PE-3S,369.45,382.84,SIERRA,13.389999999999986,1.0,1.0,0.0,0.0,7,11,8.0,1.0,0.5974607916355495,0.0746825989544437,0.0,0.0,12.157261248913676
1712,PE-3S,360.712,368.869,SIERRA,8.157000000000039,1.0,1.0,2.0,0.0,4,7,7.0,1.0,0.8581586367537044,0.12259409096481491,0.0,0.0,18.06158654765093
1713,PE-3S,390.468,428.159,SIERRA,37.690999999999974,13.0,14.0,0.0,0.0,18,31,31.0,14.0,0.8224775145260147,0.3714414581730389,0.0,0.0,10.076773843583569
1714,PE-3S,385.078,388.569,SIERRA,3.4910000000000423,1.0,3.0,0.0,0.0,2,3,3.0,3.0,0.8593526210254837,0.8593526210254837,0.0,0.0,8.168188591949088
1715,PE-3S,342.423,346.061,SIERRA,3.637999999999977,0.0,0.0,1.0,0.0,2,3,3.0,0.0,0.824628916987361,0.0,0.0,0.0,28.377351160477097
1716,PE-3S,346.061,360.86,SIERRA,14.799000000000035,1.0,1.0,2.0,0.0,7,12,10.0,1.0,0.6757213325224661,0.06757213325224662,0.0,0.0,24.115617469638472
1717,PE-3S,294.716,307.831,SIERRA,13.115000000000009,0.0,0.0,0.0,0.0,6,11,6.0,0.0,0.45749142203583654,0.0,0.0,0.0,49.13220368143278
1718,PE-3S,293.192,294.716,SIERRA,1.524000000000001,0.0,0.0,1.0,1.0,1,1,2.0,1.0,1.3123359580052485,0.6561679790026242,0.0,0.0,52.55074214372069
1719,PE-3S,282.798,293.192,SIERRA,10.394000000000005,0.0,0.0,0.0,0.0,5,8,5.0,0.0,0.48104675774485256,0.0,0.0,0.0,57.61303113061734
1720,PE-3S,317.773,334.933,SIERRA,17.159999999999968,1.0,1.0,0.0,0.0,8,14,9.0,1.0,0.5244755244755255,0.05827505827505838,0.0,0.0,36.660154691501
1721,PE-3S,309.039,314.011,SIERRA,4.972000000000037,0.0,0.0,0.0,0.0,2,4,2.0,0.0,0.4022526146419922,0.0,0.0,0.0,44.1383953665885
1722,PE-3S,336.919,340.587,SIERRA,3.6680000000000064,1.0,1.0,1.0,0.0,2,3,4.0,1.0,1.0905125408942185,0.2726281352235546,0.0,0.0,30.589679861806665
1723,PE-3S,242.721,267.968,SIERRA,25.247000000000014,2.0,25.0,0.0,0.0,12,21,14.0,25.0,0.5545213292668433,0.9902166594050773,0.0,0.0,76.04962127388295
1724,PE-3S,267.968,282.798,SIERRA,14.829999999999984,3.0,4.0,1.0,1.0,7,12,11.0,5.0,0.7417397167902907,0.33715441672285945,0.0,0.0,67.21365976289138
1725,PE-3S,525.848,543.448,SIERRA,17.600000000000023,2.0,2.0,0.0,0.0,9,14,11.0,2.0,0.6249999999999992,0.1136363636363635,0.0,0.0,63.95823848876162
1726,PE-3S,556.468,578.868,SIERRA,22.40000000000009,4.0,5.0,0.0,0.0,11,18,15.0,5.0,0.6696428571428544,0.2232142857142848,0.0,0.0,73.97370663930195
1727,PE-3S,544.468,556.468,SIERRA,12.0,1.0,1.0,1.0,0.0,6,10,8.0,1.0,0.6666666666666666,0.08333333333333333,0.0,0.0,71.7705540530415
1728,PE-3S,586.437,630.83,SIERRA,44.39300000000003,8.0,8.0,0.0,0.0,22,36,30.0,8.0,0.6757822179172388,0.180208591444597,0.0,0.0,54.97633581887434
1729,PE-3S,512.448,516.048,SIERRA,3.6000000000000227,1.0,1.0,0.0,0.0,2,3,3.0,1.0,0.833333333333328,0.277777777777776,0.0,0.0,53.165228366678704
1730,PE-3S,1292.44,1312.95,SIERRA,20.50999999999999,24.0,28.0,0.0,0.0,10,17,34.0,28.0,1.6577279375914196,1.3651877133105808,0.0,0.0,56.871823391048885
1731,PE-3S,1189.294,1223.557,SIERRA,34.26299999999992,3.0,3.0,0.0,0.0,17,28,20.0,3.0,0.5837200478650453,0.0875580071797568,0.0,0.0,20.066224871801698
1732,PE-3S,676.895,685.137,SIERRA,8.241999999999962,1.0,1.0,1.0,0.0,4,7,6.0,1.0,0.7279786459597218,0.12132977432662032,0.0,0.0,25.313711657528607
1733,PE-3S,631.837,639.314,SIERRA,7.476999999999975,0.0,0.0,1.0,0.0,4,6,5.0,0.0,0.6687174000267508,0.0,0.0,0.0,43.04127848111804
1734,PE-3S,639.314,643.423,SIERRA,4.109000000000037,1.0,1.0,1.0,1.0,2,3,4.0,2.0,0.9734728644438948,0.4867364322219474,0.0,0.0,40.2137039464798
1735,PE-3S,747.848,761.587,SIERRA,13.739000000000033,0.0,0.0,2.0,20.0,7,11,9.0,20.0,0.6550695101535758,1.4557100225635018,0.0,0.0,26.59341777233172
1736,PE-3S,700.392,710.224,SIERRA,9.831999999999994,1.0,1.0,0.0,0.0,5,8,6.0,1.0,0.6102522375915382,0.10170870626525637,0.0,0.0,31.058805146401248
1737,PE-3S,710.224,716.156,SIERRA,5.931999999999903,1.0,2.0,2.0,0.0,3,5,6.0,2.0,1.0114632501685938,0.3371544167228646,0.0,0.0,29.34341109561356
1738,PE-3S,724.301,747.848,SIERRA,23.546999999999912,0.0,0.0,1.0,0.0,11,19,12.0,0.0,0.5096190597528366,0.0,0.0,0.0,25.428062766103924
1739,PE-3S,691.123,700.392,SIERRA,9.269000000000005,1.0,1.0,0.0,0.0,5,8,6.0,1.0,0.6473190203905488,0.10788650339842479,0.0,0.0,29.721633478383488
1740,PE-3S,688.553,691.123,SIERRA,2.57000000000005,1.0,1.0,0.0,0.0,1,2,2.0,1.0,0.7782101167315023,0.38910505836575116,0.0,0.0,25.730860950826933
1741,PE-3S,761.587,761.623,SIERRA,0.03600000000005821,0.0,0.0,1.0,0.0,0,0,1.0,0.0,27.777777777732865,0.0,0.0,0.0,27.155385761840915
1742,PE-3S,685.137,687.6,SIERRA,2.463000000000079,0.0,0.0,0.0,0.0,1,2,1.0,0.0,0.40600893219649525,0.0,0.0,0.0,25.61565246192741
1743,PE-3S,719.125,724.301,SIERRA,5.176000000000045,0.0,0.0,0.0,0.0,3,4,3.0,0.0,0.5795981452859301,0.0,0.0,0.0,25.972027883880752
1744,PE-3S,787.432,789.583,SIERRA,2.1509999999999536,0.0,0.0,0.0,0.0,1,2,1.0,0.0,0.46490004649001465,0.0,0.0,0.0,38.751229971647824
1745,PE-3S,778.432,782.281,SIERRA,3.8489999999999327,0.0,0.0,3.0,10.0,2,3,5.0,10.0,1.299038711353621,2.598077422707242,0.0,0.0,35.91617930521542
1746,PE-3S,872.791,893.64,SIERRA,20.848999999999933,4.0,4.0,3.0,0.0,10,17,17.0,4.0,0.815386829104516,0.19185572449518024,0.0,0.0,72.59174423460047
1747,PE-3S,973.673,973.748,SIERRA,0.07500000000004547,0.0,0.0,0.0,0.0,0,0,0.0,0.0,0.0,0.0,0.0,0.0,124.13339549292738
1748,PE-3S,966.916,969.708,SIERRA,2.7919999999999163,2.0,2.0,0.0,0.0,1,2,3.0,2.0,1.0744985673352758,0.7163323782235171,0.0,0.0,122.04288187623762
1749,PE-3S,964.916,966.916,SIERRA,2.0,1.0,1.0,0.0,0.0,1,2,2.0,1.0,1.0,0.5,0.0,0.0,121.82422250640823
1750,PE-3S,920.186,939.822,SIERRA,19.635999999999967,18.0,18.0,3.0,120.0,10,16,31.0,138.0,1.5787329394988823,7.02790792422083,0.0,0.0,96.75605498828855
1751,PE-3S,1316.173,1318.373,SIERRA,2.2000000000000455,3.0,3.0,0.0,0.0,1,2,4.0,3.0,1.8181818181817806,1.3636363636363356,0.0,0.0,56.98236789292299
1752,PE-3S,716.156,719.125,SIERRA,2.969000000000051,0.0,0.0,2.0,0.0,1,2,3.0,0.0,1.0104412260020035,0.0,0.0,0.0,28.144202422332647
1753,PE-5S,130.314,130.42,SELVA,0.10599999999999454,0.0,0.0,0.0,0.0,0,0,0.0,0.0,0.0,0.0,0.0,0.0,98.19166702359398
1754,PE-5S,110.102,123.537,SELVA,13.435000000000002,4.0,5.0,1.0,0.0,0,0,5.0,5.0,0.37216226274655745,0.37216226274655745,0.0,0.0,89.91851613695201
1755,PE-5S,108.982,109.102,SELVA,0.12000000000000455,0.0,0.0,1.0,1.0,0,0,1.0,1.0,8.333333333333018,8.333333333333018,0.0,0.0,85.18555006517029
1756,PE-5S,140.143,150.13,SELVA,9.986999999999995,0.0,0.0,0.0,0.0,0,0,0.0,0.0,0.0,0.0,0.0,0.0,106.47820883119516
1757,PE-5S,86.538,103.058,SELVA,16.52000000000001,2.0,2.0,2.0,0.0,0,0,4.0,2.0,0.24213075060532674,0.12106537530266337,0.0,0.0,78.44282555927765
1758,PE-5S,86.275,86.434,SELVA,0.15899999999999181,0.0,0.0,0.0,0.0,0,0,0.0,0.0,0.0,0.0,0.0,0.0,75.98087103203166
1759,PE-5S,86.434,86.538,SELVA,0.1039999999999992,0.0,0.0,1.0,0.0,0,0,1.0,0.0,9.61538461538469,0.0,0.0,0.0,76.02959281960194
1760,PE-5S,103.058,103.089,SELVA,0.0309999999999917,0.0,0.0,2.0,0.0,0,0,2.0,0.0,64.51612903227533,0.0,0.0,0.0,81.42671732720774
1761,PE-5S,103.089,108.13,SELVA,5.040999999999997,5.0,6.0,1.0,0.0,0,0,6.0,6.0,1.190240031739735,1.190240031739735,0.0,0.0,82.94324853052092
1762,PE-5S,15.177,17.615,SELVA,2.437999999999999,0.0,0.0,0.0,0.0,0,0,0.0,0.0,0.0,0.0,0.0,0.0,34.406705499050126
1763,PE-5S,59.657,80.915,SELVA,21.25800000000001,7.0,7.0,0.0,0.0,0,0,7.0,7.0,0.3292877975350455,0.3292877975350455,0.0,0.0,67.98383963539149
1764,PE-5S,81.338,86.275,SELVA,4.937000000000012,0.0,0.0,1.0,0.0,0,0,1.0,0.0,0.20255215718047348,0.0,0.0,0.0,74.6106350195829
1765,PE-5S,35.074,40.033,SELVA,4.959000000000003,0.0,0.0,3.0,0.0,0,0,3.0,0.0,0.6049606775559585,0.0,0.0,0.0,50.91837468111662
1766,PE-5S,266.937,337.627,SELVA,70.69,0.0,0.0,0.0,0.0,0,0,0.0,0.0,0.0,0.0,0.0,0.0,206.1238853860188
1767,PE-5S,175.37,192.937,SELVA,17.567000000000007,0.0,0.0,0.0,0.0,0,0,0.0,0.0,0.0,0.0,0.0,0.0,127.21249042214144
1768,PE-5N,10.415,17.759,SELVA,7.344000000000001,0.0,0.0,8.0,100.0,5,11,13.0,100.0,1.7701525054466227,13.616557734204791,0.0,0.0,34.2377391885871
1769,PE-5N,0.41,10.324,SELVA,9.914,1.0,1.0,14.0,100000.0,7,15,22.0,100001.0,2.219084123461771,10086.846883195481,0.0,0.0,28.040709338738367
1770,PE-5N,78.14,81.513,SELVA,3.3730000000000047,0.0,0.0,2.0,0.0,2,5,4.0,0.0,1.1858879335902741,0.0,0.0,0.0,65.51651150530479
1771,PE-5N,328.341,328.372,SELVA,0.03100000000000591,0.0,0.0,1.0,0.0,0,0,1.0,0.0,32.25806451612288,0.0,0.0,0.0,192.74025714709825
1772,PE-5N,1390.836,1391.01,SELVA,0.17399999999997817,1.0,1.0,0.0,0.0,0,0,1.0,1.0,5.74712643678233,5.74712643678233,0.0,0.0,16.24753972986704
1773,PE-5N,1311.856,1312.023,SELVA,0.16699999999991633,0.0,0.0,0.0,0.0,0,0,0.0,0.0,0.0,0.0,0.0,0.0,35.015053215005345
1774,PE-5N,39.98,40.812,SELVA,0.8320000000000007,0.0,0.0,2.0,1.0,1,1,3.0,1.0,3.6057692307692277,1.2019230769230758,0.0,0.0,48.5819766204942
1775,PE-14A,22.81,37.738,SIERRA,14.928,0.0,0.0,0.0,0.0,0,0,0.0,0.0,0.0,0.0,0.0,0.0,43.83214447585585
1776,PE-1NR,77.021,79.211,COSTA,2.1899999999999977,0.0,0.0,0.0,0.0,0,0,0.0,0.0,0.0,0.0,0.0,0.0,30.785970899001587
1777,PE-1NR,111.784,113.639,SIERRA,1.8549999999999898,0.0,0.0,0.0,0.0,0,0,0.0,0.0,0.0,0.0,0.0,0.0,42.61331036608262
1778,PE-3S,979.357,980.762,SIERRA,1.4049999999999727,0.0,0.0,0.0,0.0,1,1,1.0,0.0,0.7117437722420067,0.0,0.0,0.0,124.8166433004944
1779,PE-5NB,68.905,83.291,SELVA,14.385999999999996,1.0,1.0,1.0,0.0,0,0,2.0,1.0,0.13902405116085087,0.06951202558042544,0.0,0.0,16.53324862716817
1780,PE-3NA,51.852,56.516,SIERRA,4.6640000000000015,0.0,0.0,0.0,0.0,0,0,0.0,0.0,0.0,0.0,0.0,0.0,78.85630078296428
1781,PE-02A,72.427,75.904,SIERRA,3.4769999999999897,0.0,0.0,0.0,0.0,1,1,1.0,0.0,0.2876042565429977,0.0,0.0,0.0,8.22799813983001
1782,PE-1N,13.072,14.721,COSTA,1.649000000000001,5.0,5.0,3.0,110.0,6,23,14.0,115.0,8.489993935718612,69.73923590054575,0.0,0.0,30.54519562092887
1783,PE-3SD,136.632,160.457,SIERRA,23.82499999999999,0.0,0.0,0.0,0.0,0,0,0.0,0.0,0.0,0.0,0.0,0.0,60.37257999097597
1784,PE-3SD,67.586,101.1,SIERRA,33.513999999999996,1.0,2.0,0.0,0.0,0,0,1.0,2.0,0.02983827654114699,0.05967655308229398,0.0,0.0,64.3633942544404
1785,PE-1NK,47.044,47.457,COSTA,0.4130000000000038,0.0,0.0,0.0,0.0,0,0,0.0,0.0,0.0,0.0,0.0,0.0,37.00206540080211
1786,PE-1NK,46.94,47.044,COSTA,0.1039999999999992,0.0,0.0,0.0,0.0,0,0,0.0,0.0,0.0,0.0,0.0,0.0,36.80844585470391
1787,PE-18,102.765,103.129,SIERRA,0.3640000000000043,0.0,0.0,0.0,0.0,0,0,0.0,0.0,0.0,0.0,0.0,0.0,59.61454184902347
1788,PE-18,99.015,102.765,SIERRA,3.75,0.0,0.0,0.0,0.0,0,0,0.0,0.0,0.0,0.0,0.0,0.0,59.39741298150386
1789,PE-18,103.129,107.313,SIERRA,4.1839999999999975,0.0,0.0,0.0,0.0,0,0,0.0,0.0,0.0,0.0,0.0,0.0,61.43896765868197
1790,PE-02B,39.644,59.901,SELVA,20.257000000000005,0.0,0.0,0.0,0.0,0,0,0.0,0.0,0.0,0.0,0.0,0.0,50.48008201409704
1791,PE-30D,16.033,48.425,SIERRA,32.391999999999996,0.0,0.0,0.0,0.0,0,0,0.0,0.0,0.0,0.0,0.0,0.0,51.1711432146433
1792,PE-20C,68.708,70.257,SIERRA,1.5490000000000066,0.0,0.0,0.0,0.0,0,0,0.0,0.0,0.0,0.0,0.0,0.0,25.121338247177285
1793,PE-30,19.404,20.177,COSTA,0.7729999999999997,1.0,1.0,0.0,0.0,1,2,2.0,1.0,2.587322121604141,1.2936610608020704,0.0,0.0,14.349593592710294
1794,PE-30,20.177,21.558,COSTA,1.3810000000000002,0.0,0.0,0.0,0.0,2,4,2.0,0.0,1.4482259232440258,0.0,0.0,0.0,8.390488745790385
1795,PE-36D,0.0,1.584,SIERRA,1.584,0.0,0.0,2.0,10.0,0,0,2.0,10.0,1.2626262626262625,6.313131313131313,0.0,0.0,21.26398497434716
1796,PE-08B,101.865,102.143,SIERRA,0.2780000000000058,0.0,0.0,0.0,0.0,0,0,0.0,0.0,0.0,0.0,0.0,0.0,105.99974157942307
1797,PE-5NA,124.804,128.46,SELVA,3.656000000000006,0.0,0.0,0.0,0.0,0,0,0.0,0.0,0.0,0.0,0.0,0.0,72.62490005168405
1798,PE-3N,921.503,961.963,SIERRA,40.45999999999992,1.0,1.0,0.0,0.0,27,50,28.0,1.0,0.6920415224913508,0.024715768660405386,0.0,0.0,99.17886012205518
1799,PE-14A,160.975,162.674,SIERRA,1.6990000000000123,0.0,0.0,0.0,0.0,0,0,0.0,0.0,0.0,0.0,0.0,0.0,97.1263745239483
1800,PE-5NC,87.308,140.491,SELVA,53.18300000000001,0.0,0.0,0.0,0.0,0,0,0.0,0.0,0.0,0.0,0.0,0.0,81.03903238377157
1801,PE-28B,116.924,120.076,SIERRA,3.151999999999987,0.0,0.0,1.0,0.0,0,0,1.0,0.0,0.3172588832487323,0.0,0.0,0.0,59.89289119731832
1802,PE-1N,17.462,20.016,COSTA,2.5539999999999985,10.0,10.0,7.0,0.0,9,35,26.0,10.0,10.180109631949888,3.915426781519188,0.0,0.0,25.745966102124232
1803,PE-3N,1199.376,1196.946,SIERRA,-2.4300000000000637,1.0,4.0,0.0,0.0,0,0,1.0,4.0,-0.4115226337448452,-1.6460905349793808,0.0,0.0,107.33765305898592
1804,PE-28C,228.182,249.954,SELVA,21.77200000000002,6.0,8.0,0.0,0.0,0,0,6.0,8.0,0.2755833180231487,0.367444424030865,0.0,0.0,109.0293764186016
1805,PE-3NA,56.742,74.895,SIERRA,18.153,0.0,0.0,1.0,0.0,0,0,1.0,0.0,0.05508731339172589,0.0,0.0,0.0,76.41106117643287
1806,PE-34J,0.093,19.618,SIERRA,19.525,6.0,14.0,0.0,0.0,0,0,6.0,14.0,0.3072983354673496,0.7170294494238156,0.0,0.0,44.447769114198906
1807,PE-30B,71.7895,116.454,SIERRA,44.66449999999999,2.0,2.0,0.0,0.0,0,0,2.0,2.0,0.04477829148428843,0.04477829148428843,0.0,0.0,50.55631058577423
1808,PE-30B,67.779,71.7895,SIERRA,4.0105000000000075,0.0,0.0,0.0,0.0,0,0,0.0,0.0,0.0,0.0,0.0,0.0,62.34075057482189
1809,PE-38A,72.634,82.811,SIERRA,10.177000000000007,13.0,14.0,0.0,0.0,0,0,13.0,14.0,1.277390193573744,1.3756509776948012,0.0,0.0,6.397094959732431
1810,PE-38A,66.359,71.618,SIERRA,5.259,0.0,0.0,0.0,0.0,0,0,0.0,0.0,0.0,0.0,0.0,0.0,13.684852819958506
1811,PE-28F,20.228,24.462,SIERRA,4.233999999999998,0.0,0.0,0.0,0.0,0,0,0.0,0.0,0.0,0.0,0.0,0.0,119.65394150962727
1812,PE-28F,0.0,0.253,SIERRA,0.253,0.0,0.0,0.0,0.0,0,0,0.0,0.0,0.0,0.0,0.0,0.0,117.07595972869596
1813,PE-10B,281.215,284.115,SELVA,2.900000000000034,1.0,1.0,0.0,0.0,0,0,1.0,1.0,0.3448275862068925,0.3448275862068925,0.0,0.0,123.67042025913706
1814,PE-1N,576.546,580.58,COSTA,4.033999999999992,12.0,14.0,5.0,101.0,15,56,32.0,115.0,7.932573128408544,28.507684680218205,0.0,0.0,19.89651539565393
1815,PE-3NA,15.979,20.247,SIERRA,4.268000000000001,1.0,2.0,0.0,0.0,0,0,1.0,2.0,0.23430178069353325,0.4686035613870665,0.0,0.0,77.81554532035372
1816,PE-3NA,20.247,21.872,SIERRA,1.625,0.0,0.0,0.0,0.0,0,0,0.0,0.0,0.0,0.0,0.0,0.0,79.28223296313979
1817,PE-34J,40.507,55.872,SIERRA,15.365000000000002,7.0,8.0,0.0,0.0,0,0,7.0,8.0,0.4555808656036446,0.5206638464041653,0.0,0.0,62.25308480111635
1818,PE-3NA,46.615,51.852,SIERRA,5.236999999999995,0.0,0.0,0.0,0.0,0,0,0.0,0.0,0.0,0.0,0.0,0.0,81.54872954105933
1819,PE-3NA,22.083,46.615,SIERRA,24.532000000000004,0.0,0.0,0.0,0.0,0,0,0.0,0.0,0.0,0.0,0.0,0.0,81.25894598624876
1820,PE-34J,55.872,60.09,SIERRA,4.2180000000000035,1.0,1.0,1.0,0.0,0,0,2.0,1.0,0.4741583688952106,0.2370791844476053,0.0,0.0,69.90082237912057
1821,PE-1SG,6.038,10.974,COSTA,4.936,2.0,2.0,0.0,0.0,0,0,2.0,2.0,0.4051863857374392,0.4051863857374392,0.0,0.0,39.4599925609441
1822,PE-34J,19.618,23.99,SIERRA,4.372,1.0,1.0,0.0,0.0,0,0,1.0,1.0,0.22872827081427266,0.22872827081427266,0.0,0.0,48.07271707879354
1823,PE-34J,23.99,40.507,SIERRA,16.517,3.0,8.0,0.0,0.0,0,0,3.0,8.0,0.1816310468002664,0.48434945813404373,0.0,0.0,52.14315214213054
1824,PE-1S,75.154,82.76,COSTA,7.606000000000009,0.0,0.0,19.0,0.0,23,45,42.0,0.0,5.521956350249797,0.0,0.0,0.0,11.674764287389646
1825,PE-34J,65.523,67.725,SIERRA,2.201999999999998,1.0,1.0,1.0,0.0,0,0,2.0,1.0,0.9082652134423259,0.45413260672116296,0.0,0.0,72.6326679609642
1826,PE-5NA,43.953,45.192,SELVA,1.2389999999999972,0.0,0.0,0.0,0.0,0,0,0.0,0.0,0.0,0.0,0.0,0.0,63.30470222467488
1827,PE-5N,635.917,637.493,SELVA,1.5760000000000218,0.0,0.0,1.0,0.0,1,2,2.0,0.0,1.2690355329949063,0.0,0.0,0.0,210.2985800810152
1828,PE-28F,24.462,39.986,SIERRA,15.523999999999997,2.0,2.0,0.0,0.0,0,0,2.0,2.0,0.12883277505797477,0.12883277505797477,0.0,0.0,119.35666662461196
1829,PE-28F,19.79,19.802,SIERRA,0.012000000000000455,0.0,0.0,0.0,0.0,0,0,0.0,0.0,0.0,0.0,0.0,0.0,121.7602164692769
1830,PE-28F,0.81,4.968,SIERRA,4.1579999999999995,0.0,0.0,0.0,0.0,0,0,0.0,0.0,0.0,0.0,0.0,0.0,117.3092450111032
1831,PE-28F,4.968,15.106,SIERRA,10.138,0.0,0.0,0.0,0.0,0,0,0.0,0.0,0.0,0.0,0.0,0.0,119.84384890956323
1832,PE-28F,39.986,44.948,SIERRA,4.962000000000003,1.0,1.0,5.0,0.0,0,0,6.0,1.0,1.2091898428053196,0.20153164046755329,0.0,0.0,120.95551576793092
1833,PE-28F,15.106,19.79,SIERRA,4.683999999999999,0.0,0.0,0.0,0.0,0,0,0.0,0.0,0.0,0.0,0.0,0.0,121.81078284404016
1834,PE-3SD,101.1,132.23,SIERRA,31.129999999999995,1.0,1.0,0.0,0.0,0,0,1.0,1.0,0.032123353678124,0.032123353678124,0.0,0.0,77.83305497326589
1835,PE-3SD,132.23,136.632,SIERRA,4.402000000000015,0.0,0.0,0.0,0.0,0,0,0.0,0.0,0.0,0.0,0.0,0.0,68.31821749357339
1836,PE-3SD,161.006,169.588,SIERRA,8.581999999999994,0.0,0.0,0.0,0.0,0,0,0.0,0.0,0.0,0.0,0.0,0.0,52.00481523142672
1837,PE-3SD,63.455,67.586,SIERRA,4.131,0.0,0.0,0.0,0.0,0,0,0.0,0.0,0.0,0.0,0.0,0.0,53.60388439209071
1838,PE-28F,19.802,20.228,SIERRA,0.42600000000000193,0.0,0.0,1.0,0.0,0,0,1.0,0.0,2.3474178403755763,0.0,0.0,0.0,121.55501668870164
1839,PE-28F,0.413,0.81,SIERRA,0.3970000000000001,1.0,1.0,0.0,0.0,0,0,1.0,1.0,2.51889168765743,2.51889168765743,0.0,0.0,116.8657221412141
1840,PE-02B,109.411,130.911,SELVA,21.5,3.0,3.0,0.0,0.0,0,0,3.0,3.0,0.13953488372093023,0.13953488372093023,0.0,0.0,42.52313921976525
1841,PE-02B,59.901,84.337,SELVA,24.436,1.0,2.0,0.0,0.0,0,0,1.0,2.0,0.04092322802422655,0.0818464560484531,0.0,0.0,61.11545997853479
1842,PE-02B,28.779,39.644,SIERRA,10.864999999999998,0.0,0.0,0.0,0.0,0,0,0.0,0.0,0.0,0.0,0.0,0.0,42.26864554820892
1843,PE-02B,91.005,91.958,SELVA,0.953000000000003,0.0,0.0,0.0,0.0,0,0,0.0,0.0,0.0,0.0,0.0,0.0,58.31056468348717
1844,PE-02B,91.958,106.936,SELVA,14.978000000000009,0.0,0.0,0.0,0.0,0,0,0.0,0.0,0.0,0.0,0.0,0.0,53.03599406349792
1845,PE-02B,84.337,84.85,SELVA,0.512999999999991,0.0,0.0,0.0,0.0,0,0,0.0,0.0,0.0,0.0,0.0,0.0,63.35537567085964
1846,PE-02B,84.85,91.005,SIERRA,6.155000000000001,0.0,0.0,0.0,0.0,0,0,0.0,0.0,0.0,0.0,0.0,0.0,60.94380540072203
1847,PE-02B,0.0,10.108,SIERRA,10.108,0.0,0.0,0.0,0.0,0,0,0.0,0.0,0.0,0.0,0.0,0.0,33.126076338505804
1848,PE-02B,10.108,28.779,SIERRA,18.671,0.0,0.0,0.0,0.0,0,0,0.0,0.0,0.0,0.0,0.0,0.0,37.1551673671414
1849,PE-02A,145.099,146.71,SELVA,1.6110000000000184,0.0,0.0,0.0,0.0,0,0,0.0,0.0,0.0,0.0,0.0,0.0,32.41625246428208
1850,PE-02A,104.07,106.091,SIERRA,2.021000000000001,0.0,0.0,0.0,0.0,0,1,0.0,0.0,0.0,0.0,0.0,0.0,14.472966966095544
1851,PE-02A,77.818,104.07,SIERRA,26.251999999999995,2.0,2.0,0.0,0.0,5,7,7.0,2.0,0.2666463507542283,0.07618467164406523,0.0,0.0,12.01614504694296
1852,PE-5NA,72.442,76.909,SELVA,4.467000000000013,0.0,0.0,0.0,0.0,0,0,0.0,0.0,0.0,0.0,0.0,0.0,76.68101026914816
1853,PE-10B,98.158,123.816,SIERRA,25.658,1.0,1.0,0.0,0.0,0,0,1.0,1.0,0.0389741990802089,0.0389741990802089,0.0,0.0,146.84340453196228
1854,PE-10B,123.816,181.479,SIERRA,57.66300000000001,0.0,0.0,0.0,0.0,0,0,0.0,0.0,0.0,0.0,0.0,0.0,154.8625930714149
1855,PE-10B,181.479,269.473,SELVA,87.994,0.0,0.0,0.0,0.0,0,0,0.0,0.0,0.0,0.0,0.0,0.0,143.25608998952953
1856,PE-10B,269.473,276.261,SELVA,6.788000000000011,0.0,0.0,0.0,0.0,0,0,0.0,0.0,0.0,0.0,0.0,0.0,126.51500648331512
1857,PE-10B,276.261,281.215,SELVA,4.953999999999951,0.0,0.0,0.0,0.0,0,0,0.0,0.0,0.0,0.0,0.0,0.0,120.04844192528432
1858,PE-30D,125.845,183.035,SIERRA,57.19,0.0,0.0,0.0,0.0,0,0,0.0,0.0,0.0,0.0,0.0,0.0,75.26045795423654
1859,PE-30D,245.811,258.525,SIERRA,12.71399999999997,0.0,0.0,0.0,0.0,0,0,0.0,0.0,0.0,0.0,0.0,0.0,39.44061602361717
1860,PE-30D,54.845,116.578,SIERRA,61.733000000000004,0.0,0.0,0.0,0.0,0,0,0.0,0.0,0.0,0.0,0.0,0.0,74.97258988005095
1861,PE-1S,971.637,974.519,SIERRA,2.882000000000062,2.0,2.0,6.0,0.0,9,17,17.0,2.0,5.898681471200429,0.6939625260235799,0.0,0.0,23.235428639632463
1862,PE-1S,1075.735,1082.964,SIERRA,7.229000000000042,0.0,0.0,0.0,0.0,21,43,21.0,0.0,2.904966108728715,0.0,0.0,0.0,22.628437533856985
1863,PE-1S,1210.847,1213.209,COSTA,2.36200000000008,0.0,0.0,1.0,0.0,7,14,8.0,0.0,3.3869602032174972,0.0,0.0,0.0,36.00867656001526
1864,PE-1S,1024.489,1027.166,SIERRA,2.6769999999999072,1.0,1.0,2.0,1.0,8,16,11.0,2.0,4.109077325364356,0.7471049682480647,0.0,0.0,18.93103316766313
1865,PE-1S,1187.363,1203.225,SIERRA,15.861999999999853,1.0,1.0,1.0,0.0,47,94,49.0,1.0,3.0891438658429236,0.0630437523641413,0.0,0.0,27.80520231398125
1866,PE-1S,454.494,459.546,COSTA,5.051999999999964,3.0,5.0,5.0,3100.0,15,30,23.0,3105.0,4.552652414885227,614.6080760095056,0.0,0.0,12.711657499836022
1867,PE-1S,1203.225,1210.847,SIERRA,7.622000000000071,1.0,1.0,0.0,0.0,23,45,24.0,1.0,3.1487798478089446,0.1311991603253727,0.0,0.0,36.82729944651229
1868,PE-1S,1101.566,1109.58,SIERRA,8.013999999999896,1.0,1.0,2.0,0.0,24,48,27.0,1.0,3.3691040678812514,0.12478163214375006,0.0,0.0,24.8022357312046
1869,PE-1S,974.519,979.625,SIERRA,5.1059999999999945,2.0,3.0,6.0,1.0,15,30,23.0,4.0,4.504504504504509,0.7833920877399146,0.0,0.0,27.18283674811797
1870,PE-1S,463.073,465.161,COSTA,2.0880000000000223,3.0,3.0,2.0,1.0,6,12,11.0,4.0,5.268199233716419,1.915708812260516,0.0,0.0,19.46595750620654
1871,PE-1S,460.335,463.073,COSTA,2.7379999999999995,3.0,3.0,2.0,10.0,8,16,13.0,13.0,4.7479912344777215,4.7479912344777215,0.0,0.0,17.30158091892124
1872,PE-1S,465.161,469.587,COSTA,4.425999999999988,0.0,0.0,3.0,0.0,13,26,16.0,0.0,3.615002259376422,0.0,0.0,0.0,22.40134251775694
1873,PE-1S,445.019,446.519,COSTA,1.5,2.0,2.0,1.0,0.0,4,9,7.0,2.0,4.666666666666667,1.3333333333333333,0.0,0.0,7.085181903690204
1874,PE-1S,473.144,478.908,COSTA,5.76400000000001,1.0,1.0,1.0,1.0,17,34,19.0,2.0,3.2963219986120693,0.34698126301179677,0.0,0.0,29.23193833223663
1875,PE-1S,481.346,483.194,COSTA,1.8480000000000132,1.0,1.0,2.0,11.0,5,11,8.0,12.0,4.329004329004298,6.493506493506447,0.0,0.0,25.47535552434552
1876,PE-1S,446.519,450.928,COSTA,4.408999999999992,6.0,7.0,1.0,0.0,13,26,20.0,7.0,4.536176003628949,1.5876616012701323,0.0,0.0,6.847581336816939
1877,PE-22B,107.043,120.006,SELVA,12.962999999999994,11.0,16.0,2.0,0.0,0,0,13.0,16.0,1.0028542775592075,1.2342821877651784,0.0,0.0,18.99128219090327
1878,PE-20A,69.381,69.661,SIERRA,0.28000000000000114,0.0,0.0,1.0,0.0,0,0,1.0,0.0,3.571428571428557,0.0,0.0,0.0,38.96061098594394
1879,PE-3N,1008.959,1010.737,SIERRA,1.77800000000002,0.0,0.0,0.0,0.0,1,2,1.0,0.0,0.5624296962879577,0.0,0.0,0.0,71.15549316654959
1880,PE-30D,237.439,240.482,SIERRA,3.0430000000000064,0.0,0.0,0.0,0.0,0,0,0.0,0.0,0.0,0.0,0.0,0.0,44.543546277458766
1881,PE-30D,8.285,9.997,SIERRA,1.7119999999999997,0.0,0.0,0.0,0.0,0,0,0.0,0.0,0.0,0.0,0.0,0.0,39.46611991511215
1882,PE-26,71.827,75.992,SIERRA,4.165000000000006,0.0,0.0,0.0,0.0,0,0,0.0,0.0,0.0,0.0,0.0,0.0,38.41808735958019
1883,PE-16A,139.077,178.623,SIERRA,39.54599999999999,1.0,3.0,0.0,0.0,0,0,1.0,3.0,0.02528700753552825,0.07586102260658475,0.0,0.0,87.3114715381337
1884,PE-30D,220.205,237.439,SIERRA,17.23399999999998,2.0,2.0,0.0,0.0,0,0,2.0,2.0,0.11604966925844275,0.11604966925844275,0.0,0.0,47.18659023750001
1885,PE-20A,55.897,56.077,SIERRA,0.17999999999999972,0.0,0.0,1.0,0.0,0,0,1.0,0.0,5.555555555555564,0.0,0.0,0.0,35.06138813522461
1886,PE-20A,78.364,95.056,SIERRA,16.691999999999993,0.0,0.0,0.0,0.0,0,0,0.0,0.0,0.0,0.0,0.0,0.0,45.13624082693461
1887,PE-5S,174.792,174.922,SELVA,0.12999999999999545,0.0,0.0,0.0,0.0,0,0,0.0,0.0,0.0,0.0,0.0,0.0,119.60454031793552
1888,PE-1SD,338.173,366.594,COSTA,28.420999999999992,8.0,9.0,0.0,0.0,0,0,8.0,9.0,0.2814820027444496,0.3166672530875058,0.0,0.0,21.5082586585262
1889,PE-18,95.876,96.376,SIERRA,0.5,0.0,0.0,0.0,0.0,0,0,0.0,0.0,0.0,0.0,0.0,0.0,58.082790091998966
1890,PE-1N,918.815,928.851,COSTA,10.035999999999945,2.0,2.0,1.0,0.0,37,139,40.0,2.0,3.9856516540454585,0.19928258270227292,0.0,0.0,57.49016578332039
1891,PE-1N,972.935,988.657,COSTA,15.722000000000094,9.0,10.0,1.0,0.0,58,218,68.0,10.0,4.325149472077318,0.6360513929525468,0.0,0.0,1.91316738757415
1892,PE-26,0.0,2.277,COSTA,2.277,0.0,0.0,4.0,0.0,0,0,4.0,0.0,1.7566974088713219,0.0,0.0,0.0,8.187254901130139
1893,PE-26,25.852,29.322,COSTA,3.469999999999999,0.0,0.0,1.0,1.0,0,0,1.0,1.0,0.28818443804034594,0.28818443804034594,0.0,0.0,28.4609549171399
1894,PE-26,75.992,78.585,SIERRA,2.5929999999999893,1.0,2.0,0.0,0.0,0,0,1.0,2.0,0.38565368299267416,0.7713073659853483,0.0,0.0,41.00858928113632
1895,PE-26,33.921,38.947,SIERRA,5.026000000000003,0.0,0.0,0.0,0.0,0,0,0.0,0.0,0.0,0.0,0.0,0.0,35.673587291327
1896,PE-26,12.1,25.852,COSTA,13.752,0.0,0.0,0.0,0.0,0,0,0.0,0.0,0.0,0.0,0.0,0.0,22.21557097611786
1897,PE-26,53.82,60.362,SIERRA,6.542000000000002,0.0,0.0,0.0,0.0,0,0,0.0,0.0,0.0,0.0,0.0,0.0,32.22653810300526
1898,PE-26,49.202,49.219,SIERRA,0.017000000000003013,0.0,0.0,0.0,0.0,0,0,0.0,0.0,0.0,0.0,0.0,0.0,34.03460677378369
1899,PE-26,29.322,33.921,COSTA,4.599,0.0,0.0,0.0,0.0,0,0,0.0,0.0,0.0,0.0,0.0,0.0,31.70121602823267
1900,PE-26,85.71,117.798,SIERRA,32.08800000000001,4.0,7.0,0.0,0.0,0,0,4.0,7.0,0.12465719272001992,0.21815008726003485,0.0,0.0,53.52079186636284
1901,PE-26,2.995,8.328,COSTA,5.332999999999999,2.0,4.0,0.0,0.0,0,0,2.0,4.0,0.37502343896493534,0.7500468779298707,0.0,0.0,11.001086920220487
1902,PE-26,2.277,2.995,COSTA,0.718,0.0,0.0,0.0,0.0,0,0,0.0,0.0,0.0,0.0,0.0,0.0,8.921570273177762
1903,PE-26,82.121,85.71,SIERRA,3.5889999999999986,0.0,0.0,0.0,0.0,0,0,0.0,0.0,0.0,0.0,0.0,0.0,44.28100006790542
1904,PE-26,38.947,44.97,SIERRA,6.022999999999996,0.0,0.0,0.0,0.0,0,0,0.0,0.0,0.0,0.0,0.0,0.0,38.11616774466964
1905,PE-26,131.077,187.222,SIERRA,56.14500000000001,0.0,0.0,0.0,0.0,0,0,0.0,0.0,0.0,0.0,0.0,0.0,61.19149646353986
1906,PE-26,187.222,197.364,SIERRA,10.141999999999996,0.0,0.0,0.0,0.0,0,0,0.0,0.0,0.0,0.0,0.0,0.0,58.52295725303844
1907,PE-3S,1418.886,1442.092,SIERRA,23.20600000000013,29.0,31.0,0.0,0.0,11,19,40.0,31.0,1.7236921485822534,1.3358614151512465,0.0,0.0,14.768427002034413
1908,PE-10C,220.714,234.578,SIERRA,13.864000000000004,0.0,0.0,0.0,0.0,0,0,0.0,0.0,0.0,0.0,0.0,0.0,159.6735472872492
1909,PE-28C,32.404,43.126,SELVA,10.721999999999994,0.0,0.0,0.0,0.0,0,0,0.0,0.0,0.0,0.0,0.0,0.0,101.18577743250025
1910,PE-22A,0.0,0.226,COSTA,0.226,0.0,0.0,4.0,0.0,0,0,4.0,0.0,17.699115044247787,0.0,0.0,0.0,17.7023841288088
1911,PE-3S,1368.892,1386.55,SIERRA,17.6579999999999,17.0,18.0,0.0,0.0,9,14,26.0,18.0,1.4724204326650892,1.0193679918450618,0.0,0.0,35.45705967492968
1912,PE-30D,48.425,54.845,SIERRA,6.420000000000002,0.0,0.0,0.0,0.0,0,0,0.0,0.0,0.0,0.0,0.0,0.0,61.63417883039769
1913,PE-30D,242.145,244.012,SIERRA,1.8669999999999902,0.0,0.0,0.0,0.0,0,0,0.0,0.0,0.0,0.0,0.0,0.0,43.76273557868474
1914,PE-30D,207.957,211.467,SIERRA,3.5100000000000193,0.0,0.0,0.0,0.0,0,0,0.0,0.0,0.0,0.0,0.0,0.0,57.18495010433372
1915,PE-30D,0.961,8.285,SIERRA,7.324,0.0,0.0,0.0,0.0,0,0,0.0,0.0,0.0,0.0,0.0,0.0,37.65559296361971
1916,PE-28G,25.533,33.669,SIERRA,8.135999999999996,3.0,3.0,2.0,0.0,0,0,5.0,3.0,0.6145526057030485,0.3687315634218291,0.0,0.0,117.9483139152314
1917,PE-28,19.975,30.336,COSTA,10.360999999999997,0.0,0.0,0.0,0.0,0,0,0.0,0.0,0.0,0.0,0.0,0.0,42.60054116771824
1918,PE-26,197.364,201.600229,SIERRA,4.236229000000009,0.0,0.0,0.0,0.0,0,0,0.0,0.0,0.0,0.0,0.0,0.0,60.33299463138755
1919,PE-26,117.798,131.077,SIERRA,13.278999999999996,0.0,0.0,0.0,0.0,0,0,0.0,0.0,0.0,0.0,0.0,0.0,63.71217050146812
1920,PE-3S,1447.666,1452.605,SIERRA,4.939000000000078,0.0,0.0,0.0,0.0,2,4,2.0,0.0,0.40494027130997534,0.0,0.0,0.0,29.90047677954194
1921,PE-10C,172.601,177.421,SIERRA,4.819999999999993,0.0,0.0,0.0,0.0,0,0,0.0,0.0,0.0,0.0,0.0,0.0,154.7341757266838
1922,PE-10C,177.421,182.367,SIERRA,4.945999999999998,0.0,0.0,0.0,0.0,0,0,0.0,0.0,0.0,0.0,0.0,0.0,156.16619305525387
1923,PE-10C,304.707,305.905,SIERRA,1.197999999999979,0.0,0.0,0.0,0.0,0,0,0.0,0.0,0.0,0.0,0.0,0.0,148.64799641235584
1924,PE-10C,305.905,313.901,SIERRA,7.996000000000038,0.0,0.0,0.0,0.0,0,0,0.0,0.0,0.0,0.0,0.0,0.0,147.90908985057746
1925,PE-10C,313.901,340.045,SELVA,26.144000000000005,1.0,1.0,2.0,1.0,0,0,3.0,2.0,0.11474908200734392,0.07649938800489595,0.0,0.0,146.9503173577241
1926,PE-10C,296.051,304.707,SIERRA,8.656000000000006,1.0,1.0,0.0,0.0,0,0,1.0,1.0,0.11552680221811452,0.11552680221811452,0.0,0.0,148.33382813375022
1927,PE-10C,182.367,197.604,SIERRA,15.237000000000023,0.0,0.0,0.0,0.0,0,0,0.0,0.0,0.0,0.0,0.0,0.0,158.30950314228076
1928,PE-10C,197.604,220.714,SIERRA,23.109999999999985,0.0,0.0,0.0,0.0,0,0,0.0,0.0,0.0,0.0,0.0,0.0,160.16340385241222
1929,PE-28C,1.108,4.304,SELVA,3.196,0.0,0.0,0.0,0.0,0,0,0.0,0.0,0.0,0.0,0.0,0.0,85.51773860656239
1930,PE-28C,4.304,16.279,SELVA,11.975,0.0,0.0,0.0,0.0,0,0,0.0,0.0,0.0,0.0,0.0,0.0,88.60070058808655
1931,PE-28C,17.349,22.492,SELVA,5.143000000000001,0.0,0.0,0.0,0.0,0,0,0.0,0.0,0.0,0.0,0.0,0.0,92.36644892576052
1932,PE-28C,16.279,17.349,SELVA,1.0700000000000003,0.0,0.0,0.0,0.0,0,0,0.0,0.0,0.0,0.0,0.0,0.0,91.01326275108308
1933,PE-28C,22.492,32.404,SELVA,9.912000000000003,0.0,0.0,0.0,0.0,0,0,0.0,0.0,0.0,0.0,0.0,0.0,96.05413237677412
1934,PE-24,138.682,181.888,SIERRA,43.20600000000002,0.0,0.0,0.0,0.0,0,0,0.0,0.0,0.0,0.0,0.0,0.0,70.92472214396842
1935,PE-32,134.533,194.47,SIERRA,59.93700000000001,0.0,0.0,0.0,0.0,0,0,0.0,0.0,0.0,0.0,0.0,0.0,88.25629465887319
1936,PE-18C,37.363,52.934,SELVA,15.570999999999998,1.0,1.0,2.0,0.0,0,0,3.0,1.0,0.1926658531886199,0.0642219510628733,0.0,0.0,232.4074835058515
1937,PE-3SA,60.323,62.364,SIERRA,2.040999999999997,0.0,0.0,0.0,0.0,0,0,0.0,0.0,0.0,0.0,0.0,0.0,26.672953821742805
1938,PE-3SA,2.562,6.641,SIERRA,4.079000000000001,0.0,0.0,3.0,0.0,0,0,3.0,0.0,0.7354743809757293,0.0,0.0,0.0,38.78579409839343
1939,PE-1N,20.016,20.061,COSTA,0.045000000000001705,0.0,0.0,1.0,0.0,0,1,1.0,0.0,22.22222222222138,0.0,0.0,0.0,24.49107375935568
1940,PE-1N,29.155,29.202,COSTA,0.0470000000000006,0.0,0.0,1.0,0.0,0,1,1.0,0.0,21.27659574468058,0.0,0.0,0.0,16.304784080572553
1941,PE-28F,0.0,5.699,SIERRA,5.699,0.0,0.0,1.0,0.0,0,0,1.0,0.0,0.1754693805930865,0.0,0.0,0.0,120.91957930898974
1942,PE-26B,96.675,131.88,SIERRA,35.205,1.0,1.0,0.0,0.0,0,0,1.0,1.0,0.0284050560999858,0.0284050560999858,0.0,0.0,35.51965849076272
1943,PE-22B,52.836,53.045,SIERRA,0.20900000000000318,0.0,0.0,0.0,0.0,0,0,0.0,0.0,0.0,0.0,0.0,0.0,28.105134131848207
1944,PE-26B,131.88,146.591,SIERRA,14.711000000000013,1.0,2.0,0.0,0.0,0,0,1.0,2.0,0.06797634423220714,0.13595268846441427,0.0,0.0,28.49090510104231
1945,PE-5NC,186.234,201.91,SELVA,15.675999999999988,0.0,0.0,0.0,0.0,0,0,0.0,0.0,0.0,0.0,0.0,0.0,103.94057339580031
1946,PE-38A,0.0,14.094,SIERRA,14.094,1.0,1.0,0.0,0.0,0,0,1.0,1.0,0.07095217823187172,0.07095217823187172,0.0,0.0,37.38094349456789
1947,PE-3S,1472.092,1501.592,SIERRA,29.5,19.0,24.0,3.0,1.0,14,24,36.0,25.0,1.2203389830508475,0.847457627118644,0.0,0.0,20.102735062831385
1948,PE-28C,46.009,57.318,SELVA,11.308999999999997,0.0,0.0,0.0,0.0,0,0,0.0,0.0,0.0,0.0,0.0,0.0,107.8019467619821
1949,PE-28C,43.126,44.126,SELVA,1.0,0.0,0.0,0.0,0.0,0,0,0.0,0.0,0.0,0.0,0.0,0.0,103.7663984508456
1950,PE-28C,62.261,66.261,SELVA,3.999999999999993,0.0,0.0,0.0,0.0,0,0,0.0,0.0,0.0,0.0,0.0,0.0,113.22846441220685
1951,PE-28C,59.641,62.261,SELVA,2.6200000000000045,0.0,0.0,0.0,0.0,0,0,0.0,0.0,0.0,0.0,0.0,0.0,112.45597938000256
1952,PE-28C,57.318,59.641,SELVA,2.3230000000000004,0.0,0.0,0.0,0.0,0,0,0.0,0.0,0.0,0.0,0.0,0.0,111.58287907883968
1953,PE-22A,0.607,3.291,COSTA,2.684,0.0,0.0,0.0,0.0,0,0,0.0,0.0,0.0,0.0,0.0,0.0,16.985836105258183
1954,PE-22A,0.226,0.607,COSTA,0.381,0.0,0.0,3.0,0.0,0,0,3.0,0.0,7.874015748031496,0.0,0.0,0.0,17.626990308566334
1955,PE-16A,26.956,47.321,COSTA,20.365,0.0,0.0,0.0,0.0,0,0,0.0,0.0,0.0,0.0,0.0,0.0,28.84071609934185
1956,PE-16A,208.333,208.68,SIERRA,0.3470000000000084,0.0,0.0,0.0,0.0,0,0,0.0,0.0,0.0,0.0,0.0,0.0,82.4773187072963
1957,PE-16A,47.321,57.626,SIERRA,10.305,0.0,0.0,0.0,0.0,0,0,0.0,0.0,0.0,0.0,0.0,0.0,40.92246051532611
1958,PE-16A,57.626,79.878,SIERRA,22.252000000000002,0.0,0.0,0.0,0.0,0,0,0.0,0.0,0.0,0.0,0.0,0.0,53.77363744808147
1959,PE-16A,184.777,195.88,SIERRA,11.103000000000009,0.0,0.0,0.0,0.0,0,0,0.0,0.0,0.0,0.0,0.0,0.0,84.48796565001692
1960,PE-16A,79.878,111.167,SIERRA,31.289,1.0,3.0,0.0,0.0,0,0,1.0,3.0,0.03196011377800505,0.09588034133401514,0.0,0.0,67.93354017281763
1961,PE-16A,111.167,139.077,SIERRA,27.909999999999997,1.0,2.0,0.0,0.0,0,0,1.0,2.0,0.03582945180938732,0.07165890361877464,0.0,0.0,77.75510849190414
1962,PE-34E,128.691,136.094,SIERRA,7.402999999999992,0.0,0.0,0.0,0.0,0,0,0.0,0.0,0.0,0.0,0.0,0.0,74.69867797844579
1963,PE-34C,26.695,30.231,SIERRA,3.5360000000000014,0.0,0.0,0.0,0.0,0,0,0.0,0.0,0.0,0.0,0.0,0.0,28.91439782712361
1964,PE-34C,175.5,220.132,SIERRA,44.632000000000005,0.0,0.0,0.0,0.0,0,0,0.0,0.0,0.0,0.0,0.0,0.0,12.73871148843248
1965,PE-34C,44.906,58.967,SIERRA,14.061,1.0,1.0,0.0,0.0,0,0,1.0,1.0,0.07111869710546903,0.07111869710546903,0.0,0.0,37.48898289636965
1966,PE-34E,104.369,106.865,SIERRA,2.495999999999995,0.0,0.0,0.0,0.0,0,0,0.0,0.0,0.0,0.0,0.0,0.0,75.15136440746086
1967,PE-34E,52.754,57.748,SIERRA,4.994,0.0,0.0,0.0,0.0,0,0,0.0,0.0,0.0,0.0,0.0,0.0,45.50327810571314
1968,PE-34E,73.248,104.369,SIERRA,31.120999999999995,0.0,0.0,0.0,0.0,0,0,0.0,0.0,0.0,0.0,0.0,0.0,67.35126773788294
1969,PE-34C,153.438,175.5,SIERRA,22.062000000000012,0.0,0.0,0.0,0.0,0,0,0.0,0.0,0.0,0.0,0.0,0.0,31.654381672452025
1970,PE-34E,106.865,116.591,SIERRA,9.725999999999999,0.0,0.0,0.0,0.0,0,0,0.0,0.0,0.0,0.0,0.0,0.0,77.32925120607459
1971,PE-34E,126.283,128.691,SIERRA,2.4080000000000013,0.0,0.0,0.0,0.0,0,0,0.0,0.0,0.0,0.0,0.0,0.0,73.19494736903275
1972,PE-34E,6.848,10.296,SIERRA,3.4479999999999995,0.0,0.0,5.0,900.0,0,0,5.0,900.0,1.4501160092807426,261.0208816705337,0.0,0.0,7.741520983188122
1973,PE-34E,23.989,23.98999999,SIERRA,0.0009999900000003947,0.0,0.0,1.0,0.0,0,0,1.0,0.0,1000.0100000996063,0.0,0.0,0.0,19.415895545217783
1974,PE-34E,10.296,23.833,SIERRA,13.536999999999999,1.0,1.0,3.0,0.0,0,0,4.0,1.0,0.29548644455935585,0.07387161113983896,0.0,0.0,14.3166276550465
1975,PE-34E,0.215,4.677,SIERRA,4.462,1.0,1.0,3.0,0.0,0,0,4.0,1.0,0.8964589870013447,0.22411474675033619,0.0,0.0,2.2857230438200014
1976,PE-34E,116.591,126.283,SIERRA,9.692000000000007,0.0,0.0,0.0,0.0,0,0,0.0,0.0,0.0,0.0,0.0,0.0,73.78599829221868
1977,PE-34C,133.608,153.438,SIERRA,19.829999999999984,0.0,0.0,0.0,0.0,0,0,0.0,0.0,0.0,0.0,0.0,0.0,47.36801739124232
1978,PE-34C,83.319,133.608,SIERRA,50.289,0.0,0.0,0.0,0.0,0,0,0.0,0.0,0.0,0.0,0.0,0.0,40.5501770417472
1979,PE-5N,504.666,524.523,SELVA,19.857000000000028,3.0,3.0,6.0,0.0,14,31,23.0,3.0,1.1582817142569355,0.15108022359873072,0.0,0.0,129.18031763484586
1980,PE-5N,638.95,639.108,SELVA,0.15799999999990177,0.0,0.0,4.0,0.0,0,0,4.0,0.0,25.31645569621827,0.0,0.0,0.0,210.03220066041683
1981,PE-5N,665.249,665.578,SELVA,0.3289999999999509,0.0,0.0,2.0,1.0,0,1,2.0,1.0,6.0790273556240075,3.0395136778120038,0.0,0.0,200.4127794977792
1982,PE-5N,847.856,848.669,SELVA,0.8129999999999882,0.0,0.0,0.0,0.0,1,1,1.0,0.0,1.2300123001230192,0.0,0.0,0.0,89.20308530513789
1983,PE-5N,846.702,847.856,SELVA,1.1539999999999964,0.0,0.0,0.0,0.0,1,2,1.0,0.0,0.8665511265164672,0.0,0.0,0.0,89.57571782808196
1984,PE-5N,883.934,884.368,SELVA,0.43400000000008276,1.0,1.0,0.0,0.0,0,1,1.0,1.0,2.3041474654373486,2.3041474654373486,0.0,0.0,67.5413990662969
1985,PE-5N,877.262,877.43,SELVA,0.16800000000000637,0.0,0.0,0.0,0.0,0,0,0.0,0.0,0.0,0.0,0.0,0.0,69.46553973721123
1986,PE-5N,901.623,901.754,SELVA,0.1309999999999718,0.0,0.0,0.0,0.0,0,0,0.0,0.0,0.0,0.0,0.0,0.0,52.71307829645465
1987,PE-5N,900.544,900.736,SELVA,0.19200000000000728,0.0,0.0,0.0,0.0,0,0,0.0,0.0,0.0,0.0,0.0,0.0,53.568091284103055
1988,PE-5N,900.736,901.623,SELVA,0.8870000000000573,0.0,0.0,0.0,0.0,1,1,1.0,0.0,1.1273957158962067,0.0,0.0,0.0,53.128501739635645
1989,PE-34C,10.924,14.834,SIERRA,3.91,0.0,0.0,0.0,0.0,0,0,0.0,0.0,0.0,0.0,0.0,0.0,20.12717787546653
1990,PE-34C,5.406,5.978,SIERRA,0.5720000000000001,1.0,1.0,0.0,0.0,0,0,1.0,1.0,1.7482517482517481,1.7482517482517481,0.0,0.0,14.332156030571426
1991,PE-34C,7.342,9.858,SIERRA,2.516000000000001,1.0,1.0,0.0,0.0,0,0,1.0,1.0,0.3974562798092208,0.3974562798092208,0.0,0.0,16.986708953592053
1992,PE-34C,16.048,26.695,SIERRA,10.647000000000002,1.0,1.0,1.0,1.0,0,0,2.0,2.0,0.1878463416924955,0.1878463416924955,0.0,0.0,24.69785281750329
1993,PE-34C,9.858,10.126,SIERRA,0.2679999999999989,0.0,0.0,1.0,0.0,0,0,1.0,0.0,3.7313432835821048,0.0,0.0,0.0,18.119848096240634
1994,PE-1NT,31.4,31.995,SIERRA,0.5950000000000024,0.0,0.0,0.0,0.0,0,0,0.0,0.0,0.0,0.0,0.0,0.0,67.11901629503302
1995,PE-1NR,1.548,2.257,COSTA,0.7090000000000001,0.0,0.0,0.0,0.0,0,0,0.0,0.0,0.0,0.0,0.0,0.0,23.009846712271937
1996,PE-18D,0.0,25.497,SIERRA,25.497,0.0,0.0,0.0,0.0,0,0,0.0,0.0,0.0,0.0,0.0,0.0,26.0812958690618
1997,PE-1NS,7.428,8.318,COSTA,0.8899999999999997,0.0,0.0,0.0,0.0,0,0,0.0,0.0,0.0,0.0,0.0,0.0,7.625781787184895
1998,PE-1NS,8.318,8.72,COSTA,0.402000000000001,0.0,0.0,0.0,0.0,0,0,0.0,0.0,0.0,0.0,0.0,0.0,8.060096700492599
1999,PE-38,143.296,149.701,SIERRA,6.405000000000001,0.0,0.0,0.0,0.0,0,0,0.0,0.0,0.0,0.0,0.0,0.0,63.708034796794365
2000,PE-18D,33.109,81.945,SIERRA,48.83599999999999,0.0,0.0,0.0,0.0,0,0,0.0,0.0,0.0,0.0,0.0,0.0,40.2493343265211
2001,PE-18D,89.485,105.497,SIERRA,16.012,0.0,0.0,0.0,0.0,0,0,0.0,0.0,0.0,0.0,0.0,0.0,64.70986129807658
2002,PE-1N,991.809,994.431,COSTA,2.622000000000071,4.0,4.0,0.0,0.0,10,36,14.0,4.0,5.339435545385058,1.5255530129671593,0.0,0.0,9.96752928859237
2003,PE-08A,57.862,61.733,SIERRA,3.870999999999995,0.0,0.0,1.0,0.0,5,8,6.0,0.0,1.5499870834409732,0.0,0.0,0.0,94.05517309220164
2004,PE-32A,80.818,92.086,SIERRA,11.268,0.0,0.0,0.0,0.0,0,0,0.0,0.0,0.0,0.0,0.0,0.0,52.72206024262003
2005,PE-18C,52.934,71.346,SELVA,18.412000000000006,4.0,4.0,1.0,0.0,0,0,5.0,4.0,0.2715620247664566,0.21724961981316526,0.0,0.0,248.0635432106987
2006,PE-18C,84.935,85.966,SELVA,1.0309999999999917,0.0,0.0,0.0,0.0,0,0,0.0,0.0,0.0,0.0,0.0,0.0,268.0292041279727
2007,PE-3N,1055.086,1055.406,SIERRA,0.31999999999993634,0.0,0.0,0.0,0.0,0,0,0.0,0.0,0.0,0.0,0.0,0.0,63.760142390716894
2008,PE-34H,271.54,276.362,SELVA,4.822000000000003,0.0,0.0,0.0,0.0,0,0,0.0,0.0,0.0,0.0,0.0,0.0,119.8223302116336
2009,PE-3N,1423.426,1423.688,SIERRA,0.262000000000171,0.0,0.0,0.0,0.0,0,0,0.0,0.0,0.0,0.0,0.0,0.0,90.36710428480022
2010,PE-32A,291.411,297.079,SIERRA,5.668000000000006,0.0,0.0,0.0,0.0,0,0,0.0,0.0,0.0,0.0,0.0,0.0,44.95507865587284
2011,PE-32A,197.884,207.655,SIERRA,9.771000000000015,0.0,0.0,0.0,0.0,0,0,0.0,0.0,0.0,0.0,0.0,0.0,87.36415029347359
2012,PE-28B,460.258,461.218,SELVA,0.9600000000000364,0.0,0.0,0.0,0.0,0,0,0.0,0.0,0.0,0.0,0.0,0.0,122.97371237573245
2013,PE-26B,81.465,96.675,SIERRA,15.209999999999994,1.0,1.0,0.0,0.0,0,0,1.0,1.0,0.06574621959237346,0.06574621959237346,0.0,0.0,45.41559135544152
2014,PE-26B,164.584,174.204,SIERRA,9.620000000000005,0.0,0.0,0.0,0.0,0,0,0.0,0.0,0.0,0.0,0.0,0.0,20.456742321303224
2015,PE-28G,0.0,5.31,SIERRA,5.31,0.0,0.0,1.0,0.0,0,0,1.0,0.0,0.18832391713747648,0.0,0.0,0.0,124.87670223473148
2016,PE-1N,26.763,26.808,COSTA,0.04499999999999815,0.0,0.0,0.0,0.0,0,1,0.0,0.0,0.0,0.0,0.0,0.0,18.4784687958898
2017,PE-02,40.095,49.058,COSTA,8.963000000000001,2.0,3.0,2.0,10.0,21,81,25.0,13.0,2.789244672542675,1.450407229722191,0.0,0.0,4.248309873591967
2018,PE-3NA,106.015,114.95,SIERRA,8.935000000000002,0.0,0.0,0.0,0.0,0,0,0.0,0.0,0.0,0.0,0.0,0.0,77.15227930502222
2019,PE-32A,35.703,40.47,SIERRA,4.766999999999996,0.0,0.0,0.0,0.0,0,0,0.0,0.0,0.0,0.0,0.0,0.0,38.230831733280354
2020,PE-30D,216.379,219.177,SIERRA,2.798000000000002,0.0,0.0,0.0,0.0,0,0,0.0,0.0,0.0,0.0,0.0,0.0,51.13764098161734
2021,PE-12,58.479,61.081,SIERRA,2.602000000000004,0.0,0.0,0.0,0.0,0,0,0.0,0.0,0.0,0.0,0.0,0.0,48.90046323860015
2022,PE-30D,189.57,191.091,SIERRA,1.521000000000015,0.0,0.0,0.0,0.0,0,0,0.0,0.0,0.0,0.0,0.0,0.0,68.91791775624252
2023,PE-5NC,201.91,205.532,SELVA,3.622000000000014,0.0,0.0,0.0,0.0,0,0,0.0,0.0,0.0,0.0,0.0,0.0,106.55270186558712
2024,PE-38,149.701,164.826,SIERRA,15.125,0.0,0.0,1.0,0.0,0,0,1.0,0.0,0.06611570247933884,0.0,0.0,0.0,57.46528569699125
2025,PE-38,120.373,143.296,SIERRA,22.922999999999988,0.0,0.0,0.0,0.0,0,0,0.0,0.0,0.0,0.0,0.0,0.0,68.53221750465636
2026,PE-5NC,12.54,26.049,SELVA,13.509,2.0,2.0,0.0,0.0,0,0,2.0,2.0,0.1480494485158043,0.1480494485158043,0.0,0.0,21.38322295699152
2027,PE-34C,7.179,7.342,SIERRA,0.16299999999999937,1.0,1.0,1.0,0.0,0,0,2.0,1.0,12.269938650306797,6.134969325153398,0.0,0.0,15.861332208542445
2028,PE-3SK,10.55,28.0,SIERRA,17.45,1.0,1.0,0.0,0.0,0,0,1.0,1.0,0.05730659025787966,0.05730659025787966,0.0,0.0,55.57388433779889
2029,PE-3SK,0.0,10.55,SIERRA,10.55,0.0,0.0,0.0,0.0,0,0,0.0,0.0,0.0,0.0,0.0,0.0,61.84812849329352
2030,PE-34E,23.833,23.989,SIERRA,0.15600000000000236,0.0,0.0,2.0,20.0,0,0,2.0,20.0,12.820512820512628,128.20512820512627,0.0,0.0,19.37215588906948
2031,PE-34G,0.0,15.758,SIERRA,15.758,2.0,2.0,3.0,0.0,0,0,5.0,2.0,0.317299149638279,0.1269196598553116,0.0,0.0,28.540417731290383
2032,PE-28C,105.184,126.434,SELVA,21.25,0.0,0.0,0.0,0.0,0,0,0.0,0.0,0.0,0.0,0.0,0.0,127.06286491118246
2033,PE-10C,0.0,32.414,SIERRA,32.414,2.0,3.0,0.0,0.0,0,0,2.0,3.0,0.0617017338187203,0.09255260072808046,0.0,0.0,110.70651406645972
2034,PE-10C,234.578,296.051,SIERRA,61.472999999999985,4.0,20.0,0.0,0.0,0,0,4.0,20.0,0.06506921737998798,0.3253460868999399,0.0,0.0,153.13251946120047
2035,PE-10C,123.439,157.55,SIERRA,34.11100000000002,4.0,9.0,0.0,0.0,0,0,4.0,9.0,0.11726422561637002,0.26384450763683254,0.0,0.0,142.76405475522765
2036,PE-10C,105.985,123.439,SELVA,17.453999999999994,4.0,22.0,0.0,0.0,0,0,4.0,22.0,0.22917382834880265,1.2604560559184146,0.0,0.0,135.32451369502832
2037,PE-10C,94.112,105.985,SELVA,11.873000000000005,0.0,0.0,0.0,0.0,0,0,0.0,0.0,0.0,0.0,0.0,0.0,132.9614920461199
2038,PE-10C,157.55,172.601,SIERRA,15.050999999999988,3.0,4.0,0.0,0.0,0,0,3.0,4.0,0.19932230416583632,0.2657630722211151,0.0,0.0,151.86448934736094
2039,PE-10C,33.407,94.112,SIERRA,60.705,6.0,8.0,0.0,0.0,0,0,6.0,8.0,0.09883864591055103,0.13178486121406804,0.0,0.0,123.79234593534096
2040,PE-28B,161.901,172.031,SELVA,10.129999999999995,0.0,0.0,2.0,0.0,0,0,2.0,0.0,0.19743336623889446,0.0,0.0,0.0,83.18815803049348
2041,PE-28C,126.434,143.354,SELVA,16.920000000000016,0.0,0.0,0.0,0.0,0,0,0.0,0.0,0.0,0.0,0.0,0.0,133.4362614171092
2042,PE-28C,143.354,185.8,SELVA,42.446,0.0,0.0,0.0,0.0,0,0,0.0,0.0,0.0,0.0,0.0,0.0,132.9977032612904
2043,PE-28C,185.8,216.975,SELVA,31.174999999999983,0.0,0.0,0.0,0.0,0,0,0.0,0.0,0.0,0.0,0.0,0.0,119.42288423525127
2044,PE-28B,80.686,82.441,SIERRA,1.7549999999999955,0.0,0.0,2.0,10.0,0,0,2.0,10.0,1.1396011396011425,5.698005698005713,0.0,0.0,46.16572098094567
2045,PE-28B,137.512,138.522,SELVA,1.009999999999991,0.0,0.0,4.0,0.0,0,0,4.0,0.0,3.960396039603996,0.0,0.0,0.0,68.75847920072603
2046,PE-28B,115.689,116.924,SIERRA,1.2350000000000136,0.0,0.0,9.0,10000.0,0,0,9.0,10000.0,7.28744939271247,8097.165991902744,0.0,0.0,59.14399841684227
2047,PE-28B,160.441,161.901,SELVA,1.460000000000008,0.0,0.0,3.0,0.0,0,0,3.0,0.0,2.054794520547934,0.0,0.0,0.0,82.38269442593487
2048,PE-28B,77.441,79.206,SIERRA,1.7650000000000006,0.0,0.0,0.0,0.0,0,0,0.0,0.0,0.0,0.0,0.0,0.0,45.69602742156054
2049,PE-28B,79.206,80.686,SIERRA,1.480000000000004,0.0,0.0,2.0,0.0,0,0,2.0,0.0,1.3513513513513478,0.0,0.0,0.0,45.85771883094353
2050,PE-34I,25.532,28.438,SIERRA,2.905999999999999,0.0,0.0,1.0,0.0,0,0,1.0,0.0,0.3441156228492775,0.0,0.0,0.0,88.65146101604054
2051,PE-34I,6.712,9.052,SIERRA,2.34,0.0,0.0,0.0,0.0,0,0,0.0,0.0,0.0,0.0,0.0,0.0,92.05705909724227
2052,PE-34I,62.312,64.864,SIERRA,2.5520000000000067,0.0,0.0,0.0,0.0,0,0,0.0,0.0,0.0,0.0,0.0,0.0,73.06148019504269
2053,PE-34I,48.115,52.136,SIERRA,4.021000000000001,0.0,0.0,1.0,0.0,0,0,1.0,0.0,0.24869435463814968,0.0,0.0,0.0,79.14404644082882
2054,PE-34I,65.909,72.234,SIERRA,6.324999999999989,0.0,0.0,0.0,0.0,0,0,0.0,0.0,0.0,0.0,0.0,0.0,72.49721234110692
2055,PE-34I,31.776,39.444,SIERRA,7.668000000000003,2.0,2.0,0.0,0.0,0,0,2.0,2.0,0.2608242044861762,0.2608242044861762,0.0,0.0,86.1861924471205
2056,PE-34I,72.234,77.783,SIERRA,5.549000000000007,0.0,0.0,0.0,0.0,0,0,0.0,0.0,0.0,0.0,0.0,0.0,72.87352742187045
2057,PE-34I,39.444,45.873,SIERRA,6.428999999999995,0.0,0.0,0.0,0.0,0,0,0.0,0.0,0.0,0.0,0.0,0.0,84.30941170348125
2058,PE-34I,52.136,62.312,SIERRA,10.175999999999995,0.0,0.0,0.0,0.0,0,0,0.0,0.0,0.0,0.0,0.0,0.0,75.19260746388902
2059,PE-34H,126.735,135.749,SIERRA,9.013999999999996,0.0,0.0,1.0,0.0,0,0,1.0,0.0,0.11093854004881301,0.0,0.0,0.0,76.12493575147494
2060,PE-34H,47.891,53.082,SIERRA,5.1910000000000025,2.0,2.0,4.0,1.0,0,0,6.0,3.0,1.1558466576767477,0.5779233288383738,0.0,0.0,84.8596127708883
2061,PE-34H,88.913,89.952,SIERRA,1.0390000000000015,1.0,1.0,0.0,0.0,0,0,1.0,1.0,0.9624639076034635,0.9624639076034635,0.0,0.0,61.646564712574325
2062,PE-34H,69.545,70.343,SIERRA,0.7980000000000018,1.0,1.0,0.0,0.0,0,0,1.0,1.0,1.2531328320801975,1.2531328320801975,0.0,0.0,76.86999654912721
2063,PE-34H,70.343,82.742,SIERRA,12.399000000000001,0.0,0.0,0.0,0.0,0,0,0.0,0.0,0.0,0.0,0.0,0.0,70.96292140364285
2064,PE-34H,90.396,126.735,SIERRA,36.339,3.0,3.0,0.0,0.0,0,0,3.0,3.0,0.0825559316436886,0.0825559316436886,0.0,0.0,67.6264859437322
2065,PE-34H,68.865,69.287,SIERRA,0.42200000000001125,0.0,0.0,0.0,0.0,0,0,0.0,0.0,0.0,0.0,0.0,0.0,77.32202526524631
2066,PE-34H,165.663,195.663,SIERRA,30.0,0.0,0.0,0.0,0.0,0,0,0.0,0.0,0.0,0.0,0.0,0.0,73.99092212107169
2067,PE-34H,226.193,227.208,SIERRA,1.0149999999999864,0.0,0.0,1.0,3.0,0,0,1.0,3.0,0.9852216748768605,2.955665024630582,0.0,0.0,93.09753744755214
2068,PE-34H,233.616,266.072,SELVA,32.45599999999999,0.0,0.0,0.0,0.0,0,0,0.0,0.0,0.0,0.0,0.0,0.0,107.51722199810804
2069,PE-34H,197.675,226.193,SIERRA,28.518,3.0,4.0,0.0,0.0,0,0,3.0,4.0,0.10519671786240269,0.1402622904832036,0.0,0.0,87.69507797971978
2070,PE-34H,53.082,68.663,SIERRA,15.580999999999996,3.0,3.0,1.0,0.0,0,0,4.0,3.0,0.25672293177588096,0.1925421988319107,0.0,0.0,82.11755300780051
2071,PE-3SD,0.0,0.172,SIERRA,0.172,0.0,0.0,0.0,0.0,0,0,0.0,0.0,0.0,0.0,0.0,0.0,19.884592525265887
2072,PE-34G,30.219,32.079,SIERRA,1.8599999999999994,0.0,0.0,0.0,0.0,0,0,0.0,0.0,0.0,0.0,0.0,0.0,30.2929151881202
2073,PE-34H,301.208,326.256,SELVA,25.047999999999945,5.0,7.0,0.0,0.0,0,0,5.0,7.0,0.19961673586713555,0.2794634302139897,0.0,0.0,135.7244016063865
2074,PE-34H,161.54,165.663,SIERRA,4.123000000000019,0.0,0.0,1.0,0.0,0,0,1.0,0.0,0.24254183846713448,0.0,0.0,0.0,66.7980149118153
2075,PE-34H,227.208,233.616,SIERRA,6.4080000000000155,1.0,1.0,0.0,0.0,0,0,1.0,1.0,0.15605493133582984,0.15605493133582984,0.0,0.0,95.6589611778376
2076,PE-34H,326.256,326.437,SELVA,0.18100000000004002,0.0,0.0,0.0,0.0,0,0,0.0,0.0,0.0,0.0,0.0,0.0,143.23033844744313
2077,PE-5NC,182.256,186.234,SELVA,3.9780000000000086,0.0,0.0,0.0,0.0,0,0,0.0,0.0,0.0,0.0,0.0,0.0,101.99823783593344
2078,PE-18A,55.099,57.227,SIERRA,2.128,0.0,0.0,0.0,0.0,0,0,0.0,0.0,0.0,0.0,0.0,0.0,53.76744125631903
2079,PE-18A,45.627,49.933,SIERRA,4.305999999999997,3.0,3.0,0.0,0.0,0,0,3.0,3.0,0.6967022758941017,0.6967022758941017,0.0,0.0,48.906323889615976
2080,PE-38,174.607,180.412,SIERRA,5.805000000000007,0.0,0.0,0.0,0.0,0,0,0.0,0.0,0.0,0.0,0.0,0.0,50.716876009225736
2081,PE-18A,0.0,1.75,SELVA,1.75,2.0,2.0,1.0,0.0,0,0,3.0,2.0,1.7142857142857142,1.1428571428571428,0.0,0.0,22.247922132033874
2082,PE-5NC,26.049,29.049,SELVA,3.0,0.0,0.0,0.0,0.0,0,0,0.0,0.0,0.0,0.0,0.0,0.0,27.73761784635999
2083,PE-22,75.92,76.448,SIERRA,0.5279999999999916,0.0,0.0,3.0,0.0,0,0,3.0,0.0,5.681818181818272,0.0,0.0,0.0,22.36203333223135
2084,PE-1N,843.471,848.494,COSTA,5.023000000000025,1.0,1.0,8.0,0.0,19,70,28.0,1.0,5.574357953414267,0.1990842126219381,0.0,0.0,28.08199894652821
2085,PE-18A,57.227,58.347,SIERRA,1.1200000000000045,0.0,0.0,1.0,0.0,0,0,1.0,0.0,0.8928571428571392,0.0,0.0,0.0,54.48110504637395
2086,PE-18A,64.063,67.647,SIERRA,3.584000000000003,0.0,0.0,1.0,0.0,0,0,1.0,0.0,0.2790178571428569,0.0,0.0,0.0,56.361221016971335
2087,PE-18A,67.647,69.75,SIERRA,2.1029999999999944,0.0,0.0,3.0,1.0,0,0,3.0,1.0,1.426533523537807,0.47551117451260233,0.0,0.0,57.15592824291451
2088,PE-18A,75.75,97.128,SELVA,21.378,4.0,4.0,1.0,1.0,0,0,5.0,5.0,0.23388530264758162,0.23388530264758162,0.0,0.0,68.8294482403714
2089,PE-18A,97.128,109.75,SELVA,12.622,4.0,6.0,5.0,0.0,0,0,9.0,6.0,0.7130407225479322,0.47536048169862144,0.0,0.0,80.8625283066136
2090,PE-18A,54.333,54.576,SIERRA,0.2430000000000021,0.0,0.0,0.0,0.0,0,0,0.0,0.0,0.0,0.0,0.0,0.0,52.804083723862696
2091,PE-18A,60.169,60.406,SIERRA,0.23700000000000188,0.0,0.0,0.0,0.0,0,0,0.0,0.0,0.0,0.0,0.0,0.0,55.52764999324164
2092,PE-18A,59.929,60.112,SIERRA,0.18299999999999983,0.0,0.0,0.0,0.0,0,0,0.0,0.0,0.0,0.0,0.0,0.0,55.28517334858974
2093,PE-1NM,4.225,14.335,COSTA,10.110000000000001,0.0,0.0,0.0,0.0,0,0,0.0,0.0,0.0,0.0,0.0,0.0,86.35799570660353
2094,PE-1NM,0.0,3.59,COSTA,3.59,0.0,0.0,0.0,0.0,0,0,0.0,0.0,0.0,0.0,0.0,0.0,84.7735977655222
2095,PE-14B,10.047,10.079,SIERRA,0.03200000000000003,0.0,0.0,0.0,0.0,0,0,0.0,0.0,0.0,0.0,0.0,0.0,57.84648061687234
2096,PE-3SC,8.768,12.555,SIERRA,3.786999999999999,0.0,0.0,0.0,0.0,0,0,0.0,0.0,0.0,0.0,0.0,0.0,6.415380620301957
2097,PE-18B,37.63,41.838,SIERRA,4.207999999999998,2.0,2.0,0.0,0.0,0,0,2.0,2.0,0.4752851711026618,0.4752851711026618,0.0,0.0,33.69092944811968
2098,PE-06A,51.607,55.579,COSTA,3.9720000000000013,1.0,1.0,3.0,0.0,0,0,4.0,1.0,1.0070493454179252,0.2517623363544813,0.0,0.0,1.7224236382958171
2099,PE-34,0.0,42.868,SIERRA,42.868,16.0,17.0,0.0,0.0,73,87,89.0,17.0,2.076140711019875,0.39656620322851543,0.0,0.0,25.48255549904095
2100,PE-1N,167.558,181.172,COSTA,13.614000000000004,8.0,10.0,4.0,0.0,51,188,63.0,10.0,4.627589246364035,0.734537975613339,0.0,0.0,32.20890543689409
2101,PE-34F,105.152,108.299,SIERRA,3.1470000000000056,0.0,0.0,0.0,0.0,0,0,0.0,0.0,0.0,0.0,0.0,0.0,60.60025555365009
2102,PE-38,43.549,76.029,SIERRA,32.48,4.0,4.0,0.0,0.0,0,0,4.0,4.0,0.12315270935960593,0.12315270935960593,0.0,0.0,53.75270564524653
2103,PE-34F,33.815,39.432,SIERRA,5.617000000000004,2.0,2.0,3.0,0.0,0,0,5.0,2.0,0.8901548869503286,0.3560619547801315,0.0,0.0,29.92550342181569
2104,PE-38,1.779,5.21,SIERRA,3.431,2.0,2.0,1.0,1.0,0,0,3.0,3.0,0.8743806470416788,0.8743806470416788,0.0,0.0,34.73709653729228
2105,PE-34H,159.247,159.687,SIERRA,0.4399999999999977,0.0,0.0,0.0,0.0,0,0,0.0,0.0,0.0,0.0,0.0,0.0,78.92021998870247
2106,PE-34G,32.079,40.775,SIERRA,8.695999999999998,0.0,0.0,0.0,0.0,0,0,0.0,0.0,0.0,0.0,0.0,0.0,28.648565008019105
2107,PE-34F,101.734,101.736,SIERRA,0.0020000000000095497,0.0,0.0,0.0,0.0,0,0,0.0,0.0,0.0,0.0,0.0,0.0,58.23073902081992
2108,PE-34F,4.819,9.076,SIERRA,4.257000000000001,0.0,0.0,3.0,0.0,0,0,3.0,0.0,0.704721634954193,0.0,0.0,0.0,45.16090073069926
2109,PE-18A,70.15,75.75,SIERRA,5.599999999999994,3.0,3.0,4.0,0.0,0,0,7.0,3.0,1.2500000000000013,0.5357142857142863,0.0,0.0,59.33527772753007
2110,PE-06A,64.619,68.268,COSTA,3.649000000000001,1.0,1.0,3.0,0.0,0,0,4.0,1.0,1.0961907371882704,0.2740476842970676,0.0,0.0,12.766800347673348
2111,PE-3SF,80.195,100.2,SIERRA,20.00500000000001,2.0,2.0,0.0,0.0,0,0,2.0,2.0,0.09997500624843784,0.09997500624843784,0.0,0.0,37.031991172868224
2112,PE-32,0.0,15.416,COSTA,15.416,0.0,0.0,0.0,0.0,0,0,0.0,0.0,0.0,0.0,0.0,0.0,50.44402471830357
2113,PE-32,34.787,41.201,SIERRA,6.4140000000000015,1.0,1.0,0.0,0.0,0,0,1.0,1.0,0.15590894917368253,0.15590894917368253,0.0,0.0,62.04003655006576
2114,PE-32,27.478,34.787,SIERRA,7.3089999999999975,0.0,0.0,0.0,0.0,0,0,0.0,0.0,0.0,0.0,0.0,0.0,62.30566953153716
2115,PE-32,41.201,46.95,SIERRA,5.749000000000002,0.0,0.0,0.0,0.0,0,0,0.0,0.0,0.0,0.0,0.0,0.0,62.26338425431744
2116,PE-32,87.5,90.244,SIERRA,2.7439999999999998,0.0,0.0,0.0,0.0,0,0,0.0,0.0,0.0,0.0,0.0,0.0,75.00518732927485
2117,PE-32,15.416,25.869,COSTA,10.453,0.0,0.0,0.0,0.0,0,0,0.0,0.0,0.0,0.0,0.0,0.0,58.63166688503526
2118,PE-06A,14.519,14.53,COSTA,0.010999999999999233,0.0,0.0,1.0,0.0,0,0,1.0,0.0,90.90909090909724,0.0,0.0,0.0,19.40756698850644
2119,PE-06A,62.068,64.619,COSTA,2.551000000000002,1.0,1.0,1.0,0.0,0,0,2.0,1.0,0.7840062720501758,0.3920031360250879,0.0,0.0,10.33475401091896
2120,PE-32A,122.969,131.132,SIERRA,8.163000000000011,0.0,0.0,0.0,0.0,0,0,0.0,0.0,0.0,0.0,0.0,0.0,68.37712800819276
2121,PE-08C,31.931,38.62,SELVA,6.6889999999999965,1.0,2.0,3.0,0.0,0,0,4.0,2.0,0.5979967110180897,0.29899835550904486,0.0,0.0,5.053166207828953
2122,PE-18B,14.542,37.411,SIERRA,22.869,0.0,0.0,0.0,0.0,0,0,0.0,0.0,0.0,0.0,0.0,0.0,33.645743688374935
2123,PE-1NI,55.665,60.573,COSTA,4.908000000000001,0.0,0.0,0.0,0.0,0,0,0.0,0.0,0.0,0.0,0.0,0.0,24.124374504231184
2124,PE-32A,189.465,197.884,SIERRA,8.418999999999983,0.0,0.0,0.0,0.0,0,0,0.0,0.0,0.0,0.0,0.0,0.0,85.90882022000983
2125,PE-06A,4.447,6.695,COSTA,2.248,0.0,0.0,0.0,0.0,0,0,0.0,0.0,0.0,0.0,0.0,0.0,19.086943020728857
2126,PE-1N,82.699,89.746,COSTA,7.046999999999997,6.0,6.0,19.0,1030001000000000.0,26,98,51.0,1030001000000006.0,7.237122179650918,146161629062013.12,0.0,0.0,27.03822007706276
2127,PE-40,65.687,70.582,SIERRA,4.894999999999996,0.0,0.0,0.0,0.0,0,0,0.0,0.0,0.0,0.0,0.0,0.0,66.7173320576472
2128,PE-1N,33.619,36.019,COSTA,2.3999999999999986,11.0,11.0,0.0,0.0,9,33,20.0,11.0,8.333333333333337,4.583333333333336,0.0,0.0,11.141974426334734
2129,PE-40,111.018,121.106,SIERRA,10.087999999999994,0.0,0.0,0.0,0.0,0,0,0.0,0.0,0.0,0.0,0.0,0.0,83.65265818044905
2130,PE-40,127.21,136.707,SIERRA,9.497,0.0,0.0,0.0,0.0,0,0,0.0,0.0,0.0,0.0,0.0,0.0,94.13192837318088
2131,PE-40,18.579,24.144,SIERRA,5.564999999999998,0.0,0.0,0.0,0.0,0,0,0.0,0.0,0.0,0.0,0.0,0.0,42.00940530083651
2132,PE-40,70.582,75.641,SIERRA,5.059000000000012,0.0,0.0,0.0,0.0,0,0,0.0,0.0,0.0,0.0,0.0,0.0,67.79231897946987
2133,PE-40,75.641,80.632,SIERRA,4.991,0.0,0.0,0.0,0.0,0,0,0.0,0.0,0.0,0.0,0.0,0.0,69.04403276994209
2134,PE-40A,0.0,3.444,SIERRA,3.444,0.0,0.0,0.0,0.0,0,0,0.0,0.0,0.0,0.0,0.0,0.0,94.42677431500908
2135,PE-40A,30.001,32.706,SIERRA,2.705000000000002,0.0,0.0,0.0,0.0,0,0,0.0,0.0,0.0,0.0,0.0,0.0,79.80662824447414
2136,PE-40,24.144,39.734,SIERRA,15.590000000000003,0.0,0.0,0.0,0.0,0,0,0.0,0.0,0.0,0.0,0.0,0.0,48.74047972414784
2137,PE-40A,3.444,25.958,SIERRA,22.514,0.0,0.0,0.0,0.0,0,0,0.0,0.0,0.0,0.0,0.0,0.0,88.55672815408134
2138,PE-40,121.106,127.21,SIERRA,6.103999999999999,0.0,0.0,0.0,0.0,0,0,0.0,0.0,0.0,0.0,0.0,0.0,88.31971705835458
2139,PE-40,14.145,18.579,SIERRA,4.434000000000001,0.0,0.0,0.0,0.0,0,0,0.0,0.0,0.0,0.0,0.0,0.0,40.35676627487866
2140,PE-40,93.977,111.018,SIERRA,17.040999999999997,0.0,0.0,0.0,0.0,0,0,0.0,0.0,0.0,0.0,0.0,0.0,77.79600718976182
2141,PE-40,39.734,43.587,SIERRA,3.8530000000000015,1.0,1.0,0.0,0.0,0,0,1.0,1.0,0.2595380223202698,0.2595380223202698,0.0,0.0,55.12059917606345
2142,PE-40,43.587,55.471,SIERRA,11.883999999999993,2.0,3.0,0.0,0.0,0,0,2.0,3.0,0.16829350387075068,0.252440255806126,0.0,0.0,58.80928548848805
2143,PE-40,136.707,147.232,SIERRA,10.525000000000006,0.0,0.0,0.0,0.0,0,0,0.0,0.0,0.0,0.0,0.0,0.0,95.06052562898095
2144,PE-34,42.868,57.91,COSTA,15.041999999999994,2.0,2.0,0.0,0.0,25,31,27.0,2.0,1.7949740725967298,0.13296104241457257,0.0,0.0,1.773135208007398
2145,PE-40,56.114,65.687,SIERRA,9.573,0.0,0.0,0.0,0.0,0,0,0.0,0.0,0.0,0.0,0.0,0.0,63.888365739376106
2146,PE-18B,0.0,7.376,SELVA,7.376,1.0,1.0,1.0,0.0,0,0,2.0,1.0,0.27114967462039047,0.13557483731019523,0.0,0.0,37.14395200269664
2147,PE-40,80.632,93.977,SIERRA,13.344999999999999,1.0,1.0,0.0,0.0,0,0,1.0,1.0,0.0749344323716748,0.0749344323716748,0.0,0.0,72.77654107651803
2148,PE-32A,302.84,324.48,SIERRA,21.640000000000043,1.0,2.0,0.0,0.0,0,0,1.0,2.0,0.046210720887245746,0.09242144177449149,0.0,0.0,33.795928946225935
2149,PE-1N,123.213,128.204,COSTA,4.991000000000014,2.0,2.0,13.0,6000000000000.0,19,69,34.0,6000000000002.0,6.812262071729093,1202163895011.4172,0.0,0.0,13.853186883724716
2150,PE-34I,87.616,91.029,SIERRA,3.4129999999999967,0.0,0.0,0.0,0.0,0,0,0.0,0.0,0.0,0.0,0.0,0.0,78.43782060478625
2151,PE-30,0.0,5.071,COSTA,5.071,0.0,0.0,2.0,0.0,7,16,9.0,0.0,1.7747978702425558,0.0,0.0,0.0,22.790560569392674
2152,PE-36,30.531,44.352,COSTA,13.820999999999998,0.0,0.0,3.0,0.0,6,11,9.0,0.0,0.6511829824180596,0.0,0.0,0.0,8.72339014207341
2153,PE-34I,78.334,82.243,SIERRA,3.908999999999992,0.0,0.0,0.0,0.0,0,0,0.0,0.0,0.0,0.0,0.0,0.0,73.49821441785004
2154,PE-08C,28.997,31.931,SELVA,2.934000000000001,1.0,1.0,0.0,0.0,0,0,1.0,1.0,0.34083162917518733,0.34083162917518733,0.0,0.0,9.36303709992086
2155,PE-26A,0.0,43.682,SIERRA,43.682,1.0,1.0,0.0,0.0,0,0,1.0,1.0,0.02289272469209285,0.02289272469209285,0.0,0.0,36.99315184445964
2156,PE-06A,6.695,14.519,COSTA,7.824,2.0,2.0,1.0,0.0,0,0,3.0,2.0,0.3834355828220859,0.2556237218813906,0.0,0.0,18.89132460818832
2157,PE-28D,113.799,118.0,SIERRA,4.200999999999993,0.0,0.0,0.0,0.0,0,0,0.0,0.0,0.0,0.0,0.0,0.0,28.26180214034622
2158,PE-1NF,95.562,100.873,SIERRA,5.311000000000007,0.0,0.0,0.0,0.0,0,0,0.0,0.0,0.0,0.0,0.0,0.0,63.38616477935908
2159,PE-30B,123.091,135.875,SIERRA,12.784000000000006,2.0,4.0,0.0,0.0,0,0,2.0,4.0,0.15644555694618265,0.3128911138923653,0.0,0.0,37.72868429100984
2160,PE-28B,534.628,534.696,SIERRA,0.06799999999998363,0.0,0.0,1.0,0.0,0,0,1.0,0.0,14.705882352944716,0.0,0.0,0.0,116.88296257078272
2161,PE-32A,207.655,215.814,SIERRA,8.158999999999992,0.0,0.0,0.0,0.0,0,0,0.0,0.0,0.0,0.0,0.0,0.0,87.11707383566839
2162,PE-36,5.344,9.299,SIERRA,3.954999999999999,0.0,0.0,1.0,0.0,2,3,3.0,0.0,0.758533501896334,0.0,0.0,0.0,16.349720104696488
2163,PE-18C,73.46,80.842,SELVA,7.382000000000005,6.0,6.0,2.0,0.0,0,0,8.0,6.0,1.0837171498238953,0.8127878623679214,0.0,0.0,260.9744416525265
2164,PE-1NG,0.0,15.0,COSTA,15.0,0.0,0.0,0.0,0.0,0,0,0.0,0.0,0.0,0.0,0.0,0.0,14.327406440028197
2165,PE-32A,285.518,291.411,SIERRA,5.893000000000029,0.0,0.0,0.0,0.0,0,0,0.0,0.0,0.0,0.0,0.0,0.0,46.7037258413462
2166,PE-30B,170.286,180.286,SIERRA,10.0,1.0,1.0,0.0,0.0,0,0,1.0,1.0,0.1,0.1,0.0,0.0,43.67193702845766
2167,PE-12B,135.32,147.03,SIERRA,11.710000000000008,0.0,0.0,0.0,0.0,0,0,0.0,0.0,0.0,0.0,0.0,0.0,152.41991635393043
2168,PE-3SF,191.453,196.413,SIERRA,4.960000000000008,0.0,0.0,0.0,0.0,0,0,0.0,0.0,0.0,0.0,0.0,0.0,71.38638749051538
2169,PE-28D,118.0,127.837,SIERRA,9.837000000000003,0.0,0.0,0.0,0.0,0,0,0.0,0.0,0.0,0.0,0.0,0.0,31.611301542156863
2170,PE-1NF,100.873,111.221,SIERRA,10.347999999999999,0.0,0.0,0.0,0.0,0,0,0.0,0.0,0.0,0.0,0.0,0.0,65.14789622400455
2171,PE-24,22.049,42.511,COSTA,20.462000000000003,0.0,0.0,0.0,0.0,0,0,0.0,0.0,0.0,0.0,0.0,0.0,6.852638551126671
2172,PE-24,64.589,68.276,COSTA,3.6869999999999976,0.0,0.0,0.0,0.0,0,0,0.0,0.0,0.0,0.0,0.0,0.0,35.523184888793295
2173,PE-28B,660.687,660.709,SIERRA,0.021999999999934516,0.0,0.0,0.0,0.0,0,0,0.0,0.0,0.0,0.0,0.0,0.0,116.32902892831828
2174,PE-04B,18.615,61.077,SIERRA,42.462,4.0,19.0,0.0,0.0,0,0,4.0,19.0,0.09420187461730488,0.44745890443219816,0.0,0.0,19.257804563931742
2175,PE-18B,42.238,59.865,SIERRA,17.627000000000002,2.0,3.0,0.0,0.0,0,0,2.0,3.0,0.1134623021501106,0.1701934532251659,0.0,0.0,40.49748746440322
2176,PE-1N,708.764,715.634,COSTA,6.8700000000000045,21.0,22.0,3.0,1.0,25,95,49.0,23.0,7.132459970887914,3.3478893740902453,0.0,0.0,9.403704379324864
2177,PE-3SF,201.464,211.666,SIERRA,10.201999999999998,0.0,0.0,0.0,0.0,0,0,0.0,0.0,0.0,0.0,0.0,0.0,80.59612475259028
2178,PE-10B,18.832,31.239,SIERRA,12.407,0.0,0.0,0.0,0.0,0,0,0.0,0.0,0.0,0.0,0.0,0.0,109.78318225477402
2179,PE-3SF,276.964,281.982,SIERRA,5.018000000000029,0.0,0.0,0.0,0.0,0,0,0.0,0.0,0.0,0.0,0.0,0.0,94.06224225054214
2180,PE-3SF,196.413,201.464,SIERRA,5.050999999999988,0.0,0.0,0.0,0.0,0,0,0.0,0.0,0.0,0.0,0.0,0.0,74.5942198743784
2181,PE-26B,0.0,1.55,SIERRA,1.55,0.0,0.0,0.0,0.0,0,0,0.0,0.0,0.0,0.0,0.0,0.0,65.65507412498852
2182,PE-1NI,91.329,96.606,SIERRA,5.277000000000001,0.0,0.0,0.0,0.0,0,0,0.0,0.0,0.0,0.0,0.0,0.0,43.772314156242544
2183,PE-24,226.133,254.608,SIERRA,28.474999999999994,2.0,2.0,1.0,0.0,0,0,3.0,2.0,0.10535557506584725,0.07023705004389817,0.0,0.0,38.03718681782969
2184,PE-26A,91.0,119.35,SIERRA,28.349999999999994,1.0,4.0,0.0,0.0,0,0,1.0,4.0,0.035273368606701945,0.14109347442680778,0.0,0.0,42.38986318828225
2185,PE-08C,4.723,22.44,SELVA,17.717000000000002,1.0,1.0,2.0,0.0,0,0,3.0,1.0,0.16932889315346838,0.056442964384489466,0.0,0.0,22.95576671170036
2186,PE-06B,50.824,57.219,SIERRA,6.395000000000003,1.0,2.0,0.0,0.0,0,0,1.0,2.0,0.1563721657544956,0.3127443315089912,0.0,0.0,56.374116033397975
2187,PE-12A,0.0,7.569,SIERRA,7.569,0.0,0.0,1.0,0.0,0,0,1.0,0.0,0.1321178491214163,0.0,0.0,0.0,76.70611407312018
2188,PE-1N,89.746,103.374,COSTA,13.628,9.0,9.0,9.0,0.0,51,189,69.0,9.0,5.063105371294394,0.6604050484297036,0.0,0.0,35.42309558820371
2189,PE-30B,65.935,67.779,SIERRA,1.843999999999994,0.0,0.0,0.0,0.0,0,0,0.0,0.0,0.0,0.0,0.0,0.0,62.928068823498016
2190,PE-26B,1.55,4.856,SIERRA,3.306,0.0,0.0,0.0,0.0,0,0,0.0,0.0,0.0,0.0,0.0,0.0,64.80800424908338
2191,PE-32A,260.994,285.339,SIERRA,24.34499999999997,0.0,0.0,0.0,0.0,0,0,0.0,0.0,0.0,0.0,0.0,0.0,56.13737632559584
2192,PE-18B,60.978,69.675,SIERRA,8.696999999999996,0.0,0.0,0.0,0.0,0,0,0.0,0.0,0.0,0.0,0.0,0.0,46.06663753347888
2193,PE-18B,69.675,80.665,SIERRA,10.990000000000009,0.0,0.0,0.0,0.0,0,0,0.0,0.0,0.0,0.0,0.0,0.0,43.30935291263858
2194,PE-18B,80.665,82.083,SIERRA,1.4179999999999922,0.0,0.0,0.0,0.0,0,0,0.0,0.0,0.0,0.0,0.0,0.0,41.263024021023725
2195,PE-18B,82.083,83.821,SIERRA,1.7379999999999995,0.0,0.0,0.0,0.0,0,0,0.0,0.0,0.0,0.0,0.0,0.0,41.80682308230684
2196,PE-1S,244.097,249.137,COSTA,5.039999999999992,2.0,2.0,8.0,2000000.0,15,30,25.0,2000002.0,4.9603174603174685,396825.79365079425,0.0,0.0,22.695731998121747
2197,PE-20A,138.614,164.064,SIERRA,25.44999999999999,1.0,1.0,0.0,0.0,0,0,1.0,1.0,0.03929273084479373,0.03929273084479373,0.0,0.0,57.662809280997614
2198,PE-20A,12.0419,14.8629,COSTA,2.8209999999999997,0.0,0.0,0.0,0.0,0,0,0.0,0.0,0.0,0.0,0.0,0.0,18.943024105534903
2199,PE-3SD,0.172,7.467,SIERRA,7.295,4.0,6.0,2.0,0.0,0,0,6.0,6.0,0.8224811514736121,0.8224811514736121,0.0,0.0,22.02471267648897
2200,PE-3SD,7.467,36.312,SIERRA,28.845,1.0,1.0,0.0,0.0,0,0,1.0,1.0,0.03466805338880222,0.03466805338880222,0.0,0.0,34.07439801530202
2201,PE-12B,106.63,107.294,SELVA,0.6640000000000015,0.0,0.0,0.0,0.0,0,0,0.0,0.0,0.0,0.0,0.0,0.0,140.3373179674138
2202,PE-30D,195.47,198.523,SIERRA,3.0529999999999973,0.0,0.0,0.0,0.0,0,0,0.0,0.0,0.0,0.0,0.0,0.0,66.06865434726122
2203,PE-30D,198.523,200.036,SIERRA,1.5130000000000052,0.0,0.0,0.0,0.0,0,0,0.0,0.0,0.0,0.0,0.0,0.0,65.19009252942176
2204,PE-30D,204.256,205.857,SIERRA,1.600999999999999,0.0,0.0,0.0,0.0,0,0,0.0,0.0,0.0,0.0,0.0,0.0,60.78712146969304
2205,PE-40,10.456,14.145,SIERRA,3.689,0.0,0.0,0.0,0.0,0,0,0.0,0.0,0.0,0.0,0.0,0.0,39.70155523454597
2206,PE-32,206.359,221.319,SIERRA,14.95999999999998,0.0,0.0,0.0,0.0,0,0,0.0,0.0,0.0,0.0,0.0,0.0,62.98195524326774
2207,PE-32,275.704,295.542,SIERRA,19.837999999999965,0.0,0.0,0.0,0.0,0,0,0.0,0.0,0.0,0.0,0.0,0.0,22.40794915576663
2208,PE-24A,115.9,135.762,SIERRA,19.861999999999995,0.0,0.0,0.0,0.0,0,0,0.0,0.0,0.0,0.0,0.0,0.0,67.48438775034364
2209,PE-3SB,50.025,52.308,SIERRA,2.2830000000000013,0.0,0.0,0.0,0.0,0,0,0.0,0.0,0.0,0.0,0.0,0.0,4.923896009936205
2210,PE-24A,54.046,67.983,SIERRA,13.937000000000005,0.0,0.0,0.0,0.0,0,0,0.0,0.0,0.0,0.0,0.0,0.0,54.86181769208779
2211,PE-36C,0.0,13.702,SIERRA,13.702,0.0,0.0,0.0,0.0,0,0,0.0,0.0,0.0,0.0,0.0,0.0,17.051127507861324
2212,PE-36A,201.998,211.893,SIERRA,9.89500000000001,0.0,0.0,0.0,0.0,8,5,8.0,0.0,0.8084891359272351,0.0,0.0,0.0,28.27770255474565
2213,PE-3SA,49.028,60.323,SIERRA,11.295000000000002,1.0,1.0,4.0,0.0,0,0,5.0,1.0,0.44267374944665777,0.08853474988933155,0.0,0.0,24.43525900045505
2214,PE-3SA,6.641,35.255,SIERRA,28.614000000000004,8.0,8.0,9.0,0.0,0,0,17.0,8.0,0.5941147689941986,0.2795834207031523,0.0,0.0,28.23192036078166
2215,PE-3SF,50.309,55.235,SIERRA,4.926000000000002,0.0,0.0,0.0,0.0,0,0,0.0,0.0,0.0,0.0,0.0,0.0,27.69405603424316
2216,PE-3SH,35.432,38.053,SIERRA,2.620999999999995,0.0,0.0,0.0,0.0,0,0,0.0,0.0,0.0,0.0,0.0,0.0,25.302024163731623
2217,PE-3SB,46.729,50.025,SIERRA,3.2959999999999994,0.0,0.0,0.0,0.0,0,0,0.0,0.0,0.0,0.0,0.0,0.0,6.751951324000862
2218,PE-3SH,3.813,35.432,SIERRA,31.619000000000003,1.0,1.0,0.0,0.0,0,0,1.0,1.0,0.03162655365444827,0.03162655365444827,0.0,0.0,22.182790808893223
2219,PE-34C,10.126,10.924,SIERRA,0.798,0.0,0.0,0.0,0.0,0,0,0.0,0.0,0.0,0.0,0.0,0.0,18.42467228075855
2220,PE-26B,174.204,188.991,SIERRA,14.787000000000006,1.0,1.0,0.0,0.0,0,0,1.0,1.0,0.0676269696354906,0.0676269696354906,0.0,0.0,15.815163799845198
2221,PE-1NA,0.0,0.58,COSTA,0.58,2.0,2.0,0.0,0.0,6,12,8.0,2.0,13.793103448275863,3.4482758620689657,0.0,0.0,3.88330394347673
2222,PE-26B,146.591,163.173,SIERRA,16.581999999999994,0.0,0.0,0.0,0.0,0,0,0.0,0.0,0.0,0.0,0.0,0.0,25.960166569316456
2223,PE-1N,148.186,154.466,COSTA,6.280000000000001,12.0,12.0,8.0,100011.0,23,87,43.0,100023.0,6.847133757961783,15927.229299363054,0.0,0.0,11.090388216283818
2224,PE-24,10.98,15.486,COSTA,4.506,0.0,0.0,0.0,0.0,0,0,0.0,0.0,0.0,0.0,0.0,0.0,8.56669347024842
2225,PE-24A,106.789,115.9,SIERRA,9.111000000000004,0.0,0.0,0.0,0.0,0,0,0.0,0.0,0.0,0.0,0.0,0.0,69.95639587384044
2226,PE-3SF,31.808,36.008,SIERRA,4.200000000000003,0.0,0.0,0.0,0.0,0,0,0.0,0.0,0.0,0.0,0.0,0.0,29.55766646164656
2227,PE-1NL,1.914,2.347,COSTA,0.43300000000000005,0.0,0.0,1.0,1.0,0,0,1.0,1.0,2.3094688221709005,2.3094688221709005,0.0,0.0,14.19719915126546
2228,PE-1NK,15.277,15.973,COSTA,0.6960000000000015,0.0,0.0,0.0,0.0,0,0,0.0,0.0,0.0,0.0,0.0,0.0,12.579001114882615
2229,PE-18C,0.0,25.156,SELVA,25.156,0.0,0.0,13.0,0.0,0,0,13.0,0.0,0.5167753219907776,0.0,4.0,1.2,203.5655644664148
2230,PE-36,21.022,30.531,SIERRA,9.509,0.0,0.0,1.0,0.0,4,8,5.0,0.0,0.5258176464402146,0.0,0.0,0.0,1.089433759421058
2231,PE-32,65.694,87.5,SIERRA,21.805999999999997,0.0,0.0,0.0,0.0,0,0,0.0,0.0,0.0,0.0,0.0,0.0,74.00355627475142
2232,PE-5NC,46.121,79.399,SELVA,33.278,0.0,0.0,0.0,0.0,0,0,0.0,0.0,0.0,0.0,0.0,0.0,51.08872353527912
2233,PE-06A,47.35,51.607,COSTA,4.256999999999998,0.0,0.0,2.0,0.0,0,0,2.0,0.0,0.4698144233027956,0.0,0.0,0.0,2.2706623863159234
2234,PE-24A,0.888,5.278,SIERRA,4.39,0.0,0.0,0.0,0.0,0,0,0.0,0.0,0.0,0.0,0.0,0.0,32.43355369402078
2235,PE-3NC,15.176,20.353,SIERRA,5.177000000000001,0.0,0.0,0.0,0.0,0,0,0.0,0.0,0.0,0.0,0.0,0.0,82.02995913477689
2236,PE-3SB,42.452,46.729,SIERRA,4.277000000000001,0.0,0.0,0.0,0.0,0,0,0.0,0.0,0.0,0.0,0.0,0.0,9.539003019380209
2237,PE-32C,0.0,16.932,SIERRA,16.932,0.0,0.0,0.0,0.0,0,0,0.0,0.0,0.0,0.0,0.0,0.0,108.99625929749236
2238,PE-32C,63.735,73.122,SIERRA,9.387,0.0,0.0,0.0,0.0,0,0,0.0,0.0,0.0,0.0,0.0,0.0,101.24638249316418
2239,PE-3SG,94.169,94.608,SIERRA,0.43900000000000716,0.0,0.0,0.0,0.0,0,0,0.0,0.0,0.0,0.0,0.0,0.0,112.66242447048737
2240,PE-32C,46.499,46.762,SIERRA,0.2629999999999981,0.0,0.0,0.0,0.0,0,0,0.0,0.0,0.0,0.0,0.0,0.0,109.33030203011678
2241,PE-28G,5.31,7.409,SIERRA,2.099,0.0,0.0,3.0,10.0,0,0,3.0,10.0,1.4292520247737017,4.764173415912339,0.0,0.0,124.59461543881636
2242,PE-1N,108.252,118.216,COSTA,9.963999999999999,2.0,2.0,7.0,0.0,37,138,46.0,2.0,4.616619831393016,0.2007226013649137,0.0,0.0,25.34043588506537
2243,PE-18C,82.627,84.672,SELVA,2.0450000000000017,1.0,1.0,1.0,0.0,0,0,2.0,1.0,0.977995110024449,0.4889975550122245,0.0,0.0,266.3864261870523
2244,PE-06B,57.898,59.889,SIERRA,1.9909999999999997,0.0,0.0,0.0,0.0,0,0,0.0,0.0,0.0,0.0,0.0,0.0,58.57912008702016
2245,PE-3SB,52.423,56.14,SIERRA,3.7169999999999987,0.0,0.0,3.0,100.0,0,0,3.0,100.0,0.8071025020177566,26.90341673392522,0.0,0.0,3.7080590463317424
2246,PE-28D,127.837,139.898,SIERRA,12.060999999999993,0.0,0.0,1.0,0.0,0,0,1.0,0.0,0.08291186468783687,0.0,0.0,0.0,38.21173355366318
2247,PE-24,74.797,79.106,SIERRA,4.3089999999999975,0.0,0.0,0.0,0.0,0,0,0.0,0.0,0.0,0.0,0.0,0.0,42.41177795971629
2248,PE-26A,119.35,130.868,SIERRA,11.518,0.0,0.0,0.0,0.0,0,0,0.0,0.0,0.0,0.0,0.0,0.0,44.44017472372631
2249,PE-28B,173.404,173.634,SELVA,0.22999999999998977,0.0,0.0,0.0,0.0,0,0,0.0,0.0,0.0,0.0,0.0,0.0,84.01951143774218
2250,PE-28B,660.709,660.777,SIERRA,0.06800000000009732,0.0,0.0,1.0,0.0,0,0,1.0,0.0,14.705882352920131,0.0,0.0,0.0,116.3100598494692
2251,PE-36D,1.584,9.26,SIERRA,7.676,0.0,0.0,0.0,0.0,0,0,0.0,0.0,0.0,0.0,0.0,0.0,17.48860956413141
2252,PE-26B,163.173,164.584,SIERRA,1.4110000000000014,0.0,0.0,0.0,0.0,0,0,0.0,0.0,0.0,0.0,0.0,0.0,23.331242767157192
2253,PE-5NC,243.112,257.595,SELVA,14.483000000000033,0.0,0.0,0.0,0.0,0,0,0.0,0.0,0.0,0.0,0.0,0.0,120.75651557985108
2254,PE-26B,76.293,81.465,SIERRA,5.171999999999997,0.0,0.0,0.0,0.0,0,0,0.0,0.0,0.0,0.0,0.0,0.0,46.7613493495718
2255,PE-28E,4.828,12.508,SIERRA,7.679999999999999,3.0,4.0,0.0,0.0,0,0,3.0,4.0,0.39062500000000006,0.5208333333333334,0.0,0.0,7.592525432724336
2256,PE-06,2.343,3.218,COSTA,0.875,0.0,0.0,0.0,0.0,0,0,0.0,0.0,0.0,0.0,0.0,0.0,14.859837892826862
2257,PE-5NC,219.273,223.203,SELVA,3.930000000000007,0.0,0.0,0.0,0.0,0,0,0.0,0.0,0.0,0.0,0.0,0.0,116.7876207069632
2258,PE-5NA,128.46,137.097,SELVA,8.637,0.0,0.0,0.0,0.0,0,0,0.0,0.0,0.0,0.0,0.0,0.0,75.53264953113258
2259,PE-32,46.95,50.25,SIERRA,3.299999999999997,0.0,0.0,0.0,0.0,0,0,0.0,0.0,0.0,0.0,0.0,0.0,63.71091429574032
2260,PE-28D,29.027,38.8,SIERRA,9.772999999999996,0.0,0.0,0.0,0.0,0,0,0.0,0.0,0.0,0.0,0.0,0.0,28.15329773057957
2261,PE-28D,51.319,56.069,SIERRA,4.75,0.0,0.0,0.0,0.0,0,0,0.0,0.0,0.0,0.0,0.0,0.0,34.11847541994141
2262,PE-32A,324.48,340.289,SIERRA,15.808999999999969,1.0,1.0,0.0,0.0,0,0,1.0,1.0,0.06325510784995901,0.06325510784995901,0.0,0.0,22.33306818507168
2263,PE-3SB,40.063,42.452,SIERRA,2.388999999999996,0.0,0.0,0.0,0.0,0,0,0.0,0.0,0.0,0.0,0.0,0.0,12.227577570936392
2264,PE-5NA,170.776,177.23,SELVA,6.453999999999979,0.0,0.0,0.0,0.0,0,0,0.0,0.0,0.0,0.0,0.0,0.0,89.1161131340723
2265,PE-34I,9.477,10.077,SIERRA,0.5999999999999996,0.0,0.0,0.0,0.0,0,0,0.0,0.0,0.0,0.0,0.0,0.0,93.21309168586238
2266,PE-1S,190.887,210.541,COSTA,19.653999999999996,19.0,20.0,16.0,100000000001000.0,58,117,93.0,100000000001020.0,4.731861198738171,5088022794394.018,0.0,0.0,14.07833248238868
2267,PE-1S,185.087,190.887,COSTA,5.800000000000011,2.0,2.0,9.0,0.0,17,35,28.0,2.0,4.827586206896542,0.34482758620689585,0.0,0.0,4.436158698516596
2268,PE-1S,222.365,224.396,COSTA,2.0309999999999775,3.0,3.0,9.0,0.0,6,12,18.0,3.0,8.862629246676612,1.477104874446102,0.0,0.0,34.291072539532166
2269,PE-06A,72.134,85.134,COSTA,13.0,1.0,5.0,1.0,0.0,0,0,2.0,5.0,0.15384615384615385,0.38461538461538464,0.0,0.0,21.911981108097496
2270,PE-1N,24.069,24.968,COSTA,0.8990000000000009,2.0,2.0,3.0,10.0,3,12,8.0,12.0,8.898776418242482,13.348164627363724,0.0,0.0,20.18266586600856
2271,PE-20A,192.959,207.065,SIERRA,14.105999999999995,1.0,1.0,0.0,0.0,0,0,1.0,1.0,0.07089181908407773,0.07089181908407773,0.0,0.0,69.71218105210619
2272,PE-20A,191.875,192.959,SIERRA,1.0840000000000032,0.0,0.0,0.0,0.0,0,0,0.0,0.0,0.0,0.0,0.0,0.0,67.30189749462853
2273,PE-20A,100.372,102.0,SIERRA,1.6280000000000001,0.0,0.0,0.0,0.0,0,0,0.0,0.0,0.0,0.0,0.0,0.0,46.751845369724485
2274,PE-20A,207.065,207.069,SIERRA,0.003999999999990678,0.0,0.0,0.0,0.0,0,0,0.0,0.0,0.0,0.0,0.0,0.0,72.6589929001971
2275,PE-3SD,37.206,63.455,SIERRA,26.248999999999995,0.0,0.0,0.0,0.0,0,0,0.0,0.0,0.0,0.0,0.0,0.0,48.60805969383337
2276,PE-3SD,169.588,179.621,SIERRA,10.033000000000015,0.0,0.0,0.0,0.0,0,0,0.0,0.0,0.0,0.0,0.0,0.0,48.6474872699469
2277,PE-3NE,0.0,16.498,SIERRA,16.498,0.0,0.0,0.0,0.0,0,0,0.0,0.0,0.0,0.0,0.0,0.0,32.81772732328949
2278,PE-32,200.822,202.422,SIERRA,1.5999999999999943,0.0,0.0,0.0,0.0,0,0,0.0,0.0,0.0,0.0,0.0,0.0,68.58674248881468
2279,PE-30D,240.482,242.145,SIERRA,1.663000000000011,0.0,0.0,0.0,0.0,0,0,0.0,0.0,0.0,0.0,0.0,0.0,44.13873493764633
2280,PE-30D,116.578,125.845,SIERRA,9.266999999999996,1.0,4.0,0.0,0.0,0,0,1.0,4.0,0.10790978741771884,0.43163914967087536,0.0,0.0,70.35385735764399
2281,PE-30D,205.857,207.957,SIERRA,2.0999999999999943,0.0,0.0,0.0,0.0,0,0,0.0,0.0,0.0,0.0,0.0,0.0,59.27503343171848
2282,PE-30D,183.035,189.36,SIERRA,6.325000000000017,0.0,0.0,0.0,0.0,0,0,0.0,0.0,0.0,0.0,0.0,0.0,72.13156618271583
2283,PE-10B,0.0,18.832,SIERRA,18.832,2.0,2.0,0.0,0.0,0,0,2.0,2.0,0.10620220900594732,0.10620220900594732,0.0,0.0,102.07237867455116
2284,PE-3SC,25.429,28.597,SIERRA,3.168000000000003,1.0,2.0,0.0,0.0,0,0,1.0,2.0,0.31565656565656536,0.6313131313131307,0.0,0.0,16.49554709428715
2285,PE-28B,600.351,601.661,SIERRA,1.3099999999999454,2.0,2.0,0.0,0.0,0,0,2.0,2.0,1.526717557251972,1.526717557251972,0.0,0.0,110.592386557484
2286,PE-28B,173.634,174.184,SELVA,0.5500000000000114,0.0,0.0,3.0,0.0,0,0,3.0,0.0,5.454545454545342,0.0,0.0,0.0,84.17401792973328
2287,PE-34G,15.758,16.954,SIERRA,1.1960000000000015,0.0,0.0,2.0,0.0,0,0,2.0,0.0,1.6722408026755833,0.0,0.0,0.0,28.647544033738672
2288,PE-3SH,38.053,39.297,SIERRA,1.2439999999999998,0.0,0.0,0.0,0.0,0,0,0.0,0.0,0.0,0.0,0.0,0.0,26.734225460085824
2289,PE-34F,92.26,93.362,SIERRA,1.1019999999999897,0.0,0.0,0.0,0.0,0,0,0.0,0.0,0.0,0.0,0.0,0.0,50.915118834941545
2290,PE-28B,533.824,534.628,SIERRA,0.8040000000000873,1.0,1.0,0.0,0.0,0,0,1.0,1.0,1.243781094527228,1.243781094527228,0.0,0.0,117.08187069135944
2291,PE-34G,16.954,18.954,SIERRA,2.0,0.0,0.0,0.0,0.0,0,0,0.0,0.0,0.0,0.0,0.0,0.0,29.387318280525403
2292,PE-28B,517.696,518.813,SIERRA,1.1169999999999618,0.0,0.0,0.0,0.0,0,0,0.0,0.0,0.0,0.0,0.0,0.0,116.44018897736326
2293,PE-24A,39.611,53.143,SIERRA,13.532000000000004,0.0,0.0,0.0,0.0,0,0,0.0,0.0,0.0,0.0,0.0,0.0,47.85779657374841
2294,PE-28D,38.8,44.461,SIERRA,5.661000000000001,0.0,0.0,0.0,0.0,0,0,0.0,0.0,0.0,0.0,0.0,0.0,28.79140269353653
2295,PE-3SC,1.498,2.637,SIERRA,1.139,0.0,0.0,1.0,0.0,0,0,1.0,0.0,0.8779631255487269,0.0,0.0,0.0,8.700970495173598
2296,PE-5SB,0.0,80.763,SELVA,80.763,0.0,0.0,0.0,0.0,0,0,0.0,0.0,0.0,0.0,0.0,0.0,92.04092251237152
2297,PE-04,0.0,25.049,COSTA,25.049,0.0,0.0,0.0,0.0,0,0,0.0,0.0,0.0,0.0,0.0,0.0,77.4947135056594
2298,PE-24A,53.143,53.588,SIERRA,0.4450000000000003,0.0,0.0,0.0,0.0,0,0,0.0,0.0,0.0,0.0,0.0,0.0,51.49620945095951
2299,PE-1S,2.561,3.84,COSTA,1.279,2.0,2.0,0.0,0.0,4,8,6.0,2.0,4.691164972634871,1.563721657544957,0.0,0.0,41.55364650578717
2300,PE-04,47.2,55.238,COSTA,8.037999999999997,0.0,0.0,0.0,0.0,0,0,0.0,0.0,0.0,0.0,0.0,0.0,75.43916506713778
2301,PE-18C,26.292,37.363,SELVA,11.070999999999998,0.0,0.0,7.0,0.0,0,0,7.0,0.0,0.6322825399692893,0.0,0.0,0.0,219.77004307363288
2302,PE-28E,0.0,4.828,SIERRA,4.828,1.0,2.0,0.0,0.0,0,0,1.0,2.0,0.20712510356255176,0.4142502071251035,0.0,0.0,2.575913517829905
2303,PE-1NK,5.014,10.116,COSTA,5.101999999999999,4.0,4.0,0.0,0.0,0,0,4.0,4.0,0.7840062720501765,0.7840062720501765,0.0,0.0,7.682586438112193
2304,PE-3SF,0.0,24.306,SIERRA,24.306,0.0,0.0,0.0,0.0,0,0,0.0,0.0,0.0,0.0,0.0,0.0,25.78980543135497
2305,PE-04,29.983,46.181,COSTA,16.197999999999997,1.0,1.0,0.0,0.0,0,0,1.0,1.0,0.06173601679219658,0.06173601679219658,0.0,0.0,73.71208843070511
2306,PE-3NA,115.288,134.15,SIERRA,18.86200000000001,0.0,0.0,0.0,0.0,0,0,0.0,0.0,0.0,0.0,0.0,0.0,80.92959657935188
2307,PE-3SF,77.387,80.195,SIERRA,2.8079999999999927,0.0,0.0,0.0,0.0,0,0,0.0,0.0,0.0,0.0,0.0,0.0,31.13176366169625
2308,PE-1N,14.721,17.462,COSTA,2.7409999999999997,11.0,11.0,10.0,1.0,10,38,31.0,12.0,11.309740970448743,4.37796424662532,0.0,0.0,28.34099945626521
2309,PE-3SF,66.672,77.387,SIERRA,10.715000000000003,0.0,0.0,0.0,0.0,0,0,0.0,0.0,0.0,0.0,0.0,0.0,28.64670759583368
2310,PE-3SF,55.235,66.672,SIERRA,11.436999999999998,0.0,0.0,0.0,0.0,0,0,0.0,0.0,0.0,0.0,0.0,0.0,27.31472826076859
2311,PE-5NC,140.491,145.466,SELVA,4.974999999999994,1.0,1.0,0.0,0.0,0,0,1.0,1.0,0.20100502512562837,0.20100502512562837,0.0,0.0,98.38315657384652
2312,PE-20C,94.811,130.139,SIERRA,35.328,7.0,7.0,0.0,0.0,1,1,8.0,7.0,0.22644927536231882,0.19814311594202896,0.0,0.0,54.1620946001877
2313,PE-5NC,79.798,86.814,SELVA,7.015999999999991,0.0,0.0,0.0,0.0,0,0,0.0,0.0,0.0,0.0,0.0,0.0,62.65826242495523
2314,PE-5NC,29.47,46.121,SELVA,16.651000000000003,0.0,0.0,0.0,0.0,0,0,0.0,0.0,0.0,0.0,0.0,0.0,35.80923425846385
2315,PE-24,15.486,19.78,COSTA,4.2940000000000005,0.0,0.0,0.0,0.0,0,0,0.0,0.0,0.0,0.0,0.0,0.0,4.9430341997542495
2316,PE-24,42.775,49.17,COSTA,6.395000000000003,0.0,0.0,0.0,0.0,0,0,0.0,0.0,0.0,0.0,0.0,0.0,17.413781661108185
2317,PE-5NA,45.192,46.407,SELVA,1.2149999999999963,1.0,1.0,0.0,0.0,0,0,1.0,1.0,0.8230452674897144,0.8230452674897144,0.0,0.0,64.11511359454339
2318,PE-3SC,13.974,25.359,SIERRA,11.385000000000002,1.0,1.0,0.0,0.0,0,0,1.0,1.0,0.08783487044356608,0.08783487044356608,0.0,0.0,10.640522069324746
2319,PE-20C,131.958,146.346,SIERRA,14.388000000000005,0.0,0.0,0.0,0.0,0,0,0.0,0.0,0.0,0.0,0.0,0.0,70.14290691493326
2320,PE-5ND,84.657,116.517,SELVA,31.86,0.0,0.0,0.0,0.0,0,0,0.0,0.0,0.0,0.0,0.0,0.0,125.90300311183618
2321,PE-1NF,0.0,11.322,COSTA,11.322,6.0,11.0,1.0,1.0,0,0,7.0,12.0,0.6182653241476771,1.0598834128245893,0.0,0.0,8.571770239287806
2322,PE-1NF,36.103,41.3,COSTA,5.196999999999996,1.0,1.0,0.0,0.0,0,0,1.0,1.0,0.1924187030979413,0.1924187030979413,0.0,0.0,33.630226720589924
2323,PE-20C,70.257,94.811,SIERRA,24.554000000000002,1.0,3.0,0.0,0.0,1,1,2.0,3.0,0.08145312372729493,0.1221796855909424,0.0,0.0,35.062461251364205
2324,PE-1N,27.073,29.155,COSTA,2.0820000000000007,4.0,4.0,3.0,10.0,8,29,15.0,14.0,7.204610951008643,6.724303554274734,0.0,0.0,17.259654039478896
2325,PE-12A,226.392,241.981,SIERRA,15.588999999999999,0.0,0.0,0.0,0.0,0,0,0.0,0.0,0.0,0.0,0.0,0.0,145.97411535862426
2326,PE-38,24.978,43.549,SIERRA,18.570999999999998,0.0,0.0,0.0,0.0,0,0,0.0,0.0,0.0,0.0,0.0,0.0,39.00539076723792
2327,PE-38,5.21,11.54,SIERRA,6.329999999999999,0.0,0.0,0.0,0.0,0,0,0.0,0.0,0.0,0.0,0.0,0.0,32.971217432603936
2328,PE-3SH,0.0,3.25,SIERRA,3.25,0.0,0.0,11.0,200.0,0,0,11.0,200.0,3.3846153846153846,61.53846153846154,0.0,0.0,25.80023222307736
2329,PE-28E,24.929,30.223,SIERRA,5.2940000000000005,0.0,0.0,0.0,0.0,0,0,0.0,0.0,0.0,0.0,0.0,0.0,23.09572526199496
2330,PE-5ND,116.517,159.918,SELVA,43.40100000000001,0.0,0.0,0.0,0.0,0,0,0.0,0.0,0.0,0.0,0.0,0.0,126.71169889558034
2331,PE-04C,21.652,24.122,SELVA,2.469999999999999,1.0,1.0,0.0,0.0,1,4,2.0,1.0,0.8097165991902838,0.4048582995951419,0.0,0.0,24.11833161436556
2332,PE-1N,5.809,7.877,COSTA,2.0679999999999996,18.0,20.0,8.0,1000000.0,8,29,34.0,1000020.0,16.441005802707934,483568.66537717613,0.0,0.0,35.16238265346689
2333,PE-28,11.558,19.975,COSTA,8.417000000000002,0.0,0.0,0.0,0.0,0,0,0.0,0.0,0.0,0.0,0.0,0.0,39.74507821397881
2334,PE-24A,206.821,207.299,SELVA,0.47800000000000864,0.0,0.0,0.0,0.0,0,0,0.0,0.0,0.0,0.0,0.0,0.0,84.96776224723226
2335,PE-5ND,66.443,83.99,SELVA,17.546999999999997,0.0,0.0,0.0,0.0,0,0,0.0,0.0,0.0,0.0,0.0,0.0,125.86633552842729
2336,PE-04,60.548,68.394,COSTA,7.846000000000004,1.0,1.0,0.0,0.0,0,0,1.0,1.0,0.12745347947998975,0.12745347947998975,0.0,0.0,75.81640546532321
2337,PE-5NB,83.291,88.161,SELVA,4.8700000000000045,0.0,0.0,0.0,0.0,0,0,0.0,0.0,0.0,0.0,0.0,0.0,25.1076288823468
2338,PE-1N,624.329,651.352,COSTA,27.023000000000025,14.0,14.0,2.0,10.0,100,374,116.0,24.0,4.292639603300888,0.8881323317174251,0.0,0.0,36.356869291932185
2339,PE-20C,146.346,157.363,SIERRA,11.016999999999996,0.0,0.0,0.0,0.0,0,0,0.0,0.0,0.0,0.0,0.0,0.0,68.29218286504123
2340,PE-20C,16.503,20.881,COSTA,4.378,1.0,1.0,1.0,0.0,0,0,2.0,1.0,0.4568296025582458,0.2284148012791229,0.0,0.0,18.959446276693004
2341,PE-5NC,215.316,219.273,SELVA,3.9569999999999936,0.0,0.0,0.0,0.0,0,0,0.0,0.0,0.0,0.0,0.0,0.0,115.05391776706036
2342,PE-5NA,81.6,85.617,SELVA,4.01700000000001,0.0,0.0,0.0,0.0,0,0,0.0,0.0,0.0,0.0,0.0,0.0,74.39455780963502
2343,PE-06B,96.407,103.367,SIERRA,6.960000000000008,0.0,0.0,0.0,0.0,0,0,0.0,0.0,0.0,0.0,0.0,0.0,78.28544860727222
2344,PE-20C,130.139,131.958,SIERRA,1.8189999999999884,0.0,0.0,0.0,0.0,0,0,0.0,0.0,0.0,0.0,0.0,0.0,64.70995395467395
2345,PE-5ND,50.524,56.014,SELVA,5.490000000000002,0.0,0.0,0.0,0.0,0,0,0.0,0.0,0.0,0.0,0.0,0.0,120.72799589951798
2346,PE-1SH,0.0,2.094,COSTA,2.094,0.0,0.0,0.0,0.0,0,0,0.0,0.0,0.0,0.0,0.0,0.0,37.740371678557295
2347,PE-20C,61.265,66.627,SIERRA,5.361999999999995,0.0,0.0,0.0,0.0,0,0,0.0,0.0,0.0,0.0,0.0,0.0,20.24746936667725
2348,PE-38,11.54,20.006,SIERRA,8.466000000000001,1.0,1.0,1.0,6.0,0,0,2.0,7.0,0.2362390739428301,0.8268367587999054,0.0,0.0,31.824525093834048
2349,PE-3NA,74.895,106.015,SIERRA,31.120000000000005,0.0,0.0,0.0,0.0,0,0,0.0,0.0,0.0,0.0,0.0,0.0,75.47422024976272
2350,PE-24,106.846,129.252,SIERRA,22.406000000000006,0.0,0.0,0.0,0.0,0,0,0.0,0.0,0.0,0.0,0.0,0.0,60.52504930033702
2351,PE-3SF,38.233,50.309,SIERRA,12.076,0.0,0.0,0.0,0.0,0,0,0.0,0.0,0.0,0.0,0.0,0.0,29.09439045523971
2352,PE-5NA,47.474,69.192,SELVA,21.717999999999996,0.0,0.0,0.0,0.0,0,0,0.0,0.0,0.0,0.0,0.0,0.0,73.13636758619771
2353,PE-18C,71.346,73.46,SELVA,2.11399999999999,3.0,3.0,1.0,0.0,0,0,4.0,3.0,1.8921475875118348,1.4191106906338762,0.0,0.0,257.0482359648997
2354,PE-28E,12.929,19.826,SIERRA,6.897,0.0,0.0,0.0,0.0,0,0,0.0,0.0,0.0,0.0,0.0,0.0,14.048754678381004
2355,PE-5NC,145.466,149.991,SELVA,4.525000000000006,0.0,0.0,0.0,0.0,0,0,0.0,0.0,0.0,0.0,0.0,0.0,102.09408394499944
2356,PE-04,25.049,29.983,COSTA,4.934000000000001,0.0,0.0,0.0,0.0,0,0,0.0,0.0,0.0,0.0,0.0,0.0,73.95855111466722
2357,PE-1NF,20.721,25.223,COSTA,4.501999999999999,0.0,0.0,0.0,0.0,0,0,0.0,0.0,0.0,0.0,0.0,0.0,20.96846025496482
2358,PE-1N,7.877,13.072,COSTA,5.194999999999999,36.0,36.0,6.0,1.0,19,72,61.0,37.0,11.742059672762272,7.122232916265641,0.0,0.0,33.316870133806816
2359,PE-1N,22.738,22.741,COSTA,0.0030000000000001137,0.0,0.0,4.0,0.0,0,0,4.0,0.0,1333.3333333332828,0.0,0.0,0.0,21.8466557154068
2360,PE-5NB,0.0,9.344,SELVA,9.344,4.0,4.0,0.0,0.0,0,0,4.0,4.0,0.42808219178082196,0.42808219178082196,0.0,0.0,20.202362011496493
2361,PE-5NB,113.766,124.106,SELVA,10.33999999999999,0.0,0.0,0.0,0.0,0,0,0.0,0.0,0.0,0.0,0.0,0.0,46.1192980453355
2362,PE-1N,1273.595,1274.224,COSTA,0.6289999999999054,2.0,2.0,0.0,0.0,2,9,4.0,2.0,6.359300476948492,3.179650238474246,0.0,0.0,61.02304936875665
2363,PE-38,164.826,173.238,SIERRA,8.412000000000006,1.0,1.0,0.0,0.0,0,0,1.0,1.0,0.11887779362815018,0.11887779362815018,0.0,0.0,53.31784980788624
2364,PE-34G,20.189,28.954,SIERRA,8.765,2.0,2.0,0.0,0.0,0,0,2.0,2.0,0.22818026240730174,0.22818026240730174,0.0,0.0,30.661635853683297
2365,PE-38A,71.618,72.634,SIERRA,1.0160000000000053,0.0,0.0,1.0,1.0,0,0,1.0,1.0,0.9842519685039318,0.9842519685039318,0.0,0.0,10.8625249403734
2366,PE-34G,28.954,30.189,SIERRA,1.2349999999999994,0.0,0.0,1.0,0.0,0,0,1.0,0.0,0.8097165991902838,0.0,0.0,0.0,30.75289652182148
2367,PE-38,185.114,209.803,SIERRA,24.688999999999993,1.0,2.0,0.0,0.0,0,0,1.0,2.0,0.040503868119405415,0.08100773623881083,0.0,0.0,41.51223752699232
2368,PE-34F,108.299,111.955,SIERRA,3.6559999999999917,0.0,0.0,1.0,0.0,0,0,1.0,0.0,0.27352297592997876,0.0,0.0,0.0,60.192417165811634
2369,PE-12,10.261,20.639,COSTA,10.378,2.0,2.0,0.0,0.0,0,0,2.0,2.0,0.1927153594141453,0.1927153594141453,0.0,0.0,20.067032812984746
2370,PE-38,76.029,88.543,SIERRA,12.51400000000001,3.0,3.0,0.0,0.0,0,0,3.0,3.0,0.2397315007191943,0.2397315007191943,0.0,0.0,64.8477507215458
2371,PE-1S,47.017,57.681,COSTA,10.663999999999994,18.0,20.0,14.0,100000000.0,32,63,64.0,100000020.0,6.0015003750937765,9377346.211552894,0.0,0.0,13.224397465596768
2372,PE-3N,1491.207,1491.217,SIERRA,0.009999999999990905,0.0,0.0,0.0,0.0,0,0,0.0,0.0,0.0,0.0,0.0,0.0,69.37184167627527
2373,PE-08B,29.355,30.011,SIERRA,0.6559999999999988,0.0,0.0,3.0,0.0,0,0,3.0,0.0,4.573170731707325,0.0,0.0,0.0,116.43339319880263
2374,PE-3SH,3.25,3.697,SIERRA,0.44700000000000006,0.0,0.0,0.0,0.0,0,0,0.0,0.0,0.0,0.0,0.0,0.0,26.61255212297297
2375,PE-30C,172.029,172.375,SELVA,0.34600000000000364,0.0,0.0,0.0,0.0,0,0,0.0,0.0,0.0,0.0,0.0,0.0,8.634612114982442
2376,PE-08B,4.994,5.834,SIERRA,0.8399999999999999,0.0,0.0,1.0,0.0,0,0,1.0,0.0,1.1904761904761907,0.0,0.0,0.0,105.16254716921064
2377,PE-30C,169.272,169.506,SELVA,0.23400000000000887,0.0,0.0,0.0,0.0,0,0,0.0,0.0,0.0,0.0,0.0,0.0,11.187699192901464
2378,PE-1N,32.019,33.074,COSTA,1.0549999999999997,4.0,5.0,0.0,0.0,4,15,8.0,5.0,7.582938388625594,4.739336492890996,0.0,0.0,13.12226416659086
2379,PE-1N,20.061,21.061,COSTA,1.0,2.0,2.0,0.0,0.0,4,14,6.0,2.0,6.0,2.0,0.0,0.0,23.972162070331
2380,PE-08A,10.53,23.1,SIERRA,12.570000000000002,2.0,2.0,3.0,0.0,16,27,21.0,2.0,1.6706443914081144,0.15910898965791564,0.0,0.0,71.15939369613433
2381,PE-08A,34.691,40.135,SIERRA,5.4439999999999955,0.0,0.0,1.0,0.0,7,12,8.0,0.0,1.4695077149155045,0.0,0.0,0.0,79.2879222163901
2382,PE-1NL,0.0,1.914,COSTA,1.914,1.0,1.0,1.0,0.0,0,0,2.0,1.0,1.044932079414838,0.522466039707419,0.0,0.0,13.72971354754057
2383,PE-1N,21.715,22.367,COSTA,0.652000000000001,8.0,10.0,2.0,0.0,2,9,12.0,10.0,18.404907975460095,15.337423312883411,0.0,0.0,22.51623662273729
2384,PE-32A,115.789,122.969,SIERRA,7.179999999999993,0.0,0.0,0.0,0.0,0,0,0.0,0.0,0.0,0.0,0.0,0.0,66.73005095491344
2385,PE-32A,68.808,80.818,SIERRA,12.009999999999991,0.0,0.0,0.0,0.0,0,0,0.0,0.0,0.0,0.0,0.0,0.0,49.22462487424717
2386,PE-32A,65.808,68.808,SIERRA,3.0,0.0,0.0,0.0,0.0,0,0,0.0,0.0,0.0,0.0,0.0,0.0,46.129476811251806
2387,PE-38A,64.48,66.359,SIERRA,1.8789999999999907,2.0,2.0,0.0,0.0,0,0,2.0,2.0,1.0643959552953752,1.0643959552953752,0.0,0.0,17.14651977528714
2388,PE-34F,9.704,33.815,SIERRA,24.110999999999997,8.0,10.0,0.0,0.0,0,0,8.0,10.0,0.33179876404960396,0.4147484550620049,0.0,0.0,36.26328838644304
2389,PE-32A,165.669,174.441,SIERRA,8.771999999999991,1.0,1.0,0.0,0.0,0,0,1.0,1.0,0.11399908800729605,0.11399908800729605,0.0,0.0,85.47328856483112
2390,PE-34J,67.725,67.936,SIERRA,0.21100000000001273,0.0,0.0,0.0,0.0,0,0,0.0,0.0,0.0,0.0,0.0,0.0,72.17449896555635
2391,PE-38,88.543,89.873,SIERRA,1.3299999999999983,0.0,0.0,0.0,0.0,0,0,0.0,0.0,0.0,0.0,0.0,0.0,67.4805447359559
2392,PE-1N,853.506,868.554,COSTA,15.048000000000002,1.0,1.0,6.0,10.0,56,208,63.0,11.0,4.186602870813396,0.7309941520467835,0.0,0.0,42.67578161647352
2393,PE-34J,109.888,113.734,SIERRA,3.8459999999999894,1.0,2.0,0.0,0.0,0,0,1.0,2.0,0.26001040041601736,0.5200208008320347,0.0,0.0,52.78985641705631
2394,PE-30D,211.467,216.379,SIERRA,4.911999999999978,1.0,4.0,0.0,0.0,0,0,1.0,4.0,0.20358306188925174,0.814332247557007,0.0,0.0,54.04888499257796
2395,PE-34F,111.955,113.24,SIERRA,1.2849999999999966,0.0,0.0,1.0,0.0,0,0,1.0,0.0,0.7782101167315196,0.0,0.0,0.0,59.15111906931956
2396,PE-32A,40.47,45.504,SIERRA,5.033999999999999,0.0,0.0,0.0,0.0,0,0,0.0,0.0,0.0,0.0,0.0,0.0,41.70449590335152
2397,PE-32A,30.648,35.703,SIERRA,5.055000000000003,0.0,0.0,0.0,0.0,0,0,0.0,0.0,0.0,0.0,0.0,0.0,34.084685232717504
2398,PE-1NR,74.098,75.843,COSTA,1.7450000000000045,0.0,0.0,0.0,0.0,0,0,0.0,0.0,0.0,0.0,0.0,0.0,28.605576857217947
2399,PE-1NR,101.057,109.925,SIERRA,8.867999999999995,0.0,0.0,0.0,0.0,0,0,0.0,0.0,0.0,0.0,0.0,0.0,39.953438860333
2400,PE-1NS,8.72,8.726,COSTA,0.006000000000000227,0.0,0.0,0.0,0.0,0,0,0.0,0.0,0.0,0.0,0.0,0.0,8.151918855481838
2401,PE-14A,79.113,79.457,SIERRA,0.3439999999999941,0.0,0.0,0.0,0.0,0,0,0.0,0.0,0.0,0.0,0.0,0.0,56.58594150446959
2402,PE-3N,156.441,156.894,SIERRA,0.45300000000000296,0.0,0.0,2.0,0.0,0,1,2.0,0.0,4.415011037527565,0.0,0.0,0.0,41.88698683817413
2403,PE-3N,1549.61,1549.638,SELVA,0.02800000000002001,0.0,0.0,0.0,0.0,0,0,0.0,0.0,0.0,0.0,0.0,0.0,41.859724587586975
2404,PE-1NN,11.701,12.143,COSTA,0.44200000000000017,0.0,0.0,1.0,0.0,0,0,1.0,0.0,2.262443438914026,0.0,0.0,0.0,16.113967288145954
2405,PE-1NN,25.132,26.626,COSTA,1.4939999999999998,0.0,0.0,0.0,0.0,0,0,0.0,0.0,0.0,0.0,0.0,0.0,24.956148708357315
2406,PE-18C,25.156,26.292,SELVA,1.1360000000000028,0.0,0.0,10.0,100000000.0,0,0,10.0,100000000.0,8.802816901408429,88028169.0140843,0.0,0.0,214.5711462140204
2407,PE-34E,36.893,39.273,SIERRA,2.3800000000000026,0.0,0.0,0.0,0.0,0,0,0.0,0.0,0.0,0.0,0.0,0.0,33.19581526840298
2408,PE-3N,1728.432,1757.928,SELVA,29.496000000000095,0.0,0.0,0.0,0.0,20,37,20.0,0.0,0.6780580417683731,0.0,0.0,0.0,27.74937473913544
2409,PE-28A,64.329,69.552,SIERRA,5.223000000000013,1.0,1.0,2.0,0.0,0,0,3.0,1.0,0.5743825387708199,0.19146084625693996,0.0,0.0,5.260502955180366
2410,PE-18B,14.198,14.542,SIERRA,0.3439999999999994,0.0,0.0,0.0,0.0,0,0,0.0,0.0,0.0,0.0,0.0,0.0,35.034497327646164
2411,PE-28A,40.368,46.378,SIERRA,6.009999999999998,0.0,0.0,0.0,0.0,0,0,0.0,0.0,0.0,0.0,0.0,0.0,25.751148167550586
2412,PE-3N,1794.52,1794.553,SIERRA,0.03300000000012915,0.0,0.0,0.0,0.0,0,0,0.0,0.0,0.0,0.0,0.0,0.0,40.37692091631008
2413,PE-3N,1427.283,1428.161,SIERRA,0.8780000000001564,1.0,1.0,0.0,0.0,1,1,2.0,1.0,2.2779043280178173,1.1389521640089086,0.0,0.0,89.82406241646373
2414,PE-3N,1423.688,1424.641,SIERRA,0.9529999999999745,3.0,3.0,0.0,0.0,1,1,4.0,3.0,4.1972717733474365,3.1479538300105774,0.0,0.0,90.49386792975427
2415,PE-28A,321.291,331.551,SIERRA,10.259999999999991,4.0,4.0,1.0,1.0,0,0,5.0,5.0,0.48732943469785617,0.48732943469785617,0.0,0.0,5.638743464267465
2416,PE-28A,158.091,161.382,SIERRA,3.290999999999997,0.0,0.0,3.0,0.0,0,0,3.0,0.0,0.9115770282588888,0.0,0.0,0.0,22.51324621538863
2417,PE-18,14.23,15.481,COSTA,1.2509999999999994,0.0,0.0,0.0,0.0,0,0,0.0,0.0,0.0,0.0,0.0,0.0,30.541212939781143
2418,PE-28A,46.378,51.431,SIERRA,5.052999999999997,0.0,0.0,1.0,0.0,0,0,1.0,0.0,0.19790223629527023,0.0,0.0,0.0,21.04928414714184
2419,PE-28A,131.213,136.264,SIERRA,5.051000000000016,2.0,2.0,0.0,0.0,0,0,2.0,2.0,0.3959611958028101,0.3959611958028101,0.0,0.0,33.199120676072106
2420,PE-28A,69.552,80.098,SIERRA,10.545999999999992,0.0,0.0,0.0,0.0,0,0,0.0,0.0,0.0,0.0,0.0,0.0,2.655274132969404
2421,PE-28A,188.369,193.365,SIERRA,4.996000000000009,1.0,1.0,1.0,0.0,0,0,2.0,1.0,0.4003202562049632,0.2001601281024816,0.0,0.0,1.7948253576634934
2422,PE-28A,210.521,228.18,SIERRA,17.65900000000002,0.0,0.0,1.0,0.0,0,0,1.0,0.0,0.05662834815108437,0.0,0.0,0.0,7.057544067483645
2423,PE-1NR,79.211,89.293,COSTA,10.082000000000008,0.0,0.0,0.0,0.0,0,0,0.0,0.0,0.0,0.0,0.0,0.0,33.48614015987893
2424,PE-3N,1669.678,1685.678,SIERRA,16.0,1.0,1.0,0.0,0.0,11,20,12.0,1.0,0.75,0.0625,0.0,0.0,27.9107321164427
2425,PE-18,134.945,137.336,SIERRA,2.3910000000000196,0.0,0.0,0.0,0.0,0,0,0.0,0.0,0.0,0.0,0.0,0.0,82.17100619846505
2426,PE-10A,83.483,90.996,SIERRA,7.512999999999991,0.0,0.0,0.0,0.0,72,149,72.0,0.0,9.583388792759228,0.0,0.0,0.0,34.593765040799894
2427,PE-1N,22.741,24.069,COSTA,1.3279999999999994,8.0,8.0,0.0,0.0,5,18,13.0,8.0,9.789156626506028,6.024096385542172,0.0,0.0,21.20085862020855
2428,PE-1NI,70.708,71.928,COSTA,1.2199999999999989,0.0,0.0,0.0,0.0,0,0,0.0,0.0,0.0,0.0,0.0,0.0,35.19821727178558
2429,PE-5NC,79.399,79.798,SELVA,0.3990000000000009,0.0,0.0,0.0,0.0,0,0,0.0,0.0,0.0,0.0,0.0,0.0,59.71553973436888
2430,PE-18C,81.542,82.627,SELVA,1.0849999999999937,1.0,1.0,0.0,0.0,0,0,1.0,1.0,0.9216589861751205,0.9216589861751205,0.0,0.0,265.07999447466574
2431,PE-28A,1.265,1.323,COSTA,0.05800000000000005,0.0,0.0,2.0,1.0,0,0,2.0,1.0,34.48275862068962,17.24137931034481,0.0,0.0,33.09575499045274
2432,PE-28A,95.963,101.002,SIERRA,5.0390000000000015,0.0,0.0,0.0,0.0,0,0,0.0,0.0,0.0,0.0,0.0,0.0,17.07511629173891
2433,PE-28A,244.414,245.051,SIERRA,0.6370000000000005,0.0,0.0,1.0,0.0,0,0,1.0,0.0,1.5698587127158545,0.0,0.0,0.0,27.29706648777292
2434,PE-28A,196.765,201.858,SIERRA,5.093000000000018,0.0,0.0,0.0,0.0,0,0,0.0,0.0,0.0,0.0,0.0,0.0,1.7155526412006414
2435,PE-28A,236.624,237.138,SIERRA,0.51400000000001,0.0,0.0,1.0,0.0,0,0,1.0,0.0,1.945525291828756,0.0,0.0,0.0,22.572085342007853
2436,PE-28A,168.146,169.548,SIERRA,1.4020000000000152,0.0,0.0,2.0,1.0,0,0,2.0,1.0,1.4265335235377876,0.7132667617688938,0.0,0.0,14.736466372032687
2437,PE-28A,169.548,173.171,SIERRA,3.6229999999999905,1.0,1.0,0.0,0.0,0,0,1.0,1.0,0.27601435274634356,0.27601435274634356,0.0,0.0,12.621721388319896
2438,PE-28A,120.45,121.187,SIERRA,0.7369999999999948,0.0,0.0,1.0,0.0,0,0,1.0,0.0,1.3568521031207694,0.0,0.0,0.0,26.754695544231524
2439,PE-28A,174.725,183.299,SIERRA,8.574000000000012,4.0,5.0,1.0,0.0,0,0,5.0,5.0,0.5831583858175873,0.5831583858175873,0.0,0.0,8.108396271435534
2440,PE-20I,1.055,4.1,COSTA,3.045,1.0,1.0,0.0,0.0,0,0,1.0,1.0,0.3284072249589491,0.3284072249589491,0.0,0.0,35.023033627698
2441,PE-28A,206.972,210.521,SIERRA,3.548999999999978,0.0,0.0,1.0,1.0,0,0,1.0,1.0,0.28176951253874505,0.28176951253874505,0.0,0.0,5.522955472484457
2442,PE-28A,173.171,174.725,SIERRA,1.554000000000002,1.0,1.0,0.0,0.0,0,0,1.0,1.0,0.6435006435006426,0.6435006435006426,0.0,0.0,10.7550279141715
2443,PE-28A,333.155,335.936,SIERRA,2.781000000000006,0.0,0.0,0.0,0.0,0,0,0.0,0.0,0.0,0.0,0.0,0.0,9.700380612321696
2444,PE-28A,193.365,196.672,SIERRA,3.306999999999988,1.0,1.0,0.0,0.0,0,0,1.0,1.0,0.3023888720895082,0.3023888720895082,0.0,0.0,1.0209122411173022
2445,PE-04,46.181,47.2,COSTA,1.0190000000000055,0.0,0.0,0.0,0.0,0,0,0.0,0.0,0.0,0.0,0.0,0.0,74.58326940827997
2446,PE-28A,136.264,142.977,SIERRA,6.712999999999994,2.0,2.0,2.0,0.0,0,0,4.0,2.0,0.5958587814687925,0.2979293907343962,0.0,0.0,36.313639478699095
2447,PE-3N,1366.366,1371.498,SIERRA,5.132000000000062,2.0,3.0,0.0,0.0,3,6,5.0,3.0,0.974279033515187,0.5845674201091122,0.0,0.0,97.83335598339484
2448,PE-26B,75.45,76.293,SIERRA,0.8430000000000035,0.0,0.0,0.0,0.0,0,0,0.0,0.0,0.0,0.0,0.0,0.0,48.374405086107934
2449,PE-3SG,0.0,0.097,SIERRA,0.097,0.0,0.0,0.0,0.0,0,0,0.0,0.0,0.0,0.0,0.0,0.0,89.50977405821232
2450,PE-3N,1080.738,1082.879,SIERRA,2.140999999999849,0.0,0.0,0.0,0.0,1,3,1.0,0.0,0.4670714619337088,0.0,0.0,0.0,78.26946290730609
2451,PE-28A,0.0,0.35699999,COSTA,0.35699999,1.0,1.0,0.0,0.0,0,0,1.0,1.0,2.801120526642032,2.801120526642032,0.0,0.0,33.22287446685326
2452,PE-3N,1054.729,1055.086,SIERRA,0.3569999999999709,0.0,0.0,0.0,0.0,0,0,0.0,0.0,0.0,0.0,0.0,0.0,63.56871540415938
2453,PE-10A,90.996,96.316,SIERRA,5.320000000000007,0.0,0.0,1.0,0.0,51,106,52.0,0.0,9.774436090225551,0.0,0.0,0.0,37.68071801453961
2454,PE-1N,3.2,4.187,COSTA,0.9870000000000001,7.0,7.0,11.0,101.0,4,14,22.0,108.0,22.289766970618032,109.42249240121579,0.0,0.0,35.654628132995555
2455,PE-08A,23.1,26.9,SIERRA,3.799999999999997,0.0,0.0,2.0,0.0,5,8,7.0,0.0,1.842105263157896,0.0,0.0,0.0,72.21803656896734
2456,PE-3N,1097.83,1099.946,SIERRA,2.1159999999999854,2.0,2.0,0.0,0.0,1,3,3.0,2.0,1.4177693761814842,0.9451795841209895,0.0,0.0,88.76045819356607
2457,PE-20,7.961,8.073,COSTA,0.1120000000000001,0.0,0.0,4.0,10.0,0,0,4.0,10.0,35.71428571428568,89.2857142857142,0.0,0.0,27.829990794861803
2458,PE-3N,1048.976,1051.189,SIERRA,2.2129999999999654,3.0,3.0,0.0,0.0,1,3,4.0,3.0,1.8075011296882342,1.3556258472661757,0.0,0.0,60.64632317293825
2459,PE-18C,86.783,226.783,SELVA,140.0,0.0,0.0,0.0,0.0,0,0,0.0,0.0,0.0,0.0,0.0,0.0,311.0169825325918
2460,PE-1NS,0.0,7.428,COSTA,7.428,3.0,3.0,0.0,0.0,0,0,3.0,3.0,0.4038772213247173,0.4038772213247173,0.0,0.0,3.968824363658166
2461,PE-02C,0.0,4.832,COSTA,4.832,1.0,1.0,0.0,0.0,0,0,1.0,1.0,0.20695364238410596,0.20695364238410596,0.0,0.0,22.15777899976117
2462,PE-02C,4.832,7.197,COSTA,2.365,0.0,0.0,0.0,0.0,0,0,0.0,0.0,0.0,0.0,0.0,0.0,23.39355909855261
2463,PE-08,48.8,49.1,COSTA,0.30000000000000426,0.0,0.0,0.0,0.0,1,2,1.0,0.0,3.333333333333286,0.0,0.0,0.0,36.32183724509044
2464,PE-36B,11.387,13.407,SIERRA,2.0199999999999996,0.0,0.0,2.0,0.0,1,2,3.0,0.0,1.4851485148514854,0.0,0.0,0.0,36.22630527013534
2465,PE-32A,300.994,302.84,SIERRA,1.8459999999999468,0.0,0.0,0.0,0.0,0,0,0.0,0.0,0.0,0.0,0.0,0.0,41.56499073877836
2466,PE-1S,793.651,794.113,COSTA,0.4620000000001028,0.0,0.0,1.0,0.0,1,3,2.0,0.0,4.329004329003366,0.0,0.0,0.0,42.74677175563858
2467,PE-1S,479.93,480.613,COSTA,0.6829999999999927,0.0,0.0,0.0,0.0,2,4,2.0,0.0,2.9282576866764587,0.0,0.0,0.0,26.43651726826524
2468,PE-1S,431.532,431.918,COSTA,0.3860000000000241,0.0,0.0,2.0,0.0,1,2,3.0,0.0,7.772020725388116,0.0,0.0,0.0,5.351221800122215
2469,PE-1S,459.546,459.928,COSTA,0.382000000000005,0.0,0.0,0.0,0.0,1,2,1.0,0.0,2.6178010471203845,0.0,0.0,0.0,15.349912537513902
2470,PE-1S,12.637,14.27,COSTA,1.6329999999999991,11.0,11.0,5.0,10000.0,5,10,21.0,10011.0,12.859767299448874,6130.434782608699,0.0,0.0,48.682409743674285
2471,PE-1S,20.144,21.526,COSTA,1.3820000000000014,6.0,6.0,7.0,0.0,4,8,17.0,6.0,12.301013024602014,4.341534008683063,0.0,0.0,42.383928079154
2472,PE-1S,4.088,6.152,COSTA,2.064,17.0,17.0,2.0,1.0,6,12,25.0,18.0,12.112403100775193,8.720930232558139,0.0,0.0,43.17176149966738
2473,PE-08B,511.45,521.45,SELVA,10.000000000000057,0.0,0.0,0.0,0.0,0,0,0.0,0.0,0.0,0.0,0.0,0.0,34.618834218358735
2474,PE-18A,54.825,55.085,SIERRA,0.259999999999998,0.0,0.0,0.0,0.0,0,0,0.0,0.0,0.0,0.0,0.0,0.0,53.15275204228663
2475,PE-08C,27.051,28.997,SELVA,1.9460000000000015,0.0,0.0,3.0,0.0,0,0,3.0,0.0,1.541623843782116,0.0,0.0,0.0,11.558284178435883
2476,PE-1SF,2.651,8.428,COSTA,5.777000000000001,0.0,0.0,0.0,0.0,0,0,0.0,0.0,0.0,0.0,0.0,0.0,38.165791292567526
2477,PE-24A,196.659,205.208,SELVA,8.549000000000007,0.0,0.0,0.0,0.0,0,0,0.0,0.0,0.0,0.0,0.0,0.0,81.76961166067132
2478,PE-1NG,26.193,27.245,COSTA,1.0519999999999996,0.0,0.0,1.0,1.0,0,0,1.0,1.0,0.9505703422053235,0.9505703422053235,0.0,0.0,15.200378884474384
2479,PE-1NÑ,3.228,15.0,COSTA,11.772,0.0,0.0,0.0,0.0,0,0,0.0,0.0,0.0,0.0,0.0,0.0,66.55375282420955
2480,PE-34E,34.313,36.893,SIERRA,2.5799999999999983,0.0,0.0,1.0,0.0,0,0,1.0,0.0,0.38759689922480645,0.0,0.0,0.0,30.915384878387503
2481,PE-18,118.978,119.546,SIERRA,0.568000000000012,0.0,0.0,0.0,0.0,0,0,0.0,0.0,0.0,0.0,0.0,0.0,72.59471469190154
2482,PE-18B,60.418,60.978,SIERRA,0.5600000000000023,0.0,0.0,0.0,0.0,0,0,0.0,0.0,0.0,0.0,0.0,0.0,46.50658508287496
2483,PE-22B,82.484,82.854,SELVA,0.37000000000000455,1.0,1.0,4.0,0.0,0,0,5.0,1.0,13.513513513513347,2.7027027027026693,0.0,0.0,6.662125341196302
2484,PE-30D,203.529,204.256,SIERRA,0.7270000000000039,0.0,0.0,0.0,0.0,0,0,0.0,0.0,0.0,0.0,0.0,0.0,61.84355676002224
2485,PE-30D,219.177,220.205,SIERRA,1.02800000000002,0.0,0.0,0.0,0.0,0,0,0.0,0.0,0.0,0.0,0.0,0.0,49.6549418347805
2486,PE-30D,9.997,11.122,SIERRA,1.125,0.0,0.0,0.0,0.0,0,0,0.0,0.0,0.0,0.0,0.0,0.0,40.41937101923273
2487,PE-30D,191.409,192.874,SIERRA,1.4650000000000034,0.0,0.0,0.0,0.0,0,0,0.0,0.0,0.0,0.0,0.0,0.0,67.86446714532896
2488,PE-30D,192.874,194.488,SIERRA,1.6140000000000043,0.0,0.0,0.0,0.0,0,0,0.0,0.0,0.0,0.0,0.0,0.0,67.24495187957521
2489,PE-30D,0.0,0.961,SIERRA,0.961,1.0,1.0,3.0,0.0,0,0,4.0,1.0,4.162330905306972,1.040582726326743,0.0,0.0,36.642103984058345
2490,PE-30D,201.192,201.928,SIERRA,0.73599999999999,0.0,0.0,0.0,0.0,0,0,0.0,0.0,0.0,0.0,0.0,0.0,63.75204727732141
2491,PE-30D,201.928,202.659,SIERRA,0.7309999999999945,1.0,1.0,0.0,0.0,0,0,1.0,1.0,1.3679890560875616,1.3679890560875616,0.0,0.0,63.39028308052458
2492,PE-30D,200.036,201.192,SIERRA,1.156000000000006,0.0,0.0,0.0,0.0,0,0,0.0,0.0,0.0,0.0,0.0,0.0,64.18177601788965
2493,PE-30D,244.012,245.811,SIERRA,1.7990000000000066,0.0,0.0,0.0,0.0,0,0,0.0,0.0,0.0,0.0,0.0,0.0,42.73849798481598
2494,PE-30D,194.488,194.972,SIERRA,0.48400000000000887,0.0,0.0,0.0,0.0,0,0,0.0,0.0,0.0,0.0,0.0,0.0,66.84916712489719
2495,PE-20,8.073,10.961,COSTA,2.888,1.0,1.0,0.0,0.0,0,0,1.0,1.0,0.3462603878116344,0.3462603878116344,0.0,0.0,29.28961724954538
2496,PE-16A,0.0,0.99,COSTA,0.99,0.0,0.0,5.0,100.0,0,0,5.0,100.0,5.05050505050505,101.01010101010101,0.0,0.0,12.337611292068566
2497,PE-16A,206.954,207.414,SIERRA,0.45999999999997954,0.0,0.0,0.0,0.0,0,0,0.0,0.0,0.0,0.0,0.0,0.0,83.29434875193687
2498,PE-16A,206.309,206.954,SIERRA,0.6450000000000102,1.0,2.0,0.0,0.0,0,0,1.0,2.0,1.5503875968992002,3.1007751937984005,0.0,0.0,83.81032608589098
2499,PE-16A,205.848,206.309,SIERRA,0.4609999999999843,0.0,0.0,0.0,0.0,0,0,0.0,0.0,0.0,0.0,0.0,0.0,84.29793599077088
2500,PE-3N,365.53,367.199,SIERRA,1.6690000000000396,0.0,0.0,0.0,0.0,1,2,1.0,0.0,0.5991611743558876,0.0,0.0,0.0,65.97400191763231
2501,PE-30C,243.089,243.314,SELVA,0.22499999999999432,0.0,0.0,0.0,0.0,0,0,0.0,0.0,0.0,0.0,0.0,0.0,30.12535573917658
2502,PE-3N,367.827,369.474,SIERRA,1.6469999999999914,0.0,0.0,0.0,0.0,1,2,1.0,0.0,0.6071645415907743,0.0,0.0,0.0,64.84728015373692
2503,PE-3SG,271.623,272.987,SIERRA,1.3640000000000327,1.0,2.0,0.0,0.0,0,0,1.0,2.0,0.7331378299120058,1.4662756598240116,0.0,0.0,51.020761910153
2504,PE-3SG,242.863,243.668,SIERRA,0.8050000000000068,0.0,0.0,2.0,0.0,0,0,2.0,0.0,2.48447204968942,0.0,0.0,0.0,51.327515408060506
2505,PE-12B,106.339,106.539,SELVA,0.20000000000000284,0.0,0.0,0.0,0.0,0,0,0.0,0.0,0.0,0.0,0.0,0.0,140.1271947868786
2506,PE-30C,429.26,429.791,SELVA,0.5310000000000059,0.0,0.0,0.0,0.0,0,0,0.0,0.0,0.0,0.0,0.0,0.0,31.46434518694117
2507,PE-1N,1178.129,1180.456,COSTA,2.326999999999998,1.0,1.0,0.0,0.0,9,32,10.0,1.0,4.29737859905458,0.429737859905458,0.0,0.0,21.543376336218323
2508,PE-1NF,70.597,71.618,SIERRA,1.0210000000000008,0.0,0.0,0.0,0.0,0,0,0.0,0.0,0.0,0.0,0.0,0.0,55.85454994894857
2509,PE-3SG,212.512,225.421,SIERRA,12.908999999999992,0.0,0.0,0.0,0.0,0,0,0.0,0.0,0.0,0.0,0.0,0.0,56.94295428307949
2510,PE-20C,49.897,50.514,SIERRA,0.6170000000000044,0.0,0.0,0.0,0.0,0,0,0.0,0.0,0.0,0.0,0.0,0.0,8.155481537045448
2511,PE-08A,61.733,62.914,SIERRA,1.1810000000000045,0.0,0.0,3.0,0.0,2,3,5.0,0.0,4.233700254021999,0.0,0.0,0.0,97.31234517597562
2512,PE-1NJ,254.688,256.23,COSTA,1.54200000000003,1.0,1.0,1.0,2.0,0,0,2.0,3.0,1.2970168612191706,1.945525291828756,0.0,0.0,10.263818723678757
2513,PE-30C,222.902,223.188,SELVA,0.28600000000000136,0.0,0.0,0.0,0.0,0,0,0.0,0.0,0.0,0.0,0.0,0.0,29.90379056197852
2514,PE-18,18.303,20.311,COSTA,2.007999999999999,1.0,1.0,0.0,0.0,0,0,1.0,1.0,0.49800796812749026,0.49800796812749026,0.0,0.0,28.710686798742053
2515,PE-36B,56.911,59.411,SIERRA,2.5,0.0,0.0,2.0,0.0,2,2,4.0,0.0,1.6,0.0,0.0,0.0,47.93860388116694
2516,PE-14A,20.202,22.81,SIERRA,2.607999999999997,0.0,0.0,0.0,0.0,0,0,0.0,0.0,0.0,0.0,0.0,0.0,41.53030589594856
2517,PE-36A,95.05,97.94,SIERRA,2.8900000000000006,0.0,0.0,0.0,0.0,2,1,2.0,0.0,0.6920415224913493,0.0,0.0,0.0,18.38940865824644
2518,PE-30C,215.51,215.852,SELVA,0.34200000000001296,0.0,0.0,0.0,0.0,0,0,0.0,0.0,0.0,0.0,0.0,0.0,26.016205806054
2519,PE-5NB,88.161,89.766,SELVA,1.605000000000004,0.0,0.0,0.0,0.0,0,0,0.0,0.0,0.0,0.0,0.0,0.0,27.835945038000723
2520,PE-28D,68.844,69.481,SIERRA,0.6370000000000005,0.0,0.0,0.0,0.0,0,0,0.0,0.0,0.0,0.0,0.0,0.0,42.2268145210622
2521,PE-3N,2.714,3.786,SIERRA,1.072,0.0,0.0,2.0,0.0,1,1,3.0,0.0,2.798507462686567,0.0,0.0,0.0,7.136124097331845
2522,PE-36B,59.411,61.03,SIERRA,1.6189999999999998,0.0,0.0,0.0,0.0,1,1,1.0,0.0,0.6176652254478073,0.0,0.0,0.0,49.35081078210421
2523,PE-30C,149.701,150.127,SELVA,0.42600000000001614,0.0,0.0,0.0,0.0,0,0,0.0,0.0,0.0,0.0,0.0,0.0,25.04492922374521
2524,PE-30C,225.388,225.739,SELVA,0.3509999999999991,0.0,0.0,0.0,0.0,0,0,0.0,0.0,0.0,0.0,0.0,0.0,31.841610475534186
2525,PE-04B,18.151,18.615,SIERRA,0.46399999999999864,0.0,0.0,0.0,0.0,0,0,0.0,0.0,0.0,0.0,0.0,0.0,9.152098005757988
2526,PE-18,132.763,134.381,SIERRA,1.617999999999995,0.0,0.0,0.0,0.0,0,0,0.0,0.0,0.0,0.0,0.0,0.0,81.87472474048101
2527,PE-3N,500.69,501.911,SIERRA,1.2210000000000036,0.0,0.0,0.0,0.0,1,2,1.0,0.0,0.8190008190008166,0.0,0.0,0.0,29.72319922805516
2528,PE-36B,17.641,20.472,SIERRA,2.831000000000003,1.0,1.0,0.0,0.0,2,2,3.0,1.0,1.0596962204168128,0.3532320734722709,0.0,0.0,41.23929102638801
2529,PE-30C,167.055,167.735,SELVA,0.6800000000000068,0.0,0.0,0.0,0.0,0,0,0.0,0.0,0.0,0.0,0.0,0.0,13.019400432750755
2530,PE-30C,179.247,180.048,SELVA,0.8009999999999877,0.0,0.0,0.0,0.0,0,0,0.0,0.0,0.0,0.0,0.0,0.0,2.157588036429793
2531,PE-5NA,120.029,120.42,SELVA,0.39100000000000534,0.0,0.0,0.0,0.0,0,0,0.0,0.0,0.0,0.0,0.0,0.0,71.56457905124817
2532,PE-04C,0.0,0.673,SELVA,0.673,0.0,0.0,0.0,0.0,0,1,0.0,0.0,0.0,0.0,0.0,0.0,42.04482770685488
2533,PE-22,74.416,75.92,SIERRA,1.5040000000000049,0.0,0.0,3.0,0.0,0,0,3.0,0.0,1.9946808510638232,0.0,0.0,0.0,21.43774605253398
2534,PE-30C,172.375,173.0,SELVA,0.625,0.0,0.0,0.0,0.0,0,0,0.0,0.0,0.0,0.0,0.0,0.0,8.268456755107394
2535,PE-30C,429.203,429.26,SELVA,0.05700000000001637,0.0,0.0,0.0,0.0,0,0,0.0,0.0,0.0,0.0,0.0,0.0,32.19434777313148
2536,PE-3N,771.856,778.304,SIERRA,6.447999999999979,0.0,0.0,0.0,0.0,4,8,4.0,0.0,0.6203473945409449,0.0,0.0,0.0,69.48431284534409
2537,PE-3N,477.317,487.534,SIERRA,10.216999999999985,0.0,0.0,0.0,0.0,7,13,7.0,0.0,0.6851326221004219,0.0,0.0,0.0,35.26782837038263
2538,PE-3N,1789.242,1789.256,SIERRA,0.014000000000123691,0.0,0.0,0.0,0.0,0,0,0.0,0.0,0.0,0.0,0.0,0.0,39.88273094577083
2539,PE-3N,969.802,984.516,SIERRA,14.713999999999942,0.0,0.0,0.0,0.0,10,18,10.0,0.0,0.6796248470844121,0.0,0.0,0.0,78.72943906615671
2540,PE-1NI,46.595,46.797,COSTA,0.20199999999999818,1.0,1.0,0.0,0.0,0,0,1.0,1.0,4.950495049504995,4.950495049504995,0.0,0.0,26.071590246486405
2541,PE-30C,158.145,158.955,SELVA,0.8100000000000023,0.0,0.0,0.0,0.0,0,0,0.0,0.0,0.0,0.0,0.0,0.0,19.80182524012889
2542,PE-3N,891.979,893.743,SIERRA,1.76400000000001,0.0,0.0,0.0,0.0,1,2,1.0,0.0,0.566893424036278,0.0,0.0,0.0,96.1670514155374
2543,PE-08B,367.204,368.604,SELVA,1.3999999999999773,0.0,0.0,0.0,0.0,0,0,0.0,0.0,0.0,0.0,0.0,0.0,47.225628747558765
2544,PE-06B,57.219,57.898,SIERRA,0.679000000000002,0.0,0.0,1.0,0.0,0,0,1.0,0.0,1.4727540500736334,0.0,0.0,0.0,57.934532423212985
2545,PE-3N,833.786,834.473,SIERRA,0.6870000000000118,0.0,0.0,0.0,0.0,0,1,0.0,0.0,0.0,0.0,0.0,0.0,83.66465992910416
2546,PE-3N,71.966,73.085,SIERRA,1.1189999999999998,0.0,0.0,6.0,0.0,1,1,7.0,0.0,6.255585344057195,0.0,0.0,0.0,50.78155996908274
2547,PE-24,105.774,106.846,SIERRA,1.0720000000000027,0.0,0.0,0.0,0.0,0,0,0.0,0.0,0.0,0.0,0.0,0.0,53.02316553393004
2548,PE-36A,211.893,213.561,SIERRA,1.6680000000000064,0.0,0.0,1.0,0.0,1,1,2.0,0.0,1.1990407673860866,0.0,0.0,0.0,33.42230358012441
2549,PE-1N,1284.118,1285.501,COSTA,1.3830000000000382,0.0,0.0,0.0,0.0,5,19,5.0,0.0,3.6153289949384395,0.0,0.0,0.0,71.22314355779375
2550,PE-1N,74.805,77.772,COSTA,2.9669999999999987,8.0,15.0,19.0,10000.0,11,41,38.0,10015.0,12.80754971351534,3375.4634310751617,0.0,0.0,17.49309691850322
2551,PE-3N,21.601,22.858,SIERRA,1.2570000000000014,0.0,0.0,7.0,0.0,1,2,8.0,0.0,6.36435958631662,0.0,0.0,0.0,8.681883182660718
2552,PE-1N,77.772,82.699,COSTA,4.9269999999999925,12.0,12.0,9.0,100.0,18,68,39.0,112.0,7.915567282321912,22.731885528719335,0.0,0.0,21.190267223170256
2553,PE-1NJ,85.597,86.623,COSTA,1.0260000000000105,0.0,0.0,4.0,0.0,0,0,4.0,0.0,3.8986354775828063,0.0,0.0,0.0,6.937820725631496
2554,PE-26,81.05,82.121,SIERRA,1.070999999999998,0.0,0.0,0.0,0.0,0,0,0.0,0.0,0.0,0.0,0.0,0.0,43.2831385761064
2555,PE-34A,112.513,114.063,SIERRA,1.5499999999999972,0.0,0.0,0.0,0.0,6,7,6.0,0.0,3.870967741935491,0.0,0.0,0.0,0.8834603145184357
2556,PE-1N,732.649,735.458,COSTA,2.808999999999969,2.0,3.0,12.0,12.0,10,39,24.0,15.0,8.543965824136798,5.339978640085499,0.0,0.0,12.31738305249864
2557,PE-12A,176.62,177.024,SIERRA,0.40399999999999636,0.0,0.0,0.0,0.0,0,0,0.0,0.0,0.0,0.0,0.0,0.0,144.11504891874995
2558,PE-36A,289.344,294.15,SIERRA,4.805999999999983,2.0,2.0,0.0,0.0,4,2,6.0,2.0,1.248439450686646,0.41614648356221534,0.0,0.0,9.289714642309333
2559,PE-3SC,0.0,0.803,SIERRA,0.803,2.0,2.0,0.0,0.0,0,0,2.0,2.0,2.4906600249066,2.4906600249066,0.0,0.0,9.468589120200114
2560,PE-36B,128.255,130.444,SIERRA,2.188999999999993,0.0,0.0,0.0,0.0,1,2,1.0,0.0,0.4568296025582472,0.0,0.0,0.0,37.61706040013283
2561,PE-1N,70.95,74.805,COSTA,3.855000000000004,4.0,5.0,27.0,1.000000000001e+23,14,53,45.0,1.000000000001e+23,11.673151750972751,2.594033722440983e+22,0.0,0.0,16.092551391107143
2562,PE-3N,841.061,841.925,SIERRA,0.863999999999919,0.0,0.0,0.0,0.0,1,1,1.0,0.0,1.1574074074075158,0.0,0.0,0.0,88.02973885827679
2563,PE-30C,225.739,226.02,SELVA,0.2810000000000059,0.0,0.0,0.0,0.0,0,0,0.0,0.0,0.0,0.0,0.0,0.0,31.658534121239235
2564,PE-5NA,43.196,43.953,SELVA,0.757000000000005,0.0,0.0,0.0,0.0,0,0,0.0,0.0,0.0,0.0,0.0,0.0,62.69805950494097
2565,PE-3N,338.333,339.525,SIERRA,1.1919999999999504,0.0,0.0,0.0,0.0,1,1,1.0,0.0,0.8389261744966792,0.0,0.0,0.0,78.61669874074418
2566,PE-3N,285.245,286.216,SIERRA,0.9710000000000036,0.0,0.0,0.0,0.0,1,1,1.0,0.0,1.0298661174047334,0.0,0.0,0.0,45.99577976796033
2567,PE-3N,387.97,388.678,SIERRA,0.70799999999997,1.0,2.0,1.0,0.0,0,1,2.0,2.0,2.8248587570622665,2.8248587570622665,0.0,0.0,50.65678916886684
2568,PE-3N,833.386,833.786,SIERRA,0.39999999999997726,0.0,0.0,0.0,0.0,0,0,0.0,0.0,0.0,0.0,0.0,0.0,83.15185912445335
2569,PE-22,76.448,77.173,SIERRA,0.7250000000000085,0.0,0.0,6.0,0.0,0,0,6.0,0.0,8.27586206896542,0.0,0.0,0.0,22.92915998363468
2570,PE-3N,842.537,842.965,SIERRA,0.42799999999999727,1.0,1.0,0.0,0.0,0,1,1.0,1.0,2.336448598130856,2.336448598130856,0.0,0.0,88.66706292994586
2571,PE-3N,374.861,376.364,SIERRA,1.502999999999986,0.0,0.0,0.0,0.0,1,2,1.0,0.0,0.6653359946773183,0.0,0.0,0.0,58.876976537631606
2572,PE-36B,67.081,69.505,SIERRA,2.4239999999999924,0.0,0.0,0.0,0.0,2,2,2.0,0.0,0.8250825082508276,0.0,0.0,0.0,53.75103481915363
2573,PE-24,8.862,10.5,COSTA,1.638,0.0,0.0,0.0,0.0,0,0,0.0,0.0,0.0,0.0,0.0,0.0,11.863055306146697
2574,PE-18,107.313,107.854,SIERRA,0.5409999999999968,0.0,0.0,0.0,0.0,0,0,0.0,0.0,0.0,0.0,0.0,0.0,63.46293112655648
2575,PE-30C,258.174,258.861,SELVA,0.6870000000000118,0.0,0.0,1.0,0.0,0,0,1.0,0.0,1.4556040756913868,0.0,0.0,0.0,40.45972839051195
2576,PE-3N,334.689,335.803,SIERRA,1.113999999999976,0.0,0.0,0.0,0.0,1,1,1.0,0.0,0.8976660682226406,0.0,0.0,0.0,77.05612517873925
2577,PE-36A,19.515,21.036,SIERRA,1.5210000000000008,0.0,0.0,2.0,0.0,1,1,3.0,0.0,1.9723865877712021,0.0,0.0,0.0,15.712652260396403
2578,PE-1N,218.244,219.079,COSTA,0.835000000000008,0.0,0.0,5.0,0.0,3,12,8.0,0.0,9.580838323353202,0.0,0.0,0.0,0.8046353211138539
2579,PE-3N,853.268,854.109,SIERRA,0.8410000000000082,0.0,0.0,0.0,0.0,1,1,1.0,0.0,1.1890606420927352,0.0,0.0,0.0,92.55118502512433
2580,PE-30C,220.568,220.873,SELVA,0.3049999999999784,0.0,0.0,0.0,0.0,0,0,0.0,0.0,0.0,0.0,0.0,0.0,28.504596045646327
2581,PE-3SG,240.856,241.286,SIERRA,0.4300000000000068,0.0,0.0,0.0,0.0,0,0,0.0,0.0,0.0,0.0,0.0,0.0,53.07822616349297
2582,PE-5NA,122.923,123.538,SELVA,0.6149999999999949,0.0,0.0,0.0,0.0,0,0,0.0,0.0,0.0,0.0,0.0,0.0,71.01052337838965
2583,PE-3N,859.784,860.585,SIERRA,0.8010000000000446,0.0,0.0,0.0,0.0,1,1,1.0,0.0,1.2484394506865721,0.0,0.0,0.0,93.05066922051462
2584,PE-30,30.806,31.164,COSTA,0.35800000000000054,0.0,0.0,0.0,0.0,1,1,1.0,0.0,2.793296089385471,0.0,0.0,0.0,0.132392442635836
2585,PE-3N,580.494,580.761,SIERRA,0.26699999999993906,0.0,0.0,0.0,0.0,0,0,0.0,0.0,0.0,0.0,0.0,0.0,41.69762489639097
2586,PE-1N,1049.914,1051.183,COSTA,1.2690000000000055,0.0,0.0,0.0,0.0,5,18,5.0,0.0,3.9401103230890295,0.0,0.0,0.0,26.38251338729773
2587,PE-20C,66.627,68.708,SIERRA,2.081000000000003,1.0,3.0,0.0,0.0,0,0,1.0,3.0,0.4805382027871209,1.4416146083613626,0.0,0.0,23.667814302429047
2588,PE-5NA,123.538,124.653,SELVA,1.115000000000009,0.0,0.0,0.0,0.0,0,0,0.0,0.0,0.0,0.0,0.0,0.0,71.312169979144
2589,PE-3N,387.127,387.97,SIERRA,0.8430000000000177,0.0,0.0,0.0,0.0,1,1,1.0,0.0,1.1862396204032966,0.0,0.0,0.0,51.1859818866308
2590,PE-36B,15.697,16.996,SIERRA,1.2989999999999995,0.0,0.0,0.0,0.0,1,1,1.0,0.0,0.7698229407236339,0.0,0.0,0.0,38.91643896193183
2591,PE-34I,47.094,48.115,SIERRA,1.0210000000000008,0.0,0.0,0.0,0.0,0,0,0.0,0.0,0.0,0.0,0.0,0.0,81.22098643716453
2592,PE-12A,315.467,316.415,SELVA,0.9480000000000359,0.0,0.0,0.0,0.0,0,0,0.0,0.0,0.0,0.0,0.0,0.0,188.80596892771663
2593,PE-34I,65.356,65.909,SIERRA,0.5530000000000115,0.0,0.0,0.0,0.0,0,0,0.0,0.0,0.0,0.0,0.0,0.0,72.56756012163237
2594,PE-3N,1558.321,1559.844,SELVA,1.5230000000001382,0.0,0.0,0.0,0.0,1,2,1.0,0.0,0.6565988181220678,0.0,0.0,0.0,32.25470757739159
2595,PE-3N,784.046,784.47,SIERRA,0.42399999999997817,0.0,0.0,0.0,0.0,0,1,0.0,0.0,0.0,0.0,0.0,0.0,73.90977447621786
2596,PE-30C,166.125,166.461,SELVA,0.33600000000001273,0.0,0.0,0.0,0.0,0,0,0.0,0.0,0.0,0.0,0.0,0.0,14.076314242893709
2597,PE-34A,124.47,128.84,SIERRA,4.3700000000000045,1.0,1.0,5.0,0.0,16,20,22.0,1.0,5.0343249427917565,0.22883295194507985,0.0,0.0,11.927993796197203
2598,PE-3SG,271.053,271.623,SIERRA,0.5699999999999932,0.0,0.0,0.0,0.0,0,0,0.0,0.0,0.0,0.0,0.0,0.0,50.45342693714762
2599,PE-3N,1490.59,1491.207,SIERRA,0.6170000000001892,1.0,1.0,0.0,0.0,0,1,1.0,1.0,1.6207455429492599,1.6207455429492599,0.0,0.0,69.47399879068752
2600,PE-08,174.921,176.28,SIERRA,1.3590000000000089,0.0,0.0,0.0,0.0,6,10,6.0,0.0,4.415011037527565,0.0,0.0,0.0,100.442520943988
2601,PE-3N,1436.988,1437.261,SIERRA,0.27299999999991087,0.0,0.0,0.0,0.0,0,0,0.0,0.0,0.0,0.0,0.0,0.0,83.10894427335042
2602,PE-3N,1265.217,1266.229,SIERRA,1.0119999999999436,2.0,2.0,0.0,0.0,1,1,3.0,2.0,2.9644268774705207,1.9762845849803472,0.0,0.0,101.41498466993286
2603,PE-36B,126.75,128.17,SIERRA,1.4199999999999875,0.0,0.0,0.0,0.0,1,1,1.0,0.0,0.7042253521126822,0.0,0.0,0.0,38.1526110373471
2604,PE-38,209.803,227.857,SIERRA,18.054000000000002,1.0,1.0,0.0,0.0,0,0,1.0,1.0,0.05538938739337542,0.05538938739337542,0.0,0.0,34.50470652482121
2605,PE-3N,1422.566,1423.426,SIERRA,0.8599999999999,0.0,0.0,0.0,0.0,1,1,1.0,0.0,1.162790697674554,0.0,0.0,0.0,90.27033058749072
2606,PE-3N,1102.439,1103.459,SIERRA,1.0199999999999818,0.0,0.0,0.0,0.0,1,1,1.0,0.0,0.9803921568627626,0.0,0.0,0.0,91.83670327661228
2607,PE-3N,1140.673,1141.065,SIERRA,0.39200000000005275,0.0,0.0,0.0,0.0,0,0,0.0,0.0,0.0,0.0,0.0,0.0,97.3279275880865
2608,PE-3N,897.926,908.098,SIERRA,10.171999999999912,0.0,0.0,0.0,0.0,7,13,7.0,0.0,0.6881635863153815,0.0,0.0,0.0,98.66280367767912
2609,PE-1N,1048.691,1049.914,COSTA,1.2229999999999563,0.0,0.0,0.0,0.0,5,17,5.0,0.0,4.088307440719688,0.0,0.0,0.0,25.838446912255858
2610,PE-3N,854.109,859.784,SIERRA,5.6749999999999545,0.0,0.0,0.0,0.0,4,7,4.0,0.0,0.7048458149779793,0.0,0.0,0.0,93.39684633516032
2611,PE-3N,1288.698,1289.483,SIERRA,0.7849999999998545,0.0,0.0,0.0,0.0,1,1,1.0,0.0,1.2738853503187075,0.0,0.0,0.0,101.2790384573553
2612,PE-3N,330.046,331.041,SIERRA,0.9950000000000045,0.0,0.0,0.0,0.0,1,1,1.0,0.0,1.0050251256281362,0.0,0.0,0.0,72.62887681412626
2613,PE-30C,242.625,243.088,SELVA,0.46299999999999386,0.0,0.0,0.0,0.0,0,0,0.0,0.0,0.0,0.0,0.0,0.0,29.91120826161334
2614,PE-3SC,13.267,13.974,SIERRA,0.7070000000000007,0.0,0.0,0.0,0.0,0,0,0.0,0.0,0.0,0.0,0.0,0.0,6.705868336112368
2615,PE-3N,150.051,151.092,SIERRA,1.0410000000000252,1.0,1.0,0.0,0.0,1,1,2.0,1.0,1.9212295869355922,0.9606147934677961,0.0,0.0,47.359757482383735
2616,PE-3N,834.789,835.763,SIERRA,0.9740000000000464,0.0,0.0,0.0,0.0,1,1,1.0,0.0,1.026694045174489,0.0,0.0,0.0,84.45928919617327
2617,PE-3N,500.141,500.622,SIERRA,0.48099999999999454,1.0,1.0,0.0,0.0,0,1,1.0,1.0,2.0790020790021027,2.0790020790021027,0.0,0.0,29.844575129082205
2618,PE-14A,99.16,99.161,SIERRA,0.0010000000000047748,0.0,0.0,0.0,0.0,0,0,0.0,0.0,0.0,0.0,0.0,0.0,72.8417235290096
2619,PE-3N,1023.732,1025.776,SIERRA,2.0440000000000964,0.0,0.0,0.0,0.0,1,3,1.0,0.0,0.48923679060663056,0.0,0.0,0.0,64.3974391748018
2620,PE-3N,259.698,285.245,SIERRA,25.547000000000025,2.0,2.0,2.0,0.0,17,32,21.0,2.0,0.8220143265354045,0.07828707871765757,0.0,0.0,41.90014190201248
2621,PE-3N,435.108,445.083,SIERRA,9.975000000000023,0.0,0.0,0.0,0.0,7,12,7.0,0.0,0.7017543859649107,0.0,0.0,0.0,33.80853278369791
2622,PE-3N,1347.257,1348.821,SIERRA,1.5639999999998508,0.0,0.0,0.0,0.0,1,2,1.0,0.0,0.639386189258373,0.0,0.0,0.0,89.5349723763465
2623,PE-3N,966.55,969.802,SIERRA,3.2520000000000664,0.0,0.0,0.0,0.0,2,4,2.0,0.0,0.6150061500614881,0.0,0.0,0.0,82.81604401769452
2624,PE-3N,1433.758,1436.919,SIERRA,3.161000000000058,0.0,0.0,0.0,0.0,2,4,2.0,0.0,0.6327111673520921,0.0,0.0,0.0,84.5752464695691
2625,PE-24,265.295,266.122,SIERRA,0.8269999999999982,1.0,1.0,1.0,0.0,0,0,2.0,1.0,2.4183796856106463,1.2091898428053232,0.0,0.0,27.99028617085201
2626,PE-18C,80.842,81.542,SELVA,0.7000000000000028,0.0,0.0,0.0,0.0,0,0,0.0,0.0,0.0,0.0,0.0,0.0,264.3457967962987
2627,PE-18,42.272,43.148,SIERRA,0.8760000000000048,0.0,0.0,1.0,0.0,0,0,1.0,0.0,1.141552511415519,0.0,0.0,0.0,34.611170014583976
2628,PE-3N,1774.287,1774.687,SELVA,0.3999999999998636,0.0,0.0,0.0,0.0,0,0,0.0,0.0,0.0,0.0,0.0,0.0,33.046990854491696
2629,PE-30C,257.661,258.174,SELVA,0.5129999999999768,0.0,0.0,1.0,1.0,0,0,1.0,1.0,1.949317738791511,1.949317738791511,0.0,0.0,39.87076621159027
2630,PE-3N,53.017,65.561,SIERRA,12.544000000000004,3.0,3.0,10.0,20000001.0,8,16,21.0,20000004.0,1.6741071428571423,1594388.0739795913,0.0,0.0,38.49079475021023
2631,PE-3N,1293.932,1305.137,SIERRA,11.204999999999927,1.0,1.0,0.0,0.0,8,14,9.0,1.0,0.8032128514056277,0.08924587237840308,0.0,0.0,99.7483131841531
2632,PE-18,266.066,268.451,SIERRA,2.3850000000000477,0.0,0.0,0.0,0.0,0,0,0.0,0.0,0.0,0.0,0.0,0.0,15.804670818358698
2633,PE-34I,64.864,65.356,SIERRA,0.4919999999999902,0.0,0.0,0.0,0.0,0,0,0.0,0.0,0.0,0.0,0.0,0.0,72.94997762665021
2634,PE-38,89.873,91.293,SIERRA,1.4200000000000017,1.0,1.0,0.0,0.0,0,0,1.0,1.0,0.7042253521126752,0.7042253521126752,0.0,0.0,67.57806410071017
2635,PE-3SB,39.355,40.063,SIERRA,0.7080000000000055,0.0,0.0,0.0,0.0,0,0,0.0,0.0,0.0,0.0,0.0,0.0,13.434168716900096
2636,PE-24,282.71,283.378,SIERRA,0.6680000000000064,1.0,1.0,0.0,0.0,0,0,1.0,1.0,1.497005988023938,1.497005988023938,0.0,0.0,15.059785565110063
2637,PE-24,129.252,138.682,SIERRA,9.429999999999978,0.0,0.0,0.0,0.0,0,0,0.0,0.0,0.0,0.0,0.0,0.0,72.12249164516743
2638,PE-24,254.608,256.196,SIERRA,1.5880000000000223,0.0,0.0,2.0,1.0,0,0,2.0,1.0,1.2594458438286977,0.6297229219143489,0.0,0.0,34.15361526606231
2639,PE-34F,102.869,105.152,SIERRA,2.2830000000000013,2.0,2.0,0.0,0.0,0,0,2.0,2.0,0.8760402978537007,0.8760402978537007,0.0,0.0,59.6058328766336
2640,PE-3N,1001.745,1005.621,SIERRA,3.8759999999999764,1.0,1.0,0.0,0.0,3,5,4.0,1.0,1.0319917440660538,0.25799793601651344,0.0,0.0,73.34855972729862
2641,PE-24,195.108,205.334,SIERRA,10.225999999999999,0.0,0.0,0.0,0.0,0,0,0.0,0.0,0.0,0.0,0.0,0.0,49.94128018230446
2642,PE-24,53.326,54.662,COSTA,1.3359999999999985,0.0,0.0,0.0,0.0,0,0,0.0,0.0,0.0,0.0,0.0,0.0,23.93077421003024
2643,PE-3N,1226.853,1234.775,SIERRA,7.9220000000000255,3.0,3.0,0.0,0.0,5,10,8.0,3.0,1.0098459984852277,0.3786922494319604,0.0,0.0,107.21668549699392
2644,PE-10C,32.414,33.407,SIERRA,0.992999999999995,0.0,0.0,0.0,0.0,0,0,0.0,0.0,0.0,0.0,0.0,0.0,115.65145417242556
2645,PE-3N,236.64,238.825,SIERRA,2.1850000000000023,0.0,0.0,0.0,0.0,1,3,1.0,0.0,0.4576659038901597,0.0,0.0,0.0,26.20602189383765
2646,PE-3N,253.551,259.698,SIERRA,6.146999999999991,0.0,0.0,1.0,0.0,4,8,5.0,0.0,0.8134049129656754,0.0,0.0,0.0,36.44704355987342
2647,PE-3N,1320.616,1321.7,SIERRA,1.08400000000006,0.0,0.0,0.0,0.0,1,1,1.0,0.0,0.9225092250921998,0.0,0.0,0.0,102.4545179055389
2648,PE-18,139.118,143.885,SIERRA,4.766999999999996,0.0,0.0,0.0,0.0,0,0,0.0,0.0,0.0,0.0,0.0,0.0,82.23983696266554
2649,PE-18,73.431,75.213,SIERRA,1.7819999999999965,0.0,0.0,1.0,0.0,0,0,1.0,0.0,0.5611672278338956,0.0,0.0,0.0,42.589941049250655
2650,PE-1NI,49.226,51.948,COSTA,2.7220000000000013,0.0,0.0,0.0,0.0,0,0,0.0,0.0,0.0,0.0,0.0,0.0,24.54902834683984
2651,PE-3N,1459.708,1460.018,SIERRA,0.30999999999994543,0.0,0.0,0.0,0.0,0,0,0.0,0.0,0.0,0.0,0.0,0.0,70.06373361573755
2652,PE-1N,580.58,598.402,COSTA,17.822000000000003,26.0,33.0,1.0,0.0,66,247,93.0,33.0,5.218269554483222,1.8516440354617885,0.0,0.0,9.53682592586192
2653,PE-3SF,359.773,360.313,SIERRA,0.5399999999999636,0.0,0.0,1.0,16.0,0,0,1.0,16.0,1.8518518518519766,29.629629629631626,0.0,0.0,80.53855743904137
2654,PE-3N,541.943,543.449,SIERRA,1.5059999999999718,1.0,1.0,1.0,0.0,1,2,3.0,1.0,1.9920318725099975,0.6640106241699991,0.0,0.0,4.39687935657921
2655,PE-5NE,0.0,14.0,SELVA,14.0,1.0,1.0,0.0,0.0,0,0,1.0,1.0,0.07142857142857142,0.07142857142857142,0.0,0.0,119.91461431739796
2656,PE-5ND,83.99,84.657,SELVA,0.6670000000000016,0.0,0.0,0.0,0.0,0,0,0.0,0.0,0.0,0.0,0.0,0.0,125.875124757804
2657,PE-5NC,213.653,215.316,SELVA,1.663000000000011,0.0,0.0,0.0,0.0,0,0,0.0,0.0,0.0,0.0,0.0,0.0,113.72361917145686
2658,PE-38,91.293,120.373,SIERRA,29.08,1.0,2.0,0.0,0.0,0,0,1.0,2.0,0.034387895460797804,0.06877579092159561,0.0,0.0,72.36215554995377
2659,PE-3N,1001.068,1001.745,SIERRA,0.6770000000000209,0.0,0.0,0.0,0.0,0,1,0.0,0.0,0.0,0.0,0.0,0.0,74.22805371631294
2660,PE-34E,5.425,6.848,SIERRA,1.423,0.0,0.0,1.0,0.0,0,0,1.0,0.0,0.7027406886858749,0.0,0.0,0.0,5.378698558345705
2661,PE-3N,1365.122,1365.71,SIERRA,0.5879999999999654,0.0,0.0,0.0,0.0,0,1,0.0,0.0,0.0,0.0,0.0,0.0,96.27269496919052
2662,PE-38,0.0,0.812,SIERRA,0.812,1.0,1.0,2.0,0.0,0,0,3.0,1.0,3.694581280788177,1.231527093596059,0.0,0.0,34.926614346129895
2663,PE-28B,172.031,172.29,SELVA,0.25899999999998613,0.0,0.0,3.0,0.0,0,0,3.0,0.0,11.583011583012203,0.0,0.0,0.0,83.47853967470105
2664,PE-10A,20.181,25.341,COSTA,5.16,9.0,9.0,7.0,100.0,50,102,66.0,109.0,12.790697674418604,21.124031007751938,0.0,0.0,3.168239522000954
2665,PE-28B,172.29,172.769,SELVA,0.4790000000000134,1.0,1.0,1.0,0.0,0,0,2.0,1.0,4.175365344467524,2.087682672233762,0.0,0.0,83.59683518639179
2666,PE-3N,1794.204,1794.218,SIERRA,0.014000000000123691,0.0,0.0,0.0,0.0,0,0,0.0,0.0,0.0,0.0,0.0,0.0,40.55664757808757
2667,PE-3N,1725.055,1728.4,SIERRA,3.3450000000000273,0.0,0.0,0.0,0.0,2,4,2.0,0.0,0.5979073243647186,0.0,0.0,0.0,22.972092669845264
2668,PE-3N,1720.633,1725.055,SIERRA,4.4220000000000255,0.0,0.0,0.0,0.0,3,5,3.0,0.0,0.678426051560376,0.0,0.0,0.0,22.62737778718224
2669,PE-3N,1719.875,1720.633,SIERRA,0.7580000000000382,0.0,0.0,0.0,0.0,1,1,1.0,0.0,1.3192612137202502,0.0,0.0,0.0,22.5192033241185
2670,PE-3N,1786.069,1789.242,SIERRA,3.173000000000002,1.0,1.0,0.0,0.0,2,4,3.0,1.0,0.9454774661203903,0.3151591553734634,0.0,0.0,39.15945088128564
2671,PE-3N,1686.408,1689.239,SIERRA,2.831000000000131,0.0,0.0,0.0,0.0,2,4,2.0,0.0,0.7064641469445099,0.0,0.0,0.0,23.532587330303368
2672,PE-3N,1719.496,1719.804,SIERRA,0.3079999999999927,0.0,0.0,0.0,0.0,0,0,0.0,0.0,0.0,0.0,0.0,0.0,22.603151594449788
2673,PE-3N,1705.23,1716.951,SIERRA,11.721000000000004,0.0,0.0,0.0,0.0,8,15,8.0,0.0,0.6825356198276595,0.0,0.0,0.0,22.45250287102798
2674,PE-3N,1718.92,1719.496,SIERRA,0.5760000000000218,0.0,0.0,0.0,0.0,0,1,0.0,0.0,0.0,0.0,0.0,0.0,22.918255374769103
2675,PE-3N,1790.756,1793.991,SIERRA,3.2349999999999,0.0,0.0,0.0,0.0,2,4,2.0,0.0,0.6182380216383498,0.0,0.0,0.0,40.26795973825492
2676,PE-3N,1716.951,1718.92,SIERRA,1.969000000000051,0.0,0.0,0.0,0.0,1,2,1.0,0.0,0.5078720162518914,0.0,0.0,0.0,22.87348793085216
2677,PE-3N,1689.239,1694.916,SIERRA,5.676999999999907,1.0,1.0,0.0,0.0,4,7,5.0,1.0,0.880746873348614,0.1761493746697228,0.0,0.0,22.516412243321053
2678,PE-3N,1653.023,1668.023,SIERRA,15.0,0.0,0.0,0.0,0.0,10,19,10.0,0.0,0.6666666666666666,0.0,0.0,0.0,31.487922826681395
2679,PE-3N,1779.53,1780.374,SIERRA,0.8440000000000509,0.0,0.0,0.0,0.0,1,1,1.0,0.0,1.1848341232226773,0.0,0.0,0.0,34.59989684911422
2680,PE-3N,1668.023,1669.678,SIERRA,1.6550000000002,0.0,0.0,0.0,0.0,1,2,1.0,0.0,0.6042296072506822,0.0,0.0,0.0,32.520228052850484
2681,PE-3N,1780.374,1784.586,SIERRA,4.211999999999989,0.0,0.0,0.0,0.0,3,5,3.0,0.0,0.7122507122507141,0.0,0.0,0.0,36.11262034132046
2682,PE-08,176.28,177.43,SIERRA,1.1500000000000057,2.0,2.0,0.0,0.0,5,8,7.0,2.0,6.086956521739101,1.7391304347826002,0.0,0.0,101.5321149686578
2683,PE-28A,0.35699999,1.265,COSTA,0.9080000099999999,0.0,0.0,0.0,0.0,0,0,0.0,0.0,0.0,0.0,0.0,0.0,33.13068891353964
2684,PE-3N,22.858,53.017,SIERRA,30.159000000000002,6.0,11.0,11.0,0.0,20,37,37.0,11.0,1.226831128353062,0.36473357869955897,0.0,0.0,18.98105205012939
2685,PE-28A,331.551,333.155,SIERRA,1.603999999999985,0.0,0.0,0.0,0.0,0,0,0.0,0.0,0.0,0.0,0.0,0.0,9.3661031643996
2686,PE-3N,1055.406,1056.376,SIERRA,0.9700000000000273,0.0,0.0,0.0,0.0,1,1,1.0,0.0,1.0309278350515174,0.0,0.0,0.0,64.10621008201021
2687,PE-3N,961.963,966.55,SIERRA,4.586999999999989,0.0,0.0,0.0,0.0,3,6,3.0,0.0,0.6540222367560513,0.0,0.0,0.0,84.78080682554257
2688,PE-3N,1086.488,1095.78,SIERRA,9.291999999999916,4.0,7.0,0.0,0.0,6,12,10.0,7.0,1.0761945759793468,0.7533362031855427,0.0,0.0,83.84172994552733
2689,PE-28A,161.382,163.105,SIERRA,1.7229999999999848,0.0,0.0,2.0,10.0,0,0,2.0,10.0,1.1607661056297258,5.803830528148629,0.0,0.0,20.28780322313812
2690,PE-18,15.481,18.303,COSTA,2.822000000000001,1.0,1.0,0.0,0.0,0,0,1.0,1.0,0.3543586109142451,0.3543586109142451,0.0,0.0,29.779134529482484
2691,PE-3N,1113.713,1116.486,SIERRA,2.7730000000001382,0.0,0.0,0.0,0.0,2,3,2.0,0.0,0.721240533717959,0.0,0.0,0.0,97.07208717491083
2692,PE-3N,793.565,833.386,SIERRA,39.82099999999991,2.0,5.0,0.0,0.0,27,49,29.0,5.0,0.7282589588408143,0.1255618894553128,0.0,0.0,80.22074893079976
2693,PE-18,12.263,14.23,COSTA,1.9670000000000005,0.0,0.0,0.0,0.0,0,0,0.0,0.0,0.0,0.0,0.0,0.0,30.854945370343245
2694,PE-14A,1.687,2.543,SIERRA,0.8560000000000001,0.0,0.0,0.0,0.0,0,0,0.0,0.0,0.0,0.0,0.0,0.0,40.77274578862802
2695,PE-18,260.422,262.347,SIERRA,1.9249999999999545,0.0,0.0,0.0,0.0,0,0,0.0,0.0,0.0,0.0,0.0,0.0,21.07447007113285
2696,PE-38,180.412,185.114,SIERRA,4.701999999999998,0.0,0.0,0.0,0.0,0,0,0.0,0.0,0.0,0.0,0.0,0.0,49.044302897442606
2697,PE-36B,69.505,71.376,SIERRA,1.8710000000000093,0.0,0.0,0.0,0.0,1,2,1.0,0.0,0.5344735435595911,0.0,0.0,0.0,54.22129929322512
2698,PE-18,263.058,264.601,SIERRA,1.5430000000000064,0.0,0.0,0.0,0.0,0,0,0.0,0.0,0.0,0.0,0.0,0.0,18.826722550588496
2699,PE-18,131.175,132.241,SIERRA,1.0660000000000025,0.0,0.0,0.0,0.0,0,0,0.0,0.0,0.0,0.0,0.0,0.0,80.57326385578666
2700,PE-3N,1425.226,1425.835,SIERRA,0.6089999999999236,2.0,2.0,0.0,0.0,0,1,2.0,2.0,3.284072249589903,3.284072249589903,0.0,0.0,90.40480616165704
2701,PE-18,108.769,110.181,SIERRA,1.411999999999992,1.0,1.0,0.0,0.0,0,0,1.0,1.0,0.708215297450429,0.708215297450429,0.0,0.0,64.98080673845905
2702,PE-18,138.381,138.931,SIERRA,0.5500000000000114,0.0,0.0,0.0,0.0,0,0,0.0,0.0,0.0,0.0,0.0,0.0,82.4842331851856
2703,PE-18,264.601,266.066,SIERRA,1.464999999999975,0.0,0.0,0.0,0.0,0,0,0.0,0.0,0.0,0.0,0.0,0.0,17.509661629115733
2704,PE-18,93.904,95.154,SIERRA,1.25,1.0,1.0,0.0,0.0,0,0,1.0,1.0,0.8,0.8,0.0,0.0,56.51856129478464
2705,PE-28A,94.612,95.963,SIERRA,1.350999999999999,0.0,0.0,2.0,0.0,0,0,2.0,0.0,1.4803849000740203,0.0,0.0,0.0,14.816371659950937
2706,PE-28A,241.961,244.414,SIERRA,2.4529999999999745,1.0,1.0,1.0,0.0,0,0,2.0,1.0,0.8153281695882677,0.40766408479413385,0.0,0.0,26.58252247801698
2707,PE-28A,36.952,40.368,COSTA,3.416000000000004,0.0,0.0,1.0,0.0,0,0,1.0,0.0,0.29274004683840715,0.0,0.0,0.0,26.887269210113555
2708,PE-18,107.869,108.769,SIERRA,0.9000000000000057,0.0,0.0,0.0,0.0,0,0,0.0,0.0,0.0,0.0,0.0,0.0,64.07334269839431
2709,PE-28A,142.977,146.384,SIERRA,3.4069999999999823,0.0,0.0,1.0,0.0,0,0,1.0,0.0,0.29351335485764757,0.0,0.0,0.0,34.874961817589714
2710,PE-28B,431.057,432.08,SELVA,1.0229999999999677,0.0,0.0,0.0,0.0,0,0,0.0,0.0,0.0,0.0,0.0,0.0,141.43864352013694
2711,PE-18,95.154,96.27,SIERRA,1.1159999999999997,0.0,0.0,0.0,0.0,0,0,0.0,0.0,0.0,0.0,0.0,0.0,56.80281831714559
2712,PE-18,126.875,131.175,SIERRA,4.300000000000011,1.0,1.0,0.0,0.0,0,0,1.0,1.0,0.2325581395348831,0.2325581395348831,0.0,0.0,79.59861212010219
2713,PE-3N,860.585,862.342,SIERRA,1.7569999999999482,0.0,0.0,0.0,0.0,1,2,1.0,0.0,0.5691519635742911,0.0,0.0,0.0,93.5308829473662
2714,PE-3N,1237.475,1264.79,SIERRA,27.315000000000055,12.0,17.0,0.0,0.0,18,34,30.0,17.0,1.0982976386600747,0.6223686619073756,0.0,0.0,104.666009067787
2715,PE-38,0.812,1.405,SIERRA,0.593,0.0,0.0,0.0,0.0,0,0,0.0,0.0,0.0,0.0,0.0,0.0,35.183717242859935
2716,PE-36A,9.6,11.515,SIERRA,1.915000000000001,0.0,0.0,0.0,0.0,1,1,1.0,0.0,0.5221932114882504,0.0,0.0,0.0,7.28491778845811
2717,PE-3N,1116.486,1118.318,SIERRA,1.83199999999988,0.0,0.0,0.0,0.0,1,2,1.0,0.0,0.5458515283843153,0.0,0.0,0.0,97.5463488591
2718,PE-34A,109.672,112.513,SIERRA,2.841000000000008,1.0,1.0,5.0,0.0,11,13,17.0,1.0,5.983808518127403,0.35198873636043543,0.0,0.0,1.0662443008078204
2719,PE-3N,1095.78,1097.83,SIERRA,2.0499999999999545,0.0,0.0,0.0,0.0,1,3,1.0,0.0,0.4878048780487913,0.0,0.0,0.0,87.31281845323814
2720,PE-10A,70.503,71.816,SIERRA,1.3130000000000024,0.0,0.0,1.0,0.0,13,26,14.0,0.0,10.662604722010643,0.0,0.0,0.0,30.9014380884562
2721,PE-3N,657.231,664.989,SIERRA,7.758000000000038,0.0,0.0,0.0,0.0,5,10,5.0,0.0,0.6444960041247713,0.0,0.0,0.0,73.65209263793139
2722,PE-34F,100.947,101.734,SIERRA,0.7869999999999919,0.0,0.0,0.0,0.0,0,0,0.0,0.0,0.0,0.0,0.0,0.0,57.95868227866806
2723,PE-3N,65.561,67.596,SIERRA,2.0349999999999966,0.0,0.0,4.0,1000.0,1,3,5.0,1000.0,2.4570024570024613,491.40049140049223,0.0,0.0,45.48236448855559
2724,PE-38,20.006,24.978,SIERRA,4.972000000000001,1.0,1.0,0.0,0.0,0,0,1.0,1.0,0.20112630732099754,0.20112630732099754,0.0,0.0,32.63628131389161
2725,PE-3N,1141.065,1142.9,SIERRA,1.8350000000000364,0.0,0.0,0.0,0.0,1,2,1.0,0.0,0.5449591280653843,0.0,0.0,0.0,97.20619177851005
2726,PE-3N,889.972,891.979,SIERRA,2.007000000000062,0.0,0.0,0.0,0.0,1,2,1.0,0.0,0.4982561036372542,0.0,0.0,0.0,96.13326124456056
2727,PE-08,90.33,91.707,SIERRA,1.3769999999999953,0.0,0.0,2.0,0.0,6,10,8.0,0.0,5.809731299927398,0.0,0.0,0.0,68.58841879521925
2728,PE-3N,1273.715,1275.159,SIERRA,1.4440000000001874,2.0,2.0,1.0,0.0,1,2,4.0,2.0,2.7700831024927153,1.3850415512463576,0.0,0.0,102.98750714893924
2729,PE-3N,1391.01,1391.68,SIERRA,0.6700000000000728,0.0,0.0,0.0,0.0,0,1,0.0,0.0,0.0,0.0,0.0,0.0,102.62587947284727
2730,PE-3N,1442.448,1443.512,SIERRA,1.0639999999998508,0.0,0.0,0.0,0.0,1,1,1.0,0.0,0.9398496240602822,0.0,0.0,0.0,79.111388344561
2731,PE-3N,1111.994,1113.713,SIERRA,1.719000000000051,1.0,1.0,0.0,0.0,1,2,2.0,1.0,1.163467132053485,0.5817335660267425,0.0,0.0,97.47765620377936
2732,PE-3N,1270.567,1271.675,SIERRA,1.1079999999999472,2.0,2.0,0.0,0.0,1,1,3.0,2.0,2.707581227436952,1.8050541516246348,0.0,0.0,101.77603120383004
2733,PE-3N,1155.312,1156.457,SIERRA,1.1450000000002092,3.0,3.0,0.0,0.0,1,1,4.0,3.0,3.49344978165875,2.6200873362440626,0.0,0.0,97.83084219753069
2734,PE-3N,1101.546,1102.385,SIERRA,0.8389999999999418,0.0,0.0,0.0,0.0,1,1,1.0,0.0,1.1918951132301185,0.0,0.0,0.0,90.9838976703844
2735,PE-18,96.27,97.33,SIERRA,1.0600000000000023,0.0,0.0,0.0,0.0,0,0,0.0,0.0,0.0,0.0,0.0,0.0,57.20194709065416
2736,PE-3N,335.803,338.333,SIERRA,2.5300000000000296,0.0,0.0,0.0,0.0,2,3,2.0,0.0,0.7905138339920856,0.0,0.0,0.0,78.4747342539315
2737,PE-3N,1277.163,1286.829,SIERRA,9.66599999999994,4.0,4.0,0.0,0.0,7,12,11.0,4.0,1.1380095178977931,0.41382164287192474,0.0,0.0,103.9478039584786
2738,PE-3N,1159.779,1160.318,SIERRA,0.5389999999999873,0.0,0.0,0.0,0.0,0,1,0.0,0.0,0.0,0.0,0.0,0.0,94.8775584134727
2739,PE-3N,1187.219,1187.484,SIERRA,0.26499999999987267,0.0,0.0,0.0,0.0,0,0,0.0,0.0,0.0,0.0,0.0,0.0,101.44481980703102
2740,PE-10A,0.0,20.181,COSTA,20.181,24.0,28.0,0.0,0.0,194,400,218.0,28.0,10.802239730439522,1.3874436351023238,0.0,0.0,14.132058345926474
2741,PE-3SC,12.738,13.267,SIERRA,0.5289999999999999,0.0,0.0,0.0,0.0,0,0,0.0,0.0,0.0,0.0,0.0,0.0,6.936048627820199
2742,PE-3N,1133.146,1133.953,SIERRA,0.8070000000000164,0.0,0.0,0.0,0.0,1,1,1.0,0.0,1.239157372986344,0.0,0.0,0.0,96.99126498639647
2743,PE-10A,41.082,65.573,SIERRA,24.490999999999993,15.0,22.0,5.0,113.0,236,486,256.0,135.0,10.45281940304602,5.51222898207505,0.0,0.0,19.32752219600308
2744,PE-3N,339.658,341.322,SIERRA,1.6639999999999873,0.0,0.0,0.0,0.0,1,2,1.0,0.0,0.6009615384615431,0.0,0.0,0.0,77.57310562015661
2745,PE-3N,1390.575,1390.926,SIERRA,0.3509999999998854,0.0,0.0,1.0,1.0,0,0,1.0,1.0,2.8490028490037793,2.8490028490037793,0.0,0.0,102.48211545024378
2746,PE-3N,862.342,871.108,SIERRA,8.765999999999963,0.0,0.0,0.0,0.0,6,11,6.0,0.0,0.6844626967830283,0.0,0.0,0.0,96.32675206430147
2747,PE-30C,166.461,167.055,SELVA,0.5939999999999941,0.0,0.0,0.0,0.0,0,0,0.0,0.0,0.0,0.0,0.0,0.0,13.62213561179179
2748,PE-34F,93.738,100.947,SIERRA,7.209000000000003,2.0,2.0,0.0,0.0,0,0,2.0,2.0,0.2774309890414758,0.2774309890414758,0.0,0.0,54.65618865814144
2749,PE-5NA,76.909,77.962,SELVA,1.0529999999999973,0.0,0.0,0.0,0.0,0,0,0.0,0.0,0.0,0.0,0.0,0.0,75.41154150220443
2750,PE-3N,500.134,500.141,SIERRA,0.007000000000005002,0.0,0.0,0.0,0.0,0,0,0.0,0.0,0.0,0.0,0.0,0.0,29.86109855715402
2751,PE-3N,1428.161,1430.857,SIERRA,2.6959999999999127,4.0,4.0,0.0,0.0,2,3,6.0,4.0,2.2255192878339,1.4836795252226,0.0,0.0,89.22396762506649
2752,PE-3N,522.79,525.965,SIERRA,3.175000000000068,1.0,2.0,0.0,0.0,2,4,3.0,2.0,0.9448818897637592,0.6299212598425061,0.0,0.0,11.846353630053068
2753,PE-3N,301.581,302.106,SIERRA,0.5249999999999773,0.0,0.0,0.0,0.0,0,1,0.0,0.0,0.0,0.0,0.0,0.0,54.98662536611613
2754,PE-3N,984.645,985.413,SIERRA,0.7680000000000291,0.0,0.0,0.0,0.0,1,1,1.0,0.0,1.302083333333284,0.0,0.0,0.0,75.58779955815267
2755,PE-3N,1019.294,1023.732,SIERRA,4.437999999999988,0.0,0.0,0.0,0.0,3,6,3.0,0.0,0.6759801712483119,0.0,0.0,0.0,66.16426946934601
2756,PE-3N,1033.086,1038.794,SIERRA,5.708000000000084,0.0,0.0,0.0,0.0,4,7,4.0,0.0,0.7007708479327157,0.0,0.0,0.0,59.90545272687049
2757,PE-34E,4.677,5.425,SIERRA,0.7480000000000002,0.0,0.0,2.0,0.0,0,0,2.0,0.0,2.6737967914438494,0.0,0.0,0.0,4.413469676147462
2758,PE-04C,0.673,6.8412,SELVA,6.1682,0.0,0.0,0.0,0.0,4,10,4.0,0.0,0.6484874031321942,0.0,0.0,0.0,39.40361502185408
2759,PE-3N,1045.877,1048.276,SIERRA,2.3990000000001146,0.0,0.0,0.0,0.0,2,3,2.0,0.0,0.8336807002917485,0.0,0.0,0.0,59.41304782216524
2760,PE-3N,469.07,469.462,SIERRA,0.3919999999999959,0.0,0.0,0.0,0.0,0,0,0.0,0.0,0.0,0.0,0.0,0.0,40.40754471103069
2761,PE-1SB,0.0,1.546,COSTA,1.546,2.0,2.0,10.0,0.0,0,0,12.0,2.0,7.761966364812419,1.2936610608020698,0.0,0.0,36.52986796930006
2762,PE-3N,1016.84,1019.294,SIERRA,2.453999999999951,0.0,0.0,0.0,0.0,2,3,2.0,0.0,0.8149959250203912,0.0,0.0,0.0,70.61707636372353
2763,PE-1S,979.625,980.441,SIERRA,0.8160000000000309,0.0,0.0,2.0,0.0,2,5,4.0,0.0,4.901960784313539,0.0,0.0,0.0,30.10878086774424
2764,PE-3N,851.05,851.782,SIERRA,0.7320000000000846,0.0,0.0,0.0,0.0,0,1,0.0,0.0,0.0,0.0,0.0,0.0,91.53055565514582
2765,PE-3N,852.615,853.268,SIERRA,0.65300000000002,0.0,0.0,0.0,0.0,0,1,0.0,0.0,0.0,0.0,0.0,0.0,92.1998391149924
2766,PE-3N,851.782,852.615,SIERRA,0.83299999999997,0.0,0.0,0.0,0.0,1,1,1.0,0.0,1.200480192076874,0.0,0.0,0.0,91.98767649809125
2767,PE-3N,231.5,233.2,SIERRA,1.6999999999999886,2.0,2.0,0.0,0.0,1,2,3.0,2.0,1.764705882352953,1.176470588235302,0.0,0.0,22.69188813577361
2768,PE-36B,13.962,15.697,SIERRA,1.7349999999999994,0.0,0.0,0.0,0.0,1,1,1.0,0.0,0.5763688760806919,0.0,0.0,0.0,37.78665992437436
2769,PE-36A,115.498,117.915,SIERRA,2.4170000000000016,0.0,0.0,1.0,0.0,2,1,3.0,0.0,1.2412081092263128,0.0,0.0,0.0,29.150350842089374
2770,PE-1S,299.075,299.457,COSTA,0.382000000000005,0.0,0.0,1.0,0.0,1,2,2.0,0.0,5.235602094240769,0.0,0.0,0.0,25.454243843363447
2771,PE-1S,459.928,460.335,COSTA,0.40699999999998226,0.0,0.0,0.0,0.0,1,2,1.0,0.0,2.457002457002564,0.0,0.0,0.0,15.74128546216291
2772,PE-1S,891.09,892.359,SIERRA,1.2690000000000055,0.0,0.0,0.0,0.0,4,8,4.0,0.0,3.1520882584712235,0.0,0.0,0.0,34.15007224298119
2773,PE-1S,372.84,384.238,COSTA,11.398000000000025,5.0,5.0,10.0,0.0,34,68,49.0,5.0,4.29899982453061,0.4386734514827153,0.0,0.0,45.3932296592662
2774,PE-1S,1315.209,1316.798,COSTA,1.5889999999999418,0.0,0.0,0.0,0.0,5,9,5.0,0.0,3.1466331025803544,0.0,0.0,0.0,47.33488468882887
2775,PE-1S,1229.613,1248.758,SIERRA,19.144999999999982,2.0,3.0,1.0,0.0,57,114,60.0,3.0,3.1339775398276344,0.1566988769913817,0.0,0.0,13.218639100282326
2776,PE-1S,1296.599,1297.081,COSTA,0.4819999999999709,0.0,0.0,2.0,0.0,1,3,3.0,0.0,6.22406639004187,0.0,0.0,0.0,36.69882419216736
2777,PE-1S,885.752,887.277,SIERRA,1.525000000000091,0.0,0.0,0.0,0.0,5,9,5.0,0.0,3.278688524589968,0.0,0.0,0.0,30.51594036294768
2778,PE-1S,1262.43,1285.875,SIERRA,23.444999999999936,5.0,5.0,1.0,0.0,69,139,75.0,5.0,3.198976327575185,0.2132650885050123,0.0,0.0,21.380827818451973
2779,PE-1S,65.887,75.154,COSTA,9.266999999999996,0.0,0.0,15.0,10000.0,27,55,42.0,10000.0,4.532211071544191,1079.0978741771883,0.0,0.0,4.345659320754265
2780,PE-1S,696.443,697.222,COSTA,0.7789999999999964,0.0,0.0,0.0,0.0,2,5,2.0,0.0,2.5673940949935936,0.0,0.0,0.0,8.174946502033452
2781,PE-1S,965.817,966.67,SIERRA,0.8529999999999518,1.0,1.0,1.0,0.0,3,5,5.0,1.0,5.861664712778761,1.172332942555752,0.0,0.0,16.615423674208543
2782,PE-1S,410.796,419.298,COSTA,8.50200000000001,2.0,3.0,2.0,1.0,25,51,29.0,4.0,3.410962126558453,0.47047753469771764,0.0,0.0,21.597421928702182
2783,PE-1S,866.043,867.243,SIERRA,1.2000000000000455,0.0,0.0,4.0,0.0,4,7,8.0,0.0,6.666666666666414,0.0,0.0,0.0,15.382787840751618
2784,PE-1S,431.918,433.068,COSTA,1.1499999999999773,0.0,0.0,2.0,0.0,3,7,5.0,0.0,4.347826086956608,0.0,0.0,0.0,4.5891590516236
2785,PE-1S,963.204,965.139,SIERRA,1.9350000000000591,4.0,4.0,1.0,0.0,6,12,11.0,4.0,5.684754521963651,2.0671834625322365,0.0,0.0,16.803307475558967
2786,PE-1S,545.56,546.794,COSTA,1.2340000000000373,0.0,0.0,0.0,0.0,4,7,4.0,0.0,3.241491085899416,0.0,0.0,0.0,18.78764967317069
2787,PE-1S,1290.882,1291.614,SIERRA,0.7319999999999709,0.0,0.0,3.0,0.0,2,4,5.0,0.0,6.830601092896447,0.0,0.0,0.0,35.63996199665414
2788,PE-1S,365.575,368.876,COSTA,3.3009999999999877,1.0,1.0,0.0,0.0,10,20,11.0,1.0,3.332323538321733,0.3029385034837939,0.0,0.0,52.919515673073406
2789,PE-1S,850.365,850.879,COSTA,0.51400000000001,2.0,2.0,0.0,0.0,2,3,4.0,2.0,7.782101167315024,3.891050583657512,0.0,0.0,4.448172228722319
2790,PE-1S,185.033,185.087,COSTA,0.054000000000002046,0.0,0.0,8.0,0.0,0,0,8.0,0.0,148.14814814814252,0.0,0.0,0.0,2.336142546501173
2791,PE-1S,1326.67,1327.558,COSTA,0.88799999999992,0.0,0.0,2.0,30.0,3,5,5.0,30.0,5.6306306306311384,33.78378378378683,0.0,0.0,52.72252505980448
2792,PE-1S,1310.338,1311.716,COSTA,1.377999999999929,2.0,2.0,2.0,0.0,4,8,8.0,2.0,5.805515239477803,1.4513788098694507,0.0,0.0,42.61161437820496
2793,PE-1S,368.876,369.813,COSTA,0.9370000000000118,0.0,0.0,3.0,100.0,3,6,6.0,100.0,6.403415154749119,106.72358591248532,0.0,0.0,51.07239874363472
2794,PE-1S,391.574,400.66,COSTA,9.086000000000013,5.0,5.0,0.0,0.0,27,54,32.0,5.0,3.521901826986568,0.5502971604666512,0.0,0.0,36.37237475804398
2795,PE-1S,82.76,85.711,COSTA,2.9509999999999934,0.0,0.0,11.0,0.0,9,18,20.0,0.0,6.777363605557453,0.0,0.0,0.0,16.36384850555197
2796,PE-1S,803.476,804.871,COSTA,1.3949999999999818,0.0,0.0,1.0,0.0,4,8,5.0,0.0,3.5842293906810503,0.0,0.0,0.0,33.797120689953125
2797,PE-1S,480.613,481.346,COSTA,0.7330000000000041,0.0,0.0,0.0,0.0,2,4,2.0,0.0,2.728512960436547,0.0,0.0,0.0,26.060962876854003
2798,PE-1S,369.813,372.84,COSTA,3.026999999999987,0.0,0.0,0.0,0.0,9,18,9.0,0.0,2.973240832507446,0.0,0.0,0.0,49.364244764777474
2799,PE-1S,786.707,787.484,COSTA,0.7770000000000437,0.0,0.0,2.0,0.0,2,5,4.0,0.0,5.1480051480048585,0.0,0.0,0.0,48.55031433563914
2800,PE-1S,730.826,732.194,COSTA,1.3679999999999382,0.0,0.0,4.0,0.0,4,8,8.0,0.0,5.847953216374534,0.0,0.0,0.0,24.71666778049409
2801,PE-1S,429.421,431.532,COSTA,2.11099999999999,0.0,0.0,1.0,0.0,6,13,7.0,0.0,3.315963998105179,0.0,0.0,0.0,6.593596244829091
2802,PE-1S,882.571,885.752,SIERRA,3.1809999999999263,0.0,0.0,4.0,1.0,9,19,13.0,1.0,4.0867651681862,0.31436655139893843,0.0,0.0,29.03251965766984
2803,PE-1S,750.95,752.215,COSTA,1.2649999999999864,0.0,0.0,2.0,0.0,4,8,6.0,0.0,4.74308300395262,0.0,0.0,0.0,40.63142121362955
2804,PE-1S,404.964,410.796,COSTA,5.831999999999994,3.0,3.0,1.0,0.0,17,35,21.0,3.0,3.600823045267494,0.5144032921810705,0.0,0.0,28.05005444113501
2805,PE-1S,965.139,965.817,SIERRA,0.6779999999999973,2.0,2.0,1.0,0.0,2,4,5.0,2.0,7.374631268436608,2.949852507374643,0.0,0.0,16.38518016461977
2806,PE-20A,138.064,138.614,SIERRA,0.5500000000000114,0.0,0.0,0.0,0.0,0,0,0.0,0.0,0.0,0.0,0.0,0.0,54.406378522969966
2807,PE-20A,20.728,29.1,COSTA,8.372,6.0,7.0,6.0,0.0,0,0,12.0,7.0,1.433349259436216,0.8361204013377926,0.0,0.0,18.143338721352645
2808,PE-20A,95.056,95.331,SIERRA,0.2750000000000057,0.0,0.0,0.0,0.0,0,0,0.0,0.0,0.0,0.0,0.0,0.0,45.20600586286154
2809,PE-20A,19.829,20.728,COSTA,0.8990000000000009,0.0,0.0,0.0,0.0,0,0,0.0,0.0,0.0,0.0,0.0,0.0,18.258333797663227
2810,PE-18A,53.954,54.333,SIERRA,0.3789999999999978,0.0,0.0,0.0,0.0,0,0,0.0,0.0,0.0,0.0,0.0,0.0,52.631527188255625
2811,PE-18A,122.525,122.998,SELVA,0.472999999999999,0.0,0.0,0.0,0.0,0,0,0.0,0.0,0.0,0.0,0.0,0.0,95.8440645794627
2812,PE-3N,1773.221,1774.287,SELVA,1.066000000000031,0.0,0.0,0.0,0.0,1,1,1.0,0.0,0.9380863039399353,0.0,0.0,0.0,33.05603659576514
2813,PE-3N,908.098,909.003,SIERRA,0.9050000000000864,0.0,0.0,0.0,0.0,1,1,1.0,0.0,1.1049723756905023,0.0,0.0,0.0,99.5646627468471
2814,PE-18A,51.159,51.496,SIERRA,0.3370000000000033,0.0,0.0,0.0,0.0,0,0,0.0,0.0,0.0,0.0,0.0,0.0,51.12315632620669
2815,PE-18A,50.629,51.123,SIERRA,0.4939999999999998,1.0,1.0,0.0,0.0,0,0,1.0,1.0,2.0242914979757094,2.0242914979757094,0.0,0.0,50.87852336536595
2816,PE-18A,122.998,124.373,SELVA,1.375,1.0,1.0,1.0,0.0,0,0,2.0,1.0,1.4545454545454546,0.7272727272727273,0.0,0.0,96.6403610451698
2817,PE-18A,49.933,50.629,SIERRA,0.695999999999998,0.0,0.0,5.0,0.0,0,0,5.0,0.0,7.183908045977033,0.0,0.0,0.0,50.37866118173865
2818,PE-18A,124.373,138.636,SELVA,14.262999999999991,4.0,4.0,1.0,0.0,0,0,5.0,4.0,0.3505573862441284,0.2804459089953027,0.0,0.0,103.20809024621566
2819,PE-3N,1085.37,1086.488,SIERRA,1.1180000000001655,1.0,1.0,0.0,0.0,1,1,2.0,1.0,1.7889087656526867,0.8944543828263434,0.0,0.0,80.74879103608583
2820,PE-26B,74.681,75.45,SIERRA,0.7690000000000055,0.0,0.0,0.0,0.0,0,0,0.0,0.0,0.0,0.0,0.0,0.0,48.02929701449866
2821,PE-3N,1685.678,1686.408,SIERRA,0.7299999999997908,0.0,0.0,0.0,0.0,0,1,0.0,0.0,0.0,0.0,0.0,0.0,24.110157039774936
2822,PE-1S,577.608,578.134,COSTA,0.5260000000000673,0.0,0.0,1.0,0.0,2,3,3.0,0.0,5.703422053231209,0.0,0.0,0.0,10.858695382802305
2823,PE-3N,909.524,910.949,SIERRA,1.4249999999999545,0.0,0.0,0.0,0.0,1,2,1.0,0.0,0.7017543859649347,0.0,0.0,0.0,99.78642032359444
2824,PE-3N,909.003,909.524,SIERRA,0.5209999999999582,0.0,0.0,0.0,0.0,0,1,0.0,0.0,0.0,0.0,0.0,0.0,99.6255530422034
2825,PE-24,181.888,191.688,SIERRA,9.799999999999983,0.0,0.0,0.0,0.0,0,0,0.0,0.0,0.0,0.0,0.0,0.0,56.96482817393608
2826,PE-3N,1960.643,1961.933,SIERRA,1.2899999999999636,0.0,0.0,0.0,0.0,1,2,1.0,0.0,0.7751937984496343,0.0,0.0,0.0,86.1559059791583
2827,PE-24,19.78,22.049,COSTA,2.2689999999999984,0.0,0.0,1.0,0.0,0,0,1.0,0.0,0.44072278536800386,0.0,0.0,0.0,2.209133358896532
2828,PE-1NQ,0.0,34.66,COSTA,34.66,0.0,0.0,0.0,0.0,36,104,36.0,0.0,1.03866128101558,0.0,0.0,0.0,14.71820951226894
2829,PE-3N,1758.338,1770.782,SELVA,12.44399999999996,0.0,0.0,0.0,0.0,8,15,8.0,0.0,0.6428801028608185,0.0,0.0,0.0,32.3291981650766
2830,PE-3N,1795.171,1800.941,SIERRA,5.769999999999982,0.0,0.0,0.0,0.0,4,7,4.0,0.0,0.6932409012131737,0.0,0.0,0.0,40.19621178427548
2831,PE-3N,1961.933,2001.933,SIERRA,40.0,0.0,0.0,0.0,0.0,27,50,27.0,0.0,0.675,0.0,0.0,0.0,94.74777095867589
2832,PE-16A,18.521,26.956,COSTA,8.434999999999999,2.0,2.0,0.0,0.0,0,0,2.0,2.0,0.2371072910491998,0.2371072910491998,0.0,0.0,18.191407639263687
2833,PE-16A,207.414,208.333,SIERRA,0.9190000000000111,0.0,0.0,0.0,0.0,0,0,0.0,0.0,0.0,0.0,0.0,0.0,82.79995628629129
2834,PE-32C,61.553,63.735,SIERRA,2.182000000000002,0.0,0.0,0.0,0.0,0,0,0.0,0.0,0.0,0.0,0.0,0.0,102.29554750598524
2835,PE-34A,238.311,239.618,SIERRA,1.306999999999988,2.0,2.0,5.0,0.0,5,6,12.0,2.0,9.181331293037575,1.5302218821729292,0.0,0.0,1.6651916600750505
2836,PE-36B,49.9,50.297,SIERRA,0.39699999999999847,0.0,0.0,0.0,0.0,0,0,0.0,0.0,0.0,0.0,0.0,0.0,46.28629192682715
2837,PE-3N,1549.638,1549.662,SELVA,0.024000000000114596,0.0,0.0,0.0,0.0,0,0,0.0,0.0,0.0,0.0,0.0,0.0,41.17112902943663
2838,PE-5NA,46.411,47.474,SELVA,1.0629999999999953,0.0,0.0,0.0,0.0,0,0,0.0,0.0,0.0,0.0,0.0,0.0,65.0888697632908
2839,PE-3SC,0.803,1.498,SIERRA,0.695,0.0,0.0,0.0,0.0,0,0,0.0,0.0,0.0,0.0,0.0,0.0,9.414657551540646
2840,PE-30C,228.144,228.631,SELVA,0.48699999999999477,0.0,0.0,0.0,0.0,0,0,0.0,0.0,0.0,0.0,0.0,0.0,32.49786593240878
2841,PE-34I,9.052,9.477,SIERRA,0.4250000000000007,0.0,0.0,0.0,0.0,0,0,0.0,0.0,0.0,0.0,0.0,0.0,92.7109471906447
2842,PE-36A,213.561,214.705,SIERRA,1.1440000000000055,2.0,3.0,1.0,0.0,1,1,4.0,3.0,3.49650349650348,2.62237762237761,0.0,0.0,34.57188340425493
2843,PE-1SC,19.518,21.741,SIERRA,2.222999999999999,1.0,1.0,0.0,0.0,0,0,1.0,1.0,0.4498425551057132,0.4498425551057132,0.0,0.0,25.001381966298425
2844,PE-28D,69.727,70.633,SIERRA,0.9059999999999917,0.0,0.0,0.0,0.0,0,0,0.0,0.0,0.0,0.0,0.0,0.0,42.20829584165668
2845,PE-5NA,208.948,246.577,SELVA,37.62899999999999,0.0,0.0,0.0,0.0,0,0,0.0,0.0,0.0,0.0,0.0,0.0,132.587663703661
2846,PE-3N,1029.026,1030.28,SIERRA,1.2539999999999054,0.0,0.0,0.0,0.0,1,2,1.0,0.0,0.7974481658692787,0.0,0.0,0.0,60.82558206370811
2847,PE-3N,985.493,988.541,SIERRA,3.048000000000002,0.0,0.0,0.0,0.0,2,4,2.0,0.0,0.6561679790026242,0.0,0.0,0.0,75.20811223118166
2848,PE-3N,1214.585,1217.038,SIERRA,2.4529999999999745,3.0,3.0,0.0,0.0,2,3,5.0,3.0,2.0383204239706694,1.2229922543824017,0.0,0.0,106.76773068925274
2849,PE-1N,692.74,694.402,COSTA,1.6620000000000346,1.0,1.0,4.0,2.0,6,23,11.0,3.0,6.618531889289875,1.805054151624511,0.0,0.0,1.9938154289597887
2850,PE-1S,478.908,479.93,COSTA,1.0219999999999914,0.0,0.0,2.0,0.0,3,6,5.0,0.0,4.8923679060665775,0.0,0.0,0.0,26.863233406879488
2851,PE-1S,767.502,768.585,COSTA,1.0830000000000837,0.0,0.0,3.0,0.0,3,6,6.0,0.0,5.540166204985722,0.0,0.0,0.0,53.28115498153113
2852,PE-1S,384.238,391.574,COSTA,7.336000000000013,0.0,0.0,1.0,0.0,22,44,23.0,0.0,3.135223555070878,0.0,0.0,0.0,40.63033129731578
2853,PE-1S,834.646,836.94,COSTA,2.2940000000000964,2.0,2.0,0.0,0.0,7,14,9.0,2.0,3.923278116826339,0.8718395815169643,0.0,0.0,7.31106299002571
2854,PE-1S,239.109,239.709,COSTA,0.5999999999999943,0.0,0.0,0.0,0.0,2,4,2.0,0.0,3.333333333333365,0.0,0.0,0.0,27.94904802110584
2855,PE-34A,60.488,62.013,SIERRA,1.5249999999999986,2.0,2.0,7.0,0.0,6,7,15.0,2.0,9.836065573770501,1.3114754098360668,0.0,0.0,19.700977511361224
2856,PE-22,134.109,135.384,SIERRA,1.2749999999999773,1.0,1.0,3.0,0.0,0,0,4.0,1.0,3.1372549019608402,0.7843137254902101,0.0,0.0,30.36104341309601
2857,PE-1NJ,259.6,261.036,COSTA,1.4359999999999786,2.0,2.0,3.0,20.0,0,0,5.0,22.0,3.481894150417879,15.320334261838669,0.0,0.0,6.706145039175846
2858,PE-36A,92.921,94.319,SIERRA,1.3979999999999961,0.0,0.0,1.0,0.0,1,1,2.0,0.0,1.4306151645207479,0.0,0.0,0.0,16.927143909153614
2859,PE-5NA,122.473,122.923,SELVA,0.45000000000000284,0.0,0.0,0.0,0.0,0,0,0.0,0.0,0.0,0.0,0.0,0.0,71.04423230546668
2860,PE-28D,69.481,69.727,SIERRA,0.24600000000000932,0.0,0.0,0.0,0.0,0,0,0.0,0.0,0.0,0.0,0.0,0.0,42.2741457252688
2861,PE-26,206.807,212.159,SIERRA,5.352000000000004,0.0,0.0,0.0,0.0,0,0,0.0,0.0,0.0,0.0,0.0,0.0,64.37391227858056
2862,PE-3N,654.927,655.754,SIERRA,0.8269999999999982,0.0,0.0,0.0,0.0,1,1,1.0,0.0,1.2091898428053232,0.0,0.0,0.0,72.83793810279744
2863,PE-3N,841.925,842.537,SIERRA,0.61200000000008,0.0,0.0,0.0,0.0,0,1,0.0,0.0,0.0,0.0,0.0,0.0,88.43770615964063
2864,PE-3N,328.476,330.046,SIERRA,1.5699999999999932,0.0,0.0,0.0,0.0,1,2,1.0,0.0,0.6369426751592384,0.0,0.0,0.0,71.41090966781846
2865,PE-1N,43.969,48.755,COSTA,4.786000000000001,14.0,14.0,19.0,0.0,18,66,51.0,14.0,10.656080234015876,2.9251984956122015,0.0,0.0,1.4198312217674245
2866,PE-1NI,104.132,115.459,SIERRA,11.326999999999998,0.0,0.0,0.0,0.0,0,0,0.0,0.0,0.0,0.0,0.0,0.0,41.66908223739801
2867,PE-08B,521.45,527.216,SELVA,5.765999999999963,0.0,0.0,0.0,0.0,0,0,0.0,0.0,0.0,0.0,0.0,0.0,30.62475082548977
2868,PE-1NN,9.096,9.572,COSTA,0.4759999999999991,0.0,0.0,0.0,0.0,0,0,0.0,0.0,0.0,0.0,0.0,0.0,15.756236649264594
2869,PE-24,10.5,10.98,COSTA,0.4800000000000004,0.0,0.0,0.0,0.0,0,0,0.0,0.0,0.0,0.0,0.0,0.0,10.860979957463304
2870,PE-18B,59.865,60.418,SIERRA,0.5529999999999973,0.0,0.0,0.0,0.0,0,0,0.0,0.0,0.0,0.0,0.0,0.0,46.1425397199569
2871,PE-1NF,71.618,71.77,SIERRA,0.15200000000000102,0.0,0.0,0.0,0.0,0,0,0.0,0.0,0.0,0.0,0.0,0.0,56.548408124088624
2872,PE-3NA,114.95,115.288,SIERRA,0.33799999999999386,0.0,0.0,0.0,0.0,0,0,0.0,0.0,0.0,0.0,0.0,0.0,79.00200605794495
2873,PE-1NN,9.572,10.036,COSTA,0.4640000000000004,0.0,0.0,0.0,0.0,0,0,0.0,0.0,0.0,0.0,0.0,0.0,15.71029912470413
2874,PE-24A,0.0,0.888,SIERRA,0.888,0.0,0.0,1.0,0.0,0,0,1.0,0.0,1.1261261261261262,0.0,0.0,0.0,31.15992902194269
2875,PE-06,9.263,9.588,COSTA,0.3249999999999993,0.0,0.0,1.0,1.0,0,0,1.0,1.0,3.0769230769230838,3.0769230769230838,0.0,0.0,19.217544577534746
2876,PE-34C,5.978,7.179,SIERRA,1.2010000000000005,2.0,2.0,0.0,0.0,0,0,2.0,2.0,1.6652789342214813,1.6652789342214813,0.0,0.0,15.188474698209466
2877,PE-3SG,19.586,20.016,SIERRA,0.4299999999999997,0.0,0.0,1.0,1.0,0,0,1.0,1.0,2.3255813953488387,2.3255813953488387,0.0,0.0,98.68440174224745
2878,PE-34I,5.012,6.712,SIERRA,1.7000000000000002,0.0,0.0,0.0,0.0,0,0,0.0,0.0,0.0,0.0,0.0,0.0,89.53532225325505
2879,PE-08B,498.265,511.45,SELVA,13.185000000000002,0.0,0.0,0.0,0.0,0,0,0.0,0.0,0.0,0.0,0.0,0.0,39.52048360548228
2880,PE-20A,207.069,208.501,SIERRA,1.4320000000000164,0.0,0.0,0.0,0.0,0,0,0.0,0.0,0.0,0.0,0.0,0.0,73.16344321760567
2881,PE-20A,191.375,191.875,SIERRA,0.5,0.0,0.0,0.0,0.0,0,0,0.0,0.0,0.0,0.0,0.0,0.0,67.16140585746588
2882,PE-20A,208.501,221.801,SIERRA,13.299999999999983,3.0,5.0,0.0,0.0,0,0,3.0,5.0,0.22556390977443638,0.37593984962406063,0.0,0.0,76.28895211945671
2883,PE-1S,0.0,1.235,COSTA,1.235,7.0,9.0,0.0,0.0,4,7,11.0,9.0,8.906882591093117,7.28744939271255,0.0,0.0,39.7811982747012
2884,PE-1S,19.067,20.144,COSTA,1.0769999999999982,3.0,3.0,6.0,0.0,3,6,12.0,3.0,11.142061281337066,2.7855153203342664,0.0,0.0,43.559405210511
2885,PE-18D,81.945,89.485,SIERRA,7.540000000000006,0.0,0.0,0.0,0.0,0,0,0.0,0.0,0.0,0.0,0.0,0.0,55.7844467101447
2886,PE-34C,4.058,5.406,SIERRA,1.3479999999999999,0.0,0.0,2.0,0.0,0,0,2.0,0.0,1.483679525222552,0.0,0.0,0.0,13.55950661824928
2887,PE-34E,177.42,204.249,SIERRA,26.829000000000008,0.0,0.0,0.0,0.0,0,0,0.0,0.0,0.0,0.0,0.0,0.0,58.52806404674495
2888,PE-34C,14.834,16.048,SIERRA,1.2139999999999986,0.0,0.0,0.0,0.0,0,0,0.0,0.0,0.0,0.0,0.0,0.0,21.68533608094206
2889,PE-1NG,15.0,15.195,COSTA,0.19500000000000028,0.0,0.0,1.0,0.0,0,0,1.0,0.0,5.128205128205121,0.0,0.0,0.0,9.621518977044174
2890,PE-08B,156.588,157.263,SELVA,0.6750000000000114,0.0,0.0,0.0,0.0,0,0,0.0,0.0,0.0,0.0,0.0,0.0,101.91550606890348
2891,PE-30B,0.0,20.639,SIERRA,20.639,0.0,0.0,0.0,0.0,0,0,0.0,0.0,0.0,0.0,0.0,0.0,68.67872400447541
2892,PE-3N,675.596,686.53,SIERRA,10.933999999999969,1.0,1.0,0.0,0.0,7,14,8.0,1.0,0.7316627034936914,0.09145783793671143,0.0,0.0,77.99749788668593
2893,PE-20C,34.151,49.897,SIERRA,15.745999999999995,0.0,0.0,0.0,0.0,0,0,0.0,0.0,0.0,0.0,0.0,0.0,1.8823912204160096
2894,PE-34A,43.306,60.488,SIERRA,17.182000000000002,23.0,29.0,5.0,0.0,64,81,92.0,29.0,5.354440693749272,1.687812827377488,0.0,0.0,15.020655839465569
2895,PE-12,25.264,58.479,COSTA,33.215,0.0,0.0,0.0,0.0,0,0,0.0,0.0,0.0,0.0,0.0,0.0,36.92035059036128
2896,PE-1N,259.325,284.402,COSTA,25.076999999999998,3.0,5.0,0.0,0.0,93,347,96.0,5.0,3.8282091159229577,0.1993858914543207,0.0,0.0,37.25953452410424
2897,PE-5NA,81.581,81.6,SELVA,0.018999999999991246,0.0,0.0,0.0,0.0,0,0,0.0,0.0,0.0,0.0,0.0,0.0,74.55273780848788
2898,PE-5NC,205.532,210.001,SELVA,4.468999999999994,0.0,0.0,0.0,0.0,0,0,0.0,0.0,0.0,0.0,0.0,0.0,108.60332955045834
2899,PE-16,0.0,37.23,COSTA,37.23,5.0,5.0,1.0,0.0,0,0,6.0,5.0,0.16116035455278002,0.13430029546065003,0.0,0.0,5.647006126084983
2900,PE-26,212.159,214.399,SIERRA,2.240000000000009,0.0,0.0,0.0,0.0,0,0,0.0,0.0,0.0,0.0,0.0,0.0,65.53052065205816
2901,PE-3SF,228.935,276.964,SIERRA,48.028999999999996,0.0,0.0,0.0,0.0,0,0,0.0,0.0,0.0,0.0,0.0,0.0,93.629667831609
2902,PE-1SC,15.869,19.518,COSTA,3.649000000000001,1.0,1.0,0.0,0.0,0,0,1.0,1.0,0.2740476842970676,0.2740476842970676,0.0,0.0,23.76993921410172
2903,PE-14A,65.451,66.875,SIERRA,1.4240000000000066,0.0,0.0,1.0,0.0,0,0,1.0,0.0,0.7022471910112327,0.0,0.0,0.0,53.31849298854767
2904,PE-3SF,145.062,191.453,SIERRA,46.39099999999999,1.0,1.0,0.0,0.0,0,0,1.0,1.0,0.021555905240240567,0.021555905240240567,0.0,0.0,62.209181404561626
2905,PE-34A,138.703,154.118,SIERRA,15.414999999999992,7.0,12.0,0.0,0.0,57,72,64.0,12.0,4.151800194615636,0.7784625364904318,0.0,0.0,25.20342273360833
2906,PE-3N,445.955,452.955,SIERRA,7.0,0.0,0.0,0.0,0.0,5,9,5.0,0.0,0.7142857142857143,0.0,0.0,0.0,34.674781636066555
2907,PE-3N,1025.776,1028.952,SIERRA,3.175999999999931,0.0,0.0,0.0,0.0,2,4,2.0,0.0,0.6297229219143714,0.0,0.0,0.0,62.60076374645505
2908,PE-3N,306.128,316.12,SIERRA,9.992000000000019,0.0,0.0,0.0,0.0,7,12,7.0,0.0,0.7005604483586857,0.0,0.0,0.0,58.77996261524223
2909,PE-5NA,120.42,122.328,SELVA,1.9080000000000013,0.0,0.0,0.0,0.0,0,0,0.0,0.0,0.0,0.0,0.0,0.0,71.22665716158383
2910,PE-3N,73.085,86.375,SIERRA,13.290000000000006,7.0,9.0,6.0,1.0,9,17,22.0,10.0,1.6553799849510902,0.7524454477050411,0.0,0.0,56.989679656170935
2911,PE-3NA,0.0,15.979,SIERRA,15.979,0.0,0.0,0.0,0.0,0,0,0.0,0.0,0.0,0.0,0.0,0.0,74.67343788176383
2912,PE-3N,579.016,580.078,SIERRA,1.0620000000000118,1.0,1.0,0.0,0.0,1,1,2.0,1.0,1.8832391713747436,0.9416195856873718,0.0,0.0,40.65337863673995
2913,PE-3N,376.449,379.513,SIERRA,3.0639999999999645,0.0,0.0,0.0,0.0,2,4,2.0,0.0,0.6527415143603209,0.0,0.0,0.0,57.19278912881789
2914,PE-36B,35.887,49.9,SIERRA,14.012999999999998,0.0,0.0,2.0,0.0,9,11,11.0,0.0,0.784985370727182,0.0,0.0,0.0,45.11410692258177
2915,PE-18C,85.966,86.783,SELVA,0.8170000000000073,0.0,0.0,1.0,0.0,0,0,1.0,0.0,1.2239902080783245,0.0,0.0,0.0,268.5945511867811
2916,PE-18,172.203,180.73,SIERRA,8.526999999999987,0.0,0.0,0.0,0.0,0,0,0.0,0.0,0.0,0.0,0.0,0.0,71.46798087734375
2917,PE-1NI,11.835,15.232,COSTA,3.3969999999999985,1.0,1.0,0.0,0.0,0,0,1.0,1.0,0.2943773918163086,0.2943773918163086,0.0,0.0,4.612111486240781
2918,PE-40,156.401,162.012,SIERRA,5.61099999999999,0.0,0.0,0.0,0.0,0,0,0.0,0.0,0.0,0.0,0.0,0.0,97.56490501653845
2919,PE-5NA,77.962,81.581,SELVA,3.6189999999999998,0.0,0.0,0.0,0.0,0,0,0.0,0.0,0.0,0.0,0.0,0.0,74.92687966664981
2920,PE-16,90.574,96.078,SIERRA,5.504000000000005,0.0,0.0,2.0,0.0,0,0,2.0,0.0,0.3633720930232555,0.0,0.0,0.0,30.120367876178307
2921,PE-14A,0.0,1.687,SIERRA,1.687,0.0,0.0,0.0,0.0,0,0,0.0,0.0,0.0,0.0,0.0,0.0,41.18394422794149
2922,PE-3N,1030.28,1031.826,SIERRA,1.5460000000000491,1.0,1.0,0.0,0.0,1,2,2.0,1.0,1.2936610608020287,0.6468305304010143,0.0,0.0,60.67817243367294
2923,PE-3N,455.061,469.07,SIERRA,14.009000000000015,1.0,2.0,0.0,0.0,9,17,10.0,2.0,0.7138268256121058,0.14276536512242116,0.0,0.0,38.24636009255799
2924,PE-18,208.643,219.583,SIERRA,10.939999999999998,0.0,0.0,0.0,0.0,0,0,0.0,0.0,0.0,0.0,0.0,0.0,55.83305494541807
2925,PE-18,144.069,172.203,SIERRA,28.134000000000015,2.0,3.0,0.0,0.0,0,0,2.0,3.0,0.07108836283500387,0.1066325442525058,0.0,0.0,79.17430993591078
2926,PE-3N,648.511,650.011,SIERRA,1.5,1.0,1.0,0.0,0.0,1,2,2.0,1.0,1.3333333333333333,0.6666666666666666,0.0,0.0,71.46614760059391
2927,PE-3N,1437.43,1442.448,SIERRA,5.018000000000029,2.0,2.0,0.0,0.0,3,6,5.0,2.0,0.9964129135113533,0.39856516540454134,0.0,0.0,81.09013402729198
2928,PE-12B,107.294,129.286,SELVA,21.992000000000004,0.0,0.0,0.0,0.0,0,0,0.0,0.0,0.0,0.0,0.0,0.0,143.67531568904798
2929,PE-1N,715.634,725.73,COSTA,10.096000000000004,10.0,10.0,6.0,1.0,37,140,53.0,11.0,5.2496038034865276,1.0895404120443737,0.0,0.0,1.2908333520232729
2930,PE-3N,842.965,846.414,SIERRA,3.4489999999999554,0.0,0.0,1.0,0.0,2,4,3.0,0.0,0.8698173383589559,0.0,0.0,0.0,89.58854863138136
2931,PE-3SG,0.097,0.411,SIERRA,0.31399999999999995,0.0,0.0,0.0,0.0,0,0,0.0,0.0,0.0,0.0,0.0,0.0,89.65431672102649
2932,PE-5ND,0.0,10.23,SELVA,10.23,0.0,0.0,0.0,0.0,0,0,0.0,0.0,0.0,0.0,0.0,0.0,107.30411299254295
2933,PE-1N,238.496,239.327,COSTA,0.8309999999999889,0.0,0.0,7.0,1.0,3,12,10.0,1.0,12.03369434416382,1.203369434416382,0.0,0.0,20.15964947169006
2934,PE-22B,52.676,52.836,SIERRA,0.1599999999999966,0.0,0.0,0.0,0.0,0,0,0.0,0.0,0.0,0.0,0.0,0.0,28.20418778047534
2935,PE-3N,303.471,306.128,SIERRA,2.6569999999999823,0.0,0.0,0.0,0.0,2,3,2.0,0.0,0.7527286413248074,0.0,0.0,0.0,55.38409032955727
2936,PE-5ND,56.014,66.443,SELVA,10.428999999999995,0.0,0.0,0.0,0.0,0,0,0.0,0.0,0.0,0.0,0.0,0.0,123.74899816715968
2937,PE-1N,202.035,207.614,COSTA,5.579000000000008,2.0,3.0,4.0,0.0,21,77,27.0,3.0,4.8395769851227755,0.5377307761247528,0.0,0.0,12.171456924865646
2938,PE-3N,1056.376,1059.365,SIERRA,2.9890000000000327,0.0,0.0,0.0,0.0,2,4,2.0,0.0,0.6691201070592098,0.0,0.0,0.0,65.08965337924926
2939,PE-12,0.0,5.039,COSTA,5.039,0.0,0.0,0.0,0.0,0,0,0.0,0.0,0.0,0.0,0.0,0.0,12.735296136648875
2940,PE-18,112.982,116.944,SIERRA,3.9620000000000033,0.0,0.0,0.0,0.0,0,0,0.0,0.0,0.0,0.0,0.0,0.0,69.6942386687193
2941,PE-3N,784.47,793.262,SIERRA,8.791999999999916,0.0,0.0,0.0,0.0,6,11,6.0,0.0,0.682438580527759,0.0,0.0,0.0,75.76969448929853
2942,PE-30B,135.875,146.169,SIERRA,10.294000000000011,0.0,0.0,0.0,0.0,0,0,0.0,0.0,0.0,0.0,0.0,0.0,36.5600811367393
2943,PE-3NB,15.009,15.281,SIERRA,0.27200000000000024,0.0,0.0,0.0,0.0,0,0,0.0,0.0,0.0,0.0,0.0,0.0,102.65416503677838
2944,PE-34I,77.872,78.334,SIERRA,0.4620000000000033,0.0,0.0,0.0,0.0,0,0,0.0,0.0,0.0,0.0,0.0,0.0,72.98249511222362
2945,PE-28D,73.085,77.921,SIERRA,4.836000000000013,0.0,0.0,0.0,0.0,0,0,0.0,0.0,0.0,0.0,0.0,0.0,41.19740471343573
2946,PE-28D,7.652,29.027,SIERRA,21.375,1.0,3.0,0.0,0.0,0,0,1.0,3.0,0.04678362573099415,0.14035087719298245,0.0,0.0,20.25042541679497
2947,PE-3N,561.407,578.858,SIERRA,17.450999999999908,7.0,10.0,4.0,0.0,12,22,23.0,10.0,1.3179760472179314,0.5730330640077963,0.0,0.0,32.222115027864234
2948,PE-3SF,296.817,309.176,SIERRA,12.35899999999998,0.0,0.0,0.0,0.0,0,0,0.0,0.0,0.0,0.0,0.0,0.0,84.3690248453709
2949,PE-28D,107.0,113.799,SIERRA,6.799000000000007,0.0,0.0,0.0,0.0,0,0,0.0,0.0,0.0,0.0,0.0,0.0,26.13512264694312
2950,PE-26,214.399,223.301,SIERRA,8.901999999999987,2.0,5.0,0.0,0.0,0,0,2.0,5.0,0.22466861379465322,0.5616715344866331,0.0,0.0,65.76064270032303
2951,PE-34A,67.67,68.584,SIERRA,0.9140000000000015,0.0,0.0,3.0,0.0,3,4,6.0,0.0,6.5645514223194645,0.0,0.0,0.0,23.62648685989669
2952,PE-06B,45.184,50.824,SIERRA,5.640000000000001,0.0,0.0,1.0,0.0,0,0,1.0,0.0,0.17730496453900707,0.0,0.0,0.0,53.87890136043101
2953,PE-40,148.2,151.598,SIERRA,3.3980000000000246,0.0,0.0,0.0,0.0,0,0,0.0,0.0,0.0,0.0,0.0,0.0,95.82225872683055
2954,PE-5ND,40.578,50.524,SELVA,9.945999999999998,0.0,0.0,0.0,0.0,0,0,0.0,0.0,0.0,0.0,0.0,0.0,119.97159951461204
2955,PE-3N,578.858,579.016,SIERRA,0.15800000000001546,0.0,0.0,1.0,0.0,0,0,1.0,0.0,6.329113924050014,0.0,0.0,0.0,40.02647085506949
2956,PE-30B,146.169,160.286,SIERRA,14.11699999999999,3.0,3.0,0.0,0.0,0,0,3.0,3.0,0.2125097400297515,0.2125097400297515,0.0,0.0,37.053408930134765
2957,PE-08,26.328,26.916,COSTA,0.588000000000001,0.0,0.0,0.0,0.0,2,4,2.0,0.0,3.4013605442176815,0.0,0.0,0.0,21.50306932540127
2958,PE-34A,210.702,233.852,SIERRA,23.150000000000006,4.0,7.0,0.0,0.0,86,109,90.0,7.0,3.8876889848812084,0.30237580993520513,0.0,0.0,11.419785753082238
2959,PE-3N,893.743,897.926,SIERRA,4.182999999999993,0.0,0.0,0.0,0.0,3,5,3.0,0.0,0.717188620607221,0.0,0.0,0.0,96.99038159271736
2960,PE-3N,487.534,500.134,SIERRA,12.600000000000023,0.0,0.0,0.0,0.0,9,16,9.0,0.0,0.714285714285713,0.0,0.0,0.0,30.838741797681067
2961,PE-3N,403.949,435.108,SIERRA,31.158999999999992,1.0,1.0,0.0,0.0,21,39,22.0,1.0,0.7060560351744282,0.03209345614429219,0.0,0.0,36.965039775446144
2962,PE-5NB,90.574,113.766,SELVA,23.192000000000007,0.0,0.0,0.0,0.0,0,0,0.0,0.0,0.0,0.0,0.0,0.0,35.72060897801841
2963,PE-18A,51.496,52.132,SIERRA,0.6359999999999957,0.0,0.0,0.0,0.0,0,0,0.0,0.0,0.0,0.0,0.0,0.0,51.33637856660415
2964,PE-1N,0.533,3.2,COSTA,2.6670000000000003,5.0,5.0,2.0,0.0,10,37,17.0,5.0,6.374203224596925,1.8747656542932132,0.0,0.0,37.40027009729396
2965,PE-1SC,10.641,15.869,COSTA,5.228,1.0,1.0,0.0,0.0,0,0,1.0,1.0,0.1912777352716144,0.1912777352716144,0.0,0.0,23.21135608831976
2966,PE-3SH,40.322,41.23,SIERRA,0.9079999999999941,0.0,0.0,0.0,0.0,0,0,0.0,0.0,0.0,0.0,0.0,0.0,25.071214000590874
2967,PE-34I,45.873,47.094,SIERRA,1.2210000000000036,0.0,0.0,0.0,0.0,0,0,0.0,0.0,0.0,0.0,0.0,0.0,81.995382215739
2968,PE-1SG,0.0,4.306,COSTA,4.306,0.0,0.0,0.0,0.0,0,0,0.0,0.0,0.0,0.0,0.0,0.0,38.70040794631839
2969,PE-28D,44.461,51.319,SIERRA,6.858000000000004,0.0,0.0,0.0,0.0,0,0,0.0,0.0,0.0,0.0,0.0,0.0,30.989650941755627
2970,PE-3N,1443.512,1459.708,SIERRA,16.19600000000014,4.0,4.0,0.0,0.0,11,20,15.0,4.0,0.9261546060755662,0.246974561620151,0.0,0.0,74.32415419553105
2971,PE-3N,1038.794,1043.251,SIERRA,4.45699999999988,1.0,3.0,0.0,0.0,3,6,4.0,3.0,0.897464662328945,0.6730984967467087,0.0,0.0,57.99775409586819
2972,PE-3N,381.911,387.127,SIERRA,5.216000000000008,0.0,0.0,0.0,0.0,4,6,4.0,0.0,0.7668711656441706,0.0,0.0,0.0,52.8979185327913
2973,PE-32,221.319,225.449,SIERRA,4.130000000000024,0.0,0.0,0.0,0.0,0,0,0.0,0.0,0.0,0.0,0.0,0.0,58.92296189602513
2974,PE-32,241.089,245.513,SIERRA,4.424000000000007,0.0,0.0,0.0,0.0,0,0,0.0,0.0,0.0,0.0,0.0,0.0,46.03455787182083
2975,PE-32,266.039,270.717,SIERRA,4.677999999999997,0.0,0.0,0.0,0.0,0,0,0.0,0.0,0.0,0.0,0.0,0.0,29.786667467260195
2976,PE-32,230.483,241.089,SIERRA,10.605999999999995,0.0,0.0,0.0,0.0,0,0,0.0,0.0,0.0,0.0,0.0,0.0,51.39741568543674
2977,PE-32,225.449,230.483,SIERRA,5.033999999999992,0.0,0.0,0.0,0.0,0,0,0.0,0.0,0.0,0.0,0.0,0.0,56.35045892433312
2978,PE-32,202.422,206.359,SIERRA,3.937000000000012,0.0,0.0,0.0,0.0,0,0,0.0,0.0,0.0,0.0,0.0,0.0,67.29462498513908
2979,PE-32,245.513,266.039,SIERRA,20.525999999999982,0.0,0.0,0.0,0.0,0,0,0.0,0.0,0.0,0.0,0.0,0.0,37.78451338882526
2980,PE-32,270.717,275.704,SIERRA,4.987000000000023,0.0,0.0,0.0,0.0,0,0,0.0,0.0,0.0,0.0,0.0,0.0,27.28833675257845
2981,PE-3N,1699.285,1705.23,SIERRA,5.944999999999936,0.0,0.0,0.0,0.0,4,7,4.0,0.0,0.6728343145500493,0.0,0.0,0.0,22.5099954096802
2982,PE-3N,1652.027,1653.023,SELVA,0.9959999999998672,0.0,0.0,0.0,0.0,1,1,1.0,0.0,1.004016064257162,0.0,0.0,0.0,28.93808882319495
2983,PE-3N,1774.687,1779.53,SELVA,4.843000000000075,0.0,0.0,0.0,0.0,3,6,3.0,0.0,0.6194507536650741,0.0,0.0,0.0,33.71183353374351
2984,PE-3N,1789.256,1790.756,SIERRA,1.5,0.0,0.0,0.0,0.0,1,2,1.0,0.0,0.6666666666666666,0.0,0.0,0.0,39.98772323718834
2985,PE-3N,1694.916,1699.285,SIERRA,4.369000000000142,0.0,0.0,0.0,0.0,3,5,3.0,0.0,0.6866559853513167,0.0,0.0,0.0,22.301945558468542
2986,PE-3N,1635.408,1646.176,SELVA,10.768000000000029,1.0,1.0,0.0,0.0,7,13,8.0,1.0,0.7429420505200575,0.09286775631500718,0.0,0.0,27.802480652275225
2987,PE-28D,139.898,143.9,SIERRA,4.0020000000000095,0.0,0.0,0.0,0.0,0,0,0.0,0.0,0.0,0.0,0.0,0.0,43.67278789542148
2988,PE-26B,4.856,8.881,SIERRA,4.025,0.0,0.0,1.0,0.0,0,0,1.0,0.0,0.24844720496894407,0.0,0.0,0.0,63.3093790212147
2989,PE-3N,667.894,668.539,SIERRA,0.6449999999999818,0.0,0.0,0.0,0.0,0,1,0.0,0.0,0.0,0.0,0.0,0.0,75.93630193493024
2990,PE-24,84.271,88.631,SIERRA,4.359999999999999,0.0,0.0,0.0,0.0,0,0,0.0,0.0,0.0,0.0,0.0,0.0,49.94821208002072
2991,PE-3N,149.066,150.031,SIERRA,0.9650000000000034,0.0,0.0,0.0,0.0,1,1,1.0,0.0,1.0362694300518098,0.0,0.0,0.0,48.27110049708701
2992,PE-3N,837.014,840.816,SIERRA,3.802000000000021,0.0,0.0,0.0,0.0,3,5,3.0,0.0,0.7890583903208794,0.0,0.0,0.0,86.60508594026957
2993,PE-5NA,46.407,46.411,SELVA,0.0040000000000048885,0.0,0.0,0.0,0.0,0,0,0.0,0.0,0.0,0.0,0.0,0.0,64.66208646665488
2994,PE-08A,0.0,5.054,SIERRA,5.054,0.0,0.0,2.0,0.0,7,11,9.0,0.0,1.780767708745548,0.0,0.0,0.0,69.61075915636441
2995,PE-3SF,211.666,216.802,SIERRA,5.135999999999996,2.0,2.0,0.0,0.0,0,0,2.0,2.0,0.38940809968847384,0.38940809968847384,0.0,0.0,86.06260262985246
2996,PE-26B,66.931,74.681,SIERRA,7.75,2.0,2.0,0.0,0.0,0,0,2.0,2.0,0.25806451612903225,0.25806451612903225,0.0,0.0,48.93570783642669
2997,PE-22,11.101,12.481,COSTA,1.379999999999999,2.0,2.0,2.0,0.0,0,0,4.0,2.0,2.8985507246376834,1.4492753623188417,0.0,0.0,35.564784425446106
2998,PE-12B,54.775,106.065,SIERRA,51.29,0.0,0.0,0.0,0.0,0,0,0.0,0.0,0.0,0.0,0.0,0.0,134.32865447772988
2999,PE-1N,198.789,202.035,COSTA,3.2460000000000093,1.0,1.0,14.0,0.0,12,45,27.0,1.0,8.317929759704228,0.30807147258163803,0.0,0.0,15.564369874205152
3000,PE-3SH,39.297,40.322,SIERRA,1.0250000000000057,0.0,0.0,0.0,0.0,0,0,0.0,0.0,0.0,0.0,0.0,0.0,25.95115313280233
3001,PE-3N,686.53,687.505,SIERRA,0.9750000000000227,1.0,1.0,0.0,0.0,1,1,2.0,1.0,2.0512820512820036,1.0256410256410018,0.0,0.0,76.42319047781977
3002,PE-28A,80.098,84.792,SIERRA,4.694000000000003,0.0,0.0,1.0,1.0,0,0,1.0,1.0,0.21303792074989336,0.21303792074989336,0.0,0.0,5.776154411335214
3003,PE-3N,1489.411,1489.429,SIERRA,0.018000000000029104,0.0,0.0,0.0,0.0,0,0,0.0,0.0,0.0,0.0,0.0,0.0,69.98136152348519
3004,PE-3SF,216.802,219.118,SIERRA,2.3160000000000025,0.0,0.0,0.0,0.0,0,0,0.0,0.0,0.0,0.0,0.0,0.0,88.48616312365104
3005,PE-3N,664.989,667.894,SIERRA,2.9049999999999727,0.0,0.0,0.0,0.0,2,4,2.0,0.0,0.6884681583476829,0.0,0.0,0.0,75.20567746638424
3006,PE-5NB,48.737,54.09,SELVA,5.3530000000000015,0.0,0.0,0.0,0.0,0,0,0.0,0.0,0.0,0.0,0.0,0.0,4.577977106755066
3007,PE-16,37.23,46.988,SIERRA,9.758000000000003,0.0,0.0,0.0,0.0,0,0,0.0,0.0,0.0,0.0,0.0,0.0,26.798033963594747
3008,PE-24,68.276,74.797,SIERRA,6.521000000000001,0.0,0.0,0.0,0.0,0,0,0.0,0.0,0.0,0.0,0.0,0.0,39.16736870475438
3009,PE-24A,181.217,196.159,SELVA,14.941999999999979,0.0,0.0,0.0,0.0,0,0,0.0,0.0,0.0,0.0,0.0,0.0,78.24041499650637
3010,PE-28A,264.665,311.268,SIERRA,46.60299999999995,13.0,30.0,0.0,0.0,0,0,13.0,30.0,0.2789519987983609,0.6437353818423713,0.0,0.0,17.721588723233847
3011,PE-28A,228.18,231.776,SIERRA,3.5960000000000036,3.0,3.0,0.0,0.0,0,0,3.0,3.0,0.8342602892102328,0.8342602892102328,0.0,0.0,12.982143217085923
3012,PE-28A,237.138,241.961,SIERRA,4.8230000000000075,0.0,0.0,1.0,0.0,0,0,1.0,0.0,0.2073398299813391,0.0,0.0,0.0,24.434640622631683
3013,PE-28A,84.889,94.612,SIERRA,9.722999999999999,0.0,0.0,0.0,0.0,0,0,0.0,0.0,0.0,0.0,0.0,0.0,10.298282297726454
3014,PE-28A,183.299,188.369,SIERRA,5.069999999999993,1.0,1.0,0.0,0.0,0,0,1.0,1.0,0.19723865877712057,0.19723865877712057,0.0,0.0,4.484361229412545
3015,PE-28A,163.105,168.146,SIERRA,5.040999999999997,1.0,1.0,1.0,0.0,0,0,2.0,1.0,0.3967466772465783,0.19837333862328915,0.0,0.0,17.442509831285772
3016,PE-28A,11.055,36.952,COSTA,25.897,18.0,27.0,0.0,0.0,0,0,18.0,27.0,0.6950612040004635,1.0425918060006951,0.0,0.0,26.55962047216109
3017,PE-28A,201.858,206.972,SIERRA,5.114000000000004,2.0,26.0,1.0,0.0,0,0,3.0,26.0,0.5866249511145869,5.084082909659753,0.0,0.0,4.789774841536279
3018,PE-28A,146.384,153.296,SIERRA,6.912000000000006,0.0,0.0,0.0,0.0,0,0,0.0,0.0,0.0,0.0,0.0,0.0,30.76304177777052
3019,PE-5NC,210.001,213.653,SELVA,3.651999999999987,0.0,0.0,0.0,0.0,0,0,0.0,0.0,0.0,0.0,0.0,0.0,111.5571440724934
3020,PE-34C,220.132,221.516,SIERRA,1.3839999999999861,0.0,0.0,0.0,0.0,0,0,0.0,0.0,0.0,0.0,0.0,0.0,1.4668272246598284
3021,PE-26,231.22,293.007,SIERRA,61.787000000000006,3.0,6.0,0.0,0.0,0,0,3.0,6.0,0.048553902924563415,0.09710780584912683,0.0,0.0,60.06171017252908
3022,PE-28D,94.359,98.323,SIERRA,3.9639999999999986,0.0,0.0,0.0,0.0,0,0,0.0,0.0,0.0,0.0,0.0,0.0,30.98837017022629
3023,PE-24A,135.762,158.146,SIERRA,22.383999999999986,1.0,2.0,0.0,0.0,0,0,1.0,2.0,0.04467476769120803,0.08934953538241606,0.0,0.0,72.27529357108085
3024,PE-3SB,0.0,17.749,SIERRA,17.749,18.0,20.0,0.0,0.0,0,0,18.0,20.0,1.0141416417826357,1.1268240464251509,0.0,0.0,42.23100566641606
3025,PE-1N,604.125,611.255,COSTA,7.1299999999999955,5.0,5.0,1.0,0.0,26,99,32.0,5.0,4.488078541374477,0.701262272089762,0.0,0.0,8.10120292772733
3026,PE-1N,311.347,322.947,COSTA,11.600000000000023,0.0,0.0,0.0,0.0,43,161,43.0,0.0,3.706896551724131,0.0,0.0,0.0,5.101216836068849
3027,PE-3N,1289.483,1293.932,SIERRA,4.449000000000069,0.0,0.0,1.0,0.0,3,6,4.0,0.0,0.8990784445942769,0.0,0.0,0.0,100.60387940508387
3028,PE-28D,98.323,102.8,SIERRA,4.477000000000004,0.0,0.0,0.0,0.0,0,0,0.0,0.0,0.0,0.0,0.0,0.0,28.448024802983635
3029,PE-12B,147.03,161.395,SIERRA,14.365000000000009,1.0,1.0,0.0,0.0,0,0,1.0,1.0,0.06961364427427771,0.06961364427427771,0.0,0.0,156.7147435379323
3030,PE-06B,91.154,96.407,SIERRA,5.253,0.0,0.0,2.0,0.0,0,0,2.0,0.0,0.3807348181991243,0.0,0.0,0.0,76.19307619373468
3031,PE-06B,60.32,91.154,SIERRA,30.833999999999996,0.0,0.0,0.0,0.0,0,0,0.0,0.0,0.0,0.0,0.0,0.0,67.16895568818241
3032,PE-14A,180.494,180.994,SIERRA,0.5,0.0,0.0,0.0,0.0,0,0,0.0,0.0,0.0,0.0,0.0,0.0,98.93966855924354
3033,PE-26B,58.054,66.931,SIERRA,8.876999999999995,0.0,0.0,1.0,0.0,0,0,1.0,0.0,0.11265067027148817,0.0,0.0,0.0,50.04388209287695
3034,PE-3N,580.761,581.997,SIERRA,1.23599999999999,0.0,0.0,0.0,0.0,1,2,1.0,0.0,0.8090614886731458,0.0,0.0,0.0,42.43618049339904
3035,PE-3N,1103.459,1111.994,SIERRA,8.534999999999854,6.0,6.0,0.0,0.0,6,11,12.0,6.0,1.405975395430604,0.702987697715302,0.0,0.0,95.14606461717884
3036,PE-1N,4.187,5.809,COSTA,1.6219999999999999,9.0,9.0,5.0,10110.0,6,22,20.0,10119.0,12.330456226880395,6238.594327990136,0.0,0.0,35.12544163733956
3037,PE-28D,77.921,82.777,SIERRA,4.8559999999999945,0.0,0.0,0.0,0.0,0,0,0.0,0.0,0.0,0.0,0.0,0.0,39.958485249880376
3038,PE-28D,88.983,91.128,SIERRA,2.144999999999996,0.0,0.0,0.0,0.0,0,0,0.0,0.0,0.0,0.0,0.0,0.0,34.57958721385266
3039,PE-18,110.313,112.982,SIERRA,2.668999999999997,0.0,0.0,0.0,0.0,0,0,0.0,0.0,0.0,0.0,0.0,0.0,67.067543860497
3040,PE-3N,670.458,675.596,SIERRA,5.138000000000034,0.0,0.0,1.0,0.0,3,6,4.0,0.0,0.7785130400934165,0.0,0.0,0.0,78.55372818649485
3041,PE-3SA,47.354,49.028,SIERRA,1.6739999999999995,0.0,0.0,2.0,10.0,0,0,2.0,10.0,1.1947431302270015,5.973715651135008,0.0,0.0,23.56052467930792
3042,PE-1S,605.303,606.35,COSTA,1.0470000000000255,0.0,0.0,16.0,0.0,3,6,19.0,0.0,18.147086914994784,0.0,0.0,0.0,31.02656421272433
3043,PE-26B,34.066,58.054,SIERRA,23.988,1.0,1.0,0.0,0.0,0,0,1.0,1.0,0.041687510421877606,0.041687510421877606,0.0,0.0,52.409321302408486
3044,PE-06B,2.484,20.497,SIERRA,18.012999999999998,0.0,0.0,3.0,0.0,0,0,3.0,0.0,0.16654638316771223,0.0,0.0,0.0,34.87822363238603
3045,PE-28D,64.599,68.844,SIERRA,4.24499999999999,0.0,0.0,0.0,0.0,0,0,0.0,0.0,0.0,0.0,0.0,0.0,41.94352505584424
3046,PE-08C,38.62,39.38,SELVA,0.7600000000000051,0.0,0.0,2.0,0.0,0,0,2.0,0.0,2.6315789473684035,0.0,0.0,0.0,1.7224306763080346
3047,PE-14A,133.349,160.975,SIERRA,27.626000000000005,3.0,4.0,0.0,0.0,0,0,3.0,4.0,0.10859335408672988,0.1447911387823065,0.0,0.0,92.94251764381411
3048,PE-08B,215.747,216.588,SIERRA,0.8409999999999798,0.0,0.0,0.0,0.0,0,0,0.0,0.0,0.0,0.0,0.0,0.0,89.96294891306594
3049,PE-3N,1043.277,1045.276,SIERRA,1.9990000000000236,2.0,2.0,0.0,0.0,1,2,3.0,2.0,1.5007503751875761,1.0005002501250506,0.0,0.0,57.36231912910982
3050,PE-20C,20.881,23.439,COSTA,2.558,0.0,0.0,2.0,30.0,0,0,2.0,30.0,0.7818608287724785,11.727912431587178,0.0,0.0,16.29759598868937
3051,PE-5NC,223.203,241.632,SELVA,18.429000000000002,0.0,0.0,0.0,0.0,0,0,0.0,0.0,0.0,0.0,0.0,0.0,119.37870405531152
3052,PE-36B,22.108,33.545,SIERRA,11.437000000000001,1.0,1.0,0.0,0.0,7,9,8.0,1.0,0.6994841304537902,0.08743551630672378,0.0,0.0,44.123197588945104
3053,PE-10A,65.573,70.424,SIERRA,4.851000000000013,0.0,0.0,3.0,0.0,47,96,50.0,0.0,10.307153164295993,0.0,0.0,0.0,28.38962490527196
3054,PE-3N,0.0,2.714,SIERRA,2.714,0.0,0.0,5.0,100.0,2,3,7.0,100.0,2.5792188651436994,36.84598378776713,0.0,0.0,8.350326497653597
3055,PE-3N,650.011,654.927,SIERRA,4.916000000000054,2.0,2.0,1.0,0.0,3,6,6.0,2.0,1.2205044751830623,0.4068348250610208,0.0,0.0,71.9171478816894
3056,PE-3N,252.289,253.551,SIERRA,1.2620000000000005,0.0,0.0,1.0,0.0,1,2,2.0,0.0,1.5847860538827252,0.0,0.0,0.0,34.69857089629201
3057,PE-36A,97.94,99.305,SIERRA,1.365000000000009,1.0,1.0,0.0,0.0,1,1,2.0,1.0,1.4652014652014553,0.7326007326007277,0.0,0.0,19.45012890624741
3058,PE-36B,73.144,113.416,SIERRA,40.27199999999999,4.0,4.0,0.0,0.0,26,33,30.0,4.0,0.7449344457687725,0.09932459276916966,0.0,0.0,60.30659789887549
3059,PE-3N,655.754,655.756,SIERRA,0.0019999999999527063,0.0,0.0,1.0,1.0,0,0,1.0,1.0,500.00000001182343,500.00000001182343,0.0,0.0,72.93430014382997
3060,PE-3N,871.108,889.972,SIERRA,18.864000000000033,2.0,4.0,0.0,0.0,13,23,15.0,4.0,0.7951653944020343,0.21204410517387579,0.0,0.0,97.2222359461212
3061,PE-28D,143.9,165.093,SIERRA,21.192999999999984,1.0,1.0,0.0,0.0,0,0,1.0,1.0,0.04718539140282172,0.04718539140282172,0.0,0.0,53.42553273289908
3062,PE-18,119.546,126.764,SIERRA,7.217999999999989,0.0,0.0,0.0,0.0,0,0,0.0,0.0,0.0,0.0,0.0,0.0,75.93405624267136
3063,PE-3N,1154.197,1155.034,SIERRA,0.8370000000002165,0.0,0.0,0.0,0.0,1,1,1.0,0.0,1.1947431302266922,0.0,0.0,0.0,98.1011264516984
3064,PE-3N,988.541,1001.05,SIERRA,12.5089999999999,1.0,1.0,0.0,0.0,8,16,9.0,1.0,0.7194819729794605,0.07994244144216228,0.0,0.0,74.66782357615368
3065,PE-26B,8.881,14.257,SIERRA,5.3759999999999994,1.0,1.0,0.0,0.0,0,0,1.0,1.0,0.1860119047619048,0.1860119047619048,0.0,0.0,62.08651942611601
3066,PE-3N,322.485,328.267,SIERRA,5.781999999999982,0.0,0.0,0.0,0.0,4,7,4.0,0.0,0.6918021445866503,0.0,0.0,0.0,68.29689547868176
3067,PE-3N,1062.479,1078.148,SIERRA,15.668999999999869,1.0,1.0,0.0,0.0,11,19,12.0,1.0,0.7658433850277683,0.06382028208564736,0.0,0.0,71.90060559751342
3068,PE-3N,128.347,148.299,SIERRA,19.951999999999998,4.0,6.0,3.0,0.0,13,25,20.0,6.0,1.0024057738572576,0.30072173215717724,0.0,0.0,55.41947515720052
3069,PE-18,27.425,42.272,SIERRA,14.846999999999998,4.0,5.0,0.0,0.0,0,0,4.0,5.0,0.26941469657169803,0.3367683707146225,0.0,0.0,32.0919732082884
3070,PE-08A,29.444,34.691,SIERRA,5.247000000000003,0.0,0.0,1.0,1.0,7,11,8.0,1.0,1.5246807699637879,0.19058509624547348,0.0,0.0,76.68582860315944
3071,PE-36B,65.721,67.081,SIERRA,1.3599999999999994,0.0,0.0,2.0,0.0,1,1,3.0,0.0,2.2058823529411775,0.0,0.0,0.0,52.76861109000607
3072,PE-1N,284.402,289.398,COSTA,4.996000000000038,1.0,1.0,7.0,10000.0,19,69,27.0,10001.0,5.404323458766973,2001.8014411529073,0.0,0.0,24.00027979972877
3073,PE-06B,40.277,45.184,SIERRA,4.9069999999999965,0.0,0.0,3.0,0.0,0,0,3.0,0.0,0.6113715100876304,0.0,0.0,0.0,52.44163803951263
3074,PE-3N,1051.189,1054.676,SIERRA,3.4869999999998527,3.0,5.0,1.0,0.0,2,4,6.0,5.0,1.7206767995412255,1.4338973329510214,0.0,0.0,61.99481853863359
3075,PE-26,201.600229,206.807,SIERRA,5.206770999999975,1.0,1.0,0.0,0.0,0,0,1.0,1.0,0.1920576111374986,0.1920576111374986,0.0,0.0,62.676798910665084
3076,PE-28D,82.777,88.983,SIERRA,6.206000000000003,0.0,0.0,0.0,0.0,0,0,0.0,0.0,0.0,0.0,0.0,0.0,37.537012662091264
3077,PE-3N,1559.97,1559.993,SELVA,0.02299999999991087,0.0,0.0,0.0,0.0,0,0,0.0,0.0,0.0,0.0,0.0,0.0,31.447081632234703
3078,PE-3SB,35.08,39.355,SIERRA,4.274999999999999,11.0,11.0,0.0,0.0,0,0,11.0,11.0,2.573099415204679,2.573099415204679,0.0,0.0,15.555887883912373
3079,PE-5NC,170.988,175.877,SELVA,4.88900000000001,0.0,0.0,0.0,0.0,0,0,0.0,0.0,0.0,0.0,0.0,0.0,100.6256721861308
3080,PE-5ND,20.231,30.599,SELVA,10.367999999999999,0.0,0.0,0.0,0.0,0,0,0.0,0.0,0.0,0.0,0.0,0.0,116.85620616643448
3081,PE-5NC,149.991,170.988,SELVA,20.996999999999986,0.0,0.0,0.0,0.0,0,0,0.0,0.0,0.0,0.0,0.0,0.0,103.68055460495766
3082,PE-30C,158.955,159.253,SELVA,0.2979999999999734,0.0,0.0,0.0,0.0,0,0,0.0,0.0,0.0,0.0,0.0,0.0,19.37095455104684
3083,PE-1SC,82.153,96.253,SIERRA,14.099999999999994,0.0,0.0,0.0,0.0,0,0,0.0,0.0,0.0,0.0,0.0,0.0,20.347443635967554
3084,PE-26,293.007,299.064,SIERRA,6.057000000000016,3.0,5.0,1.0,0.0,0,0,4.0,5.0,0.6603929337956066,0.8254911672445082,0.0,0.0,45.29938498638868
3085,PE-3N,1272.215,1273.715,SIERRA,1.5,1.0,1.0,0.0,0.0,1,2,2.0,1.0,1.3333333333333333,0.6666666666666666,0.0,0.0,102.30778399439964
3086,PE-3N,1217.038,1226.853,SIERRA,9.815000000000055,2.0,2.0,0.0,0.0,7,12,9.0,2.0,0.9169638308711106,0.20376974019358013,0.0,0.0,107.19769157745873
3087,PE-3N,1266.858,1269.859,SIERRA,3.0009999999999764,2.0,2.0,0.0,0.0,2,4,4.0,2.0,1.3328890369876814,0.6664445184938407,0.0,0.0,101.16268798010547
3088,PE-3N,12.501,16.826,SIERRA,4.325000000000001,3.0,4.0,14.0,1000000000100.0,3,5,20.0,1000000000104.0,4.624277456647397,231213872856.41614,0.0,0.0,2.237584078847396
3089,PE-3N,1286.829,1288.698,SIERRA,1.8690000000001419,2.0,2.0,0.0,0.0,1,2,3.0,2.0,1.605136436596989,1.070090957731326,0.0,0.0,102.27654802175834
3090,PE-14A,108.049,108.05,SIERRA,0.000999999999990564,0.0,0.0,0.0,0.0,0,0,0.0,0.0,0.0,0.0,0.0,0.0,80.50467211018514
3091,PE-14A,162.674,165.824,SIERRA,3.1500000000000057,0.0,0.0,0.0,0.0,0,0,0.0,0.0,0.0,0.0,0.0,0.0,96.76886563898512
3092,PE-12B,0.0,54.775,SIERRA,54.775,0.0,0.0,0.0,0.0,0,0,0.0,0.0,0.0,0.0,0.0,0.0,121.04386344961736
3093,PE-1SC,111.764,111.768,SIERRA,0.0040000000000048885,0.0,0.0,0.0,0.0,0,0,0.0,0.0,0.0,0.0,0.0,0.0,23.548965250995263
3094,PE-30B,50.187,65.935,SIERRA,15.748000000000005,0.0,0.0,0.0,0.0,0,0,0.0,0.0,0.0,0.0,0.0,0.0,66.27732526515263
3095,PE-1N,848.494,853.506,COSTA,5.011999999999944,1.0,1.0,3.0,0.0,19,69,23.0,1.0,4.588986432561903,0.19952114924182188,0.0,0.0,33.05212557955868
3096,PE-3N,1417.55,1422.486,SIERRA,4.936000000000149,1.0,1.0,0.0,0.0,3,6,4.0,1.0,0.810372771474854,0.2025931928687135,0.0,0.0,91.49296513585298
3097,PE-16,100.877,107.635,SIERRA,6.75800000000001,2.0,3.0,4.0,0.0,0,0,6.0,3.0,0.8878366380585959,0.44391831902929796,0.0,0.0,32.16860386655365
3098,PE-28D,61.829,64.599,SIERRA,2.770000000000003,0.0,0.0,0.0,0.0,0,0,0.0,0.0,0.0,0.0,0.0,0.0,40.82792858386574
3099,PE-36,0.0,5.344,SIERRA,5.344,0.0,0.0,0.0,0.0,2,4,2.0,0.0,0.374251497005988,0.0,0.0,0.0,20.454702976221288
3100,PE-34A,4.072,14.663,SIERRA,10.591000000000001,2.0,3.0,5.0,0.0,39,50,46.0,3.0,4.3433103578510055,0.28325937116419597,0.0,0.0,9.424770768071864
3101,PE-06B,20.497,30.387,SIERRA,9.89,0.0,0.0,1.0,0.0,0,0,1.0,0.0,0.10111223458038422,0.0,0.0,0.0,44.71560717630265
3102,PE-3N,910.949,920.598,SIERRA,9.649000000000001,2.0,2.0,0.0,0.0,7,12,9.0,2.0,0.9327391439527412,0.20727536532283136,0.0,0.0,99.39899620334988
3103,PE-1NI,51.948,53.185,COSTA,1.2370000000000019,0.0,0.0,0.0,0.0,0,0,0.0,0.0,0.0,0.0,0.0,0.0,23.9577062380352
3104,PE-3N,1794.218,1794.245,SIERRA,0.026999999999816282,0.0,0.0,0.0,0.0,0,0,0.0,0.0,0.0,0.0,0.0,0.0,40.5494771732656
3105,PE-3N,469.462,475.144,SIERRA,5.682000000000016,1.0,1.0,0.0,0.0,4,7,5.0,1.0,0.8799718409010886,0.17599436818021771,0.0,0.0,39.26865761055062
3106,PE-5ND,10.23,20.231,SELVA,10.001000000000001,0.0,0.0,0.0,0.0,0,0,0.0,0.0,0.0,0.0,0.0,0.0,113.91219460471156
3107,PE-3N,1460.208,1460.288,SIERRA,0.07999999999992724,0.0,0.0,0.0,0.0,0,0,0.0,0.0,0.0,0.0,0.0,0.0,70.15489749570428
3108,PE-02A,51.787,72.141,COSTA,20.354000000000006,2.0,2.0,0.0,0.0,4,5,6.0,2.0,0.29478235236317174,0.09826078412105725,0.0,0.0,2.453013818844107
3109,PE-5NA,137.097,138.936,SELVA,1.8389999999999986,0.0,0.0,0.0,0.0,0,0,0.0,0.0,0.0,0.0,0.0,0.0,77.64665763842041
3110,PE-3N,1010.737,1016.84,SIERRA,6.1030000000000655,0.0,0.0,0.0,0.0,4,8,4.0,0.0,0.6554153694904075,0.0,0.0,0.0,69.02994595510073
3111,PE-08A,5.054,10.53,SIERRA,5.475999999999999,0.0,0.0,5.0,0.0,7,12,12.0,0.0,2.1913805697589486,0.0,0.0,0.0,71.18879389575625
3112,PE-10A,36.072,41.082,SIERRA,5.009999999999998,0.0,0.0,0.0,0.0,48,99,48.0,0.0,9.580838323353298,0.0,0.0,0.0,10.349454376657942
3113,PE-3N,369.474,374.779,SIERRA,5.305000000000007,0.0,0.0,1.0,0.0,4,7,5.0,0.0,0.9425070688030148,0.0,0.0,0.0,61.96167376279767
3114,PE-3N,475.144,477.317,SIERRA,2.173000000000002,0.0,0.0,0.0,0.0,1,3,1.0,0.0,0.46019328117809444,0.0,0.0,0.0,37.91139085729412
3115,PE-02A,19.72,51.787,COSTA,32.067,3.0,3.0,0.0,0.0,7,8,10.0,3.0,0.3118470701967755,0.09355412105903264,0.0,0.0,22.6482819964036
3116,PE-04B,0.0,15.429,COSTA,15.429,3.0,3.0,0.0,0.0,0,0,3.0,3.0,0.19443904335990667,0.19443904335990667,0.0,0.0,2.451038566734499
3117,PE-3N,16.826,21.601,SIERRA,4.774999999999999,0.0,0.0,5.0,0.0,3,6,8.0,0.0,1.6753926701570685,0.0,0.0,0.0,6.348366360584022
3118,PE-3N,165.642,165.729,SIERRA,0.08700000000001751,0.0,0.0,6.0,0.0,0,0,6.0,0.0,68.96551724136543,0.0,0.0,0.0,34.37735359593684
3119,PE-06B,30.387,32.863,SIERRA,2.475999999999999,0.0,0.0,4.0,0.0,0,0,4.0,0.0,1.6155088852988697,0.0,0.0,0.0,48.43283775295051
3120,PE-1N,128.204,143.186,COSTA,14.982,10.0,14.0,9.0,11001000.0,56,207,75.0,11001014.0,5.006007208650381,734282.0718195168,0.0,0.0,3.845835621111312
3121,PE-16,96.078,100.877,SIERRA,4.798999999999992,0.0,0.0,5.0,0.0,0,0,5.0,0.0,1.041883725776205,0.0,0.0,0.0,29.721131207815528
3122,PE-3N,302.106,303.471,SIERRA,1.365000000000009,0.0,0.0,0.0,0.0,1,2,1.0,0.0,0.7326007326007277,0.0,0.0,0.0,55.11143355396676
3123,PE-1NE,0.0,12.62,COSTA,12.62,7.0,9.0,5.0,0.0,0,0,12.0,9.0,0.9508716323296356,0.7131537242472267,0.0,0.0,13.456719823022125
3124,PE-3N,846.414,850.24999999,SIERRA,3.835999990000005,0.0,0.0,0.0,0.0,3,5,3.0,0.0,0.7820646527165388,0.0,0.0,0.0,90.73524540650686
3125,PE-3N,1549.6,1549.61,SELVA,0.009999999999990905,0.0,0.0,0.0,0.0,0,0,0.0,0.0,0.0,0.0,0.0,0.0,41.85813270541775
3126,PE-18,273.011,286.977,SIERRA,13.965999999999951,0.0,0.0,0.0,0.0,0,0,0.0,0.0,0.0,0.0,0.0,0.0,5.15356948662635
3127,PE-3N,1153.424,1154.172,SIERRA,0.7480000000000473,0.0,0.0,0.0,0.0,1,1,1.0,0.0,1.3368983957218405,0.0,0.0,0.0,98.06182005131753
3128,PE-3N,638.273,648.476,SIERRA,10.202999999999975,6.0,7.0,1.0,0.0,7,13,14.0,7.0,1.3721454474174297,0.6860727237087149,0.0,0.0,72.80495520165609
3129,PE-08A,62.914,67.96,SIERRA,5.045999999999992,0.0,0.0,1.0,0.0,7,11,8.0,0.0,1.585414189456998,0.0,0.0,0.0,98.5861188646242
3130,PE-3SF,403.988,434.401,SIERRA,30.41300000000001,1.0,3.0,0.0,0.0,0,0,1.0,3.0,0.0328806760266991,0.0986420280800973,0.0,0.0,98.63578217926626
3131,PE-10A,96.316,122.122,SIERRA,25.805999999999997,4.0,5.0,0.0,0.0,249,512,253.0,5.0,9.803921568627452,0.193753390684337,0.0,0.0,47.57005984678332
3132,PE-3N,1371.498,1374.102,SIERRA,2.604000000000042,0.0,0.0,0.0,0.0,2,3,2.0,0.0,0.768049155145917,0.0,0.0,0.0,98.58277827842758
3133,PE-36B,52.923,56.911,SIERRA,3.9879999999999995,0.0,0.0,0.0,0.0,3,3,3.0,0.0,0.7522567703109329,0.0,0.0,0.0,46.49925050849561
3134,PE-08B,31.081,31.438,SIERRA,0.3569999999999993,1.0,1.0,6.0,0.0,0,0,7.0,1.0,19.60784313725494,2.801120448179277,0.0,0.0,117.55473916248272
3135,PE-3N,835.763,837.014,SIERRA,1.2509999999999764,1.0,2.0,0.0,0.0,1,2,2.0,2.0,1.598721023181485,1.598721023181485,0.0,0.0,85.1913211748053
3136,PE-1NF,19.228,20.721,COSTA,1.4929999999999986,0.0,0.0,0.0,0.0,0,0,0.0,0.0,0.0,0.0,0.0,0.0,19.27556566331073
3137,PE-5NA,116.605,120.029,SELVA,3.4239999999999924,0.0,0.0,0.0,0.0,0,0,0.0,0.0,0.0,0.0,0.0,0.0,72.2108585498771
3138,PE-08A,54.315,57.862,SIERRA,3.547000000000004,0.0,0.0,0.0,0.0,5,8,5.0,0.0,1.4096419509444584,0.0,0.0,0.0,90.23666115994976
3139,PE-3N,389.847,403.949,SIERRA,14.102000000000032,0.0,0.0,0.0,0.0,10,18,10.0,0.0,0.7091192738618619,0.0,0.0,0.0,44.81042581690293
3140,PE-34A,28.076,35.922,SIERRA,7.8459999999999965,14.0,14.0,1.0,0.0,29,37,44.0,14.0,5.6079530971195535,1.784348712719858,0.0,0.0,6.142545173980887
3141,PE-3NA,21.872,22.083,SIERRA,0.21099999999999852,0.0,0.0,0.0,0.0,0,0,0.0,0.0,0.0,0.0,0.0,0.0,80.09079564278956
3142,PE-36B,131.316,155.586,SIERRA,24.27000000000001,4.0,4.0,0.0,0.0,16,20,20.0,4.0,0.8240626287597854,0.16481252575195707,0.0,0.0,40.52982977857595
3143,PE-5NC,175.877,182.256,SELVA,6.378999999999991,0.0,0.0,0.0,0.0,0,0,0.0,0.0,0.0,0.0,0.0,0.0,100.95894138423076
3144,PE-3N,1395.64,1408.11,SIERRA,12.4699999999998,3.0,3.0,0.0,0.0,8,15,11.0,3.0,0.8821170809944007,0.24057738572574563,0.0,0.0,100.5996589678669
3145,PE-28D,59.604,61.829,SIERRA,2.2250000000000014,0.0,0.0,0.0,0.0,0,0,0.0,0.0,0.0,0.0,0.0,0.0,39.38773664521299
3146,PE-30B,118.286,123.091,SIERRA,4.804999999999993,0.0,0.0,0.0,0.0,0,0,0.0,0.0,0.0,0.0,0.0,0.0,40.52207837253061
3147,PE-30B,20.639,35.175,SIERRA,14.535999999999998,0.0,0.0,0.0,0.0,0,0,0.0,0.0,0.0,0.0,0.0,0.0,73.28586048262106
3148,PE-1SC,49.799,76.846,SIERRA,27.047000000000004,0.0,0.0,0.0,0.0,0,0,0.0,0.0,0.0,0.0,0.0,0.0,19.64364452655264
3149,PE-3N,1142.9,1153.424,SIERRA,10.523999999999887,1.0,1.0,0.0,0.0,7,13,8.0,1.0,0.7601672367921024,0.0950209045990128,0.0,0.0,97.60214431681555
3150,PE-06B,32.863,40.277,SIERRA,7.4140000000000015,0.0,0.0,3.0,0.0,0,0,3.0,0.0,0.40463987051524136,0.0,0.0,0.0,50.542048946222366
3151,PE-08A,40.135,54.315,SIERRA,14.18,0.0,0.0,1.0,0.0,19,30,20.0,0.0,1.4104372355430184,0.0,0.0,0.0,84.67605641468045
3152,PE-30B,160.286,170.286,SIERRA,10.0,0.0,0.0,0.0,0.0,0,0,0.0,0.0,0.0,0.0,0.0,0.0,40.039626004720965
3153,PE-3N,1234.775,1237.475,SIERRA,2.699999999999818,0.0,0.0,0.0,0.0,2,3,2.0,0.0,0.7407407407407907,0.0,0.0,0.0,107.53005271202969
3154,PE-5NC,241.632,243.112,SELVA,1.4799999999999898,0.0,0.0,0.0,0.0,0,0,0.0,0.0,0.0,0.0,0.0,0.0,121.3423312870737
3155,PE-30B,35.175,50.187,SIERRA,15.012,0.0,0.0,0.0,0.0,0,0,0.0,0.0,0.0,0.0,0.0,0.0,76.19259774836253
3156,PE-3SF,101.081,120.355,SIERRA,19.274,2.0,2.0,0.0,0.0,0,0,2.0,2.0,0.10376673238559717,0.10376673238559717,0.0,0.0,46.279972508402906
3157,PE-3N,1468.338,1468.36,SELVA,0.021999999999934516,0.0,0.0,0.0,0.0,0,0,0.0,0.0,0.0,0.0,0.0,0.0,73.7161154121815
3158,PE-3N,350.132,365.409,SIERRA,15.276999999999987,0.0,0.0,0.0,0.0,10,19,10.0,0.0,0.6545787785559998,0.0,0.0,0.0,68.83323721260298
3159,PE-3N,782.122,784.046,SIERRA,1.9240000000000919,0.0,0.0,0.0,0.0,1,2,1.0,0.0,0.5197505197504949,0.0,0.0,0.0,73.20348535613556
3160,PE-1SC,111.884,117.235,SIERRA,5.350999999999999,0.0,0.0,4.0,110.0,0,0,4.0,110.0,0.7475238273219961,20.55690525135489,0.0,0.0,23.72971438178808
3161,PE-3N,1391.68,1395.64,SIERRA,3.9600000000000364,0.0,0.0,0.0,0.0,3,5,3.0,0.0,0.7575757575757506,0.0,0.0,0.0,102.42609471696828
3162,PE-28D,70.633,73.085,SIERRA,2.451999999999998,0.0,0.0,0.0,0.0,0,0,0.0,0.0,0.0,0.0,0.0,0.0,41.96130941424858
3163,PE-3SF,288.769,296.817,SIERRA,8.048000000000002,0.0,0.0,0.0,0.0,0,0,0.0,0.0,0.0,0.0,0.0,0.0,87.36075354655057
3164,PE-20C,56.327,61.265,SIERRA,4.938000000000002,0.0,0.0,0.0,0.0,0,0,0.0,0.0,0.0,0.0,0.0,0.0,15.677563839523067
3165,PE-36B,61.03,64.37,SIERRA,3.3400000000000034,0.0,0.0,0.0,0.0,2,3,2.0,0.0,0.5988023952095802,0.0,0.0,0.0,50.976499888999136
3166,PE-3N,233.986,236.64,SIERRA,2.6539999999999964,0.0,0.0,0.0,0.0,2,3,2.0,0.0,0.7535795026375293,0.0,0.0,0.0,24.638811245526085
3167,PE-1NL,43.689,43.966,COSTA,0.277000000000001,0.0,0.0,0.0,0.0,0,0,0.0,0.0,0.0,0.0,0.0,0.0,23.517943848028768
3168,PE-3N,1408.11,1417.55,SIERRA,9.440000000000055,6.0,6.0,0.0,0.0,6,12,12.0,6.0,1.2711864406779587,0.6355932203389794,0.0,0.0,95.16738340650234
3169,PE-1NI,0.0,5.181,COSTA,5.181,1.0,1.0,0.0,0.0,0,0,1.0,1.0,0.19301293186643506,0.19301293186643506,0.0,0.0,4.633341170246681
3170,PE-3N,1082.879,1085.37,SIERRA,2.4909999999999854,2.0,2.0,0.0,0.0,2,3,4.0,2.0,1.6057808109193188,0.8028904054596594,0.0,0.0,79.53411906433116
3171,PE-3SF,222.065,228.935,SIERRA,6.8700000000000045,0.0,0.0,0.0,0.0,0,0,0.0,0.0,0.0,0.0,0.0,0.0,90.4831532234693
3172,PE-3SF,332.531,359.773,SIERRA,27.24200000000002,0.0,0.0,0.0,0.0,0,0,0.0,0.0,0.0,0.0,0.0,0.0,78.73939411380391
3173,PE-3N,753.144,771.856,SIERRA,18.71199999999999,0.0,0.0,0.0,0.0,13,23,13.0,0.0,0.6947413424540406,0.0,0.0,0.0,59.9998418759269
3174,PE-14A,99.31,107.796,SIERRA,8.486000000000004,0.0,0.0,0.0,0.0,0,0,0.0,0.0,0.0,0.0,0.0,0.0,76.57269954278851
3175,PE-20C,0.0,12.005,COSTA,12.005,6.0,6.0,1.0,1.0,0,0,7.0,7.0,0.5830903790087463,0.5830903790087463,0.0,0.0,22.06130022985283
3176,PE-18,183.238,187.321,SIERRA,4.082999999999998,0.0,0.0,0.0,0.0,0,0,0.0,0.0,0.0,0.0,0.0,0.0,68.4309811773315
3177,PE-5NC,257.595,287.512,SELVA,29.916999999999973,0.0,0.0,0.0,0.0,0,0,0.0,0.0,0.0,0.0,0.0,0.0,123.5393754758604
3178,PE-1NL,55.325,55.98,COSTA,0.654999999999994,1.0,1.0,0.0,0.0,0,0,1.0,1.0,1.5267175572519223,1.5267175572519223,0.0,0.0,31.580628693268945
3179,PE-3N,1118.318,1123.327,SIERRA,5.0090000000000146,0.0,0.0,0.0,0.0,3,6,3.0,0.0,0.5989219405070855,0.0,0.0,0.0,98.71218637940667
3180,PE-02,7.918,40.095,COSTA,32.177,8.0,10.0,0.0,0.0,76,290,84.0,10.0,2.61056033812972,0.3107809926344905,0.0,0.0,15.33077708490958
3181,PE-26B,14.257,34.066,SIERRA,19.809000000000005,0.0,0.0,0.0,0.0,0,0,0.0,0.0,0.0,0.0,0.0,0.0,58.28541493722533
3182,PE-20C,50.514,56.327,SIERRA,5.812999999999995,0.0,0.0,0.0,0.0,0,0,0.0,0.0,0.0,0.0,0.0,0.0,10.948811152667384
3183,PE-1SC,96.253,106.05,SIERRA,9.796999999999997,0.0,0.0,0.0,0.0,0,0,0.0,0.0,0.0,0.0,0.0,0.0,21.40553994022445
3184,PE-5NA,138.936,170.776,SELVA,31.840000000000003,0.0,0.0,0.0,0.0,0,0,0.0,0.0,0.0,0.0,0.0,0.0,81.61493788554701
3185,PE-3N,286.216,301.581,SIERRA,15.365000000000009,0.0,0.0,0.0,0.0,10,19,10.0,0.0,0.6508298080052063,0.0,0.0,0.0,50.44922328244596
3186,PE-3SF,309.176,319.547,SIERRA,10.371000000000038,0.0,0.0,0.0,0.0,0,0,0.0,0.0,0.0,0.0,0.0,0.0,81.16299218287797
3187,PE-1SC,5.269,10.641,COSTA,5.372,2.0,2.0,0.0,0.0,0,0,2.0,2.0,0.37230081906180196,0.37230081906180196,0.0,0.0,24.36188170035564
3188,PE-3N,1646.176,1652.027,SELVA,5.851000000000113,0.0,0.0,0.0,0.0,4,7,4.0,0.0,0.6836438215689494,0.0,0.0,0.0,29.10222224330976
3189,PE-28D,102.8,106.802,SIERRA,4.0020000000000095,0.0,0.0,0.0,0.0,0,0,0.0,0.0,0.0,0.0,0.0,0.0,26.06080954399979
3190,PE-3N,452.955,455.061,SIERRA,2.1059999999999945,0.0,0.0,0.0,0.0,1,3,1.0,0.0,0.4748338081671427,0.0,0.0,0.0,36.07910701767372
3191,PE-22B,82.854,84.234,SELVA,1.3799999999999955,1.0,3.0,3.0,0.0,0,0,4.0,3.0,2.898550724637691,2.173913043478268,0.0,0.0,5.792318414140535
3192,PE-28A,196.672,196.765,SIERRA,0.09299999999998931,0.0,0.0,0.0,0.0,0,0,0.0,0.0,0.0,0.0,0.0,0.0,0.2272601335085247
3193,PE-24,79.106,84.271,SIERRA,5.165000000000006,0.0,0.0,0.0,0.0,0,0,0.0,0.0,0.0,0.0,0.0,0.0,45.77577823053093
3194,PE-28A,231.776,236.624,SIERRA,4.847999999999985,2.0,3.0,1.0,0.0,0,0,3.0,3.0,0.6188118811881208,0.6188118811881208,0.0,0.0,19.576513658989672
3195,PE-28A,51.431,64.329,SIERRA,12.897999999999996,1.0,2.0,1.0,0.0,0,0,2.0,2.0,0.1550628004341759,0.1550628004341759,0.0,0.0,13.181219217524406
3196,PE-5NA,183.008,203.848,SELVA,20.840000000000003,0.0,0.0,0.0,0.0,0,0,0.0,0.0,0.0,0.0,0.0,0.0,104.95143530867117
3197,PE-3N,388.678,389.847,SIERRA,1.1689999999999827,0.0,0.0,0.0,0.0,1,1,1.0,0.0,0.8554319931565567,0.0,0.0,0.0,49.98933144066382
3198,PE-3SF,100.2,101.081,SIERRA,0.8810000000000002,0.0,0.0,0.0,0.0,0,0,0.0,0.0,0.0,0.0,0.0,0.0,42.41295017900823
3199,PE-40,147.232,148.2,SIERRA,0.9679999999999893,0.0,0.0,0.0,0.0,0,0,0.0,0.0,0.0,0.0,0.0,0.0,95.331879413192
3200,PE-28D,56.069,59.604,SIERRA,3.5349999999999966,1.0,1.0,0.0,0.0,0,0,1.0,1.0,0.28288543140028316,0.28288543140028316,0.0,0.0,37.148329416013446
3201,PE-08B,101.718,101.865,SIERRA,0.14699999999999136,0.0,0.0,2.0,0.0,0,0,2.0,0.0,13.605442176871549,0.0,0.0,0.0,106.14665513682571
3202,PE-3N,1784.586,1785.93,SIERRA,1.344000000000051,0.0,0.0,0.0,0.0,1,2,1.0,0.0,0.7440476190475909,0.0,0.0,0.0,37.98511246893249
3203,PE-3SF,329.457,332.531,SIERRA,3.0740000000000123,0.0,0.0,0.0,0.0,0,0,0.0,0.0,0.0,0.0,0.0,0.0,76.43660708660948
3204,PE-06B,0.0,2.484,COSTA,2.484,0.0,0.0,3.0,0.0,0,0,3.0,0.0,1.2077294685990339,0.0,0.0,0.0,28.02867536901572
3205,PE-02A,0.0,19.72,COSTA,19.72,6.0,6.0,0.0,0.0,4,5,10.0,6.0,0.5070993914807302,0.30425963488843816,0.0,0.0,20.64534946907368
3206,PE-10B,40.132,57.417,SELVA,17.285000000000004,0.0,0.0,0.0,0.0,0,0,0.0,0.0,0.0,0.0,0.0,0.0,120.0127654393934
3207,PE-22C,0.0,9.5,SIERRA,9.5,0.0,0.0,12.0,33.0,0,0,12.0,33.0,1.263157894736842,3.473684210526316,0.0,0.0,18.59602900443692
3208,PE-36A,31.165,37.06,SIERRA,5.895000000000003,0.0,0.0,4.0,0.0,5,3,9.0,0.0,1.5267175572519076,0.0,0.0,0.0,15.231130485555306
3209,PE-24A,158.146,181.217,SELVA,23.071000000000026,0.0,0.0,0.0,0.0,0,0,0.0,0.0,0.0,0.0,0.0,0.0,76.35788949437043
3210,PE-08B,30.381,31.081,SIERRA,0.6999999999999993,1.0,1.0,0.0,0.0,0,0,1.0,1.0,1.42857142857143,1.42857142857143,0.0,0.0,116.97660597571274
3211,PE-3SG,150.743,151.347,SIERRA,0.6040000000000134,1.0,1.0,0.0,0.0,0,0,1.0,1.0,1.6556291390728108,1.6556291390728108,0.0,0.0,91.2854911407159
3212,PE-28A,245.051,264.665,SIERRA,19.614000000000033,4.0,5.0,0.0,0.0,0,0,4.0,5.0,0.20393596410726997,0.2549199551340875,0.0,0.0,36.32246661868659
3213,PE-28A,153.296,158.091,SIERRA,4.795000000000016,1.0,5.0,0.0,0.0,0,0,1.0,5.0,0.20855057351407646,1.0427528675703823,0.0,0.0,26.024799124448823
3214,PE-28A,121.187,126.121,SIERRA,4.9339999999999975,3.0,15.0,1.0,0.0,0,0,4.0,15.0,0.8107012565869481,3.0401297122010553,0.0,0.0,27.795259144663063
3215,PE-28A,311.438,321.291,SIERRA,9.853000000000009,0.0,0.0,2.0,0.0,0,0,2.0,0.0,0.2029838627829086,0.0,0.0,0.0,1.186417982895022
3216,PE-28D,91.128,94.359,SIERRA,3.2309999999999945,0.0,0.0,0.0,0.0,0,0,0.0,0.0,0.0,0.0,0.0,0.0,32.87842403349244
3217,PE-34C,30.231,32.137,SIERRA,1.9059999999999988,0.0,0.0,0.0,0.0,0,0,0.0,0.0,0.0,0.0,0.0,0.0,30.379247481532705
3218,PE-14B,18.372,18.606,SIERRA,0.23400000000000176,0.0,0.0,0.0,0.0,0,0,0.0,0.0,0.0,0.0,0.0,0.0,63.293011070194986
3219,PE-1N,36.233,38.847,COSTA,2.6140000000000043,8.0,9.0,6.0,100000.0,10,36,24.0,100009.0,9.181331293037475,38258.9900535577,0.0,0.0,8.659886181067519
3220,PE-30C,430.151,430.768,SELVA,0.6169999999999618,0.0,0.0,2.0,0.0,0,0,2.0,0.0,3.2414910858997144,0.0,0.0,0.0,30.651519527302444
3221,PE-1SC,76.846,82.153,SIERRA,5.307000000000002,0.0,0.0,0.0,0.0,0,0,0.0,0.0,0.0,0.0,0.0,0.0,20.421106875250008
3222,PE-3N,379.513,381.911,SIERRA,2.3980000000000246,0.0,0.0,0.0,0.0,2,3,2.0,0.0,0.8340283569641282,0.0,0.0,0.0,55.24735084958959
3223,PE-10A,25.341,36.072,COSTA,10.731000000000002,8.0,8.0,1.0,0.0,103,213,112.0,8.0,10.437051532941942,0.7455036809244244,0.0,0.0,4.04991701503754
3224,PE-3N,316.12,322.485,SIERRA,6.365000000000009,0.0,0.0,0.0,0.0,4,8,4.0,0.0,0.6284367635506668,0.0,0.0,0.0,64.06037734199624
3225,PE-14A,66.875,75.194,SIERRA,8.319000000000003,0.0,0.0,0.0,0.0,0,0,0.0,0.0,0.0,0.0,0.0,0.0,53.54083979212531
3226,PE-3N,331.255,334.689,SIERRA,3.434000000000026,0.0,0.0,0.0,0.0,2,4,2.0,0.0,0.5824111822946957,0.0,0.0,0.0,74.93571951447103
3227,PE-1N,338.014,342.991,COSTA,4.976999999999975,1.0,3.0,6.0,10000.0,18,69,25.0,10003.0,5.023106288929099,2009.845288326311,0.0,0.0,21.47139230189272
3228,PE-3N,341.322,350.132,SIERRA,8.810000000000002,0.0,0.0,0.0,0.0,6,11,6.0,0.0,0.6810442678774119,0.0,0.0,0.0,74.45194129463377
3229,PE-1N,656.359,656.459,COSTA,0.09999999999990905,0.0,0.0,2.0,1.0,0,1,2.0,1.0,20.00000000001819,10.000000000009095,0.0,0.0,20.158807913673765
3230,PE-36B,71.376,73.144,SIERRA,1.7680000000000007,0.0,0.0,0.0,0.0,1,1,1.0,0.0,0.5656108597285066,0.0,0.0,0.0,54.30637898204117
3231,PE-3N,1430.857,1433.758,SIERRA,2.9010000000000673,1.0,1.0,0.0,0.0,2,4,3.0,1.0,1.0341261633919099,0.3447087211306366,0.0,0.0,87.05369270483251
3232,PE-28A,114.061,120.45,SIERRA,6.388999999999996,0.0,0.0,0.0,0.0,0,0,0.0,0.0,0.0,0.0,0.0,0.0,25.17821570182683
3233,PE-24A,5.278,5.757,SIERRA,0.4790000000000001,0.0,0.0,0.0,0.0,0,0,0.0,0.0,0.0,0.0,0.0,0.0,33.7289516906588
3234,PE-1S,980.441,981.845,SIERRA,1.4039999999999964,0.0,0.0,3.0,100.0,4,8,7.0,100.0,4.9857549857549985,71.2250712250714,0.0,0.0,31.033338757115185
3235,PE-3N,67.596,71.966,SIERRA,4.36999999999999,0.0,0.0,5.0,0.0,3,5,8.0,0.0,1.8306636155606448,0.0,0.0,0.0,48.26139470970792
3236,PE-1NI,60.573,61.159,COSTA,0.5859999999999985,0.0,0.0,0.0,0.0,0,0,0.0,0.0,0.0,0.0,0.0,0.0,25.998256979160704
3237,PE-14A,57.563,65.451,SIERRA,7.887999999999991,1.0,1.0,0.0,0.0,0,0,1.0,1.0,0.1267748478701827,0.1267748478701827,0.0,0.0,54.14188925576431
3238,PE-20,10.961,14.331,COSTA,3.369999999999999,11.0,11.0,2.0,0.0,0,0,13.0,11.0,3.857566765578636,3.264094955489615,0.0,0.0,32.029606431035326
3239,PE-3SF,319.547,324.116,SIERRA,4.56899999999996,0.0,0.0,0.0,0.0,0,0,0.0,0.0,0.0,0.0,0.0,0.0,77.84541393211087
3240,PE-12A,92.525,93.539,SIERRA,1.0139999999999958,2.0,9.0,0.0,0.0,0,0,2.0,9.0,1.9723865877712112,8.875739644970452,0.0,0.0,111.58341244392332
3241,PE-3N,668.539,670.458,SIERRA,1.9189999999999827,0.0,0.0,0.0,0.0,1,2,1.0,0.0,0.5211047420531574,0.0,0.0,0.0,77.08725508473087
3242,PE-1N,446.008,446.124,COSTA,0.11600000000004229,1.0,1.0,3.0,100.0,0,2,4.0,101.0,34.48275862067708,870.6896551720963,0.0,0.0,14.890296840909317
3243,PE-5ND,30.599,40.578,SELVA,9.979000000000003,0.0,0.0,0.0,0.0,0,0,0.0,0.0,0.0,0.0,0.0,0.0,118.53016639565068
3244,PE-1SC,106.05,111.764,SIERRA,5.713999999999999,0.0,0.0,0.0,0.0,0,0,0.0,0.0,0.0,0.0,0.0,0.0,23.29235164937097
3245,PE-3N,1005.683,1008.959,SIERRA,3.2759999999999536,1.0,1.0,0.0,0.0,2,4,3.0,1.0,0.9157509157509287,0.30525030525030955,0.0,0.0,72.1277959793986
3246,PE-18,20.311,27.425,COSTA,7.114000000000001,0.0,0.0,0.0,0.0,0,0,0.0,0.0,0.0,0.0,0.0,0.0,28.353784798395345
3247,PE-3N,121.687,128.347,SIERRA,6.660000000000011,3.0,4.0,8.0,0.0,5,8,16.0,4.0,2.4024024024023984,0.6006006006005996,0.0,0.0,61.54014226924864
3248,PE-1N,674.149,684.193,COSTA,10.043999999999983,11.0,14.0,3.0,1.0,37,139,51.0,15.0,5.077658303464764,1.4934289127837541,0.0,0.0,12.094097084594813
3249,PE-3SF,120.355,145.062,SIERRA,24.707000000000008,1.0,2.0,0.0,0.0,0,0,1.0,2.0,0.040474359493261,0.080948718986522,0.0,0.0,52.132917043281736
3250,PE-04B,15.429,17.967,SIERRA,2.5379999999999985,0.0,0.0,0.0,0.0,0,0,0.0,0.0,0.0,0.0,0.0,0.0,7.767107839121076
3251,PE-3N,543.449,548.985,SIERRA,5.536000000000058,1.0,1.0,0.0,0.0,4,7,5.0,1.0,0.9031791907514356,0.1806358381502871,0.0,0.0,10.256830590596769
3252,PE-24,0.0,8.862,COSTA,8.862,0.0,0.0,2.0,1.0,0,0,2.0,1.0,0.22568269013766643,0.11284134506883321,0.0,0.0,16.477336168990856
3253,PE-14A,3.45,19.327,SIERRA,15.877000000000002,0.0,0.0,1.0,0.0,0,0,1.0,0.0,0.06298419096806701,0.0,0.0,0.0,40.86466813911928
3254,PE-28A,126.121,131.213,SIERRA,5.091999999999999,1.0,3.0,2.0,0.0,0,0,3.0,3.0,0.5891594658287511,0.5891594658287511,0.0,0.0,30.14284001976138
3255,PE-24,88.631,105.762,SIERRA,17.131,0.0,0.0,0.0,0.0,0,0,0.0,0.0,0.0,0.0,0.0,0.0,52.01951175206496
3256,PE-28A,101.002,114.061,SIERRA,13.059000000000012,1.0,1.0,2.0,0.0,0,0,3.0,1.0,0.2297266253158739,0.07657554177195797,0.0,0.0,21.335153364238327
3257,PE-28A,1.323,11.055,COSTA,9.732,5.0,5.0,3.0,0.0,0,0,8.0,5.0,0.8220304151253597,0.5137690094533498,0.0,0.0,34.43374981281956
3258,PE-28A,311.268,311.438,SIERRA,0.17000000000001592,0.0,0.0,3.0,0.0,0,0,3.0,0.0,17.64705882352776,0.0,0.0,0.0,4.638271115963094
3259,PE-3N,1334.205,1340.567,SIERRA,6.36200000000008,0.0,0.0,0.0,0.0,4,8,4.0,0.0,0.6287331027978544,0.0,0.0,0.0,92.58841861726133
3260,PE-3N,655.756,657.231,SIERRA,1.4750000000000227,0.0,0.0,1.0,0.0,1,2,2.0,0.0,1.3559322033898096,0.0,0.0,0.0,73.00604545583495
3261,PE-1N,348.147,363.205,COSTA,15.057999999999993,1.0,1.0,2.0,1.0,56,208,59.0,2.0,3.918183025634216,0.1328197635808209,0.0,0.0,35.1538307075495
3262,PE-3SD,160.457,161.006,SIERRA,0.5490000000000066,0.0,0.0,0.0,0.0,0,0,0.0,0.0,0.0,0.0,0.0,0.0,53.42526054918224
3263,PE-10A,71.816,83.483,SIERRA,11.667000000000002,0.0,0.0,0.0,0.0,112,231,112.0,0.0,9.599725722122225,0.0,0.0,0.0,31.820003469418857
3264,PE-3N,1133.953,1140.673,SIERRA,6.720000000000027,1.0,1.0,0.0,0.0,5,8,6.0,1.0,0.8928571428571392,0.1488095238095232,0.0,0.0,97.03539235442535
3265,PE-18,0.0,11.563,COSTA,11.563,2.0,2.0,0.0,0.0,0,0,2.0,2.0,0.17296549338406986,0.17296549338406986,0.0,0.0,32.02148741788163
3266,PE-3N,1374.102,1375.776,SIERRA,1.6739999999999782,1.0,1.0,1.0,1.0,1,2,3.0,2.0,1.7921146953405251,1.1947431302270168,0.0,0.0,98.4227453735222
3267,PE-3N,1031.826,1033.086,SIERRA,1.259999999999991,0.0,0.0,0.0,0.0,1,2,1.0,0.0,0.7936507936507994,0.0,0.0,0.0,60.64716887198247
3268,PE-28,0.0,3.167,COSTA,3.167,0.0,0.0,1.0,0.0,0,0,1.0,0.0,0.3157562361856647,0.0,0.0,0.0,28.777832790700085
3269,PE-3N,1375.776,1390.575,SIERRA,14.798999999999978,10.0,12.0,1.0,0.0,10,18,21.0,12.0,1.4190147982971844,0.8108655990269624,0.0,0.0,101.73132067514086
3270,PE-32,50.25,62.792,SIERRA,12.542000000000002,2.0,2.0,0.0,0.0,0,0,2.0,2.0,0.15946420028703553,0.15946420028703553,0.0,0.0,68.8421822883516
3271,PE-34A,298.424,300.885,SIERRA,2.4610000000000127,3.0,3.0,1.0,0.0,9,12,13.0,3.0,5.282405526208831,1.2190166598943455,0.0,0.0,55.129310025229664
3272,PE-5NA,177.23,183.008,SELVA,5.77800000000002,0.0,0.0,0.0,0.0,0,0,0.0,0.0,0.0,0.0,0.0,0.0,93.61169478604448
3273,PE-14A,165.824,180.494,SIERRA,14.669999999999987,0.0,0.0,0.0,0.0,0,0,0.0,0.0,0.0,0.0,0.0,0.0,94.9329630241513
3274,PE-18,116.944,118.978,SIERRA,2.033999999999992,0.0,0.0,0.0,0.0,0,0,0.0,0.0,0.0,0.0,0.0,0.0,71.7791022259943
3275,PE-3N,239.937,252.289,SIERRA,12.351999999999975,1.0,1.0,2.0,0.0,8,15,11.0,1.0,0.8905440414507789,0.08095854922279809,0.0,0.0,30.81257545316149
3276,PE-3SF,378.618,399.349,SIERRA,20.730999999999995,2.0,2.0,0.0,0.0,0,0,2.0,2.0,0.09647387969707204,0.09647387969707204,0.0,0.0,89.49572629887481
3277,PE-1NA,0.58,19.37,COSTA,18.790000000000003,2.0,2.0,12.0,0.0,210,374,224.0,2.0,11.92123469930814,0.10643959552953697,0.0,0.0,4.752577216268702
3278,PE-3SF,281.982,288.769,SIERRA,6.786999999999978,0.0,0.0,0.0,0.0,0,0,0.0,0.0,0.0,0.0,0.0,0.0,91.27652385600403
3279,PE-3N,778.304,782.122,SIERRA,3.8179999999999836,0.0,0.0,0.0,0.0,3,5,3.0,0.0,0.7857517024620254,0.0,0.0,0.0,72.38163177451894
3280,PE-28B,601.661,602.169,SIERRA,0.5080000000000382,0.0,0.0,0.0,0.0,0,0,0.0,0.0,0.0,0.0,0.0,0.0,110.97248993229204
3281,PE-1SJ,11.616,16.155,COSTA,4.5390000000000015,1.0,1.0,0.0,0.0,0,0,1.0,1.0,0.22031284423881906,0.22031284423881906,0.0,0.0,18.12301807596854
3282,PE-5SA,0.0,3.447,SELVA,3.447,0.0,0.0,0.0,0.0,0,0,0.0,0.0,0.0,0.0,0.0,0.0,121.24242555104853
3283,PE-5SA,3.687,16.152,SELVA,12.465000000000002,0.0,0.0,0.0,0.0,0,0,0.0,0.0,0.0,0.0,0.0,0.0,120.7863010077693
3284,PE-5SA,16.152,16.668,SELVA,0.5159999999999982,0.0,0.0,0.0,0.0,0,0,0.0,0.0,0.0,0.0,0.0,0.0,119.3924107899834
3285,PE-5SA,16.668,22.439,SELVA,5.771000000000001,0.0,0.0,0.0,0.0,0,0,0.0,0.0,0.0,0.0,0.0,0.0,119.6904146693404
3286,PE-5SA,24.755,89.711,SELVA,64.956,0.0,0.0,0.0,0.0,0,0,0.0,0.0,0.0,0.0,0.0,0.0,136.47263282530528
3287,PE-5SA,22.439,24.438,SELVA,1.9989999999999988,0.0,0.0,1.0,0.0,0,0,1.0,0.0,0.5002501250625315,0.0,0.0,0.0,120.85494270198956
3288,PE-5SA,89.711,131.636,SELVA,41.925,0.0,0.0,0.0,0.0,0,0,0.0,0.0,0.0,0.0,0.0,0.0,163.87889863267642
3289,PE-5SA,131.636,159.5,SELVA,27.864000000000004,0.0,0.0,0.0,0.0,0,0,0.0,0.0,0.0,0.0,0.0,0.0,182.17390791333952
3290,PE-06A,85.134,88.348,COSTA,3.2139999999999986,0.0,0.0,0.0,0.0,0,0,0.0,0.0,0.0,0.0,0.0,0.0,28.69900259112026
3291,PE-06A,88.614,90.928,COSTA,2.313999999999993,0.0,0.0,1.0,1.0,0,0,1.0,1.0,0.4321521175453773,0.4321521175453773,0.0,0.0,30.721319770415
3292,PE-06A,104.857,108.319,SIERRA,3.4620000000000033,0.0,0.0,3.0,0.0,0,0,3.0,0.0,0.8665511265164636,0.0,0.0,0.0,42.19213452276325
3293,PE-06A,113.248,123.958,SIERRA,10.709999999999994,2.0,2.0,0.0,0.0,0,0,2.0,2.0,0.18674136321195156,0.18674136321195156,0.0,0.0,43.96124481514597
3294,PE-06A,123.958,151.419,SIERRA,27.461000000000013,4.0,4.0,0.0,0.0,0,0,4.0,4.0,0.14566111940570256,0.14566111940570256,0.0,0.0,49.54816411532221
3295,PE-06A,175.586,179.778,SIERRA,4.191999999999979,0.0,0.0,1.0,0.0,0,0,1.0,0.0,0.2385496183206119,0.0,0.0,0.0,67.13167603054215
3296,PE-06A,151.419,156.543,SIERRA,5.123999999999995,1.0,1.0,3.0,0.0,0,0,4.0,1.0,0.7806401249024207,0.19516003122560519,0.0,0.0,56.17717015013422
3297,PE-06A,156.543,171.126,SIERRA,14.582999999999998,1.0,1.0,0.0,0.0,0,0,1.0,1.0,0.06857299595419325,0.06857299595419325,0.0,0.0,61.50393554066341
3298,PE-06A,171.126,175.586,SIERRA,4.460000000000008,1.0,1.0,2.0,0.0,0,0,3.0,1.0,0.6726457399103127,0.2242152466367709,0.0,0.0,65.78277519937394
3299,PE-28C,0.0,1.108,SELVA,1.108,0.0,0.0,0.0,0.0,0,0,0.0,0.0,0.0,0.0,0.0,0.0,84.39313861592976
3300,PE-28C,44.126,46.009,SELVA,1.8830000000000027,0.0,0.0,0.0,0.0,0,0,0.0,0.0,0.0,0.0,0.0,0.0,104.11705158543307
3301,PE-28C,228.182,249.954,SELVA,21.77200000000002,6.0,8.0,0.0,0.0,0,0,6.0,8.0,0.2755833180231487,0.367444424030865,0.0,0.0,110.8306792290266
3302,PE-28C,251.85,264.483,SELVA,12.63300000000001,7.0,9.0,0.0,0.0,0,0,7.0,9.0,0.5541043299295492,0.7124198527665632,0.0,0.0,101.65265223693278
3303,PE-28C,249.954,251.85,SELVA,1.8959999999999866,0.0,0.0,0.0,0.0,0,0,0.0,0.0,0.0,0.0,0.0,0.0,105.53607444112906
3304,PE-1S,444.437,445.019,COSTA,0.5819999999999936,2.0,2.0,2.0,10.0,2,3,6.0,12.0,10.309278350515577,20.618556701031153,0.0,0.0,7.089491991749975
3305,PE-1SG,5.557,6.038,COSTA,0.48099999999999987,0.0,0.0,0.0,0.0,0,0,0.0,0.0,0.0,0.0,0.0,0.0,36.90349108865458
3306,PE-3N,148.299,149.066,SIERRA,0.7669999999999959,0.0,0.0,5.0,10000.0,1,1,6.0,10000.0,7.822685788787526,13037.80964797921,0.0,0.0,49.03786011609238
3307,PE-3N,224.616,225.171,SIERRA,0.5549999999999784,0.0,0.0,1.0,0.0,0,1,1.0,0.0,1.801801801801872,0.0,0.0,0.0,16.52925877646053
3308,PE-18A,44.787,45.627,SIERRA,0.8400000000000034,0.0,0.0,2.0,0.0,0,0,2.0,0.0,2.380952380952371,0.0,0.0,0.0,47.36080188312364
3309,PE-22,12.481,13.056,COSTA,0.5749999999999993,2.0,2.0,2.0,0.0,0,0,4.0,2.0,6.9565217391304435,3.4782608695652217,0.0,0.0,34.59516346508191
3310,PE-08C,22.44,27.051,SELVA,4.610999999999997,0.0,0.0,0.0,0.0,0,0,0.0,0.0,0.0,0.0,0.0,0.0,14.156334701782962
3311,PE-14C,0.0,55.89,SIERRA,55.89,2.0,21.0,0.0,0.0,0,0,2.0,21.0,0.03578457684737878,0.3757380568974772,0.0,0.0,110.3416638436339
3312,PE-14C,191.18,227.18,SIERRA,36.0,0.0,0.0,0.0,0.0,0,0,0.0,0.0,0.0,0.0,0.0,0.0,72.6809806339464
3313,PE-14C,170.6,191.18,SIERRA,20.580000000000013,1.0,1.0,0.0,0.0,0,0,1.0,1.0,0.0485908649173955,0.0485908649173955,0.0,0.0,83.18075864277694
3314,PE-14C,155.8,170.6,SIERRA,14.799999999999983,3.0,14.0,0.0,0.0,0,0,3.0,14.0,0.20270270270270294,0.945945945945947,0.0,0.0,87.9529925547835
3315,PE-14C,144.26,155.8,SIERRA,11.54000000000002,0.0,0.0,0.0,0.0,0,0,0.0,0.0,0.0,0.0,0.0,0.0,94.56345164007564
3316,PE-14C,105.67,121.67,SIERRA,16.0,1.0,1.0,0.0,0.0,0,0,1.0,1.0,0.0625,0.0625,0.0,0.0,103.3383191276384
3317,PE-14C,98.59,104.546,SIERRA,5.956000000000003,0.0,0.0,0.0,0.0,0,0,0.0,0.0,0.0,0.0,0.0,0.0,113.80217478525364
3318,PE-14C,86.3,98.59,SIERRA,12.290000000000006,0.0,0.0,0.0,0.0,0,0,0.0,0.0,0.0,0.0,0.0,0.0,115.41204278196145
3319,PE-14C,61.96,82.647,SIERRA,20.687000000000005,1.0,1.0,0.0,0.0,0,0,1.0,1.0,0.04833953690723642,0.04833953690723642,0.0,0.0,116.03984876027936
3320,PE-14C,55.89,61.96,SIERRA,6.07,0.0,0.0,0.0,0.0,0,0,0.0,0.0,0.0,0.0,0.0,0.0,113.9219361886625
3321,PE-5NH,0.0,9.31,SELVA,9.31,1.0,4.0,0.0,0.0,0,0,1.0,4.0,0.10741138560687433,0.4296455424274973,0.0,0.0,155.87499740635016
3322,PE-20,0.0,19.45,COSTA,19.45,43.0,43.0,0.0,0.0,0,0,43.0,43.0,2.210796915167095,2.210796915167095,0.0,0.0,18.84055494747028
3323,PE-20B,2.978,8.22,COSTA,5.242000000000001,5.0,5.0,0.0,0.0,0,0,5.0,5.0,0.9538344143456694,0.9538344143456694,0.0,0.0,31.562049737713043
3324,PE-28H,0.0,28.04,SELVA,28.04,1.0,1.0,0.0,0.0,0,0,1.0,1.0,0.03566333808844508,0.03566333808844508,0.0,0.0,86.2978489425438
3325,PE-28H,28.04,51.24,SELVA,23.200000000000003,0.0,0.0,0.0,0.0,0,0,0.0,0.0,0.0,0.0,0.0,0.0,93.42471514062156
3326,PE-28H,51.24,59.0,SELVA,7.759999999999998,0.0,0.0,0.0,0.0,0,0,0.0,0.0,0.0,0.0,0.0,0.0,98.11436669487595
3327,PE-28H,59.0,70.04,SELVA,11.040000000000006,0.0,0.0,0.0,0.0,0,0,0.0,0.0,0.0,0.0,0.0,0.0,100.68854752054597
3328,PE-28H,70.04,82.0,SELVA,11.959999999999994,0.0,0.0,0.0,0.0,0,0,0.0,0.0,0.0,0.0,0.0,0.0,104.59467119531558
3329,PE-3SM,0.0,9.908,SIERRA,9.908,1.0,1.0,0.0,0.0,0,0,1.0,1.0,0.10092854259184499,0.10092854259184499,0.0,0.0,50.97754879934077
3330,PE-3SM,118.727,131.747,SIERRA,13.02000000000001,0.0,0.0,0.0,0.0,0,0,0.0,0.0,0.0,0.0,0.0,0.0,39.172595565946544
3331,PE-3SM,131.747,142.559,SIERRA,10.811999999999983,1.0,1.0,0.0,0.0,0,0,1.0,1.0,0.09248982611912704,0.09248982611912704,0.0,0.0,37.66339647559384
3332,PE-3SM,142.559,163.699,SIERRA,21.140000000000015,1.0,1.0,0.0,0.0,0,0,1.0,1.0,0.047303689687795615,0.047303689687795615,0.0,0.0,39.90815366100319
3333,PE-3SM,93.539,94.37,SIERRA,0.8310000000000031,0.0,0.0,0.0,0.0,0,0,0.0,0.0,0.0,0.0,0.0,0.0,51.98941760665562
3334,PE-3SM,94.37,101.225,SIERRA,6.85499999999999,0.0,0.0,0.0,0.0,0,0,0.0,0.0,0.0,0.0,0.0,0.0,50.75241210706823
3335,PE-3SM,101.225,118.727,SIERRA,17.50200000000001,0.0,0.0,0.0,0.0,0,0,0.0,0.0,0.0,0.0,0.0,0.0,45.28323732149395
3336,PE-3SM,71.539,93.539,SIERRA,22.0,2.0,2.0,0.0,0.0,0,0,2.0,2.0,0.09090909090909091,0.09090909090909091,0.0,0.0,59.18457321638745
3337,PE-3SM,62.306,67.837,SIERRA,5.531000000000006,0.0,0.0,0.0,0.0,0,0,0.0,0.0,0.0,0.0,0.0,0.0,70.14424339678973
3338,PE-3SM,67.837,71.539,SIERRA,3.701999999999998,1.0,1.0,0.0,0.0,0,0,1.0,1.0,0.27012425715829297,0.27012425715829297,0.0,0.0,67.45106416232285
3339,PE-3SM,44.097,50.806,SIERRA,6.708999999999996,0.0,0.0,0.0,0.0,0,0,0.0,0.0,0.0,0.0,0.0,0.0,71.52109539648855
3340,PE-3SM,50.806,62.306,SIERRA,11.5,1.0,1.0,0.0,0.0,0,0,1.0,1.0,0.08695652173913043,0.08695652173913043,0.0,0.0,76.10235055848578
3341,PE-3SM,30.491,44.097,SIERRA,13.606000000000002,0.0,0.0,0.0,0.0,0,0,0.0,0.0,0.0,0.0,0.0,0.0,65.97308468110748
3342,PE-3SM,9.908,18.309,SIERRA,8.401000000000002,0.0,0.0,1.0,0.0,0,0,1.0,0.0,0.1190334483990001,0.0,0.0,0.0,52.50549059744303
3343,PE-3SM,18.309,30.491,SIERRA,12.181999999999999,0.0,0.0,0.0,0.0,0,0,0.0,0.0,0.0,0.0,0.0,0.0,57.90247612955592
3344,PE-3SV,0.0,19.1501,SIERRA,19.1501,0.0,0.0,0.0,0.0,0,0,0.0,0.0,0.0,0.0,0.0,0.0,46.71692706068566
3345,PE-22A,5.43,6.233,COSTA,0.8029999999999999,0.0,0.0,0.0,0.0,0,0,0.0,0.0,0.0,0.0,0.0,0.0,15.26312258888721
3346,PE-22A,6.233,24.212,COSTA,17.979,0.0,0.0,0.0,0.0,0,0,0.0,0.0,0.0,0.0,0.0,0.0,15.411804873003614
3347,PE-22A,24.212,27.413,COSTA,3.2010000000000005,0.0,0.0,0.0,0.0,0,0,0.0,0.0,0.0,0.0,0.0,0.0,20.561956972684985
3348,PE-22A,29.801,30.011,COSTA,0.21000000000000085,0.0,0.0,0.0,0.0,0,0,0.0,0.0,0.0,0.0,0.0,0.0,24.18027363864641
3349,PE-22A,27.413,29.801,COSTA,2.387999999999998,0.0,0.0,0.0,0.0,0,0,0.0,0.0,0.0,0.0,0.0,0.0,23.02558404458169
3350,PE-22A,30.011,34.808,COSTA,4.797000000000001,0.0,0.0,0.0,0.0,0,0,0.0,0.0,0.0,0.0,0.0,0.0,25.958963128175714
3351,PE-22A,34.808,58.269,SIERRA,23.461,0.0,0.0,0.0,0.0,0,0,0.0,0.0,0.0,0.0,0.0,0.0,34.76585881960936
3352,PE-22A,58.269,62.846,SIERRA,4.576999999999998,0.0,0.0,0.0,0.0,0,0,0.0,0.0,0.0,0.0,0.0,0.0,45.28484478636148
3353,PE-22A,62.846,77.334,SIERRA,14.488000000000007,0.0,0.0,0.0,0.0,0,0,0.0,0.0,0.0,0.0,0.0,0.0,52.42015708949582
3354,PE-22A,92.239,101.503,SIERRA,9.263999999999996,0.0,0.0,0.0,0.0,0,0,0.0,0.0,0.0,0.0,0.0,0.0,48.72942099237978
3355,PE-22A,101.503,117.909,SIERRA,16.406000000000006,0.0,0.0,0.0,0.0,0,0,0.0,0.0,0.0,0.0,0.0,0.0,48.10521068700207
3356,PE-22A,117.909,137.08,SIERRA,19.171000000000006,0.0,0.0,0.0,0.0,0,0,0.0,0.0,0.0,0.0,0.0,0.0,49.794119547033205
3357,PE-22A,137.08,142.937,SIERRA,5.856999999999999,0.0,0.0,0.0,0.0,0,0,0.0,0.0,0.0,0.0,0.0,0.0,48.26790189086654
3358,PE-22A,142.937,151.38,SIERRA,8.442999999999984,0.0,0.0,0.0,0.0,0,0,0.0,0.0,0.0,0.0,0.0,0.0,44.29930923808684
3359,PE-22A,151.38,183.511,SIERRA,32.131,0.0,0.0,0.0,0.0,0,0,0.0,0.0,0.0,0.0,0.0,0.0,44.33094505812166
3360,PE-1N,994.431,995.801,COSTA,1.3700000000000045,1.0,1.0,1.0,0.0,5,19,7.0,1.0,5.109489051094873,0.7299270072992676,0.0,0.0,11.49668879412452
3361,PE-1SD,386.952,391.319,COSTA,4.367000000000019,0.0,0.0,0.0,0.0,0,0,0.0,0.0,0.0,0.0,0.0,0.0,35.992947041229634
3362,PE-1SD,274.262,335.073,COSTA,60.81099999999998,4.0,7.0,0.0,0.0,0,0,4.0,7.0,0.06577757313643916,0.11511075298876852,0.0,0.0,20.926164629427184
3363,PE-1SD,240.243,241.9,COSTA,1.6570000000000107,2.0,2.0,0.0,0.0,0,0,2.0,2.0,1.207000603500294,1.207000603500294,0.0,0.0,12.901317974322028
3364,PE-1SD,248.561,274.262,COSTA,25.700999999999993,1.0,2.0,0.0,0.0,0,0,1.0,2.0,0.03890899186802071,0.07781798373604142,0.0,0.0,10.479644829391138
3365,PE-1SD,237.705,239.192,COSTA,1.4869999999999948,0.0,0.0,0.0,0.0,0,0,0.0,0.0,0.0,0.0,0.0,0.0,13.134769278300896
3366,PE-1SD,127.903,129.557,COSTA,1.6539999999999822,0.0,0.0,0.0,0.0,0,0,0.0,0.0,0.0,0.0,0.0,0.0,25.37778307860071
3367,PE-1SD,139.089,144.292,COSTA,5.203000000000003,1.0,1.0,0.0,0.0,0,0,1.0,1.0,0.19219680953296164,0.19219680953296164,0.0,0.0,17.82620679365735
3368,PE-1SD,133.708,134.199,COSTA,0.49100000000001387,0.0,0.0,1.0,0.0,0,0,1.0,0.0,2.03665987780035,0.0,0.0,0.0,20.54385162991411
3369,PE-1SD,107.915,108.435,COSTA,0.519999999999996,0.0,0.0,0.0,0.0,0,0,0.0,0.0,0.0,0.0,0.0,0.0,8.515860980065641
3370,PE-1SD,108.435,124.765,COSTA,16.33,8.0,9.0,2.0,10.0,0,0,10.0,19.0,0.612369871402327,1.1635027556644215,0.0,0.0,16.357672087927416
3371,PE-1SD,19.967,20.33,COSTA,0.36299999999999955,0.0,0.0,9.0,0.0,0,0,9.0,0.0,24.793388429752095,0.0,0.0,0.0,11.414090632374045
3372,PE-3NG,0.0,22.785,SIERRA,22.785,0.0,0.0,0.0,0.0,0,0,0.0,0.0,0.0,0.0,0.0,0.0,17.801460606030272
3373,PE-3NG,22.785,37.612,SIERRA,14.827000000000002,0.0,0.0,0.0,0.0,0,0,0.0,0.0,0.0,0.0,0.0,0.0,28.16255796618529
3374,PE-3NG,37.612,43.439,SIERRA,5.826999999999998,0.0,0.0,0.0,0.0,0,0,0.0,0.0,0.0,0.0,0.0,0.0,36.46956043046568
3375,PE-20A,5.468,9.946,COSTA,4.478,1.0,1.0,1.0,0.0,0,0,2.0,1.0,0.44662795891022783,0.22331397945511391,0.0,0.0,18.846625297063948
3376,PE-1S,400.66,404.964,COSTA,4.303999999999974,0.0,0.0,2.0,0.0,13,26,15.0,0.0,3.485130111524185,0.0,0.0,0.0,32.637671540747526
3377,PE-40,8.486,10.456,SIERRA,1.9699999999999989,1.0,1.0,0.0,0.0,0,0,1.0,1.0,0.5076142131979698,0.5076142131979698,0.0,0.0,38.95327834316665
3378,PE-20A,30.705,33.595,SIERRA,2.8900000000000006,0.0,0.0,3.0,101.0,0,0,3.0,101.0,1.038062283737024,34.94809688581314,0.0,0.0,19.76190933122456
3379,PE-18,107.865,107.869,SIERRA,0.0040000000000048885,0.0,0.0,0.0,0.0,0,0,0.0,0.0,0.0,0.0,0.0,0.0,63.68136066001632
3380,PE-3SD,36.312,37.022,SIERRA,0.7100000000000009,0.0,0.0,1.0,1.0,0,0,1.0,1.0,1.4084507042253505,1.4084507042253505,0.0,0.0,44.27560058370921
3381,PE-3SF,219.118,222.065,SIERRA,2.9470000000000027,0.0,0.0,0.0,0.0,0,0,0.0,0.0,0.0,0.0,0.0,0.0,92.39989157277115
3382,PE-10B,31.239,40.132,SELVA,8.892999999999997,0.0,0.0,0.0,0.0,0,0,0.0,0.0,0.0,0.0,0.0,0.0,115.66808944485366
3383,PE-12B,129.286,135.32,SIERRA,6.033999999999992,1.0,1.0,0.0,0.0,0,0,1.0,1.0,0.16572754391779937,0.16572754391779937,0.0,0.0,148.62745650456367
3384,PE-08A,26.9,29.444,SIERRA,2.5440000000000005,0.0,0.0,1.0,0.0,3,5,4.0,0.0,1.5723270440251569,0.0,0.0,0.0,74.1029387763637
3385,PE-12A,241.981,244.002,SIERRA,2.021000000000015,0.0,0.0,0.0,0.0,0,0,0.0,0.0,0.0,0.0,0.0,0.0,147.69638695997543
3386,PE-14C,82.647,86.3,SIERRA,3.6529999999999916,1.0,1.0,0.0,0.0,0,0,1.0,1.0,0.27374760470845944,0.27374760470845944,0.0,0.0,116.940272712992
3387,PE-32,25.869,27.478,SIERRA,1.6090000000000018,0.0,0.0,0.0,0.0,0,0,0.0,0.0,0.0,0.0,0.0,0.0,62.62589441693648
3388,PE-34A,175.83,177.784,SIERRA,1.9539999999999793,0.0,0.0,1.0,0.0,7,9,8.0,0.0,4.094165813715499,0.0,0.0,0.0,43.8433295851699
3389,PE-5NI,4.445,6.725,SELVA,2.2799999999999994,0.0,0.0,0.0,0.0,0,0,0.0,0.0,0.0,0.0,0.0,0.0,443.9451759286848
3390,PE-34B,126.496,131.422,SIERRA,4.926000000000002,1.0,1.0,0.0,0.0,12,17,13.0,1.0,2.639058059277303,0.2030044660982541,0.0,0.0,18.174069653144954
3391,PE-34B,121.35,126.496,SIERRA,5.146000000000001,2.0,2.0,0.0,0.0,12,18,14.0,2.0,2.7205596579867852,0.38865137971239794,0.0,0.0,14.26485069221432
3392,PE-34B,25.065,40.059,SIERRA,14.993999999999996,5.0,7.0,0.0,0.0,35,51,40.0,7.0,2.667733760170736,0.46685340802987874,0.0,0.0,41.122452735597946
3393,PE-34B,225.67,230.66,SIERRA,4.990000000000009,0.0,0.0,0.0,0.0,12,17,12.0,0.0,2.4048096192384727,0.0,0.0,0.0,28.1015423259737
3394,PE-34B,96.377,101.008,SIERRA,4.631,1.0,1.0,2.0,0.0,11,16,14.0,1.0,3.023105160872382,0.21593608291945582,0.0,0.0,5.637063653022332
3395,PE-34B,0.0,20.057,SIERRA,20.057,7.0,9.0,1.0,0.0,47,68,55.0,9.0,2.742184773395822,0.44872114473749813,0.0,0.0,48.86553858257628
3396,PE-34B,201.902,214.198,SIERRA,12.29600000000002,0.0,0.0,0.0,0.0,29,42,29.0,0.0,2.358490566037732,0.0,0.0,0.0,19.7066579854652
3397,PE-34B,131.422,138.064,SIERRA,6.641999999999996,2.0,2.0,1.0,1.0,16,23,19.0,3.0,2.8605841613971714,0.4516711833785007,0.0,0.0,22.444660434921456
3398,PE-34B,232.675,233.15,SIERRA,0.4749999999999943,0.0,0.0,0.0,0.0,1,2,1.0,0.0,2.105263157894762,0.0,0.0,0.0,30.83292263325233
3399,PE-34B,235.924,236.357,SIERRA,0.4329999999999927,0.0,0.0,0.0,0.0,1,1,1.0,0.0,2.3094688221709396,0.0,0.0,0.0,32.5448762022813
3400,PE-34B,239.381,239.835,SIERRA,0.45400000000000773,0.0,0.0,0.0,0.0,1,2,1.0,0.0,2.20264317180613,0.0,0.0,0.0,34.27170657432096
3401,PE-34B,294.26,294.499,SELVA,0.23900000000003274,0.0,0.0,0.0,0.0,1,1,1.0,0.0,4.184100418409469,0.0,0.0,0.0,6.668634933777424
3402,PE-34B,232.175,232.569,SIERRA,0.39399999999997704,0.0,0.0,0.0,0.0,1,1,1.0,0.0,2.5380710659899957,0.0,0.0,0.0,30.26877280814712
3403,PE-34B,176.666,182.887,SIERRA,6.221000000000004,0.0,0.0,0.0,0.0,15,21,15.0,0.0,2.411187911911267,0.0,0.0,0.0,2.865060937777858
3404,PE-34B,296.112,296.445,SELVA,0.33299999999997,0.0,0.0,0.0,0.0,1,1,1.0,0.0,3.0030030030032737,0.0,0.0,0.0,7.711692878504473
3405,PE-34B,306.08,306.516,SELVA,0.43600000000003547,0.0,0.0,1.0,0.0,1,1,2.0,0.0,4.587155963302379,0.0,0.0,0.0,11.795644319514256
3406,PE-34B,290.131,290.728,SELVA,0.5970000000000368,0.0,0.0,0.0,0.0,1,2,1.0,0.0,1.6750418760467978,0.0,0.0,0.0,4.521510291988276
3407,PE-34B,293.779,294.26,SELVA,0.48099999999999454,0.0,0.0,0.0,0.0,1,2,1.0,0.0,2.0790020790021027,0.0,0.0,0.0,6.4431261583345245
3408,PE-34B,101.008,102.108,SIERRA,1.1000000000000085,0.0,0.0,1.0,0.0,3,4,4.0,0.0,3.6363636363636083,0.0,0.0,0.0,3.98784451546658
3409,PE-34B,182.887,183.335,SIERRA,0.4480000000000075,0.0,0.0,0.0,0.0,1,2,1.0,0.0,2.23214285714282,0.0,0.0,0.0,0.4040293518901812
3410,PE-34B,176.498,176.666,SIERRA,0.16800000000000637,0.0,0.0,1.0,0.0,0,1,1.0,0.0,5.952380952380727,0.0,0.0,0.0,5.225643967202707
3411,PE-34B,217.023,217.459,SIERRA,0.43600000000000705,0.0,0.0,0.0,0.0,1,1,1.0,0.0,2.293577981651339,0.0,0.0,0.0,23.75478854714273
3412,PE-34B,230.66,230.886,SIERRA,0.2259999999999991,0.0,0.0,0.0,0.0,1,1,1.0,0.0,4.424778761061964,0.0,0.0,0.0,29.55794096511513
3413,PE-34B,217.459,217.904,SIERRA,0.4449999999999932,0.0,0.0,0.0,0.0,1,2,1.0,0.0,2.2471910112359894,0.0,0.0,0.0,23.79446347475072
3414,PE-34B,232.569,232.675,SIERRA,0.10600000000002296,0.0,0.0,0.0,0.0,0,0,0.0,0.0,0.0,0.0,0.0,0.0,30.63852682259113
3415,PE-34B,239.835,240.523,SIERRA,0.6879999999999882,0.0,0.0,0.0,0.0,2,2,2.0,0.0,2.9069767441860965,0.0,0.0,0.0,33.9734779416234
3416,PE-34B,240.523,240.865,SIERRA,0.34200000000001296,0.0,0.0,0.0,0.0,1,1,1.0,0.0,2.9239766081870235,0.0,0.0,0.0,33.51234308213406
3417,PE-34B,286.772,287.396,SELVA,0.6240000000000236,0.0,0.0,1.0,0.0,1,2,2.0,0.0,3.2051282051280836,0.0,0.0,0.0,0.8582154351855504
3418,PE-34B,291.951,292.243,SELVA,0.29199999999997317,0.0,0.0,0.0,0.0,1,1,1.0,0.0,3.42465753424689,0.0,0.0,0.0,5.495545831831234
3419,PE-34K,64.154,72.245,SIERRA,8.091000000000008,0.0,0.0,0.0,0.0,0,0,0.0,0.0,0.0,0.0,0.0,0.0,63.25388146074112
3420,PE-34K,7.3,21.18,SIERRA,13.879999999999999,3.0,3.0,0.0,0.0,0,0,3.0,3.0,0.21613832853025938,0.21613832853025938,0.0,0.0,30.519920849872605
3421,PE-34K,34.245,64.154,SIERRA,29.909,0.0,0.0,0.0,0.0,0,0,0.0,0.0,0.0,0.0,0.0,0.0,50.75183981248333
3422,PE-34H,196.246,197.238,SIERRA,0.9919999999999902,0.0,0.0,0.0,0.0,0,0,0.0,0.0,0.0,0.0,0.0,0.0,82.55095975658331
3423,PE-34H,69.287,69.545,SIERRA,0.25799999999999557,0.0,0.0,0.0,0.0,0,0,0.0,0.0,0.0,0.0,0.0,0.0,77.21535788733492
3424,PE-34H,159.687,161.54,SIERRA,1.8529999999999802,0.0,0.0,0.0,0.0,0,0,0.0,0.0,0.0,0.0,0.0,0.0,68.36019979865749
3425,PE-34H,197.238,197.675,SIERRA,0.4370000000000118,0.0,0.0,0.0,0.0,0,0,0.0,0.0,0.0,0.0,0.0,0.0,82.74408493250691
3426,PE-34H,68.663,68.865,SIERRA,0.20199999999999818,0.0,0.0,3.0,2.0,0,0,3.0,2.0,14.851485148514985,9.90099009900999,0.0,0.0,77.4208191177452
3427,PE-34H,195.663,196.246,SIERRA,0.5829999999999984,0.0,0.0,0.0,0.0,0,0,0.0,0.0,0.0,0.0,0.0,0.0,82.40599019163973
3428,PE-34H,47.704,47.891,SIERRA,0.1869999999999976,0.0,0.0,2.0,0.0,0,0,2.0,0.0,10.695187165775538,0.0,0.0,0.0,85.93419053589543
3429,PE-34H,89.952,90.396,SIERRA,0.4440000000000026,0.0,0.0,0.0,0.0,0,0,0.0,0.0,0.0,0.0,0.0,0.0,62.04201940646837
3430,PE-34L,33.9,33.955,SIERRA,0.054999999999999716,0.0,0.0,0.0,0.0,0,0,0.0,0.0,0.0,0.0,0.0,0.0,104.91596375197348
3431,PE-34L,4.981,15.433,SIERRA,10.452,0.0,0.0,0.0,0.0,0,0,0.0,0.0,0.0,0.0,0.0,0.0,87.79531454321264
3432,PE-34L,15.433,33.9,SIERRA,18.467,0.0,0.0,0.0,0.0,0,0,0.0,0.0,0.0,0.0,0.0,0.0,98.41383049504816
3433,PE-34L,59.45,64.95,SIERRA,5.5,0.0,0.0,0.0,0.0,0,0,0.0,0.0,0.0,0.0,0.0,0.0,111.99009978611582
3434,PE-34L,99.237,110.22,SIERRA,10.983000000000004,0.0,0.0,0.0,0.0,0,0,0.0,0.0,0.0,0.0,0.0,0.0,97.95407843186952
3435,PE-04A,0.0,21.898,COSTA,21.898,0.0,0.0,0.0,0.0,0,0,0.0,0.0,0.0,0.0,0.0,0.0,78.10991628741341
3436,PE-04A,39.491,90.642,COSTA,51.150999999999996,0.0,0.0,0.0,0.0,0,0,0.0,0.0,0.0,0.0,0.0,0.0,30.7545058222557
3437,PE-36B,50.297,52.923,SIERRA,2.6260000000000048,0.0,0.0,1.0,0.0,2,2,3.0,0.0,1.1424219345011404,0.0,0.0,0.0,46.21737109371519
3438,PE-3SA,0.0,2.562,SIERRA,2.562,3.0,3.0,1.0,0.0,0,0,4.0,3.0,1.5612802498048401,1.17096018735363,0.0,0.0,41.301973194960176
3439,PE-3SA,35.255,47.354,SIERRA,12.098999999999997,0.0,0.0,2.0,0.0,0,0,2.0,0.0,0.16530291759649562,0.0,0.0,0.0,22.408325156166644
3440,PE-3SF,36.008,38.233,SIERRA,2.2249999999999943,1.0,4.0,0.0,0.0,0,0,1.0,4.0,0.44943820224719216,1.7977528089887687,0.0,0.0,30.227296870362306
3441,PE-34L,0.44,4.981,SIERRA,4.5409999999999995,0.0,0.0,0.0,0.0,0,0,0.0,0.0,0.0,0.0,0.0,0.0,81.47808007310897
3442,PE-18B,98.589,174.838,SIERRA,76.249,0.0,0.0,0.0,0.0,0,0,0.0,0.0,0.0,0.0,0.0,0.0,72.5593381884396
3443,PE-14,118.469,136.915,SIERRA,18.445999999999998,0.0,0.0,1.0,0.0,0,0,1.0,0.0,0.054212295348585064,0.0,0.0,0.0,40.80691630379792
3444,PE-14,137.657,140.289,SIERRA,2.6319999999999766,1.0,1.0,0.0,0.0,0,0,1.0,1.0,0.3799392097264471,0.3799392097264471,0.0,0.0,41.73533350625519
3445,PE-14,66.215,69.271,SIERRA,3.0559999999999974,0.0,0.0,0.0,0.0,0,0,0.0,0.0,0.0,0.0,0.0,0.0,56.5188028603662
3446,PE-14,45.372,50.811,SIERRA,5.439,0.0,0.0,0.0,0.0,0,0,0.0,0.0,0.0,0.0,0.0,0.0,53.204001788514304
3447,PE-14,55.688,56.768,SIERRA,1.0799999999999983,0.0,0.0,0.0,0.0,0,0,0.0,0.0,0.0,0.0,0.0,0.0,54.099754542365226
3448,PE-14,10.838,15.286,COSTA,4.448,0.0,0.0,1.0,2.0,0,0,1.0,2.0,0.22482014388489208,0.44964028776978415,0.0,0.0,30.73235576839931
3449,PE-14,145.464,146.601,SIERRA,1.1370000000000005,0.0,0.0,0.0,0.0,0,0,0.0,0.0,0.0,0.0,0.0,0.0,41.764674499925775
3450,PE-14,140.289,141.393,SIERRA,1.1040000000000134,1.0,1.0,0.0,0.0,0,0,1.0,1.0,0.9057971014492644,0.9057971014492644,0.0,0.0,42.27304725180964
3451,PE-14,141.393,142.41,SIERRA,1.016999999999996,0.0,0.0,0.0,0.0,0,0,0.0,0.0,0.0,0.0,0.0,0.0,42.946057512924426
3452,PE-14,142.41,144.445,SIERRA,2.0349999999999966,0.0,0.0,1.0,0.0,0,0,1.0,0.0,0.49140049140049225,0.0,0.0,0.0,43.20010515688608
3453,PE-14,5.085,10.838,COSTA,5.752999999999999,0.0,0.0,0.0,0.0,0,0,0.0,0.0,0.0,0.0,0.0,0.0,27.78770698999062
3454,PE-14,15.286,20.734,COSTA,5.448000000000002,0.0,0.0,2.0,0.0,0,0,2.0,0.0,0.36710719530102776,0.0,0.0,0.0,34.9653405760118
3455,PE-14,64.708,66.215,SIERRA,1.507000000000005,0.0,0.0,0.0,0.0,0,0,0.0,0.0,0.0,0.0,0.0,0.0,58.04905253793538
3456,PE-14,93.869,100.093,SIERRA,6.224000000000004,1.0,1.0,0.0,0.0,0,0,1.0,1.0,0.16066838046272483,0.16066838046272483,0.0,0.0,46.45081026766703
3457,PE-14,28.14,38.158,SIERRA,10.018,0.0,0.0,1.0,0.0,0,0,1.0,0.0,0.09982032341784787,0.0,0.0,0.0,47.798080302372696
3458,PE-14,109.404,112.987,SIERRA,3.5829999999999984,0.0,0.0,1.0,0.0,0,0,1.0,0.0,0.27909572983533365,0.0,0.0,0.0,43.85788475934522
3459,PE-14,69.271,93.869,SIERRA,24.598,2.0,2.0,0.0,0.0,0,0,2.0,2.0,0.08130742336775348,0.08130742336775348,0.0,0.0,51.2958029543268
3460,PE-14,56.991,64.708,SIERRA,7.716999999999999,0.0,0.0,0.0,0.0,0,0,0.0,0.0,0.0,0.0,0.0,0.0,57.42512647058607
3461,PE-14,50.811,55.688,SIERRA,4.8770000000000024,0.0,0.0,0.0,0.0,0,0,0.0,0.0,0.0,0.0,0.0,0.0,54.1539051456832
3462,PE-14,38.158,45.372,SIERRA,7.213999999999999,1.0,1.0,0.0,0.0,0,0,1.0,1.0,0.13861935126143612,0.13861935126143612,0.0,0.0,51.87720345007568
3463,PE-14,112.987,118.469,SIERRA,5.481999999999999,1.0,1.0,0.0,0.0,0,0,1.0,1.0,0.18241517694272166,0.18241517694272166,0.0,0.0,42.2899493708962
3464,PE-14,20.734,25.261,SIERRA,4.5269999999999975,0.0,0.0,0.0,0.0,0,0,0.0,0.0,0.0,0.0,0.0,0.0,39.42678185017099
3465,PE-14,0.0,5.085,COSTA,5.085,0.0,0.0,4.0,0.0,0,0,4.0,0.0,0.7866273352999017,0.0,0.0,0.0,26.28610398963832
3466,PE-14,100.093,109.082,SIERRA,8.98899999999999,0.0,0.0,1.0,0.0,0,0,1.0,0.0,0.1112470797641563,0.0,0.0,0.0,44.88262931635978
3467,PE-28C,99.684,105.184,SELVA,5.5,0.0,0.0,0.0,0.0,0,0,0.0,0.0,0.0,0.0,0.0,0.0,126.04356171869088
3468,PE-1N,1043.646,1050.691,COSTA,7.045000000000073,0.0,0.0,0.0,0.0,26,98,26.0,0.0,3.6905606813342415,0.0,0.0,0.0,23.349627354280138
3469,PE-1SE,0.0,21.095,COSTA,21.095,23.0,29.0,1.0,0.0,0,0,24.0,29.0,1.1377103579047168,1.3747333491348661,0.0,0.0,12.396181640959384
3470,PE-1SE,35.004,41.11,COSTA,6.106000000000002,3.0,5.0,0.0,0.0,0,0,3.0,5.0,0.4913200131018669,0.8188666885031115,0.0,0.0,35.34302966733195
3471,PE-5NI,38.072,50.072,SELVA,12.0,0.0,0.0,0.0,0.0,0,0,0.0,0.0,0.0,0.0,0.0,0.0,471.49936332671456
3472,PE-1NU,0.0,14.186,,14.186,3.0,5.0,0.0,0.0,0,0,3.0,5.0,0.21147610320033836,0.35246017200056395,0.0,0.0,21.226230617159302
3473,PE-1NU,27.464,27.963,,0.49900000000000233,1.0,1.0,0.0,0.0,0,0,1.0,1.0,2.0040080160320546,2.0040080160320546,0.0,0.0,22.232771916873155
3474,PE-5NA,69.192,72.442,SELVA,3.25,0.0,0.0,0.0,0.0,0,0,0.0,0.0,0.0,0.0,0.0,0.0,79.11879212068376
3475,PE-14C,104.546,105.67,SIERRA,1.1239999999999952,0.0,0.0,0.0,0.0,0,0,0.0,0.0,0.0,0.0,0.0,0.0,112.67495435433706
3476,PE-14C,121.67,144.26,SIERRA,22.58999999999999,1.0,2.0,0.0,0.0,0,0,1.0,2.0,0.0442673749446658,0.0885347498893316,0.0,0.0,110.1934610491396
3477,PE-02,0.0,7.918,COSTA,7.918,4.0,4.0,0.0,0.0,19,71,23.0,4.0,2.904773932811316,0.5051780752715332,0.0,0.0,14.021005737307348
3478,PE-04A,0.0,39.491,COSTA,39.491,0.0,0.0,0.0,0.0,0,0,0.0,0.0,0.0,0.0,0.0,0.0,65.93343961325631
3479,PE-1N,154.466,167.558,COSTA,13.091999999999985,15.0,16.0,7.0,400000.0,49,181,71.0,400016.0,5.4231591811793525,30554.23159181183,0.0,0.0,19.684642477946053
3480,PE-1NA,19.37,22.85,COSTA,3.4800000000000004,4.0,4.0,6.0,0.0,39,69,49.0,4.0,14.08045977011494,1.1494252873563218,0.0,0.0,14.633694023705791
3481,PE-1S,210.541,221.407,COSTA,10.866000000000014,7.0,7.0,1.0,0.0,32,65,40.0,7.0,3.681207436039016,0.6442113013068278,0.0,0.0,27.60769916917773
3482,PE-1N,412.877,424.275,COSTA,11.397999999999968,3.0,4.0,9.0,100100000.0,42,158,54.0,100100004.0,4.737673276013349,8782242.849622766,0.0,0.0,8.696162444731556
3483,PE-28,3.167,11.558,COSTA,8.391,1.0,1.0,0.0,0.0,0,0,1.0,1.0,0.11917530687641521,0.11917530687641521,0.0,0.0,34.30630167494368
3484,PE-1SG,4.306,5.557,COSTA,1.2510000000000003,2.0,2.0,0.0,0.0,0,0,2.0,2.0,1.5987210231814544,1.5987210231814544,0.0,0.0,36.68013686379987
3485,PE-1NI,46.797,48.738,COSTA,1.9410000000000025,0.0,0.0,0.0,0.0,0,0,0.0,0.0,0.0,0.0,0.0,0.0,25.85690901625396
3486,PE-3SG,151.347,152.061,SIERRA,0.7139999999999986,0.0,0.0,0.0,0.0,0,0,0.0,0.0,0.0,0.0,0.0,0.0,90.66852822928928
3487,PE-3N,1212.999,1213.511,SIERRA,0.5119999999999436,0.0,0.0,0.0,0.0,0,1,0.0,0.0,0.0,0.0,0.0,0.0,106.79015693469977
3488,PE-3N,1424.641,1425.226,SIERRA,0.5850000000000364,0.0,0.0,0.0,0.0,0,1,0.0,0.0,0.0,0.0,0.0,0.0,90.56562131365732
3489,PE-3N,1770.782,1773.221,SELVA,2.439000000000078,0.0,0.0,0.0,0.0,2,3,2.0,0.0,0.8200082000819745,0.0,0.0,0.0,32.88930640188386
3490,PE-34L,89.698,99.237,SIERRA,9.539000000000001,1.0,1.0,0.0,0.0,0,0,1.0,1.0,0.10483279169724288,0.10483279169724288,0.0,0.0,103.0191474603558
3491,PE-34K,25.86,34.245,SIERRA,8.384999999999998,0.0,0.0,0.0,0.0,0,0,0.0,0.0,0.0,0.0,0.0,0.0,39.17626253881014
3492,PE-20A,29.1,30.705,SIERRA,1.6049999999999969,0.0,0.0,3.0,10.0,0,0,3.0,10.0,1.8691588785046764,6.230529595015589,0.0,0.0,19.044721363088232
3493,PE-20A,42.505,44.023,SIERRA,1.5180000000000007,0.0,0.0,4.0,1000.0,0,0,4.0,1000.0,2.6350461133069816,658.7615283267454,0.0,0.0,28.339186217036623
3494,PE-20A,33.595,35.2,SIERRA,1.605000000000004,0.0,0.0,1.0,0.0,0,0,1.0,0.0,0.623052959501556,0.0,0.0,0.0,20.78087254202158
3495,PE-28H,123.0,164.6,SIERRA,41.599999999999994,0.0,0.0,0.0,0.0,0,0,0.0,0.0,0.0,0.0,0.0,0.0,119.8127693885924
3496,PE-3SW,17.44,32.383,SIERRA,14.943000000000001,2.0,2.0,0.0,0.0,0,0,2.0,2.0,0.13384193267750785,0.13384193267750785,0.0,0.0,79.23468854931316
3497,PE-3SW,0.0,7.101,SIERRA,7.101,0.0,0.0,0.0,0.0,0,0,0.0,0.0,0.0,0.0,0.0,0.0,86.94492977919006
3498,PE-3N,1100.108,1100.707,SIERRA,0.5990000000001601,2.0,3.0,0.0,0.0,0,1,2.0,3.0,3.338898163605118,5.008347245407677,0.0,0.0,89.67200969692524
3499,PE-3N,1275.793,1275.898,SIERRA,0.10500000000001819,0.0,0.0,0.0,0.0,0,0,0.0,0.0,0.0,0.0,0.0,0.0,104.2356097778594
3500,PE-3N,1275.898,1275.973,SIERRA,0.07500000000004547,1.0,1.0,0.0,0.0,0,0,1.0,1.0,13.33333333332525,13.33333333332525,0.0,0.0,104.31728606923396
3501,PE-3N,1275.973,1276.163,SIERRA,0.19000000000005457,0.0,0.0,0.0,0.0,0,0,0.0,0.0,0.0,0.0,0.0,0.0,104.36525257087742
3502,PE-1SC,49.799,76.846,SIERRA,27.047000000000004,0.0,0.0,0.0,0.0,0,0,0.0,0.0,0.0,0.0,0.0,0.0,21.78632628055721
3503,PE-3S,0.0,0.953,SIERRA,0.953,1.0,1.0,1.0,0.0,0,1,2.0,1.0,2.0986358866736623,1.0493179433368311,0.0,0.0,9.408500017086189
3504,PE-3S,157.986,159.749,SIERRA,1.7630000000000052,0.0,0.0,0.0,0.0,1,1,1.0,0.0,0.5672149744753244,0.0,0.0,0.0,20.49000673732926
3505,PE-3S,117.942,118.3,SIERRA,0.3580000000000041,0.0,0.0,1.0,0.0,0,0,1.0,0.0,2.793296089385443,0.0,0.0,0.0,16.647689585410806
3506,PE-3S,131.472,133.182,SIERRA,1.7099999999999795,0.0,0.0,3.0,0.0,1,1,4.0,0.0,2.3391812865497355,0.0,0.0,0.0,4.30315965932764
3507,PE-3S,127.295,130.719,SIERRA,3.4239999999999924,3.0,3.0,3.0,0.0,2,3,8.0,3.0,2.3364485981308465,0.8761682242990674,0.0,0.0,7.153017507139992
3508,PE-3S,119.138,121.495,SIERRA,2.3569999999999993,1.0,1.0,0.0,0.0,1,2,2.0,1.0,0.8485362749257533,0.42426813746287667,0.0,0.0,14.731298741338769
3509,PE-3S,126.528,127.295,SIERRA,0.7669999999999959,0.0,0.0,0.0,0.0,0,1,0.0,0.0,0.0,0.0,0.0,0.0,9.004313284058794
3510,PE-3S,31.375,35.123,SIERRA,3.7479999999999976,0.0,0.0,2.0,10.0,2,3,4.0,10.0,1.0672358591248672,2.668089647812168,0.0,0.0,12.11775571118496
3511,PE-3S,31.234,31.375,SIERRA,0.14099999999999824,0.0,0.0,13.0,10.0,0,0,13.0,10.0,92.19858156028484,70.92198581560372,0.0,0.0,10.662768696083356
3512,PE-3S,77.493,80.099,SIERRA,2.6060000000000088,1.0,1.0,2.0,0.0,1,2,4.0,1.0,1.5349194167306164,0.3837298541826541,0.0,0.0,42.166712601132026
3513,PE-3S,102.336,105.92,SIERRA,3.584000000000003,4.0,4.0,4.0,1000.0,2,3,10.0,1004.0,2.790178571428569,280.1339285714283,0.0,0.0,29.42880734116839
3514,PE-3S,98.257,102.336,SIERRA,4.0789999999999935,6.0,8.0,4.0,0.0,2,3,12.0,8.0,2.941897523902922,1.9612650159352814,2.0,1.0,32.93765325798428
3515,PE-3S,189.969,190.517,SIERRA,0.5480000000000018,0.0,0.0,1.0,0.0,0,0,1.0,0.0,1.8248175182481692,0.0,0.0,0.0,43.12344106911664
3516,PE-3S,428.159,429.979,SIERRA,1.8199999999999932,1.0,1.0,0.0,0.0,1,1,2.0,1.0,1.098901098901103,0.5494505494505515,0.0,0.0,18.132663391395912
3517,PE-3S,382.84,384.091,SIERRA,1.2510000000000332,1.0,1.0,0.0,0.0,1,1,2.0,1.0,1.5987210231814124,0.7993605115907062,0.0,0.0,9.224121798832323
3518,PE-3S,384.091,385.078,SIERRA,0.9869999999999663,0.0,0.0,0.0,0.0,0,1,0.0,0.0,0.0,0.0,0.0,0.0,8.60932348149789
3519,PE-3S,307.831,308.739,SIERRA,0.9079999999999586,0.0,0.0,0.0,0.0,0,1,0.0,0.0,0.0,0.0,0.0,0.0,46.17085679879013
3520,PE-3S,340.587,342.423,SIERRA,1.8360000000000127,0.0,0.0,0.0,0.0,1,2,1.0,0.0,0.5446623093681879,0.0,0.0,0.0,29.62625268447302
3521,PE-3S,543.448,544.468,SIERRA,1.0199999999999818,0.0,0.0,0.0,0.0,0,1,0.0,0.0,0.0,0.0,0.0,0.0,68.39516333416277
3522,PE-3S,584.937,586.437,SIERRA,1.5,2.0,2.0,1.0,0.0,1,1,4.0,2.0,2.6666666666666665,1.3333333333333333,0.0,0.0,65.59871673483538
3523,PE-3S,583.72,584.937,SIERRA,1.2169999999999845,0.0,0.0,1.0,0.0,1,1,2.0,0.0,1.6433853738701933,0.0,0.0,0.0,66.04486615610581
3524,PE-3S,1117.24,1153.245,SIERRA,36.00499999999988,29.0,42.0,0.0,0.0,18,29,47.0,42.0,1.3053742535758965,1.1665046521316522,0.0,0.0,11.577149227420518
3525,PE-3S,1113.787,1117.24,SIERRA,3.4529999999999745,5.0,5.0,2.0,11.0,2,3,9.0,16.0,2.6064291920069698,4.63365189690128,0.0,0.0,29.47241163652001
3526,PE-3S,1090.998,1113.787,SIERRA,22.788999999999987,29.0,29.0,6.0,0.0,11,19,46.0,29.0,2.0185177059107478,1.2725437711176453,0.0,0.0,41.086797942553225
3527,PE-3S,1086.315,1090.998,SIERRA,4.682999999999993,4.0,5.0,3.0,0.0,2,4,9.0,5.0,1.9218449711723284,1.0676916506512935,0.0,0.0,53.4822386664645
3528,PE-3S,1083.059,1086.315,SIERRA,3.2560000000000855,6.0,7.0,1.0,0.0,2,3,9.0,7.0,2.7641277641276916,2.1498771498770934,0.0,0.0,57.29953595988356
3529,PE-3S,1065.175,1083.059,SIERRA,17.884000000000015,9.0,9.0,3.0,0.0,9,15,21.0,9.0,1.1742339521359866,0.5032431223439943,0.0,0.0,65.9412181805628
3530,PE-3S,630.83,631.837,SIERRA,1.0069999999999482,0.0,0.0,0.0,0.0,0,1,0.0,0.0,0.0,0.0,0.0,0.0,44.72626283861457
3531,PE-3S,687.6,688.553,SIERRA,0.9529999999999745,1.0,1.0,0.0,0.0,0,1,1.0,1.0,1.0493179433368591,1.0493179433368591,0.0,0.0,24.86456639716236
3532,PE-3S,761.767,763.097,SIERRA,1.3299999999999272,0.0,0.0,4.0,2000.0,1,1,5.0,2000.0,3.759398496240807,1503.7593984963228,0.0,0.0,27.74513563865448
3533,PE-3S,777.578,778.432,SIERRA,0.8540000000000418,0.0,0.0,0.0,0.0,0,1,0.0,0.0,0.0,0.0,0.0,0.0,34.51710597882459
3534,PE-3S,775.62,777.578,SIERRA,1.95799999999997,0.0,0.0,0.0,0.0,1,2,1.0,0.0,0.5107252298263613,0.0,0.0,0.0,33.68597429423037
3535,PE-3S,782.281,783.281,SIERRA,1.0,1.0,1.0,2.0,0.0,0,1,3.0,1.0,3.0,1.0,0.0,0.0,37.56172517348899
3536,PE-3S,939.822,946.122,SIERRA,6.2999999999999545,13.0,13.0,4.0,1.0,3,5,20.0,14.0,3.1746031746031975,2.2222222222222383,0.0,0.0,105.99528008765571
3537,PE-3S,985.559,987.311,SIERRA,1.7520000000000664,4.0,4.0,1.0,1.0,1,1,6.0,5.0,3.4246575342464456,2.8538812785387044,0.0,0.0,119.5960605235396
3538,PE-3S,984.095,985.068,SIERRA,0.9729999999999563,0.0,0.0,0.0,0.0,0,1,0.0,0.0,0.0,0.0,0.0,0.0,121.20585421543882
3539,PE-3S,969.708,970.994,SIERRA,1.2860000000000582,1.0,1.0,1.0,0.0,1,1,3.0,1.0,2.3328149300154464,0.7776049766718155,0.0,0.0,122.4639560829372
3540,PE-3S,964.169,964.916,SIERRA,0.7470000000000709,1.0,1.0,2.0,0.0,0,1,3.0,1.0,4.016064257027731,1.3386880856759102,0.0,0.0,121.48398114918044
3541,PE-3S,973.021,973.673,SIERRA,0.6520000000000437,0.0,0.0,0.0,0.0,0,1,0.0,0.0,0.0,0.0,0.0,0.0,123.9585760908125
3542,PE-3S,982.692,984.095,SIERRA,1.40300000000002,0.0,0.0,0.0,0.0,1,1,1.0,0.0,0.712758374910895,0.0,0.0,0.0,122.23929994556786
3543,PE-3S,1019.922,1021.848,SIERRA,1.9259999999999309,0.0,0.0,1.0,0.0,1,2,2.0,0.0,1.0384215991693,0.0,0.0,0.0,101.05437507013411
3544,PE-3S,1016.504,1017.948,SIERRA,1.44399999999996,0.0,0.0,0.0,0.0,1,1,1.0,0.0,0.6925207756232878,0.0,0.0,0.0,102.27727081139663
3545,PE-3S,1024.875,1065.175,SIERRA,40.299999999999955,18.0,28.0,3.0,0.0,20,33,41.0,28.0,1.0173697270471476,0.6947890818858569,0.0,0.0,89.38934645594155
3546,PE-3S,1314.101,1314.276,SIERRA,0.17499999999995453,0.0,0.0,0.0,0.0,0,0,0.0,0.0,0.0,0.0,0.0,0.0,56.11748123421894
3547,PE-3S,1314.276,1316.173,SIERRA,1.8969999999999345,4.0,4.0,0.0,0.0,1,2,5.0,4.0,2.635740643120808,2.1085925144966464,0.0,0.0,56.57314453019202
3548,PE-3S,1512.464,1512.917,SIERRA,0.45299999999997453,0.0,0.0,1.0,0.0,0,0,1.0,0.0,2.207505518763921,0.0,0.0,0.0,19.128602706898143
3549,PE-3S,1512.917,1514.315,SIERRA,1.3980000000001382,0.0,0.0,0.0,0.0,1,1,1.0,0.0,0.7153075822603012,0.0,0.0,0.0,20.02586045367567
3550,PE-5S,109.102,110.102,SELVA,1.0,1.0,1.0,1.0,0.0,0,0,2.0,1.0,2.0,1.0,0.0,0.0,85.4123268333157
3551,PE-5S,129.796,130.314,SELVA,0.5180000000000007,0.0,0.0,2.0,0.0,0,0,2.0,0.0,3.861003861003856,0.0,0.0,0.0,97.95573400964624
3552,PE-5S,130.42,130.52,SELVA,0.10000000000002274,0.0,0.0,0.0,0.0,0,0,0.0,0.0,0.0,0.0,0.0,0.0,98.29020086567498
3553,PE-5S,108.13,108.982,SELVA,0.8520000000000039,0.0,0.0,0.0,0.0,0,0,0.0,0.0,0.0,0.0,0.0,0.0,84.83269490139303
3554,PE-5S,150.13,152.686,SELVA,2.5560000000000116,0.0,0.0,0.0,0.0,0,0,0.0,0.0,0.0,0.0,0.0,0.0,108.00806788815784
3555,PE-5S,18.868,19.982,SELVA,1.1140000000000008,0.0,0.0,0.0,0.0,0,0,0.0,0.0,0.0,0.0,0.0,0.0,36.597607654816926
3556,PE-5S,18.26,18.868,SELVA,0.607999999999997,0.0,0.0,0.0,0.0,0,0,0.0,0.0,0.0,0.0,0.0,0.0,36.07692307158778
3557,PE-5S,3.569,5.221,SELVA,1.6520000000000001,1.0,1.0,0.0,0.0,0,0,1.0,1.0,0.6053268765133172,0.6053268765133172,0.0,0.0,27.695704849309585
3558,PE-5S,17.615,18.26,SELVA,0.6450000000000031,0.0,0.0,1.0,1.0,0,0,1.0,1.0,1.5503875968992173,1.5503875968992173,0.0,0.0,35.473968519495095
3559,PE-5S,12.892,13.388,SELVA,0.49600000000000044,0.0,0.0,3.0,0.0,0,0,3.0,0.0,6.048387096774189,0.0,0.0,0.0,32.395834613609566
3560,PE-5S,58.784,59.657,SELVA,0.8729999999999976,0.0,0.0,3.0,111.0,0,0,3.0,111.0,3.4364261168384975,127.14776632302441,0.0,0.0,63.50196767250822
3561,PE-5S,80.915,81.338,SELVA,0.4229999999999876,0.0,0.0,2.0,0.0,0,0,2.0,0.0,4.728132387706994,0.0,0.0,0.0,73.23311180499961
3562,PE-5S,45.028,46.318,SELVA,1.2899999999999991,0.0,0.0,1.0,0.0,0,0,1.0,0.0,0.7751937984496129,0.0,0.0,0.0,55.78635419175748
3563,PE-3ND,0.855,1.225,SIERRA,0.3700000000000001,0.0,0.0,0.0,0.0,0,0,0.0,0.0,0.0,0.0,0.0,0.0,69.13228729241241
3564,PE-3ND,13.942,15.998,SIERRA,2.055999999999999,0.0,0.0,0.0,0.0,0,0,0.0,0.0,0.0,0.0,0.0,0.0,69.48668303337578
3565,PE-3ND,1.727,3.285,SIERRA,1.558,0.0,0.0,0.0,0.0,0,0,0.0,0.0,0.0,0.0,0.0,0.0,69.68102260501124
3566,PE-3ND,5.49,7.214,SIERRA,1.7240000000000002,2.0,2.0,0.0,0.0,0,0,2.0,2.0,1.1600928074245938,1.1600928074245938,0.0,0.0,69.99507634135091
3567,PE-3ND,3.285,5.49,SIERRA,2.205,0.0,0.0,0.0,0.0,0,0,0.0,0.0,0.0,0.0,0.0,0.0,70.05157566355291
3568,PE-3ND,15.998,18.269,SIERRA,2.270999999999999,1.0,1.0,0.0,0.0,0,0,1.0,1.0,0.4403346543372965,0.4403346543372965,0.0,0.0,68.15776198947891
3569,PE-3ND,18.269,19.75,SIERRA,1.4810000000000016,0.0,0.0,0.0,0.0,0,0,0.0,0.0,0.0,0.0,0.0,0.0,67.21322791850268
3570,PE-3ND,20.137,21.559,SIERRA,1.4220000000000006,0.0,0.0,0.0,0.0,0,0,0.0,0.0,0.0,0.0,0.0,0.0,65.82026017735069
3571,PE-3ND,19.75,20.137,SIERRA,0.38700000000000045,0.0,0.0,0.0,0.0,0,0,0.0,0.0,0.0,0.0,0.0,0.0,66.47060447923262
3572,PE-3ND,21.559,22.896,SIERRA,1.3369999999999997,2.0,2.0,0.0,0.0,0,0,2.0,2.0,1.4958863126402395,1.4958863126402395,0.0,0.0,65.15158955472435
3573,PE-3ND,23.26,24.04,SIERRA,0.7799999999999976,0.0,0.0,0.0,0.0,0,0,0.0,0.0,0.0,0.0,0.0,0.0,64.2777814565018
3574,PE-3ND,25.445,26.032,SIERRA,0.5869999999999997,0.0,0.0,0.0,0.0,0,0,0.0,0.0,0.0,0.0,0.0,0.0,63.37215079032652
3575,PE-3ND,24.895,25.445,SIERRA,0.5500000000000007,0.0,0.0,0.0,0.0,0,0,0.0,0.0,0.0,0.0,0.0,0.0,63.54600324063663
3576,PE-3ND,26.285,26.685,SIERRA,0.3999999999999986,0.0,0.0,0.0,0.0,0,0,0.0,0.0,0.0,0.0,0.0,0.0,63.20663669784423
3577,PE-3ND,27.414,29.028,SIERRA,1.6139999999999972,0.0,0.0,0.0,0.0,0,0,0.0,0.0,0.0,0.0,0.0,0.0,62.9215558794984
3578,PE-3ND,26.685,27.414,SIERRA,0.7290000000000028,0.0,0.0,0.0,0.0,0,0,0.0,0.0,0.0,0.0,0.0,0.0,62.977376172122106
3579,PE-3ND,29.028,30.911,SIERRA,1.8830000000000027,0.0,0.0,0.0,0.0,0,0,0.0,0.0,0.0,0.0,0.0,0.0,62.33548288995005
3580,PE-3ND,30.911,31.708,SIERRA,0.796999999999997,0.0,0.0,0.0,0.0,0,0,0.0,0.0,0.0,0.0,0.0,0.0,61.57141349351503
3581,PE-3ND,38.421,38.765,SIERRA,0.3440000000000012,0.0,0.0,0.0,0.0,0,0,0.0,0.0,0.0,0.0,0.0,0.0,58.58691252623255
3582,PE-3ND,37.394,38.11,SIERRA,0.7160000000000011,0.0,0.0,0.0,0.0,0,0,0.0,0.0,0.0,0.0,0.0,0.0,59.36549628763814
3583,PE-3ND,40.296,40.792,SIERRA,0.4960000000000022,0.0,0.0,0.0,0.0,0,0,0.0,0.0,0.0,0.0,0.0,0.0,57.56934041521881
3584,PE-3ND,48.2,48.883,SIERRA,0.6829999999999998,0.0,0.0,0.0,0.0,0,0,0.0,0.0,0.0,0.0,0.0,0.0,55.36537008928173
3585,PE-3ND,71.753,72.01,SIERRA,0.257000000000005,0.0,0.0,0.0,0.0,0,0,0.0,0.0,0.0,0.0,0.0,0.0,47.29295478150455
3586,PE-3ND,81.542,83.751,SIERRA,2.209000000000003,0.0,0.0,0.0,0.0,0,0,0.0,0.0,0.0,0.0,0.0,0.0,45.24502215302679
3587,PE-3ND,79.965,81.342,SIERRA,1.3769999999999953,0.0,0.0,0.0,0.0,0,0,0.0,0.0,0.0,0.0,0.0,0.0,45.216205679506885
3588,PE-3ND,81.342,81.542,SIERRA,0.20000000000000284,0.0,0.0,0.0,0.0,0,0,0.0,0.0,0.0,0.0,0.0,0.0,45.179693377637655
3589,PE-3ND,84.956,86.734,SIERRA,1.7779999999999916,0.0,0.0,0.0,0.0,0,0,0.0,0.0,0.0,0.0,0.0,0.0,43.95205774249551
3590,PE-3ND,86.734,87.742,SIERRA,1.0080000000000098,0.0,0.0,0.0,0.0,0,0,0.0,0.0,0.0,0.0,0.0,0.0,43.17328974526916
3591,PE-3ND,102.81,102.957,SELVA,0.14699999999999136,0.0,0.0,0.0,0.0,0,0,0.0,0.0,0.0,0.0,0.0,0.0,36.85447527645796
3592,PE-3ND,102.48,102.81,SELVA,0.3299999999999983,0.0,0.0,0.0,0.0,0,0,0.0,0.0,0.0,0.0,0.0,0.0,36.94599588117124
3593,PE-3ND,102.957,115.424,SELVA,12.467000000000013,0.0,0.0,0.0,0.0,0,0,0.0,0.0,0.0,0.0,0.0,0.0,35.94209822502948
3594,PE-3ND,131.359,134.211,SELVA,2.852000000000004,0.0,0.0,0.0,0.0,0,0,0.0,0.0,0.0,0.0,0.0,0.0,36.39665347163528
3595,PE-3ND,130.297,131.359,SELVA,1.0620000000000118,0.0,0.0,0.0,0.0,0,0,0.0,0.0,0.0,0.0,4.0,2.0,36.90052072351325
3596,PE-3ND,134.549,137.794,SELVA,3.2450000000000045,0.0,0.0,0.0,0.0,0,0,0.0,0.0,0.0,0.0,0.0,0.0,36.08685390675885
3597,PE-3ND,134.211,134.549,SELVA,0.33799999999999386,0.0,0.0,0.0,0.0,0,0,0.0,0.0,0.0,0.0,0.0,0.0,35.816626690639616
3598,PE-3ND,22.896,23.26,SIERRA,0.36400000000000077,0.0,0.0,0.0,0.0,0,0,0.0,0.0,0.0,0.0,0.0,0.0,64.8237706043192
3599,PE-3ND,47.874,48.2,SIERRA,0.3260000000000005,0.0,0.0,0.0,0.0,0,0,0.0,0.0,0.0,0.0,0.0,0.0,55.56305139667861
3600,PE-3ND,24.673,24.895,SIERRA,0.2220000000000013,0.0,0.0,0.0,0.0,0,0,0.0,0.0,0.0,0.0,0.0,0.0,63.71983216872778
3601,PE-3ND,26.21,26.285,SIERRA,0.07499999999999929,0.0,0.0,0.0,0.0,0,0,0.0,0.0,0.0,0.0,0.0,0.0,63.31353024938728
3602,PE-3ND,102.157,102.48,SELVA,0.3230000000000075,0.0,0.0,0.0,0.0,0,0,0.0,0.0,0.0,0.0,0.0,0.0,37.05174798413041
3603,PE-3ND,83.751,84.807,SIERRA,1.0559999999999974,0.0,0.0,0.0,0.0,0,0,0.0,0.0,0.0,0.0,0.0,0.0,44.64526001009202
3604,PE-1N,143.186,148.186,COSTA,5.0,12.0,18.0,8.0,10000000.0,19,69,39.0,10000018.0,7.8,2000003.6,0.0,0.0,5.923608134262169
3605,PE-5N,0.0,0.41,SELVA,0.41,0.0,0.0,3.0,1.0,0,1,3.0,1.0,7.317073170731708,2.4390243902439024,0.0,0.0,24.38875239310376
3606,PE-5N,62.527,72.748,SELVA,10.221000000000004,0.0,0.0,0.0,0.0,7,16,7.0,0.0,0.6848644946678405,0.0,0.0,0.0,58.01763590655131
3607,PE-5N,42.008,51.886,SELVA,9.878,0.0,0.0,0.0,0.0,7,15,7.0,0.0,0.7086454747924681,0.0,0.0,0.0,49.69364832991981
3608,PE-5N,58.957,62.527,SELVA,3.5700000000000003,0.0,0.0,2.0,10.0,2,6,4.0,10.0,1.1204481792717087,2.8011204481792715,0.0,0.0,54.846592764955965
3609,PE-5N,52.567,58.957,SELVA,6.390000000000001,0.0,0.0,1.0,1.0,4,10,5.0,1.0,0.7824726134585289,0.15649452269170577,0.0,0.0,52.207650612736586
3610,PE-5N,76.983,78.14,SELVA,1.1569999999999965,0.0,0.0,0.0,0.0,1,2,1.0,0.0,0.8643042350907546,0.0,0.0,0.0,63.65791974977294
3611,PE-5N,72.748,76.983,SELVA,4.234999999999999,0.0,0.0,1.0,0.0,3,7,4.0,0.0,0.9445100354191265,0.0,0.0,0.0,61.768492432828246
3612,PE-5N,98.394,146.045,SELVA,47.65099999999998,0.0,0.0,0.0,0.0,33,74,33.0,0.0,0.6925353088077902,0.0,0.0,0.0,91.36849371429297
3613,PE-5N,81.513,98.394,SELVA,16.881,0.0,0.0,2.0,0.0,12,26,14.0,0.0,0.8293347550500563,0.0,0.0,0.0,73.47181388838388
3614,PE-5N,211.909,241.632,SELVA,29.723000000000013,0.0,0.0,1.0,0.0,21,46,22.0,0.0,0.7401675470174609,0.0,0.0,0.0,139.15523735175765
3615,PE-5N,209.455,212.119,SELVA,2.6639999999999873,0.0,0.0,2.0,20.0,2,4,4.0,20.0,1.5015015015015087,7.507507507507543,0.0,0.0,134.15830790363
3616,PE-5N,241.632,250.647,SELVA,9.014999999999986,0.0,0.0,0.0,0.0,6,14,6.0,0.0,0.6655574043261241,0.0,0.0,0.0,146.43456022046155
3617,PE-5N,256.933,261.968,SELVA,5.035000000000025,0.0,0.0,1.0,1.0,4,8,5.0,1.0,0.9930486593843049,0.19860973187686098,0.0,0.0,151.69411887304156
3618,PE-5N,261.968,264.425,SELVA,2.4569999999999936,0.0,0.0,3.0,0.0,2,4,5.0,0.0,2.0350020350020404,0.0,0.0,0.0,153.293018686412
3619,PE-5N,264.425,307.181,SELVA,42.75599999999997,0.0,0.0,0.0,0.0,30,66,30.0,0.0,0.7016559079427453,0.0,0.0,0.0,165.67753914560996
3620,PE-5N,250.647,256.933,SELVA,6.286000000000001,0.0,0.0,1.0,0.0,4,10,5.0,0.0,0.7954183900731783,0.0,0.0,0.0,149.27930094003742
3621,PE-5N,469.96,473.073,SELVA,3.1129999999999995,0.0,0.0,10.0,0.0,2,5,12.0,0.0,3.85480244137488,0.0,0.0,0.0,110.84045108888208
3622,PE-5N,484.269,484.574,SELVA,0.3050000000000068,0.0,0.0,2.0,2.0,0,0,2.0,2.0,6.5573770491801815,6.5573770491801815,0.0,0.0,110.16593777551805
3623,PE-5N,483.247,484.269,SELVA,1.0219999999999914,0.0,0.0,1.0,0.0,1,2,2.0,0.0,1.956947162426631,0.0,0.0,0.0,109.63544929223563
3624,PE-5N,484.574,486.839,SELVA,2.2649999999999864,1.0,1.0,2.0,0.0,2,3,5.0,1.0,2.2075055187638104,0.441501103752762,0.0,0.0,111.4684268410397
3625,PE-5N,473.073,474.644,SELVA,1.5710000000000264,0.0,0.0,2.0,1.0,1,2,3.0,1.0,1.9096117122851366,0.6365372374283789,0.0,0.0,110.4521887543843
3626,PE-5N,474.644,475.61,SELVA,0.9660000000000082,0.0,0.0,2.0,1.0,1,1,3.0,1.0,3.105590062111775,1.0351966873705916,0.0,0.0,110.3355849483561
3627,PE-5N,482.247,483.247,SELVA,1.0,0.0,0.0,11.0,1000000010.0,1,2,12.0,1000000010.0,12.0,1000000010.0,0.0,0.0,109.30238245592724
3628,PE-5N,475.61,482.247,SELVA,6.6370000000000005,2.0,2.0,5.0,0.0,5,10,12.0,2.0,1.8080458038270302,0.30134096730450505,0.0,0.0,109.86038504839912
3629,PE-5N,439.503,444.278,SELVA,4.775000000000034,0.0,0.0,1.0,0.0,3,7,4.0,0.0,0.837696335078528,0.0,0.0,0.0,120.35253720119546
3630,PE-5N,447.51,450.339,SELVA,2.8290000000000077,0.0,0.0,0.0,0.0,2,4,2.0,0.0,0.7069635913750423,0.0,0.0,0.0,118.6919293791888
3631,PE-5N,454.443,469.96,SELVA,15.516999999999996,0.0,0.0,8.0,10000000.0,11,24,19.0,10000000.0,1.224463491654315,644454.4692917448,0.0,0.0,112.90793059249688
3632,PE-5N,450.726,454.443,SELVA,3.7169999999999845,0.0,0.0,8.0,0.0,3,6,11.0,0.0,2.959375840731785,0.0,0.0,0.0,115.99427498990944
3633,PE-5N,444.278,446.694,SELVA,2.415999999999997,0.0,0.0,3.0,0.0,2,4,5.0,0.0,2.0695364238410625,0.0,0.0,0.0,119.91862676310804
3634,PE-5N,434.473,439.304,SELVA,4.83099999999996,0.0,0.0,2.0,0.0,3,7,5.0,0.0,1.0349824052991183,0.0,0.0,0.0,123.47250081402734
3635,PE-5N,429.302,434.473,SELVA,5.170999999999992,0.0,0.0,4.0,10.0,4,8,8.0,10.0,1.5470895378070029,1.9338619222587536,0.0,0.0,127.43933316188344
3636,PE-5N,425.492,427.148,SELVA,1.656000000000006,0.0,0.0,0.0,0.0,1,3,1.0,0.0,0.6038647342995147,0.0,0.0,0.0,130.91894735926795
3637,PE-5N,427.665,429.302,SELVA,1.6370000000000005,0.0,0.0,0.0,0.0,1,3,1.0,0.0,0.6108735491753206,0.0,0.0,0.0,129.6428209520027
3638,PE-5N,420.478,420.482,SELVA,0.004000000000019099,0.0,0.0,1.0,0.0,0,0,1.0,0.0,249.9999999988063,0.0,0.0,0.0,134.41292327467306
3639,PE-5N,390.562,395.475,SELVA,4.913000000000011,0.0,0.0,4.0,41.0,3,8,7.0,41.0,1.4247913698351282,8.345206594748607,0.0,0.0,151.17325841931302
3640,PE-5N,395.475,400.475,SELVA,5.0,0.0,0.0,1.0,0.0,3,8,4.0,0.0,0.8,0.0,0.0,0.0,147.85412186040548
3641,PE-5N,400.475,403.649,SELVA,3.173999999999978,0.0,0.0,2.0,0.0,2,5,4.0,0.0,1.2602394454946526,0.0,0.0,0.0,145.2074921075264
3642,PE-5N,380.511,390.562,SELVA,10.050999999999988,0.0,0.0,2.0,22.0,7,16,9.0,22.0,0.8954332902198797,2.188836931648595,0.0,0.0,156.4590566749917
3643,PE-5N,403.649,420.478,SELVA,16.829000000000008,0.0,0.0,0.0,0.0,12,26,12.0,0.0,0.7130548458018893,0.0,0.0,0.0,139.12394693810583
3644,PE-5N,368.558,380.511,SELVA,11.953000000000031,0.0,0.0,5.0,200.0,8,18,13.0,200.0,1.087593072868733,16.732201121057432,0.0,0.0,164.8520437296712
3645,PE-5N,319.614,327.047,SELVA,7.43300000000005,0.0,0.0,1.0,0.0,5,11,6.0,0.0,0.8072110856989049,0.0,0.0,0.0,189.33751813492785
3646,PE-5N,307.181,319.614,SELVA,12.432999999999993,0.0,0.0,1.0,0.0,9,19,10.0,0.0,0.8043111075363956,0.0,0.0,0.0,182.86822188858136
3647,PE-5N,558.948,559.569,SELVA,0.6209999999999809,0.0,0.0,0.0,0.0,0,1,0.0,0.0,0.0,0.0,0.0,0.0,156.95128224739017
3648,PE-5N,559.569,561.235,SELVA,1.6660000000000537,0.0,0.0,1.0,0.0,1,3,2.0,0.0,1.200480192076792,0.0,0.0,0.0,157.9945765535238
3649,PE-5N,549.589,550.968,SELVA,1.3789999999999054,0.0,0.0,0.0,0.0,1,2,1.0,0.0,0.7251631617114348,0.0,0.0,0.0,154.8868649733179
3650,PE-5N,557.525,558.787,SELVA,1.2620000000000573,0.0,0.0,0.0,0.0,1,2,1.0,0.0,0.792393026941327,0.0,0.0,0.0,156.0295766923811
3651,PE-5N,557.015,557.525,SELVA,0.5099999999999909,0.0,0.0,3.0,0.0,0,1,3.0,0.0,5.882352941176576,0.0,0.0,0.0,155.34377063472922
3652,PE-5N,352.767,355.515,SELVA,2.7479999999999905,0.0,0.0,2.0,0.0,2,4,4.0,0.0,1.455604075691417,0.0,0.0,0.0,180.7287004826101
3653,PE-5N,355.515,368.558,SELVA,13.043000000000006,0.0,0.0,0.0,0.0,9,20,9.0,0.0,0.6900253009277003,0.0,0.0,0.0,174.91658103696636
3654,PE-5N,327.047,328.341,SELVA,1.2939999999999827,1.0,1.0,0.0,0.0,1,2,2.0,1.0,1.5455950540958476,0.7727975270479238,0.0,0.0,192.2961153635901
3655,PE-5N,591.145,592.087,SELVA,0.9420000000000073,0.0,0.0,1.0,0.0,1,1,2.0,0.0,2.123142250530769,0.0,0.0,0.0,187.4864869418723
3656,PE-5N,592.087,593.617,SELVA,1.5299999999999727,0.0,0.0,1.0,0.0,1,2,2.0,0.0,1.3071895424836835,0.0,0.0,0.0,188.65335180233987
3657,PE-5N,593.978,594.452,SELVA,0.4740000000000464,0.0,0.0,0.0,0.0,0,1,0.0,0.0,0.0,0.0,0.0,0.0,189.98952705854168
3658,PE-5N,594.452,595.103,SELVA,0.6509999999999536,0.0,0.0,0.0,0.0,0,1,0.0,0.0,0.0,0.0,0.0,0.0,190.54338307189005
3659,PE-5N,595.103,596.31,SELVA,1.2069999999999936,0.0,0.0,4.0,0.0,1,2,5.0,0.0,4.142502071251058,0.0,0.0,0.0,191.40883173864944
3660,PE-5N,604.931,607.37,SELVA,2.4389999999999645,0.0,0.0,0.0,0.0,2,4,2.0,0.0,0.8200082000820127,0.0,0.0,0.0,200.8481668764251
3661,PE-5N,603.733,604.931,SELVA,1.1980000000000928,0.0,0.0,1.0,0.0,1,2,2.0,0.0,1.6694490818028758,0.0,0.0,0.0,199.06183246838225
3662,PE-5N,597.094,598.74,SELVA,1.6459999999999582,0.0,0.0,2.0,1.0,1,3,3.0,1.0,1.822600243013412,0.6075334143378041,0.0,0.0,193.2109729869753
3663,PE-5N,638.231,638.95,SELVA,0.7190000000000509,0.0,0.0,0.0,0.0,1,1,1.0,0.0,1.390820584144547,0.0,0.0,0.0,209.8681454607308
3664,PE-5N,637.493,637.494,SELVA,0.0009999999999763531,0.0,0.0,0.0,0.0,0,0,0.0,0.0,0.0,0.0,0.0,0.0,209.90974379744404
3665,PE-5N,637.493,638.231,SELVA,0.7379999999999427,0.0,0.0,1.0,0.0,1,1,2.0,0.0,2.7100271002712133,0.0,0.0,0.0,209.80179612647564
3666,PE-5N,809.077,810.207,SELVA,1.1299999999999955,1.0,1.0,2.0,0.0,1,2,4.0,1.0,3.539823008849572,0.884955752212393,0.0,0.0,109.76487111485014
3667,PE-5N,810.207,811.044,SELVA,0.8369999999999891,0.0,0.0,0.0,0.0,1,1,1.0,0.0,1.1947431302270168,0.0,0.0,0.0,109.01342008931836
3668,PE-5N,858.541,868.84,SELVA,10.298999999999978,1.0,1.0,0.0,0.0,7,16,8.0,1.0,0.7767744441207901,0.09709680551509876,0.0,0.0,80.09722114439178
3669,PE-5N,884.368,885.127,SELVA,0.7589999999999009,1.0,1.0,0.0,0.0,1,1,2.0,1.0,2.635046113307327,1.3175230566536635,0.0,0.0,66.97909592654017
3670,PE-5N,877.43,878.711,SELVA,1.2810000000000628,0.0,0.0,0.0,0.0,1,2,1.0,0.0,0.7806401249023818,0.0,0.0,0.0,69.14278197035982
3671,PE-5N,874.442,877.262,SELVA,2.8199999999999363,0.0,0.0,0.0,0.0,2,4,2.0,0.0,0.7092198581560444,0.0,0.0,0.0,70.58138781640336
3672,PE-5N,878.711,882.04,SELVA,3.328999999999951,0.0,0.0,0.0,0.0,2,5,2.0,0.0,0.6007810153199248,0.0,0.0,0.0,68.60776331292058
3673,PE-5N,873.664,873.667,SELVA,0.0030000000000427463,0.0,0.0,0.0,0.0,0,0,0.0,0.0,0.0,0.0,0.0,0.0,72.46181843752433
3674,PE-5N,883.696,883.934,SELVA,0.2379999999999427,0.0,0.0,0.0,0.0,0,0,0.0,0.0,0.0,0.0,0.0,0.0,67.83493009310273
3675,PE-5N,872.143,873.664,SELVA,1.5209999999999582,0.0,0.0,0.0,0.0,1,2,1.0,0.0,0.6574621959237524,0.0,0.0,0.0,73.2077238327854
3676,PE-5N,882.04,883.696,SELVA,1.6560000000000628,1.0,1.0,0.0,0.0,1,3,2.0,1.0,1.207729468598988,0.603864734299494,0.0,0.0,68.1575654779649
3677,PE-5N,868.84,872.143,SELVA,3.3029999999999973,0.0,0.0,0.0,0.0,2,5,2.0,0.0,0.605510142294884,0.0,0.0,0.0,75.24162134362152
3678,PE-5N,873.667,874.442,SELVA,0.7749999999999773,0.0,0.0,0.0,0.0,1,1,1.0,0.0,1.2903225806451992,0.0,0.0,0.0,72.06529102726269
3679,PE-5N,885.127,900.544,SELVA,15.41700000000003,1.0,1.0,0.0,0.0,11,24,12.0,1.0,0.7783615489394808,0.06486346241162341,0.0,0.0,60.12039485129904
3680,PE-5N,939.364,940.455,SELVA,1.0910000000000082,0.0,0.0,0.0,0.0,1,2,1.0,0.0,0.9165902841429812,0.0,0.0,0.0,23.36751047969689
3681,PE-5N,940.794,942.734,SELVA,1.9400000000000546,2.0,2.0,0.0,0.0,1,3,3.0,2.0,1.5463917525772761,1.0309278350515174,0.0,0.0,24.82526829921805
3682,PE-5N,939.256,939.364,SELVA,0.10800000000006094,0.0,0.0,0.0,0.0,0,0,0.0,0.0,0.0,0.0,0.0,0.0,23.83039164317859
3683,PE-5N,1081.115,1098.97,SELVA,17.855000000000018,28.0,29.0,0.0,0.0,12,28,40.0,29.0,2.240268832259869,1.6241949033884049,0.0,0.0,33.09076911095906
3684,PE-5N,1263.442,1278.222,SELVA,14.779999999999973,1.0,2.0,0.0,0.0,10,23,11.0,2.0,0.7442489851150217,0.1353179972936403,0.0,0.0,9.91957030391752
3685,PE-5N,1255.089,1257.113,SELVA,2.0240000000001146,0.0,0.0,0.0,0.0,1,3,1.0,0.0,0.4940711462450313,0.0,0.0,0.0,1.3129855269979438
3686,PE-5N,1257.113,1258.235,SELVA,1.1219999999998436,0.0,0.0,0.0,0.0,1,2,1.0,0.0,0.8912655971480744,0.0,0.0,0.0,0.9568668252943666
3687,PE-5N,1235.405,1250.236,SELVA,14.831000000000131,0.0,0.0,0.0,0.0,10,23,10.0,0.0,0.6742633672712502,0.0,0.0,0.0,6.002741086509827
3688,PE-5N,1258.235,1263.442,SELVA,5.207000000000107,0.0,0.0,0.0,0.0,4,8,4.0,0.0,0.7681966583445203,0.0,0.0,0.0,1.9065839494534704
3689,PE-5N,1387.129,1388.593,SELVA,1.4640000000001692,2.0,2.0,0.0,0.0,1,2,3.0,2.0,2.0491803278686156,1.366120218579077,0.0,0.0,16.08610593312069
3690,PE-5N,1310.741,1311.856,SELVA,1.115000000000009,0.0,0.0,0.0,0.0,1,2,1.0,0.0,0.8968609865470779,0.0,0.0,0.0,35.62069764434469
3691,PE-5N,1310.546,1310.593,SELVA,0.047000000000025466,0.0,0.0,0.0,0.0,0,0,0.0,0.0,0.0,0.0,0.0,0.0,36.31221685742368
3692,PE-5N,1189.396,1195.117,SELVA,5.721000000000004,0.0,0.0,0.0,0.0,4,9,4.0,0.0,0.6991784653032682,0.0,0.0,0.0,26.262698557551744
3693,PE-5N,1215.146,1235.405,SIERRA,20.259000000000015,0.0,0.0,0.0,0.0,14,31,14.0,0.0,0.6910508909620411,0.0,0.0,0.0,13.08342366307432
3694,PE-5N,1159.301,1164.247,SIERRA,4.94600000000014,0.0,0.0,0.0,0.0,3,8,3.0,0.0,0.6065507480792388,0.0,0.0,0.0,11.701235296204596
3695,PE-5N,1423.443,1425.823,SELVA,2.380000000000109,0.0,0.0,0.0,0.0,2,4,2.0,0.0,0.840336134453743,0.0,0.0,0.0,36.77989192406152
3696,PE-5N,1425.823,1443.674,SELVA,17.850999999999885,2.0,2.0,0.0,0.0,12,28,14.0,2.0,0.7842697888073548,0.11203854125819354,0.0,0.0,42.27580705320496
3697,PE-5N,1410.881,1413.432,SELVA,2.550999999999931,2.0,2.0,0.0,0.0,2,4,4.0,2.0,1.5680125441003954,0.7840062720501977,0.0,0.0,26.322774373760264
3698,PE-5N,1498.14,1539.773,SELVA,41.63299999999981,4.0,5.0,0.0,0.0,29,64,33.0,5.0,0.7926404534864206,0.12009703840703342,0.0,0.0,80.81198470581262
3699,PE-5N,1539.773,1546.057,SELVA,6.2840000000001055,1.0,1.0,0.0,0.0,4,10,5.0,1.0,0.7956715467854736,0.15913430935709472,0.0,0.0,80.37217809990355
3700,PE-5N,946.689,948.708,SELVA,2.0190000000000055,3.0,3.0,0.0,0.0,1,3,4.0,3.0,1.98117880138682,1.485884101040115,0.0,0.0,23.64624813964606
3701,PE-5N,944.431,946.689,SELVA,2.2579999999999245,0.0,0.0,0.0,0.0,2,3,2.0,0.0,0.885739592559817,0.0,0.0,0.0,24.535643138202296
3702,PE-5N,942.734,944.431,SELVA,1.6970000000000027,0.0,0.0,0.0,0.0,1,3,1.0,0.0,0.5892751915144363,0.0,0.0,0.0,25.767962655794225
3703,PE-5N,151.323,153.071,SELVA,1.7479999999999905,0.0,0.0,1.0,0.0,1,3,2.0,0.0,1.1441647597254068,0.0,0.0,0.0,105.96526730732784
3704,PE-5N,40.812,42.008,SELVA,1.196000000000005,0.0,0.0,2.0,0.0,1,2,3.0,0.0,2.5083612040133674,0.0,0.0,0.0,49.23220473055593
3705,PE-5N,1283.808,1284.637,SELVA,0.8289999999999509,0.0,0.0,1.0,0.0,1,1,2.0,0.0,2.412545235223303,0.0,0.0,0.0,19.3611067903245
3706,PE-5SA,89.711,131.636,SELVA,41.925,0.0,0.0,0.0,0.0,0,0,0.0,0.0,0.0,0.0,0.0,0.0,177.46742171234263
3707,PE-14,25.261,28.14,SIERRA,2.8790000000000013,0.0,0.0,2.0,0.0,0,0,2.0,0.0,0.6946856547412292,0.0,0.0,0.0,42.60269117765084
3708,PE-14A,2.543,3.45,SIERRA,0.907,0.0,0.0,0.0,0.0,0,0,0.0,0.0,0.0,0.0,0.0,0.0,40.56002953213077
3709,PE-14A,108.05,133.349,SIERRA,25.298999999999992,0.0,0.0,0.0,0.0,0,0,0.0,0.0,0.0,0.0,0.0,0.0,84.5108743224596
3710,PE-14A,333.889,343.005,SELVA,9.115999999999985,0.0,0.0,0.0,0.0,0,0,0.0,0.0,0.0,0.0,0.0,0.0,104.85840672834104
3711,PE-14A,419.104,423.593,SELVA,4.489000000000033,0.0,0.0,0.0,0.0,0,0,0.0,0.0,0.0,0.0,0.0,0.0,93.1311164989248
3712,PE-3SW,7.101,17.44,SIERRA,10.339000000000002,1.0,1.0,0.0,0.0,0,0,1.0,1.0,0.09672115291614274,0.09672115291614274,0.0,0.0,83.04409225561072
3713,PE-3SW,48.175,62.177,SIERRA,14.002000000000002,1.0,1.0,0.0,0.0,0,0,1.0,1.0,0.0714183688044565,0.0714183688044565,0.0,0.0,66.05220767379596
3714,PE-20A,0.0,5.468,COSTA,5.468,1.0,1.0,0.0,0.0,0,0,1.0,1.0,0.182882223847842,0.182882223847842,0.0,0.0,20.43853876300383
3715,PE-38,173.238,174.607,SIERRA,1.3689999999999998,0.0,0.0,0.0,0.0,0,0,0.0,0.0,0.0,0.0,0.0,0.0,52.27702236679685
3716,PE-1S,239.712,240.41,COSTA,0.6980000000000075,0.0,0.0,3.0,0.0,2,4,5.0,0.0,7.16332378223488,0.0,0.0,0.0,27.51536694410684
3717,PE-20A,18.706,19.829,COSTA,1.123000000000001,1.0,1.0,0.0,0.0,0,0,1.0,1.0,0.89047195013357,0.89047195013357,0.0,0.0,18.36939677502732
3718,PE-3SW,65.661,78.117,SIERRA,12.456000000000003,2.0,2.0,0.0,0.0,0,0,2.0,2.0,0.16056518946692352,0.16056518946692352,0.0,0.0,58.06716159097397
3719,PE-18,187.321,187.529,SIERRA,0.2079999999999984,0.0,0.0,0.0,0.0,0,0,0.0,0.0,0.0,0.0,0.0,0.0,67.82550533017628
3720,PE-5NC,0.0,12.54,SELVA,12.54,2.0,2.0,0.0,0.0,0,0,2.0,2.0,0.1594896331738437,0.1594896331738437,0.0,0.0,11.10687115158608
3721,PE-3SB,29.631,34.615,SIERRA,4.984000000000002,1.0,1.0,0.0,0.0,0,0,1.0,1.0,0.20064205457463877,0.20064205457463877,0.0,0.0,20.004862773826748
3722,PE-34G,18.954,20.189,SIERRA,1.2349999999999994,0.0,0.0,0.0,0.0,0,0,0.0,0.0,0.0,0.0,0.0,0.0,30.34167258545284
3723,PE-32,98.734,103.974,SIERRA,5.240000000000009,0.0,0.0,0.0,0.0,0,0,0.0,0.0,0.0,0.0,0.0,0.0,81.22252447871232
3724,PE-32,103.974,114.963,SIERRA,10.98899999999999,0.0,0.0,0.0,0.0,0,0,0.0,0.0,0.0,0.0,0.0,0.0,87.41258077083938
3725,PE-32,120.222,130.45,SIERRA,10.227999999999994,0.0,0.0,0.0,0.0,0,0,0.0,0.0,0.0,0.0,0.0,0.0,99.46255592865272
3726,PE-32,90.244,93.797,SIERRA,3.5529999999999973,0.0,0.0,0.0,0.0,0,0,0.0,0.0,0.0,0.0,0.0,0.0,76.66611874054351
3727,PE-32,114.963,115.493,SIERRA,0.5300000000000011,0.0,0.0,0.0,0.0,0,0,0.0,0.0,0.0,0.0,0.0,0.0,92.0039472333614
3728,PE-32,93.797,98.734,SIERRA,4.936999999999998,0.0,0.0,0.0,0.0,0,0,0.0,0.0,0.0,0.0,0.0,0.0,78.44267353858392
3729,PE-32,130.45,134.533,SIERRA,4.082999999999998,0.0,0.0,0.0,0.0,0,0,0.0,0.0,0.0,0.0,0.0,0.0,105.18769763804048
3730,PE-32,115.493,120.222,SIERRA,4.728999999999999,0.0,0.0,0.0,0.0,0,0,0.0,0.0,0.0,0.0,0.0,0.0,93.8578955314209
3731,PE-1NR,75.843,77.021,COSTA,1.1779999999999973,0.0,0.0,0.0,0.0,0,0,0.0,0.0,0.0,0.0,0.0,0.0,29.575494178086338
3732,PE-3S,980.762,981.944,SIERRA,1.1820000000000164,0.0,0.0,0.0,0.0,1,1,1.0,0.0,0.8460236886632708,0.0,0.0,0.0,123.9236008663785
3733,PE-3S,981.944,982.692,SIERRA,0.7480000000000473,0.0,0.0,0.0,0.0,0,1,0.0,0.0,0.0,0.0,0.0,0.0,123.17224971678394
3734,PE-18,91.904,93.904,SIERRA,2.0,0.0,0.0,0.0,0.0,0,0,0.0,0.0,0.0,0.0,0.0,0.0,55.52718846746623
3735,PE-18,97.33,95.876,SIERRA,-1.4539999999999935,0.0,0.0,0.0,0.0,0,0,0.0,0.0,-0.0,-0.0,0.0,0.0,57.78485196209606
3736,PE-18,98.575,99.015,SIERRA,0.4399999999999977,0.0,0.0,0.0,0.0,0,0,0.0,0.0,0.0,0.0,0.0,0.0,58.9794692953471
3737,PE-34J,70.571,72.263,SIERRA,1.6920000000000073,0.0,0.0,0.0,0.0,0,0,0.0,0.0,0.0,0.0,0.0,0.0,70.42131479300417
3738,PE-34J,0.0,0.093,SIERRA,0.093,0.0,0.0,14.0,10000100000001.0,0,0,14.0,10000100000001.0,150.53763440860214,107527956989258.06,0.0,0.0,42.85210696085494
3739,PE-34J,60.09,65.523,SIERRA,5.432999999999993,1.0,2.0,1.0,0.0,0,0,2.0,2.0,0.36812074360390257,0.36812074360390257,0.0,0.0,73.70355277739
3740,PE-3N,175.136,180.703,SIERRA,5.567000000000007,1.0,3.0,1.0,0.0,4,7,6.0,3.0,1.0777797736662462,0.5388898868331231,0.0,0.0,23.93810675649215
3741,PE-34H,276.362,301.208,SELVA,24.846000000000004,1.0,1.0,0.0,0.0,0,0,1.0,1.0,0.04024792723174756,0.04024792723174756,0.0,0.0,124.7251965070776
3742,PE-3S,1452.605,1472.092,SIERRA,19.48700000000008,16.0,16.0,2.0,0.0,9,16,27.0,16.0,1.3855390773336014,0.8210601939754675,0.0,0.0,36.76377771058073
3743,PE-3S,1501.592,1511.062,SIERRA,9.4699999999998,9.0,10.0,0.0,0.0,5,8,14.0,10.0,1.4783526927138644,1.0559662090813318,0.0,0.0,17.911026775383814
3744,PE-3S,1364.762,1368.892,SIERRA,4.130000000000109,3.0,3.0,6.0,10.0,2,3,11.0,13.0,2.6634382566585253,3.1476997578691663,0.0,0.0,44.1762413529493
3745,PE-3S,1442.092,1447.666,SIERRA,5.573999999999842,4.0,5.0,0.0,0.0,3,5,7.0,5.0,1.255830642267707,0.8970218873340764,0.0,0.0,26.953556257876794
3746,PE-18D,25.497,33.109,SIERRA,7.612000000000002,0.0,0.0,0.0,0.0,0,0,0.0,0.0,0.0,0.0,0.0,0.0,29.83474294085053
3747,PE-1SD,335.073,338.173,COSTA,3.1000000000000227,1.0,1.0,0.0,0.0,0,0,1.0,1.0,0.322580645161288,0.322580645161288,0.0,0.0,10.187604470645082
3748,PE-3S,1452.605,1512.464,SIERRA,59.858999999999924,1.0,1.0,0.0,0.0,29,49,30.0,1.0,0.5011777677542231,0.016705925591807436,0.0,0.0,19.56848384349208
3749,PE-18A,69.75,70.15,SIERRA,0.4000000000000057,0.0,0.0,1.0,0.0,0,0,1.0,0.0,2.4999999999999645,0.0,0.0,0.0,57.446439564615
